track_id,user_id,track_popularity,track_name,explicit,album_name,artist_name,release_date
003vvx7Niy0yvhvHt4a68B,1e2e44dad56e626f,88,Mr. Brightside,False,Hot Fuss,The Killers,2004
00rXgpDTOBlDLBR56E9VGE,179d97494603457f,0,Anxious Party People,False,"Brownswood Bubblers Twelve, Pt. 2 (Gilles Peterson Presents)",Blood Wine Or Honey,2017-06-30
01K4zKU104LyJ8gMb7227B,1e2e44dad56e626f,71,Nothing New (feat. Phoebe Bridgers) (Taylor’s Version) (From The Vault),False,Red (Taylor's Version),Taylor Swift,2021-11-12
01fNTPDHXR52odJteJy8fb,179d97494603457f,0,Drain This Lord,False,Linear S Decoded,SHXCXCHCXSH,2014-09-09
01zjzsmCRsvCEAE0hlWuC6,1e2e44dad56e626f,0,You Put A Spell On Me,False,You Put A Spell On Me,Austin Giorgio,2023-02-10
02LevtABjz82lKwWSwEXHB,b5540681352e06ac,0,"Schubert: Piano Sonata No. 21 in B-Flat Major, D. 960: I. Molto moderato",False,Schubert: Piano Sonatas Nos. 19 & 21,Franz Schubert,1997-01-01
02NcZ0ugRA786A64bnsnnc,b5540681352e06ac,0,Twisted Transistor,True,Twisted Transistor,Korn,2005-09-27
02VikZ6xToAb48LlMaUOtw,b5540681352e06ac,0,Higher & Higher,True,Higher & Higher,The Blackout,2011-02-13
02sDsqbdFZzgV3FqKlhRkN,179d97494603457f,38,Baa Baa Black Sheep,False,"Sing and Learn, Vol. 1 - A Collection of Nursery Rhymes to Help Little Ones Learn and Develop.",Vicky Arlidge,2011-12-01
02t2kfqtYpPW8718hxnBcV,1e2e44dad56e626f,45,Superheroes,True,Heavy Is The Head,Stormzy,2019-12-13
03Picfq5WafffpdlS3207G,b5540681352e06ac,0,"Concerto for Orchestra, Sz. 116, BB 123: I. Introduzione. Andante non troppo - Allegro vivace",False,"Bartók: Concerto for Orchestra, Violin Rhapsodies & Dance Suite",Béla Bartók,2017-11-03
03lxABKAHwqHekow46QB79,179d97494603457f,0,Squarepusher Theme,False,Elektrac,Shobaleader One,2017-03-10
04GyFGGvAyItrPfeV0HNj2,b5540681352e06ac,0,Eventually,False,Currents,Tame Impala,2015-07-17
04WxWo7XeVyx22xEsrWRUb,179d97494603457f,63,GOD'S COUNTRY,True,UTOPIA,Travis Scott,2023-07-28
04ZTP5KsCypmtCmQg5tH9R,1e2e44dad56e626f,70,I'm a Mess,False,Expectations,Bebe Rexha,2018-06-22
04eUmZNYvn4aPMMxVnshiB,179d97494603457f,0,Above the Clouds,False,"Brownswood Bubblers Twelve, Pt. 2 (Gilles Peterson Presents)",Yisrael Trio,2017-06-30
04hAwr98yuWXu11xY6KHx8,b5540681352e06ac,26,Dumptydum,False,Dumptydum,JAY VANILLA,2022-05-12
053VyrPahH1YF5vd8e7YYp,b5540681352e06ac,0,Symphony No. 2: Allegretto,False,Sibelius: Symphony No. 2,Jean Sibelius,2007-04-10
05MqkhneIhKSPJ76FBSULY,b5540681352e06ac,35,Warm Healer,False,Get To Heaven (Deluxe),Everything Everything,2015-06-22
05kVyNUR9uibHta4jcGTTv,b5540681352e06ac,55,Innerbloom,False,Bloom,RÜFÜS DU SOL,2016-01-22
05lOXZuJyELJT0gS1cdyzj,b5540681352e06ac,0,Alone Together,False,Chet [Keepnews Collection],Chet Baker,1959
05ylwB7GLI1gxjUW6WCymy,b5540681352e06ac,37,Fill My Little World - Edit,False,Fill My Little World,The Feeling,2006-01-01
068LmtzI6xJJDPfPnMje0U,b5540681352e06ac,1,Let It Happen,False,Currents,Tame Impala,2015-07-17
06BD7TeUR6mYbF6cWyzvZt,1e2e44dad56e626f,45,Finders Keepers,False,Finders Keepers,Mabel,2017-03-10
06Dns5XG2H28UcsNtoaXkT,b5540681352e06ac,26,Birds of a Feather (Live at Madison Square Garden),False,Live at Madison Square Garden,Vulfpeck,2019-12-10
06EmfBi4BhMmU4ZWjHjzFJ,179d97494603457f,15,"Picnic On A Frozen River, Deuxieme Tableux",False,Faust IV,Faust,1973-09-21
06gyDqonDde4dTqOpVzWDB,179d97494603457f,35,Affinity,False,How Will I Live Without a Body?,Loma,2024-06-28
06oWajZJZJAujUUDFdZ8sl,179d97494603457f,34,Queen of Them All,False,You're Dreaming,The Cactus Blossoms,2016-01-22
07DCcFCtl4DJa5fPjORTmC,179d97494603457f,16,Somebody to Say Bye Bye To,False,Wolfways,Michael Hurley,1994-09-01
07DuoTCTocHk7y3d8MImks,b5540681352e06ac,37,Moves,False,Moves EP,Cody Currie,2021-02-12
07UFnnK3uPIuKv5Rs9TmXl,1e2e44dad56e626f,76,Orange Juice,False,Stick Season,Noah Kahan,2022-10-14
07kU219JBccVPqVEU2cScA,1e2e44dad56e626f,13,In Kist In,False,Amire Bi Gazand,Mohsen Chavoshi,2022-05-21
07xfab9bcQVO3wVWFNm31w,b5540681352e06ac,0,How I Love,False,Hasta El Cielo,Khruangbin,2019-07-12
084T4btKHdxUaKfmGYtc2r,179d97494603457f,10,Rotation,False,Magnum Opus,1morning,2024-03-29
08RnNeKfjcUK5lxvZClpYf,b5540681352e06ac,17,Need That,False,Starfruit,Moonchild,2022-02-11
08ZuYMwYKdxLrGufv125m0,b5540681352e06ac,0,March To the Sea,False,Twenty One Pilots,Twenty One Pilots,2009-12-29
08afVtiUUBsYUkdCHQJOmy,179d97494603457f,0,Doubted,False,Silvertwin,Silvertwin,2021-07-16
08m0d2k3mK0P2KIvwsVDJs,b5540681352e06ac,31,Zavodovski Island,False,Knee-Deep In the North Sea,Portico Quartet,2007
08tqRiymk2ZG0NngKJxAoi,179d97494603457f,6,You Got Me,False,Saturn to Home,L.B. Dub Corp,2024-05-24
09W79IcE4FvjeZYiIh8slG,b5540681352e06ac,0,House of the Rising Sun,False,RELAXER,alt-J,2017-06-02
09rSXt91Fe1b6ZBjKrbzhL,b5540681352e06ac,39,"Piano Concerto No. 2 in C Minor, Op. 18: II. Adagio sostenuto",False,"Rachmaninoff: Piano Concerto No. 2 in C Minor, Op. 18 & Piano Concerto No. 3 in D Minor, Op. 30",Sergei Rachmaninoff,2017-03-10
09xi7Z0uUwEzwcN7pFMvhq,b5540681352e06ac,13,Symphony No. 10: I. Adagio,False,Mahler: Symphony No. 10,Gustav Mahler,2021-02-12
0A7lfPy7F0a9pXnDIL18FW,b5540681352e06ac,0,"Uptown, Downtown",False,"Uptown, Downtown",Bill Charlap Trio,2017-09-08
0AAZ0rhfw3fjlBh26wxe46,b5540681352e06ac,16,City Street Rhapsody,False,City Street Rhapsody,Ibrahim,2019-06-02
0AcuDPPPoADugi1CSymZx0,179d97494603457f,0,Song for Charlie,False,On The Go (Special Edition),Matthew Halsall,2011-10-18
0AxZUYeQ9bZwSdt1LmZuok,b5540681352e06ac,68,Heaven or Las Vegas,False,Heaven or Las Vegas,Cocteau Twins,1990-09-17
0BBpFwknocf5z2ydAkTjDd,b5540681352e06ac,25,Redder Than The Moon,False,SVMMER SVN vol. 6,John Looke,2018-08-11
0BKUPqnHDb7ZnXQeojF6v0,b5540681352e06ac,29,Open,False,GoGo Penguin,GoGo Penguin,2020-06-12
0BfcfdZd85CmmkE5pdbUdE,b5540681352e06ac,33,Sea of Nothing,False,The End Of Comedy,Drugdealer,2016-09-09
0BiqmkasE5FdrChwKfVp8X,1e2e44dad56e626f,66,Bigger Than The Whole Sky,False,Midnights (3am Edition),Taylor Swift,2022-10-22
0BivJWcGfdlhzmB9U469ON,179d97494603457f,0,LDWGWTT,False,STRGTHS,SHXCXCHCXSH,2013-07-15
0C1RaT1eyqvoeqskbaTg3E,1e2e44dad56e626f,0,The Secret History,False,Kerry Muzzey: The Architect,The Chamber Orchestra Of London,2014-08-26
0CNLQeNjJQfyUeuAyTgqcu,179d97494603457f,0,Sea Legs,False,Wincing The Night Away,The Shins,2007-01-23
0CaBBQsaAiRHhiLmzi7ZRp,179d97494603457f,56,Two Of Us - Remastered 2009,False,Let It Be (Remastered),The Beatles,1970-05-08
0CnxOS5PGDlPK6UJaluVVC,b5540681352e06ac,8,"Piano Sonata No. 15 in F Major, K. 533/K. 494: II. Andante, K. 533/2",False,Mozart: The Piano Sonatas,Wolfgang Amadeus Mozart,2001-01-01
0CokSRCu5hZgPxcZBaEzVE,1e2e44dad56e626f,76,Glorious (feat. Skylar Grey),True,GEMINI,Macklemore,2017-09-22
0CtQMil54kzybZVGAFAZ0S,b5540681352e06ac,35,Jennifer,False,Raw Data Feel,Everything Everything,2022-05-20
0DBEfSktiApw6NoTpH1Sjc,179d97494603457f,0,Cousin Mary,False,Giant Steps (Deluxe Edition),John Coltrane,1960
0DNJj91kvOUXQrgQj7wosE,1e2e44dad56e626f,60,Free Now - Live From Vevo,False,The Secret of Us (Deluxe),Gracie Abrams,2024-10-18
0E8q2Fx2XuzXCO2NSAppkR,b5540681352e06ac,67,In A Sentimental Mood,False,Duke Ellington & John Coltrane,Duke Ellington,1963-02
0EgLxY52mpGsXETyEsgVlP,1e2e44dad56e626f,69,HOPE,False,HOPE,NF,2023-04-07
0EljLyxvgTEnD2YF6XuCDR,b5540681352e06ac,32,Waveforms,False,Django Django,Django Django,2012-01-30
0FDBt1y6Vox3Xbihr0ZDiB,179d97494603457f,15,Beggar,False,Peasant,Richard Dawson,2017
0FQcRQEGbJjNny5G0A2hle,179d97494603457f,38,Observatory Crest,False,Blue Jeans And Moonbeams,Captain Beefheart & His Magic Band,1974-01-01
0Fagww7DNFNPpHj1uxtkNx,b5540681352e06ac,0,Wayward,False,Lookaftering,Vashti Bunyan,2005-10-16
0FeCO85RKW8fDRytwXof2x,b5540681352e06ac,2,Go Your Own Way,False,Rumours,Fleetwood Mac,1977-02-04
0Fh4miKUan3gp1sjhNlRez,179d97494603457f,16,Selectallcopy,False,PUSSY'S DEAD,Autolux,2016-04-01
0Fs9cdPDhptWEDJmiCbkEW,1e2e44dad56e626f,73,She Knows (feat. Amber Coffman & Cults),True,Born Sinner (Deluxe Version),J. Cole,2013-06-18
0FujKlrcfwpwL6Ct6LWzhJ,b5540681352e06ac,40,Can You Tell,False,Clarity of Cal,Vulfpeck,2025-03-04
0FxlJF7fMJLyOEQfpuB3dv,179d97494603457f,2,Veneta,False,Sopro EP,Nørbak,2024-04-19
0G3r1WTrhjXZD7cmEQiEyl,b5540681352e06ac,25,Torso Of The Week,False,Arc (Deluxe),Everything Everything,2013-01-14
0GExhcihMVjrKsad725W62,b5540681352e06ac,0,If You Could See Me Now,False,Chet [Keepnews Collection],Chet Baker,1959
0GTzR6GgyRIF9nIyMDV0ke,1e2e44dad56e626f,68,The Underworld,False,EPIC: The Underworld Saga (Official Concept Album),Jorge Rivera-Herrans,2024-04-26
0IK8y0vAO0sM630HsxwLht,1e2e44dad56e626f,0,Middle Finger,True,Middle Finger - Single,Bohnes,2015-12-14
0IQ2wNbgTMGCVh2R0RYtY4,b5540681352e06ac,30,"Cello Concerto in B Minor, Op. 104, B. 191: I. Allegro",False,Dvořák: Cello Concerto,Antonín Dvořák,2020-08-07
0Ic9ROvLn2af743GSOtZIA,179d97494603457f,30,Router,False,You & I / Router,Pangaea,2008-11-03
0IdwfnHFfyb7zc7GFs75QQ,1e2e44dad56e626f,73,Hammer to the Heart,False,I've Tried Everything But Therapy (Part 1.5),Teddy Swims,2024-04-26
0J9G8MIixgpRmMzS1Xub89,b5540681352e06ac,0,Sunflower Dance,False,Sunflower Dance,Green-House,2021-02-23
0JAQ2U5NcAocQULq7Vkr5V,179d97494603457f,0,insect fear,False,void beats/invocation trex,Cavern of Anti-Matter,2016-02-19
0JETb0hxBZYZIU2DzrQEGx,179d97494603457f,51,Hickory Dickory Dock,False,Top 50 Nursery Rhymes,Nursery Rhymes 123,2021-01-01
0JFVTNQpP6PSpPFSjnacEq,b5540681352e06ac,31,Impressions in F Major,False,Impressions For Headphones,Brian Green,2019-06-19
0JcjupySdUvwYNV7DDkbwU,b5540681352e06ac,36,Rango II,False,Thrill of the Arts,Vulfpeck,2015-10-09
0Jlcvv8IykzHaSmj49uNW8,1e2e44dad56e626f,78,the 1,True,folklore,Taylor Swift,2020-07-24
0Jq7igSKyTZxkvLoqr0bsX,1e2e44dad56e626f,47,I Only Date Cowboys,False,I Only Date Cowboys,Kylie Morgan,2021-05-28
0JuXNcbA4jqJgDzIO90f1D,b5540681352e06ac,37,Dream Puppy,False,Marshmallow,The Sweet Enoughs,2020-08-05
0KIPa0YuQ5QFmlAqRyXNd9,b5540681352e06ac,58,At the River,False,Vertigo,Groove Armada,2000-02-22
0KRYCBwIpWYFNrXOmXbyUh,1e2e44dad56e626f,69,cardigan,False,folklore (deluxe version),Taylor Swift,2020-08-18
0Kara2MMQvv32k9fD4lQmW,1e2e44dad56e626f,26,Dorost Nemisham,False,Dorost Nemisham,Sirvan Khosravi,2019-05-06
0KsB4TwgATg88aXCMBoO3Y,1e2e44dad56e626f,53,Breathe,False,Breathe,Jax Jones,2017-12-01
0KyGPV5Bhks4841B8G9NKL,b5540681352e06ac,0,"Symphony No. 1 in D Minor, Op. 13: III. Larghetto",False,Rachmaninov: Symphony No. 1 - Balakirev: Tamara,Sergei Rachmaninoff,2016-09-09
0L1IszgjzIZRBENyHJTQms,1e2e44dad56e626f,0,Dear Society,False,Dear Society,Madison Beer,2019-05-17
0L1jwnl5h6xZ7YUzuUTSQq,b5540681352e06ac,3,"Morceau de concert for horn and piano, op. 94",False,Saint-Saens Chamber Music,Banff Camerata,1995
0L3oQdYUvVbsOOPJSkZ3C3,1e2e44dad56e626f,70,Would That I,False,"Wasteland, Baby!",Hozier,2019-03-01
0LF5bGyZAitur0ZfwGcReK,179d97494603457f,36,Jah War - Loefah Remix,False,Jah War,The Bug,2007-04-30
0LGYtqcOsQGrJLxLRVZunV,179d97494603457f,5,Let Them Bleed,False,Againstnature,Regis,2000
0Ln5tJyLX5qusquBOtq7wf,b5540681352e06ac,67,Fire,False,West Ryder Pauper Lunatic Asylum,Kasabian,2009
0LpHC9mhPAQC98IjXZIrif,1e2e44dad56e626f,67,The Election of 1800,True,Hamilton (Original Broadway Cast Recording),Daveed Diggs,2015-09-25
0MIrpAT67n59NKusHZHDs8,179d97494603457f,14,Cactus,False,Cactus / Porcupine,Objekt,2012-02-13
0MMyJUC3WNnFS1lit5pTjk,1e2e44dad56e626f,80,"jealousy, jealousy",False,SOUR,Olivia Rodrigo,2021-05-21
0MSL3d2PRdHvGvJGpCUIWG,b5540681352e06ac,18,Can't Be Wrong,False,Don't Forget to Look Up,Maverick Sabre,2022-01-28
0MUZgqDmLtFaXVJyZYK5ml,179d97494603457f,34,Lumberjack Song,False,Monty Python Sings,Monty Python,1989-01-01
0MpTUsBkdutNvrlROJgZ9X,b5540681352e06ac,0,20/20 Vision,False,Under New M.G.M.T.,Double Portion,2006-04-18
0MqhXAFU5rnOtskcRkllYG,b5540681352e06ac,55,Just Tonight,False,Light Me Up,The Pretty Reckless,2010-01-01
0MrIO18PSVoYEeXWrHpKsB,b5540681352e06ac,0,Clipper,False,Isla,Portico Quartet,2009
0MsrWnxQZxPAcov7c74sSo,b5540681352e06ac,72,Holiday / Boulevard of Broken Dreams,True,American Idiot,Green Day,2004-09-21
0NC2ou5CZKf7qfKXfKLC6E,b5540681352e06ac,23,Steps in the Wrong Direction,False,Knee-Deep In the North Sea,Portico Quartet,2007
0NDBhXwLxahccS8iTeN8zX,179d97494603457f,0,Vortrack - Fracture Remix,False,Vortrack,Squarepusher,2019-11-20
0NLvWEG2HR5dlxweMSRRHk,b5540681352e06ac,0,Home,False,v2.0,GoGo Penguin,2014-03-17
0NNCkIadCP6VnV7LeGL1zx,b5540681352e06ac,66,Natural Blues,False,Play,Moby,1999-05-17
0NNgY2gc1TUwBQoVp98Fxw,b5540681352e06ac,0,Venus As A Boy,False,Debut,Björk,1993-07-05
0NWDIJCR2vOYJN8ipD8Ktb,179d97494603457f,0,Some Velvet Morning,False,Nancy & Lee,Nancy Sinatra,1968-01-01
0Nf53RDPZEjFrQE4B5n6Vf,1e2e44dad56e626f,60,Yellow Flicker Beat,False,Yellow Flicker Beat (From The Hunger Games: Mockingjay Part 1),Lorde,2014-09-30
0NlGoUyOJSuSHmngoibVAs,1e2e44dad56e626f,79,All I Want,False,In A Perfect World (Expanded Edition),Kodaline,2013-06-17
0NtP22bOIK95r6NqsaxpoW,b5540681352e06ac,33,Kiss Me,False,Teenage dirtbag,New Found Glory,2007-01-01
0O45fw2L5vsWpdsOdXwNAR,1e2e44dad56e626f,84,SexyBack (feat. Timbaland),True,FutureSex/LoveSounds,Justin Timberlake,2006-09-12
0OEe83mMZ5kaNw5uZQ7ilG,179d97494603457f,59,DELRESTO (ECHOES) (feat. Beyoncé),False,UTOPIA,Travis Scott,2023-07-28
0OJtYfqiz0Xn53o2TnySQC,b5540681352e06ac,49,All Rise,False,Best Of Blue,Blue,2004-01-01
0Oa3lYsXx2DVffzJA5Lant,b5540681352e06ac,0,Anthem,False,Broadcast To The World,zebrahead,2006-06-30
0Ou9ZGEhuxJwu5SbEp2XQp,b5540681352e06ac,44,Spring / Sun / Winter / Dread,False,Get To Heaven (Deluxe),Everything Everything,2015-06-22
0OuWqUc4c2RIMzRauqMjEa,179d97494603457f,17,Pulse,False,Master-View,Hexstatic,2004-10-11
0P09TBGSKiQwfUsEh1UafT,1e2e44dad56e626f,66,The World Was Wide Enough,False,Hamilton (Original Broadway Cast Recording),Leslie Odom Jr.,2015-09-25
0P0SL44GJsBBNEHav9Es69,b5540681352e06ac,46,Magnus Smiles on Suran,False,The Elder Scrolls Online: Morrowind (Original Game Soundtrack),Brad Derrick,2017-06-07
0P3TUNfXfhdJ4rgdZAUL6i,b5540681352e06ac,13,"Má vlast, JB 1:112: No. 2, Vltava (My Country: Moldau)",False,Smetana: Ma Vlast (My Country),Bedřich Smetana,1994-08-05
0P49pJa288tm8gKbFcofn9,179d97494603457f,0,Streets of London,False,Spiral Staircase (Expanded Edition),Ralph McTell,1969-01-01
0PVplC5P6JJXzEKfIoNTRo,b5540681352e06ac,48,East Jesus Nowhere,False,21st Century Breakdown,Green Day,2009-05-15
0PWgAyoxsjwGRuFSO0fyya,1e2e44dad56e626f,59,Better Than Revenge,False,Speak Now,Taylor Swift,2010-10-25
0PXukVbYpvz40KcEFKnIw7,1e2e44dad56e626f,59,Don't Rush (feat. Headie One),True,Don't Rush (feat. Headie One),Young T & Bugsey,2019-11-07
0PfR5qCmwobwbpXL3vaqPm,179d97494603457f,36,Changes,False,Forgive / Changes,Mala,2007-04-18
0PwXV0R46EVbhtDEy88rel,179d97494603457f,0,hi-hats bring the hiss,False,void beats/invocation trex,Cavern of Anti-Matter,2016-02-19
0Pzp03HQh9ZKE6pdSj9E5O,b5540681352e06ac,0,"Les Jeux d'eaux a la Villa d'Este, S. 163",False,Franz Liszt: Volume 2,Franz Liszt,2013-10-01
0QJRDx111g3E2GfM24DMyo,1e2e44dad56e626f,46,Addicts (feat. M Huncho),True,Rise Above Hate,Unknown T,2020-07-17
0QLMAhZQACGtzi11XZVa6A,b5540681352e06ac,39,Lonely Town,False,Hill Climber,Vulfpeck,2018-12-07
0QfSHBFRGzaLPgOtVYblwR,b5540681352e06ac,0,One Percent,False,v2.0,GoGo Penguin,2014-03-17
0QhRc9zvsoJ08eqGiRSu38,179d97494603457f,47,Desert Raven,False,Gentle Spirit,Jonathan Wilson,2011-08-15
0Qi34BBn3NDAKIIPIWgYIK,179d97494603457f,17,Forgotten,False,Too Many Voices,Andy Stott,2016-04-22
0Qrt6EQXx2bQi9Wynh11ko,b5540681352e06ac,18,Takes Two,False,Starfruit,Moonchild,2022-02-11
0RGl41NWoxw8fuLW59fAoK,179d97494603457f,0,Marie,False,Future Bubblers 1.0,Yazmin Lacey,2017-09-22
0RP1kqoSPkVXsKiQNhMKzV,1e2e44dad56e626f,62,mad woman,True,folklore (deluxe version),Taylor Swift,2020-08-18
0RgOmbkC68Wxfbjx3hygOj,179d97494603457f,6,On Deck,False,Triangulation,Scuba,2010-03-22
0RuXrsmx1077S5Hx1IKZxn,179d97494603457f,38,Black Willow,False,Loma,Loma,2018-02-16
0RugU5bYGxPYubvJ3afVH2,179d97494603457f,22,Blood on My Hands - Ricardo Villalobos' Apocalypse Now Mix,False,Soundboy Punishments,Shackleton,2007-05-14
0RuvfeEVkmCo92saAi7xkX,b5540681352e06ac,45,Yellowish,False,Yellowish,Oskar Hahn,2022-09-02
0S3Xzok52SyjsZ8f0gQWGl,179d97494603457f,11,So You Think You're Special,False,Triangulation,Scuba,2010-03-22
0SAIqhSqlXLRwB1AsIcSRK,b5540681352e06ac,0,I Don't Care (This Is Why We Can't Have Nice Things) [L' Amour La Morgue Remix],False,I Don't Care [This Is Why We Can't Have Nice Things],The Blackout,2009-11-13
0SFZAQnxM6KBBNi8Y7YflZ,1e2e44dad56e626f,0,No Role Modelz - Live,True,"Forest Hills Drive: Live from Fayetteville, NC",J. Cole,2016-01-28
0SFq19lgG4qbQAZaNZ3xhO,b5540681352e06ac,66,Movement,False,"Wasteland, Baby!",Hozier,2019-03-01
0SICYfbpminUfzCBrcVl6C,b5540681352e06ac,0,"Trio for Violin, Horn and Piano in E-Flat Major, Op. 40: III. Adagio mesto",False,"Schumann, R.: Adagio and Allegro / Brahms, J.: Trio for Violin, Horn and Piano, Op. 40 / Ligeti, G.: Hommage A Brahms",Johannes Brahms,2002-01-01
0SRQbTOCIcYXToQRXwywTx,b5540681352e06ac,0,Cittàgazze,False,Knee-Deep In the North Sea,Portico Quartet,2007
0SUQhkIfINqPaQKTfRsYV3,b5540681352e06ac,12,December,False,Music For Home,Brian Green,2021-09-30
0SVCK2xBKoAJSnhaQi4wt0,179d97494603457f,34,Give Back What You Stole from Me,False,Oscar Jerome,Oscar Jerome,2016-11-02
0SVPjJZGZgPhNm1FIG5LfJ,b5540681352e06ac,0,Autumn In New York,False,Born to Be Blue,Chet Baker,2014-08-18
0SdaDrc6bGmvKOCvI11bUX,b5540681352e06ac,0,Hidden,False,Lookaftering,Vashti Bunyan,2005-10-16
0SjhCnjTT2bXD9RtU8bFT9,b5540681352e06ac,3,Last Resort,True,Infest,Papa Roach,2000-01-01
0Sr1pAiAQ9vbwHbWApCbyL,b5540681352e06ac,30,Glimmerings,False,Everything Is Going to Be OK,GoGo Penguin,2023-04-14
0SxrRiPi9jqOhISdjBelfU,179d97494603457f,35,Hubble,False,LAGEOS,Actress,2018-05-25
0T8MbOuwfHDzYtsLNhFDuI,179d97494603457f,10,Mind Rain,False,Voids,Martyn,2018-06-22
0TK2YIli7K1leLovkQiNik,1e2e44dad56e626f,80,Señorita,False,Señorita,Shawn Mendes,2019-06-21
0TbP1ASV5mBpwpME75LWRA,1e2e44dad56e626f,0,Carry You,False,Carry You,Ruelle,2018-03-30
0UBLEd9ZGmHMWOeQOYnmxA,179d97494603457f,5,Gwithian,False,Lover's Acid,Luke Vibert,2005-04-04
0UJAH9v2PmS7sBcuBquprR,1e2e44dad56e626f,62,Oxytocin,False,Happier Than Ever,Billie Eilish,2021-07-30
0UPuRLrMt4nIUY3RQOFPKw,b5540681352e06ac,0,Karma Flavoured Whisky,False,Broadcast To The World,zebrahead,2006-06-30
0UXssvsFoPDaNwKJ7UTt4v,179d97494603457f,1,OOUOOUOO,False,OUFOUFOF,SHXCXCHCXSH,2018-11-12
0UcEomvOXjRN6q9KFuqo5q,b5540681352e06ac,0,Adeline,False,RELAXER,alt-J,2017-06-02
0VCBoaKWRtAUAOHdBdqEQX,179d97494603457f,39,Desire - 1997 Remaster,False,Spirit of Eden,Talk Talk,1988
0VE4kBnHJUgtMf0dy6DRmW,1e2e44dad56e626f,80,Getaway Car,False,reputation,Taylor Swift,2017-11-10
0VHaNCgL5LBVD2Dk7NgNH0,b5540681352e06ac,0,Kevin’s Car,False,Raw Data Feel,Everything Everything,2022-05-20
0VLascXUZ2Ze2u5kUD5J1f,b5540681352e06ac,60,I Giorni,False,Islands - Essential Einaudi,Ludovico Einaudi,2011-01-01
0VMGkTgqqW2QRhjLPFqLVv,b5540681352e06ac,0,Alibi,False,This Is War,Thirty Seconds To Mars,2009-01-01
0VQIe8EGRYwWdv9Fpp8isp,b5540681352e06ac,1,"Der Rosenkavalier Suite, Op. 59",False,"Strauss: Der Rosenkavalier Suite, Op. 59 & Don Juan, Op.20",Richard Strauss,1970
0VV39GuTsAxpxaiK7l27qO,1e2e44dad56e626f,37,Love Is A Gamble (feat. Kida Kudz),True,Love Is A Gamble,Sneakbo,2020-02-20
0VjIjW4GlUZAMYd2vXMi3b,1e2e44dad56e626f,89,Blinding Lights,False,After Hours,The Weeknd,2020-03-20
0W0kTizwjnRySdvlzxW2To,b5540681352e06ac,3,Edgewood Ave - Radio Edit,False,Edgewood Ave (Radio Edit),Byron the Aquarius,2020-10-01
0WbMK4wrZ1wFSty9F7FCgu,1e2e44dad56e626f,89,"Good Luck, Babe!",False,"Good Luck, Babe!",Chappell Roan,2024-04-05
0WprcCQhZuJBU2KR1h8tRh,b5540681352e06ac,50,Cold Reactor,False,Mountainhead,Everything Everything,2024-03-01
0WtM2NBVQNNJLh6scP13H8,1e2e44dad56e626f,80,Calm Down (with Selena Gomez),False,Calm Down (with Selena Gomez),Rema,2022-08-25
0X5DcGkbxCXSadgj01ZXd7,179d97494603457f,55,Autumn Leaves,False,Somethin' Else (Rudy Van Gelder Edition),Cannonball Adderley,1958
0XBnt94e5M8RKWVTIDWhNn,1e2e44dad56e626f,37,TNT,True,Utopia,M Huncho,2019-04-12
0XQoOGwbUn930qZGji0885,b5540681352e06ac,27,In My Mind,False,Nausea,drkmnd,2018-04-30
0Xg22ccqdI2lvW7KWj4501,b5540681352e06ac,30,"Piano Concerto No. 1 in C Major, Op. 15: II. Largo",False,Beethoven: Piano Concertos No.1 & 2,Ludwig van Beethoven,1992-01-01
0XiHcuUEf1wmvmX1cOaVR9,b5540681352e06ac,44,Eyesdown,False,Black Sands,Bonobo,2010-03-29
0Y2ZA879AsMkURP283OZ81,b5540681352e06ac,20,Distant Past,False,Distant Past,Everything Everything,2015-02-18
0Y68ITZG1KQigFVAAn7AON,1e2e44dad56e626f,56,"No Light, No Light",False,Ceremonials (Original Deluxe Version),Florence + The Machine,2011-01-01
0YEC3pNS0uIKvZb5u4lgsu,179d97494603457f,63,The Humpty Dance,False,Sex Packets,Digital Underground,1990-03-26
0YT1UVqGD6wAWaTVRo0bGY,1e2e44dad56e626f,40,Religion,False,Remember To Remember Me,Isak Danielson,2020-04-17
0YTVrUDzmQ5IXGCzeEQtax,b5540681352e06ac,19,Birkelunden,False,Tape 1,Felbm,2018-09-21
0Ya7lMXJGmETT1G3bW0uX2,b5540681352e06ac,22,So Lovely,False,From Here I See,Ben Wolfe,2013
0YeDG5HnKnG7jpArkzsSPa,1e2e44dad56e626f,61,hoax,False,folklore (deluxe version),Taylor Swift,2020-08-18
0YgHSX0oeYYC6akEQXR47R,179d97494603457f,24,Cone Of Light,False,The Almighty Defenders,The Almighty Defenders,2009-09-22
0YiDxmm6okniPsOS3lDPrM,179d97494603457f,4,Sopro,False,Sopro EP,Nørbak,2024-04-19
0YsMRoZD1nJVwlbIZme23I,b5540681352e06ac,42,Enter the Mirror,False,Mountainhead,Everything Everything,2024-03-01
0ZFzhR4oNOhmAyFnu68Jkj,b5540681352e06ac,18,All In Your Hands,False,The Moment (Digital Deluxe),Framing Hanley,2008
0ZPMI8Gnz7p6omBBIOwiO9,1e2e44dad56e626f,55,A Little Wicked,False,A Little Wicked,Valerie Broussard,2016-02-16
0a4SMs889NwP8oWI7Vemle,179d97494603457f,62,LOOOVE (feat. Kid Cudi),True,UTOPIA,Travis Scott,2023-07-28
0aP5ZTP3o3IvqNvGZ8OUUq,179d97494603457f,0,Oh Comely,False,In the Aeroplane Over the Sea,Neutral Milk Hotel,1998-02-20
0aV5uARAknQgYhBaK944FP,1e2e44dad56e626f,65,"Would've, Could've, Should've",False,Midnights (3am Edition),Taylor Swift,2022-10-22
0aWMVrwxPNYkKmFthzmpRi,b5540681352e06ac,66,Blue in Green (feat. John Coltrane & Bill Evans),False,Kind Of Blue (Legacy Edition),Miles Davis,1959-08-17
0aYs1Y68RDBKZAWu6Kz66P,179d97494603457f,14,The Spectacular Commodity,False,The Ascension,Glenn Branca,2010-03-02
0b7B42MUMSywoNjY43dkD3,b5540681352e06ac,0,When You Are Near,False,At the Edge of the World,Aaron Goldberg,2018-11-16
0bD1RgTZYVdLkK6AzwBJkB,179d97494603457f,0,Pops,False,MY WOMAN,Angel Olsen,2016-09-02
0bPREZOF43e3EIu0zdfLBp,1e2e44dad56e626f,49,Immigrants (We Get The Job Done),True,The Hamilton Mixtape,K'NAAN,2016-12-02
0bTdAmgiDy4lG9DfhE7y00,179d97494603457f,34,Give It One,False,The Essential Maynard Ferguson,Maynard Ferguson,2007-05-21
0bkV1iQHSxBaksUqgEkcbc,179d97494603457f,67,SKITZO (feat. Young Thug),True,UTOPIA,Travis Scott,2023-07-28
0bmcOTo6qQAtKIHhMbMWvV,1e2e44dad56e626f,0,That Girl,True,That Girl,Emei,2022-07-13
0cBPuDA3xUjR4Vh9o7CKy8,1e2e44dad56e626f,5,Home,False,Up From Below,Edward Sharpe & The Magnetic Zeros,2009-07-12
0cQVqPuHQP4KEwc7ZUQmj6,b5540681352e06ac,69,Sweater Weather,False,I Love You.,The Neighbourhood,2013-04-19
0cR0cmrYWBdaliVRZ8MBcY,179d97494603457f,19,Hell Frozen Over,False,Kinematic Optics EP,Polar Inertia,2015-11-11
0caJ2wkqp4UmXBwdR2JvB5,1e2e44dad56e626f,68,Dial Drunk,True,Stick Season (We'll All Be Here Forever),Noah Kahan,2023-06-09
0ciZ2Dma8yRj5YIHkNGASq,b5540681352e06ac,0,Tin (The Manhole),False,Man Alive,Everything Everything,2010-01-01
0d4NBMK3F5RSJh5a6LrPaP,1e2e44dad56e626f,56,Empty Bench,False,20 Years From Now,David Kushner,2025-02-14
0dGqP4VickYjtIaB5VOt4H,1e2e44dad56e626f,75,3:15 (Breathe),True,3:15 (Breathe),Russ,2021-05-21
0ddfrLhvprL5WYQlGFCRYi,179d97494603457f,13,In The Thick of It,False,Nothing Special,Will Sheff,2022-10-07
0e1mUAXE8jSG9ExAS4AWU7,179d97494603457f,58,Shake My Sillies Out,False,More Singable Songs,Raffi,1977
0eFQWVz0qIxDOvhLpZ40P7,1e2e44dad56e626f,65,the lakes - bonus track,False,folklore (deluxe version),Taylor Swift,2020-08-18
0eeLGjph1eAJqtx8zKSBCA,b5540681352e06ac,0,Too Many Cooks,False,Knee-Deep In the North Sea,Portico Quartet,2007
0enK5We0ORIgRBHfdMT0Cn,179d97494603457f,21,Touch Absence,False,Whities 011,Lanark Artefax,2017-06-09
0eugKJixMtu4RxjfQawAzw,179d97494603457f,10,Hypnotica Scale,False,WHERE NEXT ?,Sandwell District,2024-02-23
0fKrVwCjKMi8idLyJKf7AY,b5540681352e06ac,0,"Symphony No.9 In E Minor, Op.95, B. 178: 1. Adagio - Allegro molto",False,Dvorák: Symphony No.9 / Smetana: The Moldau / Liszt: Les Préludes,Antonín Dvořák,2001-01-01
0g4fMVo4JjwnIpTfFfLdxS,1e2e44dad56e626f,68,Cassandra,True,THE TORTURED POETS DEPARTMENT: THE ANTHOLOGY,Taylor Swift,2024-04-19
0ggtOtlelbjiOavXz4HHHx,b5540681352e06ac,34,Bad Friday,False,Raw Data Feel,Everything Everything,2022-05-20
0gthKFDdPUpoyIjTDfBWrD,b5540681352e06ac,0,"Till Eulenspiegels lustige Streiche, Op. 28, TrV 171",False,"Strauss, R.: Also sprach Zarathustra; Till Eulenspiegel; Don Juan; Salome's Dance Of The Seven Veils",Richard Strauss,1995-01-01
0h6uQkXwFqmbRuIGIi7aZI,179d97494603457f,0,Wee (Allen's Alley),False,La Ballade De Stan,Stan Getz,1990-11-20
0hL9gOw6XBWsygEUcVjxEc,179d97494603457f,67,HYAENA,True,UTOPIA,Travis Scott,2023-07-28
0hNVjU6JKydHts0SAjHCno,179d97494603457f,0,One Of These Things First,False,Bryter Layter,Nick Drake,1970-03-06
0hQwKOW1OVboQTIGqwQqyz,b5540681352e06ac,0,Symphony No. 1 in D: 2. Kräftig bewegt,False,Mahler: Symphony No. 1 (Classic FM: The Full Works),Gustav Mahler,2014-01-01
0haPywvTM84E0q1UZFEvrp,b5540681352e06ac,0,"Piano Concerto No. 3 in C Minor, Op. 37: II. Largo",False,Beethoven: Piano Concerto No. 3 & Mass in C Major,Ludwig van Beethoven,2015-11-13
0hc6NkF8lv69qET3jP7Dph,179d97494603457f,29,Blindness,False,Fall Heads Roll,The Fall,2005-10-03
0hhnLEdadg6frjKDMEB0XJ,b5540681352e06ac,12,Sunny Weather,False,Atomic,Lit,2001-10-15
0hhzNPE68LWLfgZwdpxVdR,1e2e44dad56e626f,75,us. (feat. Taylor Swift),True,The Secret of Us,Gracie Abrams,2024-06-21
0hkJOnhsOu76pUcdCjQujW,179d97494603457f,17,The Portland Water,False,Wolfways,Michael Hurley,1994-09-01
0hquQWY3xvYqN4qtiquniF,1e2e44dad56e626f,71,Vegas (From the Original Motion Picture Soundtrack ELVIS),True,Vegas (From the Original Motion Picture Soundtrack ELVIS),Doja Cat,2022-05-06
0hyYb2xzVJ5TO7Pl7wWSd1,1e2e44dad56e626f,34,Broken Bottles,True,Utopia,M Huncho,2019-04-12
0i19MAZbyn8uTir7FprXId,179d97494603457f,58,Oh! Sweet Nuthin' - 2015 Remaster,False,Loaded: Re-Loaded 45th Anniversary Edition,The Velvet Underground,1970
0i7jazn1Rtp51KPM4iSs6z,b5540681352e06ac,40,Nightrider,True,Nightrider,Tom Misch,2020-04-16
0iN9eBwfUQhFJqmQhfOPg2,1e2e44dad56e626f,37,Havaye Zemzemehayat,False,Havaye Zemzemehayat,Homayoun Shajarian,2021-04-13
0ivHDucXMbjTjiU4lMIkBO,179d97494603457f,51,Coney Island Baby,False,Coney Island Baby,Lou Reed,1976-01-19
0jWtNsftT5AefufDf4pKk4,b5540681352e06ac,11,Greatest You Can Find,False,Nolita,Keren Ann,2004-10-17
0jllH0usRFD4LJkJnGK9Lf,1e2e44dad56e626f,0,Complicated,False,Complicated,Olivia O'Brien,2015-08-09
0juVfE7xdf74GGDWFHtwg5,b5540681352e06ac,0,Ignite,False,Phoenix,zebrahead,2008-08-01
0jvo9CjnbR0lYUDTSNTMiu,1e2e44dad56e626f,60,Bejeweled,False,Midnights (3am Edition),Taylor Swift,2022-10-22
0kHXwmkGd6IlCNJH6cGmWw,b5540681352e06ac,1,Sugar,True,System Of A Down,System Of A Down,1998-06-29
0kOuIhm72NPDp1Z422RPND,b5540681352e06ac,0,"Symphony No. 5 in E-flat Major, Op. 82: III. Allegro molto",False,Sibelius: Symphonies Nos 1 - 7 Kullervo / Pohjola's Daughter / The Oceanides,Jean Sibelius,2016-10-14
0kewjdlSTKlF1GbBiXbfVc,b5540681352e06ac,29,Spirales,False,San,Deuter,1985-01-01
0kobL3hZub6H7oP9lzlXa8,179d97494603457f,36,Change Your Ways or Die,False,You're Dreaming,The Cactus Blossoms,2016-01-22
0l04hMCUlgJ18s1GI5HD8s,179d97494603457f,8,Evaporating Entities,False,Core Field Horizon,Anthony Linell,2019-12-12
0lJEYLAJU5KtthQroas2ou,b5540681352e06ac,49,Rock DJ - 2004 Mix,False,In And Out Of Consciousness: Greatest Hits 1990 - 2010,Robbie Williams,2010-01-01
0lQaP3ttoUjMprcvRu3yeI,1e2e44dad56e626f,0,Always,False,Yours,Isak Danielson,2018-10-19
0lf9afAoCwegHta7KUy9H1,179d97494603457f,63,Row Row Row Your Boat,False,"Sing and Learn, Vol. 1 - A Collection of Nursery Rhymes to Help Little Ones Learn and Develop.",Vicky Arlidge,2011-12-01
0lodMO0qK83vfPiiD7FMEt,179d97494603457f,73,TOPIA TWINS (feat. Rob49 & 21 Savage),True,UTOPIA,Travis Scott,2023-07-28
0lwkL0G07NYtLrQCugi8lX,179d97494603457f,42,Pineapple,False,Xover,Blue Lab Beats,2018-03-30
0mI2vMKTGm4MsE8n4uF955,179d97494603457f,0,Salaam,False,The Return,Kamaal Williams,2018-05-25
0mLB2wh3dZfk0G627hk9A4,1e2e44dad56e626f,63,Safe With Me,False,Safe With Me,Ike Dweck,2024-07-19
0mfEHC4z5a7533o7VNOH2c,1e2e44dad56e626f,49,Ay Caramba,True,Ay Caramba,Stay Flee Get Lizzy,2018-07-26
0mflMxspEfB0VbI1kyLiAv,1e2e44dad56e626f,84,Stick Season,False,Stick Season,Noah Kahan,2022-10-14
0ml3ksHwEnTuMB7O0HYZNt,b5540681352e06ac,0,We Called It America,False,Coaster,NOFX,2009-04-28
0myPNIeqjElCgxGy1NrnJO,b5540681352e06ac,35,Yuna,False,Yuna,Kanisan,2023-11-21
0mzU6qEuvtPrL9UcXAVKKU,b5540681352e06ac,0,Little Joe & Mary,False,The Universe Smiles Upon You,Khruangbin,2015-11-06
0n6WH06dJa8wOFGfYPTDJH,179d97494603457f,20,Careless,False,Wet Will Always Dry,Blawan,2018-06-22
0nBqw660XDmvaK5qJeHD36,1e2e44dad56e626f,42,Persian Girl,False,Persian Girl,Bayou,2022-03-04
0nEgxuv9MKR2Ik1uefbFdi,b5540681352e06ac,0,Bad Friday,False,Raw Data Feel,Everything Everything,2022-05-20
0nHakcFwhWCdepZ5r0XjT0,179d97494603457f,2,Pietola - 2020 Remaster,False,Multila (2020 Remaster),Vladislav Delay,2020-03-20
0nLfmQWIqjZkCQNhfP0EHv,1e2e44dad56e626f,47,Do Better,False,Heavy Is The Head,Stormzy,2019-12-13
0nWGNAQG3bdcBTxRjEHsW8,179d97494603457f,24,Willow Weep For Me,False,Ballads,Dexter Gordon,1991-01-01
0namh7o1S6K6sfDT9Dt2Mf,179d97494603457f,0,Blind Blackening,False,Third Law,Roly Porter,2016-01-22
0neHNQl5W4XqAarFxCnni7,1e2e44dad56e626f,35,Going Out Of My Way,False,Modus Operandi,M.O,2020-06-26
0o3r4dKp4UWO4TGSpEWzUA,179d97494603457f,16,Push,False,Magnum Opus,1morning,2024-03-29
0o6gbMZDzl1YvTswKjZGi5,179d97494603457f,14,"Daphnis et Chloé Suite No. 2, M. 57b",False,Debussy: Nocturnes / Ravel: Daphnis et Chloé Suite No.2; Pavane / Scriabin: Le Poème de l'exstase,Maurice Ravel,2012-01-01
0omcnQA80oj8yXHMrnMPMh,179d97494603457f,6,Tangent II,False,Interstate,Monolake,1999-02-10
0pO9wem4wi61QD2PWFpIJQ,b5540681352e06ac,52,How Deep Is Your Love,False,Never Forget: The Ultimate Collection,Take That,2005-11-14
0pWse3pbnv5A0x4BDOHPmD,1e2e44dad56e626f,48,Call Your Mom,False,Songs For When You're Sad,Noah Kahan,2024-09-17
0pcxvYCWcYn4FOlRM5aoW9,b5540681352e06ac,40,Don’t Go,False,GoGo Penguin,GoGo Penguin,2020-06-12
0poOi8sYdaFqEWXKe98j4Z,179d97494603457f,0,She'll Be Coming Round the Mountain,False,She'll Be Coming Round the Mountain,The Topp Twins,2017-03-31
0qH487xSz8Z6Xk4kyOQkbG,179d97494603457f,59,Dirty Old Town,False,Rum Sodomy & The Lash (Expanded Edition),The Pogues,1985
0qLZFHe02v0WkmSOZmOQ6p,179d97494603457f,20,Too Many Voices,False,Too Many Voices,Andy Stott,2016-04-22
0qSAag81S96PZ38BBQlk7B,1e2e44dad56e626f,38,Rain Check,False,Rain Check,Dylan Sitts,2019-09-13
0qUZoyzGVyD7v2Tu8z1YbN,179d97494603457f,11,Sunlight In Motion,False,Take Hold Of Your Promise!,Gently Tender,2022-08-26
0qcr5FMsEO85NAQjrlDRKo,179d97494603457f,76,"Let It Go - From ""Frozen""/Soundtrack Version",False,Frozen (Original Motion Picture Soundtrack / Deluxe Edition),Idina Menzel,2013-01-01
0qxYx4F3vm1AOnfux6dDxP,b5540681352e06ac,76,You Can Call Me Al,False,Graceland (25th Anniversary Deluxe Edition),Paul Simon,1986-08-12
0qzyZDovwbrUAeyif798F1,179d97494603457f,13,10001a,False,10001,Wax,2008
0rYnegjbXvYMfuG0q6cQFu,b5540681352e06ac,0,In Cold Blood,True,In Cold Blood,alt-J,2017-03-29
0rc9XLNs7KZXu2ASA3LbL8,1e2e44dad56e626f,66,MISTAKE,False,HOPE,NF,2023-04-07
0rdbZRjXBEbM3fP7IGVYaz,b5540681352e06ac,31,Bird Language,False,Doff,Will August Park,2024-12-06
0rm7lBomgchi6bHaTwi7cL,179d97494603457f,0,The Sun in September,False,Fletcher Moss Park,Matthew Halsall,2012-10-15
0rpXC0m1AHEIgzXeDgjjYy,179d97494603457f,0,Right on Time,False,Preservation,Nadia Reid,2017-03-03
0s6xinZokRXNqiblVUSrDZ,179d97494603457f,0,Sststsstsst,False,Rrrrgrrgrrr EP,SHXCXCHCXSH,2012-05-15
0sAi730VgR0O1dpsKjvtWE,179d97494603457f,3,Ames Window,False,Translate,Luke Abbott,2020-11-20
0sVDD6ByNgzxmzL2hXUX5i,b5540681352e06ac,18,"Symphony No. 2 in D Major, Op. 73: I. Allegro non troppo",False,Brahms: Symphonies 1-4,Johannes Brahms,2011-09-12
0sY6ZUTh4yoctD8VIXz339,1e2e44dad56e626f,75,champagne problems,True,evermore,Taylor Swift,2020-12-11
0suLngfo7rJoetk7Ub6N8l,179d97494603457f,65,Octopus's Garden - Remastered 2009,False,Abbey Road (Remastered),The Beatles,1969-09-26
0tCo7SXqbaKMynRSkPd2QY,179d97494603457f,0,Fly,False,Double Negative,Low,2018-09-14
0tLimqiQcY0HZ76eQXcqLK,b5540681352e06ac,42,Pizza Boy,False,Raw Data Feel,Everything Everything,2022-05-20
0tUq1zaYNoV6ZiYRU2bjqf,b5540681352e06ac,44,"On Green Dolphin Street (feat. John Coltrane, Cannonball Adderley & Bill Evans)",False,Kind Of Blue (Legacy Edition),Miles Davis,1959-08-17
0tZ5PKjqyfacui80Ajkl2N,179d97494603457f,18,Hala,False,Rezzett LP,Rezzett,2018-02-23
0tfHUABEYkQ2yAoN5a0u44,179d97494603457f,2,Cubismo 8.2 (Lost In Buenos Aires I),False,Cubismo,Architectural,2017-01-16
0u2g5WmD20DT0m55nj1uU2,179d97494603457f,13,"Chausson: Poème, Op. 25",False,"Perlman plays Saint-Saëns, Chausson & Ravel",Ernest Chausson,2015-08-28
0uCJjJxDUzPVadeCVLXTWQ,b5540681352e06ac,0,"Piano Concerto No. 3 in C Minor, Op. 37: III. Rondo: Allegro",False,Beethoven: Piano Concerto No. 3 & Mass in C Major,Ludwig van Beethoven,2015-11-13
0uPN7z6kEPNpibazWIDJaj,b5540681352e06ac,0,Pompidou,False,Knee-Deep In the North Sea,Portico Quartet,2007
0ubzQT2fkZ0aKvokGiNbau,1e2e44dad56e626f,43,Falling,False,Lungs (Deluxe Version),Florence + The Machine,2009
0ue0gFLwvXd8qZIPg35Qiu,b5540681352e06ac,58,Warning,False,Warning,Green Day,2000-10-03
0uih1gBpN8vDPLMV4g637u,179d97494603457f,0,Spinning Top,False,>>,Beak>,2012-07-02
0v3wcvtAVkk7ZvXW4XANOS,b5540681352e06ac,0,Green Day X-Posed: The Interview (Part 1),False,Green Day X-Posed: The Interview,Chrome Dreams - Audio Series,2005-06-20
0v5gdHlu6Bb9MFZFkgQCz4,179d97494603457f,1,OFFOFFOF,False,OUFOUFOF,SHXCXCHCXSH,2018-11-12
0vZ97gHhemKm6c64hTfJNA,179d97494603457f,63,"Hello, Goodbye - Remastered 2009",False,Magical Mystery Tour (Remastered),The Beatles,1967-11-27
0vg4WnUWvze6pBOJDTq99k,1e2e44dad56e626f,75,You're Beautiful,True,Back to Bedlam,James Blunt,2005-08-08
0vmAjuDoX6Gat0um3MbwMU,179d97494603457f,54,Five Little Monkeys,False,Top 50 Nursery Rhymes,Nursery Rhymes 123,2021-01-01
0vrDGR5ZjdDIBUuDep6yXT,1e2e44dad56e626f,57,leave me,False,leave me,anees,2022-08-26
0vza2CsUtpjydQVV2E4TOm,1e2e44dad56e626f,61,Which Witch,False,"How Big, How Blue, How Beautiful (Deluxe)",Florence + The Machine,2015-05-29
0w0Zs8pu4wx9iErRMEG96L,179d97494603457f,0,Aja,False,Aja,Steely Dan,1977-01-01
0w5Bdu51Ka25Pf3hojsKHh,1e2e44dad56e626f,79,Hard Times,False,After Laughter,Paramore,2017-05-12
0wtFh21rrH7zGzvvmw7Cks,179d97494603457f,1,0319 06 re 0219 16 08 SIEBEN c2 - Consequences,False,Re: Phgrp,Grischa Lichtenberger,2019-10-25
0wyaAxRo2DMvhKhQd6vCxt,b5540681352e06ac,0,Half-Truism,False,"Rise And Fall, Rage And Grace",The Offspring,2008-06-13
0x3dlqphn02pgA8hhrJAzD,179d97494603457f,7,Yayla,False,Rezzett EP,Rezzett,2013-10-01
0x4ytdRTKX7k6fIiHQFZS2,b5540681352e06ac,19,The House Is Dust,False,Arc (Deluxe),Everything Everything,2013-01-14
0xIuNHHcKI1JDuBPlSwzb1,179d97494603457f,49,Good Morning Good Morning - Remastered 2009,False,Sgt. Pepper's Lonely Hearts Club Band (Remastered),The Beatles,1967-06-01
0xLrMI4R2xTwRHWV3UQCAZ,179d97494603457f,66,Rikki Don't Lose That Number,False,Pretzel Logic,Steely Dan,1974-02-20
0xrulVbgWema3iGF5v5V5v,b5540681352e06ac,0,Zavodovski Island,False,Knee-Deep In the North Sea,Portico Quartet,2007
0y1QJc3SJVPKJ1OvFmFqe6,1e2e44dad56e626f,83,Way down We Go,False,A/B,KALEO,2016-06-10
0yKMpE6GKSQa0s9Q0GmJOA,b5540681352e06ac,8,Pescheria Session,False,untitled,Maria Violenza,2025-04-11
0yVcEmSbLHuPP1Eda3xfXR,b5540681352e06ac,0,H.G.P.,False,Under New M.G.M.T.,Double Portion,2006-04-18
0yXfwx7sBjVGaLAmhbO9Bl,1e2e44dad56e626f,39,Ocho Cinco,True,Utopia,M Huncho,2019-04-12
0z8X8bVc765zc2BOawx1Cu,b5540681352e06ac,0,Come Alive Diana,False,Man Alive,Everything Everything,2010-01-01
0zSGK8ZpVuo0XdIY21Vyrh,b5540681352e06ac,0,Ugly Boy,True,Donker Mag,Die Antwoord,2014-06-03
0zam8ySjohKAz2jFN6OUwj,1e2e44dad56e626f,24,Shawty Inda Bando (feat. Baseman),True,The 15th Day,J Hus,2017-02-27
0zjB7ewBWnMgQDMQpFzt92,b5540681352e06ac,62,Year 3000,False,Busted,Busted,2002-01-01
107f64CEU5dSzAQiFRQ3yr,b5540681352e06ac,33,Worst Case Scenario,False,The Trick To Life,The Hoosiers,2007-10-22
10ZwvQF9EbmXA20sFf9bO3,b5540681352e06ac,0,Yes I'm Changing,True,Currents,Tame Impala,2015-07-17
10m9F7Pi9CJ46rlSc0hYK5,b5540681352e06ac,0,News from Verona,False,Knee-Deep In the North Sea,Portico Quartet,2007
10rrrGWv6FoTc6pjIVkdMz,179d97494603457f,29,Get Outside,False,Sneakin' Sally Through The Alley,Robert Palmer,1974-01-01
11DWGpBm1d3xmspsjVVZ9x,179d97494603457f,46,Lights Are On But Nobody's Home - Remastered,False,Cold Snap (Remastered),Albert Collins,1986-09-01
11NkxJtowfjaJksJbjYAS0,b5540681352e06ac,59,Outro Lugar,False,Outro Lugar,Toco,2007-06-19
11z8f8BH1WdIlFI9TNQ9mc,1e2e44dad56e626f,54,Bad Girlfriend,True,Speak Your Mind (Deluxe),Anne-Marie,2018-04-27
12BqCvdD47XEVFQcucs5gt,179d97494603457f,0,echolalia,False,void beats/invocation trex,Cavern of Anti-Matter,2016-02-19
12M5uqx0ZuwkpLp5rJim1a,1e2e44dad56e626f,74,Cornelia Street,False,Lover,Taylor Swift,2019-08-23
12QsAlRWEyg3AB7qqPSJ4s,1e2e44dad56e626f,65,Hundred Mile High,False,Hundred Mile High,Cameron Whitcomb,2025-01-31
12cZWGf5ZgLcKubEW9mx5q,1e2e44dad56e626f,66,HOPE,False,HOPE,NF,2023-02-16
12lG0ihveE7uX8qcMGRCYu,b5540681352e06ac,0,"Trio for Violin, Horn and Piano in E-Flat Major, Op. 40: II. Scherzo. Allegro - Molto meno allegro - Allegro",False,"Schumann, R.: Adagio and Allegro / Brahms, J.: Trio for Violin, Horn and Piano, Op. 40 / Ligeti, G.: Hommage A Brahms",Johannes Brahms,2002-01-01
12uzUi6WTiWYb7qwWSRs6g,b5540681352e06ac,0,Jennifer,False,Raw Data Feel,Everything Everything,2022-05-20
12vt5mzJr2yw6f9CflP7Cc,179d97494603457f,0,Tion,False,Kongestion,SHXCXCHCXSH,2022-03-14
13LdcTEtxPwQPEirkFSGPp,1e2e44dad56e626f,55,Looking Like That,False,"Life, Love & Upsets",Mackenzy Mackay,2024-06-07
13Soih2NRLeDx8Unbr22mx,1e2e44dad56e626f,62,Candy Store,True,Heathers: The Musical (World Premiere Cast Recording),Jessica Keenan Wynn,2014-06-10
13UcqCFh6ItzXWDHChisPP,179d97494603457f,0,ZZNNZNZNNZN,False,RJRJRFFRJRJ EP,SHXCXCHCXSH,2013-02-25
13bEwk7dTy0RdOAY3ZNNBD,b5540681352e06ac,61,Golden Touch - Full Length,False,Up All Night,Razorlight,2004
13eVZd07tPhyCJXGCf4y0V,b5540681352e06ac,0,To Be Alone,False,Hozier (Special Edition),Hozier,2014-11-06
14IAYemoQCwBJcn5jdbFuJ,1e2e44dad56e626f,26,Now I'm Up,False,Now I'm Up,Baby Panna,2025-01-03
14dEAeXPWngsRk24V4QjJ0,179d97494603457f,18,Broken Doorbell,False,How Will I Live Without a Body?,Loma,2024-06-28
14kKqKZtSWlISSUVSQSphv,b5540681352e06ac,0,"Walker, Texas Corpse",False,Defenders Of The Hate,Anal Cunt,2007-07-10
157KJ8gdwjLyOyLimz53R2,b5540681352e06ac,0,Trust In You,False,"Rise And Fall, Rage And Grace",The Offspring,2008-06-13
15ExkLlBJ6N39QU8g0RERn,b5540681352e06ac,1,Ruby Blue,False,Worst Case Scenario,The Hoosiers,2008-01-04
15ntTgts0vLB5fuNHFuUJH,b5540681352e06ac,14,Siberian Breaks - Ed Banger All-Stars Remix,False,Congratulations Remixes,MGMT,2011-03-11
16Hk0jyPW1PN25ASGIgN7N,179d97494603457f,9,Keep Your Eyes Open Boy,False,Speedy Wunderground: Year 1,Scottibrains,2014-05-26
16bqEo3yqJzmuA5DXLKSDm,b5540681352e06ac,39,Solar Waltz,False,The Much Much How How and I,Cosmo Sheldrake,2018-04-06
16f1FWp0ZyIR2a0ElfkfUu,179d97494603457f,36,"Fireman Sam (1987) Main Theme [From ""Fireman Sam""]",False,"Fireman Sam (1987) Main Theme [From ""Fireman Sam""]",Geek Music,2022-09-15
16qYlQ6koFxYVbiJbGHblz,1e2e44dad56e626f,4,G.O.M.D.,True,2014 Forest Hills Drive,J. Cole,2014-12-09
16wLPnbnS4cCLLzg8f4SvH,179d97494603457f,14,Selfish,False,Too Many Voices,Andy Stott,2016-04-22
17BhRYPZPPviGGNNDsjPaE,179d97494603457f,3,This Is It,False,This Is It / Make Um Bounce,Addison Groove,2011-04-24
17IkqxJGfjKkii7GBJFnDW,b5540681352e06ac,0,Tell Me I'm A Wreck,False,Picture Perfect,Every Avenue,2009-11-02
17WUfhDesfQdnIclOx8AgB,1e2e44dad56e626f,54,She's an Actor,False,She's an Actor,Austin Giorgio,2022-04-29
17X7iwNnisHp1RkuX4QXFS,b5540681352e06ac,22,"Symphony No. 4 in E Minor, Op. 98: I. Allegro non troppo",False,Brahms: Symphonies 1-4,Johannes Brahms,2011-09-12
17YIpKXRkKKqvb8ZbzyOG1,b5540681352e06ac,0,Lost Kingdoms,False,Nubya's 5ive,Nubya Garcia,2017-05-17
17phhZDn6oGtzMe56NuWvj,1e2e44dad56e626f,89,Lose Control,False,I've Tried Everything But Therapy (Part 1),Teddy Swims,2023-09-15
1883SZ1i4AIgtCFQ1KaK8t,b5540681352e06ac,46,Don't Stop 'Til You Get Enough,False,"HIStory - PAST, PRESENT AND FUTURE - BOOK I",Michael Jackson,1995-06-16
18A1V1vsy5YgHFqb4galTw,b5540681352e06ac,50,Chitlins Con Carne,False,Midnight Blue (The Rudy Van Gelder Edition),Kenny Burrell,1963
18AJRdgUoO9EYn11N7xzaT,1e2e44dad56e626f,74,Habits (Stay High),False,Queen Of The Clouds,Tove Lo,2014-09-24
18GiV1BaXzPVYpp9rmOg0E,b5540681352e06ac,70,Blowin' in the Wind,False,The Freewheelin' Bob Dylan,Bob Dylan,1963-05-27
18WFFUIsewmA8g31KAeo3e,1e2e44dad56e626f,76,The Prophecy,False,THE TORTURED POETS DEPARTMENT: THE ANTHOLOGY,Taylor Swift,2024-04-19
18hjErPUJ9KMl8iuMJDWqj,179d97494603457f,30,Hunting the Wren,False,Hunting the Wren,Finnegan Tui,2021-09-23
19CIsQ1HElu4XHdLCMlSqu,b5540681352e06ac,57,Not Nineteen Forever,False,St. Jude,Courteeners,2008-04-06
1ABegtCPBMMJaMpfDyATjE,179d97494603457f,53,Birthday - Remastered 2009,False,The Beatles (Remastered),The Beatles,1968-11-22
1AM2d7aFZ1MlZZ4HZHnhCD,179d97494603457f,0,Should You Go,False,"Brownswood Bubblers Twelve, Pt. 2 (Gilles Peterson Presents)",Skinny Pelembe,2017-06-30
1AWQoqb9bSvzTjaLralEkT,b5540681352e06ac,82,Rock Your Body,False,Justified,Justin Timberlake,2002-11-04
1Ae8AWqLSXv79r1BxDlCXY,179d97494603457f,50,Twinkle Twinkle Little Star,False,"Sing and Learn, Vol. 1 - A Collection of Nursery Rhymes to Help Little Ones Learn and Develop.",Vicky Arlidge,2011-12-01
1AhPF3fqcJklUGSjYNTQ9H,179d97494603457f,35,Turnstile Blues,False,Future Perfect,Autolux,2004-11-12
1AvvXBHOIxHtbtjK7png8z,b5540681352e06ac,27,Off and Away,False,"The Joy of Music, The Job of Real Estate",Vulfpeck,2020-10-23
1BHIbjTSQaJNl2vuTCdisw,179d97494603457f,32,The Philosopher,False,Juan Pablo: The Philosopher,Ezra Collective,2018-04-16
1BkY0N8ChFk2mdLbAUu8ZK,179d97494603457f,65,Pass The Dutchie,False,Anthology,Musical Youth,1994-02-28
1BncfTJAWxrsxyT9culBrj,1e2e44dad56e626f,77,Experience,False,In A Time Lapse,Ludovico Einaudi,2013-01-01
1BrKZ4qCHRVX91wPBah8WS,b5540681352e06ac,26,WARM PACK,False,GOOD NATURE,Koichi Matsukaze,2008-08-27
1BxfuPKGuaTgP7aM0Bbdwr,1e2e44dad56e626f,88,Cruel Summer,False,Lover,Taylor Swift,2019-08-23
1CDBaGlisZlOJzvx88lL8A,b5540681352e06ac,54,Song For My Father,False,Song For My Father,Horace Silver,1999-01-01
1CLmFKW99S8eJrebO3GB04,179d97494603457f,0,No Woman,False,Light Upon the Lake,Whitney,2016-06-03
1Ce0LuCifEoGTnf9MbXQbo,179d97494603457f,39,This Is a Low - 2012 Remaster,False,Parklife (Special Edition),Blur,1994-04-25
1CvMB8q5JdJtJJkQE0UTEo,b5540681352e06ac,19,1 Time 4 Your Mind - 2011,False,1 Time 4 Your Mind (2011),Lex (de Kalhex),2024-02-09
1CyAxM93XN2atUBykXFWPX,b5540681352e06ac,41,Game Winner,False,Thrill of the Arts,Vulfpeck,2015-10-09
1DOC1uEgAWTTvOhZ8Xhs6p,1e2e44dad56e626f,36,Bist Hezar Arezoo,False,Bist Hezar Arezoo,Mohsen Chavoshi,2015-04-09
1DSl7kRrdWhwntiK6HOLVY,b5540681352e06ac,40,Sauna,False,Schvitz,Vulfpeck,2022-12-30
1DTRUYVd8rYpla9hhVVwjo,1e2e44dad56e626f,68,The Manuscript,False,THE TORTURED POETS DEPARTMENT: THE ANTHOLOGY,Taylor Swift,2024-04-19
1DYD5QLbXbKLq7lM2NKHal,179d97494603457f,0,You Let My Tyres Down,False,A Laughing Death in Meatspace,Tropical Fuck Storm,2018-05-04
1DgqF47lW1iIOX14PzSTS5,b5540681352e06ac,0,Fill My Little World,False,Twelve Stops and Home,The Feeling,2006-01-01
1Dr1fXbc2IxaK1Mu8P8Khz,b5540681352e06ac,79,When I Come Around,False,Dookie,Green Day,1994-02-01
1DrlLvlYd1FIjNavRm6NdX,b5540681352e06ac,62,Back Pocket,False,Thrill of the Arts,Vulfpeck,2015-10-09
1E6M20zixjb1zgtkWjYeAr,b5540681352e06ac,4,Broken Wing - Live,False,Chet Baker Live in London Volume II,Chet Baker,2018-08-10
1EXa37LpSvi3OQ9UYQ28rD,1e2e44dad56e626f,61,epiphany,False,folklore (deluxe version),Taylor Swift,2020-08-18
1EbacZvcixTCTzBcJfaua2,b5540681352e06ac,0,Tessellate,False,An Awesome Wave,alt-J,2012-05-28
1EhtOYRE5CLvYZBoTOL6PY,179d97494603457f,30,All Thoughts Are Prey To Some Beast,False,Sometimes I Wish We Were An Eagle,Bill Callahan,2009-04-14
1ElK0DA8jIlibviqd6LAOP,b5540681352e06ac,37,Horizon,False,メロー ドリーム,Ryo Fukui,2016-03-30
1FrJBdcHsbcGP29f7ciWq1,179d97494603457f,24,Amnioverse,False,Amnioverse,Lapalux,2019-11-08
1FvgF5QdLpmohTmi3D9N5c,b5540681352e06ac,16,"Symphony No. 4 in E Minor, Op. 98: II. Andante moderato",False,Brahms: Symphonies 1-4,Johannes Brahms,2011-09-12
1FwFVKRNX1IV4eEZSGGg5M,b5540681352e06ac,42,Darwin Derby,False,Hill Climber,Vulfpeck,2018-12-07
1G0IEDWNWEaSXdOuwIIP0J,b5540681352e06ac,38,"Symphony No. 6 in B Minor, Op. 74 ""Pathétique"": I. Adagio – Allegro non troppo",False,"Tchaikovsky: Symphony No. 6 ""Pathétique""",Pyotr Ilyich Tchaikovsky,2019-05-10
1GAgg5N8246aBkwWbtX8s8,179d97494603457f,32,If I Cant Win,False,You're Dreaming,The Cactus Blossoms,2016-01-22
1GVfAOyh0mGrK6Hx7HwPty,b5540681352e06ac,0,From Eden,False,Hozier (Special Edition),Hozier,2014-11-06
1GjQLnGAfpv3rWW1K9Ll8p,b5540681352e06ac,15,Winter Wonderland,False,Christmas (Deluxe Special Edition),Michael Bublé,2012-11-09
1Gno5IBUHh6vUKp4nxu2Yd,1e2e44dad56e626f,64,Love Drugs and Sex,True,Hoodie SZN,A Boogie Wit da Hoodie,2018-12-21
1H7gMYGykdtwZOV6s1N0by,179d97494603457f,69,Norwegian Wood (This Bird Has Flown) - Remastered 2009,False,Rubber Soul (Remastered 2009),The Beatles,1965-12-03
1HCdems7PQZRj42QDWLA0A,1e2e44dad56e626f,66,Timeless (Taylor’s Version) (From The Vault),False,Speak Now (Taylor's Version),Taylor Swift,2023-07-07
1HNkqx9Ahdgi1Ixy2xkKkL,b5540681352e06ac,86,Photograph,False,x (Deluxe Edition),Ed Sheeran,2014-06-21
1He6UQuHm8q2skPrOFKnja,b5540681352e06ac,35,Lagoon,False,Lagoon,Laura Misch,2018-02-06
1HfMVBKM75vxSfsQ5VefZ5,1e2e44dad56e626f,26,Lose You To Love Me,False,Lose You To Love Me,Selena Gomez,2019-10-23
1I7zHEdDx8Ny5RxzYPqsU2,179d97494603457f,1,Reelin' In The Years,False,Can't Buy A Thrill,Steely Dan,1972-01-01
1IC0Tv7AzIjVfEo4MmR2uo,b5540681352e06ac,6,Para Machuchar Meu Coracao,False,Getz For Lovers (Deluxe Edition),Stan Getz,2022-02-10
1IEvozoJWw0OOlC9V7pOAk,179d97494603457f,21,Extra Life,False,Master-View,Hexstatic,2004-10-11
1IRlNMNswiIy9BEspPijvW,179d97494603457f,14,Cubismo 8.3,False,Cubismo,Architectural,2017-01-16
1Iq8oo9XkmmvCQiGOfORiz,1e2e44dad56e626f,73,Is It Over Now? (Taylor's Version) (From The Vault),False,1989 (Taylor's Version),Taylor Swift,2023-10-26
1IudVcAziTe0kOu3De3jDt,b5540681352e06ac,36,Get To Heaven,False,Get To Heaven (Deluxe),Everything Everything,2015-06-22
1J1VHPv9DMqONWAGfJa7f4,179d97494603457f,0,Mind's Eye,False,Idiom,Joe Armon-Jones,2017-09-08
1JDvAlsUpgIJlTCvEQdAXb,b5540681352e06ac,11,GIRL,False,BEAT MUSIC! BEAT MUSIC! BEAT MUSIC!,Mark Guiliana,2019-04-12
1JbpWvyqqwd4NG3nlvOCQu,b5540681352e06ac,0,Born Under A Meteor,False,Raw Data Feel,Everything Everything,2022-05-20
1JdRC2QZzYyP3MF7NkQUEH,179d97494603457f,4,Black Apple Pink Apple,False,Stars Planets Dust Me,A Mountain Of One,2022-05-06
1Je1IMUlBXcx1Fz0WE7oPT,b5540681352e06ac,81,Wannabe,False,Spice,Spice Girls,1996-01-01
1JejaexuCzHxQlExpaJJsE,b5540681352e06ac,39,You Don't Know What Love Is,False,Let's Get Lost: The Best Of Chet Baker Sings,Chet Baker,1989-01-01
1KFhl1VNM6z4bpqAQETzTN,b5540681352e06ac,40,Symphonie Pacifique,False,Symphonie Pacifique,Greg Foat,2020-07-03
1KZG1H1OCugGqIRmk1wF9m,1e2e44dad56e626f,83,Indigo (feat. Avery Anna),False,Restless Mind,Sam Barber,2024-11-01
1KvAc16nNqXGgOXABbV1sA,b5540681352e06ac,41,Branches Break,False,Man Made Object (Deluxe),GoGo Penguin,2016-02-05
1L9qsoNnyT3r8fgr2Pr7Ty,b5540681352e06ac,44,Cory Wong,False,The Beautiful Game,Vulfpeck,2016-10-17
1LLXZFeAHK9R4xUramtUKw,1e2e44dad56e626f,72,London Boy,False,Lover,Taylor Swift,2019-08-23
1LdwTFNPE3HjVvPo3xaZ3p,179d97494603457f,0,Joyous,False,Wisdom of Elders,Shabaka and the Ancestors,2016-09-16
1LfSbPH1QCPxce41b9mmYF,b5540681352e06ac,0,Psycho,False,Toxicity,System Of A Down,2001-01-01
1Ls9vXQPuR787Pc485Pgu4,b5540681352e06ac,0,Enemy,False,Broadcast To The World,zebrahead,2006-06-30
1LvU6IFqQnXOIwJyBDb2io,1e2e44dad56e626f,67,She Calls Me Back,True,Stick Season,Noah Kahan,2022-10-14
1LwFP0MJ54B9A7NlJxeIzH,b5540681352e06ac,18,Count Me In,False,The Moment (Digital Deluxe),Framing Hanley,2008
1M3MUcSSE0CF3cCEJO4v4l,b5540681352e06ac,41,ウォーク・トール,False,キャット,鈴木 弘,1976
1M4m4U5ryL3wS9rt80If1M,179d97494603457f,3,Lux,False,Passo Lento,Nørbak,2023-12-15
1M7qLcfozANPcMKfgMEHOt,1e2e44dad56e626f,56,Never Be Me,False,Plastic Hearts,Miley Cyrus,2020-11-27
1MGD2ESNo6Mw1706rRQ7gg,b5540681352e06ac,22,The Promise,False,A Promise To Burn,Framing Hanley,2010-05-24
1MhXdlCQPnO56T57MfmaRm,1e2e44dad56e626f,70,Ghost Of You,False,Youngblood (Deluxe),5 Seconds of Summer,2018-06-15
1N33tRVzj6TTvxmeZbVRyr,179d97494603457f,14,Psykhosis,False,Phyxix 002,Phyxix,2021-01-29
1NOIaFWMhEeI1ZbPqNdnCO,b5540681352e06ac,0,Adiós ayer,False,Essentials & rarities,José Padilla,2011-08-16
1NVuOa8DQ0WxhdUtf9Yhm0,179d97494603457f,45,Wheels on the Bus,False,"Sing and Learn, Vol. 1 - A Collection of Nursery Rhymes to Help Little Ones Learn and Develop.",Vicky Arlidge,2011-12-01
1NgbwCIQurjDvwj3whpwD5,b5540681352e06ac,0,"Symphony No.9 In E Minor, Op.95, B. 178: 2. Largo",False,Dvorák: Symphony No.9 / Smetana: The Moldau / Liszt: Les Préludes,Antonín Dvořák,2001-01-01
1Nmazd1y41hmDzBadotpHq,179d97494603457f,13,Motor System,False,Koch,Lee Gamble,2014-09-26
1Nvzg38DAVwxH5MohVq1CX,b5540681352e06ac,0,We Made You,False,Relapse,Eminem,2009-05-15
1OAb3BhCFLohozKSJ2I34R,179d97494603457f,47,"Symphony No. 9 in D Minor, Op. 125 ""Choral"": I. Allegro ma non troppo, un poco maestoso",False,Beethoven: Symphony No.9,Ludwig van Beethoven,1984-01-01
1ONVKd6eKzS4S1peEWiwaE,b5540681352e06ac,30,Weights & Measures,False,Shallow Bed (Deluxe Version),Dry the River,2012-03-05
1OWNoDqlBzqHzZuPXnE2aV,179d97494603457f,0,Yatton,False,>>,Beak>,2012-07-02
1Ojz92vyPK4fJ5K8RVnV5u,1e2e44dad56e626f,63,"The Four Seasons: Concerto No. 2 in G Minor, RV 315 ""L'estate"" (summer): III. Presto",False,Vivaldi: The Four Seasons • Concertos for Bassoon & Violin 'in tromba marina',Antonio Vivaldi,2015-09-04
1OmOw9EWjIOHlTK7yl52Ac,b5540681352e06ac,0,The Kon Tiki Expedition,False,Knee-Deep In the North Sea,Portico Quartet,2007
1P17dC1amhFzptugyAO7Il,1e2e44dad56e626f,79,Look What You Made Me Do,False,reputation,Taylor Swift,2017-11-10
1P6qJ2YZjVlsxO8JMiYUqw,1e2e44dad56e626f,71,Wouldn't You Like,False,EPIC: The Circe Saga (Official Concept Album),Jorge Rivera-Herrans,2024-02-14
1PH2MDbcBAU094DlgTIND1,179d97494603457f,69,THANK GOD,True,UTOPIA,Travis Scott,2023-07-28
1PMlAs24OBYlwXF7OeiVYg,b5540681352e06ac,39,Good Morning.Goodbye,False,Save US,Dan Cray Trio,2005-01-01
1PtgkkCdJ9rGNN2vHkBDdp,b5540681352e06ac,0,Qwerty Finger,False,Man Alive,Everything Everything,2010-01-01
1QQii3pa5m8MEda0nbkjfw,1e2e44dad56e626f,62,Mastermind,False,Midnights (The Til Dawn Edition),Taylor Swift,2023-05-26
1QXzQKmQiDOzGHwSXVdHTp,b5540681352e06ac,0,Tessellate,False,An Awesome Wave (Deluxe Version),alt-J,2012-10-22
1QqZwV3fCZAdTv5fEvaFvo,b5540681352e06ac,35,R U Happy?,False,Mountainhead,Everything Everything,2024-03-01
1Qr6LFKNBFNNa2y6nMDO31,b5540681352e06ac,46,2/1 - Remastered 2004,False,Ambient 1: Music For Airports (Remastered 2004),Brian Eno,1978
1Qysx2CoPi05PFj91SSXG0,b5540681352e06ac,13,Passage,False,Snow Flower,Tenzin Choegyal,2025-04-04
1R0a2iXumgCiFb7HEZ7gUE,1e2e44dad56e626f,83,Don’t Blame Me,False,reputation,Taylor Swift,2017-11-10
1RCk2ntbMtvcKYwlj2scOC,b5540681352e06ac,0,Cleanse Me,False,Under New M.G.M.T.,Double Portion,2006-04-18
1SCXzqKZdif5b33POmzwI4,1e2e44dad56e626f,63,Angel Of Small Death & The Codeine Scene,False,Hozier,Hozier,2014-09-19
1SDtZ69uALD5zW8k9S8hTf,1e2e44dad56e626f,55,Nate,False,The Search,NF,2019-07-26
1SHA4IJyiyNobDOrQzFFXy,b5540681352e06ac,52,Animal Spirits,False,The Beautiful Game,Vulfpeck,2016-10-17
1SN1gifVAKecU85lZggS8k,b5540681352e06ac,47,No Reptiles,False,Get To Heaven (Deluxe),Everything Everything,2015-06-22
1SmwJJ8YVgiXtyE6elhUx1,b5540681352e06ac,55,Tokai,False,SUNSHOWER,Taeko Onuki,1977-07-25
1SymEzIT3H8UZfibCs3TYi,1e2e44dad56e626f,74,Afterglow,False,Lover,Taylor Swift,2019-08-23
1T575AhHueYinKSDflEsGK,1e2e44dad56e626f,64,Heaven,False,Fifty Shades Freed (Original Motion Picture Soundtrack),Julia Michaels,2018-02-09
1TEL6MlSSVLSdhOSddidlJ,1e2e44dad56e626f,74,needy,True,"thank u, next",Ariana Grande,2019-02-08
1UKMN7B6qjo2JsQybKzv8e,b5540681352e06ac,0,The Gospel of John Hurt,False,This Is All Yours,alt-J,2014-09-22
1UTIzaOf6ztFupLJ5vRMqm,b5540681352e06ac,9,"Symphony No. 4 in G Major: I. Bedächtig, nicht eilen",False,Mahler: Symphony No. 4 in G major,Gustav Mahler,1960
1UXII0VskNcRP9rJKfeggC,179d97494603457f,44,Streets Of Love - Remastered 2009,False,A Bigger Bang (2009 Re-Mastered),The Rolling Stones,2005-09-05
1UXNq5uwdFfSaUXvWVQu9R,179d97494603457f,21,"Ma mère l'oye, Ballet, M. 62: III. Une barque sur l'océan, M. 43b",False,Ravel: Ma Mère L'Oye; Boléro etc.,Maurice Ravel,1994-01-01
1UwUhKmFxGKs59xiWO60Sx,179d97494603457f,53,I Ain’t Quite Where I Think I Am,False,The Car,Arctic Monkeys,2022-10-21
1VSngtLdJhrlfHkLxTyOXK,1e2e44dad56e626f,51,King,False,King,Florence + The Machine,2022-02-23
1VYruNWR6k3fKQL5LXtIIK,1e2e44dad56e626f,44,Assassin,False,Assassin,Au/Ra,2019-04-19
1Vl0acmTvokos5jPJ0Jlmw,1e2e44dad56e626f,0,When We Were Lovers,False,Sleep No More,Jack Savoretti,2016-10-28
1Vt4kRdsia6BaOnVjFCQsX,179d97494603457f,0,Always Up,False,Double Negative,Low,2018-09-14
1W7zkKgRv9mrLbfdQ8XyH3,1e2e44dad56e626f,76,Gangsta,True,Suicide Squad: The Album,Kehlani,2016-08-05
1WAGKvuC9WMKoigjlcQADi,179d97494603457f,13,Distorted Minds,False,Master-View,Hexstatic,2004-10-11
1WqVCOMjOOWjamob3A2DsK,b5540681352e06ac,27,Making Gardens Out of Silence,False,FOREVERANDEVERNOMORE,Brian Eno,2022-10-14
1XIVT7xqAR6mYUFvzuZbJB,b5540681352e06ac,0,"MY KZ, UR BF",False,Man Alive,Everything Everything,2010-01-01
1XT5kxg6Tk0ukCO2vBQN4v,179d97494603457f,56,Making Plans For Nigel,False,Drums And Wires,XTC,1979-08-17
1XYrG94W9WH2gU202w8x4s,179d97494603457f,21,Transit (feat. David Sylvian),False,Venice,Fennesz,2004-04-26
1Xmkuce4Xw4zdJP1urTyU1,b5540681352e06ac,13,The Fold,False,The Moment (Digital Deluxe),Framing Hanley,2008
1XuccRABkfUVB4FjSVhjL1,179d97494603457f,51,Alone Again Or - 2015 Remaster,False,Forever Changes (2015 Remaster),Love,1967
1Y1SQCIXNZjwQO1Uo3u0C7,179d97494603457f,0,Moonlight Woman,False,"Trudi's Songbook, Vol. 1",Ruby Rushton,2017-05-19
1YNhmLrfv9fOyv7ClZ0Gre,179d97494603457f,0,Babylon Sisters,False,Gaucho,Steely Dan,1980
1YQlMr4s6IQcjhST3tXGbw,b5540681352e06ac,0,Happier When You’re Gone,True,The Dream,alt-J,2022-02-11
1YRJPp9ZB4qzM3veBR9oOJ,179d97494603457f,26,Twists & Turns & Headtrips,True,Mystic 100's,Milk Music,2017-03-15
1Yl4UBgyoHPgyne7rEsFZp,1e2e44dad56e626f,50,Dollar And A Dream III,True,Cole World: The Sideline Story,J. Cole,2011-09-27
1Yn6fnPEpCH1iEfcMWH9WD,179d97494603457f,10,Neptune,False,Time and Space,Moses Boyd,2014-10-01
1YuCTj9wRtIPtIYZesNFjN,b5540681352e06ac,41,Sing a Song of Song,False,Songbook,Kenny Garrett,1997-05-16
1Zai5UJ2di3qEuR2HeT2s8,1e2e44dad56e626f,68,I Look in People's Windows,False,THE TORTURED POETS DEPARTMENT: THE ANTHOLOGY,Taylor Swift,2024-04-19
1ZgMsA55GIY7ICkQh5MILA,1e2e44dad56e626f,75,Space Song,False,Depression Cherry,Beach House,2015-08-28
1ZhTHkB1Kt7qO4MP5uZlX6,179d97494603457f,40,Streets Of Laredo,False,American IV: The Man Comes Around,Johnny Cash,2002-01-01
1Zi5GxlgleNSGs8VUfplqt,1e2e44dad56e626f,43,Demain,False,Demain,Lyna Mahyem,2019-01-25
1ZvduEGrUomy5IKDzteJQV,179d97494603457f,6,Raamat - 2020 Remaster,False,Multila (2020 Remaster),Vladislav Delay,2020-03-20
1aKLIYOgvGil5GLgO1Xxox,1e2e44dad56e626f,0,Back Where I Belong,False,Written In Scars,Jack Savoretti,2015-09-18
1anPEbLiqbSKRBoZuf6LV9,1e2e44dad56e626f,0,Yeki Dige (feat. Arash Dara),False,"Bozorg, Vol. 2",Mehrad Hidden,2015-02-27
1axzRYUUASTfN4OOtrjfQd,b5540681352e06ac,19,Blue and Sentimental,False,Jay McShann: Going to Kansas City,Julian Dash,1987-01-01
1bL0JIAtrjdTwrPgENAYn5,1e2e44dad56e626f,0,Injaneb,False,Injaneb,Shayea,2019-09-29
1baXo5j0W5EeB7q46rQg5I,179d97494603457f,30,Don't Shy Away,False,Don't Shy Away,Loma,2020-10-23
1bjheIRHJQkC41H5VJ2BYP,1e2e44dad56e626f,0,Top Boy (feat. P Money),True,Top Boy (feat. P Money),Ashley Walters,2019-10-22
1bne4gsJshCv77LeKqQb1A,b5540681352e06ac,38,Space Walk,False,Lost Horizons,Lemon Jelly,2003-07-21
1bqlDsBlBPxjK0zuFQcSXq,179d97494603457f,39,The Beat - 2021 Remaster,False,This Year's Model (2021 Remaster),Elvis Costello & The Attractions,1978-03-17
1cAXC3MYAr3LqSvOMdfasJ,b5540681352e06ac,0,Last Year,False,RELAXER,alt-J,2017-06-02
1cOnqm45RQsj99UJX4tyJB,b5540681352e06ac,0,No More Waiting,False,Hope,The Blackout,2011-04-03
1cR29lpK5mJIlajSpRqfNF,1e2e44dad56e626f,62,For Real This Time,False,This Is What It Feels Like,Gracie Abrams,2021-11-12
1dARoUpgYHvx33Qp8dawsZ,1e2e44dad56e626f,62,Wait for Me,False,Hadestown (Original Broadway Cast Recording),André De Shields,2019-07-26
1dF1gB2UnvhMwL7NMkdaFe,b5540681352e06ac,0,Who Said Anything (About Falling In Love)?,False,Bumpy Ride,The Hoosiers,2011-04-10
1dGr1c8CrMLDpV6mPbImSI,1e2e44dad56e626f,86,Lover,False,Lover,Taylor Swift,2019-08-23
1dOrhJsbf85ai5Y0CqnhIi,179d97494603457f,31,Get Your Head Down,False,Ninja Cuts - Flexistentialism,Luke Vibert,1996-03-01
1dVNU4TJ22oQtIPU3bbRsw,179d97494603457f,10,The Inheritors,False,The Inheritors,James Holden,2013-06-24
1dazHEPsvWuYCsrUFlM1RC,b5540681352e06ac,0,Wind Quintet: III. Lento - Allegro vivace,False,Danish Wind Quintets,Otto Mortensen,2000-05-11
1diSFxNvwkKMOI2vcadxy5,b5540681352e06ac,0,100 Suns,False,This Is War,Thirty Seconds To Mars,2009-01-01
1didU5xSdu2zvRWXdFJZhQ,179d97494603457f,12,Crying Wand,False,Mystic 100's,Milk Music,2017-03-15
1dodXRvoA4SaudsD335WyI,179d97494603457f,21,Homing,False,Don't Shy Away,Loma,2020-10-23
1eamsmwcYYhJwTgMFdQ6YN,179d97494603457f,0,Rip It Up,False,Rip It Up,Orange Juice,1982-11-01
1ecBqzq66k26hMhqrmKMpH,b5540681352e06ac,7,"Concerto in E flat ""Dumbarton Oaks"": 3. Con moto",False,Stravinsky: Dumbarton Oaks; Danses Concertantes; Concerto in D for Strings,Igor Stravinsky,1989-01-01
1exivOvwqsUgRGEWqGqiWg,179d97494603457f,0,0319 02 SATURN 2f - Saturn,False,Re: Phgrp,Grischa Lichtenberger,2019-10-25
1f2nmIi1GWCtAL5ebM8j5Q,b5540681352e06ac,0,"Sextet for 2 Clarinets, 2 Bassoons and 2 Horns in E flat, Op. 71: 1. Adagio - Allegro",False,"Beethoven: Sextet, Op.71; Octet, Op.103; Quintet, H19",Ludwig van Beethoven,1986-01-01
1fFz66S0gJrSNDaLosf5D5,b5540681352e06ac,0,FLASH BACK MEDLEY - Live,False,20TH (Live),CASIOPEA,2006-07-26
1fV2Bp9JpE1CavonususVW,b5540681352e06ac,37,"I'm Jim Morrison, I'm Dead",False,The Hawk Is Howling,Mogwai,2008-09-21
1g7QNiKWvQ3OvX04rIWOtG,b5540681352e06ac,23,Impressions II in F Major,False,Impressions For Headphones,Brian Green,2019-06-19
1gFNm7cXfG1vSMcxPpSxec,179d97494603457f,71,"Ob-La-Di, Ob-La-Da - Remastered 2009",False,The Beatles (Remastered),The Beatles,1968-11-22
1gXgFe42XLKzte1ziyTMqZ,b5540681352e06ac,0,Pleader,False,RELAXER,alt-J,2017-06-02
1gcyHQpBQ1lfXGdhZmWrHP,1e2e44dad56e626f,67,champagne problems,True,evermore (deluxe version),Taylor Swift,2021-01-07
1h5nwihZgUpEdvBlnUhIej,179d97494603457f,6,Toys Are Us,False,Master-View,Hexstatic,2004-10-11
1h9JJkK1rEqMrkuuU4vRSP,179d97494603457f,51,Hello Again,False,The Jazz Singer (Original Songs From The Motion Picture),Neil Diamond,1980-11-10
1hHiDng8g1a4Y2YMjj2pAJ,b5540681352e06ac,0,Slow Down - Mixed,False,fabric presents Maribou State (DJ Mix),Art Feynman,2020-03-27
1hNLr08dVbx9hXPRJSLo23,b5540681352e06ac,14,Wave Goodbye,False,The Moment (Digital Deluxe),Framing Hanley,2008
1hVJcB6BXjxoHalrFl4vme,1e2e44dad56e626f,0,Sholesh Kon,False,Injaneb,Shayea,2019-09-29
1hrGEYpJ5DLjXiIOwqoIG4,179d97494603457f,7,40004b,False,40004,Wax,2010
1htTRt6dZPPeqduos5PAmC,b5540681352e06ac,43,TRY,False,You + I,Madison McFerrin,2019-12-04
1hxE8xAp7CrBsdpiRpiWFy,1e2e44dad56e626f,43,Crown,False,Crown,Stormzy,2019-06-21
1i9lZvlaDdWDPyXEE95aiq,179d97494603457f,76,TELEKINESIS (feat. SZA & Future),True,UTOPIA,Travis Scott,2023-07-28
1iDxNtb7jleE8GqD4m81dA,b5540681352e06ac,43,New Guru,False,Schvitz,Vulfpeck,2022-12-30
1iJiJfFkhwpSh1m8qTgZ5A,179d97494603457f,43,I'm Sticking With You,False,VU,The Velvet Underground,1985-02-02
1ibQiWl2i50MGt3SpRuE0D,1e2e44dad56e626f,0,Mr. Sandman,False,Mr. Sandman,SYML,2017-05-12
1ickGp7LMzPddFNyWu57Is,179d97494603457f,30,Party Popper,True,Party Popper,BackRoad Gee,2020-01-17
1j2iMeSWdsEP5ITCrZqbIL,1e2e44dad56e626f,67,Be Someone,False,Fireworks & Rollerblades,Benson Boone,2024-04-05
1jECHQiTKHmB0QgeUdBYCp,179d97494603457f,1,Dealer,False,Stars Planets Dust Me,A Mountain Of One,2022-05-06
1jFEACpRbLrZPke7EJ6qwB,179d97494603457f,0,Pins,False,Klammer,Rick Simpson,2016-09-23
1jrFczYf5NysHccOQPXnNP,1e2e44dad56e626f,45,Elements,False,Elements (Deluxe),Ludovico Einaudi,2015-10-16
1jsnIb8rHk5GgsN3oUNB6O,b5540681352e06ac,44,Kandaiki,False,Animalia,Mammal Hands,2014-09-15
1k7B553lUeQY3cyltjRWCH,179d97494603457f,0,Remembrance,False,Black Focus,Yussef Kamaal,2016-11-04
1kJtfldK9F7XmsSiSNlbth,1e2e44dad56e626f,59,Woman (feat. The Dap-Kings Horns),True,Rainbow,Kesha,2017-08-11
1kPILsaPQXo6aAF3aL3t2o,179d97494603457f,5,Starburst,False,Starburst EP,Pearson Sound,2013-11-11
1kbDhsSpGriwtvHYvmX77Y,b5540681352e06ac,0,17 Pink Sugar Elephants,False,Some Things Just Stick in Your Mind,Vashti Bunyan,2007-10-21
1kbEbBdEgQdQeLXCJh28pJ,1e2e44dad56e626f,73,Down Bad,True,THE TORTURED POETS DEPARTMENT: THE ANTHOLOGY,Taylor Swift,2024-04-19
1kcwpPDQnqEqmezzXdJTCP,1e2e44dad56e626f,74,imgonnagetyouback,False,THE TORTURED POETS DEPARTMENT: THE ANTHOLOGY,Taylor Swift,2024-04-19
1kdWw77ZpYOkhxeuhzU1j6,1e2e44dad56e626f,66,it’s time to go - bonus track,False,evermore (deluxe version),Taylor Swift,2021-01-07
1kdXLXKJW1uMVyhYJtzMJD,179d97494603457f,32,The Goose that Got Away,False,Objekt EP1,Objekt,2011-01-31
1kn6DmDH4F2oOfA1KVsHes,b5540681352e06ac,0,"Sorry, But Your Friends Are Hot",False,Phoenix,zebrahead,2008-08-01
1l0wPhFZP1kWkZNQrrYrGy,1e2e44dad56e626f,69,RUNNING,False,HOPE,NF,2023-04-07
1lIckItq70LOQg1CkjDEpl,179d97494603457f,14,Catch The Loop,False,Catch The Loop,Kamaal Williams,2017-12-15
1lSDF0xCNs8Csr4lg8AO41,179d97494603457f,28,Caroline the Crane,False,Gecko's Truck Songs for Children,Toddler Fun Learning,2019-06-21
1lVfAGFXlrQcLBLEFLv6Hl,b5540681352e06ac,0,"Concerto for Horn and Orchestra in C minor, Op. 8: III. Tempo I.",False,Richard Strauss / Franz Strauss / Mozart: Horn Concertos,Franz Strauss,2006-09-22
1la5TJJarm5bxkfCmqbZWn,179d97494603457f,1,0319 28 FUENF grns 2a1 rej+b2 - Thinking from the future,False,Re: Phgrp,Grischa Lichtenberger,2019-10-25
1lfpORHmsbcW2bzLyiVoZ3,179d97494603457f,0,Say What,False,"Brownswood Bubblers Twelve, Pt. 2 (Gilles Peterson Presents)",James Brandon Lewis Trio,2017-06-30
1lguQJjlNrIOoOylYVZN3M,b5540681352e06ac,64,The Judge,False,Blurryface,Twenty One Pilots,2015-05-15
1lvpyd1lQjutZa6YnAE8aH,179d97494603457f,41,U,False,Time Spent Away From U,DJ Seinfeld,2017-11-03
1m7V5cftzdLMwEnKcgNae8,b5540681352e06ac,22,歩風,False,琹の葉,Ironomi,2019-08-30
1msEuwSBneBKpVCZQcFTsU,1e2e44dad56e626f,65,Forever & Always (Taylor’s Version),False,Fearless (Taylor's Version),Taylor Swift,2021-04-09
1msXkHv84LKikJGKcfdGBu,b5540681352e06ac,63,Sure Thing,False,Tourist (Remastered),St Germain,2000
1mtMtoN59jVLqOTDj9Sedq,b5540681352e06ac,0,The Quiet Place,False,Alone In The Dark,In Flames,2005-02-21
1nInOsHbtotAmEOQhtvnzP,1e2e44dad56e626f,75,Stronger (What Doesn't Kill You),False,Stronger (Deluxe Version),Kelly Clarkson,2011-10-24
1nSyikxkH3Y2SXnQ9Rww2C,179d97494603457f,9,Last Night,False,Last Night,Yoshika Colwell,2025-02-12
1nYzjrdVQ8RpF93M0jPFW7,1e2e44dad56e626f,71,Remember That Night?,False,Remember That Night?,Sara Kays,2020-11-06
1ndOwpa8Hexc5TToTk0sI1,179d97494603457f,0,pantechnicon,False,void beats/invocation trex,Cavern of Anti-Matter,2016-02-19
1njNSQw4GsFNO0xA62wngf,b5540681352e06ac,0,Adagio And Allegro In A-flat Major Op.70 2 Rasch Und Feurig,False,"Brahms, Czerny, et. Schumman: Horn Trios",Robert Schumann,2006-12-31
1o0nAjgZwMDK9TI4TTUSNn,b5540681352e06ac,44,LAX,False,"The Joy of Music, The Job of Real Estate",Vulfpeck,2020-10-23
1oAXCrA0erQifxo6OQmbaT,b5540681352e06ac,0,ECCENTRIC GAMES - Live,False,20TH (Live),CASIOPEA,2006-07-26
1oOD1pV43cV9sHg97aBdLs,b5540681352e06ac,54,Dean Town,False,The Beautiful Game,Vulfpeck,2016-10-17
1odExI7RdWc4BT515LTAwj,1e2e44dad56e626f,19,Daylight,False,Daylight,David Kushner,2023-04-14
1ohoaGnztWcfczuRDceRdn,b5540681352e06ac,40,Doubts 2,False,Wind,Ibrahim Maalouf,2012-11-04
1oony1FpFnpZVJ3INWkIFd,b5540681352e06ac,0,The Junkie And The Halo,False,Phoenix,zebrahead,2008-08-01
1ozd6LRH81Tdzm4bniAk7R,b5540681352e06ac,28,Forever Dolphin Love,False,Forever Dolphin Love,Connan Mockasin,2011-03-28
1p463zpWyjQS9QHroRGbDZ,b5540681352e06ac,0,Dawn Patrol,False,Isla,Portico Quartet,2009
1pWIPbmvcqy9N06Bmasdfa,b5540681352e06ac,0,Botanique,False,Habitat,J Foerster,2021-04-09
1pn61TtCE9s9U8ElZvFsPZ,179d97494603457f,0,First Seance,False,First Seance,Land Trance,2020-05-01
1qFMIjTe9esCDiytqUY19t,1e2e44dad56e626f,49,i can't breathe,False,aurora,Bea Miller,2018-02-23
1qFfsUxth2V4yXg8YcRblp,b5540681352e06ac,0,Kid A,False,Kid A,Radiohead,2000-10-02
1qQqHzG5JAYD2bV1DGf5v7,1e2e44dad56e626f,62,Nasini El Donya,False,El Hob El Kebir,Ragheb Alama,2003-12-31
1qfYG2JrchEyJiqKnkE7YQ,b5540681352e06ac,2,What You Know,False,Tourist History,Two Door Cinema Club,2010-02-07
1qqwrhjdkh0WNJ2Iyn1Yre,179d97494603457f,33,Puppet on a String,False,Night Beats,Night Beats,2011-06-28
1qyn05p64r1CRkq43bDN46,179d97494603457f,31,Watermark,False,Watermark,DjRUM,2012-07-02
1r1OeKQ1y7Q20A6ekUXtYq,b5540681352e06ac,24,Papua New Guinea,False,Accelerator Deluxe,The Future Sound Of London,2002
1r8kRDtkDZPhHvP0dwaYDd,b5540681352e06ac,0,Murmuration,False,v2.0,GoGo Penguin,2014-03-17
1rH0fl85kkL8ySygNMWvRM,b5540681352e06ac,43,Just Us,False,Just Us,Malia Løu,2022-12-22
1rYjgOP8sm72x0G0jeknwj,179d97494603457f,23,Getting Older,False,Compilation,The Clean,1986-01-01
1rZsn9K890Goymfl7YIdgY,1e2e44dad56e626f,51,Mermaids,True,Dance Fever (Complete Edition),Florence + The Machine,2023-04-21
1rg4kS3gsVbeHal2lFftTi,b5540681352e06ac,0,Steve McQueen,False,This Is A Fix,The Automatic,2008-01-01
1rg9i5UE2qefjows4qWlOl,b5540681352e06ac,39,Kemosabe,False,Arc (Deluxe),Everything Everything,2013-01-14
1rmEsOezwf2lmIZTMAO5Ag,1e2e44dad56e626f,71,Chloe or Sam or Sophia or Marcus,False,THE TORTURED POETS DEPARTMENT: THE ANTHOLOGY,Taylor Swift,2024-04-19
1rqabwvXVdFg5PtQ5dbk1U,179d97494603457f,20,Soft Scene,False,PUSSY'S DEAD,Autolux,2016-04-01
1rsyrjJQKsSMZo2TdfHOSR,179d97494603457f,1,Hard Boiled,False,A Mutual Antipathy,Scuba,2008-05-12
1s9wrHOklrQkqaVNXyIsaa,b5540681352e06ac,0,Knee-Deep in the North Sea - Live in Copenhagen,False,Knee-Deep In the North Sea,Portico Quartet,2007
1s9xuJxhYM0LdVqksjegcg,b5540681352e06ac,63,Fairly Local,False,Blurryface,Twenty One Pilots,2015-05-15
1sCyOmcxVASCpzQYPCyZnk,b5540681352e06ac,0,This Is Our Time,True,Hope,The Blackout,2011-04-03
1sTzDqhcrpB2BC8TOMeInR,b5540681352e06ac,48,We Are the Music Makers,False,Selected Ambient Works 85-92,Aphex Twin,1992-02-10
1sbcvdo8jxbSdqowJBsy4l,179d97494603457f,24,If I Knew You Were Coming I'd Have Baked a Cake,False,Let's Spend an Evening with Gracie Fields,Gracie Fields,2020-08-12
1swmf4hFMJYRNA8Rq9PVaW,179d97494603457f,54,Martha My Dear - Remastered 2009,False,The Beatles (Remastered),The Beatles,1968-11-22
1t0VJGiZ8YcHYZa2vvlnjm,179d97494603457f,19,Defeat,False,Isn’t It Now?,Animal Collective,2023-09-29
1t67dq2rMIHytDKJcStZtd,b5540681352e06ac,22,Make Me Wanna Die,False,Make Me Wanna Die,The Pretty Reckless,2010-01-01
1tjK9HhmpEfk0ijyIKsoUk,179d97494603457f,1,Hey Nineteen,False,Gaucho,Steely Dan,1980
1tnhrn0zNTQGbo77wNwy44,b5540681352e06ac,50,8 Ball,False,1992 - 2012,Underworld,2014-01-01
1tuNqJOtRQVHvONR8Lg3MZ,1e2e44dad56e626f,71,The Alchemy,False,THE TORTURED POETS DEPARTMENT: THE ANTHOLOGY,Taylor Swift,2024-04-19
1u8c2t2Cy7UBoG4ArRcF5g,1e2e44dad56e626f,84,Blank Space,False,1989 (Deluxe),Taylor Swift,2014-01-01
1uAOCTevGnyKIDbgZdOCnE,1e2e44dad56e626f,66,Voilà,False,Voilà,Barbara Pravi,2020-11-06
1uQ6WFPUtye13pMwtz9EbV,179d97494603457f,0,Jamaica Farewell/ Green Banana Johnny,False,Sole Mates,The Fisherman’s Friends,2018-04-20
1upMxXOj13P8aMf5ZW2hIL,b5540681352e06ac,0,Prickly Pear,False,Knee-Deep In the North Sea,Portico Quartet,2007
1uzkWkIaWaxzHJgJ4Fy5rO,1e2e44dad56e626f,63,Bole Chudiyan,False,Kabhi Khushi Kabhie Gham (Original Motion Picture Soundtrack),Jatin-Lalit,2001-11-28
1vP5Ceh1SrfOalU8Yc3XE9,b5540681352e06ac,42,It Never Entered My Mind,False,The Sequel,Mulgrew Miller,2002
1vQJo9Z9bvaeqdoFh4W097,b5540681352e06ac,40,To The Blade,False,Get To Heaven (Deluxe),Everything Everything,2015-06-22
1vefcOBRQ83aE7tMO33njz,179d97494603457f,27,Lady Bird,False,Fats Navarro Memorial Album,Fats Navarro,1951-01-01
1vgSaC0BPlL6LEm4Xsx59J,b5540681352e06ac,58,An Ending (Ascent) - Remastered 2005,False,Apollo,Brian Eno,1983-07-01
1w0TzjOrHnI0ZptBaj1Pca,b5540681352e06ac,0,Software Greatman,False,Raw Data Feel,Everything Everything,2022-05-20
1wC3a2oW50dc3zoY2MKHNl,179d97494603457f,0,It Feels Like Floating,False,Hundreds of Days,Mary Lattimore,2018-05-18
1wGRSG94dLt8fIZWhR3rGG,b5540681352e06ac,63,Sad Statue,False,Mezmerize,System Of A Down,2005-05-17
1wI96BJ059iyAajxqWPTa4,b5540681352e06ac,38,"Street Player - Dimitri From Paris Super Disco Blend, Pt. I & II",False,Street Player (Dimitri From Paris Remixes),Leonid & Friends,2023-03-24
1wTK9sbpIITZePPW6RR7Ia,b5540681352e06ac,28,To The Nth,False,GoGo Penguin,GoGo Penguin,2020-06-12
1wTopxO5eQBpxrBXPSbsUn,1e2e44dad56e626f,0,A&W,True,A&W,Lana Del Rey,2023-02-14
1wXECvA2fHnqOYvKES8Yh4,179d97494603457f,4,Cubismo 8.1,False,Cubismo,Architectural,2017-01-16
1wsHXhC0TloOwfSGADXM2k,179d97494603457f,0,Outerzone 2015,False,Olympic Mess,Helm,2015-06-19
1xB4eEVrD9LsOmBsMAErj0,b5540681352e06ac,0,"Beethoven: Violin Concerto in D Major, Op. 61: III. Rondo. Allegro (Cadenza by Kreisler)",False,Beethoven: Violin Concerto & Romances,Ludwig van Beethoven,2022-05-13
1xaTXPoDk4VOU9XhYX4KJM,b5540681352e06ac,56,A Nightingale Sang In Berkeley Square,False,Recorded Fall '61,Stan Getz,1961-01-01
1xcImYMW3c6ngwmBH0YbcK,179d97494603457f,0,Fishing For Fishies,False,Fishing For Fishies,King Gizzard & The Lizard Wizard,2019-04-26
1xtw1krCR6Dw2KwkXw5z63,1e2e44dad56e626f,72,The Smallest Man Who Ever Lived,True,THE TORTURED POETS DEPARTMENT: THE ANTHOLOGY,Taylor Swift,2024-04-19
1xwdcsIikGHIfz0ZmFQWZ1,1e2e44dad56e626f,48,Mashghe Emshab,False,Mashghe Emshab,Moein Z,2024-11-20
1xzE78YaGxhVKLubvVgDPB,b5540681352e06ac,0,Moonbeams,False,Fresh Squeezed,Limes,2016-11-20
1yQNHzLx4VFofmUNHT3FHa,b5540681352e06ac,48,New Beastly,False,Clarity of Cal,Vulfpeck,2025-03-04
1yUUTiVGC0wNLmnKM55KVX,b5540681352e06ac,0,"Kristy, Are You Doing Okay?",False,"Rise And Fall, Rage And Grace",The Offspring,2008-06-13
1z2FcRqCR6byfXDSvHq8E4,b5540681352e06ac,0,After You've Gone,False,After You've Gone,Eddie Henderson,2018-04-06
1zGokp7FQsXP5rQIM9wp6D,b5540681352e06ac,0,The Whispering Wind,False,Play - The B Sides,Moby,1999-05-17
1zXtdXnsWm2bXS7teFF709,b5540681352e06ac,21,Cheryl,False,Blues and Ballads,Brad Mehldau Trio,2016-06-03
1zYA5cNkQnFyyVOZaY7lqO,b5540681352e06ac,39,Movementt,False,Movementt,Emma-Jean Thackray,2020-03-04
1zZvPumuScWPZKZOCC6yq0,b5540681352e06ac,42,Knock Me Down - Remastered 2003,False,Mother's Milk,Red Hot Chili Peppers,1989-08-16
1zdcK8g1NbJHZ7nKyIoXeh,179d97494603457f,32,Desert Island,False,Holiday,The Magnetic Fields,1999-01-12
1zjUfI0yrHvK9fqs7hNmwk,179d97494603457f,0,Up with People,False,Nixon,Lambchop,2000
1zmU3zbuD2sLne01XUvhYy,b5540681352e06ac,17,Get By,False,Starfruit,Moonchild,2022-02-11
1zowWjoCroDC3WZYxbrlNQ,b5540681352e06ac,17,La fin justifie les moyens,False,The Path Up,Joran Cariou Trio,2017-11-20
1zx6GSqLYI2ynzAHnPRKBR,179d97494603457f,58,There’d Better Be A Mirrorball,False,The Car,Arctic Monkeys,2022-10-21
204iJy1scYTbl7cTwOG54O,b5540681352e06ac,32,Casanova 70,False,Premiers Symptômes,Air,1999-08-24
20B96sgEcofUFcwtvWxXfK,b5540681352e06ac,15,Just Wrong,False,Just Wrong,Pino Palladino,2021-01-27
20I8RduZC2PWMWTDCZuuAN,b5540681352e06ac,84,Take Me Out,False,Franz Ferdinand,Franz Ferdinand,2004-02-16
20M00steJbkD9bCIUCuHPI,1e2e44dad56e626f,41,golden retriever boy,True,golden retriever boy,KiNG MALA,2021-10-28
20O6e3w6v5lQ68pFcVV5qY,b5540681352e06ac,0,Tenderly,False,Relaxing Jazz,Chet Baker,2013-10-01
20THb4yF039Sea9oWiSVtq,b5540681352e06ac,11,Back into Time,False,Back into Time,Bipeula,2023-10-06
20oenBXlmwIfK0F3fQIjhM,1e2e44dad56e626f,56,Kim,True,The Marshall Mathers LP,Eminem,2000-05-23
218gcT5h4shKp8oLZ6r0nI,b5540681352e06ac,0,The Juggernauts,False,Phoenix,zebrahead,2008-08-01
21Irbh757IcwknFBnuvRe5,b5540681352e06ac,0,You're Not Alone,False,Hope,The Blackout,2011-04-03
21eIBKnBwfRQVHUdwZ9vLA,b5540681352e06ac,7,Night Swimmer (Sea Turtle),False,Night Creatures,HOWL,2024-04-05
21mroAWVq1CVh7cVZtweMF,179d97494603457f,0,blowing my nose under close observation,False,void beats/invocation trex,Cavern of Anti-Matter,2016-02-19
21rA2OXZl7rO6FwMQoIBoQ,179d97494603457f,19,When We Are,False,When We Are,Nubya Garcia,2018-03-08
227TvMsTh4WOCsWKzkhvmE,1e2e44dad56e626f,31,&burn,False,dont smile at me (Expanded Edition),Billie Eilish,2017-08-11
22C2VHNuZVvPegO22pMoEf,b5540681352e06ac,0,Whatnot,False,Whatnot,Mindscape,2023-11-24
22CjVpcH29cyyXljhLAPew,179d97494603457f,20,Bad Apples,False,Objekt #5,Objekt,2022-07-06
22MLfUGMlRqoFoFrGexDzp,179d97494603457f,51,Teddy Bear's Picnic,False,Top 50 Nursery Rhymes,Nursery Rhymes 123,2021-01-01
22OqansuvEMQu9W0EfiGTI,b5540681352e06ac,64,We Don't Believe What's on TV,False,Blurryface,Twenty One Pilots,2015-05-15
22bPsP2jCgbLUvh82U0Z3M,1e2e44dad56e626f,78,The Way I Loved You (Taylor’s Version),False,Fearless (Taylor's Version),Taylor Swift,2021-04-09
22c2pt75xtnDddA5Zlm0yy,b5540681352e06ac,1,All Star,False,All Star Smash Hits,Smash Mouth,2005-01-01
22h9kZ4NcaCs74Mz5qTxIn,b5540681352e06ac,33,Hapsburg Lippp,True,Get To Heaven (Deluxe),Everything Everything,2015-06-22
22juTts8TAnJYwGnlxB87e,1e2e44dad56e626f,61,Mr/Mme,False,Sillygomania,Loïc Nottet,2020-05-29
22sUDQOuRmF1P2bHVpYb5P,b5540681352e06ac,28,Let Me Get Myself Together,False,We're Just Waiting for You Now,Jon Kennedy,2001
22z8YWk3lnxUjmvifjmlYO,b5540681352e06ac,24,Totem,False,GoGo Penguin,GoGo Penguin,2020-06-12
2374M0fQpWi3dLnB54qaLX,b5540681352e06ac,86,Africa,False,Toto IV,TOTO,1982-04-08
23GvTfcGK454ppLsts3W44,1e2e44dad56e626f,51,Strike a Pose (feat. Aitch),True,Strike a Pose (feat. Aitch),Young T & Bugsey,2019-06-06
23r92m2ABmBYCjQ55hncxY,179d97494603457f,49,Dancing and Blood,False,Double Negative,Low,2018-09-14
244AvzGQ4Ksa5637JQu5Gy,1e2e44dad56e626f,77,You've Got The Love,False,Lungs (Deluxe Version),Florence + The Machine,2009
249vaomDI0QnrJlT5oqAtp,b5540681352e06ac,36,Plants,False,Psychic Geography,DOVS,2025-01-17
24M4rafgMYq9b49CEYPpm9,b5540681352e06ac,28,Dreamsville,False,Dreamsville,David Halliday,2012-12-23
24Sm58vwU5vYGxzAmJ3xrr,1e2e44dad56e626f,33,Hale Man Khoob Nist,False,Hale Man Khoob Nist,Dayan,2013-01-21
24b6djSbUFQtXAdyb3FMbr,1e2e44dad56e626f,63,PTSD,True,Meet The Woo,Pop Smoke,2019-07-26
24ntSW3QVJzR79lHAAOTaY,b5540681352e06ac,76,Texas Sun,False,Texas Sun,Khruangbin,2020-02-07
24oy8Dk1klFOfpO14Zw4Lg,b5540681352e06ac,0,Bumpy Ride,False,Bumpy Ride,The Hoosiers,2011-04-10
24yHHIYVMYwN4oqfpiIh6I,179d97494603457f,35,Inheritance - 1997 Remaster,False,Spirit of Eden,Talk Talk,1988
258cHPJ184di8OB4UdcVzG,b5540681352e06ac,0,How Can I Tell You - Live,False,Passin' Thru (Live),Charles Lloyd,2017-07-14
25WWFVlQtzccvTkmBBwa1g,b5540681352e06ac,61,Pink Noise Endless,False,Pink Noise Slow Down,Smoothe Sounds,2023-02-27
25rxNTWvu6SuXxYvZxkqpE,b5540681352e06ac,22,"Piano Concerto No. 1 in C Major, Op. 15: I. Allegro con brio",False,Beethoven: Piano Concertos 1-5,Ludwig van Beethoven,2019-12-06
25s70t8pGzaIG8FWCMwfsc,b5540681352e06ac,25,Pines of Rome,False,"Respighi, Tchaikovsky",Ottorino Respighi,2012-01-17
26Q1WhREftU2HYIVjtXI7J,179d97494603457f,25,Ogre,False,Peasant,Richard Dawson,2017
26TicHGmb97Oa7tyWQc5cD,179d97494603457f,18,On My Mind,False,Too Many Voices,Andy Stott,2016-04-22
26qIVWus5hMZUcWeJUxeJx,b5540681352e06ac,0,August Twelve,False,The Universe Smiles Upon You,Khruangbin,2015-11-06
26u9zrZb8U9iPX1Gay0F1f,b5540681352e06ac,0,Wake Me Up,False,Broadcast To The World,zebrahead,2006-06-30
27Jko74ZSVY1kwt0vMY6Pu,1e2e44dad56e626f,68,opposite,False,emails i can’t send fwd:,Sabrina Carpenter,2023-03-17
27TJMHguLnuW3y2UPqXeC2,b5540681352e06ac,9,Frosty the Snowman (feat. The Puppini Sisters),False,Christmas (Deluxe Special Edition),Michael Bublé,2012-11-09
27ViQppP3LZPCJl2A0w9kp,b5540681352e06ac,16,Destiny,False,Simple Things,Zero 7,2001
285pBltuF7vW8TeWk8hdRR,1e2e44dad56e626f,82,Lucid Dreams,True,Goodbye & Good Riddance,Juice WRLD,2018-12-10
288UlMNjTPKmHqSFg7m09C,b5540681352e06ac,43,Midnight Dinner,False,Midnight Dinner,Iassu,2022-07-29
2913xXOVAIDAqxzV2g4VcU,1e2e44dad56e626f,71,The Bolter,True,THE TORTURED POETS DEPARTMENT: THE ANTHOLOGY,Taylor Swift,2024-04-19
291ozGPjR0HnVyKZOgkPGG,1e2e44dad56e626f,48,Mantieni il bacio,False,La Geografia Del Buio,Michele Bravi,2021-01-28
29KIpqCRO5jMhhCXqXU1yL,b5540681352e06ac,0,Habit Of You,False,Love Is Overtaking Me,Arthur Russell,2008-10-27
29w2zoBluhhDHOBbH6BNMp,b5540681352e06ac,0,Giddy Up,False,Bumpy Ride,The Hoosiers,2011-04-10
2AB6eY0MACr1pW6zjB6aSf,b5540681352e06ac,0,If I Were,False,Lookaftering,Vashti Bunyan,2005-10-16
2AEpgPCHevVPboRdyvYgVW,1e2e44dad56e626f,25,Asabani,False,Asabani,Shayea,2021-03-12
2AIDpIsyMNozSh7qsYwdhC,b5540681352e06ac,15,Time Away,False,Don't Forget to Look Up,Maverick Sabre,2022-01-28
2APaWLyP3drx0CIodMhKHd,b5540681352e06ac,43,Hey Ya!,False,Hey Ya!,The Blanks,2010-08-12
2AVNSGI8V5V7k60bYE76bX,b5540681352e06ac,15,Unspeakable World,False,Man Made Object (Deluxe),GoGo Penguin,2016-02-05
2ApgD2AGOa4XxzWDdqHM65,b5540681352e06ac,49,No Plan,False,"Wasteland, Baby!",Hozier,2019-03-01
2AsnivCjwQDbLe91uxq869,b5540681352e06ac,13,Herfstzon,False,Tape 2,Felbm,2018-10-26
2AtLQju6O4Slbhtuh2ndCD,b5540681352e06ac,0,Angel Eyes,False,The Trio,"Tommy Flanagan, Ron Carter & Tony Williams",2005-01-01
2B2xVbTuVWfrEf6f6K5MeK,179d97494603457f,13,The Two Magicians,False,Martin Carthy,Martin Carthy,1965-06-07
2BZFhZGjjZD2PLp8yUCaGr,179d97494603457f,8,Bouncin' With Bud,False,The Best Of Bud Powell,Bud Powell,1989-01-01
2BmWKwUbGsvFHyE5R9QdoI,179d97494603457f,3,Crisis,False,A Made Up Sound (2009-2016),A Made Up Sound,2016-10-21
2BnhDoRRohPQhs7zrqVq2L,b5540681352e06ac,50,Nobody,False,"Wasteland, Baby!",Hozier,2019-03-01
2BrW5gipvs2hSQsQowp8Gy,b5540681352e06ac,46,3:30pm - Jam'addict Remix,False,3:30pm (Jam'addict Remix),rocomoco,2024-02-09
2BstRQGodshjGpeDGQiNgo,179d97494603457f,1,Do It Again,False,Can't Buy A Thrill,Steely Dan,1972-01-01
2CXkN6UAb3jAFwz4VbsDq0,179d97494603457f,58,September Morn,False,September Morn,Neil Diamond,1979-12-22
2CYVETnhM9aytqrazYYwrK,1e2e44dad56e626f,69,Mr. Perfectly Fine (Taylor’s Version) (From The Vault),False,Fearless (Taylor's Version),Taylor Swift,2021-04-09
2CjgpJI3lrHKXEBsmaDR9w,b5540681352e06ac,26,Seaside,False,Seaside,Max Melvin,2002-04-15
2CnjDMdpRjlWv04Xk3s6MW,1e2e44dad56e626f,68,Robin,False,THE TORTURED POETS DEPARTMENT: THE ANTHOLOGY,Taylor Swift,2024-04-19
2CpH1L4CUR47RARB3PgY1l,1e2e44dad56e626f,57,You Don't Own Me (feat. G-Eazy),True,You Don't Own Me,SAYGRACE,2015-03-17
2CxTkdvhDuQrOxl8xXkdJS,179d97494603457f,45,Every Little Thing - Remastered 2009,False,Beatles For Sale (Remastered),The Beatles,1964-12-04
2D3UoXaFRyCP9trM5LtWQ5,b5540681352e06ac,45,Simple Step,False,Schvitz,Vulfpeck,2022-12-30
2DOmsF4zUbaPzLeZMsHXc6,b5540681352e06ac,0,Three Peaches,False,On Avery Island,Neutral Milk Hotel,1996
2DR0SF7IY37qj9GJKmoIjx,b5540681352e06ac,21,Flickering Lights,False,Flickering Lights,Hoffy Beats,2023-08-17
2DTHWr5NK1igQZxctpYTA9,b5540681352e06ac,48,Troupeau bleu,False,Troupeau bleu,Cortex,1975-07-15
2DWVoL45ncGjMsAdd2t2Kl,b5540681352e06ac,23,'68 aka Only Time,False,'64-'95,Lemon Jelly,2005-01-31
2DdI0KRBuxV5Km0bkm67yh,1e2e44dad56e626f,55,One Second (feat. H.E.R.),True,Heavy Is The Head,Stormzy,2019-12-13
2DjLbdQ9q2QBd4JJxM40Uf,179d97494603457f,52,Play Me,False,Moods,Neil Diamond,1972-07-15
2Dw7bmYuk02VqmhBh2k8GQ,b5540681352e06ac,0,For Wee Folks,False,Countdown,Joey Alexander,2016-09-16
2E5N1WbwP7eBJTBc7CvWlQ,b5540681352e06ac,0,Leave It Behind,False,Ixnay On The Hombre,The Offspring,1997-02-04
2ECa2abJzm8ogoS4KZGCPl,1e2e44dad56e626f,43,Bronze,True,Heavy Is The Head,Stormzy,2019-12-13
2EJsKkGDhm5NhE6CpEaPDb,b5540681352e06ac,0,Symphony No. 2: I. Largo - Allegro moderato,False,Rachmaninov: Symphony No. 2,Sergei Rachmaninoff,2010-05-11
2EeVPGHq2I7fjeDfT6LEYX,179d97494603457f,59,I Wan'na Be Like You (The Monkey Song),False,The Jungle Book,Louis Prima,1997-01-01
2EwO8bc0FOY6lNqDaZuvid,1e2e44dad56e626f,0,Sarpaam,False,Naghabel,Shayea,2017-12-17
2F1sDu1MCUQjbaMQCCd2jw,179d97494603457f,0,Rubber Chicken,False,Tempa Allstars Vol. 3,Caspa,2006-09-11
2FFaKieSbTEfj9Syw50J86,179d97494603457f,0,Tiny Tears,False,Tindersticks,Tindersticks,1995-01-01
2FkbeqpCrjjDdVH1SZgDo6,1e2e44dad56e626f,1,Broken,False,Yours,Isak Danielson,2018-10-19
2FmW4uuXf68CCqjd9rOIXs,1e2e44dad56e626f,0,اسف,False,اسف,ARmusicHIT,2019-08-20
2FsL1Iwr0gqLqGT2VgErv7,179d97494603457f,15,Vortrack - Fracture Remix,False,Vortrack,Squarepusher,2019-11-20
2Fxmhks0bxGSBdJ92vM42m,1e2e44dad56e626f,81,bad guy,False,"WHEN WE ALL FALL ASLEEP, WHERE DO WE GO?",Billie Eilish,2019-03-29
2GiJlWO0Rt3LR5nNdHMkEz,b5540681352e06ac,0,"Concerto for Orchestra, Sz. 116: II. Giuoco delle coppie",False,Bartok: Concerto for Orchestra / Dance Suite / Hungarian Peasant Songs,Béla Bartók,2014-07-15
2GlLjB7doBikhcIcvICmTs,b5540681352e06ac,0,The Best Of Me,False,Drive Thru Records Greatest Hits,The Starting Line,2005-01-01
2Gve5tSu2iuelWRvc3W2PU,179d97494603457f,24,Be-Bop,False,"Something Old, Something New",Dizzy Gillespie,1998-01-01
2Gxqikeb2xoK7clN0p8wch,b5540681352e06ac,45,シュリンプ・ダンス,False,キャット,鈴木 弘,1976
2HQWTyTz7VRJ8g0wbXcf7A,b5540681352e06ac,0,The Times They Are A-Changin',False,Music From The Motion Picture Watchmen,Bob Dylan,2009-02-24
2HReNSxrMRcJ0cYMzKAJK6,179d97494603457f,52,Jet Skis On The Moat,False,The Car,Arctic Monkeys,2022-10-21
2Hh5BKsYsg9Z5uLYyI9Ppl,b5540681352e06ac,0,Garden Dog Barbecue,False,v2.0,GoGo Penguin,2014-03-17
2HotTAoFiOYTeMZkNs1Ces,1e2e44dad56e626f,70,The Love Club,False,The Love Club EP,Lorde,2013-03-08
2HsOICaAi5bwnqyG7uO1Fo,179d97494603457f,46,Kangaroo - Remastered,False,It'll End In Tears (Remastered),This Mortal Coil,1984-10-01
2I07Lbee7UvoAdlTAl37AM,1e2e44dad56e626f,65,Medicine,False,The Wild Youth EP,Daughter,2011-11-21
2I8YAEA1VmCuP1wkJHMpTw,1e2e44dad56e626f,65,mirrorball,False,folklore (deluxe version),Taylor Swift,2020-08-18
2IRjyyiU5P9WnmXJKcnwww,1e2e44dad56e626f,63,It's Called: Freefall,True,It's Called: Freefall,Paris Paloma,2022-07-22
2IWtloZYQDcP8Ashwx8QEF,1e2e44dad56e626f,74,Black Out Days,False,Voices,Phantogram,2014-02-18
2JbO1rep5Um3RAKB8szQrR,1e2e44dad56e626f,67,Barking,False,Blockbuster,Ramz,2019-05-17
2Jvcvvz3qqNsFEzryvcaCs,1e2e44dad56e626f,0,WINE,False,WINE,B Young,2020-02-13
2JvzF1RMd7lE3KmFlsyZD8,1e2e44dad56e626f,77,MIDDLE CHILD,True,MIDDLE CHILD,J. Cole,2019-01-23
2KDg2bTfe7IjndYkCv1DoY,b5540681352e06ac,27,Hear Me Now,False,The Moment (Digital Deluxe),Framing Hanley,2008
2KH16WveTQWT6KOG9Rg6e2,b5540681352e06ac,76,Eye of the Tiger,False,Rocky IV,Survivor,1985
2KRQR1VK6OoJxpwVzwDv72,b5540681352e06ac,44,Funky Duck,False,Thrill of the Arts,Vulfpeck,2015-10-09
2Kb3ADjPqHao5geDlcFR4m,179d97494603457f,23,All of a Sudden,False,Disco Rekah,Coki,2007-01-15
2KlaSNG8WVoCclxnnuDrpH,179d97494603457f,0,Nges,False,Kongestion,SHXCXCHCXSH,2022-03-14
2KzUCbNVPsshTwMmm7lKhK,b5540681352e06ac,0,Timothy Grub,False,Just Another Diamond Day,Vashti Bunyan,1970
2LIh4uzqq9cXMPzzmcToHl,1e2e44dad56e626f,3,Lost on You,False,Lost on You,LP,2017-05-05
2LZlyQofQDVcmDNswLKsxl,179d97494603457f,0,Clean,False,"Brownswood Bubblers Twelve, Pt. 2 (Gilles Peterson Presents)",Broadstrokes,2017-06-30
2LjCDa2D7ub6s0tZ9SP4f3,b5540681352e06ac,17,Magnetic North,False,Airdrawndagger,Sasha,2002-07-29
2Lm7Qmm7UvlRojt0c8BFI1,1e2e44dad56e626f,66,Sinner,False,Sinner,Shaya Zamora,2024-07-12
2LmFeLBe39IfY0XfqJ0vOi,b5540681352e06ac,52,Lonely Soul,False,Psyence Fiction,UNKLE,1998-08-24
2M3laSC4qeLl9tWxDEzF4T,b5540681352e06ac,45,Polka Dots And Moonbeams,False,Incredible Jazz Guitar,Wes Montgomery,2000-01-01
2MaLglXXcouyoh03rUROQ2,179d97494603457f,0,Peg,False,Aja,Steely Dan,1977-01-01
2Mfv5HaqnI18Q9JRv9hqnn,1e2e44dad56e626f,51,Still Learning,False,Manic,Halsey,2020-01-17
2Mrrlxy5Du4ykchpk2Ek5S,b5540681352e06ac,12,"Piano Sonata No. 17 in B-Flat Major, K. 570: II. Adagio",False,Mozart: The Piano Sonatas,Wolfgang Amadeus Mozart,2001-01-01
2Ms33RTRCT6gArrpcrPxmo,b5540681352e06ac,77,Feel,False,Escapology,Robbie Williams,2002
2Mt27qdkzzjwSQq2TbTRnN,b5540681352e06ac,41,Welcome,False,Music For Psychedelic Therapy,Jon Hopkins,2021-11-12
2MuWTIM3b0YEAskbeeFE1i,b5540681352e06ac,78,Master Of Puppets,False,Master Of Puppets (Remastered),Metallica,1986-03-03
2MvmsEPBWo9SMo4w3Ol7tN,179d97494603457f,0,Poor Boy,False,Bryter Layter,Nick Drake,1970-03-06
2MvvoeRt8NcOXWESkxWn3g,1e2e44dad56e626f,84,Ribs,False,Pure Heroine,Lorde,2013-09-27
2MzuBHUg1YLezoTZqfBfVl,179d97494603457f,43,Mississippi,False,You're Dreaming,The Cactus Blossoms,2016-01-22
2N8QOrPnsAdPvvyWi9MpAb,b5540681352e06ac,0,A Lot Like Me,False,"Rise And Fall, Rage And Grace",The Offspring,2008-06-13
2NukA9OEypmF4j5ROWsfdJ,b5540681352e06ac,17,March,False,Music For Home,Brian Green,2021-09-30
2O1vTF3y8Jq1XSrgSto6YL,1e2e44dad56e626f,50,New York Times (feat. 50 Cent & Bas),True,Born Sinner (Deluxe Version),J. Cole,2013-06-18
2OcLouLyke8ocFkC3tgFd0,b5540681352e06ac,16,The Bird from Kapingamarangi,False,Late Night Jazz,Chet Baker,2018-02-20
2OpUQ0TrVzBJa6hWCK2iBN,b5540681352e06ac,0,Escape,False,This Is War,Thirty Seconds To Mars,2009-01-01
2P61EK6DMGyVyssLWS4fKy,b5540681352e06ac,65,Lane Boy,False,Blurryface,Twenty One Pilots,2015-05-15
2PBVEbswFG0Y0wyz9iPbkf,b5540681352e06ac,0,Bane,False,The Dream,alt-J,2022-02-11
2PGjwXWCkFaPKYsl1Pyu2y,b5540681352e06ac,28,Cop Shoot Cop...,False,Ladies and gentlemen we are floating in space,Spiritualized,1997-06-16
2PoqnzWrZku3y90o50wVNi,179d97494603457f,38,Sleeping Ute,False,Shields,Grizzly Bear,2012-09-17
2PuUFT13yCzUOZun94WOXv,179d97494603457f,58,Suite: Judy Blue Eyes - 2005 Remaster,False,"Crosby, Stills & Nash","Crosby, Stills & Nash",1969-05-29
2Q0aElTZQtEUsoiaQfizu6,179d97494603457f,58,PARASAIL (feat. Yung Lean & Dave Chappelle),False,UTOPIA,Travis Scott,2023-07-28
2Q5NRptvgxkvMkPlhOQJve,179d97494603457f,0,49 Days,False,Pilled Up on a Couple of Doves,PDP III,2021-04-09
2QSimeBrPuaCxpGPSCh60C,1e2e44dad56e626f,68,Something Blue,False,Glass Half Empty (Part I),VOILÀ,2024-06-21
2Qgsm22mbVfIRfx9ZRRHKE,b5540681352e06ac,37,Escape Velocity,False,Further,The Chemical Brothers,2010-06-14
2QsquiKBcjvDUlO6QyvMEs,b5540681352e06ac,52,Nina Cried Power,False,"Wasteland, Baby!",Hozier,2019-03-01
2R1vQwYTC0sl93C6oyVuHC,b5540681352e06ac,34,Simplicity,False,25 Years,Edward Simon,2020-10-09
2R4xRHfloQxM21BWylt4rC,179d97494603457f,1,UFOUFOUF,False,OUFOUFOF,SHXCXCHCXSH,2018-11-12
2R9lqoximtsPHmnuvj3ptd,b5540681352e06ac,35,Rainbow Road,False,Small Moments,Dan Kye,2020-11-13
2RVdkp8Oi2LCkrXTADoszO,1e2e44dad56e626f,43,Minshanik,False,Peaks and Valleys,Michael Hakim,2024-06-14
2RWjugJQW9FQbQeun7CXav,179d97494603457f,42,The Night,False,Wigan Casino 40th Anniversary Album,Frankie Valli & The Four Seasons,2013-01-01
2RlgNHKcydI9sayD2Df2xp,b5540681352e06ac,79,Mr. Blue Sky,False,Out of the Blue,Electric Light Orchestra,1977
2S2ELB9wL0YDx9R1EvOfQX,1e2e44dad56e626f,44,7abibti Mnen- حبيبتي منين,False,Gol Ma Ahebak- كول ما احبك,Husam Al Rassam,2013-10-15
2S7hH8gCuwlqL8vqia3eJp,179d97494603457f,54,Riverside,False,America,America,1972
2SOT09giYc28fUo9ppjCpw,179d97494603457f,0,San Francisco,False,We Are the 21st Century Ambassadors of Peace & Magic,Foxygen,2013-01-22
2SmFr5kiRsltqh7Zm9Z1gK,b5540681352e06ac,0,"Symphony No. 2: Tempo Andante, ma rubato",False,Sibelius: Symphony No. 2,Jean Sibelius,2007-04-10
2Smeb5R5N2aCYAi7cIhema,b5540681352e06ac,0,I Got It Bad,False,Duke's Dream,Enrico Pieranunzi,2017-01-13
2T1uYOQZxiY1H57VAiXXTF,179d97494603457f,0,Only You Know,False,Born to Be With You / Streetheart,Dion,2015-10-30
2T7NAc4ug4e2588k1BAqa2,b5540681352e06ac,0,Glorious,False,Bumpy Ride,The Hoosiers,2011-04-10
2TAp3BxBHAdeDSCrXdyrac,179d97494603457f,4,Kosovo Hardcore,False,Parametr Perkusja,Bambounou,2018-06-22
2TK2KSrzXD6W01qjXVjNGh,1e2e44dad56e626f,71,The Room Where It Happens,False,Hamilton (Original Broadway Cast Recording),Leslie Odom Jr.,2015-09-25
2TPK5ywzf7Z6xYekKzTMJY,1e2e44dad56e626f,0,Sarnevesht,False,Sarnevesht,Gdaal,2019-08-27
2Thm318ObfpdGxcaI6vYhk,b5540681352e06ac,9,"Symphony No. 9 in D Minor, Op. 125: IV.Recitative; (Presto - Allegro ma non troppo)",False,Beethoven: Symphony No. 9,Ludwig van Beethoven,2011-09-01
2U0wADexY4yIqCPXLYvUn2,b5540681352e06ac,30,Friday Film Special,False,Everything Is Going to Be OK,GoGo Penguin,2023-04-14
2U21JLmiHCsoyYuNDbORjC,b5540681352e06ac,0,Fatty Boom Boom,False,TEN$ION,Die Antwoord,2012-01-30
2U52Hp8zYnG2kvt2de0M2L,b5540681352e06ac,33,Something,False,Family Dinner - Vol. 1,Snarky Puppy,2013-09-24
2U8GYyGuoxBjQvIYVTEKIx,179d97494603457f,18,Estrange,False,Shedding the Past,Shed,2016-10-21
2UDPI9h4A6NOvCeypGab9t,b5540681352e06ac,2,Partita No.2 for Solo Violin in D Minor BWV 1004: Chaconne,False,Partita No.2 for Solo Violin in D Minor BWV 1004: Chaconne,Johann Sebastian Bach,2020-04-10
2UvJGqD2wNzCfOHrUsm2Pu,1e2e44dad56e626f,64,I’d Rather Overdose,True,hara-kiri,honestav,2024-11-08
2UwdGt4XfRiKH7cO6IrgGB,179d97494603457f,20,Ploy,False,Silvertwin,Silvertwin,2021-07-16
2VGR7dXeOWhXmrnd0UFdKJ,1e2e44dad56e626f,0,2 Saal,False,Frequency,Octave,2019-08-18
2VkRYEocFL6OwaKmXAGmLb,179d97494603457f,4,Two Leads and a Computer,False,The Air Between Words,Martyn,2014-06-16
2VmdBQUEhar301Cmc4n77K,b5540681352e06ac,0,"Concerto for Orchestra, Sz. 116, BB 123: II. Giuoco delle coppie. Allegretto scherzando",False,"Bartók: Concerto for Orchestra, Violin Rhapsodies & Dance Suite",Béla Bartók,2017-11-03
2VyvDGdcVY04cNYou9MFVX,b5540681352e06ac,78,Dirty Cash (Money Talks),False,Dirty Cash (Money Talks),PAWSA,2024-11-15
2WGmCL4wPC9RoGvRnp8Goz,1e2e44dad56e626f,46,Choros - Remastered 2020,False,Undiscovered,Ludovico Einaudi,2020-09-18
2WazybrAdTHvtwcfCAIlVj,1e2e44dad56e626f,56,watch,False,dont smile at me (Expanded Edition),Billie Eilish,2017-08-11
2WbKDH7BbDUHqACsZH0KVW,b5540681352e06ac,44,"Daddy, He Got a Tesla",False,The Beautiful Game,Vulfpeck,2016-10-17
2WiOJ0YfLFxZjdpts8QP7j,b5540681352e06ac,13,Mars,False,The Planets (Ultimate Edition),Isao Tomita,2011-06-01
2X485T9Z5Ly0xyaghN73ed,b5540681352e06ac,82,Let It Happen,False,Currents,Tame Impala,2015-07-17
2XV5CUyw7gPVi18d718D4f,b5540681352e06ac,50,Plantasia,False,Mother Earth's Plantasia,Mort Garson,2019-03-22
2XWcRARPGdC06x5pk7xQjd,179d97494603457f,1,Cubismo 8.5 (Lost in Buenos Aires III ) - bonus track,False,Cubismo,Architectural,2017-01-16
2Xcvt8NRLw0xbB3ClfW8MI,1e2e44dad56e626f,61,Temporary Fix,False,Made In The A.M. (Deluxe Edition),One Direction,2015-11-13
2XpsvLcddOSFanKBCZCEBR,179d97494603457f,38,Opposite House,False,Mangy Love,Cass McCombs,2016-08-26
2Xt6ANxPp2Ds41E3CWYiSV,b5540681352e06ac,0,Bounce: pts I + II,False,KINFOLK: Postcards from Everywhere,Nate Smith,2017-02-03
2Z3Z72bsa3UZDy1Roy7MFe,179d97494603457f,7,Confirmation,False,BD Music & Cabu Present Charlie Parker,Charlie Parker,2006-10-10
2Z8WuEywRWYTKe1NybPQEW,b5540681352e06ac,82,Ride,False,Blurryface,Twenty One Pilots,2015-05-15
2ZKgeVCWa1RfOq2FMcokGy,b5540681352e06ac,0,Midnight Cruisin,False,Midnight Cruisin,Lamar Azul,2023-11-10
2ZVWg6VCq8FQdeD5yuWD9r,1e2e44dad56e626f,42,Burn,False,The Hamilton Mixtape,Andra Day,2016-12-02
2ZXb6OBkjmDYnvEB3iANgH,1e2e44dad56e626f,2,Dead Man,False,Dead Man,David Kushner,2023-09-22
2ZjCY9aD3RZL38IAZuJP74,b5540681352e06ac,0,Powders,False,The Dream,alt-J,2022-02-11
2Zm6KDgIYpaKPOG267OBFv,179d97494603457f,0,Dancing and Blood,False,Double Negative,Low,2018-09-14
2ZrUwNP8q29wg3VpvMI0t3,b5540681352e06ac,36,Paces,False,Paces,Lazlow,2023-04-05
2a1PrxkybouMgrUSuIHHce,b5540681352e06ac,6,Currents,False,Currents,Jab,2021-03-19
2aMHA0kCzCKDiRTNEe4NJc,1e2e44dad56e626f,47,Breakdown,True,Cole World: The Sideline Story,J. Cole,2011-09-27
2as9DMML3RYe4uGiBpTvEm,b5540681352e06ac,0,Hollywood Forever Cemetery Sings,False,Fear Fun,Father John Misty,2012-04-30
2bNivLleNjHDgPonfchAfo,b5540681352e06ac,40,Bright Idea,False,Bright Idea,Orson,2006-01-01
2bUAO6zdegnU4RNbZ7gtrw,b5540681352e06ac,30,Zam the Assassin and the Chase Through Coruscant,False,Star Wars: Attack of the Clones (Original Motion Picture Soundtrack),John Williams,2002-04-23
2bbn7tzZ5KjzHovpDfv7rs,179d97494603457f,0,Those Days,False,Green Twins,Nick Hakim,2017-05-19
2bcC9Xyi40wnI7Od5uch31,1e2e44dad56e626f,63,Iron Sky,False,Caustic Love,Paolo Nutini,2014-04-11
2bdCde0hpFNrC6xePlcum3,1e2e44dad56e626f,38,Avaze Ghoo,False,Prestige,Sijal,2023-08-22
2bmzj0mIXOq8ETfy5S9VtW,179d97494603457f,51,Miss Polly Had a Dolly,False,"Sing and Learn, Vol. 1 - A Collection of Nursery Rhymes to Help Little Ones Learn and Develop.",Vicky Arlidge,2011-12-01
2boZizYpgjYUOe03N7qBJS,b5540681352e06ac,33,"Symphony No. 5: III. Scherzo. Kräftig, nicht zu schnell",False,Mahler: Symphony No.5,Gustav Mahler,1997-01-01
2c32F1jt47FbgVmJXwkDGq,b5540681352e06ac,0,Jackie And Wilson,False,Hozier (Special Edition),Hozier,2014-11-06
2cKEla5yiK5J6XVeMv9nEo,1e2e44dad56e626f,68,Puppeteer,False,EPIC: The Circe Saga (Official Concept Album),Jorge Rivera-Herrans,2024-02-14
2cUC5EKLop2dZr45cRpyds,b5540681352e06ac,33,Fortune 500,False,Get To Heaven (Deluxe),Everything Everything,2015-06-22
2cgELeRnPeDFuGrY96Lj6m,1e2e44dad56e626f,40,Trust Issues,False,Trust Issues,NSG,2019-10-03
2chNlEOvs5WkpZolh0G0ca,b5540681352e06ac,33,Apapane,False,Apapane,Oaty.,2023-06-23
2ck8lFrYAch2GPtdhpTHe3,179d97494603457f,42,All Together Now - Remastered 2009,False,Yellow Submarine (Remastered),The Beatles,1969-01-17
2clQFJc9WNnzEIy7XKV4qr,1e2e44dad56e626f,36,Say Yeah,True,Say Yeah,Mnelia,2020-02-04
2cxH8WTPErfw2OWnzYmIu1,179d97494603457f,0,Liptones,False,YosepH,Luke Vibert,2003-10-13
2cytBOLpwFRX7J9URCrFIe,1e2e44dad56e626f,52,Options,True,Options,NSG,2018-11-30
2d0bYxU8jZntgNb9c1fGF5,b5540681352e06ac,0,Everything Happens To Me,False,It Could Happen To You,Chet Baker,1987-01-01
2d8UxVNhJinc8uat9PoM9y,1e2e44dad56e626f,72,Who’s Afraid of Little Old Me?,False,THE TORTURED POETS DEPARTMENT: THE ANTHOLOGY,Taylor Swift,2024-04-19
2dIpzVC9RzJIYca6fGcPTT,179d97494603457f,53,Choo Choo Train,False,"Jump, Wiggle and Hop",Patty Shukla,2016-11-28
2dRAXN5jOP0lPFjQuHItJr,b5540681352e06ac,36,Firewater,False,Django Django,Django Django,2012-01-30
2ddznUWfrjiPS0cYGGf2jy,179d97494603457f,35,Tell Old Bill,False,Van Ronk Sings,Dave Van Ronk,1961-01-01
2dgFqt3w9xIQRjhPtwNk3D,1e2e44dad56e626f,71,Death By A Thousand Cuts,False,Lover,Taylor Swift,2019-08-23
2dono2Koz7DEvGwxUsmMLq,1e2e44dad56e626f,79,Linger - SiriusXM Session,False,Linger / Heading For The Door (Sirius XM Session),Royel Otis,2024-05-31
2dzfbF8zeQHNrgAIydOuFY,b5540681352e06ac,6,No Reptiles - Jim Eno Sessions,False,Spotify Sessions,Everything Everything,2016-08-01
2e1w6HJVgBa9AAn9wE4FtU,b5540681352e06ac,16,Can't Do,False,Can't Do,Everything Everything,2017-06-14
2eECiyEWKrdD0m0qbU5Wpw,b5540681352e06ac,0,Keep On Lying,False,Lonerism,Tame Impala,2012-01-01
2eF8pWbiivYsYRpbntYsnc,179d97494603457f,4,"Signed, Sealed, Delivered (I'm Yours)",False,"Signed, Sealed And Delivered",Stevie Wonder,1970-08-07
2eKzmYenGeK9YBxD9TTGK5,b5540681352e06ac,16,As We Are,False,The Jazz Art Of Relax,Soulstance,2023-01-13
2eNKE4PW5uL0pIfGNw01SV,b5540681352e06ac,39,It Gets Funkier IV,False,Hill Climber,Vulfpeck,2018-12-07
2eV5tSdlAqNQIHRzHUMsXe,b5540681352e06ac,52,Da Feelin,False,Thought So…,Nightmares On Wax,2008-08-25
2ehRU518I0hYqMGQnk4lDY,1e2e44dad56e626f,64,invisible string,False,folklore (deluxe version),Taylor Swift,2020-08-18
2eyPtyuJl4UPzwd67wdyK8,179d97494603457f,0,Time To Find Me (AFX Fast Mix),False,"Pure, Impure",Seefeel,1993-06-28
2f4mTu5Y6I3wVApqhy5wbV,b5540681352e06ac,21,Windmills,False,Windmills,KaspaHauser,2021-08-27
2f77LCcMR3FPZ7PzjDauxg,1e2e44dad56e626f,46,Until We Go Down,False,Up In Flames,Ruelle,2015-01-20
2fPvQfGQEZOKtJ9qXeL4x8,1e2e44dad56e626f,73,I Can Do It With a Broken Heart,True,THE TORTURED POETS DEPARTMENT: THE ANTHOLOGY,Taylor Swift,2024-04-19
2fwBg1XbA0NnZiDjgksmxq,1e2e44dad56e626f,26,One Time,False,Shaykh the World,Sons of Yusuf,2020-02-07
2g1iBv7SXxiXX0IEG4lz2k,b5540681352e06ac,50,Stardust,False,Reunion With Chet Baker,Gerry Mulligan,1988-01-01
2g7uRZ68eLtv74XrxgdT2q,1e2e44dad56e626f,63,"Young, Wild & Free (feat. Bruno Mars)",True,Mac and Devin Go To High School (Music From and Inspired By The Movie),Snoop Dogg,2011-12-09
2gPHe0HGFEehDmyNFALjFu,179d97494603457f,51,Five Little Ducks,False,Top 50 Nursery Rhymes,Nursery Rhymes 123,2021-01-01
2gSyc23Hua25fqSFpgAh6W,b5540681352e06ac,57,Say My Name,False,The Writing's On The Wall,Destiny's Child,1999-09-07
2gam98EZKrF9XuOkU13ApN,1e2e44dad56e626f,86,Promiscuous,False,Loose,Nelly Furtado,2006-01-01
2gdjR8nBAShQ2fu4pBnwKm,179d97494603457f,24,I Swallowed a Stone,False,How Will I Live Without a Body?,Loma,2024-06-28
2h5MXpKXgB2UR65PR6hKrd,1e2e44dad56e626f,35,Running With The Wolves - Pablo Nouvelle Remix,False,All My Demons Greeting Me As A Friend (Deluxe),AURORA,2016-03-11
2hPDyMF8QrMQA40JjOob81,b5540681352e06ac,0,B.Y.O.B. (as made famous by System Of A Down),False,Video Game Madness,The Rock Heroes,2009-07-01
2hUFjIbpKaRqs97OjUAmXb,b5540681352e06ac,1,Johnny Boy,False,Twenty One Pilots,Twenty One Pilots,2009-12-29
2hg38O0rPa8Ny1i3xQWV7N,b5540681352e06ac,42,Tarova,False,Culcha Vulcha,Snarky Puppy,2016-04-26
2hwDqc71Z1RB3VWbelE66p,b5540681352e06ac,7,Stella,False,Human Samling,Harald Lassen,2020-11-13
2iUrcZcAuVIahQD0dg9HLe,b5540681352e06ac,54,Autumn Leaves,False,My Funny Valentine: The Best Of Chet Baker,Chet Baker,2010-04-23
2ibyb9pq2epz6R43yQMDBa,179d97494603457f,10,The Night Is Ours,False,Silvertwin,Silvertwin,2021-07-16
2igwFfvr1OAGX9SKDCPBwO,1e2e44dad56e626f,84,Empire State Of Mind,True,The Blueprint 3,JAY-Z,2009-09-08
2ixNRyMUQnlcmnox8xBTL5,1e2e44dad56e626f,46,Don't Forget to Breathe (feat. Yebba) [Interlude],False,Heavy Is The Head,Stormzy,2019-12-13
2jujJUIec7WJiop5CL85wy,b5540681352e06ac,0,Symphonies of Wind Instruments (1947 Version),False,Stravinsky: Works for Winds,Igor Stravinsky,2017-11-17
2jz7vSAguRJmBHEA4I6C4N,179d97494603457f,29,Footprints,False,The Best Of Wayne Shorter,Wayne Shorter,1988-01-01
2kMPNsSwR8qBxa8RDpdkGS,b5540681352e06ac,14,Quiet Mind,False,Man Made Object (Deluxe),GoGo Penguin,2016-02-05
2kSdFyyM9O7JqmmTBgVs6V,1e2e44dad56e626f,43,Birds,True,Utopia,M Huncho,2019-04-12
2kkPSOHHGhaRkmwrPLPJPn,179d97494603457f,0,The Arrow and the Aim,False,Preservation,Nadia Reid,2017-03-03
2kpaRWsZTE96rmw0NBfP0c,b5540681352e06ac,0,I Got It Bad And That Ain't Good,False,Night Train (Expanded Edition),Oscar Peterson Trio,1963-01-01
2lOqVqq8bI50qW9mHdyFai,179d97494603457f,32,Stone on the Water,False,The Hour of Bewilderbeast,Badly Drawn Boy,1999-09-06
2lSyPI9VHK06g1yxbtwMXq,1e2e44dad56e626f,44,Never Told,True,Cole World: The Sideline Story,J. Cole,2011-09-27
2laACzJ79QbJxQrOnMb7SW,b5540681352e06ac,0,Holly Hobby,False,Advance Base Battery Life - Singles Collection,Casiotone For The Painfully Alone,2009-03-10
2lp3ycHVNMK2xZ5GFMwEtX,179d97494603457f,0,Beautiful Blue Sky,False,Sun Coming Down,Ought,2015-09-18
2lrGJgwCRIpD9SzIWKiLWo,b5540681352e06ac,0,Final Form,False,Man Alive,Everything Everything,2010-01-01
2mDWVwyZJCyXrbEMNBButt,b5540681352e06ac,19,"Symphony No. 3 in F Major, Op. 90: I. Allegro con brio",False,Brahms: Symphonies 1-4,Johannes Brahms,2011-09-12
2mWpqBnuI40nh6gUu2fl35,179d97494603457f,0,Ploy,False,Silvertwin,Silvertwin,2021-07-16
2n1oPHJVMPWJkjgHwVcksY,1e2e44dad56e626f,41,Must Be,True,Must Be,J Hus,2019-11-08
2nTbWfwXlp9gK5u205Pcm1,1e2e44dad56e626f,69,God Games,False,EPIC: The Wisdom Saga (Official Concept Album),Jorge Rivera-Herrans,2024-08-30
2naTfNQjSu9qumZQ4I2u55,179d97494603457f,4,Plastic Dreams,False,Elastic Layouts,Architectural,2016
2o367zsjhtv6PvN8NXq4Ig,179d97494603457f,36,Pink Sky,False,How Will I Live Without a Body?,Loma,2024-06-28
2oAP4IpSO3NQTfau1KGjwb,179d97494603457f,17,111,False,Lemodie,Ochre,2006-07-10
2oFgZSzpbXscqwZQyoFIzW,b5540681352e06ac,30,The Peacocks,False,Blues For Hiroshi,Anthony Wonsey Trio,2004-09-21
2oVyKK5NH2oawyrDZJn581,b5540681352e06ac,0,'Cause I'm A Man,True,Currents,Tame Impala,2015-07-17
2odQ2mr6rSgGztyFNbsO3I,b5540681352e06ac,0,Lately,False,Lookaftering,Vashti Bunyan,2005-10-16
2oeBegHX6tUL4R0iUJkfcm,b5540681352e06ac,29,State of Mind,False,Timeless,Goldie,1995-01-01
2oeEq7M17OE5rqcYYYHZet,179d97494603457f,39,The Sky Was Pink - Holden Remix,False,The Sky Was Pink,Nathan Fake,2004-08-23
2olxzvoFI9IpxqFeUv7WOX,1e2e44dad56e626f,65,the last great american dynasty,True,folklore (deluxe version),Taylor Swift,2020-08-18
2pMdLjMMHY7ArM5GQGzMk8,1e2e44dad56e626f,34,Sunday Crossword,False,Poetic License,Janani K. Jha,2022-12-02
2pV1ZQEH9fieG0kLstdrtC,b5540681352e06ac,0,Pretty Fly (For A White Guy),False,Americana,The Offspring,1998-11-16
2paOnKZc86eDERdf5nUhm2,179d97494603457f,40,Always a Stranger,False,Soft Tissue,Tindersticks,2024-09-13
2pc4g1tUBC65a2mAL6yYWT,b5540681352e06ac,0,Ice Ice Baby,False,Top 40 90's Hits - 40 Ultimate Nineties Anthems!,90s allstars,2014-05-11
2pdulgTSVNLaZkwCi32Jk3,b5540681352e06ac,22,Balloons,False,Dig It to the End,Tonbruket,2011-05-27
2pfkf8uJnE9TC9p2NZIe2U,179d97494603457f,3,VOOO,False,VOOO EP,SHXCXCHCXSH,2020-04-17
2puf884KZUdOILvmkRqgkd,179d97494603457f,8,Insight,False,A Swirling Fire Burning Through the Rye,Cool Ghouls,2014-11-11
2q761Wyz5BfA1Emy3t4vsI,b5540681352e06ac,25,NYC,False,NYC,Jost Esser,2024-01-24
2qFIJT5hjqaNFA1GKwl9me,1e2e44dad56e626f,68,Take a Break,False,Hamilton (Original Broadway Cast Recording),Phillipa Soo,2015-09-25
2qIPI6n3AdqXorzj0qp9Sj,b5540681352e06ac,0,"Symphony No. 5 in E flat major, Op. 82: III. Allegro molto",False,Sibelius: Symphonies Nos. 5 & 6,Jean Sibelius,2004-01-01
2qJBAYZZzB7WcBXSxw6cXk,1e2e44dad56e626f,0,Yadam Toro Faramush,False,70,Gdaal,2016-09-26
2qQg4qcqJmAalzRwhgf5mt,1e2e44dad56e626f,55,In The End,False,In The End,Tommee Profitt,2019-03-22
2qTmQ8fOXk0Wk0xU0c4f2u,179d97494603457f,0,"Hanson St, Pt. 2 (A River)",False,Preservation,Nadia Reid,2017-03-03
2qhQcgmpMIZpApxX0kP3ue,b5540681352e06ac,0,Horn Concerto: I. Tintinnabulations,False,"Ticheli, Warnaar & Ranjbaran: Wind Concertos",Brad Warnaar,2018-02-09
2r2XzhBMB4liDL9YW80Fqs,b5540681352e06ac,35,And So It Goes,False,The Essential Billy Joel,Billy Joel,2001-10-02
2r3dQilQpgjPbRomN7GAvD,b5540681352e06ac,17,After All,False,After All,Yuri Honing Acoustic Quartet,2017-12-15
2rFgQag7UBw0EnVqrUkSq7,179d97494603457f,51,Ten in the Bed,False,Top 50 Nursery Rhymes,Nursery Rhymes 123,2021-01-01
2rYeOsjICE7zWFZ9jF8UnB,b5540681352e06ac,2,Prometheus,False,Prometheus,Tenderlonious,2021-03-24
2sEmZge5ZfzrFrDGFJbkyP,179d97494603457f,0,Strings of Light,False,Black Focus,Yussef Kamaal,2016-11-04
2sgeR4J7gQwSZwfgtvVbQj,b5540681352e06ac,41,処女航海,False,華麗なるエレクトーン -サマータイム-,SHIGEO SEKITO,1977-03-25
2ssqkV8Jb5jkzLCicR0lLO,1e2e44dad56e626f,0,Duset Daram,False,Duset Daram,Wantons,2017-11-19
2stkLJ0JNcXkIRDNF3ld6c,179d97494603457f,71,You've Got a Friend in Me,False,Toy Story (Original Motion Picture Soundtrack),Randy Newman,1995-01-01
2sxscnKFuysPQNmjvIvdQ0,179d97494603457f,24,Torn Green Velvet Eyes,False,Holiday,The Magnetic Fields,1999-01-12
2t0ZYmVXMR36fchq1Egs2d,b5540681352e06ac,52,By the Way,False,By the Way,Red Hot Chili Peppers,2002-07-09
2t47iaAbVgydFPr8EfGy8I,179d97494603457f,15,Longboat,False,Rezzett LP,Rezzett,2018-02-23
2tVouQintSo2ffjVgnv6Sh,b5540681352e06ac,0,My Humps,False,Monkey Business (International Version),Black Eyed Peas,2005-01-01
2uMm657euPoE7Vgaukuupl,b5540681352e06ac,51,Pagan Poetry,False,Vespertine,Björk,2001-08-27
2udw7RDkldLFIPG9WYdVtT,b5540681352e06ac,0,Sir Duke,False,Songs In The Key Of Life (Reissue),Stevie Wonder,1976-09-28
2ugTMmn6H166ivXhQWsRjA,b5540681352e06ac,44,Right Thing,False,Right Thing,IONA,2023-09-29
2uqYupMHANxnwgeiXTZXzd,1e2e44dad56e626f,83,Austin (Boots Stop Workin'),True,What Happens Now?,Dasha,2024-02-16
2uuAE79hwuYDzEI20wDRpy,1e2e44dad56e626f,54,G Love,True,Revenge Is Sweet,Krept & Konan,2019-11-01
2uwnP6tZVVmTovzX5ELooy,1e2e44dad56e626f,79,Power Trip (feat. Miguel),True,Born Sinner (Deluxe Version),J. Cole,2013-06-18
2vkk8wt2OqswbyI0iRwbkJ,1e2e44dad56e626f,33,I Don't Belong to You,False,This Is Not The End,MILCK,2018-01-19
2wAJTrFhCnQyNSD3oUgTZO,1e2e44dad56e626f,80,Work Out,True,Cole World: The Sideline Story,J. Cole,2011-09-27
2wOlZrHUpRP9hQbqbV9Ae5,b5540681352e06ac,0,Together,False,Colour Yes (Special Edition),Matthew Halsall,2009-10-26
2wrdD5f5EoVaR7iKvFwZje,179d97494603457f,0,Kong,False,Kongestion,SHXCXCHCXSH,2022-03-14
2wsBhAFs6Cxk9AGngVpYOK,1e2e44dad56e626f,46,Miss America,True,Born Sinner (Deluxe Version),J. Cole,2013-06-18
2x91iJc0UkFcjRMEZ2CoWB,b5540681352e06ac,52,"Freddie Freeloader (feat. John Coltrane, Cannonball Adderley, Wynton Kelly & Paul Chambers)",False,Kind Of Blue (Legacy Edition),Miles Davis,1959-08-17
2xgVhBL2ZAAcqDhuTvJWML,b5540681352e06ac,18,Futures,False,Like Minds,Gary Burton,1998-01-01
2xoI9GNzL78JT3GF0CLpJk,1e2e44dad56e626f,38,Time Lapse,False,Cinema,Ludovico Einaudi,2021-06-04
2xpdxHeyBVL8etvl71FQnj,b5540681352e06ac,16,Impressions II in C Sharp Minor,False,Impressions For Headphones,Brian Green,2019-06-19
2y0PP3oosI9URr3z12kK31,b5540681352e06ac,0,The Storm,False,Hope,The Blackout,2011-04-03
2yBVeksU2EtrPJbTu4ZslK,179d97494603457f,74,What a Fool Believes,False,Minute by Minute,The Doobie Brothers,1978
2yCXjCr32mfkJ4JPxQ35dz,179d97494603457f,48,I Love To Boogie,False,Dandy In The Underworld,T. Rex,1977-03-11
2yYLweP0tlSwM3Ws5vReeR,179d97494603457f,3,Pointless Noise,False,Take Hold Of Your Promise!,Gently Tender,2022-08-26
2ym0RguXLgCqw9IoQGz0by,b5540681352e06ac,0,Made To Measure,False,The Illusion Of Safety,The Hoosiers,2010-08-13
2ysdpIaIvHcaEPLEPn0xrY,179d97494603457f,53,Row Row Row Your Boat,False,Top 50 Nursery Rhymes,Nursery Rhymes 123,2021-01-01
2yzMjkW9sxy4C7hSYH0db8,179d97494603457f,0,SE Discotheque,False,Idiom,Joe Armon-Jones,2017-09-08
2z9FUHRkbkV4BObNzbHsFU,1e2e44dad56e626f,72,Born With a Broken Heart,False,Born With a Broken Heart,Damiano David,2024-10-25
2zMTauBe9guPMWLTbG1pAH,b5540681352e06ac,23,Bambu,False,The Basement Beat,Chris Hazelton's Boogaloo 7,2018-07-20
2zg6o6EaLEAG7mLklXl6Ip,179d97494603457f,45,Incy Wincy Spider,False,"Sing and Learn, Vol. 1 - A Collection of Nursery Rhymes to Help Little Ones Learn and Develop.",Vicky Arlidge,2011-12-01
2zrIyIdqafYozfsgiMY0Ae,b5540681352e06ac,55,Supermassive Black Hole,False,Supermassive Black Hole,Muse,2006-06-17
302ai9ydYWZ8DEJdEVsrdu,b5540681352e06ac,18,Sunshine - Emma-Jean Thackray Remix,False,Sunshine Remixed,Hector Plimmer,2018-02-23
30epYv2blz9dv2nPBeWr1f,b5540681352e06ac,26,Design,False,The Striped Album,Cory Wong,2020-10-23
30lD7zdPOTjPSY3oC6Y2tb,b5540681352e06ac,0,Postcards From Hell,False,Broadcast To The World,zebrahead,2006-06-30
31ukPxOH3VdRrjN566srKh,1e2e44dad56e626f,28,Warm It Up,False,The 15th Day,J Hus,2017-02-27
32FAqXKjsm7pmwFdAStQSy,1e2e44dad56e626f,15,Good Things Come to Those Who Wait,False,King of a Tragedy (Deluxe version),Isak Danielson,2022-06-10
32fSZSbxeVoiZShMQKLc6Z,1e2e44dad56e626f,70,My Kink Is Karma,False,The Rise and Fall of a Midwest Princess,Chappell Roan,2023-09-22
32xx0fAv3CIeGmNaWTHvEF,1e2e44dad56e626f,56,Heebiejeebies - Bonus,True,Good For You,Aminé,2017-07-28
33BnSMHgX0AsbKSIbkuMwh,179d97494603457f,51,Limit To Your Love,False,James Blake,James Blake,2011-01-01
33EGYJLLwz56YIP5Ex9VKs,1e2e44dad56e626f,1,West Ten,True,West Ten,AJ Tracey,2020-07-02
33FrMjV1zcWR0OHmk6BGM7,1e2e44dad56e626f,0,Doe Sob,False,Doe Sob,Wantons,2017-04-21
33OdSmu4AdBViAXDbCEqK3,b5540681352e06ac,0,Breezeblocks,False,An Awesome Wave (Deluxe Version),alt-J,2012-10-22
33SpBVdgDldkvMaBB2Q9bW,179d97494603457f,0,Black Cow,False,Aja,Steely Dan,1977-01-01
3479kk78dx3GFt048Udq54,b5540681352e06ac,53,Wake Me up When September Ends,False,American Idiot (Deluxe),Green Day,2004-09-21
3488s5YUmsr78jBtC2UviG,179d97494603457f,0,0319 06 FUENF b Sh - Thinking from the future,False,Re: Phgrp,Grischa Lichtenberger,2019-10-25
348YlO3W94nBZirMKmh1AY,b5540681352e06ac,8,Soul Cry,False,"If It Were You, We'd Never Leave (Bonus Track Version)",Andrew Bayer,2013-05-20
34IMXA5sUNIPmV8rKST64e,179d97494603457f,12,Masseuse,False,Peasant,Richard Dawson,2017
34KxyJPBxUenhZ9Qop4AuB,1e2e44dad56e626f,0,Harki Yejoore Dastanesh,False,Injaneb,Shayea,2019-09-29
34Qcr390U2gZ2un9iCrEmT,1e2e44dad56e626f,38,Ti Amo,False,Ti Amo,Talk Down,2022-04-26
34YkG2pMNOldalZtevHztN,1e2e44dad56e626f,41,On Deck,True,On Deck,Abracadabra,2020-07-16
34gCuhDGsG4bRPIf9bb02f,b5540681352e06ac,84,Thinking out Loud,False,x (Deluxe Edition),Ed Sheeran,2014-06-21
34lM774PhO5jWgRg01Nucf,b5540681352e06ac,0,Devil's In the Detail,False,The Illusion Of Safety,The Hoosiers,2010-08-13
34x9tprgAnmqhKutPK01gP,b5540681352e06ac,18,Something To Someone,False,Atomic,Lit,2001-10-15
34xZFT7artr3SGqgSoR88L,b5540681352e06ac,0,Complicated,False,Let Go,Avril Lavigne,2002-06-14
354YO1zyfkCv0psmtB76EE,179d97494603457f,22,What a Dream I Had,False,A Swirling Fire Burning Through the Rye,Cool Ghouls,2014-11-11
35GSVJQwEdZv7QODqniwrw,179d97494603457f,0,SsSsSsSsSsSsSsSsSsSs,False,SsSsSsSsSsSsSsSsSsSsSsSsSsSsSs,SHXCXCHCXSH,2016-06-06
35PKfoynRpVFoAUE3D5Kc6,1e2e44dad56e626f,75,Work Song,False,Hozier,Hozier,2014-09-19
35RJhm1pEovTBwnNR0zWad,1e2e44dad56e626f,69,GREECE (feat. Drake),True,GREECE (feat. Drake),DJ Khaled,2020-07-16
35V0s9hDRgdRqDIRnCMbFY,b5540681352e06ac,13,"Piano Sonata No. 6 in D Major, K. 284 ""Dürnitz"": III. Tema con variazione",False,Mozart: The Piano Sonatas,Wolfgang Amadeus Mozart,2001-01-01
35a4DfzBzQ8pDyskb2ku4z,1e2e44dad56e626f,0,Ehtiaj Daram,False,Injaneb,Shayea,2019-09-29
35gqchrol8FU9YYcZguuCL,1e2e44dad56e626f,51,Just Lose It,True,Encore,Eminem,2004-11-12
35pTKpJlXTySyP9oH0Cj24,b5540681352e06ac,24,Sha,False,Twice Around the Sun,Ugly (UK),2024-04-03
360Wr96ywrCQq4kTAJ8Pq6,1e2e44dad56e626f,73,Pacify Her,False,Cry Baby (Deluxe Edition),Melanie Martinez,2015-08-14
363yUOiTZYdUhpMsvtamUv,b5540681352e06ac,0,Steps in the Wrong Direction - Live in Copenhagen,False,Knee-Deep In the North Sea,Portico Quartet,2007
36DOn2q9g6ZFTfdRzeHVMz,b5540681352e06ac,29,"Symphony No. 2 in D Major, Op. 73: I. Allegro non troppo",False,"Brahms: Symphony No.2 In D Major, Op. 73; Variations On A Theme By Joseph Haydn, Op. 56a",Johannes Brahms,1987-01-01
36VZeZWCFGcu1LXc2w3ynR,b5540681352e06ac,0,Bouncing Off The Walls,False,Start Static,Sugarcult,2001
36tSNnMctCGaxQp0JVGBLC,179d97494603457f,28,Qawwali,False,Qawwali,Pinch,2006-03-13
36y5E5cxFbz6xU8UqT7Iv7,1e2e44dad56e626f,47,Love Myself,True,Was It Even Real?,Olivia O'Brien,2019-04-26
374BthVYsnk6lt5MsXlYcv,179d97494603457f,0,When We Are,False,When We Are,Nubya Garcia,2018-03-08
37HYDJzO4BRXH7d1Lw08CH,b5540681352e06ac,0,I Will,False,Hail to the Thief,Radiohead,2003-06-09
37LNNQNbL1YLyutBG6aWRx,1e2e44dad56e626f,68,Rescue Me,False,Human (Deluxe),OneRepublic,2021-08-27
37bTG3cP2dvDp7a0TCJnnh,b5540681352e06ac,30,Kora,False,GoGo Penguin,GoGo Penguin,2020-06-12
37yljzIAVyascSXZefkutA,179d97494603457f,34,Adios Maria,False,You're Dreaming,The Cactus Blossoms,2016-01-22
38Ngied9rBORlAbLYNCl4k,179d97494603457f,68,Once in a Lifetime - 2005 Remaster,False,Remain in Light (Deluxe Version),Talking Heads,1980-10-08
38RLObegC9ggpKPRVQDc1g,1e2e44dad56e626f,61,AMERICAN HORROR SHOW,True,AMERICAN HORROR SHOW,Snow Wife,2023-06-23
38bHLl4pznhxzRJLuw1OA7,b5540681352e06ac,50,Barracuda,False,Shaun White Snowboarding: Official Soundtrack,Heart,2008-11-18
38cHrwVGkA7I0NBF5EMhDK,179d97494603457f,7,Huone - 2020 Remaster,False,Multila (2020 Remaster),Vladislav Delay,2020-03-20
38micCD7BMyIUP3JtMXnzh,1e2e44dad56e626f,0,Nemidooni Cheqad Delam Mikhad,False,Injaneb,Shayea,2019-09-29
392OK8Qdmos0wNDrduiwy0,b5540681352e06ac,43,In Your Own Sweet Way,False,Incredible Jazz Guitar,Wes Montgomery,2000-01-01
398N1sSM7YmSeiAg8qhEfO,b5540681352e06ac,25,Someday my prince will come,False,Someday My Prince Will Come,Chet Baker,1979
39koMKbq0FLzUpGtyjA8FE,b5540681352e06ac,9,Chè Ja Vu,False,Chè Ja Vu,Cassette Heads,2024-02-09
39rHfrVqCX6A55GF7uOZSC,b5540681352e06ac,55,1612,False,Fugue State,Vulfpeck,2014-08-26
3AOwl0oEiIDcnwcbBvVnt3,b5540681352e06ac,13,Smarra,False,Man Made Object (Deluxe),GoGo Penguin,2016-02-05
3AeOjUG6ovl4asXFsfW7L0,1e2e44dad56e626f,0,Taal,False,Taal,Mustafa Al-Abdullah,2018-07-10
3AgEOAo3dvkjtsBmeTGRjg,b5540681352e06ac,45,Get A Move On!,False,Keep It Unreal (10th Anniversary Analogue Remaster Edition),Mr. Scruff,1999
3AiXzUyFAFZVBGVAADPN5a,1e2e44dad56e626f,53,Make Up Your Mind,False,"How Big, How Blue, How Beautiful (Deluxe)",Florence + The Machine,2015-05-29
3AoeaZs8dFemFJr3JdzOL0,b5540681352e06ac,71,You Are Not Alone,False,"HIStory - PAST, PRESENT AND FUTURE - BOOK I",Michael Jackson,1995-06-16
3B0WbRucJ6ZIla2G9IVt2E,1e2e44dad56e626f,58,I Dunno (feat. Dutchavelli & Stormzy),True,I Dunno (feat. Dutchavelli & Stormzy),Tion Wayne,2020-05-29
3B54sVLJ402zGa6Xm4YGNe,1e2e44dad56e626f,85,Unforgettable,True,Jungle Rules,French Montana,2017-07-14
3BIovVtBwvGZ0NM9lkCYae,1e2e44dad56e626f,0,Az No,False,Az No,Maslak,2016-04-16
3BNHpCcu9BaL43SjLIi8o9,b5540681352e06ac,40,Kenni and the Jets,False,Tailwinds,The Fearless Flyers,2020-07-24
3BvdyscylBbOhf0TL2S0yH,1e2e44dad56e626f,50,Turn It Off,False,The Book Of Mormon (Original Broadway Cast Recording),Scott Barnhardt,2011-05-17
3C3cr2JQwXIhqAHqOardVO,b5540681352e06ac,67,Holding on to You,False,Vessel,Twenty One Pilots,2013-01-08
3C3gWi1vRZxZRPoNHnVTaU,179d97494603457f,17,Vertical Ice,False,Kinematic Optics EP,Polar Inertia,2015-11-11
3CCRVu4F91Qp2mnGjmWBrf,1e2e44dad56e626f,62,Say Don't Go (Taylor's Version) (From The Vault),False,1989 (Taylor's Version) [Deluxe],Taylor Swift,2023-10-27
3CGAv5sBPDC8yXeQACLVfH,b5540681352e06ac,47,habitat,False,habitat,UKDD,2023-10-20
3CRDbSIZ4r5MsZ0YwxuEkn,b5540681352e06ac,85,Stressed Out,False,Blurryface,Twenty One Pilots,2015-05-15
3CbQrZNXvOaA33BViPUniv,b5540681352e06ac,0,Life Mask,False,Isla,Portico Quartet,2009
3D3nEPySYlXaC95wZ131kl,179d97494603457f,20,Soldier,False,Peasant,Richard Dawson,2017
3DgxdsUHAvQgWPdPij6IVw,1e2e44dad56e626f,0,Angry Too,True,Angry Too,Lola Blanc,2019-04-30
3DpiVdmi2C85mx51Z806Ai,179d97494603457f,20,The Crumbling,False,Architecture of Loss,Valgeir Sigurðsson,2012-09-24
3DrVO4ymPye5cRJFLbVf7b,b5540681352e06ac,0,"Symphony No. 3 in D Minor, WAB 103: II. Adagio. Bewegt, quasi andante",False,Bruckner: Symphony No.3,Anton Bruckner,1989-01-01
3EDtm3ILNldFbr7x7msw1b,179d97494603457f,0,Soup,False,Ege Bamyasi (Remastered),CAN,1972
3EGW6TGGbdk6Ys1Y3HU3lj,1e2e44dad56e626f,67,Training Wheels,True,Cry Baby (Deluxe Edition),Melanie Martinez,2015-08-14
3EtIraJEHVSbBvLw5msioH,179d97494603457f,0,Northern Sky,False,Bryter Layter,Nick Drake,1970-03-06
3EtyEzMpfKSaoVhPunvbRV,1e2e44dad56e626f,60,Leave Me Alone,False,The Search,NF,2019-07-26
3Ey7Pjw7vg5T3c6q0LbcAH,b5540681352e06ac,31,Tell Him,False,Starfruit,Moonchild,2022-02-11
3FD3hrR7YyGTkQg5v4rzFS,b5540681352e06ac,13,Are You the One? Are You the One?,False,Electric Guitarist,John McLaughlin,1978
3FDEbNhEtQPzvr20uNjvpo,179d97494603457f,12,Hallogallo,False,Neu!,NEU!,1972-01-01
3FkbQ6hgCVHPBmxPMhGGCb,b5540681352e06ac,0,Find My Heart Again,False,Some Things Just Stick in Your Mind,Vashti Bunyan,2007-10-21
3FmL7hAgo3C3iPnDdSiRn9,b5540681352e06ac,37,Unsophisticated,False,Indigo,Kandace Springs,2018-09-07
3FvV3j98xtcylQF1drDc9j,b5540681352e06ac,1,Oh Ms Believer,False,Twenty One Pilots,Twenty One Pilots,2009-12-29
3G5SR7QHN8OJaRw9gE9v7V,b5540681352e06ac,0,"Symphony No. 5 in E-flat Major, Op. 82: I. Tempo molto moderato - Allegro moderato",False,Sibelius: Symphonies Nos 1 - 7 Kullervo / Pohjola's Daughter / The Oceanides,Jean Sibelius,2016-10-14
3GCMoKi9KDq7UXmsClqfIQ,179d97494603457f,39,Inglan Is A Bitch,False,Bass Culture,Linton Kwesi Johnson,1980
3GWL25OtAOCcyFu7WSx97I,b5540681352e06ac,38,Hail Bop,False,Django Django,Django Django,2012-01-30
3GYAfSrDV0z6hurUomcELr,b5540681352e06ac,22,Melting Hazard,False,Melting Hazard,Salamanda,2022-03-22
3GeLiXvn9nriUnoqHKRQpm,b5540681352e06ac,0,Night Of The Hunter,False,This Is War,Thirty Seconds To Mars,2009-01-01
3GoCxhFVRxp9Zy2uU1ZbHp,b5540681352e06ac,48,Azura's Coast,False,The Elder Scrolls Online: Morrowind (Original Game Soundtrack),Brad Derrick,2017-06-07
3GpuuS3aQem5hUZOSNhenC,179d97494603457f,18,Curzon,False,Wonderland,Demdike Stare,2016-12-02
3H6ntFP4cmGzYS0O3rtVyp,b5540681352e06ac,30,President Heartbeat,False,Get To Heaven (Deluxe),Everything Everything,2015-06-22
3H7pOWNQghEO1EKIcgnAsC,b5540681352e06ac,12,Something Special,True,Don't Forget to Look Up,Maverick Sabre,2022-01-28
3HOxJ3ZX23eTXXxLjrXNbY,1e2e44dad56e626f,47,I'm Not Calling You A Liar,False,Lungs (Deluxe Version),Florence + The Machine,2009
3HWxpLKnTlz6jE3Vi5dTF2,179d97494603457f,42,I Am Trying to Break Your Heart,False,Yankee Hotel Foxtrot,Wilco,2003-10-07
3HdLnxFdDi1jDIsyGMhYJn,b5540681352e06ac,20,Music for the Sun King,False,Forevergreens,Tonbruket,2016-03-18
3HumjZ20w3SmwaUGIkbDiy,179d97494603457f,0,VVVLLLLVVV,False,VVVLLLLVVV,SHXCXCHCXSH,2014-06-09
3HymUqywloEXI4yebaI7EZ,b5540681352e06ac,0,Steps in the Wrong Direction,False,Knee-Deep In the North Sea,Portico Quartet,2007
3I32J55GLS3U3TaZBpyCXC,1e2e44dad56e626f,0,Written In Scars,False,Written In Scars (Commentary),Jack Savoretti,2015-02-07
3I6IMWZJ9FkTcUCKBrzlkh,b5540681352e06ac,22,Soft Gaiden,False,Homescreen Glow,Brin,2020-11-13
3INjGuysxsRjLSmZKtS3lq,179d97494603457f,14,Rye Lane Shuffle,False,Rye Lane Shuffle,Moses Boyd,2016-04-29
3IRugjoQiWn1KZawwOL6pk,b5540681352e06ac,0,"Symphony No. 5 in E-Flat Major, Op. 82: I. Tempo molto moderato - Allegro moderato",False,Sibelius: Symphonies Nos. 5 & 6 - The Swan of Tuonela,Jean Sibelius,2012-09-04
3IhtE4fkytdrtEfV34UzkD,1e2e44dad56e626f,63,betty,True,folklore (deluxe version),Taylor Swift,2020-08-18
3IvTwPCCjfZczCN2k4qPiH,179d97494603457f,70,Dirty Work,False,Can't Buy A Thrill,Steely Dan,1972-11-01
3JT3s6xGkhSzu1v6EYXuby,b5540681352e06ac,34,There And Back Again,False,Daughtry,Daughtry,2006-11-20
3Jj6PHSvgKbKebJMOeyXTd,179d97494603457f,6,Drum Dance,False,Rye Lane Shuffle,Moses Boyd,2016-04-29
3K7MzJjZqNolrCyxdUTkZp,b5540681352e06ac,27,The Last Time Again,False,Atomic,Lit,2001-10-15
3KCNiDi9Pza6ZD8FggNoaw,179d97494603457f,66,MODERN JAM (feat. Teezo Touchdown),True,UTOPIA,Travis Scott,2023-07-28
3KcSwX6pyUnfJ0YZlcJE7d,1e2e44dad56e626f,49,Pop Boy (feat. Aitch),True,Heavy Is The Head,Stormzy,2019-12-13
3L004CK3UiUh1gHZvpKzjd,b5540681352e06ac,0,It Never Entered My Mind,False,Chet [Keepnews Collection],Chet Baker,1959
3LA2GrMlbUFSSnHrXEodsK,b5540681352e06ac,0,Love Song,False,Just Another Diamond Day,Vashti Bunyan,1970
3LJ3bvf4ioWcfn5PedZLJC,b5540681352e06ac,43,My Own Worst Enemy,True,Platinum & Gold Collection,Lit,2004-07-09
3LKegqEBlC3gfTlRDgFLwH,b5540681352e06ac,0,Hell Yeah!,False,Phoenix,zebrahead,2008-08-01
3LSAyLUgmYFlf0k5x8L9fw,b5540681352e06ac,1,"Symphony No. 3 in D Minor, WAB 103: I. Gemäßigt, mehr bewegt, misterioso",False,Bruckner: Symphony No.3,Anton Bruckner,1989-01-01
3LZ0GUgBO1XXW6jKK5A2lJ,b5540681352e06ac,0,Sad Tune,False,West Village,European Jazz Trio,2018-03-16
3M735C54HtqUK3E6yMUiB4,b5540681352e06ac,1,"Cello Concerto in B minor, Op. 104: 1. Allegro",False,Dvorak: Cello Concerto,Antonín Dvořák,2012-01-01
3MHpUxLJ94T6dZoueJ119g,b5540681352e06ac,7,"Symphony No. 2 in C Minor, Op. 17 ""Ukrainian"": I. Andante sostenuto – Allegro vivo",False,Tchaikovsky: 6 Symphonies,Pyotr Ilyich Tchaikovsky,2008-01-01
3MJqRK2KSpgbnoqpSSaHoL,b5540681352e06ac,0,Stuck on the puzzle,False,Submarine (original songs),Alex Turner,2011-03-14
3MU1qPFFyJQy1RbmpLH0mb,b5540681352e06ac,31,Sweetness,False,New Jazz Standards Vol 3,Roger Kellaway,2018-03-09
3MhWFpRMVEyZ9QXGIb5RJK,b5540681352e06ac,30,The Nearness of You,False,Nearness,Joshua Redman,2016-09-09
3MmogIpfk1GVXRMmRjKLGI,179d97494603457f,0,Dream Baby Dream,False,The Second Album + The First Rehearsal Tapes,Suicide,1999-06-28
3MtzNMqPl1oHeXUpFkSMZe,1e2e44dad56e626f,55,All Your Lies,False,The Epilogue,Dean Lewis,2024-10-18
3NJWQnDcj7AQycYyGljdLV,179d97494603457f,29,There Was a Crocodile,False,Brain Breaks Action Songs: Let's Move!,The Learning Station,2020-01-14
3NTPaGxL7EUfDV7GkLZtw1,b5540681352e06ac,25,I'll Be Here,False,Starfruit,Moonchild,2022-02-11
3NgCzSW98SsqBdpYcnm4kv,1e2e44dad56e626f,54,I Have Questions,False,I Have Questions,Camila Cabello,2017-05-21
3O5Np7ce3y0KIL3G0C1H8f,b5540681352e06ac,0,Symphony No. 1 in D: 1. Langsam. Schleppend,False,Mahler: Symphony No. 1 (Classic FM: The Full Works),Gustav Mahler,2014-01-01
3OAzR0N5qFHGbVSOiFNyem,b5540681352e06ac,30,Predawn,False,The Enja Heritage Collection: Taro's Mood,Terumasa Hino,1973
3OCxOUUH3FUf8xk0RuWADJ,b5540681352e06ac,55,ザ・ワード II,False,華麗なるエレクトーン -ザ・ワード-,SHIGEO SEKITO,1975-01-25
3ONcanYtZHMVcgqPDAsVHd,b5540681352e06ac,32,Soul in Twilight,False,Earthborn Tales of Soul and Spirit,John Moulder,2016-10-21
3OjXa0HLoWhbwxyDSNWTGa,179d97494603457f,24,Glassbeadgames - 8 Hours at Fabric Dub,False,Glassbeadgames (8 Hours at Fabric Dub),Martyn,2014-06-02
3OsctTA6NgPVxnspKJIqzI,179d97494603457f,20,Hey Hugo,False,EP 2,Rezzett,2018-06-01
3OzFq5rnNeXtu4VCOBPToz,179d97494603457f,0,Cherry Blossom,False,Fletcher Moss Park,Matthew Halsall,2012-10-15
3PBK9I4wrziIbnbJddn8CF,b5540681352e06ac,0,Good to Know That If I Ever Need Attention,False,Deja Entendu,Brand New,2003-10-21
3PJMsxg6rz9FOo6xNiASXz,b5540681352e06ac,54,Goodbye Pork Pie Hat,False,Mingus Ah Um,Charles Mingus,1959
3PVBgrzT0nVS1VzJ3MoSXP,1e2e44dad56e626f,0,Cocaine Jesus,True,RKS,Rainbow Kitten Surprise,2015-04-25
3PfXCrX9PKvN0yop8PV2kr,b5540681352e06ac,0,All For None And None For All,False,Phoenix,zebrahead,2008-08-01
3PjMtNzwhDHqxoKudm6GvF,179d97494603457f,55,She's Leaving Home - Remastered 2009,False,Sgt. Pepper's Lonely Hearts Club Band (Remastered),The Beatles,1967-06-01
3Q2Xxc7y6g4OrYmO53J7Yf,179d97494603457f,0,Glamour Profession,False,Gaucho,Steely Dan,1980
3QF5RsWzK1lCvf2o2cY65P,1e2e44dad56e626f,62,Dear Reader,False,Midnights (3am Edition),Taylor Swift,2022-10-22
3QpN3dazIcMNqru0L1qLMt,179d97494603457f,45,2/2 - Remastered 2004,False,Ambient 1: Music For Airports (Remastered 2004),Brian Eno,1978
3QuSHJUfvuOyeKMS32Wckj,b5540681352e06ac,50,April In Paris - 2007 Remaster/Rudy Van Gelder Edition,False,The Magnificent Thad Jones (Remastered),Thad Jones,2007-01-01
3QwQ9oyEWD1Ufx7WfiJ4bn,179d97494603457f,41,XMAS_EVET10 [120][thanaton3 mix],False,Syro,Aphex Twin,2014-09-22
3RNyGLgSvmVRZ7xKUp8Wgd,b5540681352e06ac,2,In the Summertime,False,In the Summertime,Mungo Jerry,1970-01-01
3RNydswFqiSEUokxVWySdE,b5540681352e06ac,43,Grooveshop - damaa.beats Remix,False,Grooveshop (damaa.beats Remix),rocomoco,2024-02-07
3RdOr8819TT72WFuMMPmn1,b5540681352e06ac,28,Say Something,False,Yellow,Emma-Jean Thackray,2021-07-23
3RwvO1Mit858RMmFVtREBU,1e2e44dad56e626f,56,Wait for Me (Reprise),False,Wait for Me (Reprise),André De Shields,2019-07-12
3S7BY09LxCSgDX17AgVvYK,b5540681352e06ac,48,Matter of Time,False,Clarity of Cal,Vulfpeck,2025-03-04
3SCNJ28LzCaV6IW7OR3eDA,179d97494603457f,0,Modus Operandi 004,False,Modus Operandi: Naina,Naina,2019-08-30
3SGoqlMWoiUjxU38CrxMs4,b5540681352e06ac,0,Teki,False,Teki,Alfa Mist,2021-04-16
3SKzTIl9mW0DadTys9SFo3,1e2e44dad56e626f,70,Control,False,BADLANDS (Deluxe),Halsey,2015-08-28
3SzoVeS9Eaxt6dmfXF0fPo,179d97494603457f,47,I Believe in You - 1997 Remaster,False,Spirit of Eden,Talk Talk,1988
3T4Kt51PV4k8tx6YCtBgcl,179d97494603457f,48,Good Night - Remastered 2009,False,The Beatles (Remastered),The Beatles,1968-11-22
3TfDUStpnEVIlsNlgcKQgJ,1e2e44dad56e626f,69,die first,False,young forever,Nessa Barrett,2022-10-14
3Txio49RgWVM4Hq9Ju7Wdf,b5540681352e06ac,0,Cut UP!,False,Raw Data Feel,Everything Everything,2022-05-20
3U8Gxdrdc53yVvWetOfIrG,b5540681352e06ac,0,The Last Goodbye,False,Hope,The Blackout,2011-04-03
3UAbLXphrMpNBy5RNLfNKE,b5540681352e06ac,0,"Symphony No. 7 in D Minor, Op. 70 - II. Poco Adagio",False,"Dvořák: Symphonies Nos. 7 and 8 – Davis, LSO",Antonín Dvořák,2020-03-06
3UDTS1Z11vXTRcmD1i0Flq,179d97494603457f,27,When I'm Cleaning Windows,False,When I'm Cleaning Windows,George Formby,2009-03-11
3UG2MvL1KiIgY9FjFvOYrv,1e2e44dad56e626f,51,FUNERAL,False,FUNERAL,Neoni,2023-05-19
3UMrglJeju5yWyYIW6o99b,1e2e44dad56e626f,66,The Great War,False,Midnights (3am Edition),Taylor Swift,2022-10-22
3UZBHbtzu4fpX5l6Tf3J1e,179d97494603457f,11,Star,False,Stars Planets Dust Me,A Mountain Of One,2022-05-06
3UhRsQVrELOATEiY7E9X2T,1e2e44dad56e626f,56,Come Closer (feat. Queen Naija),True,Hoodie SZN,A Boogie Wit da Hoodie,2018-12-21
3V07f70cRjUDg4KqDzHhFg,179d97494603457f,56,Baker Street,False,City to City,Gerry Rafferty,1978
3V0syQOlXY28AUabLZnEWj,1e2e44dad56e626f,0,Manam Oon Ke Maghroor,False,Injaneb,Shayea,2019-09-29
3V33ldRN2gRQyzojTwjlWP,b5540681352e06ac,6,Re: Person I Knew,False,Moon Beams,Bill Evans Trio,1962
3VBplblv5hJzL0EJwF2p03,179d97494603457f,3,The Barbershop #1,False,The Barbershop,Architectural,2019-03-15
3VIMS1p3sNifH0RQnmDf7s,b5540681352e06ac,49,Jumbo,False,Beaucoup Fish (Remastered / Super Deluxe),Underworld,1999-03-01
3Vby4nGmtbDo7HDJamOWkT,179d97494603457f,76,Stuck In The Middle With You,False,Stealers Wheel,Stealers Wheel,1972-01-01
3VkHaDyt2H3yhQtYG4TJhe,b5540681352e06ac,37,Memories,False,Clarity of Cal,Vulfpeck,2025-03-04
3Vr3zh0r7ALn8VLqCiRR10,1e2e44dad56e626f,85,Stargazing,False,Stargazing,Myles Smith,2024-05-10
3VtqdXlQHpHMxNAIyAWjxC,b5540681352e06ac,0,"Der Rosenkavalier Suite, WoO 145, TrV 227d",False,R. Strauss: Der Rosenkavalier Suite & Ein Heldenleben,Richard Strauss,2015-11-02
3VyxvhpCUNVTvPO2B46lsa,1e2e44dad56e626f,41,Satisfied (feat. Miguel & Queen Latifah),False,The Hamilton Mixtape,Sia,2016-12-02
3W0pZPXaVOflIr3OLXXIsp,179d97494603457f,11,Trampelpfad,False,Nutrition,Blawan,2017-10-20
3W7fIxmEAhmcvJ7CCRZ5cW,179d97494603457f,0,Promises,False,Silvertwin,Silvertwin,2021-07-16
3WID8m6M9eEQ1w1k486vMc,1e2e44dad56e626f,68,1+1,False,1+1,Naïka,2023-09-01
3WkibOpDF7cQ5xntM1epyf,1e2e44dad56e626f,80,It Wasn't Me,False,Hot Shot,Shaggy,2000-08-08
3Woi4fIAiktL6UwEcDFPfo,b5540681352e06ac,16,Only Love From Now On (with Johanna Scheie Orellana),False,Only Love From Now On,Carmen Villain,2022-02-25
3XCpS4k8WqNnCpcDOSRRuz,1e2e44dad56e626f,70,Escapism. - Sped Up,True,Escapism.,RAYE,2022-12-07
3XXLQJEHglT1zeSxSFfD2G,b5540681352e06ac,0,Something Good,False,An Awesome Wave (Deluxe Version),alt-J,2012-10-22
3Xsbe8UYG4E5tnhUugG5Ye,1e2e44dad56e626f,23,Harfe Mardom,False,Harfe Mardom,Dayan,2013-08-07
3XwTKOAP8Syq2GAcKBCAmN,1e2e44dad56e626f,61,I Lost a Friend,False,Blood Harmony,FINNEAS,2019-10-04
3Xy16SYnhBiSBL5yUXaHG1,179d97494603457f,44,Buzzin' Fly,False,Happy Sad,Tim Buckley,1969
3YBZIN3rekqsKxbJc9FZko,b5540681352e06ac,10,Paradise City,True,Appetite For Destruction,Guns N' Roses,1987-07-21
3YBfGF2pPZu3FXM5D2mzyd,179d97494603457f,16,The Chase,False,The Complete Blue Note and Capitol Recordings,Tadd Dameron Sextet,1995-01-01
3YkFjyrWbENMe9b7KUPjGb,b5540681352e06ac,1,I'll Be Seeing You,False,Riding the Wave,The Blanks,2004-10-14
3YkNIrAvbKNrrwwEd7NVLl,1e2e44dad56e626f,76,loml,True,THE TORTURED POETS DEPARTMENT: THE ANTHOLOGY,Taylor Swift,2024-04-19
3Z0YN50RzRtmYre1bRG8H6,b5540681352e06ac,0,Hunger Of The Pine,False,This Is All Yours,alt-J,2014-09-22
3Z9h3iuvJ2cDUDXTDeAEgj,1e2e44dad56e626f,40,Achilles Come Down,True,Go Farther in Lightness,Gang of Youths,2017-10-13
3ZEno9fORwMA1HPecdLi0R,1e2e44dad56e626f,72,HAPPY,False,HOPE,NF,2023-04-07
3ZffCQKLFLUvYM59XKLbVm,b5540681352e06ac,81,Wake Me up When September Ends,False,American Idiot,Green Day,2004-09-21
3ZoS8WIcCzdahzYzETdbpx,179d97494603457f,0,"Cello Concerto in E Minor, Op. 85: IV. Allegro",False,Elgar: Cello Concerto; Enigma Variations; Froissart,Edward Elgar,1993
3ZzhV6JIDKWvWR7wiKWD0C,b5540681352e06ac,63,La femme d'argent,False,Moon Safari,Air,1998-01-16
3a3uuBKgNhHaLtj0JDaCEA,b5540681352e06ac,15,It's Not What They Said,False,The Moment (Digital Deluxe),Framing Hanley,2008
3a9LpU9LQmA7lUuh2DkmLX,b5540681352e06ac,13,G Flex,False,G Flex,Tenderlonious,2020-03-20
3aAQXLUQUBXXmKBv794RWX,b5540681352e06ac,24,Bach Vision Test,False,"The Joy of Music, The Job of Real Estate",Vulfpeck,2020-10-23
3aCnWGT8DmlbpAV75McnZR,179d97494603457f,51,Chicka Chicka Boom Boom,False,Chicka Chicka Boom Boom and Other Coconutty Songs,John Archambault and David Plummer,2000
3aFmm5TVUHInC0ruWkjUJ4,179d97494603457f,25,Down On Me,False,Wookie (Deluxe Edition),Wookie,2017-09-29
3aGv9jITId050BkCMddYOX,1e2e44dad56e626f,60,Let It Happen,True,The Secret of Us (Deluxe),Gracie Abrams,2024-10-18
3albRz1vGpxGo5xSnGirhk,179d97494603457f,0,The Bird Song,False,Fishing For Fishies,King Gizzard & The Lizard Wizard,2019-04-26
3anSR3MSI8PDql1PweeruG,b5540681352e06ac,0,"Septuor, op. 65 - Mvt. III: Intermede",False,Saint-Saens Chamber Music,Banff Camerata,1995
3b1s3Ywg0laGsNHCpUBhrl,1e2e44dad56e626f,5,Darkerside,False,The Dichotomy,David Kushner,2024-08-30
3b6JWIHue4BkOHIjDJH0my,b5540681352e06ac,9,"Tannhäuser (Paris/Vienna Version), Act I: Overture and Venusberg Music ""Bacchanale""",False,Wagner: Tannhäuser,Richard Wagner,1971-01-01
3bCmDqflFBHijgJfvtqev5,179d97494603457f,53,1/1 - Remastered 2004,False,Ambient 1: Music For Airports (Remastered 2004),Brian Eno,1978
3bJU6OwW2N0O7DVO5mp08l,b5540681352e06ac,39,Stars,False,Smokers Delight,Nightmares On Wax,1995
3bnVBN67NBEzedqQuWrpP4,b5540681352e06ac,74,Tear in My Heart,False,Blurryface,Twenty One Pilots,2015-05-15
3bpmygMkS418lQAZxGIoVb,b5540681352e06ac,0,Unholy Confessions,False,Waking the Fallen,Avenged Sevenfold,2003-08-26
3bu0sqIom7XWKRc5dq0ENr,1e2e44dad56e626f,0,Talking to Myself,False,Talking to Myself,Madalen Duke,2020-11-06
3bv4j1lmo6yVChahz9crt3,b5540681352e06ac,26,Sunshine Follows the Rain,False,Keep Talkin',Yoko Miwa Trio,2019-06-14
3bwIfasdowzOJejoldiJv1,179d97494603457f,0,White Islands,False,DIE VERBOTEN '2007',DIE VERBOTEN,2015-10-30
3cFwuF7C0Cmde8Dg0V3Xx2,b5540681352e06ac,33,Mr. Finish Line (feat. Christine Hucal & Theo Katzman),False,Mr Finish Line,Vulfpeck,2017-11-07
3cc1BbtqEBbmBvXcmqdwBa,b5540681352e06ac,38,Earworm,False,Schvitz,Vulfpeck,2022-12-30
3cw3Z7mS55gd3NUjh4k0bL,179d97494603457f,54,Sweet Jane - Full Length Version; 2015 Remaster,False,Loaded: Re-Loaded 45th Anniversary Edition,The Velvet Underground,1970
3d5v5scfknhlp6oOC7BZBs,179d97494603457f,35,Get Back - Remastered 2009,False,The Beatles 1967 - 1970 (Remastered),The Beatles,1973-04-02
3dP0pLbg9OfVwssDjp9aT0,1e2e44dad56e626f,75,Satisfied,False,Hamilton (Original Broadway Cast Recording),Renée Elise Goldsberry,2015-09-25
3dYD57lRAUcMHufyqn9GcI,1e2e44dad56e626f,82,Take Me To Church,False,Hozier,Hozier,2014-09-19
3ddAtoSripaeASJeovlIsg,b5540681352e06ac,29,"Symphony No. 3 in D Minor, Zweite Abteilung: VI. Langsam. Ruhevoll. Empfunden",False,Mahler: Symphony No. 3,Gustav Mahler,2021-05-28
3deEYG7ygQYbkq5bLP7Xgi,179d97494603457f,1,Blue Prairie,False,Sunset On the Range,Sons of the Pioneers,1990-05-06
3di5hcvxxciiqwMH1jarhY,1e2e44dad56e626f,82,Set Fire to the Rain,False,21,Adele,2011-01-24
3dioFt6ZxGIka2cw5yXzX9,b5540681352e06ac,16,STHLM AIR,False,STHLM AIR,SLOWIFI,2025-03-14
3eA8eFeK8k0TcyZYCc5DRT,179d97494603457f,0,The Two Magicians,False,Martin Carthy,Martin Carthy,1993-01-01
3eLJLZn6bkE6il9x5pS07g,179d97494603457f,50,Black Velvet Band,False,The Essential Collection,The Dubliners,1988
3eLS2t2p8kQWMnD0FCWMil,179d97494603457f,22,The Ghost With The Most,False,The Almighty Defenders,The Almighty Defenders,2009-09-22
3esuIY0FQWChEYGdsamVM8,b5540681352e06ac,4,>>>>>>>>>>>Mocean,False,>>>>>>>>>>>Mocean,Kendrick Scott,2019
3fAs1GvVMjMeMCTdjyQgyC,b5540681352e06ac,29,Brainchild,False,Get To Heaven (Deluxe),Everything Everything,2015-06-22
3fMNMAP51H7NywqzoukIRy,1e2e44dad56e626f,45,Numb,False,Numb,Carlie Hanson,2018-12-14
3fVnlF4pGqWI9flVENcT28,1e2e44dad56e626f,75,Wildest Dreams,False,1989,Taylor Swift,2014-01-01
3gOEYrmxejidBqgxgeTpJ0,b5540681352e06ac,21,Marginalia #119,False,Marginalia #119,Masakatsu Takagi,2022-12-24
3gV7y7IwafryNLEnhh9gKb,1e2e44dad56e626f,58,Nostalgia,False,Nostalgia,Suki Waterhouse,2022-09-08
3guDGLhRp45ZzWDP6nGKDL,1e2e44dad56e626f,39,Moment's Silence (Common Tongue),False,Nina Cried Power - EP,Hozier,2018-09-06
3h4nYZZ6uqhcZllRZcRk3i,179d97494603457f,27,Blackbox Life Recorder 21f,False,Blackbox Life Recorder 21f / in a room7 F760,Aphex Twin,2023-07-28
3h76tbaYIamSeJL81X7ZwI,1e2e44dad56e626f,74,Cry,False,Fireworks & Rollerblades,Benson Boone,2024-04-05
3hAINzhsOobU9Cmw0YHy5c,179d97494603457f,40,30003b,False,30003,Wax,2010
3hEOsfDNsdpV78Ty01vaxi,b5540681352e06ac,41,Strings of Light,False,Black Focus,Yussef Kamaal,2016-11-04
3hfmh1XIlJp2Uis4kWboqJ,b5540681352e06ac,32,Blackeyed Blonde - Remastered,False,Freaky Styley,Red Hot Chili Peppers,1985-08-16
3hgQz8SAaFCfnMqWY16IYt,b5540681352e06ac,0,Mommy's Shawl,False,Blooming Tall Phlox,Yelena Eckemoff Quintet,2017-01-20
3hiXR95RrJCaYqykCQmYLH,1e2e44dad56e626f,58,Watch Me Burn,True,Dark Room,Michele Morrone,2020-02-14
3hlGuz3loYoLfI3bpwieWq,1e2e44dad56e626f,71,I Hate It Here,False,THE TORTURED POETS DEPARTMENT: THE ANTHOLOGY,Taylor Swift,2024-04-19
3hnxO4Ac8CEQfKtJ29XiGm,179d97494603457f,19,Hog of the Forsaken,False,Wolfways,Michael Hurley,1994-09-01
3iFlfQ0CXc9URaAvai8VUe,b5540681352e06ac,43,Hipsippy Blues,False,Just Coolin',Art Blakey & The Jazz Messengers,2020-07-17
3iLNRYo15VMLGuS4ghUyWF,179d97494603457f,0,Gest,False,Kongestion,SHXCXCHCXSH,2022-03-14
3iPJ039BamX9MIVZQWEnnL,1e2e44dad56e626f,48,House With No Mirrors,False,Only Child,Sasha Alex Sloan,2020-10-16
3ieUtb4ecQgEYxae8dzEUi,b5540681352e06ac,62,Shrike,False,"Wasteland, Baby!",Hozier,2019-03-01
3jKFYmkiSh8gvll1mlzuFo,179d97494603457f,31,Simulacra I,False,Sólaris,Ben Frost,2011-10-10
3jNyatJv1JxuIlwKoYlo7Y,b5540681352e06ac,0,"You're Gonna Go Far, Kid",True,"You're Gonna Go Far, Kid",The Offspring,2008-11-28
3jPGemJdr95abo520vyvVk,b5540681352e06ac,56,Le Onde,False,Islands - Essential Einaudi,Ludovico Einaudi,2011-01-01
3jQyadhLTxpxadQlkFh2b8,1e2e44dad56e626f,66,Heartbeats,False,Veneer,José González,2003
3jZ0GKAZiDMya0dZPrw8zq,179d97494603457f,0,Desire Lines,False,Halcyon Digest,Deerhunter,2010-09-27
3jjujdWJ72nww5eGnfs2E7,1e2e44dad56e626f,79,Adore You,False,Fine Line,Harry Styles,2019-12-13
3jravWGV5RG4oVZN9g68f6,179d97494603457f,7,Abundance,False,Interstate,Monolake,1999-02-10
3jsH9RR84PZsROyqnKyo4p,179d97494603457f,47,London Bridge Is Falling Down,False,Top 50 Nursery Rhymes,Nursery Rhymes 123,2021-01-01
3k2kIiJqUiIP49iUcOLpWT,b5540681352e06ac,60,The Place Where He Inserted the Blade,False,Ants From Up There,"Black Country, New Road",2022-02-04
3k4NN1toPhPi7idAtJSrHZ,b5540681352e06ac,0,Bodies,False,Sinner,Drowning Pool,2001
3k79jB4aGmMDUQzEwa46Rz,1e2e44dad56e626f,6,vampire,True,vampire,Olivia Rodrigo,2023-06-30
3kKVqFF4pv4EXeQe428zl2,b5540681352e06ac,59,Protection,False,Protection,Massive Attack,1994-09-26
3kMQWY6mJKjVUMGHOVFNBL,b5540681352e06ac,21,Everything's Cool,False,Atomic,Lit,2001-10-15
3kQDykkw9HVowlm3HxTcuR,179d97494603457f,52,Golden,False,It Still Moves,My Morning Jacket,2003-09-09
3kTamcZhZcrPT4EvNJ1HBX,179d97494603457f,50,5 Little Ducks,False,"Sing and Learn, Vol. 1 - A Collection of Nursery Rhymes to Help Little Ones Learn and Develop.",Vicky Arlidge,2011-12-01
3kjgbTfPrkhcU7DjTgFhHf,179d97494603457f,2,Elastic Matter,False,Elastic Layouts,Architectural,2016
3kkYC1IPmXm5OrPaKFIX1B,b5540681352e06ac,0,Balls and Pins,False,The Universe Smiles Upon You,Khruangbin,2015-11-06
3ksfzUmOSCkqOvhzYnFHf0,b5540681352e06ac,0,NASA Is On Your Side,False,Man Alive,Everything Everything,2010-01-01
3l6LBCOL9nPsSY29TUY2VE,1e2e44dad56e626f,61,Lilith (feat. SUGA of BTS) (Diablo IV Anthem),True,Lilith (feat. SUGA of BTS) (Diablo IV Anthem),Halsey,2023-06-05
3lPr8ghNDBLc2uZovNyLs9,b5540681352e06ac,81,Supermassive Black Hole,False,Black Holes and Revelations,Muse,2006-06-28
3leQLTAf9btWYR0bbIiHeZ,1e2e44dad56e626f,44,My Love,False,My Love,Florence + The Machine,2022-03-10
3len20G8OgyW78yuuIBfw0,179d97494603457f,0,tardis cymbals,False,void beats/invocation trex,Cavern of Anti-Matter,2016-02-19
3ly1AXMesD35BLHWkG4ndc,b5540681352e06ac,0,"Symphony No. 6 in F Major, Op. 68, ""Pastoral"": II. Szene am Bach (By the brook): Andante molto mosso",False,Beethoven 6,Ludwig van Beethoven,2014-08-15
3m0RCrQILgkVFDIsm5IttG,179d97494603457f,21,Tarang,False,Rezzett LP,Rezzett,2018-02-23
3m2gfwcxl77ojJTWH3wZkb,b5540681352e06ac,10,Santa Baby,False,Christmas (Deluxe Special Edition),Michael Bublé,2012-11-09
3m6KkYKdnbffMpGd9Pm9FP,b5540681352e06ac,6,Seven Nation Army,False,Elephant,The White Stripes,2003-04-01
3m7V717IKZqZLW5qUIOxdD,179d97494603457f,57,Hey Jude - Remastered 2009,False,The Beatles 1967 - 1970 (Remastered),The Beatles,1973-04-02
3mDuF3f3chMiHYW0Ilaosm,b5540681352e06ac,0,Children Of The Night,False,The Best In Town,The Blackout,2009-05-22
3mDuox9znhXx1BWjqRflVO,179d97494603457f,9,Holy Man,False,Nothing Special,Will Sheff,2022-10-07
3maPgzbsXLCQhvM69xZih5,b5540681352e06ac,21,Rent Day,False,Come To Canada You Will Like It,Patrick Holland,2018-06-22
3mahEoIIQwkXwfwBxDAfPH,179d97494603457f,0,SHULULULU,False,SHULULULU,SHXCXCHCXSH,2018-08-27
3mdnVNghFCPnu12qO6gkhP,b5540681352e06ac,0,System of a down,False,600 Creatures EP,Cesare vs Disorder,2008-03-28
3mnqWACBGfk2AO2eonicIT,179d97494603457f,35,Hard Drive,False,An Overview on Phenomenal Nature,Cassandra Jenkins,2021-02-19
3nKRYKbGxhzv4BbwlLOcWU,1e2e44dad56e626f,61,Mansion,False,Mansion,NF,2015-03-31
3nKt6M6Ua2XOqNaydR98L8,b5540681352e06ac,0,Chasing My Tail,False,Skiptracing,Mild High Club,2016-08-26
3nOz1U41SZZ0N3fuUWr9nb,1e2e44dad56e626f,66,I AM WOMAN,True,I AM WOMAN,Emmy Meli,2021-11-19
3naWm5zvv424Pr89hSIYGC,179d97494603457f,24,Salvador,False,Master-View,Hexstatic,2004-10-11
3nfwC8nD8dohiDQQcczpX4,179d97494603457f,3,Scattered Across,False,Sculpting Energy,Anthony Linell,2018-12-10
3nj9P5xXh19uElcrG18fhM,1e2e44dad56e626f,53,Wild Horses,False,Wild Horses,Grace Power,2024-05-17
3nxfpwJxQBHqxFxTWvKCOv,179d97494603457f,0,Walls of Kyoto,False,Pilled Up on a Couple of Doves,PDP III,2021-04-09
3oPTrBgkDjDpp9vssnbQ9J,b5540681352e06ac,0,To Drown in You,False,v2.0,GoGo Penguin,2014-03-17
3odTQxlfUKBKnyDIhrug8T,b5540681352e06ac,18,A Lotus On Irish Streams,False,The Inner Mounting Flame,John McLaughlin,1971-06-23
3okJQIRt9YSIirIYIFZVNA,1e2e44dad56e626f,42,Survive,True,Utopia,M Huncho,2019-04-12
3omoiQ4UyC7JOQt2T0yF2K,b5540681352e06ac,0,Part Trio,False,Colour,Anat Fort Trio,2019-04-05
3p4xDRykGSKINeuFVQon1I,b5540681352e06ac,0,Line,False,Isla,Portico Quartet,2009
3pg1HtWCkZOQtxp2jDKwTJ,1e2e44dad56e626f,51,Love Worth Saving,False,20 Years From Now,David Kushner,2025-02-14
3q8iHOd2icirSipnkE7fae,1e2e44dad56e626f,46,Light Of Love,True,Light Of Love,Florence + The Machine,2020-04-17
3q9PVufz68TRvOao25IMNk,1e2e44dad56e626f,55,MOTTO,False,MOTTO,NF,2023-03-09
3qCkohhjU7yih4z1bzrvTN,179d97494603457f,0,Breathe on Me,False,Now Look,Ronnie Wood,1975-07-02
3qGXPQLhEh9Pr2QjgqUOJF,179d97494603457f,30,Dragon Hunt,False,Little Box of Happy,Bari Koral,2016-10-28
3qQVUOHJdgIFWJd0jrG9GE,b5540681352e06ac,45,Doin' It,False,Secrets,Herbie Hancock,1976-08
3qzS2xiO9lFWn3gj5jJRH3,179d97494603457f,4,Cash'n'Carry Acid,False,Lover's Acid,Luke Vibert,2005-04-04
3r1lIgVqHRYp5NmLmFL0BR,b5540681352e06ac,46,In Heaven,False,Schvitz,Vulfpeck,2022-12-30
3r2PlJObHariNt4NNn02eN,179d97494603457f,16,That Track,False,Master-View,Hexstatic,2004-10-11
3r67UKOuyb0a5r3MdQry9l,b5540681352e06ac,35,Degausser,False,The Devil And God Are Raging Inside Me,Brand New,2006-01-01
3rU4quI43Q4nnsdgqpgPZx,179d97494603457f,3,Karrha - 2020 Remaster,False,Multila (2020 Remaster),Vladislav Delay,2020-03-20
3rpAaGT1Xhy1uFWo8aZ6ut,179d97494603457f,15,Dylan Dump Truck,False,Gecko's Truck Songs for Children,Gecko's Garage,2019-06-21
3rtwdAFtZQiFu1WT0dUVjG,1e2e44dad56e626f,47,Location (feat. Lil Wayne & Kehlani) - Remix,True,Location (feat. Lil Wayne & Kehlani) [Remix],Khalid,2017-03-17
3s2RFp5hU6jEvAmfZrnrAi,b5540681352e06ac,52,I'll Let You Know,False,The New Classic Trio,David Hazeltine,2012-09-18
3s7h1OhhMLl5lXS0foCW6d,179d97494603457f,41,Nellie the Elephant (1984 Version),False,A Far Out Disc (Bonus Tracks Edition),The Toy Dolls,1985-04-01
3s8yxBdiXFlEi6y0gfGreR,b5540681352e06ac,30,Learn Your Lesson - Photay Remix,False,Finding Foundations (The Remixes),Madison McFerrin,2019-05-10
3sEJxz7vzdYpT6uhEGKrm3,1e2e44dad56e626f,38,Where's Wally?,True,Utopia,M Huncho,2019-04-12
3sIBXOBOnwkkKAdGpW2Q23,1e2e44dad56e626f,48,Ends With You,False,20 Years From Now,David Kushner,2025-02-14
3sJCADvtbzgKPzEBHhHSLY,179d97494603457f,0,One More Fluorescent Rush,False,Whities 013,Avalon Emerson,2017-11-03
3sSPwsEaBBFuLLtmENECGn,179d97494603457f,33,Sandra (When The Earth Dies),False,For the Recently Found Innocent,White Fence,2014-07-22
3tD42ECBPcYdGtZajQZGRH,179d97494603457f,0,Home At Last,False,Aja,Steely Dan,1977-01-01
3tDF6qjNrabjnb23RB2rpa,1e2e44dad56e626f,67,too bad for us,False,rosie,ROSÉ,2024-12-06
3tJjZMHLqhD8DaGgdBICnc,b5540681352e06ac,71,Saturn,False,Atlas: I,Sleeping At Last,2014-07-08
3tbU6UtQSun5eBgKdaVvck,b5540681352e06ac,0,Morse Code For Suckers,False,Phoenix,zebrahead,2008-08-01
3ts3nBCGF7K9JvSjWVQfX8,b5540681352e06ac,53,All of Me,False,Crazy Love,Michael Bublé,2009-10-06
3ttIBQv2qjIWXbHeoCnoVm,b5540681352e06ac,39,Summer In The Ends,False,Sounds of My World,Juls,2021-10-08
3twNvmDtFQtAd5gMKedhLD,b5540681352e06ac,57,Somebody Told Me,False,Hot Fuss,The Killers,2004-06-15
3twVQ7o8aw8SmAwqMcm1fZ,179d97494603457f,51,Beautiful Noise,False,In My Lifetime,Neil Diamond,1996-10-29
3u6A33KtGqfk2JYm0YmiYu,179d97494603457f,0,Tepid Soul,False,Tepid Soul,Poppy Ajudha,2017-11-24
3uAN7G71iZl9zN8uxMRpKO,1e2e44dad56e626f,37,Thumb,True,Thumb,M Huncho,2019-10-31
3uCkIqD0VzQUijbs8WIizs,179d97494603457f,64,These Days,False,Chelsea Girl,Nico,1967-10-09
3uFp6gGgNMtSEmzx1cHTG4,b5540681352e06ac,39,Half of the Way,False,Hill Climber,Vulfpeck,2018-12-07
3uMquzWFrihQnEWcsJaFWP,179d97494603457f,28,The Idea,False,The Idea,Blue Lab Beats,2017-08-11
3ujnDXKlViTZoLQM6Ummro,179d97494603457f,0,Man Didn't Walk on the Moon,False,Stay Lucky,Nerina Pallot,2017-10-13
3vATOCr2BhLfHN6yn5Y6OP,b5540681352e06ac,21,Night Bunny (feat. Suzanne Ciani),False,Night Bunny (feat. Suzanne Ciani),AF13,2021-07-28
3vD01UlYowoyw9buTjZ7Ir,b5540681352e06ac,0,Nothing That Has Happened So Far Has Been Anything We Could Control,False,Lonerism,Tame Impala,2012-01-01
3ven4ZKSspshBwiLMMibEa,b5540681352e06ac,27,Early Summer,False,シーナリィ,Ryo Fukui,1976
3vkQ5DAB1qQMYO4Mr9zJN6,b5540681352e06ac,81,Gimme! Gimme! Gimme! (A Man After Midnight),False,Voulez-Vous,ABBA,1979
3vpqX595pSruK2Zns4Htu5,1e2e44dad56e626f,50,Loneliest Girl in the World,False,Loneliest Girl in the World,Noah Floersch,2024-06-21
3w4uM3N0xv5fzPclOHOMOG,b5540681352e06ac,0,The Quiet Things That No One Ever Knows,False,Deja Entendu,Brand New,2003-10-21
3wMVMKA7OmZJRFTpzThvkS,b5540681352e06ac,21,Impressions in C Major,False,Impressions For Headphones,Brian Green,2019-06-19
3wPZVnOScmpbn6JkWJxi3S,b5540681352e06ac,25,The Man I Love,False,Gershwin For Lovers,Marcus Roberts,1994-09-20
3wQXP3617fqclHgzA7dONN,b5540681352e06ac,46,The Meetings of the Waters,False,The Meetings of the Waters,Fionn Regan,2017-04-14
3wQuceVB0eXIDGglij42b2,179d97494603457f,21,Eyes Eyes,False,Wolfways,Michael Hurley,1994-09-01
3wbQJcQ5yqEFB4iJyamJSS,1e2e44dad56e626f,0,Ashes,False,Ashes,Claire Guerreso,2018-05-07
3weNRklVDqb4Rr5MhKBR3D,b5540681352e06ac,72,Nuvole Bianche,False,Una Mattina,Ludovico Einaudi,2004-01-01
3x0QNpUibTxG8ImfedZkZ3,b5540681352e06ac,30,News from Verona,False,Knee-Deep In the North Sea,Portico Quartet,2007
3x6MMrVeJrWLbLCs6wgMf0,179d97494603457f,32,Something My Heart Trusts,True,Something My Heart Trusts,Yazmin Lacey,2018-04-27
3xYJScVfxByb61dYHTwiby,1e2e44dad56e626f,72,Hits Different,True,Midnights (The Til Dawn Edition),Taylor Swift,2023-05-26
3xtZEGTqd4vlcVZn9XP7uI,1e2e44dad56e626f,54,Pathos,False,Pathos,Ludovico Einaudi,2024-10-25
3xxNwh5HZxB0qyzBiVoZbW,b5540681352e06ac,0,Illvibe,False,Illvibe,Mindscape,2023-11-03
3xxkKD3aAC9Fw4NQt3ycSd,179d97494603457f,0,Kristallin,False,Amour,Architectural,2015-11-27
3yH9TwcXxCPlaxCfX5d7MD,b5540681352e06ac,0,Paper Scissors Stone,False,Isla,Portico Quartet,2009
3yVpgwXrnH1DDvUW0OmO2Z,179d97494603457f,28,Being A Pirate,False,Sole Mates,The Fisherman’s Friends,2018-03-29
3yfqSUWxFvZELEM4PmlwIR,1e2e44dad56e626f,84,The Real Slim Shady,True,The Marshall Mathers LP,Eminem,2000-05-23
3zMDGj4D8ogaYgAIZPeU7S,1e2e44dad56e626f,72,Peter,False,THE TORTURED POETS DEPARTMENT: THE ANTHOLOGY,Taylor Swift,2024-04-19
3zOrkBZdkFOufIpQoz9Mz9,1e2e44dad56e626f,29,Raise the Dead,False,Raise the Dead - Single,RAIGN,2016-04-05
3zXIvb4nZ3cTdT8CsbTy3U,1e2e44dad56e626f,59,I'm Just Ken,False,Barbie The Album,Ryan Gosling,2023-07-21
3zjr4Kv9qoQn0zeN3gXPkQ,179d97494603457f,0,Preservation,False,Preservation,Nadia Reid,2017-03-03
3zo4pmuH70gbFY9pLvJhky,1e2e44dad56e626f,0,Bachegia,False,Bachegia,Wantons,2019-12-06
3zwMVvkBe2qIKDObWgXw4N,1e2e44dad56e626f,77,right where you left me - bonus track,False,evermore (deluxe version),Taylor Swift,2021-01-07
3zxgN1ON3BkHSK8OIoTxr2,179d97494603457f,36,Wealth - 1997 Remaster,False,Spirit of Eden,Talk Talk,1988
40LYL1Z6xgCn5cBybo5K0D,1e2e44dad56e626f,66,It's Quiet Uptown,False,Hamilton (Original Broadway Cast Recording),Renée Elise Goldsberry,2015-09-25
40UK1Zl6X8GmezVlI6AZWg,b5540681352e06ac,34,Echoes,False,Echoes,Mindeliq,2023-08-25
40mjsnRjCpycdUw3xhS20g,1e2e44dad56e626f,70,GATTI,True,JACKBOYS,JACKBOYS,2019-12-27
40rvBMQizxkIqnjPdEWY1v,b5540681352e06ac,78,Down with the Sickness,True,The Sickness,Disturbed,2000-03-07
40sRwFjfrRnaTdYPJIg4CP,b5540681352e06ac,68,Hometown,False,Blurryface,Twenty One Pilots,2015-05-15
41WQUSINanQHfhfKpFDsms,1e2e44dad56e626f,69,Used To Be Young,False,Endless Summer Vacation,Miley Cyrus,2023-08-18
41Z9EhmqnEcCPmWypL14S9,b5540681352e06ac,0,Dissolve Me,False,An Awesome Wave (Deluxe Version),alt-J,2012-10-22
41aTJx3zjZuQbT4jIaV87g,179d97494603457f,34,Chase Me,False,Master-View,Hexstatic,2004-10-11
41dZm8dyCyKSsO43hXWwij,179d97494603457f,25,Sexzzy Creep,False,Rezzett LP,Rezzett,2018-02-23
41fniSbDLqp964wyawCRrV,b5540681352e06ac,28,Fujiyama,False,Jazz Impressions Of Japan,The Dave Brubeck Quartet,1964-03-28
41gi9iAWpFW3ps8Tvii6z0,1e2e44dad56e626f,61,Not Fair,True,"It's Not Me, It's You (Special Edition)",Lily Allen,2008-12-02
41nT1Sp6ChR65FbsdLlFHW,b5540681352e06ac,63,Bootylicious,False,Survivor,Destiny's Child,2001-05-01
41pOIT2t1rvr2Trg1HQChZ,b5540681352e06ac,72,Radio/Video,False,Mezmerize,System Of A Down,2005-05-17
42GP0xKtkolBnmqQRvSllO,b5540681352e06ac,64,Welcome Home,True,Good Apollo I'm Burning Star IV Volume One: From Fear Through The Eyes Of Madness,Coheed and Cambria,2005-01-15
42GuKw49pPxNAkIhWGwgFs,179d97494603457f,57,Body Paint,False,The Car,Arctic Monkeys,2022-10-21
42VsgItocQwOQC3XWZ8JNA,179d97494603457f,84,FE!N (feat. Playboi Carti),True,UTOPIA,Travis Scott,2023-07-28
42o2fpwvX1bnBh3q4Jromu,179d97494603457f,3,Tell Her,False,A Mutual Antipathy,Scuba,2008-05-12
42q9VqB8ooQE5yn3mup3h8,b5540681352e06ac,29,I'll Keep Loving You,False,Powell to the People,Massimo Colombo,2018-01-26
42zqi6m9L89EPBIlBeQ16U,179d97494603457f,18,Monkey See...,False,Monkey See...,Aardvarck,2019-10-25
43pulC9QdGwabXUtVHYnjY,1e2e44dad56e626f,51,Not Another Rockstar,True,Not Another Rockstar,Maisie Peters,2022-10-07
43q586vP8gGkYypKoSddhl,1e2e44dad56e626f,59,Labyrinth,False,Midnights (3am Edition),Taylor Swift,2022-10-22
43tQdZJukyeXXePwB0tmq9,179d97494603457f,11,Perplexed - Rødhåd's Extended Mix,False,Remixed,Ø [Phase],2014
44HPUN8PXIxyc1pCfLPw1y,b5540681352e06ac,15,Ad Lib on Nippon,False,Far East Suite,Duke Ellington,1967
44I3YK6F39fECdMAa8M3ZX,b5540681352e06ac,28,Nightwolf,False,Sunset Mission,Bohren & Der Club Of Gore,2016
454xggaFrpfN40pR8fo6Fz,179d97494603457f,0,SsSsSs,False,SsSsSsSsSsSsSsSsSsSsSsSsSsSsSs,SHXCXCHCXSH,2016-06-06
456WNXWhDwYOSf5SpTuqxd,1e2e44dad56e626f,80,Dog Days Are Over,False,Lungs (Deluxe Version),Florence + The Machine,2009
45NLgLikuoqmqV0vyoimgz,179d97494603457f,38,Horsey Horsey / Ride a Cock Horse,False,"Sing and Learn, Vol. 1 - A Collection of Nursery Rhymes to Help Little Ones Learn and Develop.",Vicky Arlidge,2011-12-01
45Qil3l5mVFcCIV5t97e40,179d97494603457f,18,Duneray,False,Dostrotime,Squarepusher,2024-03-01
45THyKtGoxYSVf61XXfTGd,b5540681352e06ac,33,All About You,False,Just My Luck,McFly,2006-01-01
464o6w4kwfS8Ryd5bD4Go3,b5540681352e06ac,7,In My Heart There's A Star Named After You,False,Picnic of Love,Anal Cunt,2010-05-18
46D0hYb1B7qiU33VtXt21W,1e2e44dad56e626f,51,Easy,False,Easy,Camila Cabello,2019-10-11
46T4UTffeX2GrfqAU1hGjZ,179d97494603457f,39,90 Degrees,False,90 Degrees,Yazmin Lacey,2018-03-16
46bTgJAQkrkNRxMuFnpRyD,b5540681352e06ac,0,Karmacoma,False,Protection,Massive Attack,1994-09-26
47vmcuvMWFIsMaiHFIGSIu,179d97494603457f,0,Giant Steps,False,Giant Steps (Deluxe Edition),John Coltrane,1960
48QmG1dfvMuYLxMPt7KSRA,1e2e44dad56e626f,83,No Lie,False,Mad Love The Prequel,Sean Paul,2018-06-29
48RB9UWejJxtNJcmNyyh4j,b5540681352e06ac,30,Duet,False,Arc (Deluxe),Everything Everything,2013-01-14
48vZCdBSHOW7BV6GjgMTmM,b5540681352e06ac,16,Don't Try - [Everything Everything Remix],False,Arc (Deluxe),Everything Everything,2013-01-14
48wH8bAxvBJO2l14GmNLz7,b5540681352e06ac,60,Wait for the Moment,False,My First Car,Vulfpeck,2013-12-06
499pC27JxKGMh6mYyuRmlT,b5540681352e06ac,30,I'm Glad There Is You,False,MoodScape,Bill Mobley,2007-10-28
49PTfrUJSYFFBIdaEXcwyJ,b5540681352e06ac,14,Prelude to the Afternoon of a Faun,False,Snowflakes Are Dancing,Isao Tomita,1974
49c89V1h9Mt9OM5sOm82vG,b5540681352e06ac,44,Fuck The Rest,True,Fashionably Late (Deluxe Edition),Falling In Reverse,2013-06-18
49dFv4gH1SeY90FySDOwCE,b5540681352e06ac,54,Lollipop,False,The Moment (Digital Deluxe),Framing Hanley,2008
49e8jyxGYok1DJRLqOlg4T,b5540681352e06ac,31,Atonement,False,Atonement,Trio X of Sweden,2017-11-03
49vQNdC75cHdQ6JLsxGKPJ,b5540681352e06ac,20,A Quiet Dawn,False,Triple Play,Harold Danko,2017-11-15
49yY7IlbTK9JrgWWcJvShO,179d97494603457f,43,Baby Beluga,False,Baby Beluga,Mark Brymer,2015-12-01
4ASStoXN76ilytWoCTieGf,b5540681352e06ac,25,Skylark,False,Late Night Jazz,Chet Baker,2018-02-20
4AgF7FbfYur0ZbkXLQtBk8,179d97494603457f,0,2 Sides,False,"Brownswood Bubblers Twelve, Pt. 2 (Gilles Peterson Presents)",Oscar Jerome,2017-06-30
4ArGyAyIhnFDcwWDg7jiHi,b5540681352e06ac,0,Tequila,False,Tequila,Saiko,2023-02-17
4Au7isvDkugrn4RGg3jEXv,b5540681352e06ac,0,I Just Saw The Gayest Guy On Earth,True,40 More Reasons To Hate Us,Anal Cunt,1996
4BMHp3DkI8VLsuB9Kr0pzu,1e2e44dad56e626f,64,Primavera,False,Divenire (Deluxe Edition),Ludovico Einaudi,2006-01-01
4BjqgPNJ8fzhQMvdCFssqv,b5540681352e06ac,28,メロウ・ドリーム (Live at Vidro'77),False,ライブ・アット・びーどろ'77,Ryo Fukui,2021-04-14
4BrfZa3OMVXvcOa4zndECZ,179d97494603457f,1,Chaperoned,False,Play Moolah Rouge,I Am Kloot,2008-04-14
4C0OJuq6km01YSzEDNHuXC,179d97494603457f,0,Kidney,False,>>,Beak>,2012-07-02
4C7BIBovuWAhOtSfTkJxrS,179d97494603457f,39,I'm a Nut,False,More Please!,Caspar Babypants,2009-11-17
4CEGyF5A5u5BjweVvkgCsn,1e2e44dad56e626f,55,Crown,False,Heavy Is The Head,Stormzy,2019-12-13
4Ce66JznW8QbeyTdSzdGwR,b5540681352e06ac,52,Chameleon,False,Head Hunters,Herbie Hancock,1973-10-26
4CyTrR4c13d57jCVstfS8T,b5540681352e06ac,0,Plantasia,False,Mother Earth's Plantasia,Mort Garson,1976
4D0Ze4SSSECiRU77r2lrWS,179d97494603457f,0,Delicatezza,False,Amour,Architectural,2015-11-27
4DEcdqqKokU7UAE4wCGQEy,179d97494603457f,55,Always Look On The Bright Side Of Life,True,Monty Python Sings,Monty Python,1989-01-01
4DSvLD970vbucbgtjeUVbP,b5540681352e06ac,10,"Symphony No. 6 in B Minor, Op. 74 ""Pathétique"": II. Allegro con grazia",False,Tchaikovsky: 6 Symphonies,Pyotr Ilyich Tchaikovsky,2008-01-01
4EAyVke5kDO008LnYGFGV4,b5540681352e06ac,0,Ruby (In The Style Of The Kaiser Chiefs),False,Super Party Hits 2008,AVID All Stars,2008-10-06
4EF6IyONolQy0bIQXm2EmX,1e2e44dad56e626f,69,The Albatross,False,THE TORTURED POETS DEPARTMENT: THE ANTHOLOGY,Taylor Swift,2024-04-19
4EtCroEejHmjR3m28iOcOz,179d97494603457f,13,Clima,False,Sopro EP,Nørbak,2024-04-19
4ExsW7TfS00guOVaSBXWsm,b5540681352e06ac,0,The Letter,False,v2.0,GoGo Penguin,2014-03-17
4FCp0AgeGwd7vRLigSNmW9,b5540681352e06ac,0,"Symphony No.5 In E Minor, Op.64, TH.29: 1. Andante - Allegro con anima",False,Tchaikovsky: Symphony No.5/Swan Lake Suite,Pyotr Ilyich Tchaikovsky,1989-01-01
4FINgt227pn33WYTAjo8Z1,b5540681352e06ac,10,"Concerto in E flat ""Dumbarton Oaks"": 1. Tempo giusto",False,Stravinsky: Dumbarton Oaks; Danses Concertantes; Concerto in D for Strings,Igor Stravinsky,1989-01-01
4G2YS8ReDp4bQKJdBKNHkc,b5540681352e06ac,34,You Stupid Girl,False,A Promise To Burn,Framing Hanley,2010-05-24
4G3EKvGtqcUSZqPQIWJFxd,b5540681352e06ac,0,Gary's Theme - 2003 Remastered Version,False,You Must Believe In Spring,Bill Evans,1977
4G9f3VGp9wjE49JUfg3XtO,179d97494603457f,57,They're Hanging Me Tonight,False,Gunfighter Ballads And Trail Songs,Marty Robbins,1959
4GHd9ocV4QcENTzimNKySA,179d97494603457f,56,Sleeping Bunnies,False,"Sing and Learn, Vol. 2 - A Collection of Action Songs to Help Little Ones Learn and Develop",Vicky Arlidge,2011-12-01
4GIsskMpViPkt0uzPJTJSp,1e2e44dad56e626f,68,"Nasty Girl (feat. Diddy, Nelly, Jagged Edge & Avery Storm) - 2005 Remaster",True,Duets: The Final Chapter,The Notorious B.I.G.,2005-11-18
4GL9GMX9t7Qkprvf1YighZ,179d97494603457f,66,CIRCUS MAXIMUS (feat. The Weeknd & Swae Lee),True,UTOPIA,Travis Scott,2023-07-28
4GiuUAHJfo26cx0X0JUf2R,179d97494603457f,51,Holly Holy,False,"Touching You, Touching Me",Neil Diamond,1969-12-13
4Gpc99trUo0DTGxYeTJGIz,b5540681352e06ac,0,Hoosiers On Vacation (Tropical Island Dream),False,Trouble At The Circus,The Derelicks,2007-11-13
4H0QjBU9R2RDcjRtw3AvvO,1e2e44dad56e626f,40,"Interstellar Suite: Part 2, No Time for Caution",False,The World of Hans Zimmer - Part II: A New Dimension,Hans Zimmer,2025-01-31
4HJi8hcqPI6iRVPlMqpBov,179d97494603457f,0,Anywhere I Lay My Head,False,Rain Dogs,Tom Waits,1985-09-30
4HKizCM9vtW0UxvP7DqkaZ,b5540681352e06ac,24,Funny Break (One Is Enough) - Single Version,False,20,Orbital,2009-01-01
4HNn8THo423IwcfQVZueeE,179d97494603457f,0,From Nothing - Perc Remix,False,From Nothing,Dense & Pika,2018-10-15
4IDIHpELtpGiocsbSwKtYf,1e2e44dad56e626f,22,"Histoire Sans Nom - From ""Sotto Falso Nome""",False,Cinema,Ludovico Einaudi,2021-06-04
4IQuLra1KorSLrHtkE9llq,b5540681352e06ac,33,Saturnine,False,Everything Is Going to Be OK,GoGo Penguin,2023-04-14
4IeXHed9x1xm8fXyrHPnd5,1e2e44dad56e626f,45,Dark Vader,False,Big Spang - EP,J Hus,2018-05-30
4IkU7Se7vWYxQPqPMday4O,b5540681352e06ac,20,Sandtrommel,False,"The Secret Cosmic Music of the East German Olympic Program 1972-83, Vol. 1",Kosmischer Läufer,2014-06-11
4ImIJRZNJhNQLLdUFSYJoS,b5540681352e06ac,63,Down with the Sickness,True,The Sickness (10th Anniversary Edition),Disturbed,2010-03-22
4IyDlKobNAzDkl6USG7rO2,b5540681352e06ac,0,Drive,False,Monuments And Melodies,Incubus,2009-06-11
4JVSkSJAKbSlwkSepkXcK6,b5540681352e06ac,0,Something Good,False,An Awesome Wave,alt-J,2012-05-28
4Je4OSUhDmrG9MYMH4JVez,1e2e44dad56e626f,67,Love Myself,False,Quitter,Cameron Whitcomb,2024-09-27
4Jj9Tykf7Fj2Ohlka1Ofq5,b5540681352e06ac,19,The Long Day Closes,False,Romance Du Soir,Arthur Sullivan,2009-02-10
4KR5MB0eShbcuSziRInzz9,b5540681352e06ac,32,ザ ダイアログ ウィズ ヴィヴラホーン,False,ザ・ダイアログ,猪俣 猛,2001-11-24
4KfMAEAOklG7rwqWNTMTUv,179d97494603457f,0,Mars For The Rich,False,Infest The Rats' Nest,King Gizzard & The Lizard Wizard,2019-08-16
4Kh2MJAy65AfHFdGqBg1Jw,179d97494603457f,44,That's Us/Wild Combination,False,Calling Out Of Context,Arthur Russell,2000-02-13
4KjU9WYRpjDtJxA234shyX,b5540681352e06ac,27,Shark Butt,False,Marshmallow,The Sweet Enoughs,2020-08-05
4Kq2YkF0zSGoITYxCEINLE,b5540681352e06ac,0,Ambition Is Critical,True,Hope,The Blackout,2011-04-03
4Kwvbjo6Oe54hjiv9KmYXs,1e2e44dad56e626f,28,Drag Me to Hell,True,Drag Me to Hell,Adam Jensen,2025-02-07
4Kxribw8agTbMRLmAJcTRn,b5540681352e06ac,43,Blast Doors,False,Get To Heaven (Deluxe),Everything Everything,2015-06-22
4L2F0LcDVtNrFc1K4lmx3m,b5540681352e06ac,49,Distant Past,False,Get To Heaven (Deluxe),Everything Everything,2015-06-22
4LIggc5CVMPFNjN8QSREWd,b5540681352e06ac,0,Pizza Boy,False,Raw Data Feel,Everything Everything,2022-05-20
4LSaZW7jV5V6KjutIN3AeS,b5540681352e06ac,0,I Want A Love Like This,False,Raw Data Feel,Everything Everything,2022-05-20
4LihUZcWy0B6lGLqcJ8u9B,1e2e44dad56e626f,59,New Rules,False,Dua Lipa (Deluxe),Dua Lipa,2017-06-02
4Lxh3lRm24bFhsmQyQsRMe,b5540681352e06ac,0,Flat,False,Flat,Philphonic,2022-10-13
4Ms0GKHCtr5Lpg4dKOhO2I,b5540681352e06ac,51,Building Steam With A Grain Of Salt,True,Endtroducing.....,DJ Shadow,1996-01-01
4N0TP4Rmj6QQezWV88ARNJ,b5540681352e06ac,69,Superstition,False,Talking Book,Stevie Wonder,1972-10-28
4NAhOoe6Tp5SU4z0r7Nygx,b5540681352e06ac,18,Up Jumped Spring,False,Everybody Gets the Blues,Eric Scott Reed,2019-04-12
4NDPRcXIZJRwwCHc8SAIiO,b5540681352e06ac,1,"Horn Concerto No. 4 in E-Flat Major, K. 495: 1. Allegro moderato",False,Mozart: The Horn Concertos,Wolfgang Amadeus Mozart,2011-01-01
4NukuBpxDdMrTuSGIKSNT1,179d97494603457f,55,Sleeping Bunnies (Hop Little Bunnies),False,Top 50 Nursery Rhymes,Nursery Rhymes 123,2021-01-01
4O09RapJ6LjggOrsEkbEqb,b5540681352e06ac,49,Wriggle,False,The Much Much How How and I,Cosmo Sheldrake,2018-04-06
4OLVK3kktkdLPp8dDgoCtb,1e2e44dad56e626f,66,Angel By The Wings,False,Angel By The Wings,Sia,2016-12-02
4OdWZxnrIiEYkc4ICknp7r,179d97494603457f,0,Slippin' and Slidin',False,Time and Time Again,The Cookers,2014-09-16
4OgXO5VXZ3YwfBeexZaDER,b5540681352e06ac,1,"Violin Sonata No. 1 in A Minor, Op. 105 (arr. T. Zimmermann and H. Holl): III. Lebhaft",False,"Schumann, R.: Adagio and Allegro / Fantasiestucke / 3 Romanzen / Violin Sonata No. 1 / Marchenbilder",Tabea Zimmermann,2004-01-01
4OkiWfrZKmmVoILXk8JEtl,1e2e44dad56e626f,69,In The Morning,False,Cole World: The Sideline Story,J. Cole,2011-09-27
4Opt2jfzx3qtIyNU5auePp,179d97494603457f,0,SsSs,False,SsSsSsSsSsSsSsSsSsSsSsSsSsSsSs,SHXCXCHCXSH,2016-06-06
4Oun2ylbjFKMPTiaSbbCih,1e2e44dad56e626f,75,WAP (feat. Megan Thee Stallion),True,WAP (feat. Megan Thee Stallion),Cardi B,2020-08-07
4Oyl6oYSNeeZZP0OAxPVaU,b5540681352e06ac,64,Message Man,False,Blurryface,Twenty One Pilots,2015-05-15
4PdLaGZubp4lghChqp8erB,1e2e44dad56e626f,72,The Tortured Poets Department,True,THE TORTURED POETS DEPARTMENT: THE ANTHOLOGY,Taylor Swift,2024-04-19
4PmIH7wAW6hRSdtavPbITa,b5540681352e06ac,0,The Visitor,False,Isla,Portico Quartet,2009
4QEMi9FXOolfFFlLFUIolw,1e2e44dad56e626f,41,Home P*ssy,True,Home P*ssy,D-Block Europe,2019-07-05
4QMgEffJQuKtjCNvqfRZ0m,1e2e44dad56e626f,72,But Daddy I Love Him,True,THE TORTURED POETS DEPARTMENT: THE ANTHOLOGY,Taylor Swift,2024-04-19
4QPEwDdOMhY7rNS05mTyMR,1e2e44dad56e626f,68,Own It (feat. Ed Sheeran & Burna Boy),False,Heavy Is The Head,Stormzy,2019-12-13
4QQXOkc2LRgoWcb55yFGl4,179d97494603457f,25,Zootie,False,Zootie,Rezzett,2014-05-01
4QrQ1zC1UJW2i3GKbDeNTT,b5540681352e06ac,40,"Flamenco Sketches (feat. John Coltrane, Cannonball Adderley & Bill Evans) - Alternate Take",False,Kind Of Blue (Legacy Edition),Miles Davis,1959-08-17
4QvdgQSQnOUza57BmPK4fZ,b5540681352e06ac,40,I Think I'm in Love,False,Ladies and gentlemen we are floating in space,Spiritualized,1997-06-16
4Qwt2JLwltD1p46YWFLGcK,b5540681352e06ac,2,How it feels pt. 2,False,Human Samling,Harald Lassen,2020-11-13
4QwzVlAJSkcLeCNQ6Ug30P,b5540681352e06ac,40,The touch of your lips,False,The Touch Of Your Lips,Chet Baker,1986
4R7kumtHnf5SsKyPYrVO5r,179d97494603457f,0,Autumn Sweater,False,I Can Hear The Heart Beating As One,Yo La Tengo,1997-04-22
4RVwu0g32PAqgUiJoXsdF8,1e2e44dad56e626f,84,Happier Than Ever,True,Happier Than Ever,Billie Eilish,2021-07-30
4RdRa3qq0GBSKjomxrkh5K,b5540681352e06ac,65,Guns for Hands,False,Vessel,Twenty One Pilots,2013-01-08
4Ri4HfjMbmW2rLyl9QgcrQ,179d97494603457f,3,OUFOUFOF,False,OUFOUFOF,SHXCXCHCXSH,2018-11-12
4RzUcGT0RAmyeEe5wmvz88,b5540681352e06ac,31,Echoes - Live in Gdańsk,False,Live in Gdansk,David Gilmour,2008-07-14
4SC8zKbyyF4j9bXdzlCVJD,b5540681352e06ac,0,Symphony No. 1 in D: 4. Stürmisch bewegt,False,Mahler: Symphony No. 1 (Classic FM: The Full Works),Gustav Mahler,2014-01-01
4SVvpjmHsFKmXBcdsG5B84,1e2e44dad56e626f,53,Ride for Me,False,Ride for Me,B Young,2021-01-29
4T6HLdP6OcAtqC6tGnQelG,b5540681352e06ac,71,Everything,False,Call Me Irresponsible,Michael Bublé,2007-04-27
4TLGUA3N47qYyl4rdNkTFG,b5540681352e06ac,25,Mandjou,False,Anthology,Les Ambassadeurs,2011-01-01
4TgyhD8XfRXwLwQLGnZJr9,179d97494603457f,10,Animal Style,False,Wonderland,Demdike Stare,2016-12-02
4TpgQwMsTC51y1GffLZtbi,1e2e44dad56e626f,42,Hard To Kill,False,Hard To Kill,Beth Crowley,2020-09-14
4Tq2fWpX1nLCkMSOPkYb1Y,179d97494603457f,47,Moanin',False,The Best Of Art Blakey,Art Blakey & The Jazz Messengers,1989-01-01
4U4m6y1474dDoG7YRLxIVl,179d97494603457f,2,Custards Last Stand,False,Stars Planets Dust Me,A Mountain Of One,2022-05-06
4Uecyf82f85MdvnGLA4SWE,b5540681352e06ac,39,Song for Ellis,False,Mélodies en noir & blanc,Aldo Romano,2017-09-22
4UhBGmqcApvAZFTq53ukh7,b5540681352e06ac,27,Old Folks,False,Dance of Life,Xavier Davis,1999-05-11
4V9eqdLUD3D2ld7TK6Le61,179d97494603457f,29,Point That Thing Somewhere Else,False,Compilation,The Clean,1986-01-01
4VGkPPUa006BAXJQzU9Wk9,b5540681352e06ac,0,Once in a While,False,"The Greatest Jazz Albums of 1956, Vol. 7",Chet Baker,2019-02-01
4Vkk3iD1VrENHJEACNddvt,b5540681352e06ac,58,Moanin',False,Moanin' (Expanded Edition),Art Blakey & The Jazz Messengers,1959-01-01
4VqPOruhp5EdPBeR92t6lQ,b5540681352e06ac,78,Uprising,False,The Resistance,Muse,2009-09-10
4WGgAdWVeF0ExmWow9R9XY,1e2e44dad56e626f,47,Heartbeat Song,False,Piece By Piece (Deluxe Version),Kelly Clarkson,2016-03-04
4WJ7UMD4i6DOPzyXU5pZSz,179d97494603457f,25,Danse macabre,False,French Festival,Camille Saint-Saëns,1988-11-25
4XGQUYPYfHpCMrO8BKOk5F,179d97494603457f,36,New Romantic,False,Too Many Voices,Andy Stott,2016-04-22
4XMRt4xFqLzGs4wDKkSSeu,179d97494603457f,0,Give Me Love (Give Me Peace On Earth),False,Living In The Material World (Remastered),George Harrison,1973-05-30
4XWqS8UGO5x4ClB2yH0nbW,b5540681352e06ac,55,Petricor,False,Elements (Deluxe),Ludovico Einaudi,2015-10-16
4YHiXcfBK6ei5TtQPZGwnI,b5540681352e06ac,3,"Der Rosenkavalier Suite, Op. 59, TrV 227",False,Strauss: Der Rosenkavalier Suite - Till Eulenspiegels lustige Streiche - Vier letzte Lieder,Richard Strauss,2010-08-24
4YTXCgz8veqe9fC0tDR6B1,b5540681352e06ac,0,I'm Old Fashioned,False,It Could Happen To You,Chet Baker,1987-01-01
4YVAnT6ZITl5DJ7hYnY0cg,b5540681352e06ac,22,Feet For Hands,False,Arc (Deluxe),Everything Everything,2013-01-14
4YiMedn3QioAKbZXfHpeCr,b5540681352e06ac,0,"Polonaise brillante No. 2 in A Major, Op. 21",False,Wieniawski / Sarasate: Violin Showpieces,Henryk Wieniawski,2000-01-01
4YzvET4h6h5TMtVoBrevQi,b5540681352e06ac,0,"Symphony No.9 In E Minor, Op.95, B. 178: 4. Allegro con fuoco",False,Dvorák: Symphony No.9 / Smetana: The Moldau / Liszt: Les Préludes,Antonín Dvořák,2001-01-01
4Z8jptUDjJDuxBf0pSOvSi,179d97494603457f,38,Brace Yourself Jason,False,Lunatic Harness,µ-Ziq,1997-01-01
4ZUlQw3KS7qiBrgJxSyel0,b5540681352e06ac,31,How Can I Tell You - Live,False,Passin' Thru (Live),Charles Lloyd,2017-07-14
4ZXyPNr79hrUoPWNXXRhQB,1e2e44dad56e626f,59,Ma Chérie,False,"Lost in Paradïse, Pt. 2",Naïka,2021-06-25
4a4qCP6E0y5UdEEdKB7SLA,179d97494603457f,0,Dragon Hunt,False,Little Box of Happy,Bari Koral,2016-10-28
4aCsgwFhbZ8CmYAotK7W2B,179d97494603457f,47,Let Down,False,Radiodread,Easy Star All-Stars,2006-08-22
4aIBSRXsCffmIE9efBkuNK,179d97494603457f,33,Arrhythmia,False,How Will I Live Without a Body?,Loma,2024-06-28
4aQ0Ay5BP6oSylwU3uZqiY,b5540681352e06ac,37,Over My Head,False,Atomic,Lit,2001-10-15
4aUrYkpfMzm2DVfG1Pplzk,b5540681352e06ac,0,New Morning,False,New Morning,Eric Scott Reed,2019-04-04
4adA7Fwkg19s4ajU7Nj7Ua,b5540681352e06ac,32,Dawn of the Forest,False,Healing Collection: Quiet Comfort,Takashi Kokubo,2007-09-28
4alHo6RGd0D3OUbTPExTHN,179d97494603457f,71,Just What I Needed,False,The Cars,The Cars,1978-06-06
4at3d5QWnlibMVN75ECDrp,1e2e44dad56e626f,70,Pretty Little Fears (feat. J. Cole),True,East Atlanta Love Letter,6LACK,2018-09-14
4avCu7TvieBwolOyCB0xGD,1e2e44dad56e626f,35,Khalas Hasaytar,False,Paranoia,Sharmoofers,2015-09-07
4b3i2rXFZx9JqQQq9KuVAj,b5540681352e06ac,40,Satellite Anthem Icarus,False,The Campfire Headphase,Boards of Canada,2005-10-17
4bFsJpLtnOWI4H8WYreKCm,179d97494603457f,2,Maximum Busy Muscle,False,Slope,Joe,2013-10-21
4bSjFyslz7l4kOcx85syHA,179d97494603457f,0,Black Sails,False,Shadow Work,Mammal Hands,2017-11-03
4bk6v5SBxNoVsbOvdOvUAJ,b5540681352e06ac,1,Addict With A Pen,False,Twenty One Pilots,Twenty One Pilots,2009-12-29
4bxnfJ1D0hD2b8pBWbAcYG,b5540681352e06ac,0,Little Brutes,False,The Illusion Of Safety,The Hoosiers,2010-08-13
4c6vZqYHFur11FbWATIJ9P,b5540681352e06ac,76,There She Goes,False,The La's,The La's,1990
4c9WmjVlQMr0s1IjbYO52Z,b5540681352e06ac,2,My Number,False,Holy Fire,Foals,2013-02-11
4cCKZyYg84iHBRmUxxLt2V,b5540681352e06ac,30,Canary,False,Mountainhead,Everything Everything,2024-03-01
4cdO4V9j6UuDd2piosPdJp,b5540681352e06ac,26,Birth a Basket,False,The Much Much How How and I,Cosmo Sheldrake,2018-04-06
4cp1YEbIC15IeZyX8JikKH,1e2e44dad56e626f,53,WINE,False,WINE,B Young,2020-02-13
4cxvludVmQxryrnx1m9FqL,1e2e44dad56e626f,73,My Shot,True,Hamilton (Original Broadway Cast Recording),Lin-Manuel Miranda,2015-09-25
4d2YgepBRyYjr1EXM6slZq,b5540681352e06ac,49,Ascent,False,Balance Point,Art Hirahara,2020-04-17
4d9PtIEVij9jW5OaLinH66,1e2e44dad56e626f,68,Clara Bow,False,THE TORTURED POETS DEPARTMENT: THE ANTHOLOGY,Taylor Swift,2024-04-19
4dCOHVQRRay8ldlP4TtCI1,b5540681352e06ac,47,Grazelands Dawn (feat. Jeremy Soule),False,The Elder Scrolls Online: Morrowind (Original Game Soundtrack),Brad Derrick,2017-06-07
4dDi8NVUok2G9FK2qeDErk,b5540681352e06ac,6,"Symphony No. 5 In E Minor, Op. 64, TH.29: I. Andante - Allegro con anima",False,Tchaikovsky: Symphony No.5; Francesca da Rimini,Pyotr Ilyich Tchaikovsky,2008-01-01
4dhqJs8efyqbziBPtfxbNF,b5540681352e06ac,0,Hammerhead,False,"Rise And Fall, Rage And Grace",The Offspring,2008-06-13
4dwUJK6Za2KRrj8z0BM2Ab,b5540681352e06ac,34,El Chepe,False,The Beautiful Game,Vulfpeck,2016-10-17
4e8KvQ6kLYr4ZnmZyNLwJO,b5540681352e06ac,0,Taro,False,An Awesome Wave (Deluxe Version),alt-J,2012-10-22
4eBCTzBsSjYgrLH5clQf2x,179d97494603457f,50,Born Under Punches (The Heat Goes On) - 2005 Remaster,False,Remain in Light (Deluxe Version),Talking Heads,1980-10-08
4eEQe7imsy6IbltZeH4Rfh,b5540681352e06ac,0,Up Jumped Spring,False,Up Jumped Spring,Eric Scott Reed,2019-03-21
4eKvQNmjJCrYHKVjcTLCBr,b5540681352e06ac,25,Lipstick and Bruises,False,Atomic,Lit,2001-10-15
4eivjoCuJycXEpi1mBTMgm,179d97494603457f,0,I’m at Ease With You,False,The Lipstick Melodies,Alan Wass and the Tourniquet,2015-06-15
4eml8c7ZKYbMPFNgtfiwou,179d97494603457f,41,Powder Blue,False,You're Dreaming,The Cactus Blossoms,2016-01-22
4fIWvT19w9PR0VVBuPYpWA,b5540681352e06ac,70,Haven't Met You Yet,False,Crazy Love,Michael Bublé,2009-10-06
4fkAWGCbxNizyNwsHlrajH,179d97494603457f,0,Farewell Transmission,False,Magnolia Electric Co. (Deluxe Edition),Songs: Ohia,2003-04-03
4fuLWKNpY01OLMT9tARnB4,179d97494603457f,46,Doin' Our Own Dang,False,Done By The Forces Of Nature,Jungle Brothers,1989-11-08
4fzsfWzRhPawzqhX8Qt9F3,1e2e44dad56e626f,12,Stronger,True,Graduation,Kanye West,2007-09-11
4g3Ax56IslQkI6XVfYKVc5,b5540681352e06ac,1,The Less I Know The Better,True,Currents,Tame Impala,2015-07-17
4gCaFMkA1CERmgy1ny9fhy,b5540681352e06ac,30,The Winter of My Discontent,False,Beloved of the Sky,Renee Rosnes,2018-04-06
4gVpgYGCLW1cb4jY9gt2N6,b5540681352e06ac,19,Strid,False,A Humdrum Star,GoGo Penguin,2018-02-09
4gVyYO3lwkhhjQXp4oabwy,179d97494603457f,30,Anti War Dub,False,Anti War Dub,Mala,2021-06-25
4gg8y3cf1EPysVeDAmHzae,b5540681352e06ac,21,Zumm Zumm,False,Django Django,Django Django,2012-01-30
4hD0Nyb28QAkRE4qIuYhjl,b5540681352e06ac,26,Rhapsody in Blue - Live,False,"Gershwin: Rhapsody in Blue; Prelude for Piano No. 2 / Bernstein: Symphonic Dances From ""West Side Story""",George Gershwin,1983-01-01
4hGsbyf3p0U5mlJTJwiUTq,1e2e44dad56e626f,0,Butterflies (feat. Not3s),True,AJ Tracey,AJ Tracey,2019-02-08
4hT7pIleAj0ezCYtBISXQ3,b5540681352e06ac,29,Something,False,"The Joy of Music, The Job of Real Estate",Vulfpeck,2020-10-23
4hkZMpR9ptEQLqlIorFPeN,b5540681352e06ac,51,Losing You,False,Dead by April,Dead by April,2009-01-01
4hs0ol9UoDjDzuT3LHgaFQ,b5540681352e06ac,44,Come Along,False,The Much Much How How and I,Cosmo Sheldrake,2018-04-06
4iGy3UsFeVw0oRaVWgsSN8,179d97494603457f,0,Shattered,False,Tortured / Shattered,Coki,2006-12-04
4iVsj42a9ubLzXMydycvY9,179d97494603457f,6,Our Scene,False,Translate,Luke Abbott,2020-11-20
4isZunlXGO354O5pHNRruu,b5540681352e06ac,0,Train Song,False,Some Things Just Stick in Your Mind,Vashti Bunyan,2007-10-21
4ixBjjYWyjQqNpCEW6E7Pd,179d97494603457f,3,Quiet Life - Original Mix,False,What I've Learned EP,UVB,2014-07-14
4j99ylKtwvDm9RAVVNGDrI,179d97494603457f,15,Your Love,False,Saturn to Home,L.B. Dub Corp,2024-05-24
4jQLX8Nr09Y9dgKPJ19Xua,b5540681352e06ac,18,Mount Harissa,False,Far East Suite,Duke Ellington,1967
4jnO4ztskhv3YkqgFnewtD,1e2e44dad56e626f,43,feelings fade,True,me,gnash,2015-12-25
4k2CdsRopiwCKqO6rOSiVY,179d97494603457f,46,The Rainbow - 1997 Remaster,False,Spirit of Eden,Talk Talk,1988
4ka1FkKAMde6dQAFFMXKac,1e2e44dad56e626f,64,i hope ur miserable until ur dead,True,i hope ur miserable until ur dead,Nessa Barrett,2021-08-06
4kjI1gwQZRKNDkw1nI475M,179d97494603457f,80,MY EYES,True,UTOPIA,Travis Scott,2023-07-28
4kmt62VZL8kihqFoWCuDB7,b5540681352e06ac,28,Superman,False,Riding the Wave,The Blanks,2004-10-14
4krOTBsThprgjbg4l7yOwS,179d97494603457f,0,Bromley,False,Bromley / Still Moving,Joy Orbison,2019-11-22
4l1rZbXdLTE9x7xgxYf6HO,b5540681352e06ac,0,The Devil Inside,True,Hope,The Blackout,2011-04-03
4l2lRDTRLyNPo7RyxPe3Me,179d97494603457f,0,Rondolet,False,"The Private Collection, Vol. 8: Studio Sessions 1957, 1965, 1966, 1967, San Fransisco, Chicago, New York",Duke Ellington,1989-01-01
4lJ6YVXQ0jUk5ILu0PSrA4,179d97494603457f,70,Ooh La La,False,Ooh La La,Faces,1973
4lN4O2bGspvrsxSpsTHIn0,1e2e44dad56e626f,0,Hanoozam,False,Hanoozam,Wantons,2020-06-01
4li9KmEUg6RVrAe1Y4p86W,b5540681352e06ac,50,As It Was,False,"Wasteland, Baby!",Hozier,2019-03-01
4lj4cW45UP5tQ8AhRxnQi9,b5540681352e06ac,41,Before It's Time to Say Goodbye,False,Songbook,Kenny Garrett,1997-05-16
4lp4TSqIS8VLe3DHaA2U7V,179d97494603457f,8,Goodness,False,Goodness,Rezzett,2015-03-01
4m0o6OrUw9JgkGv7BikQuw,179d97494603457f,12,Hob,False,Peasant,Richard Dawson,2017
4mAeYP6WtMW4yQTbAd4PRV,b5540681352e06ac,0,Deadcrush,False,RELAXER,alt-J,2017-06-02
4mIucROkc8m8EZtHKmJkqE,b5540681352e06ac,27,Choice Mountain,False,Arc (Deluxe),Everything Everything,2013-01-14
4mWoyaBAdPTOmKy4vnvID5,b5540681352e06ac,16,"Symphony No. 3 in A Minor, Op. 56 ""Scottish"": III. Adagio",False,"Mendelssohn: Symphony No. 3 ""Scottish"", The Hebrides Overture - Schumann: Piano Concerto",Felix Mendelssohn,2014-10-13
4n7yEzciVwVWhcRX9x91X3,1e2e44dad56e626f,51,Weapons in My Pocket,True,Weapons in My Pocket,Nico & Chelsea,2024-07-19
4nVu3eLLZxKwJSoqsRSfRO,b5540681352e06ac,23,Tokyo Traffic,False,Jazz Impressions Of Japan,The Dave Brubeck Quartet,1964-03-28
4nYxNjXiOCl1QzjSu9H9ip,b5540681352e06ac,35,Rising Sun,False,Jazz Impressions Of Japan,The Dave Brubeck Quartet,1964-03-28
4neTA5mrJ5WbNLIOY84LnM,179d97494603457f,18,L-Virata,False,Master-View,Hexstatic,2004-10-11
4o6BgsqLIBViaGVbx5rbRk,b5540681352e06ac,80,You Make My Dreams (Come True),False,Voices,Daryl Hall & John Oates,1980
4o82J5zr4DFEs9yj5szCVX,179d97494603457f,60,K-POP (feat. Bad Bunny & The Weeknd),True,UTOPIA,Travis Scott,2023-07-28
4oMHSQDO897MVw59IBE9cw,b5540681352e06ac,28,TV Dog,False,Mountainhead,Everything Everything,2024-03-01
4ovtDkjwWMekRP2PRaf4Yc,b5540681352e06ac,26,Make Me Wanna Die - Acoustic Version,False,Miss Nothing (UK Version Revised),The Pretty Reckless,2010-01-01
4ozrGU4V4smRTDnP7xDiZh,179d97494603457f,0,Take Me Away,False,Homecoming,Du Blonde,2021-04-02
4pMhwgF4a3R61AjEc9AbEh,b5540681352e06ac,0,A Whiter Shade Of Pale,False,60's Gold,Procol Harum,2006-01-01
4peBVv18xpxg2EyRasFX1k,b5540681352e06ac,18,Worried About Ray,False,Worried About Ray,The Hoosiers,2007-06-15
4pfrrhvplbJZAIsfosGWQP,1e2e44dad56e626f,67,the 1,True,folklore (deluxe version),Taylor Swift,2020-08-18
4q5YezDOIPcoLr8R81x9qy,1e2e44dad56e626f,79,I Can Do It With a Broken Heart,True,THE TORTURED POETS DEPARTMENT,Taylor Swift,2024-04-18
4q604hQba5940BbOoaenmz,1e2e44dad56e626f,59,Blood In The Cut,True,Every Where Is Some Where,K.Flay,2017-04-07
4qNkkuvHAaLMr7iVUe18uR,179d97494603457f,2,Make Um Bounce,False,This Is It / Make Um Bounce,Addison Groove,2011-04-24
4qSiJEeSnMcgHVowYYmazH,b5540681352e06ac,21,23 Days,False,The Moment (Digital Deluxe),Framing Hanley,2008
4qehkTKtOUZUIx1fcA1ZOW,179d97494603457f,37,The Old Black Hen,False,Magnolia Electric Co. (Deluxe Edition),Songs: Ohia,2003-03-04
4qjfQnccStTR8zNsb6Mizo,b5540681352e06ac,63,Minority,True,Warning,Green Day,2000-10-03
4qm6QmmBVo6mRJhskTubLk,b5540681352e06ac,43,Ripples Of Autumn,False,Ripples Of Autumn,Mendeville,2023-11-15
4quep9PavOzCQ1gxv8u20Q,b5540681352e06ac,0,Lobotomy For Dummies,False,Broadcast To The World,zebrahead,2006-06-30
4rHZZAmHpZrA3iH5zx8frV,1e2e44dad56e626f,82,Mirrors,False,The 20/20 Experience (Deluxe Version),Justin Timberlake,2013-03-15
4rfaoyaZvNa60cj3OKSQV9,b5540681352e06ac,66,Migraine,False,Vessel,Twenty One Pilots,2013-01-08
4rrrFiLUqnmiNEOaGNi9ru,179d97494603457f,0,How Deep Is Your Disrespect,False,Klammer,Rick Simpson,2016-09-23
4sRoiXZBLpiRIklm2wy0WZ,1e2e44dad56e626f,56,Happier Than Ever,True,Happier Than Ever,Kelly Clarkson,2022-05-25
4sUAFt1Wgd5X3Ug8UCUtlE,179d97494603457f,26,Black Moon,True,Black Moon,Yazmin Lacey,2017-06-16
4sY33sSLZ6EQpFkEJ1OaAE,b5540681352e06ac,27,Trust,False,Distractions/Nothing Serious (Double eAlbum),Roy Hargrove,2006-01-01
4spFpj7y2t5SGdTh2gS7gB,179d97494603457f,7,Ayfon,False,EP 2,Rezzett,2018-06-01
4spfRBAAdrMKR35lZWrgYF,b5540681352e06ac,52,Goodbye Mr A,False,The Trick To Life,The Hoosiers,2007-10-22
4svZDCRz4cJoneBpjpx8DJ,1e2e44dad56e626f,75,I Did Something Bad,False,reputation,Taylor Swift,2017-11-10
4tPQDofr1qmip4bbWFs9Qf,b5540681352e06ac,40,The Best Rapper Alive,False,The Best Rapper Alive,Dj Streaks,2020-02-14
4tZDUt8vHpvjfOXcHwOvtq,1e2e44dad56e626f,65,The Search - Edit,False,The Search (Edit),NF,2019-06-07
4tmdiyBfWJBbEzCNsNvebL,179d97494603457f,13,The Vault,False,SubBerlin (The Story of Tresor),The Advent,2012-05-07
4u99xxqr8jvHqrU1bJKjnr,179d97494603457f,2,FUOFUOFU,False,OUFOUFOF,SHXCXCHCXSH,2018-11-12
4uC2RrHmTfq96i55BTk1ML,b5540681352e06ac,31,Laamore,False,Laamore,Hidden Spheres,2021-02-24
4uUP9pXjAALuZDFXh79ImJ,179d97494603457f,33,At Last I Am Free,False,Nothing Can Stop Us,Robert Wyatt,1982
4vLYewWIvqHfKtJDk8c8tq,179d97494603457f,63,"So What (feat. John Coltrane, Cannonball Adderley & Bill Evans)",False,Kind Of Blue (Legacy Edition),Miles Davis,1959-08-17
4vQbNsZubDNpkt9VCxMesU,179d97494603457f,11,Funky Acid Stuff,False,Lover's Acid,Luke Vibert,2005-04-04
4vXq5ukq78gSlKWBj5xOKA,b5540681352e06ac,34,I Want A Love Like This,False,Raw Data Feel,Everything Everything,2022-05-20
4vtqByAomoqs2wt36icfg3,179d97494603457f,17,Samba De Verão,False,Magnum Opus,1morning,2024-03-29
4vuoL9ldmpmZcXm7RkhQvx,b5540681352e06ac,47,The Nearness Of You,False,Stardust: The Music Of Hoagy Carmichael,Bill Charlap,2002-01-01
4w6avaqFeiGZArLSronpKE,179d97494603457f,53,Pat a Cake Pat a Cake,False,Top 50 Nursery Rhymes,Nursery Rhymes 123,2021-01-01
4w8niZpiMy6qz1mntFA5uM,1e2e44dad56e626f,72,"Taki Taki (with Selena Gomez, Ozuna & Cardi B)",True,"Taki Taki (with Selena Gomez, Ozuna & Cardi B)",DJ Snake,2018-09-28
4wCgIRpdYVQKqHtTA2jUN4,179d97494603457f,0,Baltic Birch,False,Hundreds of Days,Mary Lattimore,2018-05-18
4wSMi5urWxpBPbnWqfI1Ht,179d97494603457f,43,Faith in Strangers,False,Faith in Strangers,Andy Stott,2014-11-17
4wcBRRpIfesgcyUtis7PEg,1e2e44dad56e626f,77,"1 step forward, 3 steps back",True,SOUR,Olivia Rodrigo,2021-05-21
4wkhV8JcGfy1z1inN5C61D,1e2e44dad56e626f,74,I Told You Things,False,The Secret of Us (Deluxe),Gracie Abrams,2024-10-16
4wx55TP8tQPf6A30P17qKj,179d97494603457f,0,Obligatory Blues,False,Volume One,The Cookers,2011-03-20
4x48SRR0MmHwZFqKlN0zRr,b5540681352e06ac,22,Music for 18 Musicians,False,Steve Reich - The ECM Recordings,Steve Reich,2016-09-30
4xXDkuBubr6ougVhkzmdYm,179d97494603457f,33,Wheels on the Bus,False,Gecko's Truck Songs for Children,Toddler Fun Learning,2019-06-21
4xtOrlx513T58qXxUwo9ui,b5540681352e06ac,33,Wild Guess,False,Mountainhead,Everything Everything,2024-03-01
4xtpxWzikOP6dtO6t6QKhc,179d97494603457f,19,"Blood Witness - Original 12"" Mix",False,Manbait,Regis,2015-09-18
4xvJdj7hScf7yt6ShpWzLN,179d97494603457f,49,It's Tractor Ted Time,False,It's Tractor Ted Time,Tractor Ted,2019-05-13
4y5bvROuBDPr5fuwXbIBZR,1e2e44dad56e626f,77,Paper Rings,False,Lover,Taylor Swift,2019-08-23
4yDFhjGlhRcS5Ay8mBYuk5,179d97494603457f,30,993,False,Nutrition,Blawan,2017-10-20
4yI3HpbSFSgFZtJP2kDe5m,1e2e44dad56e626f,9,Look At Her Now,False,Look At Her Now,Selena Gomez,2019-10-24
4yKTcvzQU40CxEMCtZSR6R,179d97494603457f,31,Too Late for U and M1,False,Time Spent Away From U,DJ Seinfeld,2017-11-03
4yLSpYlcO0jPPLTa3nW8zN,b5540681352e06ac,57,Fly,False,Divenire,Ludovico Einaudi,2006-10-23
4ygcdmPyBFEaf25SEEsKrz,179d97494603457f,0,Beep Street,False,Hard Normal Daddy,Squarepusher,1997-04-28
4yhJAS07Pqx49zqsh5KpkU,b5540681352e06ac,0,"Symphony No. 1 in D Minor, Op. 13: I. Grave - Allegro ma non troppo",False,Rachmaninov: Symphony No. 1 - Balakirev: Tamara,Sergei Rachmaninoff,2016-09-09
4yng5kF1wHXjmao9QCAqPq,179d97494603457f,10,Un Poco Loco,False,The Best Of Bud Powell,Bud Powell,1989-01-01
4ywum9XOqJW6TuOIWuylDI,179d97494603457f,16,Unflug,False,Salvador,Ricardo Villalobos,2006-05-24
4yz42ygCiPlfe2qN7gm69e,b5540681352e06ac,16,Happy In The Meantime,False,Atomic,Lit,2001-10-15
4zDJZRUtcLwOJ4Xs8AlA06,179d97494603457f,0,Differences,False,"Brownswood Bubblers Twelve, Pt. 2 (Gilles Peterson Presents)",Elisa Imperilee,2017-06-30
4zNPGQKSEmBsPQKwxt2edw,b5540681352e06ac,0,"Concerto for Horn and Orchestra in C minor, Op. 8: I. Allegro moderato",False,Richard Strauss / Franz Strauss / Mozart: Horn Concertos,Franz Strauss,2006-09-22
4zPDjRgceGrR0Sm54YDTTf,b5540681352e06ac,56,Autumn Nocturne,False,Blues Walk,Lou Donaldson,1958
4zX5TgLtHZRhfkAigwZT2b,b5540681352e06ac,0,Kamaloka,False,v2.0,GoGo Penguin,2014-03-17
4zYOY5ZkeiGJa7I0vkZxr5,179d97494603457f,32,You're Dreaming,False,You're Dreaming,The Cactus Blossoms,2016-01-22
4zrQ9UIhPD6lL6VBISJ5aE,1e2e44dad56e626f,47,Big Michael,True,Heavy Is The Head,Stormzy,2019-12-13
4zzQdimiXlhJ5023Rgmq3C,b5540681352e06ac,0,Grounds For Divorce,False,The Seldom Seen Kid (EU Version),Elbow,2008-03-17
500ouxcxTEi5VVq9seEXHD,b5540681352e06ac,43,Release the Pressure,False,Leftism,Leftfield,1995
50FU98QXUbZfi0cWicpDU2,179d97494603457f,18,Thorn,False,Don't Shy Away,Loma,2020-10-23
50h1VjFTHHmMF29aitKcrK,179d97494603457f,0,The Wind That Shakes the Barley,False,Martin Carthy,Martin Carthy,1993-01-01
50oeqwHfjjY2Zlz58UQEvd,179d97494603457f,0,Bloom,False,La Saboteuse,Yazz Ahmed,2017-05-12
51RNj0jPxd44Mb13pYIirE,179d97494603457f,0,Love Falls Down,False,"Brownswood Bubblers Twelve, Pt. 2 (Gilles Peterson Presents)",Poppy Ajudha,2017-06-30
51TE4kwKtJwzv4RET7nXVg,b5540681352e06ac,0,I'm Your Angel,False,Epic,R. Kelly,2010-09-10
51XA0yh7hBqCzr9j4l7AVq,179d97494603457f,5,Live at Stand By - Side A,False,Live at Stand By,Rezzett,2023-05-19
51ZQ1vr10ffzbwIjDCwqm4,1e2e44dad56e626f,87,we can't be friends (wait for your love),False,eternal sunshine,Ariana Grande,2024-03-08
51eSHglvG1RJXtL3qI5trr,1e2e44dad56e626f,84,Slow It Down,False,Fireworks & Rollerblades,Benson Boone,2024-04-05
51hyZpbJlIgZIaX3TtMxmu,1e2e44dad56e626f,83,run for the hills,True,THINK LATER,Tate McRae,2023-12-08
51jCJS1mfR552iwoqKa9Ss,b5540681352e06ac,10,Stand Up,False,Stand Up,Blue Lab Beats,2019-09-13
52D4GYeQOw7qR3lYwrV7Lg,179d97494603457f,0,Black Star Ritual - Ben Sims Remix,False,Spotlights 5: Underground Liberation,Ritzi Lee,2010-09-20
52ISO2r8yrzFsaU54cSMJ9,b5540681352e06ac,27,Butterfly Weed,False,Butterfly Weed,The Lofi Big Band,2023-11-22
534P1wgOzlgSogu8At0B6b,1e2e44dad56e626f,57,I've Had Enough,True,I've Had Enough,Melina KB,2021-03-12
534V2DcmQ3lAgX0wsKhrdW,1e2e44dad56e626f,0,Az Oonayi,False,Az Oonayi,Alireza Jj,2017-06-02
53D7CWY7E38xNbq4jFX4ep,1e2e44dad56e626f,56,WYD Now? [Feat. Zai1k & Zakhar],False,WYD Now? [Feat. Zai1k & Zakhar],Sadie Jean,2022-05-27
53MlvuuzCWsBqALgJggYyP,179d97494603457f,26,The Platform On The Ocean,False,Calling Out Of Context,Arthur Russell,2000-02-13
53g6d5JlFL9HE6HXsIW5c1,b5540681352e06ac,16,Song for My Mother,False,Still Flute,Tenderlonious,2021-10-29
53vgUW1O3NhBBW8VwEi1fo,b5540681352e06ac,25,Built For Sin,False,The Moment (Digital Deluxe),Framing Hanley,2008
546JPTUeq4WMNLRh8WMWCU,b5540681352e06ac,0,Made To Measure,False,Bumpy Ride,The Hoosiers,2011-04-10
54Aa3U7MwohGZz56LMi0Ng,b5540681352e06ac,37,All That’s Left of Me Is You,False,Schvitz,Vulfpeck,2022-12-30
54MFbDWpE6oDT46AKehNxM,b5540681352e06ac,0,Rich B***h,True,$O$,Die Antwoord,2010-01-01
54j9AXorPou7eMUrWf6MtO,179d97494603457f,17,First Night,False,Too Many Voices,Andy Stott,2016-04-22
559SdaPI7mqy9IQiscuaMj,1e2e44dad56e626f,63,Sure Thing - Sped Up,False,Sure Thing (Sped Up),Miguel,2023-01-27
55N0YHhO55Q1lWsc4dDPcI,1e2e44dad56e626f,70,A World Alone,False,Pure Heroine,Lorde,2013-09-27
55OMgmwtd5IGMFro2kessh,b5540681352e06ac,0,U Can't Touch This,False,Top 40 90's Hits - 40 Ultimate Nineties Anthems!,90s allstars,2014-05-11
55QRZO5AEJQPZ8bubZPFXF,b5540681352e06ac,34,Crossroads,False,Crossroads,Avenged Sevenfold,2008-02-19
55Vf4bimc1Rtfg0PAQRAo2,1e2e44dad56e626f,63,happiness,True,evermore (deluxe version),Taylor Swift,2021-01-07
55aAyOLeNeD5yDrYAjlph6,179d97494603457f,2,FOFFOFFO,False,OUFOUFOF,SHXCXCHCXSH,2018-11-12
55gISxV37mffOW2DbSskT3,b5540681352e06ac,50,Starálfur,False,Ágætis byrjun,Sigur Rós,1999-06-12
55tjsjKT9DrXRc9LyX31Lk,b5540681352e06ac,0,Bad Religion,True,Godsmack (Explicit Version),Godsmack,1998-01-01
55wACBXq7gogSECrvlwXOB,b5540681352e06ac,0,Air Flows,False,Air Flows,J Foerster,2021-03-19
562NDDxGdkvx5DPHjr5aE4,b5540681352e06ac,0,I Don't Care (This Is Why We Can't Have Nice Things) [Radio Edit],False,I Don't Care [This Is Why We Can't Have Nice Things],The Blackout,2009-11-13
56AjofuW5AmuZMQCiQvoEf,b5540681352e06ac,0,Source,False,Crab in Honey,Fever the Ghost,2014-10-06
56DdninROLNbL89G5bIeoa,179d97494603457f,3,Ill,False,Speedy Wunderground: Year 2,FEWS,2016-06-17
56hioFjQ0DXrdn04hZcFgG,1e2e44dad56e626f,61,Mastermind,False,Midnights (3am Edition),Taylor Swift,2022-10-22
56twMOlq9DJc3EgpVUVIrW,1e2e44dad56e626f,52,Stone Cold,False,Confident (Deluxe Edition),Demi Lovato,2015-10-16
56yJ6yhbaPSe9SwTgwi3Go,b5540681352e06ac,43,Cohibas,False,Cohibas,Slowdown,2023-11-23
56z2qI0gKcPthQF6l8AW3E,1e2e44dad56e626f,61,Bust Your Windows,False,Fearless,Jazmine Sullivan,2008-09-23
577mOFb1LAvSANIUZ4mbQ7,b5540681352e06ac,63,Revenga,False,Mezmerize,System Of A Down,2005-05-17
57DyT3nTA2XvQ1HB3oM1aF,b5540681352e06ac,0,"Symphony No. 1 in D: 3. Feierlich und gemessen, ohne zu schleppen",False,Mahler: Symphony No. 1 (Classic FM: The Full Works),Gustav Mahler,2014-01-01
57GYirGHLJYWZI5sF7VvGT,179d97494603457f,0,Billie's Bounce - 2000 Remastered Version,False,Now's the Time,Charlie Parker,2000-10-24
57LZ8GBVLiVWZtZWUlagjI,b5540681352e06ac,0,Two For Nero,False,Man Alive,Everything Everything,2010-01-01
57j65yC2HggQfmYNc6rdOK,1e2e44dad56e626f,72,bad idea!,True,bad idea!,girl in red,2019-09-03
57yL3161hUMuw06zzzUCHi,b5540681352e06ac,78,Doubt,False,Blurryface,Twenty One Pilots,2015-05-15
58ETbgkA0kiiiwG6iMI3an,b5540681352e06ac,0,Winter Is Blue,False,Some Things Just Stick in Your Mind,Vashti Bunyan,2007-10-21
58TwX5CF328t6qDm9sgaLb,b5540681352e06ac,23,"Uptown, Downtown",False,"Uptown, Downtown",Bill Charlap Trio,2017-08-04
58gg22rFN1xRC2MqKkzDNq,b5540681352e06ac,4,Very Early,False,Moon Beams,Bill Evans Trio,1962
594a2gJwaid7KGIn9QhYJL,b5540681352e06ac,46,Cosmic Sans,False,Motivational Music for the Syncopated Soul,Cory Wong,2019-08-02
596h29uN0X9X4ah0p2NHBt,179d97494603457f,22,Lifeblood,False,For Those Of You Who Have Never (And Also Those Who Have),Huerco S.,2016-06-10
59LTHdhW1H688shHvcdub5,b5540681352e06ac,2,Star Brite,False,We Speak,Stanley Turrentine,2018-02-28
59RiOyD4WGyNOd5Yh7mZtN,179d97494603457f,0,Dancing and Fire,False,Double Negative,Low,2018-09-14
59jrdPnMVSJd2naX8k7JTd,179d97494603457f,4,Superflight,False,Unbalance,2562,2009-10-12
59pnMarwJqPbkLDyYTjrO9,b5540681352e06ac,0,Waving,True,Going Going Gone,Mild High Club,2021-09-17
59y7ah9N6TWSgFZLN58L0u,179d97494603457f,0,SsSsSsSs,False,SsSsSsSsSsSsSsSsSsSsSsSsSsSsSs,SHXCXCHCXSH,2016-06-06
59yrobfvtKr2kYhz5MaYOZ,179d97494603457f,0,Cyboogie,False,Fishing For Fishies,King Gizzard & The Lizard Wizard,2019-04-26
5A4AbufsawShu9p8upBaTL,1e2e44dad56e626f,0,Mahaleye Gomo Goora,False,Injaneb,Shayea,2019-09-29
5APAqiPkxB4l1fLOH61HTw,b5540681352e06ac,0,"Symphony No.5 In E Minor, Op.64, TH.29: 2. Andante cantabile, con alcuna licenza - Moderato con anima",False,Tchaikovsky: Symphony No.5/Swan Lake Suite,Pyotr Ilyich Tchaikovsky,1989-01-01
5ARrtxJLVCeTv5TWo1oKgC,b5540681352e06ac,20,In The Waiting Line,False,Simple Things,Zero 7,2001
5BD9SqJecAsPUI717asNV6,b5540681352e06ac,35,Passacaglia,False,Liberetto II,Lars Danielsson,2014-08-29
5Bedn0svl0ZD7RGmJkmKKw,1e2e44dad56e626f,74,How Did It End?,False,THE TORTURED POETS DEPARTMENT: THE ANTHOLOGY,Taylor Swift,2024-04-19
5Bl1TC8Y1qh3ui6fGSWL5a,b5540681352e06ac,39,The Shadow of Your Smile,False,The Shadow of Your Smile,Scott Hamilton,2017-01-06
5CCNOyJdEWDCVMRRIshNUL,1e2e44dad56e626f,40,Helpless (feat. Ja Rule),False,The Hamilton Mixtape,Ashanti,2016-12-02
5CLc13Ktc8gDsDihuAqFzM,b5540681352e06ac,25,Glimmer Of Hope,False,Arctic Riff,Marcin Wasilewski Trio,2020-06-26
5CZVhuJJKFlmM9PjrAmLS9,b5540681352e06ac,30,"Symphony No. 3 in D Minor, Erste Abteilung: I. Kräftig. Entschieden",False,Mahler: Symphony No. 3,Gustav Mahler,2021-05-28
5D2mYZuzcgjpchVY1pmTPh,1e2e44dad56e626f,80,Candy Shop,True,The Massacre,50 Cent,2005-03-03
5DBQWDGt7WVlyMgMgvGko9,b5540681352e06ac,0,I Fink U Freeky,False,TEN$ION,Die Antwoord,2012-01-30
5DN1QdgodyvoM4efdXUR1c,b5540681352e06ac,41,Regret,False,Get To Heaven (Deluxe),Everything Everything,2015-06-22
5DRpmdSrlluTrXvfTCrTpD,b5540681352e06ac,1,I've Grown Accustomed to Your Face,False,"Milestones of Jazz Legends - Jazz on Broadway, Vol. 2",Chet Baker,2019-12-06
5DXKtoZLm31msT7tNGNHLG,1e2e44dad56e626f,64,Vossi Bop,True,Heavy Is The Head,Stormzy,2019-12-13
5Dm77ggSgR1olmJgSOJFYN,179d97494603457f,2,OPPP,False,VOOO EP,SHXCXCHCXSH,2020-04-17
5E5HYgxGMp3BPakHGfKfIB,179d97494603457f,0,Roadrunner,False,The Modern Lovers (Expanded Version),The Modern Lovers,1976-09-01
5EqGquh3ajBQjudpLLhJKy,b5540681352e06ac,0,Mr. White,False,The Universe Smiles Upon You,Khruangbin,2015-11-06
5EuDF2V1GOw817RaApPyBJ,b5540681352e06ac,0,Why Don't You Get A Job?,False,Americana,The Offspring,1998-11-16
5ExOm0dh4NyRyAdSAO9hyM,1e2e44dad56e626f,71,Florida!!! (feat. Florence + The Machine),True,THE TORTURED POETS DEPARTMENT: THE ANTHOLOGY,Taylor Swift,2024-04-19
5F2Ki5sDnEFiA9ZlzlGE6X,b5540681352e06ac,18,Clinging On for Life,False,The Trick To Life,The Hoosiers,2007-10-22
5F8rPLt2c52p0SK7kiH26b,b5540681352e06ac,47,Crystal Silence,False,Return To Forever,Chick Corea,1972-07-01
5FU8E1sNrfrNMQPV8X0GxO,b5540681352e06ac,2,"Violin Sonata No. 1 in A Minor, Op. 105 (arr. T. Zimmermann and H. Holl): I. Mit leidenschaftlichem Ausdruck",False,"Schumann, R.: Adagio and Allegro / Fantasiestucke / 3 Romanzen / Violin Sonata No. 1 / Marchenbilder",Tabea Zimmermann,2004-01-01
5FXIXX9FniNJfHd9DJrOop,b5540681352e06ac,29,Polka Dots And Moonbeams,False,Polka Dots and Moonbeams,Chet Baker,2018-07-27
5FYoVG03kAIK0F8VuSKykk,1e2e44dad56e626f,2,Empty Bench,False,Empty Bench,David Kushner,2024-12-06
5FcnUaoQm1LNyJjAYX8VpP,b5540681352e06ac,0,Landmarks,False,Landmarks,Brian Blade & The Fellowship Band,2014-01-01
5FdCinAy3O1jbqC3aMIxA0,b5540681352e06ac,0,Nancy From Now On,False,Fear Fun,Father John Misty,2012-04-30
5GoYvZWgWVIuqukRpblnd1,b5540681352e06ac,7,"Piano Concerto No. 22 in E Flat Major, K. 482: II. Andante",False,Mozart: Piano Concertos Nos. 22 & 23,Wolfgang Amadeus Mozart,1987-01-01
5GuZz08qie5efPtqsQFsdT,1e2e44dad56e626f,58,Chasing Cars,False,Eyes Open,Snow Patrol,2006-01-01
5HWQcpb5SL8IxSZjy8LVpY,179d97494603457f,46,Sneakin' Sally Through The Alley,False,Sneakin' Sally Through The Alley,Robert Palmer,1974-01-01
5Hdv2ubFZAp1tWdWamf90B,1e2e44dad56e626f,41,Petricor,False,Cinema,Ludovico Einaudi,2021-06-04
5IKLwqBQG6KU6MP2zP80Nu,179d97494603457f,70,We Are Family - 1995 Remaster,False,We Are Family (1995 Remaster),Sister Sledge,1995
5IY9cDJjyUEjXIk6ohzsKd,b5540681352e06ac,0,Symphony No. 2: Finale: Allegro moderato,False,Sibelius: Symphony No. 2,Jean Sibelius,2007-04-10
5JAhtB4S0NrArDlH9knyPU,b5540681352e06ac,0,Handbags And Gladrags,False,Decade In The Sun - Best Of Stereophonics (Deluxe),Stereophonics,2008-01-01
5JBo2pA0UXFoYzQQnQZfZ2,b5540681352e06ac,13,"Symphony No. 1 in D Major ""Titan"": IV. Stürmisch Bewegt",False,Mahler: Symphony No. 1,Gustav Mahler,2008-06-10
5JZNaNGQR40MCunvOBPvlb,179d97494603457f,0,Bel Air,False,Future Days (Remastered),CAN,1973
5JcnnIlIjY3AXB1Jo4q3Tp,179d97494603457f,2,FFUFFUFU,False,OUFOUFOF,SHXCXCHCXSH,2018-11-12
5Jgbx0E86vqMs1adjNKeJA,1e2e44dad56e626f,22,No Way,True,The 15th Day,J Hus,2017-02-27
5JiH89mHrv9oWHlD0T326z,1e2e44dad56e626f,64,To Be So Lonely,False,Fine Line,Harry Styles,2019-12-13
5K8krP3FbkTRRyC3153ygP,b5540681352e06ac,29,New Ceremony,False,Shallow Bed (Deluxe Version),Dry the River,2012-03-05
5KEL3nc5dlsA6hyS87ozRZ,1e2e44dad56e626f,53,4x4,False,4x4,Young T & Bugsey,2017-08-03
5KPAyJloy3m0Ai1O34rXrk,179d97494603457f,18,Flauta,False,Flauta,Nørbak,2024-11-08
5KQ6uddno2Hht84gJDHsPF,179d97494603457f,43,A Night In Tunisia - Rudy Van Gelder Edition / 2003 Remaster,False,Our Man In Paris (Rudy Van Gelder Edition),Dexter Gordon,1963
5KapdDhHZ0HRH6EKFMaSnm,b5540681352e06ac,23,Run Rabbit Run,False,The Trick To Life,The Hoosiers,2007-10-22
5KboIqx30dztT6wmEVFn17,b5540681352e06ac,42,Baby I Don’t Know Oh Oh (feat. Charles Jones),False,Mr Finish Line,Vulfpeck,2017-11-07
5KfKnJVNXZoohjeSA6hw8e,b5540681352e06ac,31,Good Man,False,Don't Forget to Look Up,Maverick Sabre,2022-01-28
5KoSOyStzFgRHZ3xaU2NwA,b5540681352e06ac,0,Enter The Ninja,True,$O$,Die Antwoord,2010-01-01
5L1iBJ2zqaT76V2yGT3l34,179d97494603457f,45,Knick Knack Paddywhack,False,"Sing and Learn, Vol. 1 - A Collection of Nursery Rhymes to Help Little Ones Learn and Develop.",Vicky Arlidge,2011-12-01
5LRxSyiIRHQD26h1mdM0Ir,b5540681352e06ac,60,My Friend,False,Goodbye Country (Hello Nightclub),Groove Armada,2001-07-11
5LaTsDrhrpXwLniidLpnF7,b5540681352e06ac,36,I Remember Clifford,False,The Best Of Lee Morgan,Lee Morgan,1988-11-02
5LoFozJ5JLyAFq6dbn2jEp,1e2e44dad56e626f,0,Dumpin',True,Pac's Life,2Pac,2006-01-01
5LraK2D6KZTbSxT7npbbU9,b5540681352e06ac,0,"New Person, Same Old Mistakes",False,Currents,Tame Impala,2015-07-17
5LtNBCM2ve0SxP0dlRVvMu,1e2e44dad56e626f,60,I'm Gonna Show You Crazy,True,I'm Gonna Show You Crazy,Bebe Rexha,2014-12-19
5Lu9OYEHAFP6KRls828iNn,b5540681352e06ac,33,I Got It Bad,False,Duke's Dream,Enrico Pieranunzi,2017-01-13
5M0EZQNLG4LXqHrFB0swyo,b5540681352e06ac,18,Autoscooter Lover,False,Masala Kiss,Cass.,2019-11-22
5M7TogzwJhZZmwvC73cxbi,179d97494603457f,10,Softlanding (Ricardo Villalobos Remix),False,Ricardo Villalobos reimagines: Stars Planets Dust Me,A Mountain Of One,2023-11-10
5MKYnizdhDDik45mEncVXu,179d97494603457f,43,Fighting Against Conviction,False,Blackheart Man,Bunny Wailer,1976-09-08
5MS0sLy3R4qnmw0zhMc8FL,179d97494603457f,0,Finding My Way,False,Fletcher Moss Park,Matthew Halsall,2012-10-15
5Mo9KHi0kOG3hjeOwyKBHr,b5540681352e06ac,23,The Trick to Life,False,The Trick To Life,The Hoosiers,2007-10-22
5NB9umEE6ZtMaoAxBIxSEH,b5540681352e06ac,18,"Symphony No. 3 in A Minor, Op. 56 ""Scottish"": II. Vivace non troppo",False,"Mendelssohn: Symphony No. 3 ""Scottish"", The Hebrides Overture - Schumann: Piano Concerto",Felix Mendelssohn,2014-10-13
5Nn2Dj7OQsGL6pgQ9iIzPp,b5540681352e06ac,56,Ghostwriter,False,Deadringer: Deluxe,RJD2,2002
5NtoPBmhY7WGdpsHmpy9Xh,b5540681352e06ac,0,Always Like This,False,I Had The Blues But I Shook Them Loose,Bombay Bicycle Club,2009-01-01
5OSNBCjkwNtyyBciVcy1GI,b5540681352e06ac,0,James MacMillan: The Confession of Isobel Gowdie: The Confession of Isobel Gowdie,False,James MacMillan: The World's Ransoming & The Confession of Isobel Gowdie,James MacMillan,2008-01-08
5Ofq1q7Vz62zq1hqlSDBec,b5540681352e06ac,10,Sea Lady,False,Music For Large & Small Ensembles,Kenny Wheeler,1990-10-01
5Oj2d73qYJZxjIzfqmcDH6,179d97494603457f,19,The Wind That Shakes the Barley,False,Martin Carthy,Martin Carthy,1965-06-07
5P2bHCDM2tsgIaYWsZMhu5,1e2e44dad56e626f,66,my tears ricochet,False,folklore (deluxe version),Taylor Swift,2020-08-18
5PMNuabTV5BaTahIawahcp,b5540681352e06ac,0,Someday,False,Is This It,The Strokes,2001-08-24
5PclxRY6shIQzSKxxbdZso,b5540681352e06ac,46,Under the Bridge,False,Blood Sugar Sex Magik,Red Hot Chili Peppers,1991-09-24
5PdEiev2BkKiZtZFcNKjfM,1e2e44dad56e626f,68,Hate Myself,False,The Search,NF,2019-07-26
5PknaMcCmlvdi0jOZQU88M,179d97494603457f,14,Arabesque Cookie (Arabian Dance),False,The Nutcracker Suite (Expanded Edition),Duke Ellington,1960-09-19
5Q0Bv2nasKwlFYMYuvtB6Y,b5540681352e06ac,0,Romaria,False,Romaria,Andy Sheppard Quartet,2018-02-16
5QD4hHEv8812JagZlH1MMy,b5540681352e06ac,0,In Cold Blood,True,RELAXER,alt-J,2017-06-02
5QXWop3bfB8Jm1tUnHgZIZ,179d97494603457f,0,Wulfstan II,False,>>,Beak>,2012-07-02
5Qn7UBFKV5iemqZMJ5F5ve,1e2e44dad56e626f,43,Strange Birds,False,Fire Within (Deluxe),Birdy,2013-09-16
5QyM9ihEh1vv8qJghyll37,179d97494603457f,21,Werewolf,False,Wolfways,Michael Hurley,1994-09-01
5R6mbYa9H4OmhIR3sc0z1x,179d97494603457f,21,Knock With Me - Rock With Me,False,Buck It Like a Horse,Lil' Rascals Brass Band,2008-02-25
5Rbj8akony3l0NNM5TjH1F,1e2e44dad56e626f,59,Wiley Flow,True,Heavy Is The Head,Stormzy,2019-12-13
5RqLLA9oIXrd5eVUJVod47,b5540681352e06ac,14,Weird Cat,False,Man Made Object (Deluxe),GoGo Penguin,2016-02-05
5S4aYQAJOwJMAamANWlICO,1e2e44dad56e626f,68,exile (feat. Bon Iver),False,folklore (deluxe version),Taylor Swift,2020-08-18
5S5cZASy2UEVFtJsB8CnbH,179d97494603457f,7,Amazon,False,Interstate,Monolake,1999-02-10
5S6spUAa7hNeJCP48786fm,179d97494603457f,47,Tenderness,False,Wide Awake!,Parquet Courts,2018-05-18
5SjmzXb7oMposJs7rbSgda,179d97494603457f,1,Cubismo 8.4 (Lost In Buenos Aires II),False,Cubismo,Architectural,2017-01-16
5SrF0wLZZq1gbG71amy8uU,b5540681352e06ac,27,Hell Riders,False,DSVII,M83,2019-09-20
5SwC8GD8fTjeJfi9ggGkqQ,b5540681352e06ac,0,"Kullervo, Op. 7: I. Introduction",False,Sibelius: Symphonies Nos 1 - 7 Kullervo / Pohjola's Daughter / The Oceanides,Jean Sibelius,2016-10-14
5T3JxG8cWXvHZiENvVYgg2,b5540681352e06ac,40,"Birds of a Feather, We Rock Together (feat. Antwaun Stanley)",False,Mr Finish Line,Vulfpeck,2017-11-07
5TIc53pvTiR7tzz08OwiUj,b5540681352e06ac,44,Myth,False,Myth,Ben Jammin' Beats,2023-11-17
5U1K50kALDwSUdUdTrBmG9,179d97494603457f,36,Cement Mixer,False,Truck Tunes,Twenty Trucks,2020-07-03
5UGCvqctOKb1cC0b2hJi1q,b5540681352e06ac,39,The End of the Contender,False,Mountainhead,Everything Everything,2024-03-01
5Ubw1kLPN7soW6f2jpOUfx,b5540681352e06ac,36,Test Drive (Instrumental),False,"The Joy of Music, The Job of Real Estate",Vulfpeck,2020-10-23
5V3mdRI2yQxbSsJGDPc5lD,b5540681352e06ac,6,Chop Suey!,False,Toxicity,System Of A Down,2001-01-01
5V6mK1pEu22104f22m8KkX,1e2e44dad56e626f,75,I Told You Things,False,The Secret of Us (Deluxe),Gracie Abrams,2024-10-18
5VGlqQANWDKJFl0MBG3sg2,b5540681352e06ac,80,Use Somebody,False,Only By The Night,Kings of Leon,2008-09-23
5VRkJsYcf9z4Wni19FxICi,b5540681352e06ac,46,Gorecki,False,Lamb,Lamb,1996-01-01
5VfQOeWtQD3qs9LVBRAemw,179d97494603457f,22,Who's Been in My Dream?,False,Mystic 100's,Milk Music,2017-03-15
5W5MRU12dpuOnd5WmWzian,1e2e44dad56e626f,56,In The Heat Of The Moment,False,Chasing Yesterday (Deluxe),Noel Gallagher's High Flying Birds,2015-03-02
5WJU527RQNyMLuKecjsL8V,b5540681352e06ac,58,Maggot Brain,True,Maggot Brain,Funkadelic,1971-07-12
5WVTUUFhOwOnVLdynmbM1a,179d97494603457f,0,The Wad,False,The Wad,Vels Trio,2018-05-11
5WXMS6w7Gvb02b6bx4eBSF,b5540681352e06ac,51,The Age Of The Understatement,False,The Age Of The Understatement,The Last Shadow Puppets,2008-04-19
5WcsxoURbNjQPQvzKpHUMn,1e2e44dad56e626f,60,us. (feat. Taylor Swift),True,The Secret of Us (Deluxe),Gracie Abrams,2024-10-18
5WhNe8bgleipQgKeunAxj6,1e2e44dad56e626f,45,Third Eye,False,"How Big, How Blue, How Beautiful (Deluxe)",Florence + The Machine,2015-05-29
5WwjuXb808g762BVOY2oW9,179d97494603457f,15,Klade,False,Wet Will Always Dry,Blawan,2018-06-22
5Xi7riSXD6uOdAxzmmniKF,b5540681352e06ac,8,Intro,False,A Promise To Burn,Framing Hanley,2010-05-24
5XoUmYzWa8YTaxxV9DWEU3,b5540681352e06ac,44,Melt - Remastered,False,Leftism,Leftfield,1995
5XzombolzpiaOSTdj1W0VS,1e2e44dad56e626f,52,Bleed,True,Artist 2.0 (Deluxe),A Boogie Wit da Hoodie,2020-06-19
5YfTPW6DEdcLJEFdYXNxoS,179d97494603457f,9,Ranta - 2020 Remaster,False,Multila (2020 Remaster),Vladislav Delay,2020-03-20
5Yj4AP0JGQWierBFKdKVyS,b5540681352e06ac,52,Feeling Good,False,Origin of Symmetry,Muse,2001
5Yp3ASX87yr9LNOQZsMGZO,1e2e44dad56e626f,0,Begoo Yadete,False,Begoo Yadete,Wantons,2017-05-23
5YwhVIzPr7MmxEgRMxA6sT,b5540681352e06ac,35,Serve Somebody,False,Schvitz,Vulfpeck,2022-12-30
5Z0HDixFz1mtvPOXLtCKU9,b5540681352e06ac,50,Born To Be Blue,False,Baby Breeze (Expanded Edition),Chet Baker,1965-01-01
5Z0UnEtpLDQyYlWwgi8m9C,1e2e44dad56e626f,16,Too Sweet,False,Unreal Unearth: Unheard,Hozier,2024-03-22
5Z2MiIZ5I3jJvvmeWMLbOQ,1e2e44dad56e626f,6,Escapism.,True,Escapism. / The Thrill Is Gone.,RAYE,2022-10-12
5ZK7JYtiFIDx4LqxwuPuhu,1e2e44dad56e626f,57,White Blank Page,False,Sigh No More,Mumford & Sons,2009-01-01
5ZULALImTm80tzUbYQYM9d,1e2e44dad56e626f,68,Dance Monkey,False,The Kids Are Coming,Tones And I,2019-08-29
5ZtKJy1I3RfBfgEPiTWaDn,b5540681352e06ac,30,Goldrush,False,Very Mercenary,The Herbaliser,1999-04-01
5aUSEPNd3m5xliFK4pn5mU,1e2e44dad56e626f,62,Good Thing (with Kehlani),True,Good Thing (with Kehlani),Zedd,2019-09-27
5aXpwknLswZ7P6zf6Q7dtr,179d97494603457f,13,Electrolatino,False,Salvador,Señor Coconut,2006-05-24
5adNkxFBgFYu3N6m8J6muG,b5540681352e06ac,0,Summertime,False,Gershwin on Sax,Denis Solee,2018-01-15
5arVt2Wg0zbiWwAOZef2Nl,b5540681352e06ac,65,Higher Ground - Remastered 2003,False,Mother's Milk,Red Hot Chili Peppers,1989-08-16
5bF6crgJa5Q58IWgbdUbuO,b5540681352e06ac,25,Isadora,False,Introducing Christian Scott,Christian Scott aTunde Adjuah,2012-01-01
5bK9t6Y6jhgtNyNFlLbLvE,b5540681352e06ac,1,"Violin Sonata No. 1 in A Minor, Op. 105 (arr. T. Zimmermann and H. Holl): II. Allegretto",False,"Schumann, R.: Adagio and Allegro / Fantasiestucke / 3 Romanzen / Violin Sonata No. 1 / Marchenbilder",Tabea Zimmermann,2004-01-01
5bizQ5IlYEMRo7VhsBc3Ii,179d97494603457f,50,Bobby Shaftoe,False,Top 50 Nursery Rhymes,Nursery Rhymes 123,2021-01-01
5bjV2B1rH2gkdtJ4qr0qQy,b5540681352e06ac,32,Landmarks,False,Landmarks,Brian Blade & The Fellowship Band,2014-01-01
5c6tU3SB0TylPXCVfQnGfz,b5540681352e06ac,25,Escape Cape,False,Isles in Indigo,RUMTUM,2022-01-28
5cbpoIu3YjoOwbBDGUEp3P,b5540681352e06ac,69,Car Radio,False,Vessel,Twenty One Pilots,2013-01-08
5cdwOmwZiyZvRsCAem5ETQ,179d97494603457f,0,The Night Is Ours,False,Silvertwin,Silvertwin,2021-07-16
5chnRTB9qMK3W1M41SnU9s,1e2e44dad56e626f,68,I Can Fix Him (No Really I Can),False,THE TORTURED POETS DEPARTMENT: THE ANTHOLOGY,Taylor Swift,2024-04-19
5ckbO8CmrMODju5m4VREsw,179d97494603457f,20,Explorer,False,Surface Tension: II,Clubroot,2020-06-05
5cmw0oFshcXrCsha5yHhCD,b5540681352e06ac,29,You Got One,False,Starfruit,Moonchild,2022-02-11
5cwN1htZyoWqZCc33f3RfE,b5540681352e06ac,62,The High Road,False,Broken Bells,Broken Bells,2010-03-01
5dVNh1zyM2idgsxZT5p0zg,b5540681352e06ac,0,"Two Wrongs Don't Make A Right, But Three Rights Make A Left",False,Phoenix,zebrahead,2008-08-01
5eGrVdPFOnhqq4gi0wWnJE,179d97494603457f,10,Static,False,Gravity,Monolake,2001-01-14
5eHMkZhX8Iq8VCoYzASzQz,179d97494603457f,12,Ice,False,Gravity,Monolake,2001-01-14
5eVSOpZbYSutAgrLyqKvq3,179d97494603457f,50,We're Going on a Bear Hunt,False,Kids Songs for Back to School,The Kiboomers,2017-07-18
5el2eA2dDGJD79GMegDXDV,179d97494603457f,12,Domelash,False,Dostrotime,Squarepusher,2024-03-01
5enxwA8aAbwZbf5qCHORXi,1e2e44dad56e626f,82,All Too Well (10 Minute Version) (Taylor's Version) (From The Vault),True,Red (Taylor's Version),Taylor Swift,2021-11-12
5f14ylFBAuwqVHXvafqtmd,1e2e44dad56e626f,56,079ME,False,079ME,B Young,2018-06-21
5f63XLd7pQoeBaq8YgMwX3,1e2e44dad56e626f,0,Confessions,True,Caviar Dreams,NorthSideBenji,2019-01-18
5fClRRa7P9nPIpstj50veV,179d97494603457f,49,Mr Schwartz,False,The Car,Arctic Monkeys,2022-10-21
5fKqnwOx2LGy1rM1smLADO,b5540681352e06ac,2,"Sonata for oboe and piano, op. 166 - Mvt. I: Andantino",False,Saint-Saens Chamber Music,Banff Camerata,1995
5faLdujFuDrObPex0JKM9J,b5540681352e06ac,5,Bossa For Shorty D,False,Bossa For Shorty D,J-Walk,2020-10-30
5ffYSl3b1C4H7iAWRB1D7v,179d97494603457f,0,Te Aro,False,Preservation,Nadia Reid,2017-03-03
5fhLDCuNimt2zvkiFxOAbU,b5540681352e06ac,15,Soul Eyes,False,European Quartet,Walt Weiskopf,2018-01-19
5fl9iJbPf5ZPenmUJxH2k9,b5540681352e06ac,50,Beastly,False,Mit Peck,Vulfpeck,2012-02-02
5fqgjglk3n5ynmrO7kY7G9,b5540681352e06ac,0,Tenderly,False,Born to Be Blue,Chet Baker,2014-08-18
5gFoAVTN9YlM9uJCrFZtgl,1e2e44dad56e626f,67,Crooked Smile (feat. TLC),True,Born Sinner (Deluxe Version),J. Cole,2013-06-18
5gSy6XO6O0ixJ51yr0I6bX,179d97494603457f,0,The Cruel Millennial,False,Fishing For Fishies,King Gizzard & The Lizard Wizard,2019-04-26
5gtCLYP5MBUjehk0xWs2vH,b5540681352e06ac,0,Philadelphia,False,The Dream,alt-J,2022-02-11
5h6wjRnugJbE4e0vzNiFUD,b5540681352e06ac,0,Coming Undone,False,See You On The Other Side,Korn,2005-12-06
5hlPrSCx9BvnQ3rCTkblMZ,1e2e44dad56e626f,66,High,False,Angel Face,Stephen Sanchez,2023-09-22
5hljqZrl0h7RcIhUnOPuve,179d97494603457f,58,Sculptures Of Anything Goes,False,The Car,Arctic Monkeys,2022-10-21
5iFwAOB2TFkPJk8sMlxP8g,1e2e44dad56e626f,71,Make You Mine,False,Make You Mine,PUBLIC,2019-08-09
5iVGN1Th2DqyWVNIBM8Vwk,1e2e44dad56e626f,57,Lessons,True,Heavy Is The Head,Stormzy,2019-12-13
5iqrbO0fhuLMiy9tYGanv6,1e2e44dad56e626f,64,C'est La Vie,False,C'est La Vie,Khaled,2012-05-17
5it4oClRgOmKzwahwKrATb,b5540681352e06ac,26,Sail,False,Cold Water Music,Aim,1999
5iuomwsFsvSnvWDwND1KX0,179d97494603457f,21,Smoke,False,Point,Cornelius,2002-01-22
5j1RG0LU6mAyWiwXpWrHj6,179d97494603457f,0,Blow the Man Down,False,Sole Mates,The Fisherman’s Friends,2018-04-20
5jPHmoS0ZEnT2LIBK0ZB2k,179d97494603457f,34,Peoria Lunch Box Blues,False,Magnolia Electric Co. (Deluxe Edition),Songs: Ohia,2003-03-04
5jgFfDIR6FR0gvlA56Nakr,b5540681352e06ac,77,Blackbird - Remastered 2009,False,The Beatles (Remastered),The Beatles,1968-11-22
5jjZikDrEd0by1o7V3fO4y,1e2e44dad56e626f,64,overwhelmed,False,Overwhelmed,Royal & the Serpent,2020-06-26
5jkJkA8Dpu9a60s0LYfW2I,b5540681352e06ac,56,We Three,False,Just Coolin',Cory Weeds,2022-04-15
5jlvGWlQW4Gs0FXG5f81ET,179d97494603457f,0,Richard,False,Preservation,Nadia Reid,2017-03-03
5k16sYWO0szgo4HNUUK31b,b5540681352e06ac,0,While My Lady Sleeps - Album Version - (take 10 bonus track),False,It Could Happen To You,Chet Baker,1987-01-01
5k38wzpLb15YgncyWdTZE4,1e2e44dad56e626f,80,Him & I (with Halsey),True,The Beautiful & Damned,G-Eazy,2017-12-15
5k3U0OGYBccHdKJJu3HrUN,179d97494603457f,71,Hakuna Matata,False,The Lion King,Nathan Lane,1994-01-01
5k5eFS6KhqriULcojCy9EX,b5540681352e06ac,29,A Cosmic Hiss,False,A Cosmic Hiss,Lola,2024-02-23
5kIs2zqVqf6zjupKpcRGOb,179d97494603457f,0,A Raft,False,First Seance,Land Trance,2020-05-01
5kMhXgQGUDIf84aXoNjYj7,179d97494603457f,28,St. Thomas,False,Now's The Times!,Sonny Rollins,1964
5kSAwHSqqr05MqWJ1o1KaG,179d97494603457f,41,Eden - 1997 Remaster,False,Spirit of Eden,Talk Talk,1988
5kTx5PWQYF5ARuIVbkQalW,1e2e44dad56e626f,46,Drift,False,Urban Flora,Galimatias,2015-05-19
5kiZGSxgqPdv6rbqL9THdd,1e2e44dad56e626f,61,High Infidelity,False,Midnights (3am Edition),Taylor Swift,2022-10-22
5ko7psnNaTLlW9oFk9k1aU,b5540681352e06ac,30,Embers,False,GoGo Penguin,GoGo Penguin,2020-06-12
5kuwqYI5NGedeaAsZEMzbG,b5540681352e06ac,5,It's The Talk Of The Town,False,Getz For Lovers (Deluxe Edition),Dizzy Gillespie,2022-02-10
5kzPsZ4CroSw8PSMneGYOc,179d97494603457f,34,Over the Irish Sea,False,Greatest Hits Volume 1,The Singing Kettle,2009-04-06
5lCyg2ZTw4kf8gmxXWuxDu,179d97494603457f,0,Grey Lanes,False,Hypnophobia,Jacco Gardner,2015-05-04
5lDrXqE9LAjDTd6ZfAdmVx,b5540681352e06ac,0,Ms,False,An Awesome Wave (Deluxe Version),alt-J,2012-10-22
5lJ1NMNz6ymwdaL9aejm8e,1e2e44dad56e626f,0,Family and Genus,False,And The War Came,Shakey Graves,2014-07-10
5lQwxQkZcJLeyS7d2adJUa,b5540681352e06ac,40,Knee-Deep in the North Sea,False,Knee-Deep In the North Sea,Portico Quartet,2007
5lVFuhdXSTFgIv65V8Zvua,b5540681352e06ac,40,"Symphony No. 5 in E Minor, Op. 64: I. Andante – Allegro con anima",False,Tchaikovsky: Symphony No. 5,Pyotr Ilyich Tchaikovsky,2020-10-23
5lWmgyRpYe9wLy3P5TMSkp,b5540681352e06ac,0,Search And Destroy,False,This Is War,Thirty Seconds To Mars,2009-01-01
5ld8E3DVBXCCWQ54yrkWVp,1e2e44dad56e626f,55,305,False,Wonder,Shawn Mendes,2020-12-04
5lehoWkVPujeOAwb8BO0uK,1e2e44dad56e626f,64,Only,False,The Search,NF,2019-07-26
5li1sKlA0UhTk2rY0JIVUv,b5540681352e06ac,46,I'm a Fake,True,In Love and Death,The Used,2004-09-27
5lkeYKxvxXb80SzJBjJY5h,1e2e44dad56e626f,0,Baraye,False,Baraye,Shervin Hajipour,2022-09-30
5meVa5klVlJalupZTvv5XX,1e2e44dad56e626f,71,21,False,minor,Gracie Abrams,2020-07-14
5mhYlnqnqWKvdHDhPZOWEc,b5540681352e06ac,14,Area,False,Area,The Futureheads,2005-11-28
5mocInaYq1cZMGR7SbCWfe,b5540681352e06ac,0,Mental Health,False,Phoenix,zebrahead,2008-08-01
5mzw1OaU80w3IisoXr1Lp7,179d97494603457f,0,XYZ - Peel Session,False,XYZ (Peel Session),Boards of Canada,2019-09-18
5nGUUEorJ955mIMVGQFut4,179d97494603457f,0,void beat,False,void beats/invocation trex,Cavern of Anti-Matter,2016-02-19
5nPB7CWCPPhhqfbJmo4AtN,b5540681352e06ac,12,Lipstick and Bruises,False,Atomic,Lit,2002-01-28
5nPbKG04fhLkIAjcPFaZq7,1e2e44dad56e626f,86,I Adore You (feat. Daecolm),False,I Adore You (feat. Daecolm),HUGEL,2024-07-19
5nexAvWNhwg51EavnDgViy,1e2e44dad56e626f,66,Toxic,True,It Was Good Until It Wasn't,Kehlani,2020-05-08
5o3DSHw1ORhM3lWxqGRvEf,b5540681352e06ac,52,"All Blues (feat. John Coltrane, Cannonball Adderley & Bill Evans)",False,Kind Of Blue (Legacy Edition),Miles Davis,1959-08-17
5oNzC6V1YkbxUpks9qsAg4,179d97494603457f,57,Here Comes the Fire Truck,False,Here Comes the Fire Truck,Super Simple Songs,2019-08-02
5olPLu1X90R1OkaEk5Emni,1e2e44dad56e626f,0,Bipolar,True,Bipolar,Sneakbo,2017-03-10
5ot8fCdHh93WmpTtUdwcb5,b5540681352e06ac,0,Broadcast To The World,False,Broadcast To The World,zebrahead,2006-06-30
5pIn0ZiclQOMzoFUlgDY0f,1e2e44dad56e626f,60,Sideline Story,True,Cole World: The Sideline Story,J. Cole,2011-09-27
5pKrfHEgKkqeuPkFM8nO7H,179d97494603457f,48,Walking through the Jungle,False,Hip Hop Happy : Happy Songs for Happy Children,Piccolo Music,2011-01-10
5pPaz7DQVQa56conheTyaf,b5540681352e06ac,0,Photoshop Handsome,False,Man Alive,Everything Everything,2010-01-01
5pURADpS4uToJjHX8fw0WT,179d97494603457f,14,Living Stereo,False,Master-View,Hexstatic,2004-10-11
5paPBCQFR3mSSpWtHZ30bZ,b5540681352e06ac,11,No Interest,False,Come To Canada You Will Like It,Patrick Holland,2018-06-22
5pdF0RwMBz9U4wMzeZRutK,179d97494603457f,23,Nn 8.0,False,Mdr 03,Norman Nodge,2007
5psuezepdKbS4Iwl8kRY7M,b5540681352e06ac,44,Oh I Miss Her So,False,Float Back To You,Holy Hive,2020-05-29
5q4BpnMrYEFzLO0dYODj6J,1e2e44dad56e626f,64,The Louvre,False,Melodrama,Lorde,2017-06-16
5qBOrpT8wLLjeGveOfGUlJ,179d97494603457f,2,UUOUUOUU,False,OUFOUFOF,SHXCXCHCXSH,2018-11-12
5qM3yh4LV6do781Dz5Ssgt,179d97494603457f,27,"Every Moment, I Am",False,All the Keys Are Here,Sebastian Mullaert,2017-06-23
5qRJZGqWHMpKRxk8rmAVto,b5540681352e06ac,25,Gloomy Sunday,False,Eternal,Sam M. Lewis,2004-01-01
5qSiRL1owyoIDgPvyRdwoy,b5540681352e06ac,31,Wait for the Moment (Live at Madison Square Garden),False,Live at Madison Square Garden,Vulfpeck,2019-12-10
5qwsb1gv8VYH92nR3LUQ32,b5540681352e06ac,12,Drop D,True,Atomic,Lit,2001-10-15
5qybZxKkbN76AUCgYPFA0Y,b5540681352e06ac,20,Chelsea Burns,False,Nolita,Keren Ann,2004-10-17
5r35Zd5Onw3aV3Gm9XdgtI,b5540681352e06ac,0,Come As You Are,False,Nirvana (International Version),Nirvana,2002-01-01
5rAff9XfcWx7rguN3t0fkW,b5540681352e06ac,55,"New York, I Love You but You're Bringing Me Down",False,Sound of Silver,LCD Soundsystem,2007-03-12
5rQSc6wJXP64UvulbSG96q,b5540681352e06ac,1,ListenTo,False,Human Samling,Harald Lassen,2020-11-13
5rZlwNFl01HqLWBQGryKSm,1e2e44dad56e626f,75,Mood Swings (feat. Lil Tjay),True,Shoot For The Stars Aim For The Moon,Pop Smoke,2020-07-03
5s2PkVuIo9mFzRFHp9Wupa,b5540681352e06ac,19,Trees etc.,False,Trees etc.,naran ratan,2015-05-22
5sKaPzGyNoIF9ksRonRg8k,179d97494603457f,17,Weaver,False,Peasant,Richard Dawson,2017
5tAa8Uaqr4VvA3693mbIhU,1e2e44dad56e626f,7,Ruin My Life,True,Ruin My Life,Zara Larsson,2018-10-18
5tMNfvZZTSmeterYKXYjdL,1e2e44dad56e626f,43,Bedroom Hymns,False,Ceremonials (Original Deluxe Version),Florence + The Machine,2011-01-01
5tPCT2Xp6p8chUIoy6VOJW,1e2e44dad56e626f,55,It's Called: Freefall - Sped Up,True,It's Called: Freefall (Sped Up),noturgf,2023-01-31
5tkJijKTNqyIUfen5cMNqe,179d97494603457f,0,Touch Absence,False,Whities 011,Lanark Artefax,2017-06-09
5uFHt5lLj1PH72Lgg2mg1v,179d97494603457f,0,Fugue,False,Hidden Name,Stephan Mathieu,2006-01-01
5uM2TbV57PabdmqUTJa1pG,b5540681352e06ac,40,L'enfant samba,False,Troupeau bleu,Cortex,1975-07-15
5uZmkX0ad3yOneXqFobJCB,179d97494603457f,0,Breathe,False,Antiphon,Alfa Mist,2017-03-03
5ubwXXOsH9bUhZsQ0Cybha,1e2e44dad56e626f,3,Level Up,False,Level Up,Ciara,2018-07-18
5ujvJ8XV0h6hnNAXIIewbn,b5540681352e06ac,18,"Symphony No. 3 in A Minor, Op. 56 ""Scottish"": I. Andante con moto - Allegro un poco agitato",False,"Mendelssohn: Symphony No. 3 ""Scottish"", The Hebrides Overture - Schumann: Piano Concerto",Felix Mendelssohn,2014-10-13
5uprA8IxZ3PiEiceI0Hrfs,179d97494603457f,0,Amour,False,Amour,Architectural,2015-11-27
5uz4PJQTMHtvr7ZyXoueLH,b5540681352e06ac,14,"The Sweet Time Suite, Part VI - Consolation",False,Music For Large & Small Ensembles,Kenny Wheeler,1990-10-01
5v3MSh7CD3VNyCwAoSha5p,1e2e44dad56e626f,68,Half of forever,False,Half of forever,Henrik,2024-01-05
5vX9r8GZ4I3vk6cagBXxRT,179d97494603457f,1,Stars Planets Dust Me,False,Stars Planets Dust Me,A Mountain Of One,2022-05-06
5vmFVIJV9XN1l01YsFuKL3,b5540681352e06ac,42,Conscious Club,False,The Beautiful Game,Vulfpeck,2016-10-17
5vr4HBj3fMioTj5IsT4pxE,b5540681352e06ac,0,Rizomantra (Rmx),False,Rizomantra (Rmx),Rizomagic,2022-02-14
5w9A6wOujmyEJWTF5Gz3Pq,b5540681352e06ac,0,"Serenade No. 1 in D Major, Op. 11: III. Adagio non troppo",False,Brahms: Serenades Nos. 1 & 2,Johannes Brahms,2017-03-17
5wGfZ5xEWjxS2vfYkEp4U8,179d97494603457f,34,I Paint a Design,False,Wolfways,Michael Hurley,1994-09-01
5wLU8DBGxCgoAwt7pR4e5K,b5540681352e06ac,0,Glorious,False,The Illusion Of Safety,The Hoosiers,2010-08-13
5wnIDrgujfOoHAHXVRpUMF,179d97494603457f,59,Right Down the Line,False,City to City,Gerry Rafferty,1978
5wxYxygyHpbgv0EXZuqb9V,1e2e44dad56e626f,62,on the street (with J. Cole),True,on the street (with J. Cole),j-hope,2023-03-03
5x5JM1BSB6vollcIzDocqT,1e2e44dad56e626f,75,The Climb,False,The Time Of Our Lives (International Version),Miley Cyrus,2009-01-01
5x7LMsSBWbQlLnmxF3U5PC,1e2e44dad56e626f,59,Balak,False,Balak,zeyne,2022-07-15
5xYR2G6YOEzX2X9asFUrOE,b5540681352e06ac,53,Space 1,False,Space 1.8,Nala Sinephro,2021-09-03
5xcunlfaZvD9BDQsLONI7A,b5540681352e06ac,58,HALCYON + ON + ON,False,Orbital 2,Orbital,1993-01-01
5xqXOJfjywxFmPoUvMwGiV,179d97494603457f,14,Cleo,False,Mindless Fullness,Donato Dozzy,2018-05-16
5xw32PKkA42ObOxNntOMPF,b5540681352e06ac,12,Mahler: Symphony No. 3 in D Minor: I. Kräftig. Entschieden,False,"Mahler: Symphony No. 3 & 8 Lieder aus ""Des Knaben Wunderhorn""",Gustav Mahler,1998-10-01
5yCr0sNmD5iVvm4CgoPjBx,b5540681352e06ac,0,Overprotected - Radio Edit,False,Britney,Britney Spears,2001-11-05
5yZzLyY9SMI3ZjdqpXWYDp,179d97494603457f,45,Everybody's Talkin',False,Fred Neil,Fred Neil,1966-12-01
5yeuXkukVGuix3vmLu2BPJ,1e2e44dad56e626f,58,Vigilante Shit,True,Midnights (3am Edition),Taylor Swift,2022-10-22
5ygEUpyZy5qtZ1423zymBW,179d97494603457f,54,Hello You,False,The Car,Arctic Monkeys,2022-10-21
5ym30WzGPXzhNn5ynbrHWw,b5540681352e06ac,0,My Little Brown Book,False,Duke Ellington & John Coltrane,Duke Ellington,1963-02
5yuzTsgXe97MkNVNHtHic1,1e2e44dad56e626f,58,Lion,False,Lion,Saint Mesa,2017-09-01
5ywsqu9AEJnEJhJ05Vf9Me,b5540681352e06ac,0,Blast Off,False,An Evening With Silk Sonic,Bruno Mars,2021-11-12
5z1E46RvhI34TTM2FDMPrp,179d97494603457f,45,1/2 - Remastered 2004,False,Ambient 1: Music For Airports (Remastered 2004),Brian Eno,1978
5zEYBwz3vdkD7yuQMCSj3q,b5540681352e06ac,0,Walk a Mile,False,The Dream,alt-J,2022-02-11
5zHGqhBj1ERLcGY2EI0oC5,179d97494603457f,17,Traverse,False,Traverse,Batu,2023-04-26
5zHjgIgdf14yK4W5xUQ59J,b5540681352e06ac,19,La forme et le fond,False,Nolita,Keren Ann,2004-10-17
5zSwq4RTX6KLVTmJtOAbt2,179d97494603457f,0,My Old Man's a Dustman - Remastered,False,The King of Skiffle (Remastered),Lonnie Donegan,2019-10-10
5zT5cMnMKoyruPj13TQXGx,1e2e44dad56e626f,74,I Found,False,5AM (Expanded Edition),Amber Run,2015-04-20
5zTX7MeCrTX5ZBFSqJS7XZ,b5540681352e06ac,0,"A Car, a Torch, a Death",False,Twenty One Pilots,Twenty One Pilots,2009-12-29
5zXxELtISH6ze35T1aB5oW,179d97494603457f,0,High Roller,False,The Return,Kamaal Williams,2018-05-25
5za2K5XXuEaFWps6pYdo2y,1e2e44dad56e626f,53,Congratulations,False,The Hamilton Mixtape,Dessa,2016-12-02
5zar0tYzSHLTAw4UgZ3kAF,179d97494603457f,16,Speak to Me,False,Complete Works 1994 - 1996,Regis,2012-02-29
5zpqkOpg31ksUdhuqJ9CQU,b5540681352e06ac,23,How Many More,False,Black Notes from the Deep,Courtney Pine,2017-10-27
5zr484nvaTNI8IEjjp85D1,b5540681352e06ac,7,Mano Sinistra,False,Forevergreens,Tonbruket,2016-03-18
608Cc8PhV7Anze7RX8nXWc,179d97494603457f,0,Dream Driver,False,Heaven Can Wait EP,Architectural,2017-04-14
608uL3XBV8f2MHKNgm32Y3,b5540681352e06ac,51,Disco Ulysses (Instrumental),False,Hill Climber,Vulfpeck,2018-12-07
60ByM4iRPMZ7h8b1a32Ur0,1e2e44dad56e626f,55,Dem Boy Paigon,True,The 15th Day,J Hus,2017-02-27
60VYab8NqYsAPoLYDDZ456,b5540681352e06ac,22,F Maj Pixie,False,GoGo Penguin,GoGo Penguin,2020-06-12
60iSKGrGazRzICtMjADNSM,1e2e44dad56e626f,77,Hold Me While You Wait,False,Divinely Uninspired To A Hellish Extent,Lewis Capaldi,2019-05-17
60pUN8FYqcux6VuOO9vmhF,179d97494603457f,23,Wendorlan - Original Mix,False,Dostrotime,Squarepusher,2024-03-01
61AK5ICbKk20h1dFS3mXuu,179d97494603457f,0,Deacon Blues,False,Aja,Steely Dan,1977-01-01
61aXHCnh31ZqFmmjHXPAbX,b5540681352e06ac,15,"Symphony No. 1 in D Major ""Titan"": I. Langsam. Schleppend - Im Anfang Gemächlich",False,Mahler: Symphony No. 1,Gustav Mahler,2008-06-10
61qcyE6AKeRlbNUzgamxwv,b5540681352e06ac,31,Fog Rolls Out Rabun Gap,False,Cicada Waves,Ben Seretan,2021-04-30
621ALAYuQFMnpBBdKXXAnS,179d97494603457f,0,50 Euro to Break Boost,False,Compro,Skee Mask,2018-05-15
62E2nR0od0M5HYxuYLaDz7,1e2e44dad56e626f,73,The Black Dog,True,THE TORTURED POETS DEPARTMENT: THE ANTHOLOGY,Taylor Swift,2024-04-19
62EKVbcWBaBISQDZnLzao3,b5540681352e06ac,0,Leviathan,False,Raw Data Feel,Everything Everything,2022-05-20
62J6NNzf4zGgSNn2TNbiDQ,1e2e44dad56e626f,0,Ziadesh Khoobe - Arian Goleh Remix,False,Ziadesh Khoobe (Arian Goleh Remix),Alireza Jj,2018-03-08
62VWmsNoDmqT0Mj9oHHFVh,b5540681352e06ac,51,Strasbourg / St. Denis,False,Earfood,Roy Hargrove,2008-01-01
62vpWI1CHwFy7tMIcSStl8,1e2e44dad56e626f,8,No Role Modelz,True,2014 Forest Hills Drive,J. Cole,2014-12-09
6338sagiRPpH6dOsT6yYw9,b5540681352e06ac,0,"Symphony No. 7 in A Major, Op. 92: II. Allegretto",False,Beethoven 7,Ludwig van Beethoven,2014-08-15
63DbSovMAbFy71oZhyGR4I,b5540681352e06ac,0,"Piano Concerto No. 3 in C minor, Op. 37: I. Allegro con brio",False,Beethoven: Piano Concerto No. 3 & Mass in C Major,Ludwig van Beethoven,2015-11-13
63m73hhKMllLTIXRfh39cz,b5540681352e06ac,11,"Piano Concerto No. 3 in C Minor, Op. 37: I. Allegro con brio - Live at Teatro Comunale, Ferrara, 2004",False,Beethoven: Piano Concertos Nos. 2 & 3,Ludwig van Beethoven,2004-01-01
63mdJr3NMY3wReOkNE6c6W,1e2e44dad56e626f,74,People You Know,False,Rare,Selena Gomez,2020-01-10
63xlQqbvoF0nZgLEpgddgz,b5540681352e06ac,17,Lady,False,The Best of The Black President,Fela Kuti,1999-01-01
63xuaP9IXvjp6fFraNblqu,b5540681352e06ac,0,Kimbie,False,Blues Run the Game (Expanded Deluxe Edition),Jackson C. Frank,2003
64DLnw8Rqm5tP5Mjt1Dz9p,179d97494603457f,2,Pinballs - Bonus Track,False,Speedy Wunderground: Year 1,Childhood,2014-05-26
65KmGZW8BPojGTJtiQGKuZ,b5540681352e06ac,0,"Pines Of Rome, P. 141: 2. The Pines Near A Catacomb",False,Respighi: The Fountains of Rome; The Pines of Rome; Ancient Airs and Dances - Suite III / Boccherini: Quintettino / Albinoni: Adagio in G Minor,Ottorino Respighi,1996-01-01
65lXKIwtMPW2HCr4CvLPiZ,179d97494603457f,45,Under The Influence,False,Surrender,The Chemical Brothers,1999-01-01
65se2Hwun9V4kLLOFB083x,179d97494603457f,42,Hickory Dickory Dock,False,"Sing and Learn, Vol. 1 - A Collection of Nursery Rhymes to Help Little Ones Learn and Develop.",Vicky Arlidge,2011-12-01
65yj9jo11c8662BUsJ8OEz,179d97494603457f,0,I Come Home to You,False,Preservation,Nadia Reid,2017-03-03
66TETUK4CD6ty7kA4v5bQi,179d97494603457f,15,True Colours (Sometime I'll Get Through),False,Take Hold Of Your Promise!,Gently Tender,2022-08-26
66U7274Oapr417BNqeQLoS,b5540681352e06ac,38,Icy Windy Sky,False,Twice Around the Sun,Ugly (UK),2024-04-03
66pWxtaxTV8CxcGOvivZeT,1e2e44dad56e626f,12,Luminary,False,Luminary,Joel Sunny,2023-08-31
66vrjgMvWOLyeKBuMGA0Cz,b5540681352e06ac,39,Love For Sale,False,Kind Of Blue (Legacy Edition),Miles Davis,1959-08-17
670mEOZ5Nfn0OuzQnFsM4a,179d97494603457f,5,God Didn't Leave The Factory,True,Take Hold Of Your Promise!,Gently Tender,2022-08-26
670qDZXLlzUtUdKisEBwPV,b5540681352e06ac,0,"Adagio & Allegro, Op. 70: Adagio and Allegro, Op. 70",False,"Schumann, R.: Adagio and Allegro / Brahms, J.: Trio for Violin, Horn and Piano, Op. 40 / Ligeti, G.: Hommage A Brahms",Robert Schumann,2002-01-01
67807KthlrlxJxrHf03VJN,b5540681352e06ac,0,Gran duo,False,"Magnus Lindberg: Clarinet Concerto, Gran duo & Chorale",Magnus Lindberg,2005-01-01
67Hna13dNDkZvBpTXRIaOJ,b5540681352e06ac,73,Teardrop,False,Mezzanine,Massive Attack,1998-01-01
67PDAoNnMcY4T2jra7miSo,179d97494603457f,8,You Got Me,False,Triangulation,Scuba,2010-03-22
67TsJxoEQS24n3IMg2DRqy,b5540681352e06ac,0,Knee-Deep in the North Sea,False,Knee-Deep In the North Sea,Portico Quartet,2007
67WqHuS6rVIOU9R7h8yn8m,b5540681352e06ac,28,Lay in a Shimmer,False,Black Noise,Pantha Du Prince,2010-02-08
67nepsnrcZkowTxMWigSbb,179d97494603457f,74,MELTDOWN (feat. Drake),True,UTOPIA,Travis Scott,2023-07-28
682ids6eHgL68r37y9vtqs,179d97494603457f,33,Dinotrux,False,Dinotrux,Imitator Tots,2019-02-01
68C2liFOYdLXANAyp3WfY2,b5540681352e06ac,0,Nothingtown - Explicit Album Version,True,"Rise And Fall, Rage And Grace",The Offspring,2008-06-13
68d6ZfyMUYURol2y15Ta2Y,b5540681352e06ac,48,Lingus,False,We Like It Here,Snarky Puppy,2014-02-25
68pA3y3FyEU5p35ccMrMTH,b5540681352e06ac,21,Armourland,False,Arc (Deluxe),Everything Everything,2013-01-14
68q3yCwDpiaoSQzp2ZWeG2,b5540681352e06ac,24,Urban Oasis,False,Urban Oasis,Mindeliq,2023-12-05
696U7cOPm6L2uYgm7G8fGG,1e2e44dad56e626f,30,Hallelujah,False,Arms Of A Dream,Reuben And The Dark,2018-05-04
69F4G9WD5U1vKrpaCiLznl,1e2e44dad56e626f,49,Woi,True,Woi,Digga D,2020-07-02
69ZEgPX0hxWXJIqkTlYz41,b5540681352e06ac,64,Iridescent,False,A Thousand Suns,Linkin Park,2010-09-08
69ZVbnB7FxXkLoztgXFtxC,b5540681352e06ac,0,New Project,False,Vehicles & Animals,Athlete,2003-04-07
69eMN4pzuYiV5wTFIQx7T2,179d97494603457f,2,Strain Tensor,False,Elastic Layouts,Architectural,2016
69rFDYwypeey2F9cDEL3da,b5540681352e06ac,46,3 on E,False,"The Joy of Music, The Job of Real Estate",Vulfpeck,2020-10-23
69uJi5QsBtqlYkGURTBli8,179d97494603457f,62,I Can't Make You Love Me,False,Luck Of The Draw,Bonnie Raitt,1991-01-01
6AAYNz8jXvVlgG9IpYi42Z,b5540681352e06ac,59,Hunnybee,False,Sex & Food,Unknown Mortal Orchestra,2018-04-06
6AI3ezQ4o3HUoP6Dhudph3,b5540681352e06ac,87,Not Like Us,True,Not Like Us,Kendrick Lamar,2024-05-04
6ALWsAWq3bZmKBNnVKcMJG,179d97494603457f,0,Tempest,False,Double Negative,Low,2018-09-14
6ANgkDsMtCYRkYay8iSeyR,b5540681352e06ac,0,We No Speak Americano,False,We No Speak Americano,Yolanda Be Cool,2010-01-01
6ATfHxDPIuzSAmvBMjxwJM,b5540681352e06ac,0,Prison Song,False,Toxicity,System Of A Down,2001-01-01
6AxFkm3oFbei6o6ymXGgOI,179d97494603457f,11,Dramatic Exit,False,Mystic 100's,Milk Music,2017-03-15
6AzQZJLLmEUFurwExaWNjd,b5540681352e06ac,0,Reptilia,False,Room On Fire,The Strokes,2003-10-20
6BlJSNxgtngyE6WAVY87NT,b5540681352e06ac,58,Sweet Tides,False,Radio Retaliation,Thievery Corporation,2008-09-23
6BxlebPzbgzT5vjnfDL5K1,b5540681352e06ac,0,"Symphony No. 6 in F Major, Op. 68, ""Pastoral"": I. Erwachen heiterer Empfindungen bei der Ankunft auf dem Lande (Awakening of happy feelings on arrival in the country): Allegro ma non troppo",False,Beethoven 6,Ludwig van Beethoven,2014-08-15
6C08qhowWyCTEDiXiIzBjv,179d97494603457f,29,Texas Flood - Remastered 2024,False,In Session (Deluxe Edition / Remastered 2024),Albert King,2024-10-18
6C0KJ9MMjL4G3FkkpUSQph,179d97494603457f,50,Abc Phonics Song,False,Abc Phonics Song,The Learning Station,2012-09-03
6C7OF1Jal7YkyjzyUG8vkK,1e2e44dad56e626f,57,Question...?,True,Midnights (3am Edition),Taylor Swift,2022-10-22
6CNdpf2hSBbWr6rg89KWAu,179d97494603457f,0,Now That I’ve Found You,False,The Lipstick Melodies,Alan Wass and the Tourniquet,2015-06-15
6CTrCqvZzjFj7PqEZM0Vjd,1e2e44dad56e626f,54,Love Is A Gamble (feat. Kida Kudz),True,9 LIVES,Sneakbo,2020-04-24
6CUxhtTkH0fSwfmsiOKPNV,179d97494603457f,0,XMAS_EVET10 [120][thanaton3 mix],False,Syro,Aphex Twin,2014-09-19
6CgIaRVXNmpUgeVuHmA4a2,b5540681352e06ac,7,Somersault,False,When It Falls,Zero 7,2004-03-02
6Cp92vJpBhCdDBDksM0nCB,179d97494603457f,0,RJRJRFFRJRJ,False,RJRJRFFRJRJ EP,SHXCXCHCXSH,2013-02-25
6CtfJbEzHUmtmpeGi9pDlP,179d97494603457f,0,Venus Loop Revisité,False,6 Fragments,Arno Vancolen,2020-11-13
6D4vZvLaG2AKUbJQncq2Nt,b5540681352e06ac,0,"Symphony No. 3 in D Minor, WAB 103: IV. Finale. Allegro",False,Bruckner: Symphony No.3,Anton Bruckner,1989-01-01
6DXEZzM4wBa3EOl0NCNSvz,1e2e44dad56e626f,64,Did You See,True,Common Sense,J Hus,2017-05-12
6DrLROM5MG9bxWHeEG5elq,1e2e44dad56e626f,64,illicit affairs,False,folklore (deluxe version),Taylor Swift,2020-08-18
6E2D4G6NVxcM2wrSi4nMXj,b5540681352e06ac,0,Takes Me Nowhere,False,"Rise And Fall, Rage And Grace",The Offspring,2008-06-13
6E37j4b44JGpdk297urpKM,1e2e44dad56e626f,64,like that,False,aurora,Bea Miller,2018-02-23
6ER8plW4Mae5d5nSATWPD9,179d97494603457f,36,"A Whiter Shade of Pale - Live at Fillmore West, 3/7/1971",False,Live At The Fillmore West,King Curtis,1971
6EYDxDuQvCMEXS26TVWQPM,179d97494603457f,0,Gaucho,False,Gaucho,Steely Dan,1980
6EZXO2zjC6KlLbNwc2HDMc,b5540681352e06ac,41,Let's Get Lost,False,Let's Get Lost: The Best Of Chet Baker Sings,Chet Baker,1989-01-01
6Ex1f0wNa3kkol50oTsvzC,1e2e44dad56e626f,56,Tranquility,True,Utopia,M Huncho,2019-04-12
6ExuGYt8aZUr2TjSF22oKH,179d97494603457f,0,0319 06 re 0219 11 SIEBEN 6-1 - Consequences,False,Re: Phgrp,Grischa Lichtenberger,2019-10-25
6FFrva3VXMwabDvuHkX4ZU,1e2e44dad56e626f,56,Dark Side,False,Bishop Briggs,Bishop Briggs,2017-04-14
6FYPsdJMqTRt9G2IPj7liT,179d97494603457f,0,Swirl - Original Mix,False,Wink,Wink,2007-02-23
6GCRnf1W9OKxok9fvNp3pz,1e2e44dad56e626f,45,Valentine's Day (Shameful),True,Valentine's Day (Shameful),Kehlani,2020-02-19
6GF9KDMMxM40CrqrSQOSjH,179d97494603457f,12,Stromcor,False,Dostrotime,Squarepusher,2024-03-01
6GLqXoHnhwCPvW3JEgPUTW,b5540681352e06ac,27,Over My Head,False,Atomic,Lit,2002-01-28
6GNRkaWUB0Lwc19SdkTgx8,1e2e44dad56e626f,57,All Too Well,False,Red (Deluxe Edition),Taylor Swift,2012-10-22
6GlaTHegic6EPDpGDkrawI,179d97494603457f,0,Beyond The Dance,False,Innovator - Soundtrack For The Tenth Planet,Rhythim Is Rhythim,2020-02-28
6GmkJJMe9U1tEcrJ3Hq3A1,b5540681352e06ac,64,Polarize,False,Blurryface,Twenty One Pilots,2015-05-15
6GpH4Q5hUKzMvMoO4n5itq,b5540681352e06ac,0,The Moment,False,Currents,Tame Impala,2015-07-17
6H4Spy8YIRKp4mrsL4Q6sv,b5540681352e06ac,18,I Believe It Now,False,I Believe It Now,Everything Everything,2016-09-02
6HhVHZTzhjvS5erfCm4roh,179d97494603457f,48,Eminence Front,False,It's Hard,The Who,1982-09-04
6HpyiTjKHVSSsgL6yCFbLc,1e2e44dad56e626f,51,Hearts Break and People Change,False,Hearts Break and People Change,Victor Ray,2025-01-31
6HqWcIutC3Bwk6awM1jnGP,b5540681352e06ac,0,Elephant,False,Lonerism,Tame Impala,2012-01-01
6I5cQVYvoc5dqpyYvYHpSw,b5540681352e06ac,36,Cough Cough,False,Arc (Deluxe),Everything Everything,2013-01-14
6IBxyCHeXatRw0szLfMcmQ,b5540681352e06ac,0,"Symphonie fantastique, Op. 14: I. Rêveries - Passions",False,Berlioz: Symphonie fantastique,Hector Berlioz,2001-01-01
6IG3sQ8s9nfk6TUlVzRhbN,1e2e44dad56e626f,64,Is It Over Now? (Taylor's Version) (From The Vault),False,1989 (Taylor's Version) [Deluxe],Taylor Swift,2023-10-27
6IIMcSZPXOY8TxYXl5pB86,b5540681352e06ac,0,Back To Normal,False,Broadcast To The World,zebrahead,2006-06-30
6INztpNwOTlfSKTuPo0HOP,1e2e44dad56e626f,66,The Alcott (feat. Taylor Swift),False,First Two Pages of Frankenstein,The National,2023-04-28
6Ius4TC0L3cN74HT7ENE6e,1e2e44dad56e626f,2,Wet Dreamz,True,2014 Forest Hills Drive,J. Cole,2014-12-09
6J15nU5UiPGpJ2AYEFeBR5,179d97494603457f,1,Something Tells Me / Pour Out Like Water,False,Departing Like Rivers,Shackleton,2021-09-10
6J8Z1UJG7uTS1mhZsgmJCp,b5540681352e06ac,0,Infant Eyes,False,Heartsongs,Fred Hersch Trio,2018-07-20
6J973mNweqCDzoGfl2v8SA,b5540681352e06ac,0,My Foolish Heart,False,Waltz For Debby [Original Jazz Classics Remasters] (OJC Remaster),Bill Evans Trio,1961
6JSDPGEFKN0LXJC44t7a6X,b5540681352e06ac,15,"Beethoven: Piano Concerto No. 5 in E-Flat Major, Op. 73 ""Emperor"": I. Allegro",False,Beethoven: Piano Concertos Nos. 1 - 5,Ludwig van Beethoven,2003-01-01
6JZv5f9ufV0Uz7VbGpd2DL,b5540681352e06ac,0,Skiptracing,False,Skiptracing,Mild High Club,2016-08-26
6JlI8Ay77m4nJvZTHvfT1J,1e2e44dad56e626f,62,peace,True,folklore (deluxe version),Taylor Swift,2020-08-18
6Juv5N0dNU1imms9c9u1dA,1e2e44dad56e626f,1,Papi Chulo,True,Papi Chulo,Octavian,2020-03-13
6K8VQ84MqhsoakN5MjrnVR,1e2e44dad56e626f,79,Supercut,False,Melodrama,Lorde,2017-06-16
6K9LWxm740uE2m94xspjm6,b5540681352e06ac,56,Aquarela do Brasil (Participação especial de Gilberto Gil e Caetano Veloso),False,Mestres da Mpb,João Gilberto,1992-01-01
6K9OZXwIHqD4eKwQjgwsoj,1e2e44dad56e626f,0,Man Age To Nabashi,False,Man Age To Nabashi,Hichkas,2012-09-29
6Keqy1fhBgE61soheKFj62,b5540681352e06ac,5,Melinda,False,Getz For Lovers (Deluxe Edition),Stan Getz,2022-02-10
6KhanC8hPBbYW5jUuEVf4o,179d97494603457f,10,Saviour,False,Silvertwin,Silvertwin,2021-07-16
6KzIC6VDoGpNJnslambKtE,b5540681352e06ac,0,Coldest Night of the Year,False,Some Things Just Stick in Your Mind,Vashti Bunyan,2007-10-21
6L89mwZXSOwYl76YXfX13s,b5540681352e06ac,83,Basket Case,False,Dookie,Green Day,1994-02-01
6LCejUcHNsVklMrqMmPXfQ,b5540681352e06ac,0,Down With The Sickness,True,The Sunny Side Of The Moon: The Best Of Richard Cheese,Richard Cheese,2006-02-07
6LUVIXTaZSuOcQchjxoL5d,b5540681352e06ac,32,Requiem - Live,False,8: Kindred Spirits (Live From The Lobero),Charles Lloyd,2020-02-28
6LtR9Sz2copzqmpcrkbYxU,b5540681352e06ac,34,The Wheel (Is Turning Now),False,Get To Heaven (Deluxe),Everything Everything,2015-06-22
6MAL1HIq8S2qiKrdFiQAHF,b5540681352e06ac,26,2 Far Gone,False,Dark Matter,Moses Boyd,2020-02-14
6MJvVTEytQhtCHsjSw7oEE,1e2e44dad56e626f,47,Lost My Mind,False,Blood Harmony,FINNEAS,2019-10-04
6Maf2biqAJsUMGbPjdNq96,b5540681352e06ac,0,Alarms in the Heart,False,Alarms in the Heart,Dry the River,2014-08-25
6MoSw6qEwgAAV6x1RHrBXn,1e2e44dad56e626f,28,Part Of Me,True,Remember To Remember Me,Isak Danielson,2020-04-17
6Muh3kBc7ONCuiWtdi0NCT,179d97494603457f,0,Godzilla,False,Yellow Ochre EP,Vels Trio,2017-06-09
6Mvb8vVYbBlYn7lkTciTd6,179d97494603457f,0,Abusey Junction,False,We out Here,Kokoroko,2018-02-09
6N4bifNtBKSSDmIL3qZRh8,1e2e44dad56e626f,49,Me And The Sky,False,Come From Away (Original Broadway Cast Recording),Jenn Colella,2017-03-10
6Nl7KyvjkFncGsjB49SxLl,1e2e44dad56e626f,60,Midnight Rain,False,Midnights (3am Edition),Taylor Swift,2022-10-22
6NmEbJz0hXsoe5mogu23it,1e2e44dad56e626f,56,Seven Devils,False,Ceremonials (Original Deluxe Version),Florence + The Machine,2011-01-01
6NpwgYdHNNpq81GnpJNx3Y,b5540681352e06ac,0,Count Your Blessings,False,Let's Call the Whole Thing Off,Seamus Blake,2016-06-17
6O1XKTvgVLwytNWdOlFcHI,b5540681352e06ac,0,3WW,False,RELAXER,alt-J,2017-06-02
6OQFFqthPQasbIzyZxFkHT,179d97494603457f,48,Old MacDonald Had a Farm,False,"Sing and Learn, Vol. 1 - A Collection of Nursery Rhymes to Help Little Ones Learn and Develop.",Vicky Arlidge,2011-12-01
6OdkL4aZUfdmrFAU5jWo5E,b5540681352e06ac,27,Yuppie Supper,False,Get To Heaven (Deluxe),Everything Everything,2015-06-22
6Oq4fiDzKaFMU89dTvM24u,1e2e44dad56e626f,55,Audacity (feat. Headie One),True,Heavy Is The Head,Stormzy,2019-12-13
6OyXT6i70i9DsJeJThYGVa,179d97494603457f,37,5 Currant Buns,False,"Sing and Learn, Vol. 1 - A Collection of Nursery Rhymes to Help Little Ones Learn and Develop.",Vicky Arlidge,2011-12-01
6PBSZf43GwbmAT7fQH9yPq,b5540681352e06ac,35,"Buddy, Come Over",False,Mountainhead,Everything Everything,2024-03-01
6PGoSes0D9eUDeeAafB2As,1e2e44dad56e626f,83,LOVE. FEAT. ZACARI.,False,DAMN.,Kendrick Lamar,2017-04-14
6PQ88X9TkUIAUIZJHW2upE,1e2e44dad56e626f,10,Bad Habits,False,Bad Habits,Ed Sheeran,2021-06-25
6PQOU00xWNrGwCZzboriXy,1e2e44dad56e626f,64,"You're On Your Own, Kid",False,Midnights (The Til Dawn Edition),Taylor Swift,2023-05-26
6PVCcLstrgObm8aw6GsV02,179d97494603457f,0,Jockey Full Of Bourbon,False,Rain Dogs,Tom Waits,1985-09-30
6PkxSIt2TYLMFa8ybyngVP,1e2e44dad56e626f,53,Eat Your Young,False,Eat Your Young,Hozier,2023-03-17
6Pq9MmkDQYZiiCDpxnvrf6,179d97494603457f,60,I Am The Walrus - Remastered 2009,False,Magical Mystery Tour (Remastered),The Beatles,1967-11-27
6PwTKjilj5aLnAclaGtrzK,179d97494603457f,30,Fiona Fire Truck,False,Gecko's Truck Songs for Children,Toddler Fun Learning,2019-06-21
6QFnwOaQIMd9sZNsd4mUaO,1e2e44dad56e626f,70,One More I Love You,False,One More I Love You,Alex Warren,2021-06-11
6QIZUbPbMqbDUORTuZtxsV,1e2e44dad56e626f,49,My Heart's Grave,False,My Heart's Grave,Faouzia,2017-09-15
6R81LNxCNqY9c1TXCuyvXq,1e2e44dad56e626f,64,Sing Like Madonna,False,Sing Like Madonna,Sebastian Schub,2024-10-11
6R9212DpqSqaxDOcWEVg63,b5540681352e06ac,0,Weights,False,Man Alive,Everything Everything,2010-01-01
6RHHbAbyIcPpvS1dP3KUGq,1e2e44dad56e626f,1,Running Up That Hill,False,Covers,Placebo,2003-03-24
6RMWuShjqxuHL9HGL8pZeb,b5540681352e06ac,20,Spain,False,Verve Jazz Masters 3: Chick Corea,Chick Corea,1994
6RPQdkI8t1eaG2abymrYVK,b5540681352e06ac,0,GREEN,False,Green,Hiroshi Yoshimura,2020-03-20
6RTwbKB3lsqGCHIAt1FoLC,b5540681352e06ac,0,Buck Rogers,False,Match Of The Day,Feeder,2009-06-08
6RbwGr6dhNGGjgPb6vgDkd,b5540681352e06ac,30,Bardo,False,A Humdrum Star,GoGo Penguin,2018-02-09
6RznszYsVALmbtZJ6fT6gf,179d97494603457f,4,Sirens,False,Absolute Zero,Moses Boyd,2017-08-04
6SNhXSIWcfu6ookPHDaRba,b5540681352e06ac,30,Don't Ask Me To Beg,False,Mountainhead,Everything Everything,2024-03-01
6SsCsNhjtJkmqEw5whGAPu,b5540681352e06ac,0,Just a Day - Edit,False,The Singles,Feeder,2006
6SwUjCoGtxOyHWSSaFj6CC,179d97494603457f,56,Old MacDonald Had a Farm,False,Top 50 Nursery Rhymes,Nursery Rhymes 123,2021-01-01
6T7mwPFEKwXuMdSWm4Dwrz,b5540681352e06ac,0,Giddy Up,False,The Illusion Of Safety,The Hoosiers,2010-08-13
6TJf6aEGh6AuEJMdxt7PoN,179d97494603457f,0,Glasspops,False,The Four Worlds,Mark Pritchard,2018-03-23
6TbJb7XcP1JtB7NOy3AL46,b5540681352e06ac,0,Street Spirit (Fade Out),False,The Best Of,Radiohead,2008-04-07
6TgA4zU87WT2qt2YTG7SEo,179d97494603457f,35,Blue Moon Tree,False,"Ambivert Tools, Vol. 4",Lone,2018-10-12
6TjUg1cTUzWHbal6yQAi7c,179d97494603457f,53,Mother Nature's Son - Remastered 2009,False,The Beatles (Remastered),The Beatles,1968-11-22
6U2Guv14DgjEAv9glWiWZc,b5540681352e06ac,0,My Computer,False,Raw Data Feel,Everything Everything,2022-05-20
6U2ty6FZaiv416V3odvKzZ,b5540681352e06ac,1,"Serenade No. 1 in D Major, Op. 11: I. Allegro molto",False,Brahms: Serenades Nos. 1 & 2,Johannes Brahms,2017-03-17
6U5hUX40OWY6l0HaPUWElZ,b5540681352e06ac,2,Banquet,False,Silent Alarm,Bloc Party,2005-01-01
6UrnAZwqUIbo1onB692QE2,179d97494603457f,3,Take It Down In (Dub),False,Take It Down (In Dub),L.B. Dub Corp,2010-08-02
6V0PPYLaQ5fCAPftwIgpuN,1e2e44dad56e626f,50,Moderation,False,Moderation,Florence + The Machine,2019-01-24
6V77yOT0klYsDdbRkUV9TW,b5540681352e06ac,36,Raven,False,A Humdrum Star,GoGo Penguin,2018-02-09
6V9VCm1zOY2lGR80RehJ9i,179d97494603457f,63,Wichita Lineman - Remastered 2001,False,Wichita Lineman (Remastered),Glen Campbell,1968
6VKBuDkVHx85EBCy17ZGkS,b5540681352e06ac,0,"Saint-Saëns: Morceau de concert in F Minor, Op. 94",False,Romantic Horn Concertos,Camille Saint-Saëns,1985-02-02
6Vz2IQv3AYoznh4tjsrRPo,179d97494603457f,0,Something On Your Mind,False,In My Own Time,Karen Dalton,1971
6W0gVa2dyLYCl2U19VJo4x,b5540681352e06ac,31,deliberation,False,deliberation,flamingo zamperoni,2023-06-29
6WDHGgsxiB2YQIib7kcmRf,1e2e44dad56e626f,54,Enjoy the view,False,Enjoy the view,Henrik,2024-07-12
6WFwC46XQapcmnToEcromu,b5540681352e06ac,23,Smooth Move,False,Smooth Move,Cory Wong,2020-10-16
6WuFJoMtzIz3xJks5Bih3U,b5540681352e06ac,0,Be Careful What You Wish For,False,Phoenix,zebrahead,2008-08-01
6X6HG13dquCcvynTTiUlDu,179d97494603457f,33,Everywhere You Go - Villalobos Celestial Voice Amnesia Resurrection Mix,False,Everywhere You Go,Mari Kvien Brunvoll,2014-03-24
6XC9ruuQ782RxChFFfN5N3,1e2e44dad56e626f,0,Sarnevesht,False,Sarnevesht,Gdaal,2019-08-27
6Xs9eaQXZaKfPkEyETxNl6,b5540681352e06ac,56,Night,False,Elements (Deluxe),Ludovico Einaudi,2015-10-16
6YAHre8n87f7WZUkZOMJPK,179d97494603457f,41,Ocotillo,False,Don't Shy Away,Loma,2020-10-23
6YLtIGF3AD374tReIkoyqW,179d97494603457f,20,Red Hot Sand,False,Red Hot Sand,Flat Worms,2016-04-30
6YWl0uGhdL50JtN63OvO52,b5540681352e06ac,45,Rhapsody in Green,False,Mother Earth's Plantasia,Mort Garson,2019-03-22
6YYu8qFzcY1ZyzzsJIQM12,b5540681352e06ac,49,"Straight, No Chaser",False,"Straight, No Chaser",Thelonious Monk,1967
6YgIehBTPQc7ng44YY4zEB,b5540681352e06ac,0,Never Le Nkemise - With Yo-Landi Vi$$er Vocal,False,TEN$ION,Die Antwoord,2012-01-30
6YmAN8wW3S1GFa3FQ7hYc5,b5540681352e06ac,40,Glass,False,Glass,Oli Howe,2022-10-07
6YmnDBo2oUE99O7aR6Mj4p,b5540681352e06ac,0,Monsoon: Top to Bottom,False,Knee-Deep In the North Sea,Portico Quartet,2007
6Z4KcICXn9Sn2XCvQCFFoT,b5540681352e06ac,18,Home,False,The Moment (Digital Deluxe),Framing Hanley,2008
6Z6lYo8cyciwEU6goSrM0L,b5540681352e06ac,27,Salaam,False,The Return,Kamaal Williams,2018-05-25
6ZTIjx5JjVkWpw5TKTWoVr,179d97494603457f,17,Three Sided Shape,False,Triangulation,Scuba,2010-03-22
6ZXoX3GiljGiuQpGCjWJI3,179d97494603457f,0,He Would Have Laughed,False,Halcyon Digest,Deerhunter,2010-09-27
6ZdxGOaZoNzbGrBLjUcrUs,b5540681352e06ac,12,Mis Deseos / Feliz Navidad (with Thalia),False,Christmas (Deluxe Special Edition),Michael Bublé,2012-11-09
6ZgaUtMlUzUf7SqbUUnfbu,b5540681352e06ac,50,Blue Train - Remastered 2003/Rudy Van Gelder Edition,False,Blue Train (Expanded Edition),John Coltrane,1958
6ZvjMcDpXI72hK4AnNrS6P,179d97494603457f,56,The Wheels on the Bus,False,Top 50 Nursery Rhymes,Nursery Rhymes 123,2021-01-01
6ZxFFQoKVcJABXso8Te6iJ,b5540681352e06ac,28,The Hush (feat. Texas),False,Northern Sulphuric Soul,Rae & Christian,1998-03-12
6ZyuNGpj7FQDT9vklQlmJA,b5540681352e06ac,38,"1 for 1, DiMaggio",False,The Beautiful Game,Vulfpeck,2016-10-17
6a0KQ7G7vubpkkteZUl5lS,b5540681352e06ac,7,Here's That Rainy Day,False,Getz For Lovers (Deluxe Edition),Stan Getz,2022-02-10
6aU5Yj4JuyCrIPatt8dvjj,179d97494603457f,31,Remorse Code,False,Truelove's Gutter,Richard Hawley,2009-07-13
6apGLuBLRRRFxxWWxnDxeC,179d97494603457f,1,Surrender,False,Stars Planets Dust Me,A Mountain Of One,2022-05-06
6atjtxrSJbULgDPgGj5LDc,b5540681352e06ac,0,Bumpy Ride,False,The Illusion Of Safety,The Hoosiers,2010-08-13
6azjD02gDO2ZarIZMs3eRk,1e2e44dad56e626f,58,Ensay,False,Ensay,Saad Lamjarred,2019-07-17
6bAirj2qDf0agxdMuIdq1p,1e2e44dad56e626f,45,OT Bop,True,OT Bop,NSG,2019-05-23
6bH2owMgMDNW6zygbotS49,b5540681352e06ac,0,As Long as You Love Me,False,Backstreet's Back,Backstreet Boys,1997-10-09
6blhxCa7GlxJxJ7qnLHE5j,179d97494603457f,0,From Nothing - Radio Edit,False,From Nothing,Dense & Pika,2018-10-15
6bqNdzv1KHd5C7ae0YbV7r,b5540681352e06ac,20,Vid Frösö kyrka - From Frösöblomster,False,Träumerei,Trio X of Sweden,2013-02-05
6btdYzQ8eZFBrOlUKVHuz0,179d97494603457f,60,Be Our Guest,False,Beauty and the Beast,Angela Lansbury,1991-01-01
6bxilo3FjnLhbk8IzhyVO4,179d97494603457f,23,Hear Me Out,False,For Those Of You Who Have Never (And Also Those Who Have),Huerco S.,2016-06-10
6cXKYDZ1DaZTSwM50leli5,1e2e44dad56e626f,27,Harbaresho,False,SPICY‌,Behzad Leito,2024-07-24
6ckNk4KFuZHe9Rr78Enqtl,b5540681352e06ac,32,When It Rains,False,Tape 2,Felbm,2018-10-26
6cn2rnUxc0j9btVBpAKcLR,1e2e44dad56e626f,40,G.O.M.D,True,2014 Forest Hills Drive (10 Year Anniversary Edition),J. Cole,2024-12-20
6cwemXIKrAQeP7TMErGwM3,b5540681352e06ac,0,Isle Of Flightless Birds,False,Twenty One Pilots,Twenty One Pilots,2009-12-29
6d0nwrhZwPGRy9RptimFW6,1e2e44dad56e626f,51,Hollow,False,Hollow,Victor Ray,2022-10-12
6d7h4L6TWXDPCUupnTMhAC,b5540681352e06ac,0,The Actor,True,The Dream,alt-J,2022-02-11
6dODwocEuGzHAavXqTbwHv,1e2e44dad56e626f,73,Fortnight (feat. Post Malone),False,THE TORTURED POETS DEPARTMENT: THE ANTHOLOGY,Taylor Swift,2024-04-19
6dOtVTDdiauQNBQEDOtlAB,1e2e44dad56e626f,94,BIRDS OF A FEATHER,False,HIT ME HARD AND SOFT,Billie Eilish,2024-05-17
6dRjQxGUFZRY3ydat2JSu7,b5540681352e06ac,45,To Noise Making (Sing),True,"Wasteland, Baby!",Hozier,2019-03-01
6dRx7OUXfvosnXG3g9lWGi,b5540681352e06ac,51,"Flamenco Sketches (feat. John Coltrane, Cannonball Adderley & Bill Evans)",False,Kind Of Blue (Legacy Edition),Miles Davis,1959-08-17
6dTBKBqIN4324sThIkZpMj,1e2e44dad56e626f,0,If The World Was Ending,False,If The World Was Ending,JP Saxe,2019-10-17
6dfDcCymuavZngy46rSGMC,b5540681352e06ac,52,Sofa Rockers - Richard Dorfmeister Remix,False,Constructions,Sofa Surfers,2007-09-07
6dgUya35uo964z7GZXM07g,1e2e44dad56e626f,84,Nonsense,False,emails i can't send,Sabrina Carpenter,2022-07-15
6e40mgJiCid5HRAGrbpGA6,b5540681352e06ac,66,I Want It That Way,False,The Hits--Chapter One,Backstreet Boys,2001-10-23
6eRkOuLrHiGwsVXyWLftwp,1e2e44dad56e626f,45,Repeating,True,Utopia,M Huncho,2019-04-12
6eZY1TFzKzVz5J8bBP0Kqe,b5540681352e06ac,40,Yearning for Moonshadow,False,The Elder Scrolls Online Original Game Soundtrack,Brad Derrick,2014-04-02
6f1S3mOpU4TeoTZOJCmRXl,179d97494603457f,0,King Bromeliad,False,King Bromeliad / Montparnasse,Floating Points,2014-06-23
6f6OQJv9qjqyJq9NHin45n,b5540681352e06ac,43,Blue Ballad,False,Phil's Mood,Phil Woods,2011-09-19
6fb7FtkoWyEkxZMvsBxflf,b5540681352e06ac,0,Here Before,False,Folk Off!: Compiled by Rob Da Bank (Digital Edition),Vashti Bunyan,2006-07-09
6g4i8boXgdS7L2UOxJWUMH,b5540681352e06ac,0,Apocalypse Dreams,False,Lonerism,Tame Impala,2012-01-01
6gDTyTnFxpvQtkgGuNWGbE,b5540681352e06ac,0,"Friend, Please",False,Twenty One Pilots,Twenty One Pilots,2009-12-29
6gP9gjBR6KQ4T2pw9CLtkj,b5540681352e06ac,0,Fitzpleasure,False,An Awesome Wave (Deluxe Version),alt-J,2012-10-22
6gtozYE75imTrbPnwCmCGQ,b5540681352e06ac,0,"Symphony No. 7 in D Minor, Op. 70 - I. Allegro maestoso",False,"Dvořák: Symphonies Nos. 7 and 8 – Davis, LSO",Antonín Dvořák,2020-03-06
6gwGGYK2LhiKKJUcgLjQcp,1e2e44dad56e626f,0,Hard Out Here.,True,Escapism. / The Thrill Is Gone.,RAYE,2022-10-12
6gxE4VdVudpfihWy5jV7L0,179d97494603457f,37,"What Does Your Soul Look Like, Pt. 2",False,Preemptive Strike,DJ Shadow,1998-01-27
6gxycjJNMgmAyfzUXBN80P,1e2e44dad56e626f,68,Goodbye My Lover,False,Back to Bedlam,James Blunt,2005-08-08
6h3lMAmmpQDFqoHk9F99IR,1e2e44dad56e626f,59,S.L.U.T.,False,aurora,Bea Miller,2018-02-23
6h7UQRA2aHhDZtWVdbbmh6,b5540681352e06ac,8,"Piano Concerto No. 22 in E Flat Major, K. 482: I. Allegro",False,Mozart: Piano Concertos Nos. 22 & 23,Wolfgang Amadeus Mozart,1987-01-01
6h9W5FxX4E9lUFsyq8j1AD,179d97494603457f,51,Lovely Rita - Remastered 2009,False,Sgt. Pepper's Lonely Hearts Club Band (Remastered),The Beatles,1967-06-01
6hDH3YWFdcUNQjubYztIsG,b5540681352e06ac,0,Everybody (Backstreet's Back) - Radio Edit,False,Backstreet's Back,Backstreet Boys,1997-10-09
6hIaLSND7Fo2Kd8NPVoyjg,1e2e44dad56e626f,50,Drumming Song,False,Lungs (Deluxe Version),Florence + The Machine,2009
6hJGROg9R72r3INlStq3H9,179d97494603457f,0,Session Add,False,Compro,Skee Mask,2018-05-15
6hx2nnom1KFh0KqcvPOGoZ,179d97494603457f,35,"Head, Shoulders, Knees and Toes",False,Ten in the Bed: An Album of My Favourite Nursery Rhymes,Jay Laga'aia,2012-11-09
6i1vAqALXcFQLrXnaMEC9A,179d97494603457f,2,0319 09 EINS c4 - 32 cents,False,Re: Phgrp,Grischa Lichtenberger,2019-10-25
6iiAfo4wTA2CVC3Uwx9uh8,1e2e44dad56e626f,63,You’re Not Sorry (Taylor’s Version),False,Fearless (Taylor's Version),Taylor Swift,2021-04-09
6jkfo1s5ENkfHeyLjKPHGB,b5540681352e06ac,0,Stuff Is Messed Up - Explicit Album Version,True,"Rise And Fall, Rage And Grace",The Offspring,2008-06-13
6kI9Yt9E4fgx3wnKuEVi6Z,179d97494603457f,0,Idiom,False,Idiom,Joe Armon-Jones,2017-09-08
6kVSPNbA9lv5aVOZVyWkgK,b5540681352e06ac,0,"Octet in E flat, Op. 103: 1. Allegro",False,"Beethoven: Sextet, Op.71; Octet, Op.103; Quintet, H19",Ludwig van Beethoven,1986-01-01
6kYwzIqAj4Wp6ApoPpoqny,b5540681352e06ac,55,You Make It Easy,False,Moon Safari,Air,1998-01-16
6knEzfRZSuYkoWSTE7py0h,179d97494603457f,0,Yellow Ochre - Pt. 1,False,Yellow Ochre EP,Vels Trio,2017-06-09
6krUUNp4e2mIOzNzRIexdY,1e2e44dad56e626f,64,I Won't Beg for You,False,I Won't Beg for You,Chri$tian Gate$,2023-05-12
6kwDpKAQ45e3xpGOE2kq3p,b5540681352e06ac,0,Let's Hear It For Rock Bottom,False,"Rise And Fall, Rage And Grace",The Offspring,2008-06-13
6kzLbNxsJidjc80Nw3uZVg,179d97494603457f,0,minipops 67 [120.2][source field mix],False,Syro,Aphex Twin,2014-09-19
6l95CZMkxw9oPHa7Vk9ptk,179d97494603457f,0,Never Saw Him Again,False,Hundreds of Days,Mary Lattimore,2018-05-18
6lBpruviIOSe6jhk77Kyq8,b5540681352e06ac,24,Too Many Cooks,False,Knee-Deep In the North Sea,Portico Quartet,2007
6lCvK2AR2uOKkVFCVlAzzm,1e2e44dad56e626f,65,tolerate it,True,evermore (deluxe version),Taylor Swift,2021-01-07
6lGr9uf6qTzvwU9KxNzN4N,b5540681352e06ac,1,"Horn Concerto No. 4 in E-Flat Major, K. 495: 2. Romanza. Andante",False,Mozart: The Horn Concertos,Wolfgang Amadeus Mozart,2011-01-01
6lGumzPuJ2MaEB8tg0YHJq,179d97494603457f,7,Masks,False,Ghost People,Martyn,2011-10-10
6lKCaafKm88sVfYz2u7S4B,1e2e44dad56e626f,62,Rich Niggaz,True,Born Sinner (Deluxe Version),J. Cole,2013-06-18
6lYUQRMU1AzryBoWrH0VJS,1e2e44dad56e626f,41,I'm Coming,True,The 15th Day,J Hus,2017-02-27
6lbaoGKwwS0BZsihiJMkA6,b5540681352e06ac,39,Bloom: Small World,False,Bloom: Living World - Single,Brian Eno,2025-01-31
6lmke3XxJTBC2x2tT6gMo7,1e2e44dad56e626f,48,Burn for You,False,The Unofficial Bridgerton Musical,Barlow & Bear,2021-09-10
6lzDycd60SJ7H8y6wuESGl,b5540681352e06ac,46,La rue,False,Troupeau bleu,Cortex,1975-07-15
6m07dRkBD1vW77whBXLbjO,179d97494603457f,24,Through It All There's You,False,Sneakin' Sally Through The Alley,Robert Palmer,1974-01-01
6mGzxaHxmK8hSQJn1AmMPF,b5540681352e06ac,39,Recollection of Wars Long Lost,False,"The Elder Scrolls Online: Music of Tamriel, Vol. 1 (Original Game Soundtrack)",Brad Derrick,2016-02-12
6mSyEZWYvYpEmRoIsTDe8J,179d97494603457f,40,Travelers Paradise,False,You're Dreaming,The Cactus Blossoms,2016-01-22
6mcNZXHOwsgwKXQaHSsybx,179d97494603457f,0,planetary folklore,False,void beats/invocation trex,Cavern of Anti-Matter,2016-02-19
6nK2pIKFcRc5frrZKHgsiT,1e2e44dad56e626f,66,august,False,folklore (deluxe version),Taylor Swift,2020-08-18
6nRQHhMINUm8rjGgpdkBYH,b5540681352e06ac,52,My Medicine - Single Version,False,Light Me Up,The Pretty Reckless,2010-01-01
6nTiIhLmQ3FWhvrGafw2zj,b5540681352e06ac,81,American Idiot,True,American Idiot,Green Day,2004-09-21
6o0IytQVis0KjQCkcFtqGD,b5540681352e06ac,37,Teletype,False,Raw Data Feel,Everything Everything,2022-05-20
6o5bke7Cp481elgM8eTenO,b5540681352e06ac,22,Eye Mo K,False,Sankofa Season,Andrew Ashong,2020-11-13
6o9XlNBrB90h21gxnfN9tF,b5540681352e06ac,0,Hooplah,False,Fresh Squeezed,Limes,2016-11-20
6oKVyEkFrytsg7TiW0pXey,b5540681352e06ac,0,Symphony No. 2: v. Im Tempo des Scherzo,False,Mahler: Symphonies Nos 1-9,Gustav Mahler,2012-10-22
6oVxXO5oQ4pTpO8RSnkzvv,1e2e44dad56e626f,83,Dress,False,reputation,Taylor Swift,2017-11-10
6oWhUfePc5h9r5pfw7wvPN,b5540681352e06ac,45,Midnight Special - Remastered 2007/Rudy Van Gelder Edition,False,Midnight Special (Remastered),Jimmy Smith,1961
6oYkwjI1TKP9D0Y9II1GT7,179d97494603457f,68,Under the Sea,False,The Little Mermaid Special Edition,Samuel E. Wright,2006-01-01
6odAUPXWKcM3bqNU60lHFf,179d97494603457f,11,The Conjurer,False,Make A Goose,Blawan,2021-02-19
6pnD89Q888HUHhcwQUTky8,1e2e44dad56e626f,61,Free Animal,False,For the Light,Foreign Air,2016-09-23
6pnfn9I5gbhIlrJDbsHXv7,b5540681352e06ac,1,Voyager,False,Human Samling,Harald Lassen,2020-11-13
6q2r0n2ph4w2p7fLbh5TKK,179d97494603457f,54,Prince Ali,False,Aladdin (Original Motion Picture Soundtrack),Robin Williams,1992-01-01
6qBZ8TaLDeCPQGWxm3Rq4h,1e2e44dad56e626f,46,Love Me Wrong,False,Remember To Remember Me,Isak Danielson,2020-04-17
6qCsKKS7Ol63SJW3LOIX5R,1e2e44dad56e626f,62,Plastic Hearts,False,Plastic Hearts,Miley Cyrus,2020-11-27
6qF665iYgRjiZSlSEx7P86,b5540681352e06ac,28,La Fiesta,False,Tachibana,Tohru Aizawa Quartet,2018-07-27
6qTF7EjSSecc1rip7xckgN,b5540681352e06ac,30,Pretty Women,False,Crime Zone,Connie Han,2018-10-19
6qqrTXSdwiJaq8SO0X2lSe,1e2e44dad56e626f,91,Ordinary,False,Ordinary,Alex Warren,2025-02-07
6r6n5OmXkdsOxN2iCj5UE0,1e2e44dad56e626f,65,Running With The Wolves,False,All My Demons Greeting Me As A Friend (Deluxe),AURORA,2016-03-11
6sNqMaOltCWGmPjQXXFjpR,b5540681352e06ac,41,A Sadness Runs Through Him,False,The Trick To Life,The Hoosiers,2007-10-22
6sO5JLumnt2HLT6bumzIgb,179d97494603457f,30,Disco Rekah,False,Disco Rekah,Loefah,2007-01-15
6sQckd3Z8NPxVVKUnavY1F,1e2e44dad56e626f,65,‘tis the damn season,False,evermore (deluxe version),Taylor Swift,2021-01-07
6sZv0ECT8cEW3oZtoCuVg4,1e2e44dad56e626f,61,Lights Please,True,Cole World: The Sideline Story,J. Cole,2011-09-27
6skcBKtH4WObFyasu9w4Ie,1e2e44dad56e626f,36,Like This (feat. Eve),False,Ms. Kelly,Kelly Rowland,2006
6tOgeTNf9Zvts2JXwXFeQZ,b5540681352e06ac,39,"Running Away (feat. Joey Dosik, David T. Walker & James Gadson)",False,Mr Finish Line,Vulfpeck,2017-11-07
6tRcxljpWpan1CeXv0rkUi,b5540681352e06ac,0,Hit The Ground,False,Phoenix,zebrahead,2008-08-01
6tafBGmYbMXZUDrBSCTzXy,b5540681352e06ac,47,"Symphony No. 9 in D Minor, Op. 125 ""Choral"": IVc-j. Presto. O Freunde nicht diese Töne – Prestissimo",False,Beethoven: Symphony No.9,Ludwig van Beethoven,1984-01-01
6tf9FpzBidPAqLQzosKvC3,b5540681352e06ac,0,Hidden Hand,False,Alarms in the Heart,Dry the River,2014-08-25
6tqzOYuE3lrNVPDgtF3MjM,b5540681352e06ac,0,Youth,False,If You Leave,Daughter,2013-03-18
6ttuC1hSHZgPwjD93P0zML,b5540681352e06ac,0,"Beethoven: Violin Concerto in D Major, Op. 61: I. Allegro ma non troppo (Cadenza by Kreisler)",False,Beethoven: Violin Concerto & Romances,Ludwig van Beethoven,2022-05-13
6uTKuSaqngkvCaiffMbCFZ,179d97494603457f,0,SsSsSsSsSsSsSsSs,False,SsSsSsSsSsSsSsSsSsSsSsSsSsSsSs,SHXCXCHCXSH,2016-06-06
6ujASdvAXFvITLHkrbRaSM,1e2e44dad56e626f,0,Enty Jameela,False,Enty Jameela,Flipperachi,2019-03-08
6ujlgkgbsrPskgWslEcZmR,b5540681352e06ac,0,Ballad of the Mighty I,False,Chasing Yesterday,Noel Gallagher's High Flying Birds,2015-02-27
6umitUBCDjE21siQHANFAp,b5540681352e06ac,12,Someone To Watch Over Me - Live in Clearwater / 2018,False,Plays,Chick Corea,2020-09-11
6usohdchdzW9oML7VC4Uhk,1e2e44dad56e626f,81,Lose Control,False,Lose Control,Teddy Swims,2023-06-23
6v1OGn4WE6RyXztwuTJBkA,b5540681352e06ac,0,Spring Can Really Hang You Up The Most,False,"Uptown, Downtown",Bill Charlap Trio,2017-09-08
6vMdKUJbIX74TPuSeArtbZ,179d97494603457f,0,SsSsSsSsSs,False,SsSsSsSsSsSsSsSsSsSsSsSsSsSsSs,SHXCXCHCXSH,2016-06-06
6vTtMyCg96xwpoIBws9K0Q,b5540681352e06ac,0,Feels Like We Only Go Backwards,False,Lonerism,Tame Impala,2012-01-01
6vXnOHBNtW80G2qt4HbAVi,179d97494603457f,21,No More Crying The Blues,False,You're Dreaming,The Cactus Blossoms,2016-01-22
6vzRQHItVGIT94q33HvRZx,b5540681352e06ac,43,Aunt Leslie,False,The Beautiful Game,Vulfpeck,2016-10-17
6wTXs58QJBjjwWVwX4ECTM,179d97494603457f,0,Slip,False,Amber,Autechre,1994-11-07
6wpJWwioArxPaDzs27aDEn,1e2e44dad56e626f,41,Mama,True,GHETTOSTAR,Ant Wan,2019-09-05
6wsqVwoiVH2kde4k4KKAFU,179d97494603457f,80,I KNOW ?,True,UTOPIA,Travis Scott,2023-07-28
6xRRpcLslkUPAL0dH2ymyV,179d97494603457f,10,Soul Fire,False,Soul Fire,Surgeon,2025-03-11
6y9RelHF03Ukw9QbMnlTI7,b5540681352e06ac,19,Velours,False,Velours,Sátyr,2022-01-28
6yKkA8HzwWTZ5taIMaG4Nm,b5540681352e06ac,59,My Foolish Heart,False,Waltz For Debby (Original Jazz Classics Remaster 2010),Bill Evans Trio,1961
6ycKyXdhbusu83nz9vGEzP,179d97494603457f,0,Salt Peanuts,False,In Person,Dizzy Gillespie Quintet,2014-03-26
6ylqrHE9zZjCmpZ1qPpcMb,b5540681352e06ac,0,Suffragette Suffragette,False,Man Alive,Everything Everything,2010-01-01
6ympV1do7RL16Ae32op8nq,1e2e44dad56e626f,0,Nemiram Aghab,False,Nemiram Aghab,Sirvan Khosravi,2017-10-27
6z3QgW842zFuerVLhbO3AN,179d97494603457f,1,Pavane pour une infante defunte (Version for orchestra),False,French Festival,Maurice Ravel,1988-11-25
6zAljZLkwipizMDOfGtDnt,179d97494603457f,23,Telemetron,False,Master-View,Hexstatic,2004-10-11
6zU9WvBMEKRcHd7NbjWa1c,b5540681352e06ac,7,Lifewish,False,Ancestors,Renee Rosnes,1996-02-20
6zll5mku9XcSR7OMpmICDy,b5540681352e06ac,0,Chicago,False,The Dream,alt-J,2022-02-11
6zmy3Fp7dsf5rqiwoI1eLX,b5540681352e06ac,21,"Symphony No. 3 in A Minor, Op. 56 ""Scottish"": IV. Allegro vivacissimo - Allegro maestoso assai",False,"Mendelssohn: Symphony No. 3 ""Scottish"", The Hebrides Overture - Schumann: Piano Concerto",Felix Mendelssohn,2014-10-13
707PFQZm77fcEJ92zjm9D7,b5540681352e06ac,0,Metroland Is Burning,True,Raw Data Feel,Everything Everything,2022-05-20
70JkDeCPjhbh1eg55NLZLy,b5540681352e06ac,25,Siberian Breaks,False,Congratulations,MGMT,2010-04-09
70WSr32oW4jC1na5I0j0D6,179d97494603457f,61,Anemone,False,Their Satanic Majesties' Second Request,The Brian Jonestown Massacre,2008-06-09
70fBs1HIpcAoQH0jUXgFRY,179d97494603457f,24,Mixtion - Original Mix,False,What I've Learned EP,UVB,2014-07-14
717TY4sfgKQm4kFbYQIzgo,b5540681352e06ac,54,Toxic,False,Greatest Hits: My Prerogative,Britney Spears,2007-12-18
71D4LseR0RADPbyvMeTIHR,b5540681352e06ac,1,Can't Stand Me Now,True,The Libertines,The Libertines,2004
71GvlH0VdeClloLIkHrAVu,179d97494603457f,60,Diamonds on the Soles of Her Shoes,False,Graceland (25th Anniversary Deluxe Edition),Paul Simon,1986-08-12
71TcmnPRvicQXI2FOLRDoT,179d97494603457f,42,Half Silences,False,Don't Shy Away,Loma,2020-10-23
71Y7sPJm0DpCix0fHaAlhI,179d97494603457f,53,Peaches - 1996 Remaster,True,Rattus Norvegicus,The Stranglers,1977
71zFNfft7ziX16kdJEyCWN,179d97494603457f,6,Homewerk,False,Lover's Acid,Luke Vibert,2005-04-04
727GQHELUdTgdT0S1Jt3tS,179d97494603457f,0,"Violin Concerto No. 5 in A Major, K. 219 ""Turkish"": II. Adagio (Live)",False,Mozart: Works for Violin & Orchestra (Live),Wolfgang Amadeus Mozart,1998
7288t6XhHJqrfrewpDAXQQ,b5540681352e06ac,0,HEX,False,Raw Data Feel,Everything Everything,2022-05-20
72EUMmxc3xyd8Jbhv9Uqdv,179d97494603457f,0,Yatton,False,>>,Beak>,2012-07-02
72HOx5h43VZMsbM6VI3J3G,1e2e44dad56e626f,0,Leily nahary,False,Oriental Rainbow,Amr Diab,2018-06-08
72PqmnVj86bfTnkFiQ9Mx9,b5540681352e06ac,51,Where We Used to Live,False,Tuesday Wonderland,Esbjörn Svensson Trio,2006-09-22
72QF1SBVFfRt0gZ302u4XZ,b5540681352e06ac,43,Rain City,False,Rain City,Berezy,2023-10-11
72TRVAfkS1BeMgkbPPBa19,179d97494603457f,49,I Can't Get My Head Around You,False,Drop Cherries,Billie Marten,2023-04-07
72dUHiACms9gnG5WjFKVYN,179d97494603457f,27,Bow Down And Die,False,The Almighty Defenders,The Almighty Defenders,2009-09-22
7303tYBAJLGgZjO7rEwZbv,1e2e44dad56e626f,0,Et même après je t'aimerai,False,Et même après je t'aimerai,Hoshi,2021-01-29
733AHe5JHc1UmlNBGxoAwh,b5540681352e06ac,31,Linger Longer,False,The Much Much How How and I,Cosmo Sheldrake,2018-04-06
734Vq49tmjk94MPYdzZlej,179d97494603457f,4,Surface,False,Complete Works 1994 - 1996,Regis,2012-02-29
73Bvoa5ldf6OKWZS30gjGd,179d97494603457f,11,Corra Linn,False,Corra Linn,Lanark Artefax,2019-10-24
73FTS7ybPJJ3mVsF3uJTzE,b5540681352e06ac,17,Resin,False,Resin,aunt,2023-09-29
73W5aXorr5vxrySFcoZqIN,1e2e44dad56e626f,67,Renegade,True,How Long Do You Think It's Gonna Last?,Big Red Machine,2021-08-27
73ZWAySu4UX5LkpCM6zjYh,1e2e44dad56e626f,50,CHRONICALLY CAUTIOUS,False,CHRONICALLY CAUTIOUS,Braden Bales,2023-02-24
73ZlmJxexVebFozgZhEhkd,1e2e44dad56e626f,71,O Children,False,Abattoir Blues / The Lyre of Orpheus,Nick Cave & The Bad Seeds,2004-09-20
73oUPYTVKtNQps8KxjZMKF,b5540681352e06ac,0,"Symphony No. 7 in A Major, Op. 92: I. Poco sostenuto - Vivace",False,Beethoven 7,Ludwig van Beethoven,2014-08-15
73rN5mJBZzWfUIUBzADxS7,179d97494603457f,21,Love All The Population,False,Take Hold Of Your Promise!,Gently Tender,2022-08-26
7434o5LQ48qGrPC0o5crP3,b5540681352e06ac,22,Charles in Charge,False,Riding the Wave,The Blanks,2004-10-14
75A0vJQiBzAxkC7pMjoSeX,b5540681352e06ac,0,Two Sleepy People,False,Stride,Marcus Gilmore,2011-06-06
75FeNPsfreU3K6ddpYWFtH,179d97494603457f,26,Waterfall,False,Merchant of Salt,Rrose,2012-08-01
75QdM3nsnAluOD19G1J4il,179d97494603457f,42,Bias,False,Crush,Floating Points,2019-10-18
75QoXqTlvBwuITzow9egCB,179d97494603457f,49,Martha,False,Closing Time (Remastered),Tom Waits,1973-03-06
75pQd26khpV9EMVBRIeDm6,1e2e44dad56e626f,50,To Be Human,False,Love + Fear,MARINA,2019-04-04
761t3IpyrzzDHE5CX1ZDLy,179d97494603457f,1,0319 08 SATURN 5c + 0119 30 EINS bb2 - Saturn/32 cents,False,Re: Phgrp,Grischa Lichtenberger,2019-10-25
766N0mjf1KzAAYsA1eAJaN,1e2e44dad56e626f,43,Handsome,True,Heavy Is The Head,Stormzy,2019-12-13
76Bk0cDFzg1ljHQpY0SUqV,b5540681352e06ac,25,I Miss You,False,I Miss You,Emil Brandqvist,2018-03-23
76OxDKZ8ITIZ1UNmCOTgdz,b5540681352e06ac,0,Losing My Mind,False,The Dream,alt-J,2022-02-11
76bzcAMft1MGxK5BCjmA0T,179d97494603457f,34,"Elgar: Cello Concerto in E Minor, Op. 85: I. Adagio - Moderato",False,Dvorák & Elgar Cello Concertos,Edward Elgar,1995
76gcXhY3Zv6wW0BTe9nHJo,179d97494603457f,75,TIL FURTHER NOTICE (feat. James Blake & 21 Savage),True,UTOPIA,Travis Scott,2023-07-28
76mOLcXOjOEhyY4mMF1l3r,1e2e44dad56e626f,64,seven,False,folklore (deluxe version),Taylor Swift,2020-08-18
76waKonydvut7rd4uIzXAP,b5540681352e06ac,25,Signal In The Noise,False,GoGo Penguin,GoGo Penguin,2020-06-12
7712gjoih4QoDbXpljEk21,1e2e44dad56e626f,63,Paris,False,Midnights (3am Edition),Taylor Swift,2022-10-22
772vxw5EgFKkQyDQPjQ5Kq,b5540681352e06ac,0,Never by Your Side,False,Hope,The Blackout,2011-04-03
773xZHHSHJvC1z3AAtWgH6,b5540681352e06ac,62,Ode to Sleep,False,Vessel,Twenty One Pilots,2013-01-08
77OdCwRrd4NHZRRt6FW76V,b5540681352e06ac,0,Shark Week,False,Raw Data Feel,Everything Everything,2022-05-20
77b1v5Vohuobvvu61VrhKR,179d97494603457f,32,The Sidewinder,False,The Best Of Lee Morgan,Lee Morgan,1988-11-02
77iuGGqUGBU3L1F0QTjhUq,b5540681352e06ac,38,Killer,False,The Trick To Life,The Hoosiers,2007-10-22
78KyOmqWmqLkQcXO1cA7MO,1e2e44dad56e626f,53,Fashion Week (feat. AJ Tracey & MoStack),True,Fashion Week (feat. AJ Tracey & MoStack),Steel Banglez,2019-03-21
78LP8b8O1ntOkkxOMoG8eT,b5540681352e06ac,29,Radio Shack,False,"The Joy of Music, The Job of Real Estate",Vulfpeck,2020-10-23
78chqvzuLt8SewW28b3WJP,b5540681352e06ac,1,Last Nite,False,Is This It,The Strokes,2001-08-24
78rfjCuRo6lkW8pAAjehrh,b5540681352e06ac,46,When and Where,False,When and Where,Sem0r,2023-09-15
799KrpEbhZp0MHeiA8YK9P,1e2e44dad56e626f,75,Guilty as Sin?,False,THE TORTURED POETS DEPARTMENT: THE ANTHOLOGY,Taylor Swift,2024-04-19
799NMsaFBhEbMBqcKNiGJF,1e2e44dad56e626f,0,a boy named pluto,False,a boy named pluto,Hailey Knox,2020-10-16
79MOPpvNSagTPcwnx4Ct2b,b5540681352e06ac,7,That's All,False,Pick Yourself Up,Jimmy Forrest,2018-03-28
79jGld9tNsa1S1wXmYRIu6,b5540681352e06ac,16,"Symphony No. 4 in E Minor, Op. 98: IV. Allegro energico e passionato",False,Brahms: Symphonies 1-4,Johannes Brahms,2011-09-12
79s5XnCN4TJKTVMSmOx8Ep,1e2e44dad56e626f,76,Dior,True,Meet The Woo,Pop Smoke,2019-07-26
7AQuJKREQ8EVw5nijDU1BS,179d97494603457f,0,Floatation - SR Offworld Mix,False,Offworld,The Grid,2019-09-27
7AgM2egEQ5LYSEy5lMqvRx,b5540681352e06ac,34,Risaie,False,Studio umiliani,Piero Umiliani,2018-07-01
7B1h0Com19ccdjU8ukJdD4,b5540681352e06ac,0,Ruins,False,Portico Quartet,Portico Quartet,2011
7BVSrHENp2zB45VriApGNV,b5540681352e06ac,37,Atomised,False,GoGo Penguin,GoGo Penguin,2020-06-12
7BY0OSSSouCfOUtxUy0T8N,b5540681352e06ac,25,Al Otro Lado,False,Orilla,Pachakuti,2023-09-29
7Ba11kgju8VHH7EMlbWcFi,b5540681352e06ac,33,Too Good,False,Starfruit,Moonchild,2022-02-11
7C3fJ1q01IQ137IQTRwmVZ,b5540681352e06ac,0,Under The Bridge,False,What Hits!?,Red Hot Chili Peppers,1992-09-29
7CKzyyA3fD2uOwZENuYrMo,b5540681352e06ac,0,Who Said Anything (About Falling In Love)?,False,The Illusion Of Safety,The Hoosiers,2010-08-13
7CQKfGRBes3VTdlFv5bwT8,b5540681352e06ac,0,How Does It Feel,False,Start Static,Sugarcult,2001
7CnOzCWGrTINcDExG6u99y,b5540681352e06ac,47,Cool Struttin',False,Cool Struttin' (Remastered / Rudy Van Gelder Edition),Sonny Clark,1958
7D0cVenTs7PXBbGLQkNaYw,1e2e44dad56e626f,0,The Ending,False,VIII,Wafia,2018-01-19
7DT875PgzLcCa0dGyQqBh4,b5540681352e06ac,0,Symphony No. 2: Vivacissimo,False,Sibelius: Symphony No. 2,Jean Sibelius,2007-04-10
7DcvwMAiqKJQD1rrdfxSDx,1e2e44dad56e626f,62,The London (feat. J. Cole & Travis Scott),True,The London (feat. J. Cole & Travis Scott),Young Thug,2019-05-23
7Do77cs2OvohpBp4LFX200,b5540681352e06ac,13,Bladerdek,False,Tape 1,Felbm,2018-09-21
7EiUtdeoWcKqLi5ELZCjYf,179d97494603457f,61,LOST FOREVER (feat. Westside Gunn),True,UTOPIA,Travis Scott,2023-07-28
7Eqp2aEydBFLYwFm7Qbx3j,b5540681352e06ac,0,Can't Do Without You,False,Our Love,Caribou,2014-10-05
7EsFIa0Q3lSG6tQ13ajU4g,1e2e44dad56e626f,0,Ahle Naa Ahli,False,Injaneb,Shayea,2019-09-29
7EsSVPxaYoAZjQwhspJBs2,1e2e44dad56e626f,68,"Who Lives, Who Dies, Who Tells Your Story",False,Hamilton (Original Broadway Cast Recording),Original Broadway Cast of Hamilton,2015-09-25
7EuDqu8DFQONgGZNGQ2qKi,b5540681352e06ac,0,"Trio for Horn, Oboe & Piano in A Minor, Op 188: I. Allegro moderato",False,Reinecke Chamber Music with Horn,Luc Van Marcke,2017-03-01
7F4ZHZ4uWKY6bMVd8EtWa0,1e2e44dad56e626f,42,Safe in My Arms,False,20 Years From Now,David Kushner,2025-02-14
7FAbbqRjeWpJpGLlkNRLq8,b5540681352e06ac,17,Liquid Air,False,Exotico,Temples,2023-04-14
7FLVnDMOZXKRFgRM3C4aUG,b5540681352e06ac,0,Hurricane,False,This Is War,Thirty Seconds To Mars,2009-01-01
7FVvHGA46aU7mkwx4iHMRE,b5540681352e06ac,50,Little Fluffy Clouds,False,Adventures Beyond The Ultraworld,The Orb,1991-04-02
7FsaW7dOtE1Uvd1hUPloh1,179d97494603457f,49,"The Combine Song (From ""Combine Time"")",False,"The Combine Song (From ""Combine Time"")",Tractor Ted,2021-07-08
7Ft2WruIDTob1A8X4WCT5V,b5540681352e06ac,18,Routine,False,Dig And Edit,KZA (Force Of Nature),2010-01-14
7GVvj4zJNVuBJSl6StEfn5,179d97494603457f,66,Only A Fool Would Say That,False,Can't Buy A Thrill,Steely Dan,1972-11-01
7GebhNsNL8mm3D218sd1IM,b5540681352e06ac,45,Celebrate Good Times (Come On),False,Celebrate Good Times (Come On),Funktown America,2012-07-16
7Gx4iTpefV5RLsBBY9345E,b5540681352e06ac,0,All the Pieces Matter - BBC Madia Vale Session,False,Knee-Deep In the North Sea,Portico Quartet,2007
7H7SHw3YWXhb4zYqyoPNa1,1e2e44dad56e626f,67,Free,False,Dance Fever,Florence + The Machine,2022-05-13
7H9Omuy4RjIOKZ2tNcNhoI,179d97494603457f,9,I Go Out,False,Speedy Wunderground: Year 1,Steve Mason,2014-05-26
7HFh9ZOkKkzjk6aZ2wz85n,b5540681352e06ac,0,Soco Amaretto Lime,False,Your Favorite Weapon,Brand New,2001
7HKWtZMe204wDNhowrNgfj,b5540681352e06ac,0,Choices,False,Choices,The Hoosiers,2010-07-30
7IFcjdElhzc6ELELuosDOQ,b5540681352e06ac,33,Zero Pharaoh,False,Get To Heaven (Deluxe),Everything Everything,2015-06-22
7IL3UOlcJ6nmcCMwpnlfcA,1e2e44dad56e626f,55,Something's Gotta Give,False,Camila,Camila Cabello,2018-01-12
7IRyfeJIBmi08GYgEZwWMM,b5540681352e06ac,56,EASE YOUR MIND,False,OASIS,Darius,2022-04-22
7IWcDWOfiooH5hRs9XOVYz,1e2e44dad56e626f,71,Fresh Out The Slammer,False,THE TORTURED POETS DEPARTMENT: THE ANTHOLOGY,Taylor Swift,2024-04-19
7IXm90S9bm89T4DtNLn3JW,b5540681352e06ac,6,In a Sentimental Mood,False,Satin Doll,Sam Gendel,2020-03-13
7IergpdGJG92Gsalo9GgPf,179d97494603457f,55,Wind the Bobbin Up,False,"Sing and Learn, Vol. 1 - A Collection of Nursery Rhymes to Help Little Ones Learn and Develop.",Vicky Arlidge,2011-12-01
7IjdIp3WlQtEnN2BXjr7ov,b5540681352e06ac,1,The Kids Aren't Alright,False,Americana,The Offspring,1998-11-16
7ImBoYT05oKgqrblLSJZwX,179d97494603457f,24,Unbraiding,False,How Will I Live Without a Body?,Loma,2024-06-28
7Imv2O9gkwpZJcjKEcSqZ1,b5540681352e06ac,33,You've Changed,False,The Out-Of-Towners,Keith Jarrett Trio,2004-08-30
7ItpUlCUwTRyiXZ0YclPQ7,179d97494603457f,56,Dry the Rain,False,The Three E.P.'s,The Beta Band,1998-09-28
7IuKELZcCRLOD6u7FXm7iK,179d97494603457f,0,Says Who,False,"Casting for Gravity (feat. Jason Lindner, Tim Lefebvre & Mark Guiliana)",Donny McCaslin,2012-10-02
7J2gELUzPrI1P1FZTqwK3E,b5540681352e06ac,29,Forgett,False,Colour Green,Sibylle Baier,2006-01-01
7JEugxa6VEWZm45XEiVNT4,b5540681352e06ac,19,Es Vedra,False,Linkwood & Foat,Linkwood,2020-02-28
7JJmb5XwzOO8jgpou264Ml,1e2e44dad56e626f,87,There's Nothing Holdin' Me Back,False,Illuminate (Deluxe),Shawn Mendes,2017-04-20
7JMkZWB40pcmq8G7kTsbcB,b5540681352e06ac,47,Sous Le Ciel De Paris,False,Smile,Jacky Terrasson,2002-01-01
7JWPqQHFctM4VY1WlFNdF6,b5540681352e06ac,23,Floating,False,Floating,Slo Five,2024-01-23
7Je3ZS7wC2wdeORkmvF3GO,1e2e44dad56e626f,57,When I Die,False,When I Die,Kyle Hume,2024-06-14
7JqFw8Ppql3IqzNPUhtZC8,b5540681352e06ac,0,Save Our Selves (The Warning),False,The Best In Town,The Blackout,2009-05-22
7JqPmVgq0jGfXHlG3ycdkf,b5540681352e06ac,0,Naomi,False,On Avery Island,Neutral Milk Hotel,1996
7K0aHJFgffrUKH8Z3IE8a4,1e2e44dad56e626f,0,Devil Devil,False,Devil Devil,MILCK,2016-01-11
7KOZQjsli9Ss1c9lNMTKRu,b5540681352e06ac,15,Wavy Gravy,False,Airdrawndagger,Sasha,2002-07-29
7Kh8kBfohrOWuQu966PKpS,179d97494603457f,37,Brush Your Teeth,False,Baby Beluga,Mark Brymer,2015-12-01
7KneRZMVXK0w0epuI0xgHZ,b5540681352e06ac,0,HMP,False,Phoenix,zebrahead,2008-08-01
7KpT37MaMqDJZfbYpTMxKs,b5540681352e06ac,46,Big Dipper,False,Clarity of Cal,Vulfpeck,2025-03-04
7KuDj2fhryhYctCFzNYjN5,179d97494603457f,11,Home Anymore,False,Take Hold Of Your Promise!,Gently Tender,2022-08-26
7L7CYIcuAcDh8D0jYWn09s,179d97494603457f,0,Boards and Skins,False,Deep in the Mudd,Henry Wu,2017-02-27
7LSpFCvRZZot2AlmkUzy9k,179d97494603457f,65,SIRENS,True,UTOPIA,Travis Scott,2023-07-28
7Lcz0kdcDOdt5IVBr4M2Od,b5540681352e06ac,33,"Suite Bergamasque: Clair de Lune, No. 3",False,Snowflakes Are Dancing,Isao Tomita,1974
7Ldch6dKso6bH4AFHm8FnS,179d97494603457f,56,Locomia,False,TAIYO,Loco Mía,1989-11-08
7LiyJDOZu2jOOWcOEm3Lm8,1e2e44dad56e626f,0,Sigaraye Nakeshide,False,Injaneb,Shayea,2019-09-29
7Llu8SZBe5UuhJn4Jos5Qt,179d97494603457f,0,Black Focus,False,Black Focus,Yussef Kamaal,2016-11-04
7Lm08IHudjvx8eyZ481uww,179d97494603457f,51,Old King Cole,False,Top 50 Nursery Rhymes,Nursery Rhymes 123,2021-01-01
7Lx4MxTIAjDuOPIudSVRbV,b5540681352e06ac,0,"Symphony No. 7 in A Major, Op. 92: III. Presto - Assai meno presto",False,Beethoven 7,Ludwig van Beethoven,2014-08-15
7MDA0WYCgLWU7bRMZD3HF0,1e2e44dad56e626f,69,Is What It Is,False,"Ever-Shifting, Continual Blossoming",Chance Peña,2024-09-13
7MHIBWQw7TL0mXvfx1kGPM,1e2e44dad56e626f,14,Train,False,Deprivation,Omid Nemati,2017-12-22
7MRwp5rTiTDBPB81fkAyMU,b5540681352e06ac,36,The Mad Stone,False,Mountainhead,Everything Everything,2024-03-01
7Me0vOSlJfaPY7Pc4GeItd,179d97494603457f,52,Marquee Moon,False,Marquee Moon,Television,1977-02-08
7MeXwzhSDGfqNfuFANgzVC,b5540681352e06ac,4,Toxicity,False,Toxicity,System Of A Down,2001-01-01
7Mh1cvipgm1QoDd8ksyJ5U,b5540681352e06ac,0,Hope (Scream It out Loud),False,Hope,The Blackout,2011-04-03
7MrRFi6swb5Jwef9esaJIF,b5540681352e06ac,41,"Symphony No. 5 in E Minor, Op. 64: II. Andante cantabile, con alcuna licenza",False,Tchaikovsky: Symphony No. 5,Pyotr Ilyich Tchaikovsky,2020-10-23
7Mts0OfPorF4iwOomvfqn1,1e2e44dad56e626f,76,So High School,False,THE TORTURED POETS DEPARTMENT: THE ANTHOLOGY,Taylor Swift,2024-04-19
7Mw1svSngAwEaKFDjgxdiT,b5540681352e06ac,0,One Click Headshot - Original Mix,False,Feed Me's Escape From Electric Mountain,Feed Me,2012-02-06
7MweiFIjmra1RCEm2YXvFM,1e2e44dad56e626f,24,Dele Man,False,Amire Bi Gazand,Mohsen Chavoshi,2022-05-21
7N0NamPAT3WmSjZ8FmTqrE,179d97494603457f,13,Black Apple Pink Apple (Ricardo Villalobos Remix),False,Ricardo Villalobos reimagines: Stars Planets Dust Me,A Mountain Of One,2023-11-10
7N1Oss5OE1PS3qjd6qseKc,179d97494603457f,24,Que bel epoque 2006,False,Salvador,Ricardo Villalobos,2006-05-24
7a00cQDulg05uPkHuFoQiS,b5540681352e06ac,41,Smile Meditation,False,Thrill of the Arts,Vulfpeck,2015-10-09
7a6gEhVpuDUZQ0KcwVexF6,179d97494603457f,49,This Old Man,False,Top 50 Nursery Rhymes,Nursery Rhymes 123,2021-01-01
7aDIsG4RJx4THcSEMeM01x,1e2e44dad56e626f,49,A Concert Six Months From Now,False,Optimist,FINNEAS,2021-10-15
7acNNBB5PObjYKnRNLH9vR,b5540681352e06ac,0,Turning Point,False,Turning Point,Pandar,2022-04-22
7b3kspTmqpX7zjrVvRGRu4,1e2e44dad56e626f,39,Seyl,False,Seyl,Mehrad Hidden,2020-01-02
7bFs4yVuMdy28Ts7vLI2Zt,b5540681352e06ac,38,Before I Forget,False,Vol. 3 The Subliminal Verses,Slipknot,2004
7cLm450e9XaPrEZTSTsfwU,1e2e44dad56e626f,51,it's not u it's me,True,it's not u it's me,Bea Miller,2019-03-01
7clEX6NRkirsMYOGYNP6ZF,1e2e44dad56e626f,30,Jumanji - Shift K3Y Remix,False,Jumanji (Shift K3Y Remix),B Young,2018-02-16
7cm50Lw03k6VvRauJtkyTj,1e2e44dad56e626f,65,this is me trying,False,folklore (deluxe version),Taylor Swift,2020-08-18
7dDsDsixXHe69N7NCibLFY,b5540681352e06ac,0,Rise And Fall,False,"Rise And Fall, Rage And Grace",The Offspring,2008-06-13
7dMWiyYYkxNC0mz90Ni9L3,b5540681352e06ac,48,Blues Walk,False,Blues Walk,Lou Donaldson,1958
7dS5EaCoMnN7DzlpT6aRn2,b5540681352e06ac,1,Take Me To Church,False,Hozier (Deluxe),Hozier,2014-05-20
7dWzkzCjOVVkJDTEeWrCZ0,b5540681352e06ac,0,When You Are Near,False,At the Edge of the World,Aaron Goldberg,2018-11-16
7e6g0fqI6Le2MyFRKPWRXo,b5540681352e06ac,0,Higher & Higher,True,Hope,The Blackout,2011-04-03
7f5wP1dJQiXE5oAlasKuhJ,179d97494603457f,14,Flux,False,Magnum Opus,1morning,2024-03-29
7fcDQg8prLdJwim6Ey7neB,b5540681352e06ac,49,"Piano Concerto No. 2 in C Minor, Op. 18: I. Moderato",False,"Rachmaninoff: Piano Concerto No. 2 in C Minor, Op. 18 & Piano Concerto No. 3 in D Minor, Op. 30",Sergei Rachmaninoff,2017-03-10
7feFMZxaNV6km5QZAXYyv0,179d97494603457f,39,A Sea Of Love,False,For Those Of You Who Have Never (And Also Those Who Have),Huerco S.,2016-06-10
7fr3vjsYO1GuA75vNZ8RKE,179d97494603457f,0,Once,False,We out Here,Nubya Garcia,2018-02-09
7gARZ2i5u5DHC1b1n1fML5,b5540681352e06ac,0,Breezeblocks,False,An Awesome Wave,alt-J,2012-05-28
7gwo88n3Asm5Kg7UTdWeF5,1e2e44dad56e626f,0,Warrior of the Mind,False,EPIC: The Troy Saga (Original Concept Album),Jorge Rivera-Herrans,2022-12-25
7h9hsEOJbNH2Y46ZR5NFfQ,179d97494603457f,21,Krautrock,False,Faust IV,Faust,1973-09-21
7hKyZOl2LUFbsJhz2wAPqt,b5540681352e06ac,0,Keep on Moving,False,Hope,The Blackout,2011-04-03
7hMcD8xy1PzPZwppDnkJeK,1e2e44dad56e626f,0,Jenaak B Hwaya,False,Songs of Iraq,Nour Al Zen,2015-08-21
7hUPjbNtBHY2beh17sVTs8,b5540681352e06ac,20,Ellie,False,The Striped Album,Cory Wong,2020-10-23
7i9763l5SSfOnqZ35VOcfy,b5540681352e06ac,72,Heavydirtysoul,False,Blurryface,Twenty One Pilots,2015-05-15
7iomx5CAB532m9YkOefszl,179d97494603457f,21,Perfect Bird,False,Master-View,Hexstatic,2004-10-11
7j74lucZ59vqN67Ipe2ZcY,b5540681352e06ac,82,Maneater,False,H2O,Daryl Hall & John Oates,1982-10-04
7jMKaftAUiWSf84Cqm2gM7,b5540681352e06ac,0,Whiskers - Original Mix,False,Feed Me's Escape From Electric Mountain,Feed Me,2012-02-06
7jOWi6D2g31MtaHcFOMpvE,179d97494603457f,43,The Combine Harvester (Brand New Key),False,And Adge Cutler & The Wurzels,The Wurzels,1991-07-15
7jSnB9L4WNekpygxDFfdwp,b5540681352e06ac,11,Live For This,False,Atomic,Lit,2001-10-15
7jrwY3Z674xbQbNp2tlvwz,1e2e44dad56e626f,40,If You Ever Forget That You Love Me,False,Tomorrow Never Came,Isak Danielson,2021-03-05
7kAXnLZbaHhjpT5XZ9Nahh,179d97494603457f,1,Disorder,False,A Mutual Antipathy,Scuba,2008-05-12
7kOjkRdtPvTzKEJeUrfFdV,179d97494603457f,4,40004a,False,40004,Wax,2010
7kUgK235oXnAspL4fHP1p8,b5540681352e06ac,0,"Concerto for Horn and Orchestra in C minor, Op. 8: II. Andante",False,Richard Strauss / Franz Strauss / Mozart: Horn Concertos,Franz Strauss,2006-09-22
7kUljt0NM5sISL3OGNVxYd,1e2e44dad56e626f,79,Royalty,False,Royalty,Egzod,2021-04-22
7kZLZBcOolxJJfHa56H8Rg,b5540681352e06ac,0,Short Story,False,Under New M.G.M.T.,Double Portion,2006-04-18
7lNI9S5QCLYGDhHqFxm1cm,179d97494603457f,4,Heaven Ho!,False,Take Hold Of Your Promise!,Gently Tender,2022-08-26
7lPN2DXiMsVn7XUKtOW1CS,1e2e44dad56e626f,23,drivers license,True,drivers license,Olivia Rodrigo,2021-01-08
7lQ8MOhq6IN2w8EYcFNSUk,1e2e44dad56e626f,87,Without Me,True,The Eminem Show,Eminem,2002-05-26
7lXZ2YOqx6Nsx0C5xSfPnZ,179d97494603457f,32,Werk,False,Swandive,Sully,2020-09-25
7lidXGPXPYLNThITAOTlkK,1e2e44dad56e626f,68,You should be sad,True,Manic,Halsey,2020-01-17
7lxdBbecsK11zhkpC7KycJ,b5540681352e06ac,26,Does Anybody Really Know What Time It Is,False,Visions,Grant Green,1971-05-21
7mG2RbhyzGsjpQOz568d39,b5540681352e06ac,69,Pressure,False,All We Know Is Falling,Paramore,2005
7mXmxXLAnsvXKt4Q37KoMI,b5540681352e06ac,61,Over You,False,Daughtry,Daughtry,2006-11-20
7nDFTHHwfe32a8qdp9XqPy,1e2e44dad56e626f,74,False Confidence,True,Busyhead,Noah Kahan,2019-06-14
7ne4VBA60CxGM75vw0EYad,1e2e44dad56e626f,90,That’s So True,True,The Secret of Us (Deluxe),Gracie Abrams,2024-10-18
7oB0QBEnGRIJjvlDc8YnM6,b5540681352e06ac,49,Rhapsody in Blue,False,Gershwin: Rhapsody in Blue & An American in Paris,George Gershwin,1959
7oaQ1AHKkOH3XBbp1lQTgP,179d97494603457f,17,30003a,False,30003,Wax,2010
7obb4s6A7gf0Lc2AGxodMy,179d97494603457f,0,Strangers,False,"Lola Versus Powerman and the Moneygoround, Pt. One",The Kinks,1970-11-27
7ogK4lJDVDMU6A6vYR5rvD,1e2e44dad56e626f,68,thanK you aIMee,True,THE TORTURED POETS DEPARTMENT: THE ANTHOLOGY,Taylor Swift,2024-04-19
7oi66TvjSHNKOLlOAoNsGa,179d97494603457f,0,The Barbershop #2,False,The Barbershop,Architectural,2019-03-15
7oomkQSYf1ia2VnVEWfFIU,1e2e44dad56e626f,62,Question...?,True,Midnights (The Til Dawn Edition),Taylor Swift,2023-05-26
7p7Ay32E2FlD0JwrnonO4E,179d97494603457f,6,Point of Entry,False,Complete Works 1994 - 1996,Regis,2012-02-29
7pSiVCrdIbpIvn8oNH3XPY,1e2e44dad56e626f,36,Linea Degli Alberi,False,Linea Degli Alberi,Giulia De Serio,2021-07-29
7pegxVesMmE2qK0o58xoFG,b5540681352e06ac,0,Homage,False,Skiptracing,Mild High Club,2016-08-26
7pfkGEKA49INS9fn9jKJaD,179d97494603457f,0,Always Trying to Work It Out,False,Double Negative,Low,2018-09-14
7q2vQa5a1LCqEbssxR1QXF,b5540681352e06ac,0,Cigarette Daydreams,False,Melophobia,Cage The Elephant,2013-10-04
7qC4rKii8w8tkfjDk46TCA,b5540681352e06ac,24,The Wheel,False,Twice Around the Sun,Ugly (UK),2024-04-03
7qGzgOQYxfLbQGqZTiVqTl,1e2e44dad56e626f,55,Power,False,Power,Isak Danielson,2019-01-25
7qMOkd02ZFz686jJggCj7C,1e2e44dad56e626f,0,Boome Naghashi,False,Boome Naghashi,Wantons,2018-11-14
7qTPAW8c12fJJu9PlaOGb0,179d97494603457f,0,Pinch,False,Ege Bamyasi (Remastered),CAN,1972
7qYwkz7t9JeEl2qFXfI47S,1e2e44dad56e626f,51,Let Me Down,True,Let Me Down,Jorja Smith,2018-01-12
7qfoq1JFKBUEIvhqOHzuqX,1e2e44dad56e626f,74,Non-Stop,False,Hamilton (Original Broadway Cast Recording),Leslie Odom Jr.,2015-09-25
7qmqeHzgNQTOnl1NUgRFO4,179d97494603457f,53,You Don't Bring Me Flowers,False,You Don't Bring Me Flowers,Neil Diamond,1978-12-16
7qnSmz4abtOXKuYhaRYuPv,b5540681352e06ac,53,Prélude à Go Round,False,Troupeau bleu,Cortex,1975-07-15
7qxjGHW485TL8ciwkHD5MK,b5540681352e06ac,62,Not Today,False,Blurryface,Twenty One Pilots,2015-05-15
7rNefvFQ4Gxt4yCq3a7r6P,b5540681352e06ac,0,Libre,False,Libre,Jokujekku,2022-07-15
7rfXDno3KjuAI1IWR6x2H4,179d97494603457f,0,Saviour,False,Silvertwin,Silvertwin,2021-07-16
7rgUYidQh5tH0YlXCoKaYJ,179d97494603457f,54,You Really Got A Hold On Me - Remastered 2009,False,With The Beatles (Remastered),The Beatles,1963-11-22
7sCHy8QQUz3CRvUMp53Cbm,b5540681352e06ac,61,Harvest Moon,False,Greatest Hits,Neil Young,2004-11-15
7sJwEi8x7z8f5LYBAPQa8b,179d97494603457f,2,The Barbershop #3,False,The Barbershop,Architectural,2019-03-15
7sLn1szmuWxAy0S0yqwugY,179d97494603457f,6,Hardnoise,False,Wonderland,Demdike Stare,2016-12-02
7sTtHHrD0zDpmzQzH3zegz,1e2e44dad56e626f,58,Consequences,False,Camila,Camila Cabello,2018-01-12
7sauoHbARFX973VeFE5P11,1e2e44dad56e626f,22,Ta Yeja,True,Ta Yeja,Shayea,2020-07-30
7soaJ4bb5VzmPO98G4zjMN,179d97494603457f,0,Keep On,False,Antiphon,Alfa Mist,2017-03-03
7tCH0VNh1iQdLKuEYL7Y21,179d97494603457f,0,LTTLWLF,False,STRGTHS,SHXCXCHCXSH,2013-07-15
7tFNs0bCIt9GKQTuA4mnez,b5540681352e06ac,0,Fix You,False,"Rise And Fall, Rage And Grace",The Offspring,2008-06-13
7tIOwGFRTM08JdAeKOELGp,b5540681352e06ac,34,Blue room,False,The Touch Of Your Lips,Chet Baker,1986
7txTt4a6cxVvlagzxBrSwS,179d97494603457f,35,Rubin and Cherise,False,Day of the Dead,Bonnie Prince Billy,2016-05-20
7ty9LzJePKaSwAkROuhFGZ,179d97494603457f,0,LLDTMPS,False,STRGTHS,SHXCXCHCXSH,2013-07-15
7tySfDFfBiCjraLdoy6In5,1e2e44dad56e626f,64,Put It on Me,False,The Hearse,Matt Maeson,2018-04-27
7uGYWMwRy24dm7RUDDhUlD,1e2e44dad56e626f,73,My Boy Only Breaks His Favorite Toys,False,THE TORTURED POETS DEPARTMENT: THE ANTHOLOGY,Taylor Swift,2024-04-19
7uHZjTdXa2o2KubQlRcnqs,b5540681352e06ac,0,Just The Tip,False,Phoenix,zebrahead,2008-08-01
7uITUCO8gIkj69pzHeAPGf,b5540681352e06ac,0,Heartbeat,True,Camp,Childish Gambino,2011-01-01
7uTk3Ibbkq4a2mkm3AHm8z,b5540681352e06ac,0,Teletype,False,Raw Data Feel,Everything Everything,2022-05-20
7uo6WnSPJTXoiQAerBTmMs,b5540681352e06ac,51,Tender Defender,False,Clarity of Cal,Vulfpeck,2025-03-04
7uttm8Iurm5uK67Vr9G2Sp,b5540681352e06ac,68,Almost (Sweet Music),False,"Wasteland, Baby!",Hozier,2019-03-01
7v84524jXxuJeTEw8pDoWs,179d97494603457f,14,Do You Believe,False,The Club 7 Live Tapes,Webster Lewis,1971-07-31
7vRriwrloYVaoAe3a9wJHe,1e2e44dad56e626f,73,"i hate u, i love u (feat. olivia o'brien)",True,us,gnash,2016-03-25
7vSFHYW1NH3eIiKjlIiRtz,b5540681352e06ac,0,Here's To You,False,Broadcast To The World,zebrahead,2006-06-30
7vidktgNZFQylTgH1GEnMs,1e2e44dad56e626f,73,Cold as Ice,False,Foreigner (Expanded),Foreigner,1977-03-08
7wAkQFShJ27V8362MqevQr,1e2e44dad56e626f,73,"So Long, London",False,THE TORTURED POETS DEPARTMENT: THE ANTHOLOGY,Taylor Swift,2024-04-19
7wTA0NKIm6T7nP2kaymU2a,1e2e44dad56e626f,64,Sacrifices (with EARTHGANG & J. Cole feat. Smino & Saba),True,Revenge Of The Dreamers III,Dreamville,2019-07-05
7wg9PGqdxqT9L4QwcKRRdp,179d97494603457f,13,I Saw the Set Up Man,False,Active Agents and House Boys,British Murder Boys,2024-06-14
7wiBLZCGzE2IZxO25YORTC,b5540681352e06ac,0,Concerto for Clarinet & Orchestra: I. Rhapsody for George,False,"Ticheli, Warnaar & Ranjbaran: Wind Concertos",Frank Ticheli,2018-02-09
7wkOYHB3PBiJwm1hPkD1jc,b5540681352e06ac,0,Hey Sexy,False,TEN$ION,Die Antwoord,2012-01-30
7x1XXHAxnKEFVWMW6Hjd8B,b5540681352e06ac,17,A Taste of the Dusk,False,DSVII,M83,2019-09-20
7x9nXsowok1JszkVztI5NI,1e2e44dad56e626f,51,Writing on the Wall (feat. Post Malone & Cardi B),True,Writing on the Wall (feat. Post Malone & Cardi B),French Montana,2019-09-27
7xKpFmhzrbqQkocARTLxiN,b5540681352e06ac,13,"Piano Concerto No. 23 in A Major, K488: I. Allegro",False,Mozart: Piano Concertos Nos. 23 & 9 'Jeunehomme',Wolfgang Amadeus Mozart,2006-10-01
7xOlBN5AGQdcnEeTDYW9OM,179d97494603457f,51,The Animals Went in Two by Two,False,Top 50 Nursery Rhymes,Nursery Rhymes 123,2021-01-01
7xQAfvXzm3AkraOtGPWIZg,1e2e44dad56e626f,77,Wow.,True,Hollywood's Bleeding,Post Malone,2019-09-06
7xdHw4C522RbsxHL9KD9L6,1e2e44dad56e626f,56,Choreomania,False,Dance Fever,Florence + The Machine,2022-05-13
7xfWIh2yjHDmkomIO7uiAH,b5540681352e06ac,49,Malæla,False,"Downstream, Vol. 1",Prime8,2023-12-01
7xoBDnT7G2kdKeO3nFglRJ,b5540681352e06ac,39,Cops and Robbers,False,The Trick To Life,The Hoosiers,2007-10-22
7yOaDhsN64lmIG2Vw6M4s4,179d97494603457f,18,Enbounce,False,Dostrotime,Squarepusher,2024-03-01
7yjPDFhCUFGa90GKORcUTY,1e2e44dad56e626f,60,Blowing Smoke,False,The Secret of Us (Deluxe),Gracie Abrams,2024-10-18
7ysmJhXFQtiBQlk6EZ6sks,b5540681352e06ac,53,Journey Into Melody - 2007 Digital Remaster/Rudy Van Gelder Edition,False,Look Out! (Remastered),Stanley Turrentine,2007-01-01
7z0OMvfddzcIcZk02Ux34U,179d97494603457f,33,Song for Charlie - Special Edition,False,On The Go (Special Edition),Matthew Halsall,2011-04-18
7z0xkKWcrDl102NhZTD2WZ,b5540681352e06ac,0,"Polovtsian Dances From ""Prince Igor""",False,"Tchaikovsky: Overture ""1812""; Marche slave / Borodin: In the Steppes; Polovtsian Dances / Rimsky-Korsakov: Russian Easter; Capriccio",Alexander Borodin,1990-01-01
7z3PblAN3dH1JMewiRydkZ,1e2e44dad56e626f,65,GIRLS,True,GIRLS,The Kid LAROI,2024-06-28
7z3l6quyFofhd78Vx94fi1,b5540681352e06ac,40,The Girl From Ipanema,False,Getz For Lovers (Deluxe Edition),Stan Getz,2022-02-10
7zkOj5tmXFxqxxAbOzvkgu,b5540681352e06ac,27,Radiant,False,Arc (Deluxe),Everything Everything,2013-01-14
7zz5qKcgm3tJ6WT09wyyHv,179d97494603457f,27,My Old Man's A Dustman,False,My Old Man's A Dustman - The Singles As & Bs 1954 - 1961,Lonnie Donegan,2012-12-10
