artist_id,primary_genre,supergenre,artist_image,artist_name,artist_popularity
001aJOc7CSQVo3XzoLG4DK,funk,Funk/Disco,https://i.scdn.co/image/4441bbc9d715dec9b04cc3f0cd5030b647a5c017,One Way,47
003Lrmd4Hy04kSf0wZm3xm,ambient,Ambient & Experimental Electronic,https://i.scdn.co/image/ab6761610000e5eb6d9b129c63c14d68c8d00d20,Yamaneko,29
005aNwS2ayjqoZxwakSyt4,jazz house,House & EDM,https://i.scdn.co/image/ab6761610000e5eb86af127b2f3004734f99f445,Tom Jarmey,39
007v73u6rZJTbjSxk7kEHv,Funk / Soul,Funk/Disco,https://i.scdn.co/image/ab67616d0000b2731d98ef67d8f1fa5d6efa0c48,Boco,19
00FQb4jTyendYWaN8pK0wa,Electronic,House & EDM,https://i.scdn.co/image/ab6761610000e5ebb99cacf8acd5378206767261,Lana Del Rey,92
00G1NTDAoU7rBpjG4KoYAM,trip hop,Ambient & Experimental Electronic,https://i.scdn.co/image/ab6761610000e5eb2383dc83b9a15a7646097da1,DJ KRUSH,42
00IUMN7pWAU2jYWcdOt5c3,techno,Techno & Trance,https://i.scdn.co/image/ab6761610000e5eb0956f104d851988f8b6e985f,Marco Faraone,35
00KgxI2oCcnE1DbNFJeQqZ,progressive rock,Rock,https://i.scdn.co/image/58491ad62d5d81c2128550a9307699ceb8f0203c,Ragnarök,19
00NwpiTtYKYzE6yEhSbFIk,industrial,Alternative/Indie,https://i.scdn.co/image/bd44915ccb3c2a2c83ac0073644b35a76061bca1,Prurient,26
00OX175uYCsHJPLZOjNJqe,italo disco,Unlisted,https://i.scdn.co/image/ab6761610000e5eba05eb6e2d4a0a73ad4ca171e,Ken Laszlo,48
00WeoVQbYetdrq9rbkVoLj,Blues,Blues,https://i.scdn.co/image/ab67616d0000b273ddad47b8ed3402b7ec3ee048,Exuma,29
00hKB8cu5lyBE35ilxyP7v,Rock,Rock,https://i.scdn.co/image/14449ceb4131a274ce92bf56306356cddea53349,Lillix,33
00qXkZH8ggiTZqn3z4ocQ7,Rock,Rock,https://i.scdn.co/image/ab6761610000e5ebc2f16c067d81191cbaa6ef88,DEWEY,1
00sazWvoTLOqg5MFwC68Um,Classical,Classical/Orchestral,https://i.scdn.co/image/ab6761610000e5eb38c055afa566dd9f0c56fec1,Yann Tiersen,66
00tVTdpEhQQw1bqdu8RCx2,classic rock,Rock,https://i.scdn.co/image/ab6761610000e5eba50ccc99f741a7899654bc16,Blue Öyster Cult,66
01C9OoXDvCKkGcf735Tcfo,chanson,Pop,https://i.scdn.co/image/ab6761610000e5ebac7fa567b8c84f04cb5d4cbc,Serge Gainsbourg,57
01JNOo6z0UWQWqwftahrYz,dubstep,Bass Music,https://i.scdn.co/image/ab67616d0000b2736e8da01f5e7c1ff50da62781,D1,14
01Jsi7Q2a1GdLvNShahaj1,garage rock,Rock,https://i.scdn.co/image/ab6761610000e5eb0ed7d71fde428b89bc39636c,Royal Headache,34
01N1aZStXA4yGvkz4vRXtJ,bluegrass,Country/Americana,https://i.scdn.co/image/91f4fcb0a0113c209416bdfb93d6d960d0ef2dc3,Doc Watson,50
01PnN11ovfen6xUOHfNpn3,uk garage,Garage & Breaks,https://i.scdn.co/image/ab6761610000e5ebddeeadc7793743f12a7a3959,Overmono,58
01Ru0hfWYNVxQHtFkvYY7r,Rock,Rock,https://i.scdn.co/image/ab6761610000e5eb67d772cc9fd5847677ec8bcd,Floating Action,41
01UrELDCYrQ6wrFArNbidS,psychedelic rock,Rock,https://i.scdn.co/image/ab6761610000e5ebe9ee470b66dcd837868828d8,Pearls Before Swine,24
01WjpKiWVNurV5hjIadB8C,industrial rock,Rock,https://i.scdn.co/image/ab6761610000e5eba65ceef7fe995c88c6c6ada6,Filter,58
01Z8Z9K54zewyP04ZfGLSv,classic soul,R&B/Soul,https://i.scdn.co/image/5f19bee526185a406666199a27abe2a6e3d391b1,Irma Thomas,50
01aC2ikO4Xgb2LUpf9JfKp,modern blues,Blues,https://i.scdn.co/image/ab6761610000e5eb9d5088ae6a4e5acf0e0c2191,Gary Clark Jr.,58
01hRNr3yF5bYnPq4wZ88iI,Rock,Rock,https://i.scdn.co/image/ab6761610000e5eb510f182fe0230dc7beacaee0,Tommy James & The Shondells,57
01liH6TfxmDMkDHrUKDzFp,Rock,Rock,https://i.scdn.co/image/ab6761610000e5ebb98c7556ac81b91f8e129496,Langkamer,22
01lz5VBfkMFDteSA9pKJuP,Rock,Rock,https://i.scdn.co/image/ab6761610000e5ebd846e7e95fbda84c719c0bff,The Click Five,53
01mXk9IDlVczWwZvVHAiIS,nu jazz,Jazz,https://i.scdn.co/image/ab6761610000e5eb79a51d7f3b48771f12780399,Kamaal Williams,37
01vieJHWhg5Vxk57RmfGau,uk garage,Garage & Breaks,https://i.scdn.co/image/ab6761610000e5eb77b8bc688230ff4aef7b435f,Sunship,53
01wXJJ2iH73waMzLrINVY6,hard techno,Techno & Trance,https://i.scdn.co/image/ab6761610000e5eb80a0bb8b90a5591f3db52231,Rikhter,33
01xLZpUkAEhuT3ZBOoBKVN,acid techno,Techno & Trance,https://i.scdn.co/image/ab67616d0000b27346c036253e56b3b1b9e6a01f,Fred Giannelli,4
021DnAkhugUCMBCsmciPVK,traditional folk,Folk/Acoustic,https://i.scdn.co/image/ab6761610000e5ebf0026d610a87934b20580121,The Furrow Collective,19
023YMawCG3OvACmRjWxLWC,Jazz,Jazz,https://i.scdn.co/image/ab6761610000e5eb0d68cfd11584f33655c94244,The Cat Empire,56
02AM03mK2DQTiDr33b87f6,jungle,Bass Music,https://i.scdn.co/image/ab6761610000e5ebd1ff40dce922784961369d98,Cloud 9,12
02Bl8I5jXlMRfDSL5swBOm,Rock,Rock,https://i.scdn.co/image/ab6761610000e5eb1f410dae774ba4d8f3d99f94,Fever the Ghost,37
02CDSrcHflWRx5Wj7RMoB3,lovers rock,Reggae/Caribbean,https://i.scdn.co/image/ab6761610000e5eb3f37f9ae84b30eece61d82e8,Susan Cadogan,36
02H68OmCeljWgjoVQVOB1v,dark ambient,Ambient & Experimental Electronic,https://i.scdn.co/image/b353a6788160b628c0d7e5829fa688aa43044e43,Thomas Köner,25
02J5vpDqDrV65DkquuPJSX,celtic,Folk/Acoustic,https://i.scdn.co/image/ea79df45114d8fab833476ea2172a94e369405b4,Boys Of The Lough,17
02LHcfPkBLgQKq8ElwtoSC,space rock,Rock,https://i.scdn.co/image/cd320dde818af2af1e7d6eeba7f5b83a67cd92af,MV & EE,4
02NfyD6AlLA12crYzw5YcR,funk rock,Rock,https://i.scdn.co/image/ab6761610000e5eb6181668c9b31f2505039ba33,Jane's Addiction,57
02TVzdrw3UJqIBTo2Rp2sR,Rock,Rock,https://i.scdn.co/image/ab6761610000e5eb3ef0b2ea405ae216a606ea3d,Le Mans,20
02YLJJnWC7YQVixkjEBRn7,Pop,Pop,https://i.scdn.co/image/ab6761610000e5eb471e47818223e2beca75e7c7,Billie Marten,60
02ZCVD3nqfqNId8lvpvCBb,liquid funk,Bass Music,https://i.scdn.co/image/ab6761610000e5ebd4bdf79d16cbe52cec4fac55,BOP,38
02fDf7HEPtBZLtPzCyxSR2,idm,Ambient & Experimental Electronic,https://i.scdn.co/image/ab6761610000e5ebe456c0e91da965f7bfb90b60,Lanark Artefax,20
02oIHbncHAfemEuQnIIzls,breakbeat,Garage & Breaks,https://i.scdn.co/image/ab6761610000e5eb9bd822db7d6dfbcd2e787435,Jai Dee,1
02uYdhMhCgdB49hZlYRm9o,stoner rock,Rock,https://i.scdn.co/image/ab6772690000c46cb527d08497ff51fbbd3b0e0b,Eagles Of Death Metal,54
02zKoKfNVxQkU6Au4itp0f,bluegrass,Country/Americana,https://i.scdn.co/image/ab6761610000e5eb3a43258cd947a27c00e3a871,Meredith Moon,22
02zMQvIvPXbVOLDdFqbFUn,french house,House & EDM,https://i.scdn.co/image/ab67616d0000b27363f70bdd1cc4257c79fa4e46,Les Rythmes Digitales,29
039zhJoEkboZ8Ii6K40Fb6,grime,Bass Music,https://i.scdn.co/image/ab6761610000e5ebb13d5b6d8f939a1bef382f2e,Avelino,48
03G0pJHLHj7FRuCV5OYzpv,art pop,Pop,https://i.scdn.co/image/ab6761610000e5eb3f76f9a2e3f27e152dea5f51,The Fiery Furnaces,27
03GwqabFQElK6JBysfXNy0,Jazz,Jazz,,Richard M. Jone's Jazzmen,0
03HEHGJoLPdARs4nrtUidr,blues,Blues,https://i.scdn.co/image/ab6761610000e5eb75c5caf4f233ad074b0058da,Junior Kimbrough,41
03Yb3iBy9GCifXiATEFcit,mariachi,Latin,https://i.scdn.co/image/ab6761610000e5ebaadb3acb36716e052864dbde,Pepe Aguilar,73
03YhcM6fxypfwckPCQV8pQ,jazz,Jazz,https://i.scdn.co/image/e0fcfb2e4dbb9cb9c408ba7fad9bdd3526ef6ed8,Wes Montgomery,54
03cwCzIWQ8BRmXjGPDAL04,big band,Jazz,https://i.scdn.co/image/ab6772690000c46ca831714c23653ef40ed1b864,Cab Calloway,42
03fCnnnuTnIahIcmQ8NjM4,techno,Techno & Trance,https://i.scdn.co/image/ab6761610000e5eb081f790fe73f47474e778754,Arthur Robert,27
03gJYEgVLWXCnDWtpvV8TZ,ebm,Ambient & Experimental Electronic,https://i.scdn.co/image/ab67616d0000b273dfb102246b547ad27d564f40,Bogdan Dražić,0
03hlOXqRyyXO3ectp3eEbU,post-punk,Rock,https://i.scdn.co/image/ab6761610000e5ebef963de6335de48af9a4a10d,Iceage,33
03r4iKL2g2442PT9n2UKsx,rap rock,Rock,https://i.scdn.co/image/705bcd56dc5dbf9ebc578a3ba8094e6d622862c2,Beastie Boys,71
03tes5RhEvH2dX2eDeGnRn,techno,Techno & Trance,https://i.scdn.co/image/ab67616d0000b273200168b7e09a5fc58af484df,Age Of Love,52
040Bv6cZTRh30LyyYVXgJX,country rock,Country/Americana,https://i.scdn.co/image/28c13674fb1b67c41ce648ce04868075d2377274,Gene Clark,39
042RommHY5GnNre5fd77xv,electropop,Pop,https://i.scdn.co/image/ab6761610000e5eba10540cc8e495a0ea734a01f,Ping Pong Warrior,0
043WRXguGXwwwPHGnNz20i,native american music,Unlisted,https://i.scdn.co/image/ab67616d0000b273a6a0bfcd204eab89339d6469,Peter La Farge,11
0470FSE19wkoZe4R06GW9i,Electronic,House & EDM,https://i.scdn.co/image/ab6761610000e5eb4d89aede524995320d8a4634,Jodie Harsh,40
04H4Esj5jxaThmH3mcL2Aa,Electronic,House & EDM,https://i.scdn.co/image/ab6761610000e5ebb3ccd9641a95b6aa421e5c02,Tim Beeren,28
04JBJKfnSMPBvnH5Va7knE,,Unlisted,,Milt Campbell,15
04LIHk1SobiQwt2tlupoAV,soft rock,Rock,https://i.scdn.co/image/ab6761610000e5eb52965ac1a8fc217e568a2a71,Leo Sayer,62
04RtvnUz0XrUbUZzOA8ZoW,pop punk,Punk/Hardcore,https://i.scdn.co/image/ab6761610000e5eb86bc3dbfacb4a34317d47cd8,Sugarcult,55
04TCBTdI5BJzhOcvNsRyFK,nu jazz,Jazz,https://i.scdn.co/image/ab67616d0000b273c5c22b03a0c48ace65baced6,Wildflower,23
04XfL2RkXRmQa2KEyAM0RF,Blues,Blues,https://i.scdn.co/image/ab6761610000e5ebb153c97f63c05643a6ab6d7b,Alexander,2
04XggbrM51GcFPTxBYtRXT,art pop,Pop,https://i.scdn.co/image/ab6761610000e5eb927fc6434315284d758fa2cd,Rostam,48
04an0WtFSvVqQkGrgIxq1Y,synthwave,Pop,https://i.scdn.co/image/ab6761610000e5eb54b8b3e8c20f7c5fcaade7ee,Lost Years,36
04cRG6y8vsZNbbCqfoopz6,hard bop,Jazz,https://i.scdn.co/image/ab67616d0000b2733d938f2647effc2ec1a75389,Elmo Hope,22
04eUV5Ml7cff2sEJEwll6G,acid rock,Rock,https://i.scdn.co/image/ab67616d0000b273bb7e2fd123de5d453fc093c3,The Idle Race,25
04eXQN6Mb6qFCCjqQmFvHb,celtic,Folk/Acoustic,https://i.scdn.co/image/ab67616d0000b273f907596f7876f2cf75884b44,Dick Gaughan,33
04nWjOBHWrVkvyjK4PXRNy,Electronic,House & EDM,https://i.scdn.co/image/ab6761610000e5eb9a105c78b0115419efbc3e8f,The Sweet Enoughs,36
04qIJRFjTmvW5I1DMyGE1R,blues,Blues,https://i.scdn.co/image/3faeffc5a1487a48fdaec1958f2df905f34264fb,Koko Taylor,43
04tBaW21jyUfeP5iqiKBVq,baroque pop,Pop,https://i.scdn.co/image/90b31afd8391b7a8339474fe36cdc570a5003ea2,Scott Walker,42
053q0ukIDRgzwTr4vNSwab,art pop,Pop,https://i.scdn.co/image/ab6761610000e5eb34771f759ca81a422f5f2b57,Grimes,70
0543y7yrvny4KymoaneT4W,classic rock,Rock,https://i.scdn.co/image/ab6761610000e5ebdf422233531e21eefeec9996,Peter Frampton,58
054VxUoJAoxf48TlGoWf75,dub techno,Techno & Trance,https://i.scdn.co/image/ab6761610000e5eb0e0dd6663f63744d090c4cbd,Fadi Mohem,30
057gc1fxmJ2vkctjQJ7Tal,Electronic,House & EDM,https://i.scdn.co/image/95afb7613d7ab1723ca2a7c952c56bf6143223d0,The Buggles,58
05E3NBxNMdnrPtxF9oraJm,jazz,Jazz,https://i.scdn.co/image/59f160b9b2e5803e766188270977f15af20f8bf1,Lester Young,54
05YVYeV4HxYp5rrWalvuE1,soul jazz,Jazz,https://i.scdn.co/image/40f39e48362c76c3c794a28466922e0f405d7b4a,"Grover Washington, Jr.",64
05eY3BZrosgFI2WMWpRoUs,acid house,House & EDM,https://i.scdn.co/image/ab67616d0000b273150df784564687962cdf5dd2,D'Marc Cantu,7
05fG473iIaoy82BF1aGhL8,nu metal,Metal,https://i.scdn.co/image/ab6761610000e5ebd0cdb283a7384a0edb665182,Slipknot,82
05kB8yh0Bbxj73qH63Ob3C,northern soul,R&B/Soul,https://i.scdn.co/image/ab67616d0000b273b41736773754754739a1887d,Helen Shapiro,40
05l58aTZztZhHZPKDpboWm,Electronic,House & EDM,https://i.scdn.co/image/ab6761610000e5eb9ca7c95dea0f196b49fb3f99,Maria Arnal,37
05lIUgmmsmTX2N9dCKc8rC,idm,Ambient & Experimental Electronic,https://i.scdn.co/image/ab6761610000e5eb3ebb8ea43a322d23478a2b2e,Rival Consoles,49
05pAwLhsutiuj6gerEwGvU,classic country,Country/Americana,https://i.scdn.co/image/ab67616d0000b273b63dc75e1c598cbaebdace2d,Lefty Frizzell,41
05sIdEkXAYDbDDdv3T56Oj,doo-wop,R&B/Soul,https://i.scdn.co/image/9950a3f65344dc22650100948c875e40115c2d52,The Chiffons,49
05weQDgByFWsWwtEArFkXA,noise rock,Alternative/Indie,https://i.scdn.co/image/ab67616d0000b2730562c756f685ac704a7846cf,Scottibrains,6
063xkuRULzZu8fcoPR2rKR,hard bop,Jazz,https://i.scdn.co/image/ab67616d0000b273d94380c918abb94d55758650,Lou Donaldson,48
066X20Nz7iquqkkCW6Jxy6,alternative dance,House & EDM,https://i.scdn.co/image/ab6761610000e5eb6a0838a408f8c9cf82915ac8,LCD Soundsystem,64
066i2FQQZzagmCpd4AUBRi,Rock,Rock,https://i.scdn.co/image/ab6761610000e5ebc45a49dffbdf08ed6793a862,Pale Blue Eyes,35
069WBCVKf29W5A88rqq0HI,dub,Reggae/Caribbean,https://i.scdn.co/image/ab6761610000e5ebc85218aa5ae3aa800ff0aa35,Sumac Dub,43
06BsriLouCsm19PPRownfn,idm,Ambient & Experimental Electronic,https://i.scdn.co/image/ab6761610000e5eb0a457e9092bad5496d7e956e,Memotone,25
06HL4z0CvFAxyc27GXpf02,Pop,Pop,https://i.scdn.co/image/ab6761610000e5ebe672b5f553298dcdccb0e676,Taylor Swift,100
06Nby0DKchdevZ349Vmsy8,Hip Hop,Hip Hop/Rap,https://i.scdn.co/image/ab67616d0000b2735fcc40fc425fa01541cce686,The Rubberbandits,37
06YQ6XwCdPUn8rAXV70gge,britpop,Rock,https://i.scdn.co/image/ab6761610000e5ebf0eae26b4a82c44597124112,Republica,45
06egMm0xwc1DYUaApCCKiH,singeli,World/Traditional,https://i.scdn.co/image/11764844d1f4c66e266661ea9dce3e64285c8036,Nkisi,6
06h5xeeCDip3usS3go9zjI,Electronic,House & EDM,https://i.scdn.co/image/ab6761610000e5eb4fde6da2f485d19d46d74565,The Subs,36
06kZZb0f2O9zUfFrkI7rKg,dubstep,Bass Music,https://i.scdn.co/image/ab6761610000e5eb93cc38e14371f3af1731b5e5,Egoless,23
06kr5yNAM2rOf4DXemM8fl,easy listening,Pop,https://i.scdn.co/image/9287eed2acb001e30e18d7a8cd515e8f0d0a6277,Matt Monro,58
06nevPmNVfWUXyZkccahL8,vocal jazz,Jazz,https://i.scdn.co/image/ab6761610000e5eb05a870004c9b9358e1499ba7,Gregory Porter,60
06nsZ3qSOYZ2hPVIMcr1IN,blues,Blues,https://i.scdn.co/image/ab6761610000e5ebbe1b2ad861e0148a1540b107,J.J. Cale,63
06sdJwlggq0PKOe4LPZWCg,cold wave,Unlisted,https://i.scdn.co/image/ab6761610000e5eb400d35deb3406d59ac6e94cd,HTRK,35
06tPmk0aHzCFK0T96YzXnN,Electronic,House & EDM,https://i.scdn.co/image/ab6761610000e5eb1e240813a607b6fa09857773,The Blow Monkeys,43
06wmOEVNWtAOfLxNVcnz0V,Rock,Rock,https://i.scdn.co/image/ab6761610000e5eb181d889f114d658af0a4ec93,Lionlimb,19
06xa1OLBsMQJFXcl2tQkH4,footwork,Bass Music,https://i.scdn.co/image/ab6761610000e5ebe312066b16d4d70a559ab0c2,Machinedrum,46
06yvjjrPokJGC66DzFfCkF,shoegaze,Alternative/Indie,https://i.scdn.co/image/ab6761610000e5ebbdbdba59581b03db9ec6d85c,Lovesliescrushing,33
0701Axu6yvUIoctaKMbDIZ,northern soul,R&B/Soul,https://i.scdn.co/image/ab6761610000e5eba0c337d5c9220e7a2107d4cc,Freda Payne,40
070RPr7Euzwf3yboA9Xp2U,Electronic,House & EDM,https://i.scdn.co/image/667d72f08f78aa2c31cfd346697d55a4d8ec1506,Bombay Dub Orchestra,33
073Ep3gcCHjJ3PnRB2nYDJ,Electronic,House & EDM,https://i.scdn.co/image/ab6761610000e5eb9d128034f5cd68c04279a693,Blue Mondays,7
07AMonlLsjj4dHFU2pRjdZ,breakbeat,Garage & Breaks,https://i.scdn.co/image/ab6761610000e5eb7c09fe8f57f00aaf536bb67d,Pépe,23
07CimrZi5vs9iEao47TNQ4,drum and bass,Bass Music,https://i.scdn.co/image/ab6761610000e5eb7a9a29bdf06006aa3686c323,Flowdan,65
07PiZYrhllpSXtELkUxlrf,hardcore punk,Punk/Hardcore,https://i.scdn.co/image/f25787f1e1cf9bdd581a8af20324a2e0e72cd198,Minor Threat,53
07Q3kWZHIKgi3ChShbPio4,phonk,Hip Hop/Rap,https://i.scdn.co/image/ab6761610000e5ebb82111b0b80bab7d12f09973,DXNIK,42
07XSN3sPlIlB2L2XNcTwJw,glam rock,Rock,https://i.scdn.co/image/ab6761610000e5ebd8205a492a79bfe4b34c567a,KISS,75
07d5etnpjriczFBB8pxmRe,Funk / Soul,Funk/Disco,https://i.scdn.co/image/ab6761610000e5eb5c57299410c9b68fee2ed781,BJ The Chicago Kid,62
07dZirN9KFAGIHeBvSDfuO,neo-psychedelic,Rock,https://i.scdn.co/image/ab6761610000e5eb109df3e433473f24ded8b4aa,Night Beats,36
07eIrj0b3z5mgvtkDmWoxo,post-punk,Rock,https://i.scdn.co/image/ab6761610000e5ebd4032fea6506c67fdb7fcaae,Heavy Lungs,32
07lbidCU8ZwtNCUrmaO0QU,acid house,House & EDM,https://i.scdn.co/image/532156a01e17a5044468dc4921157dddcc457743,Bizarre Inc,38
07r9hKHNGyrS6OzZhFKmG1,traditional folk,Folk/Acoustic,https://i.scdn.co/image/ab67616d0000b27334bae3e54e32761a49171e73,Wade Ward,14
07tYu4BGrfeogBobCefkHI,soul jazz,Jazz,https://i.scdn.co/image/41a74abff9b3ebfa76216e7b4113e1adbd1ae8a1,Les McCann,37
07tmbQsiTfXekPkbovBERR,neo-psychedelic,Rock,https://i.scdn.co/image/ab6761610000e5eba2cdeda0ae131395cccb2cfa,Beachwood Sparks,30
07vC6cutbett8UknXnqxsu,neo-psychedelic,Rock,https://i.scdn.co/image/ab6761610000e5eb464894c6a03527e465d1d935,Ulrika Spacek,28
07yhT28qK3TutyRxpIfc5a,acid house,House & EDM,https://i.scdn.co/image/ab67616d0000b273c4ebdbd32388dedb89dfc8ba,Bam Bam,21
07zy0JRDBBP5FMNJQ9aRTv,Hip Hop,Hip Hop/Rap,https://i.scdn.co/image/ab67616d0000b273b42ced345a91ac4886a302c0,Blak Twang,20
080dCBWq5ulciKGB7jIFp5,,Unlisted,https://i.scdn.co/image/ab67616d0000b273a2c446d816488774444f4207,The Derelicks,0
08BQmH2M3Ew9XjMHaHsl1l,northern soul,R&B/Soul,https://i.scdn.co/image/ab67616d0000b2737d4287bed60bfc5f13d96644,Gloria Jones,38
08F3Y3SctIlsOEmKd6dnH8,folk rock,Folk/Acoustic,https://i.scdn.co/image/ab6761610000e5ebf11e1fa06726774b742528ee,Yusuf / Cat Stevens,72
08GQAI4eElDnROBrJRGE0X,classic rock,Rock,https://i.scdn.co/image/ab6761610000e5ebc8752dd511cda8c31e9daee8,Fleetwood Mac,87
08HIYCgQ3rlkWzNuKA4xoB,dub,Reggae/Caribbean,https://i.scdn.co/image/eaab30e4f44bfa5d6cd1bca88724dde82706456d,Bim Sherman,29
08Lo1LUP9sCEWm58t38SqP,surf rock,Rock,https://i.scdn.co/image/ab67616d0000b273f4b8f46cf83f115898d63a46,The Challengers,27
08Y6RNx87Eolrcq1aLM6ow,electrocumbia,House & EDM,https://i.scdn.co/image/ab6761610000e5eb14ccbe4cb55cc387695325ca,Meridian Brothers,36
08YvZ2qzFrDSITfHLbPKMP,trip hop,Ambient & Experimental Electronic,https://i.scdn.co/image/ab6761610000e5eb7212f5c9b495683f5a12dd20,Lamb,46
08Z0yhWGksNk3wceqlCeGE,breakbeat,Garage & Breaks,https://i.scdn.co/image/ab6761610000e5eb44f7fa6d53b7e9dec2b5e34b,Pangaea,32
08Zx5pufnilNAjm28CauiH,traditional folk,Folk/Acoustic,https://i.scdn.co/image/ab67616d0000b273e8ab306e2a7cadb1541f162a,The Limeliters,32
08ZyQ4ecPfFpweo8EvBRYb,power pop,Rock,,"Marshall Crenshaw & The Handsome, Ruthless and Stupid Band",8
08avsqaGIlK2x3i2Cu7rKH,Rock,Rock,https://i.scdn.co/image/a13eee07307adc70fe177f0fa73e935cb909afe6,Keith Richards,45
08b2PA6eFyugsWAk41eQKZ,Pop,Pop,https://i.scdn.co/image/bf28596cedb04fd25304c2bd335c7f91cebffcb0,Lesley Gore,61
08jywfUS0hp8XYlYs0cvz8,afro house,House & EDM,https://i.scdn.co/image/ab6761610000e5eb350efff32f3a579155fe40d2,Rampa,71
08mYbmfToa6QYre5uNZYJR,jungle,Bass Music,https://i.scdn.co/image/ab6761610000e5eb4af6c2014987432a472b158b,Wax Doctor,32
090VebphoycdEyH165iMqc,easy listening,Pop,https://i.scdn.co/image/ab6761610000e5ebde2373604d3f33221eda2e64,Shirley Bassey,54
099tLNCZZvtjC7myKD0mFp,east coast hip hop,Hip Hop/Rap,https://i.scdn.co/image/fd61510dc68309087e06154abf9b097a454e3ce1,Kool G Rap,49
099toTcKJoywTosZr2hHjy,anti-folk,Folk/Acoustic,https://i.scdn.co/image/ab6761610000e5ebc8b12cbdf3dad56897700d80,Langhorne Slim,51
09C0xjtosNAIXP36wTnWxd,rock and roll,Unlisted,https://i.scdn.co/image/ab6761610000e5eb5305958de2ad389172f3cd78,Fats Domino,55
09FKyu3X3nWAQDfidfHPyu,neoclassical,Classical/Orchestral,https://i.scdn.co/image/ab6761610000e5ebe452d010640cfcd906c900e2,Daniel Thorne,10
09K1H1DgyIXHsMx2j7KTFX,Rock,Rock,https://i.scdn.co/image/ab6761610000e5eb55ad344930217155ff4e15f5,Mystery Jets,43
09L3cUdx0hq6qn5bKuJJ4I,adult standards,Pop,https://i.scdn.co/image/b7d355997334ec3352bcbf03dabc903eec812a46,Herb Alpert & The Tijuana Brass,57
09NnhcnFy9QIWWG0bocK4k,Electronic,House & EDM,https://i.scdn.co/image/ab67616d0000b273584b5e79bd9d5ff239ddfd1a,Wafa,7
09S8AYFuaa9PQKSNsXxweW,dubstep,Bass Music,https://i.scdn.co/image/ab6761610000e5eb8068a6f913ec5d2aa3401a20,Pinch,25
09Wl9YiRr5l1rChWktQD4o,Rock,Rock,https://i.scdn.co/image/ab6761610000e5ebb3edddb148d96daa24ebe89b,NoSo,42
09hVIj6vWgoCDtT03h8ZCa,jazz rap,Hip Hop/Rap,https://i.scdn.co/image/ab6761610000e5eb774d73ae6796b6f437d89db9,A Tribe Called Quest,68
09uiV7tS73jX4EOO1HSQy2,ragtime,Jazz,https://i.scdn.co/image/ab67616d0000b273fc996d534b88110d84200046,Freddie Keppard's Jazz Cardinals,1
0A0yu52zNGKe2rtr9wHfkD,big beat,House & EDM,https://i.scdn.co/image/ab6761610000e5eb5d5fef4ad1607e6e5c2078fa,The All Seeing I,37
0A9p7WNA1VwxVyrjx92Z9F,vocal jazz,Jazz,https://i.scdn.co/image/ab6772690000c46ce2fa0f9b30951e063586ea1b,Abbey Lincoln,35
0ABk515kENDyATUdpCKVfW,boom bap,Hip Hop/Rap,https://i.scdn.co/image/ab6761610000e5eb10b517960f313575989c44c1,Westside Gunn,71
0AD4odMWVQ2wUSlgxOB5Rl,jazz fusion,Jazz,https://i.scdn.co/image/c54d3e62fa857b691de4e391b3cca35234462761,Jeff Beck,57
0AEVuiJFczDd4dkmZh2Kha,vaporwave,Ambient & Experimental Electronic,https://i.scdn.co/image/ab6761610000e5eb9f192ac4dd328fadc1c8d608,VAPERROR,37
0AEi1DK5ehyvkZzOUlqEVz,nu disco,Funk/Disco,https://i.scdn.co/image/ab6761610000e5eb0c1a6c1368b3619dd1baa9d0,Tiger & Woods,29
0AI2um3PpFgOj7Yzmk2Xu0,stoner rock,Rock,https://i.scdn.co/image/da1b9d956e1e3ffea7269d26d907e99a0168d7cf,Dead Meadow,35
0AIim12jO78DuyyUYbHfAe,,Unlisted,https://i.scdn.co/image/ab6761610000e5ebf6d1ab4b9a993e2c7af41637,Shire T,32
0ANGLcWo6kfFZH9k8HswZR,breakbeat,Garage & Breaks,https://i.scdn.co/image/ab67616d0000b273999a788554c15d81b636ee0d,Crackerz&Jam,7
0Aa4rSHm0camTjhAh3aBfk,footwork,Bass Music,https://i.scdn.co/image/ab6761610000e5eb1398a8381f49b3cc0fb7e0b3,Hiroki Yamamura,0
0Akz4zScvHzgDHt5lDByTT,future bass,Bass Music,https://i.scdn.co/image/ab6761610000e5eb2be9a9dfdb425c19da575dd3,S-Type,11
0Aq1EsnotQZVLP9Nu1TeNK,hardcore punk,Punk/Hardcore,https://i.scdn.co/image/ab67616d0000b273e72742cf170d0bd29fd30847,Articles Of Faith,17
0AuW7OCyKfFrsMbtHrYgIV,Hip Hop,Hip Hop/Rap,https://i.scdn.co/image/8a7bfc19ffcd5384221a81b3394c8b0c4959feaa,House Of Pain,63
0B5Qd9h24decEhscyxbsNI,Electronic,House & EDM,https://i.scdn.co/image/ab6761610000e5eb6d2d00f5c745a085ec960d86,Klusters,0
0B8PsrzBwDT5sBAJq60HZg,Electronic,House & EDM,https://i.scdn.co/image/ab6761610000e5ebdb0cf63db27fb4906de81f2f,Jape,26
0BHqS0g9U6bH8FaYNoaIxb,trip hop,Ambient & Experimental Electronic,https://i.scdn.co/image/ab67616d0000b273ba0ccf57581d83843e1e5ea5,Cujo,29
0BKkDZjC4e9k36ZvLM3DAm,uk drill,Hip Hop/Rap,https://i.scdn.co/image/ab6761610000e5ebfa193ed444f1f25e2ecd3a7d,Carns Hill,44
0BKtqXnpOjoXecI2Z60tsT,jungle,Bass Music,https://i.scdn.co/image/ab6761610000e5eb876ee40d2ab568369762d281,J-Kon,2
0BLh5cn4nqfqoVUREx3hLj,alt country,Country/Americana,https://i.scdn.co/image/7c1185063d4e35b1af30215ac40b887a05d0da87,Golden Smog,33
0BMlIte9CqjItQ6mh2GoGi,ragtime,Jazz,https://i.scdn.co/image/4c9636ab62c71c596e3d923112485dfe17f1f0b3,James P. Johnson,33
0BNTrhhkZLsbcWAidMz98A,garage rock,Rock,https://i.scdn.co/image/e24fed1e893b31b5ffc10d83706b4373bd5cbede,The Chocolate Watchband,34
0BNlCKQPbiGIRTVnzKfJgy,Classical,Classical/Orchestral,https://i.scdn.co/image/ab6761610000e5eb9f5d188f2eb2277cdffcab2f,Anders Miolin,25
0BZdgwtPNveqcv24irmjUm,idm,Ambient & Experimental Electronic,https://i.scdn.co/image/ab67616d0000b273de7344e08934dc751f6aea5b,Blackploid,5
0BdrIHWUDg179f9H7pjJMC,neo-psychedelic,Rock,https://i.scdn.co/image/ab6761610000e5ebcde0a465a714b270157c6c18,Psychic Ills,35
0BhFfJmScFj7OzqVaDqnSv,jazz,Jazz,https://i.scdn.co/image/43fb6d9d1dd6833c998cb8809ec95b06868c7550,Hank Jones,41
0BkAYxgwF9VQiid4wI07yJ,celtic,Folk/Acoustic,https://i.scdn.co/image/ab6761610000e5eb7982107c40011477b42c2fb4,Clannad,53
0BlPI3UKzTcN2jf0gCa0b9,dub techno,Techno & Trance,https://i.scdn.co/image/ab6761610000e5ebe8e30f8e8310f37a02228a1a,Lucy,12
0BqALs1lInR9TTOulUADH7,jazz,Jazz,https://i.scdn.co/image/ab67616d0000b273b62b03a629fec8f1ac2d1c0d,Ahmad Jamal Trio,46
0Bv5UsF5yWsRwxwkhDLfSH,baroque pop,Pop,https://i.scdn.co/image/21d89ba034b83e077ad0fdf99f4c4f5d5bb9e542,Biff Rose,11
0BwRrZKiv4NIiVcLgONuOh,Rock,Rock,https://i.scdn.co/image/ab6761610000e5eb9bf03df030b2ce79d177f12c,LoneLady,16
0C0XlULifJtAgn6ZNCW2eu,alternative rock,Alternative/Indie,https://i.scdn.co/image/ab6761610000e5eb207b21f3ed0ee96adce3166a,The Killers,80
0C7T0DUskkIgfksJyipVxt,progressive rock,Rock,https://i.scdn.co/image/ab67616d0000b273fa974e9de1e1c046ec6526a7,Asturcón,0
0C8DyEeKMAOHPCLck0hwk0,dub techno,Techno & Trance,https://i.scdn.co/image/3073ab7e15e6520f5d06c614ca7f7ae9bb542786,Architectural,17
0CI4GExvLu9Dna6VTGcwTw,synthwave,Pop,https://i.scdn.co/image/ab67616d0000b2732bac0d0c13f18043448e392c,neon cities,17
0COowzoUpH3tACzy2w1CJG,bluegrass,Country/Americana,https://i.scdn.co/image/ab67616d0000b2738db7ea7b3fd4855be24ae60d,Polecat Creek,3
0CR644qIiFso0VOPtB4aRY,psychedelic rock,Rock,https://i.scdn.co/image/ab67616d0000b273ce4c5042ebefb90c935278de,The Plastic Cloud,6
0CRfAs5qmkRgw9x9etNGqH,techno,Techno & Trance,https://i.scdn.co/image/ab6761610000e5eb9a65cdd025256b17afdbcf56,Octave One,48
0Cc6v6tsUT1FktqPQYXME3,baroque pop,Pop,https://i.scdn.co/image/fbe833e3f44cf6eb6277913cd005fe94a8f9edd4,Virginia Astley,21
0Cioop2zjxXxtcPUme7R46,jazz,Jazz,https://i.scdn.co/image/ab6761610000e5eb187aa328ce74db49e1b28576,Matthew Halsall,46
0Cuhw7pLCK8ViTUqsaGR0W,Funk / Soul,Funk/Disco,https://i.scdn.co/image/ab67616d0000b2735752c419e092424c4bd58906,Tomorrow's People,14
0DCLBHSfbqLoGK3ikLGPxc,shoegaze,Alternative/Indie,https://i.scdn.co/image/ab6761610000e5eb7e50dada2382d9d92b93563a,Andy Bell,27
0DDFk56QBhetDQ1wwNf8oG,idm,Ambient & Experimental Electronic,https://i.scdn.co/image/ab6761610000e5ebbd51bba33c573ff41e696f86,Bochum Welt,32
0DEgoO9OsoL2jW9Orh3TNT,Rock,Rock,https://i.scdn.co/image/8615e85ae985fcc0934bb7a09cd61f865d66404a,The Cooper Temple Clause,25
0DLfLyynN8iJCLo1ydeaoE,uk funky,Bass Music,https://i.scdn.co/image/ab6761610000e5ebc8871399e6e8f1aa97ef249f,Elgato,2
0DNuWm5ZBKuCIXLNmrzuk5,free jazz,Jazz,https://i.scdn.co/image/ab6772690000c46c94ff764a7947b2997891f919,Sam Rivers,29
0DRlmNJq133uYhzXxJfF3a,idm,Ambient & Experimental Electronic,https://i.scdn.co/image/ab6772690000c46c48c6236f93aae63d5aa894dc,To Rococo Rot,24
0DTN3egcNT6stWL3X1K4bb,tech house,House & EDM,https://i.scdn.co/image/ab6761610000e5eb148065b1218e6d26fce74073,Round Table Knights,45
0DW7boyjvbaSP3OJ72sXgC,yacht rock,Rock,https://i.scdn.co/image/ccaee5b70c1958b1496e16dcb50d2d6e98356862,Al Stewart,57
0DYWCXTkNqGFZIf67SrWEa,swing music,Jazz,https://i.scdn.co/image/eb9bf573a7ea0b60fcdd26efe306fb261bd706aa,Fats Waller,44
0Dc7CbTE5mcvrprttS6GDs,melodic techno,Techno & Trance,https://i.scdn.co/image/ab6761610000e5eb1f4ca9b56cd8352705b04011,Locked Groove,23
0Dpp9Ra8Tizj3iolElqGri,vaporwave,Ambient & Experimental Electronic,https://i.scdn.co/image/ab67616d0000b2738fa695df0a0bdc516bc71065,King Quartz,21
0ECwFtbIWEVNwjlrfc6xoL,classic rock,Rock,https://i.scdn.co/image/ab6761610000e5eb0767e116a2307495e37cd7fb,Eagles,79
0EGvsgq6T2VrDg55OKtiWG,swing music,Jazz,https://i.scdn.co/image/ab67616d0000b2730ade3392167fc4c9509a350f,Caravan Gypsy Swing Ensemble,18
0ELtQLNl6HCVGDULwg4wDx,krautrock,Alternative/Indie,https://i.scdn.co/image/ab6761610000e5eb2b88c3c3f5ea7ea2d927a954,Cliffsight,0
0EOkMBYWbDnVqwfHA4zq32,spoken word,Novelty/Spoken Word,https://i.scdn.co/image/ab6761610000e5eb1334543aed70f73406d0bc97,John Cooper Clarke,32
0EPmJUz0lE18y95cYzB840,neo-psychedelic,Rock,https://i.scdn.co/image/ab6761610000e5ebe09701cb3a7bb335290309eb,Tess Parks,41
0EfPKjhywHpqUo1jIQNiVI,egg punk,Punk/Hardcore,https://i.scdn.co/image/ab67616d0000b2739520d913f11e0a1d3b71afd0,Uranium Club,25
0EgHhNmWcjusA7F2heSD0O,Rock,Rock,https://i.scdn.co/image/ab6761610000e5eb11ba207f3f083a4788417d25,Baxter Dury,55
0Ekfvspc0hlcxdfJJVjcnq,outlaw country,Country/Americana,https://i.scdn.co/image/bcb6e3f9fc61022ea994344ef3f3bf62dd91d80c,Guy Clark,46
0En4EEcDMJ5kaUCf1aZ9js,northern soul,R&B/Soul,https://i.scdn.co/image/83993096cd152dbfec3804c3411ec8b98100f3e4,Lee Dorsey,41
0EodhzA6yW1bIdD5B4tcmJ,big band,Jazz,https://i.scdn.co/image/ab6772690000c46c92f83e9f6b9f4b89c56c5811,Bobby Darin,63
0EsoagTOBDFNYUAmYuh5TR,lullaby,Novelty/Spoken Word,https://i.scdn.co/image/ab6761610000e5eb3426505dc3903a15596f6713,Music House for Children,41
0F37afIbeistheUTI3rf2X,,Unlisted,,Grupo Changüí de Guanta,1
0F80uiQjVrZ1gl7aHsYzc0,jazz funk,Jazz,https://i.scdn.co/image/ab67616d0000b273f442926304c65d72cc5b1b23,O'Donel Levy,46
0FBRY66KVaAiddGVefikLB,house,House & EDM,https://i.scdn.co/image/ab6761610000e5eb10394fcf499c064983700a27,WEISS,57
0FGRzlRQuT0pMkb3XxTiCe,Electronic,House & EDM,https://i.scdn.co/image/c6490fa8ad6c68769f7fe6a4997f4df83bcbfec8,Funk D'void,18
0FINtNGNm6qmigzIeZueVM,acid house,House & EDM,https://i.scdn.co/image/ab67616d0000b273539f1f714a70eef84b45bf75,Tyrrell,12
0FIagKn8Ibj8ikj5VvTXto,acid jazz,Jazz,https://i.scdn.co/image/ab6761610000e5eb814c339af58ac58b5f4c3df0,Matt Berry,52
0FMucZsEnCxs5pqBjHjIc8,bossa nova,Latin,https://i.scdn.co/image/ab6761610000e5eb45dd470659deedf47618968e,Stan Getz,68
0FOcXqJgJ1oq9XfzYTDZmZ,britpop,Rock,https://i.scdn.co/image/ab6772690000c46c2108f2a669b8d856f4e7331c,Super Furry Animals,42
0FRIWJYklnmsll5M6h4gUL,bluegrass,Country/Americana,https://i.scdn.co/image/ab2efb2f4304497bbad3a095f8983c2c67534248,The Carter Family,41
0FVsUxcFSlxwIM7Qs31s6J,,Unlisted,https://i.scdn.co/image/ab6761610000e5eb2660d94f968e40fb64887f7d,Billy Eichner,47
0FjzWRwRfEzCndGjColUy9,dub techno,Techno & Trance,https://i.scdn.co/image/ab67616d0000b2738f657c11b83f2ffcb8d0d0cb,DJ Nobu,19
0FmOK4kdUOM0JKMFLUzHDh,idm,Ambient & Experimental Electronic,https://i.scdn.co/image/ab67616d0000b273bd5e2b95123134ce7e0fead8,Microlith,13
0FmzrEmiPcP9Vb3g0ApsPg,Rock,Rock,https://i.scdn.co/image/ab6761610000e5eb4acd096d7c1d3ec4b0871e2b,The Kunts,19
0FrpdcVlJQqibaz5HfBUrL,funk,Funk/Disco,https://i.scdn.co/image/e6c035ae9b2a8dd5cf6a3c5f4a0b274d5ff2a605,Rick James,63
0FywyaLz7YX2ejwWLM0MSq,swing music,Jazz,https://i.scdn.co/image/ab6761610000e5ebd1f963879b87aa63fd1a4020,Hot Swing Sextet,32
0G16sYbfz4wwNzol28NPek,,Unlisted,https://i.scdn.co/image/ab67616d0000b2730eb4f7c743b6c554918a52fc,Chrome Dreams - Audio Series,2
0G8Cn9Mrf7SpJ3Ym1w0HgV,breakbeat,Garage & Breaks,https://i.scdn.co/image/ab6761610000e5eb4ced5fbc5860f35a26cdf5e7,Will Silver,13
0GBfmQlQSoO1OBxO8Y73vB,idm,Ambient & Experimental Electronic,https://i.scdn.co/image/8ba70453358e55d1f6e38ae603f585001661edd9,Errorsmith,12
0GByy3DcfbQwDvXGCWmzv9,Rock,Rock,https://i.scdn.co/image/ab6761610000e5ebe1e579234621464c62c08f63,Pretenders,66
0GEOi5JNl1NpVFrLUS3w0F,dub techno,Techno & Trance,https://i.scdn.co/image/ab6761610000e5eb63051cd8090752ad626ddbc0,HLLW,4
0GG2cWaonE4JPrjcCCQ1EG,Electronic,House & EDM,https://i.scdn.co/image/ab6761610000e5eb3e048d910001f75091fd46f3,SG Lewis,66
0GLjY74A6lDzGCGg2J73aq,ragtime,Jazz,https://i.scdn.co/image/ab67616d0000b27398910d894159bd27b68cbd67,The Dukes Of Dixieland,27
0GQJRlsTD8irKEDcClYiiA,drone,Ambient & Experimental Electronic,https://i.scdn.co/image/2d64cf53189f7812b411e19f1cee4e78d8df84d6,Deaf Center,28
0GgNchtU9Fst3uEshZ7mV9,,Unlisted,https://i.scdn.co/image/ab6761610000e5eb57ab81738829ec6aa0449d0f,Josh T. Pearson,17
0GkDenXPntgMBSzRZab1JM,Electronic,House & EDM,https://i.scdn.co/image/ab6761610000e5eba059df10b48d61d07ca0012f,Loveshadow,17
0Gq06EJlfPumvCdMsnkJFp,post-rock,Alternative/Indie,https://i.scdn.co/image/ab6761610000e5eb9a8fd94d2aff76e19cf63c87,Pelican,36
0H4Rek6UJ2GpLm5HduQ9uv,Electronic,House & EDM,https://i.scdn.co/image/ab67616d0000b2736ba011183f2bcfe2a6950b5e,Land of the Loops,33
0HB3DYw6dUNqE9wFm6edkT,nu disco,Funk/Disco,https://i.scdn.co/image/ab6761610000e5eb8632baf1ff85a0abef8552b4,E. Live,37
0HNGrIbq1ZNO2mTp3tMW4L,Pop,Pop,https://i.scdn.co/image/ab6761610000e5eb9628a29f2f8940dc77117e9c,S Club,59
0HPVHsbV2yIYPp2Pk4kdHe,synthwave,Pop,https://i.scdn.co/image/ab6761610000e5ebab6c6c90e035c148b884701d,Droid Bishop,37
0HU0U9kdXEHZVxUNbuQe8S,soul,R&B/Soul,https://i.scdn.co/image/2c9a122b0f6a1c6f083b1725f309d3a25636f4ae,Donny Hathaway,59
0HVcyKnveIOLkJdAGsE1pk,space rock,Rock,https://i.scdn.co/image/ab6761610000e5ebdc6f2ab2bf2309bb8a94e65a,Zombie Zombie,26
0HWfFWL4vVrbaBQqxVCwCi,ambient,Ambient & Experimental Electronic,https://i.scdn.co/image/ab6761610000e5eb620dcf6c7fc49b1340374a22,Julianna Barwick,48
0HZwzLzbTgaRdQ5icuiyF4,Electronic,House & EDM,https://i.scdn.co/image/ab6761610000e5eb8f002a0f4e01f41383f15971,Redhead,10
0HawyNE1zDJR3pcbhWcCE0,acid techno,Techno & Trance,https://i.scdn.co/image/ab67616d0000b273d6dab68799709df6361cb0ca,ACID DON JOHN,2
0HfxCluo7N2dhr4oRM0wBv,idm,Ambient & Experimental Electronic,https://i.scdn.co/image/ab6772690000c46cb6b06ad747c6d92a63f7a511,Luke Vibert,36
0IBAqjHG8DSaD7PPCGnGiZ,britpop,Rock,https://i.scdn.co/image/ab6761610000e5eb4311db16408421325db1d64a,Babyshambles,46
0IF46mUS8NXjgHabxk2MCM,Electronic,House & EDM,https://i.scdn.co/image/ab6761610000e5ebd1222863c4217cf03dde3613,Kelis,69
0IFabaHypEH0hMgkx0Gw56,nu jazz,Jazz,https://i.scdn.co/image/ab6761610000e5eb1f09e7b09df508b16f2c1400,Theon Cross,32
0IVapwlnM3dEOiMsHXsghT,idm,Ambient & Experimental Electronic,https://i.scdn.co/image/ab6761610000e5eb497595ac7854de183fa18aad,Nosaj Thing,49
0IVcLMMbm05VIjnzPkGCyp,alternative hip hop,Hip Hop/Rap,https://i.scdn.co/image/ab6761610000e5ebc68a069a1c70eca57b2828d2,J Dilla,57
0IXabnQgJf7eO1hIF71YS9,jazz rap,Hip Hop/Rap,https://i.scdn.co/image/ab6761610000e5eb62a029f3e34e39cc76634857,Freestyle Fellowship,26
0IecGJbdBeYSOVtSPRehh5,motown,R&B/Soul,https://i.scdn.co/image/49bc10d9841773e35824e64018df6bcffe20be8b,Billy Preston,53
0Ij7th9uWcDVYNAIOn5W22,lo-fi house,House & EDM,https://i.scdn.co/image/ab6761610000e5ebba69d3dee489e1e584b84130,Kornél Kovács,36
0IpDaO9A1OW1h0YChKzVaX,garage rock,Rock,https://i.scdn.co/image/bfdd0d84376e93f79514f44b1d9bd2129ef5356d,Grinderman,42
0Ism1B2cF9NxpXAwdUCkxK,dub,Reggae/Caribbean,https://i.scdn.co/image/ab6761610000e5eb71ec61e8f53f010c2cd64c0f,Mungo's Hi Fi,49
0IuE3Ne32K4i3BZBbr610a,christmas,Jazz,https://i.scdn.co/image/ab6761610000e5ebef3583d909334c18e44362d3,The Tenors,41
0IvTgqmNuZwVjEkkjzxLha,Electronic,House & EDM,https://i.scdn.co/image/ab6761610000e5ebd5ec7066a37ff0b4d3d2cb42,Henry Wu,37
0IwbrUdicuBw6t6hJmuRV7,,Unlisted,https://i.scdn.co/image/ab6761610000e5eb8d5468926755401af56f4929,Millape,2
0IwlY33zbBXN7zlS9DP2Cj,proto-punk,Punk/Hardcore,https://i.scdn.co/image/677676052b80931c35666be501d1f0d5c97397c9,Nico,60
0IySrk0S2gbAoxaYyPHEZD,lo-fi house,House & EDM,https://i.scdn.co/image/ab6761610000e5eb5d98a8bc981077fbb80fe3ec,Mangabey,27
0J8cNhY7V2NoRt9O6uCeUX,ambient,Ambient & Experimental Electronic,https://i.scdn.co/image/ab6761610000e5eb5c50d12b01c9e363a0dc2af8,GAS,37
0J9mbwg4BquN4XlHzdMK3X,schlager,Pop,https://i.scdn.co/image/ab6761610000e5ebe6e8f3467f1abe745e23598c,Demis Roussos,58
0JBc7Jztn7EdEVjyMCN6Wi,exotica,Pop,https://i.scdn.co/image/ab67616d0000b273bb09fe2cba6731b1a108265e,Hugo Montenegro,33
0JCxGVxsISZzJHJPUOtceB,funk,Funk/Disco,https://i.scdn.co/image/ab6761610000e5ebc5f43e823cc1ce2a8d6fb732,Tower Of Power,51
0JDkhL4rjiPNEp92jAgJnS,rockabilly,Rock,https://i.scdn.co/image/ab6761610000e5eb63c7956d7de45418d7fe6b25,Roy Orbison,69
0JHvODQe3KnriRMPuZPNL6,post-punk,Rock,https://i.scdn.co/image/ab6761610000e5eb4a1d5a1e675ab0e0d1f29341,BAMBARA,33
0JM134st8VY7Ld9T2wQiH0,jazz,Jazz,https://i.scdn.co/image/ab6761610000e5eb3c0789f0ae8538e9e24a7d15,Coleman Hawkins,53
0JP4tVwUQtzOtmtn4ktQB3,industrial,Alternative/Indie,https://i.scdn.co/image/ab6761610000e5eb9263799d3846cfe86f70e6a7,JK Flesh,23
0JUTh3GM8SoFZTEyqPCRl5,"Folk, World, & Country",Other,https://i.scdn.co/image/ab6761610000e5eb84617a7dcc678fcab1590fd5,Will Sheff,11
0Jb1cpfG4GB6pZfroFhAw0,idm,Ambient & Experimental Electronic,https://i.scdn.co/image/ab6761610000e5ebf9bf3ba06b83bb39554d3b38,Ken Ishii,32
0Jof7VpAuJqmcl12LgsgK1,minimal techno,Techno & Trance,https://i.scdn.co/image/ab67616d0000b273c9f37ae45b55c255654a172b,Cristi Cons,17
0K1lHu1BP65Z1DErnljxUw,dub techno,Techno & Trance,https://i.scdn.co/image/9c00432f9982beb25b9ddde9eaafb8923644bbe2,Forest Drive West,27
0KLYG2K4OPlNYtIhvSTmBl,swing music,Jazz,https://i.scdn.co/image/ab6761610000e5eb2a2305345b9077a6934ff632,Jack Harris,0
0KNyFXU2L1Q3rpJxUM2NS3,progressive rock,Rock,https://i.scdn.co/image/ab67616d0000b273dc38213812b2020d23476ebd,Jan Dukes De Grey,6
0KPSMJaJZl9IpAIVsXkrDz,krautrock,Alternative/Indie,https://i.scdn.co/image/b6439eb7e0bcc4c212a7953ec3be76968b47eee9,Klaus Weiss,19
0KUeAybP9GsBasZ0CIE1MZ,Electronic,House & EDM,https://i.scdn.co/image/ab67616d0000b273ad5767545e8b7fccb756da68,Castano,11
0KcQg2Xc2IMImvAKbpZlhO,dubstep,Bass Music,https://i.scdn.co/image/ab6761610000e5eb855f8cbbefffa8726ba29ab8,Kromestar,27
0Kekt6CKSo0m5mivKcoH51,classical,Classical/Orchestral,https://i.scdn.co/image/463e3c5c3e814761532f554913cf2af456bcba59,Sergei Rachmaninoff,67
0Kgq792etn9wG3uAgNHc6J,acid house,House & EDM,https://i.scdn.co/image/ab6761610000e5eb06b4e8680c7b365b95cdfed2,Frequency,16
0KugybhXAdH8ApMHpyTX62,dub,Reggae/Caribbean,https://i.scdn.co/image/ab67616d0000b27362349157159d14124e568f05,Mafia & Fluxy,35
0KyFKunOclAI5jah1T55lh,footwork,Bass Music,https://i.scdn.co/image/ab6761610000e5eb56ab58f4392183e27e82e9d1,Traxman,25
0Kznf00rXvzkXOoAobg59I,Rock,Rock,https://i.scdn.co/image/ab6772690000c46c5521d140195a01554c813dc9,Lightspeed Champion,25
0L48BaVtgCVsLA6BUo7wta,progressive rock,Rock,https://i.scdn.co/image/ab67616d0000b2735003a67663e1cb53957a6c45,Family,24
0L8ExT028jH3ddEcZwqJJ5,funk rock,Rock,https://i.scdn.co/image/ab6761610000e5ebc33cc15260b767ddec982ce8,Red Hot Chili Peppers,86
0L9xkvBPcEp1nrhDrodxc5,synthpop,Pop,https://i.scdn.co/image/ab6761610000e5ebc416e89fd5d1eedab418f8de,Level 42,62
0LA9sr6AOIE7Gpo6HTrRQt,northern soul,R&B/Soul,https://i.scdn.co/image/ab6761610000e5ebadc96cc1b119c91d3cfdaa0e,Barbara Stant,12
0LMhvCtATq924XRwuy0P7a,uk funky,Bass Music,https://i.scdn.co/image/ab6761610000e5eb472005ffec1c7f4981ab47fe,Pev,1
0LMkPoi2xIgpOPUSJMftqM,psychedelic rock,Rock,https://i.scdn.co/image/ab6761610000e5eb0661c14b524b544322897887,WITCH,44
0LVrQUinPUBFvVD5pLqmWY,britpop,Rock,https://i.scdn.co/image/ab6761610000e5eb1ee04e502faa55c4accf4fe8,Doves,52
0LWlgth3CFLC6eD8mtWCOA,Electronic,House & EDM,https://i.scdn.co/image/ab6761610000e5ebef3c4ff24ac0bb5732754a2c,Melt Yourself Down,24
0LYuszUNbwgujC8B6nhEWN,experimental,Ambient & Experimental Electronic,https://i.scdn.co/image/ab6761610000e5ebebd00bd3b8e429eeec6c6901,Sissel Wincent,6
0LZac5VicY19QLaIUvIB0G,art pop,Pop,https://i.scdn.co/image/ab6761610000e5eba948295910eb423e90041d88,Cate Le Bon,53
0LcJLqbBmaGUft1e9Mm8HV,Pop,Pop,https://i.scdn.co/image/ab6761610000e5eb81a5ec3c9b4a6750440904d8,ABBA,83
0LhHRmSd1EYM5QdNeNnCoQ,eurodance,House & EDM,https://i.scdn.co/image/ab6761610000e5eb2fe2de0779658eeb9665ccb4,Darude,62
0Lpr5wXzWLtDWm1SjNbpPb,yacht rock,Rock,https://i.scdn.co/image/ab6772690000c46cdecea50bc0ab048e84202186,Todd Rundgren,58
0LseVZ9pSlpj7yNngxuBgS,,Unlisted,,PAPAchild,0
0LtVJXnPR8msCJiE2DjHxy,Pop,Pop,https://i.scdn.co/image/ab67616d0000b273a6d80e2ed079cf1183ade19a,Angela Lansbury,57
0LthCv77K8NqLKr8B6266a,miami bass,Hip Hop/Rap,https://i.scdn.co/image/ab6761610000e5eb84871c3351c73543e3ad9dc5,Freak Nasty,42
0LyTHMstvqKiSoqdnnjqix,vocal jazz,Jazz,https://i.scdn.co/image/ab67616d0000b27330d5d7679987e4f0feeff5be,Mildred Bailey,39
0MHgLfmQdutffmvWe5XBTN,christmas,Jazz,https://i.scdn.co/image/ab6761610000e5ebcec2dd52046443079ba66472,Burl Ives,48
0MPCXpk3pfNCmUdzDlHX2f,,Unlisted,https://i.scdn.co/image/ab6761610000e5ebde51ad0ce9c9ce1a0155c158,Axile,21
0MPTLi41EZ3fWi3GYQvHQi,Blues,Blues,https://i.scdn.co/image/ab6761610000e5eb69a82e2d76ebf10cea55d5d4,Abner Jay,24
0MQ6vXx5EpG7uahKwX2712,bluegrass,Country/Americana,https://i.scdn.co/image/ab67616d0000b273ba833ab06e0cbfc5f2aa63bd,White House,0
0Ma8KxtvoIDSU5fHtuTS9F,doo-wop,R&B/Soul,https://i.scdn.co/image/ab67616d0000b2731c9948de5031b6dcda82c954,The Vogues,40
0Mc27Ij9oeRlpihBxaBzGB,bubblegum pop,Pop,https://i.scdn.co/image/acdee9b4af2e73e93144c69dfed59eeb1df864c0,Nobody's Angel,22
0MkRnV3sZKToZdoLRUZXqR,minimal techno,Techno & Trance,https://i.scdn.co/image/ab67616d0000b2735b90db695f9ae7b3a0b2bd34,Dan Andrei,2
0MlOPi3zIDMVrfA9R04Fe3,Rock,Rock,https://i.scdn.co/image/ab6761610000e5eb76fa6126d926bd6302239aba,American Authors,66
0Mz5XE0kb1GBnbLQm2VbcO,east coast hip hop,Hip Hop/Rap,https://i.scdn.co/image/d39cd5769332fb51014cc1cc9934c8890fcd49f7,Mos Def,69
0N0d3kjwdY2h7UVuTdJGfp,europop,Pop,https://i.scdn.co/image/ab6761610000e5eb7977be627e6c9e8018ad7831,Cascada,70
0N5PyKJzS3M1XNlaCL7bbE,motown,R&B/Soul,https://i.scdn.co/image/6938996289924918a6f9bb96af0bde4af969cb1c,Wilson Pickett,57
0N8rhjytnqVsz7IWQ9pJ3Q,space rock,Rock,https://i.scdn.co/image/0a38535c2bfee11f4eb0b002c070079b6483b95f,Hawklords,14
0NAPmlw3oOKJ3BD7qcjLdQ,dream pop,Alternative/Indie,https://i.scdn.co/image/ab6761610000e5eb4e881f9a05bc3b4316106b0c,Delays,30
0NAr5zThPfMx26ISgooQK6,bluegrass,Country/Americana,https://i.scdn.co/image/aafb8bb33b29dc9e3eb83bfec71467e153feeccd,John Hartford,41
0NCXrh1XOnHNp4mM0JUFJw,yacht rock,Rock,https://i.scdn.co/image/7a4c2b7f7b55e0123e58d9555218e53add136736,Nicolette Larson,45
0NEsjEzTw4HTwfBG57ztlz,Pop,Pop,https://i.scdn.co/image/ab6761610000e5eb7218d176caec4a82015f6477,Harpers,4
0NGvgky9AxEoD5TQ0QKrAx,experimental,Ambient & Experimental Electronic,https://i.scdn.co/image/ab6761610000e5eba8dd5736745af6601b8fe30d,Laurence Pike,11
0NHSh9S0VQiFfsEFbvhRXN,psychedelic rock,Rock,https://i.scdn.co/image/7ce5ac340ae5d75410634e1bab33ba75f4e94bf5,Moby Grape,30
0NKDgy9j66h3DLnN8qu1bB,new wave,Pop,https://i.scdn.co/image/ab6761610000e5eb145a01fb993c3088fe6ac5e7,Eurythmics,71
0NcZOCgglyAmOdkiM9kQuv,children's music,Novelty/Spoken Word,https://i.scdn.co/image/ab67616d0000b2730c0617e8fd2528282e924dab,Tumble Tots,35
0NjdXlUziaK1qv3kgZV4Jy,proto-punk,Punk/Hardcore,https://i.scdn.co/image/d55a830762d885ab4561ddc77a9d59498100b591,Jonathan Richman & The Modern Lovers,30
0NkyXWGxE3WTFixDSJ39PK,vocal jazz,Jazz,https://i.scdn.co/image/5974256cb22557291dcc9c71640bcd47a8c879d8,Rosemary Clooney,46
0Nn9YwJzcaeuU1jJL06e3r,power pop,Rock,https://i.scdn.co/image/3f5a283dfaf275c565879058920e5ec99f9833b5,The Knack,56
0NnCgUxhtWt1yBtpDyvFQf,east coast hip hop,Hip Hop/Rap,https://i.scdn.co/image/05b6bfb62f7bc86622b384d5b88aa974a4b30318,Black Sheep,45
0NnXZ9FmXrgdda97yU0PVU,footwork,Bass Music,,DJ Rashad & Gant-Man,3
0NqxUSg57tX1o1WG7VU1Vp,classic country,Country/Americana,https://i.scdn.co/image/ab67616d0000b2738be1338edc948013c93fcf28,Stonewall Jackson,38
0NrVrf231eji48nhNUJTXe,indie jazz,Jazz,https://i.scdn.co/image/ab6761610000e5ebed2fc3b829ded900a52196b5,Laura Misch,37
0NyzfcGDZZ6GM25EBG9BYK,Funk / Soul,Funk/Disco,https://i.scdn.co/image/112bf0d1817b5cffc0874ff8f147d7b6ba2b9cc3,Ray Parker Jr.,59
0Nz05huPXhsMC0iyVVlqZG,Electronic,House & EDM,https://i.scdn.co/image/ab6761610000e5eb3d5c3aad9777ef7f49b186dd,Max de Wardener,11
0O0lrN34wrcuBenkqlEDZe,new wave,Pop,https://i.scdn.co/image/ab6761610000e5eb720ecd7bb4a9401fd5920523,The Psychedelic Furs,59
0O98jlCaPzvsoei6U5jfEL,Electronic,House & EDM,https://i.scdn.co/image/ab6761610000e5eb6f9abbd1438714c5105e2a57,Damon Albarn,48
0OP3vGdafC4R9cXSoyRm9B,sea shanties,Folk/Acoustic,https://i.scdn.co/image/ab67616d0000b27313d3a63c13785fdce5cbd00a,Paul Clayton,27
0OQeMFqoRD5clB0cPYVbxY,"Folk, World, & Country",Folk/Acoustic,https://i.scdn.co/image/ab6761610000e5eb2dc0dd57b35a5092bf20d363,Ballaké Sissoko,48
0OTY72l7CC7ynKzp6N2o5b,synthwave,Pop,https://i.scdn.co/image/ab6761610000e5ebd16bd481fc66faf73a25fe93,Daniel Deluxe,47
0OTZiDBitc9zVFG5hwLBQD,Electronic,House & EDM,https://i.scdn.co/image/ab6761610000e5eb96896a2a63ff2d74af7275d0,Mari Kvien Brunvoll,38
0OVmEzLDCaJvoQzKXWuY84,garage rock,Rock,https://i.scdn.co/image/88e7197aa7ae76ec1e58c0b9b713a1f6c7895eba,The Beets,24
0OZ1LUrTGxwx0dr71DL7D6,dub techno,Techno & Trance,https://i.scdn.co/image/ab6761610000e5eb3dfd07ec80be0d9773b1eec3,Dorisburg,30
0Ob1aTizyy4v8E8S8b3GBn,Rock,Rock,,Connan Mockasins,0
0OdUWJ0sBjDrqHygGUXeCF,Rock,Rock,https://i.scdn.co/image/ab6761610000e5eb2cb57b092374b2f975ee9adc,Band of Horses,63
0OiGl9o8seOYCDpqf8gy4b,post-disco,Funk/Disco,https://i.scdn.co/image/ab67616d0000b2739ce6ad0352bfb824405bb339,Emerson,23
0OltT51j3hIkgaDJqqPzDn,electrocumbia,House & EDM,https://i.scdn.co/image/ab6761610000e5eb59701cfb11e4b3ac993131f5,Nicola Cruz,52
0OmHDBh5styCXDWKwz58Ts,idm,Ambient & Experimental Electronic,https://i.scdn.co/image/ab6761610000e5eb1ad0710b8bdf608086843feb,Ochre,31
0OqqomaR6NwSNKDpqnHlBo,neo-psychedelic,Rock,https://i.scdn.co/image/852f2dc2903a9defe798a40c7b7cbc1c0f1a46ee,Damaged Bug,28
0OwaxYpG77PWKSLtj1QzG8,acid rock,Rock,https://i.scdn.co/image/4cc325d9c3766985e5964df4a63ba976d4d14f3b,The Chambers Brothers,36
0P0do9GwiSgweSF6Ui3mrv,Pop,Pop,https://i.scdn.co/image/ab67616d0000b273ce1fc502ac6683d5d36e3f20,Nathan Lane,59
0P42vB5p3jd1P4ScFQg2YI,minimal techno,Techno & Trance,https://i.scdn.co/image/0bd93629b7eda3c34739335d85ecd9b7807216a6,Lawrence,32
0P6KbUhDPKJ4sKGbqejng0,Rock,Rock,https://i.scdn.co/image/ab67616d0000b273d31358ff7458e7e67e510905,Quiet World,18
0PEkaVg8lE6xSDwcnnOXnG,sea shanties,Folk/Acoustic,https://i.scdn.co/image/ab67616d0000b273294c196fa4e3afbbcca3bd04,Salty Dick,21
0PFtn5NtBbbUNbU9EAmIWF,yacht rock,Rock,https://i.scdn.co/image/ab6761610000e5eba59a5bcab211f964fe9bfb06,TOTO,78
0PHXRchyECGj96MB2v1xiP,reggae rock,Rock,https://i.scdn.co/image/ab6761610000e5eb99344f8ad64fe03185dbeb30,Giant Panda Guerilla Dub Squad,38
0PIZ47nbgysyW0xLdD1kEC,Electronic,House & EDM,https://i.scdn.co/image/ab6761610000e5eb981d8ce3619521745bd150f3,Hounah,5
0PN0fbe41KbuzlRYnoajNm,ranchera,Latin,https://i.scdn.co/image/ab6761610000e5eb8bc8c8d13db4c3600c8d7549,Antonio Aguilar,74
0PXZmqJE07mJxt5QUQQc5u,children's music,Novelty/Spoken Word,https://i.scdn.co/image/ab6761610000e5eb108db5389a83f09b79153ce1,Jim Cosgrove,25
0Pb1JB8ps5wlHniYSgRnum,industrial,Alternative/Indie,https://i.scdn.co/image/ab6761610000e5ebb904450a5f938c3f3e9bc7cf,Giant Swan,23
0PhKXBGcwWwVcXCETFd92y,indie folk,Folk/Acoustic,https://i.scdn.co/image/60a5b54a292a174a20882558c004b82b59625c85,Fossil Collective,21
0PiMvUJDkqg4AAfl8CP1Di,"Folk, World, & Country",Other,https://i.scdn.co/image/ab6761610000e5eb55d5abeb344b12f9c07f2835,Flaer,37
0PpCb1XlzSLLbSpgxK7FWe,idm,Ambient & Experimental Electronic,https://i.scdn.co/image/ab67616d0000b2730c430e1dd6fb6539c0b77d01,Transllusion,15
0Q14t6kRnPv4av49Rz5o6e,ambient,Ambient & Experimental Electronic,https://i.scdn.co/image/cc4d704f9805f93e2097edee8a82ee9a34aa2ac3,Yasuaki Shimizu,36
0QByA8eXXasgGpYEFwgnI6,psytrance,Techno & Trance,https://i.scdn.co/image/ab6761610000e5eb00e824f791d7d51567a69b35,Alpha Portal,36
0QCqyf5VjvrlrpVaCt108w,Electronic,House & EDM,https://i.scdn.co/image/ab6761610000e5eb2a835b70bedd47823072a763,Manuel Fischer,3
0QJaBD8Piha8IEwKtNpBOB,Electronic,House & EDM,https://i.scdn.co/image/ab6761610000e5ebd267a74c7841842b2c7b9008,Billy Nomates,40
0QRgfCLzSR9GyCjXboWQTA,Rock,Rock,https://i.scdn.co/image/ab67616d0000b27325ef06d1b6bb19098016b3db,Chris Montez,44
0QTEYauMG3DrAVPXCYMseu,dubstep,Bass Music,https://i.scdn.co/image/ab6761610000e5ebc52fb6e5a37e643277d2ee75,Mala,33
0QWrMNukfcVOmgEU0FEDyD,Jazz,Jazz,https://i.scdn.co/image/ab6761610000e5eb9cc73a463d6301a1bfc05c7f,Jacob Collier,61
0QafFu1D0s1WrS4GpgoEvU,Electronic,House & EDM,https://i.scdn.co/image/ab6761610000e5eb9e4b065e1d9dfffabefe455d,Cybe,19
0Qh6KTurcxpWO4o8Honkv5,breakbeat,Garage & Breaks,https://i.scdn.co/image/ab67616d0000b273206b9722bfd6e5bf892ae449,Silicon Scally,12
0Qio0rUxu4zfzGDVNQDU5R,Rock,Rock,https://i.scdn.co/image/ab67616d0000b273a6f06dfb1b9a52bd2c664e0b,Leogun,3
0Qur5LqqAVVunjY2PnjhUp,idm,Ambient & Experimental Electronic,https://i.scdn.co/image/d20e90d8f88d9dae4152f1564cf8d25b168f2c8f,Throwing Snow,37
0QwH5InvCwfL4UbYkjP9pi,post-rock,Alternative/Indie,https://i.scdn.co/image/ab67616d0000b27388d4aa0e201581ddc86fdeec,Bark Psychosis,34
0R0T3YQyl3cLMBB02lawSc,Rock,Rock,https://i.scdn.co/image/ab67616d0000b27325d9af500b3525810d75be37,The Rhythm Tramps,0
0RBnTX5xoVa1bDYt9Qbies,disco house,House & EDM,https://i.scdn.co/image/ab6761610000e5eb4be3196f0bc12c7d8070d89a,Floorplan,36
0RCFF3ElmHRKsaMmHXE3h7,experimental,Ambient & Experimental Electronic,https://i.scdn.co/image/ab6761610000e5ebf5b4219d763d32454d42178c,Fera,5
0RCrYBRfaQE2LRIydaUODb,Electronic,House & EDM,,DJ Rashad & Chi Boogie,0
0RUEHcBiENFEqxgicqS2ig,proto-punk,Other,https://i.scdn.co/image/ab6761610000e5ebf53947fccc7f9ace4d07a43f,The Stranglers,69
0RZewmdiKrFtejSJ3jfmGs,Electronic,House & EDM,https://i.scdn.co/image/ab6761610000e5eb1ddad0464183952070414164,Uma,31
0RajOd1JQuwVDgxs1bW2PA,ebm,Ambient & Experimental Electronic,https://i.scdn.co/image/ab6761610000e5eb6abd6e6718a055d2989deaa5,Minimal Violence,12
0RdRumkn2UydUjqytNJ2Cp,neo-psychedelic,Rock,https://i.scdn.co/image/ab6761610000e5eb095e07a4da3a01ece0f1f08e,White Denim,40
0Rlelhri29A0ly94SSDz4m,french jazz,Jazz,https://i.scdn.co/image/ab67616d0000b273ca3b0842b477f975b6de0fbd,Django Reinhardt & Stéphane Grappelli,10
0RqtSIYZmd4fiBKVFqyIqD,,Unlisted,https://i.scdn.co/image/ab6761610000e5eb5307a8a358283efe769d9c2a,Thirty Seconds To Mars,71
0RwXnFrEoI8tltFvYpJgP6,Electronic,House & EDM,https://i.scdn.co/image/ab6761610000e5eb8cb8fe9483451962ad649d16,Confidence Man,58
0S1SjYebdSaiMpI8xSW2Wb,yacht rock,Rock,https://i.scdn.co/image/8237abc70edbc275a2f82315cc7ee7d776a97ca4,Donald Fagen,50
0S4yEUTvpxWhfXux925405,neo-psychedelic,Rock,https://i.scdn.co/image/ab6772690000c46cd2c073a289a1255ae5077ac9,Quilt,25
0S7Zur2g8YhqlzqtlYStli,proto-punk,Other,https://i.scdn.co/image/26da5a74d4273e0e9116ac7cbb4443def62fa3be,Television,47
0S8nDH9mifBhNHztQKt53q,techno,Techno & Trance,https://i.scdn.co/image/ab67616d0000b27369cb92d58dbd6c8229903930,Gayle San,8
0SAeXDSWQw1qRmwTKh9uoU,noise rock,Alternative/Indie,https://i.scdn.co/image/965072599e3ecd9c05fdb2ab304f229ab90dc7b6,Country Teasers,28
0SD4eZCN4Kr0wQk56hCdh2,Rock,Rock,https://i.scdn.co/image/ab6761610000e5eb4ca4431cf4b1227eba8288d8,Bonnie Tyler,72
0SDMI2Gkjubw3ol5p5fKtX,doo-wop,R&B/Soul,https://i.scdn.co/image/ab67616d0000b27306b74f59c1dbd3d30d73ce58,The Paris Sisters,31
0SFwBkGokPRtTX212zO7xo,psytrance,Techno & Trance,https://i.scdn.co/image/ab6761610000e5eb329b0dd9acf0e3969cfb2b9a,Avalon,45
0SVxQVCnJn1BNUMY9ZcRO4,neo-psychedelic,Rock,https://i.scdn.co/image/ab6761610000e5ebb0fed7a0b1197a89e749b92f,levitation room,43
0SbSDzM4X41hnlURed0fcV,soundtrack,Soundtrack/Instrumental,https://i.scdn.co/image/1832bb1301f11c08a307d217e604f2af358d549d,Carter Burwell,52
0ShV0veaBj1NvWRORhuwlI,power pop,Rock,https://i.scdn.co/image/ab6761610000e5eb751ee2a678f8dcad1b578370,The Rubinoos,26
0SwO7SWeDHJijQ3XNS7xEE,indie,Alternative/Indie,https://i.scdn.co/image/ab6761610000e5eb9dccdc8f4087cbe2bdedc9d3,MGMT,77
0TF2NxkJZPQoX1H53rEFM1,motown,R&B/Soul,https://i.scdn.co/image/17992d522bd50efb63c2a353d2baf7d6957fb6ca,Gladys Knight & The Pips,59
0THUMJMWUd5L8os9K6O4FE,Rock,Rock,https://i.scdn.co/image/ab6761610000e5ebc010c90c1d0bed13136f6a08,World Party,41
0THW14iGdJ8iDza1prq1WX,Electronic,House & EDM,https://i.scdn.co/image/ab67616d0000b27303917dcf6f2a20e1bef101b4,Fe'Male,2
0TImkz4nPqjegtVSMZnMRq,Hip Hop,Hip Hop/Rap,https://i.scdn.co/image/ab6761610000e5eb7356ae4581e46319f99c813a,TLC,72
0TJB3EE2efClsYIDQ8V2Jk,Rock,Rock,https://i.scdn.co/image/ab6761610000e5eb2dee92c802411c160b1bb6d9,Elbow,56
0TJwIhO6UBsDg4vlcdTcd7,surf rock,Rock,https://i.scdn.co/image/ab67616d0000b273590e3c706596a091b1ec0bb0,Little Mike,7
0TZExq5Dma8hecEIAKwQYA,Rock,Rock,https://i.scdn.co/image/ab6772690000c46cfaf192ccd56bb356f0c655d6,Cindy Lee,27
0TZfDwCnRJr7CmqjLTxVBu,idm,Ambient & Experimental Electronic,https://i.scdn.co/image/ab67616d0000b273320f44358b3093f62e8720f4,Freescha,21
0TcYeHEK9sBtv7xPbKhzHz,Rock,Rock,https://i.scdn.co/image/57d60d824eac6f8870011979a6fab6b27b97fa44,Chumbawamba,59
0Te1NusV6mkAMJ1VAkzJiX,christmas,Jazz,https://i.scdn.co/image/ab67616d0000b273b2e4eb5b40e3bd56548bac29,Kate Smith,26
0TeJ584VsG2LuJgIfCEV4C,dubstep,Bass Music,https://i.scdn.co/image/ab67616d0000b273a3de1bcfd902212ca03e1743,Hijak,6
0TnqQ75mBM7mO8jHU42wUC,egg punk,Punk/Hardcore,https://i.scdn.co/image/941b0dcff7ec84cb125b402137e4559faaa1aef4,Useless Eaters,18
0TuxD3IK2QvHwgvacDPk9Q,lo-fi house,House & EDM,https://i.scdn.co/image/ab6761610000e5eb0145487b7f5ac2518a863b3c,Akasha System,26
0TwXWZcwzGVVOa1Vdu3UEj,techno,Techno & Trance,https://i.scdn.co/image/ab6761610000e5ebe79c313239d9a3df8c9aabac,Nørbak,27
0TxAbj3qE2NdYzg0SVG09Q,rocksteady,Reggae/Caribbean,https://i.scdn.co/image/ab67616d0000b273b3e15c9166cbd927017cf49c,Justin Hinds & The Dominoes,31
0Ty63ceoRnnJKVEYP0VQpk,soft rock,Rock,https://i.scdn.co/image/ab6761610000e5eb9fdb4dab484a9f12e347c216,Sting,75
0U6IDk2laxjdSZla9In5v1,minimal techno,Techno & Trance,https://i.scdn.co/image/ab6761610000e5eb504d7609ec205a034abebe45,Konrad Black,13
0U84xwA98Pi4up2dRMTjby,dub techno,Techno & Trance,https://i.scdn.co/image/ab67616d0000b273be00cb6dcc2d6eea17ffc2a5,Salz,12
0UAwcG0xu1yFjVknsEV4mu,post-punk,Rock,https://i.scdn.co/image/ab6761610000e5eb6dfc0f4a77cf7b2c2e6d7322,FEWS,21
0UDeZ1A0GFVvk9ddvAnO8U,Electronic,House & EDM,https://i.scdn.co/image/ab67616d0000b273feebe71c3d8024f56f04661c,Pette Vaydex,0
0UF7XLthtbSF2Eur7559oV,synthwave,Pop,https://i.scdn.co/image/ab6761610000e5eb2dc7b3180bad1885c6ee1320,Kavinsky,64
0UFGb2HixhB0kXwin2p2jF,Electronic,House & EDM,https://i.scdn.co/image/ab67616d0000b273e3b800187de7911006f09932,Black Manual,0
0UKfenbZb15sqhfPC6zbt3,new wave,Pop,https://i.scdn.co/image/39a7e5e551639397c9ee7801e0e1755cf2affd1c,DEVO,58
0UOrkpzPED604dKzxgfJqg,nova mpb,Latin,https://i.scdn.co/image/ab6761610000e5eb7c73087fcc71226aeffc0290,Rodrigo Amarante,58
0UYzG03DK6Tz6J6CzIz7dy,techno,Techno & Trance,https://i.scdn.co/image/ab6761610000e5ebf1c8eb34880e69d73babc4f5,Kmyle,15
0Ujbx7QA4obzHvEFtaZyie,sea shanties,Folk/Acoustic,https://i.scdn.co/image/ab67616d0000b273934445da5a7d7218999890c7,Sallymacs,14
0UmBaQJflaHddKtf1lrA6F,lovers rock,Reggae/Caribbean,https://i.scdn.co/image/ab6761610000e5eb8240d5b7cb894d3fbb8c31f0,Dennis Brown,54
0Un1afF0WG8Eh94e1NqOEd,shoegaze,Alternative/Indie,https://i.scdn.co/image/ab6761610000e5eb222bcc26b265c8c98d224351,Peel Dream Magazine,41
0UrA452V5vJpCW5ezx0YMP,dubstep,Bass Music,https://i.scdn.co/image/13a0634db02b769deba76255f21802f41bf85070,Peverelist,25
0V0TbicIQ6nqAWy13mR4BH,opera,Classical/Orchestral,https://i.scdn.co/image/ab67616d0000b273f843f634c83ef8066db1d29f,Rolf Løvland,47
0V7uVrIYr4FwFvUN9S4kYr,Rock,Rock,https://i.scdn.co/image/ab6761610000e5eb38642e6e2cc283240b97dc47,Nick Waterhouse,52
0VZD1yS4vqCj6bE0eGdUoa,jungle,Bass Music,https://i.scdn.co/image/ab6761610000e5eb903d36f08f5c99352387b8e7,Fanu,18
0Vd8YQz8TYk2vSKEYVvIgL,retro soul,R&B/Soul,https://i.scdn.co/image/ab6761610000e5eb35c9a18a858471a966db83e6,Dojo Cuts,59
0VeQgI9lzgoOMszAOq0iml,art rock,Alternative/Indie,https://i.scdn.co/image/ab6761610000e5ebf08fcb657b41c021f46ce4a9,Richard Dawson,29
0ViVShGd52uogfHPUez1cB,Rock,Rock,https://i.scdn.co/image/368dabceb756c926e58c1d7a49cc82ec5a41eae0,Ronnie Lane & Slim Chance,21
0VkQxm6BXV8KqEFmUpg5Lu,ambient,Ambient & Experimental Electronic,https://i.scdn.co/image/b95ac9c97ae339ba7100f620f060ebd0e1b9652b,Terekke,38
0VyOgubdcDnrJ0AWL2TRDN,traditional country,Country/Americana,https://i.scdn.co/image/fab2c735c62e7e931138af8c27b854e4c5ad181b,Bob Wills & His Texas Playboys,36
0Vz0vgVrclNJlHBLrgjklY,jazz,Jazz,https://i.scdn.co/image/ab6761610000e5ebc79f12560c2bd010cb7b8a7a,Kenny Garrett,39
0W498bDDNlJIrYMKXdpLHA,adult standards,Pop,https://i.scdn.co/image/d3b80d0493e0b44c1879fefff018b0a224d62468,Roberta Flack,65
0W8ZVf53GqJkTOPRWQaaBq,,Unlisted,https://i.scdn.co/image/ab6761610000e5eb4e4e54a225a8db107337c3be,CHLOE (Thévenin),29
0WISkx0PwT6lYWdPqKUJY8,Electronic,House & EDM,https://i.scdn.co/image/ab6761610000e5eb8f2e7d73904e3d63c391cc3f,Stephen Malkmus,36
0WJc0VDtzsLIk33XRB20Dy,Rock,Rock,https://i.scdn.co/image/ab6761610000e5eb53a37549e57023347857f785,Fionn Regan,45
0WP1sO0RYZHeJyd8PLSRBp,Jazz,Jazz,https://i.scdn.co/image/ab67616d0000b27391f92391d528ef3222d2fe26,Brian Bennett,36
0WPY9nnBy01s5QOt4o4oQX,shoegaze,Alternative/Indie,https://i.scdn.co/image/ab6761610000e5eb958d509c00ca0257c95071e1,Ride,46
0WSSKmoRbxqLf3MnXInQ2J,minimal techno,Techno & Trance,https://i.scdn.co/image/ab6761610000e5eb876151cdb606003d1915ac5f,Max Cooper,50
0WStQnW9WLEG01RKPDB0oy,dub techno,Techno & Trance,https://i.scdn.co/image/ab67616d0000b2736b7f5021917af5fc74c28ae3,Polar Inertia,20
0WTfNjENRjraYUFBZdzO0w,psychedelic rock,Rock,https://i.scdn.co/image/ab67616d0000b27364ca95c5b8a1dcd2e2c232f0,The Freak Scene,9
0WbqAlM1WvfUD6dF7omThd,french pop,Pop,https://i.scdn.co/image/ab6761610000e5ebbba9186cef80d3d7bc04b76b,Yelle,47
0WdDpEeDIDmtYh5sqRrdI6,bebop,Jazz,https://i.scdn.co/image/27da95f60681b9527c6e70b2f01f258e5fd171f5,Charlie Christian,32
0WgwTXh66Tz9hSU7LjZsww,medieval,Classical/Orchestral,https://i.scdn.co/image/ab67616d0000b273a7e8bb34c84093c0211881cc,Brad Derrick,51
0WtTGUjbur1R1cNzBvbsMU,dream pop,Alternative/Indie,https://i.scdn.co/image/ab6761610000e5eba75b0d24a56b137585130123,Broadcast,50
0WwSkZ7LtFUFjGjMZBMt6T,classic rock,Rock,https://i.scdn.co/image/ab6761610000e5eb4bdaa8c5e65b64f50549c393,Dire Straits,81
0WxOgeRxUt0MwPrI7A5atQ,jazz blues,Jazz,https://i.scdn.co/image/ea32aa5e50ec26a6ea889d71a33d60e98e168cf8,King Curtis,40
0Wxy5Qka8BN9crcFkiAxSR,blues,Blues,https://i.scdn.co/image/c2408f7f93e582b422af47aa72904a24397029d9,Howlin' Wolf,54
0Wy3xgOTkgtDlT9wJsOQjy,ambient,Ambient & Experimental Electronic,https://i.scdn.co/image/ab6761610000e5ebcec90ec79e4091a53aef9e8c,Huerco S.,34
0X0TajZO1RmY3D8u1JymYq,Pop,Pop,https://i.scdn.co/image/ab6761610000e5ebd5226701fc34cccb65bc523e,Au Revoir Simone,36
0X380XXQSNBYuleKzav5UO,industrial rock,Rock,https://i.scdn.co/image/ab6761610000e5eb752fca27c5b839ea47d5100d,Nine Inch Nails,74
0X7vWupejzA2A8bwITrWot,"Folk, World, & Country",Folk/Acoustic,https://i.scdn.co/image/ab6761610000e5eb2b12a966f4b19e5bf4087a73,Jeffrey Silverstein,36
0XErJwG6aCEj7NpKsEZrrO,blues,Blues,https://i.scdn.co/image/71936b2d4ab476c6321e520186845037e3b841d0,Magic Sam,35
0XFbx1u8kQLXF014p1ldWT,electroclash,House & EDM,https://i.scdn.co/image/ab67616d0000b273cabc198d1ba25c65c1794498,DJ Tankard,0
0XKPHX4BZDrtSEr3Pd1Q4k,southern gothic,country/Americana,https://i.scdn.co/image/ab6761610000e5ebaeb426ab33c4df4f8cc85d3d,Karen Elson,32
0XNa1vTidXlvJ2gHSsRi4A,indie rock,Alternative/Indie,https://i.scdn.co/image/ab6761610000e5eb69ecfa7557856564c968640d,Franz Ferdinand,72
0XRN23PlZzNANxVWRbjcNY,dub techno,Techno & Trance,https://i.scdn.co/image/53299c296dd331532a0bacaca0f75176ce9642da,Marcelus,8
0XSqX2PB3C5dTMv7SZaxSm,indie rock,Alternative/Indie,https://i.scdn.co/image/ab6761610000e5ebe0ee9d6c0075af4fabb763bb,Wolf Parade,42
0XZC3xSQstfXyXnYQKvjef,east coast hip hop,Hip Hop/Rap,https://i.scdn.co/image/ab6761610000e5eb6f97108e23a1785bbff37c92,Blahzay Blahzay,36
0Xf8oDAJYd2D0k3NLI19OV,disco,Funk/Disco,https://i.scdn.co/image/ab6761610000e5eb4c74c17081e7e0ef8b5eb323,CHIC,64
0XfcR8jVPEm77dOJEN9tvq,uk funky,Bass Music,https://i.scdn.co/image/ab6761610000e5eb2a2ce20ac99fdf714893219e,Cooly G,15
0Xi59sEw38vRvwleSAVqoo,classic country,Other,https://i.scdn.co/image/55992126e2a79d6dad67c4e9508811ba19abc586,Marty Robbins,65
0Y0Kj7BOR5DM0UevuY7IvO,acid techno,Techno & Trance,https://i.scdn.co/image/ab6761610000e5eb84b6afa028eee7f79bfef238,Slam,33
0Y0ZlznP6vzTS1qAm5dvTN,traditional country,Country/Americana,https://i.scdn.co/image/ab6772690000c46c4c49b4a1e7c6660e6b341584,Jimmie Rodgers,34
0Y5tJX1MQlPlqiwlOH1tJY,rap,Hip Hop/Rap,https://i.scdn.co/image/ab6761610000e5eb19c2790744c792d05570bb71,Travis Scott,94
0Y8KmFkKOgJybpVobn1onU,opera,Classical/Orchestral,https://i.scdn.co/image/ab6761610000e5eb7c79a26af7f4b435ec8c6b95,Luciano Pavarotti,66
0Y9vfLdeXoP0Mu1rLWeMRG,experimental hip hop,Hip Hop/Rap,https://i.scdn.co/image/ab6761610000e5eb1d41a4da213fe0f0f6220bb2,Black Taffy,18
0YC192cP3KPCRWx8zr8MfZ,soundtrack,Soundtrack/Instrumental,https://i.scdn.co/image/ab6761610000e5eb371632043a8c12bb7eeeaf9d,Hans Zimmer,80
0YSaA3PB82JjyHSPq30lO3,punk,Punk/Hardcore,https://i.scdn.co/image/ab6761610000e5ebf771681f8c6eb9ec68f0be0e,C.O.F.F.I.N,35
0YUqHKQEwFgGaDVSaHTS55,jangle pop,Pop,https://i.scdn.co/image/ab6761610000e5eb74c91dbe4a6183611038f530,Quivers,29
0Ya43ZKWHTKkAbkoJJkwIB,indie,Alternative/Indie,https://i.scdn.co/image/ab6761610000e5eb4eb9a8e62a4cfcdf61c4a03a,The Wombats,66
0YgabnWomkooWIaTM6VOfE,uk garage,Garage & Breaks,https://i.scdn.co/image/ab6761610000e5eb2d185f6c7064a5f58481182f,Monsta Boy,36
0YmFjtGsr6KUo2XJOR9RSu,vocal jazz,Jazz,https://i.scdn.co/image/b0c146c60f130f9ee04718ae6945782d6dbb2f19,Susannah McCorkle,37
0Ynh5WKqwbdYqJUpVpfEGS,egg punk,Punk/Hardcore,https://i.scdn.co/image/ab6772690000c46cfacff4e534e0ea572fe7da46,Osees,46
0YsLR3SQd5QTXAhGIGX7cl,,Unlisted,https://i.scdn.co/image/37ddb345143488175cef180b553253a467ec5362,Del The Funky Homosapien,70
0Z2EpubIhxnq4B6PV0I8n3,techno,Techno & Trance,https://i.scdn.co/image/ab6761610000e5ebb71f28bfe6290bdd26e5c2f4,Christian Smith,33
0Z5FMozvx15nUSUA6a9kkU,nu jazz,Jazz,https://i.scdn.co/image/ab6761610000e5eb64d5703bc39fcaf1f132846e,The Comet Is Coming,38
0Z7wbEr6QiYlPWpif69ssz,breakbeat,Garage & Breaks,https://i.scdn.co/image/ab6761610000e5eb88d472d5458e66f28871c14f,P.leone,7
0ZCB95QaI7Tgdnb2yU2iNg,uk funky,Bass Music,https://i.scdn.co/image/ab6761610000e5eb7bc8f786fcc7dedcfd443c1f,Pariah,29
0ZDCCJSvjcdJZH9hOl1uYc,dubstep,Bass Music,https://i.scdn.co/image/ab6761610000e5ebd291d21e4e8ca7259b243830,Truth,39
0ZGOz1bQgvsT4KSzHB1dg9,footwork,Bass Music,https://i.scdn.co/image/ab6761610000e5ebfbb7f96ab300e7f046a4d7d3,DJ Spinn,31
0ZIwOAzDuGPspzK7yiTc4S,southern rock,Rock,https://i.scdn.co/image/ab6761610000e5eb5fb6a968ac72e41ed40a3f9e,Little Feat,57
0ZJawgIaZUuyLq4jE9pM1C,christian alternative rock,Rock,,Dora Bliggen,0
0ZPqGxW2iwZz7vGJWzuTUi,retro soul,R&B/Soul,https://i.scdn.co/image/ab6761610000e5eb8ddedcddd71473175cd6213c,The Olympians,48
0ZUyFEafMwocvApBjTXvdo,Pop,Pop,https://i.scdn.co/image/ab6761610000e5eb17e562daddcfa796d07ccfb4,This Is The Kit,47
0ZXEk4WDiPwEkjG6pQ408i,swing music,Jazz,https://i.scdn.co/image/ab67616d0000b273d8f498883e0b07424d30318e,Ella Fitzgerald & Louis Armstrong,26
0ZZlysmyFhg3yT6Pupdsff,"Folk, World, & Country",Folk/Acoustic,https://i.scdn.co/image/ab6761610000e5eb46167829324b27060654ec5f,Yesca,15
0ZZr6Y49NZWRJc0uCwqpMR,britpop,Rock,https://i.scdn.co/image/ab6761610000e5eb92b5e8640cc9c3cc215afab8,Feeder,54
0ZeQOKQwmufZih23yBQ2uH,Electronic,House & EDM,https://i.scdn.co/image/ab67616d0000b273f322d6b195c5697bd18f2b41,Johnny Costa,29
0ZnmpHEiVrHpbyRqDYjnTL,grime,Bass Music,https://i.scdn.co/image/ab6761610000e5ebccca409fef34c3c0229083ad,Smoke Boys,36
0ZoYAbDGICaSPSfTTvworW,neo-psychedelic,Rock,https://i.scdn.co/image/ab6761610000e5ebafbb48e3f86787e312adbe6f,Tonstartssbandht,35
0ZpOIHGVsM7vMZqPt4i214,"Folk, World, & Country",Folk/Acoustic,https://i.scdn.co/image/ab67616d0000b27360abc811d528358136a0f6ec,Alan Parker,27
0ZqhrTXYPA9DZR527ZnFdO,hard bop,Jazz,https://i.scdn.co/image/ab6761610000e5eb33353db693257f465be09860,Wayne Shorter,51
0Zt1X6eSDuttQS3JHIyCvZ,villancicos,Classical/Orchestral,https://i.scdn.co/image/ab6761610000e5eb6da0f8c22f564b85e3d8b3ed,Manolo Escobar,48
0Zy4ncr8h1jd7Nzr9946fD,post-punk,Rock,https://i.scdn.co/image/ab6761610000e5ebb27c2f14d0deaac56f64c1f4,Killing Joke,50
0ZybdCfiOV4Q6Na1BpuYjv,acid house,House & EDM,https://i.scdn.co/image/ab67616d0000b27309feb221b0cc17f40b4a5b06,Shadow Dancer,8
0a03X57i18eG1yBzpmhZAs,nu disco,Funk/Disco,https://i.scdn.co/image/ab6761610000e5eb1e6983bfd555de6d1969d462,Louis La Roche,46
0a63dfrxBQKqh160P8iUNL,psychedelic rock,Rock,https://i.scdn.co/image/b2e3a58983247c8afde732ec825f38ad1d492102,Country Joe & The Fish,37
0aCjVhVSBUMVwo7WRrdLiJ,shibuya-kei,Pop,https://i.scdn.co/image/ab6761610000e5eb939c314c20b6bc23a5ccbe23,Fievel Is Glauque,40
0aHFAt3c3C648WXJP7GCRc,vaporwave,Ambient & Experimental Electronic,https://i.scdn.co/image/ab67616d0000b2737f7e0e1823de67575eae06c8,Vektroid,3
0aIpJqqTLf683ojWREc5lg,uk garage,Garage & Breaks,https://i.scdn.co/image/ab6761610000e5eb2987a128276c87b2f944b167,Joy Orbison,52
0aJ1FZmpkkzD6RiZe33EFR,idm,Ambient & Experimental Electronic,https://i.scdn.co/image/ab67616d0000b273195551149866cf4e79a13456,sun electric,30
0aeLcja6hKzb7Uz2ou7ulP,Rock,Rock,https://i.scdn.co/image/76ea79b6425f380ffe66f1665881529a15213a5d,Noah And The Whale,59
0anA8vLvAey7MO0uVx93ch,dub techno,Techno & Trance,,Christian Smith and John Selway,0
0ap24Mjt6qlze8v667KlaF,Electronic,House & EDM,https://i.scdn.co/image/ab6761610000e5eb5c81c079bfb4f6811a78c8f2,Ten Sharp,53
0asVlqTLu3TimnYVyY5Jxi,art pop,Pop,https://i.scdn.co/image/ab6761610000e5eb369ea373b242c2ac2238439a,Tune-Yards,44
0b0uhvUEeiD6y0XHVw3mRA,space rock,Rock,https://i.scdn.co/image/ab6761610000e5eb6812fa5d81efeefdddf2f903,TOY,21
0b45g7oDSlWJ6AeYKjJS0v,,Unlisted,https://i.scdn.co/image/ab67616d0000b273d453f4e9266ddf5b23e56d05,Stanislav Gallin,10
0b9ukmbg0MO5eMlorcgOwz,french house,House & EDM,https://i.scdn.co/image/ab6761610000e5eb02b5851e1d1769748d64b908,Mr. Oizo,53
0bAeQmINDYmRHqKB0qZF6Z,bluegrass,Country/Americana,https://i.scdn.co/image/ab67616d0000b2737bd8c20681433e27106d7caa,Riley Baugus,21
0bEvfTJsHHsTxqpqzWGXDw,chanson québécoise,Unlisted,https://i.scdn.co/image/ab6761610000e5eb8f62e8177c355622757a7285,Stéphanie Lapointe,23
0bShb58TO0fM5jOjXhB1WT,disco,Funk/Disco,https://i.scdn.co/image/b93b309729a40f1515f2cda0fb2ea6876d0adbaa,Van McCoy,43
0bUGoPJdCrDnuIQNLxsnBb,Electronic,House & EDM,https://i.scdn.co/image/ab67616d0000b273750bcf0e47b1a74cd2217d90,Marshall Hain,34
0bUWa3lF2u3S1j1JOVZsdA,trip hop,Ambient & Experimental Electronic,https://i.scdn.co/image/ab6761610000e5eb7527dd22c57afeeff5d8105a,Long Arm,27
0bffwHN6W2tHACqXcYSxJB,nu jazz,Jazz,https://i.scdn.co/image/ab6761610000e5eb8e1285cd5070ce8455d8d4a0,Neue Grafik,19
0bjlQ8Pc4aXv5AUKmen9Zh,techno,Techno & Trance,https://i.scdn.co/image/ab6761610000e5eb7cc2073c30d69fe361b6c09d,FAÏG,5
0bsV0sUjnCuCTYOnNHQl3E,art pop,Pop,https://i.scdn.co/image/ab6761610000e5eb7c984c8bedf0fbc53cd1b441,Julia Holter,36
0bvRYuXRvd14RYEE7c0PRW,dub,Reggae/Caribbean,https://i.scdn.co/image/f79bfd0adfc7e52d87b0309ee8920ff074a766ee,Linton Kwesi Johnson,39
0bxfUFzgizyJXJK7A3iQ8u,uk garage,Garage & Breaks,https://i.scdn.co/image/251d74dc529c07fb1b54adcc425cbb7808f199fd,Tina Moore,37
0bzfPKdbXL5ezYW2z3UGQj,soul,R&B/Soul,https://i.scdn.co/image/ab6761610000e5eb970e66fdac7be4f4829d4b05,Michael Kiwanuka,69
0cG9dZ6X8YfLeGe24QWMwM,electroclash,House & EDM,https://i.scdn.co/image/ab6761610000e5eb6cd7a15231d3b3ed7386359c,Legowelt,32
0cGUm45nv7Z6M6qdXYQGTX,Blues,Blues,https://i.scdn.co/image/ab6761610000e5eb57082fd22d755e80a648fac3,Kehlani,80
0cKckxKy6R6LfDXp7TroK8,lo-fi house,House & EDM,https://i.scdn.co/image/ab67616d0000b273385da0d4fb31806d6d8e6802,The Paradox,12
0cKrM2XKF7wxyfEQDauvyQ,miami bass,Hip Hop/Rap,https://i.scdn.co/image/ab6761610000e5ebf0920ead20fd7ec705bbc89e,DJ Godfather,42
0cQbJU1aAzvbEmTuljWLlF,Electronic,House & EDM,https://i.scdn.co/image/ab6772690000c46c2bc169ddd09632b994baf3b1,No Doubt,72
0cQuYRSzlItquYxsQKDvVc,classic rock,Rock,https://i.scdn.co/image/ab6761610000e5ebec6d4add2eed2df5cb18d909,The Guess Who,57
0cVit0XTp4KB738vqWkUZ3,uk garage,Garage & Breaks,https://i.scdn.co/image/ab6761610000e5eb683b92c5a243ca051b6e5bd4,Main Phase,40
0ckQrLoxKGRGQ5AfPPMflf,children's music,Novelty/Spoken Word,https://i.scdn.co/image/ab6761610000e5eb5b59154186f73d1d78d99f05,Miss Julieann,31
0cmWgDlu9CwTgxPhf403hb,trip hop,Ambient & Experimental Electronic,https://i.scdn.co/image/ab6761610000e5ebb9a3462bde9f62d74aa50507,Bonobo,66
0cyEKEh8fQkksmpwLBlZV4,sea shanties,Folk/Acoustic,https://i.scdn.co/image/ab6761610000e5eb6b833f493e2da9f6eb7df476,The Fisherman’s Friends,47
0czJqnJDu3vWrLHmsbLunu,christmas,Jazz,https://i.scdn.co/image/ab6761610000e5eba22fa1a9f9908abebb3d7f19,The Muppets,45
0d44JahSUHqjM6UTn1y8IX,uk garage,Garage & Breaks,https://i.scdn.co/image/ab6761610000e5eb01aad73ee18e4ceb838f4edb,DJ Jackum,22
0dAZ2slrElfR0Y5flcoSPt,exotica,Pop,https://i.scdn.co/image/ab67616d0000b273375f3b7b1e2a3e4fe4704596,Dorothy Ashby,48
0dAzvKzbG3tMwFeWkjgHrZ,uk funky,Bass Music,https://i.scdn.co/image/ab6761610000e5eb75b7e579ee4b87a9a7b5cd3c,Anunaku,26
0dCKce6tJJdHvlWnDMwzPW,disco,Funk/Disco,https://i.scdn.co/image/ab6761610000e5eb60571cd7326957308bad6380,Village People,62
0dEvJpkqhrcn64d3oI8v79,Rock,Rock,https://i.scdn.co/image/ab6761610000e5eb6f38e73a455b76c9e84d2e05,Barenaked Ladies,62
0dLSQG3IV62UNVhWUe6mx6,Rock,Rock,https://i.scdn.co/image/ab6761610000e5eb2f2a5ec10a31cdf2728047d2,Gruff Rhys,50
0dQnGeqpzXsR2qWYBREdpL,Electronic,House & EDM,https://i.scdn.co/image/ab6761610000e5eb49c7851daa628c5d31d44953,Yogg,6
0dRiUTGvNV17AMIULRYsvn,chicago house,House & EDM,https://i.scdn.co/image/549d2a5d7ab9e162e01489a0b8e40a9f4924bf1a,Mr. Fingers,39
0dV9xcjrW5YwkxG3gEBhRx,Stage & Screen,Soundtrack/Instrumental,https://i.scdn.co/image/ab67616d0000b273dfad5518182eefd76fcdc556,Martin Short,37
0dZNgMASTkXi62oR3aFWiN,ragtime,Jazz,https://i.scdn.co/image/ab67616d0000b273cdf553e82d3886a0ecdc730c,George Lewis Quartet,1
0dl2GgafJKRSnIjhjtxhAW,Pop,Pop,https://i.scdn.co/image/ab67616d0000b273c2ee5cc49bbc81dd90d90bd4,michael holliday,29
0dlOr0VIysztGWvU1dpjmP,Rock,Rock,https://i.scdn.co/image/ab6761610000e5eb2e023776b822635846e1f5f1,Natalie Imbruglia,66
0dmPX6ovclgOy8WWJaFEUU,krautrock,Alternative/Indie,https://i.scdn.co/image/ab6761610000e5ebc46999e5afaf35c91cbe652b,Kraftwerk,55
0duEtz2yf9OQR5vbwqqMo7,música mexicana,Unlisted,https://i.scdn.co/image/ab67616d0000b273c03f49672e0624d40803e73e,Marimba de los Hermanos Paniagua,14
0dvI5UOAa3FcQ78nmQYWbq,jazz,Jazz,https://i.scdn.co/image/ab6761610000e5ebda15c81b4954be5bd84973e6,Dave Brubeck Trio,32
0e1hn6R8UCfLkpHINwAyXR,witch house,Ambient & Experimental Electronic,https://i.scdn.co/image/ab6761610000e5eb0980995756da00c5dd1cbf98,Zomby,27
0eDvMgVFoNV3TpwtrVCoTj,brooklyn drill,Hip Hop/Rap,https://i.scdn.co/image/ab6761610000e5eb597f9edd2cd1a892d4412b09,Pop Smoke,77
0eLbmh14uMx3VB0MPM1r4L,post-punk,Rock,https://i.scdn.co/image/ab6761610000e5eb7fb4a0827e553cabae93945c,Pylon,37
0eNVBq4ee0qY2FCY3oSorx,idm,Ambient & Experimental Electronic,https://i.scdn.co/image/e0443b0269cf6666c83806269adac52935f58dd6,Cristian Vogel,19
0eSP57bv4fG1PXFSbAWDj7,lo-fi house,House & EDM,https://i.scdn.co/image/ab67616d0000b273138d3b22db6ddeb2b882a535,TRP,16
0ecmmSV0mVYAi7RohMTIuT,psychedelic rock,Rock,https://i.scdn.co/image/ab67616d0000b273ee09a9f036dfee77d7f5cbe8,Tintern Abbey,11
0eebKLG13kCWzqNI1LItJe,footwork,Bass Music,https://i.scdn.co/image/ab6761610000e5ebe9e041b4427af7ff4aaf3a23,Big Dope P,24
0ehqzJzgBzhTRcOd0BqgCs,footwork,Bass Music,https://i.scdn.co/image/ab67616d0000b273054ab1d482f300c31b2cb750,Young Smoke,7
0eiyrB0ET8AbrR5s6rrLJr,noise rock,Alternative/Indie,https://i.scdn.co/image/22e04c92ba1cd4fe5fd07657b0999d88d3104663,Glenn Branca,18
0elA30wLp3RmiPaGtU2jhQ,blues,Blues,https://i.scdn.co/image/f6d2990c29a2723a3a58593575a2b27f2a56690d,Mississippi Fred McDowell,37
0emf9Ah5yNpbvhS49Bl3zt,,Unlisted,https://i.scdn.co/image/ab6761610000e5eb0e226952d5af85bce633f737,Christopher Bear,40
0epOFNiUfyON9EYx7Tpr6V,garage rock,Rock,https://i.scdn.co/image/ab6761610000e5ebc3b137793230f4043feb0089,The Strokes,79
0epidpyARaIPmKpFUwcgnJ,Rock,Rock,,Sex Bob-Omb,49
0ett87oDhdq1f834B78sn6,jungle,Bass Music,https://i.scdn.co/image/ab67616d0000b273ba9bcec6035ab7689a3ee38f,King Kutlass,4
0exhrQcReCdr11oPbOh22M,Rock,Rock,https://i.scdn.co/image/ab6761610000e5eb4f1ffb95e8bfbb6df8373b7f,Deaf Havana,49
0ezjYLMcpgQpfRze6ozkLw,"Folk, World, & Country",Folk/Acoustic,https://i.scdn.co/image/ab67616d0000b273592a810f4b850471a99b8f8d,Kostas Papadopoulos,39
0f14r70OISSfJoyqYaHbgV,minimal techno,Techno & Trance,https://i.scdn.co/image/ab6761610000e5eb2ef09027b8bbadeff6266db1,Anja Schneider,44
0f3o61UmrJLgvZtNdETT1h,Jazz,Jazz,https://i.scdn.co/image/ab67616d0000b273f9c9041901f61e06b804ed88,TOSHIO MATSUURA GROUP,6
0f8MDDzIc6M4uH1xH0o0gy,blues,Blues,https://i.scdn.co/image/b8acc51743ff21f1d32e3f99922ca8283d3af0ce,Robert Johnson,48
0fNFzSVkQDwZpVJJtVCbmJ,techno,Techno & Trance,https://i.scdn.co/image/ab6761610000e5eba68ab92e5cdef33078a7e50e,Inox Traxx,19
0fOTh9pMw7sCyBhHyRDfj6,lounge,Pop,https://i.scdn.co/image/ab67616d0000b2736b5bf1007f91ac7a2d1ef0dd,Undone,0
0fSThWbCstAGqxZFUftX1F,Electronic,House & EDM,https://i.scdn.co/image/ab6761610000e5eb160b80d0e0dae2cf01120552,Tara Clerkin Trio,24
0fTHKjepK5HWOrb2rkS5Em,hard bop,Jazz,https://i.scdn.co/image/ab6761610000e5ebff800311ca4e79ec75be6813,Freddie Hubbard,44
0fTSzq9jAh4c36UVb4V7CB,Pop,Pop,https://i.scdn.co/image/ab6761610000e5ebe5547931c7f652c2ece8b76c,Alex Warren,87
0fVfcPcdnLfSeH0ZAAEeCQ,avant-garde,Ambient & Experimental Electronic,https://i.scdn.co/image/ab6761610000e5eb8e6fca46d16939ba4d2add62,Okkyung Lee,28
0fWqdDtGatGdZSouTPeiM2,Electronic,House & EDM,,El-B,0
0fYPQBOx0vsRMmjUba9HgF,new wave,Pop,https://i.scdn.co/image/ab6761610000e5eb1fd31f8a2d9c88bc7614fce5,Modern English,50
0faVPXr9Sui0OWJl2hRDQT,experimental,Ambient & Experimental Electronic,https://i.scdn.co/image/ab67616d0000b27377291772a21defba29e2edc1,33EMYBW,12
0feWqfqPgKPFPzqDFE4bSf,"Folk, World, & Country",Folk/Acoustic,https://i.scdn.co/image/21ef5118ec1598d62b0b5ded906c0bb55d544dee,Don Edwards,36
0fgYKF9Avljex0L9Wt5b8Z,new wave,Pop,https://i.scdn.co/image/397489fba8899aa52cadb0f62662603f96065446,Echo & the Bunnymen,59
0fgtHVpOPfXb07S8Jx443z,yacht rock,Rock,https://i.scdn.co/image/d7ff464ac91876da5a5e74539c4dde2675785031,Player,64
0fhv5pwSh099mHYF9b3Cpn,Pop,Pop,https://i.scdn.co/image/ab6761610000e5eb9ea8be3f80cdecfca9c63d15,Jimmy Whispers,18
0fmyOOHjbZc5EJuHBhzYAF,,Unlisted,https://i.scdn.co/image/ab67616d0000b273aa087a1165c74f3aacf2399d,Power Druid,15
0fo0tocXO4ZkkVn3L0VZzB,jungle,Bass Music,https://i.scdn.co/image/ab6761610000e5eb61d7b363e757d3d9984bcaab,Source Direct,28
0fshYD6SO4222BXVPfGBgG,stoner rock,Rock,https://i.scdn.co/image/51d4b17bbf865bdf0332e7e64da3a75aa9e4d7dd,Killer Boogie,18
0g3EsNvUCwgpsdkAiIC50W,northern soul,R&B/Soul,https://i.scdn.co/image/89075f762c28dc8179c71217b1b989ef2cb7914c,Bettye Swann,43
0g3j2imizKJ0OEaxwhF0xn,,Unlisted,https://i.scdn.co/image/ab67616d0000b273d162a0eff49574365c35456a,Blaire Reinhard,17
0g9vAlRPK9Gt3FKCekk4TW,Hip Hop,Hip Hop/Rap,https://i.scdn.co/image/ab6761610000e5eb53e37d2ad6497c8e5768149a,Ab-Soul,62
0gDsjq3Se2YgMBdiJ88j06,"Folk, World, & Country",Folk/Acoustic,https://i.scdn.co/image/7747cbe45728385453ddc970b05d2f8b0d8fd5de,Jocelyn Pook,42
0gMar0N7i60iQ6BFTvoXl0,country blues,Blues,https://i.scdn.co/image/ab67616d0000b2731a28fa5ac74e94f1278a9956,Scrapper Blackwell,22
0gT302jqzDIhNWY8YpzDCs,city pop,Pop,https://i.scdn.co/image/ab6761610000e5eb572e3c687a364acf5146de37,Momoko Kikuchi,46
0gWNgpI1v73a7BEbi39wt8,nu disco,Funk/Disco,https://i.scdn.co/image/ab6761610000e5eb3e1b9d07a51ae539bdd106d9,Flamingo Pier,40
0gXx2aQ2mfovDfqCw10MQC,bass music,Bass Music,https://i.scdn.co/image/ab6761610000e5ebd9e124b7cdb3eba6fe21e209,G Jones,40
0gkeMf1I9r5U5Hne19vr9A,children's music,Novelty/Spoken Word,https://i.scdn.co/image/ab6761610000e5eb4db9929d8ea49e64574e4071,Play School,54
0gqIrDRL7CEPBWMmkuZPdQ,jazz rap,Hip Hop/Rap,https://i.scdn.co/image/9e795364ea04bdc8c3f72599d443bda0e3f647b3,Digable Planets,54
0grPfzk6cTnzfQpxjLDPs0,ambient,Ambient & Experimental Electronic,https://i.scdn.co/image/ab6761610000e5eb9cbe59a452764ca8b19643db,Bing & Ruth,35
0gusqTJKxtU1UTmNRMHZcv,grime,Bass Music,https://i.scdn.co/image/ab6761610000e5eb2d2ffbc3afe1bdc91f403485,Dizzee Rascal,64
0gxNgUdRvhVgeq4L3gFamF,boogie-woogie,Jazz,https://i.scdn.co/image/d791392283090a779dcd2181369f6ad0008ec926,James Booker,28
0h1dIjLACuc4yDLePjLT42,americana,Country/Americana,https://i.scdn.co/image/ab6761610000e5eb8d46013c827f338fe730158b,Riddy Arman,21
0hE3uA2w3guHeKvuc7BpRr,jazz funk,Jazz,https://i.scdn.co/image/ab67616d0000b273838380761b418699c935e058,Deodato,44
0hEurMDQu99nJRq8pTxO14,singer-songwriter,Folk/Acoustic,https://i.scdn.co/image/ab6761610000e5ebe926dd683e1700a6d65bd835,John Mayer,79
0hIqqrQXKbva3WZmPuf3lt,jazz house,House & EDM,https://i.scdn.co/image/ab6761610000e5eb0462c8fcf5bb41f5773903aa,Georges,40
0hItVPjwJLVZrFqOyIsxPf,christmas,Jazz,https://i.scdn.co/image/eb176061d33ff8d04daee54b00a6f4206d1c0ef5,Judy Garland,50
0hXF9fXthE0o5AoY4Oa12H,swing music,Jazz,https://i.scdn.co/image/ab67616d0000b273f1e630dabe79b08dad85ff41,Slim & Slam,27
0he5qSKLuYoGL223KSWjXJ,synthwave,Pop,https://i.scdn.co/image/ab6761610000e5eba529594d58fae0fe8408d599,Stilz,37
0hh1N707d2q6xRvhnvraIK,"Folk, World, & Country",Folk/Acoustic,https://i.scdn.co/image/614ffb044d9c72b4fe6c2aa202653e07f3523b7b,Dan Hicks & His Hot Licks,29
0hirZ8kPPdM9pzXpoagB4w,northern soul,R&B/Soul,https://i.scdn.co/image/b870b6eeb93b649a25fa92e4affcd7b10f2e38d1,Marlena Shaw,51
0hrb5WRiNlj8vh3WnCgXFq,neo-psychedelic,Rock,https://i.scdn.co/image/ab6761610000e5eb952b074c07607f6b8afc3f93,Kikagaku Moyo,45
0hxOAoLSOTqwXNLvJ5tEYZ,progressive rock,Rock,https://i.scdn.co/image/ab67616d0000b2736f046c0c809e0c4969de6a8f,Opus Avantra,6
0i1dJNVY6kGU5lUzmwXNhS,post-punk,Rock,https://i.scdn.co/image/ab6761610000e5eb132fbbd1b2694a7d2a529967,Pozi,17
0i2IEcWvtHUBYPkYWwCgjC,jangle pop,Pop,https://i.scdn.co/image/cb8716a180d21657d5b1d459726ca999f156d277,Trashcan Sinatras,33
0i5Q9hs2h9xoQxpyK5Tu7t,drone,Ambient & Experimental Electronic,https://i.scdn.co/image/ab6761610000e5eb0326d96cfd568afacfc93fa3,Bliss Signal,5
0iF6y52buvlAyGjhAcSTWr,jungle,Bass Music,,Seba & Neptune,0
0iOVhN3tnSvgDbcg25JoJb,soul,R&B/Soul,https://i.scdn.co/image/ab6761610000e5eb058531dfd9746a96ad85265f,Etta James,71
0iQTkXteVuQWznZ4WJuRLz,new orleans bounce,Unlisted,https://i.scdn.co/image/ab67616d0000b273fbb466c1ae2e535017e7c624,Lil' Rascals Brass Band,11
0iVrCROxeyon7MZUW3MfzT,new jack swing,R&B/Soul,https://i.scdn.co/image/ab6761610000e5eb4c3f0acc0e5ef5b08e54bbb9,Montell Jordan,61
0icUPTPdqe2qFVeO5gEB6w,minimal techno,Techno & Trance,https://i.scdn.co/image/ab6761610000e5eba027fcfedb6cda64d2e6e337,Cesare vs Disorder,16
0ihBDeJlIlXo4LFfAllsGm,post-rock,Alternative/Indie,https://i.scdn.co/image/d41c8955a7536978522b82f4b38cfd2a3836d087,The Sea and Cake,35
0ijZlfRS4zxGYWMxf8rvRN,ambient,Ambient & Experimental Electronic,https://i.scdn.co/image/ab67616d0000b2733d1fc39f5d7ce39af6ea97ac,Ulla,25
0ikiOZC4SDG6OrgHLESydg,Rock,Rock,https://i.scdn.co/image/ab6761610000e5eb22827167c7beaa70a0b9a3ce,Peter Doherty,42
0iui2Be5CP8EWxvHYsVspL,french house,House & EDM,https://i.scdn.co/image/ab6761610000e5eb6d38086452e28cd10f9c6c5a,Breakbot,57
0j0NzikZ753ZSGCAfnMg4c,stoner rock,Rock,https://i.scdn.co/image/72a648dbe310dc3d6985c4ef392ebcd5e0931f03,Dolomite Minor,0
0j66VnICTYVtWoJhcg1ibC,Electronic,House & EDM,https://i.scdn.co/image/ab67616d0000b273896659b2d648b18fa84c476f,Orphan Swords,0
0jCQfGTP2CuiYqPiVTmzU6,rocksteady,Reggae/Caribbean,https://i.scdn.co/image/ab67616d0000b273d2bc4c413fb1c67dba4f758f,Lord Tanamo,30
0jGUP5FLOFgZ0nbuQhVGCe,footwork,Bass Music,https://i.scdn.co/image/ab67616d0000b273f97f3685969264371bafb494,Starski and Clutch,12
0jOs0wnXCu1bGGP7kh5uIu,mpb,Latin,https://i.scdn.co/image/ab6761610000e5ebaa594f902dd3a6704715933f,Tim Maia,68
0jS6VTFGujWxinY5TSQwOG,acid house,House & EDM,https://i.scdn.co/image/ab6761610000e5eb85641acf4b0c40abe470ff13,Kevin Saunderson,48
0jU1Tdr7ONlgk0Ey9JgXra,grime,Bass Music,https://i.scdn.co/image/ab6761610000e5eba258b1c3a3c425d5f44ef35a,Manga Saint Hilare,35
0jUjkZEu17LkjSEQJmcqqi,retro soul,R&B/Soul,https://i.scdn.co/image/ab6761610000e5eb79d0cbe7d4c56ffd701e8116,Fat Night,36
0jUzzv49Ke4m0qqcuudBsw,bluegrass,Country/Americana,https://i.scdn.co/image/ab67616d0000b2735699146a1c28d1578b3fd98c,Ola Belle Reed,33
0jW6R8CVyVohuUJVcuweDI,Pop,Pop,https://i.scdn.co/image/ab6761610000e5eb347c3f307c796d4945292d48,The Piano Guys,64
0jWqALm6pl5CHj5N0eO68G,"Folk, World, & Country",Folk/Acoustic,https://i.scdn.co/image/ab67616d0000b273d0c7dc63c51d6b24862592e9,Richard White,49
0jiF8voCldfvNjfCEr6JDF,hard bop,Jazz,https://i.scdn.co/image/ab67616d0000b273a6d084480319baec24f50a7c,Shelly Manne and His Men,18
0jkK3K1ATFFHofEWjd2i00,indie folk,Folk/Acoustic,https://i.scdn.co/image/ab6761610000e5eb343e91bef83fb1517d860861,Laura Veirs,42
0jqAuEG6UF44ZlWAMtevH8,jazz rap,Hip Hop/Rap,https://i.scdn.co/image/ab6761610000e5eb5d6bfb6407661ab1d1e9a736,SkyBlew,32
0jw9RWBCP3zs82b9GIHvnJ,"Folk, World, & Country",Folk/Acoustic,https://i.scdn.co/image/ab6761610000e5ebecc3db38661e1e2def1957fb,Owen Kennedy,7
0jyH4jtanxaysaxwDVhR6f,idm,Ambient & Experimental Electronic,https://i.scdn.co/image/ab6761610000e5eb1ed86d546fe765c075b84f90,Seefeel,32
0jyyByk1ca4r8gaqMYVPUI,nu jazz,Jazz,https://i.scdn.co/image/ab6761610000e5eba460c311ef95d8efd8251c86,Dzihan & Kamien,41
0k17h0D3J5VfsdmQ1iZtE9,progressive rock,Rock,https://i.scdn.co/image/ab6761610000e5eb97885ce689d644c91dfba05c,Pink Floyd,83
0k5KeG8St6LiePh5blOwwl,,Unlisted,https://i.scdn.co/image/ab6761610000e5ebadcc9033f2f9ce2326880a6d,Workout Music Tv,57
0k7JGk03ntbFvfURT2hWmu,neo-psychedelic,Rock,https://i.scdn.co/image/ab6761610000e5eb21d720a86d50d758bc856864,Gold Celeste,31
0k7JerPSj4tpf6p7UMF0Yo,happy hardcore,Garage & Breaks,https://i.scdn.co/image/ab6761610000e5eb533877c047487c8501410e31,Mellow Trax,32
0kEfub5RzlZOB2zGomqVSU,spoken word,Novelty/Spoken Word,https://i.scdn.co/image/68e093d4aec6cc8f0d00dbec6d441364c5a3b3b6,Gil Scott-Heron,51
0kXQyMSf8au9PYtga3jIta,anatolian rock,Rock,https://i.scdn.co/image/ab67616d0000b273f802ae839905d914648bdf97,Akbaba İkilisi,30
0kbYTNQb4Pb1rPbbaF0pT4,jazz,Jazz,https://i.scdn.co/image/423e826b3c1b23930a255d7cbc2daf733f795507,Miles Davis,66
0khLXts50OJxtR5eNOEjnj,Electronic,House & EDM,https://i.scdn.co/image/ab6761610000e5eb85ac311d8d687364505bda8c,A Mountain Of One,14
0kuEP1E9k3WBEwMKwEmp9u,Pop,Pop,https://i.scdn.co/image/b09f364edaa45845f99d754de30a36183a797d2f,Willa Ford,37
0kubuLkzJufVBMoZCC5v2T,jungle,Bass Music,https://i.scdn.co/image/ab6761610000e5eb0b49c7b08c65548fbdc41450,Gremlinz,16
0l3luM3co3Jzh8QgBmKOgr,acid house,House & EDM,https://i.scdn.co/image/ab6761610000e5ebbe12f1e7e4bb56aff21184ae,S-File,3
0lFDQOEK5OwsyPXb1aWJzY,lullaby,Novelty/Spoken Word,https://i.scdn.co/image/ab6761610000e5ebfe5fe89a93c9592b4c85d6f5,Little Baby Bum Nursery Rhyme Friends,62
0lJlKQvuM2Sd9DPPyUXcHg,Rock,Rock,https://i.scdn.co/image/ab6761610000e5eb2ebb0ae40f1aa370bbacf74d,Sixpence None The Richer,70
0lNyZW9RoxjrrsD4wOJPmZ,miami bass,Hip Hop/Rap,,MC Chaszy Chess,15
0lOCqoXWdPaVWhnryP66pC,,Unlisted,https://i.scdn.co/image/ab67616d0000b2730126eb9deca37ca8aa6fc482,Tainted Flavor,26
0lRXEutklZUeNdWIJA1NI0,jazz fusion,Jazz,https://i.scdn.co/image/ab6761610000e5eb7a03f8c415369d27df255ea8,CASIOPEA,56
0lYoJnsYMVaAitj1pZVqER,neoclassical,Classical/Orchestral,https://i.scdn.co/image/ab6761610000e5ebe7b5e36c5b75adc0b1070ddb,Ben Lukas Boysen,40
0lZoBs4Pzo7R89JM9lxwoT,new wave,Pop,https://i.scdn.co/image/ab6761610000e5eb873c478913e5a70527b9442a,Duran Duran,75
0ldU0QJm31y0d6f57R1G2A,jazz,Jazz,https://i.scdn.co/image/ab67616d0000b273947b5cc535d76394a2d98e37,Oscar Peterson Trio,61
0liG9qD19eWrt5Ur4cnsYd,idm,Ambient & Experimental Electronic,https://i.scdn.co/image/ab6761610000e5ebbd26c5fd019d4277d6437efb,Murcof,41
0lsuCH8qG9UM8BihdL1Vsc,reggae,Reggae/Caribbean,https://i.scdn.co/image/ab67616d0000b273b70177f2e48ed0bcfdcb85e3,10 Ft. Ganja Plant,52
0m5FakHKCQdA7UN0PIzMcL,lo-fi indie,Alternative/Indie,https://i.scdn.co/image/ab6761610000e5eb4a0ff79c4f265a74b3037b22,Current Joys,73
0mL6LBSQ4bHe6hWq90KzHL,noise rock,Alternative/Indie,https://i.scdn.co/image/ab6761610000e5ebcf5cc6186d2dc575e8591db0,Tropical Fuck Storm,42
0mMCjSZUnt7dQBzZdCd2ez,techno,Techno & Trance,https://i.scdn.co/image/ab6761610000e5eb4c4c132064e9265295fb3f23,Ø [Phase],26
0mO8aKj6nYryzzlEdPYAPb,rocksteady,Reggae/Caribbean,https://i.scdn.co/image/ab67616d0000b273853ddebd9613f2d9094bf6a7,Hopeton Lewis,39
0mOPHkTHaD6cFTMODNBxA3,art pop,Pop,https://i.scdn.co/image/ab6761610000e5eb8e80f5ac713bf072fa6b57d7,Colleen,34
0mOdLsbUeEcEy7ADN3Hhuf,sea shanties,Folk/Acoustic,https://i.scdn.co/image/ab67616d0000b27321db8aeaaa35715d8945e12b,Seamus Kennedy,34
0mbhGA9S4pADQEqouZqqgL,"Folk, World, & Country",Other,https://i.scdn.co/image/ab6761610000e5eb173452262db6699f636e47ed,Makadem,28
0mgNs8G47LhbfqgsQhueOv,jungle,Bass Music,https://i.scdn.co/image/ab6761610000e5eb3d2de9aad077fb0976dc7552,Paradox,22
0mvTBNG2hAuAEzUVgTYpQ2,musicals,Unlisted,,Charmian Carr,55
0mwCI9ZfHyOj3ENpFd6AEn,vaporwave,Ambient & Experimental Electronic,https://i.scdn.co/image/ab6761610000e5eb8676e91974c311da24b6857b,Software,29
0n2Uel3CvQrmMsYLEfpO3s,progressive rock,Rock,https://i.scdn.co/image/ab6761610000e5eb59e9b08f55cfee2a1db2bb68,Nektar,35
0nCiidE5GgDrc5kWN3NZgZ,progressive rock,Rock,https://i.scdn.co/image/492cf7afbe3a7be6d6d2bda5c71a52e3cc1c9d3d,"Emerson, Lake & Palmer",57
0nCxyI85p7XgWv2LLv4S9d,jungle,Bass Music,https://i.scdn.co/image/ab6761610000e5eb44c507f8cc57e4b015d55d18,Remarc,29
0nDmZLauRLC10NNsANfGfG,free jazz,Jazz,https://i.scdn.co/image/ab67616d0000b273b29ef87b688f10bd6ba439f8,Philip Cohran & The Artistic Heritage Ensemble,7
0nEbx8lIbqkO08rKkXqQ05,dub techno,Techno & Trance,https://i.scdn.co/image/ab6761610000e5eb075940b67f3c50fb30a4a02d,Ghost Dubs,21
0nGxKkhmIzyu6bvuXrko1e,roots reggae,Reggae/Caribbean,https://i.scdn.co/image/ab67616d0000b273fd06f36445d716e501ec4836,The Congos,51
0nIyPY7J7G68WgQEOLHn0x,musicals,Unlisted,https://i.scdn.co/image/09f4a0a499359540e40075f8e912d7c3e94bc4a6,Anne Hathaway,57
0nJUwPwC9Ti4vvuJ0q3MfT,americana,Country/Americana,https://i.scdn.co/image/ab6761610000e5ebf109851845669becdc5c63f6,John Prine,61
0nL6RHsmidBNjoWyebETcq,neo-psychedelic,Rock,https://i.scdn.co/image/ab6761610000e5eb4f4a8460325057373e364fff,Tracy Bryant,36
0nbaBQTlGxUPLQ07N7onwv,punk,Punk/Hardcore,https://i.scdn.co/image/b18e47b71d8f4a6793c1bccc7c185a01491aa4dc,The Rezillos,35
0nd3tsqHVtnAWBCQgwtbIz,folk,Folk/Acoustic,https://i.scdn.co/image/ab6761610000e5eb128c676eef7371d484a26161,The Brothers Four,42
0nfZWqBgezQiLDMwWUXaIV,breakbeat,Garage & Breaks,https://i.scdn.co/image/ab6761610000e5eb446ade7b8900d8a62d7f192e,No Moon,23
0ngUeF0DGpYmPec80MqSi1,Electronic,House & EDM,https://i.scdn.co/image/ab6761610000e5eb0aab112c87bbb2d36760423a,Against All Logic,39
0njtZIwcRIzBAQ67zuakkt,psytrance,Techno & Trance,https://i.scdn.co/image/ab67616d0000b273af43572de2eebcceac4a8104,Dark Elf,16
0nsvXkulEsEPAPp01sVfHg,electro,House & EDM,https://i.scdn.co/image/ab67616d0000b273dce576b25a9e7c1598f1aced,Koova,2
0nwTtqff9SoWoTnTFeZ7YA,slowcore,Alternative/Indie,https://i.scdn.co/image/ab6761610000e5eb738f6a6bff1b3abeb7623761,caroline,41
0oBsnAC3fzYkTHF3bkfNx6,indie soul,R&B/Soul,https://i.scdn.co/image/ab6761610000e5ebb658dcfdfcaf59488eabcdc2,Phony Ppl,46
0oGnYXdjbDTggEWk0ckmQU,lo-fi house,House & EDM,https://i.scdn.co/image/ab67616d0000b2736f77b5ba6839d48e46c21cf9,Andy Hart,28
0oGo1uX2IixGBLb3fsiVnK,christmas,Jazz,https://i.scdn.co/image/ab67616d0000b27349685d9fd0189d8f96b452f5,Alma Cogan,31
0oGtixfxP0ukNPM6KVuwC1,ambient,Ambient & Experimental Electronic,https://i.scdn.co/image/ab6761610000e5eb6acc368197027e3ad90fcc1f,Lucy Liyou,19
0oKYiTD5CdNbrofRvM1dIr,free jazz,Jazz,https://i.scdn.co/image/ab6772690000c46c90d0d182686f9edf27d1b2a5,Alice Coltrane,47
0oNXlOzdoVyXFp4etijOIn,,Unlisted,https://i.scdn.co/image/ab67616d0000b273909bdf93035013876e8ef60e,Reggie Bonds,1
0oOmVBBL9JieZXycYfjZXT,Rock,Rock,https://i.scdn.co/image/07e83b90b8529b9e6a5207c551e9ae9d88229d48,Phil Everly,26
0oSGxfWSnnOXhD2fKuz2Gy,glam rock,Rock,https://i.scdn.co/image/ab6761610000e5ebb78f77c5583ae99472dd4a49,David Bowie,80
0oi7g8NUnlLh5tJvg2y5e3,roots rock,Rock,https://i.scdn.co/image/0612393d6f3450fff4af1f4d44ff8bb80e0b3105,Crazy Horse,60
0oj4QK4zH3lghS2Oa418zZ,jazz house,House & EDM,https://i.scdn.co/image/ab6761610000e5eb31b82717058a1f33db4b6a58,Loure,44
0otAqZw8htTsGHfqR491Yh,post-punk,Rock,https://i.scdn.co/image/ab6761610000e5ebd7ed2b8a32803d4e16cd7264,Sleaford Mods,49
0ow3Ac8tlahUoDVXbRuaRy,christian country,Unlisted,https://i.scdn.co/image/ab6772690000c46c6a62b3ed4a66784c09ee2e8d,Jimmie Davis,24
0p4HbDx1JTF3QLaBznAOrU,Electronic,House & EDM,https://i.scdn.co/image/ab6761610000e5ebde9c486a8daa85da76086fe0,Colouring,42
0p4nmQO2msCgU4IF37Wi3j,Rock,Rock,https://i.scdn.co/image/ab6761610000e5ebcea575e8c9519d4367984256,Avril Lavigne,79
0p5J6Pid4QK3jg9jTjduFK,uk funky,Bass Music,https://i.scdn.co/image/ab67616d0000b2734600f9d2ed1e4638685ecbd1,Joe,10
0pBnxeB4QkiESiPVV4riPQ,nu jazz,Jazz,https://i.scdn.co/image/ab67616d0000b27372bdda902335df78aed06f97,Lord,21
0pEvcNZLkhdc4zPMpWllPL,electroclash,House & EDM,https://i.scdn.co/image/ab6761610000e5ebff6029a60ff0bb873fdd0b5f,I-Robots,12
0pURdJtqEp2EZz5L1LIYhy,jungle,Bass Music,https://i.scdn.co/image/ab6761610000e5eb13dd107d78279c7bd504436d,Mantra,29
0pkLgeB9j465x1QB2kRoy4,Electronic,House & EDM,https://i.scdn.co/image/ab6761610000e5ebed5bc85edadb50962f7cb04a,HAAi,49
0pldXaMyJUzrlzYn7uXped,Rock,Rock,https://i.scdn.co/image/ab67616d0000b273cbac2cec47683e2338a055eb,KnightsBridge,37
0pqGj6vO9YHsXuZmaJaP2Y,surf rock,Rock,https://i.scdn.co/image/d942ea459d3ec957eaf3ddcb427fa33b6dd7a337,Jan & Dean,42
0pvLXdsgWnpJClomaQ41JQ,gnawa,World/Traditional,https://i.scdn.co/image/ab6761610000e5eb69ad83408c7319e23876d564,Mahmoud Guinia,26
0q2WkTHTEczNf8wNq6MBRk,lo-fi house,House & EDM,https://i.scdn.co/image/ab6761610000e5eb3361a6b6a598d3a33ad58757,Khotin,35
0q9kpdDkEA3H17gcRMjgVS,blues,Blues,https://i.scdn.co/image/ab67616d0000b273d20567ecbd3379703430927e,Elmore James,46
0qB0cTENhSUc0feov5qbg0,alternative metal,Metal,https://i.scdn.co/image/ab6761610000e5eb0396ad8f9d256e9c62c6a030,Helmet,54
0qGFARKf4pfodYjZbj5N4v,boogie-woogie,Jazz,https://i.scdn.co/image/ab67616d0000b27318c516f01f1a27ae7ab3dd12,Ella Mae Morse,34
0qGPycvPHafmEPTOm4M7Tu,garage rock,Rock,https://i.scdn.co/image/ab6761610000e5ebdc364b793c9e250dde036899,DZ Deathrays,37
0qIXXh38Do2fvBqiUjiHbm,children's music,Novelty/Spoken Word,https://i.scdn.co/image/ab6761610000e5eb35a20cc8b2758ad61efd8ac1,The Learning Station,51
0qLNsNKm8bQcMoRFkR8Hmh,britpop,Rock,https://i.scdn.co/image/ab6761610000e5eb9bb3756f2ee29fae00557129,James,63
0qZlB7IX5lWPhlxsayt31p,ranchera,Latin,https://i.scdn.co/image/ab6761610000e5ebd1ecfe99d596874a6688d548,Lola Beltrán,54
0qa4GMXrmylKemymbElIwq,Rock,Rock,https://i.scdn.co/image/e401e7cde4be63ef9b45f57664661f1bd752915c,Jump5,41
0qc65RJ8CVXpvxOAOvPLzV,free jazz,Jazz,https://i.scdn.co/image/ab6772690000c46c8d74ad0ee4fd0faf415c3667,James Brandon Lewis Trio,1
0qlhpgr87PEG89Jd5iRpxe,choral,Classical/Orchestral,https://i.scdn.co/image/ab6761610000e5eb26ac0dfe2c24cac0aa36890f,John Rutter,59
0qqGnmHBX2yVvCITRAvuRD,bluegrass,Country/Americana,https://i.scdn.co/image/915f0df6337f9d65b58cf00f44af14d140a526fc,The Stanley Brothers,42
0qsb6mnN5e7ut4axY4wofX,Jazz,Jazz,https://i.scdn.co/image/ab6761610000e5eb08e428f65a5656cfebb39ff9,Noel Coward,34
0qt6QSruHshcWT9QOzyfZp,slowcore,Alternative/Indie,https://i.scdn.co/image/b8edf3604d4eb99b644b4e16a08e7f3a047e8655,Mark Kozelek,35
0qu422H5MOoQxGjd4IzHbS,Rock,Rock,https://i.scdn.co/image/ab6761610000e5eb10afe006fe4c3309711f1966,Yves Tumor,56
0qv1thknD9ItYc1pzAnA2X,Stage & Screen,Soundtrack/Instrumental,https://i.scdn.co/image/ab6761610000e5eb670064d9dc044de62950e181,Oli Julian,32
0qzzGu8qpbXYpzgV52wOFT,ambient folk,Folk/Acoustic,https://i.scdn.co/image/ab6761610000e5ebc6f8c3e1e5db20e02a26bcf2,Bibio,54
0r6tT33WWnzFbh3QrK4LQV,electroclash,House & EDM,https://i.scdn.co/image/ab67616d0000b2731e2225e636862682be5d496f,Fat Truckers,3
0rESpKEusFHxhW59MIf7eM,country rock,Country/Americana,https://i.scdn.co/image/ab67616d0000b27353ba02e4c3b1b6a297002afa,The Flying Burrito Brothers,42
0rH93aHDYyJfMAcPB9OKus,neo-psychedelic,Rock,https://i.scdn.co/image/ab6761610000e5ebb587f5f89634d16b93784bc8,The Murlocs,28
0rMjC98w4mx0XqSsBt3Vfw,Electronic,House & EDM,https://i.scdn.co/image/ab67616d0000b273811b4fffadb7da710a833ea3,SPAZA,10
0rZ5F43lMX3mdce3O0uRmu,indie dance,Unlisted,https://i.scdn.co/image/ab6761610000e5ebaf21eae4655aef7a3b573754,DJ Evan,3
0rn3RFLx0xYCsXfx2CMq4u,Electronic,House & EDM,https://i.scdn.co/image/ab67616d0000b273196facd8ab1b5a30e9178d01,DJ Nexus,1
0rnKlPis7AQgoIe2NEVWa5,tech house,House & EDM,https://i.scdn.co/image/ab6761610000e5eb85427958094d8b01036a1c83,Technasia,38
0roWUeP7Ac4yK4VN6L2gF4,classical,Classical/Orchestral,https://i.scdn.co/image/48200a929742e954caa5552179de10478d10753a,Gioachino Rossini,57
0romFcKJdf5jOe6S8row0Q,drone,Ambient & Experimental Electronic,https://i.scdn.co/image/ab6772690000c46c41e746be073509a45f93488e,Ian William Craig,17
0rpMdBzQXf7aYRnu5fDBJy,folk punk,Punk/Hardcore,https://i.scdn.co/image/ab6761610000e5ebb3c3b161756ef6f9c9afef38,Violent Femmes,60
0rpos3tdyyc5uoxMM8Ptg9,northern soul,R&B/Soul,https://i.scdn.co/image/ab67616d0000b2734ed778dc6084974ce3023c6b,Tune Robbers,20
0s0rOb0gT2S9N0SDcjtPC4,synthpop,Pop,https://i.scdn.co/image/ab6761610000e5eb3517c0e665325c9c70b3c104,Alison Moyet,50
0s1ELavwiZMFYDL31VDJpx,Pop,Pop,https://i.scdn.co/image/ab67616d0000b2732b3122233d4a6793a01249f9,Rolando,32
0s2YIpNnjdf0FY4tNrF8Y4,minimal techno,Techno & Trance,https://i.scdn.co/image/ab6772690000c46c3b055bc9f942f2ea1caf078b,Ricardo Villalobos,35
0s2t3IkfxAEZ6YEsqeNeAj,acid techno,Techno & Trance,https://i.scdn.co/image/ab6761610000e5eb5c2e95b2cff7ba6da4308943,bw,8
0s9KIyjWtFcsRdKtMECxFp,electroclash,House & EDM,https://i.scdn.co/image/ab6761610000e5eb0c43d77420e14a92f4a3b450,Shinichi Osawa,35
0sElgscu7tp38PM1MtsUz7,trance,Techno & Trance,https://i.scdn.co/image/ab6761610000e5ebfd4d75199933135200b13e00,Energy 52,48
0sHcfpzKE72Jn6xq8VmMU4,dub techno,Techno & Trance,https://i.scdn.co/image/ab6761610000e5eb4e62ef094801982acce302a0,Farben,19
0sHeX8oQ6o7xic3wMf4NBU,britpop,Rock,https://i.scdn.co/image/ab6761610000e5eb07cb4c66b99dffbd82328366,Supergrass,61
0sHmVvDwPMhpqcFLBtiDPd,choral,Classical/Orchestral,https://i.scdn.co/image/ab6761610000e5eb63905fc6a8960edfd98200f8,"Choir of Clare College, Cambridge",34
0sN4enVJwylJKEXZlSbgsm,vocal jazz,Jazz,https://i.scdn.co/image/ab6772690000c46c7c44852bb5f6cb05561efcca,Mose Allison,41
0sNXk2NCcF4VpqvJ0KRffX,neoclassical,Classical/Orchestral,https://i.scdn.co/image/ab6761610000e5ebafcae5cadc5ab2e72df03c2a,Brambles,45
0sRVVDpgF2sKzPBkDszzUl,art pop,Pop,https://i.scdn.co/image/ab6761610000e5ebdf072a4e41925bf544dae9a4,Laurel Halo,36
0sTTw3dw3EA0c7NaZnrJd2,post-punk,Rock,https://i.scdn.co/image/1d2fe9b986eae49aa37c45acd240ff6499971b10,Wipers,41
0sXhBmVgBTDxkQb8CUbhhR,jazz rap,Hip Hop/Rap,https://i.scdn.co/image/ab6761610000e5eb35fadba1a92622a618ee895a,Coops,42
0saF9MYmdZpH0xNprFZcR9,indie,Alternative/Indie,https://i.scdn.co/image/ab67616d0000b2735d44ddcc63ba5ed89951d909,Post War Years,8
0saZdCuFtIT5oneC4MhBXW,latin jazz,Jazz,https://i.scdn.co/image/ab67616d0000b2738397f9f6f9d67bb58722bce6,Blazing Redheads,1
0sf2u7qJQLxkZjon6FsvJT,drone,Ambient & Experimental Electronic,https://i.scdn.co/image/ab6761610000e5ebab434cd0c587bba2646df455,The Dead Texan,32
0shWQ9M3KOAHMv2W9lMecN,dubstep,Bass Music,https://i.scdn.co/image/ab6761610000e5eb74ac5a3cec9a13204e18664b,Drone,27
0sklgkoO5JeS7YNhHS5EmH,liquid funk,Bass Music,https://i.scdn.co/image/ab6761610000e5eb2c2610305135c957b47e4928,Calibre,47
0szj7Sxtyluyjc2Arj0njB,classic country,Country/Americana,https://i.scdn.co/image/ab67616d0000b27380e4b31da3b7faba69f0c77d,Ferlin Husky,40
0t85REHE5k1LBHLDongFNq,chanson,Pop,https://i.scdn.co/image/ab6761610000e5eb76a9877e2b6871de02c7b214,Didier Barbelivien,42
0tDaLHgoNT53Kr4OQ6XG7J,egg punk,Punk/Hardcore,https://i.scdn.co/image/ab6761610000e5eb06b6d335d16d69ad64857f97,STIFF RICHARDS,41
0tEbPIVxu2YOmZXOWAkJ52,pagode,Latin,https://i.scdn.co/image/ab6761610000e5ebf1aa6ae6b7c454fa26636f54,Mr. Dan,58
0tEpMx1r2UhJNf6yMvVBLG,vocal jazz,Jazz,https://i.scdn.co/image/ab67616d0000b2734199693185fcea55202a737f,Maxine Sullivan,28
0tHDVpPzMs1JqKTAuGQkQR,krautrock,Alternative/Indie,https://i.scdn.co/image/46808ae1f518723667585ae1d9d26ab4bb1678d2,Harmonia,29
0tIODqvzGUoEaK26rK4pvX,free jazz,Jazz,https://i.scdn.co/image/66bf46ec1bfc2c72b97986f84af1a69f07531329,Sun Ra,44
0tJCNteqwm7LmRZ6KWr8GT,grime,Bass Music,https://i.scdn.co/image/ab6761610000e5ebaf1e7488ff6a294e7ac97564,Chip,56
0tL1uCP0Xtvhpfi7w2sEup,,Unlisted,https://i.scdn.co/image/ab6761610000e5eb78e555b4c21c34b33530d1d5,JJ Sterry,8
0tMnuEXTeJeHbslcV8OybJ,Rock,Rock,https://i.scdn.co/image/ab6761610000e5ebb5a52108516413de7ab2b0fc,Drugdealer,59
0tMr0e1EQZ0Vci7EHz2bM9,tech house,House & EDM,https://i.scdn.co/image/ab6761610000e5eb10a681a0b9bce7ef66ea4fc1,Shadow Child,43
0tQzBYPjAardhWpGkqVdNW,psychedelic rock,Rock,https://i.scdn.co/image/ab67616d0000b2730987b713f60b59957f2681fe,The Incredible String Band,32
0tRRrNLQY5rejEDVSjy4w3,cha cha cha,Unlisted,https://i.scdn.co/image/60340e8b4851a24102ded188e328f3a1db6758cf,Debelah Morgan,34
0tU9Qf5jG7st9wqMuPwJt9,Funk / Soul,Funk/Disco,https://i.scdn.co/image/ab67616d0000b273bc2f6b92bb4df7595db77af0,Blackrock,13
0tYc0gVOzssZmLpVO6wh7L,Rock,Rock,https://i.scdn.co/image/604b6f65c9c82bc277768770dcf2b09cd827ef73,The Thrills,35
0tbuVFxbrGx2oiNbpetUGc,techno,Techno & Trance,https://i.scdn.co/image/ab67616d0000b2732f07b57e2b4a3760a2d2faa1,Underground Resistance,25
0tfnDOJ5a2ib3mHAI4qGyD,sea shanties,Folk/Acoustic,https://i.scdn.co/image/ab6761610000e5ebf4e128d697623f40ce53c448,The Dreadnoughts,52
0tg5uVI4VjzZOFzBryJZii,jazz,Jazz,https://i.scdn.co/image/ab6761610000e5eb0ade8016b3f4a3e4107a577d,Teddy Wilson,50
0tjC8HMcPx5o2ZYsWw5BNK,lo-fi house,House & EDM,https://i.scdn.co/image/ab6761610000e5eb07da962a942124fba1f6016a,J. Albert,17
0tnTcAhsnXj2AubBJFhnZw,techno,Techno & Trance,https://i.scdn.co/image/ab6761610000e5eb9ece6579a9c057a6bfe547f8,Nuke,22
0tncOz6MVpy67IphfE6VHZ,adult standards,Pop,https://i.scdn.co/image/ab67616d0000b2732eab8b87c8e6a2ae827148ce,Buddy Greco,38
0tpkcjoMduNpT0FnpNYZiV,uk garage,Garage & Breaks,https://i.scdn.co/image/ab6761610000e5eb245b7064e1377bf3a8da61ba,Y U QT,36
0trarQCofdcsWn0uk2WLvB,swing music,Jazz,https://i.scdn.co/image/ab67616d0000b2735e0998ce4064ccece7e22bef,Eyal Vilner Big Band,15
0ty0xha1dbprYIUAQufkFn,philly soul,R&B/Soul,https://i.scdn.co/image/bb92c0e115364293eb7b2a76d39e89fa0b9e5eb9,Patti LaBelle,55
0u1M59PvHe4xP7dhzi2ccm,techno,Techno & Trance,https://i.scdn.co/image/ab6761610000e5eb05c05d4ae0a4954bad28dab2,Uncertain,25
0u61vtGdkaLTguZ5mVxLjK,ragtime,Jazz,https://i.scdn.co/image/ab6761610000e5eb890b65f05e82a23805576f04,Muggsy Spanier,31
0uCCBpmg6MrPb1KY2msceF,idm,Ambient & Experimental Electronic,https://i.scdn.co/image/ab6761610000e5eb4be7334b7aed9ca32a732aeb,Burial,52
0uCqiRh7CzBXxmD1Cddf77,experimental,Ambient & Experimental Electronic,https://i.scdn.co/image/ab6761610000e5eb078fe34b9df4f85c2ba86a9a,Container,16
0uDA9BcTnKIPpNcZX6ZY3x,blues,Blues,https://i.scdn.co/image/e5c45205ce8ce14352e8c1fa41cbcc6fd4cf132e,Magic Slim,40
0uGp39H44YMKv86CNHv7Aa,Pop,Pop,https://i.scdn.co/image/ab67616d0000b273f77d797fcf2e84cf2fc0149c,Billy Costello,10
0uI2HyW0eIbTbyH3S2XDHI,garage rock,Rock,https://i.scdn.co/image/ab6761610000e5eb55799d8e2b5b6fc1b5988a78,King Tuff,37
0uNEy4544VZq2KOl7BsLuo,neo soul,R&B/Soul,https://i.scdn.co/image/ab6761610000e5ebef120fc867637c7a03a57a0e,Lalah Hathaway,49
0uSobLDqVMPaOzd2elMNCa,jungle,Bass Music,https://i.scdn.co/image/ab67616d0000b273e0a79fc0513767e5bb1b3add,Amen Andrews,5
0uUNzXylqsZdmFDwdxaP1V,Rock,Rock,https://i.scdn.co/image/90e52266d0463ef6215a393d55c4c8604c957d36,B.J. Thomas,55
0ucLPotcQNI7AViFytdhBz,electroclash,House & EDM,https://i.scdn.co/image/ab6761610000e5ebb948a9242e7ff017fb0d1173,Ladytron,51
0ukgSx1gUt5rUihbNh46qy,Pop,Pop,https://i.scdn.co/image/ab6761610000e5eb4baec88d8b637d87f734d85e,Christopher Owens,28
0ukgrNYk51TkMQr0f2Br4Q,Hip Hop,Hip Hop/Rap,https://i.scdn.co/image/ab6761610000e5eb8d28bc19f7b2da51e9a07aba,Maverick Sabre,66
0unydCSm9ARiINdrNqugDg,retro soul,R&B/Soul,https://i.scdn.co/image/ab6761610000e5eb9ad967db623ef135f45e2f3a,Hannah Williams,52
0uo6UbyUYXbG4xBT7vBGSx,Electronic,House & EDM,https://i.scdn.co/image/ab6761610000e5eb1f5fc794f24911920ad40040,Wilma Archer,30
0uq5PttqEjj3IH1bzwcrXF,Pop,Pop,https://i.scdn.co/image/ab6761610000e5eb2e91ffbba84e8e94bafbc6d7,Spice Girls,71
0uqddFnkR5VFHepMk9NEz3,ragtime,Jazz,https://i.scdn.co/image/6aeefac9c7d9bc9efdb389c8a0fff7142b978ad6,John McCormack,26
0uuWKORLosOJB3L6D7zplX,Rock,Rock,https://i.scdn.co/image/ab6761610000e5eb881d3b5bb69e2f6f07b380d3,THE GOA EXPRESS,18
0uwzCwAdgiKwwmtVNtPqkg,progressive rock,Rock,https://i.scdn.co/image/ab67616d0000b273e893e2b9c5cfc7ba5132a9f0,The Norman Haines Band,4
0v3A74qYtkL8Wjj1rzLe9Z,indie folk,Folk/Acoustic,https://i.scdn.co/image/d0d08bfd757433e521bf23fdf2c8c187f91d3884,James Blackshaw,21
0v6N0xV7AfHHKVcgUOjC51,acid house,House & EDM,https://i.scdn.co/image/ab6761610000e5eb7ca301a140785ca26b9a6b31,Derrick May,33
0vBDEQ1aLZpe4zgn2fPH6Z,britpop,Rock,https://i.scdn.co/image/ab6761610000e5eb1de15a7cb550e48060238cb8,Cast,50
0vIMq3W8V63uR4Ymgm2pF1,acid rock,Rock,https://i.scdn.co/image/ab6761610000e5eb82f748134d7305583269532a,Vanilla Fudge,41
0vTVU0KH0CVzijsoKGsTPl,jazz house,House & EDM,https://i.scdn.co/image/ab6761610000e5ebef1983b696cf87738bee1ba0,Barry Can't Swim,66
0vUJ3QLN3MlRfjOc2LjGWp,acid house,House & EDM,https://i.scdn.co/image/ab6761610000e5eb9a0ea901138f29d29fdae3fc,Inner City,53
0vUnn6Eje2O5yxEj35touD,choral,Classical/Orchestral,https://i.scdn.co/image/ab6761610000e5eba1f2835ca8b0eba6b2159e8d,Tenebrae,44
0vYQRW5LIDeYQOccTviQNX,outlaw country,Country/Americana,https://i.scdn.co/image/c89f4c57259c307731fe2ba93fb9d0ff40096ecd,Kris Kristofferson,65
0vYkHhJ48Bs3jWcvZXvOrP,proto-punk,Punk/Hardcore,https://i.scdn.co/image/20e52d0b168541016f901d9ec6d4f2a0e41f193b,Patti Smith,61
0va8U409dr4gA1zQ2gSnD5,vaporwave,Ambient & Experimental Electronic,https://i.scdn.co/image/ab6761610000e5ebb150c0e8f013674b73cc5a1d,18 Carat Affair,39
0vkJnQS4UAUeueiikMUzvC,idm,Ambient & Experimental Electronic,https://i.scdn.co/image/ab6761610000e5ebda0bd0890238f783aa97ad66,These Hidden Hands,8
0vn7UBvSQECKJm2817Yf1P,folk rock,Folk/Acoustic,https://i.scdn.co/image/ab6761610000e5eb5921cb8f2ec7bf6b5e725bcc,James Taylor,69
0vqkz1b2qBkoYrGMj2CUWq,soul,R&B/Soul,https://i.scdn.co/image/ab6761610000e5eb2db6593db2598005d56a46e1,Bobby Womack,60
0vscEUhV9isTMclPcVz7zr,indie electronic,Unlisted,https://i.scdn.co/image/ab6761610000e5ebc3c2102a70bd026d087869bd,John FM,18
0vw6P9tvC4j66Lk8EYcDl0,modern blues,Blues,https://i.scdn.co/image/ab67616d0000b2732af738158fe41d5af01b0d36,Chris Youlden,19
0w1RQjkLFHpokbFNikYbPN,Electronic,House & EDM,https://i.scdn.co/image/7d659d3da1736b743f1232c2d4437c27829161bb,Talaboman,27
0w2MvntXz3P5Ko3oslGJoG,bebop,Jazz,https://i.scdn.co/image/ab67616d0000b273c67798778dfca1ae5071d073,Fats Navarro,28
0w2nbCgEeoFSWUY4cRIXnh,queercore,Punk/Hardcore,https://i.scdn.co/image/ab6761610000e5ebbad0b95339b8bc2a9988be4d,Suggested Friends,0
0w67nPwYCaYqkICZ7mVofn,acid techno,Techno & Trance,https://i.scdn.co/image/ab6761610000e5ebe14fe1d2fba3148d395d4fd4,Michael Wells,0
0w7HLMvZOHatWVbAKee1zF,native american music,Unlisted,https://i.scdn.co/image/ab6761610000e5ebeb9c771371e6e5d14588963d,Redbone,67
0wDFiWgPfBeW7x5kVPBYTW,dub,Reggae/Caribbean,https://i.scdn.co/image/ab6761610000e5ebade992e7a04424d7f201ff5a,Iration Steppas,32
0wNZvrIMNUCs24G0wFg2D6,folk punk,Punk/Hardcore,https://i.scdn.co/image/ab6761610000e5ebf8d7a27045c5a56b817e7421,Jeff Rosenstock,51
0wV2j914cQINtB4jSkLIgT,experimental,Ambient & Experimental Electronic,https://i.scdn.co/image/abac326eb00c4a0b165062157466dda3b0971291,FIS,4
0wY1K9SgxbaRfoFRmSR5x5,uk drill,Hip Hop/Rap,https://i.scdn.co/image/ab6761610000e5eb3bbd840c25ab8bb5ecaf625b,SL,62
0wZeO8kuM4dYiraesOH282,lo-fi house,House & EDM,https://i.scdn.co/image/ab6761610000e5eb047941dfff3476f26c640780,FYI Chris,16
0wel071ci7nqjnNT0ywKWq,Electronic,House & EDM,https://i.scdn.co/image/ab6761610000e5ebb84c5b6963e0b9f023163ff9,XKYLAR,48
0wi4yTYlGtEnbGo4ltZTib,christmas,Jazz,https://i.scdn.co/image/ab6761610000e5eb0cdda37cae32193ecc26fe02,Shakin' Stevens,55
0wp7cYNFjMgSHBDdla5aC9,Funk / Soul,Funk/Disco,https://i.scdn.co/image/ab6761610000e5ebe61d05c2b3969647a1ac2169,The Rock Heroes,27
0wpsjl3phfhUKPNprqUFQc,footwork,Bass Music,https://i.scdn.co/image/ab67616d0000b273ca833ecd22ff08315dd7aa84,DJ Surgeon,6
0wtoN4C5b7fBp8GLT8DYXo,lo-fi house,House & EDM,https://i.scdn.co/image/ab67616d0000b273cf46a0635bcc9ece17732b3a,Betonkust,16
0wwBxT2qVH327KlBJbwMEP,rocksteady,Reggae/Caribbean,https://i.scdn.co/image/c27af9e20f17099feae19874d41ded33c420e5c9,The Frightnrs,48
0wz0jO9anccPzH04N7FLBH,slowcore,Alternative/Indie,https://i.scdn.co/image/ab6761610000e5eb4aaac870e3a8f1a8e5529dff,Low,48
0wzHUcjugMRf9kRSfagkE1,jungle,Bass Music,https://i.scdn.co/image/ab67616d0000b27348a1da28752fdd3c5f9d65e0,Dominus,1
0x0u0jCVf5Jf4DNh45XPXL,vaporwave,Ambient & Experimental Electronic,https://i.scdn.co/image/ab6761610000e5eb144a841bd710e497c29a4cbe,Skylar Spence,40
0x4xCoWaOFd3WsKarzaxnW,bedroom pop,Pop,https://i.scdn.co/image/ab6761610000e5eb4556698c0b7131e8942693fc,Frankie Cosmos,59
0x83OBqixqdCHnStP5VMcn,doo-wop,R&B/Soul,https://i.scdn.co/image/9a51fe462a957dfe6b25a65a08bafcfcbbf5e673,The Shirelles,55
0x9L9ChXVAf3hFOb0CbRmd,vocal jazz,Jazz,https://i.scdn.co/image/c3fb97e0e0dc8763465e35bbc0f055c3c31ef378,Shirley Horn,46
0xGKzZ3narAei6wzYhMp1Q,uk garage,Garage & Breaks,https://i.scdn.co/image/ab6761610000e5ebbdf5cf48d1e1523f40050dc9,KURUPT FM,43
0xGMNVyrwBJYVudabEW1Re,idm,Ambient & Experimental Electronic,https://i.scdn.co/image/ab6761610000e5eb539331e985270968adeb292b,Indian Wells,37
0xLbREzA0im1nSc86Fcmx4,,Unlisted,,"Perfume Genius, Sharon Van Etten & Friends",8
0xOeVMOz2fVg5BJY3N6akT,Electronic,House & EDM,https://i.scdn.co/image/ab6761610000e5eb5d8f24eed04df5dac0adecf4,Jaden,67
0xQu8dPPGy8LC2KVPa87CN,japanese indie,Unlisted,https://i.scdn.co/image/ab6761610000e5eb23f982831dfd1aba299c0142,Siamese Cats,27
0xRqtLGIVSzXM9yg2wFMLC,hard bop,Jazz,https://i.scdn.co/image/ab6761610000e5ebb724a6d272499aaf94f8bced,Bobby Timmons,43
0xg57wSCFeyXvdsO3KS1FE,footwork,Bass Music,https://i.scdn.co/image/ab6761610000e5eb2057c5bb0881bdf66482b4c3,Dj Mc,2
0xgdNNa5mIbnJKp8AG8S4z,techno,Techno & Trance,https://i.scdn.co/image/ab6761610000e5eb0db04e173bf275a10cbcae63,Victor Ruiz,45
0xqZoTGy2DRcVGY0wiRyMN,Electronic,House & EDM,https://i.scdn.co/image/8000852f2d165361229dd845d5a6013c7800b12f,The Lotus Eaters,0
0y0zq3ULRz7HsJTs4eF1G6,,Unlisted,,Zetta Bytes,16
0yBFPjYypBODQ9d8XUXial,Jazz,Jazz,https://i.scdn.co/image/ab6761610000e5eb0c8b3caacaa674bd8b330c8f,Bingo Fury,4
0yJolfjqzHfNbr9IoBSndu,neo-psychedelic,Rock,https://i.scdn.co/image/ab6761610000e5eba72c69fdd7e8f0f26130db39,Avey Tare,28
0yLmsf6RBPYqm6hvFJCPg6,indie jazz,Jazz,https://i.scdn.co/image/ab6772690000c46cdd3621cc4e6cd9acfe68691c,Taylor McFerrin,36
0yNLKJebCb8Aueb54LYya3,new wave,Pop,https://i.scdn.co/image/ab6761610000e5eba080a8e96758f416301578f9,New Order,69
0yS10zi11PGYgOjeAaBho4,nu jazz,Jazz,https://i.scdn.co/image/ab6761610000e5eb5007b796744973fe26af3c71,Project Karnak,0
0yT9vbP1EOnCpl2McnF9nH,blues,Blues,https://i.scdn.co/image/76e3eb729479655e08524f09c7aa425616408e50,Mike Bloomfield,37
0yUqUlV2ICE1vpqhkLrdmf,traditional folk,Folk/Acoustic,,James Lindsay & the Mountain Ramblers,0
0yWkbyIrjncjW6FdtfgRSc,children's music,Novelty/Spoken Word,https://i.scdn.co/image/ab6761610000e5eb79aa13f5a3f9300b76816edc,Music with Michal,35
0yXl2A6N7MJSsp298PF2pJ,Electronic,House & EDM,https://i.scdn.co/image/ab67616d0000b273d57727511e6036d977b2f4dc,Juan V,3
0ybFZ2Ab08V8hueghSXm6E,progressive metal,Metal,https://i.scdn.co/image/ab6761610000e5eb45e1bb6e5285297f9e55e550,Opeth,61
0ygIgsjUzKivFgxgjQ9iV9,Electronic,House & EDM,https://i.scdn.co/image/ab6761610000e5ebc70d224aaece85f329cb0fdf,Jacques Greene,46
0yq7sI87s5V3Z461Npd652,Electronic,House & EDM,https://i.scdn.co/image/ab6761610000e5eb65e7e87d7d0a33f456b05256,Ahmed Fakroun,31
0yvEf1tqWWPiZu4ZbjyKGs,hard bop,Jazz,https://i.scdn.co/image/d2306837fce005aec1c726ec834bf6391e3a2d8a,Woody Shaw,27
0yxIUq0WFyaTmYyleG4Uca,Rock,Rock,https://i.scdn.co/image/ab67616d0000b273c4a28e04dffeb0a3a777ef63,Kim Jung Mi,37
0yxNhvP50Hs7uacvrYSXse,Electronic,House & EDM,https://i.scdn.co/image/ab6761610000e5ebfa352761ba71286bdb476298,bassywax,0
0z6zRFzl5njXWLVAisXQBz,post-punk,Rock,https://i.scdn.co/image/9a90cd306697dd83c480926a1bb6eda46c7228ea,Minutemen,45
0zJlRLEvfI8AFrIqD5QB6A,gabber,Garage & Breaks,https://i.scdn.co/image/ab67616d0000b273d09504b72c84e23faf95db06,Search & Destroy,4
0zNtdoyO2ZA7hhYMNLh48Y,minimal techno,Techno & Trance,https://i.scdn.co/image/ab6761610000e5eb74431e922419fb8f394ada4c,Gaiser,27
0zXA9oFK84ha3Y4CyF9VWI,acid house,House & EDM,https://i.scdn.co/image/ab6761610000e5ebe458070214cd77a404e93659,Raze,3
0zZHy0tQvwi4L5HNvNq0QY,Electronic,House & EDM,https://i.scdn.co/image/ab6761610000e5eb884c9fa973f5e988790b8c05,Ora Cogan,44
0zdn1nNmOZXHZ9K28FvcFp,Electronic,House & EDM,https://i.scdn.co/image/ab6761610000e5eb08b647e8e3e7360be929e781,Matthew Herbert,43
0zg9mF9dX2knvdTKnL22T1,big beat,House & EDM,https://i.scdn.co/image/063214c3aee5177d048943ab0aa023e72621e29e,Freestylers,46
0zimAUeLZD9gEVSEgc9RRd,nu jazz,Jazz,https://i.scdn.co/image/ab6761610000e5eb6cf13b973a56695a776d48a4,Greg Spero,43
0zo109NM3S7CqHpvlXwqEN,acid techno,Techno & Trance,https://i.scdn.co/image/ab6761610000e5eb2c592ef981e3103fac56b539,VTSS,45
1020a42xVklY6c56imNcaa,jazz rap,Hip Hop/Rap,https://i.scdn.co/image/ab6761610000e5ebd3e282b54f0709be5376764a,Slum Village,57
1054JdBVMCPm9VpvkUcOYX,uk garage,Garage & Breaks,https://i.scdn.co/image/ab6761610000e5ebd7cadd5a3da6c3a4ca6094d1,Sweet Female Attitude,45
105vC0oJ985P5G3g36EosL,sludge metal,Metal,https://i.scdn.co/image/ab6761610000e5eb8af5d2ec1764fec4ec943405,Ufomammut,26
10NEMYLJwVvYSvtvZn5Ipz,new orleans bounce,Unlisted,https://i.scdn.co/image/ab6761610000e5eb945fac6424e3ba3f8e992d76,The Soul Rebels,33
10QN7s8TRfhGbjSFadVndu,Rock,Rock,https://i.scdn.co/image/ab67616d0000b2739750b17195d1c5941dbc471c,Houston & Dorsey,24
10W4uoLU8aXDbCeUL2KUwc,swing music,Jazz,https://i.scdn.co/image/ab6761610000e5ebc15d59068be3c649af146cb5,Naomi & Her Handsome Devils,30
10XMe12TQkDF6o4QPJlZFJ,traditional country,Country/Americana,https://i.scdn.co/image/ab67616d0000b2738f59a2365e6f252ec2b18033,The Delmore Brothers,31
10butpS2A0V5nRIu2YDrKI,post-punk,Rock,https://i.scdn.co/image/ab6761610000e5ebec161afd9d68d8ff4c58db62,Crack Cloud,29
10duXbKJkvdGK5RgktEnxV,ambient folk,Folk/Acoustic,https://i.scdn.co/image/ab6761610000e5eb40d999b8e6aa447f600ea915,Julie Byrne,39
10exVja0key0uqUkk6LJRT,folk pop,Unlisted,https://i.scdn.co/image/ab6761610000e5eb4be87c6d504aa62024a87f48,Vance Joy,78
10i2EcIs7arfaaELM2cH5k,acid jazz,Jazz,https://i.scdn.co/image/ab67616d0000b27355b5cf95dab7bae509bfbbda,Jessica Lauren,16
10kGEgP8MxhlfeA2tMinsL,trip hop,Ambient & Experimental Electronic,https://i.scdn.co/image/ab6761610000e5eb6679f843baa1f6f8cf92571a,David Holmes,45
10n4KkyM4UDt4pf9H4aDlS,bolero,Latin,https://i.scdn.co/image/ab67616d0000b273433ad2097609a2f40bb76919,Tito Rodriguez,44
10n5lhNDoSMUHWLlnST1yw,glam rock,Rock,https://i.scdn.co/image/ab6761610000e5eb11bfa6c1dc072571dd8386b5,Slade,52
10owcPepdU94lE84SBK2Pt,sludge metal,Metal,https://i.scdn.co/image/ab67616d0000b273c480a8cf6ed6dc3da7a5a867,Warhorse,11
10uPhPcqWjfqiVE9gScKYO,quiet storm,R&B/Soul,https://i.scdn.co/image/ab67616d0000b2731927dfe636b678d05ce7b302,L.T.D.,43
10uwDZEuXM1HzOeDlrybCS,exotica,Pop,https://i.scdn.co/image/ab6761610000e5ebc977137b8fb5a3ad980225cd,Eden Ahbez,31
11EZGTWr2pY0VZPlWokAbl,northern soul,R&B/Soul,https://i.scdn.co/image/ab67616d0000b273d12c40e9c2140939ac4ba130,The Originals,42
11JxhpXpF2NkGjPsYoyv92,Electronic,House & EDM,,Map Of Africa,16
11T8SOX82xraocZzUXzkvM,classical,Classical/Orchestral,https://i.scdn.co/image/ce6a6553ca7cbb5df088af82745a7fe63c06f511,Hector Berlioz,44
11YbY0pwLfcWTRJTkEctRH,country blues,Blues,https://i.scdn.co/image/ab67616d0000b273fd15fb1c8a967cc54d6489c9,Washington Phillips,21
11hIqBsGRPztdjBHCSLClX,uk garage,Garage & Breaks,https://i.scdn.co/image/411b4430f842fca92fedf709799274c52764cbbc,Daniel Bedingfield,57
11kBu957KTYoAltZHDm8gW,son cubano,Latin,https://i.scdn.co/image/ab6761610000e5ebe35db4d5803c5a4c77dd44db,Buena Vista Social Club,67
11wRdbnoYqRddKBrpHt4Ue,britpop,Rock,https://i.scdn.co/image/ab6761610000e5eb9adf40411756ca7c9d92bbf2,Kasabian,64
122CqDpvVy1fMI6BRd1UIg,french house,House & EDM,https://i.scdn.co/image/ab67616d0000b2739bd29155aec08119381c6992,Hystereo,3
127gPdUYBwpTLUNdKX1MMk,baroque pop,Pop,https://i.scdn.co/image/ab67616d0000b27373ca37370add448f5578aa42,Drug Cabin,44
12CNljuN6DW9e5x61FS03b,reggae,Reggae/Caribbean,https://i.scdn.co/image/ab67616d0000b27311d3062210cf755843b9ed4d,The Upsetters,52
12Chz98pHFMPJEknJQMWvI,alternative rock,Alternative/Indie,https://i.scdn.co/image/ab6761610000e5eba16a11aa5842607c88a8d8a9,Muse,79
12EtLdLfJ41vUOoVzPZIUy,Electronic,House & EDM,https://i.scdn.co/image/ab6761610000e5eb3462a3f5b8e865e8cc30d957,Girls Aloud,55
12LgviUQ9DbfYJJ9niDWRq,blues,Blues,https://i.scdn.co/image/ab6761610000e5eb45416dd79bb5b95d37e65ee7,Walter Trout,45
12Nel57d8Ix24ACCvYuCT0,bluegrass,Country/Americana,https://i.scdn.co/image/ab6761610000e5ebea558be130344e9c92b6fdf5,Brad Leftwich & The Humdingers,6
12SPNXi0aDpFt0rMVbmLrr,big room,House & EDM,https://i.scdn.co/image/ab6761610000e5ebe4804bc66a14042eabc594b0,Jay Hardway,46
12VaqyEhgwDRuFfEqbnrpz,art pop,Pop,https://i.scdn.co/image/ab6761610000e5ebb7b587363a285846586f6f74,PJ Harvey,60
12d4iIvTOk7JkI6ecvc3ca,southern rock,Rock,https://i.scdn.co/image/ab6761610000e5eb84e8dcb90d1d55643d417744,The Charlie Daniels Band,61
12fRdeKejG8BBzybGf0ygk,Rock,Rock,https://i.scdn.co/image/d872adc31eec3dd5705d9b6a04eafebd49cb0113,Terry Reid,41
12fRkVfO2fUsz1QHgDAG3g,Rock,Rock,https://i.scdn.co/image/ab6761610000e5eb8ec482c1250cc9d2dfa61c2e,Julia Jacklin,54
12tZvy2xFpWSkuJ3FsfisZ,Electronic,House & EDM,https://i.scdn.co/image/ab6761610000e5ebebc22c0d21b0e64239896eb6,Weval,56
133pV477MVSsj1MHgsrIc9,dubstep,Bass Music,https://i.scdn.co/image/db828460473417c00c31b8ff44db6e26187a7b9a,Goth-Trad,19
1385hLNbrnbCJGokfH2ac2,classical piano,Classical/Orchestral,https://i.scdn.co/image/9ec531e3712e68c72ae3cf06f17e4055a615c4bf,Franz Liszt,68
13CMfEeq8AC6ryGOPODqE1,neoclassical,Classical/Orchestral,https://i.scdn.co/image/ab6761610000e5eb9e9aff994abcddebf7a30899,A Winged Victory for the Sullen,46
13CxGmQfGeQJWaxut3as2s,footwork,Bass Music,https://i.scdn.co/image/ab67616d0000b2735d15b927aebadb0d9d615a90,Surly,5
13ZEDW6vyBF12HYcZRr4EV,country,Country/Americana,https://i.scdn.co/image/ab6761610000e5ebf4e08c9a3cea561e8f3332a5,Tyler Childers,80
13ccXrK7AmXb4TddMkE7jy,Electronic,House & EDM,https://i.scdn.co/image/ab6761610000e5eb48b022c3b26b9d1e82a32b3a,Everything But The Girl,64
13pYXGtaLO9d06VrXX4Aw0,shoegaze,Alternative/Indie,https://i.scdn.co/image/ab6761610000e5ebbcb10540cd0e9642a7f86fc5,Softcult,47
13saZpZnCDWOI9D4IJhp1f,Electronic,House & EDM,https://i.scdn.co/image/ab6761610000e5eb4816f55146bf03d294005165,Lily Allen,70
13wsJcc3ZMixzCEVH3Wuyt,traditional folk,Folk/Acoustic,https://i.scdn.co/image/ab6761610000e5eb264ad6642a5a343453befe29,Jackie Oates,28
13xwRY0MDlKG7bedOvmWdV,grunge,Rock,https://i.scdn.co/image/ab6761610000e5eb3dad556dbc401b59bf0f32d2,Coffin Break,18
13y0kncDD4J9wxCyfKr10W,Electronic,House & EDM,https://i.scdn.co/image/a87715e524d6751a54c70abf7074aaf810ff8a4b,Bette Midler,58
142YBUGmLWCJigFLzgguf8,Rock,Rock,https://i.scdn.co/image/ab6761610000e5eb49cc52e8c14304c5ce368adf,Gang of Youths,57
148ujrGRexnhpqhRiw0rDi,new rave,House & EDM,https://i.scdn.co/image/ab6761610000e5eb0992d790f6bc64409ff400f4,IS TROPICAL,31
14Fd3BXAV8ipHmfQoGNIj4,shoegaze,Alternative/Indie,https://i.scdn.co/image/ab6761610000e5eb63f5c264ebe2c2500259ef37,Lightning Bug,26
14Fh7pVruBYhqcFVmiVU9M,breakbeat,Garage & Breaks,https://i.scdn.co/image/ab6761610000e5eb6bac2e20e0dfe445f3cbc2ee,Perko,25
14H15rElxdGClICOZXEYHP,grime,Bass Music,https://i.scdn.co/image/ab6761610000e5ebe057461b0628360f58f6785e,MoStack,56
14H1XUmtWYzRHCQDkoee97,idm,Ambient & Experimental Electronic,https://i.scdn.co/image/ab6772690000c46cc1bb478914b04ab14771a246,Beatrice Dillon,18
14H7ag1wpQOsPPQJOD6Dqr,trip hop,Ambient & Experimental Electronic,https://i.scdn.co/image/ab6761610000e5eb85c10aefe83110535eea474c,Zero 7,59
14IKysoZ0qyGRsIiTk1Ase,punk,Punk/Hardcore,https://i.scdn.co/image/00e7c56cd1884b695620c0cc0f8c81329ca73869,999,34
14JcRsBfqwxe1kiXVKevp2,breakbeat,Garage & Breaks,https://i.scdn.co/image/ab67616d0000b273b7936206569c03f9e6d8a7b0,Chestnut People,8
14T0l4AeAGbmAZjpQNdcqk,folk,Folk/Acoustic,https://i.scdn.co/image/ab6761610000e5ebac90da357c5d64609155d58f,Kris Drever,36
14UQmxJzeKtmgYzJ1sEJdi,garage rock,Rock,https://i.scdn.co/image/ab67616d0000b27391bd4d054d5bcec4cedccf37,Oblivians,26
14gRo11WOeTXBDcgFr8Ejb,industrial,Alternative/Indie,https://i.scdn.co/image/9a245625cdbe63178b6813c8310833c624aa0d46,Ansome,20
14mzDuKZNeTG2l9z0NJ156,neo-psychedelic,Rock,https://i.scdn.co/image/ab6761610000e5ebb4d65e7d17d5301b7f344bbe,Mull Historical Society,15
14oHFzpCSWX1koQIlZbjFU,nu jazz,Jazz,https://i.scdn.co/image/ab6761610000e5eb9e8454687ebded96345b0265,Ebi Soda,42
14sJjihp1JLoF04mYMgYPz,acid techno,Techno & Trance,https://i.scdn.co/image/ab67616d0000b2733814e55f7ae99b8d1db8acea,The Empire Line,9
14sJn2j9uN9XF5Ips5qU5n,techno,Techno & Trance,https://i.scdn.co/image/ab67616d0000b273aff29639fd3f0adbc4af43f0,O/V/R,7
15EMC4BhBrkCPwIxCfuY9c,celtic,Folk/Acoustic,https://i.scdn.co/image/2141a00a520e63a6a50bd8648bc393d57a603847,Planxty,38
15FyiY3ChN0QRspHIQYq0W,doo-wop,R&B/Soul,https://i.scdn.co/image/ab6772690000c46c3153219c77600d2d6d302cff,Dion,60
15Tc85pyL5i99s6b4mm9Q7,drone,Ambient & Experimental Electronic,https://i.scdn.co/image/c6871b97be022bef7bb6ae21b221efa372988cf6,Stellar Om Source,2
15e0X6NuMsVuHi7AZhcfyI,gnawa,World/Traditional,https://i.scdn.co/image/ab6761610000e5ebde28918be5176b9fbea8f471,James Holden,33
15gVTrdUtcXOz3utK1GPp2,idm,Ambient & Experimental Electronic,https://i.scdn.co/image/ab67616d0000b2735e9dfc9e271008f79afc0e2b,Gescom,13
15jHZ1EZwmm2QDjKctvqJQ,glam rock,Rock,https://i.scdn.co/image/ab6772690000c46c3003df2b57dfa69a594b70aa,Suzi Quatro,61
15oeqKO5k5uZ5773tWvpda,blues,Blues,https://i.scdn.co/image/99589dbc6da59ebf8a88a9491a3df52382d40559,Son House,35
15uNxh8omvRvH71kcdIe2r,variété française,Unlisted,https://i.scdn.co/image/ab6761610000e5ebc2c9be6d4869a21ee46d0848,Renaud,60
162DCkd8aDKwvjBb74Gu8b,jazz fusion,Jazz,https://i.scdn.co/image/7746f2d9c6b1c0b8bb8f0e6cf9d5f64790d5597e,Weather Report,44
163tK9Wjr9P9DmM0AVK7lm,Pop,Pop,https://i.scdn.co/image/ab6761610000e5ebaa69380a8d5203257611662d,Lorde,82
166Dz1GX3xonSQ3Z6CQW26,new rave,House & EDM,https://i.scdn.co/image/ab6761610000e5eb9f184452ed39346bc5e0849a,The Rapture,48
1687IqXRdWmbRshgn194tT,stoner metal,Metal,https://i.scdn.co/image/ab6761610000e5eb61243d6d5cb4946b19d21674,Elder,43
168dgYui7ExaU612eooDF1,emo,Punk/Hardcore,https://i.scdn.co/image/ab6761610000e5eb4d709a7f0c971c81aeeb6e75,Brand New,60
16GcWuvvybAoaHr0NqT8Eh,Rock,Rock,https://i.scdn.co/image/ab6761610000e5eb8541f518ded01fa4517610c8,Alabama Shakes,64
16GyR4WfCnIT2XST4ZLl2B,turkish pop,Pop,https://i.scdn.co/image/ab6761610000e5eb3b5fe0d1b9e8972818d66c63,Melike Şahin,68
16R5esBHEkxTw1QO9dnWM5,vocal jazz,Jazz,https://i.scdn.co/image/85ed9e23eddd73e6b56d5a7979cd301f79e2b409,Patricia Barber,37
16VudBYGOd9sMpOtA0szfp,power pop,Rock,https://i.scdn.co/image/faee291824122f9f51371d9e2dbedb4094cd4665,The Only Ones,37
16eRpMNXSQ15wuJoeqguaB,neo-psychedelic,Rock,https://i.scdn.co/image/ab6761610000e5eb81fb61484553c2a921f8a8c6,The Flaming Lips,57
16plk1BhihSieDutGFbLt8,afroswing,Hip Hop/Rap,https://i.scdn.co/image/ab6761610000e5ebf2fd71dcf59138c55cb71286,One Acen,53
16tbi6bWXBzJ9pOMZ5gIC7,Rock,Rock,https://i.scdn.co/image/ab67616d0000b273f557471eedfbd9a7ab55d75b,Life Without Buildings,38
16yoCYECgwFQ7uiFOnVgoX,traditional folk,Folk/Acoustic,https://i.scdn.co/image/ab67616d0000b27352a83a3c3ff26fc48cf8ac07,Julie Murphy,10
174ThXFgQg2VCq9r3m8ceb,bossa nova,Latin,https://i.scdn.co/image/ab6761610000e5ebadc8ea70bbfb0d4bd288fe58,Luiz Bonfá,58
1789Un2gEvELbBTnHoS9Rl,"Folk, World, & Country",Folk/Acoustic,https://i.scdn.co/image/83e02935a38a48b49ab11cea406cb9bf979122dd,Molly Drake,35
17dXLKGh9AKpooAvGaVt34,reggae,Reggae/Caribbean,https://i.scdn.co/image/26d80cc63e7a42ca13c9dab2587629deff85ae25,Junior Murvin,47
17dbJyUCrxh4I7iyUrjaHU,idm,Ambient & Experimental Electronic,https://i.scdn.co/image/ab6761610000e5eb1e972f7af091d87b2aec15af,Carl Craig,41
17gqhz2M1O1fSw1Uwmeqtv,hardcore punk,Punk/Hardcore,https://i.scdn.co/image/ab6761610000e5eb18c08a5791ce1f148c414f8c,The Effigies,18
17hR0sYHpx7VYTMRfFUOmY,classical,Classical/Orchestral,https://i.scdn.co/image/0d8f2b3e9ab748e7767fd31ff9386e06e5834e2b,Maurice Ravel,62
17miutE3LMgwHppEEKwsGx,traditional folk,Folk/Acoustic,https://i.scdn.co/image/a5ee2301c9e465692e4c2a9287fd5e939528a2cd,Maddy Prior,29
17n6UvOtuUQsCeotfPe8KS,Electronic,House & EDM,https://i.scdn.co/image/ab67616d0000b27383bae9a5dde6f914b49654ac,Meursault,21
17rSwcIT9qu1OybU1lReJB,exotica,Pop,https://i.scdn.co/image/965a500f73b304aee9c1eed182f80651eb4126df,Ferrante & Teicher,34
182Tr1WYFcvwbVhCegi1KW,boogie-woogie,Jazz,https://i.scdn.co/image/a4a17ed5cddf069365c96f8087cd01d8d7dc0d61,The Golden Gate Quartet,31
184j6PNM7v653KfHzy9R6E,Electronic,House & EDM,https://i.scdn.co/image/ab6761610000e5eb9ce75cb10d909e33b8bf9550,Neinzer,6
188gwh9RnRT58ZQPwqwHE3,southern gothic,country/Americana,https://i.scdn.co/image/62760b6f11f36955239fdda9a926d8726ad42154,16 Horsepower,39
18M7pJRsgFVjEBZ5ufmJAp,post-punk,Rock,https://i.scdn.co/image/ab6761610000e5eb1ac7e6f0b98a67abe71a1de6,The Murder Capital,43
18RkLKfeoUgZflWv9os25W,afropop,World/Traditional,https://i.scdn.co/image/c7a7a8e4429150e1dc141f84772398f33f8efb35,Miriam Makeba,49
18TNVFTJ6WfeicsMRrdJHI,noise rock,Alternative/Indie,https://i.scdn.co/image/ab6761610000e5eb5d2f255b5f3e19ede32a3cc6,Metz,32
18U1MCeHH1JAqRMHp3aPuv,experimental,Ambient & Experimental Electronic,https://i.scdn.co/image/ab6761610000e5ebb287b07dec6b6945ddcbe951,Shapednoise,23
18cKaFXW1v341Ch0E2JyRt,acid techno,Techno & Trance,https://i.scdn.co/image/ab6761610000e5eb1090b132c37affa66ca87c1d,Paàl,4
18ca9d5EU5R1AhVKPR1cm0,art pop,Pop,https://i.scdn.co/image/ab6761610000e5ebfa386a8a2e66375c11e5d3eb,Eartheater,50
18lpwfiys4GtdHWNUu9qQr,surf rock,Rock,https://i.scdn.co/image/ab6761610000e5eb92b004bf56ed88782f46e4a8,Ocean Alley,67
19KwjzvIL92r29IINtlPNP,southern hip hop,Hip Hop/Rap,https://i.scdn.co/image/ab6761610000e5ebae0c2f874279460a00c476c6,Scarface,59
19MVxKZZdPj2X0F8pi0OCT,bollywood,Soundtrack/Instrumental,https://i.scdn.co/image/ab6761610000e5ebc89e803f887e3829819bf82a,Sukhwinder Singh,72
19MZg9MYc5xw08l09RCfrT,jazz fusion,Jazz,https://i.scdn.co/image/ab67616d0000b273b93394c336f04bda5a7c9147,Guthrie Govan,46
19PcAMFuV5N5B5aj6I8CiU,bluegrass,Country/Americana,https://i.scdn.co/image/ab67616d0000b2736ab8ac9a13711bdee5784907,The Rouse Brothers,7
19T6vS2Umo5usI9wOVnKMd,acid house,House & EDM,https://i.scdn.co/image/ab6761610000e5ebb61333036b9d2cca8a71a467,Maurice Joshua,27
19eLuQmk9aCobbVDHc6eek,jazz,Jazz,https://i.scdn.co/image/ab6772690000c46c53b6519baafe8f4d6135453e,Louis Armstrong,72
19f168OQu5y06r89NVmS55,Electronic,House & EDM,https://i.scdn.co/image/18d9b6d8ce26fdab777764c6ce83e250aaff45a0,Doug Hream Blunt,21
19f2JXwlRU26376TCKmp6L,nu jazz,Jazz,https://i.scdn.co/image/ab6761610000e5eb5fce02f706e6a0efb6dd8171,GoGo Penguin,50
19h4y2F9duQ776bv1YhQYt,Funk / Soul,Funk/Disco,https://i.scdn.co/image/ab6761610000e5eb9e5898cec3622ce19ce7bf3b,Yves Jarvis,31
19jnP8vmgHKe9GCVgvmkF5,lo-fi house,House & EDM,https://i.scdn.co/image/ab6761610000e5ebdf3e03e25053646d920cd550,Supreems,25
19l0LTWOOkajQfbeCgps4F,chicago house,House & EDM,https://i.scdn.co/image/ab6761610000e5eb8730d411428fa1355d783ab9,Geto Mark,5
19ra5tSw0tWufvUp8GotLo,Electronic,House & EDM,https://i.scdn.co/image/ab6761610000e5eb2113c21548ddabe305961c28,George Michael,75
19slOlozrbxkEIMD8L3Qsv,chicago house,House & EDM,https://i.scdn.co/image/ab6761610000e5eb28abea9e908557c6867901a1,Fast Eddie,43
19tV4gcKz3Yu2stM1v5mvt,Electronic,House & EDM,https://i.scdn.co/image/ab6761610000e5eb214620fb3ec6a8a64acfb0a3,The Abstract Eye,8
19xz1vcuKNjniGEftTOSSH,Electronic,House & EDM,https://i.scdn.co/image/ab6761610000e5ebf7fc29b0521026510261b86e,The Weather Girls,57
1A2zTDBNQAtGRaHX9lISZ5,musicals,Unlisted,,Leah Greenhaus,37
1A6LF8jYHkaRro5x8JRT2w,idm,Ambient & Experimental Electronic,https://i.scdn.co/image/ab67616d0000b273113a0c90a67d299a68192ddf,Polygon Window,35
1A92IAcd7A6npCA33oGM5i,Rock,Rock,https://i.scdn.co/image/ab6772690000c46c42dd0ee8085ec78b75857c9c,The Proclaimers,65
1AEHGLRSBHwSr4VmU7IOXj,acid house,House & EDM,https://i.scdn.co/image/ab6761610000e5ebb296124d273cb3fa46c0f0d3,Bobby Konders,32
1AMMMSq3rJdZtFGnBXEkz7,dub,Reggae/Caribbean,https://i.scdn.co/image/ee08962ddb9c7f27a3ad5ed6052aa8deef521331,King Tubby,45
1APkoiZBXf5B3YqPruHouT,,Unlisted,https://i.scdn.co/image/ab6761610000e5eb4bb043662d4ef0a0644be2fb,Terra Twin,27
1ARZrF9nU4zgdDHuBIfqMq,classic country,Country/Americana,https://i.scdn.co/image/ab6761610000e5ebe969c89e7fc8fe42e37c5efd,Webb Pierce,41
1AoIc5YFH0aSFc4mKqBEeB,classical,Classical/Orchestral,https://i.scdn.co/image/97e4504d28b26d36b74aa3c781e1bbf23a2370e5,Jules Massenet,55
1AuuBHlqk32vXrI5E3KAp9,experimental,Ambient & Experimental Electronic,https://i.scdn.co/image/ab6761610000e5ebf86aec83b120dae06c58e034,Kmonvish Lawan,7
1AwO9pWEBSBoWdEZu28XDC,christmas,Jazz,https://i.scdn.co/image/ab6761610000e5ebfa589cdca77cfcd16bb576c1,Eartha Kitt,52
1B8AXU6gIIafpyLEpbcv1u,northern soul,R&B/Soul,https://i.scdn.co/image/d2de194d27ca66e6a5bd892f54173bef7b60bdb7,Edwin Starr,51
1B8vzl6kObOf1cxN4myLS1,cajun,Country/Americana,https://i.scdn.co/image/6a28cf9e87bbcb2b75a0f06764a61d6084c37b5b,Bobby Charles,40
1BCUHvti8crTWtc0h0U4W4,dark ambient,Ambient & Experimental Electronic,https://i.scdn.co/image/ab6761610000e5eb9de0aaaf6ba56c4b2212d387,Hiro Kone,20
1BF6z9EIGGoPViPON57eGC,uk garage,Garage & Breaks,https://i.scdn.co/image/ab67616d0000b27362fef681cce46a526c95ca0b,Logic,28
1BQtFnxZvAvTCZgTMlED0Q,trip hop,Ambient & Experimental Electronic,https://i.scdn.co/image/ab6761610000e5eb4e20e73a386b8bbd988054f3,Red Snapper,34
1BRpMOjIH52Y93hbROTMXc,acid house,House & EDM,https://i.scdn.co/image/ab6761610000e5eb42984bcad063d1b6e28c1d13,Shades of Rhythm,32
1BbVOJwvoyVMfOPdl1Oi2x,indie folk,Folk/Acoustic,https://i.scdn.co/image/ab6761610000e5eb2e5e8c5b87192c9b82807f08,Jim and Sam,19
1BeNLywR8HspUtHLYKzs8x,Electronic,House & EDM,https://i.scdn.co/image/c3cd0e77df36d024e0a9fbc4ca4bd5d747d780e3,Joey Anderson,8
1Bhw1NGkIlsdVb8NXOymzk,Electronic,House & EDM,https://i.scdn.co/image/ab6761610000e5eba59ba6e6f54341c98e4f6b18,Misstress Barbara,25
1Bl6wpkWCQ4KVgnASpvzzA,Hip Hop,Hip Hop/Rap,https://i.scdn.co/image/ab6761610000e5eb5685a95f87c28ae5efc5ba48,BROCKHAMPTON,65
1Bm874bqWpHgjCor0mqsaw,hard bop,Jazz,https://i.scdn.co/image/ab6761610000e5eb71d13b9ae88592542b875ab2,The Cookers,6
1Bs9FqmJBHrAJN6DLFIPt1,"Folk, World, & Country",Folk/Acoustic,https://i.scdn.co/image/ab67616d0000b273d28dc7978655f67a58705668,Prem Joshua,37
1BuKBdhjA2GxwmbcYo4Jnl,chicago house,House & EDM,https://i.scdn.co/image/ab6761610000e5ebd758eb8c45448896fd7bd00c,Scan 7,19
1BuUb23HHRYDgvSLnllUJS,folk,Folk/Acoustic,https://i.scdn.co/image/ab6761610000e5eb42f5217ce1a04b947b67ae90,Lau,27
1BwHztAQKypBuy5WBEdJnG,Rock,Rock,https://i.scdn.co/image/64291f4994df9512a925282f6b378dcc407d4d55,Jennifer Warnes,64
1Bx2uBKpSMvnunqahbZtY2,breakbeat,Garage & Breaks,https://i.scdn.co/image/ab67616d0000b273815a0cd1a46b897f41699c74,Hoover1,4
1C2rCgyUlqHUx1Xm0KXUik,neoclassical,Classical/Orchestral,https://i.scdn.co/image/758e187e5075790082630b8a6dc73e1c8456bff9,Greg Haines,30
1C3aEfW34xkicZ5umNYdJM,dubstep,Bass Music,https://i.scdn.co/image/ab6761610000e5eb9d824ac9a139571531754e55,Sharks,34
1C545778m57qWQwISWGAHD,Electronic,House & EDM,https://i.scdn.co/image/ab6761610000e5eb5df8d71871a4cdd0f0edb7dc,Bodhi,26
1C5MZsDbfzAMgDg0mOxCdY,Electronic,House & EDM,https://i.scdn.co/image/936808785c0a644c9ddf818f04796581b8288232,Owiny Sigoma Band,28
1CD77o9fbdyQFrHnUPUEsF,psychedelic rock,Rock,https://i.scdn.co/image/ab6761610000e5ebe60afea4e6e1cd7c60a27cd3,Traffic,52
1CJCThhtbSHWSihjWWRY9r,idm,Ambient & Experimental Electronic,https://i.scdn.co/image/ab67616d0000b27343071539d2ce84fca7e3b135,Leafcutter John,12
1CMml5seBEaxQzlmaGxMPx,surf rock,Rock,https://i.scdn.co/image/ab6761610000e5eb0ca6ac22a1f4db64940f5da8,The Buttertones,51
1CPwHx5lgVxv0rfcp7UXLx,blues,Blues,https://i.scdn.co/image/ab6772690000c46ccb6bd2068e69b9d58ae9aeb6,Ry Cooder,53
1CS1JV6wZUIf5hbsWoiH1M,jazz,Jazz,https://i.scdn.co/image/ab6761610000e5eb56bcb045081ea0c42f274a3b,Donny McCaslin,28
1CWwXncu9sk7EIdbvqcquR,egg punk,Punk/Hardcore,https://i.scdn.co/image/ab6761610000e5ebd1bcf1fae3004896daf2d68e,Warmduscher,44
1CYsQCypByMVgnv17qsSbQ,folk rock,Folk/Acoustic,https://i.scdn.co/image/ab6761610000e5eb4e5018dad07ee004f171d7d3,"Crosby, Stills, Nash & Young",63
1Ca2mQbNaKYrz62PT8sRq5,acid techno,Techno & Trance,https://i.scdn.co/image/ab6761610000e5ebc1a4b8603e32869814f58e84,Damon Wild,16
1CcEgi464SWZsKY5579u7z,disco,Funk/Disco,https://i.scdn.co/image/ab6761610000e5eb196d286a89dcdde43b19af19,Patrick Hernandez,60
1CdShwwnkXvTy5avs5GGsK,bluegrass,Country/Americana,https://i.scdn.co/image/ab67616d0000b2737d1d7e6a49dc205522f634ef,Eck Robertson,12
1CfNMyL1MsEfjhdncy0O6i,ragtime,Jazz,https://i.scdn.co/image/ab67616d0000b273b82a545e38a90251d38193e0,Mrs Mills,22
1CoZyIx7UvdxT5c8UkMzHd,Funk / Soul,Funk/Disco,https://i.scdn.co/image/ab6761610000e5eba6524d02e26778b0b99a33d5,Jorja Smith,75
1CuQhtsXEzF4RbfgjrZivI,lo-fi house,House & EDM,https://i.scdn.co/image/ab67616d0000b273c56b679b4b58ebb979ea2c26,Blair Sound Design,0
1CxlOLe7rJ6EO7aPMxi9Xx,techno,Techno & Trance,https://i.scdn.co/image/ab6772690000c46cedbde3517c96a80a96084ff4,James Ruskin,27
1D86M7ewUQH1vS0QsXCmI9,ethiopian jazz,Unlisted,https://i.scdn.co/image/ab6761610000e5eb4a6f3766a23e91536d7ee6ed,Emahoy Tsege Mariam Gebru,51
1D9gvipi900QNpsgh679xb,reggae,Reggae/Caribbean,https://i.scdn.co/image/ab6761610000e5eb89c90f343366aee8fe3c4ac3,The Viceroys,45
1DFr97A9HnbV3SKTJFu62M,heavy metal,Metal,https://i.scdn.co/image/ab6761610000e5eb4994e37b0535a101ff8a8d52,Motörhead,68
1DGpHnPOpMYY780hcQHmPB,ambient,Ambient & Experimental Electronic,https://i.scdn.co/image/ab6761610000e5eb03b8474dfe17c711b24e5775,Hiroshi Yoshimura,48
1DJIjqnBb14BDo3EIZc2zB,lo-fi indie,Alternative/Indie,https://i.scdn.co/image/ab6761610000e5ebb4bcc6b3665ceb3e3c9b10e3,Van Houten,25
1DJnVYTuFazHa8NGYdx9qC,sea shanties,Folk/Acoustic,https://i.scdn.co/image/ab6761610000e5eb57fcac3efff581cdf681245e,Wellington Sea Shanty Society,16
1DT2WEMQmEJ3yRmTaqzrXd,trance,Techno & Trance,https://i.scdn.co/image/9d1739f8fd4b73bf6389347ed54f8922db5f3a3e,Veracocha,45
1DTgcOxytJHD8p17mhSgd7,boogie-woogie,Jazz,https://i.scdn.co/image/e599b3f2af1a543fd9608319ea856e79f8e15fa7,Big Joe Turner,39
1DXylZlWbVvlckNqwvjTEt,industrial,Alternative/Indie,https://i.scdn.co/image/ab6761610000e5eba6c17a36dc51a24feec25a48,Ministry,53
1DijMV2W1I2CfGLcarzgav,hardcore punk,Punk/Hardcore,https://i.scdn.co/image/ab67616d0000b273433e511befd7ab077a38701c,Negative Approach,31
1DkWFC98CftgO8yYg3z76i,Electronic,House & EDM,https://i.scdn.co/image/ab6761610000e5ebb10e9c31576c49282fe81f16,R.O.S.H.,6
1DpIDwg8FGD50N9Tfunfsf,philly soul,R&B/Soul,https://i.scdn.co/image/3a8323c9c283010471fdaaed12f883e8724f0d6b,The Manhattans,54
1EAuonSn6FGXejwZS6EU9Z,krautrock,Alternative/Indie,https://i.scdn.co/image/ab67616d0000b2735309e2ef8701a2e8859f27a4,Tonto's Expanding Head Band,13
1EBXhaDx1Mhu3iZ5oC3PJ5,rocksteady,Reggae/Caribbean,https://i.scdn.co/image/ab67616d0000b27331ffbfcca4529c9dfac48a09,The Jamaicans,36
1EJ0KSMkpoQJHChu5AyTHE,electrocumbia,House & EDM,https://i.scdn.co/image/ab6761610000e5ebb5293ccf8d1ce739767c252c,Grupo Fantasma,31
1EJ6H4Wh3qAfi24c1RgE3B,uk garage,Garage & Breaks,https://i.scdn.co/image/ab6761610000e5eb21d0bee329ed404791747180,WEN,11
1EJWNhiYbOyeUHbsS7Kp1P,trip hop,Ambient & Experimental Electronic,https://i.scdn.co/image/ab6761610000e5ebd62076e2fcf2bcd6243edb27,Sneaker Pimps,55
1EULJuDFWpZ9xg4YwtUGGt,idm,Ambient & Experimental Electronic,https://i.scdn.co/image/ab6761610000e5eb3a57e2a6ad7c7325c07c81f0,Daniel Avery,47
1EVRw6us3YBBs2Z01y2LtU,,Unlisted,,Oompa Loompa Cast,33
1EVj0hmXLRcsy2IfaE0gkD,laïko,Unlisted,https://i.scdn.co/image/ab6761610000e5eb9711f3368608201d82b2a8a4,Vassilis Tsitsanis,34
1EWnP7piatUeXggTXofm5g,afroswing,Hip Hop/Rap,https://i.scdn.co/image/ab6761610000e5ebbc9a5b598a9440f37e0adfa7,Belly Squad,40
1EevBGfUh3RSQSGpluxgBm,folk,Folk/Acoustic,https://i.scdn.co/image/ab6761610000e5eb05c5f9bf4906453af63025aa,Joan Baez,61
1EnzS63A3rt7rOWLctRyG3,Electronic,House & EDM,https://i.scdn.co/image/ab67616d0000b273ee6308b4318285d2e2faa8bf,Marcos Cabral,5
1EpLpC0tbCla8knfhET78p,hard bop,Jazz,https://i.scdn.co/image/ab67616d0000b273d850f3aaa1d7016b7cdfaaba,McCoy Tyner Trio,38
1EtE0iSY6iFlN9L9c53ETy,french jazz,Jazz,https://i.scdn.co/image/ac21289c751953b044f515b42e0ee832c48f98e2,Michel Legrand,47
1F0PC7yMVn5o7T3LW7aDDP,traditional folk,Folk/Acoustic,https://i.scdn.co/image/ab67616d0000b2734766e481fa21e32d34f8b73b,Folkal Point,15
1F31FB7Y6ic4844PbqMf7c,vaporwave,Ambient & Experimental Electronic,https://i.scdn.co/image/ab6761610000e5ebd9e58a36c76fc385398165ce,death's dynamic shroud,36
1F7QDWyZTLGzkyGLgFjEhU,stoner rock,Rock,https://i.scdn.co/image/ab6761610000e5ebb68e9206a26f0f2937e227b4,Pigs Pigs Pigs Pigs Pigs Pigs Pigs,33
1FClsNYBUoNFtGgzeG74dW,classic country,Country/Americana,https://i.scdn.co/image/5fc12e434b15c08796c7156b2f630df84345b9cd,Hank Williams,59
1FE0rls8gfQT3laAeRYNgl,classic country,Country/Americana,https://i.scdn.co/image/ab6761610000e5ebdb1598bb7e50cb69c7053354,Loretta Lynn,58
1FGYC9AcBsascq5DSXX1Ie,country blues,Blues,https://i.scdn.co/image/ab67616d0000b2736474d301900f404d64cca6c2,Henry Thomas,28
1FSHNjMiq1QijpQVkckuAy,bebop,Jazz,https://i.scdn.co/image/ab67616d0000b2737a016b30b7e1b749122b757c,Charlie Parker And His Orchestra,32
1FTBjo6ovfmw3HWkD8sZTs,drone,Ambient & Experimental Electronic,https://i.scdn.co/image/ab67616d0000b2730fd54e3ea4e85a3b3927903c,Brian McBride,32
1FVo44KTXqxo3JxXADWTd9,idm,Ambient & Experimental Electronic,https://i.scdn.co/image/ab6761610000e5eb59d8a2406fe806de9b649178,Call Super,25
1FcB6xMihhP9Hb6AdGVbWe,rocksteady,Reggae/Caribbean,https://i.scdn.co/image/ab6761610000e5ebd00979f281c9a66deb14b100,Desmond Dekker,41
1FdwVX3yL8ITuRnTZxetsA,country blues,Blues,https://i.scdn.co/image/86eafa446e2216fa1b40c59a634a3a8c3718b5c0,Mississippi John Hurt,39
1FlHAcKhPi72QnDbc7SMxh,bluegrass,Country/Americana,https://i.scdn.co/image/ab67616d0000b273eec747adf567888f390d9c63,Dwight Diller,8
1Fmb52lZ6Jv7FMWXXTPO3K,rock,Rock,https://i.scdn.co/image/ab6761610000e5eb18b65165ad4f5f1c188efc0b,Joan Jett & the Blackhearts,67
1FmlPBCDxT2lgFy3S6BYtG,swing music,Jazz,https://i.scdn.co/image/ab67616d0000b273f72fcd8e4bd2277e3803849b,Wingy Manone,25
1FmxE030Xe2H8Bn9bdv6Pd,variété française,Unlisted,https://i.scdn.co/image/ab6761610000e5eb0ed21d575f90079f2c7e4117,Vanessa Paradis,61
1FnFDLE1iq1L5Md8tm1cXO,Electronic,House & EDM,https://i.scdn.co/image/ab6761610000e5eb446eec808e6bd4c0b143c1b2,Jeremy Blake,11
1FpQePOviBLxEaMUfwd3AV,Classical,Classical/Orchestral,https://i.scdn.co/image/ab67616d0000b273a0ff7838b97edb8a80de4485,George Wilkins,26
1FqG6mhiJbhbMg43ohCT6D,folk,Folk/Acoustic,https://i.scdn.co/image/ab6761610000e5eb2a5531afbe1714c51458f650,Bert Jansch,40
1FqqOl9itIUpXr4jZPIVoT,doo-wop,R&B/Soul,https://i.scdn.co/image/9cebb08480116550d85b6268d9adb1c2aee718f7,The Drifters,60
1FvQZpPhaVvSoQnpslxnvb,dubstep,Bass Music,https://i.scdn.co/image/ab6761610000e5eba86513326c937eab83b942da,Distance,24
1G0Xwj8mza6b03iYkVdzDP,Rock,Rock,https://i.scdn.co/image/a73646308028d5b5cd81d7eb28554a12686fc481,The Sugarcubes,46
1G5v3lpMz7TeoW0yGpRQHr,vaporwave,Ambient & Experimental Electronic,https://i.scdn.co/image/ab6761610000e5ebc94ec048c28b12693d1297f9,George Clanton,60
1G9G7WwrXka3Z1r7aIDjI7,southern hip hop,Hip Hop/Rap,https://i.scdn.co/image/ab6761610000e5eb0cb3f95b9f8f7337e135a925,Outkast,77
1GDbiv3spRmZ1XdM1jQbT7,reggaeton,Latin,https://i.scdn.co/image/ab6761610000e5eb90f7f9fdc4aace2429df5883,NATTI NATASHA,75
1GIv2BGriYO1IdownXWWac,acid house,House & EDM,https://i.scdn.co/image/ab6761610000e5ebedbdcbcf9aa779e06f8142dd,Demi Riquísimo,39
1GLtl8uqKmnyCWxHmw9tL4,indie,Alternative/Indie,https://i.scdn.co/image/ab6761610000e5ebdb445115fc89f2ede86dab8a,The Kooks,71
1GMtssfZBu1vdxcstnoRFa,idm,Ambient & Experimental Electronic,https://i.scdn.co/image/ab67616d0000b273560e91e29e7349b78b36542b,S>>D,1
1GSLjV7vq6pSsNAEFwWSbn,art pop,Pop,https://i.scdn.co/image/ab6761610000e5ebf534272c0b49f91b6d25c64f,Dana Gavanski,23
1GWV70Reko15eV2nHCm0bM,art rock,Alternative/Indie,https://i.scdn.co/image/8242e8681d3af50bb889b75e28faba2f88e71210,The Blue Nile,46
1GbZUOowT6BhrI9QVoUniG,uk funky,Bass Music,https://i.scdn.co/image/ab6761610000e5eb5a23fa1660f12cd005df1ebd,Ikonika,18
1GdTErb29TNkiEGWrNGAeH,big band,Jazz,https://i.scdn.co/image/ab67616d0000b2731637ff4e06964accb9a9abab,The Merry Macs,31
1GhPHrq36VKCY3ucVaZCfo,big beat,House & EDM,https://i.scdn.co/image/ab6761610000e5ebae05213e52565bfd7e7489b3,The Chemical Brothers,66
1GjWNGbMtHDQ7CNYf2d7cw,soundtrack,Soundtrack/Instrumental,https://i.scdn.co/image/ab6761610000e5ebe2d7bf2a47a8390b9e43281c,Christophe Beck,58
1GlMjIezcLwV3OFlX0uXOv,Pop,Pop,https://i.scdn.co/image/191d9c926a51e6d0abc49b7416689b52a2662efc,Lea Salonga,62
1Gm0kKaDx4GH6pQF88rjSK,grime,Bass Music,https://i.scdn.co/image/ab6761610000e5ebeb5b0366b7d34fd2fff46b48,Cadet,45
1Goe2NezNnym45kco2xTk6,indie soul,R&B/Soul,https://i.scdn.co/image/ab6761610000e5ebc075dad6c4c9f63fceb232f3,Nick Hakim,44
1GxkXlMwML1oSg5eLPiAz3,christmas,Jazz,https://i.scdn.co/image/ab6761610000e5ebecf79fd5be85dabb0f489107,Michael Bublé,76
1H502J47oobZHittRAr3Rg,Rock,Rock,,Joanna Pacitti,37
1HCdPZB0ypEcpDo4T55sMi,garage rock,Rock,https://i.scdn.co/image/ab6761610000e5eb8852f0840a21c5bbead90dfa,Hanni El Khatib,39
1HGTHrRQkw0BtevSo1jucU,britpop,Rock,https://i.scdn.co/image/ab6761610000e5ebe47e49e8274d4b2715b0149e,Richard Ashcroft,56
1HJHwWck1EY096ea2iPAHO,hard bop,Jazz,https://i.scdn.co/image/143442e601bb160cc58087c669ef199f4f7094ac,Clifford Brown,49
1HO6dUh3pea34OKnmsmjQx,musicals,Unlisted,https://i.scdn.co/image/dc284592d0b3e3de0aaefaee1a9648c2ecf83140,Charles Strouse,43
1HOeqtP7tHkKNJNLzQ2tnr,Rock,Rock,https://i.scdn.co/image/ab6761610000e5ebcc2117b88d7eb2f20249efed,Everything Everything,52
1HQEVO4UcNxifjZU4KfyXP,ragtime,Jazz,https://i.scdn.co/image/ab67616d0000b273dcfe3a54003902fd9f150ac9,Rudy Vallee,31
1HQwr6fm164qR0gtYoNoQg,acid techno,Techno & Trance,https://i.scdn.co/image/ab67616d0000b2732d12e9ce9c1ebc008813bc3e,The Fuzz,0
1HSz5qiRNcs8eJ0Sp2LOxw,free jazz,Jazz,https://i.scdn.co/image/ab67616d0000b2733f3f091ab39bb29b9809b01f,Roberto Musci,36
1HVwzNriKEjaeE06okqSpx,french jazz,Jazz,https://i.scdn.co/image/ab6761610000e5eb1d05c17e7271984b1e009d6f,Carla Bruni,62
1HX7ovHKJG8M8cUoSvH6UB,Hip Hop,Hip Hop/Rap,https://i.scdn.co/image/ab6761610000e5ebe1551897789fc36dd95ee7c3,dOP,33
1HY2Jd0NmPuamShAr6KMms,art pop,Pop,https://i.scdn.co/image/ab6761610000e5ebaadc18cac8d48124357c38e6,Lady Gaga,93
1HaiySQ7RMsuvfCEVML84p,jazz house,House & EDM,https://i.scdn.co/image/ab6761610000e5ebde70eb17f1e2fbc5d8ea1277,Rick Wade,37
1HgL3m4Bd4pRBoG1UJqQ4u,miami bass,Hip Hop/Rap,https://i.scdn.co/image/ab67616d0000b27327d89f51342c9d7a7be62245,N-Ter,5
1HmcCckVaFw44DHhZKuKgN,musicals,Unlisted,https://i.scdn.co/image/ab67616d0000b2736cbde4fb9f89857ed8d00178,Irwin Kostal,44
1Hwi4HepkRbADl1q6nznXk,,Unlisted,https://i.scdn.co/image/ab67616d0000b273dc39b02ad3243108e40daf60,Faible Et Lente,48
1I0rODlh5K9pW3JhEla2H9,drone,Ambient & Experimental Electronic,https://i.scdn.co/image/ab6761610000e5ebc0f44485fa351a2874fa784d,Kali Malone,37
1I5Cu7bqjkRg85idwYsD91,surf rock,Rock,https://i.scdn.co/image/4e3861e8909530f203e8e10bf4169e05d633a1ed,Duane Eddy,46
1ICQEDALtLouPV8yEaJXVb,dubstep,Bass Music,https://i.scdn.co/image/ab6761610000e5eb7d3b15aecc286fe0ca73c1b8,Loefah,26
1IWjdMKAyw0fckre3jo1ob,son cubano,Latin,,Mikikí with his Brothers,1
1IYVBUvVz1UbdQboARe43I,swedish pop,Pop,https://i.scdn.co/image/ab6761610000e5ebc5ec94f7fdc27c99c893444a,Iiris Viljanen,26
1Ii69KeniFef2bLMJr2Bg1,lo-fi house,House & EDM,https://i.scdn.co/image/ab6761610000e5eb31ca0857af214d40dc8077d1,Zeno Amsel,0
1Ix5ads4niaRP9TnT08gqI,flamenco,World/Traditional,https://i.scdn.co/image/ab6761610000e5eb7d4c90ab02da67cef3af8969,Israel Fernández,46
1IxP1g9VrPzJqXFCsuyHKe,Electronic,House & EDM,https://i.scdn.co/image/ab6761610000e5ebb67b1fcdd65f2199519fa9a5,Måns Zelmerlöw,49
1JCtFumetjuzJEnOTBanRC,rockabilly,Rock,https://i.scdn.co/image/ab67616d0000b2736e6cc79bfee239bc4f6a8779,Augie Rios,17
1JG33GIyUbQa2Rlt9TqVyq,"Folk, World, & Country",Folk/Acoustic,https://i.scdn.co/image/ab67616d0000b2738039ad1dfebabbb82e6b2fc1,Mark Fry,33
1JOQXgYdQV2yfrhewqx96o,opera,Classical/Orchestral,https://i.scdn.co/image/29dcc5fb26df65b722073e5246c6a430e9968aa7,Giuseppe Verdi,64
1JXB7XQ9hjLB5pnr1eowKR,jangle pop,Pop,https://i.scdn.co/image/a75240396011e0abf7c2b001549f5c9866cf2f44,Camper Van Beethoven,36
1JXKfGs594mz23sQepWOWP,house,House & EDM,https://i.scdn.co/image/ab6761610000e5eb4bc8c8ca0f5fac8eace68693,Lee Walker,43
1JYuWmfI1YsWKxb050RxRI,lullaby,Novelty/Spoken Word,https://i.scdn.co/image/ab6761610000e5ebbf8cc966a555ae62a85ba60d,Piccolo Music,46
1JcefSOP7bcWEluL0iEIaN,acid house,House & EDM,https://i.scdn.co/image/ab6761610000e5ebb61b03aef8e44727006ceb72,Helena Hauff,28
1JdeDdujDbS6ZeSlkXqx3a,celtic,Folk/Acoustic,https://i.scdn.co/image/ab6761610000e5ebffb74fd192468f66efeb9431,Loreena McKennitt,56
1JikLOvnTL6LD0AUPSpqAI,,Unlisted,,Begi L,0
1JkekbWlrILJDEwzpAFYUW,,Unlisted,https://i.scdn.co/image/ab67616d0000b2737a37c57a9f2a672f0033f13a,MaxM,0
1Jqf42usrzfHNz4yPAQfZ7,trip hop,Ambient & Experimental Electronic,https://i.scdn.co/image/ab67616d0000b273e2cfe95d80b21cbca917339c,Dynamic Syncopation,25
1Jqk46QvzUn7SnwmTGX6Cw,adult standards,Pop,https://i.scdn.co/image/8e86114be76f1cb4fb5d73607768d41d894ddf8b,Jo Stafford,49
1JxLnEvBPdm9baryEFzE50,techno,Techno & Trance,https://i.scdn.co/image/ab6761610000e5eb384ca3cf22a48969e283325c,Truncate,31
1JyLSGXC3aWzjY6ZdxvIXh,funk,Funk/Disco,https://i.scdn.co/image/ab6761610000e5eb5a0ff21a415f90a84fcae460,The Fearless Flyers,48
1K7vnfAoxgzS6ZFV9V1AQO,,Unlisted,https://i.scdn.co/image/ab6761610000e5ebbb2d5135b593d536bf4b939c,Indigo Lo,0
1K9tLeilo2Rh9kXFTgWlxn,acid rock,Rock,https://i.scdn.co/image/ab67616d0000b2739d534c9c343e557e8861ef19,Mike Stuart Span,5
1KA3WXYMPLxomNuoE22LYd,country rock,Country/Americana,https://i.scdn.co/image/70e4b018ba02e93f7457fb115b965ef3d886fe70,Gram Parsons,43
1KAt3XUx7fQCKS8cJDY4e2,hard techno,Techno & Trance,https://i.scdn.co/image/ab67616d0000b273c7b30f8022290d0a0b9a1368,Jeroen Liebregts,2
1KCSPY1glIKqW2TotWuXOR,Electronic,House & EDM,https://i.scdn.co/image/ab6761610000e5eb7bbad89a61061304ec842588,P!nk,82
1KCSUZBJy1bAsIz7wUYkd8,post-punk,Rock,https://i.scdn.co/image/ab6761610000e5ebd4af22633bb3a2add9b6c074,Cola,35
1KHydwFySZY3YcWyo2q2dF,sludge metal,Metal,https://i.scdn.co/image/ab6761610000e5ebc2135fad8004178c27a96a82,Neurosis,35
1KIT43QU793ZmRpuuQYrpy,disco house,House & EDM,https://i.scdn.co/image/ab67616d0000b2736446833ac24b480bf4967e36,Pete Heller's Big Love,42
1KKpoCjkEc0b0vAuiMe2uT,latin afrobeats,Unlisted,https://i.scdn.co/image/ab6761610000e5eb82b1e5a12449c4d53987d65e,Alex Figueira,27
1KRT2Zu8OMCJuK1ls3kpwz,egg punk,Punk/Hardcore,https://i.scdn.co/image/ab67616d0000b273d9538081fd73032365e2505a,Milk Music,24
1KeIof0zqga5ojkmOKg88P,Rock,Rock,https://i.scdn.co/image/ab6761610000e5eba5a2ce029483726a2f855445,Plastic Bertrand,51
1KlUwB6uFECMC3zzvFvykx,Jazz,Jazz,https://i.scdn.co/image/ab6761610000e5ebcedb6042008e6b7a64402878,Niia,49
1Knqr98gY1JxSElifR2aNW,idm,Ambient & Experimental Electronic,https://i.scdn.co/image/ab6761610000e5ebc069ce16e882d8a1ffa25655,Plant43,19
1KtOqfwCbclwg7bgvsUJ5U,neo-psychedelic,Rock,https://i.scdn.co/image/ab6761610000e5eb847c86d1498e9e8e7e26b662,Froth,40
1L2vdW5MKTr5mHioN2Ywm8,,Unlisted,,Naomi Neville,17
1LB8qB5BPb3MHQrfkvifXU,power pop,Rock,https://i.scdn.co/image/ab6772690000c46c5ad27b7aba43e761f7e3ec46,Cheap Trick,63
1LEQApFGJj7Mh7JTugQ5y8,acid house,House & EDM,https://i.scdn.co/image/ab67616d0000b2731b52617092d38f771961c1a3,LA-4A,3
1LFKKuzn302wp15dYH28id,classic country,Country/Americana,https://i.scdn.co/image/2c0e3299ce1b2644aee19974ad35d6b441aba6b7,Tammy Wynette,55
1LJR81mjpmBkowZy1MPwQg,glitch,Ambient & Experimental Electronic,https://i.scdn.co/image/ab6761610000e5eb9bcdc43aef81fa9d1a5ba59f,Zebbler Encanti Experience,25
1LJXQEhFipR0ECM0cVCIGQ,bluegrass,Country/Americana,https://i.scdn.co/image/ab67616d0000b273423e85272875fe9fa0d64080,Hubert Cox,9
1LUyPCV4OiooCwffEq5ftD,drum and bass,Bass Music,https://i.scdn.co/image/9317503ab836eb74902b43551a86c91c05bb6cb8,Marcus Intalex,31
1LZEQNv7sE11VDY3SdxQeN,disco,Funk/Disco,https://i.scdn.co/image/1d5a05673975ba0c378cd280344e000b0b865620,Bee Gees,80
1LcLsIWOl1Z8vo1wl6bxg2,baltimore club,Bass Music,https://i.scdn.co/image/ab6772690000c46c9143054320bc0ddd24af85f4,Spank Rock,39
1LeVJ5GPeYDOVUjxx1y7Rp,neo-psychedelic,Rock,https://i.scdn.co/image/ab6761610000e5ebe6d5bde61a28cfb8e53893e1,Unknown Mortal Orchestra,60
1LhK7wn59Hq6GNN4sUS3ih,noise rock,Alternative/Indie,https://i.scdn.co/image/ab6761610000e5eb6bb6061ec1210b749c9c02a6,Daughters,37
1LiE3TKOyCds5GgIaBRRRs,techno,Techno & Trance,https://i.scdn.co/image/ab6761610000e5eb8f4826171894f54f40056726,UVB,18
1LoZxxInSyuVFKSMAB4BPl,dub techno,Techno & Trance,https://i.scdn.co/image/ab6761610000e5eb158da9891e116a55ea93834f,DJ Python,36
1LssgHkU598PZgPuMEAiNZ,breakcore,Bass Music,https://i.scdn.co/image/ab6761610000e5eb43862478d140a0682d5e16d6,Brogan Bentley,7
1LtESXjUStRZLNHKASmIv3,Rock,Rock,https://i.scdn.co/image/eebb78fffcb3c08c02271b8a48b16c92ce915584,Lowell George,31
1M1AEVIsxhvm4lAkuC2LyC,footwork,Bass Music,https://i.scdn.co/image/ab6761610000e5ebf9bb3335b735d3c9066ddebc,Morgan Hislop,3
1M5wLoT4Yub4wWOZAcj7z0,Stage & Screen,Soundtrack/Instrumental,https://i.scdn.co/image/ab67616d0000b2737795a5fb973bb50f173684b3,Pino Donaggio,43
1M684BN2C8BO9WwB0xeXJo,Rock,Rock,https://i.scdn.co/image/ab6761610000e5ebea6013bc5ac7ddbc6a6b1487,Wings of Desire,31
1M9AXZkNPdOd1IPEsQsXnT,classical,Classical/Orchestral,https://i.scdn.co/image/c12a6d385c87030706a0f36dd8798deb299c87a4,Léo Delibes,55
1MCkIPVjX5MQHUTjmBhRFF,ragtime,Jazz,https://i.scdn.co/image/ab67616d0000b273454488e974949aee98e36c7f,New Orleans Heritage Hall Jazz Band,9
1MD6zD9tUjYIMBxV1qKEIv,Children's,Novelty/Spoken Word,,Sterling Holloway,26
1MDw0zSUU0XtI9D5JgEZH5,Rock,Rock,https://i.scdn.co/image/ab6761610000e5eb4cd699592049e5b7d9536637,The Veils,46
1MPcILKoMCJym9KscdYxuM,Electronic,House & EDM,https://i.scdn.co/image/ab6761610000e5eb837a062d4b77f700a886fc69,White Town,58
1MSxOmIt7uYgvPydd1tU8F,Electronic,House & EDM,https://i.scdn.co/image/ab6761610000e5eb615362d8ba5952adec3a237d,Photay,38
1Ma3pJzPIrAyYPNRkp3SUF,lo-fi house,House & EDM,https://i.scdn.co/image/ab6761610000e5eb837ddd3bcfc37cc7ad7d1174,Ross from Friends,47
1McMsnEElThX1knmY4oliG,Rock,Rock,https://i.scdn.co/image/ab6761610000e5ebe03a98785f3658f0b6461ec4,Olivia Rodrigo,86
1MgvsJla47xsnYySv4nJU5,Rock,Rock,https://i.scdn.co/image/7b69183ddb2e35c01f3ab32d5fdcb3e0304b3e07,Larrikin Love,11
1MhtYlJvUqfd2EgHSQTGK4,Rock,Rock,https://i.scdn.co/image/ab6761610000e5eb79370683389d0ff862870bcd,Jim James,46
1MkCtMVtwdvi8G7qfYQUd8,Electronic,House & EDM,https://i.scdn.co/image/ab6761610000e5eb0942b0ed4c8f6da6081dc41c,Paavoharju,19
1MnPmJJRQj85pHB2veNylr,swing music,Jazz,https://i.scdn.co/image/ab6761610000e5eb756f89e4f44050094e41b709,Hot Sugar Band,32
1MxHcan9Jh8giyuSWZh85f,acid techno,Techno & Trance,https://i.scdn.co/image/ab6761610000e5eb9353a5f020316d3974887f49,Drax,11
1Mxqyy3pSjf8kZZL4QVxS0,christmas,Other,https://i.scdn.co/image/fc4e0f474fb4c4cb83617aa884dc9fd9822d4411,Frank Sinatra,80
1N3288tnOcOQQgfhpBqFsX,vocal jazz,Jazz,https://i.scdn.co/image/ab6761610000e5eb396ed65b346ba7d686036c02,Holly Cole,32
1N5hj4BNumkXa8D3fyfMYE,traditional folk,Folk/Acoustic,https://i.scdn.co/image/1829ecb71dbe41e99ddd54e3b49145e1d79a389d,Cisco Houston,30
1NAWG3AngjBXyKbmPaz92D,big band,Jazz,https://i.scdn.co/image/40bfea7e8fc4f48d00226174a1e9c0d0273a98d1,Sammy Davis Jr.,52
1NHVeuIJo4UwNIkerMOfUb,brazilian jazz,Jazz,https://i.scdn.co/image/ab6761610000e5eb18bfcfea5bce201eb97918d1,Marco Bosco,7
1NUD5By34MFynmuUynCfSj,Funk / Soul,Funk/Disco,https://i.scdn.co/image/ab6761610000e5ebe8090057c766d25719d3be89,The Real Thing,57
1NXzXbnhZpAPW9I8JBs3A2,idm,Ambient & Experimental Electronic,https://i.scdn.co/image/ab6761610000e5ebc3e63d6e0e1bc3eeb0c2917e,Quirke,6
1NngQUSMHaauD7UjKuaH2W,jungle,Bass Music,https://i.scdn.co/image/ab6761610000e5eb6c5335f2f8ba3ddef00b4f08,Congo Natty,41
1NvSijL6TDMyhtyrONEvDD,celtic,Folk/Acoustic,https://i.scdn.co/image/ab67616d0000b27367b028562231e9765170dc1f,Malinky,28
1O7aMVbDeSXY2LiVBhb13w,trip hop,Ambient & Experimental Electronic,https://i.scdn.co/image/ab6761610000e5eb8a55221ea5710d4976ea76b3,The Herbaliser,49
1O8yrjjifkCO8txB4CxuOm,trip hop,Ambient & Experimental Electronic,https://i.scdn.co/image/ff7fe8c94fdf301d465a51c11c59e7484931a499,DJ Spooky,34
1OLWM7nUNcTjZ9ct4DEPZu,smooth jazz,Jazz,https://i.scdn.co/image/ab6772690000c46c153adede0a024fd3679af738,David Benoit,49
1Oa0bMld0A3u5OTYfMzp5h,g-funk,Hip Hop/Rap,https://i.scdn.co/image/fd5d1f379a33ee26e2dfaf296bbab0970ec95ede,Nate Dogg,78
1OcOohHo7T54wkzZhIs6KA,Electronic,House & EDM,https://i.scdn.co/image/ab67616d0000b2735a0a84260381d0622a360b50,Pink Orbit,53
1Ok9uJhfJ0cOQB3IPHeHYF,traditional music,Unlisted,https://i.scdn.co/image/ab67616d0000b27308536f11cc60480685b18138,Tarentule,0
1Op9Sm2626KPktm4byurjd,americana,Country/Americana,https://i.scdn.co/image/acb7ec599395763ef0aaa4e64f2fb63329aaa0c9,Stephen Bruton,11
1OwarW4LEHnoep20ixRA0y,Rock,Rock,https://i.scdn.co/image/ab6761610000e5ebfa79a501274aae1d9de3a201,Robert Plant,61
1OxJzMLmR9l5zPLap9OxuO,quiet storm,R&B/Soul,https://i.scdn.co/image/ab67616d0000b2737e40943c3f4ce9c25ec7b098,Rose Royce,54
1P6U1dCeHxPui5pIrGmndZ,trip hop,Ambient & Experimental Electronic,https://i.scdn.co/image/ab6761610000e5ebbba853968b8873dd4f6ef3c1,Air,68
1P8IfcNKwrkQP5xJWuhaOC,old school hip hop,Hip Hop/Rap,https://i.scdn.co/image/ab6761610000e5ebfdfbad2b88a64e661a6e6400,LL COOL J,65
1P9syEkl41IFowWIJN7ZBY,folk,Folk/Acoustic,https://i.scdn.co/image/ab6761610000e5eb36c56a49814607d8035749b9,Pete Seeger,47
1PCSZ5DaA1s1gpz2sKmnDr,Rock,Rock,,Disney Channel Stars,26
1PCZpxHJz7WAMF8EEq8bfc,folk rock,Folk/Acoustic,https://i.scdn.co/image/f1cf7faba3223b4be7a0734f7c5cccaa39630570,The Byrds,56
1PPpmEpuN1KrWNOBqrHeMj,jangle pop,Pop,https://i.scdn.co/image/ab6761610000e5eb893b0f45ee2362b0805a4cdc,Ultimate Painting,32
1PRH2VLBHk1kMY2BFI0GQW,Rock,Rock,https://i.scdn.co/image/ab6761610000e5eba4f6647db674598772d7abd7,Ÿuma,40
1PSylklb2w06BAAHEtepqM,minimal techno,Techno & Trance,https://i.scdn.co/image/ab6761610000e5eb8ae4656aec07cd8d43364630,Surgeon,29
1PTEiCpkzNkLNgMi1LL8JR,jazz house,House & EDM,https://i.scdn.co/image/ab6761610000e5eba705bfc35be2d8d768f851cc,Laurence Guy,48
1PWHsS9haruM3AEebZuGs9,americana,Country/Americana,https://i.scdn.co/image/ab6761610000e5eb57e55cce0062e609a03d3e5a,Levon Helm,41
1PWbiGBEBaiLJI0Lvhnoha,jazz funk,Jazz,https://i.scdn.co/image/ab67616d0000b273e3b714e84e046d0963d5b7bf,Doug Carn,20
1PXHzxRDiLnjqNrRn2Xbsa,big beat,House & EDM,https://i.scdn.co/image/ab6761610000e5eb5cfa742c32b2f8c23f94cf7e,Underworld,63
1Pe3z1UqRzKsQtHsl25dm6,psytrance,Techno & Trance,https://i.scdn.co/image/ab6761610000e5eb14d77dbf42fcdcbcb214aaeb,Juno Reactor,43
1Pe5hlKMCTULjosqZ6KanP,motown,R&B/Soul,https://i.scdn.co/image/b73ee3ca9b41ce90e95b94018fb342dd1ac58622,Martha Reeves & The Vandellas,56
1Pm6hTRjgSkT3B4FCQpW4g,uk drill,Hip Hop/Rap,https://i.scdn.co/image/ab6761610000e5eb7d41d7c9c9b9365e141e8bac,Meekz,57
1PmRKCMrPoAz1uuVO8XLii,alt country,Other,https://i.scdn.co/image/ab67616d0000b27321aa9a3b5a84e3a54c44a7f0,Case Studies,8
1PmVyfIR9KtCxbHWuga8E5,witch house,Ambient & Experimental Electronic,https://i.scdn.co/image/ab6761610000e5eb407dacc6afcca2e56bdf0b02,Lorn,54
1PokjXeIq2zVosXbTEaNlx,Rock,Rock,https://i.scdn.co/image/ab6761610000e5eb00770498ad0dd14822ccd283,J Mascis,36
1PrFsWVNcI16jsB84oYbAM,Rock,Rock,https://i.scdn.co/image/ab6772690000c46cd9848a8fb5bf316cb66670e4,Sons And Daughters,21
1PryMSya1JnSAlcwYawCxp,retro soul,R&B/Soul,https://i.scdn.co/image/ab6761610000e5eb46dc0fd03399b8a9dfed982d,Menahan Street Band,63
1Q33Sd9px79c7lWMbQXwxm,retro soul,R&B/Soul,https://i.scdn.co/image/ab67616d0000b273922687b91900440fd1803d39,The Flying Stars Of Brooklyn NY,46
1Q5alKemDVeSVcK35G8NAm,rocksteady,Reggae/Caribbean,https://i.scdn.co/image/ab67616d0000b273ed5ab72f1936b892dd84cfc5,Harry J Allstars,38
1QEUzOmKdCmakEgcatckZd,uk garage,Garage & Breaks,https://i.scdn.co/image/ab67616d0000b273f922f7b0b20e9e41e33cafe6,Peaky Beats,12
1QEZVJMMDYKuUBMddYPWuq,idm,Ambient & Experimental Electronic,https://i.scdn.co/image/ab6761610000e5ebcae77728e9729c7905047868,BFTT,10
1QL7yTHrdahRMpvNtn6rI2,classical,Classical/Orchestral,https://i.scdn.co/image/6391390229a5fb88e8e0d71e3e942b427d12d9a8,George Frideric Handel,67
1QRGYOWKbQo7PH5IeN3vuX,traditional folk,Folk/Acoustic,https://i.scdn.co/image/ab6761610000e5eb8e633e7eed38b11267a5054e,Pumajaw,6
1QUsHFoDqNsC0W9AlNyHWF,post-rock,Alternative/Indie,https://i.scdn.co/image/ab6772690000c46cfd4eec13922200b42abea9b4,Dirty Three,34
1QWgx9hFrCazwvkqOGu77C,"Folk, World, & Country",Folk/Acoustic,https://i.scdn.co/image/ab6761610000e5eb3c675eefb91a3b9113f96962,Oisin Leech,34
1QYMj6ouUhi6yis1HE8M68,eurodance,House & EDM,https://i.scdn.co/image/ab6761610000e5eb11c8631d29488a38fb9bd1eb,Urban Cookie Collective,46
1QwvlTkLsKbaB3JT1AV245,ebm,Ambient & Experimental Electronic,https://i.scdn.co/image/ab6772690000c46caf5216c990fe74b249a8de08,Silent Servant,22
1QxaPWG1POM8Ul6WwsHq4y,Rock,Rock,https://i.scdn.co/image/7e5a691a3458df0b7c5c7371d673f72883d4055f,John Farnham,58
1Qy5cXiRHxH8VrxeQeI2VV,grime,Bass Music,https://i.scdn.co/image/ab6761610000e5eb2f0e4752c4e8fffad4564cb2,Trim,21
1R6Hx1tJ2VOUyodEpC12xM,folk rock,Folk/Acoustic,https://i.scdn.co/image/9f9b40704e3361c93ea8a8b7a86a5d9ee755466e,Jim Croce,68
1R84VlXnFFULOsWWV8IrCQ,neo-psychedelic,Rock,https://i.scdn.co/image/ab6761610000e5ebab1e305a3a59fe4c918828c6,Panda Bear,59
1RD0sw23ETXTCQRmDHsmbW,egg punk,Punk/Hardcore,https://i.scdn.co/image/ab6761610000e5ebceebbeed72fc58b69695fdb9,Beige Banquet,17
1RDE3HwlzmToPqWk4cIDEg,french jazz,Jazz,https://i.scdn.co/image/ab67616d0000b273636584ea8d9b78ace0512b46,Baptiste Herbin,31
1RJAuMSQcGTOpu03SKlczF,psychedelic rock,Rock,https://i.scdn.co/image/ab67616d0000b273ab4c646b2b8a21ad188a2721,Jason Crest,11
1RM5gp0RFfjpJhCYFPB30p,Rock,Rock,https://i.scdn.co/image/ab6761610000e5ebb3d85d2a5291498bac66ae26,Nick Cave,48
1RP2UpEaRzkF0Id3JigqD8,classic country,Country/Americana,https://i.scdn.co/image/7ec2feb33ed02ee90b03f5926dbc788b8a4d6e03,Roger Miller,55
1RpHbIW5eeEBs693nyrhSa,ambient,Ambient & Experimental Electronic,https://i.scdn.co/image/ab6761610000e5ebead5e9760adecd9cbb545e03,Jeremiah Chiu,38
1RsmXc1ZqW3WBs9iwxiSwk,jazz,Jazz,https://i.scdn.co/image/8b70777a318ad9e51c27b0104067c43d14288043,Sidney Bechet,48
1Rv2Pete1cFEKlDYk0hjWl,chinese indie,Alternative/Indie,https://i.scdn.co/image/ab6761610000e5eb3b23997ca7ced9db0cece473,Ciel,20
1RvroR5di6EndZNcfNNL0d,children's music,Novelty/Spoken Word,https://i.scdn.co/image/ab6761610000e5eb83d3c2a4d0f3b79efc26e415,The Little Sunshine Kids,56
1S0vL284jxZYKtZQ2jsQ2X,neo-psychedelic,Rock,https://i.scdn.co/image/ab6761610000e5ebd991fca9f9ce7c655ffc91cc,Melody's Echo Chamber,48
1S1iWRYJFRBnZxHHVw02Qr,acid house,House & EDM,https://i.scdn.co/image/ab67616d0000b273f752e908d60ace2a5df6bf79,DBX,2
1S9SPfRo9eyxOcyfUGC2Tm,children's music,Novelty/Spoken Word,https://i.scdn.co/image/ab6761610000e5ebf54ff9f31e7686f6683c4f62,Bounce Patrol,60
1SA9pZ8uTxr9yGFOhVNSfD,dubstep,Bass Music,https://i.scdn.co/image/ab6761610000e5eb20017b2813632632e40e4865,Tetrad,2
1SBU4DvQapOFCnxMzENUkp,new rave,House & EDM,https://i.scdn.co/image/ab6761610000e5ebfb1eb936e8acea7834aa7de5,Good Shoes,31
1SFqXNEGetmMW6VPZseNqy,ambient,Ambient & Experimental Electronic,https://i.scdn.co/image/ab6761610000e5eb19c7444a94639ab31c87a69d,Kelly Moran,38
1SKJ2EXC3hBQ507o9aQuUs,krautrock,Alternative/Indie,https://i.scdn.co/image/ab67616d0000b2732886cfe5a5cecc511deb29ef,Führs & Fröhling,5
1SQRv42e4PjEYfPhS0Tk9E,proto-punk,Other,https://i.scdn.co/image/ab6761610000e5eb81f4e878e8b959fa68f15322,The Kinks,67
1ST4mgOYzgGzlCVsx5M3kW,Rock,Rock,https://i.scdn.co/image/ab6761610000e5eb1cba69816cc7fe479aaf9de5,Soft Girls & Boys Club,2
1SUV6BR0W4CCRMRuKOmwkf,space music,Unlisted,https://i.scdn.co/image/ab67616d0000b2730526200451711a087950e385,舒眠频率,26
1SWGyp2nxNSyQkRX1eqoUp,go-go,Funk/Disco,https://i.scdn.co/image/ab67616d0000b27374cacf1617408f745cad3ca1,DJ Kool,48
1SYJDHr7kjUL4LlfK1jJ9m,lo-fi house,House & EDM,https://i.scdn.co/image/ab6761610000e5eb75f59f1292ddc813c13ade7b,Sweely,44
1SYQUJukd40ps4z6RT77rC,idm,Ambient & Experimental Electronic,https://i.scdn.co/image/ab6761610000e5eb02abcee140ee15abc277e05f,Kuedo,21
1Sc9ykJB728MAZab1Ocwy8,hard bop,Jazz,https://i.scdn.co/image/ab6761610000e5eb3dbeb1a763f79c789e2a91e5,Sonny Clark,47
1ScuQ8TIlsmpeThaI18gYC,post-punk,Rock,https://i.scdn.co/image/565c8e2786f7070b7f1a80e2b8ef3e5172c2cf0a,Rowland S. Howard,31
1SjumzFLF6c1hu1YDYY9yX,baroque pop,Pop,https://i.scdn.co/image/ab67616d0000b273bd859a8f41ec5d31f7392150,Extradition,1
1SvG3y1gYAFOsv9785Xu9T,classic country,Country/Americana,https://i.scdn.co/image/67742f64f013fca4bf85ca63460bc98810063dda,Tom T. Hall,53
1SxANW7HqrtnQdPkSSw8oG,acid techno,Techno & Trance,https://i.scdn.co/image/ab6761610000e5eb96a1355516f5967f122259fb,Radial,9
1T0wRBO0CK0vK8ouUMqEl5,Rock,Rock,https://i.scdn.co/image/ab6761610000e5eb03dc1982d985027835b2ef60,Tom Jones,67
1T3RPiMH711kvoXymKUTYH,Rock,Rock,https://i.scdn.co/image/8c1ca308ed250267cc33ce7d946c01c91e905832,Sugarloaf,38
1T8NnxA0fnU3TQ6aiTNNtw,Electronic,House & EDM,https://i.scdn.co/image/ab6761610000e5ebf857ae5ca0431dfd3ccfc299,Loco Mía,46
1TA2u2QNYt7wxULMk9uPnZ,rocksteady,Reggae/Caribbean,,Ike Bennett & The Crystalites,12
1TGyEDXHDYwHNB012Otfhj,indie soul,R&B/Soul,https://i.scdn.co/image/ab67616d0000b273851467e066b7acf88f6fc05c,Joomanji,44
1TIbqr0x8HoKzKBNtNN8wf,idm,Ambient & Experimental Electronic,https://i.scdn.co/image/ab67616d0000b273846a5c9f1be28bd7d4030f7b,⣎⡇ꉺლ༽இ•̛)ྀ◞ ༎ຶ ༽ৣৢ؞ৢ؞ؖ ꉺლ,40
1TKaUU8ooBgSW9TlyKsw6k,stoner rock,Rock,https://i.scdn.co/image/ab6761610000e5ebbaef176e4f3dd1d34c29e86b,Fu Manchu,47
1TQAeD354zdHUoqayn8upT,,Unlisted,,Freddie L. Small,0
1TRLkR7OoXzEwUckYwHt5B,sufi,World/Traditional,https://i.scdn.co/image/ab6761610000e5ebf170f96638567a86f5601a41,Bahramji,44
1TUBjNYgMN8tMLPWMe7gvL,jungle,Bass Music,https://i.scdn.co/image/ab6761610000e5eba19725319e3c5766fa6c1038,Kenny Ken,20
1TUNPwZWJyhaNZpLZzhOUj,krautrock,Alternative/Indie,https://i.scdn.co/image/ab67616d0000b27302e06004e9b0ab854e60a82e,Amon Düül II,30
1TV0WTE9ukywcLGMh4j4iU,acid house,House & EDM,https://i.scdn.co/image/ab6761610000e5ebc1761d863e4c32b45a813b7e,A Guy Called Gerald,40
1TY8JzETLheB4vm5QblKsF,Electronic,House & EDM,https://i.scdn.co/image/ab6761610000e5eb69a990a24fad7ef7dc02fcbf,Daniele Luppi,44
1TaKbrkFRAq5YJoMieIMPR,,Unlisted,https://i.scdn.co/image/ab67616d0000b2739d7753b33cf9523703788443,Lavia 6,55
1Tf0PpDLg4A8m7aidHGRG3,Electronic,House & EDM,https://i.scdn.co/image/ab6772690000c46c11a4302841f5ddfad85123e9,UMFANG,11
1ThoqLcyIYvZn7iWbj8fsj,soul,R&B/Soul,https://i.scdn.co/image/96b85aec6907206572527e1eeec6569d5e977a38,Bill Withers,75
1TlScGwN8MmIZ7kIYGjSZA,folk,Folk/Acoustic,https://i.scdn.co/image/ab6761610000e5eb23175a7b536e95810a672e7e,Blaze Foley,48
1Tq4NTchpZlJXE8bVl9Rv5,surf rock,Rock,https://i.scdn.co/image/ab67616d0000b273e2956fd23a576044c4fe38b5,The Meltones,20
1TqQi97nqeiuOJrIFv5Sw0,Rock,Rock,https://i.scdn.co/image/ab6761610000e5ebcbac00ef1ac185c67665e970,Semisonic,60
1TrwMxRrrlk0hZxJkw4jUF,celtic rock,Rock,https://i.scdn.co/image/ab6761610000e5ebce66a874dfde28b4794258c8,Levellers,45
1Ts6EkqOxOsIzMsxFgCSqk,honky tonk,Country/Americana,https://i.scdn.co/image/ab67616d0000b27376ffe4203facfde0e6cd036f,Hank Thompson And His Brazos Valley Boys,35
1TsG4AumsMt1Tcq2nHpov9,dub,Reggae/Caribbean,https://i.scdn.co/image/ab6772690000c46c94ad5a3246c90632dc12f702,"Lee ""Scratch"" Perry",48
1TyTV8l6TBijKbKZfrPDpC,jungle,Bass Music,https://i.scdn.co/image/ab67616d0000b2734fe486638d067be3dfde040e,Ruffkutt,2
1Tz1kM5vFyBpzD22fHW609,trip hop,Ambient & Experimental Electronic,https://i.scdn.co/image/ab6761610000e5eb0e022e77cb2968a3bdd8c987,Flunk,40
1TzTCIO1wQ36W4yPISkxB8,jungle,Bass Music,https://i.scdn.co/image/ab67616d0000b27363edc33c21aa97345a6173e3,Nic TVG,4
1U0ooypQ59GyKyj1smbLz7,,Unlisted,https://i.scdn.co/image/ab6761610000e5ebbbc8f63960ec4f0f7cc3ff7a,Anima & Ennui,0
1U5M9VmZpJXYV6TOIGSMXM,acid rock,Rock,https://i.scdn.co/image/ab67616d0000b2733b1285f5d6af0c4cecdad0b3,The Growing Concern,9
1U5zgr455OGyIkLNXvDdrf,christmas,Jazz,https://i.scdn.co/image/ab6761610000e5eb8ce3e7c9e1c38c0edbe1528c,Traditional,64
1U9VJ1tPataidARB8IBkAk,dub techno,Techno & Trance,https://i.scdn.co/image/ab6761610000e5ebf02c175692a18755b8a2f2e2,Valentino Mora,21
1UGAJIJsfFFbkR5t6KMUxt,drone,Ambient & Experimental Electronic,https://i.scdn.co/image/ab67616d0000b2732855668e0334c91fde17306b,Geoff Mullen,0
1ULUOUEQkiIGalRL7yR48w,indie jazz,Jazz,https://i.scdn.co/image/ab67616d0000b273cd3148e6f305ce35756c156e,United Vibrations,14
1UQRtt7eHW6Bt4INNTUtb3,folk,Folk/Acoustic,https://i.scdn.co/image/ab6761610000e5eb7331feab713a11f709c0f356,Johnny Flynn,49
1USHlPahTZrCeJXS2v5pkF,acid rock,Rock,https://i.scdn.co/image/ab67616d0000b2732aa39070340f902ce294caec,Thunderclap Newman,37
1USc9u5yL4tUaQKhGWNuvj,power pop,Rock,https://i.scdn.co/image/ab6761610000e5ebb3c648417d50840ca10fb05c,Redd Kross,32
1UW5eP8ZIX1HKGGi5jXSB6,drumstep,Unlisted,https://i.scdn.co/image/ab6761610000e5eb0e1b5438be3228fc3dcb6fd4,Homemade Weapons,17
1UYhxPY1oqFUg1HfF8nV3k,industrial,Alternative/Indie,https://i.scdn.co/image/8dd96a0addb292dbaa56e2f83d13dc48c53f6c74,Throbbing Gristle,34
1UZrGOQOMx6N4ytgYzpyUM,Electronic,House & EDM,https://i.scdn.co/image/ab6761610000e5eb3f1af5fd3c1aa0e845e3611a,Sim Hutchins,0
1UcYY5JDPe05nqjODiVkx1,minimal techno,Techno & Trance,https://i.scdn.co/image/ab6761610000e5eb61db63f9724480225ac062c0,Matador,41
1Uff91EOsvd99rtAupatMP,classical,Classical/Orchestral,https://i.scdn.co/image/5e1155c852578ddf5d2cfea94ccb3a8a65efa882,Claude Debussy,72
1UhC1mCcd9SFXLibHhMX61,vocal jazz,Jazz,https://i.scdn.co/image/ab6761610000e5eb113c86273358e487d0a00141,Kurt Elling,44
1UkYB1n44YzBCtMaKde48Y,swing music,Jazz,https://i.scdn.co/image/ab6761610000e5eb103504336967d7dfaf9a9b6e,Norbert Susemihl,33
1Ul8JG7lpSltWsBV9WCBLp,Electronic,House & EDM,https://i.scdn.co/image/ab67616d0000b273d73ce59f7a30ae9c26598a58,Boifrenz,0
1UrfmsMDKHSYXj7SaPjyWL,space rock,Rock,https://i.scdn.co/image/ab6761610000e5eb1af849491c931c9cc98c656a,Jane Weaver,31
1Uwe1MbiKnPHAFh3qMWuNp,screamo,Punk/Hardcore,https://i.scdn.co/image/ab6761610000e5eb424f2a70e205d172478c54e9,Portrayal of Guilt,34
1V0EQCS8125xaDrR4ZURGO,dub techno,Techno & Trance,https://i.scdn.co/image/ab6761610000e5eb934459a305f0b377dee09a5b,nthng,31
1V9aZiQJTm6Ly5s2sKKz8F,jungle,Bass Music,https://i.scdn.co/image/ab6761610000e5eb52ca0c91dd60129d214f7b29,Decoder,11
1VEzN9lxvG6KPR3QQGsebR,hard bop,Jazz,https://i.scdn.co/image/7f0edf46ec91ef070e8dd73d442c8f00241416aa,Sonny Rollins,52
1VKp2hJ88BGqiOv0ggDOEA,traditional folk,Folk/Acoustic,https://i.scdn.co/image/ab67616d0000b27356fba53e8d2f228ce5a2dceb,Peter Bellamy,17
1VLqhTOnG3RulADitPNqLt,techno,Techno & Trance,https://i.scdn.co/image/ab6761610000e5eb5947067847db2cb7326827dd,Setaoc Mass,27
1VNfHD8QBVfKnAeHUh42jv,swing music,Jazz,https://i.scdn.co/image/ab67616d0000b2732bb8e80649bd2602b936f258,Louis Prima & Keely Smith,30
1VfgWum48nwYJcCfdPwWgs,"Folk, World, & Country",Folk/Acoustic,https://i.scdn.co/image/ab6761610000e5ebc60ed235a005c3236adb9d63,Michael Nau,52
1VgjAK52kjkQJQQRhTn02t,neo soul,R&B/Soul,https://i.scdn.co/image/ab6761610000e5eb5d2f0bc3c2ba5945251ff837,Moonchild,49
1ViF5mdcW7pEn7md71YjOL,trip hop,Ambient & Experimental Electronic,https://i.scdn.co/image/ab6761610000e5ebf676d1951c22d098e96a8873,Kid Loco,49
1W38ItVcEkS7UOLWFf1BZG,idm,Ambient & Experimental Electronic,https://i.scdn.co/image/ab6761610000e5ebdce1c7e08b9b1fad852bd0b3,Annie Hall,6
1W4itxt3vwhmrgLEBuVHJ6,Rock,Rock,https://i.scdn.co/image/ab6761610000e5ebedebd091e0dfedc99014eaeb,Vundabar,63
1W8TbFzNS15VwsempfY12H,jazz,Jazz,https://i.scdn.co/image/ab6761610000e5ebe43b629d257d42a86c71323d,Charles Mingus,50
1WFsBUAgQmrGQQEUyFKS60,post-punk,Rock,https://i.scdn.co/image/80fabaa57072b59c748dcaac612d177d40f48b0e,Savages,30
1WGb8nCPGJA0RyriSDIQfC,retro soul,R&B/Soul,https://i.scdn.co/image/ab6761610000e5eb886e9e28013866be94a6f992,Say She She,48
1WKrzlDOV5WrA9eACq8VRi,techno,Techno & Trance,https://i.scdn.co/image/ab6761610000e5eb1ce40108a35231b5d313df2b,VIL,24
1WRM9i067hd2ujxxi8FI3m,classic rock,Rock,https://i.scdn.co/image/8208d86ed91c50bc9ffbf8f436c6e323e6bda480,Steppenwolf,63
1WVGbBnzZ5WLZ2PfesIHik,Rock,Rock,https://i.scdn.co/image/ab6761610000e5ebd341eb41ddc7e7315320e955,Cassandra Jenkins,41
1WZbb8JjTJHuHNFHKCeUNF,baroque pop,Pop,https://i.scdn.co/image/ab67616d0000b27368df110edaca13eb3d324133,Evensong,9
1WrqUPWlHN5FXCRcQgrkas,Funk / Soul,Funk/Disco,https://i.scdn.co/image/ab6761610000e5ebfdd4d03de3b76fc49af39c7b,Lucius,56
1WsMRWV5KEC2AxpYkeb2Cf,hard bop,Jazz,https://i.scdn.co/image/ab67616d0000b273c3b77abaa8abe6ff3ba235ec,Phineas Newborn Jr.,30
1Wtz8SWaj8SxihMQDiAIxk,jungle,Bass Music,https://i.scdn.co/image/ab67616d0000b273e89ed70ede23a709354df62a,Artilect,5
1WudHeuEN3d18SXVos95mc,post-rock,Alternative/Indie,https://i.scdn.co/image/ab6772690000c46c88512beab8b7ff34f5c71216,Do Make Say Think,33
1WvvwcQx0tj6NdDhZZ2zZz,Electronic,House & EDM,https://i.scdn.co/image/ab6761610000e5ebccc1db114a0e4d39231a6e84,Future Islands,62
1WvziZcLLYLoMMdmQx7qcN,doo-wop,R&B/Soul,https://i.scdn.co/image/21da36c8baaaa0667af012b0b0e3a5c1823e0637,The Shangri-Las,45
1X88xrhEvsoUjJ6EUHwiWF,stoner rock,Rock,https://i.scdn.co/image/ab6772690000c46cc7d3427d2c80790a6b62298b,Fuzz,38
1XCorAp4vtEceWjPgyiiw6,uk garage,Garage & Breaks,https://i.scdn.co/image/ab6761610000e5eb853bfcb37f4c35c34ae3f9eb,Shola Ama,45
1XIVppvkAYcTZppYtBtkb0,industrial,Alternative/Indie,https://i.scdn.co/image/ab6761610000e5eb70bf654700bb94308b23ad20,Oake,9
1XIifqPXfWSoTQfrcuXXtX,celtic,Folk/Acoustic,https://i.scdn.co/image/ab6761610000e5eb81e228e096570e93af06cbca,Paddy Reilly,40
1XZzbCZRuj6eOdRxQcmiD7,uk garage,Garage & Breaks,https://i.scdn.co/image/ab6761610000e5ebc0db70d52d8161e35ad4133f,Zed Bias,35
1XgFuvRd7r5g0h844A5ZUQ,Rock,Rock,https://i.scdn.co/image/ab6761610000e5ebf6de04c418fb584509452e24,Take That,67
1XjkajTCuInbWYxcxPvFtP,celtic,Folk/Acoustic,https://i.scdn.co/image/49a877baad0565754106f1f4819accbe1c81c970,Liam Clancy,39
1XnUwbBjDTUUAABC7cEixy,Rock,Rock,https://i.scdn.co/image/ab6761610000e5eb729c78bd2b325e196316abc3,Youth Sector,26
1XwKO1rv2sKy664Q8eJcwc,krautrock,Alternative/Indie,https://i.scdn.co/image/ab67616d0000b273009e9f1546028dbea95ffc67,Wolfgang Dauner,22
1Y0IXModT7x4Vtj1gu3TeE,christmas,Jazz,https://i.scdn.co/image/ab67616d0000b2735aaa4dd93dc16e1bd309afca,Mitch Miller & The Gang,27
1Y3CPuN46EPIT3wCTDzPZu,go-go,Funk/Disco,https://i.scdn.co/image/ab67616d0000b273f7df3a0af7ca14690e7578c3,Chuck Brown and the Soul Searchers,30
1Y8cdNmUJH7yBTd9yOvr5i,Funk / Soul,Funk/Disco,https://i.scdn.co/image/ab6761610000e5ebf75e64532704bd6acf0b4e76,Destiny's Child,73
1YAtBHWaWzZnkaoSFHGTBV,Pop,Pop,https://i.scdn.co/image/ab6761610000e5eb566ab71989d2afeb1b7e1c61,Guy Mitchell,42
1YFLNH4rO40x9i16RpLwdY,disco house,House & EDM,https://i.scdn.co/image/ab6761610000e5eb1fa1d4022a25751ca38a9182,Midland,42
1YHpgaZrWQKs1zhlJmtlXr,hard techno,Techno & Trance,https://i.scdn.co/image/ab67616d0000b273785c7c3325d0c809050aeefc,Max Walder,10
1YKFD3qeH0TeGJcvVRDSJT,french house,House & EDM,https://i.scdn.co/image/a2225ce3ff4d1683c9b64a014cad268637d450d2,Strip Steve,10
1YP3MaJWmskNaD0C1NphR0,idm,Ambient & Experimental Electronic,https://i.scdn.co/image/ab67616d0000b273e1a9e3cf95a72ad0bb740a67,Vaetxh,3
1YRBRIN8d5Xa6vU1OKUc4t,garage rock,Rock,https://i.scdn.co/image/ab6761610000e5eb025fc5ed7f9247c6d049ed2e,Reigning Sound,29
1YRGQOk4Mk9EpM6nTJhXtK,idm,Ambient & Experimental Electronic,https://i.scdn.co/image/ab6761610000e5ebdaf99f05ea3d60fac53acacf,Daedelus,35
1YTe4dNIoWX3iHX8H4xVeM,jam band,Rock,https://i.scdn.co/image/ab6761610000e5ebf20cdb170f6664d45c9c068b,Jerry Garcia Band,48
1YZEoYFXx4AxVv13OiOPvZ,Rock,Rock,https://i.scdn.co/image/ab6761610000e5eb7d079249b30567c81b006ba8,Devendra Banhart,57
1YcprGtF13BYCZQK9jYPEw,spoken word,Novelty/Spoken Word,https://i.scdn.co/image/ab6761610000e5eb3e02d474d2823da1f2889a4e,Kae Tempest,47
1Yox196W7bzVNZI7RBaPnf,thrash metal,Metal,https://i.scdn.co/image/ab6761610000e5ebd5233fdc8cad84de5b366f1b,Megadeth,72
1YqGsKpdixxSVgpfaL2AEQ,proto-punk,Punk/Hardcore,https://i.scdn.co/image/c60674ffc4b94efe99f46196cb1aeaf5bb60956e,Small Faces,48
1Ysz8yMgr4g1Ol3l1m3yOt,breakbeat,Garage & Breaks,https://i.scdn.co/image/ab6761610000e5eb353504609c30295c849ac267,Anz,30
1Yti3CsDazWVjNMXBHx1Af,idm,Ambient & Experimental Electronic,https://i.scdn.co/image/ab6761610000e5eb7629e7bb92d7adc89a4a36e8,Oval,26
1YuknfkSYTTbolRpwZBOv4,ragtime,Jazz,https://i.scdn.co/image/0031f27d5c6ee70820cb6e115b19f846d2fab31b,George Gershwin,50
1YvN5uOGQkHVUUlZUcnotD,Electronic,House & EDM,https://i.scdn.co/image/ab6772690000c46cfa08d86c1d6f0fe0a1e48ed8,John Talabot,36
1YwfENKEZrowcmtR1nALZn,jam band,Rock,https://i.scdn.co/image/d2acdc1f530d1a9e4868a6bdf9454199a41df7bb,The Derek Trucks Band,41
1YzCsTRb22dQkh9lghPIrp,jazz,Jazz,https://i.scdn.co/image/4efa6b6871a0f672b78b3d16fd5a03c6cd212d58,Billie Holiday,67
1Z2KInfSmPOzAIYyiaXeti,dream pop,Alternative/Indie,https://i.scdn.co/image/ab6761610000e5eb80ffcc90627f708b01a549f1,Youth Lagoon,45
1Z2PmjLduWIJxXbk8TlDoK,idm,Ambient & Experimental Electronic,https://i.scdn.co/image/ab67616d0000b273d1c3b34121bd2a5328620cd3,Qebrus,9
1Z2j4RL5TKaBAZAsAmsf6H,ccm,R&B/Soul,https://i.scdn.co/image/ab67616d0000b2737c155d96273d508b61631612,Leslie Phillips,26
1Z4Erxt5wSXH0gbOsVJUMv,space rock,Rock,https://i.scdn.co/image/917142fbe25f287124360b4a02e48eff3ba8de22,Crocodiles,28
1Z8ODXyhEBi3WynYw0Rya6,jazz rap,Hip Hop/Rap,https://i.scdn.co/image/ab6761610000e5ebc443011311dcf7f6eeaf507d,De La Soul,76
1ZAzXgj5wuSw3oKrFdpNiH,Electronic,House & EDM,https://i.scdn.co/image/ab67616d0000b273f5e247b94cdaa91e0261699b,Computer Says No,6
1ZHk8dteZz6Vi2HFp4hGoM,uk drill,Hip Hop/Rap,https://i.scdn.co/image/ab6761610000e5eb2b9425c4d20dc2a7939c0fc8,Abra Cadabra,57
1ZJlXFkFDBsjSuYyjVcMkk,Hip Hop,Hip Hop/Rap,https://i.scdn.co/image/ab6761610000e5eb6131b2a2e2603da3c5b17a65,Chali 2na,52
1ZOrj4AfBAHarzErIezwhM,baltimore club,Bass Music,https://i.scdn.co/image/ab6761610000e5eb9a5d065d1c38125065d6354b,Mighty Mark,20
1ZPAgyQWvU84GMEI5ceK3u,free jazz,Jazz,https://i.scdn.co/image/ab6761610000e5eb35b8d75fcc87b49f2ed496f3,Snowpoet,18
1ZUMNqd7GkMq58qxvEzRSo,acid house,House & EDM,https://i.scdn.co/image/ab67616d0000b273e26f8d017ab72e1fd2241402,Roy of the Ravers,23
1ZVACPeq7ccGCoUXwtafUU,Electronic,House & EDM,https://i.scdn.co/image/ab6761610000e5ebc07b6d26c0ae6faa9a90152f,KNEECAP,66
1ZWDySC1tbFgkDexxJAM4C,dub,Reggae/Caribbean,https://i.scdn.co/image/ab67616d0000b273e4974770cbfec2800cf45627,High Tone,40
1ZZz2yW1AdLQjIsyYRWBqE,dub techno,Techno & Trance,https://i.scdn.co/image/ab6761610000e5eb46ca39626b7dc96de8ff55e2,Adjust (BE),7
1Zd2jFygzaM9fyijiieSI7,southern gothic,country/Americana,https://i.scdn.co/image/ab6761610000e5eb905f27366fa3234bdb939099,Anna & Elizabeth,33
1ZgWT8v2NTxXJapNzqJMnd,breakbeat,Garage & Breaks,https://i.scdn.co/image/fd2ec6755a1eb4b4aea8ab06f17312305d26e8b9,Tessela,19
1ZiybGr2RZh2389cIOjevy,Rock,Rock,https://i.scdn.co/image/ab6761610000e5eba435f03f48e5761e8f86cfaf,Dogs,21
1ZlFYysRdc6YaUH5FkxPl8,vocal jazz,Jazz,https://i.scdn.co/image/ab6761610000e5eb267d528bda3042cfe683f576,The Swingle Singers,29
1ZpPJRe9erwiWi548SKVyn,jazz funk,Jazz,https://i.scdn.co/image/ab6761610000e5eb0023c1a48625381d60cf8ae9,Dr. Lonnie Smith,31
1ZsnHGOLYFg8CAHQQBc1ut,singer-songwriter,Folk/Acoustic,https://i.scdn.co/image/ab6761610000e5eb145821caf17f98dfd9592b97,Richard Hawley,50
1ZvF4Sgnre3Rk2CpiNy077,hyperpop,Pop,https://i.scdn.co/image/ab6761610000e5ebff8d6cd8e07b46ee63497dbe,Sega Bodega,49
1ZwdS5xdxEREPySFridCfh,old school hip hop,Hip Hop/Rap,https://i.scdn.co/image/ab6761610000e5eb7f5cc432c9c109248ebec1ac,2Pac,82
1ZxriNuHn6Upjf3U97nnUN,indie jazz,Jazz,https://i.scdn.co/image/ab6761610000e5ebd575b0148c6d8fdaad8c95da,Skinny Pelembe,30
1ZzmTycawZ9YbMeiKcfKLL,acid techno,Techno & Trance,https://i.scdn.co/image/ab67616d0000b273fdeb8d57024ed91840309664,Vladimir Dubyshkin,41
1ZzqxDkqNDAJVaNO1xue3P,Electronic,House & EDM,https://i.scdn.co/image/ab6761610000e5eb7c8179ff3a69e7facdc8078b,Fabiana Palladino,29
1a2ZdtjsHAMD9bnwn7jxaC,power pop,Rock,https://i.scdn.co/image/b6782339c7d7e3fb7338c73c46386d524f005f31,TSAR,19
1aBkI1XS3Qq7KgbYEIf4Ul,trip hop,Ambient & Experimental Electronic,https://i.scdn.co/image/f4749173ff31691d5cbcb6fc7029b629378db2bc,The Irresistible Force,26
1aDpQ3bo57IlYWmsG5sdlp,noise rock,Alternative/Indie,https://i.scdn.co/image/ab6761610000e5eb379dc3baee50fb02c197a385,Melt-Banana,33
1aHiF3ESIMQtH7PGzhi6fl,nu jazz,Jazz,https://i.scdn.co/image/ab6761610000e5eb11a4cec9b31a69511e7b4084,Neil Cowley Trio,40
1aIozCeQrpKipbEdkGtr0j,Rock,Rock,https://i.scdn.co/image/ab6761610000e5ebc599eff48c869816106f87af,Paul Heaton,38
1aLfVgwt8eBrpvHcutWmqe,,Unlisted,https://i.scdn.co/image/ab6761610000e5eb8c4a9d4a5f8004ad4d0195aa,The Nor'easters,30
1aQ7P3HtKOQFW16ebjiks1,punk,Punk/Hardcore,https://i.scdn.co/image/ab6761610000e5eba43a92d50e11b126604d710e,The Chats,52
1aSxMhuvixZ8h9dK9jIDwL,art pop,Pop,https://i.scdn.co/image/ab6761610000e5eb187017724e58e78ee1f5a8e4,Kate Bush,73
1aTDTChWWyiJH3SEnYrdVp,blues,Blues,https://i.scdn.co/image/ab6761610000e5eba82aabb7544cb90acc200370,Taj Mahal,52
1ah87EalVGzB4AEfY7zm2u,idm,Ambient & Experimental Electronic,https://i.scdn.co/image/ab6761610000e5eb04ed8079805c44948a8acbd1,Carrier,23
1aqJAeWLZmUZJ15mvLGZHx,lo-fi house,House & EDM,https://i.scdn.co/image/ab67616d0000b27379a0ae990d3c99b5fb82ca56,Snow Bone,1
1b6p8KZ14dw35fuIuDWQNV,dark ambient,Ambient & Experimental Electronic,https://i.scdn.co/image/ab6761610000e5eb21a002adac683f4a8eb33e19,Vatican Shadow,28
1b8kpp4DUwt1hWaxTiWQhD,mpb,Latin,https://i.scdn.co/image/ab6761610000e5ebce25c56eb261c36e5ebc7864,Gal Costa,66
1bB0hKohfWkczaTMQLQdlR,"Folk, World, & Country",Folk/Acoustic,https://i.scdn.co/image/ab67616d0000b2736f7c30f19c2de2920385c3a7,Robbie Basho,26
1bHYBM8vK4M1znRYvaXxDs,,Unlisted,,Sam M. Lewis,15
1bX78IZISmk0l30EwELgKh,noise rock,Alternative/Indie,https://i.scdn.co/image/ab67616d0000b273178f318cfd378e49e8cc136b,Dead Rider,2
1baJfj5CCxPO9VEzlGSBLm,laïko,Unlisted,https://i.scdn.co/image/ab67616d0000b27318b865b213af4ddeef00d208,Grigoris Bithikotsis,44
1bcztlEOrJIIfLbUIKQY6O,Rock,Rock,https://i.scdn.co/image/ab6761610000e5ebd1b7e36fadb4850431a6edc1,Michael Rault,29
1bdAJUX6JPsnYHbTl5jbk6,singer-songwriter,Folk/Acoustic,https://i.scdn.co/image/ab6761610000e5eba4f5e2f801a142e2b462b241,Joan Armatrading,51
1bgyxtWjZwA5PQlDsvs9b8,vocal jazz,Jazz,https://i.scdn.co/image/ab6761610000e5eb1443b3d0c1d38e982e49ec85,Sarah Vaughan,57
1bs7HoMkSyQwcobCpE9KpN,folk rock,Folk/Acoustic,https://i.scdn.co/image/ab6761610000e5eb4626b4e3185058d73c9ec7a7,The Mamas & The Papas,70
1btv9qmIpbp7q1ixCYNdHu,techno,Techno & Trance,https://i.scdn.co/image/ab6761610000e5eb82a9264914ccc2cb7bf8d991,Adam Beyer,56
1buRQJUaOGTgp36hBMda6y,melodic bass,Unlisted,https://i.scdn.co/image/ab6761610000e5ebb1609c1ba10c54b13b781785,KERO,32
1c47yZHEy5HSqth3hexuIe,lo-fi beats,Hip Hop/Rap,https://i.scdn.co/image/ab6761610000e5eb7f08fc05205560ed1c4125ee,Ozoyo,31
1c733CliZ5lPyy4Il3s21t,dub techno,Techno & Trance,https://i.scdn.co/image/ab6761610000e5ebaa208485f12e635b04af2237,Conforce,15
1c7bxvBwJrMuZKwx4EDPHf,lo-fi house,House & EDM,https://i.scdn.co/image/ab6761610000e5eb88b6be9afc556fc7314e85dd,Galcher Lustwerk,38
1c9K7d9s1NpEGxZkJfmL32,idm,Ambient & Experimental Electronic,https://i.scdn.co/image/ab67616d0000b27343c1c261f1c1f77b3e097d4b,Poly Chain,0
1cCexZ1KXsLcJlCogo3VsD,blues,Blues,https://i.scdn.co/image/e9d6053491d597e203a69e61ce94af090efe8019,Kevin Coyne,22
1cKNtCaFs3dRO88WDOVTeg,classic blues,Unlisted,https://i.scdn.co/image/ab6761610000e5ebd7cf3eb30735b8224bb8e00d,Geeshie Wiley,17
1cL6b5xIECGYkaelSuRalF,children's music,Novelty/Spoken Word,https://i.scdn.co/image/ab6761610000e5eb976bf6f8f852b55a7ee94dec,The Mik Maks,42
1cLOY9H3pg2sw6rkYkWlZX,ragtime,Jazz,https://i.scdn.co/image/ab67616d0000b273086bdfafe52a2d7b774ac462,Paul Barbarin,10
1cS5EoXVqz7aON00AkVBBA,minimal techno,Techno & Trance,https://i.scdn.co/image/ab6761610000e5ebaf0fc544d648de32347577a9,David August,43
1cT5HMubEoFMfZco00oO1t,southern gothic,country/Americana,https://i.scdn.co/image/ab67616d0000b2738519ecfb1aad5275ff24b81a,Aubrey Atwater,4
1cTFPzuPsiYtINcLic2qCV,dub,Reggae/Caribbean,https://i.scdn.co/image/ab67616d0000b27317524830454e43bf9f3f9977,Dubamine,26
1cZ4u9QSq2kExI0MUBvZH4,acid house,House & EDM,,Aquastep,4
1cZTuS2zcWg2bvc6B1LmLI,minimalism,Classical/Orchestral,https://i.scdn.co/image/ab67616d0000b273e38b547850d0d613f49661d5,Icebreaker,17
1cdLR0Fz14MLkWY78hNTYT,footwork,Bass Music,https://i.scdn.co/image/ab6761610000e5eba8e2ed8ffe6298307dd12503,DJ Slugo,33
1cfzKTd2Dvx7RPurzdyAeR,,Unlisted,,Milroy’s of Soho,0
1clAnI6PODaoVlbzlUPOfU,soul blues,Blues,https://i.scdn.co/image/0e429e61767048476bb86b24932a9430afe0f33e,Ted Hawkins,38
1co4F2pPNH8JjTutZkmgSm,punk,Punk/Hardcore,https://i.scdn.co/image/ab6761610000e5eb5b9f46a5c5bf8243179d56b0,Ramones,67
1cuov4jcw3lXOvCANG7Kg4,jungle,Bass Music,https://i.scdn.co/image/ab6761610000e5ebf976de3dca9c566f2f8dba9a,Doc Scott,30
1cwNKCIuq12wLqAAsC1Zyi,uk r&b,Unlisted,https://i.scdn.co/image/ab6761610000e5eb0cad90e0a21bb14c3ae94f36,Jevon,30
1cwlYsgHBYvLzT4C24AliQ,drum and bass,Bass Music,https://i.scdn.co/image/ab6761610000e5eb97754509f66d4cb7f34f3ee7,DJ Zinc,48
1dDTkRz9WVOQr63enjJ1Yd,minimal techno,Techno & Trance,https://i.scdn.co/image/ab6761610000e5ebc673456b1c8a702ef9a60df7,Sascha Funke,39
1dIdBZaaHRW2bDTkHNfWln,Electronic,House & EDM,https://i.scdn.co/image/ab6761610000e5eb91bfd068f1e484b1002e3580,The Veronicas,60
1dKzjmxVJw8SSE0LVxW2Dp,post-rock,Alternative/Indie,https://i.scdn.co/image/ab67616d0000b2730a55711006e7b6a91c39b887,Mark Hollis,30
1dOXNoHa9mhmXRPnhJ6D7U,lo-fi house,House & EDM,https://i.scdn.co/image/ab67616d0000b273556799f3f437c50099488f8d,Dj Kush Boogie,10
1dUvwL9aCbVrB2UMFAHp0i,cool jazz,Jazz,https://i.scdn.co/image/ab67616d0000b273ed2426690b1a07288d8f1811,Pete Jolly,26
1dc9cp32VYdNZ1C6nmAmwa,Electronic,House & EDM,https://i.scdn.co/image/ab6761610000e5eb27dc6fb741befdcddfdeb432,Naphta,2
1dfeR4HaWDbWqFHLkxsg1d,classic rock,Rock,https://i.scdn.co/image/b040846ceba13c3e9c125d68389491094e7f2982,Queen,86
1dltH13STs72NOVycFeamM,Electronic,House & EDM,https://i.scdn.co/image/ab6761610000e5ebd3c39303f5bd573d8ad049aa,Rexy,24
1e16kiJQtCTveTl7TQnkFN,funk,Funk/Disco,https://i.scdn.co/image/ab6761610000e5ebd3768b9a36bf6d375d6919d7,Scary Pockets,54
1eClJfHLoDI4rZe5HxzBFv,Rock,Rock,https://i.scdn.co/image/ab6761610000e5eb9bfd44c9bd2aae22edfd99bf,INXS,72
1eEfMU2AhEo7XnKgL7c304,christmas,Jazz,https://i.scdn.co/image/ed45f575339b044d7168780a15ff457b85be851a,Carpenters,72
1eFFmUlWRIvt26lnUzdduk,idm,Ambient & Experimental Electronic,https://i.scdn.co/image/ab6761610000e5ebf214aeb7f8e48dc93e50de58,Proc Fiskal,22
1eIplU9Tirv31ciSwMlPrl,celtic,Folk/Acoustic,https://i.scdn.co/image/ab6761610000e5eb13ecdcb64d8dd07b49d68dfa,Siobhan Miller,44
1eLGpX2MvcaCgjhg2UwJZC,exotica,Pop,https://i.scdn.co/image/ab67616d0000b2735e1377ef62a6bb31c871dc5a,Johnny Keating,17
1eM04Kj9DckOUmU1LOfj8j,dub,Reggae/Caribbean,https://i.scdn.co/image/ab67616d0000b273e5615acd7584843b24a2ddc1,Niney The Observer,31
1eMmoIprPDWeFdB1FxU6ZV,Rock,Rock,https://i.scdn.co/image/ab6761610000e5eb5480d340c983b442c3f5fdbe,Au/Ra,65
1eSFjbv86usit5ZF5ywtLf,Hip Hop,Hip Hop/Rap,https://i.scdn.co/image/ab6761610000e5eb1e246404146b49a540566bd4,808INK,34
1eTZGzLkukATM7FoGltyFs,country blues,Blues,https://i.scdn.co/image/ab6761610000e5eb6dcca405e2e5b458ad876b1a,Elizabeth Cotten,38
1eiodDx0lIftKNviQGG95x,chicha,Latin,https://i.scdn.co/image/ab6772690000c46cec3d55b9896cbf42bb6bcd6f,Chicha Libre,38
1eni6fNAZKWX7rDbcqCrOG,ragtime,Jazz,https://i.scdn.co/image/ab67616d0000b273035abd9c925dc485bf0c15c8,New Orleans Ragamuffins,1
1f1bsto5CRaRaaGkZvvjOn,afro house,House & EDM,https://i.scdn.co/image/ab6761610000e5eb2ee8ac8f90d2f09b1d76aced,Boddhi Satva,38
1f6TTocyaqNFvwD4xsrDTh,drum and bass,Bass Music,https://i.scdn.co/image/ab6761610000e5ebb807b2d416a1e77e01afd19c,Drumsound & Bassline Smith,38
1fEDf2uzrvMRpkUifuP2p2,Rock,Rock,,Badgerlore,0
1fIzM2bmsXG77E5EMPtdKW,drone,Ambient & Experimental Electronic,https://i.scdn.co/image/ab6761610000e5eb622bc05b2c5c89e8965c568c,Oren Ambarchi,31
1fN3lF5RILxJeG9H8EhEDo,Electronic,House & EDM,https://i.scdn.co/image/ab67616d0000b273a61df3cf3da76957d72862e3,The Grid,39
1fRDjIw7rV2L8ZqQZWs41m,Electronic,House & EDM,https://i.scdn.co/image/ab67616d0000b2731b0269a9ebfa5d065b8a612e,"Marc Romboy, KiNK",0
1fUMEn4Yk7ZUloozE0fRLL,Electronic,House & EDM,https://i.scdn.co/image/ab6761610000e5ebf753122b73ac107da66fd4c2,Jamie Woon,48
1fVyf1LbeIEE4DUT4dZhHL,"Folk, World, & Country",Other,https://i.scdn.co/image/ab6761610000e5eb571cde1325b52c24c47ff589,Josephine Foster,31
1fXaiQgsx9jfFI9PhHpIM8,lo-fi house,House & EDM,https://i.scdn.co/image/ab67616d0000b273c28b486413eddbae4ee21755,East Of Eden,1
1fa0cOhromAZdq2xRA4vv8,Electronic,House & EDM,https://i.scdn.co/image/ab6761610000e5ebdf126340c69932e9c9ff27de,Simply Red,73
1fbC8ATYVPUeFy2h5NOK8x,Electronic,House & EDM,https://i.scdn.co/image/ab6761610000e5eb1f22a84e29ce7f03ee5ae9a2,Nightbus,37
1fn7MenhSzckjiI1BT7UUz,gabber,Garage & Breaks,https://i.scdn.co/image/d082aac27bd7483ee2dbac332b3b00bd7c1f7fe5,Tapage,3
1fpXM23IoNckJ7NDAm8YJQ,southern gothic,Other,https://i.scdn.co/image/b03b246fcca2c3bdff607f2befa18ac16f546c6a,Mark Lanegan,50
1fwuUuFbqXJx3B17PUhFCE,reggae,Reggae/Caribbean,https://i.scdn.co/image/ab6761610000e5eba357160614d8ae20de4732e6,Hollie Cook,53
1gH9xoeNySnEkCtR2kbPiQ,grime,Bass Music,https://i.scdn.co/image/ab6761610000e5ebdcdb035dd4f569f3dc399d3c,Swindle,39
1gIroYxQAjqS57cmHpgUuh,swing music,Jazz,https://i.scdn.co/image/ab67616d0000b27370cfbf9195a156fe5f7c88fd,The New Orleans Swamp Donkeys Traditional Jass Band,11
1gR0gsQYfi6joyO1dlp76N,french house,House & EDM,https://i.scdn.co/image/ab6761610000e5ebf140c161d9f9cc9afe85b6ed,Justice,69
1gRNBaI4yn6wCCTvRhGWh8,Rock,Rock,https://i.scdn.co/image/ab6761610000e5eb960f33e2e44a53d836dc8ffb,Don McLean,67
1gfIkFZ4hIs2gETkRVaY68,traditional country,Country/Americana,https://i.scdn.co/image/ab6761610000e5ebd3c972dcebb8939e9095e934,Sons of the Pioneers,39
1ghdEIduwzAIwtOj3eHWx6,Classical,Classical/Orchestral,https://i.scdn.co/image/ab67616d0000b27378cb4113ac54864f80868685,Thomas Simpson,7
1giPBWN0VDXGhXEIROGhvM,Pop,Pop,https://i.scdn.co/image/c3c303686b9bad23900b3ff5dd5ab1a107dbc601,Linda Perhacs,46
1gitvozvRIt6HisVREf3Hy,melodic techno,Techno & Trance,https://i.scdn.co/image/ab6761610000e5eb2556d665a36802913587a621,Volaris,34
1gkSl4XpHIHI4I1WQbfXOE,electroclash,House & EDM,https://i.scdn.co/image/ab6761610000e5eb8ca297a1b63e3ed008847172,Peaches,49
1gkcZQArk5rV8uBwG8y5FX,"Folk, World, & Country",Folk/Acoustic,https://i.scdn.co/image/eb75e4c21bda45df023d29471e188fb6e9eb0bf2,Amy Adams,51
1gl0S9pS0Zw0qfa14rDD3D,indie,Alternative/Indie,https://i.scdn.co/image/ab6761610000e5eb7fabcff4fe07270f07039355,Surf Curse,71
1goerABWhGQPWKhMCZeJ68,madchester,Rock,https://i.scdn.co/image/ab6761610000e5ebb5341a99b09ece642725f10a,Tim Burgess,20
1gpe3l1VsbKu6qbFIj5ArO,neoclassical,Classical/Orchestral,https://i.scdn.co/image/ab6761610000e5ebc839083a79be4680b6c2ac89,Lennart Altgenug,46
1gqScLJ95gthFQ3TavIKSk,alternative dance,House & EDM,https://i.scdn.co/image/ab6761610000e5ebac0a61f04595ca5a0cb1195d,TISM,35
1gxXzfykdtDuod56hPkYyr,Rock,Rock,https://i.scdn.co/image/ab6772690000c46c3b53e3de5483c17a8ec2622f,Art Brut,28
1h0hOL3bVcYlg4xcSjU7fP,blues,Blues,https://i.scdn.co/image/081881764ea085a0c228fae3fa95845e35fc6a0b,Otis Rush,43
1hCkSJcXREhrodeIHQdav8,soundtrack,Soundtrack/Instrumental,https://i.scdn.co/image/ab6761610000e5eb91e7dd670bc7d3ec7d1cbc6f,Ramin Djawadi,69
1hJuGCUpefX24GFmss9bjH,Rock,Rock,https://i.scdn.co/image/ab6761610000e5eb490e326b6e7e3eb9030520bf,Amy Macdonald,67
1hMTiRk0z0lsiH5GawNGdO,Funk / Soul,Funk/Disco,https://i.scdn.co/image/ab67616d0000b273152652fbc83dd05a1a91e65a,Cross Jordan Singers,0
1hPgyZ5YatVFXQBhsXKTpq,Rock,Rock,https://i.scdn.co/image/ab6761610000e5eb9de4dcb020e966903b64db0f,Alberta Cross,31
1hQuWl1dueM7ChRUZRn05z,Electronic,House & EDM,https://i.scdn.co/image/ab6761610000e5eb23fbcd9120b5ad3e95895fbc,Opus III,49
1hgSRynh0eJx0oaiJDyDCb,rap metal,Metal,https://i.scdn.co/image/ab67616d0000b2738a508ce767c04ca47196738e,Fistfunk,3
1hhxuU75sJtitW71UWiCAP,children's music,Novelty/Spoken Word,https://i.scdn.co/image/ab6761610000e5eba702cac685e2e0433fb884c8,Nursery Rhymes Band,56
1hrQ50kU6hMQBVLatqUqnO,progressive rock,Rock,https://i.scdn.co/image/ab6761610000e5eba66894a8af6541d3019e1d7a,Gentle Giant,42
1ht9oSlPiNywrg22T2sM8d,rocksteady,Reggae/Caribbean,https://i.scdn.co/image/ab67616d0000b2731cc1d46e54e45cc12ece69c0,Derrick Harriott,40
1hwAhXzyuEUjug2pyNVSvg,trip hop,Ambient & Experimental Electronic,https://i.scdn.co/image/ab6761610000e5eb7fe667047f1a760f42041fd3,DJ Cam,44
1i27Umpz7ZtcEXWN2lK206,industrial,Alternative/Indie,https://i.scdn.co/image/ab67616d0000b273ce8e3c5b91d3d677a51423ff,HUREN,0
1i4t1dxSeieMHdepbbnRuX,traditional folk,Folk/Acoustic,,Miles Pratcher,1
1i6320DrZyxXE99Gk6baJL,bassline,Bass Music,https://i.scdn.co/image/ab67616d0000b27310e6b83c1413c0688f84b040,Karl Vincent,14
1i8SpTcr7yvPOmcqrbnVXY,reggaeton,Latin,https://i.scdn.co/image/ab6761610000e5eb463e10d5f1a533ddd6eb9a04,Ozuna,89
1iN88Aaay0EANBTWOC0EWF,idm,Ambient & Experimental Electronic,https://i.scdn.co/image/ab67616d0000b273dab5476ddc5e6af806b83006,FAH,1
1iNNWK8bYjc5EK0waLk1J1,bluegrass,Country/Americana,https://i.scdn.co/image/02b9a077c9972ca7d79069f1485da39e82634af4,Flatt & Scruggs,43
1iaGffGcjxdzSFkwfCN2Ul,house,House & EDM,https://i.scdn.co/image/ab6761610000e5ebed864f619dd42868d0feb8d8,Dennis Quin,56
1ilhXoWIlGxz3fM4B24mNo,power pop,Rock,https://i.scdn.co/image/ab67616d0000b273596ac7d1db535375c2163a9a,The Dukes Of Stratosphear,25
1illUSH6N5soc068Yerppx,adult standards,Pop,https://i.scdn.co/image/ab67616d0000b273914c8ecea3c45df1c5a13171,Eileen Barton,20
1ix1aDOd7GSOeT9iqNh5KO,industrial,Alternative/Indie,https://i.scdn.co/image/ab6761610000e5ebcce9227d4bdb2ddb7b0e3e64,Pharmakon,21
1j2hNT09Cr9d0KbxGTpimG,math rock,Alternative/Indie,https://i.scdn.co/image/ab67616d0000b273b8da04879ab3059d6a862727,Nought,0
1j3MgTGdEPOg24YXGJd9gP,neo-psychedelic,Rock,https://i.scdn.co/image/ab6761610000e5eb9f40258f1f3cd0b9098edff9,MEMORIALS,23
1j776bTgiPHNyTNFa4hARh,children's music,Novelty/Spoken Word,https://i.scdn.co/image/ab6761610000e5eb8c1fbd1dad2c15278bce8ec2,Levity Beet,34
1jCVSnyE6YOGqiKJXVRj6q,neo-psychedelic,Rock,https://i.scdn.co/image/ab6761610000e5ebe37a0b9c6c36b3f96ab29044,The Spyrals,38
1jR7PWJW17d3h2kEUqW0Tu,jungle,Bass Music,https://i.scdn.co/image/ab6761610000e5ebbcab9689bd85aef0909deddc,FFF,19
1jSaZgaKHmgc7VTgML528r,Rock,Rock,https://i.scdn.co/image/ab6761610000e5eb431a75b6e3131eaea120effe,Clap Your Hands Say Yeah,43
1jVgvfKynkRWY4SymwtOBS,grime,Bass Music,https://i.scdn.co/image/ab6761610000e5ebfa8fcbd5e2377eff0918f4f1,President T,33
1jXXs1UilBz3vGm39I25FU,synthwave,Pop,https://i.scdn.co/image/ab6761610000e5ebe98f84fc0f62ed87129cb038,Russ Davies,38
1jeEITLt57dM6g3JjToUmN,jam band,Rock,https://i.scdn.co/image/ab6761610000e5ebcc4e71789aee10cbd4cbc811,Toubab Krewe,28
1jeYbk5eqo6wgsQPjLeU5w,anti-folk,Folk/Acoustic,https://i.scdn.co/image/ab6761610000e5ebc963f823464dc6e609e850d8,Daniel Johnston,46
1jjplgZcgCwhU7JlGhBQiw,ebm,Ambient & Experimental Electronic,https://i.scdn.co/image/ab6761610000e5eb374df698828c0b00ce137806,Phase Fatale,27
1jofoMyHK5JjLIESpm991n,space rock,Rock,https://i.scdn.co/image/ab6761610000e5ebf4ac2a5fbfa050161aaefc50,Pure X,34
1jwOuEBcOKq0BeudSarbEM,Rock,Rock,https://i.scdn.co/image/ab6761610000e5eb53022d9a3df671aa4fdf8afb,Amen Dunes,37
1k8VBufn1nBs8LN9n4snc8,acid jazz,Jazz,https://i.scdn.co/image/ab6761610000e5ebc7b519f1a094dfe6c3b6357a,Stereo MC's,53
1kGgLfwxUWUuggbxjF29Ds,Electronic,House & EDM,https://i.scdn.co/image/ab6772690000c46ca6b72af85470c9cb6895df61,Charles Stepney,23
1kObei2IODphSwCsUHFQdo,Pop,Pop,https://i.scdn.co/image/d582c8c96643ccf8dc16b76d2ed6f91db81f16e4,LMNT,35
1kQP1Xg6Q8bmdjXAirDQKG,ambient,Ambient & Experimental Electronic,https://i.scdn.co/image/ab6761610000e5eb42c56fe07c598033432eb94c,Roméo Poirier,25
1kR99O4MgSTasyeJh8UFCg,Electronic,House & EDM,https://i.scdn.co/image/ab6761610000e5ebc432509ef25942cde007185d,DJ Koze,53
1kTBhbobT38Dg6tfbHPK91,Pop,Pop,https://i.scdn.co/image/ab67616d0000b2735e07beed771db50692d3d631,Peppino Gagliardi,48
1kYd37riIExqdm9g0juqGJ,folk rock,Folk/Acoustic,https://i.scdn.co/image/b98e383ffe0b4832c7a14a5c1d35299e2a4f85fc,Sandy Denny,34
1ka7qagLBQCecu8j0QRKuT,comedy,Novelty/Spoken Word,https://i.scdn.co/image/e2b946cf3abbb887a3cbcbacbe7e7ead72bed95d,The Marx Brothers,13
1khAA8VuCVfObL4xdfcft6,lo-fi house,House & EDM,https://i.scdn.co/image/ab6761610000e5eb55dbf58460286e4e5ffb912a,John Roberts,17
1kkpNi8Ii5MhBMxmUhN5g9,acid rock,Rock,https://i.scdn.co/image/ab67616d0000b2730483232f2c2961c731e9346e,The Electric Prunes,39
1kwGj7uDO5WXVXtQLvGJr0,future bass,Bass Music,https://i.scdn.co/image/ab6761610000e5eba80a8124c171ca1f5d95d160,Just A Gent,49
1kwNcpsa3dhpLE9ibJnfek,uk garage,Garage & Breaks,https://i.scdn.co/image/ab67616d0000b273e7adcfb65ab0f61c9adffe87,Smack,8
1kx78nQhmITF7OFvivyN4v,Electronic,House & EDM,https://i.scdn.co/image/ab6761610000e5eb78dfaa7dd341eba1faa8f8d9,Rui Da Silva,53
1ky3oGuE5XOsOzqiFEGwqR,nu jazz,Jazz,https://i.scdn.co/image/ab6761610000e5eb4af8f6668f3185cb65a3e48b,Mansur Brown,40
1lDMAbbNDbexmdOLHIruyM,techno,Techno & Trance,https://i.scdn.co/image/ab6761610000e5ebedd268853002a715c3cd704e,Steve Bicknell,16
1lGFrlrax8KaaYwF2WJnDo,cajun,Country/Americana,https://i.scdn.co/image/ab67616d0000b273f57f576fcca81b3de4e65157,John Boutté,25
1lPnbIoKFt1RolCn7qAFNm,grime,Bass Music,,Big-E-D,0
1lYT0A0LV5DUfxr6doRP3d,madchester,Rock,https://i.scdn.co/image/b402bab4eb25e953eef911e1fde6076e116ce0b2,The Stone Roses,65
1leko53QTKOGnNA3OiNKFT,trance,Techno & Trance,https://i.scdn.co/image/ab67616d0000b273e1c2b6c56b5647cc6bf2d0f3,Senses,1
1ll45mCZIveI9KHNZx2DdS,alt country,Country/Americana,https://i.scdn.co/image/ab6761610000e5eb1f03e6315329c9c59d4fffb5,Purple Mountains,36
1llUGXhBESnmaCxpBV4zwe,slowcore,Alternative/Indie,https://i.scdn.co/image/ab6761610000e5eb54a7025bb687d062826510de,Nina Nastasia,23
1lqeOtFoEHyRGR9QoRJpEz,idm,Ambient & Experimental Electronic,https://i.scdn.co/image/ab6761610000e5eb834cd94c3173964a1cdf1791,Ametsub,19
1lrPNYVtvuiB3lmOjbyJc9,musicals,Unlisted,https://i.scdn.co/image/ab67616d0000b273fafe91c0edcd01d96831dc31,Faith Prince,30
1lszP2VgNvCCzMc9uroSZ4,Electronic,House & EDM,https://i.scdn.co/image/ab6761610000e5ebff878a8a959cdb754c390eed,SHAKED,7
1luY92PbdGWRyBRY1ZR7o1,folk,Folk/Acoustic,https://i.scdn.co/image/ab6772690000c46c78a11e0cc26d101165aa0846,The Unthanks,30
1lvVzEkQ4u72rrZ7bNUkcD,Hip Hop,Hip Hop/Rap,https://i.scdn.co/image/ab6761610000e5ebf4fbebe55e887531bb6b9433,Hot 8 Brass Band,38
1m0gRTAeSxz164yajYCvri,,Unlisted,https://i.scdn.co/image/ab6761610000e5ebe4572adb4e1c91705b417df5,Michael P. Kramer,20
1m4g9lJb3m89G17e487Fqi,electroclash,House & EDM,https://i.scdn.co/image/ab67616d0000b273b07ba568a3d5b945b0f06f94,Golden Boy,22
1mC0FqPLboQUFfxYuthfdn,Electronic,House & EDM,https://i.scdn.co/image/ab6761610000e5ebd1214a3f8a1632f9ebc928e4,Jozef Van Wissem,36
1mNcpWcrGRZUvSPgJDVCpS,jungle,Bass Music,https://i.scdn.co/image/b46a9ed709fc3b8052cd3c45c429b30cecbc6141,Jonny L,35
1mNnxxnPfHQDOkFjnZmdkc,post-disco,Funk/Disco,https://i.scdn.co/image/ab6761610000e5eb71fda335e8846c853aa669d6,Patrice Rushen,62
1mOEsXsZ4HHjiOhwwNzMHA,swing music,Jazz,https://i.scdn.co/image/ab67616d0000b273f0e1fa163413914859b229cc,The Blue Vipers Of Brooklyn,24
1mRzfxrZWqQ43XJ1Vi2wuH,Funk / Soul,Funk/Disco,https://i.scdn.co/image/ab67616d0000b273f38b3a2f3d17037d136d724b,Otis the 3rd,8
1mYm4Pf6wKtOxySSzKOhoS,Electronic,House & EDM,https://i.scdn.co/image/5b2fb699e60107cff03380272da551d1128dd6ff,WK7,11
1mZu3rO7qSD09GdDpePHhY,synthpop,Pop,https://i.scdn.co/image/ab6761610000e5ebe7efd9cceef0829d1439b11e,Frankie Goes To Hollywood,60
1mfp4yLNgjAdhr5soYvNqo,children's music,Novelty/Spoken Word,https://i.scdn.co/image/ab6761610000e5eb1ce6b6a2f6d61224063b8d98,Itty Bitty Beats,50
1mgn7oCvRVYMPVmfZAY7CV,son cubano,Latin,https://i.scdn.co/image/ab67616d0000b273ff62d1fda913dab120c56ac6,Grupo Changüí de Guantánamo,3
1mmehjf7eHA10uHMisZGJg,alternative dance,House & EDM,https://i.scdn.co/image/ab6761610000e5eb2bdea219d709156177f4896c,!!!,40
1moxjboGR7GNWYIMWsRjgG,baroque pop,Pop,https://i.scdn.co/image/ab6761610000e5eb836eb0a7a82eb8f4133ee04d,Florence + The Machine,79
1n02UdnML6G4wR162YsSRi,vocal jazz,Jazz,https://i.scdn.co/image/ab6761610000e5eb9ed74ac39e4cb991108b4ee9,Nikki Yanofsky,39
1n1k5yFQxYhohOmSWVmTo6,chanson,Pop,https://i.scdn.co/image/ab6761610000e5ebc64c84ba8db9beb7a8a7586e,Enrico Macias,50
1n5Q0UoYwXeQza7ucLqFne,idm,Ambient & Experimental Electronic,https://i.scdn.co/image/ab67616d0000b273c812ef71fe8a35eeeda66abd,Sweet Exorcist,9
1n5YEhuNLUQG4fyhft986d,Rock,Rock,https://i.scdn.co/image/ab6761610000e5ebdb0650b49c767b29d8de0ee5,Field Report,17
1n65zfwYIj5kKEtNgxUlWb,gothic rock,Rock,https://i.scdn.co/image/ab6761610000e5eb924bb9e7396ad3bc32cfeab0,Siouxsie and the Banshees,62
1n8c6hHrMJPPnM99Ih1vqH,classical,Classical/Orchestral,https://i.scdn.co/image/ab67616d0000b2730268edeeee46efabef6396dd,Samuel Sanders,39
1n8weD3dBC9KXXy8aYmZu7,techno,Techno & Trance,https://i.scdn.co/image/ab6761610000e5eb0d0290621ef428cc8e87a127,Brian Sanhaji,15
1nIUhcKHnK6iyumRyoV68C,Pop,Pop,https://i.scdn.co/image/ab6761610000e5ebd0430d67cd189b4b54dcf6f9,Ennio Morricone,69
1nJvji2KIlWSseXRSlNYsC,proto-punk,Other,https://i.scdn.co/image/d69c2cf10323bf08443c7d122f3a1824a760ab57,The Velvet Underground,64
1nOi03kPUAMbOCl4lX9Avp,dub techno,Techno & Trance,https://i.scdn.co/image/ab6761610000e5eb3eda7dfad1a38d40fa666790,Vril,30
1nSRa2YjjFWJLHGKM07oGQ,Funk / Soul,Funk/Disco,https://i.scdn.co/image/ab6761610000e5eb4cbb82c4bbbbe571d0f0b515,Blaque,47
1nVYeUhlYzmXf0Dl9yk8P2,celtic,Folk/Acoustic,https://i.scdn.co/image/ab6761610000e5eb0db3a71842c7996f61350c70,Andy Irvine,30
1nXlbKMRiXyiI6Rg1wnDOZ,acid house,House & EDM,https://i.scdn.co/image/ab6761610000e5eba8aaac769b05458ed1f86590,Ladybird,22
1nc1Et5azX3Oo2VprcVIGQ,traditional folk,Folk/Acoustic,https://i.scdn.co/image/ab6761610000e5eb6da4bc35ce43731ba73f16a2,The Gentle Good,21
1nj9nHPkz1IbxXEpkW1WTz,idm,Ambient & Experimental Electronic,https://i.scdn.co/image/ab6761610000e5eb2ba5fd6d981a1b6c6c7f5824,96 Back,16
1nw8iwDkSSHqn8S343ODcp,Electronic,House & EDM,https://i.scdn.co/image/ab6761610000e5ebbffe1bb4500851d61bb94b16,Chassol,38
1nxxFDcQjl85Vn3PSZs651,idm,Ambient & Experimental Electronic,https://i.scdn.co/image/ab67616d0000b273938cef4e880186be5d33e073,RX-101,15
1nyQBzKgZ2hBLr7PnyV7cI,psychedelic rock,Rock,https://i.scdn.co/image/ab67616d0000b273668eef9a15023a800efdbbba,Strawberry Alarm Clock,40
1o2NpYGqHiCq7FoiYdyd1x,Pop,Pop,https://i.scdn.co/image/ab6761610000e5ebdaaf5f75751b6379c108993c,Bea Miller,64
1o7zIbVAgDDHKijLVuLASg,britpop,Rock,https://i.scdn.co/image/ef43956ee281ec55f7d5fad7cfb80901b603185a,Longpigs,36
1oBWYL2vgseWD4sjtypCQ8,"Folk, World, & Country",Folk/Acoustic,https://i.scdn.co/image/ab67616d0000b27388ee32daba0107092bf15886,Kurash Sultan,0
1oDbLbJSRUBBOp9SU6NOjI,children's music,Novelty/Spoken Word,https://i.scdn.co/image/ab6761610000e5eb3c440e8ded13dd10533a22fa,Count Von Count,42
1oIc6UFndc0KEYAMtbYL0N,Electronic,House & EDM,https://i.scdn.co/image/ab6761610000e5eb6faf86e56a39e6032517c407,Black Onassis,0
1oLuIJGoRWhYTfA1h8RM5J,Electronic,House & EDM,https://i.scdn.co/image/ab67616d0000b273fe024ecd0a2180c2358e7139,Cyborg 95,0
1oMiDFyAgmIzw9ZBQYHOJI,drill,Hip Hop/Rap,https://i.scdn.co/image/ab6761610000e5ebbb7b34620040b2deefef3d3a,El Guincho,59
1oR9pQhucVTJyi5lH2Y2iT,vaporwave,Ambient & Experimental Electronic,https://i.scdn.co/image/ab6761610000e5eb76871cb2fc40a02d2ef1e401,Blank Banshee,31
1oSvdOGMjWupD3SJWcJOgg,drum and bass,Bass Music,https://i.scdn.co/image/ab6761610000e5eb30e36c59cafe81685557c45c,Instra:mental,19
1oYScdotTIXO74h10l8ISA,jazz funk,Jazz,https://i.scdn.co/image/ab6761610000e5ebfdd5a74048d9c78e3990326f,Redtenbacher's Funkestra,40
1oZmFNkGAT93yD1xX4vTRE,techno,Techno & Trance,https://i.scdn.co/image/ab6761610000e5eb02788d99e5636308304d2eec,Nina Kraviz,45
1odprh3myZFweAnqDPUMox,glitch,Ambient & Experimental Electronic,https://i.scdn.co/image/ab67616d0000b2732293ac4c08369fb22b3b40b4,Dictaphone,30
1otDUlTEBjcyDQg6CkHRaV,nu jazz,Jazz,https://i.scdn.co/image/ab6761610000e5eb8f9b85a429a6db150d33a0b0,Moses Boyd,49
1ououJVWgWsHWMYDLvT7sH,Rock,Rock,https://i.scdn.co/image/ab6761610000e5eb80aa0a97b5bffb4dbb03e51f,Ball Park Music,50
1p8OhmCL3zTXnRRG9z97Fp,jazz house,House & EDM,https://i.scdn.co/image/ab6761610000e5eb863f605d2ead20551f8d96bc,Soul Wun,50
1pBuKaLHJlIlqYxQQaflve,big band,Jazz,https://i.scdn.co/image/750c81eeb00d7a4a618bcebe9f0a7f4250a282e2,Benny Goodman,53
1pJCiTd2Is4hUveBFVFmAe,traditional folk,Folk/Acoustic,https://i.scdn.co/image/ab67616d0000b273016d83c7f240423631364732,The Kossoy Sisters,35
1pQ8qfxpuRJKEUFPGrf6Uc,Rock,Rock,https://i.scdn.co/image/ab6761610000e5eb1a1fe35014cdc9d1be298d91,ARXX,27
1pVtwG5Up1OZOEpSHJ4AAs,big band,Jazz,https://i.scdn.co/image/69c221e270781127f023e60bf6240b8465e3aaa8,Buddy Rich,42
1pW42WHCsBicnNoBkcbD7i,Pop,Pop,https://i.scdn.co/image/ab6761610000e5eb1613f105cf36e74326f8241f,Max Pope,30
1pbHrVayIcVpHI9z97u4bK,big room,House & EDM,https://i.scdn.co/image/ab6761610000e5eb13ed6ed33980ae1a5ab19275,Bingo Players,59
1pf3joSSGlPRxmUoWSsh1W,Funk / Soul,Funk/Disco,https://i.scdn.co/image/ab6761610000e5ebec1c9bc007ef5af8cbda8dc9,Finley Quaye,46
1pgtr4nhBQjp9oCUBPyYWh,power pop,Rock,https://i.scdn.co/image/fe75e6f4ba0b2e75e97e3505f9daa112a606977f,Fountains Of Wayne,61
1ph6inW1HWQbwPSzoD1y0e,Pop,Pop,https://i.scdn.co/image/ab6761610000e5eb7606c00160fa8af91d48d81b,Gabriel Kahane,25
1pnPHRg5i0WzPwGqtIoadK,acid techno,Techno & Trance,https://i.scdn.co/image/ab6761610000e5ebaab884b4ca31d851a62fa5c8,Tin Man,21
1pwr5rTWLVfqhvHfB7Reap,cool jazz,Jazz,https://i.scdn.co/image/ab67616d0000b273965cab07549137cd4c73bb0a,Zoot Sims,44
1pyZxTpbRw7gwnEw73cfUy,rocksteady,Reggae/Caribbean,https://i.scdn.co/image/ab6761610000e5eb61d50607948a4b980ebd0682,Keith & Tex,42
1q4zY8qzOsCqIypqC5iQnd,vaporwave,Ambient & Experimental Electronic,https://i.scdn.co/image/ab6761610000e5ebb32fa1e21677a4040f370ad3,Phil Gerus,27
1qHR9DMfOJQjvWLEfMZQlG,jangle pop,Pop,https://i.scdn.co/image/ab6772690000c46c63c481923f952e4212eef648,Beat Happening,32
1qKLikeNYpQFSsDAjg7HpI,children's music,Novelty/Spoken Word,https://i.scdn.co/image/ab6761610000e5ebe42725c88bcf824b298144db,The Kiboomers,66
1qRPkug5FrvouQ1oOX5fso,northern soul,R&B/Soul,https://i.scdn.co/image/ab67616d0000b27393aba93f70ddf330ddf16be6,The Chosen Few,15
1qWwC3F5yNAOAftTN61doL,big band,Jazz,https://i.scdn.co/image/ab67616d0000b273d50ddd344addab3ed1d3fd98,Harry Roy,10
1qYevKJUnSHORUkRvnROUx,big beat,House & EDM,https://i.scdn.co/image/ab67616d0000b273bda426241633765cdebb959f,Big Bang,8
1qZnWtvzKVV0lJQZBapchU,blues,Blues,https://i.scdn.co/image/56aaaf0e800092a3c1cdb8eea5cbe990d0f6e07a,Jay McShann,29
1qbwKI8FXh805XrxaOex4P,celtic,Folk/Acoustic,https://i.scdn.co/image/49a877baad0565754106f1f4819accbe1c81c970,The Clancy Brothers & Tommy Makem,26
1qiwaJwjKod5WhcYZ76O1B,drone,Ambient & Experimental Electronic,https://i.scdn.co/image/ab6761610000e5ebcd1bb3562720521214eb29d1,Tim Hecker,45
1qo9Fb4nYgez0Hpfi2RuiV,Electronic,House & EDM,https://i.scdn.co/image/ab6761610000e5ebda71d924d3e36f9f9bcbb976,Dark Sky,40
1qpA7cv1psQzCWBScqTBTa,acid techno,Techno & Trance,https://i.scdn.co/image/ab67616d0000b2737be83b90efbefe0c4b8c9049,Burden,15
1qpR5mURxk3d8f6mww6uKT,Electronic,House & EDM,https://i.scdn.co/image/ab6761610000e5ebbc56269a1b01b89f2178b1e0,Shura,46
1qsa20MWDjV9QI93zn2i2s,Hip Hop,Hip Hop/Rap,https://i.scdn.co/image/ab6761610000e5eb3236615a7a3698d9e7a56e69,Cid Rim,29
1qxDhjTatsIGuMVF3LMAOX,acid house,House & EDM,https://i.scdn.co/image/ab6761610000e5ebaf71338877f1ddbd83db88b2,Cromby,25
1qykxtFM9KoTti5y3xV1uk,idm,Ambient & Experimental Electronic,https://i.scdn.co/image/ab6761610000e5ebf59ea972c7f0c03ba33faf14,FaltyDL,26
1r1k3lYgsOWmBVRYzofkvO,,Unlisted,https://i.scdn.co/image/ab67616d0000b2739593376c2cce35fa1b1c6e9f,Fart Fest,38
1r1uxoy19fzMxunt3ONAkG,Pop,Pop,https://i.scdn.co/image/ab6761610000e5eb626686e362d30246e816cc5b,Phoebe Bridgers,80
1r3usFuloWo113ldctoDnX,Rock,Rock,https://i.scdn.co/image/ab6761610000e5eb2689c49608a63b89e6c3508a,William The Conqueror,28
1r6nvWvnqJYcm8kW3cX1zQ,children's music,Novelty/Spoken Word,https://i.scdn.co/image/ab6761610000e5ebb0beff9a934956f8390cfee8,Justine Clarke,39
1rBMmvtO1VqLH4kSpe5oaU,space rock,Rock,https://i.scdn.co/image/ef2a91f194296d04a0eb747e6dce579a31f75443,The Focus Group,20
1rEBNCllAuxwnJ8fIjevHv,breakbeat,Garage & Breaks,https://i.scdn.co/image/ab6761610000e5ebd7c467e13523b6774fda6ce8,Adam BFD,8
1rEYhXObwdsvFq7di6k4ua,dub,Reggae/Caribbean,https://i.scdn.co/image/ab67616d0000b273a59e7e486e801366e45b03e2,Slimmah Sound,32
1rHh0AI30JhKrbzKIFjFNd,motown,R&B/Soul,https://i.scdn.co/image/ead0ca5746226e1bfbc53b7d848f3cd4d1318e37,Jr. Walker & The All Stars,48
1rK3Yx8fDn4uaECVlehOqf,footwork,Bass Music,https://i.scdn.co/image/ab6761610000e5eb08598f735b13746f7d941aec,Text Chunk,9
1rg5kOYYRHiJh0bY6Jg51Z,Rock,Rock,https://i.scdn.co/image/ab6761610000e5ebdd1af1f80bc350e2fcddf094,Panda Gang,0
1rvnJJghrxl1xakJZct08m,Pop,Pop,https://i.scdn.co/image/ab6761610000e5eb70dc1c601e7e1067525869f5,Sam Ryder,54
1s2OjLtmJ3iwKLtipEi0yc,noise rock,Alternative/Indie,https://i.scdn.co/image/ab6761610000e5eb5a92f7164353be0c228de44b,Dreamdecay,4
1s7S35l63ARpog9NZrU4tB,techno,Techno & Trance,https://i.scdn.co/image/ab6761610000e5eb9924795db7c43a27fef4f45a,P.E.A.R.L.,21
1s8NQxAEct8j8JZT05CIUu,christmas,Jazz,https://i.scdn.co/image/ab67616d0000b273ef48d43ca61c2e155a632049,Percy Faith & His Orchestra & Chorus,32
1sAkg8871iPVI0wPbOfIZa,Rock,Rock,https://i.scdn.co/image/ab6761610000e5eb4e41cb0b90dd55eb76881fdd,Fairground Attraction,43
1sBkRIssrMs1AbVkOJbc7a,southern hip hop,Hip Hop/Rap,https://i.scdn.co/image/ab6761610000e5eb8196a8109c28a8b8aca28fae,Rick Ross,80
1sSUBGud3QgpkiaQ27XDIm,Electronic,House & EDM,https://i.scdn.co/image/ab6761610000e5eb2f6c1364d4fc4884cf914406,Clock Opera,26
1sXbwvCQLGZnaH0Jp2HTVc,country rock,Country/Americana,https://i.scdn.co/image/ab6761610000e5eb5f374854cfe4d32df9ddeae4,Linda Ronstadt,64
1scitKDOobvcQlJb8DdP4n,drone,Ambient & Experimental Electronic,https://i.scdn.co/image/3f32ebd88c44dd8d714b14faa645a739514e45cb,Shuttle358,20
1sdyFmN4bVOcuFDpTVsxBB,hard bop,Jazz,https://i.scdn.co/image/ab6761610000e5ebdbb5ce7865a18716adba5083,Kenny Burrell,49
1sfInEFFhENvQrkNx72lRj,Electronic,House & EDM,https://i.scdn.co/image/ab6761610000e5eb1553deb37094dd2bde9366a0,Chris McCormack,7
1srvW9AP2k4GLhS3hlC3IN,nu jazz,Jazz,https://i.scdn.co/image/ab6761610000e5ebcda56157f2e5214225c9b4e8,Yazz Ahmed,34
1suIIDedjFJRuu8k7b55hZ,christmas,Jazz,https://i.scdn.co/image/ab6761610000e5eb9ff29aa334268318a78e3c36,Gayla Peevey,36
1suauzqO3RrYUWazgxCEEC,breakcore,Bass Music,,Oen Flux,0
1swEbnC4Eqkn2vXNWjoMLh,jazz,Jazz,https://i.scdn.co/image/ab67616d0000b27321160766b3d45a51b8ee83fd,Faraò/Durham/Zunino,41
1sxHktPJdyFPooHAQteL9k,Pop,Pop,https://i.scdn.co/image/9a6303d87089dc6275e92e40b68198f8a721dc58,Din,8
1sxHp39RqBEE01pgVqsdyP,minimal techno,Techno & Trance,https://i.scdn.co/image/ab6761610000e5ebc7306896f667b528a221ed2f,Marcel Dettmann,38
1t8gwZFUoJEM9nhSJxT7ks,lullaby,Novelty/Spoken Word,https://i.scdn.co/image/ab67616d0000b2732996bfa298c918fe241392f5,Vicky Arlidge,59
1tEQJQE1PCcfNVpQlM6I0X,techno,Techno & Trance,https://i.scdn.co/image/ab67616d0000b27332f5fa96b037bd783c6e6fdd,Stanislav Tolkachev,17
1tK28YnQJ6edBujubs7FXo,noise rock,Alternative/Indie,https://i.scdn.co/image/ab6761610000e5eb231f4dc229dd2198beef09dc,Whores,35
1tRBmMtER4fGrzrt8O9VpS,tech house,House & EDM,https://i.scdn.co/image/ab6761610000e5ebdb1ac80b1fbda08c55c3e4d9,Hot Since 82,51
1tUN2f2byOej4LZdDq1UO9,indie folk,Folk/Acoustic,https://i.scdn.co/image/ab6761610000e5ebd4e6a29a35ea34ffa0ebec7d,Isobel Anderson,23
1tcgfoMTT1szjUeaikxRjA,japanese classical,Classical/Orchestral,https://i.scdn.co/image/ab6761610000e5eb323c73cb431edf7ba9ed34b2,Ryuichi Sakamoto,65
1tchnux34dr1K8VevCDxPn,Electronic,House & EDM,https://i.scdn.co/image/ab6761610000e5eb73fa1705c2e4dcae27d294f9,Guillaume Poncelet,44
1tfXh4XxILEuMU2qZupFn8,yacht rock,Rock,https://i.scdn.co/image/ab6761610000e5eb30adcaa6c2679f09255fffa6,Firefall,50
1tho5dJnzdYD57EQkM3SmK,indie punk,Punk/Hardcore,https://i.scdn.co/image/ab6761610000e5eba63e883b18b6400ed33a2e94,Chastity Belt,40
1tov99lRWyoWgwcnrBFADL,dub,Reggae/Caribbean,https://i.scdn.co/image/ab6761610000e5eb18e586258c86cc7d5409edc0,Numa Crew,34
1tpXaFf2F55E7kVJON4j4G,southern gothic,country/Americana,https://i.scdn.co/image/ab6761610000e5eb671e6bba4b119e7b9675f1a4,Black Rebel Motorcycle Club,55
1tps7vnKOjlrx5aTe4lNJS,Electronic,House & EDM,https://i.scdn.co/image/ab67616d0000b27364b6c327b9df33243f1ff743,Dj Space,16
1tttI1iC4FsS6BM5l38oe5,Electronic,House & EDM,https://i.scdn.co/image/ab67616d0000b273ab1c33a1fdf13ba70164bb48,Marmalade,47
1twC2fwPG5FkvYcMpVBQRz,classic soul,R&B/Soul,https://i.scdn.co/image/5cdc6f9707988cd602164687718e2b9e868ee129,Randy Crawford,56
1u2RgFiCSd9phVG5OB51jr,,Unlisted,https://i.scdn.co/image/ab6761610000e5eb0e9274179b5a9a16bf0259b9,Spencer Cullum,30
1u7DsNFbakULvxnDGtMm90,techno,Techno & Trance,https://i.scdn.co/image/ab6761610000e5eb06039853033670a89d0a6ed6,Enrico Sangiuliano,55
1u8YzEYh6gvvFog95WtAao,traditional folk,Folk/Acoustic,https://i.scdn.co/image/ab6761610000e5eb96f2f2c2ee0fe58d83a2c087,Alan Lomax,28
1uFixbBAduJkFAeRKznkvW,blues,Blues,https://i.scdn.co/image/9cc76fbf0436d94a80a2bd1dab2bd9d3329d4a5c,Albert Collins,50
1uR7zoLrSRI8bSL43OZ0GY,Rock,Rock,https://i.scdn.co/image/ab6761610000e5eb648d083d1e570c228bf98ae4,Ezra Furman,46
1ubsCjea2yzGyHQEPol3Y5,garage rock,Rock,https://i.scdn.co/image/736d002dbc3122d36381f09441f010c881ddeac1,Coachwhips,23
1uiEZYehlNivdK3iQyAbye,indie soul,R&B/Soul,https://i.scdn.co/image/ab6761610000e5ebb52fc43462304eb6ae5bba5f,Tom Misch,67
1ukEEwzjucRtFTxiw2DrDZ,Rock,Rock,https://i.scdn.co/image/ab6761610000e5eb1c90369a7fd03d66359cd890,Goat Girl,32
1uztVQIpuMEDtDTBoEECOX,jungle,Bass Music,https://i.scdn.co/image/ab6761610000e5eb0d5a85a14bda92fa50b9b420,Danny Breaks,21
1v19AoURnbswk6M3Rdy5hv,traditional folk,Folk/Acoustic,https://i.scdn.co/image/ab67616d0000b273a908a3e37ffef23e80827ae9,Brenda Wootton,10
1v5NkSdWTAor1kg5L3WIiq,idm,Ambient & Experimental Electronic,https://i.scdn.co/image/ab6761610000e5eb697d7e95060519611e403677,Konx-Om-Pax,26
1vJHfCreWAS46V8RZ67ojo,techno,Techno & Trance,https://i.scdn.co/image/ab6761610000e5eb8d5e3d28f34a18f83d3ae81d,Ben Klock,39
1vPmwfwytzhoK1cXXWzQWI,nu jazz,Jazz,https://i.scdn.co/image/ab6761610000e5eb068c31b46e5047a804105a7a,Richard Spaven,39
1vSN1fsvrzpbttOYGsliDr,Pop,Pop,https://i.scdn.co/image/ab6761610000e5ebb8b0504e27b895cca3981a1c,Tori Kelly,67
1vhsVvdHbOfQvNVkNQjhIb,big band,Jazz,https://i.scdn.co/image/ab67616d0000b273b188fa1817462d2e3a72d2e3,Harry Roy And His Band,9
1vmqcuE0CYi8UdBhBbpHFI,acid techno,Techno & Trance,https://i.scdn.co/image/ab6761610000e5eb146947ebf31a05109538ceb0,SSTROM,10
1vpfRUhCqIsLTZyGVf5Gkr,Rock,Rock,https://i.scdn.co/image/ab6761610000e5eb479dbe77f119382e89f7f28a,Camp Saint Helene,26
1vqVpMkCSaE0RsQZ0Fvfvh,lullaby,Novelty/Spoken Word,https://i.scdn.co/image/ab67616d0000b27368762113137c759091f8df5a,The Little 'uns,42
1vrwXqSGdLsWtvIev4H0WH,post-hardcore,Punk/Hardcore,https://i.scdn.co/image/ab6761610000e5ebcc584732a5c5d1c3eee1f908,Hell Is For Heroes,26
1w5Kfo2jwwIPruYS2UWh56,grunge,Rock,https://i.scdn.co/image/ab6761610000e5ebe431fb8ba17cdee73e4ce08a,Pearl Jam,79
1w6dOZHBCUnNDerfAd7dzK,lo-fi indie,Alternative/Indie,https://i.scdn.co/image/ab67616d0000b273f2f15ec02bdfeceb80debba3,Nalle,1
1wAvVTxYw932BnBO5JhrXJ,post-punk,Rock,https://i.scdn.co/image/ab6772690000c46cd9703d5767268ce7c25194e1,Josef K,22
1wCc2Wgga1H8C7u57pcqYk,Rock,Rock,https://i.scdn.co/image/b33fe20077c80ab2fcbed930634eeb8d76a231bc,Freddie & The Dreamers,32
1wDClxPQ3dnP5IfginkLma,nu jazz,Jazz,https://i.scdn.co/image/ab6761610000e5eb427e030b6bf23ec1f1ef03fa,Bibi Tanga & The Selenites,40
1wHmR7I0UlF58WFQexCPha,darkwave,Ambient & Experimental Electronic,https://i.scdn.co/image/ab6761610000e5ebd648c92f927cb4820d7b65d3,Clan of Xymox,44
1wUmdemiR9Dxw8A2el365A,Hip Hop,Hip Hop/Rap,https://i.scdn.co/image/ab6761610000e5ebfd2c7dd9ef0305c04dd9eab7,Stalley,42
1wlzPS1hSNrkriIIwLFTmU,experimental hip hop,Hip Hop/Rap,https://i.scdn.co/image/ab6761610000e5eb1cb30dd690ad62b3a98d4540,MIKE,60
1xCRJ0XrcQKEkjk50ILWbt,egyptian shaabi,Unlisted,https://i.scdn.co/image/ab6761610000e5eb4a64c616124866952c71dcd3,Hakim,54
1xD85sp0kecIVuMwUHShxs,Rock,Rock,https://i.scdn.co/image/ab6761610000e5eb28101ecae7102233a50d2c2a,Twin Peaks,45
1xPJUnlSWLJHXch33w1Ljj,swing music,Jazz,https://i.scdn.co/image/a93931a8d50fe31f970cd303f5af8aa5a102edc6,Royal Crown Revue,41
1xSXnf7mFuxNF0CMyQmpX2,,Unlisted,,Sam Maghett,23
1xU878Z1QtBldR7ru9owdU,indie,Alternative/Indie,https://i.scdn.co/image/ab6761610000e5eb722051daeb10119e2e039724,Phoenix,67
1xdB9gS1NrKEYgZUEfoqIw,britpop,Rock,https://i.scdn.co/image/ab6761610000e5eb790247aabc806982cb370af3,Idlewild,41
1xgFexIwrf2QjbU0buCNnp,riot grrrl,Punk/Hardcore,https://i.scdn.co/image/ab6761610000e5ebc87498a722235a5c029a0aa5,The Breeders,54
1y0XP5nAN3zuXQ3vcPJ74x,bass music,Bass Music,https://i.scdn.co/image/ab67616d0000b273805e81e0cb4f02b1d467fdb6,Effy,0
1y2nGD97ClVmvdvLzGKCtB,lo-fi house,House & EDM,https://i.scdn.co/image/ab67616d0000b2739a77a0addc5e9a4ba04f23ca,Romansoff,0
1y2rqr1xpuz2ia93MQ9eEC,folk,Folk/Acoustic,https://i.scdn.co/image/bdea97cdbc3a6c38c4d0821ff372bac655767090,June Tabor,29
1yAwtBaoHLEDWAnWR87hBT,indie rock,Alternative/Indie,https://i.scdn.co/image/ab6761610000e5eb39b413eb76d2ae87496d76b8,Modest Mouse,67
1yMYjh77WgOVafRkI50mim,Rock,Rock,https://i.scdn.co/image/9101beb98984fddaf5f65b6e918370ccea6d11da,Wilson Phillips,56
1yNOfXGQNGjAynk77wv85x,blues,Blues,https://i.scdn.co/image/6bcff0a9ed464621c433fb5d369c2164ebd3d2d0,John Lee Hooker,57
1yap1SgRPMxgyfrrDlQ95y,baroque pop,Pop,https://i.scdn.co/image/ab6761610000e5eb8025d02e0d3b522aa1f99841,Emitt Rhodes,40
1ybAN3utgdoUL1MUCtH4QM,Rock,Rock,https://i.scdn.co/image/ab6761610000e5eb1ad3046dcf25e6c643382364,Tennis,54
1ycAL0HM7ZTCRtM96fFh7C,Non-Music,Novelty/Spoken Word,https://i.scdn.co/image/fd84673d07925928f863eb3a37f479ca0b868d16,George Butterworth,29
1yeyjcs7EzTRmZNJo7HNTr,egg punk,Punk/Hardcore,https://i.scdn.co/image/ab6761610000e5eb1c99011bbc5a94acf2345369,The Dirty English,0
1yhv5zp6IYFYpboAm7Fdlm,Jazz,Jazz,https://i.scdn.co/image/ab67616d0000b273cc1959c49d6facfe24046614,Julius La Rosa,30
1ysHnRqLx1sIFxUlahQftx,Electronic,House & EDM,https://i.scdn.co/image/ab6761610000e5eb6bfeddfa14836b1e81baa525,Kyson,51
1z39BS5hTB0I2kL3w8ux5n,Electronic,House & EDM,https://i.scdn.co/image/ab6761610000e5ebda5f7707c6319f902b5ed71e,Cuthead,18
1zDGZ8MFqGZ2ET428hd68O,Electronic,House & EDM,https://i.scdn.co/image/ab67616d0000b273766c4ca12c7019da2fcf7d39,The Eccentronic Research Council,3
1zFFPge0OhBC34dMGOrvcT,Electronic,House & EDM,https://i.scdn.co/image/7f110155cf954e19622c1f3aecedccf31bb5fe9f,The Hundred In The Hands,22
1zJBFCev9UwOMcrZsLi2od,philly soul,R&B/Soul,https://i.scdn.co/image/ab6761610000e5eb2b5fe134b2f32477d117a3e5,Lou Rawls,54
1zM4Nb5b8sMN4ivn4TY4kD,dub techno,Techno & Trance,https://i.scdn.co/image/ab6761610000e5eb086ba82afd2e4c1bf054ee65,Loop LF,6
1zWilUDcnvjEAmIZpciTvj,ambient,Ambient & Experimental Electronic,https://i.scdn.co/image/ab6761610000e5eb92207addcd22cc0f62c3bcf7,Fuubutsushi,33
1zXUOPRLFBFG3YUHoYvuN9,techno,Techno & Trance,https://i.scdn.co/image/ab67616d0000b273cda7461e30e910c8b4d79a74,Ricardo Garduno,23
1zgNpeHQe8GulzfVkYP2VK,disco,Funk/Disco,https://i.scdn.co/image/ab6761610000e5eb935fdca6a20fa45518c1a844,The Trammps,55
1zmrmtMHh44pQ9WrBVEe80,vocal jazz,Jazz,https://i.scdn.co/image/ab67616d0000b27380c39a5dbbe2eace9fafaf33,King Pleasure,23
1zrBQvkTNhFFby4V5UiK2L,Rock,Rock,https://i.scdn.co/image/ab6761610000e5eb643b6e87e52cb1a31d2ec18c,Turin Brakes,42
1zrqDVuh55auIRthalFdXp,drone,Ambient & Experimental Electronic,https://i.scdn.co/image/d836d13cf7949b67c97010805b4a258e747e967f,alva noto,41
1zt1oAibJ8TuHCvnENvD4R,chamber music,Classical/Orchestral,https://i.scdn.co/image/365acebae7e62f24e91d21055db8feb126d4abe8,Tabea Zimmermann,31
1zuJe6b1roixEKMOtyrEak,Electronic,House & EDM,https://i.scdn.co/image/ab6761610000e5eb22102415297132237b78829d,Tina Turner,72
207WozQ2u38q4rRu9quqMU,Hip Hop,Hip Hop/Rap,https://i.scdn.co/image/ab6761610000e5ebd92dd325524283ad84b5b060,Marcellus Juvann,37
208EQzx7RmoE2Ng9gF2edh,dub techno,Techno & Trance,https://i.scdn.co/image/8527b7857c3ae715260cec0cdc72910d1d5deb63,Juan Atkins,30
20HVrU8f5rcNg2aZkMiSP0,nu jazz,Jazz,https://i.scdn.co/image/ab6761610000e5eb351fa5e4dee3b60da86b97a5,Greg Foat,38
20L5MecnuNujUE6imrfK0Q,trance,Techno & Trance,https://i.scdn.co/image/ab6761610000e5ebbc56ab1ce98504a7d953daed,YORK,55
20RWPCGIIeOoQmHmoF8vZR,,Unlisted,,Gregg Nestor and Dominik Hauser,0
20UWNE4rEU7YMO0GHq4F26,idm,Ambient & Experimental Electronic,https://i.scdn.co/image/ab6761610000e5eb7b5551fc5038934d592b3dd4,Kangding Ray,45
20bB5IFRjHw1EIAHvZ3tgd,dub techno,Techno & Trance,https://i.scdn.co/image/ab6761610000e5eb30efb8c3e4bddb3ef3f38d26,Anthony Naples,37
20erF0KNl2867pn4Ma9FvV,dub techno,Techno & Trance,https://i.scdn.co/image/ab6761610000e5ebdb379588a1e699a6f7205284,Upwellings,27
20p5D2KrE8CGuOjHtxsyTp,Electronic,House & EDM,https://i.scdn.co/image/ab6761610000e5eb61dce24c33b8b4d70fc587b6,Fine Young Cannibals,64
20qISvAhX20dpIbOOzGK3q,east coast hip hop,Hip Hop/Rap,https://i.scdn.co/image/ab6761610000e5eb153198caeef9e3bda92f9285,Nas,75
20uRT4liycb6lyweEo3WHq,Electronic,House & EDM,https://i.scdn.co/image/ab67616d0000b273396630730caf228e2efeabbf,Jayson Brothers,6
20v3nhzoeaO2WvDSCdY0f4,philly soul,R&B/Soul,https://i.scdn.co/image/ab67616d0000b2730179e31dada5056ec69fde6a,First Choice,37
20vuBdFblWUo2FCOvUzusB,art rock,Alternative/Indie,https://i.scdn.co/image/ab6761610000e5ebda1661b56190449e92327438,David Byrne,59
20zk0q0gvO55fx1yapc3A0,idm,Ambient & Experimental Electronic,https://i.scdn.co/image/ab6761610000e5ebdc23df16199c622d97ed1ad8,Automatic Tasty,8
213i4NKah1DX9q0FNiKsuw,grime,Bass Music,https://i.scdn.co/image/ab6772690000c46ce2bef4bcb43bb7eabb51c014,The Bug,39
21444lX8gpmOX36icLmbFI,techno,Techno & Trance,https://i.scdn.co/image/ab6761610000e5eb72864617390974756e54d36d,Chris Liebing,35
218kRJZ7FJs0hWIk8Ynzhz,classic country,Country/Americana,https://i.scdn.co/image/eae6b35a8a4765d6f5c85e4bae299df1f3c8ceb5,Charlie Rich,51
218pLy5tj6iFQ4e6c2ije6,free jazz,Jazz,https://i.scdn.co/image/ab6761610000e5eb3b7dcddd6acd8b5ea8b1258f,Nicole Mitchell,12
21DZF1qKLhIEpKTNvCA3tg,Jazz,Jazz,https://i.scdn.co/image/ab6761610000e5eb36038a827012fd6600096617,Charles Brown,28
21LGsW7bziR4Ledx7WZ1Wf,christmas,Jazz,https://i.scdn.co/image/ab6761610000e5ebc388621eabac860a2db9af71,Johnny Mathis,56
21UJ7PRWb3Etgsu99f8yo8,britpop,Rock,https://i.scdn.co/image/ab6761610000e5ebd170ea5fdc51c2210660c37e,Stereophonics,69
21egYD1eInY6bGFcniCRT1,indie folk,Folk/Acoustic,https://i.scdn.co/image/ab6761610000e5eb0ea606b49bea278def7337e3,First Aid Kit,63
21ltygJ3rGHmnqaUzqnsku,garage rock,Rock,https://i.scdn.co/image/ab6761610000e5eb01f899605ab67bc811c16ed2,Meatbodies,34
21mKp7DqtSNHhCAU2ugvUw,chillwave,Ambient & Experimental Electronic,https://i.scdn.co/image/ab6761610000e5eb9f4a0cbfcc9b274344681ccb,ODESZA,69
21nUigmNhYCrtC6xcOsbQd,space rock,Rock,https://i.scdn.co/image/ab6761610000e5ebdf6fb19f3bec1253b6cb9595,Meatraffle,12
21pMSs2JHWwwy2kp1QIIVB,reggae,Reggae/Caribbean,https://i.scdn.co/image/ab67616d0000b273b9912837ccb3d87d9158bb1f,Sister Nancy,57
21xuoAcyt3fBIJfDjX22n9,miami bass,Hip Hop/Rap,https://i.scdn.co/image/ab6761610000e5eb27547284884d0fe65f4227a3,Amadeezy,27
21ysNsPzHdqYN2fQ75ZswG,classic rock,Rock,https://i.scdn.co/image/ab6761610000e5eb030bcb95866eee7f4a49961c,Ted Nugent,55
223iUzG0kb5V166FJP9ovD,Electronic,House & EDM,https://i.scdn.co/image/ab6761610000e5ebd2146ef951016fe6115b5cbe,IAMX,54
225FmqaVBffuHcWCN1W5tU,neo-psychedelic,Rock,https://i.scdn.co/image/ab6761610000e5eb6e4b4caad10fba0a6a922bb4,Flamingods,17
22680B8sUdq6bL6nQaJfwg,french house,House & EDM,https://i.scdn.co/image/ab6761610000e5eb8210d0a1164f432682c28880,Siriusmo,43
22DqYr3VzrlKqTY54Jo20d,power pop,Rock,https://i.scdn.co/image/ab6761610000e5eb5dffd0a7d5a1601451e7c15c,GospelbeacH,13
22HcjzDlePLqK05zIlyn3L,techno,Techno & Trance,https://i.scdn.co/image/ab6761610000e5eb4ec9489991676693e42a4d75,Vinicius Honorio,22
22La2Rm0bDntXkMXGhNQgU,swing music,Jazz,https://i.scdn.co/image/ab67616d0000b2738afa893f349e3507f4eaeb37,Chris Barber,36
22UtZr56I5MgK9Ru1QfUCj,experimental,Ambient & Experimental Electronic,https://i.scdn.co/image/ab6761610000e5ebfd811d11c84c70abff42b15d,Tomaga,28
22WZ7M8sxp5THdruNY3gXt,psychedelic rock,Rock,https://i.scdn.co/image/ab6761610000e5eb440959e022afc20e819050bd,The Doors,75
22Zqu1yyebVnbve8FxbJ2g,Electronic,House & EDM,https://i.scdn.co/image/ab6761610000e5eb7a95a7ae4ac914732cb755b1,Rednex,61
22b8w2euDyOKhQzDa9aL95,ragtime,Jazz,https://i.scdn.co/image/ab67616d0000b2734875382f388abbd9e46b88e1,"Frankie ""Half-Pint"" Jaxon",5
22bE4uQ6baNwSHPVcDxLCe,classic rock,Rock,https://i.scdn.co/image/ab6761610000e5ebe4cea917b68726aadb4854b8,The Rolling Stones,81
22oD5ZYEJPZf9e68jQbQz5,ambient,Ambient & Experimental Electronic,https://i.scdn.co/image/ab6761610000e5eb15a31b70a32ef96a44b24e64,Dialect,17
22ojy4H4ZVpowC4lRRC8In,art pop,Pop,https://i.scdn.co/image/ab6761610000e5eb7d44c1e587342cd8487ccd60,Destroyer,48
230wTIifR6vEoa6h2ENJ7h,traditional folk,Folk/Acoustic,https://i.scdn.co/image/ab67616d0000b2731117c8d1e09382292640dee1,The John Renbourn Group,16
2322gLwXvyJa6PejhOWQEH,Rock,Rock,https://i.scdn.co/image/bc0574d539250c5fb80688885e912b62bf016536,The Honeycombs,32
23EA28263XvtIrXuySX6oI,Electronic,House & EDM,https://i.scdn.co/image/ab6761610000e5ebae3a28d94459f6ed7507055d,Francis and the Lights,54
23LqlHZ1oiZIXBds7uq7F9,dubstep,Bass Music,https://i.scdn.co/image/ab6761610000e5eb9245bdcf25c81cb03d90b5b5,Kryptic Minds,17
23MIhFHpoOuhtEHZDrrnCS,minimal techno,Techno & Trance,https://i.scdn.co/image/ab6761610000e5eb6da6a8d7465f09eff0da3a58,The Field,34
23NIwARd4vPbxt3wwNnJ6k,post-punk,Rock,https://i.scdn.co/image/ab6761610000e5eba968b1bb3c46e65911d8bb8c,Parquet Courts,48
23OQeyM19S2xgBiTyz3eog,Rock,Rock,https://i.scdn.co/image/ab67616d0000b2733b1b4bcd7b9c4a9f381b3471,Eola,22
23QKqAkKwti9zBiac6RFBA,footwork,Bass Music,https://i.scdn.co/image/ab6761610000e5ebff2eee5d6eb0fd9f2c8d0039,Jlin,25
23ZeHMuusfCSypkcHOa4Hc,swing music,Jazz,https://i.scdn.co/image/ab67616d0000b2735259ebc7da7600c68766ebab,Buddy Johnson,22
23rleGXVOVVgTk3xgtmfE4,folk rock,Folk/Acoustic,https://i.scdn.co/image/4786e7b7378ca4420a75b60531c333f40e9e6b6a,Gordon Lightfoot,65
23usQJ95w7f95tnN4MJEgy,liquid funk,Bass Music,https://i.scdn.co/image/ab6761610000e5eb5c61f71e27d3ec4493d20d0f,Jono McCleery,44
23ytwhG1pzX6DIVWRWvW1r,djent,Metal,https://i.scdn.co/image/ab6761610000e5ebe7f6346ac85070065ea2368d,TesseracT,48
23zJj2W0TQ0SvF4Fwo7mZK,techno,Techno & Trance,https://i.scdn.co/image/ab6761610000e5eb9d985d46e60b2ed08ceaa641,Marco Bailey,30
23zg3TcAtWQy7J6upgbUnj,r&b,R&B/Soul,https://i.scdn.co/image/ab6761610000e5eb716114797a4a644c67c5fa72,USHER,84
240wlM8vDrf6S4zCyzGj2W,melodic techno,Techno & Trance,https://i.scdn.co/image/ab6761610000e5eb51dfad196bb6a3f97ca87b3b,CamelPhat,69
244AFgFclA9c1IcjWOAqoV,southern gothic,country/Americana,https://i.scdn.co/image/ab6761610000e5eb1880d6870342b00559f0170c,Joshua Burnside,46
244fcyNSuyhbRlMGfMbYrO,Electronic,House & EDM,https://i.scdn.co/image/ab6761610000e5eb0de568f024be254e54dc4142,Badly Drawn Boy,45
247AfC9pLuqwgpH8Mo96oA,Rock,Rock,https://i.scdn.co/image/ab6761610000e5ebf712913195502cae957ac24d,Connan Mockasin,52
24BTCheAiASn9HZKCJq4tY,idm,Ambient & Experimental Electronic,https://i.scdn.co/image/ab6761610000e5ebe0941db44ad03978d3d61695,Claude Speeed,7
24CJU16EbtzMYQWicTXNDR,,Unlisted,,Zina Goldrich,15
24DQLSng7bKZD4GXLIaQbv,orchestral,Unlisted,https://i.scdn.co/image/ab6761610000e5eb79058cfc754be16c2f0070aa,Percy Faith & His Orchestra,53
24GaH9tRBgZjlvOhpFuKi2,Jazz,Jazz,https://i.scdn.co/image/26a546022a057e325676bef5c32acdccb456adfb,"Blood, Sweat & Tears",46
24Hb4GKFYquK73R8mTyInu,hard techno,Techno & Trance,https://i.scdn.co/image/ab6761610000e5eb9d71ce1b4190744a1123c3f6,KLOUD,36
24IRWfI4CRNsoalq0wVIbx,big band,Jazz,https://i.scdn.co/image/ab67616d0000b27327a38f6ee73c3cea09454706,Tony Pastor And His Orchestra,10
24JRvbKfTcF2x7c2kCCJrW,french house,House & EDM,https://i.scdn.co/image/ab6761610000e5ebb1fad66ab3965d69814b4485,Alan Braxe,63
24caHjJclAtCI8Ld7Az8l1,Rock,Rock,https://i.scdn.co/image/0a36b5a160c37e95d883d7ccdc46ac460ca424ce,Jim Ford,34
24hJWbo98sH84tb0nkeaqy,yacht rock,Rock,https://i.scdn.co/image/ab6761610000e5eb8dd51e1c2fd885e5cbd413e8,Michael McDonald,61
24icoQNJSEWNu3XvqKBR68,indie soul,R&B/Soul,https://i.scdn.co/image/ab6761610000e5eb4d14ac2ec0491790b5d12c9b,Jordan Rakei,59
24iyMncLWykfuMpJZcIjgn,nu disco,Funk/Disco,https://i.scdn.co/image/ab6761610000e5ebe408554b63c63275a120ef69,Munk,31
24uSD486ywQ4VJ2OMDXv8y,Rock,Rock,https://i.scdn.co/image/ab67616d0000b2735d612c52047b3d5bfda206da,Motherlode,23
254k960TtnSDGQKOFGaWS3,dub techno,Techno & Trance,https://i.scdn.co/image/ab6761610000e5ebedc306ec39d7cc9b4dcac200,Dino Sabatini,15
25BObiRSDCMwVrBGIVaLIf,Electronic,House & EDM,https://i.scdn.co/image/ab6761610000e5ebfcda38aee80d5653690eb7a0,james K,51
25CgccXK9hJBTuaMF44zeR,shoegaze,Alternative/Indie,https://i.scdn.co/image/ab6761610000e5eb1eba3f66957ffff18bbdc2a5,SPIRIT OF THE BEEHIVE,38
25IG9fa7cbdmCIy3OnuH57,country,Country/Americana,https://i.scdn.co/image/ab6761610000e5eb43d9d87bba466538f5c40901,The Chicks,69
25JHD76ldB1K0pOvBTFoSy,industrial,Alternative/Indie,https://i.scdn.co/image/ab6761610000e5eb7100a106f8a4d1830c1a3067,Ade Fenton,14
25KNo5GDS6ZpLkjasaecA3,trip hop,Ambient & Experimental Electronic,https://i.scdn.co/image/ab6761610000e5eb3d9378b0995517ff9f4f2354,Thievery Corporation,65
25L7U77b5R5fO5pRjDP1Cj,techno,Techno & Trance,https://i.scdn.co/image/ab6761610000e5eb20ac632738019bb5a61de1ea,Avision,29
25NQNriVT2YbSW80ILRWJa,country,Country/Americana,https://i.scdn.co/image/ab6761610000e5ebfcf4aca895932122a66211bf,Faith Hill,64
25TFeFrgWnfNxxARihhraV,baroque pop,Pop,https://i.scdn.co/image/ab6761610000e5eb3e35d50ca8ccaee5aec39955,Stonefield Tramp,1
25TKXk9zo9yk0HMJQ3TuE9,old school hip hop,Hip Hop/Rap,https://i.scdn.co/image/a37afc9b09c33a9cde2f9dfbd8119f0609cbbd71,Kurtis Blow,39
25TUFIkK2VpEjl6GnzrcEp,lo-fi house,House & EDM,https://i.scdn.co/image/ab6761610000e5eb071d3179722cb53c37d0bc6f,Dauwd,38
25e8CxfStX7gVfGIQL2qMd,acid rock,Rock,https://i.scdn.co/image/ab67616d0000b273ff39e1c459aa3900ccb9de21,Alexander 'Skip' Spence,21
25uiPmTg16RbhZWAqwLBy5,hyperpop,Pop,https://i.scdn.co/image/ab6761610000e5eb936885667ef44c306483c838,Charli xcx,86
25w2vpqq7dYleBAqMx7Ijx,electroclash,House & EDM,https://i.scdn.co/image/ab6761610000e5eb9d49106ef80de2b5cb3eb3f9,Zoot Woman,36
25z14Qw0e8uN0dIaWVe2Mk,latin jazz,Jazz,https://i.scdn.co/image/ab6761610000e5eb9f081b399d81674e41e8734c,Nestor Torres,28
261n3GnAgoCgSmqan7OL7o,dub,Reggae/Caribbean,https://i.scdn.co/image/ab67616d0000b27367459cc2cd9ddd7602548d50,Holy Tongue,18
2644yEOVNbg1PEjSRtiCwV,ragtime,Jazz,https://i.scdn.co/image/ab67616d0000b2735fd79149b383f3b0c8156704,New Orleans Wanderers,7
266j9hfnayXOZhRRi0sTOu,"Folk, World, & Country",Folk/Acoustic,https://i.scdn.co/image/6ba9260e8f6546e3dce6c45c3e04c19374d05815,Jeff Bridges,30
267VY6GX5LyU5c9M85ECZQ,noise rock,Alternative/Indie,https://i.scdn.co/image/ab6761610000e5eb5201c68a22bce1d27d72f4ac,Dinosaur Jr.,54
26AHtbjWKiwYzsoGoUZq53,christmas,Jazz,https://i.scdn.co/image/ab6761610000e5ebd910f1c80f8283f62540792b,Pentatonix,65
26Kq9bSJsElA93PflKEB1A,french pop,Pop,https://i.scdn.co/image/ab6761610000e5eb9abec18edfa18afa33cef946,Benjamin Biolay,51
26LmRGHptm85F27BZwOSt7,adult standards,Pop,https://i.scdn.co/image/ab67616d0000b2739566a375ea84d1e06c2b5a5c,Vic Dana,39
26T3LtbuGT1Fu9m0eRq5X3,Rock,Rock,https://i.scdn.co/image/ab6761610000e5eb766df8f443e0160f7b35545d,Cage The Elephant,77
26UV9EKIInWeV0jJysGZum,lullaby,Novelty/Spoken Word,https://i.scdn.co/image/ab6761610000e5eb7976e1d0c2b67a03aa625e85,Nursery Rhymes ABC,72
26VFTg2z8YR0cCuwLzESi2,Electronic,House & EDM,https://i.scdn.co/image/ab6761610000e5eb15136101a0f63f0b2800b9dc,Halsey,82
26dSoYclwsYLMAKD3tpOr4,pop,Pop,https://i.scdn.co/image/ab6761610000e5eb26e59b825251b7df20a7b65e,Britney Spears,84
26vAEAV08relvScS4FUsIt,big band,Jazz,https://i.scdn.co/image/ab67616d0000b273d83d42d7ecbf17f25862a7c1,Benny Goodman Quartet,38
271yrFHlYsmEypN8j7oHbA,children's music,Novelty/Spoken Word,https://i.scdn.co/image/ab67616d0000b273a8487f2e604a00e9fa4a68c8,Tractor Ted,50
274XKvuYk5OFrvf3wl3xGe,acid house,House & EDM,https://i.scdn.co/image/ab6761610000e5eb3020a88428d8c61e1d4abe88,Posthuman,21
27CnIh4lLIOW2DqEwO1QIf,rocksteady,Reggae/Caribbean,https://i.scdn.co/image/9b624186d515329f063d295dd067f6b23918e6df,Tommy McCook,40
27LGatz1m8aJ7ZaVVWEphc,minimal techno,Techno & Trance,https://i.scdn.co/image/ab6761610000e5ebcb35dcddaf5a8338475044e5,Gui Boratto,51
27a0GiCba9K9lnkKidroFU,blues rock,Blues,https://i.scdn.co/image/ab6761610000e5ebe205bb8e13cd75d79b9a6c44,Canned Heat,58
27j5PRcPefcI6q8as58zWF,organic house,House & EDM,https://i.scdn.co/image/ab6761610000e5ebf4b7846886e732301f077465,Mollono.Bass,49
27jRNjIvlUcGN7FBRDnqhp,Rock,Rock,https://i.scdn.co/image/ab6761610000e5eb2c1e6ba3faf47eb782ccd497,Matt Berninger,53
284mnx33IWcymQEpMxyfHl,classical,Classical/Orchestral,https://i.scdn.co/image/20b923e03dd0fb8cd20fb93559b9ed9a0e7aefbc,Modest Mussorgsky,53
28516pIwBLUO62yBiLAfdI,vaporwave,Ambient & Experimental Electronic,https://i.scdn.co/image/ab67616d0000b273a7b080a4775f267f5b584f10,luxury elite,40
286ISF773WEHxLmRRo2BJJ,Jazz,Jazz,,Charlie Christian Quartet,0
28EZh7WvdbWwfOrf5lkvCk,big beat,House & EDM,https://i.scdn.co/image/ab67616d0000b2733015d47bc602d470cfad4bca,Bentley Rhythm Ace,28
28ExwzUQsvgJooOI0X1mr3,Hip Hop,Hip Hop/Rap,https://i.scdn.co/image/ab6761610000e5eb9c48431caf52a2d0f38433ff,Jay Rock,73
28GmLYDzZIZWQChkzH1Mgy,Rock,Rock,https://i.scdn.co/image/ab6761610000e5eb716c60c78c811f0903a681f7,Cheyenne Kimball,23
28GtJHVA8ARidEYFWX0tiG,musicals,Unlisted,https://i.scdn.co/image/ab67616d0000b2738145f3afe703233d859d5e7f,Joe Carroll,16
28HqZ2RaUbI3uewbxWDW41,idm,Ambient & Experimental Electronic,https://i.scdn.co/image/8564177b419f29ab3914e43e52562980ee5b23cb,Plone,20
28TWIpfM0tJzuNBWeUvTvt,vocal jazz,Jazz,https://i.scdn.co/image/ab6772690000c46ccc89bcb0f6601e04167412a9,Karin Krog,23
28ffXAtsOs3aKCBWQ6LQo5,Electronic,House & EDM,https://i.scdn.co/image/ab6761610000e5eb716f9e0b3b55a084f3aee7dd,D Tiberio,4
28kkIX5npKFkG9becBQMyb,jangle pop,Pop,https://i.scdn.co/image/fdfae8cf4c053d7b67b282199de054f16edbbd01,The Skygreen Leopards,8
28ljP12QBsgioe7MMMnq8g,,Unlisted,https://i.scdn.co/image/ab67616d0000b273cfbf5d54ae6d456b230f65e5,"Meicio Askanasy, José Prates, Ivan de Paula",15
28ot3wh4oNmoFOdVajibBl,k-pop,Pop,https://i.scdn.co/image/ab6761610000e5eb8aaf0595187aba8e8f1bd828,NMIXX,67
28y00xccuksu45VpgNVo3E,Rock,Rock,https://i.scdn.co/image/ab6761610000e5eb9cfafc932ba39280f5d9306a,David Kitt,27
290SZ7F6vkU2wx7wMlvCxf,hardcore punk,Punk/Hardcore,https://i.scdn.co/image/ab67616d0000b27368657b1c6835c0496814394e,Vitamin X,20
290nCNEce1y6rfoJiO2rK7,afroswing,Hip Hop/Rap,https://i.scdn.co/image/ab6761610000e5eb957bd6f204d3827b8671ed6e,Pa Salieu,53
2914JagOufmP5BY9qLDxtF,Electronic,House & EDM,https://i.scdn.co/image/ab6761610000e5eb616bede3fa26023fbd6811dc,Arto Lindsay,33
2933wDUojoQmvqSdTAE5NB,downtempo,Ambient & Experimental Electronic,https://i.scdn.co/image/ab6761610000e5eb435b28a12a61802f1b2c291c,DARKSIDE,46
293zczrfYafIItmnmM3coR,rockabilly,Rock,https://i.scdn.co/image/d58323616d4f5d22b51e9dfe0ba53aedabe53cd4,Chuck Berry,67
298i00ena8XMnm9O3qlHtU,power pop,Rock,https://i.scdn.co/image/ab67616d0000b273d2fd4508dbbbe0409356cbab,The Nerves,32
29DiAJJBhhjcjcma6HPpjy,breakbeat,Garage & Breaks,https://i.scdn.co/image/ab6761610000e5eb26bf184cf82a76a24d294582,DJ Plant Texture,15
29FQbwKVUGe1KAI1H2EiDV,stoner rock,Rock,https://i.scdn.co/image/ab6761610000e5ebce10601a06fd2b1373d185d9,Buffalo Killers,30
29ITaP4nYGDlz54m7pLJL1,neo-psychedelic,Rock,https://i.scdn.co/image/ab6761610000e5eb1397606aa74bce02d8904d03,Morgan Delt,34
29LOCR81IrdEJjCAeCEOU3,soundtrack,Soundtrack/Instrumental,https://i.scdn.co/image/ab6761610000e5eb3ad4df19c8414f531cf6549c,Mica Levi,35
29PgYEggDV3cDP9QYTogwv,,Unlisted,https://i.scdn.co/image/ab6761610000e5ebb8d59d02e63737b0dbaa43e7,Carolina Gaitán - La Gaita,57
29XOeO6KIWxGthejQqn793,idm,Ambient & Experimental Electronic,https://i.scdn.co/image/ab6761610000e5eb7bcc6d696b2e860c4c6e7dc5,Flying Lotus,56
29cNzWXrkNaGVL74hZK0jU,reggaeton,Latin,https://i.scdn.co/image/ab67616d0000b2733b3bb5c15041546754388fa3,Gringo,52
29kkCKKGXheHuoO829FxWK,classic rock,Rock,https://i.scdn.co/image/051ffa17a5832586c6e0f8ee8a705ad15114e9c0,Boston,68
29zsVzEH33dD5QqxeL8dvy,psytrance,Techno & Trance,https://i.scdn.co/image/ab6761610000e5eb16c3d0508b78984977eef4cf,Vini Vici,64
2A09V0kHlETOFfT8Hz8oba,Rock,Rock,https://i.scdn.co/image/ab6761610000e5ebb9586ddeb23977ba7d47e037,Joe Strummer,45
2A20zrG7noQCwFMNVqSScu,Rock,Rock,,Dopamine,0
2A5d1n2pC54Ks3HR1kNWEu,dark ambient,Ambient & Experimental Electronic,https://i.scdn.co/image/ab6761610000e5ebf35b108cc3ae91a67093fd4b,Raime,21
2AACqFGo8offvHCKGvrWxq,jangle pop,Pop,https://i.scdn.co/image/ab6772690000c46c3e01674083363a882a00b87d,Luna,41
2AEEnr6Le5zHzBwpnlZSmq,Electronic,House & EDM,https://i.scdn.co/image/ab6761610000e5ebe30415da9c9ebcad7b968efc,Emma Bunton,43
2AFQojTf9JepkWGDWtWZjx,,Unlisted,,Deep Zen Pill,0
2ALx5yXpSTe5aPEF2vLeGa,Electronic,House & EDM,https://i.scdn.co/image/ab6761610000e5ebfe874917a47d1f23eed69b68,Ninos Du Brasil,23
2AMZYRU9gyPG7OEfSYA8Dr,ambient,Ambient & Experimental Electronic,https://i.scdn.co/image/ab6761610000e5eb7381d0dc296b95446e545dcb,Field Works,21
2ANtgfhQkKpsW6EYSDqldz,classical,Classical/Orchestral,https://i.scdn.co/image/269aaec4775a72c6574dc856fc1f3f4a84c3d023,Gustav Mahler,60
2AOn8ToM1vaab3wtU74ldy,rocksteady,Reggae/Caribbean,https://i.scdn.co/image/ab67616d0000b2730c8588a6eca93dc92f1d64f9,Lynn Taitt,25
2AR42Ur9PcchQDtEdwkv4L,idm,Ambient & Experimental Electronic,https://i.scdn.co/image/ab6761610000e5eb5843f638712f9f0ac1491e4a,Floating Points,52
2ARO60gI5do88ho6azmzab,Electronic,House & EDM,https://i.scdn.co/image/ab6761610000e5eb4a1eea3559fa5e3708c4a81d,Django Django,43
2AV6XDIs32ofIJhkkDevjm,classic soul,R&B/Soul,https://i.scdn.co/image/ab6761610000e5ebeea0f2f51d7969bbb4000f92,Curtis Mayfield,60
2Aelm5hqlvbD7jxDGGKToM,Rock,Rock,https://i.scdn.co/image/ab6761610000e5ebc15311a5b6975950ffbd4424,Elyse Weinberg,16
2Ah9OuOj7B57gPD1cbwiaE,thrash metal,Metal,https://i.scdn.co/image/ab6761610000e5ebdaac7455223877a5069d2365,Municipal Waste,50
2ApaG60P4r0yhBoDCGD8YG,singer-songwriter,Folk/Acoustic,https://i.scdn.co/image/ab6761610000e5eb079739b801ab3f105866b76f,Elliott Smith,68
2AwKYu92FaDTlsoKDxTGzS,lo-fi house,House & EDM,https://i.scdn.co/image/ab6761610000e5ebabdf1e9f716e2c5c8b494ed9,Imre Kiss,7
2B0PgHZi2zaDqjKe86Gaip,electro swing,Funk/Disco,https://i.scdn.co/image/ab6772690000c46ceb90344e7161804f50dbf79d,Mr. Scruff,45
2B70zWgfCAGQ8o2ImS2bH8,dream pop,Alternative/Indie,https://i.scdn.co/image/ab6761610000e5eb062f6ce258c64105561bc13b,Bleach Lab,35
2BFRZQE5LBpfMecR3B2ruN,"Folk, World, & Country",Folk/Acoustic,,Hooknorton,1
2BGRfQgtzikz1pzAD0kaEn,power pop,Rock,https://i.scdn.co/image/ab6761610000e5ebbd95594d3201ab9c7b0349e6,Elvis Costello,56
2BLpGstUHxDc6vHfBEiaXm,glam rock,Rock,https://i.scdn.co/image/6dcdbfeca1feffaace11ac40db5f800c7a51addc,The Move,33
2BRS07GpiRhGEFkdWIkKKt,Electronic,House & EDM,https://i.scdn.co/image/ab67616d0000b2739dfae73d505ab9ad09131928,Motohiko Hamase,8
2BTZIqw0ntH9MvilQ3ewNY,Electronic,House & EDM,https://i.scdn.co/image/ab6761610000e5eb3d35f86de303b2408a648538,Cyndi Lauper,74
2BVYdY4PyfCF9z4NrkhEB2,motown,R&B/Soul,https://i.scdn.co/image/b1f68bdefbe49b474c9aac457114aac70d06f880,Sam & Dave,61
2BbwJ8VxAFpJiFr7EHvcCW,Rock,Rock,https://i.scdn.co/image/fb80475319e8257f0cb451f0020a388b1eb68dbc,The Roches,36
2BnZSEAPhFsB1RIyeEgXmN,east coast hip hop,Hip Hop/Rap,https://i.scdn.co/image/ab67616d0000b273ecc60b5b950e2297fb9a307c,FU-Schnickens,35
2BpAc5eK7Rz5GAwSp9UYXa,indie folk,Folk/Acoustic,https://i.scdn.co/image/ab6761610000e5eba926ec6ea69c15dad76847e6,The Tallest Man On Earth,53
2C85gYr0z8Id8SMuaa3izF,tech house,House & EDM,https://i.scdn.co/image/ab6761610000e5ebc95d3c8d78bf380a960b28b2,Wax Worx,2
2CIMQHirSU0MQqyYHq0eOx,edm,House & EDM,https://i.scdn.co/image/ab6761610000e5eb89ffabe57a25cedeca3309e7,deadmau5,69
2CKaDZ1Yo8YnWega9IeUzB,minimal techno,Techno & Trance,https://i.scdn.co/image/ab6761610000e5ebf9ed4c855dfca7ca5805d087,Booka Shade,54
2CbeYAeoh6tWJhlJU3fI9c,Electronic,House & EDM,https://i.scdn.co/image/ab6761610000e5eb808d482a594896b3b12ce428,Sandro Perri,22
2CdjCDLB5fDLsF8fRwk6Pm,Electronic,House & EDM,https://i.scdn.co/image/7331e5f2940980f80b47ad4cefe24d3af59f7d95,Avatism,13
2Ch5FKvelQEglFpISkr7Po,minimal techno,Techno & Trance,https://i.scdn.co/image/ab6761610000e5eb8091a8a5ad9e5011b455211f,Fairmont,27
2CmaKO2zEGJ1NWpS1yfVGz,emo,Punk/Hardcore,https://i.scdn.co/image/ab6761610000e5eb4a733f510df96652c3bea05b,Falling In Reverse,78
2CqEOngQOOMstJupNn6Hmf,krautrock,Alternative/Indie,https://i.scdn.co/image/ab6772690000c46c7070f34a0fd8c3df22cad1c9,NEU!,38
2CuzDPkRD6BJBvdWqCrt2I,reggae,Reggae/Caribbean,https://i.scdn.co/image/fca0c7f6230d9a303a484223c32246aa4e480b72,Musical Youth,54
2CvCyf1gEVhI0mX6aFXmVI,singer-songwriter,Folk/Acoustic,https://i.scdn.co/image/ab6761610000e5ebddc148cfa465c2065846c636,Paul Simon,71
2CvWN4mkeo5qpINkGALdgQ,rocksteady,Reggae/Caribbean,https://i.scdn.co/image/ab67616d0000b273c938b1c4f0eb03cd0b187b97,The Baba Brooks Band,25
2CxLP749mup3ncPrXgCnvU,blues rock,Blues,https://i.scdn.co/image/fe8c25b3f5a72047ad6a71632219a9e3ca05d2f4,Humble Pie,43
2D7RkvtKKb6E5UmbjQM1Jd,opera,Classical/Orchestral,https://i.scdn.co/image/4a640bd1a558a58cc4dc3b8effec7747ae55ce17,Georges Bizet,61
2D90eAxzLfSL7KkvptyUtF,jazz,Jazz,https://i.scdn.co/image/ab6761610000e5eb357fb341364f324c6cf83517,Denis Solee,50
2DC2KJDKwTf5RGfuWCzAkc,,Unlisted,https://i.scdn.co/image/32e8bf1de80d92e0a5f7f8a67d0aec9d0fc20481,Azari & III,46
2DaxqgrOhkeH0fpeiQq2f4,britpop,Rock,https://i.scdn.co/image/ab6761610000e5ebb4ddbc39706ef0f2ae0f7c9b,Oasis,85
2DcAdoxP41GECOfZt2MhQL,trip hop,Ambient & Experimental Electronic,https://i.scdn.co/image/ab6761610000e5eb4e3a1c782980c0a660fa751f,Dirty Art Club,43
2Dcqwokizs4vSMXCVFqfQs,dub techno,Techno & Trance,https://i.scdn.co/image/ab6761610000e5eb82f26952dd3b19e6095d97cf,Kirk Degiorgio,9
2Djz8cbEv5rtrYrJYdzQ20,dub techno,Techno & Trance,https://i.scdn.co/image/ab6761610000e5eb79564eb62f010dd054e3001a,Model 500,25
2DoQBgPsB9AdmWpIa2hUSz,drone,Ambient & Experimental Electronic,https://i.scdn.co/image/ab6761610000e5eb1b80dcb0fe9de066bc28130e,Fennesz,38
2DspEsT7UXGKd2VaaedgG4,trap latino,Latin,https://i.scdn.co/image/ab6761610000e5eb3104bfc5142e1b6db1f6b494,Alex Rose,73
2Dv40C26DYmaTgCFGjqlTU,Electronic,House & EDM,https://i.scdn.co/image/ab6761610000e5eb1cbc21ed590d056d55eeb942,Neil Landstrumm,19
2DxlS3lTLFIq70S7ap5H3y,punk,Punk/Hardcore,https://i.scdn.co/image/ab6761610000e5eb694abbe7669a250140e988bf,Buzzcocks,51
2DzfwBlRGSLXCXgAKN6EFv,Rock,Rock,https://i.scdn.co/image/ab6761610000e5eb91dea8d3d69f7230eb30e451,Tiny Little Houses,34
2E3nXyfocf7qfHAIFNbBuj,vocal jazz,Jazz,https://i.scdn.co/image/c24c73c17bd200da5314272b171e85d0dfb5c16f,Carmen McRae,48
2E6Roj0oQnJIm2BeXwDica,folk rock,Folk/Acoustic,https://i.scdn.co/image/ab6761610000e5eb1d6c46596058fce09f33b93f,Graham Nash,50
2E70ENJNHoACgzTkJ3QnO4,Classical,Classical/Orchestral,https://i.scdn.co/image/ab6761610000e5eb90b324d4801e6febe18c23b0,Bill Ryder-Jones,37
2EDBzZNew0M639G7RKCTsS,children's music,Novelty/Spoken Word,https://i.scdn.co/image/ab6761610000e5eb03106f3e7c48164aa308b003,Mr Yipadee,36
2EKdsaI5RaWz8bQqpFdFIN,Electronic,House & EDM,https://i.scdn.co/image/ab67616d0000b273b3489534d95c5de2429e0928,RAMZi,13
2ELZ7Mx962Ihz7FXOy53ez,liquid funk,Bass Music,https://i.scdn.co/image/ab6761610000e5eb5da2ecbfd01b290668115d72,Chris Inperspective,3
2ELk72EFgeLu9RsIPmwCOS,ragtime,Jazz,https://i.scdn.co/image/ab67616d0000b273f8faebd74bd6dabd83a5d3a7,Baby Dodds,8
2EcamGZpmbBz5SqPiy2ZEQ,electro swing,Funk/Disco,https://i.scdn.co/image/ab67616d0000b27395aa917c8abd46a0e5c9a4be,Bert Ambrose,19
2EfFOe92ZZHE2lpappD8js,neo-psychedelic,Rock,https://i.scdn.co/image/ab6761610000e5eb40d2a8404a6fe7952b2fe63b,Mystic Braves,41
2EsmKkHsXK0WMNGOtIhbxr,jazz,Jazz,https://i.scdn.co/image/ab6761610000e5eb188eff6ad321c36e1611ef78,McCoy Tyner,54
2Esvw7cg26pnkY21vbFuos,drone,Ambient & Experimental Electronic,https://i.scdn.co/image/ab67616d0000b2734bc23b6ef9d540a3410b3dc3,PDP III,1
2ExRPlC3BGFs2MjcUEL7eZ,lo-fi house,House & EDM,https://i.scdn.co/image/ab6761610000e5eb33e2d5cec2d5611afa40a320,Jeals,1
2F0kPpQ5mtta1ORIyO2xex,easy listening,Pop,https://i.scdn.co/image/ce60c042250c7ab83957131f336ba8d23353314f,Jackie Gleason,46
2FMZn5P3WATd7Il6FgPJNu,classic country,Country/Americana,https://i.scdn.co/image/d0599c6fc86ed31cac9dd2b52ee58e1e1b01d17c,Buck Owens,57
2FQgnKHydnhSnRS17BSy28,Rock,Rock,https://i.scdn.co/image/ab6761610000e5eb3257f733c7c42f576c616fa4,The Symposium,49
2FSUMQQxWUySZIkIHbZpv4,Electronic,House & EDM,https://i.scdn.co/image/ab67616d0000b27335919a54692fdc12fd18e6e9,Marcelinho CIC,0
2FXC3k01G6Gw61bmprjgqS,Funk / Soul,Funk/Disco,https://i.scdn.co/image/ab6761610000e5ebad85a585103dfc2f3439119a,Hozier,86
2FbZlUT418wQoIZ3IFTKeJ,classical,Classical/Orchestral,https://i.scdn.co/image/ab67616d0000b273d7bcbfacc9e27d951d83e3eb,Steve Anderson,36
2G3moO7hc1jXWYKkW5ZYw4,uk drill,Hip Hop/Rap,https://i.scdn.co/image/ab6761610000e5eb7f7189256d27137127765719,Dimzy,43
2GDXx20hz7WhCHcgrzfJ0S,drumstep,Unlisted,https://i.scdn.co/image/ab6761610000e5ebd21e94ba60bb12727d289312,Vromm,7
2GGMmCCxowsBAm7eZX2QM1,celtic,Folk/Acoustic,,The Voice Squad,14
2GH8Mzo3Ur1AdOnGUUpt17,lo-fi house,House & EDM,https://i.scdn.co/image/ab6761610000e5eb38467eada53e8fd9801f3185,Octo Octa,30
2GHvHovCwFqoSUmIR8l16q,industrial,Alternative/Indie,https://i.scdn.co/image/f2e8830d60da4660b14c97bdc4570cfbd79ef573,British Murder Boys,20
2GIms8u3bruipn5MOR5wcs,jazz,Jazz,https://i.scdn.co/image/775696b67b1475b3e9d94e860c6d5deb2a48c662,Kenny Wheeler,29
2GLf7iaOOujAem5R87xwto,minimal techno,Techno & Trance,https://i.scdn.co/image/ab6761610000e5eb9d41b3181364244d63b2b944,Matthew Dear,36
2GZIkd7QPKtg5c3alf8rYt,lo-fi indie,Alternative/Indie,https://i.scdn.co/image/ab6761610000e5ebeba8cb83b8821d07227d6877,Jade Imagine,13
2GaayiIs1kcyNqRXQuzp35,surf rock,Rock,https://i.scdn.co/image/ab6761610000e5eb48d2552358f9c87c67f21d55,The Ventures,50
2GfwNBU0jeY3MkaxjkoZzo,Rock,Rock,https://i.scdn.co/image/ab6772690000c46c6b9db902dcb78f1f70585c42,Elvis Costello & The Imposters,25
2GjnMGiQjHjG5rb5cQ7P4k,miami bass,Hip Hop/Rap,https://i.scdn.co/image/ab67616d0000b2737baf444544ca96baecc73003,Gucci Crew II,35
2Gu6Q05ExIGwHTF43kqLBI,dark ambient,Ambient & Experimental Electronic,https://i.scdn.co/image/5128cdcc32322ae0eb210dec135a317b3d95e130,David Lynch,42
2GvwZbDjH1DbQpodGKENDw,minimal techno,Techno & Trance,https://i.scdn.co/image/ab6761610000e5eb8146fe5764bf76cf55da91aa,Roman Flügel,36
2H5elA2mJKrHmqkN9GSfkz,americana,Country/Americana,https://i.scdn.co/image/ab6761610000e5eb2f405e0dd536cd6c98f7aeb3,Gillian Welch,53
2H7Cb9prDGBHL5aeJWIhsl,Rock,Rock,https://i.scdn.co/image/ab67616d0000b273002eae0b359d797a24a173da,Natalie Bang Bang,1
2HB65P72dFRiOKvbLLcil2,musicals,Unlisted,https://i.scdn.co/image/bed81fc6e2028fa4c7d01fa2066f4d600b511f03,Meryl Streep,68
2HBFB4UeReDIa1SCYcZWpR,acid techno,Techno & Trance,https://i.scdn.co/image/ab67616d0000b273570f72a84851355eb09c908e,Invite,1
2HBbky0Z08ZcCKVsXWbNE4,Rock,Rock,https://i.scdn.co/image/ab6761610000e5ebb66a687d53818e1e9f5cdeb5,The Dave Clark Five,43
2HMhLgntHczMYR0MEsD3oh,lo-fi house,House & EDM,https://i.scdn.co/image/ab6761610000e5ebe849b5ffb347f51185fb604e,Kreggo,8
2HcZuUtnktqMHm4H1R9gAR,indie folk,Folk/Acoustic,https://i.scdn.co/image/ab6761610000e5ebad248a0fe209b06fd96381c6,Great Lake Swimmers,48
2HcwFjNelS49kFbfvMxQYw,Rock,Rock,https://i.scdn.co/image/ab6761610000e5ebec4b5ff594ae3d7c5622cf23,Robbie Williams,76
2Hg4SUNDuIn8xIidz9GxFw,jazz funk,Jazz,https://i.scdn.co/image/ab6761610000e5eb56733eeb2deff65bac9690bf,"Medeski, Martin & Wood",42
2HiGvNEcu9p7m32iWUrR7j,,Unlisted,https://i.scdn.co/image/ab6761610000e5eb47fe2be501abb415119abb2e,Lizzyloo,13
2Hjj68yyUPiC0HKEOigcEp,Rock,Rock,https://i.scdn.co/image/ab6761610000e5ebce543969e155b58695a3e42e,Jesse McCartney,63
2Hkut4rAAyrQxRdof7FVJq,progressive rock,Rock,https://i.scdn.co/image/ab6761610000e5eb896c4b043fb3063178afd716,Rush,67
2Hn9fch2OLB5jZuEAVjTCe,big band,Jazz,https://i.scdn.co/image/fea5fe6314f2ff5bf21089e5815626b69d459a16,Count Basie Orchestra,36
2HrnWNplSXSbwjlRdcDQkB,Rock,Rock,https://i.scdn.co/image/ab67616d0000b2735cb48bc44828011ea33fa583,Susan Christie,26
2I0zzJ2qwErkYlOU4LBgml,idm,Ambient & Experimental Electronic,https://i.scdn.co/image/ab67616d0000b273fad7ae8dfc681c2f9f8333ef,Lab Rat XL,4
2I5A4xP3QGJEDKGhhXMAVr,jazz,Jazz,https://i.scdn.co/image/ab6761610000e5eb91e5867d3d4d3bf1354d12c1,Jacky Terrasson,42
2I5mDru0894DilD7ABYCy2,jungle,Bass Music,,Nucleus & Paradox,0
2IEiSF4inDSwzQowcQjdfT,bluegrass,Country/Americana,https://i.scdn.co/image/ab67616d0000b273e7e3a33aaff125d430b4ccd6,Hazel Dickens,28
2IPZPCen311aH09425TKpF,Electronic,House & EDM,https://i.scdn.co/image/ab6761610000e5eba7ac13405e637b028dfc994a,Kondi Band,31
2ISMfPtVzHc9jDDVPUEHDa,Jazz,Jazz,https://i.scdn.co/image/ab67616d0000b2738d4e3abaf3eb090cc2a6aa19,Phil Harris,54
2IYl0pVatTl6O2d1CQj6GQ,,Unlisted,https://i.scdn.co/image/ab6761610000e5ebf2392f95632e07bb649aa8e3,Mohsen Chavoshi,47
2IcALJpg6Qrc2AbaxL9o0f,big band,Jazz,https://i.scdn.co/image/ab67616d0000b2738b2868832e6c65963333edd6,Big Bang Jazz Band,3
2IkwqvwEnXFlZEq6eFP1wL,singer-songwriter,Folk/Acoustic,https://i.scdn.co/image/ab67616d0000b27316816a2848cd00a0cb6be419,Judee Sill,39
2Iua0nuwiUuEpXR4qOS4xe,southern gothic,country/Americana,https://i.scdn.co/image/ab6761610000e5eb148b077efc382cc72998183f,Bruce Peninsula,26
2IxxbawIM95Qx605C8to9x,Electronic,House & EDM,https://i.scdn.co/image/ab67616d0000b273d0af3b7746453a0fa3c915ee,Carl Falk,19
2J3LwjEkmryU6BSAubwbMF,experimental,Ambient & Experimental Electronic,https://i.scdn.co/image/ab6761610000e5ebf31e7c3da03d1d4ecf8a24d9,Amnesia Scanner,31
2J4IleSCN0vNBNyi9BfXt0,dub techno,Techno & Trance,https://i.scdn.co/image/ab6761610000e5eb78a756a8b20210e57c95b722,Eduardo De la Calle,18
2JFljHPanIjYy2QqfNYvC0,math rock,Alternative/Indie,https://i.scdn.co/image/ab6761610000e5eb77585e787d20e88c7e5fbc8c,Chon,48
2JJiKj9j7wPS8vz8UlAO9X,Funk / Soul,Funk/Disco,https://i.scdn.co/image/ab67616d0000b273d07e2408c135f8aea550f3bd,Don Harper,21
2JKqNWMM2Bm0SMIAbfhL8k,jazz,Jazz,https://i.scdn.co/image/ab67616d0000b273fc868ad3ce1998d871315f64,Gary Smith,30
2JP4wnF672IGLoUCBVoGfT,celtic,Folk/Acoustic,https://i.scdn.co/image/ab67616d0000b273495b84e89d6013bec83a6d75,Celtic Music Voyages,21
2JRvXPGWiINrnJljNJhG5s,funk,Funk/Disco,https://i.scdn.co/image/2439ee3f609c4039a544a4505d7294f3240a290d,The Meters,52
2JW9UTb6ViFLYf7VQxBJqD,acid house,House & EDM,https://i.scdn.co/image/ab67616d0000b273bfb572c775f90a8c96eda02c,Galaxy 2 Galaxy,27
2JWmMcE8Z0vapxOIiT7PLq,minimal techno,Techno & Trance,https://i.scdn.co/image/ab6761610000e5ebc75ff0430794224980936e33,John Tejada,42
2JXn03fudjyRkQ1Ye9f5rk,Electronic,House & EDM,https://i.scdn.co/image/ab6761610000e5eb80db2204010a200f07de58dc,Los Del Rio,61
2JYMUWD8r1jFFjD1V3WcCX,Electronic,House & EDM,https://i.scdn.co/image/ab6761610000e5eb7d1fb35dc77ffd77fe82eb5b,LA Priest,39
2JfVCMa3FlvQRlLT5uH9zb,vocal jazz,Jazz,https://i.scdn.co/image/a1c1198170a6ae2d9f66fb926b1fc300bf12a8b4,Nancy Wilson,53
2JnkjHtuUjz83gkEx8QMS4,melodic techno,Techno & Trance,https://i.scdn.co/image/ab6761610000e5ebb2398764bf2851eba9d5e33d,Adana Twins,44
2Jtmdbs9jPWmKfpdOLd5pB,Rock,Rock,https://i.scdn.co/image/ab6742d3000053b7d806a2c591c20dbf2e54e0c6,The Dirty Mac,34
2Jv5eshHtLycR6R8KQCdc4,indie,Other,https://i.scdn.co/image/ab6761610000e5ebd8cce56443e12b12abd46344,Grizzly Bear,56
2K13AVg3bFpHSxDM1vJ0qA,electroclash,House & EDM,https://i.scdn.co/image/ab6761610000e5eb85e7d0638fb13effafa16008,CSS,43
2K35x6Uen65Ivms3NjwV77,minimalism,Classical/Orchestral,https://i.scdn.co/image/ab6761610000e5eb65a1fa564cce55aaf127c13c,Priku,23
2KCB7rHKJ04E2WprsXHGU4,Rock,Rock,https://i.scdn.co/image/ab6761610000e5eb97c2e4f3521a53640407dc38,The Donkeys,35
2KGF6IKZfVGCKfyqcNVGfh,afrobeat,World/Traditional,https://i.scdn.co/image/ab6761610000e5eb28b6c108471951dc264f8962,Antibalas,37
2KHY8H0FNemFh7qzOt7gpN,egg punk,Punk/Hardcore,https://i.scdn.co/image/ab6761610000e5eb78a445716f43b7e4aba98452,French Vanilla,14
2KQRgrZISaDwQNpiLUTAnr,dub,Reggae/Caribbean,https://i.scdn.co/image/ab6761610000e5eb131c5bd99c5ebb5a08c3b9fe,Prince Fatty,46
2KT0mSAPvd9PreXYCiVfVO,Electronic,House & EDM,https://i.scdn.co/image/ab6761610000e5eb8d5a86e0144501e7926251a0,Just Jack,46
2KWOkrj19TKU1ik6tugH4y,punk,Punk/Hardcore,https://i.scdn.co/image/ab6761610000e5eb97dbef04570a83d37f1e1b5f,Naked Raygun,31
2KcO6cVg4x4rYGSXLPCmPx,Rock,Rock,https://i.scdn.co/image/ab67616d0000b273e76837aad0a9351cf3c6241e,De Rosa,5
2KofAEA8S0jDDXjSg6a3HR,Electronic,House & EDM,https://i.scdn.co/image/ab6761610000e5eba651dbb7b175aec299eac832,Johnny Jewel,38
2KpGANYR8s65QVps1eIvFg,grime,Bass Music,https://i.scdn.co/image/ab6761610000e5eb23d96d0bf93aca5fb1fe5e0b,Last Japan,16
2Ks1Z1scmEDZfaYaCS7Osj,jazz funk,Jazz,https://i.scdn.co/image/ab6761610000e5eb3780daf28f22ed585d60a08c,Surprise Chef,50
2Kx7MNY7cI1ENniW7vT30N,Jazz,Jazz,https://i.scdn.co/image/ab6761610000e5ebed83d3ea063d87ce7e708f00,Norah Jones,75
2L00vHmYcwC9OlsEv6M5UO,ambient,Ambient & Experimental Electronic,https://i.scdn.co/image/ab6761610000e5ebe3b2ab82af6f124cf9de6a91,Steve Hauschildt,35
2L2unNFaPbDxjg3NqzpqhJ,idm,Ambient & Experimental Electronic,https://i.scdn.co/image/ab6761610000e5eb75d1644d614715c551d7debf,Teebs,40
2L3xOZQKjlT0Hb2QpTM4XY,dubstep,Bass Music,https://i.scdn.co/image/ab6761610000e5eb2dac72633b37e11de4fd3cc9,N-Type,22
2L9uBp4AgFYCBAx857QDSA,acid house,House & EDM,https://i.scdn.co/image/ab67616d0000b273dc372bbcaeccd2f6a98796e1,Silver Bullet,20
2LIdnZDzySb04oH40be1fR,folk rock,Folk/Acoustic,https://i.scdn.co/image/f315e07995fcf0e7bd3611765f79765de6625177,Fairport Convention,46
2LJxr7Pt3JnP60eLxwbDOu,Rock,Rock,https://i.scdn.co/image/ab6761610000e5eb65c99d6d784dc2cabd2a5492,Mandy Moore,66
2LKrAJVB1842xPDvx4uuwU,Electronic,House & EDM,https://i.scdn.co/image/07b26671e20d790ac68dda62025c23f2baa2ec85,Bros,38
2LMR8u7DOMF0FBseDpTsRa,Rock,Rock,https://i.scdn.co/image/95c0f1f6c272e824b48cf242b16a913b5bcbe37a,The Beta Band,47
2Lhs0asnFQiLuntn3s8p78,alt country,Country/Americana,https://i.scdn.co/image/ab6761610000e5eb8402d291e647772a42217da3,Lambchop,40
2LmP2eHIAmprDBQfi4jiBC,dub techno,Techno & Trance,https://i.scdn.co/image/ab6761610000e5eb5429b7add38a1002b9181bfa,Donato Dozzy,35
2LmkgfMMLXdQiJQSRRoxKY,Jazz,Jazz,,Louis Prima and His New Orleans,2
2LmyJyCF5V1eQyvHgJNbTn,classical,Classical/Orchestral,https://i.scdn.co/image/ab6761610000e5eb41df58451c2babdf18b21f19,Leonard Bernstein,63
2Los7jf0DpltIz39dDgNen,son cubano,Latin,https://i.scdn.co/image/ab6772690000c46c8a2dd7c05e52cb660733356f,AfroCubism,40
2LwlVrqI7U4WS448GpAozT,Electronic,House & EDM,https://i.scdn.co/image/ab6761610000e5eb508c3137a64c5aa10d99fe59,The Umlauts,9
2LzGweG3iEJCni35tLQnL5,celtic,Folk/Acoustic,https://i.scdn.co/image/ab6761610000e5eb5fb78829f99806726489cdb8,Martin Hayes Quartet,32
2M0T4a1pkOC5nifN9W6e9e,idm,Ambient & Experimental Electronic,https://i.scdn.co/image/b542192f4b32e380822bad75ec0faed56916ce04,LFO,33
2M9VekPKghfVcZKgiugbNH,uk garage,Garage & Breaks,https://i.scdn.co/image/ab6761610000e5ebd7cc59c052316653118f3927,Sticky,33
2MB4LVIvNzYx6KLPEWJD1P,acid rock,Rock,https://i.scdn.co/image/ab67616d0000b273b037a4edba2f78449c581dc4,Magic Mixture,10
2MBVm6ftlzhoyLKctyIEt6,Electronic,House & EDM,https://i.scdn.co/image/ab6761610000e5eb9bf83f01c5ce7dbc736193a0,Caspar Leopard,0
2MEaD3yPu9VDkLyorJuq7C,Electronic,House & EDM,https://i.scdn.co/image/ab6761610000e5eb0acd63b8ad068c4922ed600d,30drop,3
2MHF2LJvMpceD2Qy4iBZsV,dub techno,Techno & Trance,https://i.scdn.co/image/ab67616d0000b27353e9dc1239350310d629d3ae,Hd Substance,7
2MNNVXEpagQ3QWiOkXjQyT,jazz funk,Jazz,https://i.scdn.co/image/ab6761610000e5eb8b8a9e297afcf3028e745b46,Harvey Mason,38
2MOeRxQqwrvur6it4B3G3R,laïko,Unlisted,https://i.scdn.co/image/ab67616d0000b273be93231a78a8e43d33eb5b79,Markos Vamvakaris,37
2MPSxDniHj2BKV7GSSOFMA,uk funky,Bass Music,https://i.scdn.co/image/ab6761610000e5ebc05997cf7aa4379417176e88,Sepalcure,16
2MRBDr0crHWE5JwPceFncq,mariachi,Latin,https://i.scdn.co/image/ab6761610000e5eb26b71e79bead8d2481411ae6,Juan Gabriel,79
2MRmwfhBUelExXfUECIV6D,jungle,Bass Music,https://i.scdn.co/image/ab67616d0000b2730da3d44bae574c2bd22550ee,A Surgeon,21
2MS8Aeh2jTfqu1VhRZ4x1P,electroclash,House & EDM,https://i.scdn.co/image/ab67616d0000b27379ed57a7ba1bdec321e26dad,Les Petits Pilous,12
2MUENaxB93ZPNclZIDEMMV,Electronic,House & EDM,https://i.scdn.co/image/ab6761610000e5ebc995e9703d343f9905596572,Kalabrese,44
2MaMzvFmtu68r9zpdJ4tLE,chillwave,Ambient & Experimental Electronic,https://i.scdn.co/image/ab6761610000e5ebd26519a239085c4ec0e3a430,Brothertiger,46
2Mfoa6NAKX5juqD1xCTcTd,Rock,Rock,,Bob Hughes,0
2Ml28rNbho6SW1Gx7vEDgA,power pop,Rock,https://i.scdn.co/image/ab67616d0000b273ff245aabb78f7a6dfc100efe,Great Buildings,5
2Mn5YxJ8YfFCU6h2Ypr8NI,dubstep,Bass Music,https://i.scdn.co/image/ab6761610000e5eb170ab3d0abbd278965502d16,Silkie,20
2MohQG2HL7M19DA313je7O,acid house,House & EDM,https://i.scdn.co/image/ab67616d0000b273c0898dd592d8e2b9f5b2199a,Humanoid,21
2MpM5xEOluTLFuXnJ42tS0,Pop,Pop,https://i.scdn.co/image/ab67616d0000b2736a7bdbc16468d1ebaadf0ca7,Jay Wilbur,5
2MqWqAmRvIjvYdD3cMBbrg,idm,Ambient & Experimental Electronic,https://i.scdn.co/image/ab6761610000e5eb98ace4829d7c27c30654d0ab,Illum Sphere,19
2MqjEhTz8CDRF4JUIaodjS,dub techno,Techno & Trance,https://i.scdn.co/image/ab6761610000e5eb915ca22d5fb8f391a10e3612,Moon Diagrams,17
2Mu5NfyYm8n5iTomuKAEHl,neo soul,R&B/Soul,https://i.scdn.co/image/ccb108f19352e88d6e69b1093d75a2be5efa1c99,Ms. Lauryn Hill,75
2MvSxzsKTTExXrAzTvMuvB,footwork,Bass Music,https://i.scdn.co/image/ab67616d0000b273afc8f2a6336c5133525ff67d,Gunjack,7
2MvXKrHantfY5wyPiCOo2k,roots reggae,Reggae/Caribbean,https://i.scdn.co/image/ab6761610000e5eb43803303535e84f29dc73c65,Mighty Diamonds,43
2N1foZRamgP1sfiYXFID9O,indie jazz,Jazz,https://i.scdn.co/image/ab6761610000e5ebfb783fd69bed282380498070,Leifur James,47
2N2v15qhPA6Hxe3gwCgY0B,children's music,Novelty/Spoken Word,https://i.scdn.co/image/ab6761610000e5eba5ff17ba132d8800bb79befa,Judi Cranston,38
2N7DBqf05DIw5tqKLRAUq4,baroque pop,Pop,https://i.scdn.co/image/ab6761610000e5ebde74b723ee1ebb868dd4fece,Daniel Rossen,43
2N8IPNZTiNo3nj4mreOlHU,drum and bass,Bass Music,https://i.scdn.co/image/ab6761610000e5eb1ba473a65521940e36db0f87,Camo & Krooked,56
2N8XkSGgBeH1VrFHxbarbz,doom metal,Metal,https://i.scdn.co/image/ab6761610000e5ebd703832bf1b415d25dd665a5,Ahab,26
2NCGI6dLTxLdI9XHdv7QfM,christmas,Jazz,https://i.scdn.co/image/ab67616d0000b273b545de9d06f4281d1c43b1f5,The Andrews Sisters,54
2NGHctlXICLazbh2JgBqlw,Rock,Rock,https://i.scdn.co/image/ab6761610000e5eb95cebbc41c8e5a5eb1f77f02,Ambulance LTD,25
2NHUMlJ31joPsAmmDKg0cs,techno,Techno & Trance,https://i.scdn.co/image/ab67616d0000b273b5c860a3b2e396a968fd6716,Kessell,5
2NTMckStRtgsN3A6LacOR6,trip hop,Ambient & Experimental Electronic,,London Funk Allstars,23
2NVtDeFBzHMUFQlzDswS8a,,Unlisted,https://i.scdn.co/image/ab6761610000e5ebd36ca67007dbf8ce8d9bee54,Thom LaFond,15
2NVvuhg7tKjsMeFfv8JQiQ,downtempo,Ambient & Experimental Electronic,https://i.scdn.co/image/ab67616d0000b273a4756d8050c917602334d723,Thomash,19
2NqgE99Ll5vOTvmbN7O2R6,Rock,Rock,https://i.scdn.co/image/ab6761610000e5eb0fe99c60e94cf0fa9e140f88,Boy & Bear,55
2Nrvi6wKKZ0iAaxaBPDBzj,idm,Ambient & Experimental Electronic,https://i.scdn.co/image/ab6761610000e5ebf6d856e0a41a7482f19da35a,Capitol K,11
2Ns7mx3oc6thdeL9aBCWpY,lo-fi house,House & EDM,https://i.scdn.co/image/ab67616d0000b273ad415a2e9dc0bfaa08f04f65,Roza Roza,1
2NwYS5UK1AbaTljDWp4uh0,bluegrass,Country/Americana,https://i.scdn.co/image/fb6e57b2234590da03fe80c827ae45859978beb8,Dock Boggs,28
2O8dBbaTCm2YCJPQxReril,krautrock,Alternative/Indie,https://i.scdn.co/image/ab67616d0000b2737ba2fde6e8ba940519cd1b45,Hairy Chapter,3
2O9XW1nnGRMkMV1wpK8IiS,Electronic,House & EDM,https://i.scdn.co/image/ab6761610000e5ebe2f0906372b1797cd7b34c56,Peace,38
2OA8e1A4qJVqDHbjnc86dR,experimental,Ambient & Experimental Electronic,https://i.scdn.co/image/42626935662840ae6c621155bb8c7e525feffd37,Pan Daijing,15
2ODUxmFxJSyvGiimNhMHbO,blues,Blues,https://i.scdn.co/image/49d41e640134e0247ee9f6cce849bc36395273bd,Johnny Winter,46
2OOAWkt15smEKXtNNLtaNG,bluegrass,Country/Americana,https://i.scdn.co/image/ab6761610000e5eb46a7da522dbd64b68cf64b39,Charlie Parr,41
2OYDcH3MLWeNjj7gQVUbEF,neo-psychedelic,Rock,https://i.scdn.co/image/ab6761610000e5eb1c766225e27dcea4ad9528fe,Chris Cohen,35
2OfcZ0rI5ln5JWfsjD3OgO,soul jazz,Jazz,https://i.scdn.co/image/ab67616d0000b273be5662145d228fe28408f62e,The Lloyd McNeill Quartet,9
2OhRlg8iJc0v8XeRiXRr4H,dub techno,Techno & Trance,https://i.scdn.co/image/ab6761610000e5eb8dd63845159abf499e51aace,Substance,21
2Ohpu0UE5PFDgfhUxEi0Fy,proto-punk,Punk/Hardcore,https://i.scdn.co/image/ab6761610000e5eb8dd28cc2be73ff41ee0f711e,The Dictators,31
2Ojk9nhFgHi2M8rn5DaPMe,ragtime,Jazz,https://i.scdn.co/image/ab67616d0000b273d51e3ae3caa4b9ed9ee19ed7,Black Bottom Stompers,17
2OpqcUtj10HHvGG6h9VYC5,classic country,Country/Americana,https://i.scdn.co/image/ab6761610000e5eb5f79cb1d93cfa9684c1f6dc9,George Jones,64
2P024Zwds3G1daYmKfZ7tV,techno,Techno & Trance,https://i.scdn.co/image/52dc3d1a24b912a64b3215accd2d68cf6bd01b62,joeFarr,9
2P03Aan9wfgwkxTwGch2g1,french jazz,Jazz,https://i.scdn.co/image/ab6761610000e5eb6339cfc62ef893160462f3a6,Brigitte Fontaine,36
2P560DaOMNDUACoH8ZhOCR,punk,Punk/Hardcore,https://i.scdn.co/image/ee4cebe3c187f4f18502fd99b69e316c1caa2254,The Jam,58
2P5sC9cVZDToPxyomzF1UH,hip hop,Hip Hop/Rap,https://i.scdn.co/image/ab6761610000e5ebae01fe0d10cd8ebb4707c461,Joey Bada$$,75
2P6KPAphDMASmfHjnxSMmR,garage rock,Rock,https://i.scdn.co/image/ab6761610000e5eb9c855edeb3c544e25e8f98c6,The Datsuns,32
2PHC7cyBiJM9EZ0E8FKcJ4,children's music,Novelty/Spoken Word,https://i.scdn.co/image/ab67616d0000b273f662ae81484b23dabaf67805,Muffin Songs,52
2PJEagPIxaBugeMjIyKVXF,grime,Bass Music,https://i.scdn.co/image/ab6761610000e5eb810b2386d4b453cfd653d802,Aitch,68
2PSiJ0ZRJuYb5ySOOexs7w,children's music,Novelty/Spoken Word,https://i.scdn.co/image/ab67616d0000b27335c1e4c2a1625551162402c0,Twenty Trucks,46
2PT0dZa1yzFBrkp8U1UTKW,jungle,Bass Music,https://i.scdn.co/image/ab6761610000e5eb1f6a8555a2c15dc4a709537d,Kid Lib,17
2PZsXHKjgpXg7tJoFr1fa6,Classical,Classical/Orchestral,https://i.scdn.co/image/ab67616d0000b273169e74175288e1427bb830c4,Jeremiah Clarke,29
2PjgZkwAEk7UTin4jP6HLP,swing music,Jazz,https://i.scdn.co/image/6c23299f06383774cea8f69fc64dda68f7d3bbf4,Lionel Hampton,43
2PlLrStX2yK6CzyRi3TKnO,noise rock,Alternative/Indie,https://i.scdn.co/image/ab6761610000e5eb79eea01f968c61198f7bbade,Guerilla Toss,40
2Plkkomsc4DKawkCioLKjc,alt country,Country/Americana,https://i.scdn.co/image/4f563f149fe787868e25f329973318036789d586,Uncle Tupelo,43
2PoiNhvPSC4fivyrDJOoru,spoken word,Novelty/Spoken Word,https://i.scdn.co/image/ab6772690000c46c463b7f6b1f690b3596b455c9,Lord Of The Isles,36
2PoyNglEym59Fhd2Oumq8K,dub techno,Techno & Trance,https://i.scdn.co/image/ab67616d0000b273bd1c4f9293ce9192e54a645d,Sistol,1
2PwUZ1wTtmdDTEZbfnAh8C,neo-psychedelic,Rock,https://i.scdn.co/image/ab6761610000e5ebfecbc6385d1a27746b5483f8,Yama Warashi,16
2QFnCeEbTqsb0YUYpFl08v,dub techno,Techno & Trance,https://i.scdn.co/image/ab6761610000e5eb119baf4d8ddaf5785df45df9,Sterac,19
2QPXJr6p6YbK4KUpBRwYlf,Rock,Rock,https://i.scdn.co/image/ab67616d0000b27354c47563e50cc08eda56a338,The Defoliants,2
2QRbIErTx6f4XO6nI3n0ak,southern gothic,country/Americana,,Henagar Union Sacred Harp Convention,9
2QV3ajkOMEqVpdbM4ErO8k,Rock,Rock,https://i.scdn.co/image/ab67616d0000b273ccb4ccb294dcb80c57f34139,Onirico,0
2QX0SpKMsDrLa2qM15KcDf,hard techno,Techno & Trance,https://i.scdn.co/image/ab67616d0000b273302afb4c6c3070b90d4a8aae,Arkus P.,15
2QX8yUROOnWTSLFg4sZ9Gg,jazz,Jazz,https://i.scdn.co/image/ab6761610000e5eb2d97816a25917037249ff5dd,Bill Charlap,44
2Qex50xFT7kAjim1jimBWV,comedy,Novelty/Spoken Word,https://i.scdn.co/image/ab67616d0000b2735de05d0fdd5c33ae30434e81,Benny Hill,25
2QhuuuH8deOoFLzNiiEeLX,bluegrass,Country/Americana,,Alan O'Bryant,21
2QmLFuIDtNDmmJY3OtvinN,Rock,Rock,https://i.scdn.co/image/f48fbdbdb7891d93959fa39c4bc65e94c489401d,Meredith Brooks,57
2QoU3awHVdcHS8LrZEKvSM,alt country,Other,https://i.scdn.co/image/ab6761610000e5ebb990b82996651d23ab4df7e8,Wilco,62
2QrMUZC2oSd2ZLeC9NBsN7,acid techno,Techno & Trance,https://i.scdn.co/image/ab67616d0000b2733b7a188a76500d6a4c52b834,90 Process,8
2QsynagSdAqZj3U9HgDzjD,reggae,Reggae/Caribbean,https://i.scdn.co/image/b5aae2067db80f694a980e596e7f49618c1206c9,Bob Marley & The Wailers,83
2R1aNdEPdzkU1va9WM4H3O,children's music,Novelty/Spoken Word,https://i.scdn.co/image/ab67616d0000b27303052d72fae966566b086f87,John Archambault and David Plummer,37
2RLpFsSPsiB1LKXcDVac4Q,big band,Jazz,https://i.scdn.co/image/ab67616d0000b27350b7b96d4b107b291e4fd025,Casa Loma Orchestra,26
2RM3xqQNdhZknQBsyQl3ZM,rocksteady,Reggae/Caribbean,https://i.scdn.co/image/ab6761610000e5ebaed9bf3ed3bf5e3ef6bd49e4,Derrick Morgan,35
2RNUVT2Tl938bULcNzDRNw,trip hop,Ambient & Experimental Electronic,https://i.scdn.co/image/ab6772690000c46c592c0b7b6f98f995db5f7aa2,Funki Porcini,42
2ROWhaqtdj8ztIxWekIW4E,ambient,Ambient & Experimental Electronic,https://i.scdn.co/image/ab6761610000e5eb7c634385975611f79ac40664,JakoJako,28
2RPL1YMpEuV6X0SGdwdY6q,Electronic,House & EDM,https://i.scdn.co/image/ab67616d0000b273f7da2deaec4ce185a0e3812d,The Gist,15
2RQXRUsr4IW1f3mKyKsy4B,Rock,Rock,https://i.scdn.co/image/ab6761610000e5eb8c52b10e110f62fe45761590,Noah Kahan,83
2RQuyY0nQqKOtzhBhghSGu,blues,Blues,https://i.scdn.co/image/ab6761610000e5eb6f48c5b3d7efcf16589a4deb,Henrik Freischlader,42
2RUW6D53228zMHAXjaQI8f,dancehall,Reggae/Caribbean,https://i.scdn.co/image/ab6761610000e5ebcfb43b2c5e569604d660352f,Spragga Benz,43
2RWaZohsuqSJX9xWX3p95G,musicals,Unlisted,https://i.scdn.co/image/b73adcba423692245bd8a2f6040e42e2890cb2c8,Sutton Foster,46
2RWgO3s8UmCP8tG1kTFFzF,Rock,Rock,https://i.scdn.co/image/ab6761610000e5eb26d7bd98bbcd949b06d70b14,Jimmy Carter and Dallas County Green,36
2RcpMq2zbPhykuQaE5w2u2,drumstep,Unlisted,https://i.scdn.co/image/ab6761610000e5ebad2863488e7fd4e43704fc41,Woolymammoth,7
2RhgnQNC74QoBlaUvT4MEe,surf rock,Other,https://i.scdn.co/image/ab6761610000e5eba5a2314afecf8af008298b80,The Growlers,60
2RjXfFzL4Ll88oCtpaXU34,big band,Jazz,https://i.scdn.co/image/ab67616d0000b273981dd3aba6c4e00c5f463eb3,Claude Thornhill & His Orchestra,17
2RpHsROrX075xfIwHn6B2U,soft rock,Rock,https://i.scdn.co/image/ab6761610000e5eb6dc7b79aead8085199d75560,Chris de Burgh,64
2RqrWplViWHSGLzlhmDcbt,Electronic,House & EDM,https://i.scdn.co/image/ab6761610000e5ebaef33b88f5b94d146953650b,Yaeji,52
2RwV62DIxFGEn8aWO3iaMM,northern soul,R&B/Soul,https://i.scdn.co/image/9836528de3035ce8d0df8806ca760271a43837e9,Al Wilson,45
2Ry3Al0NQvvXINbSs15GW5,ragtime,Jazz,,Two Banjo's Jazzband,8
2RyY5yFlJh6jIPfMDhHgyD,cajun,Country/Americana,https://i.scdn.co/image/a586e02efc524c77996574806558684fd9645447,Professor Longhair,37
2S0rCVs10P1Q0v51wmOrM5,swing music,Jazz,https://i.scdn.co/image/ab6761610000e5ebc3b3ad51c473ca28f1b3519c,Preservation Hall Jazz Band,44
2S11VlKvbvSKyyb7Wk4YP1,Rock,Rock,https://i.scdn.co/image/ab6761610000e5ebd1b53e721cb5d8f8adee23ea,Oracle Sisters,56
2S9W9aSAd7e5mp8WqWxN2h,Electronic,House & EDM,https://i.scdn.co/image/ab6761610000e5eb79f5fca7b31fa8a47a373913,Hilary Duff,60
2STVYmc2T02GlvvWZl7umj,jazz fusion,Jazz,https://i.scdn.co/image/ab6772690000c46c9ad7cf201b69991bd5f10af0,Victor Wooten,43
2SU0Q1mD3Vf207QF6YXV84,Electronic,House & EDM,,Benny Ill,0
2SYqJ3uDLLXZNyZdLKBy4M,jungle,Bass Music,https://i.scdn.co/image/ab6761610000e5eb8f652839f17c3f0eb205f1d3,Goldie,43
2SZ1e7QHN5jon9tpSpQl44,hard bop,Jazz,https://i.scdn.co/image/1dbcdfddf9bad955b4480767c73a5f1dcd3d63a5,Duke Pearson,34
2ScJcQTQRabLsAENCJd9b5,bass music,Bass Music,https://i.scdn.co/image/ab67616d0000b2737ee096720496a6ea00d92443,Bass Society,18
2ScuQMRWThcifBRIvNDFDC,blues,Blues,https://i.scdn.co/image/ab67616d0000b2734f60d2ae465344eacf531680,John Mayall & The Bluesbreakers,46
2SdK1QDmZIP2hk94rSaLl9,Rock,Rock,https://i.scdn.co/image/ab6761610000e5ebb389e24691a904ff0398abc9,TOPS,54
2SfoHHbFQfUI4wX6AGZaCQ,techno,Techno & Trance,https://i.scdn.co/image/ab6761610000e5eb8bc2abf7938f7c3761d7b333,Kristian Heikkilä,7
2SjoixU9PPkvWIqzaklUQG,ska punk,Punk/Hardcore,https://i.scdn.co/image/ab6761610000e5ebb41e2f18791d6910adaf5a6e,Zen Baseballbat,4
2SmPgpPN8GmVdFBYgsRsud,big band,Jazz,https://i.scdn.co/image/ab67616d0000b2735d5cd1e670327b622fa5cd36,George Girard,3
2Sp19cOHSqAUlE64hekARW,power pop,Rock,https://i.scdn.co/image/ab6761610000e5eb51bd01865f830f3daa66b6a2,Teenage Fanclub,45
2Sqr0DXoaYABbjBo9HaMkM,Pop,Pop,https://i.scdn.co/image/ab6761610000e5eb0bae7cfd3b32b10154e0b8b3,Sara Bareilles,66
2SrSdSvpminqmStGELCSNd,grime,Bass Music,https://i.scdn.co/image/ab6761610000e5eb674d29e07df021a35df3ddf1,Stormzy,70
2Su6RvkvrMNSvEh9ccMWD5,uk garage,Garage & Breaks,https://i.scdn.co/image/ab67616d0000b27356a0b472c8db26ff2dd29b73,Horsepower Productions,17
2SvsDVaQnwhr8da9LPepJO,ragtime,Jazz,https://i.scdn.co/image/ab67616d0000b2735c17593dbbab9e1ff2993dbf,Bourbon Street Jazzband,20
2Swn6We5XXpyDz1YxRkprA,drone,Ambient & Experimental Electronic,https://i.scdn.co/image/ab6761610000e5ebe2d0c3a0c964ebee3e81edf8,Sarah Davachi,31
2T06whb4s6UiufL1j5Qtz9,ranchera,Latin,https://i.scdn.co/image/ab6761610000e5eb0fb5fee16398aa5b94427386,José Alfredo Jimenez,68
2T5NLCuN31j79zbxZ2XCSA,lo-fi house,House & EDM,https://i.scdn.co/image/ab6761610000e5eb2ad4dec0d326ed2c4c76708c,Model Man,38
2TATWDRPSlK3gyTFSo95cM,Electronic,House & EDM,,Killawatt,0
2TEpGf9ad9YzmXPh9JE0MN,Rock,Rock,https://i.scdn.co/image/ab67616d0000b2735c365376b5138cdfd6537073,White Belt Yellow Tag,0
2TI0KeX2tlQh8g6urDeufh,Rock,Rock,,Blackfoot,20
2TImI3DW7o5MdRXJs4D37h,hyphy,Hip Hop/Rap,https://i.scdn.co/image/ab6761610000e5eb24e6f9ce2527f8241ee1947d,SOB X RBE,54
2TdzGitZtbe3Zw3BB4SFEH,roots reggae,Reggae/Caribbean,https://i.scdn.co/image/ab67616d0000b2732816758632a4f41a502dd9e9,Big Youth,41
2Tk0pWxTuQgnE5nsUexrLr,classic soul,R&B/Soul,https://i.scdn.co/image/ab67616d0000b2735b221b78b425f3f4b45188d2,Jean Knight,49
2TlxOsDtu4KuBpdrQctnyu,dub techno,Techno & Trance,https://i.scdn.co/image/ab6761610000e5eb0335bc4390b9955c97e8b16a,Feral,25
2Tz1DTzVJ5Gyh8ZwVr6ekU,,Unlisted,https://i.scdn.co/image/ab6761610000e5eb09ba7def3d7c5c14349fb905,STRFKR,58
2TzHIUhVpeeDxyJPpQfnV3,Rock,Rock,https://i.scdn.co/image/733bf3eb9178fd24dbce4a9a5ec64d0c870ea822,Katrina & The Waves,64
2TzZg302CB0oW5ZMeTW98p,Rock,Rock,https://i.scdn.co/image/ab6761610000e5eb2c591408e2fd98646ac796b5,stories,40
2UBTfUoLI07iRqGeUrwhZh,alt country,Country/Americana,https://i.scdn.co/image/ab6761610000e5eb9df7776d38d37e7543548cad,Steve Earle,62
2UGL8QDKTSVXMqZqQR8DRL,jazz,Jazz,https://i.scdn.co/image/ab6761610000e5eb0cffbdc90d9ecec7df8ac9fc,Marcin Wasilewski Trio,39
2UHOxilPkRsyFp4EQu8Sq4,Electronic,House & EDM,https://i.scdn.co/image/ab6761610000e5ebe9227cbfc90cdcd21e85c8fb,Cinnaman,12
2UN3X76v25g6lhcZAB1xUU,uk funky,Bass Music,https://i.scdn.co/image/126abda1510d2ee91aca17a2d3ce268344c5e7ed,Untold,24
2UQwwYBLBvtpGHTMYzTgHi,baroque pop,Pop,https://i.scdn.co/image/ece53a7bc36f98179ffcbb7ce6af4b5e540c59e9,Chad & Jeremy,38
2UZMlIwnkgAEDBsw1Rejkn,classic rock,Rock,https://i.scdn.co/image/ab6761610000e5eb70f0e4f1fe50b39e622f9ac0,Tom Petty,72
2UmG7WphL1CMN7mVWyhE7u,neo-psychedelic,Rock,https://i.scdn.co/image/ab6761610000e5eb2f937f59c1eae702af3d45d2,Babe Rainbow,50
2UqjDAXnDxejEyE0CzfUrZ,classical piano,Classical/Orchestral,https://i.scdn.co/image/795f15e4d860456a306055ccc995075c5dad9fa6,Robert Schumann,65
2Uuon75BhnuuxdKLYn4wHn,motown,R&B/Soul,https://i.scdn.co/image/664f1a004773bd74a4ff5104818e4f383ef95a5e,Eddie Kendricks,40
2UuvaSzB0VNumArR71ReMT,synthwave,Pop,https://i.scdn.co/image/ab6761610000e5ebddedee09f7e1fe14797a619f,Emil Rottmayer,44
2UyNtB2SNJhTnCcuLATDXJ,Rock,Rock,,J. Roddy Walston,17
2UyhhfLOvfLs7ZhzsAaNC3,electroclash,House & EDM,https://i.scdn.co/image/ab67616d0000b273b07c5c0cb2593a633e8fbc72,Mount Sims,24
2VAvhf61GgLYmC6C8anyX1,idm,Ambient & Experimental Electronic,https://i.scdn.co/image/c533bf6f08a42119065d8c2171cdfa8e96720b4c,Boards of Canada,58
2VIoWte1HPDbZ2WqHd2La7,Rock,Rock,https://i.scdn.co/image/1065764f6bfae289f03651c9927dbd84eabae766,The Turtles,61
2VMxEtyyo7Jg3jmVDQPHwx,indie folk,Folk/Acoustic,https://i.scdn.co/image/ab6761610000e5eb688a77db8bfe26f251ea402d,Craig Cardiff,40
2VZNmg4vCnew4Pavo8zDdW,neoclassical,Classical/Orchestral,https://i.scdn.co/image/ab6761610000e5eb8dee498089aaed97d680c5b7,Max Richter,75
2VaniQ30BeId1MM6RzmHNc,Rock,Rock,https://i.scdn.co/image/ab67616d0000b273d50677cc46d58d47234e2d5a,The Scaffold,25
2VarlUiM6Lw0SA7BvwVPRP,idm,Ambient & Experimental Electronic,https://i.scdn.co/image/ab6761610000e5eb14b07e5c4d185afb8ab6b6b8,Forest Swords,38
2VbMLDe7SzaN1Pw1hFMgva,acid rock,Rock,https://i.scdn.co/image/ab67616d0000b2737c5490da903685b77ccc72b1,Tomorrow,19
2VdYBOJ55CchyRRCGiZnL3,surf rock,Rock,https://i.scdn.co/image/07c6bbdc3b9c7a3dbbd9d045abc0c02f4a381a49,Doug Martsch,16
2VhVBXSB8n2KxuzKVZNxTY,post-punk,Rock,https://i.scdn.co/image/ab6761610000e5ebb6dd67b20cbb1d16fbbf6403,Ought,27
2Viie9baa0nXWRAAgIadt5,"Folk, World, & Country",Folk/Acoustic,https://i.scdn.co/image/ab6761610000e5eb6244a06fac170f09e3b907fe,Old Fire,9
2VkyaRQeM6Ztk8a6GeCkac,math rock,Alternative/Indie,https://i.scdn.co/image/ab67616d0000b2735e5a4b6925693da64b601267,Smart Went Crazy,20
2VyZ8gDQLquB1Z84fKoyKo,Pop,Pop,https://i.scdn.co/image/ab6761610000e5ebc5c31d4c53774ea4086ce930,Dao Strom,3
2WBJQGf1bT1kxuoqziH5g4,disco house,House & EDM,https://i.scdn.co/image/ab6761610000e5ebbd1cb147996bda17ecc97dd7,Purple Disco Machine,74
2WEEw0QrAOyeMHpeXnDqQT,uk funky,Bass Music,https://i.scdn.co/image/ab6761610000e5ebe95896e6c765e7726378dd4d,Afriquoi,35
2WKdxPFRD7IqZvlIAvhMgY,east coast hip hop,Hip Hop/Rap,https://i.scdn.co/image/dd757e1fca99ac0a3da9aa6c2969bc696cc672ce,Fugees,69
2WRStKp4ihGVUzlzWfv1Qt,power pop,Rock,https://i.scdn.co/image/e623120d8dca40749ac080c78f6507156bd72b34,The Undertones,47
2WZfCTpqwLC3MTIGmLrzaJ,Rock,Rock,https://i.scdn.co/image/ab6761610000e5eb08987678b5062685dd532f0a,Bessie Turner,13
2We7vKruiEweV984BdrxGA,Jazz,Jazz,https://i.scdn.co/image/ab6761610000e5eb4a6ec4e9f74fa2e92430a454,Jerkcurb,31
2WkDGNlrAN48YIOi18jpEE,celtic,Folk/Acoustic,https://i.scdn.co/image/4e466ac0c5403e1df0f3eddb8f22facfc61f2e84,Maura O'Connell,32
2WrVwQi8ez2O1Ds5Q7hLXa,Rock,Rock,https://i.scdn.co/image/ab6761610000e5ebff468a39be93062010ab0250,Fyfe Dangerfield,25
2WtP3gFYi5AXLa4IqIliF4,timba,Latin,https://i.scdn.co/image/ab67616d0000b273f7736a8c393f5e56f0328dbd,Mat 303,0
2Wvz1w08ODKEmew4SfIQDM,swing music,Jazz,https://i.scdn.co/image/ab67616d0000b273ed2045996851417c06ad986d,Jack Jackson,9
2XEjbBHqhnBlfydDBUp1Rf,footwork,Bass Music,https://i.scdn.co/image/ab6761610000e5eb174fbbfa8cf4059e396caba6,EQ Why,6
2XG4LWrmKXFA1PqnUsuPj6,neo-psychedelic,Rock,https://i.scdn.co/image/ab6761610000e5eb44ca9fbb266b16c4ffe0a82f,Cory Hanson,37
2XHJ36WzMJKpDk6fLl6lMo,Electronic,House & EDM,https://i.scdn.co/image/ab6761610000e5ebc2695aaf5f1ec488a70a131a,The Hics,45
2XPtKIOttOrkLpPQmrgKAO,classic soul,R&B/Soul,https://i.scdn.co/image/ab67616d0000b2731e4272677a0d83a46cd85897,Boscoe,7
2XPxyd2B8EvTaQxgdmAJrV,exotica,Pop,https://i.scdn.co/image/ab67616d0000b2734aea9e818b881062225b55ea,Cults Percussion Ensemble,10
2XZXvrqedRMiKv6UWjAT4B,doo-wop,R&B/Soul,https://i.scdn.co/image/ab67616d0000b2735e06e4ffc70134f4ab284e23,Jimmy Clanton,41
2Xc5v4VchWoxiC0VJn21br,big band,Jazz,https://i.scdn.co/image/ab67616d0000b2732cb75b2757d6bd6b32bca039,Rob McConnell & The Boss Brass With Phil Woods,9
2XddLUPFBmTonCFy8uB3uc,Rock,Rock,https://i.scdn.co/image/ab6761610000e5ebbad6c3cafd30c347a29e0c29,Swim Deep,33
2Xh0QLRL0qScgK7YKxCdYH,experimental,Ambient & Experimental Electronic,https://i.scdn.co/image/ab6761610000e5eb36ef4db56dafb5c2c8174fa5,M.E.S.H.,9
2XhhAWeUOlrZnGOB7aKEI8,progressive rock,Rock,https://i.scdn.co/image/ab67616d0000b273a0292c98efda007877b76d04,Aphrodite's Child,43
2Xu7q46Hf02xOoEIm4E1Qs,east coast hip hop,Hip Hop/Rap,https://i.scdn.co/image/ab6761610000e5eb4dd28760ce53bdbc747fd598,Big Pun,63
2XzHxDFTNywDd5ReMhgxkg,post-disco,Funk/Disco,https://i.scdn.co/image/ab6761610000e5ebecec2d976b375dc259980f10,The Whispers,54
2XzmUmKNAMFRpB1SlRm2yK,Jazz,Jazz,https://i.scdn.co/image/ab6761610000e5ebff783e1b95491b506b8940f0,Alec Schulman,2
2YFBqMMiIIL4XyiEwqySUQ,post-punk,Rock,https://i.scdn.co/image/ab6761610000e5eb8281bc51a79801fe419329bc,Protomartyr,40
2YL0l5fnyHE9FEf1bwFGCc,swedish pop,Pop,https://i.scdn.co/image/ab6761610000e5eb36d8c8d12c8c1709461962c2,Kleerup,48
2YODXXiVE8ABc0TfihLOFj,big band,Jazz,https://i.scdn.co/image/130550b304f0ac1977cd3dad13810723986ea3a2,Gene Krupa,37
2YVF0Ou5zIc4mpgtLIlGN0,trance,Techno & Trance,https://i.scdn.co/image/270333abeb769990ca788d54758ba7eff4488775,Robert Miles,66
2YZyLoL8N0Wb9xBt1NhZWg,hip hop,Hip Hop/Rap,https://i.scdn.co/image/ab6761610000e5eb39ba6dcd4355c03de0b50918,Kendrick Lamar,93
2YbV1TIoIl1Un54MmSvZ3V,uk funky,Bass Music,https://i.scdn.co/image/ab6761610000e5eb57799d3b8679571a54a1b733,Deadboy,15
2YfqCdQFDp4c0s8F5Lkk4z,idm,Ambient & Experimental Electronic,https://i.scdn.co/image/ab6761610000e5eb9ad5a37bd68647090a02ee6e,Eli Keszler,31
2Yi3jKMW37YHqrc9yeTX9D,swing music,Jazz,https://i.scdn.co/image/ab67616d0000b2730953281b1cf78bae2e392d81,The Basin Street Brawlers,8
2YlChAUwzzlCDSh7ECoQKV,opera,Classical/Orchestral,https://i.scdn.co/image/ab67616d0000b273cfcf2b4859a7f0e085029adc,José María Cano,29
2Z0z8NYUiPyUQxgy1BsOIJ,,Unlisted,,Bochum Welt_TEST,0
2Z2NTQYSGd9jFJawGmH8Y2,idm,Ambient & Experimental Electronic,https://i.scdn.co/image/ab67616d0000b2733c42cb7d34cbb78a02fd8a57,Heorge Garrison,1
2Z7UcsdweVlRbAk5wH5fsf,baroque pop,Pop,https://i.scdn.co/image/1e721c9502da1663fe9dd0b9f8a90519546f0a9f,The Last Shadow Puppets,61
2ZCN4dYx1fwLtbHRbMPYFk,Electronic,House & EDM,,Tex-Ture,0
2ZFVQjoQGBbNZ0quLUteyp,hard bop,Jazz,https://i.scdn.co/image/ab67616d0000b273d1c19fc4afb7c0f2130b10e4,Art Farmer & Benny Golson Jazztet,36
2ZHNwvYaMbD8zuObAXVHEr,space rock,Rock,https://i.scdn.co/image/ab6772690000c46c989c43d6aecf61a075fee019,Bardo Pond,23
2ZUJPPIpRK31hReRC22ZmT,dubstep,Bass Music,https://i.scdn.co/image/ab6761610000e5eb97f5fa21efb832a215704afc,Commodo,33
2ZYIql5vmxtz3LbDLIaWo9,celtic,Folk/Acoustic,https://i.scdn.co/image/e7e41b1be376ff8d7d9c0c71a947ebb1da16d6ad,Luke Kelly,45
2Za6MJDy9CzxcP1NAQiJH9,,Unlisted,,Dr. Derelict,0
2Zh2NlHbeQkssVFbdO6coR,dub techno,Techno & Trance,https://i.scdn.co/image/ab67616d0000b273d329a1dd5dbadbbf6decd36b,S Olbricht,4
2Zi0XljYMecih2LyEEWFla,progressive rock,Rock,https://i.scdn.co/image/ab67616d0000b2734a0ddff9fe8d377a04b1cc74,Bo Hansson,27
2ZqHisJAL1VKAtXUBlsWPl,"Folk, World, & Country",Folk/Acoustic,https://i.scdn.co/image/ab67616d0000b273dbd854383178c497b0a87ae6,Hilarie Burhans,2
2ZqXK2gIDbfE7aOvkNObPW,Electronic,House & EDM,https://i.scdn.co/image/d9304be7f289f40bcf35c385a18dd21cac058c1a,Billie Myers,43
2ZvrvbQNrHKwjT7qfGFFUW,jazz,Jazz,https://i.scdn.co/image/ab6761610000e5ebca17170af02af227d6ea0c31,Herbie Hancock,59
2Zy9Ltp7QvckFHwk09KaYR,jungle,Bass Music,https://i.scdn.co/image/ab67616d0000b27347f829c1ae69414afbe98887,2 Bad Mice,22
2a0uxJgbvvIRI4GX8pYfcr,grime,Bass Music,https://i.scdn.co/image/ab6761610000e5eb5e58d093b8bedfa530c2dd61,J Hus,67
2a4lU7F8toqKpb5v6Ftqya,retro soul,R&B/Soul,https://i.scdn.co/image/ab6761610000e5eb6d8e3eb836345a20ef60abbd,Theo Katzman,49
2a8NONYfrGgsdUUORy4rFa,Electronic,House & EDM,https://i.scdn.co/image/ab6761610000e5eb50389f21d35b3a5115efe3c1,Machine Woman,22
2aAHdB5HweT3mFcRzm0swc,big band,Jazz,https://i.scdn.co/image/ab6761610000e5ebbf2be3724ebe17f9258a2180,Glenn Miller,58
2aJC0GVDp9BwwQgXUjZ65K,Funk / Soul,Funk/Disco,https://i.scdn.co/image/ab67616d0000b27311abeaa6b08dcf70b42821b4,Shorty Long,10
2aMdhZeYSUVewlfjx9ntIn,french jazz,Jazz,https://i.scdn.co/image/ab6761610000e5eb5c0019dc18e19aef05169714,Adrien Moignard,29
2aS6jYh7ysTL1ZUsHneNgM,Electronic,House & EDM,https://i.scdn.co/image/ab6761610000e5ebfba07dbdca45039f9d20e5bb,Berlin,63
2aSQWCI5yCT8lHd7Mf9irY,garage rock,Rock,https://i.scdn.co/image/ab67616d0000b2737d0cfcf82d60e4c38662c0e9,Compulsive Gamblers,23
2aVHDjRHRM7dcFkGwahXLG,baroque pop,Pop,https://i.scdn.co/image/ab6761610000e5eb1626680b3f2d83de9688a969,Lee Hazlewood,50
2aWtiZ7hI8F98Do4vSqJiv,krautrock,Alternative/Indie,https://i.scdn.co/image/ab67616d0000b2735e353f7155cb903a98bec9b8,Nine Days Wonder,3
2abTBfFq5PSoASI2PSysLV,uk drill,Hip Hop/Rap,https://i.scdn.co/image/ab6761610000e5eb3d4ff84f2811def6d1459b71,Kenny Allstar,49
2aeccL0hsJAfsP56dRdrBI,post-hardcore,Punk/Hardcore,https://i.scdn.co/image/d9174fe4055194c4f5a827a98722b74c395f7e42,Lungfish,32
2ajVJyxI4sHmTMtTA3ENko,slowcore,Alternative/Indie,https://i.scdn.co/image/654e0e2403a48ea867ecd6c6d1f10fd13eb87305,Smog,43
2amyu5pkgYMYdNQZmB3GgY,bass house,House & EDM,https://i.scdn.co/image/ab6761610000e5eb23c3bd069a1bee32bbc2225c,Dog Blood,36
2aoFQUeHD1U7pL098lRsDU,experimental hip hop,Hip Hop/Rap,https://i.scdn.co/image/bc99e9cb1976fcecb929d819b3dfc6f6fabca500,Madvillain,64
2auiVi8sUZo17dLy1HwrTU,alternative r&b,R&B/Soul,https://i.scdn.co/image/ab6761610000e5eb631cf0aa859e5a20e836f14f,Solange,63
2ayLcJ3HBefNHlPrFQnp8t,Rock,Rock,https://i.scdn.co/image/ab6772690000c46cc9e0236fce5da4739b2336e1,White Magic,17
2b173PsMiQ0rJ6TUUryDns,ragtime,Jazz,https://i.scdn.co/image/ab67616d0000b2731c780b4bdf35dea76597468a,Piron's New Orleans Orchestra,8
2b9ktntykWY7q9PK1RWcvG,Pop,Pop,https://i.scdn.co/image/ab67616d0000b273ac41799a63ba2a7d071eeb1f,Charles Coburn,7
2bGK38Qvf603fcckzUYYui,outlaw country,Country/Americana,https://i.scdn.co/image/ab6761610000e5eb92913a53824199a45370debe,Whitey Morgan and the 78's,53
2bJ08i0BSIRp1OwgEL8e66,techno,Techno & Trance,https://i.scdn.co/image/ab6761610000e5ebaa7344458aa61ee712358920,Arkan,16
2bKeENyAjucVZS9KfDgGYu,Classical,Classical/Orchestral,https://i.scdn.co/image/ab67616d0000b273f9eb9bc1c413960a118267c9,Ann Margaret Hogan,2
2bOo3sgzNcQcS9525WR9Ku,hard bop,Jazz,https://i.scdn.co/image/ab67616d0000b2736c59e931889428c321466ef0,Ray Bryant Trio,38
2bP72uOaVvJ2syINURI42n,minimal techno,Techno & Trance,https://i.scdn.co/image/ab6761610000e5eb0fcf3f5176fec8a8c56858b4,Martin Buttrich,37
2bToe6WyGvADJftreuXh2K,retro soul,R&B/Soul,https://i.scdn.co/image/ab6761610000e5eb2ab0f0d7e19354bbe50c3546,Lee Fields & The Expressions,47
2bYCvT1nqpbbspU5DZG5nA,idm,Ambient & Experimental Electronic,https://i.scdn.co/image/ab6761610000e5eb6ebebed320e71b45868686c1,Bogdan Raczynski,34
2bbmhDPNneMVFzA2dmvpVQ,minimal techno,Techno & Trance,https://i.scdn.co/image/2a78e9de08552c8f15db496b60e9af75ebbf2914,Magda,18
2bmixwMZXlkl2sbIbOfviq,blues,Blues,https://i.scdn.co/image/3c116fa8059a519a653f242c7e14feb43a4186d0,Bo Diddley,48
2bs3QE2ZMBjmb0QTqAjCj3,post-punk,Rock,https://i.scdn.co/image/ab6761610000e5eba7b945d845298899ca3f956e,Preoccupations,36
2bsUHxwa7PnTKjU6xAngbH,dub techno,Techno & Trance,https://i.scdn.co/image/ab67616d0000b27323289ed30efebcd6d66b0c74,Dos Attack,1
2bt3I0VkmYuPvP57sxokab,punk,Punk/Hardcore,https://i.scdn.co/image/ab6761610000e5ebd35ce264c43af760f9908e05,Stiff Little Fingers,46
2c2X6dr1PHctH24BxNOjHi,drumstep,Unlisted,https://i.scdn.co/image/ab6761610000e5ebd363e6f40951c0fddd00ccbf,Eprom,38
2cCUtGK9sDU2EoElnk0GNB,indie rock,Alternative/Indie,https://i.scdn.co/image/ab6761610000e5ebb6399a59b6016b1d1e8feb67,The National,66
2cE64RtSkS5CE0075eMMCt,techno,Techno & Trance,https://i.scdn.co/image/ab6761610000e5eb809062b458f6d993ad79b6fb,Takaaki Itoh,18
2cGwlqi3k18jFpUyTrsR84,britpop,Rock,https://i.scdn.co/image/ab6772690000c46c2fb11ff7658def8d8a52957c,The Verve,72
2ckfYpz65ZueWZa2dB6yXC,folk,Folk/Acoustic,https://i.scdn.co/image/ab67616d0000b27300b9e955d2b2a0be08152a8c,Sibylle Baier,40
2ctwc8mjxxPLK9dbn6jjp6,experimental,Ambient & Experimental Electronic,https://i.scdn.co/image/ab6761610000e5eb9647cacaeeaf4f7f612977b4,Puce Mary,20
2cxi12PeZmsDkSlJi1slRp,indie folk,Folk/Acoustic,https://i.scdn.co/image/ab6761610000e5eb064b08d97faec6c1eb8afcf1,Admiral Fallow,30
2d0hyoQ5ynDBnkvAbJKORj,rap metal,Metal,https://i.scdn.co/image/ab6761610000e5ebda4bd2b213cae330e2a4a901,Rage Against The Machine,74
2d3VHzlOEwXvmBdS4pzOPL,"Folk, World, & Country",Folk/Acoustic,https://i.scdn.co/image/ab6761610000e5ebe3cf96c38c8421e7c3a10cc1,LeAnn Rimes,65
2dPqql8xbby3nWuf98mAza,spoken word,Novelty/Spoken Word,https://i.scdn.co/image/ab6761610000e5ebca7ef409fcfb2923cfa3eab7,William Shatner,34
2dRsXWVnkku2cMDtV1h6NP,hard bop,Jazz,https://i.scdn.co/image/ab6761610000e5eb0be587ac8e0c39eb8ef4d8cc,Stanley Turrentine,45
2dSa2lW4FLaQcPlzAcZOTS,Electronic,House & EDM,https://i.scdn.co/image/ab6761610000e5eb8a2f61950dc35c828ecc9fe1,Organ Tapes,25
2dT7QUNxVkOLhlNO7mF5b3,minimal techno,Techno & Trance,https://i.scdn.co/image/ab67616d0000b27330bc371c62c05bbad7e8cb92,Cobblestone Jazz,25
2dVK1PzRYltCwzq7uKgHa6,idm,Ambient & Experimental Electronic,https://i.scdn.co/image/ab6761610000e5eb02f158125e9df8b17d6a8631,Rob Clouth,30
2dXf5lu5iilcaTQJZodce7,blues,Blues,https://i.scdn.co/image/ab67616d0000b273335f00b1e40586a31fb24d33,Sister Rosetta Tharpe,38
2datC2OML2YxykP6vnDRmg,indie soul,R&B/Soul,https://i.scdn.co/image/ab6761610000e5ebe7df942d4911b6cbd14d474e,Yazmin Lacey,57
2ddxtfC0oS8LoktXUHE7YL,Electronic,House & EDM,https://i.scdn.co/image/ab6761610000e5ebf9205905ea9befd6398fdc34,Ashley Tisdale,54
2dogRElUKV20C2khRHqjRc,vocal jazz,Jazz,https://i.scdn.co/image/ab6761610000e5eb2dce2be50767265bbb547004,The Manhattan Transfer,46
2drMeidRg4jc07neGOL0Ip,blues,Blues,https://i.scdn.co/image/ab6761610000e5eb1195e6c65d490b850eb827df,R.L. Burnside,53
2dsuoOdH05Dx4GxAoYscpT,Electronic,House & EDM,https://i.scdn.co/image/ab6761610000e5eb8d65bf9def144157d81efd47,All We Are,23
2dvvGdLX5oPd1Dx7T6cNFC,acid rock,Rock,https://i.scdn.co/image/ab67616d0000b273d45bd16d49bc11b7a2da22f7,The Open Mind,19
2dyBn00FJafRYyOBmQBGFR,traditional folk,Folk/Acoustic,https://i.scdn.co/image/ab67616d0000b273b05ad0c95beed4783173098a,Western Massachusetts Sacred Harp Convention,18
2e1wMFU6VpZkcLil2g7MrF,Electronic,House & EDM,https://i.scdn.co/image/ab6761610000e5eb55859e8af1fe28ebc27fe06b,Pony Bravo,31
2e7hYqRjL82c1nIoREHc4J,drone metal,Metal,https://i.scdn.co/image/ab26e56e7123b05a74037b8be61acdd09312e503,sunn O))),34
2eFVsaX3yHLPeWpiqvmeFn,nova mpb,Latin,https://i.scdn.co/image/ab6761610000e5eb7e518b3f415bd5bf9a9e0a09,Céu,52
2eIDAcLKnWc4D350YyzvgS,techno,Techno & Trance,https://i.scdn.co/image/ab6772690000c46c845ce16f4bb6686023eb3250,Jeff Mills,39
2eKpa0oOrUkjz5KbqGYwie,breakcore,Bass Music,https://i.scdn.co/image/ab6761610000e5eb3c0034b0a6b6460aaabaf266,Ruby My Dear,30
2eNJIWt0LUATAgrC6fALrH,industrial,Alternative/Indie,https://i.scdn.co/image/ab67616d0000b2735373f81ee0924953738aab01,Severed Heads,30
2eRdPaLHWAL4d1WcNUO9Vz,proto-punk,Other,https://i.scdn.co/image/ab6761610000e5eb888dd74cbfd6fbadc55468db,The Modern Lovers,44
2eUDx7ujygr0L7H2c5SdmS,ragtime,Jazz,https://i.scdn.co/image/ab67616d0000b273a5f63c5e3ee191df4e2d31dc,George Lewis' Jazz Band,0
2eUMWLKLpPyMWuTgoMgEG6,rock and roll,Unlisted,https://i.scdn.co/image/ab67616d0000b273e1800a65cc032aecfac6891f,Tommy Steele,29
2eam0iDomRHGBypaDQLwWI,Pop,Pop,https://i.scdn.co/image/ab6761610000e5eb5612e039ce8b2d05e0bac0a9,Bleachers,70
2ebK4ueGwhVaXUm060m1BS,proto-punk,Punk/Hardcore,https://i.scdn.co/image/f6effe2c32cbff9e3a4da24e82b2b56653930789,Captain Beefheart,33
2eiwJhqnolYJf3iUMLFDpy,acid house,House & EDM,https://i.scdn.co/image/ab6761610000e5eb5a175cf2f47e3c8243f94830,Fantastic Man,34
2eogQKWWoohI3BSnoG7E2U,disco,Funk/Disco,https://i.scdn.co/image/ab6761610000e5eb9e708b5a9b76b98301d35123,Donna Summer,67
2ewpXb8jCBlsBscjDCcAG7,Electronic,House & EDM,https://i.scdn.co/image/ab6761610000e5eb7e8edaf2466e0aae4429ef96,David Walters,45
2eynOGnZLqDuEJwbRHlHN1,miami bass,Hip Hop/Rap,https://i.scdn.co/image/ab6761610000e5ebf10deac09e37a420ef905997,J.J. Fad,39
2f9ZiYA2ic1r1voObUimdd,art pop,Pop,https://i.scdn.co/image/ab6761610000e5ebc1c97da9c6326675e8c493cd,Grace Jones,56
2fJ2vi4PUSxyvYaeq0FTbE,post-disco,Funk/Disco,https://i.scdn.co/image/abee24fb2e67d9abd86b1ec55ff3c30b13e94609,Change,47
2fLCjXwadBsnYmn05uxFpi,uk garage,Garage & Breaks,https://i.scdn.co/image/ab6761610000e5eb8d19eb96087cbace3b99ab36,Wideboys,44
2fMe9lZs5HGGOwh8cMSIub,idm,Ambient & Experimental Electronic,https://i.scdn.co/image/ab6761610000e5eb9a6076e15932be5d03ae3191,Lusine,36
2fMfDd005o8VTkgsVzHOjG,rockabilly,Rock,https://i.scdn.co/image/ab6761610000e5eb02d746e7a1542143d6a8360b,"Kitty, Daisy & Lewis",38
2fMvylhnE23sAlyePKK8er,hard bop,Jazz,https://i.scdn.co/image/ab67616d0000b273028ede8b512bcdad84b887e1,Kenny Dorham,47
2fNqMePnFEB3JNdKMDg5Pg,trip hop,Ambient & Experimental Electronic,https://i.scdn.co/image/ab67616d0000b2735c1c77cebab2dc9debd9d548,Sixtoo,11
2fSp3m7bV2WoRqwoTGuoY5,uk garage,Garage & Breaks,https://i.scdn.co/image/ab67616d0000b273de45876406ee256da27449c5,TRG,11
2fV23bDf2vC1f49t5j6wtW,lovers rock,Reggae/Caribbean,https://i.scdn.co/image/ab67616d0000b273a2e0e3ca32b57f7a9ccf103d,Boris Gardiner,37
2ffhJMXvdEJFZISX76ccQL,roots reggae,Reggae/Caribbean,https://i.scdn.co/image/ed69e18658ca135302f70bddb5c928d52f52e63c,Wailing Souls,51
2ffi5jpoJUZy24fTeNsFMa,lo-fi house,House & EDM,https://i.scdn.co/image/ab6761610000e5eb576b39ba50251068936b385a,Hidden Spheres,37
2g3PKH7Z1Ofn5oGR6oDjLy,proto-punk,Punk/Hardcore,https://i.scdn.co/image/268e0f329a377e4b8a9a639ba00e1d30cf555604,The Sonics,43
2g9avxxV6bL767vcBD3bOo,Electronic,House & EDM,https://i.scdn.co/image/ab6761610000e5ebdc8afe11b6b4dba6d23049fb,TZX,0
2gBFq1JYJ6fEwuxuXswy5d,minimal techno,Techno & Trance,https://i.scdn.co/image/ab6761610000e5eb5cb29277f4cbbcaf9dad590c,Victor Polo,9
2gClsBep1tt1rv1CN210SO,classical,Classical/Orchestral,https://i.scdn.co/image/965d539c15af1d86ec4875f05ec21d32414c3e64,Gabriel Fauré,64
2gCsNOpiBaMNh20jQ5prf0,blues,Blues,https://i.scdn.co/image/ab6761610000e5eb0e5d3c1e98c2c1c659f34748,Buddy Guy,55
2gIGPWo9KRYDF5OxfHy5YX,spoken word,Novelty/Spoken Word,https://i.scdn.co/image/ab67616d0000b273180dcbdb4fd56f3448e4745a,William S. Burroughs / Bill Laswell,17
2gMiyv4kdNeLOjHbwP7dxO,garage rock,Rock,https://i.scdn.co/image/ab6761610000e5eb9d214634ca8c397b2d29d3d8,Los Tones,34
2gR0iQTVBPHDKiNn1Kq8HI,highlife,World/Traditional,https://i.scdn.co/image/ab6761610000e5ebfbd882dd80b0d6cd021ffcfd,Ebo Taylor,46
2gVNzXWvV9cjtohpturGMn,Rock,Rock,https://i.scdn.co/image/ab67616d0000b273c315bed36ca7e64da86b80cf,The Greedies,1
2gbT6GPXMis0OAkZbEQCYB,midwest emo,Punk/Hardcore,https://i.scdn.co/image/ab6761610000e5eb0089634a4e7964d250223ed6,Pinegrove,65
2gqmFO0Wo92qaqwwgL6fZG,ambient,Ambient & Experimental Electronic,https://i.scdn.co/image/2ca8112724ee4f9fdf59fba306143f48808c5818,Visible Cloaks,28
2gsggkzM5R49q6jpPvazou,Hip Hop,Hip Hop/Rap,https://i.scdn.co/image/ab6761610000e5eb92b8a2548ec8c91bb5ef418e,Jessie J,75
2gyrzIEBDddx6GsW60DnW1,breakbeat,Garage & Breaks,https://i.scdn.co/image/ab6761610000e5eb86d897a9b28c470efdb3e638,Denham Audio,46
2gzcB4vMIStEDZiQlvywGm,Electronic,House & EDM,https://i.scdn.co/image/ab6761610000e5eb628fdce3732abe63766915c7,The Vernon Spring,49
2gzxBoK71ohENPlxlshHV7,Electronic,House & EDM,https://i.scdn.co/image/ab6761610000e5eb051fe6b1ac019719685e86eb,Jerry Paper,35
2h5syT5XdsQgKLq8Yn1klO,ambient,Ambient & Experimental Electronic,https://i.scdn.co/image/ab6761610000e5ebaa48ab9a666e9778faa002da,Nala Sinephro,47
2h6mB4UBXflTCXkRwSPOzx,afroswing,Hip Hop/Rap,https://i.scdn.co/image/ab6761610000e5eb9b91944f70e3fb4ae69c426e,Trajixk,0
2h93pZq0e7k5yf4dywlkpM,Hip Hop,Hip Hop/Rap,https://i.scdn.co/image/ab6761610000e5ebee3123e593174208f9754fab,Frank Ocean,88
2h9yQhKyqOMex3QFMVeq7F,grunge,Rock,https://i.scdn.co/image/ab6761610000e5ebcec30a3f8d0baa7c2ccf0304,Meat Puppets,47
2hGh5VOeeqimQFxqXvfCUf,jazz,Jazz,https://i.scdn.co/image/ab6761610000e5eb73c7f7505c1af82929ec41df,John Coltrane,68
2hO4YtXUFJiUYS2uYFvHNK,Rock,Rock,https://i.scdn.co/image/ab6761610000e5ebabde33de707730af52c01bb0,Traveling Wilburys,61
2hTtDy5yaNWqVmBj7EpaAq,breakbeat,Garage & Breaks,https://i.scdn.co/image/ab6761610000e5eb7e8f5622a3b35e0fa3e0739c,Breaka,30
2hWD9jbxq2spqxPTuNyuVN,"Folk, World, & Country",Folk/Acoustic,https://i.scdn.co/image/088edf71411edc50e7bcfdd7eb6280944eb2aa67,Johnnie Frierson,25
2hgCDEv4mfDuEkr9M3wLaV,proto-punk,Punk/Hardcore,https://i.scdn.co/image/ab6761610000e5eb527f581355d57e67af01b96b,The Creation,30
2hgP9Ap2tc10R5jrQaEpMT,chanson,Pop,https://i.scdn.co/image/ab6761610000e5eb9df3ab10872287c871c7a1be,Charles Aznavour,67
2hjOQqLAZDVolzxNhnSK2h,techno,Techno & Trance,https://i.scdn.co/image/ab6772690000c46c1b1a6dbfc487982a4da6e9f0,Rødhåd,34
2hkZGvBotqZ7uBBUnBwmLC,Blues,Blues,https://i.scdn.co/image/ab6761610000e5ebcdfdcbefc60f729a39f00eff,Les Paul,41
2hmDAP9qrP22L93Pbq7FWM,indie jazz,Jazz,https://i.scdn.co/image/ab6761610000e5eb8a2a61bbfce1ebba46eaedb4,30/70,33
2i1CPudyCUjL50Wqjv8AMI,nu jazz,Jazz,https://i.scdn.co/image/ab6761610000e5ebe247a1683a0b42005d35d414,Alfa Mist,53
2i1IdHG5w0wiSmJGoqAGlj,Funk / Soul,Funk/Disco,https://i.scdn.co/image/80230921f3d0c8bd777b39133506f3e103317539,Minnie Riperton,58
2i3LPFJ85TQROM0zjHYaQq,space rock,Rock,https://i.scdn.co/image/ab6761610000e5eb179bd714a89fd6525415ffd1,Golden Bug,33
2i8ynmFv4qgRksyDlBgi6d,post-punk,Rock,https://i.scdn.co/image/ab6761610000e5eb00807c5b63087591ca240643,Wire,48
2i9OpWjVeuDPilnZ0mgM1L,idm,Ambient & Experimental Electronic,https://i.scdn.co/image/ab6761610000e5ebc62b5a55754badaff097378d,||||||||||||||||||||,32
2iE18Oxc8YSumAU232n4rW,motown,R&B/Soul,https://i.scdn.co/image/19f768d93f6c80f7d4ca5b906e1c0376a3704389,The Jackson 5,67
2iQ5VAmH1LYi4XLji9OPfh,traditional folk,Folk/Acoustic,https://i.scdn.co/image/ab67616d0000b273b04cb01da61c5e74260f989d,Texas Gladden,4
2iUVQjheBnvOt8vaBrxXJz,baroque pop,Pop,https://i.scdn.co/image/ab6761610000e5eb1f7cd35c8b776712253cfe09,Cass McCombs,49
2iWb4skzSlf6dMTu1DS18J,Rock,Rock,https://i.scdn.co/image/ab6761610000e5eb495238c44fbb7228a49ba252,Pumarosa,31
2iclO3rlyF0YVNE46ctYRj,jazz rap,Hip Hop/Rap,https://i.scdn.co/image/ab6761610000e5eb528ede7cc70719a052d34c95,Jungle Brothers,44
2idymNTKUdnTxforkb12Mw,power pop,Rock,https://i.scdn.co/image/ab6761610000e5eb3aae2c02fba2299b23fdebaf,Matthew Sweet,41
2ieAXAuLe6qQ3RJsqCxpoC,roots reggae,Reggae/Caribbean,https://i.scdn.co/image/ab6772690000c46ca60968641586880e27d0daff,Horace Andy,65
2ige11rdVKinc21Zpr5lb8,traditional folk,Folk/Acoustic,https://i.scdn.co/image/ab6761610000e5eb0859b83525205800f8c4e519,Modern Studies,9
2j0a6SKKTAXaaNWU3pl86d,Hip Hop,Hip Hop/Rap,https://i.scdn.co/image/ab6761610000e5eb948d59a04066eee94f31a4a6,Joe Strummer & The Mescaleros,21
2j7JwncWKK8w0Lfb2xjKdy,minimal techno,Techno & Trance,https://i.scdn.co/image/ab67616d0000b273bb5c8a46fc43d3f744e3a0d0,Closer Musik,19
2jEGnt19huXfA1bpFrWejO,lo-fi house,House & EDM,https://i.scdn.co/image/ab6761610000e5ebeda7ca775226bf4670839515,Moony Me,3
2jFZlvIea42ZvcCw4OeEdA,big band,Jazz,https://i.scdn.co/image/4f5e6383a803df41153fd871f6d0d0af7b9f08a0,Count Basie,64
2jHYUm5r73OV8CiKyMdYfo,ragtime,Jazz,https://i.scdn.co/image/ab67616d0000b27338678380a6c0d810a5a668fb,Wilbur De Paris,24
2jK54ZlZhTF1TxygsVeR05,space rock,Rock,https://i.scdn.co/image/ab6761610000e5eb7b59f34904a85204edb79eec,Hawkwind,41
2jKndvg84LqMjBGFFKaWLC,christmas,Jazz,https://i.scdn.co/image/ab6761610000e5eb2b13812b9cd2d38af1b29d02,Dana,36
2jToqK8MU3rtt0DYrgCIXM,Electronic,House & EDM,https://i.scdn.co/image/ab6761610000e5eb0edcdb461a0c8928f64720a8,Oliver Coates,44
2jU9rGBFyqhGTONhNWEiRq,experimental,Ambient & Experimental Electronic,https://i.scdn.co/image/ab67616d0000b273ee35d589bd8c3d6abffd5707,Tropical Interface,3
2jW8DcJLujtIgktWhDcB4L,big beat,House & EDM,https://i.scdn.co/image/ab6761610000e5ebba7a33b186f3d48a40aafbdd,Freddy Fresh,19
2jYMYP2SVifgmzNRQJx3SJ,idm,Ambient & Experimental Electronic,https://i.scdn.co/image/ab6761610000e5eb0b96e26a874aaee817f94a92,Modeselektor,48
2jbP92oFLWqPqogflK1wlW,dubstep,Bass Music,https://i.scdn.co/image/ab6761610000e5ebd499deb0171d1c9ffa67845f,Skream,48
2jgPkn6LuUazBoBk6vvjh5,baroque pop,Pop,https://i.scdn.co/image/ab6761610000e5eb4bbeb54a562d3de858825979,The Zombies,61
2jh27vMWRDaPgtwvluMomC,electroclash,House & EDM,https://i.scdn.co/image/ab6761610000e5ebe66a0307cc415070d59f4fa9,ADULT.,29
2jkVPf0f9H9GVWMzIdxfs0,post-punk,Rock,https://i.scdn.co/image/ab67616d0000b2737b37c39983a87a5b6394589b,23 Skidoo,15
2joJCoCL4EmiVqic3vZn7n,space rock,Rock,https://i.scdn.co/image/ab6761610000e5ebc1485980db60021ecafec09e,The Limiñanas,46
2jzYokwEUbqZkLyYN9dHeE,Rock,Rock,https://i.scdn.co/image/ab6761610000e5eb7791274fa44a113cf8d3c28f,The Surfing Magazines,17
2jzjxYOe3G5aeucbMg0Smp,glam rock,Rock,https://i.scdn.co/image/64fc2946e4e3d6ba0cb528b0da7879cd84c48c4a,Mick Ronson,28
2k07pWgpJiFIbb9q1yJ36B,alt country,Country/Americana,https://i.scdn.co/image/84b6cbdd23379b8035a04db6c2a5c1e34f5f489d,Magnolia Electric Co.,37
2k55GlZ4XckJwuYEQ4HJAO,experimental,Ambient & Experimental Electronic,https://i.scdn.co/image/ab6761610000e5eb5c6558412f17afb4686bff30,7038634357,31
2k8kY9zHUWxuTtwV4UutHw,proto-punk,Other,https://i.scdn.co/image/37972dff9b07d6132a0742b74ef42f00952eff9c,Captain Beefheart & His Magic Band,44
2k9nNwc3D0pTJAcCDlXRit,breakcore,Bass Music,https://i.scdn.co/image/ab6761610000e5ebae79066522917fafc28cf957,BreakStation,10
2kGBy2WHvF0VdZyqiVCkDT,Rock,Rock,https://i.scdn.co/image/ab6761610000e5eb8a78e4e37d117b9cc90a6363,Father John Misty,70
2kHxkdiKCSnHMkhIgFBZaI,Pop,Pop,https://i.scdn.co/image/4696b636f6be50265a1226814629eea4ed48a8e6,Kristen Bell,67
2kJh9uVy3IN0MCv6KqBwac,krautrock,Alternative/Indie,https://i.scdn.co/image/ab67616d0000b2734584e7bd9126592200f92483,Message,8
2kLa7JZu4Ijdz1Gle2khZh,Electronic,House & EDM,https://i.scdn.co/image/ab6761610000e5ebfbd983e58366ccec244435e5,TSHA,52
2kMzxA8edU05hvMFU493zJ,lo-fi indie,Alternative/Indie,https://i.scdn.co/image/ab6761610000e5eb6207a31590f8e0dad07dba42,Good Morning,52
2kQnsbKnIiMahOetwlfcaS,alternative r&b,R&B/Soul,https://i.scdn.co/image/ab6761610000e5eb5942a3bbc3b764b2a2934776,Raveena,55
2kS4yz85MaZlxp2VaS3BEe,industrial,Alternative/Indie,https://i.scdn.co/image/ab6761610000e5eb5e6b136b9c352587b574a7bb,Cabaret Voltaire,33
2kTXvMOmrHVjVewErG5kHD,alt country,Country/Americana,https://i.scdn.co/image/ab6761610000e5ebf0c96c1696bff27beb8929ae,Daniel Romano,37
2kVPZMqzND6qaYygZHGU8C,Electronic,House & EDM,https://i.scdn.co/image/ab6761610000e5eb55a8647c2fbbd67af67f5690,Harmonious Thelonious,10
2kWRgcJHbgSEAIgewkJ1g2,ebm,Ambient & Experimental Electronic,https://i.scdn.co/image/ab67616d0000b2730e80da55a517cf6964b36fc9,Ancient Methods,24
2kbO657SWC6kiO1Dni3ook,space rock,Rock,https://i.scdn.co/image/ab6761610000e5eb5d94a828964c62676f34022a,PINS,20
2kdmTOXncgNHSuYVMhdd5I,musicals,Unlisted,https://i.scdn.co/image/ab6761610000e5eb33004c3ff7aa2a93db21b6c1,Jorge Rivera-Herrans,78
2kjrM4RpZVRBHy3hjgJCr7,Electronic,House & EDM,https://i.scdn.co/image/ab6761610000e5eb3127780ea9ab41a65decc69c,Felbm,42
2kreKea2n96dXjcyAU9j5N,disco,Funk/Disco,https://i.scdn.co/image/ab6772690000c46c8c57ac844d8c2170149462e3,The Pointer Sisters,64
2kuNswDC82PL9xRbfaZJaS,baroque pop,Pop,https://i.scdn.co/image/12b6e1639f825d48564b201aec846639bade25d8,The Association,50
2l1iG0JqpgXHYg3RpRsHNz,cajun,Country/Americana,https://i.scdn.co/image/e18eda5c2b13cc43e4bb5fa7a1e6aeb6db6aca25,The Wild Magnolias,20
2l7DkzVuYJW700mR7r43un,slowcore,Alternative/Indie,https://i.scdn.co/image/ab6761610000e5ebb76cfea26565d94f93141de4,Palace Music,34
2lGHQf7rzLMpTqlfGwIE9O,Rock,Rock,https://i.scdn.co/image/72af6e5dbef888e66c93de4a0c0adb0d4dbcc0cb,Jackie Lomax,15
2lHSlOOSjpb0qKUkrpXT6J,,Unlisted,https://i.scdn.co/image/ab6761610000e5eb62457b49f9bcb3c3f760a368,Bremer/McCoy,52
2lKVLoBlDFcONGT1XhQsIw,Electronic,House & EDM,https://i.scdn.co/image/ab6761610000e5eb60b07e5f41b11070e4bf7a62,Kermit,44
2lMc8kLIzeHOBiqDDcHpus,Electronic,House & EDM,https://i.scdn.co/image/ab67616d0000b2734dd2df5a2c7f2d517b507fd6,Mac-Talla Nan Creag,1
2lP3Fx1aGCbQvH1F6i5Qeg,slowcore,Alternative/Indie,https://i.scdn.co/image/ab6761610000e5eb1e146edeb2f724d79dde568e,Michelle Gurevich,47
2lRyvAihjwylPfhGqydQbC,comedy,Novelty/Spoken Word,https://i.scdn.co/image/ab6772690000c46cca389bd3b03be11e3eb7256d,Flight of the Conchords,48
2lTaGDYVzblHKPb3kM5tFt,sea shanties,Folk/Acoustic,https://i.scdn.co/image/ab67616d0000b2731087815af5f305470cd4f0f5,The Cottars,26
2lWv7a6ohSVtXArF7q4dWc,lo-fi beats,Hip Hop/Rap,https://i.scdn.co/image/ab6761610000e5eb5e08fd10d0e7250a5a780684,Amess,32
2lZgkYCgvVJDYEQFwx7Gf5,drone,Ambient & Experimental Electronic,https://i.scdn.co/image/c348a65d7557dc6276e86bb353ed65d077f210d8,Rainforest Spiritual Enslavement,19
2leze82lbuNUn3K4c7nS1B,dubstep,Bass Music,https://i.scdn.co/image/2f5e42dfdf965ae8fc2715253ea1f99df9449c12,2562,18
2lirdoVpJHkqTyXzIpS8nI,"Folk, World, & Country",Folk/Acoustic,https://i.scdn.co/image/ab6761610000e5eb231c6e9d4f990afe16426802,Minor Gold,27
2llW014gADxquCnADOG4zf,trip hop,Ambient & Experimental Electronic,https://i.scdn.co/image/ab67616d0000b2734ea5a902849a94014eca5a9d,3D,34
2loYllWFfoWpoxC5YrJKc4,doo-wop,R&B/Soul,https://i.scdn.co/image/ab67616d0000b2737a609132064a415169a915cc,Dion & The Belmonts,53
2lolQgalUvZDfp5vvVtTYV,vocal jazz,Jazz,https://i.scdn.co/image/ab6761610000e5ebcd9641c8b449440a77ee19cc,Tony Bennett,62
2ltpcCK86foogli20z9raq,christmas,Jazz,https://i.scdn.co/image/ab67616d0000b27352be24ca8d22c4c671cc6535,The Royal Guardsmen,29
2lxX1ivRYp26soIavdG9bX,psychedelic rock,Rock,https://i.scdn.co/image/ab6761610000e5eb4a237d4c8a075c2afd8d7f99,The Yardbirds,49
2m1l9MLSslzup4vvokKgvQ,"Folk, World, & Country",Folk/Acoustic,https://i.scdn.co/image/ab6761610000e5ebb065980decb37f67029b6188,Villagers,54
2mLA48B366zkELXYx7hcDN,Electronic,House & EDM,https://i.scdn.co/image/ab6761610000e5ebffbd43b1e54eb09a8c824f53,Peggy Gou,67
2mLgv6MF6Te16Qv6VOqx5p,Electronic,House & EDM,https://i.scdn.co/image/ab6761610000e5eb0f83facff300a5e713f3e8c2,Misha Panfilov,36
2mQkR9H7yBeT3tJ9vaGPjp,folk,Folk/Acoustic,https://i.scdn.co/image/ab67616d0000b273f1e49f0775461f81593a020f,Mimi And Richard Fariña,29
2mT2CxPCpyRwuWZ7JWWLhc,acid techno,Techno & Trance,https://i.scdn.co/image/ab67616d0000b273b36afd3bfb6d2a632e443ee4,Jamie Taylor,1
2mV8aJphiSHYJf43DxL7Gt,nu disco,Funk/Disco,https://i.scdn.co/image/ab6761610000e5eb017399838e5064b16f01e4c1,Chromeo,59
2mVVjNmdjXZZDvhgQWiakk,neo-psychedelic,Rock,https://i.scdn.co/image/ab6761610000e5eba63dfeecf7c8d2acf3eeee6b,Khruangbin,73
2mY5u4CceAPrpBnse1WpFr,swing music,Jazz,https://i.scdn.co/image/ab6761610000e5ebcea168ad5944d5848f4d6a34,Earl Hines,37
2mbvqMGpwLsakeH45p1Jrb,Rock,Rock,https://i.scdn.co/image/ab6761610000e5eb63d7307f5e3c9f7538af6877,Mungo Jerry,57
2mcMCQLrNDEW6O1pAEK3dr,celtic rock,Rock,https://i.scdn.co/image/ab6761610000e5ebf8565cbaaa3b056a39268121,Horslips,32
2meCldH9KV1ehJBoluZZag,garage rock,Rock,https://i.scdn.co/image/ab67616d0000b273de08f627f78257911ea58895,The Rationals,15
2mflSlnegn3rBmzsh08OcN,big band,Jazz,https://i.scdn.co/image/ab67616d0000b273a15854a2443c0d3df02abd2c,The Boswell Sisters,34
2mknvtcck8i82nKxDPDibv,philly soul,R&B/Soul,https://i.scdn.co/image/ab6761610000e5ebad2f0dc4cfe75ef9cc946122,MFSB,41
2mqC5o8LPha55XSqfVkT8r,musicals,Unlisted,https://i.scdn.co/image/ab67616d0000b27389425c11e34b033cf97875b5,Mindi Dickstein,37
2mv4xHxofvyWTp2ViBqgZb,free jazz,Jazz,https://i.scdn.co/image/ab6772690000c46c00bb9f57e82680bcc08ed2d3,Bennie Maupin,34
2n1YSv6tFmLxYalICWxOGv,dub techno,Techno & Trance,https://i.scdn.co/image/ab6761610000e5eb09ad8b9a15983596682b60c3,Shinichi Atobe,28
2n4u9CWqXeYdpW9Zct4hmk,rockabilly,Rock,https://i.scdn.co/image/ab6761610000e5eba1013b5d8fa67872cb788d84,Hayden Thompson,24
2nAKP6etu8wXNnezKXgqgg,post-punk,Rock,https://i.scdn.co/image/ab6761610000e5eb9c1e2f2acd631e30c6ad153e,Viagra Boys,63
2nDJxXJ7PtW7eLpFXcGH3u,noise rock,Alternative/Indie,https://i.scdn.co/image/ab6761610000e5eb90f18284cea219b6182cc85b,"Mandy, Indiana",23
2nIdUgXgPRCLqutms15vxx,space rock,Rock,https://i.scdn.co/image/ab6761610000e5ebc121d67ffcde5963d56c5181,Gulp,23
2nIqaAaqBMuBUDiBFNMw9w,acid house,House & EDM,https://i.scdn.co/image/ab67616d0000b273a47668adcb82fa13215e2c5b,Rhythim Is Rhythim,21
2nQKUeZeleLGNsJj6WLUXN,hard bop,Jazz,https://i.scdn.co/image/ab67616d0000b273d18306ca965621082c1bca78,Oliver Nelson,44
2nRbxpnBMMbtMBWH5QdqH2,swing music,Jazz,https://i.scdn.co/image/a4967666a99d0034ed706a8be9cc4412c945f383,Louis Jordan,37
2nSY0EIzz3eM6Y6Pc7VXkO,nu jazz,Jazz,https://i.scdn.co/image/ab6761610000e5ebd4dee36a8ee3e96ab784b394,Ill Considered,30
2njkfzRhOJFKLWFTu8FNWx,children's music,Novelty/Spoken Word,https://i.scdn.co/image/ab6761610000e5eb1173fe0d523590d3ff1ea3b1,LooLoo Kids,57
2njont54zPU8sW1guW1lvp,jungle,Bass Music,https://i.scdn.co/image/ab67616d0000b2737be5ac58545eb0784ea8fbb6,DJ Jubilee 1997,3
2nszamLjZFgu3Yx77mKxuC,trip hop,Ambient & Experimental Electronic,https://i.scdn.co/image/ab6761610000e5ebac89f1cb4f6881854f55f761,UNKLE,52
2nszmSgqreHSdJA3zWPyrW,mariachi,Latin,https://i.scdn.co/image/ab6761610000e5eb6481401e529e475116702a29,Luis Miguel,86
2nvKpWcP8etYTq4JrRiUiy,christmas,Jazz,https://i.scdn.co/image/ab6761610000e5ebb237a1fbb5c5568ebe44a296,Cliff Richard,57
2o0ypB7FfdIX9xnjSeAKi6,ragtime,Jazz,https://i.scdn.co/image/ab6761610000e5eb93fdfa3a40499e57594ae512,Jimmie Noone,16
2o7L9DNcmzocYll1o0GGTU,lo-fi house,House & EDM,https://i.scdn.co/image/ab6761610000e5eb58ac9ebbe6a4cead648c8315,Leon Vynehall,47
2o9hRZ3xI27UQpHT61A4Mm,afroswing,Hip Hop/Rap,https://i.scdn.co/image/ab6761610000e5eba9c413bb196f0a7f4332c86a,Kojo Funds,53
2oAUWVDrNRE76jqj9IkVK6,dub techno,Techno & Trance,https://i.scdn.co/image/ab6772690000c46c98becac9ad8f866620944496,Pole,25
2oLMqtx0PbqCXJDXs5lRvA,uk funky,Bass Music,https://i.scdn.co/image/ab6761610000e5eba35e793b6c8fca7f133970ba,Hodge,23
2oQJQUIpJFFnfKvHJA0xBu,orchestral,Unlisted,https://i.scdn.co/image/ab6761610000e5eb8c6007c4950dd2361e50be9a,The City of Prague Philharmonic Orchestra,63
2oSihaE9ObkcZVx2LAxySj,acid house,House & EDM,https://i.scdn.co/image/ab6761610000e5eb22e26247f9987e5fe45ed5b1,Xpansions,40
2oTq85rZFxkflPCbDUGs6d,Electronic,House & EDM,https://i.scdn.co/image/ab6761610000e5ebbd0e578139e269dd935b312f,Hayden Thorpe,32
2ojzPG8cXkRdQSd3wQtKwB,Electronic,House & EDM,https://i.scdn.co/image/ab6761610000e5ebd14335deabfaf3f456c485ae,Daphne & Celeste,22
2ooIqOf4X2uz4mMptXCtie,anti-folk,Folk/Acoustic,https://i.scdn.co/image/ab6761610000e5eb3c0a3cafde53be39a91f373e,Neutral Milk Hotel,59
2opB8qXyAmLYSGEZxp7X3U,psytrance,Other,https://i.scdn.co/image/ab67616d0000b273ae38351eebabe58535525b4d,1200 Micrograms,40
2orXY2oMFNUtiNrNMDyreV,idm,Ambient & Experimental Electronic,https://i.scdn.co/image/ab6761610000e5eb09ca25a9e49bb521defd0d08,upsammy,26
2ovJLSejirvJybNers2YG6,big band,Jazz,https://i.scdn.co/image/04c09370aa091cb22840fef784035a4a2f9c4429,Fletcher Henderson,31
2ovLtXUsz5S36A6c05aZK7,,Unlisted,,Alicja Haney,0
2oyU4eToyQkxAFjkB3blsi,uk garage,Garage & Breaks,https://i.scdn.co/image/ab6761610000e5eb19326f8b8c2a78db9bfda5ce,Sam Binga,38
2oyWkw7sq99yqj12hVUHtw,art pop,Pop,https://i.scdn.co/image/ab6761610000e5eb153fe00cabe3f49941f2edf7,David Sylvian,44
2p1fiYHYiXz9qi0JJyxBzN,grime,Bass Music,https://i.scdn.co/image/ab6761610000e5eb247e3bd61bd004869b5bffc3,Skepta,79
2p2uE4i92Dn4DkThfoKIB9,breakcore,Bass Music,https://i.scdn.co/image/ab6761610000e5ebdb993c56dbacfe91e00d550f,Igorrr,56
2p4aN0Uxkk3iT3HK0cJ2cJ,dembow,Latin,https://i.scdn.co/image/ab6761610000e5ebef5f39dfc3f133ab974dbf3b,Tokischa,73
2pAV7s3FEruu2LJW6JQGFo,breakbeat,Garage & Breaks,https://i.scdn.co/image/ab6761610000e5eb5be70ea6004c7460ecd79420,not even noticed,32
2pAWfrd7WFF3XhVt9GooDL,experimental hip hop,Hip Hop/Rap,https://i.scdn.co/image/ab6761610000e5eb6c8167ef48a872b6f190078f,MF DOOM,76
2pCXhtV4s2jUNknWTHsKfj,progressive trance,Techno & Trance,https://i.scdn.co/image/ab67616d0000b2732d63adb78ba6d5b707f40d56,Greece 2000,5
2pJn4djuWrNQbNfrxHB13M,country rock,Country/Americana,https://i.scdn.co/image/ab6761610000e5ebf783ebd19083ec3f2117e202,Jesse Colin Young,38
2pVonF82aN2ttqFHsynVeW,krautrock,Alternative/Indie,https://i.scdn.co/image/ab6761610000e5eb8c0a733707b287e48d986d1c,Yoo Doo Right,22
2pVsrxlckd4h2I5CL0oifZ,Electronic,House & EDM,,Jus' Friends,0
2pdvghEHZJtgSXZ7cvNLou,folk rock,Folk/Acoustic,https://i.scdn.co/image/b9c086901cca94cab20e8fcdc35bd79c7b39526a,"Crosby, Stills & Nash",61
2plHc7V92yXf40BD8lQl2x,Rock,Rock,https://i.scdn.co/image/ab6761610000e5eba79618566b29231174522dad,Rozi Plain,33
2pmVj0JrzZpPFXhQRrhz1E,dub techno,Techno & Trance,https://i.scdn.co/image/ab6761610000e5eb8b1bcec0f9efdf0a006b4213,Heiko Laux,23
2ptmyXoL7poH6Zq62h1QT9,classic country,Country/Americana,https://i.scdn.co/image/3c40c48783d62db32dff0bd510250d7532b856ee,Merle Haggard,64
2puBQ32byU05Q2OuIw8KTr,acid house,House & EDM,https://i.scdn.co/image/ab6761610000e5eb238ac8a3da86d0a30eca4788,Baby Rollen,17
2q0Rkp6Ud5XxPTCkCCdbYr,canzone napoletana,World/Traditional,https://i.scdn.co/image/ab67616d0000b273f80bbaeba06d02e8d3c12d99,Eduardo di Capua,47
2q37Nw8NND2z1T1KU5XVfn,jazz,Jazz,https://i.scdn.co/image/ab6761610000e5eb36d717e648ceaade8c9667f7,Christian Scott aTunde Adjuah,41
2qDY4ib71XUC2Lo87r6HdM,nu jazz,Jazz,https://i.scdn.co/image/ab6761610000e5eb2d266446fb9041529fbd64cf,Zeitgeist Freedom Energy Exchange,25
2qFfH4tRlRJtTqPoapoerO,Rock,Rock,https://i.scdn.co/image/ab67616d0000b273c4d8df4a72129d845d687403,Joe Meek,16
2qFr8w5sWUITRlzZ9kZotF,psychedelic rock,Rock,https://i.scdn.co/image/ab6761610000e5eb0c739f8231961acda83a4bf8,Jefferson Airplane,60
2qGWvRZ9undS1PEp0vmQi5,trip hop,Ambient & Experimental Electronic,https://i.scdn.co/image/ab67616d0000b2736ea855e0f7f93bf25c8f8d01,Akasha,26
2qLU3VUpp3uV2Oyf786FC3,samba,Latin,https://i.scdn.co/image/ab6761610000e5eb768e150381adb3af153ace57,Rogê,45
2qNmQvibIVFYLfpbWmyWuO,highlife,World/Traditional,https://i.scdn.co/image/ab6761610000e5eb787f86003f5c338deafcd14a,Balla Et Ses Balladins,34
2qRCCNXQcF3aZofRrCPozH,Pop,Pop,https://i.scdn.co/image/ab67616d0000b273b7da3093934ee07bb0138d99,Tyra Banks,20
2qSakUn77ILbQV46xnASun,Electronic,House & EDM,,Evangelos Papathanassiou,34
2qT62DYO8Ajb276vUJmvhz,new wave,Pop,https://i.scdn.co/image/e6540622c946b42edd4c461f86fac6c3ca0ac61d,XTC,52
2qW0CNnmvdEQwiabdareHi,jazz,Jazz,https://i.scdn.co/image/ab6761610000e5eb061b20f7d310389d849488fb,Paolo Fresu,49
2qc41rNTtdLK0tV3mJn2Pm,alt country,Country/Americana,https://i.scdn.co/image/ab6761610000e5eb46dbea8d8ce2f2a21d9f0702,Ryan Adams,57
2qcMbfpQ7bUpUwN73vIQXn,celtic,Folk/Acoustic,https://i.scdn.co/image/ab67616d0000b273b0ed32ae3c23e9bc214603db,Malicorne,26
2qhmNI4ZHPpeDutdg473Z3,idm,Ambient & Experimental Electronic,https://i.scdn.co/image/528affaa7b4b027edfc283c5cd67b219347171e4,The Future Sound Of London,42
2qn4hIXsvRUyFoboMi31XB,christmas,Jazz,https://i.scdn.co/image/75bd1069be2255fd43367a6eadc4866baee2c32e,Rolf Zuckowski,59
2qnpHrOzdmOo1S4ox3j17x,hardcore punk,Punk/Hardcore,https://i.scdn.co/image/ab6761610000e5eba4c3fd0017b42344516dc16c,Turnstile,71
2qqZbV6smvvtohQOUgZqKa,Rock,Rock,https://i.scdn.co/image/ab6761610000e5eb08d3632300162eb114a343a8,Alexandra Savior,49
2qsc1hUhG2UrNZhByveJ6x,Electronic,House & EDM,https://i.scdn.co/image/cabd8dc86a8d6405915452360e0dd6ebeae0fc74,Danny Wilson,42
2qtARFvBzCjOuGbXFAF0iX,Electronic,House & EDM,https://i.scdn.co/image/ab6761610000e5eb69e8aa49b4c66f4df20c480e,System Olympia,41
2qwi0hBvI2GrbkurOnw3hZ,idm,Ambient & Experimental Electronic,https://i.scdn.co/image/9e3ec6ed6ca781a89d2bed75eaa123f7fc8f94f0,Skee Mask,29
2qyeeNPXHdRwjAnDhV4dhZ,,Unlisted,https://i.scdn.co/image/ab6761610000e5eb3398db45ab74437713e19e9b,Azajjin,0
2rDxtYUzTAYJJE3Bl3Z5IN,alt country,Country/Americana,https://i.scdn.co/image/ab6761610000e5eb734c4de65b3a168dada1388f,Jeff Tweedy,55
2rIipBQdOezkyBRs0I10XE,roots reggae,Reggae/Caribbean,https://i.scdn.co/image/ab67616d0000b2739f49c24a29841211062b1a1e,MIlton Henry,35
2rJkmlVHePMo2gk0InTZRS,adult standards,Pop,https://i.scdn.co/image/ab6761610000e5ebf7725dd2ff629d65e0a96300,Vera Lynn,51
2rblp9fJo16ZPTcKDtlmKW,Electronic,House & EDM,https://i.scdn.co/image/af25ffffde1eb2051221017fa0424d906eaf2e94,MC Hammer,59
2rc78XDH9zuJP6bm78lU8Z,blues rock,Blues,https://i.scdn.co/image/cfec75171b6394ae543eb906e86e4d50cbafd9dc,Derek & The Dominos,61
2rcnAZ6DvORQ365X3zVYpr,ambient,Ambient & Experimental Electronic,https://i.scdn.co/image/27d5f3835207c457a51e06dfad8ead34d75901ea,Biosphere,43
2rnZ3TYlGce0bg2ogrtShe,russian pop,Rock,https://i.scdn.co/image/ab6761610000e5ebccb21db2456cf83087fd4b95,Boris Grebenshikov,37
2rspptKP0lPBdlJJAJHqht,nu jazz,Jazz,https://i.scdn.co/image/ab6761610000e5eb30c9e2fb48c800af589de019,Yussef Dayes,60
2rxgmguaQSynTMnBKZL73G,ambient,Ambient & Experimental Electronic,https://i.scdn.co/image/ab6761610000e5eb1f702c5b023cc38e17a3e447,Gaussian Curve,37
2ry5nwK1VNmh5zMZpmOAyc,christmas,Jazz,https://i.scdn.co/image/ab67616d0000b273e4c4d31e4324b1ea25d45055,Bob B. Soxx & The Blue Jeans,18
2s0438sn0pYL2OuukcFqPN,trip hop,Ambient & Experimental Electronic,https://i.scdn.co/image/ab6761610000e5eb3a7fa0202eec9b9af4a33796,Kid Koala,50
2s1OJF6Etcb6npyu2poqFk,lo-fi indie,Alternative/Indie,https://i.scdn.co/image/ab6761610000e5ebd798485aa84b518465063485,Tiña,12
2s6JabvZdqVQhfOsaxCSFX,orchestral,Unlisted,https://i.scdn.co/image/ab6761610000e5eb9d24fe39fd48d3207f901a86,Bert Kaempfert,53
2sAlo7Fey5cqBk5WJILSd8,trip hop,Ambient & Experimental Electronic,https://i.scdn.co/image/ab6761610000e5ebca9eec7c77787905fb9cc04a,Onra,44
2sBPVEeMBXKNsZtYaJixnJ,neo-psychedelic,Rock,https://i.scdn.co/image/ab6761610000e5eb457ad88617a18d83d7f3bbd3,Woods,39
2sJLswTuwPwm9Y1tMC4erf,blues rock,Blues,https://i.scdn.co/image/ab6761610000e5eb7492c0f21949b37764615aec,Left Lane Cruiser,41
2sQ27eguOvdxKY8QSChsXS,lo-fi house,House & EDM,https://i.scdn.co/image/ab67616d0000b273a2a20c1a491a89603de70633,Raw M.T.,2
2sd9Q3r0Jhqpe3w9WVuG43,Electronic,House & EDM,https://i.scdn.co/image/ab6761610000e5ebf391dcee5336bb3d0e429a7d,Crystal Waters,66
2sf2owtFSCvz2MLfxmNdkb,gnawa,World/Traditional,https://i.scdn.co/image/ab6761610000e5eb6e3c26ee0c9598776727151e,Tinariwen,50
2sijQ6zO0MAirKsBw2GNwz,northern soul,R&B/Soul,https://i.scdn.co/image/ab67616d0000b27336a9ca236920b0d20db36c01,Rita & The Tiaras,24
2sriRQRt36DnfHtD68zZlj,Electronic,House & EDM,https://i.scdn.co/image/ab6761610000e5eb3abe7aa413e46b80d2eeca39,Dorian Concept,54
2sunjxjx7M8vCHM9ZfMIGY,lullaby,Novelty/Spoken Word,https://i.scdn.co/image/ab6761610000e5eb4308dcd3f85942e3a988a12a,Teddy's Wonderland,60
2sxI9mdxTPzsbAzZwIP6R7,bass house,House & EDM,https://i.scdn.co/image/ab67616d0000b273217c589833fdfb131b0ea26e,Foamo,24
2sxmKe3CUrWnx7eoXMhOlW,classic country,Country/Americana,https://i.scdn.co/image/ab6761610000e5eb28aebc3eaddd7d0f5f2d0eb7,Dwight Yoakam,63
2szQRWh2F0RUs9bkbepwok,celtic rock,Rock,https://i.scdn.co/image/c8dfd6e4d81cdce9fa79cf911e60eb1a0a9716ef,Hothouse Flowers,44
2t1RYRF9PjI2yxvKoHQg9c,lo-fi house,House & EDM,https://i.scdn.co/image/ab67616d0000b27357f7c52fde2f68ba848d5530,Lucretio,11
2t1feKJJZgzieczJ0oDmiP,ambient,Ambient & Experimental Electronic,https://i.scdn.co/image/ab6761610000e5eb468eec2051df70f26d091d31,Josiah Steinbrick,34
2t20OEGMQ88YYSM22lKe5j,Rock,Rock,https://i.scdn.co/image/ab6761610000e5ebdc9b0bf845280060efcb6993,Blueprint Blue,3
2t9Wxo7ttElQgyoYZoe9iv,,Unlisted,https://i.scdn.co/image/ab6761610000e5ebea8f9bd16cdbe35d1223fa04,Not the King,27
2t9nXmwTyxsqEEpIdduEfj,dub techno,Techno & Trance,https://i.scdn.co/image/71def02dc333bbb545664627290727ad8fa8e668,Jeroen Search,19
2tBhWqKkavzMihQWh3ktA7,comedy,Novelty/Spoken Word,https://i.scdn.co/image/ab67616d0000b2730ebf9cddaaa60038dc5549f7,Morecambe & Wise,26
2tEg1Ert1kIHmm55ayDUy7,drum and bass,Bass Music,https://i.scdn.co/image/ab6761610000e5eb8172849717d2bd6e43b39365,Jakes,28
2tEwhtbQ13QvuhsFPMmd6G,Electronic,House & EDM,https://i.scdn.co/image/ab6761610000e5eb7406b616e3ed8d97c3ff9f76,spreadsheets,6
2tFN9ubMXEhdAQvdQxcsma,Pop,Pop,https://i.scdn.co/image/ab6761610000e5eb761f912c69a45866177c674a,Jessica Simpson,50
2tH4HqwEi0m5fBvB2dB7q7,techno,Techno & Trance,https://i.scdn.co/image/ab6761610000e5eb20221f0af97ed29b33a47283,Hertz,30
2tIdiDL8wQntDVSpC7K3nu,Electronic,House & EDM,https://i.scdn.co/image/ab67616d0000b2734d5af8e79e50a0e0ac976e02,Freak Masters,0
2tPR06hLUvH5aIY3JXNIxY,uk drill,Hip Hop/Rap,https://i.scdn.co/image/ab6761610000e5eb8b48da1cfde8ffbde6c7d7d3,dutchavelli,53
2tUUqZeqBYInHt3aDp3a1B,french house,House & EDM,https://i.scdn.co/image/ab6761610000e5eb72d4d4a713103871219283df,Else,50
2tXfeqzziff6xpdcZUVTll,,Unlisted,https://i.scdn.co/image/ab6761610000e5eb3462b9e68a5a8c0f1b618769,Estrellita Dónde Estás,55
2tcNYcZmhP367Zh0Cgg5YU,,Unlisted,https://i.scdn.co/image/ab6761610000e5ebba49b94afdf527a56542b125,Ernesto Villarreal,11
2te8VJxgUxcElC8Uq6eJs6,shibuya-kei,Pop,https://i.scdn.co/image/090fccfd5e0b661557603c6f6c6508775ee3d5b5,Cibo Matto,47
2tyMOS8xKREgpEwHnLc6EX,ebm,Ambient & Experimental Electronic,https://i.scdn.co/image/ab6761610000e5ebe6b49a9d34a3feeba0e2aac1,Front 242,41
2u7uELb0RI5cJAS405SNuI,breakbeat,Garage & Breaks,https://i.scdn.co/image/ab6761610000e5eb98df7a0a7dd297374a70ffb7,Klens,0
2u7xZP39dtED9EuRX9MUwu,jangle pop,Pop,https://i.scdn.co/image/ab6761610000e5eb0b448bdaddb1d71f5df95b7e,Orange Juice,40
2uF8KZ5iEKsGdxfX2mhzFf,idm,Ambient & Experimental Electronic,https://i.scdn.co/image/ab6761610000e5eb7159f41bc317c00c7d9b7e35,Edyth,8
2uFUBdaVGtyMqckSeCl0Qj,neoclassical,Classical/Orchestral,https://i.scdn.co/image/ab6761610000e5eb86008946f7c35b22282d7e8c,Ludovico Einaudi,81
2uH0RyPcX7fnCcT90HFDQX,britpop,Rock,https://i.scdn.co/image/ab6761610000e5eb6d99c4a2caedf4e9936f3267,Manic Street Preachers,56
2uNpV18izVIP7DNusoWbT5,northern soul,R&B/Soul,https://i.scdn.co/image/ab67616d0000b273104dd939c10a2ef4fde1f1df,Bobby Hebb,51
2uQn9OFibYuvEMqMuH1zaP,Electronic,House & EDM,https://i.scdn.co/image/ab6761610000e5ebc4942edcbc0cbfd915ea4e75,The Caretaker,56
2uYWxilOVlUdk4oV9DvwqK,Rock,Rock,https://i.scdn.co/image/ab6761610000e5eb4bdb3888818637acb71c4a13,Mitski,82
2uYZJqMXH5Q6xvPU6BPySL,indie folk,Folk/Acoustic,https://i.scdn.co/image/ab6761610000e5eb35aa7ad649e89808ed90d761,Willy Mason,41
2uZiIZt94U6VvsxacxQwXz,norsk rock,Unlisted,https://i.scdn.co/image/ab6761610000e5eb82a9d44f17988622c0dedda4,Oberst,2
2uanrLTaDz0PMCuuO2X9qz,,Unlisted,https://i.scdn.co/image/ab6761610000e5eb7fff2629abaf89e8fb7be38f,90s allstars,14
2ubB6bINHNw8zEVHu19Yj1,Jazz,Jazz,,JUCE,0
2ueLrjAXRW78olDn1YFrqj,Electronic,House & EDM,https://i.scdn.co/image/ab67616d0000b273b1464157fb50062f9fdb7f25,DJ Timbo and Friends,35
2ueoLVCXQ948OfhVvAy3Nn,art pop,Pop,https://i.scdn.co/image/ab6761610000e5ebd9ab607b9fa17351b50d5e91,Perfume Genius,57
2uf32eac3VFGHBonRKaLXQ,noise rock,Alternative/Indie,https://i.scdn.co/image/36b117ba6faa27a207cb49edddb65c44be92ae70,Women,31
2ugPdplEWBmyU6EcIzlcY1,motown,R&B/Soul,https://i.scdn.co/image/ab6761610000e5eb1851d11126e7f64590e1bf05,The Contours,53
2uiBUFM6ifJQVNkmSGtrPR,Electronic,House & EDM,https://i.scdn.co/image/ab6761610000e5eb26e868fd2a542cd6e79b8ec6,Th Blisks,6
2uvY5pgdD9t1CZ5zMNw1rl,ambient folk,Folk/Acoustic,https://i.scdn.co/image/ab6761610000e5eb2ea04f0f860e22e2f08de826,Lucy Rose,53
2uxy7shOeojRrRr9EwD2t7,latin indie,Unlisted,https://i.scdn.co/image/ab6761610000e5eb070b9627e21a9b63d18242c9,Mi Amigo Invencible,44
2uyweLa0mvPZH6eRzDddeB,ranchera,Latin,https://i.scdn.co/image/2ae2272c989c4a0921f0dd99240ef51784fda6f3,Rocío Dúrcal,73
2vA9Ql5L0OesHIm0tqtZ7c,Rock,Rock,https://i.scdn.co/image/ab6772690000c46cb8d647323211e53a74c088c6,Matt Valentine,3
2vAtuOqzB1knNn4FEZm0un,space music,Unlisted,https://i.scdn.co/image/537056b04cc34d4d60b69bc85b726d76c9a38ac9,Space Art,20
2vDV0T8sxx2ENnKXds75e5,Funk / Soul,Funk/Disco,https://i.scdn.co/image/386f66b89b4b1ca0e9b5b2d0ffce9ce3a66a7101,Booker T. & the M.G.'s,57
2vDxSRLYTiW133IHfcWctd,krautrock,Alternative/Indie,https://i.scdn.co/image/ab67616d0000b273ae28349d40f0e3a762497876,Electric Sandwich,7
2vJObElaIZWYDLpiXiJMo9,shibuya-kei,Pop,https://i.scdn.co/image/ab6761610000e5ebdd24386203ce97cd25e97496,Cornelius,55
2vNCdSyQnRJfJVXLE3paC5,footwork,Bass Music,https://i.scdn.co/image/ab67616d0000b273a8451fe55d161bdcc2263165,Lynch Kingsley,5
2vQavlZtDA660mnZotYIto,surf rock,Rock,https://i.scdn.co/image/93609213bc0adbeecab83f8ab4731adbddab5d1c,Link Wray,49
2vTrzq2s1adq6MrQ5mdQNj,vaporwave,Ambient & Experimental Electronic,https://i.scdn.co/image/ab6761610000e5eb20344419d8605f50b0d07f9d,Surfing,32
2vTtjIqZ7hW0W15t1ApKTB,nu disco,Funk/Disco,https://i.scdn.co/image/ab6761610000e5eb79366780b7e066f1c384929e,Lindstrøm,39
2vUpX2Zq1DBdCHuoEnmzkK,Electronic,House & EDM,https://i.scdn.co/image/ab6761610000e5eb256ed2c2a2f17694439ea6f1,Tom Trago,25
2vY280VfdCt44AmnKNGPrn,experimental,Ambient & Experimental Electronic,https://i.scdn.co/image/ab6761610000e5ebbf942ebb8e18cf178d6071a4,Pyur,12
2vhsb5RbUxNcyvV1wQWUIm,Rock,Rock,https://i.scdn.co/image/ab67616d0000b273f4de0188fe3b1df8af650f86,Strike Under,3
2viciQWa7lV7FrogoaDvk8,techno,Techno & Trance,https://i.scdn.co/image/ab6761610000e5eb6cb5d7ce3c632e88b38ecfe0,The Advent,27
2vygNfdnPBXah21ZrqhxYk,post-punk,Rock,https://i.scdn.co/image/ab6761610000e5eb8a640fdf04698e334a0731bb,A Certain Ratio,31
2w2yKSYPjPrgwDeDRq7npS,techno,Techno & Trance,https://i.scdn.co/image/ab67616d0000b273b2632322b1a24dcc0d9bb7d6,Bas Mooy,12
2w3mvReNNIQ7S44MAr89zu,electroclash,House & EDM,https://i.scdn.co/image/dbe7db8afb6981b79e8339de78fdd2319c06d830,Dopplereffekt,29
2w7IutHv5g4e8LumrwtjWR,french house,House & EDM,https://i.scdn.co/image/ab6761610000e5eb679863cd5116d1dcddd61d5d,Stardust,62
2wAPeWKKHrPZ3UUqnw9Bpy,anti-folk,Folk/Acoustic,https://i.scdn.co/image/ab6761610000e5ebb0b5d8f74ffab32a485f9964,Connie Converse,37
2wBpW4bAGYVe0yJcBeCTyd,vaporwave,Ambient & Experimental Electronic,https://i.scdn.co/image/ab6761610000e5eb5a96d8961611ce5321a62d8c,２８１４,40
2wDepeS1mWNw6pJ2Uh134S,medieval,Classical/Orchestral,https://i.scdn.co/image/ab67616d0000b273d9cf999dee2f839f141b9e07,Sandstone,19
2wFVQP1RtaokiFq2OOPQZL,schlager,Pop,https://i.scdn.co/image/ab67616d0000b27372835c1f683ef81c591f8657,Melina Mercouri,21
2wIVse2owClT7go1WT98tk,hip hop,Hip Hop/Rap,https://i.scdn.co/image/ab6761610000e5ebf6691f40d906f097e9fbaa4c,Missy Elliott,73
2wJ4vsxWd7df7dRU4KcoDe,Rock,Rock,https://i.scdn.co/image/ab6761610000e5eb44bf77f28461ee5d6e10cabe,Sharon Van Etten,57
2wOqMjp9TyABvtHdOSOTUS,classical,Classical/Orchestral,https://i.scdn.co/image/ab6761610000e5eba636b0b244253f602a629796,Ludwig van Beethoven,74
2wPDbhaGXCqROrVmwDdCrK,idm,Ambient & Experimental Electronic,https://i.scdn.co/image/ab6761610000e5ebf15e61d103deb9077b2c9ed8,Oneohtrix Point Never,48
2wQyX5625x6IGls8zLLHMB,northern soul,R&B/Soul,https://i.scdn.co/image/f1dc82bd74a3b41a392012232688c688b6f4f4c6,Barbara Lynn,46
2wRVhO48aSB879bPORFbpf,chicago house,House & EDM,https://i.scdn.co/image/ab67616d0000b27373dc27f263d51957f1dc9d05,Sagat,17
2wSYqnT1Cu1oQcFFspe0Ie,Electronic,House & EDM,https://i.scdn.co/image/ab6761610000e5eba62606879a28d69a6891b394,AMAZONDOTCOM,3
2wXUKlYvdBHn2MNeRKgG6W,post-punk,Rock,https://i.scdn.co/image/ab6761610000e5eb2facc9745ad07677d44b8fb8,This Heat,28
2wkz8hACugzAvF0voupg3H,folk,Folk/Acoustic,https://i.scdn.co/image/acc7b84a94ec8c0febfa81e33f8db384c4373bdc,Odetta,41
2wnJCxpnKAagrdBJAvaDrQ,eurodance,House & EDM,https://i.scdn.co/image/ab6761610000e5eb4f8f65a9d8da4c548aabc662,Rozalla,45
2wouN3QXejYa5tKetYdcVX,synthwave,Pop,https://i.scdn.co/image/ab6761610000e5eb9ee8f1bb8c981f3865d8e7c5,Com Truise,58
2wpskShaCrgkVcET4JzTAV,musicals,Unlisted,https://i.scdn.co/image/05adc7d24f0cb475402d4b92e8a22d1bb7b47ce8,Wilson Jermaine Heredia,37
2wqWxxwnJHTRMEst9OsREa,musicals,Unlisted,,Drew Gehling,42
2wrxoZjEVKfJZhxCiqK0ju,Electronic,House & EDM,https://i.scdn.co/image/ab6761610000e5eb0ed63682892e613ac5a0a41c,JayDon,55
2wvUfjKGoXvcnDHq7GgMOa,alternative dance,House & EDM,https://i.scdn.co/image/ab6761610000e5eb275695a1290cd9429f564f8b,The Ting Tings,55
2wwRO0gCI7qUtMHEH9djHV,son cubano,Latin,,Mikikí y su Changüí,0
2wy7YeMOmMS8Cpxd11QPRh,aor,Rock,https://i.scdn.co/image/ab67616d0000b273ee7e03625840c3ef27a91940,Hirth Martinez,21
2wzMOQwNT6ZvVB4amvhFAH,celtic punk,Punk/Hardcore,https://i.scdn.co/image/636a1b47b11d0d512b4153c9d1b0625eea39f885,The Pogues,59
2x47chxSUuKI2MFC9Ba27v,idm,Ambient & Experimental Electronic,https://i.scdn.co/image/ab67616d0000b273a2c7de79b11c622761c03169,MP Productions,3
2x9SpqnPi8rlE9pjHBwmSC,new wave,Pop,https://i.scdn.co/image/e4c5b04fce8706c87663357b1f78522a3a5c641b,Talking Heads,71
2xHbxPlwNRVcJR3P3vjtX7,children's music,Novelty/Spoken Word,https://i.scdn.co/image/ab6761610000e5eb57d95477a6fa146d26e75aea,Gecko's Garage,36
2xIaXC0ztnAJkUsZWFVSPV,children's music,Novelty/Spoken Word,https://i.scdn.co/image/ab6761610000e5eb0e3621bd37fe8a2be942e904,David Landau,50
2xJ2HMpwwLY36bkjT6sJkD,free jazz,Jazz,https://i.scdn.co/image/0a72c1ea4911d8555bfba7d83f274a73c53dde26,Don Byron,27
2xLEV2jDreAOcpJXFNoXyt,americana,Other,https://i.scdn.co/image/ab6761610000e5eb057068ad79970a943dc50686,Hurray For The Riff Raff,51
2xPL0AoIt8vBFrog4MIp0L,minimal techno,Techno & Trance,https://i.scdn.co/image/ab6761610000e5eb5dfeece7c4e3d20ee652c829,Mladen Tomic,27
2xVsrAmTyLeCvOvPqTo767,acid house,House & EDM,https://i.scdn.co/image/ab6761610000e5ebdbba229fc4047103a7dc1218,Jaydee,42
2xeHjPrS4EnEUIXHV9pkeg,techno,Techno & Trance,https://i.scdn.co/image/ab6761610000e5eb1cf4840cd30ab3ada057c558,Monika Kruse,39
2xlu6WzVa7WHwHhRptqq7c,vocal jazz,Jazz,https://i.scdn.co/image/ab6761610000e5eb2a0b039300c6dddde1f09beb,Ida Sand,48
2xrOogbM0l6NzOSp4zZ3IP,techno,Techno & Trance,https://i.scdn.co/image/ab67616d0000b273f4339ba097096ce01e4e934a,DVS1,29
2y8Jo9CKhJvtfeKOsYzRdT,soft rock,Rock,https://i.scdn.co/image/ab6761610000e5eb876f7ad601fe9a02247b9fb9,Rod Stewart,76
2yDodJUwXfdHzg4crwslUp,neo-psychedelic,Rock,https://i.scdn.co/image/ab6761610000e5eb55347098348f7c577eeb3d7c,Allah-Las,55
2yEwvVSSSUkcLeSTNyHKh8,progressive metal,Metal,https://i.scdn.co/image/ab6761610000e5eb13f5472b709101616c87cba3,TOOL,75
2yJwXpWAQOOl5XFzbCxLs9,punk,Punk/Hardcore,https://i.scdn.co/image/ab6761610000e5eb785d6af86b16c8747ff61e42,Bad Religion,63
2yUsje7CszKGu4g1f4ih3b,psychedelic rock,Rock,https://i.scdn.co/image/c1d8265bd830bfe67944afa875a751c3dd4f9057,The Claypool Lennon Delirium,36
2yWskGGwMOlBGeIAVgfsgm,afro house,House & EDM,https://i.scdn.co/image/ab6761610000e5eb5a6f00169feb7b86323ebf66,Emmanuel Jal,56
2ycnb8Er79LoH2AsR5ldjh,synthpop,Pop,https://i.scdn.co/image/ab6761610000e5ebd24f448b409b6304c2880614,Pet Shop Boys,72
2ye2Wgw4gimLv2eAKyk1NB,metal,Metal,https://i.scdn.co/image/ab6761610000e5eb69ca98dd3083f1082d740e44,Metallica,86
2ye3IGvPbagPIPsto6LYlO,jazz funk,Jazz,https://i.scdn.co/image/ab67616d0000b273ff20bffd0e43183aa9da2170,Webster Lewis,17
2yenSHFA1v0ZsCMFWr5N1M,Jazz,Jazz,https://i.scdn.co/image/ab6772690000c46c9361eab52193e27d57f4167d,Alain Goraguer,36
2yfkWfvz9H1U5Oaz2BU2o9,techno,Techno & Trance,https://i.scdn.co/image/ab6761610000e5ebe9a19d74af84611e7092acb4,Lag,6
2yo5s6sa2TbKXWYOyhMqIB,breakbeat,Garage & Breaks,https://i.scdn.co/image/ab6761610000e5eb79f711c6d0ce64797e014e36,DeFeKT,16
2yqBWvICcnvZ0FKzfXBLME,jungle,Bass Music,,Vertigo,0
2yrbLiuBmc9j81lTX3XUuI,disco,Funk/Disco,https://i.scdn.co/image/ab6761610000e5ebf1bfe2ad0c6fb9743556c584,The Jacksons,62
2yrsg68ymNuQwVnoOWOER6,celtic,Folk/Acoustic,https://i.scdn.co/image/ab67616d0000b273b0402909fb03520ea8ba209e,Mick West Band,11
2ysnwxxNtSgbb9t1m2Ur4j,Rock,Rock,https://i.scdn.co/image/ab6761610000e5ebbe936a26ceb9cbbdec7df15b,George Ezra,73
2yvPlnxRWTogtl4YdUSaIO,big band,Jazz,https://i.scdn.co/image/ab67616d0000b273e2396b4d7b9ddd35fc422540,Russ Morgan and His Orchestra,34
2z4eiJkDaXYCR9kv2UuSgz,psychedelic rock,Rock,https://i.scdn.co/image/ab67616d0000b273235e3d74d4b132775876ec3e,The West Coast Pop Art Experimental Band,41
2z6qOkQVyn7h3XzUuNlRlM,dub techno,Techno & Trance,https://i.scdn.co/image/ab67616d0000b27394fbee313202023fc9580f3c,Paul St. Hilaire,33
2z78AlkdwE2Ghj9EB50M6z,noise rock,Alternative/Indie,https://i.scdn.co/image/ab6761610000e5eb1cc271a44ec52359d2a7b9e9,Liars,32
2zAvisjImPICTNsRgagqlV,alt country,Other,https://i.scdn.co/image/ab6761610000e5eb6572dc876c7faa89dc398b20,Bonnie Prince Billy,40
2zDEnKW6qy7E4M9A2c2YAZ,latin r&b,Unlisted,https://i.scdn.co/image/ab6761610000e5ebfb960c78bb48bc529a38aa17,Lao,19
2zJJIWKT0LiwdxcwW9RajQ,acid techno,Techno & Trance,https://i.scdn.co/image/ab6761610000e5eb35408d4300b440fae8465b07,Dax J,33
2zPm4XzwKuPidtfKh92H2Z,folk,Folk/Acoustic,https://i.scdn.co/image/ab6761610000e5ebe9d01ed94efa20158619be6e,Lankum,40
2zZLuLb5pslOJzeVCnnBQi,children's music,Novelty/Spoken Word,https://i.scdn.co/image/ab67616d0000b2735f0254a64eb9dba75bcd8890,Jay Laga'aia,36
2zgFYHwSEYOc1KnldGsBXK,techno,Techno & Trance,https://i.scdn.co/image/ab6761610000e5eb791571a6bacca97c2b223963,Oxia,48
2zlMeTjA7szCmqcJjBzYXJ,blues,Blues,https://i.scdn.co/image/ab67616d0000b27334306463a420980615839302,Skip James,35
2zpEwiWTHCGrgFlkiepARL,Rock,Rock,https://i.scdn.co/image/ab6761610000e5ebc87c74b7e91126089497f14f,Phil Cordell,29
2zrZfs23sjuHDv4E6YRmNf,Hip Hop,Hip Hop/Rap,https://i.scdn.co/image/99b90f147f450c59522dd3d8c70b7f580f96433e,Kris Kross,53
2zyz0VJqrDXeFDIyrfVXSo,rockabilly,Rock,https://i.scdn.co/image/ab6761610000e5eb01ff3e4f94ff73cab6c4c0bb,Jerry Lee Lewis,59
3007hfCAMol0TIw5xhfSu4,dub,Reggae/Caribbean,https://i.scdn.co/image/ab67616d0000b273d4a3decda8e8997cf875ff0c,Lee Perry & The Upsetters,28
302BGj6HLRd3ZDZmX0U3Be,techno,Techno & Trance,https://i.scdn.co/image/ab67616d0000b2732167069de856c5c503c1f7c3,The Lady Machine,12
306XaY1dO5UhXQOWSjKIwQ,rockabilly,Rock,https://i.scdn.co/image/4d7539e005cfb34c1e1192f7c16b2993191e985f,Chris Spedding,34
30FDJPN3RtwJZ20g5YGCRX,vaporwave,Ambient & Experimental Electronic,https://i.scdn.co/image/ab6761610000e5eb728f1ef7ce13bc9bece9e8d0,Yung Bae,52
30Gx9gTBuwqLsE642C3RAF,krautrock,Alternative/Indie,https://i.scdn.co/image/ab67616d0000b2733d7cdb58b26c12814b37097c,Sperrmüll,3
30RMkmcPNAZPYj3XUSrLh4,Electronic,House & EDM,https://i.scdn.co/image/ab67616d0000b2736053dc8465358b9040d1b109,Suburban Knight,18
30SpGunnNpbbUL4IfkvC5q,bluegrass,Country/Americana,https://i.scdn.co/image/e2528382c79d912e7b4fd08a9d21423dd465a05f,Merle Travis,35
30TgkkBf0juP46UUwEYawn,acid house,House & EDM,https://i.scdn.co/image/ab6761610000e5eb4da71f6d229437e7fd827880,SL2,37
30UIjoCGuL3Fa5BOc3ayNW,afrobeat,World/Traditional,https://i.scdn.co/image/ab6761610000e5ebcf0047f33c173f419b3382c7,Manu Dibango,47
30XB6UJMhn7v7ZDX2GlIsM,noise rock,Alternative/Indie,https://i.scdn.co/image/ab6761610000e5ebadb8ee1c615318f39d6a1a07,The Men,24
30eE9RmXxzCcZKTf4N2O0e,breakbeat,Garage & Breaks,https://i.scdn.co/image/ab6761610000e5eb09f8f17d31cc148bc5d5d088,Jensen Interceptor,33
30h1cDhDvSG9RZlfBHmt9C,math rock,Alternative/Indie,https://i.scdn.co/image/37e74e8cf3bd617a7e8fe67e761324c453d17ffa,Don Caballero,31
30ksgkjxAtOsW0Hixcx857,traditional folk,Folk/Acoustic,https://i.scdn.co/image/ab67616d0000b273e004044546799dca95105991,Jean Redpath,17
30niqFGUKKUg1horQSgwBn,children's music,Novelty/Spoken Word,https://i.scdn.co/image/ab6761610000e5eb546bc71664966bddf8caf6b7,Blippi,66
30orN5PtRhj9fN2Myr8HKV,christmas,Jazz,https://i.scdn.co/image/ab67616d0000b273a9704a090d7c0675f9c67977,Harry Simeone Chorale,33
30pW8ZsjaeU6vcnWayUwof,Rock,Rock,https://i.scdn.co/image/ab67616d0000b27383650407c98adb8b8c837836,Barbara & Ernie,17
30uiS1n3uIGXJEYFR1GVDy,neo-psychedelic,Rock,https://i.scdn.co/image/ab6761610000e5eb33220055dac8da23644c86c7,The Brian Jonestown Massacre,56
312pFk2xpEwYWLGPehc4Nu,reggae,Reggae/Caribbean,https://i.scdn.co/image/ab6761610000e5eb5505bdd8d65414326123337e,John Holt,52
312swN3NcDOZMlEM8LVUah,breakbeat,Garage & Breaks,https://i.scdn.co/image/ab67616d0000b273f4b6c5b2302b7b05f946eafd,J-Shadow,2
3160Uht6QdGT17EECSPWAO,techno,Techno & Trance,https://i.scdn.co/image/ab6761610000e5eb84abf19be217f0b986ad151d,Alarico,37
319yZVtYM9MBGqmSQnMyY6,singer-songwriter,Folk/Acoustic,https://i.scdn.co/image/ab6761610000e5ebea6c3263b9aeda33707faee5,Carole King,66
31DXlldabwPHwu6dYevuzK,electroclash,House & EDM,https://i.scdn.co/image/ab6761610000e5ebecf9673ef5fc69196a63c235,Simian Mobile Disco,43
31DffUzogcRBJT3Andaqtt,exotica,Pop,https://i.scdn.co/image/5cd024190008f76541ad5a26db8c29e03aab1445,Raymond Scott,37
31GFatrHl2ijnS4ZAWA9s0,chanson,Pop,https://i.scdn.co/image/ab6761610000e5ebe8d3a88889c054bf064848c1,Gilbert Bécaud,52
31LNNVD7yf1QpVEUPfD1UG,ragtime,Jazz,https://i.scdn.co/image/ab67616d0000b27349626e162822e57cb244825d,The Temperance Seven,16
31Ldq0GNXx6ShgToypsNHq,breakbeat,Garage & Breaks,https://i.scdn.co/image/ab67616d0000b273e3843116dc10fa3003e1623b,Stenny,7
31TPClRtHm23RisEBtV3X7,Electronic,House & EDM,https://i.scdn.co/image/ab6761610000e5eb7a5cfe2597665a3d160e805e,Justin Timberlake,85
31Ua7zSTJxegjyd49ujbSA,afroswing,Hip Hop/Rap,https://i.scdn.co/image/ab6761610000e5eb41d7f57042a48c1152e79a46,NSG,55
31W5EY0aAly4Qieq6OFu6I,melodic rap,Hip Hop/Rap,https://i.scdn.co/image/ab6761610000e5ebebe9d9f649d6ef85497f71af,A Boogie Wit da Hoodie,78
31f4Ougr0lpsDrxigwV3TB,techno,Techno & Trance,https://i.scdn.co/image/ab6761610000e5eba6d19b64e4a4fb3b17c54404,Cirez D,34
31iYRMOM5mUFDxPMMljOZ9,hyperpop,Pop,https://i.scdn.co/image/ab6761610000e5ebe31ca06adac6ca859191b5ea,SONIKKU,37
31jfl8olSWuzzR8ABt6Bdk,cajun,Country/Americana,https://i.scdn.co/image/ab67616d0000b2738f6b5bea93c2bc7122daa0f9,Kermit Ruffins,37
31obJnEmHX81bUzzfLAiM6,industrial,Alternative/Indie,https://i.scdn.co/image/ab6761610000e5eb1d2db81779aa5eec342a7328,Test Dept,21
31uyAcnY0kjjKKIQZMKX4i,drone,Ambient & Experimental Electronic,https://i.scdn.co/image/ab6772690000c46c0eb3de49815691fc713e709a,Grouper,61
31wLmtRSwO4f50DFG8zv4s,comedy,Novelty/Spoken Word,https://i.scdn.co/image/9ea34fdec136a9eb67a9573d569cbe44c3d5d6ad,Stan Freberg,17
31xWBejhhuVdm9zRmCQuse,vocal jazz,Jazz,https://i.scdn.co/image/ab6761610000e5eb8c214c9abfec1206321c2e8b,Hailey Tuck,46
31z9f9AyPawiq0qlBO1M3i,red dirt,Country/Americana,https://i.scdn.co/image/ab6761610000e5ebe91d2667892142d29ca62111,Ryan Bingham,61
320EPCSEezHt1rtbfwH6Ck,Rock,Rock,https://i.scdn.co/image/ab6761610000e5ebbdef7f178c9cf2e8d50cb9b9,The Monkees,63
320TrJub4arztwXRm7kqVO,cajun,Country/Americana,https://i.scdn.co/image/ab6761610000e5ebfed5626c008ba961a81dd218,Dr. John,53
32CX6E72MHFiHgv2TehrZd,chamber music,Classical/Orchestral,https://i.scdn.co/image/ab67616d0000b273ecc579b9f2fbcc58d9a4ed03,Michael Cox,11
32ENZVmItiETXMCYfM1bbS,,Unlisted,https://i.scdn.co/image/ab6761610000e5ebe660d9ffa76cb695e71a998d,noturgf,60
32GAlFg8ZU34WZLFjAUAGQ,Stage & Screen,Soundtrack/Instrumental,https://i.scdn.co/image/ab6761610000e5eb7d25f45905679c42aa714fd5,Stelvio Cipriani,52
32GCwVMzzFTuaFhQGXgdxD,uk garage,Garage & Breaks,https://i.scdn.co/image/ab67616d0000b273d2e99e3730c5f9427576f571,AMIRA,28
32HPpJAhgnGPT3V7UOggzi,proto-punk,Punk/Hardcore,https://i.scdn.co/image/ab6761610000e5ebc09bd1fa580e514ec9ada728,Paul Revere & The Raiders,41
32LHRiof0sa4taYew9i3Fa,vocal jazz,Jazz,https://i.scdn.co/image/ec0ef3c2a40764d3e72356027788b7552ecb3a9e,Dinah Washington,58
32O4dM8Yd756XKRb1BVUPO,country blues,Blues,https://i.scdn.co/image/ab67616d0000b2736e6d14ba7fd36657594e19dc,Etta Baker,29
32ZExi6NKMCjakKJ5GmDRP,chicago house,House & EDM,https://i.scdn.co/image/ab6761610000e5eb5e5e07599d3974f989d0fe34,The Believers,23
32aUoW94mJ7xTJI7fG0V1G,Rock,Rock,https://i.scdn.co/image/ab6761610000e5eb93d2fa5fe1fe02c33743270f,Whitney,53
32ese02QryCb75wljJ2LLD,Rock,Rock,https://i.scdn.co/image/ab6761610000e5ebae5461a5f2c0e1e2bb5474aa,The Flat Five,15
32iqfoIqrkWugr2LrR8rdN,techno,Techno & Trance,https://i.scdn.co/image/ab6761610000e5eba07ccfc77da78d5004763122,Red Rooms,18
32jrK8iaARJvXrYarVcvZK,Hip Hop,Hip Hop/Rap,https://i.scdn.co/image/ab6761610000e5ebd3e7b46c4fd41063f8eb1b19,Rashad,13
32lo0J8u6KZJTwBOIBrdYS,nz reggae,Reggae/Caribbean,https://i.scdn.co/image/ab6761610000e5eba92ee3e6a7aec0582623540b,Fat Freddy's Drop,56
32ogthv0BdaSMPml02X9YB,nu jazz,Jazz,https://i.scdn.co/image/ab6761610000e5eb9e2576943e27fcddc3bb3646,The Cinematic Orchestra,65
32vWCbZh0xZ4o9gkz4PsEU,country,Country/Americana,https://i.scdn.co/image/ab6761610000e5eb61aae76c2db6b8645f1553d0,Dolly Parton,75
336vr2M3Va0FjyvB55lJEd,neo soul,R&B/Soul,https://i.scdn.co/image/c69197fa9d01ec73e2617525b920e76b550ba2e2,D'Angelo,63
338mC0yGyX0C9of8QMJ5hK,jazz,Jazz,https://i.scdn.co/image/4dd5f19e9a4e051d8b08dd5f262635f2d7542b5d,Gene Ammons,49
339DNkQkuhHKEcHw6oK8f0,madchester,Rock,https://i.scdn.co/image/ab6761610000e5ebcc97b5500db463902db72582,Happy Mondays,50
339qxEdD8z8okRAiTp1HKf,alt country,Country/Americana,https://i.scdn.co/image/ab6761610000e5ebbe726dc0ce28b26074212c28,Giant Sand,33
33EUXrFKGjpUSGacqEHhU4,proto-punk,Punk/Hardcore,https://i.scdn.co/image/ab6761610000e5eb21e6d14c3d8aab9887380d00,Iggy Pop,69
33GGoMV3iYpV5tlsh32N7q,dub techno,Techno & Trance,https://i.scdn.co/image/ab6761610000e5ebd7b621d073b48141707ea873,Moritz Von Oswald,30
33HLOae9rhJfw6Mh0e8g5r,noise rock,Alternative/Indie,https://i.scdn.co/image/ab6772690000c46cd80104a844665f292c1c0eb4,Girls Against Boys,25
33KsPfISa6inRnrPvWutSy,footwork,Bass Music,,DJ Trouble,6
33NVpKoXjItPwUJTMZIOiY,Pop,Pop,https://i.scdn.co/image/ab6761610000e5ebfbe8fcc1f77b0eb6761491ed,David Kushner,72
33XkS6h90eeK7e6OJHw0mq,jazz,Jazz,https://i.scdn.co/image/ab6772690000c46c9c5fa862a3e91bdf8db5d52f,Yusef Lateef,50
33Ztukerf3He8FeKk5acn8,idm,Ambient & Experimental Electronic,https://i.scdn.co/image/ab67616d0000b27392f9a000a881a5496fa62b6d,Two Lone Swordsmen,32
33blhBVeWDbTWOLWkKbrxH,ragtime,Jazz,https://i.scdn.co/image/ab67616d0000b273952efd0e1f07cb16ed140cdd,Sam Morgan's Jazz Band,10
34D8Pqawm29XlTE8445ezO,,Unlisted,https://i.scdn.co/image/ab6761610000e5eb976884986f78f6b87710f577,Poopy Man,43
34E3csCxpXunPGEkOVVX2g,Rock,Rock,https://i.scdn.co/image/ab6761610000e5ebd17ed8020a7dbfb9410ff3ca,Albert Hammond,57
34EP7KEpOjXcM2TCat1ISk,old school hip hop,Hip Hop/Rap,https://i.scdn.co/image/ab6761610000e5ebe60866298962b71792b2bf1a,Wu-Tang Clan,69
34Or4SetJBRvrlE8AO1qDO,traditional folk,Folk/Acoustic,https://i.scdn.co/image/ab6761610000e5eb02a146012ecaa637e37f4bac,Ye Vagabonds,45
34U2e4Kt2mtD1yT2HkRZ7W,jazz,Jazz,https://i.scdn.co/image/ab6761610000e5ebf2e71d8af2b979fdc90f934a,Bévort 3,20
34UhPkLbtFKRq3nmfFgejG,post-rock,Alternative/Indie,https://i.scdn.co/image/ab6761610000e5eb5c58771372707e8b22c664ee,Mogwai,52
34W7ZCX0LZeJd8q6boKGOk,jazz,Jazz,https://i.scdn.co/image/e007cff62c3265800fb3b5e717d6e9388970aa74,Ben Webster,55
34Xay0uKsALHCrn5LkrYeh,shoegaze,Alternative/Indie,https://i.scdn.co/image/ab6761610000e5eb37105e564207714467a51d62,Candy Claws,41
34barrxpXhXrFSJXWKogMO,Rock,Rock,https://i.scdn.co/image/ab67616d0000b27354727bf10d84f12515c46366,Plumtree,39
34c3b95E9ZQPMPapPOv8RW,"Folk, World, & Country",Other,https://i.scdn.co/image/ab6761610000e5eb92d55a7be59ea560c90d73a1,Hohnen Ford,40
34me8hAxavRmcDIwhxa3b7,Rock,Rock,https://i.scdn.co/image/ab6761610000e5ebd8f96530fb267e1248704004,Dent May,66
34ogXgGcq0P9njF9n4aVhy,dub techno,Techno & Trance,https://i.scdn.co/image/ab6761610000e5eb75ab29a661775423e366bff0,Hoavi,12
34vOyXYbdhtzvcIWTBQkEl,jazz funk,Jazz,https://i.scdn.co/image/ab6761610000e5eb5877f3e05fe88a914fa5ab56,Wonky Logic,14
34wtf7GZVapHNvysEvuFzY,alternative dance,House & EDM,https://i.scdn.co/image/6f8d9e5626361164240c8b214959f08ede0a3c8d,Renegade Soundwave,24
353KPo8gVAfcZfwF7BPZDy,neue deutsche welle,Pop,https://i.scdn.co/image/912c77c1f96ff4abcbd0403d23ed96f7f07dbdd7,Münchener Freiheit,57
356DaKT7lQvmKRHIOIYQY3,,Unlisted,https://i.scdn.co/image/ab67616d0000b2738958e8515514f9bfce71f4ba,Benita Calrado,36
35C0NSLogAwImm8HAMqEmG,garage rock,Rock,https://i.scdn.co/image/ab6761610000e5eb304176652bb8882d255312d9,Black Lips,46
35S20clEkkSNUo23ViaslZ,christmas,Jazz,https://i.scdn.co/image/0d3b3944d72ce6c7bdae093ee217e6e7d502263c,Band Aid,45
35U9lQaRWSQISxQAB94Meo,yacht rock,Rock,https://i.scdn.co/image/ab6761610000e5eb1918619d3b26c6cb16084997,America,73
35YNL4wwv11ZkmeWWL51y7,indie rock,Alternative/Indie,https://i.scdn.co/image/ab6761610000e5eb4420dc2f2789339128554a78,We Are Scientists,44
35ajyqjK50Vy4mJW0HQHqu,space rock,Rock,https://i.scdn.co/image/ab6761610000e5eb713b68936d68900cd8c2a203,Magic Castles,21
35b2hm2fvbdZnckJO6FijB,post-hardcore,Punk/Hardcore,https://i.scdn.co/image/ab67616d0000b273dc09f475e5f72f30ca5559d2,The Blackout,29
35l9BRT7MXmM8bv2WDQiyB,bedroom pop,Pop,https://i.scdn.co/image/ab6761610000e5ebe7c6cea0c83857388127fced,beabadoobee,83
35nXw4E9MGWTmijZgX2h84,,Unlisted,,Lisa Carlyna Zumpano,7
35o1050MVm2eGTjsIuwGDi,minimal techno,Techno & Trance,https://i.scdn.co/image/ab6761610000e5eb9fdeac7552ed40aa24facce9,Heartthrob,14
35ovEjDArUFMwwr0hqb7Uh,,Unlisted,https://i.scdn.co/image/ab67616d0000b27366c489b1b4d977fdf9d81071,Gold Rush Studio Orchestra,20
35rFgnhlSSYflP4HpC3JM0,neo-psychedelic,Rock,https://i.scdn.co/image/ab6761610000e5eb2d7296444854ff49f5b2e78b,Wooden Shjips,39
35uD3ZeLUoniBBQhiWQGCu,boom bap,Hip Hop/Rap,https://i.scdn.co/image/ab6761610000e5ebe95ba7520176f4453d5be07d,Bush Babees,36
35wH6kN89Vy5MeYwTKHQ9Q,experimental,Ambient & Experimental Electronic,https://i.scdn.co/image/ab6761610000e5ebe5ec459728268b21e82df41f,Sophia Loizou,6
35y7CZMg7jbG8Q96JY7dyC,adult standards,Pop,https://i.scdn.co/image/2e924297cd6811acae0540d5fb7e4870593b14bf,Burt Bacharach,50
35yKqbBahxH38GhRc0vFrg,ambient,Ambient & Experimental Electronic,https://i.scdn.co/image/ab6761610000e5eb11ff5374e92f7e3a500a6dc8,Kirk Barley,19
3644jHpHInKPL22IQYcd9y,,Unlisted,,Eva Curzi,4
36CTt0jf6A3huRPr0lupzP,celtic,Folk/Acoustic,https://i.scdn.co/image/ab6761610000e5eb14ad30c02be6d1091c940eb2,Skipinnish,44
36E7oYfz3LLRto6l2WmDcD,britpop,Rock,https://i.scdn.co/image/ab6761610000e5eb2a7e3dfda16364548dfdc915,Pulp,64
36MRGLmyxzncxEPHgThdVg,lo-fi house,House & EDM,https://i.scdn.co/image/ab67616d0000b2735edb6c5686318e35484ceb02,Bloomfeld,0
36QJpDe2go2KgaRleHCDTp,classic rock,Rock,https://i.scdn.co/image/207803ce008388d3427a685254f9de6a8f61dc2e,Led Zeppelin,80
36YE6h8aN09ZKG4EhneDSf,jazz,Jazz,https://i.scdn.co/image/ab6761610000e5eb375e46b73b1cfecb48bc35ae,Joe Lovano,38
36Yy1qwyYR7DGWw12XVzaf,traditional folk,Folk/Acoustic,,Unidentified prisoners,13
36msvw9B10rxW90NSQ2794,doo-wop,R&B/Soul,https://i.scdn.co/image/ab6761610000e5eb6566c424564eaf56427fc636,Johnny Tillotson,48
36pCa1JHc6hlGbfEmLzJQc,ambient,Ambient & Experimental Electronic,https://i.scdn.co/image/ab6761610000e5eb4cd47defce818236e875e8df,Stars Of The Lid,45
36qxqKuaIzIOC8tLgTy02Z,big band,Jazz,https://i.scdn.co/image/0aabd2800fefb51bf16ecac4245be89a247a86b0,Doc Severinsen,33
36rey1TxHa81Az8CqZpsJ4,italo disco,Unlisted,https://i.scdn.co/image/ab6761610000e5eb713ce11c03cde58bdb3c74bb,Lauer,37
36sTWFzP26mJPY0cA1OYLR,egg punk,Punk/Hardcore,https://i.scdn.co/image/1263207e754902046c7f8a2ac2f6954786218ca3,Hierophants,23
36sdQhQWpk9MntF8u7qNGo,jazz,Jazz,https://i.scdn.co/image/ab6761610000e5ebc02840d8ee0d2565d8553337,Mark Guiliana Jazz Quartet,21
36tUphbhaRrmHNS6reORr5,lo-fi house,House & EDM,https://i.scdn.co/image/ab6761610000e5eb8438690a4c0a6edbd955a5d2,Tom VR,33
36vHa15dnO4N8mizPr1uj1,retro soul,R&B/Soul,,The Knights of Forty First Street,2
36zSkwftotDHslP3KUQpew,alternative hip hop,Hip Hop/Rap,https://i.scdn.co/image/9862cc0877c4cc169d89d0a792a441edc6e0bd78,MED,48
370nbSkMB9kDWyTypwWYak,city pop,Pop,https://i.scdn.co/image/ab6761610000e5eb8d091ac8003ece788424d86d,Haruomi Hosono,47
375zxMmh2cSgUzFFnva0O7,jazz,Jazz,https://i.scdn.co/image/ab6761610000e5eb95c84e26fdeefbfde71709e6,Wynton Marsalis,50
376EkILFaF7BFBHr9Rzn7A,slowcore,Alternative/Indie,https://i.scdn.co/image/ab6761610000e5eba435187426c33d2969658b82,The American Analog Set,43
378dH6EszOLFShpRzAQkVM,Electronic,House & EDM,https://i.scdn.co/image/ab6761610000e5eb36c6fa1b8ff851988de641f8,Lindsey Stirling,67
37IAmIFuCYtwhxQRlQisDg,jungle,Bass Music,https://i.scdn.co/image/ab6761610000e5ebbdcef92fa9ad2f50587f7b93,Rezzett,33
37JcV5BAEqxOfKkeKQf9pr,bluegrass,Country/Americana,https://i.scdn.co/image/ab6761610000e5ebc815fcbc230b2981713027fe,Betty Fisher,6
37KB5e6cGsN1AQAB9Omm1U,industrial,Alternative/Indie,https://i.scdn.co/image/ab6761610000e5ebcb17e0873bea447f0b9c3233,Coil,38
37M5pPGs6V1fchFJSgCguX,Rock,Rock,https://i.scdn.co/image/ab6761610000e5eb598b19a8263ee81c07e5a753,FINNEAS,71
37PywjKNsxHji5F9eFODF2,alt country,Country/Americana,https://i.scdn.co/image/e71d860ee55ead4472423ed1d932048e83990953,The Be Good Tanyas,50
37QFe07xXVifiZf6t6t3PE,celtic,Folk/Acoustic,https://i.scdn.co/image/ab67616d0000b2731d7de1dce63f3f97377f3b60,The Corries,41
37SofF6rHmWJudegF3hBUH,jazz,Jazz,https://i.scdn.co/image/ab6761610000e5eb9a69657e03e681b6d9f8184f,The Jeff Steinberg Jazz Ensemble,46
37U9sPqTZMd7AKJCWgcvkt,progressive house,House & EDM,https://i.scdn.co/image/ab6761610000e5eb682940193e03a39f24a7ba52,Pryda,45
37UrMzgmpRLmvVbJwcriPV,Rock,Rock,https://i.scdn.co/image/ab6761610000e5eb34e355625640353f7abaab2e,Aaron Embry,26
37XGRhnYWhiV6o2jPB8nxt,southern gothic,country/Americana,https://i.scdn.co/image/ab6761610000e5eb677353ad6916467d46a128ad,Johnny Dowd,9
37Yx62YrthR5rgnrnFqNsF,Rock,Rock,,Pedro Vera,0
37YzpfBeFju8QRZ3g0Ha1Q,lo-fi house,House & EDM,https://i.scdn.co/image/ab6761610000e5ebce087a46152d40b1049e0238,DJ Seinfeld,53
37ZflmHTdxkSLQuT8w9NBs,brazilian hip hop,Hip Hop/Rap,https://i.scdn.co/image/ab6761610000e5ebb4eff86493d7392fa01ef557,Criolo,62
37ZvFp654tY74Z1D2TLOGR,jazz funk,Jazz,https://i.scdn.co/image/ab6761610000e5ebf5766ec59cd303160964927e,Trombone Shorty,49
37eqxl8DyLd5sQN54wYJbE,americana,Country/Americana,https://i.scdn.co/image/ab6761610000e5ebcb7b523fa487bd10fccc535e,Hiss Golden Messenger,49
37f9cjf8Ic4t7vYNRYAzI7,big beat,House & EDM,https://i.scdn.co/image/5cec5173753e0f09306eb372d6a128b6eae5ecc8,Apollo 440,46
37hAfseJWi0G3Scife12Il,Electronic,House & EDM,https://i.scdn.co/image/ab6761610000e5eb5d4891c63de9b0b74a4b7b9e,City Girls,65
37j7tcvJMvkQiDBPnHHanF,uk funky,Bass Music,https://i.scdn.co/image/ab6761610000e5eb8b381db6ea78e135ea5f6b84,Happa,10
37r3ZUhErh0QPJENMsAPBG,chanson,Pop,https://i.scdn.co/image/ab6761610000e5eba5a741150a5b4c1973990d92,Salvatore Adamo,54
37uLId6Z5ZXCx19vuruvv5,alternative dance,House & EDM,https://i.scdn.co/image/ab6761610000e5ebb988ca14506a2356551e7c7b,Hot Chip,55
37um1uxI92g4ll61LzrtB5,dub techno,Techno & Trance,https://i.scdn.co/image/ab67616d0000b2731625f96455c5684cb20b396c,Basic Channel,31
37w38cCSGgKLdayTRjna4W,dream pop,Alternative/Indie,https://i.scdn.co/image/ab6772690000c46c93b4c6192035c98af64d4da3,Mazzy Star,74
380fnmlGnkyueBMqGWx2k5,indie soul,R&B/Soul,https://i.scdn.co/image/ab6761610000e5eb94b775933bc52fe5281d8849,Joe Goddard,47
381PGxyzR9qLrFbprEp46D,ambient,Ambient & Experimental Electronic,https://i.scdn.co/image/ab6761610000e5ebb3cc30711e5f2d9de0b11f74,Leif,18
383Yhi82VDOiVeSUkmStTK,lo-fi house,House & EDM,https://i.scdn.co/image/ab6761610000e5eb9006932831d6172bb49665dd,Christopher Rau,18
389dEZJtlcNOvOuQNUNOXz,Classical,Classical/Orchestral,https://i.scdn.co/image/ab6761610000e5ebda7ca1e60edb22c34b7bdc2e,Rebecca Phillips,0
389zc5Rwe0MPcE6mSF4AjC,reggae,Reggae/Caribbean,https://i.scdn.co/image/ab6761610000e5ebe53a2231dad44f611ca578ad,Bunny Wailer,48
38C3okxv3fyyOIQUVPCdGX,hard bop,Jazz,https://i.scdn.co/image/ab6761610000e5ebe214842fe87630b113bd8df6,Lee Morgan,50
38HCXf2W3Tc2pIg2NWUU1g,acid techno,Techno & Trance,https://i.scdn.co/image/ab6761610000e5ebaa4e0b176fb53ca3a1a6bb1e,Moteka,5
38MKhZmMRHAZRz8LqtKIBw,ambient,Ambient & Experimental Electronic,https://i.scdn.co/image/ab6761610000e5ebac25fe0fcf3f10a44baee162,Mary Lattimore,45
38ULknnQK6G4oLJtTtPkkM,psychedelic rock,Rock,https://i.scdn.co/image/ab67616d0000b273801e652ce283f52aa521cbb0,Ultimate Spinach,33
38h03gA85YYPeDPd9ER9rT,philly soul,R&B/Soul,https://i.scdn.co/image/ab6761610000e5eb56ff1993c2aa3ca2c31b7a83,The O'Jays,59
38jFhCjNb8R31aIdcJO1VD,christmas,Jazz,https://i.scdn.co/image/ab6761610000e5eb6aeab818bf4a32597f6864a4,Die Roten Rosen,28
38mGXV1meeU3dz3HtO4toI,chicago house,House & EDM,https://i.scdn.co/image/ab6761610000e5eba4426b1b7e02e77b2edc6754,Simoncino,8
38u18VoGaIwVeSyVoA0eU5,slowcore,Alternative/Indie,https://i.scdn.co/image/ab6772690000c46c5668791a45d7abbac72a3946,Hope Sandoval & The Warm Inventions,50
38unGip4o3KhMfqHdHWB7K,Pop,Pop,https://i.scdn.co/image/ab6761610000e5ebb9bc21cb9867dbb480bd3198,Chas & Dave,39
38vt0CiehYk43Nu6xcfKXk,deathcore,Metal,https://i.scdn.co/image/ab6761610000e5eb9055959dde62151f91eb107f,Beyond Extinction,20
38zTZcuN7nFvVJ6auhc6V3,neo-psychedelic,Rock,https://i.scdn.co/image/ab6761610000e5eb9e2ec521b797dfccae2110d9,Deerhunter,45
391oLRVmoTkumiN79HkTWu,christmas,Jazz,https://i.scdn.co/image/d7d6a7209389a3985020c999b5584bf020772b24,Darlene Love,49
399t4qwl1M9sMlOtlxVP7e,trip hop,Ambient & Experimental Electronic,https://i.scdn.co/image/ab6761610000e5eb73d42337e57da710089068d6,The Dining Rooms,45
39C5bYyhzNSRWsBA3wTSsM,Rock,Rock,https://i.scdn.co/image/ab6761610000e5ebbbfa17a6a9ade39e4ecd5c23,Dumdums,9
39GVRVaqlKh7JL8Yl5ZKcb,folk rock,Folk/Acoustic,https://i.scdn.co/image/f261fdf97f3afbb46df899eec9ab9b23ffb2bf72,Tim Hardin,39
39RnqcMpFSK4e7tbODSsaP,post-punk,Rock,https://i.scdn.co/image/ab6761610000e5ebf46413744ae1ec6e2261fd3d,Folly Group,31
39T6qqI0jDtSWWioX8eGJz,yacht rock,Rock,https://i.scdn.co/image/ab6761610000e5eb28f5622994674caec36fd95c,The Doobie Brothers,72
39ZEMGRv3pIYTYKEhr4Abu,indie folk,Folk/Acoustic,https://i.scdn.co/image/ab6761610000e5eb4e605524b4d06cf2348e4257,The Weather Station,44
39cDMNnxwjrKJE1dyt47jh,indie soul,R&B/Soul,https://i.scdn.co/image/ab6761610000e5ebecb1cb995db03c89e48ce9da,Oscar Jerome,44
39cuaKdB7ahAIbHcPiDkVI,shoegaze,Alternative/Indie,https://i.scdn.co/image/ab6761610000e5eba6da4cca9fb58408290d010b,Trembler,25
39iHRO9MH9To3gjW7wqaW1,brazilian jazz,Jazz,https://i.scdn.co/image/c6165e7be8092cc71c5d5cb10378b009f05f1141,Lalo Schifrin,47
39iRwJEhPG25CU7LYdNkQ2,surf rock,Rock,https://i.scdn.co/image/ab6761610000e5ebc61ba5083e9e86fa81a7fcdf,SadGirl,36
39uv7qSNwIoaAtWNioWnxp,Rock,Rock,https://i.scdn.co/image/ab6761610000e5ebf007e0688f52b075665b9243,Stampeders,45
39x9e2QDpAxK8xTuJDwRqR,alternative dance,House & EDM,https://i.scdn.co/image/ab6761610000e5eb6c01f7b8400950eea1188851,Junior Boys,35
39ywlwtGw8RTGobakgb11L,trip hop,Ambient & Experimental Electronic,https://i.scdn.co/image/ab6761610000e5ebde4e41e1e9e80abf82e646c0,Kruder & Dorfmeister,49
3A8XSMPreJlCBlpSZVHU5J,techno,Techno & Trance,https://i.scdn.co/image/ab6761610000e5eb3aa6da76008003a22f9b9e52,Shlomi Aber,25
3AA28KZvwAUcZuOKwyblJQ,Electronic,House & EDM,https://i.scdn.co/image/ab6761610000e5ebdd5b57b40cf2aaeccd07835e,Gorillaz,86
3AF2EFy6hFIFZs6YHSgKex,nu jazz,Jazz,https://i.scdn.co/image/ab6761610000e5ebb884dfd786a4d8975e9759b2,Nerve,24
3AO9jmM1JTooPNcu9tTyZx,industrial,Alternative/Indie,https://i.scdn.co/image/ab6761610000e5eb4fb0c0f2c6e3f30365aa3135,Meat Beat Manifesto,32
3AWprtbEToKCq6Xzz0tTX4,ethiopian jazz,Unlisted,https://i.scdn.co/image/ab6761610000e5ebcf7267fa50d01a4a12d1e147,Mamman Sani,31
3Aa3AP52gyOW8I2PlnxaIg,dub techno,Techno & Trance,https://i.scdn.co/image/ab67616d0000b27335f81440deea76f39d4ef6d7,STL,19
3AhwIUus3pIaA3CvYBEtpy,minimal techno,Techno & Trance,https://i.scdn.co/image/ab6761610000e5eb0da1de5df15aa99d71bc439a,Richie Hawtin,40
3AmWjMXXtBJOmNGpUFSOAl,post-punk,Rock,https://i.scdn.co/image/ab6761610000e5ebe425a8cbd1fd88d26cc542a9,Gang Of Four,50
3AmgGrYHXqgbmZ2yKoIVzO,dream pop,Alternative/Indie,https://i.scdn.co/image/ab6761610000e5ebf763c4f2a03f7af93ef6a7d4,Warpaint,48
3AtUVMxegxVeWrYSD7nMOa,celtic,Folk/Acoustic,https://i.scdn.co/image/ab67616d0000b273fcf632bf4e807dd60ccd1530,Matt McGinn,15
3AuA6Ksc6bQa0wlJx2ltI9,egg punk,Punk/Hardcore,https://i.scdn.co/image/ab6761610000e5ebcc830f9624b133ed8263186f,Holiday Ghosts,17
3Av5YRDWBegMumHlMOIa91,uk funky,Bass Music,https://i.scdn.co/image/ab6761610000e5ebf55a78267c712a1a39f72c7b,L-Vis 1990,12
3AwQDgohC7HyuqGAMbRd7p,experimental,Ambient & Experimental Electronic,https://i.scdn.co/image/ab67616d0000b273a4db58e8d51d1e82560e0205,Metasplice,0
3AxgXLivpM1GoOVMjMgsId,industrial,Alternative/Indie,https://i.scdn.co/image/ab6761610000e5eb31a33fe683e69bb72f3df54d,Tommy Four Seven,20
3Ayl7mCk0nScecqOzvNp6s,emo,Punk/Hardcore,https://i.scdn.co/image/ab6761610000e5eb0dc33cfd207772f8e2f6b46f,Jimmy Eat World,70
3BG0nwVh3Gc7cuT4XdsLtt,hard bop,Jazz,https://i.scdn.co/image/ab6761610000e5eb154583adeb99d03c555fd343,Joe Henderson,44
3BUpv2goO0OTzcj7yYkRZJ,neo-psychedelic,Rock,https://i.scdn.co/image/ab6761610000e5eb7baba3b919b7e07e2ea732c0,JJUUJJUU,20
3BmGtnKgCSGYIUhmivXKWX,christmas,Jazz,https://i.scdn.co/image/ab6761610000e5eb20b8c7d395994dc81a85f291,Kelly Clarkson,76
3BqAAo5E60L15TcFgWI8xH,jangle pop,Pop,https://i.scdn.co/image/f5c488168baf56e9807c66a6f1edd0c8477fe29d,Felt,40
3BqaUtuQmqIHg7B5Bc7fP7,power pop,Rock,https://i.scdn.co/image/ab6761610000e5eb24f5429db041f5573c65c267,Nick Lowe,49
3BvWiyLcyLMoOIm2U8HepI,chicago house,House & EDM,https://i.scdn.co/image/8bd98cbfd1b9c17c57287575f2cc878d0c8d4d33,Omar S,37
3BwgFaLsvYncRNoXhRFmyd,baroque pop,Pop,https://i.scdn.co/image/ab67616d0000b273962f7c0b5f65fb4aa8a62cc1,Madden and Harris,3
3C4Ma6ujXcpDtisnx6RASG,italo disco,Unlisted,https://i.scdn.co/image/ab6761610000e5eb212ce8a2b56564ad73e5bc49,P. Lion,44
3C8RpaI3Go0yFF9whvKoED,Electronic,House & EDM,https://i.scdn.co/image/ab6761610000e5eb348fb7d638c8f86c675122e2,The Avalanches,57
3CCu7y87f2RouffJEBLBcC,deep house,House & EDM,https://i.scdn.co/image/ab6761610000e5eb2fc4d65ff565eaca34891252,NTFO,30
3CDKmzJu6uwEGnPLLZffpD,Rock,Rock,https://i.scdn.co/image/ab6772690000c46cb8af37ba12c1ad7ebcc63c25,Frankie Valli,69
3CDn6ZRqYq3MffMg0KPII7,jungle,Bass Music,https://i.scdn.co/image/ab67616d0000b273f4ff571056530537703cb3d3,Ilk,0
3CEdEF8RsuL3hAFJaujvr0,vocal jazz,Jazz,https://i.scdn.co/image/ab6761610000e5eb51a1987b4a9b8975ebdb82e3,Etta Jones,52
3CHFXBv4DTth2lIWcUxXT7,acid techno,Techno & Trance,https://i.scdn.co/image/ab67616d0000b273a7551bf09f6de6d8ffc92b14,Strobe(UK),1
3CI0BdDDxe6D21RmqTB5fn,post-hardcore,Punk/Hardcore,https://i.scdn.co/image/ab6761610000e5eb1cbe438208c188ca6493752d,Fightstar,42
3CJ7GkVeyNfAguXLvkpqcX,progressive rock,Rock,https://i.scdn.co/image/ab6761610000e5ebe22f6ba0e8efcf8ca4df550e,Adult Cinema,8
3CQIn7N5CuRDP8wEI7FiDA,old school hip hop,Hip Hop/Rap,https://i.scdn.co/image/1bf54468fa9c772af8f514a20a99631fd35b2dbc,Run–D.M.C.,63
3CVDnjIPKEN8xYJ2kIpq4t,retro soul,R&B/Soul,https://i.scdn.co/image/ab6761610000e5eba2c3d8e646e0fbf73bff319a,Ural Thomas and the Pain,31
3CkM2290WOa2ESzhlu5mzM,lo-fi house,House & EDM,https://i.scdn.co/image/ab6761610000e5ebb65821dab46e790799ac03dc,Shanti Celeste,41
3D88pWd7luhD98v0HeDgKv,hard house,House & EDM,https://i.scdn.co/image/ab67616d0000b273e34ae1ee030553341d2855c4,Groove Asylum,2
3D8rE7iBYDVwFMPU9G3ruh,breakbeat,Garage & Breaks,https://i.scdn.co/image/ab67616d0000b2733ade5a820a9b503c0e4345c8,Motion Unit,4
3D9J9nPNW1cBktx5apJq4V,exotica,Pop,https://i.scdn.co/image/ab6761610000e5eb22dc4100063f54a5238b7888,Martin Denny,41
3Dd6jD1AApgtNoU6SJWR7P,disco,Funk/Disco,https://i.scdn.co/image/ab6761610000e5eba7657df51e49dc27987ebd05,Anita Ward,50
3DgcBA7P0ji5co7Z1Gfp2Q,musicals,Unlisted,https://i.scdn.co/image/ab6761610000e5eb48124fc43f870ed4501093e5,Kristin Chenoweth,62
3DkmShHV6P6CezJN6EPmCJ,Electronic,House & EDM,https://i.scdn.co/image/471cb48edc6b2eed3522f5b8af8ab4034fb5ca3c,Shawn Lee,43
3DocXE0Dkzscr8OQSuf7d8,breakcore,Bass Music,,Mully,0
3Dogy4uGWEG13OyOJmw3R9,blues,Blues,https://i.scdn.co/image/ab67616d0000b273a7410586de547fb24a3c0e88,Hubert Sumlin,37
3DtSOCXYU6o4EV0K1NgIKq,jazz,Jazz,https://i.scdn.co/image/cc8bf7f93f3539b5ee415b7767f5316aa228ab81,Art Tatum,44
3DxtKajg4nhMlf0qBES7sz,chicago house,House & EDM,https://i.scdn.co/image/ab67616d0000b27353f5ad6496411936e3169f1e,Adonis,23
3E2PKHxfpNa2R6N3RIpa8S,Pop,Pop,https://i.scdn.co/image/ab6761610000e5eb9d47d75bd305db0623b258a6,Lizzie Esau,29
3E6OqTqiCpUvb8NbAw0OEm,Rock,Rock,https://i.scdn.co/image/ab6761610000e5eb6a508b4cc68b30798be297a4,Quality Used Cars,18
3E7NxReR3vC125lN74picI,techno,Techno & Trance,https://i.scdn.co/image/ab67616d0000b273469cfa00b4fb0bfa33d9d44f,Johannes Heil,26
3EMSpwRtkvUTxfB4aS5xnA,math rock,Alternative/Indie,https://i.scdn.co/image/ab6761610000e5ebb83b1843369a3e33b6c28834,Battles,35
3EN8pUGJtYWutzf2fUxrDH,dubstep,Bass Music,https://i.scdn.co/image/ab6761610000e5eb393a9503d1926fb370a75aa3,Moody Good,39
3ESG6pj6a0LvUKklENalT6,adult standards,Pop,https://i.scdn.co/image/177e8ea19a5da187ddc33cc76d6d65b764fdf277,Doris Day,57
3EUM35RpJZkmptksMgQyj6,grime,Bass Music,https://i.scdn.co/image/ab6761610000e5eb40427d35914e8d4a07f8e613,Sneakbo,47
3EY5DxGdy7x4GelivOjS2Q,schlager,Pop,https://i.scdn.co/image/8bdcb1cc65a0ca1d54018e308bd2471e9c4820ce,Connie Francis,66
3Ebn7mKYzD0L3DaUB1gNJZ,celtic,Folk/Acoustic,https://i.scdn.co/image/ab6761610000e5ebab90ddc44636e1904139fba2,Christy Moore,52
3EcPBdr1pRn1jc3ePUL7qO,neo-psychedelic,Rock,https://i.scdn.co/image/ab67616d0000b273ca58b28048a8c8c651266c60,Born Free,13
3Ee0e4JrNXK0k9JvSt7I6I,folk,Folk/Acoustic,https://i.scdn.co/image/ab67616d0000b2734ff8a4172067310835518a06,Dave Swarbrick,30
3Eeb1U0VJTDaFpBHV4DmHl,soundtrack,Soundtrack/Instrumental,https://i.scdn.co/image/816e5aaaf9de137bdb327937ccde4a019eb579a1,Angelo Badalamenti,53
3Ek1EdkcbRFvSDJj9j5JXQ,rockabilly,Rock,https://i.scdn.co/image/ab6761610000e5eb84370c42d5b8e3a120fc14e0,The Baseballs,47
3En4SMrGwoaVbTIyWOQCqx,garage rock,Rock,https://i.scdn.co/image/ab6761610000e5eb806a6a34623b5d30a9cfea3b,Dead Moon,38
3EnbnmqrrvApHJs6FMvYik,Electronic,House & EDM,https://i.scdn.co/image/ab6761610000e5eb0386d339d72e398cbbc0c960,Elder Island,46
3ExGDjEKejMhyciAgxPe0B,"Folk, World, & Country",Folk/Acoustic,https://i.scdn.co/image/1e039e26fbcfe766c0def76a8eab63f218fb3d59,Peter Sarstedt,42
3EzJinFIq2GkYPmCBDQuVu,big beat,House & EDM,,E-Klektik,0
3F4PBcfdeFdmxjRPS2UdMl,alt country,Country/Americana,https://i.scdn.co/image/e075a2a5d295ffa310020b0b08ea11f8b712a513,Tweedy,29
3FJ6YoCBpeCyaXyZ1Rc1o8,traditional folk,Folk/Acoustic,https://i.scdn.co/image/ab6761610000e5eb02781e4d392381fcd52f4a1e,Mat Williams,19
3FJ6fErQn48ILQel1yaRbv,Electronic,House & EDM,https://i.scdn.co/image/60e45e1df177ecf8c5556119c8e39f0589e86b79,Bachelorette,11
3FKhFIysDUOzJwTMNIFjpf,Jazz,Jazz,https://i.scdn.co/image/ab6761610000e5ebfa5ee67c56d71da3f717cfcb,Rick Simpson,7
3FQEfbXBOnlQtkdpQkSLJ1,Classical,Classical/Orchestral,https://i.scdn.co/image/45e05cc169b9b49b656b3ca039e28fefb9cd8493,Jakob van Domselaer,0
3FigIEWJYmIeHGP7IYDaq2,experimental,Ambient & Experimental Electronic,https://i.scdn.co/image/ab6761610000e5ebae82c5347bf38dbda6b5945d,mmph,17
3FivPgIIWpeGTnTx5PrpCX,minimalism,Classical/Orchestral,https://i.scdn.co/image/ab6772690000c46c326f190b2e50c3cd57af6ed9,Alarm Will Sound,24
3FlXXv8lfSt3ZWk9epMxe7,ambient,Ambient & Experimental Electronic,https://i.scdn.co/image/ab6761610000e5eb9cf66823ea381914e18043df,Hainbach,30
3FpCFpdoJOrGuR3G7UBgC7,dark ambient,Ambient & Experimental Electronic,https://i.scdn.co/image/ab6761610000e5eb7767aad8e5e0644df1e63277,Lustmord,36
3FtuExHiGsLvTnreIt7i2x,jazz,Jazz,https://i.scdn.co/image/ab6761610000e5eb613eb811c8af5f5b1d17feeb,Phronesis,17
3G3Gdm0ZRAOxLrbyjfhii5,shoegaze,Alternative/Indie,https://i.scdn.co/image/ab6761610000e5eb21c79e4e6e1af6af9b94d3a0,my bloody valentine,57
3GBPw9NK25X1Wt2OUvOwY3,surf rock,Rock,https://i.scdn.co/image/ab6761610000e5eb9555a0b3231117c8cde1fca7,Jack Johnson,78
3GDnlbIfCwWTAgv42tZshC,idm,Ambient & Experimental Electronic,https://i.scdn.co/image/ab6772690000c46c64c54938990d4d7a5f1dddc5,Animals on Wheels,14
3GLAEAmt9FYRZWv8HUYha0,krautrock,Alternative/Indie,https://i.scdn.co/image/ab67616d0000b27302afd20f6137bbb9b5203b3a,La Düsseldorf,18
3GLOOlJDdTCd4NRrNb5Kg3,idm,Ambient & Experimental Electronic,https://i.scdn.co/image/ab67616d0000b273d3e5587c01f7a789a36610de,The Other People Place,26
3GM5cpCBadq2PMHjFoEvhK,drone,Ambient & Experimental Electronic,https://i.scdn.co/image/ab6761610000e5eb2930a1aa0bdc42db60fb0680,Loscil,41
3GQboECxDT1xqPPWC30p7v,alternative r&b,R&B/Soul,https://i.scdn.co/image/ab6761610000e5eb2ccfadb75e9a48c867870c42,Charlotte Day Wilson,63
3GhVFlFT3pagjVkslQPqoJ,Electronic,House & EDM,https://i.scdn.co/image/2a1293b7500dce8f3fba2b0caff0edbac5f97fd7,Quadron,34
3GpMtIOC5ZLvMBMI7IxPvA,cool jazz,Jazz,https://i.scdn.co/image/5afd5afc98df23a4409780dc2aa537bc3ee200fb,Art Pepper,48
3GrokOnyG1LloekRSuNPPM,synthwave,Pop,https://i.scdn.co/image/ab6761610000e5eb826109d96974ef759505a4a7,M.A.D.E.S,33
3GtvxALXnbuxfxFIo26vC4,musicals,Unlisted,,Evadne Baker,42
3Gul9YJiH5cPauKRIMYo3p,Pop,Pop,https://i.scdn.co/image/ab67616d0000b273a800ac5fc5a267078ceeaef2,Merv Griffin,9
3H24Sx4OTtMrkpQlcpGLtu,trip hop,Ambient & Experimental Electronic,https://i.scdn.co/image/ab67616d0000b273b165e01b90417f18fd7cecba,Hexstatic,27
3H6Js0rhywEhHda3UwuhGW,glitch,Ambient & Experimental Electronic,https://i.scdn.co/image/ab6761610000e5ebd92278d60100421ad6a67a68,edIT,32
3HBxYEtI2i43MzWyTXupVv,nu metal,Metal,https://i.scdn.co/image/ab6761610000e5eb6e6439b0fe1b1a12f05a327c,A,32
3HCpwNmFp2rvjkdjTs4uxs,stoner rock,Rock,https://i.scdn.co/image/2622eb2ecb8e4681e873ebcb7b113cedbe2da8d0,Kyuss,54
3HJIB8sYPyxrFGuwvKXSLR,indie rock,Alternative/Indie,https://i.scdn.co/image/ab6761610000e5ebc5eb8f206eb9065389277634,TV On The Radio,59
3HJzLaMbS0jMabxS3wttGk,jazz,Jazz,https://i.scdn.co/image/a0fdbe224e832ac6a22121983ca30603a1043a96,Esbjörn Svensson Trio,46
3HKbW1X4Aj2RZU6ruh3a0e,noise rock,Alternative/Indie,https://i.scdn.co/image/ab6761610000e5ebc38bae6ac3e5c14de03428d2,Moin,36
3HQQQ1jAB2mloT1MSU4evQ,synthwave,Pop,https://i.scdn.co/image/ab6761610000e5eb955b4f78ae4e0f03fc0d5106,Sung,35
3HQyFCFFfJO3KKBlUfZsyW,Jazz,Jazz,https://i.scdn.co/image/ab6772690000c46cd15e8094f197e96f0ec8bc02,Randy Newman,63
3HVdAiMNjYrQIKlOGxoGh5,industrial metal,Metal,https://i.scdn.co/image/ab6761610000e5eb40a6cfc37fa94d54d28aca22,Rob Zombie,71
3HZgaiR960RFqx9d4LPraD,Rock,Rock,https://i.scdn.co/image/ab6761610000e5eb9f4013bf7a84aac2e867961d,The Districts,39
3Hf08nPu2dPY3sdngyHQei,christmas,Jazz,https://i.scdn.co/image/dd8c925087a736d3c411933f5d064a011a92c1eb,Howard Blake,32
3HhqYfiZYLmilSCVZ351Bc,psychedelic rock,Rock,https://i.scdn.co/image/ab6761610000e5ebd3eda42fd50ee0e337079af2,D.R. Hooker,23
3Hra0KQr00Pe9oqmQdVtvp,northern soul,R&B/Soul,https://i.scdn.co/image/ab6761610000e5ebdddff6e58a25aeea0e7755ea,The Flirtations,36
3I3Fz1DeUY0icXFvOjbXm7,Rock,Rock,https://i.scdn.co/image/ab6761610000e5ebbd5927434f8a64b9bb124cb0,Methyl Ethel,41
3I6e2ZqqoxQhXc9z7Tp5ci,southern gothic,country/Americana,https://i.scdn.co/image/ab6761610000e5ebf03a3cde57255d485be8808b,Rising Appalachia,51
3I8R11HYhjJIKERAUSNXM0,Rock,Rock,https://i.scdn.co/image/ab67616d0000b2731d01bee2a6e4a80f35a948a5,Chrissy Zebby Tembo,24
3IAqbfoY2vJbB6r1acXmle,neo-psychedelic,Rock,https://i.scdn.co/image/ab6761610000e5ebe08ab6c3345b99006a839787,Silver Synthetic,22
3ICflSq6ZgYAIrm2CTkfVP,classic rock,Rock,https://i.scdn.co/image/ab6761610000e5eb3ce1e2a99cffc7c662938b01,The Animals,69
3IKV7o6WPphDB7cCWXaG3E,soul,R&B/Soul,https://i.scdn.co/image/ab6761610000e5eb21359c0ca388c85629ed7d29,Isaac Hayes,52
3IQ7smN25mo56K9Xm6YqKj,,Unlisted,,Dominic Harlan,19
3IStT5xgUOXeY1i4BTyVqS,soul jazz,Jazz,https://i.scdn.co/image/ab6761610000e5eb7fd616e9d008f3cb6aed5c42,Broadstrokes,0
3IXBujNySf3RBaGjDI8dqm,new wave,Pop,https://i.scdn.co/image/ee5cf5a071a57872e397ac2c02c7967bf95c72f5,Jane Wiedlin,40
3IYUhFvPQItj6xySrBmZkd,classic rock,Rock,https://i.scdn.co/image/ab6761610000e5ebd2e2b04b7ba5d60b72f54506,Creedence Clearwater Revival,81
3IZrrNonYELubLPJmqOci2,Pop,Pop,https://i.scdn.co/image/ab6761610000e5eb4fcd6f21e60024ae48c3d244,Nancy Sinatra,67
3IqWMVFksTbtL2EaFi5o8k,celtic,Folk/Acoustic,https://i.scdn.co/image/ab6761610000e5eb3d0cd417bbb3f2696eaab04e,Julie Fowlis,55
3IunaFjvNKj98JW89JYv9u,Electronic,House & EDM,https://i.scdn.co/image/ab6761610000e5eb8de9980dfb508eede9e2fc46,The Japanese House,63
3IuyAl5gMAvYhn0VjRzC1g,experimental,Ambient & Experimental Electronic,https://i.scdn.co/image/ab6761610000e5eb74df44238a5bcd9bf689afce,Peder Mannerfelt,20
3J1kxornj4RYTeY0SVRZhO,dubstep,Bass Music,https://i.scdn.co/image/ab6761610000e5eb28782e6eaa6dbf32833dc4c5,V.I.V.E.K,19
3JBmecDGXTll46ygrnGTM6,southern gothic,country/Americana,https://i.scdn.co/image/ab6761610000e5eb48d1162e2147fe542e75b73d,Allison Russell,50
3JJR0ExBP5G8uyhcViM14W,nu jazz,Jazz,https://i.scdn.co/image/ab6761610000e5ebe97f777e854173df1a81da85,Gianni Brezzo,44
3JLUCojZaHrX2LaUkSj7Ud,free jazz,Jazz,https://i.scdn.co/image/ab6761610000e5eba2104dcf543f5fd6ac5d205e,Pharoah Sanders,47
3JR7NAWvzkrZR3pKwrixS3,idm,Ambient & Experimental Electronic,https://i.scdn.co/image/ab67616d0000b273c6996feb987635a62000a405,Aardvarck,17
3JRd5ohHPzQhXuZ0IydpX8,uk garage,Garage & Breaks,,TJ Cases feat. Kat Blu,21
3JVF9a4IJrL7sTSdjXxIqJ,funk rock,Rock,https://i.scdn.co/image/ab67616d0000b273371135e871ccf1c6ec1c5beb,Eddie Hazel,37
3JWTfcIZq4OUdC6oBunofK,contemporary r&b,R&B/Soul,https://i.scdn.co/image/ab6761610000e5ebc930260e87eaf6b7c4ee0d7d,Otis Junior,35
3JaAGmSTpJK35DqWrDUzBz,glam rock,Rock,https://i.scdn.co/image/ab6761610000e5eb4e4cf5c4428b2551693fce3d,Sweet,58
3JfCT98EkFbf1l4yAn2yRw,vaporwave,Ambient & Experimental Electronic,https://i.scdn.co/image/ab67616d0000b273ed8bf9e85e40de58e86310fe,Dreams West,19
3JgykWJiK9U8B4gfoWdDMb,avant-garde,Ambient & Experimental Electronic,https://i.scdn.co/image/ab6772690000c46c893ac606e1477f3921e39aeb,Henry Kaiser,12
3JkLFcTej6tdwZoQT6Nx4B,tech house,House & EDM,https://i.scdn.co/image/ab6761610000e5ebae415c295c042f2193594a8e,Seth Troxler,39
3Jq7bBEptoqWjGQwrkLTWp,uk funky,Bass Music,https://i.scdn.co/image/ab6761610000e5eb9bc58f50f3d74c1a61cd2d08,Girl Unit,21
3JsMj0DEzyWc0VDlHuy9Bx,progressive rock,Rock,https://i.scdn.co/image/eebed895cad509b17c7c6faf47f21f1fc35e8829,Supertramp,74
3JulrApLVT81sb2HkfwMks,folk,Folk/Acoustic,https://i.scdn.co/image/e5f386cce7a82573474d5332dbdfb9be1ffc4465,John Martyn,53
3K2Srho6NCF3o9MswGR76H,Electronic,House & EDM,https://i.scdn.co/image/ab6761610000e5ebb66dc2607e5a3376ee4401ca,Bakar,69
3K2zB87GZv1krx031en5VA,Electronic,House & EDM,https://i.scdn.co/image/ab6761610000e5eb209cc92e50bcfed40a6028e1,La Roux,64
3KC0ek7g2xpRg2ET1gn2nv,Rock,Rock,https://i.scdn.co/image/ab6761610000e5ebf7ef3e14f119b6551611abf2,Dave Davies,20
3KGQvnOoqUHi3KxKQMZtXr,Rock,Rock,https://i.scdn.co/image/756148625f8fedb1e713964caf175edd96d504d8,The Box Tops,51
3KOHpygRuo1ruQAbEneR3t,Electronic,House & EDM,https://i.scdn.co/image/ab6761610000e5eb4bfeba697eaaa18b2edad8f0,George FitzGerald,51
3KOzW9NF2ZGwYRo0KfID1R,bass house,House & EDM,https://i.scdn.co/image/ab6761610000e5eba6857ea5d8b2a5b058977092,Proxy,27
3KV3p5EY4AvKxOlhGHORLg,Electronic,House & EDM,https://i.scdn.co/image/ab6761610000e5eb8ddeab89a67542470e2631c8,Jeremih,77
3KZJwlDEn12LcMe7y1uPlH,bassline,Bass Music,https://i.scdn.co/image/ab6761610000e5eb85683d8a529fdacb4792eb6b,Colour Girl,2
3KcV1kKG7Y0Gq7xPAGVjkZ,idm,Ambient & Experimental Electronic,https://i.scdn.co/image/ab67616d0000b27303cf0db4e8ce737b6c98d5eb,Drexciya,33
3Kf7VEIRWquxrNIuyJZnfF,britpop,Rock,https://i.scdn.co/image/245922c150fa82b7dcc8ae90795b985c45b5af85,Cornershop,51
3KlE1auvNzJPD27W4hEHjs,rocksteady,Reggae/Caribbean,https://i.scdn.co/image/ab67616d0000b273d7db968f3edf0eef02bca73b,Lord Creator,34
3L3ejltt5dmjXkES4YSGKX,idm,Ambient & Experimental Electronic,https://i.scdn.co/image/ab6761610000e5eb100e640069cede1d57eef656,Oli XL,41
3LEGPWdr7sarYtf2u0ETWN,dub techno,Techno & Trance,https://i.scdn.co/image/ab6761610000e5eb736e228b7cf81c1cb8f52971,Barker,41
3LPgSuOiE17GPcZ4ACDwlL,comedy,Novelty/Spoken Word,https://i.scdn.co/image/ab67616d0000b273260c844af4325aaa0b08570e,Spike Jones & His City Slickers,19
3LQBqEwmSfckkUPUAtvyCE,acid techno,Techno & Trance,https://i.scdn.co/image/ab67616d0000b273f119e976b2e0782671760550,Android,3
3LRldYGJpCAQT5cZKQyi7o,Electronic,House & EDM,https://i.scdn.co/image/ab6761610000e5eb2f1a89e94e701afb2744681c,Hannah Peel,31
3Ld1hAQ5LWFw46Pv8VS5tP,Pop,Pop,https://i.scdn.co/image/ab67616d0000b273279e2b6df3d6275b82da77c7,Gracie Fields,24
3LfKt6bEMIfFIEryeai8Mm,Jazz,Jazz,https://i.scdn.co/image/ab6761610000e5eb79e7e6483840d0cea31d8c04,Alabaster DePlume,47
3LgwMt7NY7ofdnipSHcahX,swing music,Jazz,https://i.scdn.co/image/ab67616d0000b273947af9ef86b4f118d1f8acfe,Rocky Gresset,30
3LmkRGuUav9Un8TDMjwKSg,uk drill,Hip Hop/Rap,https://i.scdn.co/image/ab6761610000e5eb6acc7c3f30f52c00eb991dd7,Skengdo,47
3LpAdRwgA2wFrWC5uLAgkB,ebm,Ambient & Experimental Electronic,https://i.scdn.co/image/ab6761610000e5eb1b8f3339aec317048aa6ebae,Restive Plaggona,17
3LtYMPncqtiugGwOuuLq3h,Rock,Rock,https://i.scdn.co/image/ab6761610000e5eb11e6ef7a8e7a6b79f6ca91e5,"Baddiel, Skinner & Lightning Seeds",37
3LuF7P74RidHXKY2b1BkAs,baroque pop,Pop,https://i.scdn.co/image/ab67616d0000b273b1dec7cf8d5bce10be5146c7,Jake Holmes,20
3Lw97gGh8bp1MftsYmwJHG,indie folk,Folk/Acoustic,https://i.scdn.co/image/ab6761610000e5eb1220969aee899cf74b20d0a1,Luke Sital-Singh,47
3LzcSs2NRqSLncY5QHnKMY,Pop,Pop,https://i.scdn.co/image/ab6761610000e5ebdb1fa0a7353649a077aa1974,SUEP,5
3M262EJKm5CyZnandcAd31,Rock,Rock,https://i.scdn.co/image/ab6761610000e5eb399ce527cf9ed688fa5de9ba,Riding The Low,17
3M2LPcqyD4PxbOFvtF05R7,newgrass,Unlisted,https://i.scdn.co/image/ab6761610000e5ebf97f962edb51bcb2166d57e3,Chatham County Line,32
3M3wTTCDwicRubwMyHyEDy,hyperpop,Pop,https://i.scdn.co/image/ab6761610000e5ebb44f958becbda8e6f999b4b4,Shygirl,60
3M5fbUWlySs9LximfJj5Da,footwork,Bass Music,https://i.scdn.co/image/5d7105c8b29700992c207d13593fe400847ce1a9,DJ Roc,14
3MG5skX8kY7y3ddc9sCjzH,jungle,Bass Music,https://i.scdn.co/image/ab6761610000e5ebdfea6eac32be49e2dd4576ec,Capone,26
3MKCzCnpzw3TjUYs2v7vDA,classical,Classical/Orchestral,https://i.scdn.co/image/9a7c31f43e22a95f6d3c57baf4f87a3a9d2b93e0,Pyotr Ilyich Tchaikovsky,72
3MKpIxwzJctX6ol1ieC56M,,Unlisted,https://i.scdn.co/image/ab6761610000e5ebd663871159d446a07a2493d8,Sassieon Dupris,3
3MM8mtgFzaEJsqbjZBSsHJ,indie rock,Alternative/Indie,https://i.scdn.co/image/ab6761610000e5eb42712519962b4c8fe48bc4a6,Bloc Party,63
3MOw1ev3YQ8liIGmHT3eH6,Pop,Pop,https://i.scdn.co/image/ab67616d0000b2732caa4efe84a0c92d726ec40e,The Wurzels,37
3MVZ2vxkDeDuTy3cGsDuQC,ambient,Ambient & Experimental Electronic,https://i.scdn.co/image/ab6761610000e5ebfe625344f7dce97b21aed0f1,Civilistjävel!,15
3MdG05syQeRYPPcClLaUGl,motown,R&B/Soul,https://i.scdn.co/image/ab6761610000e5ebdb59e1c017a93648b119f0cc,Diana Ross,69
3MqYHtX48uiYNf0gPaNBW2,drone,Ambient & Experimental Electronic,https://i.scdn.co/image/ab6772690000c46c7d1d20ebcc650072c5216643,Noveller,17
3Mrt55eOXsIcW8U7kVK5oT,,Unlisted,,Gatronix,0
3MsSQdr5EkozOHkZyhlWpf,psychedelic rock,Rock,https://i.scdn.co/image/ab67616d0000b273b92ac420b4504a20c8d77430,Crossbones,10
3MtwfKNS9iLWFZfZhib3IL,celtic rock,Rock,https://i.scdn.co/image/ab6761610000e5eba3b18f4e18bb534adc0f8755,Torridon,27
3Mu2l8569zdLBzvvGYLBxa,,Unlisted,,Duke Ellington & His Famous Orchestra;Adelaide Hall,0
3MyeAtgxZyE5AhlOizEhTM,idm,Ambient & Experimental Electronic,https://i.scdn.co/image/ab6772690000c46cff64a57289a93d07ec98f1d1,Cabbageboy,8
3ND5NWoKzlelYDDyWqSQpQ,ambient,Ambient & Experimental Electronic,https://i.scdn.co/image/f39230585c8556eb40b2275b31f4b821c0d92953,Susumu Yokota,50
3NKVm2Jedcf6ibJr6pMUVx,Electronic,House & EDM,https://i.scdn.co/image/ab6761610000e5eb99c3e1223f140e5870b6f50c,Jayda G,52
3NLWTwNuFNPJaHEVEWxaqj,,Unlisted,https://i.scdn.co/image/ab67616d0000b2735768c9b6aa8f26edb60388a1,Matteo Manfredi,5
3NPZs8XgXtaWslUcnIw6rY,americana,Country/Americana,https://i.scdn.co/image/ab6761610000e5eb9e84178e0c99851ee26f228b,Iris DeMent,49
3NUsiT2JSyaWAnWaXxDzhQ,hard bop,Jazz,https://i.scdn.co/image/ab6761610000e5eb7e357392ac4637109f24e459,Dexter Gordon,50
3NUtpWpGDoffm3RCGhSHtl,Electronic,House & EDM,https://i.scdn.co/image/ab6761610000e5ebbd861e99a069e3a054c58fa7,Mount Kimbie,52
3NfJ6VPVz0lf3jWy5F1N7g,miami bass,Hip Hop/Rap,https://i.scdn.co/image/d23c22c5899cc885c64a8c3ae06c12408a3d0175,Tag Team,48
3NmdKZUM96z7NGvL35g5PC,power pop,Rock,https://i.scdn.co/image/ab6761610000e5ebfcfd0252a24dc899a56556eb,The Rentals,34
3Nqgz62gAUM5pUkd5ms9GL,Electronic,House & EDM,https://i.scdn.co/image/ab67616d0000b2735df77bb9872b0d5b99504fbb,We Call It Voight-Kampff,0
3Nrfpe0tUJi4K4DXYWgMUX,k-pop,Pop,https://i.scdn.co/image/ab6761610000e5ebd642648235ebf3460d2d1f6a,BTS,89
3O3qPC1hmSp7442HYefx5w,industrial,Alternative/Indie,https://i.scdn.co/image/ab6761610000e5eb644ea1818508879ee67d30bb,Lords Of Acid,40
3O4xHzuHaiM4UVNlSd44xK,psytrance,Techno & Trance,https://i.scdn.co/image/ab6761610000e5eb4c228894776463a6a9227b60,Burn In Noise,38
3O5v1qkExBx2B6i9WTWhOE,Classical,Classical/Orchestral,https://i.scdn.co/image/647da0024578eb2855d7576cfd54099f7ff3e055,The Canadian Tenors,33
3O6SFPGCWeXe7B02fHQAjz,sea shanties,Folk/Acoustic,https://i.scdn.co/image/ab67616d0000b2736b437b1c3dace45a837dea28,Jerry Bryant,36
3OGLZyNTROPbmMMX6oD4Jf,techno,Techno & Trance,https://i.scdn.co/image/ab6761610000e5eb83c516b863f1a5210d1cb128,ANNĒ,36
3OVWawJdrDHvvuFuOfwOcN,banda,Latin,https://i.scdn.co/image/ab6761610000e5ebef774b7a3a06f54ec0da7eac,Banda Guadalajara Express,43
3Oim8XBPbznAa8Jj8QzNc8,Rock,Rock,https://i.scdn.co/image/ab6761610000e5eb92ec52fb43fbd4d2511a9d1d,Cults,70
3OixquvLvKBdSUJlYDPbxU,big band,Jazz,https://i.scdn.co/image/ab67616d0000b273a0144cf3be690b72ec12b8ca,Joe Loss & His Orchestra,28
3On7zXKjSRYhbsuUpLJ59k,new rave,House & EDM,https://i.scdn.co/image/5b6c16e2a6d110d61b6baf79e311b485cd498965,The Sunshine Underground,31
3OoNpyvA82LedOZWG3WE8Z,jazz house,House & EDM,https://i.scdn.co/image/ab6761610000e5eb85118f06dd2d5f75e83148f6,Coeo,51
3OpnoUqoRIHWbsFs4Nw0NQ,vocal jazz,Jazz,https://i.scdn.co/image/ab67616d0000b2739a79b3c34293a7474e31ef1d,Nat King Cole Trio,51
3Os2NHPOwJ3559grrBt2j3,proto-punk,Punk/Hardcore,https://i.scdn.co/image/bd7aece37bc3343eca474a18c1133c21b29f37aa,The Tammys,19
3OsRAKCvk37zwYcnzRf5XF,downtempo,Ambient & Experimental Electronic,https://i.scdn.co/image/ab6761610000e5eb51998989b51d8bda6a7486f2,Moby,72
3OucMu53bbF9yGBcqI34ay,jazz house,House & EDM,https://i.scdn.co/image/ab6761610000e5eb654f1504231e06310f5b5a95,Magic In Threes,39
3Ovf2lytXSXWFM2cwsJACC,blues,Blues,https://i.scdn.co/image/249a0102184b63169aa476d3df2125b197c3523f,Lead Belly,40
3Ozlk0QQs9GxlkSlfyIkVs,noise music,Unlisted,https://i.scdn.co/image/ab67616d0000b273d08dff3e31e3e150b2508ad8,Consumer Electronics,9
3P2gYnypDVi90ZavnaAhfL,progressive rock,Rock,https://i.scdn.co/image/186a44f7dd7ffa213762b5c930e6bd447f6c79d5,The Mothers Of Invention,47
3P33qFNGBVXl86yQYWspFj,country,Country/Americana,https://i.scdn.co/image/ab6761610000e5eb09755e20882fa7f131d1c998,Martina McBride,58
3P3quzbMWdn5kalJUa6W5J,glam rock,Rock,https://i.scdn.co/image/ab6761610000e5eb1f50650b153662cfcb0679e7,Art d'Ecco,27
3PF1KBeHYb14yKgsiE693V,doo-wop,R&B/Soul,https://i.scdn.co/image/797b48d18fa6bc729bac71d44da595795c9e4943,Little Anthony & The Imperials,45
3PJ5IQEl5ZNkSXkYwm8fEP,Pop,Pop,https://i.scdn.co/image/ab67616d0000b2737183e6d9c3afb3f63230a4a4,Mate Peter,18
3PP6ghmOlDl2jaKaH0avUN,art rock,Alternative/Indie,https://i.scdn.co/image/ab6761610000e5ebb6ace408c5e1762b36061f23,"Black Country, New Road",59
3PR8u3Ep8ZGUdEgw53reQN,miami bass,Hip Hop/Rap,https://i.scdn.co/image/ab67616d0000b273e7f2dabf02981059752d93f2,Playa Poncho,26
3PhoLpVuITZKcymswpck5b,Rock,Rock,https://i.scdn.co/image/ab6761610000e5eb0dc33a1c53bb58a84b45d6a7,Elton John,84
3Ps27dDfvubd75rh5A0wz9,uk r&b,Unlisted,https://i.scdn.co/image/ab67616d0000b273ec4365cf678c4bc429d03049,Honeyz,34
3PyWEKLWI0vHPmoNrIX0QE,east coast hip hop,Hip Hop/Rap,https://i.scdn.co/image/8d38481927c46840efeda04eaf5cd617dc78f53c,Rakim,60
3Q0VPr02bPlokDVsv5T90I,idm,Ambient & Experimental Electronic,https://i.scdn.co/image/ab67616d0000b27382f2892ebdea3cb7f20cec56,Ceephax Acid Crew,26
3Q6OOkfssqoMSTtl11J5Uk,psychedelic rock,Rock,https://i.scdn.co/image/ab6761610000e5eb951e409476bb413c3d50a01d,Love,48
3QJzdZJYIAcoET1GcfpNGi,reggae,Reggae/Caribbean,https://i.scdn.co/image/f05f2667aac2bbccd9bf8fcc658b647533257f16,Damian Marley,71
3QNGoF6VzVNnkpjJDT3NHq,,Unlisted,https://i.scdn.co/image/ab6761610000e5ebe2b267d84fa2d1e67400df1d,Shayea,48
3QSQFmccmX81fWCUSPTS7y,Pop,Pop,https://i.scdn.co/image/ab6761610000e5ebd600f81d275d323eba617631,Dean Lewis,77
3QZKZBEmr54lAVI5XvmjnM,doo-wop,R&B/Soul,https://i.scdn.co/image/ab6761610000e5eb37e368b36ed346823cae7c82,The Coasters,51
3QcGV278a6mmLRTOK29WBP,Rock,Rock,https://i.scdn.co/image/ab6761610000e5eb4dc932abd84f977a7bd80d42,Robby Benson,45
3QcJwKyZRPKmz1evT92DPA,drum and bass,Bass Music,https://i.scdn.co/image/ab6761610000e5eb1d9da39898060a14b7d3b7f3,Dub Phizix,35
3QeUcfxQWae16K2zOaagyG,Electronic,House & EDM,https://i.scdn.co/image/ab6761610000e5eb1959ddc13e2fc3732a4494df,Jamie Anderson,13
3QgSmABpItIdj908ek80n5,Rock,Rock,https://i.scdn.co/image/80d6bb0b980dcf3043465c9bfaa49ca0edeb167a,Morphine,52
3QhNv79NoIvarU6N57GBzL,electroclash,House & EDM,https://i.scdn.co/image/ab6761610000e5eb00c5ff6ec17bc11956ee0405,Miss Kittin,46
3QmghTihReRudKflr4UlTe,Electronic,House & EDM,https://i.scdn.co/image/ab6761610000e5ebf5d25564436eb7d484a6f91e,Mayuko,7
3R2PskrehkwlPyDmz8OGq1,garage rock,Rock,https://i.scdn.co/image/e9d9b15654d3e95f09c723bab1deb041422160ac,Sic Alps,18
3R40AsTdJfrb2Tjma0IKKF,french jazz,Jazz,https://i.scdn.co/image/ab67616d0000b273ad8ce493cd4d30c311c94d62,Fapy Lafertin Quintet,19
3RGLhK1IP9jnYFH4BRFJBS,punk,Punk/Hardcore,https://i.scdn.co/image/ab6761610000e5eb2fc4d22f2e060511db2ae971,The Clash,72
3RKmmPVKEfB9q22gcPqyRi,techno,Techno & Trance,https://i.scdn.co/image/ab67616d0000b2738c9c64443d5f215fe1f66037,PUSHMANN,11
3RLTiPRfyM739vR6UnjxaN,rockabilly,Rock,https://i.scdn.co/image/ab67616d0000b273bf274bea62fd5ad2c840d49e,Backdraft,2
3RNrq3jvMZxD9ZyoOZbQOD,nu metal,Metal,https://i.scdn.co/image/ab6761610000e5eb29af2ffb6f4ddd6324f878bc,Korn,79
3RTzAwFprBqiskp550eSJX,baroque pop,Pop,https://i.scdn.co/image/ab6761610000e5eb18da36ab937c35a16339ebec,Harry Nilsson,60
3Rdkj77BOQHj5dTLveCJvI,alt country,Country/Americana,https://i.scdn.co/image/ab6772690000c46c055588de0be3d2931c5f88cf,Jim White,31
3RiRwS7amd2zQzIFyRzIa9,dub techno,Techno & Trance,https://i.scdn.co/image/ab6761610000e5eba223788a821a28f289b93458,Echologist,10
3Rj0tDHoX7C5NFq5DKIpHt,art pop,Pop,https://i.scdn.co/image/ab6761610000e5ebe5aecb2a4e2bff9782f9e2f2,Stereolab,56
3Rp3pcr8W9rhgF8YhHqplP,art rock,Alternative/Indie,https://i.scdn.co/image/ab67616d0000b2736737339eeb2d41cea0a134fb,Eno • Hyde,15
3RwQ26hR2tJtA8F9p2n7jG,motown,R&B/Soul,https://i.scdn.co/image/ab6761610000e5ebec212a39ffa4182a0fff4e3c,The Temptations,69
3RyJG8xp58XSmsiuIySzUj,anti-folk,Folk/Acoustic,https://i.scdn.co/image/ab6761610000e5eb615d26cb73ecd63546b93eed,Adam Green,36
3S0tlB4fE7ChxI2pWz8Xip,grime,Bass Music,https://i.scdn.co/image/ab6761610000e5ebbb2efc4fc976f6aae6a4291b,Giggs,63
3SMAz1YMpiHkDbyKkEXDJx,Rock,Rock,https://i.scdn.co/image/ab67616d0000b2734ba240e8754d2a786694c9a2,Marc Benno,34
3SMY2MGuaUOhuPpgRn6clw,baroque pop,Pop,https://i.scdn.co/image/ab6761610000e5eb97d5f351bdb62b892ff3cef4,Margo Guryan,47
3SMaI6j8ObewCWPQFwfvui,vaporwave,Ambient & Experimental Electronic,https://i.scdn.co/image/ab6761610000e5eb99864829877eca732355071f,Hype Williams,37
3SXwqSqAoBz9WCI9PDQzY6,post-punk,Rock,https://i.scdn.co/image/ab6761610000e5ebc4b9cd69cf77ce41487dd69a,Fontaines D.C.,74
3SZBUeVJfGLUpAPNEQbBKk,dub techno,Techno & Trance,https://i.scdn.co/image/ab6761610000e5eb35496241829bf7be46da147b,Ryan Elliott,19
3SblTU11ZKURsHhWGwPpt9,surf rock,Rock,https://i.scdn.co/image/ab67616d0000b273e48bbd657e0b2ad785eb7a7a,The Tornados,30
3Sz7ZnJQBIHsXLUSo0OQtM,indie,Alternative/Indie,https://i.scdn.co/image/ab6761610000e5ebc9aca5b6d4c528caf75e8a1d,Mac DeMarco,83
3T0CG1MKkAu9rxA2ezgyLC,bluegrass,Country/Americana,https://i.scdn.co/image/ab6742d3000053b7e41f1033a835a57a92332ead,The Soggy Bottom Boys,51
3TBfn8PtXr42OrTPaoC3E8,Rock,Rock,https://i.scdn.co/image/ab6761610000e5ebdc850d067e6bbfbb6409f69a,The Futureheads,40
3TGa5U9uBpIQXoI2emyXMo,hard house,House & EDM,https://i.scdn.co/image/ab67616d0000b2735e5659a7bb73273dd5b31212,Equinox,25
3TOqt5oJwL9BE2NG9MEwDa,metal,Metal,https://i.scdn.co/image/ab6761610000e5eb6823b6df396ecf49931e34a1,Disturbed,78
3TQ9JTBI2n2hfo7aRONEYV,old school hip hop,Hip Hop/Rap,https://i.scdn.co/image/ab6761610000e5ebad22596710969e658468b4c5,Sir Mix-A-Lot,69
3TQZvGxO2ZyyW9zlbkgDJO,,Unlisted,,Mike Berry With The Outlaws,0
3TScZ6zJkavDy0tqoGqiCf,Rock,Rock,https://i.scdn.co/image/ab6761610000e5ebd4adb40134d56caee462e5bc,John Grant,46
3TUYqYNCqgqeqkBZVyxEi6,christian country,Unlisted,https://i.scdn.co/image/1ef802e5684013c00ace96d983e56fa894e909c6,The Louvin Brothers,36
3TUmwNx3l8S2nCoGKqIhjA,rocksteady,Reggae/Caribbean,https://i.scdn.co/image/ab67616d0000b273c9e971b198c02cca93dcda37,The Ethiopians,40
3TVXtAsR1Inumwj472S9r4,rap,Hip Hop/Rap,https://i.scdn.co/image/ab6761610000e5eb4293385d324db8558179afd9,Drake,99
3TXQ1ddouwQAI78hV4hXDj,melodic techno,Techno & Trance,https://i.scdn.co/image/ab6761610000e5eb29bba14d1313c8a3f5818552,Maceo Plex,51
3ThpOWfEe64K79Zo34fuGp,traditional folk,Folk/Acoustic,https://i.scdn.co/image/ab67616d0000b273610b018b0ef494a3dd5b3fde,The Full English,17
3ThruzgFDRXO7rOL6LTG6B,techno,Techno & Trance,https://i.scdn.co/image/ab6761610000e5eb8bcd14d106f6bc8ace4a9d71,BØHM,8
3TxjIt5Qj9031vomAqmI03,miami bass,Hip Hop/Rap,https://i.scdn.co/image/ab67616d0000b2739824e429d4a156d49228383c,DJ Omega,14
3U09GBaLizWYmJGOPlPXra,dream pop,Alternative/Indie,https://i.scdn.co/image/ab6761610000e5eb8d4d589e98ad50635049e593,Childhood,24
3U0XKbJ77cRnBqD8dfo7EI,Rock,Rock,https://i.scdn.co/image/eec9b08e36f6f79cf980be0e812268e697969993,Wells Fargo,25
3U3C9o6UTYNdEsDckpRyvX,jazz fusion,Jazz,https://i.scdn.co/image/8de960fde28cad7306b1a7af5da461d24b95a1c5,Jaco Pastorius,43
3U8kEJwgJzKoAOpEsKZ3CT,jungle,Bass Music,https://i.scdn.co/image/ab67616d0000b273cd04167b595118e9790c34d9,MACC,12
3UHyuBA5qay3xcxFr3Z1Y9,vocal jazz,Jazz,https://i.scdn.co/image/ab6761610000e5eba142f7f1c09000eec00e081a,Rachael & Vilray,45
3UTz2VFgmrWXOG2M3w0ofM,gqom,World/Traditional,https://i.scdn.co/image/ab6761610000e5eb7f7e6c487dd996032c9219c0,T5UMUT5UMU,9
3UVRliakQfa1pMWIsNuiZ8,neo soul,R&B/Soul,https://i.scdn.co/image/ab6761610000e5ebc9d43ed95cf5550a1cb7aa43,Musiq Soulchild,62
3UY5C3tMwRiVd86KzSbMVS,drone,Ambient & Experimental Electronic,https://i.scdn.co/image/ab6761610000e5eb0a22ff04e11fcea4f2a15a37,Petit Singe,0
3UYegZ6o9aaL2UCOQeoAgI,miami bass,Hip Hop/Rap,https://i.scdn.co/image/ab67616d0000b273fd5be754b243028bb9a8b61a,Aux 88,20
3UaqlbNBzQzIYq0K1RMScu,Rock,Rock,https://i.scdn.co/image/ab67616d0000b2739750f3be736b8e267b514084,Los Rockets,23
3UbyYnvNIT5DFXU4WgiGpP,glam metal,Metal,https://i.scdn.co/image/ab6761610000e5eb1cc545458190efc44f48035f,Whitesnake,69
3UcqhHuevCjo9XHneXhoiD,,Unlisted,https://i.scdn.co/image/ab67616d0000b273d49c76ac6d8967b6eca6f7c7,Michael Olatunji,0
3UcvB0rDa44LfjsOO5Btfc,cool jazz,Jazz,https://i.scdn.co/image/ab67616d0000b273dd1c9ce9a91496b6b53e5370,Chet Baker Quartet,41
3UdoO8DiElu02b95ig57cC,dub,Reggae/Caribbean,https://i.scdn.co/image/ab67616d0000b2730b9ce7ef6017fd697b4b7685,Jah Shaka,31
3UgcksTtuB1Jnn8BrisEiC,nu jazz,Jazz,https://i.scdn.co/image/ab6761610000e5ebfe3e80d34bc9c79b6a401049,Emma-Jean Thackray,40
3Uitc0uNSbhVrqJON4NCMY,chanson,Pop,https://i.scdn.co/image/bc345badf4c9d4cccb1f74a0d3a8e9b8ffac8f6d,Michel Fugain,45
3UjZDptt2aZDIw2gKixdkM,Pop,Pop,https://i.scdn.co/image/ab6761610000e5eb8484b9541089cacd67fdc733,Yoshika Colwell,26
3UkN1XeK2D4wD4uhtJx4vb,space rock,Rock,https://i.scdn.co/image/ab6761610000e5eb8c198752495dfcc469d00fd2,SUUNS,36
3Ukr3Ufjg8ygRJv7Ww887f,grunge,Rock,https://i.scdn.co/image/ab6761610000e5eb7c8bb5704a37a593587ac2e8,Screaming Trees,47
3UmBeGyNwr4iDWi1vTxWi8,Rock,Rock,https://i.scdn.co/image/fa6a1c10a86a20e9d244f68dd392f491bfb93ddb,Gerry & The Pacemakers,53
3Un18X4NF1bpjgUk44lUzn,psychobilly,Rock,https://i.scdn.co/image/ab6761610000e5eb8c38168d68d9a68118381723,The Gun Club,43
3Uo7E7lR9Li0qXzxU8VmnF,chanson,Pop,https://i.scdn.co/image/ab6761610000e5ebdfc2631c8f15000c4f909f95,Vincent Delerm,46
3UpIbyXfGzmHG6TMH4dJEk,Rock,Rock,https://i.scdn.co/image/ab6761610000e5eba7a33e1bce1d8c9b6a173d6a,Aimee Mann,52
3Uqu1mEdkUJxPe7s31n1M9,art pop,Pop,https://i.scdn.co/image/ab6761610000e5eb3a4a51a2de2f195ae87216e4,Weyes Blood,60
3UvcmAOZt64oKpP95f6MMM,power pop,Rock,https://i.scdn.co/image/94e335f63929c46d54e0821c35123d3d399a1dc9,Big Star,46
3V4FPipSnuYjtHnnAw9cZd,post-punk,Rock,https://i.scdn.co/image/ab6772690000c46c73a9e30e240c71d11d2a4671,Pere Ubu,30
3VBt6nOfrVaEr3iRDXI6rP,philly soul,R&B/Soul,https://i.scdn.co/image/ab67616d0000b273ca71ca8fc76193e6a5d4777d,Universal Love,1
3VEG6gxFIMfl4Cdog26avS,jazz,Jazz,https://i.scdn.co/image/9ac6d198565813f217ef6ae116f7eee5ce5b67ef,Bill Evans Trio,57
3VKp2nVjdQRNVeRyuubIi5,post-punk,Rock,https://i.scdn.co/image/b2d4d8b575631ed0df8aca51e82a8cb928d51c36,Medium Medium,23
3VNITwohbvU5Wuy5PC6dsI,disco,Funk/Disco,https://i.scdn.co/image/ab6761610000e5eb69287c3f1b150bbead642499,Kool & The Gang,71
3VQfHuqrRK1CNXR1V8PeR9,classic country,Country/Americana,https://i.scdn.co/image/ab6761610000e5eb13c77c62014a3f88e9c51ced,Gene Watson,49
3VTEzcZu4Ws79ykrcbc4bc,hard techno,Techno & Trance,https://i.scdn.co/image/ab6761610000e5ebf50ff3606e22586e2dfbb2bd,Goncalo M,16
3VTNuQRp2wjrWzZX6CXxiy,proto-punk,Punk/Hardcore,https://i.scdn.co/image/7a373e70645bc2752d8716ae9c3aec7f281bf77d,The Monks,11
3Vq2jaIAqMDl7bKB3UcHTt,Rock,Rock,https://i.scdn.co/image/7249d5b09534e995c3c8852530e317955a28cd9b,My Latest Novel,5
3VwKSHAfgzV1DOHV0aANCI,Electronic,House & EDM,https://i.scdn.co/image/ab6761610000e5ebbecc71dfce49dd7304261813,TOKiMONSTA,52
3W4xM5XYtUp4ifYYPVKVdk,Rock,Rock,https://i.scdn.co/image/ab6761610000e5eb1e7eb0dfb10ca4d31a72c3e6,Grandaddy,49
3W9jGHrOdrrv01cVtRhZa7,southern gothic,country/Americana,https://i.scdn.co/image/ab6761610000e5eb44abea7d8b181af41b98ee06,Sam Lee,39
3WAkTbMThUvVRq5keECFtS,bluegrass,Country/Americana,https://i.scdn.co/image/ab67616d0000b273b413e5683e18fa11a06884a2,The Dillards,39
3WIw0mFbxrOjLgWSWu9OM8,son cubano,Latin,https://i.scdn.co/image/ab67616d0000b2737c1881ec338949e9fe49e404,Grupo Familia Vera,1
3WKDW1ASiWSa1T1nX01dUr,acid techno,Techno & Trance,https://i.scdn.co/image/ab6761610000e5eb778b4cb5c892d7457de3068d,Manni Dee,27
3WPt7OfKDirWGEDH9kHahw,surf rock,Rock,https://i.scdn.co/image/ab6761610000e5ebd9eb67119b0dce57e02b3438,Boyscott,48
3WUgJIBnfEx6RDG8XXNY5e,hard techno,Techno & Trance,https://i.scdn.co/image/ab67616d0000b27307fb59973125f4437dcbdb5e,DJ Ogi,10
3WaJSfKnzc65VDgmj2zU8B,indie rock,Alternative/Indie,https://i.scdn.co/image/ab6761610000e5ebc31f8e7aad462874455cf070,Interpol,65
3WbeZvDk1COiO2dEokZqn7,jazz funk,Jazz,https://i.scdn.co/image/ab6772690000c46cce17bb88489d99b88d3dca0d,Roy Ayers Ubiquity,54
3WggbHDpj4rPKbL97zG5MQ,post-rock,Alternative/Indie,https://i.scdn.co/image/ab6761610000e5eb65930d5d33164e03e26c0978,Tortoise,42
3Wok7FweiLrlia97LMCJh1,baroque pop,Pop,https://i.scdn.co/image/ab6761610000e5eb5f44ea76660df0a3b2722bdb,Bill Fay,33
3WrFJ7ztbogyGnTHbHJFl2,classic rock,Rock,https://i.scdn.co/image/ab6761610000e5ebe9348cc01ff5d55971b22433,The Beatles,87
3X0gDmx2ZgbRMSVhpvrkwG,boom bap,Hip Hop/Rap,https://i.scdn.co/image/ab67616d0000b273b141cb91b51ccb9ed18036b7,The Creators,11
3X4kL4NtRCFqr4knBIryWe,jungle,Bass Music,https://i.scdn.co/image/ab67616d0000b2739f079decbbd77bdf7fad920b,Cycle-One,13
3X6ixxUtf9bJr1aZbhFuia,dub techno,Techno & Trance,https://i.scdn.co/image/ab67616d0000b27396078cf30956b9ce86a5883f,Vainqueur,23
3X7yeRPAqw2O76f84A2r9U,classic soul,R&B/Soul,https://i.scdn.co/image/ab67616d0000b273587ab64e04b22b8abf8a71ab,Frederick Knight,22
3XHO7cRUPCLOr6jwp8vsx5,indie,Alternative/Indie,https://i.scdn.co/image/ab6761610000e5eb3fb5214e667e278a20878a6b,alt-J,71
3XHvzfKFZkSXEUiZE4WrIz,anti-folk,Folk/Acoustic,https://i.scdn.co/image/62116e668f48de61dfaa9d12e63e31876197a18e,Michael Hurley,42
3XJOMSlY6zru65ppsgAira,children's music,Novelty/Spoken Word,https://i.scdn.co/image/ab67616d0000b2731cac4fa143778a7e217c9a66,The Singing Kettle,33
3XOdjRVzH3ryTLNzRGLzhu,footwork,Bass Music,https://i.scdn.co/image/ab67616d0000b27345172d139905ca7322d7e25b,Boylan,23
3XYnsz11kFrkx8F3upvnE5,hard bop,Jazz,https://i.scdn.co/image/ab67616d0000b273d5134acf998be4a0012a2067,Red Garland Trio,43
3XqrfJz4OGYq5Ww5YRIfnR,uk garage,Garage & Breaks,https://i.scdn.co/image/ab67616d0000b27302344a2a7a16b26ad3de5e8f,Youngstar,16
3XsZjgYO83dSNppZzXlzFB,dub techno,Techno & Trance,https://i.scdn.co/image/ab6761610000e5ebf95069ac97cb1a8b68e17ab4,Norman Nodge,18
3Xt0yrWeurmp48fodXqMWf,classic country,Country/Americana,https://i.scdn.co/image/75828a8548bf92d4a53a70ff3547fec4fc27793f,Billie Jo Spears,45
3XxxEq6BREC57nCWXbQZ7o,vocal jazz,Jazz,https://i.scdn.co/image/ab6761610000e5eb5ea05545f2d4f1d5135da9df,Jamie Cullum,59
3Y10boYzeuFCJ4Qgp53w6o,Electronic,House & EDM,https://i.scdn.co/image/ab6761610000e5eb064aceda61eac4b617a9ad3f,Scissor Sisters,62
3Y3xIwWyq5wnNHPp5gPjOW,yacht rock,Rock,https://i.scdn.co/image/ab6761610000e5ebe5ade0d346536449c7a75b48,Kenny Loggins,69
3Y6Xd3ZOlhkroMrz1Bmo0Y,footwork,Bass Music,https://i.scdn.co/image/ab6761610000e5ebe1a4a97d54ade559bc004d03,DJ Earl,21
3YCKuqpv9nCsIhJ2v8SMix,worship,R&B/Soul,https://i.scdn.co/image/ab6761610000e5eb323706538095e6dc3d6392d1,Elevation Worship,79
3YDAsaNoDCLPEoBc59T62m,neoclassical,Classical/Orchestral,https://i.scdn.co/image/ab6761610000e5ebb26e53536a82e6136abd8bc8,Doug Thomas,23
3YJMzGjAm245zwJooY7PEj,neo soul,R&B/Soul,https://i.scdn.co/image/ab6761610000e5eb16ab6495d46466c342b03298,Chrisette Michele,62
3YQKmKGau1PzlVlkL1iodx,Rock,Rock,https://i.scdn.co/image/ab6761610000e5eb61a7ea26d33ded218cd1e59d,Twenty One Pilots,88
3YQdlHhWbhvV46g0bDtaFN,post-punk,Rock,https://i.scdn.co/image/ab6761610000e5eb7a3fb28229223e29407b723e,Mhaol,33
3YR92OLKlvkK5oKNekSqXe,yacht rock,Rock,https://i.scdn.co/image/ab6772690000c46c96ceaa84ab3afbae5650851d,Al Jarreau,56
3YSKQqV2uJpdbiiwowgOdD,entehno,World/Traditional,https://i.scdn.co/image/ab6761610000e5eba0c2a7d3294c74ef15df8f6f,Imam Baildi,42
3YcBF2ttyueytpXtEzn1Za,nu metal,Metal,https://i.scdn.co/image/ab6761610000e5eb83512923cb6ea021f8bb1b3b,Incubus,72
3YeRGjR8sa1PHjTUMjqsQg,classic country,Country/Americana,https://i.scdn.co/image/3f3642d76eac15dd93668f8de699bbf5ddc1b86c,Bob Wills,35
3YyZFf9ZN2YbkqeZia8zHX,east coast hip hop,Hip Hop/Rap,https://i.scdn.co/image/fb4140236f5c9502a1e58629a01677a80e510913,Brand Nubian,43
3Z02hBLubJxuFJfhacLSDc,Rock,Rock,https://i.scdn.co/image/ab6761610000e5eb9333e218db341b192817db03,Bryan Adams,79
3Z7thZHrtFvqp8OpPffPKp,big beat,House & EDM,https://i.scdn.co/image/e6b24e7bb959dc4a78c161c390d64ef3430a8c3a,Propellerheads,44
3ZGr7nQBXDU2WhyXgRVbt0,surf rock,Rock,https://i.scdn.co/image/ab6761610000e5eb21ebb7e4085f6c9765fbe9a5,Sticky Fingers,67
3ZHJIsD3uMwwjXlSpDzPtY,Hip Hop,Hip Hop/Rap,https://i.scdn.co/image/ab6761610000e5ebd2806be00ba281dd18fff181,Kojaque,37
3ZKUFIrYS6aAgIxu5AfTX5,Rock,Rock,https://i.scdn.co/image/ab6761610000e5eb8977507a0857c5c06c4ca993,Cloth,31
3ZKoKSGZu4rDSFXmS6loHK,breakcore,Bass Music,https://i.scdn.co/image/ab67616d0000b273e7d76377414a55db6cf63ca5,BAKGROUND,46
3ZKyADicHqelBDeADLutiu,Rock,Rock,https://i.scdn.co/image/ab6761610000e5eb5aa349a85ed95ae0f5ae37ac,Flyte,55
3ZSRiAJKs42ymp2KYA80Qh,folk,Folk/Acoustic,https://i.scdn.co/image/ab6761610000e5ebbbd9d9f2d40845b076adccb7,Eliza Carthy,27
3ZUZYvTkSr7kJQyAXVpqaL,hard bop,Jazz,https://i.scdn.co/image/ab6761610000e5eb2834a7a5ab9df5219a18ca3f,Donald Byrd,51
3ZWab2LEVkNKiBPIClTwof,americana,Country/Americana,https://i.scdn.co/image/ab6761610000e5eb4cf1d6f98f7f63b344337db2,Townes Van Zandt,55
3ZZHB1Xh2PM88QTMiqHB62,proto-punk,Punk/Hardcore,https://i.scdn.co/image/2704948faa539e47795627354cf0ff860206ec70,? & The Mysterians,40
3ZiYFrERRS4mDpRkhWUBto,idm,Ambient & Experimental Electronic,https://i.scdn.co/image/3ef5b81b39b73caf200e3c42f32df3afd510e1b4,Dalhous,6
3ZotbHeyVQKxQCPDJuQ4SU,east coast hip hop,Hip Hop/Rap,https://i.scdn.co/image/de7804e485499fb93165fb84bb6d655232c561e2,Q-Tip,62
3ZppcUE7tHnE6SzUR4ipSy,hard bop,Jazz,https://i.scdn.co/image/ab67616d0000b273a477f041fa2aed6ca30cbf8c,Booker Ervin,26
3a2bPqijV6I1SBKKK9ikMg,idm,Ambient & Experimental Electronic,https://i.scdn.co/image/ab6761610000e5eb7e375c45abdad873a3f6da01,Lukid,24
3a2kXRGfli8ijGwuMoGjzx,,Unlisted,https://i.scdn.co/image/ab67616d0000b273de1510df500d844afb62fad0,Dnd Back,43
3a4IiCnFeozUcEPbCREbII,shoegaze,Alternative/Indie,https://i.scdn.co/image/ab6761610000e5eb69a93a64281f8372317b3857,Gnoomes,13
3a9qv6NLHnsVxJUtKOMHvD,glitch,Ambient & Experimental Electronic,https://i.scdn.co/image/ab6761610000e5eb9b7ecb09bae3c89fde4cfbc7,The Glitch Mob,60
3ac1UBV3aHTPZ94T0PhfvS,liquid funk,Bass Music,https://i.scdn.co/image/ab6761610000e5eb363fb0307f48cef431e7cee2,Seba,40
3akltjIApuVkKnLP4XgHwC,free jazz,Jazz,https://i.scdn.co/image/ab6761610000e5eb22b4f1f5c632ff047423044c,Anton Toorell,4
3alW3LYQS8K29z8C8NSLIX,yacht rock,Rock,https://i.scdn.co/image/ab6761610000e5ebb1b2c372dd521ecc092b92ce,Barry Manilow,65
3ap1NzHNV9QA1x1V6z3gSe,Pop,Pop,https://i.scdn.co/image/f7945ee09b580668a7e617aebc28c0c17ffeae6e,Gene Pitney,46
3az1g48j9Di5hYOV6MJy8G,idm,Ambient & Experimental Electronic,https://i.scdn.co/image/ab67616d0000b273c8af334ae505d458581dcbaa,Valance Drakes,3
3b0YRaadaoMwK4STNVeHGF,Rock,Rock,https://i.scdn.co/image/ab6761610000e5eb3368e4fc0712ca30d19e2998,Keeley Forsyth,31
3b662TuiaH6pp7Ss8rvaoe,egg punk,Punk/Hardcore,https://i.scdn.co/image/44c0f3938c8ff67af02c7b050d6dd2ae1b43f6ad,Duds,6
3b6ysTydbblFCdiMelyLPB,neo-psychedelic,Rock,https://i.scdn.co/image/ab6761610000e5eb965fe635c250c0d31ea9dba8,Winds,3
3b8QkneNDz4JHKKKlLgYZg,country,Country/Americana,https://i.scdn.co/image/ab6761610000e5ebaa2d9bd207a62adc3edf6631,Florida Georgia Line,75
3b9LxiX2zs6VCevlXRBCP8,techno,Techno & Trance,https://i.scdn.co/image/27dd0beff41f1386a7b04f38e1738f14f4a02274,Drumcell,12
3bCvHtuIXWXPbCMdSYudmZ,Pop,Pop,https://i.scdn.co/image/ab6761610000e5eb402feaabb951c5b60c200601,Cilla Black,42
3bEpYwWXUX2TDMT2vdFuk4,minimal techno,Techno & Trance,https://i.scdn.co/image/ab6761610000e5ebefcb044dd6f89fc8d0198b0f,Allan Pillai,3
3bLzAF3aZB92MXb8ag0mlL,dub techno,Techno & Trance,https://i.scdn.co/image/ab67616d0000b2733aabbedc4bb00b2689d800a3,Cio D'Or,15
3bTrwZAKTLYI9zozCH6zxw,footwork,Bass Music,https://i.scdn.co/image/ab6761610000e5eb5f688277dc1f00da85795189,Heavee,17
3bUwxJgNakzYKkqAVgZLlh,britpop,Rock,https://i.scdn.co/image/ab6761610000e5eb44b03604cc7e3271aa5dbad0,Travis,63
3bg5rmICvmA8dmYVAdKGYH,idm,Ambient & Experimental Electronic,https://i.scdn.co/image/ab6761610000e5eb23103c4c9519854178be08e8,Actress,40
3bhCWiE3xoIbH70zy0nj7c,Jazz,Jazz,https://i.scdn.co/image/ab6761610000e5ebcb5c9e43c582c8e47a10650b,Gail Ann Dorsey,34
3boYwnYBHT4Ru1x7kfaZF2,techno,Techno & Trance,https://i.scdn.co/image/ab6761610000e5eb74d662c6267693babe2e42b5,Alexander Johansson,12
3bos36ZwyMSw7RdawbsTX3,acid rock,Rock,https://i.scdn.co/image/ab67616d0000b273adac9ec3ec77b7db4ff65d4b,Southwest F.O.B.,4
3c78RGXMpRW2lwP8NQeUQ2,Electronic,House & EDM,https://i.scdn.co/image/ab6761610000e5eb547965da11728c310dd97a7c,draag me,31
3cAGUcRbwsFHwKbJv8FT4T,garage rock,Rock,https://i.scdn.co/image/ab6761610000e5eb5f10cd29361b6f2413d4dd1d,Jay Reatard,35
3cNXZhzbQy5Xgzmi1eNqrh,hard techno,Techno & Trance,https://i.scdn.co/image/ab67616d0000b273cb6852eb2a81ba59b6b56879,Michael Burkat,13
3cR4rhS2hBWqI7rJEBacvN,musicals,Unlisted,https://i.scdn.co/image/ab6761610000e5eb446b2d505542a9424dfdfb16,Leslie Odom Jr.,75
3cYI92lguu78EDY6Gk98Bv,,Unlisted,,Margo Integer,0
3ccVtqcqedranb7y8eywJ5,indie folk,Folk/Acoustic,https://i.scdn.co/image/ab6761610000e5eb12205cb471ab2a38ac9f3bf2,Blanco White,62
3cePP77CX6XY9b0aigzrqh,Pop,Pop,https://i.scdn.co/image/ab6761610000e5eb64a52b61e3ee5f67b96fa8cf,BC Camplight,37
3cgO5CdhEHKMxldjZlP5ix,adult standards,Pop,https://i.scdn.co/image/ab67616d0000b273d2891e560fc2f97a5ab76d9e,Frankie Laine,43
3ch0LzjxQlAVk86MCugaZS,breakbeat,Garage & Breaks,https://i.scdn.co/image/d58058b856d8b57bb31675663fc8ad019917f2ad,Pessimist,14
3ciRvbBIVz9fBoPbtSYq4x,crunk,Hip Hop/Rap,https://i.scdn.co/image/aafc4156598fa9f8f052ec5687e648ba9120f07e,Lil Jon & The East Side Boyz,67
3cj0dHqghvK7EIUxcfXT7f,breakbeat,Garage & Breaks,https://i.scdn.co/image/ab6761610000e5eb8b57521cb3f6493981af0a06,Shedbug,10
3cqIsBnzV3BabbPWKz8Txf,glam rock,Rock,https://i.scdn.co/image/ab67616d0000b27379fb80e5cd7fbc8be0f08b9a,Mud,42
3cqmfTtaMptkIbkNHqg20j,"Folk, World, & Country",Folk/Acoustic,https://i.scdn.co/image/ab67616d0000b2734c9ae0b41fc7eeaf1046a319,Klezmer Nova,1
3csPCeXsj2wezyvkRFzvmV,idm,Ambient & Experimental Electronic,https://i.scdn.co/image/ab6761610000e5ebd5143e239460a4d3c722ffab,Orbital,52
3cwVFmQ6mcUoGR6ZvIPuZ4,jazz,Jazz,https://i.scdn.co/image/ab6761610000e5eb73753f065b66c415b5761c97,Nicholas Payton,38
3d1jQ9OG2p2PW3rzzTspDY,opera,Classical/Orchestral,https://i.scdn.co/image/6e844b849e1a6fa61b459650905912488e82830a,Giuseppe Sinopoli,49
3d1olqhURDe8e5HOta1Qxg,cajun,Country/Americana,https://i.scdn.co/image/c29f9fb08a078ef6fcbcbb4d0993355ae2277fe9,The Neville Brothers,44
3dBVyJ7JuOMt4GE9607Qin,glam rock,Rock,https://i.scdn.co/image/ab6761610000e5ebf62b3bc8013ebf6e99b255ce,T. Rex,63
3dDUEkWS8vRntkXwGSI2dr,noise rock,Alternative/Indie,https://i.scdn.co/image/ab6761610000e5ebeeb13d6be2feb10e0087784f,Shit And Shine,16
3dE92yGWcrboP1kC5SWyqu,chicago house,House & EDM,https://i.scdn.co/image/ab6761610000e5ebf63b298ebe9513d6c7917fd9,Todd Terry,64
3dH7ZRgXMUUsJrhHeDPftx,Funk / Soul,Funk/Disco,https://i.scdn.co/image/ab6761610000e5ebf2421ee8084e87fac812cf05,Willie Wright,35
3dHNduEqqeZGIjcF8p7wgl,krautrock,Alternative/Indie,https://i.scdn.co/image/ab67616d0000b273692e9262345e67f8804525ff,DIE VERBOTEN,6
3dKjmeRZcSUw617CoMzEA0,grime,Bass Music,https://i.scdn.co/image/ab6761610000e5eb00022927242473eb50b45493,Nafe Smallz,60
3dQkx1qvvxbaztrIztQeRL,Rock,Rock,https://i.scdn.co/image/ab67616d0000b273b7bac595c5d6076e428685c5,Ratso,23
3dRfiJ2650SZu6GbydcHNb,soundtrack,Soundtrack/Instrumental,https://i.scdn.co/image/ab6761610000e5eb86b13e4d2e65ebf694384ef4,John Williams,73
3dYplmcYMCl0H5ziKtwdIT,Electronic,House & EDM,https://i.scdn.co/image/ab67616d0000b27329f5bc7081797f6213c08672,Madalyn Merkey,6
3dds88EVSeBgkPCJ47ZzRZ,dub techno,Techno & Trance,https://i.scdn.co/image/e41153762cc0a3e33cd6059c5370077d0b72fdfc,Shed,34
3dj0KjG7ZqNbMfbe2BVI4H,bluegrass,Country/Americana,https://i.scdn.co/image/ab67616d0000b2739162bc1e83f2f68a79beeb8b,Reno & Smiley,20
3dkbV4qihUeMsqN4vBGg93,soul,R&B/Soul,https://i.scdn.co/image/ab6761610000e5eb95368fba7c1ebfeb929dcbdf,Al Green,70
3dmSPhg0tdao8ePj4pySJ5,baroque pop,Pop,https://i.scdn.co/image/ab6761610000e5ebda14e9addaecc34837650cf8,Tindersticks,46
3dv4Q4q3LWOnbLJnC6GgTY,bedroom pop,Pop,https://i.scdn.co/image/ab6761610000e5eb1c9110bde524edfc6569f7bf,Yellow Days,48
3e7awlrlDSwF3iM0WBjGMp,Funk / Soul,Funk/Disco,https://i.scdn.co/image/ab6761610000e5eb08cd53940cbf5813ee5fe565,Little Mix,76
3eD1hrRRxWBwPsG92vTnht,glitch,Ambient & Experimental Electronic,https://i.scdn.co/image/008b15bc2f718df427b634d08dca411a0b6a9a5c,Mika Vainio,36
3egGg0DkCVYwuDmtwzIbDs,Electronic,House & EDM,,0=0,0
3eqjTLE0HfPfh78zjh6TqT,Rock,Rock,https://i.scdn.co/image/ab6761610000e5eb81df2fa2f937029ec986bbb8,Bruce Springsteen,79
3eqv9LW7ZXlYWXVFjHS4Mr,classical,Classical/Orchestral,https://i.scdn.co/image/5a2029afda5dbb7a5128e61a822a746d9a8b3a02,Joaquín Rodrigo,50
3eskO5m0H4yiF64vRySBjr,folk rock,Folk/Acoustic,https://i.scdn.co/image/b701ba75981d0b9aeef036b9fab4e3c96609e364,Buffalo Springfield,64
3eyyNHkVEK4Hy9Qnw7i13W,,Unlisted,https://i.scdn.co/image/ab6761610000e5ebfda28e11bcf80c0f50b119c3,Cinzia & The Eclipse,25
3f0kobRhjLIHJna3UsEqim,hard house,House & EDM,https://i.scdn.co/image/ab6761610000e5eb1becbb0f5efab29525891c28,Clouds,48
3f5fB1YUbkUnW7cf7I0R48,old school hip hop,Hip Hop/Rap,https://i.scdn.co/image/9165a299c5518f696ae5ba3e9d83d867ea54323b,Geto Boys,55
3f626JSVauIhTQgatsFcs4,Rock,Rock,https://i.scdn.co/image/dcb34e63f8e5ae522200543856050a4b52c1d04c,Paul Williams,52
3fBmq4xVcd346QvErp6fko,post-punk,Rock,https://i.scdn.co/image/ab6761610000e5eb40ceee644f0013a436711a54,The Pop Group,23
3fCQnw6VSudXBTN5d2QP2z,Pop,Pop,https://i.scdn.co/image/ab6761610000e5eb7ddb04387d61f44573b82959,Gary Lightbody,54
3fI3Z6NnYoeSQjcqPQDbM4,techno,Techno & Trance,https://i.scdn.co/image/ab6761610000e5eb9eec69c401f621774d39fefc,Len Faki,37
3fJ60AcIgLzQkVitEvA7uq,east coast hip hop,Hip Hop/Rap,https://i.scdn.co/image/f206b28b49faedc145f993eec554cb03055f7fd8,Pete Rock & C.L. Smooth,49
3fMbdgg4jU18AjLCKBhRSm,Electronic,House & EDM,https://i.scdn.co/image/ab6761610000e5eb997cc9a4aec335d46c9481fd,Michael Jackson,87
3fWTFntAThCp6vaoGjD71D,Electronic,House & EDM,https://i.scdn.co/image/ab6761610000e5ebcbefd4e8b3fcf1b37a11d5e7,Enfant Sauvage,45
3fhOTtm0LBJ3Ojn4hIljLo,glam rock,Rock,https://i.scdn.co/image/ab6761610000e5eb35572c81290a3e3d4a0906e3,Roxy Music,63
3fiFznyE9dPhAnc8sERV9S,techno,Techno & Trance,https://i.scdn.co/image/7bfed6d3fa6f9297687667abe0c799d8a65c12cd,Tadeo,10
3fkHK8NOb6RPNbD8WfrLkU,,Unlisted,https://i.scdn.co/image/ab6761610000e5eb345978e7b91873a6c02ad05c,Leaders of Technology,14
3frJniZNsChzTgI37gT54C,Rock,Rock,https://i.scdn.co/image/ab67616d0000b273b8b1dd5743a38dc5000ae6a4,The Quarrymen,34
3fwPbUnAOAhzd60TyDfE8t,italo disco,Unlisted,https://i.scdn.co/image/ab6761610000e5eb43e4dc6e373b8fa8e13600ff,Piano Fantasia,47
3g2kUQ6tHLLbmkV7T4GPtL,art pop,Pop,https://i.scdn.co/image/ab6761610000e5ebf178cbda9bd9a389581ff021,Fiona Apple,66
3g4Os4LNZvOQUaokeSLCwG,Pop,Pop,https://i.scdn.co/image/fcf2a9bb95c157eb161f21f997d79ae4c2a53d7b,P.J. Proby,25
3g4YzG9zXMXivUfh9xASEU,Rock,Rock,,Nasty Bits,8
3g7CYgIAN21cwqiY48BY50,,Unlisted,https://i.scdn.co/image/005a986996e4f31b0a07f8459b612fd30f5c36e7,MGUN,2
3gC7LaZ8xY5nqYmeMGlx1o,jungle,Bass Music,,Fracture & Neptune,0
3gIH8tsuSEzETOoazmNNXE,jazz blues,Jazz,https://i.scdn.co/image/ab67616d0000b273c396495bb1683c87b534f775,Sant Andreu Jazz Band,32
3gMaNLQm7D9MornNILzdSl,motown,R&B/Soul,https://i.scdn.co/image/ab6761610000e5eb002684808eb17d8b3645b57c,Lionel Richie,73
3gSfOAPCvsDDVDBeSLl9v6,Rock,Rock,https://i.scdn.co/image/ab6772690000c46c3681e65e2dbd1eb30bdc4691,Scout Niblett,31
3gWCyDXBTtfmQX85ygoyPj,ragtime,Jazz,https://i.scdn.co/image/ab67616d0000b27360089360aad4e03acae69587,George Lewis,15
3gY33YyX0dYgugN0Smz35w,Electronic,House & EDM,https://i.scdn.co/image/0097031671555b8df057e72cf2d152ae79af5115,Reckonwrong,6
3gd8FJtBJtkRxdfbTu19U2,folk,Folk/Acoustic,https://i.scdn.co/image/ab6761610000e5eb22f0413399a2275174f909b4,Mumford & Sons,76
3gdbcIdNypBsYNu3iiCjtN,new wave,Pop,https://i.scdn.co/image/ab6761610000e5eb85c1d77e63082caf426f6d59,The B-52's,64
3gkX03yW2WrvcDMp04TKjN,electro swing,Funk/Disco,https://i.scdn.co/image/ab6761610000e5eb776a8c77578113a17b90be14,The Young Punx,40
3gmX5TSkgW4iu2dm71QzWr,nu jazz,Jazz,https://i.scdn.co/image/ab6761610000e5eb763f3f5726e081808c6bc5d1,Move 78,42
3gnrmLahFhVXRI9DA1MImH,Rock,Rock,https://i.scdn.co/image/ab6761610000e5eb277ade0623b77f8e1a26040b,We Were Promised Jetpacks,44
3gqqyAsMBj22JNd5zPx2cY,dub techno,Techno & Trance,https://i.scdn.co/image/c2c81072cbbe02a1913d3a3ebf31f03ffdf787f4,Luigi Tozzi,30
3gsBHfj2Ps8IiXEPSexY0Z,shoegaze,Alternative/Indie,https://i.scdn.co/image/ab6761610000e5eb10a5e4da25cf451b821d2bdb,Flyying Colours,31
3gvT4Mc7kn54IUy08Y0Tr5,Rock,Rock,https://i.scdn.co/image/ab6761610000e5ebd744c7eb0d2e0a922c367f5d,Sam Brown,44
3hMTYaexWgGkXqvbkt6EIS,dubstep,Bass Music,https://i.scdn.co/image/ab6761610000e5eb7622a0af2c09ddd1b187f121,Chime,42
3hXDMlrPegHRO0zUvBsRSI,jungle,Bass Music,https://i.scdn.co/image/770a92d88d2f4f3e097c08f70c6dc7d305cd6bb1,Photek,39
3hY7jnks2m5g2JAUCw4avu,shoegaze,Alternative/Indie,https://i.scdn.co/image/ab6761610000e5eb66bd71c87992caa9fb2725de,Engineers,20
3hZYcnuncZYCJzqO9pwpAK,drumstep,Unlisted,https://i.scdn.co/image/ab6761610000e5eb44012660746ab8527779032a,Shades,32
3haVJx9TUcufYl1rPyH0iv,neoclassical,Classical/Orchestral,https://i.scdn.co/image/ab6761610000e5ebb99cd33bb8a19daeca9c4de2,Peter Broderick,46
3hb2rYbbTMlvmd42CCH3kJ,choral,Classical/Orchestral,https://i.scdn.co/image/ab6761610000e5ebad3cbf281744a4b1b0e01305,Christian Forshaw,33
3hciB8bkQeECakkTWmrPEH,Electronic,House & EDM,https://i.scdn.co/image/ab6761610000e5ebeecf2547ccb62e1b29a04123,San Proper,18
3hfYldW3pHuFSCiZz8qgdm,,Unlisted,https://i.scdn.co/image/ab6761610000e5ebc0148769d1f3c500bc33e945,Acid Rezerver,0
3hjBVvW03HcmXfKUipv1Fx,idm,Ambient & Experimental Electronic,https://i.scdn.co/image/1cbd1a9057712a66ca74e4dd121d738df532c6d8,Aleksi Perälä,35
3hv9jJF3adDNsBSIQDqcjp,Electronic,House & EDM,https://i.scdn.co/image/ab6761610000e5eb105cc9628c315b29d299fbb4,Mark Ronson,78
3hwmrS8MSceZwnZYvZFf97,dub techno,Techno & Trance,https://i.scdn.co/image/ab6761610000e5eb7010aefba5c5cd28d79a8fcd,Move D,38
3i7IUsb5VsiJAKqX2Md9Fc,jazz rap,Hip Hop/Rap,https://i.scdn.co/image/ab6761610000e5eb3780cd199653bbfefb29d6a2,Jonwayne,38
3i9hP422d2KMjaupTzBNVS,proto-punk,Punk/Hardcore,https://i.scdn.co/image/f402a6f11640da67e60e19ae7c64b472929f80ed,The Spencer Davis Group,53
3iAhNz3e31lBuXYOsqGsf3,uk drill,Hip Hop/Rap,https://i.scdn.co/image/ab6761610000e5eb437ee39e7b3183d544f5b6c6,Unknown T,57
3iBuBivHItWMpdiVmLT0uB,Pop,Pop,https://i.scdn.co/image/7028ef2814990e38fee3068a199f51e60d8ed5be,The Sandpipers,41
3iJJD5v7oIFUevW4N5w5cj,art pop,Pop,https://i.scdn.co/image/ab6761610000e5eb3cfb09a7764e1ad77e323c18,Arthur Russell,48
3iMozaeGTQdXmYiqmYGFr7,hard techno,Techno & Trance,https://i.scdn.co/image/ab67616d0000b27337cf5d8aeb3d3ea659dd4294,Eric Sneo & Sascha Kron,0
3iNbmUx7BVyABcaTB4v2qQ,Pop,Pop,https://i.scdn.co/image/ab67616d0000b273a2fb3b629053e8964bda578f,Arthur Askey,16
3iOE5ItEv5xr9fmKi7GNh2,doo-wop,R&B/Soul,https://i.scdn.co/image/3add332d7ef9f0855a63ee080e42149a34c84084,Lloyd Price,43
3iUjRVvYCsMfz7tuAQtBDI,synthpop,Pop,https://i.scdn.co/image/7f7c148c63392c52c2ad5e57558fddf3b99caef6,Ultravox,55
3ib3ECT421EXd8CNLfNqAL,idm,Ambient & Experimental Electronic,https://i.scdn.co/image/ab6761610000e5eb4c2451b21988763068b6edd1,Pye Corner Audio,38
3ikKyCOrsMeANi0d5u8BCR,experimental hip hop,Hip Hop/Rap,https://i.scdn.co/image/ab6761610000e5ebb20bf85584c0ac131307fda6,TOBACCO,42
3inCNiUr4R6XQ3W43s9Aqi,alternative rock,Alternative/Indie,https://i.scdn.co/image/ab6761610000e5eb35283cbedbca28171d8a63f9,Pavement,62
3ipn9JLAPI5GUEo4y4jcoi,southern hip hop,Hip Hop/Rap,https://i.scdn.co/image/adcc1cb654e89f2e404688ae0d1bbc942ce02e5d,Ludacris,80
3j7qT7OdjOJBQTkJS5jwtd,Jazz,Jazz,https://i.scdn.co/image/ab6761610000e5ebf5511801f0f3bda4f4c54843,Volodja Brodsky,30
3j7teie3p6UnbA8nW51Trz,chicago house,House & EDM,https://i.scdn.co/image/29dd50d9a51002524ea2354c9fed0b5ec34b8ae6,Larry Heard,38
3jAdN6k0KlW1X48AUizxn4,experimental,Ambient & Experimental Electronic,https://i.scdn.co/image/ab6761610000e5ebd9fc9bb9537160f6b4d94f33,Drew McDowall,23
3jFTMxWP6at3FioQqFGmjC,experimental,Ambient & Experimental Electronic,https://i.scdn.co/image/807537bdb74d8256c8fca08e222d609ba8ef064a,David Toop,14
3jLCHiuXBTGEEku37TsobP,neo-psychedelic,Rock,https://i.scdn.co/image/ab6761610000e5ebf821dbdb88fca4819340c25e,Deradoorian,30
3jOstUTkEu2JkjvRdBA5Gu,alternative rock,Alternative/Indie,https://i.scdn.co/image/ab6761610000e5eb3cd35451daa1b690cfbbb2d4,Weezer,77
3jQ8hpdQo3TCEnb5gmOtH5,Electronic,House & EDM,https://i.scdn.co/image/ab6761610000e5eba454af2e4ae2cbf2dc7471ae,Erol Alkan,37
3jRUNsEZI2Zb06hF326tBX,post-rock,Alternative/Indie,https://i.scdn.co/image/ab6761610000e5ebad822fb2a573186ef6c99770,Quade,18
3jVMgT4X7YeuYE4aludcmE,doo-wop,R&B/Soul,https://i.scdn.co/image/ff5eaa5713733ddb50125d40fb7ddf0b42465533,Phil Spector,24
3jc496ljiyrS3ECrD7QiqL,flamenco,World/Traditional,https://i.scdn.co/image/ab6761610000e5eb0021ec9649c85befdf9cc4a9,Gipsy Kings,69
3jisZjR3TBVb9tIfTbRHTS,techno,Techno & Trance,https://i.scdn.co/image/ab6761610000e5eb7ffe994564fe75ed0c189313,Oscar Mulero,31
3jq7LYiltPW7hbDsjpgE4F,folk,Folk/Acoustic,https://i.scdn.co/image/ab67616d0000b2738539671e376add592e97bfb4,Shelagh Mcdonald,17
3jrgftS3TYbNxcPt5itKhz,yacht rock,Rock,https://i.scdn.co/image/cd92039e46c27141172de070dc596470badc756c,Robbie Dupree,50
3k4cM3bQWxj2yV0rL498m1,ambient folk,Folk/Acoustic,https://i.scdn.co/image/ab6761610000e5eb7ec72a9cbbdf8fc9afdcf903,Calming River,5
3kGhAL9j1WyNjNkWTRQd8T,dream pop,Alternative/Indie,https://i.scdn.co/image/3b7f3bcbc45c01cfcd3e8caae7f45b0fe776d6b1,Atlas Sound,32
3kbBWco9PZ5eSQsNScwG6U,indie rock,Alternative/Indie,https://i.scdn.co/image/ab6761610000e5eb975437d5a8604ae63aa4f310,Built To Spill,52
3kc5AFnL1TQQdNaMdSW2UO,dancehall,Reggae/Caribbean,https://i.scdn.co/image/ab6761610000e5eb0ea0e4ee372ad94cf9ae724a,Wayne Wonder,54
3kekxNoUNHgl8dXW3yjC8a,jungle,Bass Music,https://i.scdn.co/image/ab6761610000e5ebf21ceacb85d3376bc573bd63,DJ Die,31
3khg8RDB6nMuw34w1IHS6Y,post-rock,Alternative/Indie,https://i.scdn.co/image/ab6761610000e5ebb918a33f006ee9d457b74ab7,Jónsi,54
3koiLjNrgRTNbOwViDipeA,motown,R&B/Soul,https://i.scdn.co/image/cf79bd3e5c787e2ec152eeb1ea5538b0d4cf1434,Marvin Gaye,76
3kqYF4IwrAOEW0xuoRJrW9,miami bass,Hip Hop/Rap,https://i.scdn.co/image/ab67616d0000b2732916047289c69139cd3cc63a,Raheem the Dream,23
3kx1S2P2Qq3a9bG4DGsAjR,shoegaze,Alternative/Indie,https://i.scdn.co/image/ab6761610000e5eb39e346ae68214260e1e359da,A Place To Bury Strangers,37
3l14gV4hIMAjmo7KUvEWTx,britpop,Rock,https://i.scdn.co/image/e1209352f7da3a0bbfb9f14ec839a4042358a1ad,Elastica,46
3l4KRYpmsVgAvXxjo7SF1b,ragtime,Jazz,https://i.scdn.co/image/ab67616d0000b2734db4c904d6990510d15205ed,Veterinary Street Jazz Band,11
3lBdOoLNX9NzPPEexlrmdg,folk,Folk/Acoustic,https://i.scdn.co/image/ab6761610000e5eb5f5fccb2916a3df6f32a73cc,Anne Briggs,29
3lJoRDjlvFXZLvSRVeM6m8,techno,Techno & Trance,https://i.scdn.co/image/ab6761610000e5ebd110378165a5c1d2fbc10746,Chlär,37
3lKHlBiM6NdmkAOvlpoTyp,chanson,Pop,https://i.scdn.co/image/ab6761610000e5eb365b26ae9a448ca3046bfa4b,Berry,37
3lN70MoiO9u6b95CsTeB1J,breakbeat,Garage & Breaks,https://i.scdn.co/image/ab6761610000e5eba20df74de6f26d3ca70bcecc,Pearson Sound,30
3lPQ2Fk5JOwGWAF3ORFCqH,classic rock,Rock,https://i.scdn.co/image/ab6761610000e5eb39cf2e0c338c08d5b8350053,John Mellencamp,67
3lbzbbtoq31WIRghjdBuuf,dub techno,Techno & Trance,https://i.scdn.co/image/ab6761610000e5ebeb2ee913a3d080d436e52916,DJ Deep,23
3lcbKPLl0ci2mKRdcP5Etf,Electronic,House & EDM,https://i.scdn.co/image/ab6761610000e5eb6b39f52303c25dbf9bbeb30b,M People,51
3lmR0qMiGuoIF9UC54egcG,ambient folk,Folk/Acoustic,https://i.scdn.co/image/ab6761610000e5eb642f1b437166dec05ad41729,Aldous Harding,48
3lnWfdMG9U0oVMC15SEbB5,post-punk,Rock,https://i.scdn.co/image/ab6761610000e5eb608ef2fc815ff64ad02829d4,BODEGA,36
3loACRmkzdtOMNJEaB6j8L,folk,Folk/Acoustic,https://i.scdn.co/image/ab6761610000e5eb386067d241fbc8ac18c1e89f,Loudon Wainwright III,46
3loflELg7MzgrOyNqERolN,Electronic,House & EDM,https://i.scdn.co/image/c05ebc15af06d7750c149d43b7490db7c1d1b3fc,The Style Council,52
3ltVUR5mzyaLZMoCdo26qT,acid rock,Rock,https://i.scdn.co/image/5ee4cfde781ae7fdeaf048bbb46583d5584c9a31,Noel Redding,8
3m5hegxlB80Z2zQb1893pc,philly soul,R&B/Soul,https://i.scdn.co/image/0729e1f110b96ac6b9113b4c87998afd40fd06c4,Loleatta Holloway,50
3m7Ej9zfNto7JOsjKsYhEr,neo soul,R&B/Soul,https://i.scdn.co/image/ab67616d0000b2738b669367dd770eec5e9ab345,The RH Factor,45
3mC1KCuZZSOlN8Z0M56VsV,northern soul,R&B/Soul,https://i.scdn.co/image/6c0e887c5535b9143565e1e13186326b1a62cd16,Dobie Gray,53
3mHW156q5j1Zh0rEgIijxG,minimal techno,Techno & Trance,https://i.scdn.co/image/ab6761610000e5eb5d7de9b43aaaabddb57cf20d,Marcel Fengler,19
3mNygoyrEKLgo6sx0MzwOL,gnawa,World/Traditional,https://i.scdn.co/image/0d183847042a7c6e27c04f21fbe2273d63d03e50,Ali Farka Touré,51
3mQBpAOMWYqAZyxtyeo4Lo,disco,Funk/Disco,https://i.scdn.co/image/ab6761610000e5eb5b9b91f430a06b8094efcbda,KC & The Sunshine Band,69
3mRdWhXS0ujP6WUjpOiHB1,acid techno,Techno & Trance,https://i.scdn.co/image/ab67616d0000b2735a519c685a5c91522840018f,Tensal,19
3mSAqBoXQgdlpwzWsIgBzL,classic country,Country/Americana,https://i.scdn.co/image/ab67616d0000b273915793347f4c2890b967552c,Merle Haggard & The Strangers,53
3mVWMgLc7bcyCBtL2ymZwK,Rock,Rock,https://i.scdn.co/image/ab6761610000e5ebfd5d2a0d6c50f6586e34eaf5,The Arcs,47
3mY9Ii0cL5SQxpOTAm8SHx,singer-songwriter,Folk/Acoustic,https://i.scdn.co/image/ab6761610000e5ebcb844c45233a84f9f81c9ec4,Warren Zevon,57
3mYbIK47UNTYkexhqoJOBN,uk funky,Bass Music,https://i.scdn.co/image/ab6761610000e5eb12ad4fd278a14ad4e781c7a1,Ploy,20
3mZqziCJj4pq3P2VBpmK6p,new rave,House & EDM,https://i.scdn.co/image/ab6761610000e5eb0dc9b2da8529ee1bda8fe04b,Friendly Fires,42
3mbE8KcHOtqusTu843P6Am,Jazz,Jazz,https://i.scdn.co/image/ab6761610000e5eb0cb466d48e6e0ca936bcc415,Joe Stilgoe,26
3mbVe260Kgvs1P8YFcCyY7,britpop,Rock,https://i.scdn.co/image/fa8d9223b4c396efdde9eaf8771ae6e11bbdd632,The Seahorses,39
3mdrgtEX1xhiauu3Pn06LL,latin jazz,Jazz,https://i.scdn.co/image/218a701cddd6163e187762c9f41200da14aeadc2,Machito,34
3mv2eHwrIONSkviASDMRMa,alt country,Country/Americana,https://i.scdn.co/image/ab6761610000e5ebed168730518f7d44055c329a,Califone,30
3mvkWMe6swnknwscwvGCHO,idm,Ambient & Experimental Electronic,https://i.scdn.co/image/ab6761610000e5ebc2a1fce6cff99142dd2ad808,Amon Tobin,46
3n085fYvqy1xgFEA0gjjFx,,Unlisted,https://i.scdn.co/image/ab6761610000e5eb62a09f26b257dd997e76a3c8,Redkattseven,50
3nEjuIPTCFh3LJl1kXA6nb,nu jazz,Jazz,https://i.scdn.co/image/ab67616d0000b273ba5f47c302b2bb924beeec55,Yisrael Trio,0
3nFkdlSjzX9mRTtwJOzDYB,hip hop,Hip Hop/Rap,https://i.scdn.co/image/ab6761610000e5ebc75afcd5a9027f60eaebb5e4,JAY-Z,86
3nO1K3saAuSThsVWi1uxGF,Rock,Rock,https://i.scdn.co/image/ab6761610000e5eb16001f1e26355c8a984eea03,Marinero,22
3nTp46BPWuUUhBV6GXQiY6,egg punk,Punk/Hardcore,https://i.scdn.co/image/ab6761610000e5eb09ec60c768d2728febaf6003,The Spits,36
3ncDyHYxhRHGYUqdTefNeJ,swing music,Jazz,https://i.scdn.co/image/ab6761610000e5ebdfd335fca81116d2e991adad,The Big 18,19
3ngKsDXZAssmljeXCvEgOe,Rock,Rock,https://i.scdn.co/image/ab6761610000e5eb14a2242841c9c7376b19f087,Eagle-Eye Cherry,62
3niqfoc7C6lIeCNVz8iZYE,Rock,Rock,https://i.scdn.co/image/ab6761610000e5ebb24e1914e0003ab74fbcacc3,Framing Hanley,44
3nnQpaTvKb5jCQabZefACI,Rock,Rock,https://i.scdn.co/image/67779606c7f151618a28f62b1d24fb514d39dacf,Jeff Buckley,77
3nohf4qILMr5aUSOsolwxB,christmas,Jazz,https://i.scdn.co/image/ab6761610000e5eb8052942f8278eb35263fbecf,Jona Lewie,36
3o1cwVQfiDWafhYA02k13C,italian trap,Unlisted,https://i.scdn.co/image/ab6761610000e5eb21e6c818fa5506891944a779,Crookers,60
3o6gCgtr2nVeWrLZPUSZY8,rocksteady,Reggae/Caribbean,https://i.scdn.co/image/ab67616d0000b273b3ce9451d46f4527e2be9191,Norma Fraser,19
3oAbjWINfcTSAuVUlXXMty,singer-songwriter,Folk/Acoustic,https://i.scdn.co/image/ab6761610000e5eb435c0c8dbd72af2a4c632d47,Steve Forbert,46
3oBqUqRBY1Ish0n1fHxeu2,,Unlisted,https://i.scdn.co/image/ab6761610000e5eb51fa0b096d79ee790938451e,Lil Big Stack,47
3oDbviiivRWhXwIE8hxkVV,baroque pop,Pop,https://i.scdn.co/image/ab6761610000e5eba6132f35731872a047c7588f,The Beach Boys,74
3oFRpiLvaflFOVNxvsLrze,power pop,Rock,https://i.scdn.co/image/9a86a202d13fe332f61dd0d6447d87f41a17b2bc,The Records,23
3oKRxpszQKUjjaHz388fVA,indie soul,R&B/Soul,https://i.scdn.co/image/ab6761610000e5eb3f64ee564d3617f6a764f933,Parcels,74
3oLTaC5QBOH96VbxMAafpZ,post-punk,Rock,https://i.scdn.co/image/ab6761610000e5ebb209ed6550f3bbd43f2dc08c,Courting,33
3oVcF3VdpMuvMvLLyHPT4t,americana,Country/Americana,https://i.scdn.co/image/ab6761610000e5eb5194bc95cebcc1215919418e,Sierra Ferrell,67
3oY7VC1i7SwfO1EhOIlc0t,vocal jazz,Jazz,https://i.scdn.co/image/ab6761610000e5eb2d46b05dd0034b5b1ee89758,Rebekka Bakken,34
3oYQrBzEQNpxnjWXP54B4n,musicals,Unlisted,https://i.scdn.co/image/ab67616d0000b27312db32f7e08a1bfb4ace303b,Brian D'Arcy James,50
3oi0s3WIuxBU5oh87n7za2,acid house,House & EDM,https://i.scdn.co/image/ab6772690000c46cda1a82aacba9f2efcd41d7e2,Psychic TV,36
3oiHvTgHiMnQ4YHvWjI4q8,chillstep,Ambient & Experimental Electronic,https://i.scdn.co/image/ab6761610000e5ebd866e485eea4053561ea4fd6,Gleodream,7
3okiREk3dV4F8BmK7cpEJf,big band,Jazz,https://i.scdn.co/image/7899cdbca1701a226fb233ed26f3ef1b0264c3a0,Jack Teagarden,33
3omPckNeXtMpCdOXVfcOST,big band,Jazz,https://i.scdn.co/image/ab6761610000e5eb0ec4dfcd134f468e8416d3b2,Alice Babs,36
3omXtBW7m3zUZgfdTX8lsc,french indie pop,Pop,https://i.scdn.co/image/ab6761610000e5eb8593cbae30d1f6899bc6d823,Gloria,20
3oyYQkc7HqIdz80my79yq0,Electronic,House & EDM,https://i.scdn.co/image/ab67616d0000b27344701b3a0532084e59adcf36,Sona,6
3p0pyIg0BCyTXdrKueDeA5,french jazz,Jazz,https://i.scdn.co/image/ab67616d0000b273bced3d999944351fc7b4f812,Tchan-Tchou Vidal,34
3p0vuGnsU3JN0ZVBLiJwmp,garage rock,Rock,https://i.scdn.co/image/ab6761610000e5eb37676284fbe431110a320ec6,Dead Ghosts,39
3p2pMpzDerhMR4w2xZyHWg,dark r&b,Unlisted,https://i.scdn.co/image/ab6761610000e5eb268f79a38ef7bf37e0531f0a,Rosenfeld,54
3p5Nc0MuTyhRYZ4uXF9SJt,vaporwave,Ambient & Experimental Electronic,https://i.scdn.co/image/ab67616d0000b273156bc73f79d9cd99e1921c88,Sacred Tapestry,4
3p9WryxYXLd0We8X84VC0U,uk garage,Garage & Breaks,https://i.scdn.co/image/ab67616d0000b2734e528358bb442a2223178443,True Steppers,22
3pAxHOmaTLiUnC9WoXdsyN,krautrock,Alternative/Indie,https://i.scdn.co/image/ab6761610000e5eb695507f783fcd034ad5ba3af,Craven Faults,26
3pBRcbWKXI0PmYQ42GxPCk,traditional music,Unlisted,https://i.scdn.co/image/ab67616d0000b273d4626a41ee23bdb49d89d56b,The Jewish Starlight Orchestra,39
3pDfyGgb3c1MjSfkJWEAnl,dark ambient,Ambient & Experimental Electronic,https://i.scdn.co/image/ab67616d0000b27313d6a273330e8ba87ca0d5b8,Pact Infernal,6
3pFCERyEiP5xeN2EsPXhjI,Rock,Rock,https://i.scdn.co/image/ab6761610000e5eb97996e2b05450ffbeafe15da,Joe Cocker,67
3pGgFAbmQ22e2LWjOtv5jH,Rock,Rock,https://i.scdn.co/image/ab6761610000e5ebf8fdd27f579ca98e876d0663,Melanie De Biasio,44
3pMZZzAKwSIftJmwtEx56W,neo-psychedelic,Rock,https://i.scdn.co/image/ab6761610000e5eb7fd8f4fa443bb762f2e07dbb,SCALER,28
3pO5VjZ4wOHCMBXOvbMISG,bossa nova,Latin,https://i.scdn.co/image/25438d99922a46a53792e1496b31159ad386806a,Antônio Carlos Jobim,71
3pOnPfJ9MReuu20YnLFRej,Electronic,House & EDM,https://i.scdn.co/image/ab6761610000e5eb329680159e48f02c575e7013,J-E-T-S,22
3pTE9iaJTkWns3mxpNQlJV,indie rock,Alternative/Indie,https://i.scdn.co/image/ab6761610000e5ebe210b053175600ecb893bf93,Bombay Bicycle Club,57
3pUiNPLwDNM46B8BdRspFW,jangle pop,Pop,https://i.scdn.co/image/efddbd06be004cc3d26a8a3cdb14f1b02f378ac6,Shack,27
3pZ666b6CyO1KGpVYirY0t,riot grrrl,Punk/Hardcore,https://i.scdn.co/image/ab6761610000e5eb7d61bfb46a794bc3d4575821,Screaming Females,37
3pcv1gJbOes6TSdoic8yqk,footwork,Bass Music,https://i.scdn.co/image/ab67616d0000b2730ccc46ad8c0b35f2b2ef65fb,DJ Metro,2
3pd9T0v8w1tURzhv7BQWRG,drum and bass,Bass Music,https://i.scdn.co/image/ab6761610000e5eb4789888d3b9616e1675e1489,The Sauce,35
3plJVWt88EqjvtuB4ZDRV3,Pop,Pop,https://i.scdn.co/image/809b501cb89a3f6557d5532d983875f4dea1877d,Ben E. King,68
3q6vKi6feYO8Ag2BOlCQEd,Jazz,Jazz,,Leo Richardson Quartet,0
3q7HBObVc0L8jNeTe5Gofh,east coast hip hop,Hip Hop/Rap,https://i.scdn.co/image/dd031b9c5d1b6eba4a691cd89c954255aae787f2,50 Cent,86
3qBKjEOanahMxlRojwCzhI,Hip Hop,Hip Hop/Rap,https://i.scdn.co/image/ab6761610000e5eb02ae9b510bed2b616706e6a9,Zacari,69
3qFOpjNiYRuQNVl564TGgO,cold wave,Unlisted,https://i.scdn.co/image/83c9c0c7760102db046aa736b512c5d6212abf1d,Tropic of Cancer,21
3qIRQKST5KCIIKWgmPTY2M,Electronic,House & EDM,https://i.scdn.co/image/ab6761610000e5eb88900bd9e4a394900978ab13,JIMMY EDGAR,32
3qL4moFMePG5zA87tLcCOM,Rock,Rock,https://i.scdn.co/image/ab6761610000e5eba6fcd2c8c28f83f535dd1237,Billy J. Kramer,37
3qM2kgxt87sXgP2ytxZZv2,"Folk, World, & Country",Folk/Acoustic,https://i.scdn.co/image/1b507f599929d3599f337fc509f6cf3fbfc7e523,Flo Morrissey,36
3qMm1Wmx2QJI3KNk9hzi3q,breakbeat,Garage & Breaks,https://i.scdn.co/image/ab6761610000e5eb34a1fa32757a5f8cb3901e7c,Bastian Benjamin,19
3qUMmh5biaB5hqpF4LqS3m,vocal jazz,Jazz,https://i.scdn.co/image/66ce0fab7aceb0dd691fb04a9c77858fc489e43e,Julie London,58
3qYfqdVwX0fil71onLpLkh,garage rock,Rock,https://i.scdn.co/image/ab6761610000e5eb5df4cbb47f552f5418cac9d7,Thee Oh Sees,51
3qm84nBOXUEQ2vnTfUTTFC,rock,Rock,https://i.scdn.co/image/ab6761610000e5eb50defaf9fc059a1efc541f4c,Guns N' Roses,83
3qnAV28sOSJx6Y0LzDbl65,acid house,House & EDM,https://i.scdn.co/image/ab6761610000e5eb946af9328f69f51b1b26ae41,Eve Gallagher,13
3qnGvpP8Yth1AqSBMqON5x,retro soul,R&B/Soul,https://i.scdn.co/image/ab6761610000e5ebd5112a5b16a01e971ebb049c,Leon Bridges,77
3qtcbDvdIgQOXkPbtRvBaQ,folk,Folk/Acoustic,https://i.scdn.co/image/c77989e1d9a05cf54ac2d98737469d05183e560e,The Kingston Trio,42
3quiO6Un8G55TpLqs3gRv8,dub techno,Techno & Trance,https://i.scdn.co/image/ab6761610000e5eb641f7f0df3e80b5fcd3db738,Shifted,20
3qwabfaWewpfli7hMNM3O8,art pop,Pop,https://i.scdn.co/image/ab6761610000e5eb3e8c7567d63a90e8e5546e00,Róisín Murphy,56
3r1XkJ7vCs8kHBSzGvPLdP,grime,Bass Music,https://i.scdn.co/image/ab6761610000e5ebd35231e23d5af811b8fdca7a,slowthai,56
3r3EF4IUivV9v7HYln1YzB,christmas,Jazz,https://i.scdn.co/image/ab67616d0000b27365711366d305da5d8dcef2c8,The Oxford Trinity Choir,31
3r48J3gAlltGN7xQad6J0Q,blues,Blues,https://i.scdn.co/image/ab67616d0000b273c0e622c39292bb3ebf3ec1ee,Willie Cobbs,8
3r9TXuXfOUxXjgYgAR0fP8,glam rock,Rock,https://i.scdn.co/image/ab6761610000e5eb4a0ccebdfd085c487d312199,Bay City Rollers,49
3rIZMv9rysU7JkLzEaC5Jp,Rock,Rock,https://i.scdn.co/image/ab6761610000e5eb9b328846dc38b0a620da1ce2,Snow Patrol,72
3rIlgkqfgreQxyLrXR2Sln,,Unlisted,https://i.scdn.co/image/ab67616d0000b2738d5423997a392eac6d91aabd,S.O.L Collective,0
3rJ3m1tM6vUgiWLjfV8sRf,reggae,Reggae/Caribbean,https://i.scdn.co/image/ab6761610000e5eb11bdad2b191ac35053d34bd2,Jimmy Cliff,60
3rPrYmTHhfSGN5eDjNsaRC,chicago house,House & EDM,https://i.scdn.co/image/ab6761610000e5ebde8199c23bcd6b8100edfdee,Steve Poindexter,15
3rQBSwv53vH5WgPz4YDill,idm,Ambient & Experimental Electronic,https://i.scdn.co/image/ab6761610000e5eb684e014d6a71231255ffd441,Robert Leiner,19
3rQwLE64J8IhEMWnZm8ZmH,trip hop,Ambient & Experimental Electronic,https://i.scdn.co/image/ab67616d0000b2730d245c8a25276a6d6bb461be,9 Lazy 9,40
3rT3keKXfMmJ6CGQDNQAVj,lo-fi house,House & EDM,https://i.scdn.co/image/ab67616d0000b273d88893a285d88b4e4985f97a,Manse,0
3rTukbUBvLYbMUPjppvR8S,lo-fi house,House & EDM,https://i.scdn.co/image/ab67616d0000b273b62dcb1bd3909891754f621d,Rudolf C,15
3rVAnydRNnaQr24T3reJZg,idm,Ambient & Experimental Electronic,https://i.scdn.co/image/ab6761610000e5eb8293ef63a5f666df243db068,Luke Abbott,33
3rZkwvVkWE5aKkxxP7EQxd,progressive house,House & EDM,https://i.scdn.co/image/ab67616d0000b273808cb1eec4914bc94cca519c,Agrande,0
3rZmhfLsLJ5uCKCcN3JVr4,dub techno,Techno & Trance,https://i.scdn.co/image/ab6761610000e5eb21dc9ef3055abdb445324be8,Dasha Rush,20
3rblB9Pm51uKd9uYPVPB7B,footwork,Bass Music,https://i.scdn.co/image/ab6761610000e5eb569e3b44f3accdca576d700f,Om Unit,24
3rbtPd0NcvhO2AzMfzx90z,grime,Bass Music,https://i.scdn.co/image/ab6761610000e5eb3a6ff9e3b88cb50c635ce611,Fredo,65
3rfgbfpPSfXY40lzRK7Syt,disco,Funk/Disco,https://i.scdn.co/image/c00b771ca8b6241bcfe316f8e8a11072714e79ef,Barry White,69
3rpV0sFKp3E6MF6btkIwqz,lo-fi house,House & EDM,https://i.scdn.co/image/ab67616d0000b273dcf5b11f8fbaa189e2678341,1800HaightStreet,4
3rxIQc9kWT6Ueg4BhnOwRK,soul jazz,Jazz,https://i.scdn.co/image/ab6761610000e5ebe79e47fbc540635fd5e18e4d,Quincy Jones,59
3rxeQlsv0Sc2nyYaZ5W71T,jazz,Jazz,https://i.scdn.co/image/ab6761610000e5ebabde819fe640d69f899e7844,Chet Baker,68
3s398TKZNahAURRacx7oIT,madchester,Rock,https://i.scdn.co/image/323c1776ee8dccf0614bbecd20c8261441e64c67,Ian Brown,48
3s6o8vxtYJ1utkWl8EXxUp,free jazz,Jazz,https://i.scdn.co/image/ab6761610000e5eb668616149c985a50019fb6d1,Nels Cline,32
3s9kaLrpplvv4vIzZBYPga,doo-wop,R&B/Soul,https://i.scdn.co/image/ab67616d0000b2736d1cec02080d64bcecf938f4,The Diamonds,44
3sFhA6G1N0gG1pszb6kk1m,Rock,Rock,https://i.scdn.co/image/ab6761610000e5ebe2990620300995034db37d79,Wings,67
3sHkYrW1ZXf3juwNvnxQO6,chicago house,House & EDM,https://i.scdn.co/image/ab6761610000e5eb3db4da4b490bf45fc5cda481,Robert Armani,36
3sO8muEXafy2NGwUZByrTr,neo soul,R&B/Soul,https://i.scdn.co/image/02f89a69a4cef248e8ceaba2960b0b7a71bb85eb,Cody Chesnutt,51
3sVKVwY8TD445BiC6Q4B43,indie rock,Alternative/Indie,https://i.scdn.co/image/3e281374969152c9ff3bd63cabb71ed0f1220646,Palma Violets,28
3sgUnR8TF35euWEV07RPyO,motown,R&B/Soul,https://i.scdn.co/image/49c108cfba665aed62c6535f3245d6fd4e42d076,Thelma Houston,48
3t4n7U2J418Hd2SQvGTk5E,Classical,Classical/Orchestral,,Pitot & Chaminade,0
3t58jfUhoMLYVO14XaUFLA,jazz fusion,Jazz,https://i.scdn.co/image/ab6761610000e5eb0142861241fb9e6f4793199f,Pat Metheny,56
3t7V2omc5R2ODZswIwcmFJ,noise music,Unlisted,https://i.scdn.co/image/ab67616d0000b2736cbba6dd7c96ba54a3d1e0bf,Hysteresis,1
3tAsDO6L79G8foYw4Z9MBu,lo-fi house,House & EDM,https://i.scdn.co/image/ab6761610000e5ebfde91bcd7b902f272ff2c6a0,Grammar Of Movement,1
3tJnB0s6c3oXPq1SCCavnd,grupera,Latin,https://i.scdn.co/image/ab6761610000e5eb9d818606c2582549402ca755,Marco Antonio Solís,81
3tKmZgJAXrog8SnYpzWSbe,Rock,Rock,https://i.scdn.co/image/ab67616d0000b273bdfd941b38d27b6ddc3e7cd0,"Dave Dee, Dozy, Beaky, Mick & Tich",40
3tM3DTmG7ahfACzwqtazLD,bolero,Latin,https://i.scdn.co/image/ab6761610000e5eb2fbc25347ed3663097dd1d45,Vikki Carr,52
3tMLo1k3iUo82coMLWXzxq,classical,Classical/Orchestral,https://i.scdn.co/image/b1e56021e0af6da7c4dad6e677318c716f66a4c3,Henry Purcell,55
3tUWjCgBpCvOfNSLIAEh4p,Electronic,House & EDM,https://i.scdn.co/image/ab67616d0000b27376dd07b8b88d5c43be79ceaf,Brian Green,27
3tetInyzmPXATzLBTzl125,traditional folk,Folk/Acoustic,https://i.scdn.co/image/ab6761610000e5ebd0e794a6f060b897a77e8847,Ewan MacColl,32
3tlt5onLwIKTuaOAyI6ytC,techno,Techno & Trance,https://i.scdn.co/image/ab6761610000e5eb5372bb460cc46c8cf10be27b,Dense & Pika,32
3trICw5vZHfTbcSOjikzq8,footwork,Bass Music,https://i.scdn.co/image/ab6761610000e5eb9721a132b26fb20cc59abebe,HomeSick,8
3tsk4jo72o6tDjCGaMJUGF,honky tonk,Country/Americana,https://i.scdn.co/image/ab67616d0000b273bf4d9cf56fc89b909cce553e,Charlie Walker,33
3u1ulLq00Y3bfmq9FfjsPu,neo-psychedelic,Rock,https://i.scdn.co/image/4fe164354c1ab90670bdb67606c3db2cd6de7514,Ween,60
3u2C5jTgPLvS9FxybbEuh1,acid techno,Techno & Trance,https://i.scdn.co/image/ab6761610000e5eb281fb39015c3d72b9696c202,NANCY Live,15
3u39r3hiQU2sq7VrV38L6x,Rock,Rock,https://i.scdn.co/image/ab6761610000e5eb8653533036f92e2518260248,Ohtis,25
3u9rbdcmA6CxjxOAkjaeFr,Jazz,Jazz,https://i.scdn.co/image/ab6761610000e5eb4195eb7322a35b79fee7d169,Kokoroko,57
3uO6HG2JwyP744sg4PMmg5,hard bop,Jazz,https://i.scdn.co/image/76826a047c06c8c3244aacc6a2be192509db03c6,Bobby Hutcherson,41
3uPWecBPNXAChysw1uOJwI,free jazz,Jazz,https://i.scdn.co/image/ab6772690000c46c4c7d1d0e8d4416f47381e7c5,Don Cherry,33
3uQ5cxFHxXddqPL58egs1z,slowcore,Alternative/Indie,https://i.scdn.co/image/9522ef7cf99a1e848a6e3ae715b6a75472ca3d63,Songs: Ohia,47
3uX1tstdmFJyxW9b5mSNlU,post-punk,Rock,https://i.scdn.co/image/ab6761610000e5eb337e86e457beb03d4fd266d4,Automatic,49
3uaHfXYx9Fh4HjqMbrWn5S,jazz,Jazz,https://i.scdn.co/image/ab6761610000e5eb2cf1737642c7f6e5f34e75b1,Joshua Redman,44
3uph1BLMQ2Xbb4rDifBJa6,minimal techno,Techno & Trance,https://i.scdn.co/image/ab6761610000e5eb3b1254c8bd8dd64ba465969b,Wighnomy Brothers,20
3v4feUQnU3VEUqFrjmtekL,glam rock,Rock,https://i.scdn.co/image/228b37f3fd1bb220f6d1922ca179bc1d933adc37,Faces,60
3v6L3tQYy6lDGqTuvqWouq,lullaby,Novelty/Spoken Word,https://i.scdn.co/image/ab6761610000e5eb02b958927490e5494594398a,Baby Sensory,51
3vENFkiF5PZRluBBtQiwcG,choral,Classical/Orchestral,https://i.scdn.co/image/ab6761610000e5eb2ad2a9879c4b16d4774c7f34,The Tallis Scholars,47
3vFTZMsaFnLOcqvjxCofTP,ambient,Ambient & Experimental Electronic,https://i.scdn.co/image/ab6761610000e5eb40d986d053fdc9d14c5ba29d,mu tate,15
3vUQHOe4i9jOZvOkgNUwXl,minimal techno,Techno & Trance,https://i.scdn.co/image/ab67616d0000b273e6434e942add66489f786ae0,Tolga Top,0
3vaHEbYEYNpLViOr7ol6f2,children's music,Novelty/Spoken Word,https://i.scdn.co/image/ab67616d0000b2730fe90a9dddbde91f7a10dea3,Mark Brymer,33
3vbKDsSS70ZX9D2OcvbZmS,anti-folk,Folk/Acoustic,https://i.scdn.co/image/ab6761610000e5eb917df61d55ce3ab98d43351a,Beck,68
3vkvHZKlekG3aHfSyfkxe2,big band,Jazz,https://i.scdn.co/image/ab67616d0000b2736ed21f5a66d71ea1a34ad72a,Billy Cotton,20
3w0vR06WHMVwMe1G20wmlS,idm,Ambient & Experimental Electronic,https://i.scdn.co/image/ab6761610000e5ebf92740e88e66bd450947c39f,The Sabres Of Paradise,33
3w6zswp5THsSKYLICUbDTZ,Pop,Pop,https://i.scdn.co/image/ab6761610000e5ebaac010f3b621faf4d8346ada,Gabrielle Aplin,55
3wD0bhAy5hb5nqcTReldti,acid house,House & EDM,https://i.scdn.co/image/ab67616d0000b2739f221ed33c097ddf52ce5680,Sleezy D,10
3wK4nfnbClHjh2YQXEUNEV,hard techno,Techno & Trance,https://i.scdn.co/image/ab6761610000e5eb4ddd6053070f0f178559206a,RVDE,6
3wYyutjgII8LJVVOLrGI0D,rockabilly,Rock,https://i.scdn.co/image/ff6c6ecd90618f5fb0f8fbf51bf8477586c8843b,Buddy Holly,58
3wkaDi2HJV3eCaBJ4iH6om,techno,Techno & Trance,https://i.scdn.co/image/ab6761610000e5eb66e999bb4e313477f9206085,ANNA,47
3wrtQM9ICPPeHwoc1GWiyV,Electronic,House & EDM,https://i.scdn.co/image/ab6761610000e5eb92851bfe6e9c203a39bd3cbc,Teleman,40
3wury2nd8idV4GecUg5xze,madchester,Rock,https://i.scdn.co/image/ab6761610000e5eb67fc8710036b6a053baef3d5,Primal Scream,55
3x3wGSv3Xm8xtgXNe6hq99,dub techno,Techno & Trance,https://i.scdn.co/image/ab67616d0000b27358ad46d9abb68bbac2f1c800,burger/ink,28
3x5n0tpSTNWSkIjJUMK6ir,traditional country,Country/Americana,https://i.scdn.co/image/ab67616d0000b2736e61354db1757815a38adeea,Spade Cooley,25
3xA9AB0f4BVjsSlyQc12iE,noise rock,Alternative/Indie,https://i.scdn.co/image/ab6761610000e5ebcde2e1837bea54007402a4bb,Mclusky,36
3xLTIJwfO2KZ8O2hOUc5iE,boogie,Funk/Disco,https://i.scdn.co/image/ab67616d0000b273f5d426441d15d3536f1a8f5d,Livy Ekemezie,21
3xLz7xXbJ4thF9a0sU81Ir,Rock,Rock,https://i.scdn.co/image/ab67616d0000b2738bbd76c6ed8472592ab9a5c0,Yamasuki,22
3xVI0gIpNppHLMNwe0Pq1b,,Unlisted,https://i.scdn.co/image/ab6761610000e5ebb8651c8b9128236e0fe50542,Moon Balloon,3
3xWO6nOrnGGL9hfB2vWxLI,punk,Punk/Hardcore,https://i.scdn.co/image/ab6761610000e5ebb6f44a25d9b8601a86cd2fa3,The Dickies,39
3xYNGCooNIzKMAtJYKSOyq,madchester,Rock,https://i.scdn.co/image/bff753651fffafa6c87f63d5200add3864e897c5,Electronic,43
3xYXYzm9H3RzyQgBrYwIcx,outlaw country,Country/Americana,https://i.scdn.co/image/ab6761610000e5eb882233b1dcce1d30dec22ce8,Colter Wall,71
3xZA5DzsWQLrDQFaPAXwTy,Funk / Soul,Funk/Disco,https://i.scdn.co/image/2b94e33888237b518e6e68fca07b86d236880b9d,The Como Mamas,26
3xZBpeXHkSjTKQIR1OeKN0,dream pop,Alternative/Indie,https://i.scdn.co/image/ab6761610000e5eb2b648fa590d7de6a28f18624,The Clientele,44
3xgj17ZsWxxU86S4qlWvOi,synthpop,Pop,https://i.scdn.co/image/ab6761610000e5eb8399c35f2efb722589f36ac6,Yello,52
3xmUdkZUQbtMM62XP4nnb6,singer-songwriter,Folk/Acoustic,https://i.scdn.co/image/ab67616d0000b273e947f4b2de84a522265b52e6,Fred Neil,40
3xppiQ1WFn0sPv4ZQJjqzO,techno,Techno & Trance,https://i.scdn.co/image/ab6761610000e5eb3ad45b7814f3c7de446c9031,TWR72,19
3xs0LEzcPXtgNfMNcHzLIP,Electronic,House & EDM,https://i.scdn.co/image/ab6772690000c46c38e130e4a87d0d8a46912426,Rockwell,61
3xubycQGgdl3JpgxIviNqF,Electronic,House & EDM,https://i.scdn.co/image/ab6761610000e5eb7f2e21fdb28c3e79bcf1d2bd,SRAMAANA,2
3y1SoTOdrmRNTBVph5T0VZ,french house,House & EDM,https://i.scdn.co/image/ab6761610000e5eb7a4809df7e00b6420a18a4c0,Laurent Garnier,42
3y6SKYXXP4lrliD6CzVXH3,neo-psychedelic,Rock,https://i.scdn.co/image/142384d190d685b0b175a9b8d0b424285deb42a6,Sugar Candy Mountain,39
3yEnArbNHyTCwMRvD9SBy4,stoner rock,Rock,https://i.scdn.co/image/ab6761610000e5eb81029ef3e2c85c4b75f6bd6f,Wolfmother,61
3yPK9pFJZZN43e7HbnREpo,idm,Ambient & Experimental Electronic,https://i.scdn.co/image/ab67616d0000b273fb20b9673a16cfc29362e060,Watching Airplanes,12
3yY2gUcIsjMr8hjo51PoJ8,new wave,Pop,https://i.scdn.co/image/481b980af463122013e4578c08fb8c5cbfaed1e9,The Smiths,82
3ycxRkcZ67ALN3GQJ57Vig,Funk / Soul,Funk/Disco,https://i.scdn.co/image/ab6761610000e5eba12539a9a66ddf0b498d4d4a,Masego,71
3yesh1QeNXucaDFw8ZPKxd,power pop,Rock,https://i.scdn.co/image/ab6761610000e5eb22b8f48478f5cd58e6ddb914,Flamin' Groovies,36
3ygFnvt1R5sH1eu3eC9hxe,Rock,Rock,https://i.scdn.co/image/ab6761610000e5eb629d68e4091376c45df1f15c,Josienne Clarke,18
3yoyUFgb11DMp1KrsJoQZU,miami bass,Hip Hop/Rap,https://i.scdn.co/image/ab67616d0000b2738347273eb2e5f34d1e287fd6,DJ Assault,41
3yqHGWyf0xrTSEIsFhmZYX,acid house,House & EDM,,X-101,14
3z5VqEvu6RJ4Abtah3lTsg,big band,Jazz,https://i.scdn.co/image/ab67616d0000b273877f67016259249b6678aa34,Jimmy Dorsey & His Orchestra,35
3zIIUxcnIoUMouVQdphkeC,glam rock,Rock,https://i.scdn.co/image/ab6761610000e5ebd7d8453972e23b20a414bb34,Showaddywaddy,42
3zMir00BoCKhwNTjlT61KN,Rock,Rock,https://i.scdn.co/image/ab6761610000e5ebb88fba9fcf9e6023db03517a,dEUS,46
3zfwMucEg6tKF4IR1zrHHk,celtic,Folk/Acoustic,https://i.scdn.co/image/ab6761610000e5eb69a09d70255401b83e9847cb,Iarla Ó Lionáird,21
3zmfs9cQwzJl575W1ZYXeT,bedroom pop,Pop,https://i.scdn.co/image/ab6761610000e5ebfd30ebd7e80dad6b2383aab0,Men I Trust,73
3znXuXT3xkCtjgOxXBBVnq,alt country,Country/Americana,https://i.scdn.co/image/ab6761610000e5ebab1dc2ce10e910ac96d9f2cb,Justin Townes Earle,51
3zpKjsMg2gw1St5WcWoUJN,old school hip hop,Hip Hop/Rap,https://i.scdn.co/image/05b891a72c523a052a810172525bd317693530e4,EPMD,50
3zunDAtRDg7kflREzWAhxl,Rock,Rock,https://i.scdn.co/image/ab6761610000e5eb70fc0f8e1eece53e15f1db17,Eels,57
3zxodnZ10PEbv27ixLeQdQ,mexican indie,Alternative/Indie,https://i.scdn.co/image/ab6761610000e5eb29104ab09ed23c5533121ff8,Daniel Quién,46
405bltx0jrFHfKWtT4MDLs,idm,Ambient & Experimental Electronic,https://i.scdn.co/image/ab67616d0000b273e6474372193830dba4b5a824,Elecktroids,12
40EsdChhIP1ZT9RYOcfUI0,psytrance,Techno & Trance,https://i.scdn.co/image/ab6761610000e5ebd0320d415fb9d0602667c5e9,Astral Projection,39
40GTTHyDAFn0HJ1vsk7CYZ,children's music,Novelty/Spoken Word,https://i.scdn.co/image/dc3adee7fb091629778dfe814414c382b9e75644,Bari Koral,30
40HeNm05FEAxGx8gUOV4my,cold wave,Unlisted,https://i.scdn.co/image/ab6761610000e5eb70ba7ff772c3fd90f848450b,The Soft Moon,38
40SRPccslwLmXEIf9hZUJu,exotica,Pop,https://i.scdn.co/image/ab67616d0000b27352c79761674732c38049960e,Frankie Carle,28
40Yq4vzPs9VNUrIBG5Jr2i,alternative rock,Alternative/Indie,https://i.scdn.co/image/ab6761610000e5eba7f80939b43d9efe1ca73a22,The Smashing Pumpkins,77
40Zt6u0Ig5vXtrq0htgqvt,doo-wop,R&B/Soul,https://i.scdn.co/image/ab67616d0000b27316a312d3a18f48077f778a4c,Frankie Lymon & The Teenagers,34
40dfZHKP0dMPfgiasWcTzn,slowcore,Alternative/Indie,https://i.scdn.co/image/ab6761610000e5eb34852e82ed4ed3707f06440c,Monarch Mtn,0
40hYDkCc6rJCdtETszQvw3,experimental,Ambient & Experimental Electronic,https://i.scdn.co/image/e9352eb94d84751f90765f728e43af4faf04b756,SØS Gunver Ryberg,7
40iG1d2wC4KdBLb8wXNq33,americana,Country/Americana,https://i.scdn.co/image/ab6761610000e5ebca6056b456d824989f536d97,Jake Xerxes Fussell,44
40iUcsx6LWJ0DEPryPmU30,egg punk,Punk/Hardcore,https://i.scdn.co/image/ab6761610000e5ebc68e7ac4b92016719f6c2d47,Sneaks,38
40ktGTYnthlqy9vLa9ILjm,dub techno,Techno & Trance,https://i.scdn.co/image/ab6761610000e5eb6b0127170ff53ab4a762e930,Błażej Malinowski,20
40uK7RAJlyEALdLWZ1qNmb,Rock,Rock,https://i.scdn.co/image/ab6761610000e5eb16561db8853f71db3ff539a5,Fuzzy Sun,23
414OVjjnaB4wK8Kq8oudPB,ragtime,Jazz,https://i.scdn.co/image/ab67616d0000b273aadf38a87fb38766b50482e4,The Dry Throat Fellows,4
4164ldqgBP6uc3FuA1gA4b,Electronic,House & EDM,https://i.scdn.co/image/0ed7e3316f8953d8e48650b72fee7470c879f334,Nonkeen,20
418AWOVOgoPNIIfIn8MArU,singeli,World/Traditional,https://i.scdn.co/image/ab67616d0000b27300a2bbd373505c4939b41962,Takkak Takkak,7
41ESHLayJ5sDKjAOv6cMhe,ranchera,Latin,https://i.scdn.co/image/ab6761610000e5eba67b35ef27036fa201985e93,Ana Gabriel,75
41GBMTInlbb2bey1N6VAzV,classic country,Country/Americana,https://i.scdn.co/image/ab67616d0000b27388157c6ecfca856da17ec09d,Buck Owens & The Buckaroos,45
41Q0HrwWBtuUkJc7C1Rp6K,reggae rock,Rock,https://i.scdn.co/image/ab6761610000e5eb16b06f19229dc1ceb654a250,311,66
41SQP16hv1TioVYqdckmxT,jangle pop,Pop,https://i.scdn.co/image/ab6761610000e5eb586710fe90b9ddc8a483a78e,Real Estate,49
41VxAgbLRHo2ZYZEq5P1mD,eurodance,House & EDM,https://i.scdn.co/image/ab6761610000e5ebfaf725de84add38f19628af1,Alex Party,43
41ZMMuFFLPTVPkUsSI5KlV,blues,Blues,https://i.scdn.co/image/d041fbf9c61082509aa8f46084c49a9d606f57f1,Jimmy Reed,42
41pd7r1XBRsvdxY3vHEgib,Rock,Rock,https://i.scdn.co/image/ab6761610000e5eb0e05e549428cb38b2f3e7a60,Wunderhorse,64
41qil2VaGbD194gaEcmmyx,Hip Hop,Hip Hop/Rap,https://i.scdn.co/image/ab6761610000e5ebdafd166f0fab33d721ff840d,Will Smith,69
421A23lYymEUE6SozCfWbr,proto-punk,Punk/Hardcore,https://i.scdn.co/image/049bb203bcd0aeb0f4dc749c03993092d401fb12,Johnny Thunders,35
42RbQv212uOjyfIXECLKfR,hard rock,Rock,https://i.scdn.co/image/ab67616d0000b273c1558de29cf014cf7fef9f2f,Budgie,37
42Sq7zMUa14pEDAIod4byg,idm,Ambient & Experimental Electronic,https://i.scdn.co/image/ab67616d0000b2735f08fc282760423d39ddd9bb,C.P.Smith,0
42TFhl7WlMRXiNqzSrnzPL,glam rock,Rock,https://i.scdn.co/image/2e1e9a6fe696b536a1f9e6a27fc1ed23d2c97099,Lou Reed,63
42ckVhl96fQSAXsR2Gm1My,hard bop,Jazz,https://i.scdn.co/image/ab67616d0000b273642cdab5c0fe315b22b9723d,Paul Chambers Quintet,31
42gTqApv7di4ocvt2gjYZB,Electronic,House & EDM,https://i.scdn.co/image/ab6761610000e5eb87109a05f7639d8af3f37d83,GBX,46
42p6gXpB3btdFQWyjY5F6h,Rock,Rock,https://i.scdn.co/image/ab6761610000e5eb4d57e0345f3bb582dbe527ef,John Myrtle,27
42qLC3FgtazA9AvaIoiP62,uk garage,Garage & Breaks,https://i.scdn.co/image/ab6772690000c46c2dd2270168195c07ca4906a5,Ms. Dynamite,49
42tDjhK9kdS7CCHxs8ysz0,classic country,Country/Americana,https://i.scdn.co/image/4fa968712660a3bd8e2d8f53d163415df2d072ba,Hank Thompson,37
42uH4r4LvmWlHvlQTwucAu,techno,Techno & Trance,https://i.scdn.co/image/ab6761610000e5eb9ea5c862374739e5e3e6569f,Fabio Florido,15
430byzy0c5bPn5opiu0SRd,classical,Classical/Orchestral,https://i.scdn.co/image/8691898841248ffbc5e984334879337c81a268fd,Edward Elgar,59
432R46LaYsJZV2Gmc4jUV5,post-punk,Rock,https://i.scdn.co/image/5eeddd733170399db794d2c430a8d2cde7ae1425,Joy Division,66
436sYg6CZhNefQJogaXeK0,classical,Classical/Orchestral,https://i.scdn.co/image/f565d81f8dcfdec438207f6d8b34689f3489232a,Camille Saint-Saëns,68
438JBZR1AR0l04AzcYW9gy,philly soul,R&B/Soul,https://i.scdn.co/image/ab6761610000e5ebdf3b3e0e84951aed03e2169c,Harold Melvin & The Blue Notes,55
438TWpixWUH0KLP6ARfymt,Funk / Soul,Funk/Disco,https://i.scdn.co/image/ab6761610000e5eb2e284446b885b5b5f8f2114a,Parris,19
43JlwunhXm1oqdKyOa2Z9Y,neo soul,R&B/Soul,https://i.scdn.co/image/ab6761610000e5eb9d93bc38b5011e8d921c6c39,Hiatus Kaiyote,59
43O3c6wewpzPKwVaGEEtBM,jam band,Rock,https://i.scdn.co/image/ab6761610000e5ebeaaa18ce5578767a30348673,My Morning Jacket,57
43Ybg5x9TrGovf70jSMzah,Classical,Classical/Orchestral,https://i.scdn.co/image/ab6761610000e5eb6dfb43a0f1925744dd10eebc,Louis Landon,41
43ZHCT0cAZBISjO8DG9PnE,rockabilly,Rock,https://i.scdn.co/image/ab6761610000e5eb9a93e273380982dff84c0d7c,Elvis Presley,80
43fmnXKQExCZ0KyHTKwkXv,breakbeat,Garage & Breaks,https://i.scdn.co/image/ab6761610000e5eb2c48e373b65c345d18125e22,Asquith,22
43mWhBXSflupNLuNjM5vff,electroclash,House & EDM,https://i.scdn.co/image/ab6761610000e5ebca556b991df304bb6835dc58,Soulwax,53
43qPWPlDL5noyuCJKPKm6N,drumstep,Unlisted,https://i.scdn.co/image/ab6761610000e5eb3f140d494bf31bc4659cc021,Deft,24
43sZBwHjahUvgbx1WNIkIz,post-grunge,Rock,https://i.scdn.co/image/ab6761610000e5eb0d86c8971cc4d6fa63d58bae,Creed,77
444YsFpVtU9A20FhDfrX8Q,Electronic,House & EDM,,Dub Poets,0
4457ZLpmT5sl16BBe21J6E,,Unlisted,,Esther Philips,0
4463nfFMmK1cwAWBQDwT5e,Electronic,House & EDM,https://i.scdn.co/image/ab6761610000e5eb28d4ec7f18bcf198b275f015,Laura Branigan,66
44HVfLGyIXhewPJc0TP0tt,footwork,Bass Music,https://i.scdn.co/image/ab67616d0000b27329cd0d2bee2e208b3c4dc70b,DJ Elmoe,15
44Jfv8VigTs2TeLheixSf4,ebm,Ambient & Experimental Electronic,https://i.scdn.co/image/ab6761610000e5eb9cd65d171940f8f2cd5b90b7,Vittorio Di Mango,3
44LzZsFXgy7Ft4EsT3WlI8,acid house,House & EDM,https://i.scdn.co/image/ab6761610000e5eba644d9e7e3e6ee96dedae088,Mr. Ho,32
44NX2ffIYHr6D4n7RaZF7A,Funk / Soul,Funk/Disco,https://i.scdn.co/image/ab6761610000e5eb5885f6c2d3ecf8e08bdfa472,Van Morrison,74
44Z5ZP2F1omniNpGEdNDdt,classical,Classical/Orchestral,https://i.scdn.co/image/ab6761610000e5ebf7bf811823ed199452a2acd1,Alison Balsom,41
44mRrrRjaV8iu1VLIKuwty,space rock,Rock,https://i.scdn.co/image/ab6761610000e5eb1182db77898a1975306c21a8,Gwenno,30
44pUNjqg4mExLyFHnB3Bqf,noise rock,Alternative/Indie,https://i.scdn.co/image/ab6761610000e5eb33340c91b6ed5ae9c6cb32da,Pile,43
44uXkGzSX98fieUV6b8pvv,jungle,Bass Music,https://i.scdn.co/image/ab6761610000e5ebcdc382fd44a175bd7ec2107e,Digital,26
44z1nVVXZE8d4njcQmQLWc,idm,Ambient & Experimental Electronic,https://i.scdn.co/image/ab6761610000e5ebe2d77385e1d818300405421c,Objekt,28
450o9jw6AtiQlQkHCdH6Ru,funk,Funk/Disco,https://i.scdn.co/image/dfd7b11d97bc9159e9d085c5fd925b70cd192178,Funkadelic,53
451tmEA29xITZBI89jGcq7,nu jazz,Jazz,https://i.scdn.co/image/ab6761610000e5eb86f67c69d826be793ba02410,DJ Amir,7
4523NI6nAmHz7N9IVtvFOJ,Electronic,House & EDM,,Turntable Hype,0
4596e2d3KmYzAeVenjCxfj,Hip Hop,Hip Hop/Rap,https://i.scdn.co/image/ab6761610000e5eb5ef812b9c4f227331fe33120,Free Nationals,62
459INk8vcC0ebEef82WjIK,classical,Classical/Orchestral,https://i.scdn.co/image/dd55078caac8105a3799c9d29f5172410da0c904,Erik Satie,70
45ALMSzoLNFkaYxyhS4QZ1,idm,Ambient & Experimental Electronic,https://i.scdn.co/image/ab6761610000e5eb2868ac141b74b40fe9f1a524,Darkstar,24
45OTuDcvTBxpqMEJZiK4FI,Rock,Rock,https://i.scdn.co/image/ab6761610000e5eb14b4f13c38ad2464b9fd0cc3,Charlie Megira,35
45YA14pLFuH7tzNlNFJjXn,Electronic,House & EDM,https://i.scdn.co/image/ab6761610000e5eba7b21e89ca67a6018c5adb4d,russian.girls,1
45g23Apmqo2x4obM7LjmpW,dub techno,Techno & Trance,https://i.scdn.co/image/6c199c5dbbae404ed3373e868bc04aea5c6c39f4,Deepchord,28
45inHjnamn5uQuuRXOnnmN,dub techno,Techno & Trance,https://i.scdn.co/image/ab6761610000e5ebca8bd55fd5ff7b3007560388,Frank & Tony,28
45lorWzrKLxfKlWpV7r9CN,surf rock,Rock,https://i.scdn.co/image/ab6761610000e5ebe52eb587043e72596e870f64,Ben Harper,63
45q77VMb6x9mgH5dAMLDJp,,Unlisted,https://i.scdn.co/image/ab67616d0000b273d73f6d46da36268a7577072b,Sainkho Namtchylak,34
45xTmGxZwjTjf4hTshz27I,nu jazz,Jazz,https://i.scdn.co/image/ab6761610000e5eb7fef5bdae9cf2d63b2a3cfef,Zyggurat,0
462IZGRdyi5i2yThvgmzIB,dansktop,Pop,https://i.scdn.co/image/ab67616d0000b273a3db60b56e49c3e5e1b19f6d,Papa Bue's Viking Jazzband,28
462T0buQ5ScBUQCRpodDRf,retro soul,R&B/Soul,https://i.scdn.co/image/ab6761610000e5eb5b855b0ad3f90d4addabf7f2,Charles Bradley,61
46Ce0QmI1mE2bl5VQ4P9N8,idm,Ambient & Experimental Electronic,https://i.scdn.co/image/ab6761610000e5eb63bc6a4cb7c6c38705acab3b,Lapalux,40
46KGomcx6B13NuFgu6GNT6,cool jazz,Jazz,https://i.scdn.co/image/ab67616d0000b273fd9dc62c526192b2cab4b992,Chico Hamilton Quintet,24
46MOKAqmDsUILZl3iXyPmw,Rock,Rock,https://i.scdn.co/image/ab6761610000e5ebe76d1827002476064584ca6e,Du Blonde,31
46TYNnrpqzYjm5HjaMBVhj,electroclash,House & EDM,https://i.scdn.co/image/3435928191b16152e456fb97d2c329f367f5b73f,Solvent,19
46Unp6DY3Zmy7QS1Fx47yq,classic country,Country/Americana,https://i.scdn.co/image/062bd42b66cc5ea712126327e4c1b0d166f7e0fd,Hank Locklin,40
46VnhKgQTmPBKdJBTuk0D1,experimental,Ambient & Experimental Electronic,https://i.scdn.co/image/ab67616d0000b27397e0a7a0219ca86f746acca9,Cucina Povera,25
46auOkH1pk28rWrSoUNhLo,alt country,Country/Americana,https://i.scdn.co/image/ab6761610000e5eb6e4a8c4569f94c3e04d14f72,Orville Peck,57
46h3caIKtqPlEfRHuSdibg,madchester,Rock,https://i.scdn.co/image/ab6772690000c46c06ae11b1a9367bb178916081,The Beloved,51
46mRV6kvhsGvih0dMKktto,power pop,Rock,https://i.scdn.co/image/ab6772690000c46c2db9fe3f9db600193cccf30f,Wreckless Eric,33
46n0cAhBmsRJZiX6GSFmbf,glam rock,Rock,https://i.scdn.co/image/8ce134ff39b5578f9ed010c1e70809e37a63c730,David Essex,41
46njgd2Rq9tZc4ZjeQMgbh,yacht rock,Rock,https://i.scdn.co/image/ab6761610000e5eb143feea39a3275bfc4ea5f11,Boz Scaggs,60
46uINlifg8d4d1sNVe3AoE,Electronic,House & EDM,https://i.scdn.co/image/ab6761610000e5eb59cb49fac1b7aeeca1270a19,Shy Layers,8
46urSPEzIrRVqKqciwOq2f,free jazz,Jazz,https://i.scdn.co/image/ab02ba6c5148b4ea7b7c1587cd24b1dd9e2fbeab,Jim O'Rourke,27
46xXzoOdtD7SL2PTRq5irp,chamber music,Classical/Orchestral,https://i.scdn.co/image/fa62d4862bf5320a8cb06c762a071f95e730ad39,Leoš Janáček,44
476UnBjd8dIwacvae4WSDz,dub techno,Techno & Trance,https://i.scdn.co/image/ab6761610000e5ebbcc8b7988bad22411a0bb688,Tammo Hesselink,7
478peoEkoKPsTgRiVzkvPl,Rock,Rock,https://i.scdn.co/image/ab6761610000e5ebb3dbb43cd2d7d8cb3f49c6a9,Glasvegas,37
47EuUa98YLFZ0nw2bMQKpC,trip hop,Ambient & Experimental Electronic,https://i.scdn.co/image/ab6761610000e5eb7bc7bc6d58f2b7f81b06e1d8,Peter Kruder,35
47KiFGj9XRfpLHfUHtzxUL,children's music,Novelty/Spoken Word,https://i.scdn.co/image/ab6761610000e5ebd513638a5f0d35e23fc96c36,Hot Wheels,52
47MgVGK1jiCgkj4jbjVqnx,techno,Techno & Trance,https://i.scdn.co/image/ab6761610000e5eb0d013f969c6876fd00ff326e,Phil Berg,21
47UDvjDVedKddLfGWk3keI,minimal techno,Techno & Trance,https://i.scdn.co/image/ab6761610000e5ebd37483c639d28aae9580743a,Robag Wruhme,40
47V6nyjOrUR98qv6gkYssI,Electronic,House & EDM,https://i.scdn.co/image/ab6761610000e5eb41e6b0985ff5c097b9cd61fb,Robot Koch,50
47YmGWaq0LIbK64RWleEEh,dub techno,Techno & Trance,https://i.scdn.co/image/ab6761610000e5ebac2f5343643b59ace1149bcb,Claro Intelecto,25
47ZuSTG3WQaDWkCLc2BhSt,Classical,Classical/Orchestral,https://i.scdn.co/image/ab67616d0000b273ccf82409023dc70ed1f86f5e,Salvador Bacarisse,14
47jpbb07933jSiHmir7yda,hard bop,Jazz,https://i.scdn.co/image/ab67616d0000b273851b8f50fe7de402ef88de3d,Bobby Timmons Trio,34
47meGvCz0CZklN50dgzjmL,Pop,Pop,https://i.scdn.co/image/ab6761610000e5eb472d3692de6ea0f8cf69c790,She Drew The Gun,35
47odibUtrN3lnWx0p0pk2P,free jazz,Jazz,https://i.scdn.co/image/ac30c28c9ba640db9c901cf45b5d429ca1ca0ead,Ornette Coleman,36
47sKkybVg9NVz7IWvTezzy,Electronic,House & EDM,https://i.scdn.co/image/ab6761610000e5eb3115c824384dfedd8e4ee8a1,TAXI KEBAB,33
47tuSUJMhsa3twW6wgKdIW,lullaby,Novelty/Spoken Word,https://i.scdn.co/image/ab6761610000e5eb09566cd2ce988a550b7b40e8,Nursery Rhymes 123,72
47v4sY9QC88CBYTtYaW3tQ,dub techno,Techno & Trance,https://i.scdn.co/image/ab6761610000e5ebbe44c027f75339023a2735e0,Redshape,15
47yvARr7dCOKqvjDVwfbf3,space rock,Rock,https://i.scdn.co/image/ab6761610000e5eb5a0069e1fbc0e15bf454cd86,Gong,36
47zz7sob9NUcODy0BTDvKx,Electronic,House & EDM,https://i.scdn.co/image/ab6761610000e5eb92883b0e094a36d2f43ad284,Sade,80
483bBNsBBCvjAnx2Sc8BHc,Rock,Rock,https://i.scdn.co/image/ab6761610000e5eb5df59edbfd66bdedc25457d5,Gently Tender,16
48C2RLG6w7o4jAJjCJKZM8,idm,Ambient & Experimental Electronic,https://i.scdn.co/image/ab6761610000e5ebd9fb2255799494e5074bb3ec,Shigeto,34
48P6su5lHrVCZtJVXMjJnX,lo-fi house,House & EDM,https://i.scdn.co/image/ab6761610000e5ebc411a549c098cbaea6482321,Bambounou,23
48YxSlb23RAaCd4RyHcV9V,Rock,Rock,https://i.scdn.co/image/661423f5d26a62a4a2947488c2892a6c5c4a5e34,Herman's Hermits,54
48elQHSJ3DmffHQpf89jxX,east coast hip hop,Hip Hop/Rap,https://i.scdn.co/image/ab67616d0000b27350a8b929d44ff747f193dd6d,Group Home,45
48hZklIMPklae2Mssfp8Cx,dub techno,Techno & Trance,https://i.scdn.co/image/ab6761610000e5eb5c385ecd497969da1e25c5ec,Scuba,29
48pg9FROggMJw7RkrJykRS,exotica,Pop,https://i.scdn.co/image/ab67616d0000b273dbd6f8b3382931f19120b11f,Nino Nardini,23
48wMni3Jw152PqRVt9qWV4,techno,Techno & Trance,https://i.scdn.co/image/ab6761610000e5eb960a22e8b3f50d389dbfca23,Ritzi Lee,10
491U1PrV1EoQuhM0aUCn9r,grime,Bass Music,https://i.scdn.co/image/ab6761610000e5ebf4bada629b044a64719b2a5f,M Huncho,64
497rp5TEzJffeBnUT0BeE1,nu jazz,Jazz,https://i.scdn.co/image/ab6761610000e5eb44c2e97b10985c058a7ced1a,Mammal Hands,44
49CE2ffZ6Z3zeYSDauSKck,big room,House & EDM,https://i.scdn.co/image/ab6761610000e5eb234623bc1c596eb2f3d94180,Tungevaag,63
49DW3KvkyjHO35mK1JnSyS,hard rock,Rock,https://i.scdn.co/image/ab6761610000e5eb84dd49fca89ff6df6f2124e5,The Cult,62
49EgLhJzWZZMwlCHlL088h,Rock,Rock,https://i.scdn.co/image/ab6761610000e5eb2220fd32934ebf070d37a767,Malcolm Middleton,25
49GY4uPAwdlk5lSGtfKWYl,uk garage,Garage & Breaks,https://i.scdn.co/image/ab6761610000e5eba94535cbf0720bc150a26ca1,MJ Cole,54
49JvZ17o0VaAmXaJv5kZlv,blues,Blues,https://i.scdn.co/image/c36de36e231dc3a7d7237d62c7ac100ca850ff67,Al Kooper,44
49MSMbc28htL8E1Q5MYr5w,breakbeat,Garage & Breaks,https://i.scdn.co/image/ab67616d0000b273dd47f69668ce64f8922ffffa,214,9
49Wbfyl0FJTjTAa0MQnjtM,acid techno,Techno & Trance,https://i.scdn.co/image/ab67616d0000b2732bfca076f923ecb1dbea2115,Teste,10
49WlsIvcUYj7Awo93hDKgf,baroque pop,Pop,https://i.scdn.co/image/ab6761610000e5eb33ea9b701f4058be2dbfa2d3,The Walker Brothers,42
49b1VNhCJgS0AobrLM0JSb,Electronic,House & EDM,https://i.scdn.co/image/ab67616d0000b27311474f81e5b0ce6f7382625f,Wincent Kunth,2
49du30vgnQZT13tyjnrspT,uk garage,Garage & Breaks,https://i.scdn.co/image/ab6761610000e5eb4ed6012229369057ac9b8cf5,BAKEY,41
49e4v89VmlDcFCMyDv9wQ9,christmas,Other,https://i.scdn.co/image/ab6761610000e5eb63066e18f9af780b2bc73b4f,Dean Martin,70
49gaZqfow2v8EEQmjGyEIw,nu disco,Funk/Disco,https://i.scdn.co/image/ab6772690000c46cee826f3090c979fb0772e925,Todd Terje,47
49iW3yJIUqMeeJ11DjC17a,gabber,Garage & Breaks,https://i.scdn.co/image/ab6761610000e5eb3b976a8f3818cb887b4e1af7,HDMIRROR,17
49jFRUETZfd3qMb92TcWda,children's music,Novelty/Spoken Word,https://i.scdn.co/image/ab6761610000e5eb7c5359422f935db5e836830f,Andrew & Polly,36
49rIehT663IKJuA3c16OkI,ragtime,Jazz,https://i.scdn.co/image/ab67616d0000b27381915b71de216adb8cb5edf7,Ruth Etting,34
49ttCh41vxv6R4r8S2YwXv,doo-wop,R&B/Soul,https://i.scdn.co/image/ab67616d0000b273369a68e6ed077c6eba9e4b9a,The Crew Cuts,45
49zXTngyUTielHTbbH5YKs,jazz,Jazz,https://i.scdn.co/image/99578663e0c86be55bc8686b6bc571eb5712884b,Roy Hargrove,49
4AA474G2hRfrHyGrfyDseO,Hip Hop,Hip Hop/Rap,https://i.scdn.co/image/ab6761610000e5eb32adbe24a9697c362954b2fe,Mozzy,65
4ACplpEqD6JIVgKrafauzs,doo-wop,R&B/Soul,https://i.scdn.co/image/ab6761610000e5ebea4e50a3c95e9024bb990fb9,The Everly Brothers,61
4AR9DghWVyZK6ylUPb8mLI,comedy,Novelty/Spoken Word,https://i.scdn.co/image/ab67616d0000b273cbe0ae33c06842318b69e543,Flanders & Swann,22
4AYkFtEBnNnGuoo8HaHErd,ska,Reggae/Caribbean,https://i.scdn.co/image/ab6761610000e5eb9bcd17a96a1b01fabe28884d,Madness,63
4AZab8zo2nTYd7ORDmQu0V,garage rock,Rock,https://i.scdn.co/image/f0a510f1be43dcb3bc104b2b089342887fa13463,The Dead Weather,46
4AbDWrmJPSOeIbT2Ou60ik,post-hardcore,Punk/Hardcore,https://i.scdn.co/image/ab6761610000e5eb79b451a071a03143b7b9e631,Funeral For A Friend,48
4AflEeXdD0VohMzZvOGo55,jazz house,House & EDM,https://i.scdn.co/image/ab6761610000e5eb361edb1f7bf43da45689910a,Max Graef,33
4AgFg0hHythyklEs4t7XKt,folk rock,Folk/Acoustic,https://i.scdn.co/image/ab6761610000e5eb58f73f0d7598bc31446a2e22,Lindisfarne,39
4AgusFXPk24LCGMMplX34M,Rock,Rock,https://i.scdn.co/image/ab6761610000e5eba3e49b0ad630d4373c7ce8b8,Palehound,39
4Aixcj6XBhqbdEHDKS7QcH,jam band,Rock,https://i.scdn.co/image/ab6761610000e5eb0351cc7de7b0c2c3d3f7837c,Circles Around The Sun,38
4Ajgo7nAsTzjSFymIfBjZ1,americana,Country/Americana,https://i.scdn.co/image/ab6761610000e5eb9a7482d55f535bfe31fd2498,The Felice Brothers,43
4B5oxjbZ2CClTNt8iEiC4n,idm,Ambient & Experimental Electronic,https://i.scdn.co/image/ab6761610000e5ebc851aa38d5a3a997c2975946,Synkro,38
4B9dGfGFvmCa3TZ5MIxs9X,big beat,House & EDM,https://i.scdn.co/image/52465e65d8d00ba8a1f0f1a0bc957364b0dd4744,Mekon,20
4BFMTELQyWJU1SwqcXMBm3,proto-punk,Punk/Hardcore,https://i.scdn.co/image/1d9f0cf8e6d8d51f28369eccd78dca2882fb0d83,The Stooges,54
4BIamAD25vwYldaOWTEsXd,chicago house,House & EDM,https://i.scdn.co/image/ab6761610000e5eb7c337b5ed09fa7e37ce14a2f,Joe Smooth,42
4BO8wK4OAaFsi6PSzs366S,Electronic,House & EDM,https://i.scdn.co/image/ab6761610000e5ebb59b71c8e8bf4fdf8b85ce3c,Ricky Eat Acid,39
4BTcOR2hEQZQQL5AMo5u10,dubstep,Bass Music,https://i.scdn.co/image/ab6761610000e5eb8e8d07525e1f72d4420d0d56,Rusko,46
4BaLB5aiExO29BEGVUisru,organic house,House & EDM,https://i.scdn.co/image/ab6761610000e5ebb2a4119a0219f771bff46e79,Be Svendsen,49
4BmzfIGmnyaxu1REssIgPp,techno,Techno & Trance,https://i.scdn.co/image/ab6761610000e5eb8e62b8710d1a48cfa92cc6f0,Steve Rachmad,22
4BscBE6XCuJCR1ceYuqELH,pinoy rock,Rock,https://i.scdn.co/image/ab6761610000e5eb27bda4c0b858ec20b607bdc5,The Boss,42
4BtDAwCZhR6nPrJtbVgQNX,big band,Jazz,https://i.scdn.co/image/0c71c5da42ae79df947f67293389d0dcb43968da,Fred Astaire,48
4C50EbCS11M0VbGyH3OfLt,Rock,Rock,https://i.scdn.co/image/ab6761610000e5ebdab93a525f5a0a39ee1df01b,Bahamas,60
4CCjWYtowoZyWAl03Iih5P,Hip Hop,Hip Hop/Rap,https://i.scdn.co/image/ab6761610000e5ebfe392f97191056267fb14f0e,Sam Wise,41
4CL0ezfJvQDkDmjMG7XrV0,stoner rock,Rock,https://i.scdn.co/image/ab6761610000e5eb0adea6ca244ba251c6889dbb,Sleepy Sun,34
4CLh84k1pT9WmMC3hkJCiS,lo-fi house,House & EDM,https://i.scdn.co/image/ab6761610000e5eb60bfd34a99e0507f97db9c23,Boundary,20
4CMC2nnStv4EENjKBSDpKR,drone,Ambient & Experimental Electronic,https://i.scdn.co/image/ab6761610000e5eb52a152e1ac4813b5abc4db07,Christina Vantzou,29
4CMdLKWNEoNSLpaJ6QMWYy,jangle pop,Pop,https://i.scdn.co/image/ab6761610000e5eb42ede38264959069fe0a6e89,Kiwi jr.,24
4COjOA6SIsQK0yrDxwnw02,techno,Techno & Trance,https://i.scdn.co/image/ab67616d0000b2737aebc8bc2e2670866f17ffc4,Emmanuel,15
4CSqr95TKzLmNeClcDr219,rocksteady,Reggae/Caribbean,https://i.scdn.co/image/ab6761610000e5eb110c2e4217e723d24fbe29ad,The Pioneers,40
4CSwaQor1zOIE81NFCWHTD,traditional music,Unlisted,https://i.scdn.co/image/ab67616d0000b27349f053f35bf54f37f59099ba,Boua Xou Mua,1
4Cedjq5BQL3MhapRvDpFED,alt country,Other,https://i.scdn.co/image/ab6761610000e5eb07b1a967d9743d13f7c08606,Neko Case,54
4ConIFRNfYYlDlmG2bEy9j,lo-fi house,House & EDM,https://i.scdn.co/image/ab6761610000e5eb1d6a38dd196ed43f6da43cdb,Via App,12
4CvTDPKA6W06DRfBnZKrau,Electronic,House & EDM,https://i.scdn.co/image/ab6761610000e5ebbe918e48bee898ae236c06a1,Thom Yorke,60
4Cx5LnF4WNJIn9SSqyeq9C,shoegaze,Alternative/Indie,https://i.scdn.co/image/ab6761610000e5ebb4e04c0346d2d3062ac2974f,bdrmm,39
4CxFlJDif0atTK3gZebcEf,jazz house,House & EDM,https://i.scdn.co/image/ab6761610000e5eb0f753e4d6fabec3744f15396,Harvey Sutherland,41
4D7jbXC2Jdd9DXG5uZYCCr,musicals,Unlisted,https://i.scdn.co/image/ab67616d0000b273355b62b411e70f697aea7e9c,Annalee,42
4DBi4EYXgiqbkxvWUXUzMi,bluegrass,Country/Americana,https://i.scdn.co/image/ab6761610000e5eba055968bc8c4b9d8901b1e1e,Old Crow Medicine Show,56
4DDiFKfkmzRaZEakCn1gjO,power pop,Rock,https://i.scdn.co/image/ab67616d0000b2735bc4086d95f0917e94e7c38d,The Outcasts,17
4DDkQKn7I5Y3ozo9p3Z5h8,celtic,Folk/Acoustic,https://i.scdn.co/image/ab67616d0000b2736bcefde58a6ebf29ce7c9297,Gunna Sound Ceilidh Band,23
4DF7eSfXVcwmm1fiMW1R1J,jungle,Bass Music,https://i.scdn.co/image/ab67616d0000b27361fa7421c8b02476ba97b7fe,Embee,1
4DFhHyjvGYa9wxdHUjtDkc,alternative metal,Metal,https://i.scdn.co/image/ab6761610000e5eb41472573351dfea479a4ffba,A Perfect Circle,66
4DLYIUgjZAea6vgzGwJUTI,experimental,Ambient & Experimental Electronic,https://i.scdn.co/image/ab6761610000e5eb62384797f9cacaeb024b21d0,KÁRYYN,16
4DO9uZBipcWHEfMXo87yhS,Rock,Rock,https://i.scdn.co/image/ab6761610000e5eb26592af991ee61bda7523be3,The Lovely Eggs,26
4DP9zIr6Htbun1GgKqrUks,proto-punk,Punk/Hardcore,https://i.scdn.co/image/ab67616d0000b27357e8768547af40ad9ba722a0,The Music Machine,26
4DToQR3aKrHQSSRzSz8Nzt,garage rock,Rock,https://i.scdn.co/image/ab6761610000e5eb53835e3606d53fc048e6dac8,The Hives,63
4DbtUTi2WsBNdruAZL2pNz,roots reggae,Reggae/Caribbean,https://i.scdn.co/image/3128af16f496da26edbc6a4c1baee45559af4466,Culture,53
4E9w0bms6HcEppFlWjeW2d,Blues,Blues,https://i.scdn.co/image/00eeaeec05291fb67fb18f3fd459a868642e7594,Bobbie Gentry,44
4EF5vIcCYKMM61oYOG2Tqa,post-punk,Rock,https://i.scdn.co/image/bc69899a0130abfbd16adff2c10ee36ca1fe5358,ESG,41
4EHaaarutllY8ByHlJ7MZv,celtic,Folk/Acoustic,https://i.scdn.co/image/de588b90166fba599b2f82ce0d23f16d3181361c,Battlefield Band,27
4EJP6Qhk6l18LumCcpEfLw,musicals,Unlisted,https://i.scdn.co/image/2f27b88be41ed8e21e7db0cf192385c14736f8a0,Eddie Redmayne,50
4ERjBn7uygVdUH4JQSOzzg,jungle,Bass Music,https://i.scdn.co/image/ab6761610000e5eb12b4f5fbb68140ec3a7df431,Profane,0
4ESIM5V4xT2Ce0ZWPhxIEY,dubstep,Bass Music,,Digital Mystikz,12
4EV7a9KODMBPJTCgIl9Bmk,choral,Classical/Orchestral,https://i.scdn.co/image/273a4b9c5423ba85c70f2b909677bfd8ee83bd45,Morten Lauridsen,36
4EVpmkEwrLYEg6jIsiPMIb,indie folk,Folk/Acoustic,https://i.scdn.co/image/ab6761610000e5eb7d2e812e63d6df77ee087b47,Fleet Foxes,66
4EX9nxtDjM4DuePXb4ea8c,Rock,Rock,https://i.scdn.co/image/ab67616d0000b273f522912c2a2d3604736e7cbf,The Nucleus,0
4Eei4hah8PwbKYcGkXcdEk,footwork,Bass Music,https://i.scdn.co/image/ab6761610000e5ebb9bd4840ef689af64fd4495e,Dudley Slang,5
4EnEZVjo3w1cwcQYePccay,old school hip hop,Hip Hop/Rap,https://i.scdn.co/image/4f36d3f900eaf8381b0d3f5febe0e5bf8c94dbea,N.W.A.,67
4Enq9pPlk2ZdRefy54KZVj,idm,Ambient & Experimental Electronic,https://i.scdn.co/image/ab67616d0000b273d863868d6b8da876e6d2c748,Noumen,1
4EySud7Ww0GNvkwhRYZHLV,electroclash,House & EDM,https://i.scdn.co/image/ab6761610000e5ebae82b6939979ddd244c1b7ac,Chicks On Speed,32
4EzkuveR9pLvDVFNx6foYD,Pop,Pop,https://i.scdn.co/image/ab6761610000e5eb58d57084e75247d33ce25eaf,James Bay,71
4F4nGwhfwU7cI26FXK9ZlE,dub techno,Techno & Trance,https://i.scdn.co/image/ab6761610000e5eb9a73fd54019d4fc7d450ef0c,Etapp Kyle,32
4F7KfJQw9lIXvFydi4TOyi,classical piano,Classical/Orchestral,https://i.scdn.co/image/ab6772690000c46c19b62d4da860e3996ffd860e,Thomas Adès,36
4F7Q5NV6h5TSwCainz8S5A,jazz,Jazz,https://i.scdn.co/image/1e24691a352233bbe989a311d921f17e7892a87e,Duke Ellington,61
4F84IBURUo98rz4r61KF70,garage rock,Rock,https://i.scdn.co/image/ab6761610000e5eb70cc06de8fc28226d4743cd9,The White Stripes,72
4FAEZeJcsYYBkNq2D3KGTV,Rock,Rock,https://i.scdn.co/image/aa4bb75d6dff8cbb79e790e370ee27a40b3a6cc9,Three Dog Night,60
4FNYiwJTOwf4vfyRmE9JHd,bluegrass,Country/Americana,,Gid Tanner & His Skillet Lickers,3
4FZ3j1oH43e7cukCALsCwf,blues rock,Blues,https://i.scdn.co/image/ab6761610000e5eb16204ddc5822afc3e4a1cecf,Jack White,59
4Fgf6RvuWpiwDXSE7Vammx,Jazz,Jazz,https://i.scdn.co/image/5aa5e5e3b2caae03c5a8ebdd2a60d7d717275e46,George Martin,69
4FirQ33WFYSxKUY7KRjGqU,baroque pop,Pop,https://i.scdn.co/image/ab67616d0000b273ef03a351b17260a733b77204,Wendy & Bonnie,27
4FpWLDzdJjx5kjgdvacqmY,Pop,Pop,https://i.scdn.co/image/ab67616d0000b273f035a2dd5a8b7ce071633eda,Lalaine,7
4FrJKQblIjEyw8rbqYHNpU,acid jazz,Jazz,https://i.scdn.co/image/ab67616d0000b273378df454d3a58578ffe603ac,Dream Warriors,28
4FtSnMlCVxCswABUmdhwpm,Rock,Rock,https://i.scdn.co/image/ab6761610000e5eb8a121647ac451ef6397d40cd,Carly Simon,66
4G0XDEk7RbA4BBCTs917U9,slowcore,Alternative/Indie,https://i.scdn.co/image/bdffb6a7b62e1ca1c5d93589064bb67515464abe,Sun Kil Moon,52
4G1BTcGLvvsItegHSvBH0y,drum and bass,Bass Music,https://i.scdn.co/image/ab6761610000e5eb5de4227ee8e7e9bc7f457887,dBridge,30
4G4W57CTe85hPEGZ6hJ0Du,indie folk,Folk/Acoustic,https://i.scdn.co/image/ab6761610000e5eb16d581c0cec6e9203d342946,Tiny Ruins,35
4G5nGqOdBR77N7n8wxxoEx,dub techno,Techno & Trance,https://i.scdn.co/image/ab67616d0000b2731f3ca26c04c853b7351dfcc9,Daniel D,1
4G6HhUUQ1LgyYnA2WJppf8,Electronic,House & EDM,https://i.scdn.co/image/ab6761610000e5ebf2a424b6f0e097f03dec8895,Colin Stetson,45
4G9hEL5mp1Rr4fOPJKtN6L,idm,Ambient & Experimental Electronic,https://i.scdn.co/image/ab6761610000e5eb8ab2ec6c335d4f6f696dfe6f,Takami Nakamoto,6
4GAdDePOvBsOl3n3nVHWpt,chanson,Pop,https://i.scdn.co/image/ab6761610000e5eb115370d6a6b848b0a6f769f2,Jean Ferrat,51
4GBe6ctpZMwMbaRb9KZrNU,musicals,Unlisted,https://i.scdn.co/image/ab67616d0000b273c7f57456a7c701d66cf457fe,Jerry Herman,41
4GGQ9sWnfMReWopmoSIJvy,,Unlisted,https://i.scdn.co/image/ab67616d0000b27313cd13724248af0e7ae906b0,AVID All Stars,10
4GITZM5LCR2KcdlgEOrNLD,Rock,Rock,https://i.scdn.co/image/ab6761610000e5eba9ac31bda8fe26b884522422,The Foundations,63
4GNC7GD6oZMSxPGyXy4MNB,soft pop,Unlisted,https://i.scdn.co/image/ab6761610000e5ebdc9e707b0d0e591e08d3f549,Lewis Capaldi,83
4GolrXXRODq7bAGCod4JoV,idm,Ambient & Experimental Electronic,https://i.scdn.co/image/ab6761610000e5ebccfe06af1538cbffdcaafeb2,Deru,34
4GpIeE34rBNFppvYsWle9c,Rock,Rock,https://i.scdn.co/image/39c58457040228a05233076f346c28bc531cd794,The Fortunes,44
4GvOygVQquMaPm8oAc0vXi,uk garage,Garage & Breaks,https://i.scdn.co/image/ab6761610000e5eb4b7d7580bc3796bb446537fb,The Streets,59
4H2NzNFY2AvDjUK7Vw44zu,idm,Ambient & Experimental Electronic,https://i.scdn.co/image/ab6761610000e5eb37436e29ab81c20b34211063,Blixaboy,1
4HCubdy7diarb4KZo8etrq,jangle pop,Pop,https://i.scdn.co/image/ab6772690000c46c1e121f1a16dead651b2157f3,The Go-Betweens,42
4HIlGAn7Bwq5edqag1GJDr,acid rock,Rock,https://i.scdn.co/image/ab67616d0000b273394ee71804083cfc4b34d4ff,MU,15
4HLWX9kzfraiCsTvrxJEXm,post-punk,Rock,https://i.scdn.co/image/ab6761610000e5ebb24ba09a762dfce961c60d81,The Chameleons,47
4HOsFnbVyWoaOoUz5Lc2UD,uk garage,Garage & Breaks,https://i.scdn.co/image/ab67616d0000b2731540741a87407690ef12d4f4,10 Below & Kele Le Roc,30
4HQfLwDN0RuR9rK7Q0Pwtc,Stage & Screen,Soundtrack/Instrumental,https://i.scdn.co/image/ab67616d0000b273c2fb763f78c44c5a924d718b,Len Stevens,7
4HTeV4HQbxq5kzapk9MtlI,country blues,Blues,,Ed Young,12
4HVmeVTQBgvTuvjB1JYwaf,Rock,Rock,https://i.scdn.co/image/ab6761610000e5eb5bded74a595b36d42732f9a7,Gilbert O'Sullivan,60
4HWOhwkwAnSYRg7DIB0nVl,neo-psychedelic,Rock,https://i.scdn.co/image/ab6761610000e5eb66dd7329456226263a8e9e69,Floral Image,15
4HXtFN7bAZUp0GtsRRpzW2,vocal jazz,Jazz,https://i.scdn.co/image/ab6761610000e5eb91b0cabd49282eb047461eb8,Sarah McKenzie,41
4HYbhQ5pU0nd3LIQmCXfgy,,Unlisted,https://i.scdn.co/image/ab6761610000e5eb52dab6e726b031affb9a00f3,Toby Corton & His Band By Chance,0
4HjcH8bqJm9TIwHGhvRIC8,,Unlisted,https://i.scdn.co/image/ab67616d0000b273f44936412fdc328fae02b2f6,The Cockney Bar Singers,16
4Hl6TEQAFgH0XrZq4f8okX,jazz house,House & EDM,https://i.scdn.co/image/ab6761610000e5eb472418002e32f94038207fd4,Session Victim,47
4HrCsxMRWFsSi8Vf0qBjK4,post-punk,Rock,https://i.scdn.co/image/ab6761610000e5eb7f5c9eb66f3f9d4f5c1aecf4,Silverbacks,16
4HttgOXydeewsSHPPF22tb,Electronic,House & EDM,https://i.scdn.co/image/ab6761610000e5ebd13d4d254e37fd7818effe38,Bokito,4
4Hva7q9dBApev6ZoQM8LX7,idm,Ambient & Experimental Electronic,https://i.scdn.co/image/ab6761610000e5eb46cf5a7241d4811965e0bf9b,Chevel,4
4HwlolvniI44ETSg5tajeZ,idm,Ambient & Experimental Electronic,https://i.scdn.co/image/ab6761610000e5eb294dd02739944e1c481d0410,DjRUM,44
4I2BJf80C0skQpp1sQmA0h,baroque pop,Pop,https://i.scdn.co/image/ab6761610000e5eb6a456088b3e6c53b6501502c,Belle and Sebastian,58
4IAWVxo2fpTBPn6k7GZ3eY,neoclassical,Classical/Orchestral,https://i.scdn.co/image/017bf244ebfd64277d6ae3b4f2c817884aa96f1a,Francis Poulenc,50
4IDMgbEiCgt9G7PRN62mrV,vaporwave,Ambient & Experimental Electronic,https://i.scdn.co/image/ab6761610000e5eb7ca3b33c211f6da1166bb15f,Memorex Memories,38
4IDoKaZIEacb3QncU8RQMp,Rock,Rock,https://i.scdn.co/image/38bb974dcf1093e28db0e8a5185b1c574d74d3ee,I Am Kloot,35
4IEpQR24sUgq6BQw2MdZIy,neo-psychedelic,Rock,https://i.scdn.co/image/ab6761610000e5eba3831458786e62fc8bd1df70,GHOSTWOMAN,53
4IPgYadxyrcxSMJwUE0q1X,french house,House & EDM,https://i.scdn.co/image/ab67616d0000b2732781adeab176ac7c0ea5d589,Puzique,6
4IT7CS5foj1DTNHT7fjFx2,Rock,Rock,https://i.scdn.co/image/ab6761610000e5ebbebfb7501c6a67e4ee67b5c0,The Music,37
4ITyby2i26NhM69kXNpIdR,free jazz,Jazz,https://i.scdn.co/image/ab6761610000e5eba0c89ae19acf344b25b528fa,Ben LaMar Gay,31
4IVlorYhuVoIUWg6HVx6DK,tech house,House & EDM,https://i.scdn.co/image/ab6761610000e5eb2a84fc39b94d311d29b3a77c,Stefano Noferini,31
4IYYmybW7zLRFIPnOjBUUO,Pop,Pop,https://i.scdn.co/image/01ba128675f08fb0df31c4b449d03e713a651cf6,Frank Ifield,34
4IeWU3NYBI9mISFVhzXG8f,post-punk,Rock,https://i.scdn.co/image/ab6761610000e5eb9668c80b0c623e06486ec7f1,shame,51
4IexN10iBaLP2CDVLl6rDB,idm,Ambient & Experimental Electronic,https://i.scdn.co/image/ab6761610000e5ebc792cf2a158bde048ff23a71,Brainwaltzera,21
4IlLIwRcekFJD17BTzo8fq,Non-Music,Novelty/Spoken Word,,Charles Penrose,6
4IwOItqRhsIoRuD5HP4vyC,post-rock,Alternative/Indie,https://i.scdn.co/image/ab6761610000e5ebc3105c7919e51ae6d1e6dfff,Slint,43
4J3wzDMI97AlGimdiVcaLb,Electronic,House & EDM,https://i.scdn.co/image/ab6761610000e5eb4966e4e381d965b236a4e389,Crazy Frog,62
4J40QxeLUmTv8D2gwXLKMV,techno,Techno & Trance,https://i.scdn.co/image/ab67616d0000b27394122d7114ffc6698769e223,Christian Wunsch,7
4J69yWrKwWJgjv3DKTZcGo,psychedelic rock,Rock,https://i.scdn.co/image/ab6761610000e5eba3c19f64ce2e9252b4c643f7,Big Brother & The Holding Company,56
4JBXPj21sTqOZvgQurUJoP,dub techno,Techno & Trance,https://i.scdn.co/image/ab6761610000e5eb5a956f142b7c3ac01be9f4f2,Deepbass,22
4JC8PfKoENbnkxLB2k3ZGo,noise rock,Alternative/Indie,https://i.scdn.co/image/ab6761610000e5eb4051b60766e207af91479936,LICE,8
4JG2Uz00XKYdOZmvcLwrUH,Electronic,House & EDM,https://i.scdn.co/image/ab67616d0000b273737c534dee320650a8f8f850,A2M,44
4JGolzSDxO4dKmQdIg8IAT,son cubano,Latin,,El Guajiro y su Changüí,0
4JHlHSUko0ivu6fXYT8J2q,vocal jazz,Jazz,https://i.scdn.co/image/2fbd901475cbd3b4eef48fa7475cc01a385e612b,Helen Merrill,38
4JJDQ84XaPTjarhSact0wr,son cubano,Latin,,Melquíades y su Changüí,0
4JSWO1Pf2zV991fq64uAce,classical,Classical/Orchestral,https://i.scdn.co/image/f1e0eb85efe201fb8ab57cd4fda8ce684f1e912c,Jean-Philippe Rameau,56
4JVT1I5OzHwHaQS7DcSclG,Rock,Rock,https://i.scdn.co/image/ab6761610000e5eb6467ed52e4052ecd6e3b8540,Dogs Die In Hot Cars,16
4JbEtjWr7GckhEGUR1Vyk5,Electronic,House & EDM,https://i.scdn.co/image/ab67616d0000b27399ccf2555ff556337ef5dca7,Fade,11
4JbmXqez7WvTggoxn3UpVT,miami bass,Hip Hop/Rap,https://i.scdn.co/image/ab6761610000e5eb156aef8c73890e10b60e94d4,Ghost Town DJs,50
4JfFdF9Row7UXtdsKtT6tc,Funk / Soul,Funk/Disco,https://i.scdn.co/image/d50f417de87096c31822c2349cb3534821ac7bec,Darondo,55
4JvZfXWJE3cC2lNCOaNlvT,Classical,Classical/Orchestral,https://i.scdn.co/image/ab67616d0000b2738901fe311948283732fa7669,Frédéric Metthé,11
4K5Dosv1aTGnVJzfv6QilI,jungle,Bass Music,https://i.scdn.co/image/ab67616d0000b273dd416daf6b7c558409f31066,Lemon D,25
4K6SrfGnkgHak2f007UkvB,acid house,House & EDM,https://i.scdn.co/image/ab67616d0000b273cd23b2c296324c96fb1818ce,Jerome Hill,14
4K6blSRoklNdpw4mzLxwfn,bollywood,Soundtrack/Instrumental,https://i.scdn.co/image/ab6761610000e5ebc7d2a4212ee745b2c72298e0,Kumar Sanu,81
4KDyYWR7IpxZ7xrdYbKrqY,blues,Blues,https://i.scdn.co/image/ab6761610000e5ebe86f788af4e127154da1257f,Bonnie Raitt,61
4KGNjRvBeqS7wDrExXVN8a,grime,Bass Music,https://i.scdn.co/image/ab6761610000e5eb5888e85cf6ef199b09d37109,Lethal Bizzle,46
4KHhtpAKJXpXlMvvv7vaE7,psychedelic rock,Rock,https://i.scdn.co/image/ab67616d0000b273f4809142d8b55ba954d8e8eb,Rainbow Ffolly,13
4KKx8fVJ0y7EcpmYZ42jPc,ambient,Ambient & Experimental Electronic,https://i.scdn.co/image/ab6761610000e5eba6c188ebb708083dc4f531b4,Matthewdavid,14
4KT7MVScl2ZwwX6uDUJIEL,techno,Techno & Trance,https://i.scdn.co/image/ab67616d0000b273d098b784e8144f53f8623d6b,Cleric,23
4KWTAlx2RvbpseOGMEmROg,jangle pop,Pop,https://i.scdn.co/image/ab6761610000e5eb6334ab6a83196f36475ada7f,R.E.M.,76
4Kc2fveBGCYTxAmmAzkXDB,Reggae,Reggae/Caribbean,https://i.scdn.co/image/ab6761610000e5eb96d429cd067a3f3bcaf54541,Devon Thompson,24
4Kgu9tJgtNXTWMjefKahs9,Stage & Screen,Soundtrack/Instrumental,https://i.scdn.co/image/5daabc4155b1463c88d6dc0abcb1876488284aa2,Ethel Merman,26
4KhnLZjONKS3nuYzXoqoXi,garage rock,Rock,https://i.scdn.co/image/ab6761610000e5eb3566995997d98874c451a952,Naked Giants,34
4KoZpKiPeX4jIi7Euwcfuo,sludge metal,Metal,https://i.scdn.co/image/ab6761610000e5eb40b0465fe3765cb99e3d42cd,Thou,39
4KtyUYo9zaM9YggIVc7uxx,neue deutsche welle,Pop,https://i.scdn.co/image/ab6772690000c46c3e32dd1f8ba048b48a1965d7,DAF,38
4Kxlr1PRlDKEB0ekOCyHgX,k-pop,Pop,https://i.scdn.co/image/ab6761610000e5eb597a4257d0022e2ac837fa7d,BIGBANG,73
4KxpqghQTX2FlkzsbG3ENk,breakbeat,Garage & Breaks,https://i.scdn.co/image/ab6761610000e5eb7b96aa283dd41bb3d8ff7dde,Simo Cell,24
4L0cvilAUftrwPATc9HYVF,acid techno,Techno & Trance,https://i.scdn.co/image/ab67616d0000b2732a5a04d27618ce601169b0a7,T.Russ,4
4L7TL4CnvDR3iZQuVy6ESm,musicals,Unlisted,https://i.scdn.co/image/ab67616d0000b273bd8ebafdbc2ea4e2461a5d29,John Tartaglia,40
4L8MIM7AXmq6jb0tRix4JT,uk garage,Garage & Breaks,https://i.scdn.co/image/18b2e34cf44165f2c1f6097575402823748019dc,Artful Dodger,47
4L9xEztn5PKQIO5WnI5W3u,hard bop,Jazz,https://i.scdn.co/image/7fbf7ccd805c89040d26baa76944e44df021e220,Art Farmer,41
4LC4vkseYrSEDd6MjZvOO9,experimental,Ambient & Experimental Electronic,https://i.scdn.co/image/ab6761610000e5eb6104418926fd1f7e2eeb9f1e,Lucrecia Dalt,41
4LDGZjp3cypYdZrsgapDV2,liquid funk,Bass Music,https://i.scdn.co/image/ab6761610000e5eb508134b12e05c8bb6eb91891,Naibu,27
4LEiUm1SRbFMgfqnQTwUbQ,Rock,Rock,https://i.scdn.co/image/ab6761610000e5eb1a0c1f04c95539fd55ef0ebb,Bon Iver,79
4LG4Bs1Gadht7TCrMytQUO,indie,Other,https://i.scdn.co/image/ab6761610000e5eb6c87e9e995eedad42e73dcc4,The Shins,63
4LIRWeEa6WgyAzH1mjYAPx,post-punk,Rock,https://i.scdn.co/image/ab6761610000e5ebae59106eca5fcef58e4fbd5a,Liquid Liquid,33
4LLrhUqUv2Mi1NhHz0pjXd,french rap,Unlisted,https://i.scdn.co/image/ab6761610000e5ebe27b9b3b6f3838a470c08b92,Le Motel,43
4LRsjW7ygBG4oiTRn08gEx,Jazz,Jazz,https://i.scdn.co/image/ab67616d0000b273a4cce271cb8c8c6d8a59129b,Peter Nero,31
4LUOGNccPSilRIm4Jcflg2,Hip Hop,Hip Hop/Rap,https://i.scdn.co/image/ab6761610000e5ebec705a9e43d8c467682df8de,Shaznay Lewis,21
4LZU1nFzdv7Fub6MtIEStf,space rock,Rock,https://i.scdn.co/image/e3457668c04ba23a24cbcbb06b2741a63d83c8f9,Eric Copeland,15
4LgaDOxBtDK4KvEarwuiQL,jazz,Jazz,https://i.scdn.co/image/ab6761610000e5ebc57bc03e30dcab36325d9e65,Rob Luft,31
4LhV33vJvXmFGSM3m5RzUR,Rock,Rock,https://i.scdn.co/image/ab6761610000e5ebde3689a40f0288f48d73c5ac,Blake Mills,45
4LlDtNr8qFwhrT8eL2wzH4,Pop,Pop,https://i.scdn.co/image/ab6761610000e5eb65333161d739106196bfdb05,The Hoosiers,48
4LsGYPZ7C6Ni45pHgrUvo7,drone,Ambient & Experimental Electronic,https://i.scdn.co/image/ab67616d0000b27325ac4fcff21e00ba7606a41f,Akira Rabelais,16
4LtIfuFeAamus9OOItuWDD,acid jazz,Jazz,https://i.scdn.co/image/ab6772690000c46c39dc57fc90d22917bc6244d3,Us3,51
4M0tHpURzEDN5CerMKmQnB,traditional folk,Folk/Acoustic,,Lee Sexton,5
4M1FpEWs2PeYfJe7xxJfhH,Electronic,House & EDM,https://i.scdn.co/image/ab6761610000e5eb1052b77abd7f89485562d797,Freddie Mercury,62
4M5nCE77Qaxayuhp3fVn4V,indie folk,Folk/Acoustic,https://i.scdn.co/image/ab6761610000e5eb6554f29133d7e27979e009d7,Iron & Wine,66
4MTSrVgHNfGtYV9pek8vY5,jangle pop,Pop,https://i.scdn.co/image/69679b876084689ac93a8f426708b2aec2965645,The Blue Aeroplanes,27
4MXUO7sVCaFgFjoTI5ox5c,baroque pop,Pop,https://i.scdn.co/image/ab6761610000e5ebd3dfaf556b10df573a5ab1f5,Sufjan Stevens,74
4MflsXABg2VC9Powgd7JCF,uk garage,Garage & Breaks,https://i.scdn.co/image/ab6761610000e5ebc7a48fa52157a18655653431,DJ Luck & MC Neat,48
4MlLVFHiA4e7BU7vQ4r5Lh,jangle pop,Pop,https://i.scdn.co/image/ab6761610000e5eb7e3f3f939ef46f253633a588,Television Personalities,33
4MmPhSWzK6ksBGuUNLqSQc,Jazz,Jazz,https://i.scdn.co/image/ab67616d0000b27318a84555441a8749237e2cc3,Rebekah Del Rio,21
4MswQnojZK1oRaxNsACqjv,uk garage,Garage & Breaks,https://i.scdn.co/image/ab6761610000e5eb7c647c28177562c019926be8,Wookie,40
4NArCLoaLaa9cQkm2dk3PP,post-punk,Rock,https://i.scdn.co/image/ab6761610000e5eb1e8bd77e04eb5d05fe462161,Italia 90,20
4NE1CVLnv7AmiqvU4w1kUQ,space rock,Rock,https://i.scdn.co/image/ab6772690000c46c5bba79be560202ebe166f003,Exploded View,25
4NJhFmfw43RLBLjQvxDuRS,classical,Classical/Orchestral,https://i.scdn.co/image/ab6761610000e5eb7fa9108c6dadb8c3ec21da88,Wolfgang Amadeus Mozart,78
4NMgXxIMZeiJ5PqxdA0t6q,nu jazz,Jazz,https://i.scdn.co/image/ab6761610000e5eba0a349d2fe27b4bee1ab3d44,Skalpel,37
4NMkJqM1SsQP3gk81cqk6K,garage rock,Rock,https://i.scdn.co/image/ab67616d0000b2736d7a257b43b32f1144f14752,The Strangeloves,28
4NZM5xKuDpGc4vEHDwGO1Q,trip hop,Ambient & Experimental Electronic,https://i.scdn.co/image/ab6772690000c46c40d0480c9de69b9ece466e87,DJ Food,33
4NZdYuSlqlg56KtQCeTb5W,,Unlisted,,Kid Ory's Sunshine Band,2
4NgfOZCL9Ml67xzM0xzIvC,classic rock,Rock,https://i.scdn.co/image/ab6761610000e5ebbf0ee2c099003f6886e4da0c,Janis Joplin,64
4NpFxQe2UvRCAjto3JqlSl,rock,Rock,https://i.scdn.co/image/ab6761610000e5eb301eb2b9d83cf86efa024ccb,Greta Van Fleet,68
4Nu0EL8c5d2vFHPOcNjlBP,jangle pop,Pop,https://i.scdn.co/image/ab6772690000c46c5b29a85ebfee557520aa1382,The Pastels,35
4NxevFKr3yFvhjmHzx9LiC,post-hardcore,Punk/Hardcore,https://i.scdn.co/image/ab67616d0000b273d19e5bef15dc1a57816fe2d7,YOURCODENAMEIS:MILO,11
4O1s9iVG46lSn1mD9ek1ES,acid house,House & EDM,https://i.scdn.co/image/ab6761610000e5eb60b1a6e9bf9a30e28851ee68,K-Klass,45
4O6AfaKMmSDfqMN9yNBzmN,acid techno,Techno & Trance,https://i.scdn.co/image/ab6761610000e5ebec7a2e15c8dc663035542e89,Under Black Helmet,27
4O71i7ke5iIBX6RNSFoZbS,minimal techno,Techno & Trance,https://i.scdn.co/image/ab6761610000e5eb9945ffb28d032cea141fc5c3,trentemøller,49
4O8NcI06slOnzcloI95qfe,Rock,Rock,https://i.scdn.co/image/e9567079da04bf962c608d5a66b905b40457a878,John Phillips,14
4OBt2MzBg9UmaACOI95QcX,idm,Ambient & Experimental Electronic,https://i.scdn.co/image/ab67616d0000b273ca46b2cae57b6e6e4074e62c,Placid Angles,32
4OJgcDY2LiSjD0rKNygzH7,minimalism,Classical/Orchestral,https://i.scdn.co/image/ab6761610000e5eba987b5596949be942d6cc2de,Daniel Brandt,17
4OOlG5eBXSkSAAEeKjJb5Y,Rock,Rock,https://i.scdn.co/image/ab6761610000e5eba0209ee74b29cd4b1538b6e0,Courtney Barnett,53
4OPTZC24954HYBeHKeoLSc,grime,Bass Music,https://i.scdn.co/image/ab6761610000e5eb208bbe84f6180e8087e22f99,Novelist,46
4OPV5x0WuglgLiOiD7up8E,liquid funk,Bass Music,https://i.scdn.co/image/ab6761610000e5eb388cb93837a899091df78b54,RoyGreen & Protone,29
4OW0w5K2UNaWtbpRqzWqI0,acid house,House & EDM,https://i.scdn.co/image/7fbdab62e71b7d8740e8b9ca73b84d99742f419b,Joey Beltram,34
4Oap2IENIEz04vq19bn7MV,Rock,Rock,https://i.scdn.co/image/8a4b7b7a752c778b4e71dafea1dc660cb4a144fa,Telegram,8
4OihBPCQzR4GfbzqOY69Xm,classical,Classical/Orchestral,https://i.scdn.co/image/397c307dfd4e9aec9fe266ead8de89a28408ca99,Jacques Offenbach,56
4Oj1cFCMX4LgHuNsgQJBr8,Pop,Pop,https://i.scdn.co/image/ab67616d0000b273697597dfd9b4cae71b990757,George Formby,30
4Ok1Cm5YX5StCQZgH0r2xF,dubstep,Bass Music,https://i.scdn.co/image/ab6761610000e5eb6a00a94a60e66f14368fc957,PEEKABOO,54
4Ol9S3QuVEVdbXfSjM6ZdQ,blues rock,Blues,https://i.scdn.co/image/ab6772690000c46cb694401d19da4bc1da0584e4,The Shouting Matches,31
4OogVxC2vWAsXsTYXctXi1,Rock,Rock,https://i.scdn.co/image/ab6761610000e5eb48f951ffc358bb73d987347e,Loose Fur,26
4OrieSJUghNfNx5UuPCgxF,comedy,Novelty/Spoken Word,https://i.scdn.co/image/71f1d9f48ea0176ccb1e4bea3925c39b4af9b3b5,Robin Williams,48
4OrizGCKhOrW6iDDJHN9xd,shoegaze,Alternative/Indie,https://i.scdn.co/image/ab6761610000e5ebd1d8fe5d58e2465b148fbb92,DIIV,51
4OrrjMGltjy6ojX6034f8u,folk rock,Folk/Acoustic,https://i.scdn.co/image/ab6761610000e5ebc26b341d2f600a466e229f90,Steeleye Span,38
4Otx4bRLSfpah5kX8hdgDC,old school hip hop,Hip Hop/Rap,https://i.scdn.co/image/ab6761610000e5eb4cfb4db377be25e51eecc324,Naughty By Nature,62
4P0dddbxPil35MNN9G2MEX,west coast hip hop,Hip Hop/Rap,https://i.scdn.co/image/ab6761610000e5eb608ba101d4ff74222a6d5e5d,Cypress Hill,69
4P70aqttdpJ9vuYFDmf7f6,new age,New Age/Meditation,https://i.scdn.co/image/ab6761610000e5eb4eb15436c35fface06216543,Vangelis,63
4P9XqM8gl12AiZKDIAR5c3,acid techno,Techno & Trance,https://i.scdn.co/image/ab6761610000e5ebbaadfd3c0ee38201d8a56a3c,Cassegrain,12
4PCeJ2EIn3YtzYYRsHHWyy,uk drill,Hip Hop/Rap,https://i.scdn.co/image/ab6761610000e5eba52c06db1fa9b996f3e40f8a,GRM Daily,57
4PDpGtF16XpqvXxsrFwQnN,jazz,Jazz,https://i.scdn.co/image/ab6761610000e5eb66a78e11df5c02af9346db02,Thelonious Monk,54
4PGqDzPCkNhkLPTqCkYRPC,Rock,Rock,https://i.scdn.co/image/ab6761610000e5eb7e4e43d453fac71d41df4674,Fufanu,8
4PLsMEk2DCRVlVL2a9aZAv,Rock,Rock,https://i.scdn.co/image/ab6761610000e5eb94863b9e8d9506c1dd5c1ad4,SOAK,45
4PNIQCDBeVCSSqKUhvkP8Y,hard bop,Jazz,https://i.scdn.co/image/ab6761610000e5eb1959b2e2c23f3aca929bbf57,Horace Silver Quintet,35
4PWm0R7GT00XJa3TIFoUT4,idm,Ambient & Experimental Electronic,https://i.scdn.co/image/ab6761610000e5ebe2eefa10937c4247e95d396f,Sky H1,25
4PWqvc4ydEyoyBhXPOxDyy,garage rock,Rock,https://i.scdn.co/image/eb0b995f0f36ede151e7df411537eae41532e347,Harlem,34
4PcLkq6IefIYiRWLXOfwKA,classic country,Country/Americana,https://i.scdn.co/image/ab6772690000c46c61de67dc9659fad3f0d929d4,Porter Wagoner,44
4Pmdt8qJTYHaSnkdY4dnIe,minimal techno,Techno & Trance,,Jay Haze,28
4PpmBoqphQusNFsxuVKb6j,,Unlisted,https://i.scdn.co/image/ab6761610000e5ebee0a8f7e1d62e21b3b61a066,Paula Abdul,56
4Pq4q4prafRtMOXeSImXJC,,Unlisted,,New Orleans Rhythm Kings as Friars Society Orchestra,0
4Ps6q34DtWOueT2tJtwE5l,ambient,Ambient & Experimental Electronic,https://i.scdn.co/image/ab6761610000e5eb84cc551afe8dae15d01c6bd4,Carmen Villain,23
4Pt1HZtuJwrQB8l0ES5iTX,dream pop,Alternative/Indie,https://i.scdn.co/image/225e52730b148d91fbf3627b25353857a2144807,Julee Cruise,49
4PztbfCny3X9gBjlpgvjYo,americana,Country/Americana,https://i.scdn.co/image/ab6761610000e5eb5f84761913bc7c005a1d46d0,Aaron Lee Tasjan,32
4Q82S0VzF8qlCb4PnSDurj,baroque pop,Pop,https://i.scdn.co/image/a832eaa4d4ff006a419610c2c5d37140efa00225,Brian Wilson,43
4QLCqJ3RSF3y6DdvboPk9m,acid techno,Techno & Trance,https://i.scdn.co/image/ab67616d0000b27309949e2590da778b71575bdb,Thomas P. Heckmann,30
4QQgXkCYTt3BlENzhyNETg,funk,Funk/Disco,https://i.scdn.co/image/ab6761610000e5eb9722e16a886767adf1178f92,"Earth, Wind & Fire",77
4QTVePrFu1xuGM9K0kNXkk,Rock,Rock,https://i.scdn.co/image/ab6761610000e5eb22b24b0c36be490f043d032a,Dexys Midnight Runners,64
4QWmN97HRZya55JvxN3I5a,bassline,Bass Music,https://i.scdn.co/image/ab6761610000e5eb2b1ea2abe6357e7bdcd84d69,Taiki Nulight,53
4Qk0lWGeXydDvfrDufDQ9p,Rock,Rock,https://i.scdn.co/image/53b2ec36bb497e32f6eda297ed65a54f21114e20,Richie Havens,42
4QkSD9TRUnMtI8Fq1jXJJe,indie,Alternative/Indie,https://i.scdn.co/image/ab6761610000e5ebd17078227246fc97957c7108,Snail Mail,46
4Qnrc8NaVlbQTnmg8HeFIj,krautrock,Alternative/Indie,https://i.scdn.co/image/ab67616d0000b273f1de8a8ef9740e71de7c408e,Sand,5
4QonkOS6ybWrJVYFWEHMZY,outlaw country,Country/Americana,https://i.scdn.co/image/ab6761610000e5eb3ee4e2537febe00d858e5a6f,Terry Allen,35
4Qz9OgdlxVjgUPFHT2oGzR,garage rock,Rock,https://i.scdn.co/image/d2969b11199e15403e28311eb7126351d6c406ad,Hooded Fang,27
4R073T3AVJKqAsbzLmLW9u,cold wave,Unlisted,https://i.scdn.co/image/ab6761610000e5ebd7afb37c9883b8ce16447779,John Maus,54
4R7b9AZ2Yf97YaEDpjv8j8,footwork,Bass Music,,DJ Killa E,0
4R90PNicCsCsEoRm8XwiMS,ska,Reggae/Caribbean,https://i.scdn.co/image/590cebd41abd84a84337ebd203b409338643932c,The Beat,47
4RN2vlFWepLa46qQIU2PHs,chanson,Pop,https://i.scdn.co/image/ab6761610000e5eb4dfecaf883652dc5600ba055,Jacques Brel,57
4RN8pUdphaky5GRL8rUL6P,drone,Ambient & Experimental Electronic,https://i.scdn.co/image/ab6772690000c46c4aab11a4696817dde1e0eb4a,Roly Porter,19
4RVnAU35WRWra6OZ3CbbMA,dance pop,Pop,https://i.scdn.co/image/ab6761610000e5eb671d41bdcf5b7132878523b9,Kylie Minogue,73
4RYJS653eJmGN2DRm1LcCA,Rock,Rock,,Harry Crews,0
4ReGayOtLkcAsNi6d2n7LS,blues,Blues,https://i.scdn.co/image/98738dc63900641990d3428bd468b9aced1f33bb,Snooks Eaglin,32
4ReoJ2faKfdjI0plizlL56,darkwave,Ambient & Experimental Electronic,https://i.scdn.co/image/ab6761610000e5ebfc8fa59ab6b6f52714feffec,Sextile,44
4RiS9upIWfYxyu1HqjMWt6,dub techno,Techno & Trance,https://i.scdn.co/image/ab6761610000e5eb1b745c1d8c011778f9768904,Exos,26
4RoSFlSfHkTux15j7kUIAc,doo-wop,R&B/Soul,https://i.scdn.co/image/ab67616d0000b27323547ad6a1bff03a0d60dd3d,Phil Phillips,31
4RozeU8Gb3RQ9qqsEbf3JT,Pop,Pop,https://i.scdn.co/image/ab6761610000e5ebc54871fd5f9c84b829cdf85d,Anna Domino,34
4S05GVttpg3rjOte0SX749,Electronic,House & EDM,https://i.scdn.co/image/ab6761610000e5eb3229bc892f16ffb4c6a7c48e,Hilary Woods,31
4SPws2VXOmZIiRTp75mzsb,big band,Jazz,https://i.scdn.co/image/ab67616d0000b273a6a5f7308b268b96225ac01c,Charlie Barnet,30
4SQdUpG4f7UbkJG3cJ2Iyj,neoperreo,Latin,https://i.scdn.co/image/ab6761610000e5ebb7054b0057443749b505dbdd,Arca,61
4STHEaNw4mPZ2tzheohgXB,Electronic,House & EDM,https://i.scdn.co/image/ab6761610000e5eb03bf2fe26e397122faa3d323,Paul McCartney,73
4SkLPRjzPXh6d5n32Vypy5,indie soul,R&B/Soul,https://i.scdn.co/image/ab6761610000e5eb654f9272ef47a7bf65b88d61,Lord Echo,48
4SqRQprhiFuELVUXfe3Lct,,Unlisted,https://i.scdn.co/image/ab6761610000e5ebd6c6d613e9cb416e4f642fb2,Frisky & Mannish,0
4Sw0SFu1fFdYXdAEVdrqnO,slowcore,Alternative/Indie,https://i.scdn.co/image/ab6761610000e5eb5d0b68b962a3d96e3676e133,Mount Eerie,44
4T795JhhCZMWM01DLcX98p,variété française,Unlisted,https://i.scdn.co/image/ab6761610000e5eb080aefa65a57d165c90923da,Michel Delpech,53
4T8Z2MuOWpnhGzTTSOz0Rj,southern gothic,country/Americana,https://i.scdn.co/image/ab6761610000e5ebc4c3ea61f75aae3a97bd0636,David Eugene Edwards,25
4TMHGUX5WI7OOm53PqSDAT,jam band,Rock,https://i.scdn.co/image/ab6761610000e5ebe9aa458c09e4cf7c32232f4a,Grateful Dead,68
4TPTW3cTwUtiihgOMSQfmy,electrocumbia,Other,https://i.scdn.co/image/ab6761610000e5eb1561734cc5bf93599d70ffaf,Mexican Institute Of Sound,47
4TRWlrXoRqqfC2BkJ6fLa0,Electronic,House & EDM,https://i.scdn.co/image/ab67616d0000b273ffdaf2424e470f531b9d1b42,Metropolis,15
4TXdHyuAOl3rAOFmZ6MeKz,space rock,Rock,https://i.scdn.co/image/ab67616d0000b273a360e9c19c0addcb080ede8d,Six by Seven,14
4TkCMPznXOjlsYLfzIU1rw,anime,Soundtrack/Instrumental,https://i.scdn.co/image/ab6761610000e5eb7c3e821249e3b4455323cc6d,Geek Music,64
4TlzX7s6kuZDtiBpsopcBf,jazz house,House & EDM,https://i.scdn.co/image/ab6761610000e5ebf78db90c9a2727a8d298cc47,Motor City Drum Ensemble,36
4Tnc4g8mubYvBJW2WK7zYx,grime,Bass Music,https://i.scdn.co/image/ab6761610000e5eb4daa352e4a8d8ce6c00444ac,Inkke,3
4To1Px6Ab8Q3z9C3L49dY5,,Unlisted,,Sleepcaster,0
4Tvos0a5rRrBu4Oodu5f79,Rock,Rock,https://i.scdn.co/image/ab6761610000e5eb5e9eb9cd9c7fe28bf800ab66,Julian Lennon,43
4TysFpMssaAsBomBur7jpK,neo-psychedelic,Rock,https://i.scdn.co/image/ab6761610000e5eb981144b3c9dc206c9da15e9c,Rose City Band,37
4Tzunwe7m9sBMSsmEV49Qo,drone,Ambient & Experimental Electronic,https://i.scdn.co/image/ab6761610000e5eb37e66ce5f20780183287ba42,Machinefabriek,24
4U4dyH3tMYOQMZYTjsXmeJ,baroque pop,Pop,https://i.scdn.co/image/ab6761610000e5eb3cb75b710582d78371b7ae0d,Jim Sullivan,33
4U8xgthaILgsWBU6Ma9P9h,traditional folk,Folk/Acoustic,https://i.scdn.co/image/ab6761610000e5ebbdb08b792f5887e3c4558c7d,Lucy Ward,16
4UETUdF77BfyJ7fEFVztr3,jangle pop,Pop,https://i.scdn.co/image/ab6772690000c46c695a86d8b1d3f732ec38e100,The Feelies,37
4UEb5ZsSyDWMAiBuOeKA6W,bluegrass,Country/Americana,https://i.scdn.co/image/e646b03f0dc51f1bd75e9633f11c77999768d1bd,Lester Flatt,37
4UHzJP2iKVf0RhKIv7ZE2l,neo-psychedelic,Rock,https://i.scdn.co/image/93c08191710fa5175a399db942c8fd62e538391a,Black Moth Super Rainbow,43
4ULO7IGI3M2bo0Ap7B9h8a,Hip Hop,Hip Hop/Rap,https://i.scdn.co/image/ab6761610000e5ebf4cee208869b5b41ddf9c97b,Teyana Taylor,65
4UXJsSlnKd7ltsrHebV79Q,Rock,Rock,https://i.scdn.co/image/ab6761610000e5eb6bc10cacb013806f27aa7700,Nick Cave & The Bad Seeds,66
4UXqAaa6dQYAk18Lv7PEgX,emo,Punk/Hardcore,https://i.scdn.co/image/ab6761610000e5eb362011ebe6064c38e97e9aac,Fall Out Boy,81
4UZQ7BPQqC9Kg2iqvbH2x4,,Unlisted,,Stanley Kubrick — A Clockwork Orange,18
4UbgpaTDik0SDhBQq5Ucmt,breakbeat,Garage & Breaks,https://i.scdn.co/image/ab6761610000e5eb26100012af14f817a51eb98a,Aloka,37
4UiRPifoPfW3sozAElsHYe,techno,Techno & Trance,https://i.scdn.co/image/436bda9832c0c653d6bfa35f3ccee5addaa96bd7,Inigo Kennedy,19
4UtxjtibxaFrpvxq6PZ0Yp,idm,Ambient & Experimental Electronic,https://i.scdn.co/image/ab6761610000e5eb988552519785d45ec801d19d,Wevie Stonder,13
4UuXO2W0oFIBZMArMPDXev,acid rock,Rock,https://i.scdn.co/image/ab67616d0000b27325d9667664f99609221f31e8,The Misunderstood,20
4UvhuGdFf75Cfan7lEU1J1,Electronic,House & EDM,https://i.scdn.co/image/79589b1106ca44e882ce766ec0d8cab5e170f03e,The Books,38
4V4Z3qMCwYofWHtip6ePF6,yacht rock,Rock,https://i.scdn.co/image/ab6761610000e5eb859f0afbeb1e9631fdc20783,Bobby Caldwell,60
4V7mPDwAcAguZIa2PGeEcx,Electronic,House & EDM,https://i.scdn.co/image/ab6761610000e5eb2ab16cdeff409ccfff79123d,Spivak,28
4V9KFnehXmCaeMWJS3p0MM,acid house,House & EDM,https://i.scdn.co/image/ab6761610000e5eb716ee337ca82044712fef367,Jan Driver,16
4VKbZ8lm0Bm1AbtzAbBdpO,breakbeat,Garage & Breaks,https://i.scdn.co/image/ab6761610000e5eb5f2f702ebec9bb3434a77690,Eris Drew,24
4VNQWV2y1E97Eqo2D5UTjx,house,House & EDM,https://i.scdn.co/image/ab6761610000e5eb2dfd67315653c7cc324203d5,Gorgon City,65
4VRBYAzCvjuiqKGdjDWdSj,garage rock,Rock,https://i.scdn.co/image/11aa306a800c7a7abd85e3285680c9142be580bf,The Almighty Defenders,21
4VdNfUONOXO5uCNZkiAIK3,progressive rock,Rock,https://i.scdn.co/image/ab67616d0000b273ac6440612f7103de934ec4a0,Jimi Slevin,2
4VnomLtKTm9Ahe1tZfmZju,northern soul,R&B/Soul,https://i.scdn.co/image/ab6761610000e5eb3ea34d551af964eec35b4f78,Jackie Wilson,56
4VpWzXVUAR2YyQuWQpNGAf,dark ambient,Ambient & Experimental Electronic,https://i.scdn.co/image/ab6761610000e5eb657f1afcffd85e74dbf36b14,Bohren & Der Club Of Gore,43
4Vtor2uAebmqnTvLP1vb4p,techno,Techno & Trance,https://i.scdn.co/image/ab6761610000e5ebb530b9412410498b1e72aea6,Gaetek,4
4VuMnSnoTGrma3a79UhfMs,post-punk,Rock,https://i.scdn.co/image/451b3fc5b2a31f059ce51facc97ba2929f42e5c7,Magazine,38
4VylF3B1rKCL5tdOJ8VL8o,uk drill,Hip Hop/Rap,https://i.scdn.co/image/ab6761610000e5eb63724e0c83a65f06801f0df7,Rv,46
4W1v5X4x0ObMOJVJreZX3k,idm,Ambient & Experimental Electronic,https://i.scdn.co/image/75c798a319e6c11bcba22d743cb75feb1b94ea09,DMX Krew,35
4WMKDaPyE3V7X91Ih3XcHF,spoken word,Novelty/Spoken Word,https://i.scdn.co/image/ab67616d0000b273c1ff335e1311c6cf2b50a773,Helium,2
4WOaecAM3RMMmrbZzNx0vu,german indie,Alternative/Indie,https://i.scdn.co/image/ab6761610000e5eb9d8aea07581f71d05b05c357,Tocotronic,44
4WPY0N74T3KUja57xMQTZ3,power pop,Rock,https://i.scdn.co/image/1c80a3a78951958f753cd7282bfe16dbca741258,The Replacements,54
4WSDfufVR7neAAJngREPth,khaleeji,Unlisted,https://i.scdn.co/image/ab6761610000e5eb256629699abbe3447a95ad95,Husam Al Rassam,49
4WlSvDKaq1PA2Nr7cCIPxX,folk rock,Folk/Acoustic,https://i.scdn.co/image/ab6761610000e5eb2a8750d989f8bd5cc72a75fb,Stephen Stills,50
4WlmB6hwSKd5zYzjhKNXE9,lullaby,Novelty/Spoken Word,https://i.scdn.co/image/ab6761610000e5ebf2a6c1af1ee8ae8b101055d8,Justin Fletcher,43
4WmMnGO1nLIsE85XwcBAZE,funk,Funk/Disco,https://i.scdn.co/image/ab6761610000e5eb0ce7f74a6668eee410c5a244,Orgone,40
4WmdmK9wvEhtRChA2ko9Sr,idm,Ambient & Experimental Electronic,https://i.scdn.co/image/ab6761610000e5eb75d17fef2f915e83704ee64a,Batu,29
4WoGga7UeRcmjD4ufif4nG,big band,Jazz,https://i.scdn.co/image/4367a220969549b7737db08c7e993306d6b8f1c9,Tommy Dorsey,52
4WquJweZPIK9qcfVFhTKvf,proto-punk,Punk/Hardcore,https://i.scdn.co/image/8745da3d74db8b0eff4fce2ac8fe5e3cb94e0e3d,MC5,40
4WvwRJA3YhUn5J2caHXoAG,dubstep,Bass Music,https://i.scdn.co/image/ab67616d0000b2732874c9c2f0ec7d3a28102bf8,Coki,35
4Ww5mwS7BWYjoZTUIrMHfC,bebop,Jazz,https://i.scdn.co/image/ab6761610000e5eb5642427a0fb3988948c9bec4,Charlie Parker,54
4X8QFzZ1HqwPfwDfyjtwXC,vocal jazz,Jazz,https://i.scdn.co/image/29de04b93c1e8e70ece8f13e41d99f63b16eb525,Mel Tormé,51
4XDJurjQCnWLlE7KLZCT9x,classical,Classical/Orchestral,https://i.scdn.co/image/706c37ad9b22c417bdbff2cc0611c1dcb54fcaa4,Samuel Barber,55
4XXKzQCGcb2otkzMyxzeQ4,folk,Folk/Acoustic,https://i.scdn.co/image/ab6761610000e5eba3104947f2c7ce995e140e77,John Renbourn,31
4XbQUkFYWthjpAPp96lHWt,dub techno,Techno & Trance,https://i.scdn.co/image/ab6761610000e5eba019f720de6d4fda19043c9a,Buttechno,33
4XbegMt5bk2X8R6b8z0vaX,techno,Techno & Trance,https://i.scdn.co/image/ab6761610000e5ebba28b07b0849ef154732cc97,Karenn,20
4XepUkisa56DUeA3gbjDQD,ragtime,Jazz,https://i.scdn.co/image/bd4fe8adc6de490da8292dcba5259e2d69136fd5,Jelly Roll Morton,35
4Xi6LSfFqv26XgP9NKN26U,grime,Bass Music,https://i.scdn.co/image/ab6761610000e5ebc985e94681164c167ba00cca,AJ Tracey,69
4XvKzACpcdk5iiZbWNvfbq,dub techno,Techno & Trance,https://i.scdn.co/image/6d664586ecdc88d561356cc14fc42c56db65590c,Monolake,31
4Y7tXHSEejGu1vQ9bwDdXW,big beat,House & EDM,https://i.scdn.co/image/ab6761610000e5ebc20ed3229eeced918966a009,Fatboy Slim,67
4YHtIE7FI8ITfekzzN5Jpl,Rock,Rock,https://i.scdn.co/image/7811a1e80b838569427b817331c3687ea2c1ad96,Shuggie Otis,50
4YIP5hX9ZJdXyC1yD69MWD,,Unlisted,,N.Y House'n Authroity,7
4YLUMAgNyttwx4hUHgtBtR,nu jazz,Jazz,https://i.scdn.co/image/ab6761610000e5eb60251d9664bcad416a580f76,Blue Lab Beats,43
4YNvbaOaqp5pzC5US5t48k,cool jazz,Jazz,https://i.scdn.co/image/ab6772690000c46caf2c310d083b4d6ceb7d69e6,Lee Konitz,43
4YcZ1IyKQ4egHqSNVoZbKT,techno,Techno & Trance,https://i.scdn.co/image/ab6761610000e5eba82e73ba1d6acdc8ad0d551a,Eric Sneo,26
4YeITwoqeIks45gELm488B,edm trap,Unlisted,https://i.scdn.co/image/ab6761610000e5eb79176580686fbef816dff21b,NOIXES,47
4YjpqCSDD7zwMQgPYJMqb0,noise rock,Alternative/Indie,https://i.scdn.co/image/ab6772690000c46ce4bafe06a375841b7e6a5c05,Unwound,46
4YrKBkKSVeqDamzBPWVnSJ,big beat,House & EDM,https://i.scdn.co/image/ab6761610000e5ebfb07b8d0b7cc60c26de3b145,Basement Jaxx,62
4YsP5zmteLQ7etNjHAOu30,Rock,Rock,https://i.scdn.co/image/ab6761610000e5eb0e6fe78c4272a9a7e23ed704,Midlake,47
4Z7akiX0iKWXSCac7xIPPi,big band,Jazz,,Jug & Washboar Tub Back Yard,9
4Z8W4fKeB5YxbusRsdQVPb,art rock,Alternative/Indie,https://i.scdn.co/image/ab6761610000e5eb4104fbd80f1f795728abbd59,Radiohead,89
4Z8f0RlC4uuFPi8KD5JbvB,classic soul,R&B/Soul,https://i.scdn.co/image/ab6761610000e5eb4ac2165dd3b14c41f77a094c,Dan Penn,23
4ZCux8WXdeKCoARMg1JSok,Electronic,House & EDM,https://i.scdn.co/image/ab6761610000e5ebe5dc9eb0746b944b8b223966,Milan W.,36
4ZRufjj25YMXohtTIlg44B,krautrock,Alternative/Indie,https://i.scdn.co/image/ab6761610000e5ebb331c8214dfddec4bd27086a,Kosmischer Läufer,23
4ZVlnsWbTKXoTcP2CbGHZ6,laïko,Unlisted,https://i.scdn.co/image/ab67616d0000b273b6f3a96e6603a64ff61dc9e5,Litsa Diamanti,38
4ZZnndm8YgzLlG05uSmQOG,chicago house,House & EDM,https://i.scdn.co/image/ab67616d0000b2738eaf0721fbbe6a0be7ddc583,Reese,19
4Zf0pLGYwNB86Y97kisvkn,musicals,Unlisted,https://i.scdn.co/image/e9751ab643f1700814009306255b9df1b312284a,Debbie Reynolds,41
4ZfEELHfyKd4odAb6YfDFw,,Other,https://i.scdn.co/image/ab6761610000e5ebeecdaa477da666dc9222d0ea,White Noise for Babies,65
4ZgIWfyg9BkcqnJJ2xVR3f,idm,Ambient & Experimental Electronic,https://i.scdn.co/image/ab6772690000c46c11e2e54a5a902329130c0c01,Mouse On Mars,30
4ZrzdbajcxLidPJDPZomzz,breakcore,Bass Music,https://i.scdn.co/image/ab67616d0000b27360971810a9735d46eed8310c,Christoph De Babalon,25
4a16JEaHldo5vZuRojtGTZ,chanson,Pop,https://i.scdn.co/image/ab6761610000e5eb6f90b184dfa4ea5f09ed2540,Charles Trenet,50
4a1qCxJvwNxtOoPdgllLxL,minimal techno,Techno & Trance,,Ricardo Villalobos; Robag Wruhme,17
4a2nAPF15Gv8V65Ba3IJSB,neo-psychedelic,Rock,https://i.scdn.co/image/ab67616d0000b2733e046d6de331a47175ee2fbb,The Olivia Tremor Control,33
4a5z002lnovLsPUcVt0sKH,dub techno,Techno & Trance,https://i.scdn.co/image/ab6761610000e5eb2f234f246e5016be5ad21fe1,Avitech,9
4aCH6cwaYahrWfJWqfEfra,reggae,Reggae/Caribbean,https://i.scdn.co/image/ab6761610000e5ebdb79ec128e179900dcc21605,U-Roy,48
4aEnNH9PuU1HF3TsZTru54,idm,Ambient & Experimental Electronic,https://i.scdn.co/image/ab6761610000e5ebd25c967e7df50abe5581d4f5,Caribou,58
4aFx7q4WkiTWPLJNW5mkKK,Rock,Rock,https://i.scdn.co/image/ab6761610000e5eb1a4955be3b680f82434483cd,Nerina Pallot,37
4aGzjQAZ9lGucob81X8hLr,nu jazz,Jazz,https://i.scdn.co/image/ab6761610000e5eba6945df85c1f27d32418c924,zero dB,16
4aKWmkWAKviFlyvHYPTNQY,Rock,Rock,https://i.scdn.co/image/ab6761610000e5eb5a7d5278cf9deda53119028c,Adrianne Lenker,76
4aMeIY7MkJoZg7O91cmDDd,Jazz,Jazz,https://i.scdn.co/image/ab6761610000e5eb892bfa72a0cd8e4907eded3c,Adrian Younge,44
4aa8e2k6EG6znuh0Iew4IN,ambient,Ambient & Experimental Electronic,https://i.scdn.co/image/ab67616d0000b2738c7af18f0b37e86b8fb7c595,Vito Ricci,13
4aaBjq7VqqQvpSF69GglvO,trip hop,Ambient & Experimental Electronic,https://i.scdn.co/image/da34856608ab863451a8492546cf589b8267493c,Moloko,58
4ab2tQaaTr2TnairelOwvO,pop soul,Pop,https://i.scdn.co/image/ab6761610000e5eb62cba92676ae1c9e8a82b612,Nicole Atkins,34
4ag0DoSIYFW0SgSYC7E8g0,Electronic,House & EDM,,Family Sex,0
4asCC4oxQcDzFXhCth2SgQ,Rock,Rock,https://i.scdn.co/image/c4830fcbf9a9a496bca1a58f84aaaf0b2a882579,Gary Puckett & The Union Gap,48
4b0WsB47XCa9F83BmwQ7WX,Rock,Rock,https://i.scdn.co/image/21584a935b760f20b4b08f7f9ddd012c12437798,The Righteous Brothers,65
4bFxhmY56pHx5hox8GK2jP,Electronic,House & EDM,https://i.scdn.co/image/ab6761610000e5eb7f8189973bbaa6e1fa493f20,Blood Wine Or Honey,6
4bNteCe0Beu161GmkB8Rq7,drone,Ambient & Experimental Electronic,https://i.scdn.co/image/ab6761610000e5ebf3acc9e1fe43f9e303bd396c,Abul Mogard,31
4bQQkZffejJRWxQ5ddezgC,children's music,Novelty/Spoken Word,https://i.scdn.co/image/ab6761610000e5ebd683f828dc200b9c8f294cd9,Dennis Scott,35
4bR4Ul1AtneW7Bae9jzNzh,drone metal,Metal,https://i.scdn.co/image/9ae60c60f8a06f75d526cfb3e8326aadf9406b08,Archie Bronson Outfit,25
4bUqnkrDrb4f7rqmDR9yDu,"Folk, World, & Country",Folk/Acoustic,https://i.scdn.co/image/ab6761610000e5eb5295052777cadf049bbbbd61,Foy Vance,54
4bUu22hsY40JUvqwA4dkDE,Pop,Pop,https://i.scdn.co/image/ab6761610000e5ebe967b012ab5525a60ac7eaf7,Oscar Browne,8
4bhscQNPaWBtbdjGkCXOZi,lo-fi house,House & EDM,https://i.scdn.co/image/ab6761610000e5ebe117b4f11eda59db91fecde2,Ozel AB,5
4bthk9UfsYUYdcFyqxmSUU,new wave,Pop,https://i.scdn.co/image/ab6761610000e5eb1e63dea1bded4ae1d53b5c9a,Tears For Fears,76
4cDUgsexpRzd4AUvOOvOQh,Hip Hop,Hip Hop/Rap,https://i.scdn.co/image/ab67616d0000b273c35866d36950e6e53ccb9b6e,Phi Life Cypher,21
4cHdzQMvESi5fSYStocJQT,musicals,Unlisted,https://i.scdn.co/image/ab67616d0000b2731828473d593f22288c795e5c,Annaleigh Ashford,48
4cHtgM7lauSNaau5uAm5Cc,neoclassical,Classical/Orchestral,https://i.scdn.co/image/ab6761610000e5eb899d9f9dd815b9d32c5f14c2,F.S.Blumm,36
4cKv83CoOs8r8Yvwck9dGn,Electronic,House & EDM,https://i.scdn.co/image/ab6761610000e5eb84e82e979f3a93e0aae37ff0,JLTZ,1
4cPHsZM98sKzmV26wlwD2W,christmas,Jazz,https://i.scdn.co/image/ab6761610000e5eb4ea49bdca366a3baa5cbb006,Brenda Lee,61
4cPiC4QGglnfB5kRwsxj9j,southern gothic,country/Americana,,Melissa Swingle,0
4cShXyYZpvnVZYeE3Oukns,j-rock,Rock,https://i.scdn.co/image/ab6761610000e5ebc54f12361d578a7ab53a263d,HOTEI,51
4cZ1kxYzzWA4WZYxFlQMHM,noise rock,Alternative/Indie,https://i.scdn.co/image/ab67616d0000b27351071143bef89b0add7d8c5e,Ramleh,18
4chuPfKtATDZvbRLExsTp2,folk,Folk/Acoustic,https://i.scdn.co/image/6b781cc1c4d486de2f7adad366b4bb95eb82b2ab,Vashti Bunyan,50
4d3yvTptO48nOYTPBcPFZC,Funk / Soul,Funk/Disco,https://i.scdn.co/image/ab6761610000e5eb62423f0aa64340b1fe57c0a3,Eve,71
4d8pj7EDYvxiQK1RsmNmVu,techno,Techno & Trance,https://i.scdn.co/image/ab67616d0000b273b344ba6bf94db5a6db7d3897,Nicolas Vogler,11
4dGVRIf2xj0JhawVheLiOI,new rave,House & EDM,https://i.scdn.co/image/ab6761610000e5eba33df21b20428ec26f36fe61,Tom Vek,45
4dP83PBkCNYonbyLsSQazb,techno,Techno & Trance,https://i.scdn.co/image/ab6761610000e5ebcc8d00a3dfa4f8840cbcba0b,Phyxix,10
4dUMhhUjQ2YcNTvab29hYF,hard bop,Jazz,https://i.scdn.co/image/ab6761610000e5eb0c8dde49a60862fe98a5dc8d,Elvin Jones,34
4dZjJJLy0ZKzAefeAWyI6R,psytrance,Techno & Trance,https://i.scdn.co/image/ab6761610000e5ebd1a33dfa1e10bcdf7a9ba715,Bionix,5
4dZrt8Ong5t7YYpvbfp0RU,"Folk, World, & Country",Folk/Acoustic,https://i.scdn.co/image/d1e1442035d8632a3a4e8677ff578f34d81cc228,Chet Atkins,50
4dadMoMQOTGa96FlnhEzCi,chamber music,Classical/Orchestral,https://i.scdn.co/image/d19f15432ef17201a4ace01e9c6baf02d6ca4647,Ernest Chausson,28
4dcZYrj2UQJb2osNWI0qat,christian hip hop,Hip Hop/Rap,https://i.scdn.co/image/ab67616d0000b273729789288053caa8a60e4f63,Double Portion,0
4detdPA6rWXtpMSLSlKkwE,Rock,Rock,https://i.scdn.co/image/ab6761610000e5eb55712054c4f5ca6746bddc61,Le Days,5
4dn4KQgTE4P3jrwa3iIVzQ,disco,Funk/Disco,https://i.scdn.co/image/ab6761610000e5eb34d03ac633c016388b2c53c7,Baccara,54
4dpARuHxo51G3z768sgnrY,soft pop,Unlisted,https://i.scdn.co/image/ab6761610000e5eb68f6e5892075d7f22615bd17,Adele,87
4dwOIOkHXZtnSU2tOGY6mh,jazz rap,Hip Hop/Rap,https://i.scdn.co/image/ab6761610000e5ebe125d0f752b8a0646194cd89,Villain Park,34
4e7xQaHgOjyFZtSic0Nk9B,house,House & EDM,https://i.scdn.co/image/6ecb512e3b6c0d010836e7a37a6973e9f8888e9b,Jerome Sydenham,31
4eAUhDLhyLx5HGMKyRsNBU,lo-fi house,House & EDM,https://i.scdn.co/image/ab6761610000e5eb6c6aed1be6583dc0714eb7f4,Body-San,20
4eBB5kWqRRjclVVoLHGZol,Stage & Screen,Soundtrack/Instrumental,,Howard Keel & Brothers,0
4eD3dYFqa3RmNZlAlVHFjO,uk garage,Garage & Breaks,https://i.scdn.co/image/ab6761610000e5eb934165a2aaf794dde36e58d3,Bailey Ibbs,29
4eKCPGIfkLJDtPS0FI47Ob,acid rock,Rock,https://i.scdn.co/image/ab67616d0000b27334494e383908e79e3f2bf6d6,"Julie Driscoll, Brian Auger & The Trinity",23
4ePunOqQbOYoQwd1298g3Z,alt country,Country/Americana,https://i.scdn.co/image/ab6772690000c46c46be908bc73d54635d384449,Silver Jews,48
4eQGHcndwAUIvowedpuiwE,idm,Ambient & Experimental Electronic,https://i.scdn.co/image/ab6761610000e5eb2982fb9fa41e65e093887e52,Tryphème,14
4eR9k3I0YKCQUvvP2ojptw,"Folk, World, & Country",Folk/Acoustic,https://i.scdn.co/image/ab6761610000e5eba2825c0d030120a174b48de4,Joan Shelley,44
4eaGB6IFAhm0pqXElO5MJZ,bluegrass,Country/Americana,https://i.scdn.co/image/ab67616d0000b273d3f35dbc55767fe56b7e9d22,The Monroe Brothers,16
4eeRviM714mXXeILmKHxh2,yacht rock,Rock,https://i.scdn.co/image/e3c7e14808087e271f34550089881ee74f89c704,Climax Blues Band,47
4eh3NWjKDBI81nFl9uhWtU,jam band,Rock,https://i.scdn.co/image/ab6761610000e5ebdfdb4a34017030af3c0b87c8,Mickey Hart,33
4epy8uB6icBmTU3VoMwVzG,entehno,World/Traditional,https://i.scdn.co/image/ab6761610000e5eb1d3ad0a90e7ec1aa7429d8cb,Manos Hadjidakis,45
4erUkZEVS1jXi5kwEtNvjT,dub techno,Techno & Trance,https://i.scdn.co/image/5e6739b3839134429798178db83ea28e6ab35906,Benjamin Damage,37
4erwZm1JybuSPTUg5Bu7nT,minimal techno,Techno & Trance,https://i.scdn.co/image/30431961fe70b3a404c8cb90052cba1783bede91,Regis,26
4f2K0RSYyxP4TUyZu1azYB,minimal techno,Techno & Trance,https://i.scdn.co/image/ab6761610000e5eb1c3b4f9a3f7fd262d89f253c,Popof,39
4fEkbug6kZzzJ8eYX6Kbbp,bollywood,Soundtrack/Instrumental,https://i.scdn.co/image/ab6761610000e5ebb09a31f853166e721d4d46b2,KK,81
4fGoRv7PKh5meT8cCRKpY5,big band,Jazz,https://i.scdn.co/image/ab67616d0000b2736050c18bb126d8c054d43dd1,Jug,4
4fH73bVIwM24QrBqjTrhAA,Electronic,House & EDM,https://i.scdn.co/image/0417482b457108c5690d7035c7b5435c1b49d92a,Gilles Peterson,23
4fOmK4wC7JC2WxlXYEJEAb,,Unlisted,,Adam Mcfarlane,0
4fP5zCJRf168wiWHG9tR9m,jazz fusion,Jazz,https://i.scdn.co/image/ab6761610000e5eb5c5200eab607057c3e6f3615,SHIGEO SEKITO,45
4fPl9Aa0FMkATDiA7AnBNM,egg punk,Punk/Hardcore,https://i.scdn.co/image/ab6761610000e5eb91d313ba1fdc658eb6267a67,Wine Lips,40
4fQbIxjM2vH6YF4OsWlaGT,celtic,Folk/Acoustic,https://i.scdn.co/image/ab6761610000e5eb679b18bd95b176c0c1c3281b,The Gloaming,38
4fSPtBgFPZzygkY6MehwQ7,britpop,Rock,https://i.scdn.co/image/ab6761610000e5eb8c9ebe40fb416ca7ec5ae8e9,The Libertines,56
4fXkvh05wFhuH77MfD4m9o,retro soul,R&B/Soul,https://i.scdn.co/image/ab6761610000e5ebe25488bca4236e5ae6d5feb8,St. Paul & The Broken Bones,59
4fcoYnedYa6bJBF6TDeDsb,christmas,Jazz,https://i.scdn.co/image/ab67616d0000b2732dd320c5b4b10548d3025773,US Air Force Band and Singing Sergeants,12
4fgXfJCQnK6c44u4KzAtQP,indie,Alternative/Indie,https://i.scdn.co/image/ab6761610000e5eb5ea5538eeb8356c36e4bc94c,Sundara Karma,46
4fmVPsGxjwP5ruiTEvIcOt,rocksteady,Reggae/Caribbean,https://i.scdn.co/image/ab67616d0000b273602aad58c17b1442248dbef4,Desmond Dekker & The Aces,49
4fn1yImBiyeSyGflDiNKpU,Rock,Rock,https://i.scdn.co/image/ab6761610000e5eb9e8753df3f878d28d1c96725,Amy Annelle,25
4fnCR0owuYwnqMD7ZQUulJ,experimental,Ambient & Experimental Electronic,https://i.scdn.co/image/b3f3b89490d86d07441122009d19c1d102237149,Rashad Becker,8
4fomCZiFUMX73KJ0YQ0V90,britpop,Rock,https://i.scdn.co/image/ab6761610000e5eb8892a4a6deb3bb6d40f6afd8,The Beautiful South,57
4fqd1tgX1D2YESwxzr2cvd,bluegrass,Country/Americana,https://i.scdn.co/image/ab67616d0000b2732f2347a92ab9920bed143056,The New Lost City Ramblers,24
4frXpPxQQZwbCu3eTGnZEw,Electronic,House & EDM,https://i.scdn.co/image/ab6761610000e5eb6941830307896269157f7dd4,Thundercat,72
4fsTmu7jQ7IT9bSQPgPi8U,acid jazz,Jazz,https://i.scdn.co/image/ab6761610000e5eb1f7988ffd5fb4f86cb1854d9,Citrus Sun,30
4ftElryunpk0RlAptAItVk,Rock,Rock,https://i.scdn.co/image/ab67616d0000b2735623926c90fbb04bc2514198,Steve Warner,3
4ftctxasGrW5Ud5Pbw6kWq,Rock,Rock,https://i.scdn.co/image/ab6761610000e5eb9ec3495cf5870bfde0f9744d,Loving,53
4fwuXg6XQHfdlOdmw36OHa,Rock,Rock,https://i.scdn.co/image/ab6761610000e5eb7265a79cf26c2e4b3fed8d66,Paloma Faith,68
4fxdqujwhb2NIQyr7qnnPX,classic country,Country/Americana,https://i.scdn.co/image/ab67616d0000b273b94f6075f87e0936e7e165a4,Kitty Wells,42
4fxp616ALtFWnXfwxnjLzW,baroque pop,Pop,https://i.scdn.co/image/b299b2dbeda8a552953bc7527cc9f3f77485fb08,Antony and the Johnsons,48
4g2EfgpanE2Z9LG1nQ9zNy,experimental,Ambient & Experimental Electronic,https://i.scdn.co/image/ab6761610000e5ebca9f6b619850e90d40bfe616,Varg²™,49
4gGuwY7KzJNNyA0JMlMvt4,surf rock,Rock,https://i.scdn.co/image/ab6761610000e5ebb4c10354cc707b292351c4e5,Marcoca,40
4gIdjgLlvgEOz7MexDZzpM,glam rock,Rock,https://i.scdn.co/image/ab6761610000e5eb6724477b2d922b4b0c18c37d,Status Quo,61
4gPGI1vW8TOypARV9Ykzae,blues,Blues,https://i.scdn.co/image/fc1f795d5e630eeec7b7c2f30c6059770d6d38f9,Jimmie Vaughan,45
4gYKVizj3uSquuZvokYgZm,Funk / Soul,Funk/Disco,https://i.scdn.co/image/ab6761610000e5eba96b4b204769cf707cb87ff0,Flako,35
4gYhCmAiXZvNxC92ODseS4,rocksteady,Reggae/Caribbean,https://i.scdn.co/image/ab67616d0000b2735d6fff3c66a7928a6af129a2,The Slickers,34
4garLkCA2e70RRz6NQPsa7,swing music,Jazz,https://i.scdn.co/image/ab67616d0000b273c600b1d65c15063e50f3f420,Shotgun Jazz Band,17
4gf4FOa0MS8HlvnqBfmSFU,doo-wop,R&B/Soul,https://i.scdn.co/image/ab6761610000e5ebe82d3706668a1a616d53da74,The Nutmegs,26
4gfb9GJ7RvxktLETnC4Afo,noise rock,Alternative/Indie,https://i.scdn.co/image/8b5e1159521582dfb6dc145bd9a962ee986b2d21,The Drones,30
4ggXpxD7rjHIJCpVjO9Ogs,dub techno,Techno & Trance,https://i.scdn.co/image/f6b96b9722073c1601e92e9f4d5fb27202d1e4e0,Luke Hess,22
4gk4lhkLjXnM1P7DT0TSuj,Rock,Rock,https://i.scdn.co/image/ab6761610000e5ebb148ada1118e7e4225235143,Scoundrels,40
4gkMjhOHSgudaN161imvTQ,space rock,Rock,https://i.scdn.co/image/ab6761610000e5ebb29e932fa2dc0d565cb40b49,XAM Duo,1
4gpElxNt5pL515njzmZaZG,grime,Bass Music,https://i.scdn.co/image/ecc3a0d5f148ea7bc9d3150595269b2810133785,Roll Deep,44
4gzpq5DPGxSnKTe4SA8HAU,Rock,Rock,https://i.scdn.co/image/ab6761610000e5eb1ba8fc5f5c73e7e9313cc6eb,Coldplay,92
4h5NL4qMX8cHrfbUT1j99U,flamenco,World/Traditional,https://i.scdn.co/image/ab6761610000e5eb73ba5f9dc75c054ad7bfbbb4,Luis Villegas,38
4h7NLIlg1oYdEtfQJfyto0,lounge,Pop,https://i.scdn.co/image/ab6761610000e5eb35796afe5212b813a74ab481,Nouvelle Vague,59
4hCKF3RZSkFSMntkfCxO74,jazz funk,Jazz,https://i.scdn.co/image/9b36040e4f24fe8af6a384551afbfc88f2bab6ce,David Axelrod,33
4hH4fEXPg3qpTDlmdNOO01,footwork,Bass Music,https://i.scdn.co/image/ab6761610000e5eb47313c3cf9d14df3c3970333,DJ Paypal,22
4hKkEHkaqCsyxNxXEsszVH,musicals,Unlisted,https://i.scdn.co/image/05b40ccc7a84868fe05d774aac684c24565cec7d,John Travolta,68
4hdk9wzdbUtIY8VRG7ZWYA,ragtime,Jazz,https://i.scdn.co/image/ab6761610000e5eb4fabafe2b1270f6033b0fee0,New Orleans Rhythm Kings,16
4hf3caW9H8uFwwbv5pFjcg,Rock,Rock,https://i.scdn.co/image/ab6761610000e5eb820b99abb2afb55ac00a1ecc,Jake Bugg,58
4hfcSstwnyuBoek1dQwLkG,funk,Funk/Disco,https://i.scdn.co/image/ab6761610000e5eb938fabe2c9a04b946605308d,Cymande,52
4hqDqHtBlgxXpLXVYf7c8L,bubblegum pop,Pop,https://i.scdn.co/image/ab6761610000e5ebe7369a1433fd0e57ae43d3e0,Ashlee Simpson,52
4htjQW3lgIwL6fEJlTOez4,stoner metal,Metal,https://i.scdn.co/image/bee61096977bc59279c1a3145f4e32df6a5d7b96,Electric Wizard,50
4hw4TPMyAzHqNBcWtoDrK5,folk rock,Folk/Acoustic,https://i.scdn.co/image/f78e6fd484f49909881ed7363ef0b2e80786dda4,Richard & Linda Thompson,38
4iAX0hXhpXUTHhnskcMQqS,jazz funk,Jazz,https://i.scdn.co/image/ab6761610000e5ebf03b8e715331084e53136b92,Karl Hector,1
4iHNK0tOyZPYnBU7nGAgpQ,christmas,Jazz,https://i.scdn.co/image/ab6761610000e5ebd0a27777aaeb1725add6ace8,Mariah Carey,83
4iRZAbYvBqnxrbs6K25aJ7,jazz,Jazz,https://i.scdn.co/image/b6f7dc3c16f95e6df120af205d4007f518b01e0e,The Dave Brubeck Quartet,60
4iTe4cVejrjgGipSNujZgG,jungle,Bass Music,https://i.scdn.co/image/ab67616d0000b273058c203e171852d1c0c90bc4,Dead Man's Chest,21
4iVvG04w9XBch3kxXWMuxb,laïko,Unlisted,https://i.scdn.co/image/ab6761610000e5eb766c8ac41ce531fb70d959c2,Bouzouki Kings,44
4iWOyexPqcvgycdx7mLUcl,post-punk,Rock,https://i.scdn.co/image/ab6761610000e5eb99524b9a8b16d5e84a70d05c,Snapped Ankles,39
4idG41ELGGRKuiHLc3VLc5,neo-psychedelic,Rock,https://i.scdn.co/image/ab6761610000e5ebf443588e9663368ea5362313,Vanishing Twin,37
4ieS1hHc74D9RXhkyoriDU,Rock,Rock,https://i.scdn.co/image/ab6761610000e5eb27d3a69b731d28f4c9998a50,Steve Mason,23
4ipKeGoyPCcpEblETS4qLu,neo-psychedelic,Rock,https://i.scdn.co/image/1c9671d307de74e6f9f130d4fb7464914df8287d,Moon Duo,35
4iy2RFU8gIpXF5yaK0l8ZT,techno,Techno & Trance,https://i.scdn.co/image/ab6761610000e5eb5b5b0a7645918726043a0dcb,Paula Temple,25
4iy3JrFlBLHPvXqN1OcQS1,Stage & Screen,Soundtrack/Instrumental,https://i.scdn.co/image/a961ac3d889ed95dc1a43991819ba42622147824,Luis Bacalov,49
4iyqyvWXO734GUNLTTnrPQ,techno,Techno & Trance,https://i.scdn.co/image/05d990aacd90d7936c828e5d721e1eaa5d1e25c4,Perc,28
4j0kkeb3v42Dzdu4r3BrBE,"Folk, World, & Country",Folk/Acoustic,https://i.scdn.co/image/ab67616d0000b273ab38d0f5c1b19dc0af760ae8,Jack Adkins,22
4jEa9eTpzzkuDQ9JMr0LT3,uk funky,Bass Music,https://i.scdn.co/image/ab6761610000e5eb81b380ad718c63a82966b1ea,Jam City,40
4jGpKAmwvU263l0tUh4xKU,melodic techno,Techno & Trance,https://i.scdn.co/image/ab6761610000e5eb28062f7e20ae5df7950a56ec,Joris Voorn,59
4jLHkoCYfYfZJojYgjo8zz,Hip Hop,Hip Hop/Rap,https://i.scdn.co/image/ab6761610000e5ebd96423e9f67ddb3ba8c664b9,Baseman,15
4jRLIIrKvl4rAmir58oDK0,uk funky,Bass Music,https://i.scdn.co/image/ab6761610000e5eb272456e884bb3c2517c26f41,Cosmin TRG,13
4jRLhvF4a3NHs5TaR1lU3m,idm,Ambient & Experimental Electronic,https://i.scdn.co/image/ab6772690000c46c54fd9634c8490c38458fcc74,AFRODEUTSCHE,8
4jX0r7SundGTjmwVqnnWMh,,Unlisted,https://i.scdn.co/image/ab67616d0000b273b9c4a6eab9a7fe0e831d3cdf,Global Sound System,7
4jXfFzeP66Zy67HM2mvIIF,jazz,Jazz,https://i.scdn.co/image/427eff99088d2a1be072a012f04e2406ee7cc24b,Bill Evans,65
4jZOiPysIzYxbDcDEOZmhu,soul jazz,Jazz,https://i.scdn.co/image/ab67616d0000b273d75eb9e0773d555e3f2cfe42,Ramsey Lewis Trio,37
4jb0q4RYiHNHyN9QYOgvDe,Rock,Rock,https://i.scdn.co/image/ab67616d0000b27324ce2b4c091c3c2312c0571e,The Units,20
4jfwVcXoNnfnU8xQBlSWn0,traditional folk,Folk/Acoustic,https://i.scdn.co/image/ab6761610000e5eb71169f759c8806e49153501f,Martin Carthy,32
4jm59PnyzdzUkYGJ4bCyPQ,indie dance,Unlisted,https://i.scdn.co/image/ab6761610000e5eb50cf8182ee46ac15b792805c,Margot,12
4js8BDiQwnHLlDmT1shPH7,folk,Folk/Acoustic,https://i.scdn.co/image/02d5cc105e9b1f6fb47a4bf660a31d37c5c80413,John Fahey,43
4k1ELeJKT1ISyDv8JivPpB,big beat,House & EDM,https://i.scdn.co/image/ab6761610000e5eb147841812056c247407811f3,The Prodigy,69
4kCZ5nyurc9eIqLJfUcW0Y,medieval,Classical/Orchestral,https://i.scdn.co/image/ab67616d0000b273f4c36ff679e215984c204a53,Anonymous,60
4kHtgiRnpmFIV5Tm4BIs8l,classical,Classical/Orchestral,https://i.scdn.co/image/c3b40885e23fd20cfd503871f57172a640d107ea,Sergei Prokofiev,60
4kSGbjWGxTchKpIxXPJv0B,neo-psychedelic,Rock,https://i.scdn.co/image/ab6761610000e5eb6f45f5a266806440173a354c,Crumb,61
4kgIlus6ToyP9mUHoIvLtc,slowcore,Alternative/Indie,https://i.scdn.co/image/ab6761610000e5ebb6ed7b1fee09be16798b3c2c,Tiny Vipers,16
4klCXFX14JSVZNQ2vEaLwH,jungle,Bass Music,https://i.scdn.co/image/ab6761610000e5ebd0768282376c754b61f9dfc8,Subjective,19
4kwxTgCKMipBKhSnEstNKj,neo-psychedelic,Rock,https://i.scdn.co/image/ab6761610000e5eb18820542e3e60a677899c7dd,Animal Collective,51
4l8xPGtl6DHR2uvunqrl8r,krautrock,Alternative/Indie,https://i.scdn.co/image/ab6761610000e5eb5cf2f3f47eceb202e7166078,CAN,49
4lB26frjHiyyq7CjSUICed,Electronic,House & EDM,https://i.scdn.co/image/ab67616d0000b2735fef5295a87480c0483c7bc9,Koehler,0
4lBmxg4Z1e9NTDD05a2mhI,space rock,Rock,https://i.scdn.co/image/ab6761610000e5eb4f4e6db4d306c8cad58ecefd,Sonic Boom,31
4lCaf25RGJ4ZPz2fsGUVcq,bluegrass,Country/Americana,https://i.scdn.co/image/8bb33f386835c4f93360d263948f315222c122b8,Jim & Jesse,33
4lLHPTUm69piEk8oCeQUcu,psytrance,Techno & Trance,https://i.scdn.co/image/ab6761610000e5eb739b73d4fd9deec8004c51fd,Prometheus,19
4lT3QEjGrOZyCwqoHPjZES,Electronic,House & EDM,https://i.scdn.co/image/ab6761610000e5eb2cb8e2bd304bcc26c53ac10c,Concrete Husband,8
4lYtGx5NZQJHsMyhHc5iz3,psychobilly,Rock,https://i.scdn.co/image/fc6b731da9ccf21380f2c32a37a825b8b6e41fc8,The Cramps,60
4li9sXjlbIAeIJ9kW5cyOV,big beat,House & EDM,https://i.scdn.co/image/d1613eb08cca54805463d422a617e60b260ac1ad,CIRRUS,38
4llklDtTTyMYMY2LfFOkTI,italian singer-songwriter,Unlisted,https://i.scdn.co/image/ab6761610000e5eb5ad2b161e1a68bc601e293ee,Domenico Modugno,53
4lpCk4elOX2vusSgqHVT56,noise rock,Alternative/Indie,https://i.scdn.co/image/ab6772690000c46c6c85a7414394143a22903d91,Magik Markers,8
4lu50np3LdTkRL09T7x8UP,minimal techno,Techno & Trance,https://i.scdn.co/image/ab6761610000e5eb0ad36001585e5132373701a5,Agoria,49
4lv2xmPO66BBqk1gAq5YRs,Rock,Rock,https://i.scdn.co/image/ab6761610000e5eba642224ee74500305946e43e,Kid Canaveral,4
4lxYjU4q6B1KoDJOvNXzQy,disco,Funk/Disco,https://i.scdn.co/image/ab67616d0000b27320936a48dd46af6a3097a174,Kiki Gyan,40
4lxfqrEsLX6N1N4OCSkILp,soft rock,Rock,https://i.scdn.co/image/ab6761610000e5ebd4e38c4e3e5c82774740e28d,Phil Collins,80
4m4ywwSd3EtlfquQLUHnyW,ambient,Ambient & Experimental Electronic,https://i.scdn.co/image/ab6761610000e5eb33c489ac2a396e1a97881e7b,SSIEGE,32
4m8zzr6DNSW4tkuyGHvF7h,krautrock,Alternative/Indie,https://i.scdn.co/image/ab6761610000e5eb7b03116047e7976f8cda5b89,Klaus Johann Grobe,28
4mCKYeRm9x5hj3iPX6Sths,surf rock,Rock,https://i.scdn.co/image/f65106f8a8de7a97ff7c371945837317d0351660,Tomorrows Tulips,22
4mLJ3XfOM5FPjSAWdQ2Jk7,Rock,Rock,https://i.scdn.co/image/ab6761610000e5eb40e524c1e6dd57b9946708ed,Dr. Dog,66
4mmEKUZZBwnzg4m6hizPyN,northern soul,R&B/Soul,https://i.scdn.co/image/ab6761610000e5eb5f4f3bcf31cb558926d56ede,Andre Williams,24
4mmMtabvFCKA6HfmVmitNH,Children's,Novelty/Spoken Word,https://i.scdn.co/image/ab6761610000e5eb583a4cf451be21040cfaa0a4,Jodi Benson,57
4mplweFSgMgpH03ruEMEMv,nederpop,Pop,https://i.scdn.co/image/921f8e9ee94617e73705c1432da6bbd30f57baa8,The Cats,52
4mtHSXwIHihO6MWNq5Qoko,idm,Ambient & Experimental Electronic,https://i.scdn.co/image/ab6761610000e5eb39d046b747ad13d7fbf6f041,Squarepusher,44
4mwXUEKaW4ftbncf9Hi58l,r&b,R&B/Soul,https://i.scdn.co/image/ab6761610000e5ebc7537d562467571fb30863c7,Tank,58
4mxWe1mtYIYfP040G38yvS,country,Country/Americana,https://i.scdn.co/image/ab6772690000c46c1dce50b93ca0b1e2f459d9e6,Alan Jackson,76
4n0gvapwYbRpzU5Ov68B6P,Rock,Rock,https://i.scdn.co/image/c52c95c28cbf57a5b9b775789799bacadb915292,The King Khan & BBQ Show,35
4n31svBA9GGIYxGxgrQaRK,classic rock,Rock,https://i.scdn.co/image/ab6761610000e5eb757998cdb9826e05ca888216,George Thorogood & The Destroyers,61
4n7lSZu4GHj14pk4kPbPTu,neo-psychedelic,Rock,https://i.scdn.co/image/ab6761610000e5eb7264e0266190c666f700aff0,uh,13
4n9uJMGElQs1ZwNJQ4rOa3,Electronic,House & EDM,,Rydims,0
4nDIRB3WZRZ40uSmZG0q6J,ambient,Ambient & Experimental Electronic,https://i.scdn.co/image/ab6761610000e5ebf2d602c1c286f7e49ecbe895,Andrew Pekler,21
4nDoRrQiYLoBzwC5BhVJzF,Hip Hop,Hip Hop/Rap,https://i.scdn.co/image/ab6761610000e5eb76470faf6330235edbcb90a9,Camila Cabello,80
4nIgCJvBTi7M3pFn2ELhxm,experimental,Ambient & Experimental Electronic,https://i.scdn.co/image/ab6761610000e5eb413348b61c7aa3e5cc8b6e3a,Lyra Pramuk,31
4nJDI5Dkd8D4hy04RoMhzy,uk drill,Hip Hop/Rap,https://i.scdn.co/image/ab6761610000e5eb81524eee7cf2f80a990b4dec,Q2T,28
4nKufcFgxKCQrIq53A6O0L,stoner rock,Rock,https://i.scdn.co/image/ab6761610000e5ebd4cd5c13219c6a5ce8897b68,Longheads,7
4nMMOojbg03LrgAN3uOjZF,Electronic,House & EDM,https://i.scdn.co/image/ab67616d0000b273f5f2ae746c3c0f54a89d757c,Vincent Gallo,29
4nMuaJ4kBLDJCRBizNESI6,dubstep,Bass Music,https://i.scdn.co/image/ab6761610000e5ebc0d2cb2e2d1c05f78b76e485,Caspa,40
4nP1Vg2YuLE0Nbr7uK08SM,hip house,House & EDM,https://i.scdn.co/image/ab67616d0000b27342ba7665d1a6e34d89b0555a,Nomad,35
4nVDBC1sxEE5zS8EgtVplj,neo soul,R&B/Soul,https://i.scdn.co/image/ab6761610000e5ebeb6f68cf589ece4471922f40,Elisa Imperilee,37
4nZN9kln8toEzOifhWG2uF,adult standards,Pop,https://i.scdn.co/image/22db953d3c5c3debc4c54a9e7aedce08b1263b90,Patti Page,46
4nhvb6x9ZhPiYCzrHDNia9,Electronic,House & EDM,https://i.scdn.co/image/ab6761610000e5eb1d59484ab819e372232f467c,Daphni,45
4nlQA3jNE8cukTo6CdyCWP,southern gothic,country/Americana,https://i.scdn.co/image/ab6761610000e5eb09ab2037a99249e107c08224,Norma Tanega,44
4nts0oxMT67lVUoi5Kjxrb,soul,R&B/Soul,https://i.scdn.co/image/ab6772690000c46c032ff716cd74e4faeba42330,Solomon Burke,58
4o1VQ8sGkzcKoCKyRoYKek,idm,Ambient & Experimental Electronic,https://i.scdn.co/image/ab6761610000e5ebc5bcd95d895c91e29a85bd5b,Nullptr,5
4o289mGagoNKNbEJhQuoGP,french jazz,Jazz,https://i.scdn.co/image/ab6761610000e5eb23ccfa69177f90622666120e,Tess Merlot,18
4o3Nv2BAyoZkyGaRXv4rT3,anatolian rock,Rock,https://i.scdn.co/image/ab6761610000e5eb43b0da326712059728753e2d,Erkin Koray,55
4o6gglPeg2GgT0FYDtzFeF,Rock,Rock,https://i.scdn.co/image/ab6761610000e5eba6081a1f26d01f0ab4f3d955,Clap! Clap!,35
4oCcCzMjKNCjQTzxtVlOJT,Rock,Rock,https://i.scdn.co/image/ab6761610000e5eb158a526ebbf80361d2872616,Loma,40
4oDjh8wNW5vDHyFRrDYC4k,jazz rap,Hip Hop/Rap,https://i.scdn.co/image/ab6761610000e5ebaab29c742b716ec24525ee56,Loyle Carner,67
4oMBP1OWXtmxyDhAj2aRyQ,Rock,Rock,https://i.scdn.co/image/ab6761610000e5eb8c419ff17a8d6809aa6ea44f,Balthazar,53
4oV5EVJ0XFWsJKoOvdRPvl,power pop,Rock,https://i.scdn.co/image/ab6761610000e5eb0b43f8f07778f0c5d7daadca,Guided By Voices,48
4oXaAEofJFedGweFqy5qiv,"Folk, World, & Country",Folk/Acoustic,https://i.scdn.co/image/ab67616d0000b2736d030545d0bb6497ed3d7f3e,The Ames Brothers,31
4oco5UuzbHypSHqIBMW0kR,Electronic,House & EDM,https://i.scdn.co/image/ab6761610000e5eb5aeb95bd298fe65f166d201c,Collapsing Scenery,4
4og9jrin5xH5JiFPbeGUPb,ska,Reggae/Caribbean,https://i.scdn.co/image/ab6761610000e5ebe0fef57d6f79ba40f1e93a33,The Skatalites,49
4ogwGU9VPWrnVBs1GEwZVV,neo-psychedelic,Rock,https://i.scdn.co/image/ab6761610000e5eb3ad9c11cc0250c8ad503286e,Temples,43
4oqx9aQJ91bDVitBTieoTX,,Unlisted,,Christoph Schulz,0
4p5WgeiPSPpqPDs7T6OkWf,house,House & EDM,https://i.scdn.co/image/ab6761610000e5eb43c4f5d3c8163f0f077b492c,ANOTR,67
4p8paFuSiFNTvYFXNr5kIr,Rock,Rock,https://i.scdn.co/image/f89fe4db332c8f4be68ee1989ae017aab8c2df52,The Sleepy Jackson,29
4pD9Gun18RljQZ96lrddck,Rock,Rock,,Machine Gunners,3
4pG6hTUl9HhyftfJQQI7np,vaporwave,Ambient & Experimental Electronic,https://i.scdn.co/image/ab6761610000e5eb25430bfa1606ead855549d5e,Maitro,36
4pJCawaKSZ40EnxN0YEYw3,power pop,Rock,https://i.scdn.co/image/b97b494de7eb8619b1e2765ec5b0fe327e09b809,Badfinger,53
4pKfUzWJMtmMRralg9JPDz,Electronic,House & EDM,https://i.scdn.co/image/ab67616d0000b273be60720a0611c94844d13aa4,Female,6
4pOjIcQ4PGk52L8aGsrO5A,bebop,Jazz,https://i.scdn.co/image/ab67616d0000b2738167cd951fa856668dedb933,Dizzy Gillespie Quintet,18
4pVaQcaBqbvk0ucB4r65e3,Electronic,House & EDM,https://i.scdn.co/image/ad418f4e47780da6488907f9e25a8f91c58af0dc,Mark Mancina,56
4pejUc4iciQfgdX6OKulQn,stoner rock,Rock,https://i.scdn.co/image/ab6761610000e5eb73edfbd970917913cfc647c7,Queens of the Stone Age,73
4pfYqfulJefekgQC41Vp5P,krautrock,Alternative/Indie,https://i.scdn.co/image/2abc4f27467fb57d14dd2424ca5416c0a2d41d0d,Pell Mell,9
4ps86RU7WuXt5S4gEK9HbY,Electronic,House & EDM,https://i.scdn.co/image/ab67616d0000b2733b14989fecabeae80a62154c,LATHE,0
4puKiwP3DNIzEaxPCheUbj,ebm,Ambient & Experimental Electronic,https://i.scdn.co/image/ab6761610000e5ebc7de614f1d9a401cd5cc8620,Adam X,11
4pzjm2iMtclScYmoJ7q9tD,"Folk, World, & Country",Folk/Acoustic,https://i.scdn.co/image/ab6761610000e5eb521a0de2066d4a71076fe45d,Dan Reeder,43
4q3ewBCX7sLwd24euuV69X,reggaeton,Latin,https://i.scdn.co/image/ab6761610000e5eb81f47f44084e0a09b5f0fa13,Bad Bunny,99
4qG1qjeHfkASTdyRGbLWbV,techno,Techno & Trance,https://i.scdn.co/image/ab6761610000e5ebb399c0fb7440577afe194eb5,FJAAK,39
4qKpLkR911SUlnd4HAtF79,indie folk,Folk/Acoustic,https://i.scdn.co/image/ab6761610000e5eb1189e3a131cdb8e423422bcc,Nathaniel Rateliff,59
4qLV9FR6ZVLS6W8drD78hM,rocksteady,Reggae/Caribbean,https://i.scdn.co/image/d8bb4c50b7545c999e1b03a5b724272b4d4314e5,Marcia Griffiths,49
4qM4BdTOGQcKYLUi8nrhhU,drone,Ambient & Experimental Electronic,https://i.scdn.co/image/ab67616d0000b2733145d8e1d2c2fe846bc3bced,FUJI||||||||||TA,6
4qWTqOdDnH56Qak9UjmpKz,celtic,Folk/Acoustic,https://i.scdn.co/image/49f450d87679ee0d7b79cd235878dabf15955fb8,The Clancy Brothers,43
4qczpAvtGm4OU2Jz2cXPWq,ethiopian jazz,Unlisted,https://i.scdn.co/image/ab67616d0000b2732808aaa3934b83d359a6bf22,Salah Ragab,24
4qmHkMxr6pTWh5Zo74odpH,new wave,Pop,https://i.scdn.co/image/ab67616d0000b273c39aa62b10cea6cd2c2c1ed8,Elvis Costello & The Attractions,53
4qonlcYcLvt22gP54K6oeL,acid house,House & EDM,https://i.scdn.co/image/ab67616d0000b2737497dc0f0519eacf558a869c,Awesome 3,35
4qwGe91Bz9K2T8jXTZ815W,new jack swing,R&B/Soul,https://i.scdn.co/image/ab6761610000e5eb24eb85119eb02ae07972fb4b,Janet Jackson,70
4qzIpmopZ2KVodpmw7uJKe,krautrock,Alternative/Indie,https://i.scdn.co/image/ab67616d0000b2736cc5bb47aa0ad699e3e08b6c,Ashra,36
4r0FnBMOPmKACPLYhkcBtU,neo-psychedelic,Rock,https://i.scdn.co/image/ab67616d0000b273d924e130d5340963bc90d1f9,L'Epee,19
4r5lB44cSZOqpgx7i9iHUc,yacht rock,Rock,https://i.scdn.co/image/ab6761610000e5eba8a3bd5f63669f2c62da1c68,Rob Galbraith,30
4r6DXcqtllstKwEx3ndKMj,Pop,Pop,https://i.scdn.co/image/ab6761610000e5ebf0116b08cd813376a9381d78,Danny Kaye,42
4rAgFKtlTr66ic18YZZyF1,folk,Folk/Acoustic,https://i.scdn.co/image/cf3ab17e21b7cd3c5776c4d2046be2a3683bcc87,Woody Guthrie,47
4rOv05Duzyn6YkBfQepDYC,acid house,House & EDM,https://i.scdn.co/image/ab6761610000e5ebc175b270f62d7de434c65bc3,Altern 8,29
4rSwFTxoQwxwKjeQlSiLP7,folk,Folk/Acoustic,https://i.scdn.co/image/ab6761610000e5eb2572195125b18d16de8a1513,Stick in the Wheel,29
4rUsH3oMKno1XFIXH9Phve,idm,Ambient & Experimental Electronic,https://i.scdn.co/image/ab6761610000e5eb4d7ffbd625756d4c6d664d1c,Rogelio the IIIrd,9
4rWWouSk4D5OSFFFo2bmty,mariachi,Latin,https://i.scdn.co/image/ab6761610000e5ebfa3fa27cee5080cf93f2380e,Ezequiel Peña,57
4rbw4Z9Hjn6n9x5oYzZe7P,minimal techno,Techno & Trance,https://i.scdn.co/image/ab6761610000e5ebe7ddcc2ca4285d89e0c97c68,Loco Dice,40
4reMrexillTAvq1AQr6MzV,Electronic,House & EDM,https://i.scdn.co/image/ab6761610000e5eb4a7f2d8beee1ea0d5429090d,JASSS,23
4reSHV3SUUDpftIiU7WEdg,idm,Ambient & Experimental Electronic,https://i.scdn.co/image/ab6761610000e5ebef9f83f30ce2efd46936dd11,MULTIPLES,4
4rfE3kN2zKNC9L9tt3iVOg,garage rock,Rock,https://i.scdn.co/image/ab6761610000e5eba911f1fd99e05a1707e311a1,Ron Gallo,48
4rjlerN21ygkIhmUv55irs,shoegaze,Alternative/Indie,https://i.scdn.co/image/ab6761610000e5ebf598fce956e0bd62981cb202,The Jesus and Mary Chain,54
4rkRYubUhMU6aBR9KNSWbG,acid rock,Rock,https://i.scdn.co/image/ab67616d0000b2737083eb82b193852a26247531,Tea & Symphony,3
4rxXqaQUe5udkRsGRDDDIY,proto-punk,Punk/Hardcore,https://i.scdn.co/image/b885515a1c856f3be5332c11b62fae58e20b757c,Tom Verlaine,25
4rzh5Lu83iFTPi2sn538oe,christmas,Jazz,https://i.scdn.co/image/ab67616d0000b2731219212a7e2d3d400afb827b,Billy Buttefield,5
4rzx4iwzF4sCJns8pelK55,,Unlisted,https://i.scdn.co/image/ab6761610000e5ebd55dd652de89dff86527908d,James Ellis Ford,5
4s1eMHTAaIlDiBNMcBKq08,math rock,Alternative/Indie,https://i.scdn.co/image/ab67616d0000b273f9ebdaba11de7cbbed1bbfb7,Strobes,8
4sQVPSDmfqIxG9W8o2EROX,jazz,Jazz,https://i.scdn.co/image/ab67616d0000b27364351626df25d938db9b9f2f,Miles Davis Quartet,35
4sSSkVtrCTzENCgm2vokiY,trip hop,Ambient & Experimental Electronic,https://i.scdn.co/image/5a3dac6d448206c1f9eb8c932fccb8e2cabb8205,Roots Manuva,52
4sZOhQx74ddUAkCHIDdXZp,christmas,Jazz,https://i.scdn.co/image/ab6761610000e5eb32bb76f3d1693bbf0e8ef12f,Christmas Hits,15
4sbB4Yy6Qig51pKCIKSLw3,r&b,R&B/Soul,https://i.scdn.co/image/f6a163462d7ef7edf6a3050d9b9a5f8d6e475306,Jaheim,59
4sj6D0zlMOl25nprDJBiU9,christmas,Jazz,https://i.scdn.co/image/ab6761610000e5eb5888acdca5e748e796b4e69b,Andy Williams,61
4skJp5OKvcc9eKokiuhi2s,neo-psychedelic,Rock,https://i.scdn.co/image/ab6761610000e5ebfeacc4fe5eb5046f077a998e,Pond,48
4suufHyoFCOPWuFgTdQVPz,Electronic,House & EDM,https://i.scdn.co/image/ab6761610000e5eb9f95f3b3288c954dabbf3987,BLACK GIRL / WHITE GIRL,21
4sv0Fz2g8xCoMW4GBArc1k,dub techno,Techno & Trance,https://i.scdn.co/image/ab67616d0000b273a8589a25206ee805f5175195,Acronym,21
4t0c0aHoabuLfz1b4nT1If,experimental,Ambient & Experimental Electronic,https://i.scdn.co/image/ab67616d0000b27366ccf0cab8bd89c0fd69c314,White Noise,21
4t7bXPFEPe0pu1ozhdDLOp,riot grrrl,Punk/Hardcore,https://i.scdn.co/image/ab6761610000e5eb4f8a3cbc7e1a3c8b2d95ee41,The Raincoats,34
4tBNwdhdWAXGzzaPTp9dRE,slowcore,Alternative/Indie,https://i.scdn.co/image/d8b4430ca3e96215ef4c2c833c345d2e66d97ea1,Jason Molina,49
4tMMHQ58Jn6IvUATulcNcw,,Unlisted,https://i.scdn.co/image/ab67616d0000b2730ece4c3f9bf2f6c1efdb8dc0,Lamonde,0
4tNxq9NGKTKaX8OkZBLgf0,trip hop,Ambient & Experimental Electronic,https://i.scdn.co/image/ab6761610000e5eb574ca230c274dff576c580b0,Nightmares On Wax,59
4tP1lAjaYb9szKruOsoL97,children's music,Novelty/Spoken Word,https://i.scdn.co/image/ab6761610000e5eb4d2194966bdf641f79a2c1ed,Music Together,51
4tX2TplrkIP4v05BNC903e,classic rock,Rock,https://i.scdn.co/image/ab6761610000e5eb90a674bb20646b2141b60d05,Tom Petty and the Heartbreakers,72
4tXPSo0qk91VMP3wFxL0Fo,spoken word,Novelty/Spoken Word,https://i.scdn.co/image/ab6772690000c46c65c90aec6ff668d0e856684b,Lee Ranaldo,27
4tZwfgrHOc3mvqYlEYSvVi,french house,House & EDM,https://i.scdn.co/image/ab6761610000e5ebd3aa7cc0e419b6c459b08e8e,Daft Punk,84
4tdVYQWfsBth04tc1mmQ23,swing music,Jazz,https://i.scdn.co/image/ab67616d0000b27380ead561fcf4cfc26bee69f1,Lucky Millinder,28
4tekUcHcvij7BIiylDLgTk,industrial,Alternative/Indie,https://i.scdn.co/image/ab6761610000e5ebc0e510417e836720a3b22675,Kerridge,4
4tlPDFGdI3IwmwpGgW0Aza,vocal jazz,Jazz,https://i.scdn.co/image/a92a4cb981640c1fb263b62ca740bd6fa46df2f3,"Oscar Brown, Jr.",30
4toEjJSZu1rbfX2hfVdZFA,old school hip hop,Hip Hop/Rap,https://i.scdn.co/image/324281df29e31fe201be16eb5329061e21ed3a47,Boogie Down Productions,41
4tpUmLEVLCGFr93o8hFFIB,Rock,Rock,https://i.scdn.co/image/ab6761610000e5eb67dc4da82c968767d994f3c3,Blondie,73
4tqlnth2QyipMf30eETFcL,french indie pop,Pop,https://i.scdn.co/image/ab6761610000e5eb2a313c9ca0678a9524d44017,Lonny,19
4trACwz9dRGlOnj61iQBNm,Electronic,House & EDM,https://i.scdn.co/image/ab67616d0000b273c45302e88dd752aed36156e6,Museum,3
4tuJ0bMpJh08umKkEXKUI5,Rock,Rock,https://i.scdn.co/image/ab6761610000e5ebf6d51e6f5342d2d363220920,Gracie Abrams,84
4tvKz56Tr39bkhcQUTO0Xr,Pop,Pop,https://i.scdn.co/image/ab6761610000e5eba6bec94f269e61676f2fe977,Angus & Julia Stone,67
4tw2Lmn9tTPUv7Gy7mVPI4,country,Country/Americana,https://i.scdn.co/image/ab6761610000e5eb43eec847b2e3aaa5f4edbd23,Kenny Rogers,73
4tyCvqG48h4LdcbFfWBjR9,jangle pop,Pop,https://i.scdn.co/image/ab6761610000e5eb9a4144b95351412d8957c235,The Wedding Present,38
4u1nYxjl132D6rcMeYQ6Zz,Rock,Rock,https://i.scdn.co/image/ab6761610000e5eb57adf89ecede255149f43ef5,Rival,54
4u9ZHrFXFXptM7H68RJbiY,Rock,Rock,https://i.scdn.co/image/ab6761610000e5eb59bb588ae651ed1a96cb3354,Kathy Heideman,24
4uBSazM6snEc9wCG3jMlYt,jazz fusion,Jazz,https://i.scdn.co/image/ab6761610000e5ebf08ae551610d2399255c5e79,Pat Metheny Group,53
4uGBJ4gqsK7NAUb3DKTL7Q,Rock,Rock,https://i.scdn.co/image/ab6761610000e5eb9056318f05425415c68b1ed8,Wantons,37
4uJt75N8u4RRQQ6hKYYIaS,Electronic,House & EDM,https://i.scdn.co/image/ab6761610000e5ebb514c56323fd241993429808,Anthony Moore,18
4uN3DsfENc7dp0OLO0FEIb,Rock,Rock,https://i.scdn.co/image/ab6761610000e5ebcebc241b0751f4125adfe41d,Sugar Ray,65
4uREfx5iqmCCxLSIQwDyd4,Rock,Rock,https://i.scdn.co/image/ab67616d0000b273e115278857538bfdf22c334c,Salty Dog,17
4uSftVc3FPWe6RJuMZNEe9,baroque pop,Pop,https://i.scdn.co/image/ab6761610000e5ebae9ca7cccf1a94484e2c9ad6,Andrew Bird,58
4ub4MDpNjyo1EhhQ4UarHb,Rock,Rock,https://i.scdn.co/image/ab6761610000e5ebfde8ca77de3e58c092ffe343,Thee Conductor,2
4uhvChO03V0DFbltw2UQLf,ragtime,Jazz,https://i.scdn.co/image/ab67616d0000b27354b0cca52e005010acaa4d96,Jack Hylton,21
4ultVGMWqvHvwRHnogpymO,baroque pop,Pop,https://i.scdn.co/image/ab67616d0000b273bdfaa86b6b40ac6cc94e2820,Harumi,32
4uq3HY9rto71MxVGVCZm8G,uk garage,Garage & Breaks,https://i.scdn.co/image/ab6761610000e5eb200b09db737a770ff9429384,Architechs,41
4v1u81WJkFLJaowYGsTdFs,breakbeat,Garage & Breaks,https://i.scdn.co/image/ab6761610000e5eb3d22e8fad82899c72e1201c3,Sync 24,7
4vDI5I39lWXVVA5CH8ANJP,downtempo,Ambient & Experimental Electronic,https://i.scdn.co/image/ab67616d0000b27385244eb18322a5b867c9b1df,Master Margherita,24
4vNQY9dqHGNTP3VLJonsHU,rocksteady,Reggae/Caribbean,https://i.scdn.co/image/ab67616d0000b2731201c9bbee28c4aed57f7137,Al Barry,33
4vOWGtkwkFHPi4091LuTtk,,Unlisted,https://i.scdn.co/image/ab6761610000e5ebdae83a9b04afb30ded292487,Phenam,1
4vPE7pt5RgtB8cqDqQHhMK,free jazz,Jazz,https://i.scdn.co/image/ab6761610000e5ebc8624967c2bfaf06224562b7,James Brandon Lewis,25
4vRSocKbGh7PsQrYRDVMEF,Electronic,House & EDM,https://i.scdn.co/image/ab6761610000e5ebaf2cbd8cdb93a9a6b14a190e,Lindsay Lohan,51
4vRyd1UZ8Eq98EppbwOBg6,blues,Blues,https://i.scdn.co/image/ab6772690000c46c371155387c9487441042285c,Blind Willie McTell,31
4vaHsX1BmXqxYBvqSuxKh2,lullaby,Novelty/Spoken Word,https://i.scdn.co/image/ab6761610000e5ebc659d5c51814514cf5c2f2ac,The Rainbow Collections,40
4vba4WcSuvKbgYr772jD0t,experimental,Ambient & Experimental Electronic,https://i.scdn.co/image/ab67616d0000b273846864de50966dd62bde1f2c,HSXCHCXCXHS,2
4vgGgW0EX7CeEU7WZzhbsx,experimental,Ambient & Experimental Electronic,https://i.scdn.co/image/ab6761610000e5ebe8a08a28de5526d780f05421,Helm,9
4vkIW79PRnJM8PNylIMTQB,jangle pop,Pop,https://i.scdn.co/image/f82db11640c20829f6cde6c6776158e1a16ab657,Twerps,27
4vpDg7Y7fU982Ds30zawDA,folk rock,Folk/Acoustic,https://i.scdn.co/image/750c386b0ca07258347328b68e171bfcc1addead,The Band,63
4vwzEW1kPK1BlgSBGrRyqZ,trip hop,Ambient & Experimental Electronic,https://i.scdn.co/image/ab6761610000e5ebf49bdefdee599222e694b143,DJ Vadim,48
4vxeI1WNgRCQVQdmLuA42v,comedy,Novelty/Spoken Word,https://i.scdn.co/image/ab67616d0000b2733beb021d3c406ab3f8f45481,Stanley Holloway,25
4w3QqrcmBv8dasemwBXmxf,Electronic,House & EDM,https://i.scdn.co/image/ab6772690000c46c1f272ff8ca78ef4c70e49f70,Prefab Sprout,50
4w6VhlUuzrUoJ5NbCpefXx,lo-fi house,House & EDM,https://i.scdn.co/image/ab6761610000e5eb6fd1b5dace24221563cd1f5d,Kassian,32
4w7PNHWFtN2CNkDNhDL7c3,funky house,House & EDM,https://i.scdn.co/image/ab6761610000e5ebc39a59eda2dceb196e9569e8,DJ Dan,29
4wBhllC5Nto10UefzXVMt9,post-punk,Rock,https://i.scdn.co/image/ab6761610000e5ebd211c1479f2a9e309c2a0468,Omni,30
4wIdxySSxqlIirsqE0JKx8,Rock,Rock,https://i.scdn.co/image/ab6761610000e5eb0a2e7fe5da2c09079a70a7d5,Adam Torres,28
4wPKtZH8mW0PdLeWPneweb,garage rock,Rock,https://i.scdn.co/image/50178111f39c8c5ceffe700e69e0109fd41296ec,The Dirtbombs,29
4wPR8PhvdOB0vksHMUWDZY,melodic techno,Techno & Trance,https://i.scdn.co/image/ab6761610000e5eb1f346d59e63b363af18cbf0a,Trikk,37
4wQ3PyMz3WwJGI5uEqHUVR,southern rock,Rock,https://i.scdn.co/image/ab6772690000c46c08f5d15585b77b0cb059717b,Allman Brothers Band,65
4wWQkHhmUNlXvhbHRUSqZW,jangle pop,Pop,https://i.scdn.co/image/ab6772690000c46ca6dcab94ba9cea7488f2f84e,The Vaselines,37
4wXchxfTTggLtzkoUhO86Q,indie,Alternative/Indie,https://i.scdn.co/image/ab6761610000e5eb64f7decb30468893572f1301,Soccer Mommy,52
4waYjUUd6ydX8OJwsr54iE,dub techno,Techno & Trance,https://i.scdn.co/image/59db91ebd3e6f19d8a0bffb985e08a428603f448,Demdike Stare,21
4wavWMHhIiUXxwCuWsHzXo,Rock,Rock,https://i.scdn.co/image/ab6761610000e5eb03c84d9e97f828c81adb1b01,The Delgados,29
4wo1267SJuUfHgasdlfNfc,garage rock,Rock,https://i.scdn.co/image/1b222f51466c099834dfde3b8648d61e2fb82678,The Raconteurs,58
4wsg78KGu80m8Xk37PY2uG,punk,Punk/Hardcore,https://i.scdn.co/image/ab6761610000e5ebcb869ec7836df71825714e48,U.K. Subs,35
4wwj0BGZ6T61LB1jBWdo0n,children's music,Novelty/Spoken Word,https://i.scdn.co/image/f4417e12891c2196a5a4f6147b39c56f88a8cc88,Caspar Babypants,55
4wxfp3hyKEu72DeU3Xoybf,psytrance,Techno & Trance,https://i.scdn.co/image/ab6761610000e5ebbbc74ecd54fe9b755682cbff,Djantrix,27
4wyNyxs74Ux8UIDopNjIai,Electronic,House & EDM,https://i.scdn.co/image/ab6761610000e5eba15b75a2ee429509f547c3af,King Krule,63
4x1nvY2FN8jxqAFA0DA02H,christmas,Jazz,https://i.scdn.co/image/ab6761610000e5ebe336079626f2a1be7456486c,John Lennon,72
4x3O97skvSMH61NkaKrZq8,singer-songwriter,Folk/Acoustic,https://i.scdn.co/image/ab67616d0000b273e4aa3d9340ae2ee4815bf4bf,Dory Previn,28
4xBSK0hu7wFitcyc1Zjg8U,Rock,Rock,https://i.scdn.co/image/ab6761610000e5ebb3432622cf061d61b36988a6,Mammoth Penguins,8
4xIooHvSmj2aWhQGrniJSu,swing music,Jazz,https://i.scdn.co/image/ab67616d0000b273611bea56c592c8258e6bfe36,The Rosenberg Trio,38
4xKsjRK2wCjXwamNHK6dMr,ebm,Ambient & Experimental Electronic,https://i.scdn.co/image/ab6761610000e5eb0e025c55ac6b826522f9bbeb,Ohota,34
4xNHL3jrBgeuntwsTUM8rz,Rock,Rock,https://i.scdn.co/image/ab67616d0000b273388163ca0f8bace136e2eee9,Rowland Salley,31
4xcYVPssil6vbG6tq3W43S,classic country,Country/Americana,https://i.scdn.co/image/0103280aa67c4058e80b437fd2283948adfc1376,Don Gibson,42
4xiBg5AwhlWtuxAJO9rO6f,rockabilly,Rock,https://i.scdn.co/image/ab6761610000e5eb140f487609faafb6de3c7964,Brian Setzer,39
4xlJMRtnHXK4exbkB1eA10,,Unlisted,,Soulwax feat. Nancy Whang,0
4xoTZnaFX7xWz76sVSgg7u,yacht rock,Rock,https://i.scdn.co/image/ab67616d0000b273fa2a6a9c1e7fecb7b8d7b707,Pages,41
4y2L5OYedOccWx5GLdLA5C,psychedelic rock,Rock,https://i.scdn.co/image/ab67616d0000b273a9ee0cc5fca9c9642d569edd,J.K. & Co.,24
4y6J8jwRAwO4dssiSmN91R,blues,Blues,https://i.scdn.co/image/b4ccc4c928c953fbe755c88c4774df70db977a5c,Muddy Waters,57
4y7BsfdIKQ7Of5SskHej70,acid house,House & EDM,https://i.scdn.co/image/ab6761610000e5eb1890f125e9f496c553ee469a,Phuture,26
4yBBNmdvVaoPEnr2lt14q7,krautrock,Alternative/Indie,https://i.scdn.co/image/ab6761610000e5eba9f2f058947c2a3942c6f4ff,Faust,32
4yHhv6i379P2rMHJJtrefQ,techno,Techno & Trance,https://i.scdn.co/image/ab67616d0000b273f4480420cbdb105852c5e7e3,Moerbeck,8
4yPF0okVf5WmxwRHZnUyAY,lo-fi house,House & EDM,https://i.scdn.co/image/ab6761610000e5eb1348ff78a0f23aac7ef299a9,Raär,30
4yY8t7B15jpOVwF4256Ft5,Rock,Rock,https://i.scdn.co/image/ab6761610000e5eba1ca3337dc79c7ebc8109c38,Clemency,1
4ypyToB94tFkw2BxF96ZlM,norsk rock,Unlisted,https://i.scdn.co/image/ab67616d0000b2736b7c1b835b8034b404cfeb3e,Folque,21
4yrO1N273PlTaixa4BNwBz,Pop,Pop,https://i.scdn.co/image/ab6761610000e5eb4ad7695f58dfb6272d0633e5,Avalon Emerson,39
4ytkhMSAnrDP8XzRNlw9FS,christmas,Jazz,https://i.scdn.co/image/822d7cac5aa9649b2c8a0be5da89567f8b80ca56,Vince Guaraldi Trio,57
4yvcSjfu4PC0CYQyLy4wSq,Electronic,House & EDM,https://i.scdn.co/image/ab6761610000e5ebeb2cc96b0ed023c5e3675b6f,Glass Animals,78
4ywTx5cZc1YOkOtVrSK6nJ,nu disco,Funk/Disco,https://i.scdn.co/image/dab71fffb2b3cb77ebbac4f684dcdfb35c784a62,Kerrier District,16
4z4m1P0iX2nRSPDBEZ8LBT,eurodance,House & EDM,https://i.scdn.co/image/ab6761610000e5eb3d276cf7aabcf9e549f1252d,DJ Sammy,56
4z6FshDl8yeHQSpFWdgN32,lo-fi house,House & EDM,https://i.scdn.co/image/ab6761610000e5eb5eeb96d62244cf9f9e275a19,Youandewan,42
4z8y2MjTFwLa73dABYP1io,gabber,Garage & Breaks,https://i.scdn.co/image/ab6761610000e5eb886ff71bdf95fdd060c5ddfc,Gabber Modus Operandi,20
4zDG2kkm3SmF383uO3Hgo8,Electronic,House & EDM,https://i.scdn.co/image/d6ec13a921da13970b5c61889003658c02def19c,Martin Rev,29
4zGBj9dI63YIWmZkPl3o7V,footwork,Bass Music,https://i.scdn.co/image/ab6761610000e5ebaa5d886e3161d8e4642f81f3,DJ Rashad,34
4zLjvhhQ5WLRFCKPPgx8q6,Electronic,House & EDM,https://i.scdn.co/image/48f872ed52777d3a7ebf7d4edc381a8729d3d61d,Walls,8
4zMX9gWf1DKhvsYHUCbBF7,roots rock,Rock,https://i.scdn.co/image/ab6761610000e5ebda462e7d3d39592ebf9d51a5,T Bone Burnett,33
4zOw0E0NA7B4lIYyc3XNt5,Rock,Rock,https://i.scdn.co/image/ab6761610000e5eb2ed445fdbc99c127f4a9ef7b,Kingswood,41
4zPGlyitRvJo7iz6OKlETa,britpop,Rock,https://i.scdn.co/image/ab6772690000c46c35d6cced3beb43da6a850b83,Gomez,44
4zVfvSWs6FvSD6B5lQGs2S,Funk / Soul,Funk/Disco,https://i.scdn.co/image/809c25f4bc6391b6486f3a07696642a58ee1148b,Peter Andre,48
4zXEe25IWFWVU48Q0BaK9q,post-punk,Rock,https://i.scdn.co/image/ab6761610000e5ebc8a097cda7804135deaf33b6,Pottery,19
4zYU9OwKFEpd1vuNH471eC,christmas,Jazz,,Stan Francis,16
4znPt0HV6Ik0iR8sR4GAJE,idm,Ambient & Experimental Electronic,https://i.scdn.co/image/ab6772690000c46c27390f98b006101fba94af0b,Ulrich Schnauss,40
4zrFO6P7G6EZry0pfxMfKT,Rock,Rock,https://i.scdn.co/image/ab6761610000e5eb87607b826497b1e83c1a4c87,Wild Beasts,36
4zsrUnozu6zRlVELQezaBn,retro soul,R&B/Soul,https://i.scdn.co/image/350edc3da212585098d60384bde750f274912183,Naomi Shelton,27
4zxH2Yu5AvPNRdEDBz120D,variété française,Unlisted,https://i.scdn.co/image/ab6761610000e5ebe801b633722698f9387da9be,Véronique Sanson,55
50JseMNeq8nMjeqVCP20kQ,swing music,Jazz,https://i.scdn.co/image/ab6761610000e5eb3ce49e12fd04d11b366c4408,Southside Aces,19
50KLYZQtZLrR2gGa5oHJEF,Pop,Pop,https://i.scdn.co/image/ab67616d0000b273301071221a3521866b391738,Rolf Harris,29
50Tcl37pkoBr1jlmaotjot,experimental,Ambient & Experimental Electronic,https://i.scdn.co/image/ab6772690000c46c9738b338914400e5ccea2ddd,Lucky Dragons,11
50WLwk3WinEGDR5Kh6Vmiv,big band,Jazz,https://i.scdn.co/image/ab67616d0000b273048c8106f477bad291c58fde,Piccadilly Six,13
50b6p8UF5dHfvjaN3GduG3,minimal techno,Techno & Trance,https://i.scdn.co/image/ab6761610000e5ebe46796150848c64591c92290,Marc Houle,27
50bQnv15LNmaH27jodquYw,techno,Techno & Trance,https://i.scdn.co/image/ab6761610000e5eb2edadfff91861785f3311445,Lewis Fautzi,29
50edBqFV2GAWMuTqX0oEoe,alt country,Country/Americana,https://i.scdn.co/image/ab6761610000e5ebb352c561c55e63b57f58116d,Jack Francis,13
50iEISE8vvc4JChPJhx72u,Rock,Rock,https://i.scdn.co/image/ab67616d0000b273993b89ed1fe34b13c23d38a1,Teddy Chisi,11
50lWJNqkiXbArrMgzeBBr9,hard techno,Techno & Trance,https://i.scdn.co/image/ab6761610000e5eb3b5c2bb01b2a385b387096f2,Lars Huismann,30
50nN8IFD4xA67fI4jYbLV4,grime,Bass Music,https://i.scdn.co/image/ab6761610000e5eb62c429f07a580decf69d15ad,Kano,54
50oLNc8Bq2NmKzqTKiyLHd,Jazz,Jazz,https://i.scdn.co/image/ab67616d0000b2733db801c8caecafd9a566ce9b,Eddy Duchin & His Orchestra,10
50sSN9E5i4DJzYDclAXlSo,art rock,Alternative/Indie,https://i.scdn.co/image/ab6761610000e5ebf2b1a44faf4617306c2d5bec,Anna Calvi,40
50zRydJXfkLzGIOj9mITfy,jazz fusion,Jazz,https://i.scdn.co/image/357006def28d46afdb2fcff31bf8f6b69f2fdc32,Jan Hammer,50
514E8BkpbcVjYCEp8zZGcc,footwork,Bass Music,,DJ Yung Tellem,1
516GstZDPpbTfcOtC3Ui5x,Electronic,House & EDM,https://i.scdn.co/image/ab67616d0000b273d0efefbac74c8f1d1141dceb,Fishy Tunes,0
51Blml2LZPmy7TTiAg47vQ,rock,Rock,https://i.scdn.co/image/ab6761610000e5ebe62be215d2ee31bcd97edaba,U2,80
51CANyDEIfgYt0mwLKCpZ6,dub techno,Techno & Trance,https://i.scdn.co/image/ab6761610000e5eb78cd228d6fa1e379f0055111,Sandwell District,22
51Eq6WMVEOjjx9KQMAnneG,indie rock,Alternative/Indie,https://i.scdn.co/image/ab6761610000e5eb6c40af0e79d7a5a13f26a4df,The Cribs,47
51Rlwvwkj8L3zakIRr6dUV,jazz house,House & EDM,https://i.scdn.co/image/ab6761610000e5eba733f22a0b527777f0a12cc1,Seb Wildblood,49
51SJkIsJQ3UFQRT3zcwYIx,baroque pop,Pop,https://i.scdn.co/image/adccefb43cf79c3cc269cb86b86db0be82006ec2,Duncan Browne,25
51hRQLOySCpDBsBL6C03IZ,northern soul,R&B/Soul,https://i.scdn.co/image/ab67616d0000b2733f6cd3d6393c0e84c73c9ec3,The Detroit Emeralds,29
51op6E2hjkeutwFhgw32mL,grime,Bass Music,https://i.scdn.co/image/ab6761610000e5eb8b5fed9e517dfb8ac3a7c39c,BackRoad Gee,45
51qUDJb5AtQX6jIL4VJx6M,afropop,World/Traditional,https://i.scdn.co/image/ab6761610000e5ebf17984726b566d86fb985921,Angelique Kidjo,52
51rzklJj6mqBOEXOiOPqY7,glitch,Ambient & Experimental Electronic,https://i.scdn.co/image/ab6761610000e5eb5da175742451d8ef6b2d3794,Object Blue,11
51yGpqOaCT6TlLzV3LefDV,sludge metal,Metal,https://i.scdn.co/image/ab6772690000c46c6e373fea76b20911692e0069,Sumac,23
522dWoPJerhJQmc2ttK0sc,ragtime,Jazz,https://i.scdn.co/image/ab67616d0000b273658681b27db3f561a660379b,The Veterinary Street Jazz Band,18
52BKc9OtCbQstAAPTIvLGH,alt country,Country/Americana,https://i.scdn.co/image/ab6761610000e5ebcdb24f2ab31c0739c346dacf,James McMurtry,49
52NOZYgYNsmv3nS0me6cqO,dub techno,Techno & Trance,https://i.scdn.co/image/ab6761610000e5ebdf1058a11b30cb8308241a10,Answer Code Request,29
52Syw7gkGRePCAYvEY2X9D,Electronic,House & EDM,https://i.scdn.co/image/ab6761610000e5eb54a3ba2a561629077cc505a3,N-Dubz,54
52VfGq3cCGwYsc5UGObOb0,Non-Music,Novelty/Spoken Word,https://i.scdn.co/image/ab67616d0000b273d7a087be61f0fc5af12a3c9b,Bob The Builder,35
52XSRQqTAfZ8ZrIqkQvQyA,lo-fi house,House & EDM,https://i.scdn.co/image/ab6761610000e5eb014cf3f08ec1fe239f3f643b,Palms Trax,35
52fhNGn51RhUvjlapHT5T2,Rock,Rock,https://i.scdn.co/image/ab6761610000e5eb21c9d1fd2250d1fbf6d668c2,Prima Queen,33
52lBOxCxbJg0ttXEW9CQpW,swing music,Other,https://i.scdn.co/image/85e8343b215c98ad063417ac2f6b63919557721a,Louis Prima,59
52la6ts4higk3sqyFC3aTg,Rock,Rock,https://i.scdn.co/image/ab6761610000e5eb5844bddd5074c1108c0c601c,Novedades Carminha,39
52mz9PgySAnFsUn6YoW8YG,lo-fi house,House & EDM,https://i.scdn.co/image/ab6761610000e5eb0d82cfe1ecc1c397741c20a4,Trudge,29
52nwgb3EZSQrv9Q6MltYye,footwork,Bass Music,,DJ T-Why,0
52o3kir2OhAcvcTNUYYXfN,acid techno,Techno & Trance,https://i.scdn.co/image/ab6761610000e5eb5a380614a6b8cc4d0b0bb8a9,Vixen,11
52ra5pt8grwDXQaE2AO5on,uk garage,Garage & Breaks,https://i.scdn.co/image/ab6761610000e5ebd91525308de63fccca54a479,groove chronicles,31
530BQdnWKWSFYjg8SKUGbN,,Unlisted,https://i.scdn.co/image/ab6761610000e5ebd6de2b336aa54b1b50beb0fe,Smoothe Sounds,54
530Sdm7eqqzWBdDmILMgnu,yacht rock,Rock,https://i.scdn.co/image/d0f9136003814386988d37964be13b1da0b1c6e1,Robert Palmer,61
5338fdSzGNOFD4cxAxDTeq,bubblegum pop,Pop,https://i.scdn.co/image/ab6761610000e5eb7282180bad17abc8b83495f0,Aaron Carter,44
536qHynzDH1QviwhWY9dE3,idm,Ambient & Experimental Electronic,https://i.scdn.co/image/ab6761610000e5ebbe20e75a5de23e62c8787cfd,Loraine James,31
538TUK3KiHnDNHkHLF2yrK,Non-Music,Novelty/Spoken Word,https://i.scdn.co/image/ab6761610000e5eb61ff7e3364105bc8c14a716e,Bruce,16
53IfD3QieElrbwdMkNxX6G,dub techno,Techno & Trance,https://i.scdn.co/image/ab6761610000e5eb964e1bc6656e3dbfaffdebbe,Delta Funktionen,13
53JsFUDYcN2jw6v1nF7Z82,Electronic,House & EDM,https://i.scdn.co/image/e0e9801c2a540ea00bd7112f087fb3b24e8ceb0e,Kuniyuki Takahashi,39
53KwLdlmrlCelAZMaLVZqU,Electronic,House & EDM,https://i.scdn.co/image/ab6761610000e5eb93fe5fc8fdb5a98248911a07,James Blake,69
53LlrTpfGrdZS8QyBUxrVs,smooth jazz,Jazz,https://i.scdn.co/image/ab6761610000e5eb39e3f7a40d9d1ef808ed2115,Mezzoforte,38
53OTkc8EAxU6bZ8cTRgohP,Electronic,House & EDM,https://i.scdn.co/image/ab67616d0000b273bf7c983ad988c670fab5da52,Shelley Parker,1
53PYmJ7bACIX8gkVoTkCIr,anti-folk,Folk/Acoustic,https://i.scdn.co/image/ab6761610000e5ebe3321a22a9dace6692bc5188,Simon Joyner,20
53QzNeFpzAaXYnrDBbDrIp,motown,R&B/Soul,https://i.scdn.co/image/ab6761610000e5eb6a73ed54b07cd71d3b1f4789,The Isley Brothers,64
53XhwfbYqKCa1cC15pYq2q,Rock,Rock,https://i.scdn.co/image/ab6761610000e5ebab47d8dae2b24f5afe7f9d38,Imagine Dragons,89
53aQwuzlyn4vxxUs6Edlqw,spoken word,Novelty/Spoken Word,https://i.scdn.co/image/ab6761610000e5ebbb0b3791d23445f947593da1,James Yorkston,37
53by9P3tpXOW1diWCI6MNu,neo-psychedelic,Rock,https://i.scdn.co/image/ab6761610000e5eb220be689e1440c3cebfc21e0,Wand,41
53lfoqOxrU2wNl2URzXSo1,Rock,Rock,https://i.scdn.co/image/ab6761610000e5eb84ac8a4c612d93faf8d55729,Insecure Men,33
53p9POVxT1ODqyvK5Q5yxx,big band,Jazz,,Sidney Lipton,0
53wZLCnhshZKDRs3uopFBc,Electronic,House & EDM,https://i.scdn.co/image/ab6761610000e5ebc71d105bfc3304a6cd71f5d0,Jai Paul,45
543QE1sqcqcNAL8JSK4Jzd,Electronic,House & EDM,https://i.scdn.co/image/ab6761610000e5eb038e47f86ff9a1e92582771e,GAIKA,29
543jOiqi5zLNZIOv7rA6rg,dark ambient,Ambient & Experimental Electronic,https://i.scdn.co/image/ab6761610000e5ebf45913283b0559e0cd71483d,The Haxan Cloak,22
54Bjxn26WsjfslQbNVtSCm,emo,Punk/Hardcore,https://i.scdn.co/image/ab6761610000e5eb6aa6e0755c6b9899d9deeb17,The Get Up Kids,45
54ECAJjvSyZGTWUgyt5tqc,space rock,Rock,https://i.scdn.co/image/ab6761610000e5eb71b822c7e8b1237b62b34596,Peaking Lights,29
54NqjhP2rT524Mi2GicG4K,punk,Punk/Hardcore,https://i.scdn.co/image/ab6761610000e5eb239582b1c53ec26843e9fc91,X,46
54QMjE4toDfiCryzYWCpXX,new rave,House & EDM,https://i.scdn.co/image/ab6761610000e5ebceff4142bf102931cd3cd61d,Metronomy,64
54QWzwwLTGc8ifV6tNfiRS,dub techno,Techno & Trance,https://i.scdn.co/image/ab67616d0000b273f3aeed9fb0c90d6bc7387d24,Trevino,16
54R6Y0I7jGUCveDTtI21nb,disco,Funk/Disco,https://i.scdn.co/image/ab6761610000e5ebaf50264c42782538634391f9,Boney M.,73
54T6Gso8zGPk4czyWlnUw5,free jazz,Jazz,https://i.scdn.co/image/ab6761610000e5eb918ceacd18fb4a33cca318a5,Jaimie Branch,29
54YNxT02JdAApvFBhD8ea0,big band,Jazz,https://i.scdn.co/image/ab6761610000e5eba50eec13f11ddbae62f164d7,Mingus Big Band,37
54lCHcY1RNiW0sABf5GFqr,brazilian jazz,Jazz,https://i.scdn.co/image/ab6761610000e5ebf65c6119ad0a0b9f0c46ecf3,Marcos Resende,16
54lOUDySWQlDC4tb81wjDT,Electronic,House & EDM,https://i.scdn.co/image/ab6761610000e5eb63627c27a6bff9d51f88ee64,Co-Fusion,11
54mELlas7xPj7gnCCvB1KQ,,Unlisted,https://i.scdn.co/image/ab67616d0000b27365c153d4137e3e7eb6ac82cf,Rachel Eddy & Kristian Herner,2
552ygznSvdCCEfn8iG6MXS,disco,Funk/Disco,,Debby Blackwell,2
559oW3wcVAW5tcL1DQniyf,idm,Ambient & Experimental Electronic,https://i.scdn.co/image/ab6761610000e5eb1956d856ebe362b4a62447b0,rRoxymore,30
55DHRcQ9oxUu76VNuQz48P,musicals,Unlisted,https://i.scdn.co/image/60aaf344ed818bb4a670f1039bc9f57c57b1f55e,Chita Rivera,27
55GgSmZm0TR5qvTRcRwq6B,footwork,Bass Music,https://i.scdn.co/image/ab6761610000e5ebc85c1e3d98f650fc7b11decb,bastienGOAT,17
55LHFEtIplWhsfyWZUwkf4,baroque pop,Pop,https://i.scdn.co/image/ab6761610000e5ebb97b6eeada9335c77f7be193,Foxygen,43
55NnJzJsfA4x9g9MZA5Tu4,riddim,Bass Music,https://i.scdn.co/image/ab6761610000e5eb50e7a3c2d3b8580f2f089cd7,Voltra,19
55UOywvWbUD9c6C3NSGdft,chicago house,House & EDM,https://i.scdn.co/image/ab6761610000e5eb00d347cfc20a85cc599a1589,Mike Dunn,46
55bGuHb50r5c0PeqqMeNBV,blues rock,Blues,https://i.scdn.co/image/ab6761610000e5eba1fdfe123e8664bc7e3c79bb,Jimmy Page,44
55qiaow2sDYtjqu1mwRua6,Pop,Pop,https://i.scdn.co/image/ab6761610000e5ebafbfd2419f09f43d625c2a3e,New Kids On The Block,57
55wOEGTc3QKwBJ9gntcOxT,folk rock,Folk/Acoustic,https://i.scdn.co/image/ab67616d0000b273d9587ababd13bd90db19ebd1,Pentangle,37
55xT9rIBquwGEm5aEUNZHH,krautrock,Alternative/Indie,https://i.scdn.co/image/ab67616d0000b2735dfa5b74996ea16aa7d2ec88,Emtidi,4
5670CyWrIOA7702gNjsGMZ,Rock,Rock,https://i.scdn.co/image/c06b9e6723a6ec5be9ac73454ef807e3e3e1f27f,Manfred Mann,52
568ZhdwyaiCyOGJRtNYhWf,hard rock,Rock,https://i.scdn.co/image/ab6761610000e5eb3a475812e97ee788cfd5fd1a,Deep Purple,69
56FeQ03tAPYJ2gwmGhrpbF,swing music,Jazz,https://i.scdn.co/image/ab6761610000e5eb962dca1bb765cdd6d3ed27ba,Erskine Hawkins,19
56LMX8mqaIhJCaxjZBM1on,blues,Blues,https://i.scdn.co/image/ab6761610000e5ebbc4b0d4cfd663d4b2f2a3c4d,Tinsley Ellis,41
56ZTgzPBDge0OvCGgMO3OY,dream pop,Alternative/Indie,https://i.scdn.co/image/ab6761610000e5ebb3e38a46a56a423d8f741c09,Beach House,76
56i44amVgwyT9sxhoPIc1R,acid house,House & EDM,https://i.scdn.co/image/ab67616d0000b2732ffd8e39c93753a02fed4254,Drvg Cvltvre,5
56j0HoH9KmM1I9GjR3skUi,Rock,Rock,https://i.scdn.co/image/e0b9c5882a5281a1dc8687e0176c3762fd939cc2,The Amazing Snakeheads,17
56limjBRDYQGaBEWLRR72e,dub techno,Techno & Trance,https://i.scdn.co/image/4e07b6249a5f1b71946c04a0dd1df65e822a5d62,Second Woman,10
56tggwKsz5OqCDf1i0Str9,classic country,Country/Americana,https://i.scdn.co/image/ab67616d0000b273e620e5a233c1fb08e5da43fd,Red Foley,37
56uU1OZizI84F7hkLuvYWI,swing music,Jazz,https://i.scdn.co/image/ab67616d0000b273a16aae04ca35da07f1b55b7c,Selmer #607,21
56ykT2aZYIsDrPMOKSMPYQ,baltimore club,Bass Music,https://i.scdn.co/image/ab67616d0000b2737b4b0478a62b83bef093da81,Young Luxenberg,2
570vCzcespB48HIQyTbDO6,bebop,Jazz,https://i.scdn.co/image/ab6761610000e5eb4fe8a62f9e7c2a0c48a3b9ac,Bud Powell,43
573nSltoBinkbQXk5JSY9U,Electronic,House & EDM,https://i.scdn.co/image/ab67616d0000b273083d3055d6843d90add0c30b,Flash and the Pan,44
573wZt3JX0wg63d3I8OlZk,big band,Jazz,https://i.scdn.co/image/ab67616d0000b273101292b2feb2118d59c4824d,Billy Cotton & His Band,16
57AKOY1SF1062tuVzgAPv8,christmas,Jazz,https://i.scdn.co/image/631a45d2b8037f6a2e067a329bbd04406106d068,The Waitresses,36
57Uk8lmpqDsu1ULyRPslG2,son cubano,Latin,,Grupo Estrellas Campesinas,7
57WXdjUf5Vlq3klNZegeTP,proto-punk,Punk/Hardcore,https://i.scdn.co/image/ab67616d0000b27316dd04ec4a099a709b6627b5,Count Five,40
57YVY9QP1mhqc51WqHln0e,glam rock,Rock,https://i.scdn.co/image/5df93e9f78f6139dde2cbf09d893bcf195722591,Tom Robinson Band,38
57ZB0kMmW6JLQAIaCzMG7I,space rock,Rock,https://i.scdn.co/image/ab6761610000e5eb69c66b5468c6d72dcb99009f,Bitchin Bajas,30
57bUPid8xztkieZfS7OlEV,motown,R&B/Soul,https://i.scdn.co/image/5c5dc3f7b4569a7727a63a44513c7a602b72da44,The Supremes,64
57kIMCLPgkzQlXjblX7XXP,Rock,Rock,https://i.scdn.co/image/ab6761610000e5eb6da6f6a373d1e9ec7992b991,Phosphorescent,51
57ut70dPEUxC1dk83YY3hY,opera,Classical/Orchestral,https://i.scdn.co/image/ab6772690000c46c7d086f132e228ccf9ffa0847,Dame Joan Sutherland,48
57xdnSVt4ahJCIXYLieQ25,proto-punk,Punk/Hardcore,https://i.scdn.co/image/ab6772690000c46c988a8b87a19ab20240d22c6b,The Troggs,51
57ylwQTnFnIhJh4nu4rxCs,melodic death metal,Metal,https://i.scdn.co/image/ab6761610000e5eb5c3bd919d1344a738af14136,In Flames,65
58Dx4HPzeOO3dbpD9YYEes,miami bass,Hip Hop/Rap,https://i.scdn.co/image/ab6761610000e5eb0270a9d17a7b6b629923f4e2,2 LIVE CREW,47
58EvYFzDGAQOmBpIOxujnj,entehno,World/Traditional,https://i.scdn.co/image/ab6761610000e5ebbff62d5286c4e3db1026c167,Mikis Theodorakis,49
58JzaTbARHUNHnKoyKNr4P,acid rock,Rock,https://i.scdn.co/image/ab67616d0000b273498a8c53a7cf60b228708d8b,The Koobas,7
58QNei6HY9fAmKKUeTOneM,edm trap,Unlisted,https://i.scdn.co/image/ab6761610000e5eb08000357f3ed3be4ac10514e,Tenka,21
58WFmcqNmejE2IpVIna43o,post-punk,Rock,https://i.scdn.co/image/ab6761610000e5eb0c6798249a0a036facdfeb6f,Algiers,26
58XGUNsRNu3cVOIOYk5chx,garage rock,Rock,https://i.scdn.co/image/ab6761610000e5ebf68457ccb2a56c9f2ad76a73,Ty Segall,48
58ehndX799ZV9Jcv6IefJ1,power pop,Rock,https://i.scdn.co/image/ab6761610000e5eba46e498381c510e51b42d58d,Sheer Mag,33
58jeN5Whh7fhR67rE46qBt,progressive metal,Metal,https://i.scdn.co/image/ab6761610000e5eb229067d6bd31cc2f25a954a7,Arcane Roots,32
58lV9VcRSjABbAbfWS6skp,glam metal,Metal,https://i.scdn.co/image/ab6761610000e5eb52aade0d2ea19706074da4b9,Bon Jovi,81
58nJeJQCASGZeLBeyfxRQc,big band,Jazz,https://i.scdn.co/image/ab67616d0000b2731ac2a90efc6dd48939c600bb,Roy Fox,17
58nPlJ5CNYu0nGLOuE1Uuk,krautrock,Alternative/Indie,https://i.scdn.co/image/ab6772690000c46cced22bfdab097c3edd236503,Holger Czukay,27
58oRcDOFn1MnyCBMgiWZmD,neo-psychedelic,Rock,https://i.scdn.co/image/ab6761610000e5eb36130d7b8b56555c4daf7465,Tim Presley,20
58xrQ9IjbkyzdulTlm9cqM,Rock,Rock,https://i.scdn.co/image/ab67616d0000b2736b89a9aebac2ee596a1edb89,The Stills-Young Band,43
5928hF4c1MriHfAgpFf8ya,soundtrack,Soundtrack/Instrumental,https://i.scdn.co/image/e6252595549d9196d1824de81395915c22474c54,Trevor Jones,55
597yzFFRvWnxCtDInHwciZ,noise rock,Alternative/Indie,https://i.scdn.co/image/ab6761610000e5eb876e0e329c538887512f5191,Chad VanGaalen,13
59IPo3F7aZifhZtHnoGHbo,Rock,Rock,https://i.scdn.co/image/ab6761610000e5eb96b0839181282e3ddcb8934a,Heatmiser,45
59QKG3eYCCmqC6SqUwXvSw,yacht rock,Rock,https://i.scdn.co/image/ab6761610000e5ebcf204efa9a806367cf68c632,Ned Doheny,38
59aYVQd0YHXqoOBf3pmxqs,power pop,Rock,https://i.scdn.co/image/ab67616d0000b2734a564af693f58e9aaceb5a61,The Innocents,12
59bUMyVXfCFTPTIDnrbHs0,garage rock,Rock,https://i.scdn.co/image/ab6761610000e5eb71f7b6c80bdcc046128b2153,The D4,27
59hLmB5DrdihCYtNeFeW1U,classic country,Other,https://i.scdn.co/image/ab6761610000e5eb64f0f928da3d4ff7746a2df1,Glen Campbell,65
59luKpdal8UwxcuLJNoKwS,synthpop,Pop,https://i.scdn.co/image/ab6761610000e5eb737ffb7d167c72f925108800,Scritti Politti,37
59p84SELv8AM2GTkYKOR4B,Electronic,House & EDM,https://i.scdn.co/image/ab6761610000e5eb6b72bbcf7e2dc847129edd06,Tescon Pol,0
59qo8jHDlC1i30HVjQQW3O,jazz house,House & EDM,https://i.scdn.co/image/ab6761610000e5eb97d37c3a4477c3124891dacd,Axel Boman,40
59rtWkULQSK88glmukVtjA,bluegrass,Country/Americana,https://i.scdn.co/image/ab6761610000e5eb6eda85d88ce91613acddec0e,Chance McCoy & The Appalachian String Band,31
59uTl82TjNI64cEP2Moai0,acid techno,Techno & Trance,https://i.scdn.co/image/ab67616d0000b27348c7ba37b7dfde5608072604,DJ Lucca,4
59w4wGMXlt4HULBSTVxRAY,traditional folk,Folk/Acoustic,https://i.scdn.co/image/bb8e2f36fa9b0f216acaf99acdf972459a2a7954,The Watersons,26
59xdAObFYuaKO2phzzz07H,jungle,Bass Music,https://i.scdn.co/image/ab6761610000e5eb3db52fb9903967410a0079b1,Special Request,37
59xljcfdN2Z9VX2U5RFKEa,trip hop,Ambient & Experimental Electronic,https://i.scdn.co/image/c0a0e5b4b4ab3d52dacc9818edcdaf887c213485,Bent,45
59zdhVoWxSoHMc74n098Re,folk rock,Folk/Acoustic,https://i.scdn.co/image/ab6761610000e5eb673353301af897f0d2ea337e,David Crosby,45
5A0MH7JfEBEMySevsmauds,progressive rock,Rock,https://i.scdn.co/image/6d1a3e811561a488c1c7d0b320403268ec027b70,Soft Machine,37
5A2AuQZwTIH1KtbV6g47D4,children's music,Novelty/Spoken Word,https://i.scdn.co/image/ab6761610000e5eb7ddd0517b7f13d0f5a5b8dcb,Daddy Donut,26
5A4ebXQf38xWIq0xSWLhsS,industrial metal,Metal,https://i.scdn.co/image/ab6761610000e5eb3e617b802484514cfdbc7b1b,Godflesh,38
5A7Hbw7DZdPkS0IroRMDpd,Hip Hop,Hip Hop/Rap,https://i.scdn.co/image/ab6761610000e5eb471642b799c8469d261d06ee,Myra,37
5ABBZoXY5r0UL1txACjinb,afrobeat,World/Traditional,https://i.scdn.co/image/ab6761610000e5eb95e7bf9c7249e64cfe0a4285,Ikebe Shakedown,47
5ACxPOI9gR3l0cyy2dvkHv,jazz,Jazz,https://i.scdn.co/image/ab6761610000e5ebf01c57217346f5dead63ee32,Christian McBride,41
5AD7wIvImxXd2x6Yga5U3c,swing music,Jazz,https://i.scdn.co/image/ab6761610000e5eb745e27deecb090baba0a0e59,THE SCHWINGS BAND,29
5AH3J6o4zTwo2tADpRiQRZ,Rock,Rock,https://i.scdn.co/image/ab6761610000e5ebaf44cceec3bad5903b3930d7,Mitch Rowland,32
5AQdJR9fT0wqYYpQzt8wcK,children's music,Novelty/Spoken Word,https://i.scdn.co/image/ab67616d0000b27309267868f905978ef9c6ec8e,Caroline and Danny,22
5AUPJRWkYNsxRWihENePtH,lullaby,Novelty/Spoken Word,https://i.scdn.co/image/ab6761610000e5ebe0a1665df4f883dcc2bb47fa,Lullaby Time,77
5AVGx9Dhw7OLeJ5at3Y19f,neoclassical,Other,https://i.scdn.co/image/ab6761610000e5eb6beec774288ec6211667e165,Valgeir Sigurðsson,33
5AXsbGVbdQSQIadVkPyatG,footwork,Bass Music,https://i.scdn.co/image/ab67616d0000b273804da811b73119b2f7dda23f,Tha Pope,6
5AbLpsnTQVNB3OEadYiVrK,afroswing,Hip Hop/Rap,https://i.scdn.co/image/ab6761610000e5eb1f103be3db95d934e6df604d,Yxng Bane,57
5AezOTggHnFTiQ5AiowFBf,indie dance,Unlisted,https://i.scdn.co/image/ab6761610000e5eb6fc1689b347cfd84a7b8d1e3,Musumeci,37
5Aw0IGM5JS3FuTgtRsDWGA,future house,House & EDM,https://i.scdn.co/image/ab6761610000e5ebbd8741076e1135c8476c6380,Chocolate Puma,47
5Ax8UUKFZqi7GRnsIp1IAu,Jazz,Jazz,https://i.scdn.co/image/ab67616d0000b273baf286d020d43cba7d84aba1,Kit Downes Trio,1
5AyEXCtu3xnnsTGCo4RVZh,slowcore,Alternative/Indie,https://i.scdn.co/image/ab6761610000e5ebcd67bffd1bac79ac28e77d79,Duster,67
5B7uXBeLc2TkR5Jk23qKIZ,classical,Classical/Orchestral,https://i.scdn.co/image/ef09684355a52775e8ff4c9fc2d9fc35714e264a,Gustav Holst,56
5BDD88TGgMwxXsNtWj9QKE,Jazz,Jazz,https://i.scdn.co/image/ab67616d0000b273457f3a59c8b43648fa624c55,Maurice Winnick,10
5BJ7GXyi2tVyoKMQM7cSpM,laïko,Unlisted,https://i.scdn.co/image/ab67616d0000b273f949bbb05b4d6752c00530d8,Stelios Kazantzidis,52
5BJAAE65akcvUYgbrmCwdX,Electronic,House & EDM,https://i.scdn.co/image/ab67616d0000b273d2182f647cc64e8b5ccdd5af,Kimara Lovelace,22
5BJa6TIqtoWm8QRRbfRmyt,acid house,House & EDM,https://i.scdn.co/image/0e774218850a3aafe46d27be91badece6b665a44,Luke Slater,27
5BKsn7SCN2XmbF7apdCpRS,trip hop,Ambient & Experimental Electronic,https://i.scdn.co/image/ab6761610000e5eb242b3af6c6d4d944ff8739a2,Goldfrapp,54
5BLgMlT6LTidk2KkfheS4p,celtic punk,Punk/Hardcore,https://i.scdn.co/image/ab6761610000e5ebfa5b8523ffabf2416d99f658,Happy Ol'McWeasel,29
5BPiJFY7v92eJ34VFOSjSS,traditional folk,Folk/Acoustic,https://i.scdn.co/image/ab6761610000e5eb89351583ff48b927becb685c,Saba Alizadeh,7
5BRAUN0yN8557PLRZIr02W,jazz rap,Hip Hop/Rap,https://i.scdn.co/image/ab6761610000e5eba38669cf5ce055735f7829e6,Ezra Collective,62
5BaHqGtf6UAZnHfqdPaTDA,proto-punk,Punk/Hardcore,https://i.scdn.co/image/468120d2def81a6e8d9b850158141e703222419e,Them,49
5Bah5M0bsqLCKkbUlyk2nn,psychedelic rock,Rock,https://i.scdn.co/image/ab67616d0000b27315350a95e87cb0510c0af3e3,The David,9
5BcEkkXtKVgfIdKUV5rKn0,experimental,Ambient & Experimental Electronic,https://i.scdn.co/image/ab67616d0000b273c0ebd18b9db0d1457b5f9d68,Leo Takami,7
5BcZ22XONcRoLhTbZRuME1,progressive rock,Rock,https://i.scdn.co/image/ab6761610000e5eb8beccf59fd551fff989deae1,The Moody Blues,60
5BvJzeQpmsdsFp4HGUYUEx,indie,Alternative/Indie,https://i.scdn.co/image/ab6761610000e5eb0bb49b0b71ab3f5871860617,Vampire Weekend,66
5BxjCImNaBC0GmumgwOgeR,ragtime,Jazz,https://i.scdn.co/image/ab67616d0000b2731337b4de201d40c4b2b84d5b,New Harlem Ramblers,9
5BxtbtwwHXC3HA5kAn06sK,Rock,Rock,https://i.scdn.co/image/ab6761610000e5eb5f137139a1b724f1a9fb52d9,The Nude Party,45
5BycZqMUwovRJJd8o2sA6t,Jazz,Jazz,https://i.scdn.co/image/ab67616d0000b273dcbcca0f6fde6c7d201305bf,Jack Payne Band,8
5C0gCCG8N5Dh5dZytIgzLX,mpb,Latin,https://i.scdn.co/image/ab6761610000e5eb9864aff8c135cd013fb758c3,Os Mutantes,48
5C8l1IzNtFsYqI3jHNmWWr,Electronic,House & EDM,https://i.scdn.co/image/ab6761610000e5eb4f9c600b54a0ee1d41ae4ee1,OCHERii,2
5CDTMeaU6dnv24n6e4uAtk,jungle,Bass Music,https://i.scdn.co/image/ab67616d0000b273f1382171bcd4321d815c08f0,Dillinja,34
5CE2IfdYZEQGIDsfiRm8SI,trip hop,Ambient & Experimental Electronic,https://i.scdn.co/image/ab6761610000e5eb745460b0ffdbf5144c34498d,DJ Shadow,68
5CFSYjc0PAiQvndFjafabk,art pop,Pop,https://i.scdn.co/image/ab6761610000e5eb21f13f9b540892d4efdec68e,Dean Blunt,67
5CPQQs8WGfYZjEyRu3mkij,space rock,Rock,https://i.scdn.co/image/ab6761610000e5ebdf035e44ebd9ec9dbd2d8697,Soccer96,26
5CWbfANRpZbnxdstzcNg5H,bluegrass,Country/Americana,https://i.scdn.co/image/0636aaccd4168bd661b8e4e77a58efc402447eb2,Bill Monroe,36
5CXg2eqP6G8WSEO4CayUaW,bluegrass,Country/Americana,https://i.scdn.co/image/ab67616d0000b2731339732ad20ab66d3fe851bc,Foghorn Stringband,24
5CYAFhywQTXdZmppCp0ukd,tech house,House & EDM,https://i.scdn.co/image/ab6761610000e5ebd7aec3af9e75a14b298e8eae,Claude VonStroke,41
5CYufVewxttO8nSmYd9uNM,experimental,Ambient & Experimental Electronic,https://i.scdn.co/image/ab67616d0000b2737fda59ed3a34bcf8e4be99fa,Carl Gari,12
5Cs0SJYrr8XUtlZWtkoian,jungle,Bass Music,https://i.scdn.co/image/ab6761610000e5eb5a9cffef94bd6ee4331fcdf7,Loxy,18
5Ct1GEDES4Nlkc6cFbZYq0,Electronic,House & EDM,https://i.scdn.co/image/ab6761610000e5eba952b424a2b1d807c42760a4,Kaci Brown,22
5CyMmYYHMIfK9YYcKLXzO1,big band,Jazz,https://i.scdn.co/image/ab6761610000e5eb809bc4a065c83bff1913aed2,Gordon Goodwin's Big Phat Band,38
5CzlICF8GCY0pRC82MKrhX,Funk / Soul,Funk/Disco,https://i.scdn.co/image/ab6761610000e5ebbac42447a71cc398fad2efac,Labi Siffre,60
5DNw5rE0RG621HtZF10EDI,southern rock,Rock,https://i.scdn.co/image/006797384c84c1516f388f214e00e1a4ead82ef1,James Luther Dickinson,8
5DZBnxCYzs32O2bbqK8KNg,noise rock,Alternative/Indie,https://i.scdn.co/image/ab6761610000e5ebfd3306f10c024e31c799cef8,Les Savy Fav,30
5DaAbWGJ5ILH0fsddL8Smi,"Folk, World, & Country",Folk/Acoustic,https://i.scdn.co/image/ab6761610000e5ebd91d86003bc7f3df82f91305,Wild Bill,19
5DaXk2jDrc8Ohsj4oVXR4B,,Unlisted,https://i.scdn.co/image/ab6761610000e5eb8a0a85f89fb9cb777a755834,Soundiescape,50
5Daol6wA6g00ybXL2XIDDg,Rock,Rock,https://i.scdn.co/image/ab6761610000e5ebd8c8839f5baa9d7a11d712ee,Bas Jan,8
5DoTIfgEIXcZIluxsnvaVn,dub techno,Techno & Trance,https://i.scdn.co/image/ab6761610000e5eb53dd050293e41e11277abfcc,Peter Van Hoesen,18
5DoTotbZaDEenX58XAdzff,jungle,Bass Music,,Mixracle & Proton Isospace,0
5DsWmqdGmwQnticIxppXuQ,Electronic,House & EDM,https://i.scdn.co/image/4c4990ec64389dcdad84297fcd5f5b3b7f99607f,Simon and Milo,21
5Dyc3Fi5Njt3JVsXcy9JVk,techno,Techno & Trance,https://i.scdn.co/image/ab67616d0000b273eeb459535a29c93f3e6d5c02,Pedro Delgardo,5
5E2rtn57BM2WPjwak4kGd5,post-hardcore,Punk/Hardcore,https://i.scdn.co/image/ab6761610000e5eb35647a12f98234da77b10f2d,At the Drive-In,48
5E3H2KyR31E2Dj3K6vIUe9,dub techno,Techno & Trance,https://i.scdn.co/image/a8f47addcc6d9b7c3d95346ca26146737f104e39,Vladislav Delay,25
5E704N5StxMVKpalhaJ5L3,acid house,House & EDM,https://i.scdn.co/image/ab6761610000e5eb522186207e68712d6f5eaaaf,The Shamen,43
5E7zSu46SqTmgKqsc0tFkY,indie folk,Folk/Acoustic,https://i.scdn.co/image/ab6761610000e5ebbec156d8fa13cc7850f4eb80,Okkervil River,39
5E8FbSTegbOlYAH4b2rZj2,reggae,Reggae/Caribbean,https://i.scdn.co/image/ab6761610000e5eba3cf24a90a2803320cb73005,Althea And Donna,52
5E8J16XR1FuqmFNkL65CKo,ambient,Ambient & Experimental Electronic,https://i.scdn.co/image/ab6761610000e5ebad679bde8b23b9a24388f738,Pavel Milyakov,32
5ENM4Vw9brkpcN51HtC8ga,southern gothic,country/Americana,https://i.scdn.co/image/ab6761610000e5ebbc87847f8b80cf8cca97501d,Marlon Williams,49
5EOPLr73C9nIPYwVEAsiOY,Rock,Rock,https://i.scdn.co/image/ab6761610000e5eb745b1b60c4453d051fe3ef0f,Ed Harcourt,36
5ESobCkc6JI4tIMxQttqeg,classic blues,Unlisted,https://i.scdn.co/image/5aaabae6a8e5d353ca8ac6b5cc6adfc91c2c5a5e,Bessie Smith,40
5EVZqrbIyEYGGite2sMhDk,schlager,Pop,https://i.scdn.co/image/ab67616d0000b273dd2c27a99e0aff7b9210bf69,Peggy March,42
5EYkvHZuGM3pwU3DZUrrZ3,noise rock,Alternative/Indie,https://i.scdn.co/image/ab6761610000e5ebe069a67b7169ce11a9ae7a3d,Big Black,36
5ErUNpyxSBAdjZaKlefsUr,post-punk,Rock,https://i.scdn.co/image/ab6761610000e5eb9122e982f78b7ce4047fb72c,Humour,27
5EtBXjUUyPJmiljpRdN6RJ,britpop,Rock,https://i.scdn.co/image/599ec93246aba44d620fa6b6330479ff2f7bb933,The Auteurs,31
5F1aoppMtU3OMiltO8ymJ2,musicals,Unlisted,https://i.scdn.co/image/e8f69e48f7ae80c6247fda3bf03d6155ae0d7282,Hugh Jackman,70
5F2L8tQs3nAcg9P4uxWufg,progressive rock,Rock,https://i.scdn.co/image/c75b99f0581681fe631010946e7449242776cb04,Klaatu,34
5F2LyonwBskQycxLnIMz94,neoclassical,Classical/Orchestral,https://i.scdn.co/image/ab6761610000e5eb96fbc2b4df431cff36f6d13e,Bruno Sanfilippo,35
5F5FJHv7sDl2R1mmbIMNMM,northern soul,R&B/Soul,https://i.scdn.co/image/ab67616d0000b273f74707e27b2396a1ef6c89a6,Electric Groove Machine,15
5FKZDbmPvVTKO2V4BEB7J2,neo-psychedelic,Rock,https://i.scdn.co/image/ab6761610000e5eb47d057a7ebcfd78c0855d480,Beans,23
5FL8P9RpDrfzvQLAPj23hO,grime,Bass Music,https://i.scdn.co/image/ab6761610000e5eb2888254e951b65d13e7c053c,Terror Danjah,13
5FQbU5Lrb4pFcW45ZgZzMx,chillwave,Ambient & Experimental Electronic,https://i.scdn.co/image/ab6761610000e5eb2222d60ba23f6b3bfaa9445b,Ducktails,33
5FWDvN6yGklTuhfiRq9aeN,swing music,Jazz,https://i.scdn.co/image/ab6761610000e5ebd803401ea8e1834200e76520,Boilermaker Jazz Band,33
5FWTu1MZdB5fjKif2rZldJ,dub,Reggae/Caribbean,https://i.scdn.co/image/ab6761610000e5eb05b547e452878a21e38bb1e9,Easy Star All-Stars,47
5FgkTUuCNKDlilidPvZqOq,ragtime,Jazz,https://i.scdn.co/image/0200031aa1c6d230928dbf66363c51a3979f0ea7,Scott Joplin,46
5FnJ6kvqUvtCLEbrvtn95Z,Electronic,House & EDM,https://i.scdn.co/image/ab67616d0000b27359a5e629dc7bde437e92cdca,Pig Rider,0
5FnpXrrMdJVZCK54oHWqUa,nu jazz,Jazz,https://i.scdn.co/image/ab6761610000e5ebc45b5954bceab3f88642f4c4,Makaya McCraven,44
5FqPBW1PUDzHXRrqO7LkZA,psychedelic rock,Rock,https://i.scdn.co/image/ab67616d0000b273437a8ad68762e5d26b3ffd4f,Dantalian's Chariot,10
5FwydyGVcsQllnM4xM6jw4,midwest emo,Punk/Hardcore,https://i.scdn.co/image/ab6761610000e5eb49aea42a8f287068f2793d67,American Football,57
5GA6j57yIPCBrWk1lTvF9o,Pop,Pop,https://i.scdn.co/image/ab6761610000e5ebabfbf7c7ba107bfea5c25cdc,Lime Garden,42
5GBe2GMfPm3IFagD5XuKKs,bebop,Jazz,https://i.scdn.co/image/ab67616d0000b273aeb39f276dde87a22496665f,Charlie Parker Quartet,39
5GHv1pBOWOQxIE6WQBq88Q,alt country,Country/Americana,https://i.scdn.co/image/ab6761610000e5eb56132e17f18accc7b090ac24,Ryan Adams & The Cardinals,40
5GK97fqfpyYfnv3lNdCTxP,dub techno,Techno & Trance,https://i.scdn.co/image/ab6761610000e5eb020e0c2b959f39622f72af47,Dublicator,30
5GLyN514qWTEIIccOyji0A,lo-fi house,House & EDM,https://i.scdn.co/image/ab67616d0000b2736d399ca4ae863ec97bbe8025,Asok,2
5GPOeH5pq5IfbrCrsJdewW,jungle,Bass Music,https://i.scdn.co/image/fa0ea19150d475db5e17cb17e34bdd202a33b336,Boymerang,16
5GSxIIq6UmkSBapK2S3eQP,melodic techno,Techno & Trance,https://i.scdn.co/image/ab6761610000e5eb948ac6d308ecf0cbddab4005,Davide Famularo,14
5GUVj2b1lJ4DolQyHlzyaO,Rock,Rock,https://i.scdn.co/image/7cb47aa5aba19de14aef71b7b55bdd391a199800,Blind Faith,49
5GXruybcLmXPjR9rKKFyS6,hard bop,Jazz,https://i.scdn.co/image/ab6761610000e5eb6c3dfd0a4ae3804d6b07fafb,Jimmy Smith,43
5GcEUbBsdWf1Jf7jQEA5Mv,footwork,Bass Music,https://i.scdn.co/image/ab67616d0000b273e33e730edf97d498dc2b329c,DJ Clent,22
5Gd4Rpmwy7Pdi7EACekqUE,dancehall,Reggae/Caribbean,https://i.scdn.co/image/ab6761610000e5eb308853f2578f07f98411f38e,Alozade,23
5GdItfA99snghXikZAlQcs,idm,Ambient & Experimental Electronic,https://i.scdn.co/image/ab6761610000e5eb787debe9f151f0147437b14b,Netsh,1
5Gejwv3xz2DpLcxVpMD6hL,christmas,Jazz,https://i.scdn.co/image/ab67616d0000b2733179327b8f6c31d3791bbc26,Thurl Ravenscroft,47
5GgX23TgqGxu7hCm6qVDo4,rocksteady,Reggae/Caribbean,https://i.scdn.co/image/ab67616d0000b273b295a6dea2ebceec8647ae2b,Jennifer Lara,34
5Gl3bhgwrMekOuzkjM5FLq,psychedelic rock,Rock,https://i.scdn.co/image/ab67616d0000b2733e28b6353a5cb414ffc97a1d,Musi-O-Tunya,19
5Gsu4aAUiAALoTVvQduyhh,rocksteady,Reggae/Caribbean,https://i.scdn.co/image/243bfef7d2929a7597d69b418ac8ef685d98ed69,Phyllis Dillon,41
5GyUtaUuEnR7uhRF3jDj4s,jazz house,House & EDM,https://i.scdn.co/image/ab6761610000e5ebbc71883e66856378452d18d1,Moomin,37
5H0YoDsPDi9fObFmJtTjfN,neo-psychedelic,Rock,https://i.scdn.co/image/ab6761610000e5eb2bb44367b6428f0eca1f6f6c,Ariel Pink,52
5H9IFTRxSICj24uxO15ScU,Rock,Rock,https://i.scdn.co/image/ab6761610000e5ebd43327e0c1199189b09e280c,English Teacher,46
5HAtRoEPUvGSA7ziTGB1cF,idm,Ambient & Experimental Electronic,https://i.scdn.co/image/ab6761610000e5eb8eeb8de75abf80d545b21b4d,The Orb,47
5HFtQOrPHOFptM1WF9xPuK,blues rock,Blues,https://i.scdn.co/image/ab6761610000e5ebf20a6838c74ef1938fd4821c,Ronnie Wood,41
5HHKeO04SOcxUxjruFXf5l,Stage & Screen,Soundtrack/Instrumental,https://i.scdn.co/image/ab6761610000e5eb7e18f4b4893538ed49900632,Bryce Dessner,49
5HMYxA7t2LFthnelsZkbVE,Electronic,House & EDM,https://i.scdn.co/image/ab6761610000e5eb74b28152ae2af62cc046103d,Andrew Red Hand,2
5HS4BCPnb2zYSwsmXunf8d,Rock,Rock,https://i.scdn.co/image/ab6761610000e5ebd36647794b2edc20cc8fd6a6,The Golden Dregs,27
5Hek9IGoKkwvsRzNdKoRCQ,nu disco,Funk/Disco,https://i.scdn.co/image/ab67616d0000b273168ab81e66b720cb6a338a91,Phil Disco,9
5HintvHxi0uDBgNaRKWZOt,jazz funk,Jazz,https://i.scdn.co/image/ab6761610000e5eb1091678968dccd572e5aa171,STR4TA,31
5I4eibDkC7gg0hmczTZuND,swedish pop,Pop,https://i.scdn.co/image/ab6761610000e5ebed2b66ca7ed6089f31ed951a,Mando Diao,57
5IDs1CK15HegSAhGEbSYXo,yacht rock,Rock,https://i.scdn.co/image/ab6761610000e5eb32077f76ce695c7dfa2686aa,Billy Ocean,66
5IFUbcd4w9UlVpsMNfY4FT,french indie pop,Pop,https://i.scdn.co/image/ab6761610000e5ebbbf11b8220f09878973d52e7,Poppy Fusée,31
5IL5awl9gUcb2ez9IgmW26,Funk / Soul,Funk/Disco,https://i.scdn.co/image/ab6761610000e5eb7b6195096c61bd073123e6ef,Júníus Meyvant,40
5INjqkS1o8h1imAzPqGZBb,neo-psychedelic,Rock,https://i.scdn.co/image/ab6761610000e5ebe412a782245eb20d9626c601,Tame Impala,85
5IQtbBmCk7x6ZJT6iqKZjF,Rock,Rock,https://i.scdn.co/image/ab6761610000e5eb780a85c674d278e3780ab1c8,Lake South,9
5IVLihKRLMZ5RHzSPa7cAI,Electronic,House & EDM,https://i.scdn.co/image/ab6761610000e5ebb4253d66d994918bec5e5ade,Mermaid Chunky,24
5IWCU0V9evBlW4gIeGY4zF,alt country,Country/Americana,https://i.scdn.co/image/ab6761610000e5eb909fb4e2a0d9c0f880174263,Waxahatchee,57
5IcR3N7QB1j6KBL8eImZ8m,Hip Hop,Hip Hop/Rap,https://i.scdn.co/image/ab6761610000e5eba59f2f483877c8d0142f71f3,ScHoolboy Q,76
5IcRvSiReLydKCr56ObWuX,indie jazz,Jazz,https://i.scdn.co/image/ab6761610000e5eb4b57f73fcf85225e024cc6ec,Steve Spacek,31
5IitSBtyiWJjnk6U0jPxut,ethiopian jazz,Unlisted,https://i.scdn.co/image/ab6761610000e5eb5053dce29ce4bb5844da9522,Lloyd Miller,26
5IkynsVZoak9UR2Xt8qsMj,jazz fusion,Jazz,https://i.scdn.co/image/b1ff4ebd0d61d7f50d564b8e8cf24aa73def903d,Michael Brecker,37
5Il8YjuVAWkWNH2xgjFMpF,soundtrack,Soundtrack/Instrumental,https://i.scdn.co/image/c65979ab9c8924cd836b77331cf8afa4463f51eb,Steve Jablonsky,61
5ImhhHipsVekTFfTPSSFgl,ambient,Ambient & Experimental Electronic,https://i.scdn.co/image/ab6761610000e5eb4be7ca3c7a74ba8b153b780d,Keith Fullerton Whitman,16
5IwJGm5Jfhst8xUNFX8z7h,space rock,Rock,https://i.scdn.co/image/ab6761610000e5eb49eb59d30fc8012b36e436f9,Ali Horn,3
5IxP9VO2CU1bpPoJoQCBwJ,Rock,Rock,https://i.scdn.co/image/ab67616d0000b273249b2f9105659ba50fb17bda,Happy Jawbone Family Band,24
5IxfhXIHjAOAqibxl90NZO,comedy,Novelty/Spoken Word,https://i.scdn.co/image/ab6761610000e5eb9bed9dd9939efc8842d1de29,Monty Python,45
5J6lHDYy53GyksfcJyHadC,roots reggae,Reggae/Caribbean,https://i.scdn.co/image/ab67616d0000b273bfe39ea6d636a4f2aef48596,Junior Byles,43
5J81VungUjSVHxlPpTI9KG,neo-psychedelic,Rock,https://i.scdn.co/image/ab6761610000e5eb57e304470606c0f284d6c748,Mild High Club,59
5J85JTgIYIUP276hmuIozn,space rock,Rock,https://i.scdn.co/image/ab6772690000c46cbbfdee1a580f0631ec37bb3c,Andrew Weatherall,34
5JS0wFNx8UJg4wBfbL7lUD,reggae,Reggae/Caribbean,,Danny Hensworth,17
5JWEBEt8VxHHxYKFmpzjwD,Pop,Pop,https://i.scdn.co/image/ab6761610000e5eb041b48d85ae1fd4cbbb6ebe8,The Orielles,27
5JXvJb6vQkSCFGCh4FCKOI,Stage & Screen,Soundtrack/Instrumental,https://i.scdn.co/image/465f9428268fb64df48b95e382035e242ce80e4f,Anthony Newley,34
5JYtpnUKxAzXfHEYpOeeit,mpb,Latin,https://i.scdn.co/image/a9c6a324c5f4a0f25bc711a7c4434c89c05ceba2,Jorge Ben Jor,68
5JjsLpZlE0oSu9opRGQYWm,noise rock,Alternative/Indie,https://i.scdn.co/image/e53af6dcdefbdca8e091a6e8f2fcd40371adc904,The Ex,9
5JmiJ0uN4rutaRsDfBUPHl,Rock,Rock,https://i.scdn.co/image/db1a6aad9235ad3088b62056bc66dae5506e353d,Jimmy Nail,40
5JnB0pjUaCDOuRKRzuS5ti,ambient folk,Folk/Acoustic,https://i.scdn.co/image/ab6761610000e5ebee2a592eebd7f9a3d9ffbdd7,Wickerbird,36
5JnyvYVewayggJNe8QRfGQ,alt country,Country/Americana,https://i.scdn.co/image/ab6761610000e5ebca5825f9499454b6839e2552,Ramsay Midwood,27
5JpFdmGP5YVR80hwTyjhW0,Rock,Rock,https://i.scdn.co/image/ab6761610000e5ebc93cdade7ce90e0ef174d85b,Alison Sudol,23
5JsdVATHNPE0XdMFMRoSuf,Rock,Rock,https://i.scdn.co/image/ab6761610000e5ebb4e5a53f1cf89500bec43ced,Texas,60
5K4W6rqBFWDnAN6FQUkS6x,rap,Hip Hop/Rap,https://i.scdn.co/image/ab6761610000e5eb6e835a500e791bf9c27a422a,Kanye West,93
5K679k3u9KgR60ESQxyihW,indie folk,Folk/Acoustic,https://i.scdn.co/image/ab67616d0000b273afc1f6e9060ccf09d3b669ef,Gareth Dickson,25
5KAxF8BtuqO5emnRCjorwk,Jazz,Jazz,https://i.scdn.co/image/ab6761610000e5ebe94bb5066da2cabad4d10da1,Kit Downes,28
5KBwIS9lSKjcpfjdOMvVz4,progressive rock,Rock,https://i.scdn.co/image/32c11a06cc75d13617c1c36782016dadf8436359,Matching Mole,16
5KEG7G8LDYlHgFDqZyEEs2,christmas,Jazz,https://i.scdn.co/image/ab6761610000e5eb81aacad025d8338d125debd0,Chris Rea,63
5KIyBfTJdvEzz2OxfVvsE6,french jazz,Jazz,https://i.scdn.co/image/ab67616d0000b273dd2140adc912931ffa468c69,Lucienne Boyer,30
5KQMtyPE8DCQNUzoNqlEsE,new wave,Pop,https://i.scdn.co/image/ab6761610000e5eba0dc45fa91e19881f59ec814,Gary Numan,56
5KTykbPcDB4GYS49jcHbWh,ambient folk,Folk/Acoustic,https://i.scdn.co/image/ab6761610000e5eb98685f8a4f1d712010a566e9,Jessica Pratt,58
5KVxGlcwVrzZ5rN84NOcEF,acid house,House & EDM,https://i.scdn.co/image/ab67616d0000b2739cac985627bef8afd95aee97,Mark Broom,5
5KeQyt1QJBjcutJ2AuLNO2,Rock,Rock,https://i.scdn.co/image/ab6761610000e5eb194473761435806dc0702270,Holy Holy,44
5KlOanD5FKL6qWZ8auNVKQ,lo-fi house,House & EDM,https://i.scdn.co/image/ab6772690000c46cb271be0ae6fc08983ec1d589,Auscultation,13
5KqOWuKJPySBjp3mGVBWFR,Electronic,House & EDM,https://i.scdn.co/image/9eec4bae05697a19b7d77866b0b65fdb0e2b8d76,Woo,36
5Kur13kkU4pOoNFAE8K0YF,jungle,Bass Music,https://i.scdn.co/image/ab6761610000e5eb7f3096ed0432fee1ee2a9b4c,ZULI,18
5KxKApyBL5ZQaz7bAvGaHR,Rock,Rock,https://i.scdn.co/image/ab6761610000e5ebcde8b2a3de47e9994462edb7,Mundy,43
5LEK1kaklDfReP092sVvGd,art pop,Pop,https://i.scdn.co/image/ab6761610000e5eb3b0b48382aa2cf3707c82c5a,Bruno Pernadas,36
5LLn18vxU1UTY1ypouVGNW,krautrock,Alternative/Indie,https://i.scdn.co/image/ab6761610000e5ebec8e41fbc28b4215e2fca0e7,Japanese Television,27
5Lel5d14oFwC4XbKDv2AKW,psytrance,Techno & Trance,https://i.scdn.co/image/ab6761610000e5ebfbf99fe0c8ecfbb8d1716f53,Hallucinogen,31
5LfGQac0EIXyAN8aUwmNAQ,punk,Punk/Hardcore,https://i.scdn.co/image/ab6761610000e5ebffb1ffb7c417745cdad67b88,The Offspring,80
5LhTec3c7dcqBvpLRWbMcf,experimental hip hop,Hip Hop/Rap,https://i.scdn.co/image/ab6761610000e5ebdb860c843b90fdea28f670d6,Madlib,68
5LnQQtqRgtvMCaxDNxWQEV,dub techno,Techno & Trance,,#.19.21.3.11.21.20,0
5LoctxpMh3qfgcTjbtdR39,Electronic,House & EDM,https://i.scdn.co/image/ab6761610000e5eb3ffdd75a0e488771a750e9a8,Brolin,33
5LtAyeDVOVcydj65LvgICY,garage rock,Rock,https://i.scdn.co/image/ab6761610000e5eb62a4b98bc97a9b5534cd1321,Bass Drum of Death,45
5Ly0z60jjgsY4rkmjRFtPS,Electronic,House & EDM,https://i.scdn.co/image/ab6761610000e5eb4bfea8a1148d4f601dc9aa43,Elkka,39
5M3H5rlwjT6rYaJ3es55jN,Electronic,House & EDM,,Taz & Meeks,10
5MGxwE9JG5IA6uqswrgNL6,krautrock,Alternative/Indie,https://i.scdn.co/image/ab6761610000e5eb0dd34ec8f956be0904d8717f,Beak>,34
5MP66vsL8fKBpZuzJmmj8f,Pop,Pop,https://i.scdn.co/image/ab6761610000e5ebc0a2a975e0be5cf416d7da94,Joyce Heath,23
5MWBg16f5UYiaSlyVhzlIW,art rock,Alternative/Indie,https://i.scdn.co/image/ab6761610000e5eb7f1f22856455f6f357468482,John Cale,48
5MeE1hQUFjZwFUAwcaRHgu,,Unlisted,,Willis Proctor & the Georgia Sea Island Singers,0
5MmXZQUGs0eXP5PV79iKrB,Electronic,House & EDM,https://i.scdn.co/image/ab67616d0000b2738ae0c52e87b885767e1e91ed,Wendy Carlos,35
5MnhtFXEfqi637k6NfKuZI,flamenco,World/Traditional,https://i.scdn.co/image/ab6761610000e5eb9ef6455723aed1e9ce0b5fdc,Camaron De La Isla,54
5MpELOfAiq7aIBTij30phD,big band,Jazz,https://i.scdn.co/image/ab6761610000e5eba939797f5630c78721831c23,Harry James,54
5Mq3CTRRgLcPkMnUue75a3,dub techno,Techno & Trance,https://i.scdn.co/image/786e3affbcfc3fdf07d501da18e5b5e7c5b69609,Shackleton,24
5MqgtmMdtrsZIQpZzLhpX5,drone,Ambient & Experimental Electronic,https://i.scdn.co/image/ab6761610000e5ebace99b3cb27cfceaed56bef6,Jefre Cantu-Ledesma,36
5Mr6zawZ90BzjY14EROmSm,miami bass,Hip Hop/Rap,https://i.scdn.co/image/ab6761610000e5ebdf94c2ba3d9c31c895345933,Cybotron,30
5MspMQqdVbdwP6ax3GXqum,synthpop,Pop,https://i.scdn.co/image/2bf002eded5952f81c6254286d9a2d354586f070,Annie Lennox,73
5MyXeAWN7mjABNAjZDhQqA,children's music,Novelty/Spoken Word,https://i.scdn.co/image/ab67616d0000b273c9eed690e260cfe5cd10f5d9,Kids Now,36
5N1GUHhFMRFFgMTjSOJDb9,classical piano,Classical/Orchestral,https://i.scdn.co/image/3a11cc5557f26ee484b36f6900d9ad9a643fb543,Arthur Rubinstein,51
5N2iWDKEQmLpoXMrAcIabW,Electronic,House & EDM,https://i.scdn.co/image/ab6761610000e5eb629f129218f2f552252f685e,Patrick Belaga,10
5N5tQ9Dx1h8Od7aRmGj7Fi,gothic rock,Rock,https://i.scdn.co/image/9676688ae196b8abf4ed89ce6620a7ad04027095,Bauhaus,58
5N6GwJzOcOY5kv8p0NjhYL,doo-wop,R&B/Soul,https://i.scdn.co/image/131c254129758c4951b09c4ffc07e5c09a7dcbec,Neil Sedaka,59
5N8N3I11NWxrHXquYhXKgq,uk drill,Hip Hop/Rap,https://i.scdn.co/image/ab6761610000e5eb57dad8d360af53f616c86e27,Mischief,25
5N8jNQsfW9SHBkhVqqnXbU,jazz,Jazz,https://i.scdn.co/image/ab67616d0000b273e64667b70edf1233bbc498b3,Tommy Flanagan Trio,48
5NBY8xM51dP3UGR7bwjLD6,rockabilly,Rock,https://i.scdn.co/image/ab67616d0000b273de52d0d35d7ff1896a682a3b,Larry Williams,37
5NGO30tJxFlKixkPSgXcFE,Rock,Rock,https://i.scdn.co/image/1f73a61faca2942cd5ea29c2143184db8645f0b3,The Police,80
5NRdz3sJhdfzGhHE9zK5Lz,vocal jazz,Jazz,https://i.scdn.co/image/ab6761610000e5ebffba1a50a7437452a326fff6,Fay Claassen,21
5NU6tiaELL4UovbZipxzYt,,Unlisted,,Romy B,0
5Na7fSSXoKezg6Q1ebPqs3,thrash metal,Metal,https://i.scdn.co/image/ab6761610000e5eb1fb70ee616d8f3d9cb249c7a,Zig Zags,25
5NbhCycHGgUKZM6qg1DXj2,Electronic,House & EDM,https://i.scdn.co/image/ab6761610000e5eba5c79083a88f780df5412b19,Cabbage,22
5NhiJUP9lAGSujXs6HQhv1,children's music,Novelty/Spoken Word,https://i.scdn.co/image/ab67616d0000b273e5edb05f0a4a3c84ebad2464,The Tiny Boppers,49
5NtMqQLCzdVvL7F8vFp3zM,shoegaze,Alternative/Indie,https://i.scdn.co/image/ab6761610000e5eb1c6ef535b34a0cfa5c5b3b65,Sweet Trip,51
5NvCz2qTmLDV9I5J8szc6r,acid house,House & EDM,https://i.scdn.co/image/ab6761610000e5ebe6e0efabd90eb81b31d93ba6,Levon Vincent,20
5O0RrEgz4NLCPLrDZiPggz,riot grrrl,Punk/Hardcore,https://i.scdn.co/image/17443ac1c7fe5efeaa473066ccf101503507aaf3,The Slits,40
5O5V29YvM6AzAQ0rNt59fy,folk,Folk/Acoustic,https://i.scdn.co/image/ab6761610000e5eb77aa40ee58245b9801a1c309,Karen Dalton,46
5O7ziOtiFUyRMBJN1J4Tpv,doom metal,Metal,https://i.scdn.co/image/ab6761610000e5ebd945e8fd4f823d80e9088828,Cathedral,34
5O96KhEf73NCSkeORu9RwW,soca,Reggae/Caribbean,https://i.scdn.co/image/ab67616d0000b273fb6e46472cd5895accb27dbf,Brain,13
5OA57ztYlNqNO02sjgjzTl,footwork,Bass Music,https://i.scdn.co/image/ab6761610000e5eb551014f558085ba9c05c464a,Alex Autajon,5
5OK8j1JnhoBlivN32G7yOO,dream pop,Alternative/Indie,https://i.scdn.co/image/ab6761610000e5eb1f73a6995c8f5c3530460696,This Mortal Coil,45
5OKhN5AURco1pBqba3CbnS,free jazz,Jazz,https://i.scdn.co/image/ab6772690000c46c9d936ef8e333cf3f5919b8af,Marion Brown,22
5OSQDUNmll299ldFIF1Dau,christmas,Jazz,https://i.scdn.co/image/ab6761610000e5eb0b8b465430abcd6d5ef5bf76,Trans-Siberian Orchestra,46
5OYSHHotjwf4mRVjtoDL6Q,Funk / Soul,Funk/Disco,https://i.scdn.co/image/ab6761610000e5eb305c1027dd8f7d115b1ad44c,Sensational Saints,17
5OoDtYl4zYEnvAtFSxqf2W,dub techno,Techno & Trance,https://i.scdn.co/image/ab6761610000e5ebf8d2a2c106924affd4452f9b,Deniro,18
5OzgbE5BiDzfmljWbCPeR8,dub techno,Techno & Trance,https://i.scdn.co/image/ab6761610000e5eb72dd7a2d91bce0dc5c953dfc,PXH,20
5P1tdwsQdI6z9MXXfmYRDS,Pop,Pop,https://i.scdn.co/image/ab6761610000e5eb2b711eb656eefd92a43135d0,Field Music,27
5PB4q8DMiGL17Jdo4k6TOy,experimental hip hop,Hip Hop/Rap,https://i.scdn.co/image/ab67616d0000b273944d11572d8104b437d2f964,Malibu Ken,32
5PFSmueeFLrjYXqn3agenn,new wave,Pop,https://i.scdn.co/image/ab6761610000e5eb38eb26dd0d660d8c0e4f1158,Ian Dury,44
5PFXkTaxxM0cd42woXZBvP,Jazz,Jazz,https://i.scdn.co/image/ab67616d0000b27339b3bd36a50c860c35ff423d,The BBC Dance Orchestra,33
5PHOUKyz1tjA3vaDPIIVE0,Pop,Pop,https://i.scdn.co/image/7b492a5d583bf56c75835e4cd1d85d18a9e31b22,Armando Trovajoli,55
5PRWbPr1SH9b9zqud4vM63,drum and bass,Bass Music,https://i.scdn.co/image/ab6761610000e5eb894b5dd3f6c20ae19c540e09,MC Det,25
5PRqQ9FScVqkA5G7VmchvY,classic country,Country/Americana,https://i.scdn.co/image/ab67616d0000b2736ff3e2ba1512884bbce1e2ad,Ray Price & the Cherokee Cowboys,9
5PSWc8Y94zFsAtZlTe7ipI,christian country,Unlisted,https://i.scdn.co/image/cb80bd63d8d6d986cc66292affea75e8bc07cd2f,The Statler Brothers,51
5PWyKTCk0kzNytmI0NI2JX,Rock,Rock,https://i.scdn.co/image/ab6761610000e5eb923d01c4267f4d2d605c772c,Pearl Charles,31
5PXa57bB4y0vrQqeZX7A2S,breakbeat,Garage & Breaks,https://i.scdn.co/image/ab6761610000e5eb4ee8a9f1b74a4b01ae79618f,Pugilist,24
5PbpKlxQE0Ktl5lcNABoFf,midwest emo,Punk/Hardcore,https://i.scdn.co/image/ab6761610000e5ebbe1423263bfb1e277f06fed6,Car Seat Headrest,63
5Pek6HAr0BoHD9P1RuA7d5,classic soul,R&B/Soul,https://i.scdn.co/image/ab67616d0000b2733bf0a7ee138b52b370587351,Luther Ingram,33
5PhWi4UkdjJYThzuoMItQa,neo-psychedelic,Rock,https://i.scdn.co/image/552d692eabad3e369dbabcc8ec5534018dcf346e,OCS,19
5PpcyAkdpuo9a08HiU6yfi,power pop,Rock,https://i.scdn.co/image/458b73cefa330e216e5105d1eae7eebcfa78bdb7,NRBQ,36
5Pqx4mXYDGIDcg8E5FYjZ8,Funk / Soul,Funk/Disco,https://i.scdn.co/image/ab6761610000e5ebcea061a1aee40d93206e244c,Carl Douglas,55
5PrHzxc3kFm4hIrGNmelpX,folk rock,Folk/Acoustic,https://i.scdn.co/image/f1949a9e20286ffa6aae79eca8df7da2e0e05236,Rodríguez,60
5PvxHyYKtHsyyI5XjdqnD9,idm,Ambient & Experimental Electronic,https://i.scdn.co/image/ab6761610000e5eba223f9d9ebcc26d384be550c,Tristan Arp,20
5PwNpi6VdicILCOCgXP1zn,deep house,House & EDM,https://i.scdn.co/image/ab67616d0000b273b2f5d5d3e22ef51d936ea449,Office Gossip,17
5Q6ahJqmdN5iYXkTujJIkC,Electronic,House & EDM,https://i.scdn.co/image/ab6761610000e5ebb05a6504b05851990179a0a0,LA Timpa,23
5Q81rlcTFh3k6DQJXPdsot,Electronic,House & EDM,https://i.scdn.co/image/ab6761610000e5eb3aca38c42551f532b6fefc16,Mura Masa,62
5Q8gM5SMBT2LAoZ5LzqAvH,Rock,Rock,https://i.scdn.co/image/ab6761610000e5eb073898fc874df2fda5624f89,Frank Black,40
5QGnprJtpZmk3OiDqspPlB,vocal jazz,Jazz,https://i.scdn.co/image/0ef63e81d4f92a243a21cb646035e353bd568c03,Anita O'Day,48
5QUsinW1AjeDsT6tQdeTb0,stoner rock,Rock,https://i.scdn.co/image/ab6761610000e5eb61b40142f49f5b37e2e7ce6e,Wo Fat,25
5QdyldG4Fl4TPiOIeMNpBZ,Rock,Rock,https://i.scdn.co/image/ab6761610000e5ebe1677bb0b5e2afdec1ec4c39,Big Thief,74
5Qlt3zQ63Z99mNhuun0JAT,britpop,Rock,https://i.scdn.co/image/ab6761610000e5ebfdbd9299d7899c86cb1e0a3a,Edwyn Collins,55
5QmSXHYzeGwtS31wYV8Ury,Electronic,House & EDM,,Massive Sounds,0
5QsUbpxSE8lCZ5ga5rnD22,classic country,Country/Americana,https://i.scdn.co/image/5e818a4bdac8e6d8cf914a552c9c0e07aeb21bc0,Eddy Arnold,48
5QxKfIfmzEobeWqEfe84ei,uk funky,Bass Music,https://i.scdn.co/image/ab67616d0000b273912b37b0e2ec5fdc0c9adf85,Artwork,12
5R7K1GezC0jy24v1R2n4x3,electroclash,House & EDM,https://i.scdn.co/image/ab6761610000e5eb8fa2501c8529ed55880a2c5b,Fischerspooner,42
5R9d1YP5jtBw2IrQItGzQI,minimal techno,Techno & Trance,https://i.scdn.co/image/ab6761610000e5ebb1e5bfa7e29b53e9d4953038,Michael Mayer,38
5REF3rMSUd6bSRwgV09dzQ,miami bass,Hip Hop/Rap,https://i.scdn.co/image/9f14369818a90fe48e7ec5cbcd70070f78cf8148,Dj Laz,46
5RJa5zWNuVuSfqJB0Jx2ZY,lo-fi house,House & EDM,https://i.scdn.co/image/ab6761610000e5eb4c1d3a4c04619476139442e5,Huerta,32
5RMLpCv3ic2KtGnqJ7eMG4,Electronic,House & EDM,https://i.scdn.co/image/ab6761610000e5eba5e241935ae7da0662462a10,I. JORDAN,39
5RNFFojXkPRmlJZIwXeKQC,glam rock,Rock,https://i.scdn.co/image/ab6761610000e5ebdf091b136d3911958c29edae,Bryan Ferry,62
5RQakjZIdS9R1yplVBO8Pj,comedy,Novelty/Spoken Word,https://i.scdn.co/image/ab67616d0000b273a3e5852a4b36ad0b38898223,Jake Thackray,23
5RSOkfm0B0WR4IBbVUtYXk,nu jazz,Jazz,https://i.scdn.co/image/ab6761610000e5eb870ec7070a7bfb099dcd7470,Shabaka and the Ancestors,26
5RZjpmuD14JKXvB8Ry1G1u,musicals,Unlisted,https://i.scdn.co/image/ab6761610000e5eb4b66865eed5805ea38b398b4,Amanda Seyfried,68
5RahUdA5cpDqZr1EBegGnY,uk funky,Bass Music,https://i.scdn.co/image/ab67616d0000b273aa16944e1a293afb86035a51,Ramadanman,17
5Rdhduu4Zo7gs9FOt6YKbo,,Unlisted,https://i.scdn.co/image/ab67616d0000b2731c42b93f217c02977ae4c5d0,I'm Blue,32
5RdqZVi36tpDPYNPw8jJbO,musicals,Unlisted,https://i.scdn.co/image/8547161467c9a6761aa69c65700a23db8f88a946,Julie Andrews,60
5RfKXXQQn2OhZiT5iSggZn,neo-psychedelic,Rock,https://i.scdn.co/image/ab6761610000e5eb4b0cf8ec351b0ad38480e6d9,Jacco Gardner,31
5Rgh778FK9SlQtBEcNtkqZ,Pop,Pop,https://i.scdn.co/image/abd0f13ec8c8d3c719bd70286581ce4861721677,Arthur Beatrice,22
5Rl15oVamLq7FbSb0NNBNy,Rock,Rock,https://i.scdn.co/image/ab6761610000e5eb87cde49a53cfbdbecf68fe02,5 Seconds of Summer,79
5Rr15NSbi1Xjno1AEP9u21,Rock,Rock,https://i.scdn.co/image/ab6761610000e5eb7bf2565ac21c50a07050c2e5,Dan Croll,42
5RtVtFkrk7Teybt7WGZDGK,Electronic,House & EDM,https://i.scdn.co/image/ab6761610000e5ebd58b28b8e5176fe202ae3dd6,Mars89,7
5RyAbJ3y4yw8EbDcRblB8S,Jazz,Jazz,https://i.scdn.co/image/ab6772690000c46cc9e7c0220ba9180f8b32ead3,Mick Harvey,39
5RzjqfPS0Bu4bUMkyNNDpn,bebop,Jazz,https://i.scdn.co/image/896485317ae7153ad421012f2f7cb90cf3fbfbff,Dizzy Gillespie,51
5Rzqmz1zAszembFHGZQuAt,jazz rap,Hip Hop/Rap,https://i.scdn.co/image/ab6761610000e5eb77f22a53b5c7965572c5480c,Souls Of Mischief,58
5S4RcYVSLtztJzOA43dHcn,big band,Jazz,https://i.scdn.co/image/ab67616d0000b27314b92d97263b04ec197d4104,Billy Cotton & His Orchestra,8
5S7kHKrpKHvzpQSYw9SMx1,Jazz,Jazz,https://i.scdn.co/image/ab6761610000e5eb82552ba1f32db75bd119c1a5,Harald Lassen,18
5SMVzTJyKFJ7TUb46DglcH,funk,Funk/Disco,https://i.scdn.co/image/ab6761610000e5eb6d32e1e62d928ac057284b4c,Parliament,52
5SP6T04F8Ic9oftMVfdKkp,Rock,Rock,https://i.scdn.co/image/ab6761610000e5eb23c18f1e3c22e8890cf919e7,King Creosote,40
5SZLIc33ZUZX2MVlz64mEv,uk drill,Hip Hop/Rap,https://i.scdn.co/image/ab6761610000e5ebb8c1a938fcf4ae3a43dc44b5,Foreign Kash,11
5SeE35VSqbsfb85cjFHAA7,Electronic,House & EDM,,Yung AOL,0
5ShFRZUGJZL1qMkIPtYV5M,britpop,Rock,https://i.scdn.co/image/7681c6d89f998a0d05884fe61ce83734c1d6f305,Gorky's Zygotic Mynci,29
5SjNVG3L9mgWQPsfp1sFDB,Rock,Rock,https://i.scdn.co/image/ab6761610000e5eb09d3a19718a94938681c1beb,Wye Oak,49
5Smb3KB29epOb92Btsxulb,Rock,Rock,https://i.scdn.co/image/ab6761610000e5eb6f3b9a59f8e776b504cae20a,isaac gracie,42
5Ssue4NKgXFwte9xe6azsu,egg punk,Punk/Hardcore,https://i.scdn.co/image/ab6761610000e5ebdc5ab21b95650faa94d6cafa,Flat Worms,24
5Stfdr5cRd6Gg9OMYmLR9Y,Jazz,Jazz,https://i.scdn.co/image/ab6761610000e5eb514a466c93902d33c9c76e6e,Ted Poor,26
5Sw6dj1ghCjEdkFO5InB8A,Rock,Rock,https://i.scdn.co/image/ab6761610000e5ebbb16dd8e5141ece51a4da214,David Thomas Broughton,13
5T0e5poGvNw2PmFOiMfwCO,Rock,Rock,https://i.scdn.co/image/ab6761610000e5eb020c633a14369782f5e72ae8,Beauts,19
5T60shnsXD8hlLRDsbvFoO,Non-Music,Novelty/Spoken Word,https://i.scdn.co/image/ab67616d0000b273d7554d2b12d4260f9d0c96ee,George Bruns,48
5TABL8E2QU96gOZSS82bU3,traditional folk,Folk/Acoustic,https://i.scdn.co/image/ab67616d0000b2733b50947d828ad1f8a4384df1,Nic Jones,24
5TD3Mad384osX9K8DLkx7L,big band,Jazz,https://i.scdn.co/image/ab67616d0000b2730514f2599defe87a0f4ab975,Vaughn Monroe,33
5TDKWyd5aI3qGguJ8mtrWw,neo-psychedelic,Rock,https://i.scdn.co/image/ab67616d0000b273f3a3c1b2b5128d9fb396cab1,The Earlies,11
5TDVKqW9uhqGjwwwKGuma4,Pop,Pop,https://i.scdn.co/image/ab6761610000e5ebd0174a95ad524932ee9432c0,All Saints,60
5TGJzOKQ9GbfJ6IZI9ktDn,Pop,Pop,https://i.scdn.co/image/63f2df795ebafad1b322b9e33fa796791e8d12f9,Dream Street,29
5TGTpu4g8siFOIctZuQO7y,disco,Funk/Disco,https://i.scdn.co/image/ab6761610000e5eb224edfd4e7b8101c4d217134,Sylvester,52
5TNmizItgJPfvCoPKXAMGz,folk,Folk/Acoustic,https://i.scdn.co/image/ab67616d0000b27375484d373e0cb57c26a2e9f1,Jackson C. Frank,47
5TUTGRG0FlRoYTZ4GEdOVO,roots reggae,Reggae/Caribbean,https://i.scdn.co/image/ab6761610000e5eba5c39c5b993a536408aca54c,Johnny Osbourne,47
5TZNvC6pnkFTjNpJWlfwdU,Rock,Rock,https://i.scdn.co/image/ab67616d0000b273d30fc54ef5f42313f8f738f1,Dead Fingers,14
5TfnQ0Ai1cEbKY5katFK14,Electronic,House & EDM,https://i.scdn.co/image/ab6761610000e5eb17fb8001500809e04fc16728,Ladyhawke,47
5TnuP42pw475UrjjeabtwZ,celtic rock,Rock,https://i.scdn.co/image/ab6761610000e5ebd1508e6a9df7761d7c49385d,The Waterboys,61
5U16QlMnlSAhkQxBZpLyLO,psychedelic rock,Rock,https://i.scdn.co/image/d686a5edc5f76639be01eda7f696df5cbb870aa6,The Pretty Things,37
5U3XDNsNoGPXsiXQzPg5LR,techno,Techno & Trance,https://i.scdn.co/image/ab67616d0000b27319911a95bc98e7eae286d378,Kaiser (K S R),19
5U3qBQ7tFIpHNAYmrnOSiR,breakbeat,Garage & Breaks,https://i.scdn.co/image/ab67616d0000b273179d7667c19a0e1f48b3a389,Reptant,20
5UCLo0DwCef9lexQS5bzhb,musicals,Unlisted,https://i.scdn.co/image/ab6761610000e5eba88259eeccace46f252b858b,Orfeh,39
5UDDnXpPNuL91XxNJLX47f,power pop,Rock,https://i.scdn.co/image/ab67616d0000b2733019532f4975c6648364dbf2,Chris Bell,25
5UExdZdyiChMTvMm0nATlp,Electronic,House & EDM,https://i.scdn.co/image/ab6761610000e5ebbbb08a00c83c996777485d2d,Raffertie,44
5UKxbnehpqQueAnAeGhadq,northern soul,R&B/Soul,https://i.scdn.co/image/ab67616d0000b273371ee9f3f21e2715f3ec57c7,The Metros,10
5UMQV83wwZCCvRSQCVjZw6,post-punk,Rock,https://i.scdn.co/image/ab6772690000c46c98dec3e7cb9cf5345cf8e750,Mission Of Burma,35
5US7hTWfx50MizMOJksHNj,Funk / Soul,Funk/Disco,https://i.scdn.co/image/ab67616d0000b273d24439db1026cdb313621710,The Edge Of Daybreak,24
5UVeKRyD2EOSsARHXrWaAF,minimal techno,Techno & Trance,https://i.scdn.co/image/ab6761610000e5eb84496aa2f54a7a656989d2f0,Samuli Kemppi,7
5UVftEhSsIg0kkXlmfhB6M,garage rock,Rock,https://i.scdn.co/image/ab6761610000e5eb21fabb7d1b49fefc9fc70124,Hot Hot Heat,42
5UWmNXxqHIUcpHEJCxDojK,techno,Techno & Trance,https://i.scdn.co/image/ab6761610000e5eb585b72a588d93dc1ebc84608,Julian Muller,30
5UdPkKWd8YNR5xGcmqH9QJ,Hip Hop,Hip Hop/Rap,https://i.scdn.co/image/ab6761610000e5eb8842fd84854c331d60d30d8e,Jason Weaver,63
5UjqeSp9dX6Nrge7WdDukr,jungle,Bass Music,https://i.scdn.co/image/a2a3a76aa238ba704f45d5ce1261b198d0b03626,Roni Size,42
5UqTO8smerMvxHYA5xsXb6,noise rock,Alternative/Indie,https://i.scdn.co/image/af335c11a73e9311516bb28800be58311410d1be,Sonic Youth,59
5UwHHsEQqO6OiQCtYHDpn9,melodic techno,Techno & Trance,https://i.scdn.co/image/ab6761610000e5ebc807636000b2edadf19f64f5,Barnt,17
5V0MlUE1Bft0mbLlND7FJz,vocal jazz,Jazz,https://i.scdn.co/image/3c1d23141059785c8a863137d176319329dc17ef,Ella Fitzgerald,70
5V2urhkwH9CIcojcYnvKRg,east coast hip hop,Hip Hop/Rap,https://i.scdn.co/image/ab67616d0000b273b94c9082c2c9b728cee80d0a,Leaders of the New School,29
5VAHm7V5mnsxvQrWw3KHmx,rockabilly,Rock,https://i.scdn.co/image/7e8504fa090b9251bd6d02a41dfa9566dbdb36a7,Gene Vincent,44
5VAsNbws6j873uHN1VKEmZ,Rock,Rock,https://i.scdn.co/image/96d2a6514029ed978d98b574d378b92e0dff6c96,Sandy Bull,19
5VCklB2cFK3ofZIMkkDhyW,,Unlisted,https://i.scdn.co/image/ab6761610000e5eb0c67ece7a873b3947461b6ed,Ailsa Tully,10
5VF0YkVLeVD4ytyiyVSIiF,art pop,Pop,https://i.scdn.co/image/ab6761610000e5eb5a1ed286c90e264ea77a0c61,Dirty Projectors,41
5VIq5RHAbVUMF700vdwfYw,indie folk,Folk/Acoustic,https://i.scdn.co/image/66b2d537bcf4e17b21edd029c83b18ce73b584cf,Dry the River,33
5VKJLLauOecpruhxPw9qUS,breakbeat,Garage & Breaks,https://i.scdn.co/image/5b2fb699e60107cff03380272da551d1128dd6ff,Head High,16
5VPq4ZMP8aJF9n9nL9q8Pv,baroque pop,Pop,https://i.scdn.co/image/ab6761610000e5eb5642f00f84cb19ae94378879,Maxwell Farrington & Le SuperHomard,16
5VTWoYYizcOY3uIKnxeCGI,french indie pop,Pop,https://i.scdn.co/image/ab6761610000e5ebc4136c1541aaaaccbd9d6692,La Femme,60
5VW8qxbvOtQ1PHJGRWAL5Z,,Unlisted,https://i.scdn.co/image/ab67616d0000b273c5b2a9ef8f6d0098f6d96685,Spark Rocket,33
5VWK31RnPSWHaJO2gtk2bQ,garage rock,Rock,https://i.scdn.co/image/ab67616d0000b2731723472491a58fca71db3b5e,51 Black Super,0
5Va9LuEmaZxnbk1gMnjMD7,Hip Hop,Hip Hop/Rap,https://i.scdn.co/image/ab6761610000e5eb09f1ef3b76da5758e3bd7ad2,Arrested Development,54
5Vuvs6Py2JRU7WiFDVsI7J,Funk / Soul,Funk/Disco,https://i.scdn.co/image/ab6761610000e5eb59f6672fdf7466d330b815ab,Lucky Daye,66
5W10uJRsbt9bROJDKoI1Wn,art pop,Pop,https://i.scdn.co/image/ab6761610000e5eb8ac06858a76bdd513da17bed,Moses Sumney,53
5W5bDNCqJ1jbCgTxDD0Cb3,outlaw country,Country/Americana,https://i.scdn.co/image/ab6772690000c46c82a531f8f5067e13517f5b15,Willie Nelson,73
5WFeN8vtX0TYqv0IYVbWZT,blues,Blues,https://i.scdn.co/image/f4e63290db30da00141a426d38fa9455948aac26,Fenton Robinson,45
5WS3dnCZR6MuN6m3dTMuwF,folk,Folk/Acoustic,https://i.scdn.co/image/ab6761610000e5ebe1e1d26deb97314c298a5f29,Karine Polwart,39
5WSlKTn8XCAH31eAVaJ4Wj,midwest emo,Punk/Hardcore,https://i.scdn.co/image/ab6761610000e5ebff96afe754f57e84dd13b7f4,Dogleg,33
5WUlDfRSoLAfcVSX1WnrxN,Rock,Rock,https://i.scdn.co/image/ab6761610000e5eb64db06dfda27bb045bc1c2f5,Sia,86
5WUwsBL2coThAnMnCYbpN1,latin jazz,Jazz,https://i.scdn.co/image/ab67616d0000b2734320932626d329783b2b269c,The Latin Jazz Quintet,13
5Wabl1lPdNOeIn0SQ5A1mp,dream pop,Alternative/Indie,https://i.scdn.co/image/ab6761610000e5eb00f01cecce8a4475c3de0998,Cocteau Twins,69
5Wfn5sc1w3DhMTpU7oPJZL,jungle,Bass Music,https://i.scdn.co/image/ab6772690000c46cc88b3a7bfba377485ad2fff0,LTJ Bukem,46
5WimOFbBnCU5wI6t5PPpEk,nederpop,Pop,https://i.scdn.co/image/c1533c6ba932c6242e9e78739ce3f98b3cf6518d,Shocking Blue,55
5WrIiG2BnDY2kouJxzQPsh,lo-fi indie,Alternative/Indie,https://i.scdn.co/image/ab6761610000e5ebe0fcf19e7db8e7bbaea7eadc,Bnny,38
5Wri8vAevy1yYWqN8oGGpH,uk garage,Garage & Breaks,https://i.scdn.co/image/ab67616d0000b2732049ecf4e62f213ec589bb48,So Solid Crew,43
5WwEQwX3ruZofwDDqtOXwI,dub,Reggae/Caribbean,https://i.scdn.co/image/ab6761610000e5ebefef371ca8f4bca1233399e4,Augustus Pablo,46
5XHchrkk32VTO05bnCwPeT,latin house,House & EDM,https://i.scdn.co/image/ab67616d0000b27319b28a3dfe748eaca9e84ba7,Miss Melody,35
5XMyhVhi5ZN2pi0Qwi1zXS,alternative r&b,R&B/Soul,https://i.scdn.co/image/ab6761610000e5ebf7ea53cd2207d81a415efe7b,Joy Crookes,64
5XUXV5bMqIImp0xFfBWYzi,breakcore,Bass Music,https://i.scdn.co/image/ab6761610000e5eb16a1f23c5dd33a507399137f,vex victoria,4
5XYkn9RTuaZ86cnKGES9kv,acid rock,Rock,https://i.scdn.co/image/ab6761610000e5ebd00403d7efeb09b70c87a93b,RUPERT’S PEOPLE,8
5XbtWFLdL2sXDUo3oqzn9b,vaporwave,Ambient & Experimental Electronic,https://i.scdn.co/image/ab6761610000e5eb18a4397e82266144bc555444,Nmesh,37
5XduRGfkKVRVqyEJ0D9trw,classic soul,R&B/Soul,https://i.scdn.co/image/40e830011ce72f90af8b716559ee98b9a4f452df,Supreme Jubilees,36
5XnIjshjqYVE2eDVgSt9Ro,christmas,Jazz,https://i.scdn.co/image/ab67616d0000b2737fa7d2bd1cacde382f81e7f4,Mel & Kim,19
5XoM6cP8fQykllfuK5V5TR,Rock,Rock,https://i.scdn.co/image/ab67616d0000b2737808c94d787cfceb6b28f294,The Bobby Fuller Four,45
5Y3oDPCnbx1hf4MWLvK2Tf,dub techno,Techno & Trance,https://i.scdn.co/image/ab6761610000e5eba8ed1c03184dff9a00f5c568,Fluxion,25
5Y9xEAGW4GwGJgbiI6W85P,doo-wop,R&B/Soul,https://i.scdn.co/image/c0797b7eeb72ffd9760fa5a026641d14b3fd547a,Ritchie Valens,62
5YGY8feqx7naU7z4HrwZM6,Rock,Rock,https://i.scdn.co/image/ab6761610000e5ebf4cccd14ec026038d713e353,Miley Cyrus,85
5YQURNvswNpWWUWyeNT7we,experimental,Ambient & Experimental Electronic,https://i.scdn.co/image/ab6761610000e5eb40e28f68163e8fdb8027e9dd,Felicia Atkinson,26
5YRqxl4KfzKkFBMu408yv6,big band,Jazz,https://i.scdn.co/image/7a23cb830ee961e35ead781c55f02136680713ad,Ray Anthony,30
5YTOokscvV0rm6RC1TUgvj,uk funky,Bass Music,https://i.scdn.co/image/ab6761610000e5ebd80fc1dbbedf23d10a71ed3c,Ike Release,2
5Yc3oYPNlABAj17eZiNJqf,vocal jazz,Jazz,https://i.scdn.co/image/ab6761610000e5eb38efe658303c2e3126055fa6,John Pizzarelli,37
5YhX2onn51M81v4dSZajlX,christmas,Jazz,https://i.scdn.co/image/533d4c65b76d77c7d8f5dfc355fff44eddf245f8,Leroy Anderson,42
5YjEVrNMrIRw2xGbjTN6Ti,disco house,House & EDM,https://i.scdn.co/image/ab6761610000e5eb71c2ad98179affb122bb54dc,Mylo,49
5Yp3YCgu7Vi0KX9ARA0jYc,neo-psychedelic,Rock,https://i.scdn.co/image/ab6761610000e5eb7b680c5cd63623a7b807d168,The Soundcarriers,29
5Z1CCuBsyhEHngq3U5IraY,Electronic,House & EDM,https://i.scdn.co/image/ab6761610000e5ebceead049d538f0b5087041dd,Westlife,74
5Z1XZyEFY0dewG8faEIiEx,swing music,Jazz,https://i.scdn.co/image/ab6761610000e5ebc97909d061299645edfdbe5c,Django Reinhardt,53
5Z3GyWBvJZgJ35TS0cmXll,dubstep,Bass Music,https://i.scdn.co/image/ab6761610000e5ebfd70b804c4aefc9df60bd1fb,Kode9,27
5ZATfKurLqflrBhv2FLht5,hard bop,Jazz,https://i.scdn.co/image/ab6761610000e5eb394ae6ab2a11993b46b232b2,Horace Silver,48
5ZBQea34QfBgEDkcGEKK2b,new rave,House & EDM,https://i.scdn.co/image/153e0b9c0cd76cd151427bf919b9262252aec3d5,Late of the Pier,29
5ZCIBTruXBxbtCZ0IztQWI,big band,Jazz,https://i.scdn.co/image/ab67616d0000b2734f4598a9f1063f9d52ced2c9,Ray Noble,28
5ZCOgPpZNvlJEBnUZnDqW8,neo-psychedelic,Rock,https://i.scdn.co/image/ab6761610000e5eb5044ceeea00babe8a693bda3,The Lazy Eyes,35
5ZD4VhNTUEnEBTlWQPeyzq,uk drill,Hip Hop/Rap,https://i.scdn.co/image/ab6761610000e5eb95a69488c4bd7e5bacabae37,M1llionz,48
5ZEAzHE2TzAwUcOj6jMIgf,Rock,Rock,https://i.scdn.co/image/ab6761610000e5eb6b9f3c46017f630cb024056a,Donny Osmond,59
5ZGDxHhju6eE8ja4IyGe87,adult standards,Pop,https://i.scdn.co/image/ab6761610000e5eb033385d81d6f772c01d7c358,Margaret Whiting,43
5ZHOqJIxjTVSw3f5GQjnaw,traditional folk,Folk/Acoustic,,Ollie Gilbert,0
5ZKMPRDHc7qElVJFh3uRqB,rockabilly,Rock,https://i.scdn.co/image/a34ce70c444e1f80d430f73bca610675e3832895,Wanda Jackson,48
5ZWo0P6lqFeoDeoN0okPEL,,Unlisted,https://i.scdn.co/image/ab67616d0000b2733a24bafd88e6da4b7fc33a43,James Laco,0
5ZcSizTG3mmhVdlvEau3TS,techno,Techno & Trance,https://i.scdn.co/image/ab67616d0000b273b838dec103df2ed031fd1347,1morning,20
5ZjXPIlanX99VzIHXYJaZX,drone,Ambient & Experimental Electronic,https://i.scdn.co/image/ab6761610000e5eb51bf2bdbe5cf2e90bdaffdcc,Otto Lindholm,0
5Znb6NCOOTyI445iuPjwKe,soul jazz,Jazz,https://i.scdn.co/image/ab6772690000c46cfa6bec51db83403e2aff4f24,Calvin Keys,18
5ZoVY6c0cokQrn448eRqSc,smooth jazz,Jazz,https://i.scdn.co/image/9d344f67f1d4b9e1e775191948083cd8352488eb,Hiroshima,36
5a0etAzO5V26gvlbmHzT9W,downtempo,Ambient & Experimental Electronic,https://i.scdn.co/image/ab6761610000e5ebd8f87c884d83508eac7f7a06,Nicolas Jaar,52
5a2EaR3hamoenG9rDuVn8j,funk,Funk/Disco,https://i.scdn.co/image/ab6761610000e5ebeaca358712b3fe4ed9814640,Prince,73
5a8Y06JGE6jIOgBwCs7RKo,,Unlisted,https://i.scdn.co/image/ab67616d0000b273df76f301ab93403e963f9260,RHYS BIBI,0
5aAjDF4uS2ft9fy9vjXWYv,dub techno,Techno & Trance,https://i.scdn.co/image/ab67616d0000b27372bf04c352abad42affa2f3b,Wax,27
5aIqB5nVVvmFsvSdExz408,classical,Classical/Orchestral,https://i.scdn.co/image/a2ec08fe69ecec2748fbc764aede8f1b03ae8f88,Johann Sebastian Bach,79
5aV6tDnBgmezgCSTvL5HnV,bluegrass,Country/Americana,https://i.scdn.co/image/ab67616d0000b2733b36e589989b820615eda486,The Kentucky Colonels,28
5aVJxrTSNHs0nsldOCM9oF,son cubano,Latin,,Popó y su Changüí,0
5abSRg0xN1NV3gLbuvX24M,egyptian pop,Pop,https://i.scdn.co/image/ab6761610000e5ebab35bf72eb23fa275fdc2dcb,Amr Diab,74
5ac1qjsr4dSDWsfYY6YvBa,j-dance,Other,https://i.scdn.co/image/ab6761610000e5eb1823079699d7551a3bb2ff36,Carpainter,25
5ahuBhk9Urv0iYLrNSbPRK,idm,Ambient & Experimental Electronic,https://i.scdn.co/image/2508955aebc5043d449a2f33927e00824f3af7a1,Grischa Lichtenberger,13
5aigDdW1JMwlIHdOgn8JG6,neo-psychedelic,Rock,https://i.scdn.co/image/ab6761610000e5eb1e4590a2e51c4f72a7476968,The Everywheres,40
5aj3LEYRbuaabjjHkj5oE1,big beat,House & EDM,https://i.scdn.co/image/ab6761610000e5ebc0106d608181d5c046de58cf,Death In Vegas,45
5akVqMzdZOdbMYbE4vNZWD,idm,Ambient & Experimental Electronic,https://i.scdn.co/image/ab6761610000e5eb05495f31f111bfd93f003272,Plaid,39
5ao4Td1vkbHL8YEbJhck5R,country blues,Blues,,Silver Leaf Quartet,0
5au2vhHl8DViD9PUxUZBTb,alt country,Country/Americana,https://i.scdn.co/image/01ca8e9a925c66defbaf51419d869b441d43f768,Middle Brother,34
5aygfDCEaX5KTZOxSCpT9o,blues,Blues,https://i.scdn.co/image/bfb61e8da152782920e42784c2a72eed8620afc1,Albert King,53
5b2OzvLaL6nyxw5pbVbSdy,Pop,Pop,https://i.scdn.co/image/b446003150396108601f69db1a0ca4039e30b8ef,Skeeter Davis,52
5b7qhAEV6ax7dYJtb6JMe0,celtic,Folk/Acoustic,https://i.scdn.co/image/ab67616d0000b27347f1807e55fe6f72e08c4776,Atwater-Donnelly,5
5bDxAyJiTYBat1YnFJhvEK,classic rock,Rock,https://i.scdn.co/image/d710b1d866858b418e298b6b7b087e6f841f27c1,Joe Walsh,60
5bKdC6382t97Qnpvs81Rqx,organic house,House & EDM,https://i.scdn.co/image/ab6761610000e5eb235847fc0fabe2594fa28e7f,Bedouin,50
5bLpYSmewYdnv9djU3kwpA,trance,Techno & Trance,https://i.scdn.co/image/ab6761610000e5eb6abaced45c445214885333c4,L.S.G.,27
5bO7gAKKIwHwhxdsCR1UN0,classic country,Country/Americana,https://i.scdn.co/image/ab6761610000e5ebfde397cad2dfd2f37d2d2036,Slim Whitman,38
5bOsFzuJ6QZMr86ezC4oXY,adult standards,Pop,https://i.scdn.co/image/ab67616d0000b273383811a9b3081023c612fb7b,The Ink Spots,59
5bTTx0CRvZj1kRJwUsWWYo,yacht rock,Rock,https://i.scdn.co/image/dcd0a82176f8716c4e18420809c6939fb8bab0d3,James Ingram,61
5bTaUOrBY8IWCwW12jCU5U,idm,Ambient & Experimental Electronic,https://i.scdn.co/image/ab6761610000e5eb2610410000c0f834dac07ab9,Datassette,29
5bUj39bg0zEbRzjUEISMG9,Classical,Classical/Orchestral,https://i.scdn.co/image/a051568de86ba3eb09f87e2a4f94478476b33748,Bernard Herrmann,52
5bWApG9Vdshhd1J50UnNf6,french jazz,Jazz,https://i.scdn.co/image/ab6761610000e5eb2c8e35226977e0d8f6a2db8d,Blossom Dearie,54
5bcg41eahXhsa30vaMvv0r,,Unlisted,https://i.scdn.co/image/ab6761610000e5eba8d2209a8862b739d258a630,Sex Week,31
5bdgb81IJMXag724quaNSA,Jazz,Jazz,https://i.scdn.co/image/ab67616d0000b273367fbe451a2c45102d21b6bf,Acker Bilk,45
5belphwHC49z9vB7pXjcux,chinese rock,Unlisted,https://i.scdn.co/image/0a349803338ccb2b3f5156a0b8bde1b79fcae6a9,Head Technician,2
5bhOQZFgsHOuAiJ0WJXNHW,neo-psychedelic,Rock,https://i.scdn.co/image/ab6761610000e5eb5733e9a96bd1a9cd5f6c1da1,Cool Ghouls,30
5blZUSGq0z7HhuSldSXV3a,ambient,Ambient & Experimental Electronic,https://i.scdn.co/image/ab6761610000e5eb7c61e9840d75ab0899633666,KMRU,29
5bnNgwp3nooah9yHAHsnR4,musicals,Unlisted,https://i.scdn.co/image/ab6761610000e5eb56122713b3043100a0cd2d6a,Jason Donovan,47
5bnYTU5FQf68nmt4Fk5qxi,big band,Jazz,https://i.scdn.co/image/ab6761610000e5ebcafbdecc760394c924320d22,Geraldo,10
5bryZtVQyNPDVvvHf10YUN,minimal techno,Techno & Trance,https://i.scdn.co/image/ab6761610000e5eb30f219dd9aba0c77f18adcd3,Arapu,21
5bt1p0ybrvQPJwt4YINGTF,canzone napoletana,World/Traditional,https://i.scdn.co/image/4cff151c8cd1ea59968eda52f72feb9a54c4eeca,Renato Carosone,51
5c1JBjQ42xrr1miePS9IRO,breakbeat,Garage & Breaks,https://i.scdn.co/image/ab6761610000e5eb762b02164ca24383946c2d87,Kosh,30
5c3GLXai8YOMid29ZEuR9y,folk,Folk/Acoustic,https://i.scdn.co/image/d364b498f85ae764cd278fbba9a8ed7f00c3e434,Nick Drake,64
5c4wQaXkNDqSOTjqX4ExAu,banda,Latin,https://i.scdn.co/image/ab6761610000e5ebe5450f0fac6cd3b3d83dd8b6,Jenni Rivera,71
5c8Rd2gCeW7KAdTnwWIZKL,ebm,Ambient & Experimental Electronic,https://i.scdn.co/image/ab6761610000e5eb02a631826b45544e094b774e,Djedjotronic,29
5c9uFWpZY2MTlk7Rft0tgp,singer-songwriter,Folk/Acoustic,https://i.scdn.co/image/ab6761610000e5eb770f4f423820f278b619e579,Janis Ian,47
5cBHm2CXrbncYIDzrxF4Vi,big band,Jazz,https://i.scdn.co/image/98f75c6fc027a014ce6b0150b4142a05e5a51b18,Johnny Mercer,42
5cHmjJA9Lo0ga8s8QdxEzs,northern soul,R&B/Soul,https://i.scdn.co/image/ab67616d0000b2738906380a5c17f94608dd93b3,Terry Callier,48
5cKPK8DCxX1R5PwQOU1huv,dub techno,Techno & Trance,https://i.scdn.co/image/ab6761610000e5eb3cc601e4939a8a1212a92cc3,Sebastian Mullaert,26
5cM1PvItlR21WUyBnsdMcn,neo soul,R&B/Soul,https://i.scdn.co/image/ab6761610000e5ebeac91c1b242fe7aff48894f5,Robert Glasper,60
5cMgGlA1xGyeAB2ctYlRdZ,east coast hip hop,Hip Hop/Rap,https://i.scdn.co/image/ab6761610000e5eb85ee94998a936ef47231db39,Gang Starr,65
5cMtEMr5pDMpBGjY4XXvDh,Jazz,Jazz,https://i.scdn.co/image/ab67616d0000b273850699cd9e49b6a52935dfd9,Clockwork,13
5cPYngDFgZ8cOapCBCrs14,Funk / Soul,Funk/Disco,https://i.scdn.co/image/8eba3b9c513610cf14fb35123cf71da12b5cc741,The Christians,37
5cRFFVu55n63SFAByWg112,post-punk,Rock,https://i.scdn.co/image/ab6761610000e5eb9988bb3443b51d125f9023d9,Holograms,25
5cVLuEqb7aOHuzwssXHzWI,acid rock,Rock,https://i.scdn.co/image/ab67616d0000b273d317ce2d8ae5b8121da75055,The Amboy Dukes,30
5cWh5zsmOIFhuPL0Ay1e7f,disco house,House & EDM,https://i.scdn.co/image/ab6761610000e5eb02bea00c2295d726120add86,Dave Lee,51
5cXJERCnv50nZBXCk8Zq9X,Pop,Pop,https://i.scdn.co/image/ab67616d0000b2731510b0f0766b4966c5bee794,Jack Kittel,46
5ce2Vgy5OXlTNvrqbBV2Gk,chanson,Pop,https://i.scdn.co/image/ab6761610000e5eb4c0b63d327a0fd143a32a6f5,Serge Reggiani,47
5cyeaYQ80Wkqvxx4HcY0jo,big band,Jazz,https://i.scdn.co/image/ab67616d0000b273500ad64a6baefd189eb0944e,Buddy Rich Big Band,36
5d4kdwU7uEHb51W4JIV70e,uk funky,Bass Music,https://i.scdn.co/image/ab6761610000e5eba7b47611c1164c530cf78028,LV,13
5d7hcYqz8bVY6Kt3bhjd3d,neo-psychedelic,Rock,https://i.scdn.co/image/ab6761610000e5eb52e420540e518169b71eb4bb,Dungen,37
5dCuFngSPyOOnTAvrC7v2s,blues,Blues,https://i.scdn.co/image/6c1f3c786fbc542e29df368b40d6ad888fe010be,Freddie King,52
5dHt1vcEm9qb8fCyLcB3HL,rap,Hip Hop/Rap,https://i.scdn.co/image/ab6761610000e5eb11b1fd4dfaa772c272ac98ec,A$AP Ferg,72
5dM7jA0PXh0Ozz8LT2YOCB,soul,R&B/Soul,https://i.scdn.co/image/68fc1febe9afa222cc8d0c5a3b20a67c4cfb4f7b,Ann Peebles,50
5dP0K6UFJq6UOewk4qIKmL,jazz,Jazz,https://i.scdn.co/image/ab6761610000e5eb3289392ca2d8c78b34eda74c,Iiro Rantala,41
5dcOK4stT4JDkP6Dqhbz5s,Pop,Pop,https://i.scdn.co/image/c89848e407aa02ab2ebfe404843812fe16cad5b7,Sheena Easton,60
5dlCVmfRbWVGOJYHzGyk32,big band,Jazz,https://i.scdn.co/image/ab67616d0000b273bb2fe5117d825292792d472e,Benny Carter,45
5dlzTgw97q5k5ws89Ww1UK,celtic,Folk/Acoustic,https://i.scdn.co/image/ab6761610000e5eb876bc171739ace0bca6089c6,Gaelic Storm,45
5e25AjdQhPBKVWCNzqKJ3i,Electronic,House & EDM,https://i.scdn.co/image/ab6761610000e5eb555c59cddba56740c0612950,Budai & Vic,5
5e4Dhzv426EvQe3aDb64jL,country,Country/Americana,https://i.scdn.co/image/ab6761610000e5eb909899cd7ed1cd7353ac24f1,Shania Twain,75
5eAWCfyUhZtHHtBdNk56l1,nu metal,Metal,https://i.scdn.co/image/ab6761610000e5eb60063d3451ade8f9fab397c2,System Of A Down,85
5eLnVIw3o3U9wxDBB0RVWa,techno,Techno & Trance,https://i.scdn.co/image/ab6761610000e5ebfe39e0f7011c10fa85897eac,Temudo,25
5eNWwEF0woj5E5Fnu9qXaQ,neo-psychedelic,Rock,https://i.scdn.co/image/ab67616d0000b273cac8b53a63878da16ece57f8,Ananda Shankar,30
5eTBCaRETnQ9fthJD0gfzp,Electronic,House & EDM,https://i.scdn.co/image/ab6761610000e5eb6d2cac8a263f65434b3a71e0,Finnegan Tui,39
5eUda4BaWhUQWWJiP1ml5v,Rock,Rock,https://i.scdn.co/image/ab6761610000e5eb9db517d38a22427195de7103,Sorry,45
5eWbdoIDCRxrPyiv7TEtw8,electroclash,House & EDM,https://i.scdn.co/image/ab6761610000e5ebdb63dc50d12aacc51270338b,Anthony Rother,35
5eerVxtb9lY9p6D7m89Bs7,art pop,Pop,https://i.scdn.co/image/ab6761610000e5eb6203e72067881925fea08f91,Jenny Hval,36
5ef7ha77ippshsIdZzGnaN,Electronic,House & EDM,https://i.scdn.co/image/ab6761610000e5eb12ba49ac05260455334547d3,BoyPanda,39
5ehQsvqbiNAVZADhzHy5JO,bluegrass,Country/Americana,https://i.scdn.co/image/ab67616d0000b2733b21a8bdca36c2e6a9f89c80,Harry McClintock,43
5eitAUlYmlha3LLWg7aBn5,Electronic,House & EDM,https://i.scdn.co/image/ab6761610000e5eb238ed422634048d3efb141ee,Kelly Lee Owens,46
5enapO4j0KdJ5PpfzGBX75,art pop,Pop,https://i.scdn.co/image/ab67616d0000b273e2f4f2638dff039432b8ae8c,Lewis Baloue,9
5ewSUyw8Gl9p38R1uxHuJU,Jazz,Jazz,https://i.scdn.co/image/ab6761610000e5eb6f7f9e4334a2a7fdbcbd8bbb,Cavolo Nero,26
5exO2eW84QucBhrRhcK76x,native american music,Unlisted,https://i.scdn.co/image/ab6761610000e5eb76bf720220b09ebcf3004d80,Buffy Sainte-Marie,41
5ey55cTWn3D5lwh4x5YCg5,traditional folk,Folk/Acoustic,https://i.scdn.co/image/ab67616d0000b27361969f56fb533b5c775ff854,The Copper Family,8
5fKc00Wh60ggl0QptZ2aBx,grupera,Latin,https://i.scdn.co/image/ab67616d0000b273afb64d23ceb1b377a15ad4ca,Rigo Tovar,66
5fNpYM94eu7714oNfE7C0c,,Unlisted,,Kay Hak,0
5fScAXreYFnuqwOgBsJgSd,madchester,Rock,https://i.scdn.co/image/ab6761610000e5eb32f1361e85bd5e0f0943b139,The Charlatans,50
5fbhwqYYh4YwUoEs582mq5,philly soul,R&B/Soul,https://i.scdn.co/image/ab6761610000e5ebc973e7f9d1a3be98df8b8dbc,The Spinners,63
5fhMeS3lpUqUpTNuAxU2rN,anti-folk,Folk/Acoustic,https://i.scdn.co/image/ab67616d0000b2737cdea96511f9e03e3b1b1308,Malvina Reynolds,30
5fpQ5Qt2BKgoVBSMw4Z17Z,Rock,Rock,https://i.scdn.co/image/ab6761610000e5eb07c80ecdd8469cd4bac9bb54,Songhoy Blues,36
5fsDcuclIe8ZiBD5P787K1,blues,Blues,https://i.scdn.co/image/1de60c936683320769a1bfb6fba7f75902859085,Stevie Ray Vaughan,64
5ftm4NtQXNcAiJ0awT0A12,choral,Classical/Orchestral,https://i.scdn.co/image/ab67616d0000b27395e0267749985b319be36265,Thomas Weelkes,18
5fu3Po5z59bTfUgbcaE0ay,christian country,Unlisted,https://i.scdn.co/image/ab6761610000e5ebce1ecaf8f294bc02b928c906,The Cox Family,39
5gGclNz3oUzveLp5rT36vq,Electronic,House & EDM,https://i.scdn.co/image/ab67616d0000b2730825d7dd6bca88d2f6cbf835,Workidz,1
5gH9MJvoI7pN9bohESzYaA,neo-psychedelic,Rock,https://i.scdn.co/image/ab6761610000e5eba8da466be77cf1f09c9d3006,White Fence,35
5gI33iEWzSZqDZeVOwfJVi,surf rock,Rock,https://i.scdn.co/image/ab67616d0000b273b28142c1838d8231157823e2,Sandy Nelson,32
5gInJ5P5gQnOKPM3SUEVFt,indie pop,Alternative/Indie,https://i.scdn.co/image/ab6761610000e5eb8adc1a99b82ed5d0e0fb4dea,Camera Obscura,46
5gPEo032lzARtzuVqJIm9o,Rock,Rock,https://i.scdn.co/image/06d38d3736c5646927e56769e8a7df965e5643bd,Bobby Goldsboro,51
5gQB55Wng31KUOSUFQHkBM,bluegrass,Country/Americana,https://i.scdn.co/image/ab6761610000e5ebffd746839088a4500b8a857e,Earl Johnson,7
5gR6bjTstGo5L0atrvxKFC,christmas,Jazz,https://i.scdn.co/image/ab67616d0000b273db7f5d29d307a3d2987a1a69,Art Mooney,12
5gWhlJBlLQGLOgYWO8lwCU,pop punk,Punk/Hardcore,https://i.scdn.co/image/ab6761610000e5ebcddd5a2ded724be932f20859,Saves The Day,45
5gYIhpLwCYoxh3V8KANZpI,jazz,Jazz,https://i.scdn.co/image/ab6761610000e5eba5041d108685e8fd79413be1,Beegie Adair,57
5gYc0WysYnrX6D98zEcEAb,glitch,Ambient & Experimental Electronic,https://i.scdn.co/image/ab6761610000e5eb6aef1b6409bd521644b3a518,Rupert Clervaux,10
5gZWu16OAMVGmfLFNj0NCT,neo-psychedelic,Rock,https://i.scdn.co/image/ab6761610000e5ebe7fbceb2799a27328536c3c1,Ghost Funk Orchestra,42
5gcDZA9xXCOspWgQilUYIu,Rock,Rock,https://i.scdn.co/image/ab6761610000e5eb93b812df38d5d3b160de0f5b,The Preatures,44
5gl6pfPwJ1coivVUMZPiS9,Rock,Rock,https://i.scdn.co/image/be4685b5a9fc613afde142972afb3016ff5ce3a1,Dennis Wilson,32
5glaXGC2Bpd4z4HsVhzhjN,Rock,Rock,https://i.scdn.co/image/ab67616d0000b27385735357733fc75624edfea2,Dream,38
5goS0v24Fc1ydjCKQRwtjM,classical,Classical/Orchestral,https://i.scdn.co/image/7c66e77f061dcfe1da26d682f228d0e957035e8d,Johann Strauss II,59
5gqhueRUZEa7VDnQt4HODp,neoclassical,Classical/Orchestral,https://i.scdn.co/image/ab6761610000e5eb0378b1542b9661dfa8b676f4,Nils Frahm,61
5gqoUf9vKKv96b1c0GBKwu,deep house,House & EDM,https://i.scdn.co/image/ab6761610000e5ebd1556deb7a76800a2c07b1ac,Dusky,48
5gspAQIAH8nJUrMYgXjCJ2,Rock,Rock,https://i.scdn.co/image/ab6761610000e5eb887166f654d7d277ec55aec0,Kurt Vile,56
5gxynDEKwNDgxGJmJjZyte,yacht rock,Rock,https://i.scdn.co/image/ab6761610000e5eb00468f77cbf98e01cfd1be08,Steve Winwood,62
5gznATMVO85ZcLTkE9ULU7,Rock,Rock,https://i.scdn.co/image/ab6761610000e5ebe0cf058473839f1c9f49937e,Lenny Kravitz,75
5h7BKJSdnYnC7ciVgs3Mp0,northern soul,R&B/Soul,,Sandi Sheldon,21
5h7J7833xI8THerzuRH0JQ,krautrock,Alternative/Indie,https://i.scdn.co/image/ab67616d0000b273131cd520659128fe913d177d,My Solid Ground,9
5hAhrnb0Ch4ODwWu4tsbpi,dream pop,Alternative/Indie,https://i.scdn.co/image/ab6761610000e5ebad8a54844b1b0ac42f0dd71c,Yo La Tengo,54
5hC5nTrudX1Epazg9rusD9,acid house,House & EDM,https://i.scdn.co/image/e050ee0e1790198e9aa64bf4bbec32004c72b195,Boris,8
5hEP2P4E1FjoFYdhhxe7vi,noise rock,Alternative/Indie,https://i.scdn.co/image/a3d4ef41ac71429f8b0ec72aae955578710acad8,Hot Snakes,35
5hIClg6noTaCzMu2s5wp4f,rockabilly,Rock,https://i.scdn.co/image/98560224c0eb3b218928cc9b1138621d4fb29260,Carl Perkins,46
5hW4L92KnC6dX9t7tYM4Ve,folk,Folk/Acoustic,https://i.scdn.co/image/68cfb061951dbd44c95422a54cb70baec0722ca3,Joni Mitchell,64
5he5w2lnU9x7JFhnwcekXX,dubstep,Bass Music,https://i.scdn.co/image/ab6761610000e5ebe32002317387b6d659308a94,Skrillex,78
5hfOHpGMsi8O3DA0ROLGqF,classic rock,Rock,https://i.scdn.co/image/b7accd8373ed5f6b920ef11d6c1609761cc8ac60,James Gang,48
5hoqqYuJtD3clexwJn5wWW,americana,Country/Americana,https://i.scdn.co/image/ab6761610000e5eb6f1b9c2d6a780462347662c3,Brennen Leigh,34
5hrKPnGQ95MOsG9SfbnHxO,Electronic,House & EDM,https://i.scdn.co/image/ee06317f6f853770dbc6e4e4d11790f0f8413f8d,A Sagittariun,18
5hrUVXJsPParZB87QtAz1R,gospel,R&B/Soul,https://i.scdn.co/image/ab6761610000e5eb462119660d07447a7f88ce65,Shirley Caesar,45
5hso1dNofaJLy96BpWYIUu,chillwave,Ambient & Experimental Electronic,https://i.scdn.co/image/ab6761610000e5eb0de5cdd6eb15bcd0449b86cd,Javelin,26
5hz0XLWG5j118Uy7spHRS9,footwork,Bass Music,https://i.scdn.co/image/ab67616d0000b27363c3123f24772f229d448757,DJ Solo,6
5iFJaXNEwdmI1PADAcM58d,ragtime,Jazz,https://i.scdn.co/image/ab67616d0000b27339e3eb67d02c6ef9016b8a3e,Gene Austin,33
5iUnvXddCpOrbWKm7QMr6o,idm,Ambient & Experimental Electronic,https://i.scdn.co/image/ab6761610000e5ebd95b1a988c8f196c3806b9f4,Vegyn,57
5iYxxJXYJuXZwEGoTkpAxd,dub techno,Techno & Trance,https://i.scdn.co/image/ab6761610000e5eb3f57463eaeaa8a5363b7d1ad,Rosati,17
5ie2SvXgvXlTpyqkwLtSd7,Pop,Pop,https://i.scdn.co/image/ab6761610000e5ebadd0a9ea7a016d67404ff985,Isak Danielson,55
5ihY290YPGc3aY2xTyx7Gy,classical,Classical/Orchestral,https://i.scdn.co/image/a5dc4df4f87b534afc7b21116bc7680492210656,Edvard Grieg,65
5iksmHDN2qZQcgFfXqIXtT,art rock,Alternative/Indie,https://i.scdn.co/image/e8fc5c927b24a4b9db3e595e57ead0ac7a2d3a98,Robert Wyatt,35
5imJlmURJJk9wicePHiqvo,jungle,Bass Music,https://i.scdn.co/image/ab6761610000e5ebd50ab39ca2b218323114e72b,Fracture,31
5ipQlfnpRCtyOuhYqvPvQ8,minimal techno,Techno & Trance,https://i.scdn.co/image/ab6761610000e5eb1dcaf9131e972852408873aa,Robert Hood,35
5irwGfNb30z0m7UbZvFIcm,Electronic,House & EDM,https://i.scdn.co/image/ab6761610000e5eb4e27ff4d272564c1ab1659fa,The Maghreban,18
5isqImG0rLfAgBJSPMEVXF,shoegaze,Alternative/Indie,https://i.scdn.co/image/ab6761610000e5eb6f63ec3b0dd0c229ed8459a9,Blonde Redhead,51
5ixB75BQR3ADoWQkcHQJTs,christmas,Jazz,https://i.scdn.co/image/66a7fe2b2fd9388cf860f88e8636910f161be6cd,Gene Autry,47
5j2d5CS0sh2LTpFsrKAFcW,ambient folk,Folk/Acoustic,https://i.scdn.co/image/ab6761610000e5eb64e119174afcdee0196bd144,Marisa Anderson,38
5j9IEu1SEY0JslCPmfVsgq,southern gothic,country/Americana,https://i.scdn.co/image/ab6761610000e5ebef2c189fdcb42143020dd420,Willie Watson,39
5jEMNk3MY72HM1M1LFnKGK,traditional country,Country/Americana,https://i.scdn.co/image/ab67616d0000b27315a33d15bf07e809beeb157d,Tommy Collins,30
5jX7X3kRkfJTRqAdT7RcHk,Rock,Rock,https://i.scdn.co/image/ab6761610000e5ebe910dbd1a3501f59d32b8e2e,Cass Elliot,57
5jX8L7D6vWHYlNj9k361vI,drone metal,Metal,https://i.scdn.co/image/ab6761610000e5eb4ac6e7e82044dababacde59e,Six Organs Of Admittance,35
5jcIIICg01zIq8InYieJ5w,post-hardcore,Punk/Hardcore,https://i.scdn.co/image/ab6761610000e5ebebdf1b774e54b3ae89ce5137,Hundred Reasons,33
5jevkWdPouBhKNpJu1DOyO,post-punk,Rock,https://i.scdn.co/image/ce4ea6a133985262f9dc407d10ce68e45137f018,Lizzy Mercier Descloux,33
5jh7sgXW2njALiIh0aPXjB,noise rock,Alternative/Indie,https://i.scdn.co/image/ab6761610000e5eb78a153f4654cbc4a0e601e5a,Show Me the Body,57
5jh8Bu4TjUGzixND0q0mGL,singeli,World/Traditional,https://i.scdn.co/image/ab6761610000e5ebd67d187c4151fb8766751823,Nihiloxica,18
5jqKIZLB5WA5KquEihB3ND,Rock,Rock,https://i.scdn.co/image/ab6761610000e5eb6e33d824855b6fcf532bce47,Deacon Blue,53
5jtp6zuEEszdXJCrdGx7s8,Electronic,House & EDM,,Hugo Moya,0
5juOkIIy18sFw9L30syt1Z,chillwave,Ambient & Experimental Electronic,https://i.scdn.co/image/ab6761610000e5eb20041d765137104d749c6cac,Washed Out,54
5jz40KDNd44qa9nZH0uPDM,idm,Ambient & Experimental Electronic,https://i.scdn.co/image/838d53e3ee9fe36f857c60795d0059dee8225e55,Akkord,10
5jzf34Dm3S5hnp9iwPxVBw,french indie pop,Pop,https://i.scdn.co/image/ab6761610000e5eb2ed166ecc9911816364177f2,Mezzanine,20
5k5yIvxtsqHqWrRBF3nhSY,progressive rock,Rock,https://i.scdn.co/image/1e8b05d517ec6570e5420ab505745a061d7b4493,Kevin Ayers,35
5kA86jQnoaPaM57DUsQOWG,bluegrass,Country/Americana,https://i.scdn.co/image/494e91e7f1e8c24a4acf3fa10d507822ae714517,Norman Blake,41
5kDzkQqTkALyKQRzdb5Sj2,breakcore,Bass Music,https://i.scdn.co/image/ab6761610000e5eb2e608d860f618adb2b4a0f4e,Aaron Spectre,13
5kNZV33crEsk2IMZMJ8bOQ,ambient,Ambient & Experimental Electronic,https://i.scdn.co/image/ab6772690000c46c40e7c0497ba4751942be7f5c,Jon Hassell,34
5kO4xdEKLuHHHPreu3UmkZ,blues,Blues,https://i.scdn.co/image/ab67616d0000b273ca26ce52fd1ac32db22ecacc,Blind Willie Johnson,37
5kf6V58qzjez0DRgmW5Wd7,Electronic,House & EDM,https://i.scdn.co/image/ab6761610000e5eb08006b14e5e79ff16a5f3930,Angel Rada,14
5klp9VmF0Os0ytBwXBy8Tf,,Unlisted,,Lindiwe Mkhize,41
5kpZHJtnWFKx8bvyvVgDdS,post-disco,Funk/Disco,https://i.scdn.co/image/ab67616d0000b2733427d16d36d8986d601e6488,Sharon Brown,20
5ksRONqssB7BR161NTtJAm,eurodance,House & EDM,https://i.scdn.co/image/df9a1dd7f15d98cdbef3ee8c44adae7dec4142d6,Ace of Base,71
5kskdJ54Y6ZGfxfbz6iHxw,Pop,Pop,https://i.scdn.co/image/484761d45f58396161cf802c1128e0035f39697b,The Wombles,23
5kytvmQqoeunOLa2LtIt1N,idm,Ambient & Experimental Electronic,https://i.scdn.co/image/ab6761610000e5eb90660fc91509fb118f5b6da4,Locust,39
5kzle4unDPexVNaq673MOr,footwork,Bass Music,,DJ Rome,0
5l4nhyz8876RhgE2d18h65,italian singer-songwriter,Unlisted,https://i.scdn.co/image/ab6761610000e5eb6236b31052ab6d32689cd143,Vasco Rossi,69
5l6T8qOBj24gRiXWJnUT5C,"Folk, World, & Country",Folk/Acoustic,https://i.scdn.co/image/ab6761610000e5ebfea66a2a1feaee0c59e30e77,Harry Edwards,1
5l8VQNuIg0turYE1VtM9zV,singer-songwriter,Folk/Acoustic,https://i.scdn.co/image/ab6761610000e5ebd09c1295779cfb71683cee99,Leonard Cohen,67
5lCzzDFBEMShuche7yTo4H,,Unlisted,,Run by Electrodes,0
5lHhbrX9ll4e8ilhvLzzI6,chillstep,Ambient & Experimental Electronic,https://i.scdn.co/image/ab6761610000e5eb6b5e028e53b1858d1b54d2e3,Clubroot,26
5lKZWd6HiSCLfnDGrq9RAm,Electronic,House & EDM,https://i.scdn.co/image/ab6761610000e5ebe9cf3862b8027eb5b9f6b831,Leona Lewis,68
5lMhayaiiZAnbsd6Oqpkv0,Electronic,House & EDM,https://i.scdn.co/image/ab67616d0000b273b9e4f69aa4aa7214a9fdc190,Bandshell,1
5lNjdR9GxHHF3twNE6ayJW,tech house,House & EDM,https://i.scdn.co/image/ab6761610000e5eb072062e267558e7b8af4014a,M-High,43
5lP538RHY8e9KUlut6jVDW,Rock,Rock,https://i.scdn.co/image/23f9e182ce95f3e5913ef0bb3fc912b6d0caf546,Anita Lane,23
5lR7yDVN4z9kahOiUSlMhe,choral,Classical/Orchestral,https://i.scdn.co/image/ab6761610000e5ebaf949969f2f4bcd7ebc22e31,The King's Singers,42
5lV4P5M7zfo78N6IBB67nK,neo-psychedelic,Rock,https://i.scdn.co/image/ab6761610000e5eb10daeb98b757726782c7ea96,Los Árboles Mentirosos,9
5lVNSw2GPci8kebrAQpZqU,techno,Techno & Trance,https://i.scdn.co/image/ab6761610000e5eb0f9b9210b2276c1268ece518,Eli Brown,61
5lYcr7Yue9FUB7MJDBtTJx,brazilian jazz,Jazz,https://i.scdn.co/image/ab6761610000e5ebbcae009303f229d6855b1658,Azymuth,48
5lbM4g6bhxjNX7R5QHP2nD,Rock,Rock,https://i.scdn.co/image/ab6761610000e5eb0c898fe5227b012ee8e39e87,Xavier Rudd,64
5lcsLQAbcbmTZ7DXy2dYbK,classic rock,Rock,https://i.scdn.co/image/060ed520d89270bb6a3c7c16cba0a6a1a2b8c283,Flo & Eddie,30
5lkiCO9UQ8B23dZ1o0UV4m,yacht rock,Rock,https://i.scdn.co/image/ab6761610000e5ebef4b0122d50775167339c7c2,Jackson Browne,66
5lnkuYjOkuB93OzYdbkDkw,synthwave,Pop,https://i.scdn.co/image/ab6761610000e5ebd428646e74075f5722f04f72,Mezhdunami,32
5lpH0xAS4fVfLkACg9DAuM,christmas,Jazz,https://i.scdn.co/image/ab6761610000e5eb4c1be07897c5be99c3c3c884,Wham!,70
5lsC3H1vh9YSRQckyGv0Up,acid techno,Techno & Trance,https://i.scdn.co/image/ab6761610000e5ebc9659d214c4a86facff3df66,Ellen Allien,38
5lsZ4muiTXd9hNPdBXHCaS,Electronic,House & EDM,,Video Dave,0
5lwjOWuZSgq4IC4KvheTMc,nu jazz,Jazz,https://i.scdn.co/image/ab6761610000e5eb7baf11522b81cb736afb5115,Gianluca Petrella,23
5m1jRZQE4BjLrFrV33jIql,ambient,Ambient & Experimental Electronic,https://i.scdn.co/image/a4ba311e500ee85a72c11d94f4be784c15b1bca5,K. Leimer,33
5m7wCUhYhBh7A3A3YMxrbt,musicals,Unlisted,https://i.scdn.co/image/ab6772690000c46c2e33b2585d62f51ab9df74e7,Queen Latifah,55
5m8H6zSadhu1j9Yi04VLqD,funk,Funk/Disco,https://i.scdn.co/image/9aef578389c4a9d27e15a627acb784c41094e79d,Sly & The Family Stone,59
5m8WMHoRxaR8tZUsP9sRmw,hard bop,Jazz,https://i.scdn.co/image/ab67616d0000b273750e1480ef980501dbc665f8,The Montgomery Brothers,30
5m8iUPCoViiUr1fXKjX7ej,acid house,House & EDM,https://i.scdn.co/image/ab6761610000e5eb64679c4243af175bdc5acbd8,Shut Up and Dance,22
5mBUa8YHzCyrSljPxv0T35,idm,Ambient & Experimental Electronic,https://i.scdn.co/image/ab67616d0000b273ba4ce017e720c8182fb1d6ab,Ruben A,0
5mGTnJvTkLDN76DgXka5f0,Rock,Rock,https://i.scdn.co/image/ab6761610000e5eba4ebb44a2c60660067a73c6b,WU LYF,7
5mIWUaQzYC5NOkTRbhK7na,big beat,House & EDM,https://i.scdn.co/image/ab67616d0000b273773ad0e0ce48ffa43bbf570c,David Holmes presents The Free Association,18
5mKLTrvI8gTtNjVewBL7Bj,uk funky,Bass Music,https://i.scdn.co/image/1091d5e6835663e6d332a5640d0490f0b80e1e99,Kowton,11
5mNY0NPszdalbrb4ITO3M8,krautrock,Alternative/Indie,https://i.scdn.co/image/dfce0bf92c520627f37f52f253c39f2c7a1f40fb,Cluster,35
5mRwX0K1H5QmzEEGtvpHrG,lo-fi house,House & EDM,https://i.scdn.co/image/ab67616d0000b273b50a4b794ae8e5e611fafebd,Steve Murphy,13
5mUcc8OOP4RuzrupeGYwW5,nu jazz,Jazz,https://i.scdn.co/image/ab6761610000e5eb9c110694cc6dcc6cb89d8bc2,Joe Armon-Jones,43
5mWJpnVKBIz6DkAWC6ORKe,drone,Ambient & Experimental Electronic,https://i.scdn.co/image/ab6761610000e5eb3c07fe2f08ccfa90c875f54e,Mordant Music,6
5mYw31MXiGnqTMliAcl7m8,jazz,Jazz,https://i.scdn.co/image/ab6761610000e5eb576b175f4a1c9b4d83a25658,Gerald Clayton,38
5mZC7ndY6oGMxJentRwsuV,experimental hip hop,Hip Hop/Rap,https://i.scdn.co/image/ab6761610000e5ebbea3573b4a8ee78897d8f0a9,Young Fathers,51
5maTHDye2JCsggBTXFnDB4,,Unlisted,,ferlin debrah,0
5mcarhiatlvfCghqcn73rC,proto-punk,Punk/Hardcore,https://i.scdn.co/image/ab67616d0000b273fcb35a573a3811f1a67e15a6,The Seeds,37
5me0Irg2ANcsgc93uaYrpb,old school hip hop,Hip Hop/Rap,https://i.scdn.co/image/1b4858fbd24046a81cace5ee18d19c868262b91f,The Notorious B.I.G.,79
5mgr0FFpvy267wKVAYg8qp,pop punk,Punk/Hardcore,https://i.scdn.co/image/ab6761610000e5ebb55c4b1d23c8f52d0584cf19,Lit,61
5moJNCJeiNwuQAhDLJXULs,acid jazz,Jazz,https://i.scdn.co/image/ab6761610000e5eb3eac0dc5ccdd100602c5e22c,Incognito,50
5moj04MGEjXS0834GF3wK5,Electronic,House & EDM,https://i.scdn.co/image/ab6761610000e5ebdacc5f69fea8bd300b592619,Freeform Five,28
5mtKpqeeaFavW15yIX4h5e,funk,Funk/Disco,https://i.scdn.co/image/ab6761610000e5ebda2b8188f6faced61305a0b9,Slave,42
5mzFDFweHwx7BZFmMtdll7,big band,Jazz,https://i.scdn.co/image/7286a85c6c681589e51883b3226aed3aac274bfc,Bunny Berigan,30
5n8p6vrexqR7wICnZEPR18,tribal house,House & EDM,https://i.scdn.co/image/ab67616d0000b27324f92f43c493b7fc0a872c29,Alenia,0
5nAtXl2yhbQubn2gT9lhIg,Electronic,House & EDM,https://i.scdn.co/image/003c13cd168587593cbaa39de2a15d19f8035077,DJ Bone,18
5nCi3BB41mBaMH9gfr6Su0,Electronic,House & EDM,https://i.scdn.co/image/37bc85c957e17d3463ae40da1c8ade6bb5ecd546,fun.,69
5nPOO9iTcrs9k6yFffPxjH,downtempo,Ambient & Experimental Electronic,https://i.scdn.co/image/ab6761610000e5eb6bc3053447db6b61f3fe444c,Röyksopp,63
5nUScDmyGIvoX7ol79YnBQ,folk,Folk/Acoustic,https://i.scdn.co/image/ab6761610000e5eb4dee2bdfea1315954ce6269b,Martin Simpson,31
5naKaYAyzzuPDsh4H2dwyT,dub techno,Techno & Trance,https://i.scdn.co/image/c4c4c7443921a184b94743c6841af16eb0d9c5b3,Rrose,28
5ncBRFyyylFng7kQJaRXN0,hard bop,Jazz,https://i.scdn.co/image/ab67616d0000b27399f4dd19ff152eb8a379afcc,Wynton Kelly,49
5nfow6tv4Dtm6K4WHzczBI,Pop,Pop,https://i.scdn.co/image/ab6761610000e5eb380eada5d80ba33def8f791b,Catey Shaw,33
5nlQijI9hZ50keRqmLVov1,americana,Country/Americana,https://i.scdn.co/image/ab6761610000e5eba63bc87f09b4a3e2d031d5f3,The Deslondes,47
5nw4wMgfImhoebM0e2MzSR,french jazz,Jazz,https://i.scdn.co/image/ab6761610000e5eb7f00e3684c8905bc7b98e92e,Carol Welsman,39
5nygEiUmKuomxM9wKY3UYJ,grime,Bass Music,https://i.scdn.co/image/ab6761610000e5ebb8539e20889caa2f0e51c2d8,LEVELZ,18
5o206eFLx38glA2bb4zqIU,indie folk,Folk/Acoustic,https://i.scdn.co/image/ab6761610000e5eb4a1dbd8cba6b67acd9bd44e2,Bright Eyes,58
5o4dgimn1R07w1d2ZzpzpP,lo-fi beats,Hip Hop/Rap,https://i.scdn.co/image/ab6761610000e5eb99c4aed9caba44a6ff917834,Limes,33
5o8E07TcYqIefZpDejymAd,big band,Jazz,https://i.scdn.co/image/ab67616d0000b2738ef6ee60afff7a544e92a3c8,The Pied Pipers,51
5o8Wylae9k23IEJMIiwd8s,Rock,Rock,https://i.scdn.co/image/ab6761610000e5ebc895bab272e6094a48046817,The Antlers,44
5o9XtlnvmcntQ38Z35ly8o,psytrance,Techno & Trance,https://i.scdn.co/image/ab67616d0000b273f1492a9936f689dcc371dcbb,Beat Hackers,11
5oDtp2FC8VqBjTx1aT4P5j,jungle,Bass Music,https://i.scdn.co/image/ab6761610000e5eb3acff250ba4f544c12bb0bbd,SHY FX,59
5oOhM2DFWab8XhSdQiITry,chillwave,Ambient & Experimental Electronic,https://i.scdn.co/image/ab6761610000e5eb86e6efcd925f506fbc7620cb,Tycho,59
5ojlBirmxQSafxTwonssFm,hard techno,Techno & Trance,,Moaner,0
5olDKSsFhhmwh8UCWwKtpq,jazz fusion,Jazz,https://i.scdn.co/image/ab6761610000e5eb348cf2cef2123837029f41e8,Chick Corea,53
5onPoueRGS17tA2CcceUiz,jangle pop,Pop,https://i.scdn.co/image/ab6761610000e5ebaac1ad37930857eabe75c63e,"The Reds, Pinks and Purples",29
5opaQp83cz08Eu8x3sjdIg,Pop,Pop,https://i.scdn.co/image/ab6761610000e5ebec5c7508ab857d010dc373ec,Mari,1
5p9HQrXQaCQNZUKKVf9UTh,jungle,Bass Music,https://i.scdn.co/image/ab6761610000e5eb720055496d86092500baa282,Alaska,21
5pBV7UWScXzS6WokzLyfH1,Rock,Rock,https://i.scdn.co/image/ab67616d0000b273e150dc4db305cf1149ec3988,The Chemists,1
5pD33SUgX5GQ8NvqZ6IdeE,dream pop,Alternative/Indie,https://i.scdn.co/image/ab6761610000e5eb87277aa7605254bb99007945,Darksoft,42
5pHUdo5THDtmE9yu3iC2hA,ambient,Ambient & Experimental Electronic,https://i.scdn.co/image/ab6761610000e5eb5d65912ecf74b18dcaf401fe,Kara-Lis Coverdale,36
5pYeD8r1vE9mMyA9qAs7qk,children's music,Novelty/Spoken Word,https://i.scdn.co/image/ab6761610000e5eb5356dd933c84b94372ca7076,Kath Bee,34
5pq14S4AFVXGSyYbIGJC6Q,psychedelic rock,Rock,https://i.scdn.co/image/ab67616d0000b273fdb51b1feb42fbe3e41a2353,The United States Of America,25
5pryfFgCrWJ41UHaENJPyi,rocksteady,Reggae/Caribbean,https://i.scdn.co/image/ab6761610000e5eb70a49f8eca67caad50f1d8be,Alton Ellis,48
5q1QQYfkViLOUO9NzjUZCP,dub techno,Techno & Trance,https://i.scdn.co/image/ab6761610000e5eb289ad556d88b9c2722d25b5c,Artefakt,22
5q4AzEtCoYJyXjMMoEkSU5,classic rock,Rock,https://i.scdn.co/image/ab6761610000e5eb8d254fbc1fd13a5f650b2101,Bachman-Turner Overdrive,61
5q4eLKmqFVP0xII8087PHz,afrobeat,World/Traditional,https://i.scdn.co/image/ab6761610000e5eb626f8bc9c4bc997297b306e2,The Budos Band,57
5q9nLsvWwbSUW1kRyhZLAx,acid rock,Rock,https://i.scdn.co/image/49b4bafae7781d766b13df44efd9a4206d0023f2,Spirit,39
5qBZETtyzfYnXOobDXbmcD,soundtrack,Soundtrack/Instrumental,https://i.scdn.co/image/ab6761610000e5ebf741706530dbd36d43078b98,Danny Elfman,66
5qElg3REYcoPscmGLy0NmU,Pop,Pop,https://i.scdn.co/image/ab6761610000e5ebe0908277f5c8692abea163a0,Madalen Duke,51
5qOfTfMzTj2dvvpWKzIFk6,jazz,Jazz,https://i.scdn.co/image/ab6761610000e5eb662fd163df35404868d5ee47,The Bad Plus,35
5qQpn0ZokyamZjyKtkKUYD,Rock,Rock,https://i.scdn.co/image/ab67616d0000b27314dd049936f9d42787c8128d,Tony Jay,44
5qcxrZvndwOptgzTElt5bV,Electronic,House & EDM,https://i.scdn.co/image/ab67616d0000b273022492be2fc53e88a0782972,Mim Suleiman,21
5qoP6RyrnQXfrj93gGZUqf,"Folk, World, & Country",Folk/Acoustic,https://i.scdn.co/image/ab6761610000e5ebcba20ce904f12c2a76e84f07,Chris Brain,31
5r1bdqzhgRoHC3YcCV6N5a,glam metal,Metal,https://i.scdn.co/image/ab6761610000e5eb23ad3dc93f4e2cad03f726be,The Darkness,60
5r70rjzYLPoLulghaq6j4e,jangle pop,Pop,https://i.scdn.co/image/ab6761610000e5eb32273b6d717f4d66879f51ae,The Just Joans,5
5r8m3GwWfD0PaqEIGwLUqm,,Unlisted,,Earsley Young,1
5rBBAjkUV1bF89nr9AGpEu,uk garage,Garage & Breaks,https://i.scdn.co/image/9137f6a731abd78b6913b5c1b97e76c7b97c5237,Ramsey & Fen,21
5rCZAG988apcbAcSyNhEKI,,Unlisted,,Mahna Mahna and The Two Snowths,35
5rIXueJu7zVE2gDZjUM6g8,industrial rock,Rock,https://i.scdn.co/image/ab6761610000e5eb4ad6e63a5e2eec64a56825b6,Pop Will Eat Itself,38
5rIhaCHkbFVvLJpKHWwOJD,Reggae,Reggae/Caribbean,https://i.scdn.co/image/ab6761610000e5eb152ed62e8d7fe6c589bc404b,Charles & Eddie,56
5rL68NkpsV9KyV23R4k3II,children's music,Novelty/Spoken Word,https://i.scdn.co/image/ab6761610000e5ebddbb767d7e0822d9bd803826,The Topp Twins,26
5rSXSAkZ67PYJSvpUpkOr7,Rock,Rock,https://i.scdn.co/image/ab6761610000e5eb7b3634864a78ab6bd1d77c36,Backstreet Boys,81
5rScKX1Sh1U67meeUyTGwk,Electronic,House & EDM,https://i.scdn.co/image/ab6761610000e5ebe91d691289f4c1337a665e4f,Michelle Branch,61
5rTfve7qtpGUq2PVVmyFVS,honky tonk,Country/Americana,https://i.scdn.co/image/cc9ab192b161462a017c798985ebce7331b6a6ce,Wayne Hancock,37
5rUN48yXbhogGk6y5PScEZ,zouk,Reggae/Caribbean,https://i.scdn.co/image/ab67616d0000b2730570767ef3878a5ad7bab2e7,Killian,1
5rWKAmlxinr3muqedXVIHa,northern soul,R&B/Soul,https://i.scdn.co/image/18c7f65bc21efcd6825e8e110887972b86f7b69d,Georgie Fame,32
5rZVjGkZZI4TnpMHQwrxfG,idm,Ambient & Experimental Electronic,https://i.scdn.co/image/ab6761610000e5eb8761466f59b3fc658543fced,Nathan Fake,36
5rilpZJIb2NWJZVGtCdg6u,traditional folk,Folk/Acoustic,https://i.scdn.co/image/ab6761610000e5eb1315299c29199bcdd14a0a98,Shirley Collins,33
5rlNKRdDVhvxEUCuVpml1o,bluegrass,Country/Americana,,Sarah Peasall,6
5s27vvC5dAwOxD3ifVORQw,anti-folk,Folk/Acoustic,https://i.scdn.co/image/ab6761610000e5eb7fed872ac70fe6955f3183a2,Withered Hand,18
5s4z3mRAE7nxE3jjft8J3h,blues,Blues,https://i.scdn.co/image/ab6761610000e5eb2b0fdbc112b4f956f2b6992c,John Mayall,43
5s52J0wTa9B4YFG39iqXny,techno,Techno & Trance,https://i.scdn.co/image/ab6761610000e5eb6c96a9edf5ae9e0523bab05b,Eddie Fowlkes,15
5s6TJEuHTr9GR894wc6VfP,americana,Country/Americana,https://i.scdn.co/image/41d9dddfce358cc92f8c1285ba1174c05e68af5b,Emmylou Harris,62
5sAg1HZePcFfhrs0G8A8OP,classic country,Country/Americana,https://i.scdn.co/image/3cb6ff32e1fba0126e3051010e6e9be64539f2f1,Ray Price,44
5sCZ2Gc3nZaE3Cav8WG7WG,rocksteady,Reggae/Caribbean,https://i.scdn.co/image/ab67616d0000b2730e60d57a785d7c4f8418c8a3,The Paragons,42
5sD1ZLf2dGQ9gQ3YJl1eAd,grunge,Rock,https://i.scdn.co/image/ab6761610000e5ebdcc3fe6af94c5c178a36d006,Blind Melon,63
5sD7Cf3SaTVcrg81GQi1Xk,exotica,Pop,https://i.scdn.co/image/ae6a50a9dd32105aa92685fe365813e62da397a0,Piero Umiliani,57
5sMku8iI6FH3ypZTErz4kv,neo-psychedelic,Rock,https://i.scdn.co/image/86b91494ed4e5ff3637128c8e4ff35a6ffdea2de,Julian Cope,35
5sWHDYs0csV6RS48xBl0tH,Electronic,House & EDM,https://i.scdn.co/image/ab6761610000e5eb279e4480311a68403f80d698,Two Feet,71
5sWKcbU2V5HkLQAIwll5qQ,lo-fi house,House & EDM,https://i.scdn.co/image/ab67616d0000b273a63df3953bd888d5a842906d,Black Patterns,0
5sdXP8axwZ2P3SZ0firqoL,Rock,Rock,https://i.scdn.co/image/ab6761610000e5eb10bb7aaea227eda0f65f2b08,F. J. McMahon,43
5sdxGvwxI1TkTA6Pu2jnTb,hardcore punk,Punk/Hardcore,https://i.scdn.co/image/ab6761610000e5eb331ddd2f2ed18684538c098f,Refused,56
5skM4jc4QoEpHiWWl6OoW7,americana,Country/Americana,https://i.scdn.co/image/ab6761610000e5ebe91d7a64fdb33fad4ff66a66,Israel Nash,43
5slSOLb4CcoPOgptg4tsxo,folk rock,Folk/Acoustic,https://i.scdn.co/image/ab6761610000e5eb1c495748ac5fcb6c81fe3968,Michael Chapman,30
5slh4AZGBwQKHeKZJCHEYH,exotica,Pop,https://i.scdn.co/image/ab67616d0000b2735494cf30071e95ec5f8f09ea,Keith Mansfield,39
5szilpXHcwOqnyKLqGco5j,"Folk, World, & Country",Folk/Acoustic,https://i.scdn.co/image/ab6761610000e5eb4935804c2a7f4d6a22525607,Faye Webster,75
5t81Dbcvlm5J7YP7cI2kae,modern blues,Blues,https://i.scdn.co/image/ab6761610000e5ebf4b48d6411c9902362baf575,Son Of Dave,36
5tA4s5ONCQUHrBVbR43JV9,Electronic,House & EDM,https://i.scdn.co/image/ab67616d0000b27359a3857d35b95e33c2f4eab5,Ignition Technician,10
5tG5dl5mS2wB5w72YBpsyg,neue deutsche welle,Pop,https://i.scdn.co/image/ab6761610000e5eb760440fea70b384c97925c71,Herbert Grönemeyer,63
5tTsrGPwQRWUsHR2Xf7Ke9,quiet storm,R&B/Soul,https://i.scdn.co/image/a3201f2fbdfa1bfd894e509bd3fbf3faf7da0a00,Natalie Cole,64
5tbEjgs7Twqh89pq5Ef161,space music,Unlisted,https://i.scdn.co/image/ab6761610000e5ebd1839e6d4841fd63383aab19,Hakobune,31
5tefnddMVyra0vGqyFVEjM,footwork,Bass Music,https://i.scdn.co/image/e45d235208aebffd2da65dd12e9ed40a1edc3542,DJ Nate,15
5u5O35ppRJaOpOrU1CeKEW,big band,Jazz,https://i.scdn.co/image/ab67616d0000b2733ac55e43d3840cc10857ea37,Guy Lombardo,36
5uNCGgWH5Id1cW8kh9Sc67,neo soul,R&B/Soul,https://i.scdn.co/image/ab6761610000e5ebb701ae72818e4aff1c68b6f7,Fatima,30
5uQyXHg4ph7gNlnZHxt9kX,Rock,Rock,https://i.scdn.co/image/ab6772690000c46ca01f7074833e5056ee05e097,Robert Lester Folsom,48
5uh8Bhewltd8j0TLZjNImc,downtempo,Ambient & Experimental Electronic,https://i.scdn.co/image/ab67616d0000b273699c6d0199bad947d149164c,Lemon Jelly,44
5ukRxzaJiJLe6khkJeIHOn,Stage & Screen,Soundtrack/Instrumental,https://i.scdn.co/image/ab6761610000e5eb3f0c8c329f1f970291497aad,Martin Phipps,48
5umhcdWLEQWb7l2mAwyV3z,Hip Hop,Hip Hop/Rap,https://i.scdn.co/image/ab67616d0000b273f2569141fd3c99bd35526b5d,Max D,6
5uxkcHbgyNbyzq1nyChvCa,Pop,Pop,https://i.scdn.co/image/ab6761610000e5ebb46e6930003cf283bfe0aec7,Sandie Shaw,42
5v4XGACPGcMZs2ANXBzVmC,lo-fi indie,Alternative/Indie,https://i.scdn.co/image/ab6761610000e5eb058e19983cc7fc8acadb7e90,Liz Lawrence,39
5v74mT11KGJqadf9sLw4dA,hard bop,Jazz,https://i.scdn.co/image/c9ac5f2db563d4c6635882e09ab6373b871a7c7a,Cannonball Adderley,60
5v8WPpMk60cqZbuZLdXjKY,blues,Blues,https://i.scdn.co/image/0e47d718bb067a06e5939ae578e106b0bb6bd2ba,Willie Dixon,40
5v8bwWRbu7AI3YFhzoM6Ha,big band,Jazz,https://i.scdn.co/image/ab67616d0000b273f9ca8626437023819bae1fd0,The Mills Brothers,48
5v8i5bIYoqGgrh9SLpclfd,Electronic,House & EDM,https://i.scdn.co/image/ab67616d0000b27313c834738db07ea93cee6fef,Chimo Bayo,35
5v8jlSmAQfrkTjAlpUfWtu,christmas,Jazz,https://i.scdn.co/image/67994599f4a13b71c23e0fdfc2ffbf9ab94bb513,Perry Como,60
5vACdMa2kY7jHnlJwqYRKP,jazz,Jazz,https://i.scdn.co/image/ab6761610000e5eb2ff5959377d31c223bfcaa2f,Enrico Pieranunzi,43
5vBKu1igxFo6g1sHADkIdg,anti-folk,Folk/Acoustic,https://i.scdn.co/image/ab6761610000e5eb2c37293159f2af8e0a8aebdb,Kate Nash,52
5vIOGcdmx1eIkq3ZtuS12U,britpop,Rock,https://i.scdn.co/image/ab6761610000e5ebf14b4d7a984c82aa2dd401be,Ocean Colour Scene,52
5vSQUyT33qxr1xAX2Tkf3A,cloud rap,Hip Hop/Rap,https://i.scdn.co/image/ab6761610000e5eb775c5cfa9dbf38861387eebc,Clams Casino,72
5vfSFPrDPPBGExVLldEDOB,math rock,Alternative/Indie,https://i.scdn.co/image/ab6761610000e5eb19218839a4f2fa4a67b8b763,Enemies,26
5vjPLkDLdB76i8EO1PFOT6,egg punk,Punk/Hardcore,https://i.scdn.co/image/ab6772690000c46cf5c12becc55119f4ba1fcbc0,Total Control,17
5vjTuHApbJQOo9L3Ro2KM8,Jazz,Jazz,https://i.scdn.co/image/ab6761610000e5eb8e4da824f3a48df7b6fa0f06,Pino Palladino,48
5vlwyqtCmDTLEnexaUmSPj,"Folk, World, & Country",Folk/Acoustic,https://i.scdn.co/image/ab67616d0000b273481f1bb1e28406aab0b0af42,The Family Trio,8
5vuxY740S6HZLvrrQCAzfG,Jazz,Jazz,https://i.scdn.co/image/ab6772690000c46cff56dde0b7d9422dfc92d1d0,Annette Peacock,23
5w75MoT8FfcGOMgjgrj1cz,folk rock,Folk/Acoustic,https://i.scdn.co/image/ab6761610000e5ebb3dbdec1592c785d341df182,Richard Thompson,44
5w8DFdOINv3dMxAI5xjWn8,Electronic,House & EDM,https://i.scdn.co/image/ab67616d0000b273b110298ba066ff0eabae6ad8,Garp,0
5wJK4kQAkVGjqM9x46KQOC,melodic techno,Techno & Trance,https://i.scdn.co/image/ab6761610000e5ebbfbacb40dced09ead13a3fa4,Solomun,63
5wTAi7QkpP6kp8a54lmTOq,classical,Classical/Orchestral,https://i.scdn.co/image/d5c6af18beb1411ab49c2976647e0d370bf66a88,Johannes Brahms,68
5wW4dvR027rdRFG0mtvckt,techno,Techno & Trance,https://i.scdn.co/image/ab6761610000e5eb13aacd97725fe758ae0d246c,Ben Sims,29
5wWOMGR3Im6cDmoTRHD998,neo-psychedelic,Rock,https://i.scdn.co/image/ab67616d0000b27391b9e1103eada93ce36016d3,The Dolly Rocker Movement,42
5wX7pP2BUCabnOMg6KVxYD,dub techno,Techno & Trance,https://i.scdn.co/image/ab6761610000e5ebb9f8b20126555c8dc78cd68f,Reeko,21
5wY9R35VmZOg7NxQvKJXdH,footwork,Bass Music,https://i.scdn.co/image/ab6761610000e5ebb1f816a6acfcd523f0b32c78,DJ Deeon,47
5wZOrGWdg4hq7KIRMupJdI,lo-fi house,House & EDM,https://i.scdn.co/image/ab6761610000e5eba8d5e6cbe0cf4759efa470b0,Lone,47
5wam12nGWDBIrLDV78TNSF,big band,Jazz,https://i.scdn.co/image/e674a0273b04c338abd877d02e658fe86e48ff7f,Artie Shaw,49
5wedfwksIuL9RVB3VpGxcl,neoclassical,Classical/Orchestral,https://i.scdn.co/image/ab6761610000e5eb22048cdc4704a024733ab7b8,Patrick Jonsson,32
5wh8Pzrj67NfBOA5t8GBE5,grime,Bass Music,https://i.scdn.co/image/ab6761610000e5eb0046914e546af6a565b6b4e3,Blittz,20
5whJkWAzwCYfeetVpUJKn7,footwork,Bass Music,https://i.scdn.co/image/ab6761610000e5ebe06d5a4fe812e219adc74cb1,DJ Manny,26
5wj6rtWtoMYXEppT7Hq07V,neo-psychedelic,Rock,https://i.scdn.co/image/ab6761610000e5eb1bf9bc8e091fdfd39d2c5396,Spiral Drive,40
5wnhqlZzXIq8aO9awQO2ND,trip hop,Ambient & Experimental Electronic,https://i.scdn.co/image/ab6761610000e5eb217198d000d16d08d9b76da4,Coldcut,40
5wuJ6NURpgVnZCt3gLCucs,Electronic,House & EDM,https://i.scdn.co/image/ab6761610000e5eb2e5fefa31d3730a60db58323,Alek Lee,24
5wugb0kaq0J6nyQ5Xgd17i,Rock,Rock,https://i.scdn.co/image/ab6761610000e5eb7e26f7010ee2568a6016dd03,Aly & AJ,58
5wxQkBn8VmHggkeH94BdYf,vaporwave,Ambient & Experimental Electronic,https://i.scdn.co/image/ab6761610000e5ebb9733bb7f9d06daf3f531e29,CYBEREALITYライフ,31
5xD3piymhCUyYezMeJX2h5,dubstep,Bass Music,https://i.scdn.co/image/ab67616d0000b2732b4e1103171b3356dd586ca1,Toasty,13
5xLSa7l4IV1gsQfhAMvl0U,blues,Blues,https://i.scdn.co/image/ffb3ff26238fe635a230bb0feb59dd0a5b209b6f,B.B. King,64
5xMtVcziLHpIwD9iNWPOM6,idm,Ambient & Experimental Electronic,https://i.scdn.co/image/ab67616d0000b273a3c715d639f1b2c97fc237f9,Casino Versus Japan,39
5xOij09NdE9HMecIAgmuaE,egg punk,Punk/Hardcore,https://i.scdn.co/image/ab6772690000c46cde165206b98eac60d79b1060,Nots,11
5xUf6j4upBrXZPg6AI4MRK,grunge,Rock,https://i.scdn.co/image/ab6761610000e5ebafa254b2a224584485286526,Soundgarden,72
5xUqD3EXrIaAq1IZeOC4lM,lo-fi house,House & EDM,https://i.scdn.co/image/ab6761610000e5eb16faf4408c35ab37b1c9183f,Grant,23
5xYs3nRDPg3VZukPlhjAlW,Funk / Soul,Funk/Disco,https://i.scdn.co/image/ab6761610000e5eb229d4288b9ea3b9e3e16da62,Back II Black,30
5xeBMeW0YzWIXSVzAxhM8O,neo-psychedelic,Rock,https://i.scdn.co/image/ab6761610000e5eb8afe984471a6470fac5cc1b6,of Montreal,53
5xk0kRuXn1zToTHpHAqpui,Rock,Rock,https://i.scdn.co/image/ab6761610000e5eb21f0cc7dc3f69be76f6f7c11,Joseph Williams,59
5xmw3tD4MbvhA1ay1U0HEC,hyperpop,Pop,https://i.scdn.co/image/ab6761610000e5eb5edcd223a895a10f6de12664,COUCOU CHLOE,41
5xwYhjMTWJ66BjCvfcc6ii,anti-folk,Folk/Acoustic,https://i.scdn.co/image/f6919bedb6273fabec55093a93f08d230f942a1e,Andy Stewart,29
5xyksQTTT0ewvcQPeohxWt,lo-fi house,House & EDM,https://i.scdn.co/image/ab6761610000e5eb7c28a1aff2dd12670a91e6d4,Mood J,20
5y6Szdq3J4JFN0EPFQ0ziI,folk,Folk/Acoustic,https://i.scdn.co/image/ab67616d0000b273733e93e71a69f5ac062a0c7d,Hamish Imlach,31
5y835stYdAVOoNOq5EBMxz,glitch,Ambient & Experimental Electronic,https://i.scdn.co/image/ab6761610000e5eb84a56156d2a66298a50ca663,Ryoji Ikeda,30
5yBslrSWPfKklWwZbzLHka,jazz funk,Jazz,https://i.scdn.co/image/ab6772690000c46ce8eef1c0485d758c240fcde4,Wendell Harrison,21
5yD3wA48IGUoCVboe0LdHx,experimental hip hop,Hip Hop/Rap,https://i.scdn.co/image/ab6761610000e5eba25dd6b443599aca36a90c7d,Standing On The Corner,36
5yGoMjmASLRvhNL7jZndxG,dub,Reggae/Caribbean,https://i.scdn.co/image/ab6761610000e5ebb3c35eed5277d23acb1fd932,Radikal Guru,32
5yOa4icP3xsWJlzyjF6wj3,liquid funk,Bass Music,https://i.scdn.co/image/ab6761610000e5ebdfd990aef3394936f79dc656,Tomasz Bura,2
5yP54uGWok9LAIYdH7tz5p,lo-fi house,House & EDM,https://i.scdn.co/image/ab6761610000e5eb0096f31edeec8f347b218da3,Subjoi,39
5yRolHpTcDas7KX7KiH6Wd,experimental hip hop,Hip Hop/Rap,https://i.scdn.co/image/ab6761610000e5eb02d68eb26852c8bf32ceec8c,Wu-Lu,31
5yUtOYdnxxWdcIoZM1dx68,downtempo,Ambient & Experimental Electronic,https://i.scdn.co/image/ab6761610000e5eb2932a93eb01f8b99e7a8564e,Bluetech,40
5yXAFDZNUNyO92l5WTImkO,alt country,Country/Americana,https://i.scdn.co/image/ab6761610000e5ebc23d0e19d887a9d67a77ea9b,Billy Bragg,54
5ydFZ5oZLBnFy6WLQ4QKA6,,Unlisted,https://i.scdn.co/image/ab6761610000e5eb4f8b03aafe4091da3c9e8e87,Superheart,27
5yih2m7QJPjkycUQIUfJ80,Rock,Rock,https://i.scdn.co/image/ab6761610000e5ebf84ab5b33bfd4ecab961f845,The March Ahead,31
5yzE49FicYiSxN61oaxkNn,folk,Folk/Acoustic,https://i.scdn.co/image/ab6761610000e5eb356fa735d337f20cdbef7814,Judy Collins,49
5z1VAFwT35EVvCp1XlZZuL,vocal jazz,Jazz,https://i.scdn.co/image/ab6761610000e5ebd1bfc97e11bb4c1f90f287a6,Diana Krall,65
5z5jrGRiONDfGvQydFriQh,Stage & Screen,Soundtrack/Instrumental,https://i.scdn.co/image/ab6761610000e5eb2fae320d3bfca6983119741a,British Lion,22
5z7r51VxyXSf7DcJVONfer,britpop,Rock,https://i.scdn.co/image/ab67616d0000b27390175840e389a473c8bd1204,JJ72,27
5z8Vn9xoYJ3OXi6VSfohzF,dub,Reggae/Caribbean,https://i.scdn.co/image/ab67616d0000b2734c32a61f5835a2111f0bd481,RSD,21
5zJ1ZAAqbVsllw4pCzlK3T,trance,Techno & Trance,https://i.scdn.co/image/ab67616d0000b273524e44481a06833a7b9edc15,De Leon,23
5zMgvYBz4AW0gFyPtg7fR9,Pop,Pop,https://i.scdn.co/image/ab6761610000e5eb95386a76dbb81362946766ac,A*Teens,49
5zNOI87gG4RttFmYAZWaxQ,doo-wop,R&B/Soul,https://i.scdn.co/image/422b8f2672d810109f4238ab507ba2908d644c71,Frankie Avalon,47
5zQhRSqJxTbROSMJtGCXYN,Rock,Rock,https://i.scdn.co/image/ab6761610000e5eb49eca03aeb431c1f2fb50812,Francis Lung,20
5zaXYwewAXedKNCff45U5l,Funk / Soul,Funk/Disco,https://i.scdn.co/image/8b2bbbe1dde191c637271fab24ff66fda4faf4fa,Dusty Springfield,67
5zaaSq5kBeam20iRoCahMj,,Unlisted,https://i.scdn.co/image/ab67616d0000b2738b854c715cb12734db2e496e,Grey Area 03,0
5zfEatKLDdRkgbw6sdLBAQ,grime,Bass Music,https://i.scdn.co/image/ab6761610000e5ebbc876d99c33473e8e055792e,Octavian,51
5zgSa1p65tKQvIEAKqwlPg,,Unlisted,https://i.scdn.co/image/ab67616d0000b2736f6b3250666915a7e7713be6,Sir Harry Lauder,14
5zhn89Em2jWUUWdpcLO3YL,Rock,Rock,https://i.scdn.co/image/ab6761610000e5eb3c1d3e35641a11455c8454b8,Sea Power,51
5zjaF8JUdylMWrA7AVo3hJ,ambient folk,Folk/Acoustic,https://i.scdn.co/image/ab6761610000e5eb769e2648bdad94288e3c7a75,Marissa Nadler,39
5zoRUFpHFVDyYfWqUB0p7H,Electronic,House & EDM,https://i.scdn.co/image/ab6761610000e5eb7a9ec266d0093185034d8aa0,Souldynamic,22
5ztBFCBEL7OtjdAt98RnD4,space rock,Rock,https://i.scdn.co/image/ab6761610000e5eb9cd1336e9c6eb382444c0aa2,Fat White Family,37
5zyNXVd952fWOjkdGHCvPd,classical,Classical/Orchestral,https://i.scdn.co/image/592ddf9d4d2154cd3256c6e69171d5371fca8f0c,Béla Bartók,47
602DnpaSXJB4b9DZrvxbDc,vocal jazz,Jazz,https://i.scdn.co/image/ab6761610000e5ebd4a26542545d9aad6c5b49be,Peggy Lee,60
60CFNa0ggWjV8OSDey8aGT,g-funk,Hip Hop/Rap,https://i.scdn.co/image/ab6761610000e5eb754990874a129a06e008a199,Tha Dogg Pound,55
60Ec3tL0Z85Jp3f2CTUUu3,psychedelic rock,Rock,https://i.scdn.co/image/ab67616d0000b273c318fc1535f3d207bb375a8b,Ngozi Family,31
60HxU5pfO88nduyocuUuYE,Rock,Rock,https://i.scdn.co/image/ab6761610000e5eb2edf6bb370d659e3142cb7d5,The Family Rain,24
60JUOTnRuDTetm7Hiwonev,christmas,Jazz,https://i.scdn.co/image/ab67616d0000b273af9192c3cb68f4cd37fcbb1e,Dickie Valentine,23
60SKMJ5AgD6DuxTNbVrrSQ,spoken word,Novelty/Spoken Word,https://i.scdn.co/image/ab67616d0000b27353fbd89e084cb9187f493a8b,Ivor Cutler,21
60df5JBRRPcnSpsIMxxwQm,soul,R&B/Soul,https://i.scdn.co/image/4ad89c805aff0fb76b01b6b62b39e21fcd8943c3,Otis Redding,71
60ht0hWRy1yjUDfNsLuHuP,alt country,Country/Americana,https://i.scdn.co/image/ab6761610000e5ebbf581205f66c4aeaac56b7ca,Lucinda Williams,53
60iO2Q2Y86BXH2slA0u73N,neo-psychedelic,Rock,https://i.scdn.co/image/ab6761610000e5eb4896b427bdca387b37fe3924,Magic Shoppe,41
60mNrhBAeihJH4XU9k7KRk,christmas,Jazz,https://i.scdn.co/image/ab67616d0000b273977ff5e66d1a36a7cb8071e0,Holiday Lounge Players,9
60yfafz0P3gqaUaOUIddae,Electronic,House & EDM,https://i.scdn.co/image/ab6761610000e5eb8df540d65ffabd15fe4edf1b,BRONSON,48
613dNRsij8cjgiIS6lqSIy,Classical,Classical/Orchestral,https://i.scdn.co/image/ab6761610000e5eb6d091c06f60276019930fb6d,Saint Saviour,40
619CzMJPPWrCeZwx5qw6ko,slap house,House & EDM,https://i.scdn.co/image/ab6761610000e5eb189ba595abd44ba18fbcc9d4,Besomorph,62
61AuimKILFw6yaMHOwwfTh,celtic,Folk/Acoustic,https://i.scdn.co/image/ab6761610000e5ebb00ce44ea6976a91f670c7b9,Claire Hastings,23
61GfY4WOLLfeAe2AtnUyul,noise rock,Alternative/Indie,https://i.scdn.co/image/ab6772690000c46c5b0e4656a00afd82fb953454,U.S. Maple,22
61JrslREXq98hurYL2hYoc,ghazal,World/Traditional,https://i.scdn.co/image/ab6761610000e5eba0199b159c0c5a9f62333d32,Lata Mangeshkar,80
61VbOFPL7RIKt0Q1KOykSU,children's music,Novelty/Spoken Word,https://i.scdn.co/image/ab6761610000e5eb5b0049a88446a6100bd65fc0,Martin and Rose Music,53
61VfHXWMs8Am1Sg5HeFbJw,acid house,House & EDM,https://i.scdn.co/image/ab6761610000e5ebb26e54b2f0ab8e4a5e9c9405,Decius,29
61WgG5fz5ilJrMne7tE1zu,ambient,Ambient & Experimental Electronic,https://i.scdn.co/image/ab6761610000e5eb6697a6c52b4ad5541306e83d,Caterina Barbieri,31
61YPxKmHE20pcKZNYi4sUS,chicago house,House & EDM,https://i.scdn.co/image/ab67616d0000b273605439f35eb91214ceca3a1d,MD X-Spress,39
61boQYG7JKM1E48RWon8Lc,Electronic,House & EDM,https://i.scdn.co/image/ab67616d0000b2736b67e1b828f5936620015626,Geoffrey Landers,31
61jFUXqoInk5vf2Hgh5cC6,,Unlisted,https://i.scdn.co/image/ab67616d0000b2735692a4581634c074f979fff0,Jubilee Years,0
61u2rGJj9r6d7utXK0J0oS,Electronic,House & EDM,https://i.scdn.co/image/ab6761610000e5eb8c24812bd4881e2b684461eb,SoDown,39
61uYVpJPgBq9dNrfUy6kTp,shoegaze,Alternative/Indie,https://i.scdn.co/image/ab6761610000e5ebd3c3cf626af40ff0cc450923,Medicine,32
620OB54yrIruI9dcHX41zT,grime,Bass Music,https://i.scdn.co/image/ab6761610000e5eba084c14d03db65798e13171f,Sir Spyro,39
627IctlWbJbrNfoWpZGHws,"Folk, World, & Country",Folk/Acoustic,https://i.scdn.co/image/ab67616d0000b2736b6f0f9465adab0d10798d5d,Gypsy Caravan,16
628K1eY2Nq24SbQE5q92VY,orchestral,Unlisted,https://i.scdn.co/image/ab6761610000e5ebff2eae7fe220a4c4c2cc0ac3,Victor Silvester,35
62LaH15bE6s0rsq4SbxftC,synthpop,Pop,https://i.scdn.co/image/35260d6471bfb1a5f0c1098a50f644707b8974eb,It's Immaterial,27
62OfrERsnZFWXyaruPhOh7,traditional folk,Folk/Acoustic,https://i.scdn.co/image/6412e2051d4f9bffae7e6ebf233facc9bd0c2c79,Clarence Ashley,23
62ZiGUTPhgySJXKhGUpqhn,Pop,Pop,https://i.scdn.co/image/ab67616d0000b2732f421da1fea9e59a59b400d7,Flanagan & Allen,37
62cvIQKyg3aHsHNgPxzGPT,stoner rock,Rock,https://i.scdn.co/image/ab6761610000e5ebccb97f452bcae5d43180666e,Desert Sessions,41
62k5LKMhymqlDNo2DWOvvv,electro house,House & EDM,https://i.scdn.co/image/ab6761610000e5eb1fc195ac5c1868725eced009,Boys Noize,62
62rM1SLSmG7US6wZ4xzus5,ebm,Ambient & Experimental Electronic,https://i.scdn.co/image/ab6761610000e5ebd28f2ca975db0aa67822b7fc,Maelstrom,28
62sC6lUEWRjbFqXpMmOk4G,post-hardcore,Punk/Hardcore,https://i.scdn.co/image/0234b34b265a6ec22de6b4ebb52abc4d6c9d7371,Fugazi,58
62vRPmO2KknlG5VCefR1D3,avant-garde,Ambient & Experimental Electronic,https://i.scdn.co/image/ab67616d0000b273e18aefbcd58357aa6ded6a02,Bruce Haack,23
632KfGEuTHYlCtveDEXUpP,techno,Techno & Trance,https://i.scdn.co/image/ab6761610000e5ebe05babff302cc9f69981489f,Anika Kunst,8
63Ak1sAwkeayps8R3N3JJu,,Unlisted,https://i.scdn.co/image/ab67616d0000b273949f1e297569a6dd1d601eee,Italian Traditional bagpipe musicians,0
63Bilw49Uv4s2wnovytDVU,"Folk, World, & Country",Folk/Acoustic,https://i.scdn.co/image/ab6761610000e5ebb65295f68ea56f319531cf1f,Boubacar Traoré,36
63FCw1MDrVXmHQ43xfzqU5,Rock,Rock,https://i.scdn.co/image/ab67616d0000b2738c02fc74c1eaf739f4a68836,Tol-Puddle Martyrs,22
63MQldklfxkjYDoUE4Tppz,Electronic,House & EDM,https://i.scdn.co/image/ab6761610000e5eb961ef259d6d8101edd2f80c0,M83,74
63T2P0nIRzAj4rCSwnSC8J,surf rock,Rock,https://i.scdn.co/image/ab67616d0000b273b731d61e7e5f230c706a06f0,The Lively Ones,41
63YnT4fynoWkgFZBwVdjvD,ebm,Ambient & Experimental Electronic,https://i.scdn.co/image/ab6761610000e5eb5299cca24eb46d8ef196e3a9,Black Merlin,10
63gizE0cqalXVpwZdZHY47,celtic,Folk/Acoustic,https://i.scdn.co/image/ab67616d0000b273f33c6affa47accb93fe277d6,Dougie MacLean,42
63j31XAxmf2q9zK4qCCD0u,Electronic,House & EDM,https://i.scdn.co/image/ab67616d0000b273f196d1b058ef0e18614c92ae,SW,22
63jE9UxXRmMtSE0C1Yqrnr,dub techno,Techno & Trance,https://i.scdn.co/image/e98513c9b7735941a3f40a5f45a7e2145c0dff8f,Giorgio Gigli,12
63yl9nDNrHpiAYGlNJxxjc,chicago house,House & EDM,https://i.scdn.co/image/4430135715f2686c6ae65659dfac40472182c717,Frankie Knuckles,49
644PvPeYIyoq0n0eBP5fxG,Electronic,House & EDM,https://i.scdn.co/image/ab6761610000e5eb6671d0b9120033dd3aeb847e,Steffi,31
649POSU9JFR5iyhCkqUGGw,drone,Ambient & Experimental Electronic,https://i.scdn.co/image/93ff9a77915d42c87dd33abf4153da0438e952b1,Stephan Mathieu,10
64CuUOOirKmdAYLQSfaOyr,disco,Funk/Disco,https://i.scdn.co/image/47abbf144c6523f1a14b1e3c4920f0fd55e4e0cd,The Emotions,66
64LDiTboDiTgyJOcDHi0LJ,Rock,Rock,https://i.scdn.co/image/ab67616d0000b27314d6c0aece8f6b0941fd1fbd,JW Ridley,3
64NhyHqRKYhV0IZylrElWu,darkwave,Ambient & Experimental Electronic,https://i.scdn.co/image/ab6761610000e5eb5ffba6d83bb6446a9662dc82,TR/ST,48
64Ub5tUgRolfKc6HgoSEzv,drone,Ambient & Experimental Electronic,https://i.scdn.co/image/ab6761610000e5eb99778e4165f42bf368cdd1c0,Roll the Dice,6
64cO7ZH9TrRnOh7MUCfLBJ,celtic,Folk/Acoustic,https://i.scdn.co/image/ab67616d0000b273c4ed4f6e18fb061a0b3bc5d3,The Wild Rover,16
64kN9EkSTHYhda2FupL0KI,techno,Techno & Trance,https://i.scdn.co/image/ab6761610000e5eb57e2509b54b2d8273fecdeac,Blawan,37
64mPnRMMeudAet0E62ypkx,funk rock,Rock,https://i.scdn.co/image/ab6761610000e5eb54ed648a0c70ed8910840f4a,Primus,62
64oD1nmr26PzBAecbxdBzt,swing music,Jazz,https://i.scdn.co/image/ab6761610000e5eb686c3e76f9b6aefc6aeb3511,Angelo DeBarre,33
64tNsm6TnZe2zpcMVMOoHL,grunge,Rock,https://i.scdn.co/image/ab6761610000e5eb6114a63659d0d5c0a801f733,Alice In Chains,78
64tVHZVSAZhDEiOJxnb6hE,slowcore,Alternative/Indie,https://i.scdn.co/image/ab6761610000e5eb7f8c4c5b35ae5205d6aabda7,Sparklehorse,49
64vAECmFoB6mi7n1zTRwR8,bluegrass,Country/Americana,https://i.scdn.co/image/17f098217a4b98584ac6cf5a5b725c2aafd0283b,Bill Monroe & His Blue Grass Boys,36
64xPsXiGpR2xfL1A7zk2SC,lo-fi house,House & EDM,https://i.scdn.co/image/ab67616d0000b27318b90545b60e2b06b7035385,Rawaat,0
656QlXWNjRtnzAr5YNBEQB,Electronic,House & EDM,https://i.scdn.co/image/ab6761610000e5ebb273cf5261327618668dc12a,Tom Furse,14
656cRBmIQevcYvL7rOxKXX,Electronic,House & EDM,https://i.scdn.co/image/ab67616d0000b2738c5cda1ffe68046b7ec97d55,Valeria Vix,18
65CKKZilbcSKkAPC9a5Mvh,afropop,World/Traditional,https://i.scdn.co/image/ab6761610000e5eb701aa97a73c93843574f63ee,Oumou Sangaré,50
65FVZ7Q3XOY9BXxJo9FUy9,rocksteady,Reggae/Caribbean,,Frank Anderson,7
65TVwNWUoKyfvlaxLLJQGh,post-punk,Rock,https://i.scdn.co/image/ab6761610000e5ebb2588e158228d000bb254398,cowboyy,17
65WhCsfprtD04AHPxN7FO6,,Unlisted,,Teams vs. Star Slinger,0
65XcfOOaVxbZnNlz40DK7i,vaporwave,Ambient & Experimental Electronic,https://i.scdn.co/image/ab6761610000e5ebb094c0e2fac2c25cb4838263,Windows 96,47
65dGLGjkw3UbddUg2GKQoZ,Electronic,House & EDM,https://i.scdn.co/image/ab6761610000e5eb4fbd8eb6ef7f24c18dcb8666,BADBADNOTGOOD,66
65mMkD9WW39U9Yadv0dWUF,jangle pop,Pop,https://i.scdn.co/image/ab6761610000e5ebe53304a3369f80f337e16e07,Rolling Blackouts Coastal Fever,42
65mwyp96M7Yx78x8XVz39M,jazz,Jazz,https://i.scdn.co/image/ab6761610000e5eb3d7a022d2de7565538cd9c13,Tingvall Trio,44
65uKPt40QH8dMBLuoJHPVY,hard bop,Jazz,https://i.scdn.co/image/ab67616d0000b273e3fc77d913301886a7cc7d17,Kenny Drew,36
65wjOknEYssvv6huVvxMKJ,chamber music,Classical/Orchestral,https://i.scdn.co/image/ab67616d0000b273ae53565b77e9a24868b882c4,Banff Camerata,1
65y3KN9OLgjpVvJikVBHqZ,Stage & Screen,Soundtrack/Instrumental,https://i.scdn.co/image/ab67616d0000b273fbdd11fc5c3be27892bdc496,Neal Hefti & his Orchestra and Chorus,37
66BH8Jnv0yD9okIXPWR5vZ,Rock,Rock,https://i.scdn.co/image/ab6761610000e5ebb4fcb5913fdef3f89bb3eb88,Apeman Spaceman,0
66CXWjxzNUsdJxJ2JdwvnR,pop,Pop,https://i.scdn.co/image/ab6761610000e5eb6725802588d7dc1aba076ca5,Ariana Grande,94
66GWpx9iLxrvvfhDsG9STP,madchester,Rock,https://i.scdn.co/image/ab6761610000e5eb8b31d01780356c0f38e6c445,Inspiral Carpets,44
66I0uUVKgpOPlEjTiy87nm,idm,Ambient & Experimental Electronic,https://i.scdn.co/image/90d9b328d7325b27f3953aa439ac69f0384b02a3,B12,24
66SqnH24eOjN0IEwWjmMyQ,traditional country,Country/Americana,https://i.scdn.co/image/fe0c2451ed78fe0462306e33ddd9ab26956cc2fe,Rex Allen,36
66UBlnqgUCqDlalQXK8Nby,shibuya-kei,Pop,https://i.scdn.co/image/ab6761610000e5ebce885a7fd4155dc43a19888e,Buffalo Daughter,27
66l6SXrWHLjXFHfv202kdA,classic soul,R&B/Soul,https://i.scdn.co/image/ab6761610000e5eba872fe49a7b6573b0d1ca454,Pastor T.L. Barrett and the Youth for Christ Choir,39
66mJfCLG3EHAdsOVR29DD9,children's music,Novelty/Spoken Word,https://i.scdn.co/image/ab67616d0000b273a0a18fecaba2100f5adbb919,Billy Gorilly,20
66nOkPJTFgK25NMmojG04V,britpop,Rock,https://i.scdn.co/image/ab6761610000e5eb1bac2c0c025d6141ac452c7b,The Bluetones,44
66riSKDVOc3vPkeyju0q0o,neo-psychedelic,Rock,https://i.scdn.co/image/ab6761610000e5eba5f3d2f4bd11d77529305e31,Moses Gunn Collective,44
66tdbpspqaHM1cPkBTC0WU,musicals,Unlisted,,25th Annual Putnam County Spelling Bee Original Cast,41
673J686eeEXMYJorgQ70lX,doo-wop,R&B/Soul,https://i.scdn.co/image/0be8f8d00d21a9e7d7ba5bf414ce69b163a73bd8,The Fleetwoods,45
675tsBPpaZtqyiBwEf3ZEP,bluegrass,Country/Americana,https://i.scdn.co/image/ab6761610000e5ebd4cf73dc366d37ad8c23b7d0,Watchhouse,64
678aHai0twQ5ZJcqO1KYWl,footwork,Bass Music,https://i.scdn.co/image/ab6772690000c46c31d451d8ae896eace9e429eb,RP Boo,19
67BqBdApdbZ0onglFqRoTg,classic country,Country/Americana,https://i.scdn.co/image/ab6761610000e5eb6224b9c8452fe62f5cbfef1f,Barbara Mandrell,46
67FB4n52MgexGQIG8s0yUH,Pop,Pop,https://i.scdn.co/image/ab6761610000e5eb4831bc7f3017aae35b175d23,Lola Young,82
67PZTxaHKMZBFRUh8wIzCy,jazz,Jazz,https://i.scdn.co/image/ab67616d0000b273a3d4884d3433efed2c4a0563,John Coltrane Quartet,57
67PmHOmt1tveILUtasiYAf,funk,Funk/Disco,https://i.scdn.co/image/ab67616d0000b273ba26eb049d2d04f971ec0104,B.T. Express,33
67Qz4pUaFSBwVrv9Ds8Dzj,,Unlisted,,Cathaysia,0
67R8l2OLqGwA9V4BKllYQY,grime,Bass Music,https://i.scdn.co/image/ab6761610000e5ebed0a2a70e3dce2cfb6666680,Skrapz,57
67Toy6IllSGsNPAetQFFz2,bhojpuri pop,Pop,https://i.scdn.co/image/ab67616d0000b273137b9c0b2558ab51056a1e4c,Naina,19
67ea9eGLXYMsO2eYQRui3w,classic rock,Rock,https://i.scdn.co/image/ab6772690000c46c456d5397bdf11547ef38ca93,The Who,71
67hb7towEyKvt5Z8Bx306c,Electronic,House & EDM,https://i.scdn.co/image/ab6761610000e5ebc806f3e714afa21861e20248,Empire Of The Sun,81
67qPxCDRTeRQgrN4Gou7OI,psytrance,Techno & Trance,https://i.scdn.co/image/ab6761610000e5ebc6469a6cc223a1cc6fe4bc6f,Ital,29
67tgMwUfnmqzYsNAtnP6YJ,big beat,House & EDM,https://i.scdn.co/image/ab6761610000e5eb922cfaf258406578ccb12bcc,Groove Armada,60
67tocPg0kong7iBiBWQiFH,jazz house,House & EDM,https://i.scdn.co/image/ab6761610000e5eb2fffbac03b38c2f3c9917b29,TEE MANGO,24
67xyhWIvYQK5qr6b0gElst,art pop,Pop,https://i.scdn.co/image/ab6761610000e5eb7c81f0538f0fa8a8704fb90d,Rae Morris,45
67zR9a98QqWJwpO7wBrGog,Rock,Rock,https://i.scdn.co/image/ab6761610000e5eb1756304376d658cefe7a52a0,Sonny & The Sunsets,36
67znT4w9oHh5dpk4WAHVCM,,Unlisted,,The Dice Man,0
680a4iDO5tGb0Mb3IIcrVz,Rock,Rock,https://i.scdn.co/image/ab6761610000e5eb6b7d55e38d34b347e17a69fa,Laura Groves,33
683gIqfxdjjg2sowYxBHIQ,lo-fi house,House & EDM,https://i.scdn.co/image/ab6761610000e5eb61b7e1ed30f316859632be6b,Delroy Edwards,33
683lE3PgdanngWCkm4za5n,bluegrass,Country/Americana,https://i.scdn.co/image/ab67616d0000b2734d488c68b02815257a37eb20,The Peasall Sisters,26
685XjGzGztyivfR3fAjoxo,post-punk,Rock,https://i.scdn.co/image/ab6761610000e5eb5b084e143396ce5c191d82eb,Squid,42
68HFSFMCZzyRjkkm9bv5Vt,nu jazz,Jazz,https://i.scdn.co/image/ab6761610000e5eb19f579708ba3713c9b3a6a00,Jaga Jazzist,27
68RJ1StfZRXnq8LuvVPu83,idm,Ambient & Experimental Electronic,,Jedi Knights,4
68WRQYQZC7SO79PC8eXvfd,blues,Blues,https://i.scdn.co/image/ab6761610000e5eb358dd4189984fa02948fcd8a,Ray Bonneville,38
68Wb5Pcy71lLaKdIB6cBA5,jungle,Bass Music,https://i.scdn.co/image/ab6761610000e5ebf1625ccac6f012050469ae37,Breakage,38
68X1KwibEPVtpH4nTKK08Z,industrial,Alternative/Indie,https://i.scdn.co/image/ab6761610000e5eb6f9f3aff0f90fcda2357eb16,Swarm Intelligence,10
68ZVpxiS12BeN3EgBgXW0l,nu jazz,Jazz,https://i.scdn.co/image/ab6761610000e5eb0fc174650e10e24998fa04e4,Vels Trio,33
68i1l0GWQ5dwzAy1UVNHNw,uk funky,Bass Music,https://i.scdn.co/image/ab6761610000e5eb9122ffb7f5927600efb4e5a7,Martyn,26
68kEuyFKyqrdQQLLsmiatm,Hip Hop,Hip Hop/Rap,https://i.scdn.co/image/ab6761610000e5eb53054f8bc7e0153daefe12cc,Vince Staples,69
68l2i6GeNtwQlhKS59u5bu,cool jazz,Jazz,https://i.scdn.co/image/87db29f66c8b57d93f06887967bbe325e40f7e49,Paul Desmond,55
68rvMwPL0yMbYR5cv0pzCR,egyptian pop,Pop,https://i.scdn.co/image/ab6761610000e5ebb9e4f4dc02996d2b6f1749cd,Elissa,63
692VvGTch5OLXj4zEE6H3y,stoner rock,Rock,https://i.scdn.co/image/ab6761610000e5eb0c9bcc16988c3680ecfcefa7,Radio Moscow,43
695W5F2Ih8dYahLdjVOIoH,yacht rock,Rock,https://i.scdn.co/image/ab6761610000e5eba2e75d072e19a6150744f924,Christopher Cross,70
699OTQXzgjhIYAHMy9RyPD,rage rap,Unlisted,https://i.scdn.co/image/ab6761610000e5ebba50ca67ffc3097f6ea1710a,Playboi Carti,90
69Fk1s1lzINOKqoSWjjEiE,classic country,Country/Americana,https://i.scdn.co/image/ab6772690000c46cb7b876ff43d6ba492559e145,Charley Pride,55
69GGBxA162lTqCwzJG5jLp,Electronic,House & EDM,https://i.scdn.co/image/ab6761610000e5eb4567279fac84a0375c3d819b,The Chainsmokers,84
69NjLU6rit8q9XEjL50BOj,big beat,House & EDM,https://i.scdn.co/image/ab6761610000e5eb8564d1a30baf79a8469a5623,Mint Royale,40
69SzexVRRKFGpliMowL7ZZ,lo-fi house,House & EDM,https://i.scdn.co/image/ab67616d0000b2731173ff8048d73fc11655865d,Garrett David,23
69X5J3BbZT8hbrf2LDRNV2,Rock,Rock,https://i.scdn.co/image/ab6761610000e5ebc830acd23f96eb157cad93ea,Jack Flanagan,0
69d3gmnnSi2WPQ9ISplpia,power pop,Rock,https://i.scdn.co/image/ab67616d0000b27344b9654fa1d27a24a7e5b801,Rich Kids,16
69gRezdzFaaIJpbqwF9e69,lullaby,Novelty/Spoken Word,https://i.scdn.co/image/ab6761610000e5ebb89fe2d362c4b7b1a675bc4b,Little Moons,58
69ilUSFj31FA2iLHtegRwi,Rock,Rock,https://i.scdn.co/image/ab6761610000e5ebcea715f399c6411ebee052d2,Buzzard Buzzard Buzzard,18
69lEbRQRe29JdyLrewNAvD,spoken word,Novelty/Spoken Word,https://i.scdn.co/image/ab6761610000e5eb2e1a92dabcfd6c66abf5841b,Ghostpoet,39
69qhRLDvsWJOhWGXXQ0lQQ,latin alternative,Latin,https://i.scdn.co/image/ab6761610000e5eb1e34a267ce2fe4f089db71ec,Helado Negro,48
69wzuykaVXlRS5KVygESvd,classic country,Country/Americana,https://i.scdn.co/image/ab6761610000e5ebd928d4e967038b472edbb230,Bobby Bare,54
69zPIMRgsZieOHFtHtvnj0,Electronic,House & EDM,https://i.scdn.co/image/ab6761610000e5eb461f32e15245be70f05295f3,Yu Su,35
69zRcOlNdSZ17VfIZe4VU3,Rock,Rock,https://i.scdn.co/image/ab6761610000e5ebeb363b6e5ed6095ba2870285,The Korgis,43
6A3TktZj6p8D0bmbcfZEKE,latin house,House & EDM,https://i.scdn.co/image/ab6761610000e5eb79fc657e163886d35d4335c3,Kurd Maverick,45
6A43Djmhbe9100UwnI7epV,alternative rock,Alternative/Indie,https://i.scdn.co/image/ab6761610000e5ebb8bf71301acec36f0256c0f8,CAKE,66
6A5Ns1SpGWTt8SzXPwiqVE,garage rock,Rock,https://i.scdn.co/image/ab6761610000e5eb2c83cf30c063810760cb2ab2,Shannon & The Clams,45
6ABqgb5JlYqaJTFAAXT5Zh,anime,Soundtrack/Instrumental,https://i.scdn.co/image/ab6761610000e5eb39f755527e64a5d35260cfa4,Shun,27
6ADpAfFsO5dJadJoBKv3nz,french jazz,Jazz,https://i.scdn.co/image/ab6761610000e5ebd74793f2d5dbc56899c5b46b,Thomas Dutronc,49
6AQxkjJQfz7CNjwZ5CTqJX,neo-psychedelic,Rock,https://i.scdn.co/image/ab6761610000e5eb9a9e0a262e60bca57ef67113,The Mystery Lights,52
6AZTwDWPJKuiz4NMs5vP3w,techno,Techno & Trance,https://i.scdn.co/image/ab67616d0000b273f3411af7c2d98f49b1a041b6,Möd3rn,7
6AfbDYupHV5e6nse9W6tKG,french jazz,Jazz,https://i.scdn.co/image/58152aee0039fcbad8323d2a8487c3294cdc2302,Stéphane Grappelli,46
6Ahm6X9wSKXitavOvu0XzY,doo-wop,R&B/Soul,https://i.scdn.co/image/7360d1440730b76f736d01fa54aec396f2fe384c,Danny & The Juniors,47
6AnrSlk5Gp1YMXgaI3mWCL,celtic,Folk/Acoustic,https://i.scdn.co/image/5a67760bde749a7bae4bf0d4624c11f948a2ccb1,The Chieftains,48
6Ar6EBW84OqQ22TWLzajCA,techno,Techno & Trance,https://i.scdn.co/image/ab6761610000e5eb1efa017c86261b342d47a468,Veztax,1
6AtkRnMQyGsdt9aldrc0dx,idm,Ambient & Experimental Electronic,https://i.scdn.co/image/ab6761610000e5eb4c945b047b5a7b1a15be727b,Boom Bip,31
6Auo6gEPwhb9aZindgVpZJ,idm,Ambient & Experimental Electronic,https://i.scdn.co/image/ab6761610000e5ebbb3b2933896b8d1c694dfd7d,Ital Tek,31
6B8E1sYx8rs5kW71QXx4Zl,acid techno,Techno & Trance,https://i.scdn.co/image/ab67616d0000b27301b78ca6dd66fe6ec0106f50,Pacou,6
6BDLwOIauGwERNYxaOciyq,lo-fi house,House & EDM,https://i.scdn.co/image/ab6761610000e5eb85e42910517d1ca16da3a27c,Mark Hawkins,26
6BYUhS2DcPwZ4SunUb1uCE,dub techno,Techno & Trance,https://i.scdn.co/image/ab67616d0000b273d31a22659835f75c5b8ffda0,Royal Crown of Sweden,2
6Bfy6QzadCXS92y0T8dDZF,motown,R&B/Soul,https://i.scdn.co/image/a2d13492200ed858f8e54b48fa584adde3aca222,Eddie Floyd,45
6BkLTxrNsXkutKNjGNOG0A,Jazz,Jazz,,Eric Blowtorch,0
6BoM37XyiBS6cPNFe43EXo,drone,Ambient & Experimental Electronic,https://i.scdn.co/image/70aab81b376e43972de283cf9498ccda52524b1f,Richard Skelton,17
6Bpr6Jvb2Ic7WlzPD9EPJT,dub techno,Techno & Trance,https://i.scdn.co/image/ab6761610000e5eb4fbdde77edd8422153e24df9,Jan Jelinek,34
6BuDxEE5rfuYeyhxQsl53K,dub techno,Techno & Trance,https://i.scdn.co/image/ab6772690000c46caa78b9e7cd09e56458c62c54,Andy Stott,39
6C403AR4y6PjN0xNNGh42m,experimental hip hop,Hip Hop/Rap,https://i.scdn.co/image/ab6761610000e5eb3533ae416f92932247cc67dd,Shabazz Palaces,35
6C99297YMFawKjnTHvcmMa,lo-fi house,House & EDM,https://i.scdn.co/image/ab67616d0000b273e8b8b63e84376f197b26e50f,DJ Octopus,2
6CEcslhZk3A6cnin9neg5j,vocal jazz,Jazz,https://i.scdn.co/image/ab6761610000e5eb1f77081c99ec1a14bd940f5e,Andrea Motis,42
6CHwWy11LFSXNXnuxS6RnJ,medieval,Classical/Orchestral,https://i.scdn.co/image/ab67616d0000b273a9e318dea9cb6ad3b608eebc,Sunforest,29
6CLayzfExGy0fSn5IT0aX4,uk r&b,Unlisted,https://i.scdn.co/image/ab6761610000e5eb1f618c021f274f1e2facac22,A2,40
6CQDYD1vlill49BcSmZ2nj,celtic,Folk/Acoustic,https://i.scdn.co/image/ab67616d0000b273d94c7cce2cc9b8f9fb6a16e0,The Band Of The Scots Guards,24
6CQrZZn0g2ZNfIcXbi4pdo,Rock,Rock,https://i.scdn.co/image/ab6761610000e5ebe9d0d5c81f48fc9596eefc03,Mason Jennings,41
6CWTBjOJK75cTE8Xv8u1kj,Electronic,House & EDM,https://i.scdn.co/image/ab6761610000e5ebe062176ee3682ca24d6fddd7,Feist,61
6D5qrT7NQXcdvFTtCJNszl,idm,Ambient & Experimental Electronic,https://i.scdn.co/image/ab6761610000e5eb6821d1f8f5841c48dff80d18,Kelpe,26
6DCIj8jNaNpBz8e5oKFPtp,power pop,Rock,https://i.scdn.co/image/ccef506dcc1eafa2f44270918b3ba962e67ea3ad,The Cars,68
6DFbqiI3rjhM8QpjEUQHAQ,krautrock,Alternative/Indie,https://i.scdn.co/image/ab6761610000e5ebc811072c80372b2ce71dc0b6,Minami Deutsch,34
6DKmuXxXASTF6xaJwcTfjv,neo-psychedelic,Rock,https://i.scdn.co/image/ab6761610000e5eb6e3962de81015dd7e5a22931,Spiritualized,46
6DMcC6gi3iTec1gdkGFltW,ragtime,Jazz,,Willie & His Negro Band Lewis,10
6DO2Eyazl6ToBSvp7OGLuF,nu jazz,Jazz,https://i.scdn.co/image/ab6761610000e5ebcb3f8e1724473fe882d02b98,Ruby Rushton,35
6DPYiyq5kWVQS4RGwxzPC7,old school hip hop,Hip Hop/Rap,https://i.scdn.co/image/83d2489cade1dadcdc533ddbcd74993d0ca6d4cb,Dr. Dre,82
6DQLkRykAsF6paJnlIMX4H,acid house,House & EDM,https://i.scdn.co/image/ab6761610000e5eb31e5aa14fb54aa8af1f673c9,Josh Wink,38
6DQpP63wiresngIOXveKDc,children's music,Novelty/Spoken Word,https://i.scdn.co/image/ab67616d0000b2732e522c4dca2d88d928ebd8e6,Mandy Miller,14
6DVVsQAnpHdJjb1nYuOQ6g,post-rock,Alternative/Indie,https://i.scdn.co/image/ab6772690000c46cabeceb21c1d174433777c678,65daysofstatic,44
6DbJi8AcN5ANdtvJcwBSw8,Rock,Rock,https://i.scdn.co/image/ab6772690000c46c02ca7e9a545ce12c90e36ba2,Ringo Starr,51
6DbqS0X8cSFOPGsvyze2yh,big band,Jazz,https://i.scdn.co/image/ab67616d0000b27330c9fa6efba5a91832325953,Thad Jones,41
6DiTNNDXXhH95EafbvKisN,drone,Ambient & Experimental Electronic,https://i.scdn.co/image/ab67616d0000b273e6bc5f92468445e6114f2d16,Ellen Fullman,7
6Dn4zuoJoLzVic5rgUseWq,Electronic,House & EDM,https://i.scdn.co/image/ab6761610000e5eb7e72b1d40bea8c8362f2140e,Ela Orleans,16
6DoH7ywD5BcQvjloe9OcIj,Pop,Pop,https://i.scdn.co/image/ab6761610000e5eb44ede429cd4a7a2bda7e6156,Ray LaMontagne,66
6DqFCzjARUV3xH9meu3Bya,mpb,Latin,https://i.scdn.co/image/ab6772690000c46c0110068a671acd37c0ff21f5,Wilson Simonal,49
6DwtKOBE3ubTsXyRX7wiUz,Rock,Rock,https://i.scdn.co/image/ab6761610000e5eb2f74248ba07cf80000029fe9,Tom Robinson,27
6E7zveRuFJyHttVlzX3jYL,jazz fusion,Jazz,https://i.scdn.co/image/ab67616d0000b273ea929413d3b084b77dabedc4,Nucleus,0
6EBtwTGHBGlCKqIvjUwLkW,garage rock,Rock,https://i.scdn.co/image/ab67616d0000b2733d7dbe3c5ce91fb46b83c2e0,Eddy Current Suppression Ring,36
6EKAnJX0ELDyHUq5JBMVRr,jazz funk,Jazz,https://i.scdn.co/image/ab6761610000e5ebd7bcb3ec55731c94dbec7543,The Natural Yogurt Band,28
6EKclX7cOhc2nksXYoZfUh,big band,Jazz,,Canal Street Jazz Band,10
6ESfWTNHjivRTTAQbYwGjQ,techno,Techno & Trance,https://i.scdn.co/image/ab67616d0000b273b4c1b8b81194f0e57081ff12,Kenji Hina,17
6EZTI4G3MyO1cSSkrBJpgI,vaporwave,Ambient & Experimental Electronic,https://i.scdn.co/image/ab67616d0000b2734a4f9a66e4a96c31a94c79ae,Eyeliner,29
6EZzVXM2uDRPmnHWq9yPDE,blues,Blues,https://i.scdn.co/image/487fe33da030378d38c31d97a4a0e24d03a83069,Lightnin' Hopkins,46
6EcnnY75m5Qd2q8FDZC719,lovers rock,Reggae/Caribbean,https://i.scdn.co/image/ab67616d0000b273931cb5d86bbb351da0c04377,Alan Weekes,0
6EisZ0NyMR2OZA45Xtam0O,grime,Bass Music,https://i.scdn.co/image/ab6761610000e5ebecce6b5737d486cc28c1edbc,Myers,25
6Ej6u8fvyHFFKn5GaQ5cPn,Rock,Rock,https://i.scdn.co/image/ab6761610000e5eb04a99bdef68936e1925dfc0c,Ted Lucas,36
6EuVxyAGrWCKJtj5pRSHaw,Rock,Rock,https://i.scdn.co/image/ab6761610000e5eb485265d90414cd598b17f741,The Texas Gentlemen,41
6ExOR6M5umZFfNgXfjPcex,space rock,Rock,https://i.scdn.co/image/0206efd983069fb6a7730a3411f58de2d5b37492,Josefin Öhrn + The Liberation,18
6F6lawSnwGWWgdXFN7LXO7,jam band,Rock,https://i.scdn.co/image/ab6761610000e5eb49c83dc5436d05551b8e32f9,The Dirty Dozen Brass Band,30
6FJhtg2UjgNZk9e8tf6Zew,folk,Folk/Acoustic,https://i.scdn.co/image/ab6761610000e5ebe6c1a50243c2541a89f94938,The Almanac Singers,29
6FJvvyzAvJJzxXBfTzz7Xl,glitch,Ambient & Experimental Electronic,https://i.scdn.co/image/ab67616d0000b273571cfac49587b68a11cac09e,Ø,34
6FP6ynzSPeBFX46vkI1OsW,art pop,Pop,https://i.scdn.co/image/ab6761610000e5ebf56c229a9460ffba1a246764,Katie Gately,10
6FQqZYVfTNQ1pCqfkwVFEa,indie,Alternative/Indie,https://i.scdn.co/image/ab6761610000e5eb5f0109249ffd70b2d85a9467,Foals,65
6FTONkEJQsCSpoDHqaAP1V,noise rock,Alternative/Indie,https://i.scdn.co/image/ab6761610000e5ebcc5a0354fe8293ec4e0e0f5d,Pissed Jeans,31
6FVxEgfQsGrJ0BogIOYCd6,Electronic,House & EDM,https://i.scdn.co/image/ab6772690000c46c5c213bd0d456f0aa11da94dc,Carla dal Forno,28
6FXMGgJwohJLUSr5nVlf9X,trip hop,Ambient & Experimental Electronic,https://i.scdn.co/image/c8bbeedb05f38ae5cb982a7daf4bf7129cca892c,Massive Attack,72
6FfC7T2cxMj6H7Q5mmqAYe,blues,Blues,https://i.scdn.co/image/ab6772690000c46c28b7f5e027e8e22f29324509,C.W. Stoneking,48
6FfTOJJ5iO4tRG80MG5Ovj,idm,Ambient & Experimental Electronic,https://i.scdn.co/image/ab6761610000e5ebb79b88f9ff71ac1838be6f57,Isolée,29
6FfjnGXMhxSsJTuGLWBDth,noise rock,Alternative/Indie,https://i.scdn.co/image/ab6761610000e5eb5b2bf033db0073228084edb4,HEALTH,61
6Fg9F10CbylhQPMLd4EqLy,dub techno,Techno & Trance,https://i.scdn.co/image/ab6761610000e5eb9e4c147cdbe16e9480b08585,Barker & Baumecker,25
6FhgYlYyt9GFpcnS13nA4C,edm trap,Unlisted,https://i.scdn.co/image/ab6761610000e5eb7cb3dd580df3e30db757e748,Sdms,37
6FlxhoUGATC40TALMesaFM,italian singer-songwriter,Unlisted,https://i.scdn.co/image/ab6761610000e5eb1618cd11a9515e175a83ea4e,Vinicio Capossela,49
6Fm7OR07TB4vJ3xdbChvY7,big band,Jazz,https://i.scdn.co/image/ab6761610000e5eb39bf7ce13cbcf44c36e68dc1,The Matthew Herbert Big Band,18
6Fr9aJBxyMOkTFF0b9JZrQ,techno,Techno & Trance,https://i.scdn.co/image/ab6761610000e5ebccfefff59d5ce6b22e3bd4e2,Dave Clarke,32
6Fsj5gGio0BcLbbgrKh5IY,aor,Rock,https://i.scdn.co/image/ab6761610000e5eb1760b5afd43a80d6a888b717,Super db,20
6FtSCON62H1CEJtN39y9yI,techno,Techno & Trance,https://i.scdn.co/image/ab6761610000e5eb8985e82c4e6f1d8fde8924c0,Bjarki,31
6FyQbvzBZlMmCliciKIufF,musicals,Unlisted,,Christopher J. Hanke,14
6G39Gakqv1r26pZzijSWti,christian country,Unlisted,https://i.scdn.co/image/2b1c6d4461977f2bca2f51fce53cf1aab6708b1c,George Hamilton IV,35
6G4hVmXKJ9NW5JecncK89f,jazz,Jazz,https://i.scdn.co/image/a5f0f960df39f4f7a66fb8343e08e3f570e3e276,Phil Woods,36
6G7OerKc3eBO9sVkRNopFC,slowcore,Alternative/Indie,https://i.scdn.co/image/ab6761610000e5ebda19135d5733a4ceaca360f7,Cat Power,56
6G9Fk5r3RJUQSpsZWh6g6B,experimental,Ambient & Experimental Electronic,https://i.scdn.co/image/ab67616d0000b273ec988d269636cc3c18b77f04,Flora Yin-Wong,14
6GFAZnwXhNER0WS76WMpS4,rocksteady,Reggae/Caribbean,https://i.scdn.co/image/ab6761610000e5eb9910fd0d90acf9200be50a43,Bob Andy,42
6GV2xsgXl785KIfT2Vov6I,children's music,Novelty/Spoken Word,https://i.scdn.co/image/ab6761610000e5ebca7b43a04db5d054b34b2430,Imitator Tots,27
6GZrLg2hz1Kigsr3MteoOL,celtic,Folk/Acoustic,https://i.scdn.co/image/ab6761610000e5ebc6341da225234bff59be0481,Blazin' Fiddles,32
6GbCJZrI318Ybm8mY36Of5,funk rock,Rock,https://i.scdn.co/image/765ad08f23f828d1a850c47ac417d7be260af932,Faith No More,64
6GmanMVkSuu0Dsn86ZW9lK,Rock,Rock,https://i.scdn.co/image/55e6563a1e70f53f915f31727b9a18fd13817d74,Skye Sweetnam,30
6H1RjVyNruCmrBEWRbD0VZ,glam metal,Metal,https://i.scdn.co/image/ab6761610000e5eb695e45d9945ce1f8e5fa5c54,Def Leppard,73
6H8Sj9gFyDYJ3T63LA3DKz,bluegrass,Country/Americana,https://i.scdn.co/image/ab6761610000e5eb41dcfe784f5c25a03e03d148,Carolina Chocolate Drops,37
6HB1MchEEMg40EisSJuenZ,vocal jazz,Jazz,https://i.scdn.co/image/2aaf4ed1878d05045a8d654e5c698142274bb7a5,Betty Carter,46
6HC9gScXpsScEq3Cgq5UvZ,jazz funk,Jazz,https://i.scdn.co/image/ab67616d0000b273e086bf25c486481e9159230a,James Mason,23
6HEwyfK58Mq8FhKuJKooHE,dub techno,Techno & Trance,https://i.scdn.co/image/ab6761610000e5eb487e948685ed0a83ed35baf1,59 Perlen,10
6HQYnRM4OzToCYPpVBInuU,jazz,Jazz,https://i.scdn.co/image/ab6761610000e5ebefa4712d1cdf27fd2869a396,Kamasi Washington,55
6HVKYA2Sps9WekIhqnfKe4,,Unlisted,https://i.scdn.co/image/ab6761610000e5eb4143c727eb261d170698aba0,Marshall Chipped,0
6HWC3HweNpFwBU00BNVCCq,miami bass,Hip Hop/Rap,https://i.scdn.co/image/ab67616d0000b27388e50ceec20521397129c929,Luke,32
6HbDV8AxwOd2lu94TfqAKn,"Folk, World, & Country",Folk/Acoustic,https://i.scdn.co/image/ab6761610000e5eb90d529b2b2e394400d675e6e,Daisy Rickman,32
6Hf2g14O2TP25JUNZuvIgn,mariachi,Latin,https://i.scdn.co/image/ab6761610000e5ebd2aec51e633a3537708b1393,Alicia Villarreal,64
6HxyfGirXSxH1uD6GiFiDn,cold wave,Unlisted,https://i.scdn.co/image/ab67616d0000b273cb7dad2c4153b33b44ab9f13,Elisa Waut,18
6I3M904Y9IwgDjrQ9pANiB,smooth jazz,Jazz,https://i.scdn.co/image/ab6761610000e5ebfce79bf01d99f9434108b56e,Kenny G,67
6I5hYsqBUo1FzYLX8Ryjvm,idm,Ambient & Experimental Electronic,https://i.scdn.co/image/ab6761610000e5eb3f26ded6137e47e83a340905,Mikron,8
6I8C4iLc0yInhVMtRjGc1U,entehno,World/Traditional,https://i.scdn.co/image/ab67616d0000b27374e92d21530e0dda72ea5174,Anastasia Avra,15
6I8R5MFTlez7rHCsH4cx0u,noise rock,Alternative/Indie,https://i.scdn.co/image/ab6761610000e5ebdb0b00a6a975ed359cabdfe7,Shellac,35
6I96egIonnFBY26MprKYKb,stoner rock,Rock,https://i.scdn.co/image/ab6761610000e5eb9071c59b108ec01c8d12841f,Masters Of Reality,39
6IE6z7DcZIT4Ml3Fh5Ivch,tejano,Latin,https://i.scdn.co/image/ab6761610000e5eba124102446e58b6eb0027a3d,Selena,73
6IELx6XGZcbJE8uNDPO3PP,Electronic,House & EDM,https://i.scdn.co/image/ab6761610000e5ebf468c12dd205d92d668d9c48,Arkana,36
6IFtN53KWskqBgrW1Adf7X,cold wave,Unlisted,https://i.scdn.co/image/ab6761610000e5eb226f48f36aac50a72f526ff7,Blind Delon,27
6IHKDVi8fYED9v4MCnqe8T,lo-fi house,House & EDM,https://i.scdn.co/image/ab6761610000e5eb0fb02ae738e17f757eeab27c,DJ Different,15
6IHWyt3xvS4MdmXg8hSd6T,swing music,Jazz,,Billy Merrin,0
6IOqRJfqL3IKF8VkJzA3a3,Electronic,House & EDM,https://i.scdn.co/image/ab6761610000e5ebcc95a50dda6a8439c3a13caf,Fashion Club,18
6IYhQUa20ru5eYoFYeQurx,Rock,Rock,https://i.scdn.co/image/ab67616d0000b27334f29338bd25a1b4b5f13c34,Headless Chickens,27
6Id8rcDNyBXPcgKQVfQ8rX,Funk / Soul,Funk/Disco,,Samuel E. Wright,58
6IiZemRMna678qNhiRkYI5,"Folk, World, & Country",Folk/Acoustic,https://i.scdn.co/image/ab6761610000e5eba726f685330009f17e10613d,Bedouine,48
6IjhOxJSTPh15KgFTSZ68K,east coast hip hop,Hip Hop/Rap,https://i.scdn.co/image/b3ab7d05f1f1e375cb27cacd01f94628f234761a,Grand Puba,51
6Ip8FS7vWT1uKkJSweANQK,grime,Bass Music,https://i.scdn.co/image/ab6761610000e5ebd03e9ecf77419871b96daee1,Dave,78
6IpGCPfdHtfNZwSGihxXSj,alt country,Country/Americana,https://i.scdn.co/image/ab6761610000e5eb7c6c20a33dd536a495d393c3,Matt Sweeney,40
6Ix7Hx8Af0jg9X4OfD9sYR,progressive rock,Rock,https://i.scdn.co/image/ab6761610000e5eb87fd5883de214087ef6a7713,Atomic Rooster,33
6J30Iyy8uZbhTzepsSs5yJ,experimental,Ambient & Experimental Electronic,https://i.scdn.co/image/ab6761610000e5ebc26ef2d5e6af38d0ec9fb654,Eomac,22
6J3zaNqIk0fXXFhpbLDg0H,idm,Ambient & Experimental Electronic,https://i.scdn.co/image/ab67616d0000b27329201507e03fe6b2bef3b3a1,Mike & Rich,22
6J7biCazzYhU3gM9j1wfid,acid jazz,Jazz,https://i.scdn.co/image/ab6761610000e5eb7e6dca959714339b69e9718d,Jamiroquai,73
6J7rw7NELJUCThPbAfyLIE,southern gothic,country/Americana,https://i.scdn.co/image/ab6761610000e5eb0bae8ba82eaf7e63af515c9f,The Civil Wars,56
6J7tunc4bHIFmzTevQ2J6Q,lullaby,Novelty/Spoken Word,https://i.scdn.co/image/ab6761610000e5eb78fe475b08691280726d1ac2,Toddler Fun Learning,55
6JBAyC8fskYhZHKXI5VRdq,experimental,Ambient & Experimental Electronic,https://i.scdn.co/image/ab6761610000e5ebb5124ce721ecaa52e94509b3,Nazar,18
6JL8zeS1NmiOftqZTRgdTz,Reggae,Reggae/Caribbean,https://i.scdn.co/image/ab6761610000e5eb365984489dac7a79eac204e3,Meghan Trainor,78
6JMHws5haIO6V35YNYDnDw,Pop,Pop,https://i.scdn.co/image/ab6761610000e5eb7e5dddc186c7e92b3097b550,Atomic Kitten,58
6JQ08BnZjigBIbhBappHCq,"Folk, World, & Country",Folk/Acoustic,https://i.scdn.co/image/ab67616d0000b273fd87fff9a06fcef98d1b7353,SAHAN,0
6JijQtCJQ1jsXZoz2sj53L,Rock,Rock,https://i.scdn.co/image/48f8f61937993574eed97526d054254f61983803,The Phantom Band,9
6JooToEGjbAab8XNmXqkF8,psychedelic rock,Rock,https://i.scdn.co/image/734bf8acbf00e33c8c99492fa45f9e6ac070e377,Bongwater,23
6JpZEemWmunccsrHXFUOgi,afrobeat,World/Traditional,https://i.scdn.co/image/ab6761610000e5eb141e61501f5086d23386eb9f,Tony Allen,46
6Jrj26oAY96EEC2lqC6fua,power pop,Rock,https://i.scdn.co/image/ab6761610000e5eb1fc60c1dd11fd220e6ba15b5,Squeeze,54
6Ju8rLVGq0MMt0NaXyfLJJ,vaporwave,Ambient & Experimental Electronic,https://i.scdn.co/image/ab67616d0000b273b756b9096c0e64d1fc8449d3,Teams,22
6JuRhSfY164psE7nZIXw53,acid house,House & EDM,https://i.scdn.co/image/ab67616d0000b273e4cc2b8263ef366102361356,Armando,24
6Jy8DN56YeZwPFUjdPa0QB,garage rock,Rock,https://i.scdn.co/image/ab6761610000e5eb259e2d15f2a5e0b1521e40de,Jacuzzi Boys,38
6KBbbE4QVlVQwFNIXrD8hF,minimal techno,Techno & Trance,https://i.scdn.co/image/ab6761610000e5ebaeb87a433c4224f606882d60,Uto Karem,39
6KFNJMheSt8FAYaDPFyacJ,Jazz,Jazz,,Matty Hunt,0
6KImCVD70vtIoJWnq6nGn3,Pop,Pop,https://i.scdn.co/image/ab6761610000e5ebf7db7c8ede90a019c54590bb,Harry Styles,84
6KJIIOCWsWtNc7ICINtPEw,neo-psychedelic,Rock,https://i.scdn.co/image/ab6761610000e5eb2b4dbdcb6bfb658b3134c873,Jonathan Wilson,41
6KOqPxwfNAmZPkiCnDE9yT,new wave,Pop,https://i.scdn.co/image/ab6761610000e5eba4e4ffea944ea037683faf51,Joe Jackson,54
6KPWnJouOHhX0ZhscJsIU1,Funk / Soul,Funk/Disco,https://i.scdn.co/image/ab6761610000e5eb3da36ef71e68b480bdb65fa5,Kid Creole And The Coconuts,38
6KThYLJ9zsdEc8B4kwUtZs,son cubano,Latin,https://i.scdn.co/image/ab67616d0000b273beab0a27e566e4278af1934e,Trio La Rosa,31
6KVPfr3ujUkKOrJf4QeRWD,east coast hip hop,Hip Hop/Rap,https://i.scdn.co/image/0758224a5805a6cc1a68463de16105b18adfe871,Capone-N-Noreaga,48
6KXSDlrz2G60g5RmOQ6nNF,ragtime,Jazz,https://i.scdn.co/image/ab67616d0000b2738472856fcaebf8c937a7528e,Charlie Kunz,24
6L918QEtLluHUOEoOVOkI7,Electronic,House & EDM,https://i.scdn.co/image/ab6761610000e5eba269b773275ceef7203d163d,Bryan Cox,8
6LAuSqJCRCwwtITrlfHg41,Stage & Screen,Soundtrack/Instrumental,https://i.scdn.co/image/6a8be7f6fc74fb91035f0844469188c9804acfa1,Ron Goodwin,35
6LEeAFiJF8OuPx747e1wxR,art pop,Pop,https://i.scdn.co/image/ab6761610000e5eb82a833d61eafc09c05c24882,Blood Orange,76
6LG1BzyImz45pwMF6ft7Yr,footwork,Bass Music,https://i.scdn.co/image/ab6761610000e5ebe212287389221a156d5e0d15,Addison Groove,27
6LObco8XNPRvibwCLlGDRQ,free jazz,Jazz,https://i.scdn.co/image/ab67616d0000b273bcfb6647aa2ee6b0f421f001,Steve Coleman and Five Elements,13
6LRmgzRManplPQghd2BMqz,jangle pop,Pop,https://i.scdn.co/image/ab6772690000c46c56210f37ea10341db282d680,The Clean,40
6LZGB6IfaSWrHqzIGJktBC,idm,Ambient & Experimental Electronic,https://i.scdn.co/image/6544e0228cb0d330f49b3af58d306f4bc7241a29,Lakker,16
6LaSaTrnIFBfXIf2wPcPh7,space rock,Rock,https://i.scdn.co/image/ab6761610000e5eba936246ad4b3cd3ab1172228,Kid Congo & the Pink Monkey Birds,22
6LcWO77VeIUPqNY22N3fI0,latin jazz,Jazz,https://i.scdn.co/image/ab6761610000e5eb106be0dd68e81bb6fa863966,Daymé Arocena,40
6LgoiCHFiaKe3j70f1KUDp,breakbeat,Garage & Breaks,https://i.scdn.co/image/ab6761610000e5ebe449072770a9097887be91f7,Glaskin,21
6Lll1MPPak4m4vZKuJB264,Rock,Rock,https://i.scdn.co/image/ab6761610000e5ebe4cbf08362ba66c4354c0f40,BRONCHO,51
6LrVvnuJQLN3IcpXN6BObi,chinese indie,Alternative/Indie,https://i.scdn.co/image/ab67616d0000b273c47a92bc5b16969534586d93,Gooooose,7
6Lt3HS8R2v8Q4G7ZkUWa8R,psychedelic rock,Rock,https://i.scdn.co/image/f0cded2845369a436adb00b24c85d02b867d0f45,Syd Barrett,39
6LtjPhi4ftPSBetgRKXaHa,slowcore,Alternative/Indie,https://i.scdn.co/image/bd7d86d0755c9e59f645914143aa6cf852e0a126,Supreme Dicks,14
6LuN9FCkKOj5PcnpouEgny,Funk / Soul,Funk/Disco,https://i.scdn.co/image/ab6761610000e5eb8f77c3eddc1869e9542b04bc,Khalid,85
6LufpoVlIYKQCu9Gjpk8B7,retro soul,R&B/Soul,https://i.scdn.co/image/cd0f5585d478bbb91cff3e0b723ed91c6d2046d7,Sharon Jones & The Dap-Kings,60
6M0FCfVRUo5DUuziqLFjJ0,chicago house,House & EDM,https://i.scdn.co/image/ab6761610000e5eb7018e4092abd3e4e3c5be45a,dj funk,24
6M2wZ9GZgrQXHCFfjv46we,pop,Pop,https://i.scdn.co/image/ab6761610000e5eb0c68f6c95232e716f0abee8d,Dua Lipa,89
6M5FR3JkFFVDkgwtO6Vtz6,southern gothic,country/Americana,https://i.scdn.co/image/ab6761610000e5eb12bb78c5145fd461a89cd564,Micah P. Hinson,43
6M6XXCcO5gI68XpIlrUL3Z,afroswing,Hip Hop/Rap,https://i.scdn.co/image/ab6761610000e5eb9dfd4e7ff1222003222bed53,Young T & Bugsey,56
6MF58APd3YV72Ln2eVg710,chamber music,Classical/Orchestral,https://i.scdn.co/image/32bf53aa73dbb81c615a91324efea0bcfff4b440,Felix Mendelssohn,63
6MFopqejpmTUUZlcRmGzgg,uk garage,Garage & Breaks,https://i.scdn.co/image/ab6761610000e5eb5f574c71c5e8c507a36fa478,Todd Edwards,50
6MUv39LOn5bz2QW4SBKE85,baroque pop,Pop,https://i.scdn.co/image/ab6761610000e5ebb072addd08c6abacc2937990,Luke Temple,30
6MmRTVIPIe35OsFqWgRKQJ,variété française,Unlisted,https://i.scdn.co/image/ab6761610000e5eb33df1c67b32ef77374d46621,Christophe,53
6MnQV8O2R0Oci41F4HLB59,alt country,Country/Americana,https://i.scdn.co/image/ab67616d0000b273311bb97ccfb3978d1f895591,Willard Grant Conspiracy,21
6MnWA8xVW1sEzV9s7wXpQb,latin jazz,Jazz,https://i.scdn.co/image/ab6761610000e5ebe89d1a3d2714d38cd902f9e8,Jazz At Lincoln Center Orchestra,38
6Mo9PoU6svvhgEum7wh2Nd,old school hip hop,Hip Hop/Rap,https://i.scdn.co/image/ab6761610000e5ebbec3cbe75ac982c675655e88,Public Enemy,58
6MrXYlcl32SK12YxMWJWte,italo disco,Unlisted,https://i.scdn.co/image/ab67616d0000b2737154f1f4db22dfdd83996355,Magazine 60,39
6NB0vY1HQgkUpCBsm5eAvo,chanson,Pop,https://i.scdn.co/image/ab6761610000e5eb1b7b9af10fc1187b1d599f8f,Léo Ferré,42
6NOvBZrkd83MSD51xkq4on,dancehall,Reggae/Caribbean,https://i.scdn.co/image/34d511cb4ddbf32bc882f904255d8d4cda721ecc,Elephant Man,55
6NRsAnS20C7M35FsA49B5b,uk drill,Hip Hop/Rap,https://i.scdn.co/image/ab6761610000e5eb4ea957d13ee7394bc61dcefa,Mayhem,14
6NXwJ5CEziDQrfimLpr7gZ,exotica,Pop,https://i.scdn.co/image/ab6761610000e5eb7c7a5fa05a53cdce7a848344,Alessandro Alessandroni,45
6NZ4NDGpMT4p82PCJh57Ec,space rock,Rock,https://i.scdn.co/image/ab6761610000e5eb715aa601631019b5ce6f8f20,Kelley Stoltz,25
6NeSLvSvSDdcPAFOrZXt5N,Electronic,House & EDM,https://i.scdn.co/image/240b740884f662e8bfcee4d88f865ff988ec57b8,Ian Astbury,31
6Nii4K84ZzBZS8X2MP8c9t,cold wave,Unlisted,https://i.scdn.co/image/ab6761610000e5eb8cdcb891fdaf8bf5cd6001c9,Black Marble,44
6NjPS5yGVTioKlN7NsA6Is,lo-fi house,House & EDM,https://i.scdn.co/image/ab6761610000e5eb9eb52832424ed3a7e5451d6e,Glenn Astro,24
6NkxgH31PJnHP4JpvwdLZ1,Jazz,Jazz,,Ella Fitzgerald and Her Famous Orchestra,5
6NoeYD2nC44Y3Of11HJl4b,french house,House & EDM,https://i.scdn.co/image/ab67616d0000b273b1193f322e395bcd77847e9b,Sidechains,0
6NuChX9FrWXTUYgJUT0DYH,vocal jazz,Jazz,https://i.scdn.co/image/ab6761610000e5ebb1029f410d9df0a611fb4d52,Tok Tok Tok,40
6NyJIFHAePjHR1pFxwisqz,g-funk,Hip Hop/Rap,https://i.scdn.co/image/8d3e5e7bf70fe107b338556fcffbe575e9ac453c,Kurupt,63
6O2zJ0tId7g07yzHtX0yap,old school hip hop,Hip Hop/Rap,https://i.scdn.co/image/ab6761610000e5ebf85a8db4c66d84f796d2afe5,Mobb Deep,70
6O3ZB5Cz5CNT3wQWouKcNJ,Pop,Pop,https://i.scdn.co/image/f372f0bc303e9ebbcc49227f256428d52961ab9f,Carmen Twillie,52
6O4EGCCb6DoIiR6B1QCQgp,chillwave,Ambient & Experimental Electronic,https://i.scdn.co/image/ab6761610000e5eb39b201e2a11f41de823c85e0,Toro y Moi,62
6O5k8LLRfDK8v9jj1GazAQ,nu jazz,Jazz,https://i.scdn.co/image/ab6761610000e5ebcc54044c371ab617c1b625bb,Nubya Garcia,41
6O74knDqdv3XaWtkII7Xjp,new jack swing,R&B/Soul,https://i.scdn.co/image/c8b0d67be35852171d04d7309c2cfe1992a8a4eb,Boyz II Men,71
6O8PzCcMlm1BJ1bkE9qZlz,Electronic,House & EDM,https://i.scdn.co/image/ab67616d0000b27365763943f15c0a9ef858c90b,Box Blaze,1
6OQQ8xemy8QO34goUq6lUW,swing music,Jazz,https://i.scdn.co/image/ab6761610000e5ebb44edcd35e82a53a6e9744a2,Jonathan Stout and his Campus Five,32
6OVkHZQP8QoBYqr1ejCGDv,blues,Blues,https://i.scdn.co/image/ab6761610000e5eb40d060d4fbe57334dfe4121d,Seasick Steve,43
6OWPd5ByKaNSFAZ3TCe5AO,proto-punk,Punk/Hardcore,https://i.scdn.co/image/ab6761610000e5eb0653712dd7f29c46363760eb,The Saints,39
6OgtZFKhkX0Y8H9z6QL6Vs,lo-fi house,House & EDM,https://i.scdn.co/image/ab67616d0000b2736022fe93039ce2ca146db924,Tissu,9
6OiHleP2bHM18dXq4aZQWt,britpop,Rock,https://i.scdn.co/image/ab6761610000e5ebc5fa6b8d66b263ccc1a3a8cd,The Coral,50
6OyoHaX29rcKC9Xv13M4C7,electro swing,Funk/Disco,https://i.scdn.co/image/ab6761610000e5eb7655fc94b6e090a38cc10279,Free the Robots,26
6P7H3ai06vU1sGvdpBwDmE,yacht rock,Rock,https://i.scdn.co/image/9d01e4e9aac39b891d684d3d1a5b3a451d7c72bd,Steely Dan,71
6P7gZ6hLuBrxelDuq28bR8,dub techno,Techno & Trance,https://i.scdn.co/image/ab6761610000e5eb57aab87ac42c7f8cb56c15b5,Private Press,12
6P86FLVAK4sxu8OhyQJBvH,ambient,Ambient & Experimental Electronic,https://i.scdn.co/image/ab6761610000e5eb3b5d5c3536636cd72f2c9a63,Kaitlyn Aurelia Smith,41
6P96rauZLFigC7v5MI2IEo,idm,Ambient & Experimental Electronic,https://i.scdn.co/image/ab6761610000e5ebc59986c709bde935582c7437,Shobaleader One,15
6PAt558ZEZl0DmdXlnjMgD,blues,Blues,https://i.scdn.co/image/ab6772690000c46ca60e8f215103f6841d8a83f0,Eric Clapton,75
6PBv8t9YTLggA9ZMwpeoqj,Rock,Rock,https://i.scdn.co/image/ab6761610000e5ebba436305c90fa7b4dd99bb8e,Joan As Police Woman,42
6PHIK3kjWggLtVygsOtpqS,britpop,Rock,https://i.scdn.co/image/ab6761610000e5eb57c2ffe35ca34d4fe1627c8b,Suede,58
6PIl48ctj6HDmqVM2uIikd,neoperreo,Latin,https://i.scdn.co/image/ab6761610000e5eb68d67d1f2ed1d5c83118f910,Kelman Duran,26
6PJ1lXTD3zLPgo7i8NPaw9,jazz funk,Jazz,https://i.scdn.co/image/ab67616d0000b2735d02af8588949bf7ee2f0a08,Stuff,27
6PTy8QkZxHr7Thp8SPYE71,minimal techno,Techno & Trance,https://i.scdn.co/image/259bca1ff7e0bde6a8b0a861f5b4b1656b707125,Mathew Jonson,32
6PZYFmF3PH6cOREAzfXiAL,children's music,Novelty/Spoken Word,https://i.scdn.co/image/ab6761610000e5eb98e5a30e6bf3604e8f067d11,The Countdown Kids,59
6Pim5E5Lm03COsjHj2aEiK,"Folk, World, & Country",Folk/Acoustic,https://i.scdn.co/image/ab6761610000e5ebcebaf827ec9c55928b2a2618,Bess Atwell,45
6PjV05LlULv9XmFu7HeAia,outlaw country,Country/Americana,https://i.scdn.co/image/ab6761610000e5eb0321d059e724c31884930de1,Wheeler Walker Jr.,59
6PsuUa5ijopH2T8rVzHSZc,spoken word,Novelty/Spoken Word,https://i.scdn.co/image/ab6761610000e5ebb2fd15ea07b1afdcf5f04e21,Voice Actor,32
6PuOeFpvcL6TYcRmEJKbdw,electrocumbia,House & EDM,https://i.scdn.co/image/ab6761610000e5eb8391f80de5979ed5405060ed,Umoja,39
6PypZhdlKno9oouYu6roMG,jangle pop,Pop,https://i.scdn.co/image/ab6761610000e5eb9d2e992bcc61c9bb4a3685f1,Ducks Ltd.,37
6Q0gMZJNIebNFFaJeonc11,Electronic,House & EDM,https://i.scdn.co/image/ab6761610000e5eb181744bdbb964778032f7462,Holy Fuck,52
6Q192DXotxtaysaqNPy5yR,Jazz,Jazz,https://i.scdn.co/image/ab6761610000e5eb2ceb023b10da17590878e88c,Amy Winehouse,79
6QBN53AVQ0IcbSZrKxqwoB,free jazz,Jazz,https://i.scdn.co/image/fd18e8690c016242d34330e2d0fcc691fffbb148,Sonny Sharrock,23
6QDPfX2YaZAGJnhpClg8Jo,Electronic,House & EDM,https://i.scdn.co/image/ab6761610000e5ebb395ee237761306627416e6d,Pixx,33
6QDWC6QeGhvCWCv3nUJwoV,singer-songwriter,Folk/Acoustic,https://i.scdn.co/image/7ff3a3cd80429ec0ee1d3af48d606e4e0a6d9038,Laura Nyro,37
6QLOlk9sB4Wca7i7dwVNC4,dub techno,Techno & Trance,https://i.scdn.co/image/ab6761610000e5eb34e08183797d1be6735cbe60,Mike Dehnert,17
6QNL63YF6rLawrWWhrrhYI,Hip Hop,Hip Hop/Rap,https://i.scdn.co/image/ab6761610000e5ebc1ae32f4a6a69691867a5efd,Jesse James Solomon,37
6QNkSI0c63lCTNXpHDBiqP,yacht rock,Rock,https://i.scdn.co/image/ab6761610000e5ebcba6e8a7a732ffb711036458,Ace,50
6QRb3jE2lCfMU1iUuVQMaV,Non-Music,Novelty/Spoken Word,https://i.scdn.co/image/f18d69d006ccd5bce40592da9c8b244ed5814070,Jeremy Irons,46
6QRlkjrHz5A62mqeNZz7t3,surf rock,Rock,https://i.scdn.co/image/ab6761610000e5eb6e238f5c5f8ab45e7bc48304,La Luz,45
6QdjZOuApe5DjregmD5BLj,uk garage,Garage & Breaks,https://i.scdn.co/image/ab67616d0000b273891200a4e0f77fd5a5c4d33d,Amar,34
6Qm9stX6XO1a4c7BXQDDgc,Rock,Rock,https://i.scdn.co/image/ab6761610000e5eba918fc43426faadc65a91552,Fruit Bats,60
6QmHysWvckkQR74oxmLmtz,folk,Folk/Acoustic,https://i.scdn.co/image/597076f75354ba32f12d3377ac40bf160fc3774f,Dave Van Ronk,40
6Qnpr83VKZmX19a7h49FrW,krautrock,Alternative/Indie,https://i.scdn.co/image/ab67616d0000b273eaee321e28d4b5c448ba0dfa,Rousseau,6
6QobJ3vnalBTlsdOrvQTIt,garage rock,Rock,https://i.scdn.co/image/ab6761610000e5ebf1416aa23dbac88bbea468c3,Mikal Cronin,24
6QtGlUje9TIkLrgPZrESuk,classic rock,Rock,https://i.scdn.co/image/ab6761610000e5eb624ddceb90bdf808ed4e2e35,Steve Miller Band,69
6QtdwqSCN5B4wvBoHaNwTx,bluegrass,Country/Americana,https://i.scdn.co/image/ab67616d0000b2738a44775f0cc7a09ca8dcd417,The Country Gentlemen,34
6QvgWa4x3Ij4tvBpFMo11P,blues,Blues,https://i.scdn.co/image/ab6761610000e5eb1ad036adff93c0548080bcc4,Tony Joe White,56
6R1EIgNzO0hKVOTOXJjjP2,space music,Unlisted,https://i.scdn.co/image/ab6761610000e5eb84a2468b6ed788500b04929d,High Skies,12
6R6PqKFwzVPIePSH8BCKvf,Electronic,House & EDM,https://i.scdn.co/image/595e2921f242f62bd855961c5c3e2eec2e2114fb,Elia y Elizabeth,48
6R9Mv0bgGE4Tqxna1q5Mrj,jazz funk,Jazz,https://i.scdn.co/image/3fb0b3b86b8f6c36e08ba038880afc7911bb0f52,Roy Ayers,53
6RHDASo3OVNiNY2nrGx3qc,baroque pop,Pop,https://i.scdn.co/image/ab6761610000e5eb1ee604d57fc1f7884adf65f6,Cotton Jones,47
6RWjTQqILL7a1tQ0VapyLK,anti-folk,Folk/Acoustic,https://i.scdn.co/image/ab6761610000e5eb965e16bd95a0e8085d1bd065,The Magnetic Fields,61
6Rhf7fSkiPwkavVPg3AJ2H,progressive rock,Rock,https://i.scdn.co/image/ab67616d0000b2732fb480c6ca0cb85f41292efe,The Enid,13
6Ri83BLqlgaqIc9jwSgAn1,garage rock,Rock,https://i.scdn.co/image/ab6761610000e5eb57c697e5bb9eacaef6625fee,The Fresh & Onlys,22
6RpU4ErcnANKXDmQGS8x2D,techno,Techno & Trance,https://i.scdn.co/image/ab6761610000e5eb95f36e4a028f9ca34a7a0c86,Denise Rabe,11
6RwBVkrxTbbtS4bwxYQXcp,alt country,Country/Americana,https://i.scdn.co/image/ab6761610000e5eb3f53c34dcb3a43c9ccbc069b,Buddy Miller,45
6RxvPZHJL1V9kWWvzM0APg,Pop,Pop,https://i.scdn.co/image/ab6761610000e5eb9a7cc843240b56e4b96458bc,Martine McCutcheon,29
6S2OmqARrzebs0tKUEyXyp,Pop,Pop,https://i.scdn.co/image/ab6761610000e5eb42d7061876b87861d7c8f3fb,Demi Lovato,80
6S2tas4z6DyIklBajDqJxI,psytrance,Techno & Trance,https://i.scdn.co/image/ab6761610000e5eb2ea36e7e9e49762e4a5c7d9b,Infected Mushroom,56
6S3Z6Me30mtdm526H17v8k,art pop,Pop,https://i.scdn.co/image/ab6761610000e5eb522fcb67bfe21b76bf426f73,Jockstrap,39
6S5jf5noKu0JJjLLVUCZqP,dubstep,Bass Music,https://i.scdn.co/image/ab6761610000e5eb5a5d31949dc5b515f8e764d6,Joker,42
6S76PR6yiqOCog3V6siV50,afro house,House & EDM,https://i.scdn.co/image/ab6761610000e5eb47f8b4b68bd1d6a2e328e8b7,DJ Burlak,34
6SAwsa6eDLrcLjqziDNC1X,dub techno,Techno & Trance,https://i.scdn.co/image/f13b416b7075588082cbd292ae34f2a7a71aa10b,Positive Centre,15
6SC548hy1ESEcwNO4aMMAE,breakbeat,Garage & Breaks,https://i.scdn.co/image/ab6761610000e5eb1b7f2cc6b73dc5622d601e1b,AQXDM,6
6SQKNCUKIWjR1pQ1U3PZZq,adult standards,Pop,https://i.scdn.co/image/ab6761610000e5eb6f2067fd56b9a04724945582,Johnnie Ray,43
6SWl2Mc004ez0QE3IdET2H,neo-psychedelic,Rock,https://i.scdn.co/image/ab6761610000e5eb92445a662193e50d46e68ccf,SEND MEDICINE,12
6SXTTUJxIVwMbc1POrviTr,children's music,Novelty/Spoken Word,https://i.scdn.co/image/ab6761610000e5eb8f5e7c7b7b76fe7f994299ae,CoComelon,74
6SXZyMIzYNNfZ3NFQc3vtv,new wave,Pop,https://i.scdn.co/image/ab67616d0000b27308e6ede868f9c4e9ec7f08fc,Tubeway Army,45
6ScDJaxsDqmtEB0CZY3WAC,techno,Techno & Trance,https://i.scdn.co/image/ab6761610000e5eb5f9d7c133e701f9c85e1f9d4,Dustin Zahn,25
6SiyKSeJo6gcsS2NvuAbsl,skate punk,Punk/Hardcore,https://i.scdn.co/image/ab6761610000e5eb9972571a1e80a123adf76be4,zebrahead,54
6SlLXvZvYEGnurxBUpUdri,Hip Hop,Hip Hop/Rap,https://i.scdn.co/image/ab6761610000e5eb91d899ea645d38c9cb227f62,Miguel Atwood-Ferguson,42
6SsTlCsuCYleNza6xGwynu,swedish pop,Pop,https://i.scdn.co/image/ab6761610000e5eb4de98562247d90e966134d78,Agnes,58
6T1GNMxXuljv0C0ZRR60CC,Electronic,House & EDM,https://i.scdn.co/image/ab6761610000e5ebdc3070294d75f6ca30ce3a53,Rose Elinor Dougall,26
6T2pk5T8c4Wi61x1v84sUa,children's music,Novelty/Spoken Word,https://i.scdn.co/image/ab6761610000e5ebf16b05c7ec0d1f80b3a12bbb,The Laurie Berkner Band,62
6T3Mq8FiuBg817re8qxJtM,vocal jazz,Jazz,https://i.scdn.co/image/ab67616d0000b273ee1c92e445a7cc5c4395b967,Alex Webb & The Copasetics,15
6T4kUHIlszpj944ZXR3yNw,big band,Jazz,https://i.scdn.co/image/5666168a0954e1cd6ae97f8aaf8daff4a0fa64cf,Maynard Ferguson,39
6TC6ZeVdvCuBSn32h5Msul,southern hip hop,Hip Hop/Rap,https://i.scdn.co/image/ab6761610000e5ebd595760c4e95bd70b7831bac,DJ Screw,49
6TKOZZDd5uV5KnyC5G4MUt,motown,R&B/Soul,https://i.scdn.co/image/cafa138375c190dc626b6fcb06079fb1c2954e7c,Smokey Robinson & The Miracles,58
6TR7TYiDiS5okigndyMIpK,post-punk,Rock,https://i.scdn.co/image/ab6761610000e5eb962e779a54a28131d6b63036,The Monochrome Set,28
6TRgIFqqTDlwIULInhGKoD,afro house,House & EDM,https://i.scdn.co/image/ab6761610000e5eb8e6d111202ba5fa1aed9f056,atsou,28
6TTJ0xLPPNDyv4bXyukzU4,indie folk,Folk/Acoustic,https://i.scdn.co/image/ab6761610000e5eb8a1ee30561a44017927da76f,Sam Amidon,37
6TZ5t4kclsmGWHqb3mGyha,vocal jazz,Jazz,https://i.scdn.co/image/ab6761610000e5ebdd842694dc86fd9a68c43d5a,Cassandra Wilson,41
6TgPVtJ27lm42GlzsnjUGW,Non-Music,Novelty/Spoken Word,,Lewis E,0
6Th7POyVfZgiHJQ64ddV5Y,melodic techno,Techno & Trance,https://i.scdn.co/image/ab6761610000e5eb373ce18183e6c92bb1bd330f,Rodriguez Jr.,51
6ToGjPfiUS10Zds9xirvm0,ambient,Ambient & Experimental Electronic,https://i.scdn.co/image/ab6761610000e5ebf7811ddc136eb81f4448aed6,Elori Saxl,28
6Tq3FiTmCxEfA2iEFX8mNi,techno,Techno & Trance,https://i.scdn.co/image/ab67616d0000b273c7aceb910aeacda67e990a66,WAR TECH,29
6TsDdnJujwhkuAzXkqqsUE,big band,Jazz,https://i.scdn.co/image/ab67616d0000b273b00c485d0ba5010a331fcf00,Charlie Spivak & His Orchestra,30
6TshTCYwh9ySzOO6Jy4Ux2,deep house,House & EDM,https://i.scdn.co/image/ab6761610000e5eb541aa3ef9af8115836e11f45,Maya Jane Coles,47
6Tw1ktF4xMmzaLLbe98I2z,calypso,Reggae/Caribbean,https://i.scdn.co/image/a59b477875a9c8d3956cd514e2829b9b95248849,Harry Belafonte,58
6Tyzp9KzpiZ04DABQoedps,trip hop,Ambient & Experimental Electronic,https://i.scdn.co/image/ab6761610000e5eb15f9f1a4c029e472affd6d8a,Little Dragon,64
6U7MOIhacysUEnfJ41WfhC,Electronic,House & EDM,https://i.scdn.co/image/ab6761610000e5ebe4ffe2d9dccd6a18f5e4ef7b,Nathan Micay,36
6UCQYrcJ6wab6gnQ89OJFh,uk drill,Hip Hop/Rap,https://i.scdn.co/image/ab6761610000e5eb9f5dc9f04106d2668871ce21,Headie One,66
6UE7nl9mha6s8z0wFQFIZ2,swedish pop,Pop,https://i.scdn.co/image/ab6761610000e5ebbc142401994ad4c5ddbf7829,Robyn,64
6UL7BodGc5iVmQGlMwHR0g,reggae,Reggae/Caribbean,https://i.scdn.co/image/ab6761610000e5eb7b0863ab8d24bc7c167e572a,Steel Pulse,60
6ULjGlnhcCwHIJigN47K5U,idm,Ambient & Experimental Electronic,https://i.scdn.co/image/c82e5ab616103c3f58ad3b1b154753ace7137d6c,AFX,32
6UOfJPaEk7LS2lWCMI47VB,uk garage,Garage & Breaks,https://i.scdn.co/image/ab67616d0000b2739af0f1258565f6d0380ef4ca,R.I.P Productions,26
6UTUjmko5raD927Hbx960a,rocksteady,Reggae/Caribbean,https://i.scdn.co/image/b26eb4e520518447d1455c355e9f55d97ce4287b,Jackie Mittoo,40
6UYwzZChuolxsylHcZcBBP,britpop,Rock,https://i.scdn.co/image/ab6761610000e5eb0200e1f4ff121f6e32bda947,The Boo Radleys,37
6UgL8L66kpcyImw3NQkNg5,children's music,Novelty/Spoken Word,https://i.scdn.co/image/ab67616d0000b27362bb0852633bc42b192610bf,Kid Patrol,21
6UjmSUS82bBSEjsybZkVc2,blues,Blues,https://i.scdn.co/image/ab6761610000e5eb18cf9c7181cff975ae1c1f53,Jerron Paxton,33
6UlNIFEuWlBqb4TvlVCekq,Rock,Rock,https://i.scdn.co/image/ab6761610000e5eb90e2c409987c4ff1296a2c90,Kirsty MacColl,49
6Um25UMHv0fzcEHYGQJPXv,Rock,Rock,https://i.scdn.co/image/ab6761610000e5ebb55611c3fc21bcbc9a5ee052,Treetop Flyers,25
6UmSaezn2PkFJqzOggxPDT,lo-fi house,House & EDM,https://i.scdn.co/image/ab67616d0000b273acbf5c8c322d5497c2655683,Schatrax,13
6UmdRN4VAfN58ZCLYGGBDE,grime,Bass Music,https://i.scdn.co/image/ab6761610000e5eb15646b02ddcf0d546f42a007,Suspect OTB,33
6Unmr1mmDxRqZY7jkSQOcg,hard techno,Techno & Trance,https://i.scdn.co/image/ab6761610000e5ebcc421418e31dcacad8d07cd4,Snts,29
6Uw88LgaxdanDItfR0JyJ8,christmas,Jazz,https://i.scdn.co/image/ab6761610000e5ebc0c55ca03d84bfe9e47060e9,Greg Lake,28
6VC4hWnnMMmOxpH6KsAXBU,jazz house,House & EDM,https://i.scdn.co/image/ab6761610000e5eb33a8379e842bdf5bb483a600,K-Lone,39
6VJZYivuYJGCrPuOAnI7Qo,art pop,Pop,https://i.scdn.co/image/ab6761610000e5eb1146b3c841aa8cb3a8658181,ANOHNI,49
6VZFFaG8KqqTe7eNu7OENq,techno,Techno & Trance,https://i.scdn.co/image/ab6761610000e5eb2efd7b228d78160054041759,DJ Emerson,16
6Vb8yGTdhnyIbGS5evBxbF,big band,Jazz,https://i.scdn.co/image/ab6761610000e5ebdc6e5c9ae590f03028ab3ee3,Eddy Howard,23
6VeL8VhaMjHTPc5uovFl3h,punk,Punk/Hardcore,https://i.scdn.co/image/ab6761610000e5eb74d54a7637698345f4befc3c,The Damned,51
6VsJbZqteZahl2iEzvnClt,disco house,House & EDM,https://i.scdn.co/image/ab67616d0000b2734d17a73cba156ececc9de2f7,Star B,27
6VsiDFMZJlJ053P1uO4A6h,Electronic,House & EDM,https://i.scdn.co/image/ab6761610000e5eb9440e2cf9666848156cda1f9,Public Service Broadcasting,49
6W07XPRu62EPkBuzauIQTI,traditional country,Country/Americana,https://i.scdn.co/image/ab67616d0000b2734bf8a656a1284bb2dfaa0fb6,Hank Penny,21
6W4vm8P3JFQboO4cvHeqaa,uk drill,Hip Hop/Rap,https://i.scdn.co/image/ab6761610000e5ebd731f829b01a61c368256c6a,Knucks,64
6WH1V41LwGDGmlPUhSZLHO,idm,Ambient & Experimental Electronic,https://i.scdn.co/image/ab6761610000e5ebcc2ac6a72239bf358e794d47,Autechre,46
6WbUlW1uuChmQumXueDmgp,jazz blues,Jazz,https://i.scdn.co/image/ab67616d0000b27316527ecf2808e6268f431422,Wes Montgomery Trio,44
6WoTvA9qinpHtSRJuldYh6,post-punk,Rock,https://i.scdn.co/image/ab6761610000e5eba271b66efd699ba556b32cd5,The Fall,46
6WtWmLPWn1imbcisSfmBvy,christmas,Jazz,https://i.scdn.co/image/ab6761610000e5ebd8d3ae6161de219faa4f6f91,The Ray Conniff Singers,49
6WwR8D1J3GHvTt17v51QtE,hardcore,Punk/Hardcore,https://i.scdn.co/image/ab6761610000e5eb10535b428cfed87340c3e063,Rough Justice,29
6WxegST7d2jCYjq7SR8Bds,vocal jazz,Jazz,https://i.scdn.co/image/ab6761610000e5eb60dd8bdc3ad27d3eae1c21d5,Kat Edmonson,49
6X0Kd3L9wHWDzWU7cOgjW3,dubstep,Bass Music,https://i.scdn.co/image/ab6761610000e5eb50b9c1b3a3206980340d4db6,Kahn,28
6X8lhZ7YaRUBlOsOYimlyD,Electronic,House & EDM,https://i.scdn.co/image/ab6761610000e5eb09b55d86f0b4bddd1d5b010b,Kiasmos,55
6XAyJtffF6kyT6wybicn1d,comedy,Novelty/Spoken Word,https://i.scdn.co/image/ab67616d0000b273f1c83d0391c3b5a87b0857d0,Bernard Cribbins,24
6XC2sEBXW5xqpPSbYgMnvc,Pop,Pop,https://i.scdn.co/image/ab6761610000e5eb4c72d267930427470594925e,Sean Nicholas Savage,34
6XDMfPEILvE18HeIbD8H8G,Rock,Rock,,Eric Burdon,0
6XFi04N1Xd2SA208vd3AGU,Electronic,House & EDM,https://i.scdn.co/image/ab67616d0000b273462cf0fc1ffa954cb8acf27d,Mark b,16
6XGJvNG372fPJ2TV2OoN0Z,Rock,Rock,https://i.scdn.co/image/0bf18a0775e63d373363c818cac2744299c9072d,Classics IV,43
6XIT5sGHOtxVgqtSnMCYZ6,Pop,Pop,https://i.scdn.co/image/ab67616d0000b273d6dc8b97a1736a1d356d67c3,Dick Van Dyke,51
6XJPGyxrP66scKvIE9kpPN,funk,Funk/Disco,https://i.scdn.co/image/ab67616d0000b273c0bb2637909a442c6467af70,Lyn Collins,39
6XVtxL4WRwoEqB1BpLel6y,techno,Techno & Trance,https://i.scdn.co/image/ab6761610000e5eb9ebe4ab4c8c420cac1003586,Marcal,30
6XYOjW5wxf5V9hwAR58o4d,Electronic,House & EDM,https://i.scdn.co/image/ab6761610000e5eb8a7a7b211128a85daaef0a9e,Auntie Flo,32
6XYvaoDGE0VmRt83Jss9Sn,neo-psychedelic,Rock,https://i.scdn.co/image/ab6761610000e5ebce4d5d32d9cea72f886ddf88,King Gizzard & The Lizard Wizard,45
6XZYAWJLL8UIbxAqjKj3cg,Electronic,House & EDM,https://i.scdn.co/image/ab6761610000e5eb4ea5a275c6d5480e20edb4e2,SOHN,48
6XaCAvPb5u2IxWpnGugxVc,Jazz,Jazz,https://i.scdn.co/image/ab67616d0000b273d31e0758f667f63ac85d42cb,Vince Guaraldi Quintet,35
6XcJCz7dqlBOyZ0b57SyQp,vaporwave,Ambient & Experimental Electronic,https://i.scdn.co/image/ab6761610000e5ebd4f36f383f9c9c3851872f19,Infinity Frequencies,50
6Xfb61LiBt1zevrkP7TJlh,,Unlisted,,Arthel Lane Watson,17
6Xgp2XMz1fhVYe7i6yNAax,melodic rap,Hip Hop/Rap,https://i.scdn.co/image/ab6761610000e5ebf2db81b3312a1f167fc54096,Trippie Redd,82
6XiSck3QPuXk7ho6zlDz3P,Rock,Rock,https://i.scdn.co/image/ab6761610000e5eb6bab56bf1addac6c6f4347a5,The Bees,34
6XpaIBNiVzIetEPCWDvAFP,Electronic,House & EDM,https://i.scdn.co/image/ab6761610000e5ebcd9f60ab57585bf3b77ecc51,Whitney Houston,79
6XrzlClXhN9sVv86ZIoakX,neoclassical,Classical/Orchestral,https://i.scdn.co/image/ab6761610000e5ebf11b9ee70b66846dac324a79,Runar Blesvik,36
6Xuaooorz7j46y1UrWxXMd,post-rock,Alternative/Indie,https://i.scdn.co/image/ab6772690000c46cfd6e1d7d7d86076f2f1c7eb1,Gastr Del Sol,21
6Xx57uhlmBUkH1DOxqTWZM,Rock,Rock,https://i.scdn.co/image/ab6761610000e5ebd9757c0be233e5c90eaf6a21,W. H. Lung,34
6Y0dRb1wZq8Xhok2i6Oy4R,chicago house,House & EDM,https://i.scdn.co/image/ab67616d0000b2737b4418e6ab4d55896e9ad279,Latour,29
6YFrVMB5AEMZ2rB3T0wyUQ,children's music,Novelty/Spoken Word,https://i.scdn.co/image/ab67616d0000b273f920b73d9bd1d38284913976,Belle and the Nursery Rhymes Band,55
6YHEMoNPbcheiWS2haGzkn,soft rock,Rock,https://i.scdn.co/image/ab6761610000e5eb621cbb757dcbf609042f98d8,Michael Bolton,67
6YIaekeMYBCVVGdeTaEqUq,Electronic,House & EDM,https://i.scdn.co/image/ab67616d0000b273db4a8eba2f6dddf79cb655dd,Lee Tracy,18
6YROFUbu5zRCHi2xkir5pk,Rock,Rock,https://i.scdn.co/image/797a911d6dcad3418494613924dac9af6370070e,Brian Hyland,49
6YRqlhH88xZ7h2WOhwNYOb,Rock,Rock,https://i.scdn.co/image/ab6761610000e5ebc0961803d4c0d44bebf84d11,Caoilfhionn Rose,34
6YTWss7MFcjsJRDgmtqO2l,Electronic,House & EDM,https://i.scdn.co/image/ab6761610000e5eb9dc5036531e4b919341faf54,Lake People,22
6YWdHD3R863Apw1hkx3BwC,blues rock,Blues,https://i.scdn.co/image/ab6761610000e5eb5c5f8eacedce9594b33ea8d3,Dan Auerbach,57
6YYL5NTuYQMefKMYEPVE6K,russian pop,World/Traditional,https://i.scdn.co/image/ab67616d0000b273da536d07cb044083bb75eac5,Tariverdiev,19
6Yae9Ia1nq6JLLojBzwN1r,jazz house,House & EDM,https://i.scdn.co/image/ab6761610000e5ebf594a80a764f343b3adfd83d,HNNY,53
6YktolrgGPFMwWrmAgf4hu,ambient,Ambient & Experimental Electronic,https://i.scdn.co/image/ab67616d0000b273ba5db8884d409cfb44c7822d,Global Communication,32
6ZEO5Ygd5FwXAcPNWuSu4F,minimalism,Classical/Orchestral,https://i.scdn.co/image/ab6761610000e5ebca33701d4df03f19b0fa67ea,Dawn of Midi,27
6ZFv3wQwwWPiVDWhv0mjQK,reggae,Reggae/Caribbean,https://i.scdn.co/image/ab6761610000e5eb346451ca43eb84f810f13b96,Toots & The Maytals,58
6ZKaSJXezrWbhYulkvWz4r,,Unlisted,https://i.scdn.co/image/ab67616d0000b273d705756fb580024a02463b8c,Onyx Midnight,7
6ZWMXMg25PGVCaoYZXQSyn,slowcore,Alternative/Indie,https://i.scdn.co/image/ab6761610000e5ebd24ff6af6109ca8f7b36c3dc,Papa M,28
6ZX4eVTPQBJ7q0cIShOmKD,dub techno,Techno & Trance,https://i.scdn.co/image/0033a4e1c99c6150fcf1e543e8c5409ff7c824c1,Rod Modell,30
6Zb2qMoWS4lJ6RD58uS5ll,footwork,Bass Music,,DJ Lil Rome,1
6Zdgg1gWL3d6aRmjeSVOrf,Electronic,House & EDM,https://i.scdn.co/image/ab6761610000e5ebf7997dee9caccad718a260a3,K'A,0
6ZjFtWeHP9XN7FeKSUe80S,christmas,Other,https://i.scdn.co/image/ab6761610000e5ebc3cc7f45922b9adade39ef19,Bing Crosby,61
6ZoRg8NnEtVmtUhgCTSCrn,indie folk,Folk/Acoustic,https://i.scdn.co/image/ab6761610000e5eb3672ae91ca0ff121dfab823d,Nadia Reid,43
6a27jEzxHDgONdmADAGcej,shoegaze,Alternative/Indie,https://i.scdn.co/image/f05800135d8e060ff2dfb6fb9dc3e9a973b21783,Bowery Electric,40
6aJAd8zM1s3Slw64KfsmaF,drum and bass,Bass Music,https://i.scdn.co/image/ab6761610000e5eba5426178c5680e01638399fe,S.P.Y,48
6aifImaPHSwOWiY96v5oR4,chicago house,House & EDM,https://i.scdn.co/image/ab67616d0000b273ca60f4c75eff34a17e8793f4,Chicago Jim,0
6alI0NXWBVryqxHQrrl9A0,big band,Jazz,https://i.scdn.co/image/ab67616d0000b273fce375827525bbd88ddea33a,Benny Goodman Trio,37
6b5Hxvp7SWlJY5uUrRlzx4,rocksteady,Reggae/Caribbean,https://i.scdn.co/image/ab67616d0000b27384b3e8b3833feb5f34332f71,The Heptones,44
6bAk1VOoyEqW2QWSlMWthy,dub techno,Techno & Trance,https://i.scdn.co/image/ab6761610000e5eb1a88afcf996dc65ae5e917a2,VC-118A,18
6bER9oi8c542Ei6OjEQWTL,krautrock,Alternative/Indie,https://i.scdn.co/image/ab67616d0000b273431ac8792c4520b26899ce73,Kin Ping Meh,11
6bETcPKjsI4UE4ZMHtcZCh,Hip Hop,Hip Hop/Rap,https://i.scdn.co/image/ab67616d0000b2734337c095ea2a9da81280353b,Dominica,48
6bGcpvHbRHg8s0wiNyIZK1,britpop,Rock,https://i.scdn.co/image/ab6761610000e5eb15169040835e27ceecb42d54,Kula Shaker,49
6bHfTWx0kc7p8q9VWn7Qhy,jungle,Bass Music,https://i.scdn.co/image/ab67616d0000b273288d95be148b6fcabf2430a2,Phuture-T,2
6bLvlTSqMrL6C2eFeAx0BY,space rock,Rock,https://i.scdn.co/image/ab67616d0000b273bae396cb5efde433410e0e1a,The Re-Stoned,36
6bOYtKnpLPQSfMpS2ilotK,doo-wop,R&B/Soul,https://i.scdn.co/image/84a23af9ce6d6dcaf761e4cdd7833a4785d691bf,Bobby Vinton,53
6bR0cgMtkCVpm0I5yrDNzO,blues,Blues,https://i.scdn.co/image/ab67616d0000b273797e51a364c3b0882732238d,Big Mama Thornton,43
6bUJpbekaIlq2fT5FMV2mQ,garage rock,Rock,https://i.scdn.co/image/ab6761610000e5eb78eb659fbba3b198cc2f4160,Wavves,46
6bWxFw65IEJzBYjx3SxUXd,trip hop,Ambient & Experimental Electronic,https://i.scdn.co/image/ab6761610000e5eb25f028a867e80d29b24537bd,Morcheeba,62
6bbLScfhLt3Q5QeIQYiQM9,neoperreo,Latin,https://i.scdn.co/image/ab6761610000e5ebd74865c2f6e69cae6f1834f7,Brenda,22
6be16MaIl9wPCInWd7KpQr,northern soul,R&B/Soul,,James Shorter,2
6biWAmrHyiMkX49LkycGqQ,classic rock,Rock,https://i.scdn.co/image/cbebfb93be8c2ac47ef6b8a2186d11b3298abe49,Thin Lizzy,63
6bjwy59W5FCWpZNe5niG16,hard techno,Techno & Trance,https://i.scdn.co/image/ab67616d0000b273dac218e345c641577d4c1248,d_func.,3
6bmlMHgSheBauioMgKv2tn,Electronic,House & EDM,https://i.scdn.co/image/ab6761610000e5eb0440c749b98a38d5ea707d7a,Powfu,70
6boiNkzbq1E9P5VlAUNl6a,acid house,House & EDM,https://i.scdn.co/image/ab67616d0000b2738f4f1653b7f351f57f94a146,Bass Clef,4
6bwkMlweHsBCpI2a0C5nnN,grime,Bass Music,https://i.scdn.co/image/ab6761610000e5eb8535d86470d6147986ca93c7,D Double E,61
6bxYUbMVzrPTOmzwey8Hgh,Rock,Rock,https://i.scdn.co/image/ab6761610000e5eb2f3dc0f681fa3c16eeb41a39,Boxed In,37
6c1mQ2UILx4tgd7zMQApyE,techno,Techno & Trance,https://i.scdn.co/image/ab6761610000e5eb04bcc07b027a9d44613d6452,Subjected,13
6cEuCEZu7PAE9ZSzLLc2oQ,slap house,House & EDM,https://i.scdn.co/image/ab6761610000e5eb16410f416adb3f56e67f6852,R3HAB,74
6cGVZq9WhCCRkTnn4cJYOg,drone,Ambient & Experimental Electronic,https://i.scdn.co/image/ab6761610000e5ebb1d587d3294efde0586104e9,Alessandro Cortini,37
6cWjMKw7gjwnX1nRAInsjn,idm,Ambient & Experimental Electronic,https://i.scdn.co/image/0addefa45843512c0afc6afa692d538f8476d4a1,Tim Exile,5
6cXMpsP9x0SH4kFfMyVezF,christmas,Jazz,https://i.scdn.co/image/ab6761610000e5eb380041733de62ff964c1c241,Josh Groban,61
6caPJFLv1wesmM7gwK1ACy,minimal techno,Techno & Trance,https://i.scdn.co/image/ab6761610000e5eb2cc3d29c6605e96958abf585,Boris Brejcha,65
6ccc2jvU6SYt0OyInCkIbG,Funk / Soul,Funk/Disco,https://i.scdn.co/image/9fd35b061a2df67cbd7bbc7f5520e1f08c016cbf,Paul Robeson,30
6cdjHn7gBUt2lY6MAWN1UN,ragtime,Jazz,https://i.scdn.co/image/bbea79c77e0a3416aa1e37ba957923f98ad3e126,Harry Lauder,9
6cinIxSY7ulubocBa3sQxs,Jazz,Jazz,https://i.scdn.co/image/ab6761610000e5eb479069f7afa8b706e609ed68,Awale Jant Band,0
6cjrKQXgUoynqHrUXBl4nC,hard house,House & EDM,https://i.scdn.co/image/ab67616d0000b273f0e502a95a1031e85c873230,Toja,0
6csA2rxNLkQJXeEa7lyGXn,uk garage,Garage & Breaks,https://i.scdn.co/image/ab6761610000e5eb01604c583eee95123e61098c,Mis-Teeq,50
6d1HqiWNEKV9zFqQM9WeYo,Electronic,House & EDM,https://i.scdn.co/image/ab6761610000e5eb8aaaa11475b9ada1556ab5ab,Romare,48
6d7UruACLX6g4noTJZXZhx,minimal techno,Techno & Trance,https://i.scdn.co/image/ab67616d0000b2738f95fb41ea464ab64f596654,S. Moreira,4
6d9SnuHI2bRer7c76d8sLq,moombahton,Bass Music,https://i.scdn.co/image/ab6761610000e5eb5fe8b9aacd8743d1cbb66871,Bro Safari,39
6dFY9Mfn7uV9fOFW7kCqjY,Electronic,House & EDM,https://i.scdn.co/image/ab67616d0000b2736a66ba0b254776dba7a48bc6,The Mike Flowers Pops,24
6dIOTeSQDBSR6gwsL0WB2n,"Folk, World, & Country",Other,https://i.scdn.co/image/ab67616d0000b273da788959926695cb1c562424,Lonnie Donegan,33
6dP7OHshDvGHaNNSwunol4,krautrock,Alternative/Indie,https://i.scdn.co/image/150e46972230c23330765e0e0250d599afaba622,Silver Apples,33
6dUZplQfg5blo0h9HiJ94d,jazz,Jazz,https://i.scdn.co/image/8502de1776934833e9bdfc8d080bb6eb1c14f5c5,Tommy Flanagan,45
6dYrdRlNZSKaVxYg5IrvCH,acid house,House & EDM,https://i.scdn.co/image/ab6761610000e5eba950aa62d0feee6eaebe17d6,The KLF,46
6dflJhpEMW53KdFMj4myPc,uk garage,Garage & Breaks,https://i.scdn.co/image/ab6761610000e5ebbf311e8c63cc1b7bfc76e6cb,B15 Project,35
6dgwEwnK0YtDfS9XhRwBTG,Rock,Rock,https://i.scdn.co/image/ab6761610000e5ebcafd2875af0609eed7b8422e,Broken Bells,56
6doKGXTNTJaTTYjqX2zWEt,drone,Ambient & Experimental Electronic,https://i.scdn.co/image/ab6761610000e5eb48ff3ce7dca630c6c7afd988,Land Trance,0
6e28WiPlKSu1ukkhHCZEnF,,Unlisted,,Jenifer Lewis,48
6e6GkaF6uiSEFuTrlvDJUF,shoegaze,Alternative/Indie,https://i.scdn.co/image/ab6761610000e5ebf884def13483d4ee971436b0,The Twilight Sad,42
6e6qkEsLUF72vmxPuQQPHG,idm,Ambient & Experimental Electronic,https://i.scdn.co/image/ab6761610000e5eb0d6099b5ee2ce18d4374a222,The Fear Ratio,6
6e7QpHYqEiyJGiM98IysLa,outlaw country,Country/Americana,https://i.scdn.co/image/21910b77cbb542fcc60962aa4c6f33cdc86e62ac,The Highwaymen,63
6e9wIFWhBPHLE9bXK8gtBI,Rock,Rock,https://i.scdn.co/image/ab6761610000e5eb02f411bd3acd4f49905f2564,Editors,54
6eDKMXn3OBIkI8jcY7JtlI,vaporwave,Ambient & Experimental Electronic,https://i.scdn.co/image/ab6761610000e5eb4205564ba1357895fc307c33,ESPRIT 空想,53
6eHPmq8aR8X4TZIMvrD9Bo,rocksteady,Reggae/Caribbean,https://i.scdn.co/image/ab67616d0000b27361a2f0aae32ff1e42bc08ccd,The Maytals,36
6eLbRJP12OhyvUv4ntto4e,boogie-woogie,Jazz,https://i.scdn.co/image/ab6772690000c46c29a70c586ac9c877fa738691,Jools Holland,54
6eO95BjZhrWHREMfwC4vVN,Rock,Rock,https://i.scdn.co/image/e142cfa0a151fc9b0113aaa602b2af6295efa80a,Girls,35
6eOctSpuft4GgCDDBarBak,Hip Hop,Hip Hop/Rap,https://i.scdn.co/image/ab6761610000e5eb084e972cccdcd53bd837cf1c,Mayor,0
6eQ4tswvGrWCN3FDhfZILu,Electronic,House & EDM,https://i.scdn.co/image/ab6761610000e5eb526dcf05877a27d8a225174f,chantssss,2
6eU0jV2eEZ8XTM7EmlguK6,retro soul,R&B/Soul,https://i.scdn.co/image/ab6761610000e5eb39d27eaedd0adde305e9c98f,Black Pumas,65
6eUKZXaKkcviH0Ku9w2n3V,soft pop,Unlisted,https://i.scdn.co/image/ab6761610000e5ebd55c95ad400aed87da52daec,Ed Sheeran,93
6eVCRmRG2HcfL4yx77A9WK,adult standards,Pop,https://i.scdn.co/image/3ff46053e6eb0efba2f1c570b440b3043897e283,Jack Jones,48
6eXZu6O7nAUA5z6vLV8NKI,Hip Hop,Hip Hop/Rap,https://i.scdn.co/image/ab6761610000e5eba22264dfbad2d96ffc6ee2e0,Little Simz,69
6eaiX6o2BMv5eyOjz9A6s0,alt country,Country/Americana,https://i.scdn.co/image/ab6761610000e5ebf96ed5024c9a5be49515fd10,Dawn McCarthy,12
6eb2gxfoBSQhmDYkQKz93b,latin indie,Unlisted,https://i.scdn.co/image/ab6761610000e5eb1305598f4831be76a1ed2b9e,Y La Bamba,42
6ejhSoIRxxVXEDJTR3kAVx,uk funky,Bass Music,https://i.scdn.co/image/ab6761610000e5ebbf911dca7f68af104caba62c,Geeneus,20
6enf9pAQzUSPYxwYugzvgW,idm,Ambient & Experimental Electronic,https://i.scdn.co/image/ab67616d0000b27334329114b83b995b2c5ef6da,Cepia,12
6eu3TBnYM3SrkUU59SFhgp,dub techno,Techno & Trance,https://i.scdn.co/image/9d579dd932b36f1745acf6a8c83f0631f7688d82,Function,27
6f2k5CwVLvTy0rgw6Q8B4Q,minimal techno,Techno & Trance,https://i.scdn.co/image/ab6761610000e5eb805b7d31972dd019afd78c11,Tiefschwarz,29
6f5lOlSFJw9K79gaNnmWAd,alternative r&b,R&B/Soul,https://i.scdn.co/image/ab6761610000e5ebb77f85aacf24b0ad5656eb40,Tirzah,49
6fB2D85hn56JzRBTlCG0nw,Pop,Pop,https://i.scdn.co/image/ab6761610000e5eb3bfd5efad7843dc298733933,Rachael Lavelle,15
6fEO1r9Y9TYL9O4w5kVPmc,Electronic,House & EDM,https://i.scdn.co/image/ab6761610000e5eb50a1873cde4b5c0f6574335a,Jagwar Ma,32
6fHETUBbKmdmgybtFOFQuc,indie rock,Alternative/Indie,https://i.scdn.co/image/79c68a4ac601aeaadfae71345d8edb6478829175,Dirty Pretty Things,41
6fLrPFLWLSCrp7gcTZXcKb,Electronic,House & EDM,https://i.scdn.co/image/ab6761610000e5ebb2fd051e3d780aa0ab294f06,Twin Shadow,49
6fOMl44jA4Sp5b9PpYCkzz,christian hip hop,Hip Hop/Rap,https://i.scdn.co/image/ab6761610000e5eb1cf142a710a2f3d9b7a62da1,NF,77
6fVcDUckTwxqg56qNsEvUr,indie rock,Alternative/Indie,https://i.scdn.co/image/afd7243238cf01ead6832811d65504409f9cd874,Frightened Rabbit,49
6fiX1FdXGRLUMN8xvwfgpw,dark ambient,Ambient & Experimental Electronic,https://i.scdn.co/image/ab6761610000e5eb6f3090d6902c7fcb181eae7d,Loke Rahbek,18
6fimwBQkUgYS2HweErgxN5,Blues,Blues,https://i.scdn.co/image/ab6761610000e5eb098d11648a891cb1a115c650,Anika,39
6fkGY2RJyI8UxNjMlDo9k1,folk,Folk/Acoustic,https://i.scdn.co/image/ab67616d0000b273ccdb8e452a061106c4ad3dd9,Tia Blake,47
6ft7JnxMyZhp7N52qzHymY,bedroom pop,Pop,https://i.scdn.co/image/ab6761610000e5ebf44b9228f7c27e00783d1c8d,Vansire,63
6fxk3UXHTFYET8qCT9WlBF,Rock,Rock,https://i.scdn.co/image/ab6761610000e5eb292b964365b5de1a53216852,Kevin Morby,52
6g0mn3tzAds6aVeUYRsryU,indie rock,Alternative/Indie,https://i.scdn.co/image/ab6761610000e5eb03ef469bbf290d048e6c521d,The War On Drugs,62
6g4QFMHc4H90YskTtuVItO,Electronic,House & EDM,https://i.scdn.co/image/ab6761610000e5eb4d4881eac5cefe26365cc528,Touch & Go,49
6g8Jqb5JMfv92eB2r0awTN,slowcore,Alternative/Indie,https://i.scdn.co/image/ab6761610000e5eb129d10266bc7a8c6569b678c,Arab Strap,36
6gAtOqhriLzOzb3Qqmg5kO,indie folk,Folk/Acoustic,https://i.scdn.co/image/cc8b1511db745afca2bddc48cc775224244290ef,Volcano Choir,40
6gBmUpKvNYtnQTSLK5vwS5,chicago house,House & EDM,https://i.scdn.co/image/ab67616d0000b273a5fe87a0eac0380ddac42132,DJ Rush,34
6gCwR8CCL5jkaCNcmw26rI,neo-psychedelic,Rock,https://i.scdn.co/image/ab6761610000e5eb6208d4ccc20330bc03bdf1cc,Triptides,33
6gFbwCDrKMQJpxSPclIUnu,proto-punk,Punk/Hardcore,https://i.scdn.co/image/ab67616d0000b273d98036998c9f9f759f1fcfa8,The Deviants,14
6gMW76a7vmuyUuAivTjFGj,jazz,Jazz,https://i.scdn.co/image/6d62eff1e631f393a60cfec3014df6a9838ff573,Ellis Marsalis,32
6gMfkqulAoL5sIeLodjrif,krautrock,Alternative/Indie,https://i.scdn.co/image/3d17863fa8e44753fda52a31e9fcd593724135de,Jac Berrocal,6
6gO9O0Iss2ipZuskVnmA9a,doo-wop,R&B/Soul,https://i.scdn.co/image/ab67616d0000b2732082d635cfd13f2152faa203,The Valentines,25
6gU7qtF5B31WwdgkNwF1XK,Hip Hop,Hip Hop/Rap,https://i.scdn.co/image/ab6761610000e5eb9cdb9e370dd8860ab9e9d92a,DJ Harrison,41
6gZq1Q6bdOxsUPUG1TaFbF,nu metal,Metal,https://i.scdn.co/image/ab6761610000e5ebe024531c06e7de54f84ea6fd,Godsmack,70
6gc6oo3u2f7SqTd4mhe81O,jazz,Jazz,https://i.scdn.co/image/ab6761610000e5eb272e70fd5f5f4d76666a110f,Ahmad Jamal,46
6gj4aZLxVGCdFPMThH6q6q,drum and bass,Bass Music,https://i.scdn.co/image/ab6761610000e5ebd9d9996c47adb23b1dcc1d59,Ed Rush,34
6gkHVRYMMXviNI4DglaLrr,lo-fi house,House & EDM,https://i.scdn.co/image/ab6761610000e5ebed044fa704f30fbc74c3131e,Route 8,29
6gkWznnJkdkwRPVcmnrays,disco,Funk/Disco,https://i.scdn.co/image/ab6761610000e5eb3e3e634435f477df50760eae,Sister Sledge,62
6glIE97GtgyY8jzlaxo9qZ,hard house,House & EDM,https://i.scdn.co/image/ab6761610000e5ebda15d7b98579dfa4ee209f2e,Beau Didier,27
6guTJsgPymDUVfqDJyz5UG,slowcore,Alternative/Indie,https://i.scdn.co/image/ab6761610000e5ebefd9a324798d368dde6ec5ef,Galaxie 500,42
6h2bWHWTJL38N8dqocVaif,Rock,Rock,https://i.scdn.co/image/ab6772690000c46ce43c15ff363e19d54bfac8ed,Jon Bon Jovi,57
6h3rSZ8VLK7a5vXjEmhfuD,funk,Funk/Disco,https://i.scdn.co/image/c15c43d50317795bfd51c76d014cf8e0f5a7bd7b,The Brothers Johnson,55
6h76MLMaPUoWVPC7VnEw86,children's music,Novelty/Spoken Word,https://i.scdn.co/image/ab6761610000e5eb5f18754304aba19e14838240,Mother Goose Club,65
6hAUCkzZpoYGObd8qFW5TT,americana,Country/Americana,https://i.scdn.co/image/ab6761610000e5eb62549adbe410bdef45a2f26c,Pokey LaFarge,45
6hBQq083tyW3yrF1gdVt4Q,jangle pop,Pop,https://i.scdn.co/image/ab6761610000e5eb06742b4971ff24b5533836af,Half Man Half Biscuit,39
6hBrJJrcYoNhvLC6KaFR4b,dubstep,Bass Music,https://i.scdn.co/image/ab6761610000e5eb02efc5d964796e5a8673ce69,Eliminate,50
6hJtgCB3L5cnJSND7sp6GU,deep house,House & EDM,https://i.scdn.co/image/ab6761610000e5eb5afd109397efbef0db9572b1,Dam Swindle,48
6hN9F0iuULZYWXppob22Aj,new wave,Pop,https://i.scdn.co/image/ab6761610000e5eb83e9da1d7f9d7da25c9e1e53,Simple Minds,69
6hNELDwN2cBEdL74cpXKc0,drum and bass,Bass Music,https://i.scdn.co/image/ab6761610000e5ebf971fb1c8a30f889093ba070,Hyroglifics,24
6hQx28f86hT8QSpaKammmZ,vaporwave,Ambient & Experimental Electronic,https://i.scdn.co/image/ab6761610000e5ebee61e6bf556635bd5990abf6,architecture in tokyo,39
6hV6oxGLeLFw17DGjIPkYD,"Folk, World, & Country",Folk/Acoustic,https://i.scdn.co/image/ab6761610000e5eb3fb8d97d048bcafe658cf839,Cosmo Sheldrake,58
6hhA8TKRNryM8FNzqCqdDO,trip hop,Ambient & Experimental Electronic,https://i.scdn.co/image/ab6761610000e5eb4d984aa9a0e818883be927fa,Tricky,56
6hjRjVNLWTCPYci9nxhI1G,dub techno,Techno & Trance,https://i.scdn.co/image/ab6761610000e5eb69cf1908fc6df27b4a66e950,efdemin,34
6hkch2KhRl0tywpeVK5xR5,proto-punk,Punk/Hardcore,https://i.scdn.co/image/67b06c05d9e998d4cce7b549ddb6ddf9c28bb4c8,Jonathan Richman,44
6hnWRPzGGKiapVX1UCdEAC,motown,R&B/Soul,https://i.scdn.co/image/ab6761610000e5eb41aaa3a05d2ddba59454273e,Sam Cooke,68
6ho33Vt1tjZyf8m7Z5NZhx,Rock,Rock,https://i.scdn.co/image/ab6761610000e5ebd41ace025de42a3c28e96fe6,Gaz Coombes,36
6hrEc1XqVcGLK0Di6zVADR,jazz,Jazz,https://i.scdn.co/image/58deeea6ddd88100240abb119748da77ebf1d84f,Mary Lou Williams,42
6hvfjmpSU8qRjpwH5wTc5t,sea shanties,Folk/Acoustic,https://i.scdn.co/image/ab67616d0000b2736b2543733d70f6120a881e33,The Foc'sle Singers,13
6hxlIANxRjG8mQTcR8evvP,miami bass,Hip Hop/Rap,https://i.scdn.co/image/7193b611b9816cc851c9be83b9533606510cdfc1,DJ Magic Mike,36
6i6WlGzQtXtz7GcC5H5st5,yacht rock,Rock,https://i.scdn.co/image/ab6761610000e5eb87ea0df306075f9efd8b6682,10cc,67
6iD5nfYvdSl4fCkcjzs2XF,alternative dance,House & EDM,https://i.scdn.co/image/8c714c6a1a0f6a6405eb3499db11a2d8006060f6,We Have Band,35
6iDI0sHLIeFIkZk6BKJBVQ,synthwave,Pop,https://i.scdn.co/image/ab6761610000e5eb5d9ed3c71d3cce077b9501a2,Maximum Love,43
6iOpZ3mUTWOjjER4mGcZmS,classic country,Country/Americana,https://i.scdn.co/image/2446ffda81b4c8a9b97d8b22e33e77e0cc908c20,Roy Clark,40
6iUQpaTq1rzkfcdNo8d62s,Jazz,Jazz,https://i.scdn.co/image/ab67616d0000b27379af96cd47ab2ac485f9c1a2,Duncan Lamont,32
6iVzn7VOmHkhFAnB8XAGZ4,experimental,Ambient & Experimental Electronic,https://i.scdn.co/image/ab6761610000e5eba2db85ff3773054b26dc05b4,Emptyset,26
6ihLfpY3cmdGyWEnItn30w,german hip hop,Hip Hop/Rap,https://i.scdn.co/image/ab6761610000e5eb2080a8b99835d7253d3e0b33,257ers,56
6ijlAl4dK1vH2Kony5mKYl,electroclash,House & EDM,https://i.scdn.co/image/ab67616d0000b27365dc7de08bb23d457f811774,Technova,4
6is2U7I1jlI8PjxNZOHIMV,quiet storm,R&B/Soul,https://i.scdn.co/image/ab67616d0000b2737a5a52177044460e8e5060ae,DeBarge,59
6iuM8yp1x2N0l6SONhyq4b,folk,Folk/Acoustic,https://i.scdn.co/image/16d510f68a0727d6a3fa95a8dd5139862af1b02b,Ramblin' Jack Elliott,35
6ivVgdQ8qi5Tu2pc1zeVKP,jazz fusion,Jazz,https://i.scdn.co/image/ab6761610000e5eb6703f459d7edff2042e5f70b,Cameron Graves,11
6iy8nrBbtL57i4eUttHTww,britpop,Rock,https://i.scdn.co/image/ab6761610000e5eb6edfd1091dc218ca1fc8668c,"The Good, the Bad & the Queen",35
6iyQYs37mRXLW04Z9NOnNT,Classical,Classical/Orchestral,https://i.scdn.co/image/fa0c5cf8b7cba56919cce22b3b21ddf37f13ec30,Maurice Jarre,45
6j8vIUr5loVTkj8dY1CcDp,drone,Ambient & Experimental Electronic,https://i.scdn.co/image/ab67616d0000b27316e62d35df67134b9b2fd651,Tomoko Sauvage,6
6jByJTW6DZkHpVQ2SG3fXL,electrocumbia,House & EDM,https://i.scdn.co/image/ab6761610000e5eb71db04603363938414e82731,Grupo Jejeje,20
6jF345xlOryBwNKDbuAyN3,chillwave,Ambient & Experimental Electronic,https://i.scdn.co/image/1ef66af15ce9393e2300278caa01d23fc275234f,Memory Tapes,31
6jHG1YQkqgojdEzerwvrVv,old school hip hop,Hip Hop/Rap,https://i.scdn.co/image/3749993d2b60bbbaa02602a09737f2107cbae4dd,Eric B. & Rakim,55
6jJ0s89eD6GaHleKKya26X,pop,Pop,https://i.scdn.co/image/ab6761610000e5eb0988562f78810e47a6e3325f,Katy Perry,87
6jJG408jz8VayohX86nuTt,dub,Reggae/Caribbean,https://i.scdn.co/image/ab6761610000e5eb5682264188e83965fd4512f1,Sly & Robbie,46
6jLJRdVrrcyikxCiZimcqd,krautrock,Alternative/Indie,https://i.scdn.co/image/ab6761610000e5ebac5dfdeca4487da05cd61859,Die Wilde Jagd,25
6jP9Z7o6WlbYvKUOeO5SbP,neo-psychedelic,Rock,https://i.scdn.co/image/ab6761610000e5eb89d9a98c31c1efa260d6eb13,Goat,43
6jQ9UtYXqNfVnPkrH1Xxwi,Funk / Soul,Funk/Disco,https://i.scdn.co/image/3bcfb3a1efd35b8646b4175df1a69a88e93296ed,Maxine Nightingale,52
6jQPzLCJR0VTi6n5DBTCY0,doo-wop,R&B/Soul,https://i.scdn.co/image/ab67616d0000b2731d894e86c69c4af5707e0805,Jordan & The Fascinations,0
6jTnpaDjHOi356p7xEKSOp,djent,Metal,https://i.scdn.co/image/ab6761610000e5eb52d424dfeaee3d0b0ebe1d52,Maxi Curnow,4
6jU2Tt13MmXYk0ZBv1KmfO,italo disco,Unlisted,https://i.scdn.co/image/ae53e43ad044fe30298ac986a606bef7db4617bb,Giorgio Moroder,58
6jdObwsrIjSRnBbMw6lPBj,yacht rock,Rock,https://i.scdn.co/image/7e0eb81433b92ae11894a35a53aa870be824d772,Seals and Crofts,60
6jeKkBjseBOCCmqBvnhSkt,experimental,Ambient & Experimental Electronic,https://i.scdn.co/image/ab6761610000e5eb5ee5d65e375d25c92878dddf,Powell,12
6jfR9Na2d55xoFOK5mQT1I,,Unlisted,https://i.scdn.co/image/ab6761610000e5ebf751b529465fd91bd74b993e,Slaney Bay,9
6jg1EbpTL27toPdfzveorJ,rocksteady,Reggae/Caribbean,https://i.scdn.co/image/ab67616d0000b2737717fa00155bf149b3ac4b44,Ken Boothe,48
6jlWj6y00bMQt8XoKuCjyZ,pop soul,Pop,https://i.scdn.co/image/ab6761610000e5eb425bf96c1495bc03a0f5caa6,Emily King,45
6jrlNnS5B830kpi40j3S6g,hard bop,Jazz,https://i.scdn.co/image/9e8ffb1e319cc51cdac8927e627bf23453ebc9e9,Max Roach,46
6juuiuCv8jRHZOcvP2BqKp,jangle pop,Pop,https://i.scdn.co/image/cfb3988603281a0305abc401817db4588b9430c3,Lloyd Cole and the Commotions,45
6k3YMXJ1MJLgUEAlSPC6hA,motown,R&B/Soul,https://i.scdn.co/image/ab67616d0000b273754ec71bd163ad6b10873880,Fontella Bass,48
6k8oBFzievbIn6XJK0pDpa,Rock,Rock,https://i.scdn.co/image/ab6761610000e5eb7a144507a46569f89a0459fb,Tunng,34
6kACVPfCOnqzgfEF5ryl0x,classic country,Other,https://i.scdn.co/image/ab6761610000e5eb94a8326675bfcafb20f0a235,Johnny Cash,77
6kBDZFXuLrZgHnvmPu9NsG,idm,Ambient & Experimental Electronic,https://i.scdn.co/image/ab6761610000e5ebaa3c91d792eb520a5d58daa5,Aphex Twin,68
6kBjAFKyd0he7LiA5GQ3Gz,europop,Pop,https://i.scdn.co/image/ab6761610000e5eb54cd560d17307a51f3dc278a,Aqua,68
6kEsKkXuE4olX7m3mNLZkS,Pop,Pop,https://i.scdn.co/image/ab6761610000e5eb367f73339b4a118af1ebb5fc,Art Garfunkel,49
6kEyGr2dFnzcKGxpHmnJnn,ambient,Ambient & Experimental Electronic,https://i.scdn.co/image/ab6761610000e5eb2b664fada768dd7a09d0dc5a,Sofie Birch,36
6kFay2DQ5aZfeu5OsrF3Pw,indie rock,Alternative/Indie,https://i.scdn.co/image/ab6761610000e5ebaefcc48f32686224654746ca,The Walkmen,49
6kNluNBHa4sh5BKIvyiDgf,Electronic,House & EDM,https://i.scdn.co/image/ab6761610000e5eb9c724154960e76e3e3ab762e,Domenique Dumont,50
6kdwzQXMKVXyk0xPMg2H1b,idm,Ambient & Experimental Electronic,https://i.scdn.co/image/ab67616d0000b273f5891a24aadded09df104372,Outtaaakeee,3
6kic5bCjlohhDn9KzXbOta,idm,Ambient & Experimental Electronic,https://i.scdn.co/image/ab6761610000e5eb19bc84f187e453c6b7db680a,Clark,43
6kz7WuPaUa4QVreP27I33i,blues,Blues,https://i.scdn.co/image/da2d67cbcad21e24c54b26ee1b7d5da6cfd283a5,The Paul Butterfield Blues Band,37
6l3HvQ5sa6mXTsMTB19rO5,rap,Hip Hop/Rap,https://i.scdn.co/image/ab6761610000e5eb4b053c29fd4b317ff825f0dc,J. Cole,84
6l3iPTof4l2D75Wawq9w7R,big band,Jazz,https://i.scdn.co/image/ab67616d0000b273b64b3bede8c09460e548231e,Al Bowlly,50
6l7kpMU6vrvpM901UnNuTi,krautrock,Alternative/Indie,https://i.scdn.co/image/ab67616d0000b2735ff7bbc5d77aca95f12ee2f8,Arno Vancolen,0
6lDaViWraJYpkI6nRq29vp,dub techno,Techno & Trance,https://i.scdn.co/image/ab67616d0000b2730cb8db3257ce1fead212e029,SW.,26
6lFaWkFgac1XZmeRWPo0Bh,Jazz,Jazz,https://i.scdn.co/image/ab6761610000e5eb850efee6c0eec695d1b04ddb,S.O.L.,5
6lHC2EQMEMZiEmSfFloarn,Rock,Rock,https://i.scdn.co/image/2afb763c73b7bbf623a484ef19a42c1bec9500cd,Peter And Gordon,44
6lJ30nhm0xLVkxvZhPmLMm,Rock,Rock,,Niqab,0
6lLYZf9GpSq6Pf09g2N2xK,new jack swing,R&B/Soul,https://i.scdn.co/image/ab6772690000c46cdace13e16c98ea9e2eb9f644,Wreckx-N-Effect,47
6lNdjatBO3aCJfYYPDKCm6,neo-psychedelic,Rock,https://i.scdn.co/image/a77bbfdd175be830ba46809b3780042776fbb37b,Darker My Love,19
6lOC7lwSO1ql4Gc2Y3QObY,christmas,Jazz,https://i.scdn.co/image/ab6761610000e5eb79b13b638297a6952fd3277c,East 17,47
6lQcPZtrhQfbSkXafngUYc,children's music,Novelty/Spoken Word,https://i.scdn.co/image/ab6761610000e5ebb03a003e3ef063229a401923,Patty Shukla,46
6lUHaXpGnEYgycJkOTndur,dub,Reggae/Caribbean,https://i.scdn.co/image/ab6761610000e5eb627651d527b0975fe8bae619,Tapes,12
6lZyR8Jptc5DgZRqCRz4HL,traditional folk,Folk/Acoustic,https://i.scdn.co/image/ab67616d0000b273091931d79f18f6331d401325,Sacred Harp Singers,23
6liAMWkVf5LH7YR9yfFy1Y,trip hop,Ambient & Experimental Electronic,https://i.scdn.co/image/05d3721739aee511a898081ab140daa7890a0120,Portishead,68
6lqJTEcXqLTl8NQmBZLqWi,bass music,Bass Music,https://i.scdn.co/image/ab6761610000e5eb074985d40cfa64f86c7ac73e,Do Dem,22
6lyYDuLxgcxPLH5RjUPH5p,dubstep,Bass Music,https://i.scdn.co/image/ab6761610000e5eb097ffcd3478feeb7c897d6f8,Benga,35
6m1b4GsQhX1aVvQR5B0UhZ,industrial,Alternative/Indie,https://i.scdn.co/image/ab6761610000e5eba4bc4fd66884175b248a7c85,Stave,5
6m30rs1IQqnWqV5nKMpU7U,funk,Funk/Disco,https://i.scdn.co/image/23212728cebb091acf4c1192b6f25c553c01c415,Ohio Players,50
6m6rbOfn0fQIVteo1za0wJ,Pop,Pop,https://i.scdn.co/image/ab6761610000e5eb1a183beb979401f23afb2993,Michael Blackwell,18
6mKG3qBCVYOgF6UcpWQnPw,Classical,Classical/Orchestral,https://i.scdn.co/image/ab6761610000e5eb81c6553d4bee15f744528455,Alexander Joseph,7
6mKqFxGMS5TGDZI3XkT5Rt,Rock,Rock,https://i.scdn.co/image/ab6761610000e5ebc2529fa7223c4a6190f07820,Angel Olsen,51
6mKtBhRYKslEujxi811mmw,Rock,Rock,https://i.scdn.co/image/ab6761610000e5eb35f95e25a6f9a98c2a7810f1,Value Void,0
6mMCSCuTbGU6kNr4303LwH,idm,Ambient & Experimental Electronic,https://i.scdn.co/image/ab6761610000e5eb6fa976a8d7829935db6a2b74,The Flashbulb,44
6mMJS38TEles0rET0Q4ziz,Rock,Rock,https://i.scdn.co/image/ab67616d0000b273d739b204192733c78be28328,Turbogeist,0
6mP9zMUpvIMUMxkHfB5GUB,minimal techno,Techno & Trance,https://i.scdn.co/image/ab67616d0000b27317da154508f9b4b6a2ae3464,Ambivalent,10
6mPzVfnTE4JQJAuAdz2csx,breakcore,Bass Music,https://i.scdn.co/image/cc661546b4c24840fb6d5f0974d90e4a2f7c3e2b,Shitmat,20
6mQfAAqZGBzIfrmlZCeaYT,Electronic,House & EDM,https://i.scdn.co/image/ab6761610000e5eb87b0c6a4811964bd1b7d701f,Chaka Khan,66
6mUkkNOlpYefP8Y2lcWTCp,garage rock,Rock,https://i.scdn.co/image/154367ea5913fcebfa97ce90543f60fa24ad4b7d,The Sorrows,16
6mVIepilotsPjD4ZmlFtE5,ambient,Ambient & Experimental Electronic,https://i.scdn.co/image/ab67616d0000b27318081571634287c51e7afbfc,CS + Kreme,16
6maphvdwLWb9tIeiFAAaE3,post-punk,Rock,https://i.scdn.co/image/ab6761610000e5eb9dc8cfd200fb44eeebef04d4,Talk Show,17
6mcrZQmgzFGRWf7C0SObou,doo-wop,R&B/Soul,https://i.scdn.co/image/ab6761610000e5ebb327bc619c6db2f9dce5f431,Frankie Valli & The Four Seasons,59
6mkqjpZbG63Y1MJQcItRmC,experimental,Ambient & Experimental Electronic,https://i.scdn.co/image/ab6761610000e5ebf0784c8919764bf18c92dbaf,Not Waving,19
6mlzYzLXQ7gQrMg3DydrAi,cold wave,Unlisted,https://i.scdn.co/image/ab6761610000e5eb1989e83e869603c7d34d50db,Reymour,38
6n7nd5iceYpXVwcx8VPpxF,classical,Classical/Orchestral,https://i.scdn.co/image/f1cd0eea7fb3b75bfad16a10af1dc0dd0763efba,Antonín Dvořák,63
6nDLku5uL3ou60kvCGZorh,Rock,Rock,https://i.scdn.co/image/ab6761610000e5ebb37fd268f79456bf904d617e,Bloodhound Gang,66
6nDeZk1AU320DQaj8pD80O,drone,Ambient & Experimental Electronic,https://i.scdn.co/image/ab6761610000e5ebda1ff5837c7329bf44a03aaf,Celer,37
6nJ0ByWSHN4TnDpiojmwIN,dub techno,Techno & Trance,https://i.scdn.co/image/ab67616d0000b273bd5b61f700c2e89ef452e9fe,BLNDR,25
6nKfpz5OosWfOp3CnY0kvy,musicals,Unlisted,,Michelle Pfeiffer,43
6nKiMtIgRJLOREJtl0eBfV,chanson,Pop,https://i.scdn.co/image/ab6761610000e5eb59ff65c84811f91fed33bfe9,Nicole Croisille,42
6nLkWu5DSXItXcB6q2ISTO,cool jazz,Jazz,https://i.scdn.co/image/ab67616d0000b27372af4a9b46118c869296f4c8,Gerry Mulligan Quartet,37
6nPKmEbQmR8jGZEm7ArOFX,blues,Blues,https://i.scdn.co/image/ec29e66fd349e5090f874921a7cd0bdb972212b3,T-Bone Walker,45
6nPiCm3jwXHrOsMbTDoc4E,latin jazz,Jazz,https://i.scdn.co/image/ab6761610000e5eb4badccef7514223d7435f4cc,Danilo Perez,20
6nS5roXSAGhTGr34W6n7Et,house,House & EDM,https://i.scdn.co/image/ab6761610000e5eb3faf416d3be99d63fec18baa,Disclosure,78
6nXSnNEdLuKTzAQozRtqiI,indie folk,Folk/Acoustic,https://i.scdn.co/image/ab6761610000e5eb962b60d0bbfdcefb28dece35,M. Ward,51
6nXmQPrVlIBfY4FxlQrPii,idm,Ambient & Experimental Electronic,https://i.scdn.co/image/ab67616d0000b273e6250f51c29196b59ec91170,Poemss,1
6naGTpITCSx3St2nZgxDuz,Rock,Rock,https://i.scdn.co/image/ab6761610000e5ebf9709bdb2f6f8d6f74b34c49,Merchandise,19
6ne5YmZH7oCXcZUBsY66sn,new wave,Pop,https://i.scdn.co/image/a2e7b496f8a0ce569609225a474be11cd26ab96a,Phil Oakey,49
6neRQxL2y2KKIrOCt7x5NQ,egg punk,Punk/Hardcore,https://i.scdn.co/image/3736a6c6d95e13b62b96e144d54d040b9e8a22a1,Ex-Cult,15
6nrFqkvRs71iJWGnHJHa2O,indie folk,Folk/Acoustic,https://i.scdn.co/image/ab6761610000e5eb26e73c9a7011dbc670f5aaa8,Scott Matthews,32
6ns6XAOsw4B0nDUIovAOUO,east coast hip hop,Hip Hop/Rap,https://i.scdn.co/image/99b354cef6f088bc6d5400fffee5095b2a038cfe,GZA,62
6o0D107sJRzHS7mIWuQQJ6,gospel,R&B/Soul,https://i.scdn.co/image/ab67616d0000b273a5a727efc19b124dfdbe5789,Albertina Walker and The Caravans,0
6o6kScYP6VaQ9xIpiz7cqx,lo-fi house,House & EDM,https://i.scdn.co/image/ab6761610000e5ebf5f1a9356935c9909fd53dbd,S3A,14
6oA7ZIJ36hYM0DnXndMlII,Electronic,House & EDM,https://i.scdn.co/image/ab6761610000e5ebd1c9d2bdacd559c0c5890fd1,Cybordelics,13
6oFdGNsCC4aj6xv2C5UOPQ,rocksteady,Reggae/Caribbean,https://i.scdn.co/image/ab6761610000e5eb895282ce705d49ebc97e73ca,Cimarons,23
6oPQiSj92N4mk5jXLtX1bl,indie soul,R&B/Soul,https://i.scdn.co/image/ab6761610000e5eb40f746705c8fb35b6d175e52,Poppy Ajudha,46
6oV3BNm1Gj2GGgpYknc5TN,disco,Funk/Disco,https://i.scdn.co/image/fe9b81e113fda9e9594c1be350add321d8eaffea,George McCrae,53
6oYcn2i1dq34wUi5HBIFCT,Electronic,House & EDM,https://i.scdn.co/image/ab6761610000e5eb5a0b16557afb2b613c32180e,Oaktree,8
6ogn9necmbUdCppmNnGOdi,Rock,Rock,https://i.scdn.co/image/ab6761610000e5ebf6a97342ccd47692b7cdf8c0,Alanis Morissette,71
6olE6TJLqED3rqDCT0FyPh,grunge,Rock,https://i.scdn.co/image/84282c28d851a700132356381fcfbadc67ff498b,Nirvana,85
6olWbKW2VLhFCHfOi0iEDb,Electronic,House & EDM,https://i.scdn.co/image/ab6761610000e5eb17a4b9ee72a4d06cb9a8b8c4,Hudson Mohawke,50
6ommlbuccgdiKSgjvVlQ4W,indie punk,Punk/Hardcore,https://i.scdn.co/image/ab6761610000e5eb9a0962323fbf23d1e625f3d1,Diet Cig,31
6orxWgoYWYZQXoT9i7hlGI,Classical,Classical/Orchestral,https://i.scdn.co/image/ab6761610000e5eb91a1f70effd93ada2a4ac59d,Alex Wand,1
6p41GgJajkf3W2YXAzL8xC,grime,Bass Music,https://i.scdn.co/image/ab6761610000e5ebefc75ffae04d1fdd0aff60d1,Plastician,34
6p4aQyQz1JHnc4sLdTjgv7,Jazz,Jazz,https://i.scdn.co/image/ab67616d0000b273a3e5803eeb9511fb34566062,Evelyn Knight,23
6p9Qy71KocWwjmpUcHUTda,zydeco,Country/Americana,https://i.scdn.co/image/0ea485197dec96d671340a52f05e1cc4f99a3d00,Rebirth Brass Band,38
6pAwHPeExeUbMd5w7Iny6D,classical,Classical/Orchestral,https://i.scdn.co/image/d18a81c4349a78b0d42ee847ab63a5f1e60a111d,Richard Strauss,55
6pJY5At9SiMpAOBrw9YosS,jazz house,House & EDM,https://i.scdn.co/image/ab6761610000e5ebe87bcd600923388e07d3e950,Folamour,55
6pK7cjk3pKTznca30ofwjJ,breakbeat,Garage & Breaks,https://i.scdn.co/image/ab6761610000e5ebeaf1c3ced472998c5d878600,London Modular Alliance,18
6pKJqozqp0jdugOsyFRGMx,hard house,House & EDM,https://i.scdn.co/image/ab6761610000e5ebd150df129c2309d4f883da66,BAUGRUPPE90,37
6pM5NZalHT5nD9vDEz2Ukx,southern gothic,country/Americana,https://i.scdn.co/image/ab6761610000e5eb9b1654151f0bdeb975161379,Curse of Lono,35
6pV4iyF5ocDdbIX3rXffmK,,Unlisted,,Dorothy La Bostrie,25
6pdYN3jOHWteVALy9sKGEf,experimental hip hop,Hip Hop/Rap,https://i.scdn.co/image/ab6761610000e5eb2fa1b850ed65703953260dab,Gonjasufi,29
6pghWru7nlajp4hu6izxEE,son cubano,Latin,https://i.scdn.co/image/ab67616d0000b273a0d5d9542ae8332eb98af9af,Las Flores del Changüi,1
6pohviZSNRueSX7uNu63ZX,jazz house,House & EDM,https://i.scdn.co/image/849e40b627748ad8daeb95c18e227fc605d1c9fb,Moodymann,47
6puuOMtH1u9d3nrCdwO4Y8,krautrock,Alternative/Indie,https://i.scdn.co/image/ab67616d0000b2738610a3912121bb9e0ac794f6,Ghost Power,15
6qEM4txXHvfMbOUOK9L7pl,drone,Ambient & Experimental Electronic,https://i.scdn.co/image/ab6761610000e5eb34337c6e2c7674b7d9e63459,Ben Frost,32
6qF0CJP412Gd50Rn1sFg2o,doo-wop,R&B/Soul,https://i.scdn.co/image/ab67616d0000b273d5122126000e5fa612bdf8ac,The Cascades,52
6qFiZLvtkQvqHAX9GwnjqA,acid techno,Techno & Trance,https://i.scdn.co/image/ab6761610000e5ebea3cdc30daa8ddfb61dfb0d9,Tim Tama,18
6qRKwyDhiTu2n9cOhbHict,idm,Ambient & Experimental Electronic,https://i.scdn.co/image/ab6761610000e5eb729d3875cf735d7aae0af0e2,F.U.S.E.,27
6qYbAP3asXzhTwstepmgD9,footwork,Bass Music,https://i.scdn.co/image/ab67616d0000b273e5c8179e8f308cf9377bba82,DJ Boogie,3
6qaKS0nzGP4hfjl4aFZmEU,roots reggae,Reggae/Caribbean,https://i.scdn.co/image/ab6772690000c46cd7c4f1584295851021dd7288,Burning Spear,54
6qavLbYvbSKWqwlz00CoBe,techno,Techno & Trance,https://i.scdn.co/image/ab6761610000e5eb2fa342f5dddb6cb5ce59fc7e,Pfirter,21
6qgnBH6iDM91ipVXv28OMu,Electronic,House & EDM,https://i.scdn.co/image/ab6761610000e5eb9b9d4fdf5e4cf58e2fa93167,KAYTRANADA,75
6qiGjRyN7TJ1GA2nXF68Hi,indie folk,Folk/Acoustic,https://i.scdn.co/image/ab6761610000e5eb8026cd414c10c37d78146b97,Blind Pilot,50
6qmQYC8FDqqdpsJDNCb1ms,krautrock,Alternative/Indie,https://i.scdn.co/image/ab6761610000e5eb4157372fc50805028dbc7c1f,Modern Nature,31
6qqNVTkY8uBg9cP3Jd7DAH,Electronic,House & EDM,https://i.scdn.co/image/ab6761610000e5eb4a21b4760d2ecb7b0dcdc8da,Billie Eilish,94
6qyfxCyE6JsPkcGVIOPpyl,psychedelic rock,Rock,https://i.scdn.co/image/ab67616d0000b273532ca4fcd4cfad818af939e3,The Electric Flag,24
6qyi8X6MdP1lu6B1K6yh3h,Rock,Rock,https://i.scdn.co/image/ab6761610000e5ebd3c9dc38ed243e584ba7cce3,Silversun Pickups,57
6r0FFG3YaRuPT2JvlOwA24,,Unlisted,,Songs: Ohia feat. Scout Niblett,0
6r1Xmz7YUD4z0VRUoGm8XN,outlaw country,Country/Americana,https://i.scdn.co/image/803611243fd0decfaf6ac4c0ff4864fc04754c47,Leon Russell,50
6r26MaDr8bqNALjXgYPXMa,noise rock,Alternative/Indie,https://i.scdn.co/image/ab6761610000e5eb4823e741090493215c6ae4a6,The Jesus Lizard,36
6rATWMhuTXfhBqtB3IQRWd,cha cha cha,Unlisted,https://i.scdn.co/image/ab67616d0000b273beb07c7dc578d637077c436f,Señor Coconut,35
6rBLnxCHDUQTw1nf2qWfm2,garage rock,Rock,https://i.scdn.co/image/78b9d2301db4fb2ca48734fc84f65ba07a593149,The Strange Boys,24
6rCMUPDeBYuREDQei1Dki1,minimal techno,Techno & Trance,https://i.scdn.co/image/ab6761610000e5ebd61c1b41be8c796861aede88,Mike Shannon,12
6rDUd9tXAjOceaW2oc9ISP,garage rock,Rock,https://i.scdn.co/image/ab67616d0000b2734570366f7786e01bc7d455f4,Mr. Airplane Man,31
6rEzedK7cKWjeQWdAYvWVG,Rock,Rock,https://i.scdn.co/image/ab6761610000e5eb634461910bffee33cdaca95b,Five,57
6rUmQMuxX83ChKgdzd0hza,dub techno,Techno & Trance,https://i.scdn.co/image/ab67616d0000b273266ea4f5455c01eb53ce1b15,Jon Fay,3
6ra4GIOgCZQZMOaUECftGN,progressive rock,Rock,https://i.scdn.co/image/e1c04d8144371d6a6ac39c7f15a1c2a9f67a0c50,Frank Zappa,58
6rc4QYSQM2zp91PaD5CtHb,roots reggae,Reggae/Caribbean,https://i.scdn.co/image/ab67616d0000b273fc6653dabb78765248839d26,The Maytones,31
6rdTxNwQhUJTodUx7voWXO,organic house,House & EDM,https://i.scdn.co/image/ab6761610000e5ebd7f061f9f699d73e118a6128,Hraach,47
6rkTjnYzrPQ4nQ0TAYIwBC,spoken word,Novelty/Spoken Word,https://i.scdn.co/image/ab6761610000e5eb8beaade769aa59abcdc4d387,Jack Kerouac,22
6rnbB5fuUuCSsspvFsxIpT,indie punk,Punk/Hardcore,https://i.scdn.co/image/ab6761610000e5eb61346617ddad2278595560e5,Cloud Nothings,41
6rrwIOOzyvn76SDbkxjIjS,big band,Jazz,https://i.scdn.co/image/ab6761610000e5eb7b8595bef60047fe0d2bf093,Cole Porter,42
6ry5d65fbavBIbowSQAFfS,experimental,Ambient & Experimental Electronic,https://i.scdn.co/image/ab6761610000e5eba806f3327a9277e92f2962d2,Damsel Elysium,10
6ryGFEDvM7703b889hPUFZ,jungle,Bass Music,https://i.scdn.co/image/ab6761610000e5ebc8aa8709786f9531d46da3a7,Sully,32
6ryjbFyWBZho9KGXqKZdqQ,smooth jazz,Jazz,https://i.scdn.co/image/ab6761610000e5eb2a021df888ea346f9246a09b,Bob James,49
6s0KdMFacItQ3MvCEn4lDF,krautrock,Alternative/Indie,https://i.scdn.co/image/ab67616d0000b2732c4f6b031a1938f089435fe1,Walter Wegmuller,6
6s1SjCXRjeNAa3aRNiYROK,dub techno,Techno & Trance,https://i.scdn.co/image/ab6761610000e5eb91bc18ece360bee56573115e,SHXCXCHCXSH,25
6s8JAb4h3UjN5r3BgRhUhQ,Electronic,House & EDM,https://i.scdn.co/image/ab6761610000e5ebf3a2bb7682f5dd2268319e89,Jonnine,21
6sCrZwNbMhp1iahiiFQY66,disco house,House & EDM,https://i.scdn.co/image/ab6761610000e5eb6cd2e875d61c239b4efedbc7,Austin Ato,29
6sFGOHKAcDDDpGqiYnBmkb,,Unlisted,,Kouni Korio,0
6sFIWsNpZYqfjUpaCgueju,Pop,Pop,https://i.scdn.co/image/ab6761610000e5eb8272bf414106646e0e4a89f3,Carly Rae Jepsen,74
6sI7SYupv4f5Jh6RD2nJlw,children's music,Novelty/Spoken Word,https://i.scdn.co/image/ab67616d0000b273b4e5698fa44b6933d9e724d2,Charlie Hope,57
6sMlCnG5Ka4O7IyxZZAoOZ,big beat,House & EDM,https://i.scdn.co/image/ab67616d0000b273aac7b6691ee9afa3af252e6a,Themroc,2
6sN51vEARnAAdBw1IKZ8Q9,britpop,Rock,https://i.scdn.co/image/ab6761610000e5eb957a3f67775248cf2b7c3949,Liam Gallagher,60
6sOrCZcvu8NHj3bHg2toZm,minimal techno,Techno & Trance,https://i.scdn.co/image/91918017aceff3bbd3b8aad18780aff39228b476,Petre Inspirescu,16
6sYYDT8uDxATA50VZx1OhQ,gnawa,World/Traditional,https://i.scdn.co/image/ab6761610000e5eb4d84c12cb10302d0b923e2c0,Masaladosa,21
6sa5l8ptzi13T7xIlU3XsD,"Folk, World, & Country",Folk/Acoustic,https://i.scdn.co/image/ab6761610000e5eb1b5926f0fa49996f91b68552,Rachael Dadd,21
6sd3qv6kReAdo6WsLBtXX4,ambient,Ambient & Experimental Electronic,https://i.scdn.co/image/3a176f954a08e614bcac1c1fe673af6351dc4970,Laraaji,48
6soJo0dtX31T30OxtS4A39,jangle pop,Pop,https://i.scdn.co/image/ab6761610000e5eba2df1355db5c26be77253d1a,The Chills,33
6sq1yF0OZEWA4xoXVKW1L9,mariachi,Latin,https://i.scdn.co/image/ab6761610000e5eb452691cfa37fdd5b3417ed0d,Alejandro Fernández,80
6sq7prp0tj9Abn89khmfja,darkwave,Ambient & Experimental Electronic,https://i.scdn.co/image/ab6761610000e5eb78778cb912b8e423c58dcca4,Dead Can Dance,52
6sqZoZxe9BQwk7Zxh6STfF,Funk / Soul,Funk/Disco,https://i.scdn.co/image/ab6761610000e5eb2a6e95fbaa72eea31aab5fdc,Kadhja Bonet,50
6ssIHNGjiohpzxmB3tDIgv,new age,New Age/Meditation,https://i.scdn.co/image/ab67616d0000b2736d811b8f8f4dbeef4711f654,Beaver & Krause,12
6ssXMmc5EOUrauZxirM910,Electronic,House & EDM,https://i.scdn.co/image/ab6761610000e5ebd8f26933cfdafacb62a48ddf,White Lies,58
6styCzc1Ej4NxISL0LiigM,art rock,Alternative/Indie,https://i.scdn.co/image/ab6761610000e5ebb43db49ce029948457972352,The Smile,53
6t28TiXfX7V14H4hAxBarM,"Folk, World, & Country",Folk/Acoustic,https://i.scdn.co/image/ab6761610000e5ebdc47cd4e389c2f729363df03,The Chapin Sisters,23
6t35iFxXXHyidk9bp1laYK,,Unlisted,,Order Substance,3
6tCENAD2FBfIMyygJMeOJV,idm,Ambient & Experimental Electronic,https://i.scdn.co/image/7811e1df385bcdac792f8060381a655c88288f5e,Fuck Buttons,27
6tNZHg8DS7zzXnIxp3ZTEP,bubblegum pop,Pop,https://i.scdn.co/image/ab67616d0000b2730d3e20810daee882068cbc6b,Play,38
6tbjWDEIzxoDsBA1FuhfPW,Pop,Pop,https://i.scdn.co/image/ab6761610000e5eb6ccc1215f5b205aa6b34b48b,Madonna,82
6tiDOAkBNxnrDCbuXlEqT1,techno,Techno & Trance,https://i.scdn.co/image/ab6761610000e5eb4f55e7424147ada01538a10f,Monoloc,18
6tpd4iKhBI02ABzfPfR27z,breakbeat,Garage & Breaks,https://i.scdn.co/image/ab67616d0000b273299734dc2506fea2a25392c6,Norwell,4
6tsRo8ErXzpHk3tQeH6GBW,eurodance,House & EDM,https://i.scdn.co/image/ab6761610000e5ebf067b7c3286abe822fab7242,Black Box,57
6twIAGnYuIT1pncMAsXnEm,motown,R&B/Soul,https://i.scdn.co/image/ab6761610000e5eb21a213a4fe1a6f9b45d3f7f9,Commodores,69
6u11Qbko2N2hP4lTBYjX86,indie,Alternative/Indie,https://i.scdn.co/image/ab6761610000e5eb515b60a11a600efe53f5bbd8,Peter Bjorn and John,64
6u17YlWtW4oqFF5Hn9UU79,christmas,Jazz,https://i.scdn.co/image/ab6761610000e5eb5246fd018fecb5f3cce9d906,"Harry Connick, Jr.",51
6u5MW3QnHHBZ8FwzHq12DD,big band,Jazz,https://i.scdn.co/image/ab67616d0000b2731cee4627752efad1285733cc,Ray Noble & His Orchestra,43
6u5axd0rpDsWSmzhFfb2VB,drone,Ambient & Experimental Electronic,https://i.scdn.co/image/ab6772690000c46cbe9041c25def0efe8dec6ec5,William Basinski,43
6u5mhJXgAKPTj6YVlZSPY9,rockabilly,Rock,https://i.scdn.co/image/ab6761610000e5eb1af9f6157c76889099d54d61,JD McPherson,48
6uIst176jhzooPMetg2rtH,Electronic,House & EDM,https://i.scdn.co/image/ab6761610000e5eb14037d4859271d8368d3a7f0,Louis Cole,48
6uKJAfwWvzUrpHovtyaPet,dubstep,Bass Music,https://i.scdn.co/image/ab67616d0000b273639cb0fdc810884122496ad7,Hatcha,12
6uLY5RJflqxjhRMLLeEsxZ,Rock,Rock,https://i.scdn.co/image/ab67616d0000b2731ba0e1b54a212e089b3eae37,The Rileys,3
6uQnHzEj8hj0UZCKjBvTaG,Pop,Pop,https://i.scdn.co/image/ab6761610000e5ebc6c63bc25fb9a691f5cb5621,Ralph McTell,45
6uVeWolwyRDrT84lLsaZyW,proto-punk,Punk/Hardcore,https://i.scdn.co/image/bcd7a98693b21e19c547b2e57a816a18003afa9e,Suicide,44
6ueGR6SWhUJfvEhqkvMsVs,alternative r&b,R&B/Soul,https://i.scdn.co/image/ab6761610000e5eb5dab878686269b7b8f4c3ab1,Janelle Monáe,68
6ufIfvoo0cRpP8v0XAG6dv,ambient,Ambient & Experimental Electronic,https://i.scdn.co/image/ab6761610000e5ebbfce97150c902dc9294fe8e9,Florian T M Zeisig,23
6un6trkuuP46AZM0kkY8Yx,idm,Ambient & Experimental Electronic,https://i.scdn.co/image/d930424be4eaa2c8c284f8c50aee20e61c7ef917,Rian Treanor,21
6urkHDoIVO1WO8vNIwcJmM,Electronic,House & EDM,https://i.scdn.co/image/ab6761610000e5ebde65d63cd6689743aeb6479f,Die Antwoord,66
6uroJGQr7oAzc4z1P7p7Rr,christmas,Jazz,https://i.scdn.co/image/ab67616d0000b2731b49850e5438233c37e02931,Santa Ana Players,4
6uvq6FeVsmhOWfJHxVNeBL,classic country,Country/Americana,https://i.scdn.co/image/ab67616d0000b27331ad98dc9bfa9bed6bda112a,Faron Young,43
6v4jPZO3UIDNJIgdxRxtr9,jam band,Rock,https://i.scdn.co/image/ab6761610000e5ebace1416694870ce1b405ae22,DISPATCH,56
6v8FB84lnmJs434UJf2Mrm,classic rock,Rock,https://i.scdn.co/image/ab6761610000e5ebbae8276dffd864ebac759b76,Neil Young,74
6v8lYzIVcmeuPkoobFl7Dx,jangle pop,Pop,https://i.scdn.co/image/ab6772690000c46c032948c764f66703d5c1406b,Close Lobsters,29
6vLlQYujOujIrm7zAKzEdG,folk rock,Folk/Acoustic,https://i.scdn.co/image/ab6761610000e5eb913703ba6b15fb3ba0547de4,Donovan,57
6vS2ujPvmxGZKiWGBFbokw,jungle,Bass Music,https://i.scdn.co/image/ab67616d0000b2734f81ab58ee9cc8215f38e0ba,Mpathy (UK),0
6vWDO969PvNqNYHIOW5v0m,Electronic,House & EDM,https://i.scdn.co/image/ab6761610000e5eb7eaa373538359164b843f7c0,Beyoncé,88
6vcPgFOkMWBoY6Ks6eMEWj,Electronic,House & EDM,https://i.scdn.co/image/ab6761610000e5eba4522702bdf45020fa0e3671,Bullion,36
6veTV9sF06FBf2KN0xAdvo,alternative dance,House & EDM,https://i.scdn.co/image/ab6761610000e5eb489801561b7b713e67c44c5f,The Go! Team,42
6vegVGmooGxzRFxTD5RPTS,techno,Techno & Trance,https://i.scdn.co/image/ab6761610000e5eb440196a57932a038461e27bf,Fiedel,13
6vrZTsiSsAhm6hzjRhSnrQ,melodic techno,Techno & Trance,https://i.scdn.co/image/ab6761610000e5eb80514d8397b84f151e8d2603,Synthetic Technology,0
6vxqO8B12AXOoETpxVSgH0,post-rock,Alternative/Indie,https://i.scdn.co/image/ab67616d0000b273403f1513e0b8e09ed3eb97c5,Labradford,24
6w6z8m4WXX7Tub4Rb6Lu7R,progressive rock,Rock,https://i.scdn.co/image/ab6761610000e5ebe1d4d487ce0407b9ecb96743,Jethro Tull,61
6wBUn8gMP85n8dPu6LoUcF,post-hardcore,Punk/Hardcore,https://i.scdn.co/image/ab6761610000e5eb7c5febf8798925a1b973a058,...And You Will Know Us by the Trail of Dead,37
6wFId9Jhuf9AKVzWboOj2B,hip hop,Hip Hop/Rap,https://i.scdn.co/image/ab6761610000e5eb2b867caebf8d276cfed1a62d,Jurassic 5,54
6wG77Rz1cQYuKSoW7gaZkL,idm,Ambient & Experimental Electronic,https://i.scdn.co/image/37b10a75759e8a2323e7c2fd9678173d1aa21670,PVT,18
6wH6iStAh4KIaWfuhf0NYM,latin alternative,Latin,https://i.scdn.co/image/ab6761610000e5ebf3373500e9ae4be34f94ae84,Manu Chao,75
6wNOfYFlLoZxi37nmPIB0c,idm,Ambient & Experimental Electronic,https://i.scdn.co/image/0757d73b5e6b911a65cae7dadd3842d49a724ab8,Arovane,31
6wVVmu3MgTVHlrTe69ChzB,traditional country,Country/Americana,https://i.scdn.co/image/ab67616d0000b273ddeaf47cddbc0acebc224c93,Sam McGee,17
6wXFUcaG7779tb1Ok72GBn,jazz house,House & EDM,https://i.scdn.co/image/ab6761610000e5eb7b70018f1298424a79888c9d,Herbert,39
6wXjctGBzxkT0ghwfQ8FC0,celtic,Folk/Acoustic,https://i.scdn.co/image/ab6761610000e5eba90307ed8d6e4125fd938be9,The High Kings,57
6waa8mKu91GjzD4NlONlNJ,Rock,Rock,https://i.scdn.co/image/722e36849bde408b99330c713ebeb19157eabc89,The Hollies,69
6wfno0FdSaJa3DHHBuY1jy,trance,Techno & Trance,https://i.scdn.co/image/ab6761610000e5ebf5cf0422e25e6d267a3f95d9,ReOrder,40
6wglVx7cZslal7YZr5TUXG,vaporwave,Ambient & Experimental Electronic,https://i.scdn.co/image/ab6761610000e5eb564211b0d99c0168b1aba0b9,Gloomcvlt,20
6wpvjIsaKR0aS4CschTO3m,ambient folk,Folk/Acoustic,https://i.scdn.co/image/ab67616d0000b2739e23531efae6fafa3f0adc5d,Birds That Change Colour,1
6x7CJxVRVtYcTHqui1GDSx,minimal techno,Techno & Trance,https://i.scdn.co/image/07e9bea03ee4af31b9880002825c8784e3d23b80,田中フミヤ,15
6x8tZ30aFwdl50YjETAppR,uk garage,Garage & Breaks,https://i.scdn.co/image/ab6761610000e5eb709c90fef2db232620a7e13a,Thys,31
6x9oAD6YI7AXDSjHkAjcnn,idm,Ambient & Experimental Electronic,https://i.scdn.co/image/ab67616d0000b273cd683d35f2581d6e8e79d23f,Cygnus,8
6xBsaFua2lgAUlNv8Yh0nQ,Pop,Pop,https://i.scdn.co/image/ab6761610000e5eb48cfedc946a10b3e97aad20d,Katy J Pearson,39
6xFXNwBs7M1djiUcjYDrnO,Electronic,House & EDM,,Voice Stealer,4
6xS3zemJD9h94iueQvGqVk,chillwave,Ambient & Experimental Electronic,https://i.scdn.co/image/ab6761610000e5eb643747400fad381f88b5062f,Gold Panda,41
6xTk3EK5T9UzudENVvu9YB,punk,Punk/Hardcore,https://i.scdn.co/image/ab6761610000e5eb9ef1337f472668ab2c5aedcd,Rancid,60
6xeFne1rkxMhKSW3ipvkdV,Rock,Rock,https://i.scdn.co/image/ab6761610000e5eb21a50649eca85229bfd21c82,Toploader,65
6xgNzJAeEB8BTOSzcTO1EI,Electronic,House & EDM,https://i.scdn.co/image/ab6761610000e5ebcaa4c0d85d1b94293308ee58,Factory Floor,22
6xhyzwjZBtPc8W6SnOUQ9P,dub techno,Techno & Trance,https://i.scdn.co/image/ab67616d0000b273ae6cf15a02a45ffa9174b5ea,Elektrabel,2
6xnvNmSzmeOE1bLKnYXKW3,ska,Reggae/Caribbean,https://i.scdn.co/image/ab6761610000e5ebbad1000a404691aa30d17fb2,The Specials,57
6xq4VamyyoknqqAg44ZzlK,folk,Folk/Acoustic,https://i.scdn.co/image/ab67616d0000b2730e7917aec3eacf0ea632b6d1,Alex Glasgow,7
6xq7g0E52yq4y8Op9X82Uo,stutter house,Unlisted,https://i.scdn.co/image/ab6761610000e5ebebe3ce4710bb18ec943e3a1e,TIBASKO,34
6xrCU6zdcSTsG2hLrojpmI,indie folk,Folk/Acoustic,https://i.scdn.co/image/ab6761610000e5eb794c848b80b07b460c732ab3,José González,67
6xt9sJmmyYwWkJv8A6ssiU,funk,Funk/Disco,https://i.scdn.co/image/ab6761610000e5eb92310aa6572e976c622af175,Cory Wong,55
6yAEs7hWaGAdHPpd5i1tDw,Electronic,House & EDM,https://i.scdn.co/image/ab6761610000e5eb06deec05944ebef75567be80,Synecdoche Montauk,25
6yCdWsTDt4Dmb5GMZd5QLb,acid house,House & EDM,https://i.scdn.co/image/ab6761610000e5ebe92c2f301d16024f53bd3b76,Kink,37
6yRS1sdCA7XrebYMedYWx5,footwork,Bass Music,https://i.scdn.co/image/ab67616d0000b273e442b1970486e9973bcf7eba,Philthkids,1
6yTNMMqumesCWhMJ47HB2a,reggae,Reggae/Caribbean,https://i.scdn.co/image/ab6761610000e5ebe1b1f60272b2449d23d32458,Yellowman,49
6yb2PUxafSVe2441W50jbk,Classical,Classical/Orchestral,https://i.scdn.co/image/3518cce1bd243297a99dc59ee740399fce19950e,Cécile Chaminade,37
6ykfXAed2KOLOMI3R0TZdz,hard bop,Jazz,https://i.scdn.co/image/ab6761610000e5eb9b3c987329c5ae6f4c586bb0,Art Blakey & The Jazz Messengers,50
6yoR3GxDnUclI3jI8exbvQ,Electronic,House & EDM,https://i.scdn.co/image/ab6761610000e5eb3aee936fe0531d41cd0c7288,Amanda Mussi,5
6yrBBtqX2gKCHCrZOYBDrB,folk,Folk/Acoustic,https://i.scdn.co/image/8775d2330e168b1c4183a976afcf8bd529bd6d36,"Peter, Paul and Mary",56
6yrlcV6fHxi6WCSIKLlN8k,dub techno,Techno & Trance,https://i.scdn.co/image/ab6761610000e5ebdf0dae0c197683018a3dff89,Justin Berkovi,9
6ysQi6NI88X627t2srsWz6,glam rock,Rock,https://i.scdn.co/image/130b5d335ec440db3d2efce781ab3882c87a0781,Mott The Hoople,47
6ysohaI3qDxQ5qDVAq7Vbd,glitch,Ambient & Experimental Electronic,https://i.scdn.co/image/ab6761610000e5eb073634bf00b7ebc9f517602b,Byetone,16
6ywMpa6AmGJpV5Sbyy58Js,Electronic,House & EDM,https://i.scdn.co/image/ab6761610000e5eb75dce533072197e4f02b630e,Shabaka,39
6yzuBFtT6dK2aQMZJZtcB1,Pop,Pop,https://i.scdn.co/image/ab6761610000e5eb82caefda4a9fd8055709c6be,Dehd,44
6z7wrwE2QW7Keb9ozoF0rg,aor,Rock,https://i.scdn.co/image/ab6761610000e5eb09bd7b34c3b661bcebc49db1,The Babys,46
6z9JhbmcTrVKITp9ah4mJk,acid house,House & EDM,https://i.scdn.co/image/ab6761610000e5ebbc92934cf93c39648609244d,Hardfloor,31
6zB02lwP6L6ZH32nggQiJT,Rock,Rock,https://i.scdn.co/image/ab6761610000e5eb58a23d8012a3ae72d73e9d10,They Might Be Giants,59
6zHRqvws8dVeqL8D31ponr,folk rock,Folk/Acoustic,https://i.scdn.co/image/1db862c4ca5ca8dfc98c149e79f1777942c82d87,Tim Buckley,49
6zOV2Yf46F73ZOhDuZyZ0C,Electronic,House & EDM,https://i.scdn.co/image/ab67616d0000b273b5affd93b3874047381c82bb,MTv,0
6zUOCdZl6bwhPde0zG1c1s,Rock,Rock,https://i.scdn.co/image/c1a923ec92e9480ed8dad16459ad5c088215bc70,Bop English,14
6zWJfH1TTmIqEi7EV35HGr,Rock,Rock,https://i.scdn.co/image/ab6761610000e5eb389fec1e185ce1659104f20d,Pip Blom,34
6zdwVjGPgGGZ7W5oBcisP2,Rock,Rock,https://i.scdn.co/image/ab6761610000e5ebfd137b9f7f516e9ce1e17982,The Long Winters,32
6zh25V1pQ8IQpxDYVmFSrT,idm,Ambient & Experimental Electronic,https://i.scdn.co/image/ab6761610000e5ebdc7ffeba3bc9368a6c5cd58c,Hieroglyphic Being,17
6zjCA3n8DwVeTC5zwAQ4jT,ragtime,Jazz,https://i.scdn.co/image/ab67616d0000b273608386fd0250cd9fb0dc2795,Billy Jones,19
6zkX5fhrSD4tdVOmimR9wB,jazz,Jazz,https://i.scdn.co/image/ab6761610000e5eb13ef8d48c8f86c6f193d57a1,Oscar Peterson,58
6zmLTiN3NBNCDECRbbJKkT,blues,Blues,https://i.scdn.co/image/ab6761610000e5eb2bbdc8da95fa3bdf1f62496c,The Fabulous Thunderbirds,46
6zpwlKhz2dq8BlG1BME5Zh,dub techno,Techno & Trance,https://i.scdn.co/image/ab6761610000e5eb615e9f256b6f9bc6a7a5cadd,Sub Basics,29
6ztZs0FOUv1FqwSxsj11R3,chanson québécoise,Unlisted,https://i.scdn.co/image/ab6761610000e5eb72930ae8f479f987fe0c24c0,Jean-Pierre Ferland,38
6zvul52xwTWzilBZl6BUbT,alternative rock,Alternative/Indie,https://i.scdn.co/image/ab6761610000e5eb419ffe5eb82b7460c76a986a,Pixies,72
70KxVbV7gh93sBzl1XhZz4,gothic rock,Rock,https://i.scdn.co/image/ab67616d0000b2738d54a1339c6e226f8789090b,New Skin,7
70MMkLXtue3Edj3RJhJkYp,post-punk,Rock,https://i.scdn.co/image/ab6761610000e5ebdabe5a821d99da89337b0ec0,Public Image Ltd.,47
70PahNfWLqq5m8R8kJvg1o,Electronic,House & EDM,https://i.scdn.co/image/ab6761610000e5eb5388c334bd2d5c6216d0f9da,Mood Factory,51
70S4sHnxr55YQxZ53H5guq,Hip Hop,Hip Hop/Rap,https://i.scdn.co/image/ab67616d0000b273a049672caf582b864bc98d68,KMD,40
70UHL8BEGqoUNmXfXi0nGr,acid techno,Techno & Trance,https://i.scdn.co/image/ab6761610000e5eb8669d0a8a180400a597a247d,PTU,13
70cRZdQywnSFp9pnc2WTCE,folk rock,Folk/Acoustic,https://i.scdn.co/image/afde2fdd14f8c8ca23393f257e3a369a234a24b6,Simon & Garfunkel,72
70e4IgnWAQfPPxKnD9jXDr,power pop,Rock,https://i.scdn.co/image/ab6761610000e5eb4b6c6e90e77b226147954dbd,Eddie & The Hot Rods,32
70eE3MS4oHZvZVLLY2fU8B,anti-folk,Folk/Acoustic,https://i.scdn.co/image/ab6761610000e5eb127820011ccdab9ec3c632ef,Elvis Perkins,26
70g4lA7XM4Wr6a8kGPICrN,nu jazz,Jazz,https://i.scdn.co/image/ab6772690000c46c3198b7296eefc64304bbfcb8,Sex Mob,11
70gvc4NvTwgBpEB1goYy8z,Rock,Rock,https://i.scdn.co/image/ab6761610000e5eb3aa66c1cd78014894d4ffea2,Stuart A. Staples,31
70hhtOLvQtAJM5qMjPh1sj,traditional folk,Folk/Acoustic,,Floyd Batts,1
710FHFQeXKC6dZGCxt7kQh,nu jazz,Jazz,https://i.scdn.co/image/ab6761610000e5ebdc2ab0bb7fdaf3acb103d505,Yussef Kamaal,40
711MCceyCBcFnzjGY4Q7Un,rock,Rock,https://i.scdn.co/image/ab6761610000e5ebc4c77549095c86acb4e77b37,AC/DC,84
714osTgzZrkyf3SGjggpfY,southern rock,Rock,https://i.scdn.co/image/ab6761610000e5ebf030e132f5d81f8dbdd434d3,North Mississippi Allstars,43
71D35G21DjqPKbTlKRDnQP,country blues,Blues,,George Fields,0
71FFHzNW026SIGHPzbHJgu,experimental,Ambient & Experimental Electronic,https://i.scdn.co/image/ab6761610000e5ebba2abb1f270986a6e8dc469e,Chino Amobi,16
71GWL6ijlpTh7oGqYlMMpM,dub techno,Techno & Trance,https://i.scdn.co/image/ab6772690000c46c4263cbd1c2d5e7d983037cce,Thomas Fehlmann,33
71M7lckOooBtdsLfD1qqqa,bebop,Jazz,https://i.scdn.co/image/ab67616d0000b273444744904349749e0e7e1cb0,Don Byas,33
71PtLENUznKmVtOe7iAaa8,minimal techno,Techno & Trance,https://i.scdn.co/image/ab67616d0000b2737d852908b607cbc230414416,Sleeparchive,15
71Ulu4qwOfb5ks2kMTJhkc,folk,Folk/Acoustic,https://i.scdn.co/image/ab67616d0000b273cc262b5ceb390c1de6d0fbad,Spiers & Boden,19
71Ur25Abq58vksqJINpGdx,jazz,Jazz,https://i.scdn.co/image/7e2b6815b5973d47cccbad1d834089231d9b737e,Miles Davis Quintet,53
71lGEtP9qYXDsSXjfexTqO,Rock,Rock,https://i.scdn.co/image/ad4df17118081886d4b98d847f8e6a4ae3d23417,Sonny & Cher,56
71sDMpcZzbN4kDKnYoGT1W,blues,Blues,https://i.scdn.co/image/ab6761610000e5eb51c7c2a454a20fe809bf5c52,Mighty Sam McClain,36
71th4FPdhGaAHVeng0LfRt,krautrock,Alternative/Indie,https://i.scdn.co/image/ab6761610000e5eb074ec37660609a56319046a1,Cavern of Anti-Matter,24
71uGKB11tJQ1uuLLppcHDj,city pop,Pop,https://i.scdn.co/image/ab67616d0000b273cee7dad256352b487691471e,Hiroshi Sato,37
71wy5iisVKXLZgoPxdFi8A,musicals,Unlisted,https://i.scdn.co/image/ab67616d0000b273170e79548d280867ef12742b,Les Misérables Cast,51
720Je3zIeXsRIWUcWRO8uX,minimal techno,Techno & Trance,https://i.scdn.co/image/ab6761610000e5ebdb69f9ee95d13c23f0daa726,Masomenos,29
721LNYldlmaLlKi0IQ5ClK,Rock,Rock,https://i.scdn.co/image/ab6761610000e5ebc5734a2299f56f276bd8af70,Little Man Tate,30
7290H8m1Dwt8G7jm1y9CQx,Rock,Rock,https://i.scdn.co/image/ab6761610000e5ebf0026b72dcfa06ef8fd3c49b,Chris Isaak,71
72CKLon8DF1pjBs8PBJNdp,musicals,Unlisted,https://i.scdn.co/image/ab67616d0000b273dd002249a81838d4e483ca7f,Jeff Bowen,12
72DFIUF8hZ88nuC3P2Glvg,quiet storm,R&B/Soul,https://i.scdn.co/image/ab67616d0000b273b0e4361ff490ee2fa469db27,Tease,9
72Nhcx7prNk2ZCxhx0Y5es,christmas,Jazz,https://i.scdn.co/image/ab6761610000e5eba19dc90d4da0079c4218c93a,Amy Grant,56
72OaDtakiy6yFqkt4TsiFt,Rock,Rock,https://i.scdn.co/image/ab6761610000e5eb951b9e5d4f1f502691aeef1f,Cher,72
72PnPUc1qv9UjRPaGVZ1jq,southern gothic,Other,https://i.scdn.co/image/ab6772690000c46c15bb58a1f8637c91dd384618,The Handsome Family,56
72RvmgEg2omdlMV9aExO6a,celtic,Folk/Acoustic,https://i.scdn.co/image/ab6761610000e5eb5baed597ef53b124af8ffd9a,The Dubliners,56
72VzFto8DYvKHocaHYNWSi,Electronic,House & EDM,https://i.scdn.co/image/dd72b50e171fb494dcbca05fe8958bcef84144d5,Hot Chocolate,61
72X6FHxaShda0XeQw3vbeF,shoegaze,Alternative/Indie,https://i.scdn.co/image/ab6761610000e5eb653481f50df3c11791d6132a,Slowdive,68
72eP0W3rIhkxd0NHGg4w4u,Pop,Pop,https://i.scdn.co/image/ab6761610000e5ebaf22f1ffb0c210b85d7f45ba,B*Witched,49
72hqBMsw7x5jnfxxwkii8L,big beat,House & EDM,https://i.scdn.co/image/ab6761610000e5eb268b59428f3f0223910ab358,Leftfield,50
72kYzyvgJS9izgSp2ttqdm,neoclassical,Classical/Orchestral,https://i.scdn.co/image/ab6761610000e5eb93f91df5930443f1932b7786,Shida Shahabi,46
72kiVqCJIy9eOnmLp8r0h7,dub,Reggae/Caribbean,https://i.scdn.co/image/ab67616d0000b273701110e7fd40bd07878ba0b6,The Revolutionaries,31
72naL8vQVNsx85zPLuTSWf,synthwave,Pop,https://i.scdn.co/image/ab6761610000e5eb3ae416aed38e4e62286441b6,Zombie Hyperdrive,38
72zalCfn9P7eU6oGje7tyJ,traditional folk,Folk/Acoustic,https://i.scdn.co/image/ab67616d0000b27386f9b92e72244f3c51482cba,Davy Graham,33
72zigmOdJbIsz0iIRhCBvp,jazz rap,Hip Hop/Rap,https://i.scdn.co/image/ab6761610000e5ebcde3b5db96686cf29b1c0d07,Illa J,45
7367B0qtTtTTGorscfxrqm,dubstep,Bass Music,https://i.scdn.co/image/ab67616d0000b2739a4f02f555fc4905c32a5839,Vex'd,12
73A3bLnfnz5BoQjb4gNCga,Electronic,House & EDM,https://i.scdn.co/image/ab6761610000e5eb5f50134ddc05a12e03b02ca2,BICEP,63
73FDUlymZoHnSjgmyPdS4o,dubstep,Bass Music,https://i.scdn.co/image/ab67616d0000b2736b6852654bd8dd1a1a1bd2aa,Wolf Man,0
73IpVw0OL0k4tw1xhaZcCE,jangle pop,Pop,https://i.scdn.co/image/18d04dfba6d9f63e2ae4bdaee92f9535de9bdff2,The Mantles,11
73MDShZzdL4vUGMkmXOG6X,"Folk, World, & Country",Folk/Acoustic,https://i.scdn.co/image/ab6761610000e5ebfc16d138f217def8c931ffda,Haley Heynderickx,56
73N7cGNNww6Uod1d3IiBKP,post-punk,Rock,https://i.scdn.co/image/ab6761610000e5eba0827b10a2734f6ca3818b56,Do Nothing,32
73Np75Wv2tju61Eo9Zw4IR,musicals,Unlisted,https://i.scdn.co/image/ab6761610000e5eb6e39cafa090a7f726177bbf7,Idina Menzel,72
73QsiQamRFjnlYxHjl0pLP,hyperpop,Pop,https://i.scdn.co/image/ab6761610000e5eb8a8e944e45371d6f3c7f37d4,Joseph Marinetti,1
73TNAImtt021hntBpAxB4W,roots reggae,Reggae/Caribbean,https://i.scdn.co/image/ab6761610000e5eb34aaf621d557e586f92077b6,Earl Sixteen,31
73YLmyaazO66GncUVHP0KV,power pop,Rock,https://i.scdn.co/image/ab6761610000e5ebbca1fe0a005269dda0d17c9b,Marshall Crenshaw,38
73ZPfpfg1LBVvDEArK4l5B,Electronic,House & EDM,https://i.scdn.co/image/ab6761610000e5eb93b0ecceb2fec8e515bdac37,Des'ree,57
73sIBHcqh3Z3NyqHKZ7FOL,Hip Hop,Hip Hop/Rap,https://i.scdn.co/image/ab6761610000e5ebc3dc5429b676b16d451e5f77,Childish Gambino,81
73sSFVlM6pkweLXE8qw1OS,rockabilly,Rock,https://i.scdn.co/image/99ee90438c46d52c9007866740f5504834d20f99,Ricky Nelson,58
73zVj4UIYVIo6ahlOPDEL8,Rock,Rock,https://i.scdn.co/image/ab6761610000e5ebcd5b898171761b3459915c58,Denni Ian,0
742YR9ZgF0tCO5juBfvPAU,post-disco,Funk/Disco,https://i.scdn.co/image/4d3aaba749a7e744d07c388aa187f4ad709f42e2,Gwen McCrae,49
747P2pvOwW22iRcFS9zQDv,punk,Punk/Hardcore,https://i.scdn.co/image/ab6761610000e5eb92a08f6c55aef3a7510c2e98,The Toy Dolls,42
7486WDJNPBwRqww0zDsXHI,Rock,Rock,https://i.scdn.co/image/ab6772690000c46cb1de0cf649efd852cb819877,DRINKS,19
74ASZWbe4lXaubB36ztrGX,folk rock,Folk/Acoustic,https://i.scdn.co/image/ab6761610000e5eb791742524609864273747ef5,Bob Dylan,77
74AkwPErO7y6jYZwR7ggJA,jungle,Bass Music,https://i.scdn.co/image/ab6761610000e5eb63b016d838b6660cc7a430f1,Alex Reece,37
74FtMGqsZm74eumHo8Fi3V,lo-fi house,House & EDM,https://i.scdn.co/image/ab6761610000e5eb16cc1ef27173e09b812063e0,Arpy Brown,26
74Hj9zxTTcTgjv3Kh0PozZ,brazilian jazz,Jazz,https://i.scdn.co/image/ab67616d0000b2737fcc26d64e661db1204a85ed,Moacir Santos,34
74K7bX12L8GBAWvPuyIgJ7,britpop,Rock,https://i.scdn.co/image/ab6761610000e5eb6d1b1fdb2b371f22d7444420,Embrace,47
74NBPbyyftqJ4SpDZ4c1Ed,Rock,Rock,https://i.scdn.co/image/ab6761610000e5eba824aca6e278acca89bc406b,Tom Morello,67
74i1kmPHu9k0NW1ogD5fZA,dub techno,Techno & Trance,https://i.scdn.co/image/ab6761610000e5ebfa842ebab62880f01f0bd815,Ryan James Ford,17
74l5kLfO33c4T39eAROuEL,ambient folk,Folk/Acoustic,https://i.scdn.co/image/ab6761610000e5eb5be710d3bbf5d99f0f771ae1,Foreign Fields,38
74oJ4qxwOZvX6oSsu1DGnw,classic rock,Rock,https://i.scdn.co/image/aab6a0a0e9ca2ab17460b0451e59ba507cc5802a,Cream,65
752ZwPUx0lcLZyxgSQTL3D,jazz house,House & EDM,https://i.scdn.co/image/ab6761610000e5eb1ff645376099928ce2cc466e,Cosmonection,29
75AtW19Qf04ndoOTrwvxeo,idm,Ambient & Experimental Electronic,https://i.scdn.co/image/410b996bb1dc2b9ea0463d20612931ade9952b73,Sd Laika,19
75OpU10VolujEA1pl0h1dX,art rock,Alternative/Indie,https://i.scdn.co/image/ab6761610000e5eb9a1b2034f03bdea50b252988,Nadine Shah,36
75S63f1AmZUa9gpQvlt5NB,rocksteady,Reggae/Caribbean,https://i.scdn.co/image/ab67616d0000b2739dc62af4db4272fd76f19b32,Prince Buster,43
75UqV2f5WRR6HeMq5VWX5F,dub techno,Techno & Trance,https://i.scdn.co/image/ab67616d0000b27330a2be5aeb4575392e82b629,Evigt Mörker,28
75VKfyoBlkmrJFDqo1o2VY,afrobeats,Unlisted,https://i.scdn.co/image/ab6761610000e5ebf0da9bd951adbb3749b40904,Fireboy DML,74
75cW8FFekyCjj0mfZM1Gfb,vaporwave,Ambient & Experimental Electronic,https://i.scdn.co/image/ab6761610000e5ebd795d56f7b5834d3afe591ef,Flamingosis,49
75dQReiBOHN37fQgWQrIAJ,Rock,Rock,https://i.scdn.co/image/ab6761610000e5ebc1d9853f5719d189baf95fe8,Local Natives,57
75jU2q0uEWzSIlqRJtedJV,Rock,Rock,https://i.scdn.co/image/ab6761610000e5eb1a1dc351a9cf6837c55d20f0,Sarah Blasko,45
75mafsNqNE1WSEVxIKuY5C,post-punk,Rock,https://i.scdn.co/image/ab6761610000e5eb15a2ab2d3913d5b998e93e71,IDLES,62
75nC6MXUalYZSOd7OfNkwq,nu disco,Funk/Disco,https://i.scdn.co/image/ab6761610000e5ebad995629b181da2fae4c167e,Tensnake,54
75s7RfViwIXirjnRYkZWPe,proto-punk,Punk/Hardcore,https://i.scdn.co/image/ab67616d0000b27389f2261fcfc108cf6986e48d,The 101ers,25
75v4Rn3SqXn6dmq2PFrRgN,Electronic,House & EDM,https://i.scdn.co/image/ab6761610000e5eba25a0f7fc0a7a882dcf20f9e,Elysia Crampton,0
760vl8PoLX5jv6PE7Lxh0C,traditional folk,Folk/Acoustic,,United Sacred Harp Convention,4
762310PdDnwsDxAQxzQkfX,new wave,Pop,https://i.scdn.co/image/ab6761610000e5ebaff13c9484fdad590ccfb73c,Depeche Mode,77
762gpacQ6WcT75zlkrc3Ls,Children's,Novelty/Spoken Word,,Kathryn Beaumont,41
763opp15PhfHpEaiVjM6m7,texas country,Country/Americana,https://i.scdn.co/image/1fdfda434761bb935cd0894189e203fc197e1904,Jerry Jeff Walker,45
764orTWgcOrgj61Gc1Jw6b,Electronic,House & EDM,https://i.scdn.co/image/ab67616d0000b27365bdcf901ca9a662ca4dfdc5,DJ Residue,0
76DfVm5okud2I5Az7YWvnV,latin folk,Unlisted,https://i.scdn.co/image/ab6761610000e5ebe234abfad6ad4ddf209bc66b,Brian Lopez,15
76Gi1qoWLrIerL5FcL0TZb,vocal jazz,Jazz,https://i.scdn.co/image/ab6761610000e5eb7bd418488914add35a86401b,Gretchen Parlato,36
76JwlkXcpyVuS3H6hUKUYy,,Unlisted,https://i.scdn.co/image/ab6761610000e5ebda7a8638ae7119aab996623f,Grey Fields,0
76KY8JsK3XMQkjDiRZVprS,cha cha cha,Unlisted,https://i.scdn.co/image/ab6761610000e5ebb7f09acf72108b3f81822a99,Pete Rodriguez,50
76QpzHwA8o2dPvb1L0hETX,acid techno,Techno & Trance,https://i.scdn.co/image/ab67616d0000b27375730322edad51d24950a5fa,Heidi Sabertooth,1
76TW6MIxhw1O4Hj7HnZeNY,hard techno,Techno & Trance,https://i.scdn.co/image/ab6761610000e5eb7816e1388794fc145cb796a5,Andy BSK,28
76UMzIcqhjgf2Xr8gPdKO1,dub techno,Techno & Trance,https://i.scdn.co/image/ab6761610000e5eb294a3cbcd8f1472b22b1995d,Priori,38
76ox7koAGPytUmTZGU6zWn,new orleans bounce,Unlisted,https://i.scdn.co/image/ce39e01cd322252e738417ff2bd3619b030cbf27,Earl King,31
770y4PBBTLQtoXeEPp78y3,ragtime,Jazz,,Murray Johnson,10
771qBvjnXOH9Azr6lKy6FB,Rock,Rock,https://i.scdn.co/image/f545777994a61365718ca313df3a6b7f754d38ce,Michael Sembello,64
774sonWkC6CKx3KSMgUoq7,dubstep,Bass Music,https://i.scdn.co/image/ab6761610000e5eb2724f0725ec17c217b7d1bb6,Perverse,13
776Uo845nYHJpNaStv1Ds4,psychedelic rock,Rock,https://i.scdn.co/image/ab6761610000e5eb31f6ab67e6025de876475814,Jimi Hendrix,71
77D38RDgCtlYNLpayStftL,jangle pop,Pop,https://i.scdn.co/image/42c4ce68e86f9cca03c60a9075b27a05895bc1b9,The Housemartins,53
77ZUbcdoU5KCPHNUl8bgQy,bossa nova,Latin,https://i.scdn.co/image/ab6761610000e5ebc18449a640fefd04cfe62359,João Gilberto,66
77bG3jpmWXOxpmZcVjPayy,dub techno,Techno & Trance,https://i.scdn.co/image/6c2a159aebbcee44d5245147edaaa84e904c939f,A Made Up Sound,16
77fvSG7fOWNTtkR7qpXHYY,melodic techno,Techno & Trance,https://i.scdn.co/image/ab6761610000e5ebf30856496f2242c22a62c5d3,Housekeeping,34
77luFktbVItUaR7CoE3vlW,big beat,House & EDM,,Agent Provocateur,17
77oD8X9qLXZhpbCjv53l5n,neo-psychedelic,Rock,https://i.scdn.co/image/ab6772690000c46c8fd85a993f615737797c500e,Mercury Rev,42
77rXxPR5619AfT3a6YzL1P,post-rock,Alternative/Indie,https://i.scdn.co/image/ab6761610000e5ebecf8f34141c40ca9572f0f7d,Madensuyu,17
77tT1kLj6mCWtFNqiOmP9H,yacht rock,Rock,https://i.scdn.co/image/ab6761610000e5ebae81417d966e209b735b1160,Daryl Hall & John Oates,77
77xJf67Cuu7UPJgJoClESG,alt country,Country/Americana,https://i.scdn.co/image/ab6761610000e5ebeb0f050479c99d65047b2516,The Pink Stones,29
77yJIgEEpUU5f87MWDEPwO,dub techno,Techno & Trance,https://i.scdn.co/image/ab6761610000e5ebb5f76ac690023214bdf6b8e1,Al Wootton,25
77yY2QmM6bYvjJ3y5L2R0v,medieval,Classical/Orchestral,https://i.scdn.co/image/ab6761610000e5ebeee6850d24bde3815a42f83f,Jeremy Soule,68
77zrvBORXcnTyysjjKRfBU,synthpop,Pop,https://i.scdn.co/image/ab6761610000e5ebe8414d964456eaef8fd07328,The Art Of Noise,48
7823Dim2TzjiQQ9wRQxyi9,christmas,Jazz,https://i.scdn.co/image/ab6761610000e5eb82c1da4fbef496bb6990c2d4,Wizzard,38
78CBFzwo7wwNaaTYVP5btK,blues,Blues,https://i.scdn.co/image/ab6761610000e5eba6b8e240a1e7218e7f4b7537,Junior Wells,39
78L0GCvVF5ee0XqDHH2D2J,Electronic,House & EDM,https://i.scdn.co/image/ab67616d0000b2738992403b5a5f51595c55707b,Earlham Mystics,12
78gqgxLFWiVkLEq60KfToZ,krautrock,Alternative/Indie,https://i.scdn.co/image/ab6772690000c46cbbeeaf6cd4735b8757243344,Slapp Happy,27
78x5Xzi7CUmQZtZfFYBK9m,dub techno,Techno & Trance,https://i.scdn.co/image/034af54991438d879ad0a96939717d33149d3258,Terrence Dixon,21
78x9aF0bqxXHn3noFaHPKW,egg punk,Punk/Hardcore,https://i.scdn.co/image/5549a3527e6a5c8355d1acf89d98b4d942d321b9,Gøggs,21
78xUyw6FkVZrRAtziFdtdu,east coast hip hop,Hip Hop/Rap,https://i.scdn.co/image/ab6761610000e5eb7e92a85b9e31236380cd38f2,The Roots,63
795yvukGj0UOfcP8uftDq9,jazz,Jazz,https://i.scdn.co/image/ab6761610000e5ebc40678818576d8a16f9c9e31,Branford Marsalis Quartet,34
798u1cHtuNcq085puPII56,stoner rock,Rock,https://i.scdn.co/image/cd2116a08a8d97fd8475da3ab29b038d702e0715,Holy Mountain,2
79D4dipwR6scV8AN3dm7gW,christmas,Jazz,https://i.scdn.co/image/ab6761610000e5eb28c2dea644b78257ccfb4520,Seth MacFarlane,50
79JJCxCCfJ8HufX6w8q2k4,indie folk,Folk/Acoustic,https://i.scdn.co/image/ab6761610000e5ebb6ea42cf8874ff65fb7dfcdf,Damien Jurado,50
79MO0KcrOdScKyzuDTtI3k,post-rock,Alternative/Indie,https://i.scdn.co/image/ab6761610000e5eb8bf2ebe5ac8d81d012b265b5,amiina,36
79PHPSf8BWSUExVz2Y4pWD,neo-psychedelic,Rock,https://i.scdn.co/image/ab67616d0000b273c59e1c12c95481173e280d5f,Mink Mussel Creek,21
79S80ZWgVhIPMCHuvl6SkA,noise rock,Alternative/Indie,https://i.scdn.co/image/ab6761610000e5ebe25ae69c1d10de369149a7f2,Swans,50
79Sx58gVjdpkAAHWNNX6hl,Rock,Rock,,Chiquita y Chatarra,0
79cXluC4uiLHCejmM34tuI,dub techno,Techno & Trance,https://i.scdn.co/image/ab6761610000e5ebbe40cb8d2a7e23fd220591af,Andre Kronert,22
79ckv9yY9WAKcH8KfrvmiP,neo-psychedelic,Rock,https://i.scdn.co/image/ab6761610000e5ebecca758cbf6698af98bd1daf,Lorelle Meets The Obsolete,25
79hrYiudVcFyyxyJW0ipTy,indie folk,Folk/Acoustic,https://i.scdn.co/image/ab6761610000e5eb7b96a71c133ebf861311b7d3,The Paper Kites,70
79ipwfkZpcwMYwHJdqtGsN,indie dance,Unlisted,https://i.scdn.co/image/ab6761610000e5ebd7ea8b480feb7ffea9e1356b,Terr,31
79zqMJ0Tc0wATqK0eszdsJ,classical,Classical/Orchestral,https://i.scdn.co/image/ab67616d0000b2731c0709fe3f2fdebce3188d59,The Scholars Baroque Ensemble,31
7A0awCXkE1FtSU8B0qwOJQ,Electronic,House & EDM,https://i.scdn.co/image/ab6761610000e5eb5b2ba819fa89b17d6ae81567,Jamie xx,64
7A9yZMTrFZcgEWAX2kBfK6,Rock,Rock,https://i.scdn.co/image/ab6761610000e5eb8dfb95eb4902b28206963614,Huey Lewis & The News,66
7AC976RDJzL2asmZuz7qil,progressive rock,Rock,https://i.scdn.co/image/ab6761610000e5eb59869e454c43c15971b3f480,Yes,64
7ACSlU8kTcQIbvpwLWze8E,Rock,Rock,https://i.scdn.co/image/ab6761610000e5ebfec40bc1b1c1beb2e7f296bf,Vetiver,40
7AG5dB8Dc3yFhzeQaAsxUb,lo-fi indie,Alternative/Indie,https://i.scdn.co/image/ab6761610000e5ebddc734f9d9f55f5757fdfb69,HighSchool,35
7AXuWUXnSqeOfW4Wv29760,grime,Bass Music,https://i.scdn.co/image/ab6761610000e5ebefd09d05620400abf8acca25,Tiny Boost,46
7AZwAitWq1KcFoIJhRWb6V,noise rock,Alternative/Indie,https://i.scdn.co/image/ab6761610000e5eb33f530124c3170529abd1a7b,Deerhoof,28
7AgtFmxbJL1wDbp7yYrzQb,swing music,Jazz,https://i.scdn.co/image/829f8cb5605d991e7a7b27f843729512101fad73,Chick Webb,44
7AiamoV760pPGGM5PbOC6X,idm,Ambient & Experimental Electronic,https://i.scdn.co/image/ab6761610000e5ebd4b7f8e8b63977b63a3adb32,µ-Ziq,40
7AqGdFNJPwfxvvxzuriXUK,dub techno,Techno & Trance,https://i.scdn.co/image/ab6761610000e5ebb5e2533b88987896a3d9f302,Darko Esser,4
7AuBGlcUaHok37yr6u963C,egyptian pop,Pop,https://i.scdn.co/image/ab6761610000e5eb21473aa966f098ca11afbe18,Ehab Tawfik,48
7B2edU3Q7btJoNsoHCNohM,singer-songwriter,Folk/Acoustic,https://i.scdn.co/image/ab6761610000e5eb1e98336455c666cfbc5f2518,Laura Marling,56
7BDI9Iqt24gl4RGdS6hWs9,adult standards,Pop,https://i.scdn.co/image/ab67616d0000b2736073e4984d74026210725b7f,Ray Peterson,45
7BIXafmacnax46P30TEzNz,bhajan,World/Traditional,https://i.scdn.co/image/d2e3faa7399d510598224c12c0229f1b68e5fb9b,Krishna Das,56
7BMR0fwtEvzGtK4rNGdoiQ,jungle,Bass Music,https://i.scdn.co/image/ab6761610000e5eb55888ad142d602809ce631f8,Nia Archives,60
7BnikuGfXRWkGLJCWS1y9P,power pop,Rock,https://i.scdn.co/image/9b14d54540ee4787dbf566869c900828fb516beb,The Plimsouls,34
7Bw4KOeFdVW8DGMn8OBQB3,krautrock,Alternative/Indie,https://i.scdn.co/image/ab6761610000e5eb9b7e02f17c509d608eadda68,Trees Speak,27
7BwOjwl5mKpGVIvzvqEcie,jazz fusion,Jazz,https://i.scdn.co/image/ab6761610000e5ebb927fe4ba454e5d2bbc659b9,T-SQUARE,45
7C26wQyStqkNFW94iutvVD,indie dance,Unlisted,https://i.scdn.co/image/ab6761610000e5eb6cc805d95900831878010da3,Renato Cohen,33
7C4sUpWGlTy7IANjruj02I,art rock,Alternative/Indie,https://i.scdn.co/image/ab6761610000e5eb997116abcd93201746831544,Peter Gabriel,67
7C5dkQXLoTE3OFE5qBTrBB,big beat,House & EDM,https://i.scdn.co/image/737c230c424a989b951e03ff80fbdc383a5079ae,Pigeonhed,33
7CCn4PFRRRZF127jtCBAUe,folk rock,Folk/Acoustic,https://i.scdn.co/image/d0fc74cb2e10858c1b0b2436e6f14cee0944f8df,The Lovin' Spoonful,58
7CCrWKLbAto1EXI2eoG9Vu,drumstep,Unlisted,https://i.scdn.co/image/ab6761610000e5eb54903feb5fd2d35db15e753e,Tsuruda,27
7CIkQIdBUVT7ppXHLSbK3U,lo-fi house,House & EDM,https://i.scdn.co/image/030cdb778d4a7970d60c83e32913c9f9e895e695,Karen Gwyer,5
7CKkZZW3XtnPmqlwaElmoV,latin indie,Unlisted,https://i.scdn.co/image/ab6761610000e5ebbd422b843b20925973e0dc75,Juan Wauters,37
7CN0QS5khWglHmK1IwZ0NQ,free jazz,Jazz,https://i.scdn.co/image/ab6761610000e5eb9b0100050f806ab5ebb500cb,Brother Ah,11
7CQ5jMPSOl75LWm04fshav,acid techno,Techno & Trance,https://i.scdn.co/image/ab6761610000e5eb1357a1680f4b7c0bdcb1f663,JKS,28
7CUcJMFBfSARR8js036QOn,big band,Jazz,https://i.scdn.co/image/ab67616d0000b273a23f95eaf86820cdd210db31,Woody Herman & His Orchestra,38
7CW5MYWUsyUYiHbiTmVZHe,power pop,Rock,https://i.scdn.co/image/a26aa078c02b5f3e1c2986170b1449a739c36cfd,Alex Chilton,30
7CajNmpbOovFoOoasH2HaY,edm,House & EDM,https://i.scdn.co/image/ab6761610000e5eb1e4bcd2bef1896648762dd6b,Calvin Harris,88
7CdGfkCRgPhElnqy3HPJ4a,children's music,Novelty/Spoken Word,https://i.scdn.co/image/ab6761610000e5eb47e877323b9ed3e02aad1499,Super Simple Songs,77
7CfyXrIeIEd05s0nEPvjW1,highlife,World/Traditional,https://i.scdn.co/image/91669ac50a81cc06b8f7a9df427e512a91a55287,Bola Johnson,28
7Cm4VBm1trDn5A3CWbzDVl,Pop,Pop,https://i.scdn.co/image/ab67616d0000b2733897fda29ea30648cc5dc17b,Max Bygraves,28
7Cnz0jA7Cwlj34nLkiWsRg,Rock,Rock,https://i.scdn.co/image/0b58387e32b4755df7d496e0e579e66fa190b3fd,Cherie,19
7CpkM7oTfONJAB2XvPRd3w,sea shanties,Folk/Acoustic,https://i.scdn.co/image/ab67616d0000b273a0b81e39ad91d0c5ea01d5ee,A. L. Lloyd,20
7CyeXFnOrfC1N6z4naIpgo,christmas,Jazz,https://i.scdn.co/image/ab6761610000e5ebc47897b69089f59e31817f26,The Ronettes,68
7Czyyo31ZyZL1VLtYaTkW0,lo-fi house,House & EDM,https://i.scdn.co/image/ab6761610000e5eba51b1fda0b7082a60c415131,Patricia,18
7D51E97yRZ8Su45PW9zbzP,vocal jazz,Jazz,https://i.scdn.co/image/9c76bdaf7d03bcc91aa139efd90820a60a5c99f1,June Christy,41
7D6qpXcQJzkZqPMMnJYgrj,swing music,Jazz,https://i.scdn.co/image/ab67616d0000b273222cfeca74674414bbdd725f,Swing Amor,6
7DCIJOYaG1Yj8uVlR4QGlu,traditional country,Country/Americana,https://i.scdn.co/image/ab67616d0000b27332d29391915dc8f80945a4d5,Tex Williams,38
7DCTgrI6aDK3nBRZm5RUKT,hard bop,Jazz,https://i.scdn.co/image/cc482689cd9930d30148e8a2cb40c9bd66b59521,Cedar Walton,37
7DCnwoFMqGN6eZULdcLZeL,acid rock,Rock,https://i.scdn.co/image/5fce71305ebe23822f19a5e1613b1cb224912439,Quicksilver Messenger Service,39
7DT89nkTjnPsXUijqIxgCu,Rock,Rock,https://i.scdn.co/image/ab6761610000e5eb08a9b7733afa5dcdf31493df,Marina Allen,34
7DTApEkTcmjUQlXBfQgNPK,retro soul,R&B/Soul,https://i.scdn.co/image/ab6761610000e5eb9178cd8b15050ff75111dee1,PM Warson,17
7DTZkttLXeUXamkocrRzeh,Pop,Pop,https://i.scdn.co/image/ab6761610000e5eb306bd889037c95d6f990f6ba,Union J,31
7DfLZTzpQJl5Ni7WhTtAIY,Rock,Rock,https://i.scdn.co/image/ab67616d0000b2732cb7fdd0e0e2662f4e922b4d,Appleton,19
7DfsQhLZqYNePbM6k1G2MA,comedy,Novelty/Spoken Word,https://i.scdn.co/image/ab67616d0000b273274f2a70420089b2cfb452d6,Laurel and Hardy,20
7DhO8EWzhqmHTF4XPkBXmh,electroclash,House & EDM,https://i.scdn.co/image/ab67616d0000b2735840b081752c584fc883c7df,D.I.M.,14
7Dj9pPFhAO5JZb1gVPdmAk,vocal jazz,Jazz,https://i.scdn.co/image/ab6761610000e5eb514f5580d618f122c8f9ccef,Liane Carroll,32
7DlD7rLG9MKuvXtTeACzkO,post-punk,Rock,https://i.scdn.co/image/ab6761610000e5eba7dd6e7ec5447ac8383b35df,Dry Cleaning,42
7ECGnAVeg7U3WRPMjpJa9n,italo disco,Unlisted,https://i.scdn.co/image/ab67616d0000b2731cc68e0cff52a48b337b89ec,Scotch,39
7EFB09NxZrMi9pGlOnuBpd,shoegaze,Alternative/Indie,https://i.scdn.co/image/ab6761610000e5eb101b41755c1fa96a2967eab5,The Horrors,47
7EFRvnUHNLWOYVPg8AuI7o,Electronic,House & EDM,https://i.scdn.co/image/ab6761610000e5ebbe8747d0f4eb60d183025424,The Octopus Project,28
7EFfGZiKL1Ud3cspnlMq4H,slowcore,Alternative/Indie,https://i.scdn.co/image/da50aecc1ae4615e267b7bd2a56bcaf444cbd6fb,Vic Chesnutt,33
7EJDexRo4aTZHZv54cugss,,Unlisted,https://i.scdn.co/image/ab67616d0000b273038d568487a08f401d069c6b,Joyce Ackerson,0
7EK1bQADBoqbYXnT4Cqv9w,folk,Folk/Acoustic,https://i.scdn.co/image/ab6761610000e5eb748322a35cb459c837d5ac9e,John Denver,71
7ENzCHnmJUr20nUjoZ0zZ1,jazz fusion,Jazz,https://i.scdn.co/image/ab6761610000e5eb7fcb79b9805f93d9cedb5346,Snarky Puppy,50
7EV6jW6dotBdvsHj6xPixi,baroque pop,Pop,https://i.scdn.co/image/ab6761610000e5ebfefd96ac60b04b1261f2ab2f,The Divine Comedy,52
7EhUXju6pssa8o3CvFJTew,jazz fusion,Jazz,https://i.scdn.co/image/ab6761610000e5eb442921fca18cfc00575ce410,Cortex,54
7EjJWbZz0wsaAAt5zN0DOL,bikutsi,World/Traditional,https://i.scdn.co/image/3fb9123a139f16ff70f2feecb24d513e84d8b6e7,Wally Badarou,17
7EkKwcqYPySE4sq6H4wjae,Pop,Pop,https://i.scdn.co/image/ab67616d0000b2732b5012814484f42c9047fe8b,Neil Richardson,26
7EnAgffrVyerTWH628TJ6f,ebm,Ambient & Experimental Electronic,https://i.scdn.co/image/ab6761610000e5eb69b9736846c14a1c3a074933,Nitzer Ebb,37
7Eshpryyi2F9Jg0ixaysNn,"Folk, World, & Country",Folk/Acoustic,https://i.scdn.co/image/6b20824818f3a93c91e8e1146623fb2df8ffbf99,Kuana Torres Kahele,45
7Eu1txygG6nJttLHbZdQOh,idm,Ambient & Experimental Electronic,https://i.scdn.co/image/ab6761610000e5eb21c0ea7fc21ab3038d111ec2,Four Tet,64
7ExhquAll6i4AvNxyTCoGy,Rock,Rock,https://i.scdn.co/image/ab67616d0000b2736f3b66987c0cb965da3d7ad0,Ricky Banda,5
7EzZtsaDuv0EecScnO7wrh,Stage & Screen,Soundtrack/Instrumental,,Les Misérables-Original London Cast,0
7FEUkVfaBCIk5HQ6176Pnw,dub techno,Techno & Trance,https://i.scdn.co/image/ab6761610000e5ebde7d242efba80dccd0066f57,L.B. Dub Corp,21
7FGREdEAUNWBlLvNx72DAT,psychedelic rock,Rock,https://i.scdn.co/image/ab67616d0000b2738b8a7a00e983edecdc04f84a,Blossom Toes,15
7FIoB5PHdrMZVC3q2HE5MS,Rock,Rock,https://i.scdn.co/image/ab6761610000e5eb0d50c5a88d44de4a2dc60dc1,George Harrison,71
7FL6vuQ7VGJvOiZUukHAcK,calypso,Reggae/Caribbean,https://i.scdn.co/image/ab67616d0000b273dced9082a8e63d627b3391df,Lord Kitchener,31
7FMGtucexJvUxVz7scydEL,vocal jazz,Jazz,https://i.scdn.co/image/cb331248b80936e05107565cb51369a6a825ec65,Joe Williams,38
7FaeyOiIacUzZR8I3b7uGh,children's music,Novelty/Spoken Word,https://i.scdn.co/image/ab6761610000e5ebb1c27a0418f1028fd70d2aaf,Andy And The Odd Socks,33
7FbdCzKUwoZs1v9bCl43Ev,noise rock,Alternative/Indie,https://i.scdn.co/image/72e6315284562c2154c383c9f9ad6d23fcd0b3ad,Drive Like Jehu,28
7FbwfcufReYcTNj2ut58gu,acid techno,Techno & Trance,https://i.scdn.co/image/ab6761610000e5eb82f88a0ee0277e67c5b8ba27,Umwelt,20
7FeCvXxNn2D4Cf38i0zDul,alt country,Country/Americana,https://i.scdn.co/image/ab6761610000e5ebfad7a0ae6a4ef855a6d5c43e,Karl Blau,31
7Fo8TAyGJr4VmhE68QamMf,new wave,Pop,https://i.scdn.co/image/ab6761610000e5eb8adaa3bb54439327dbdde765,Talk Talk,62
7FsYhkJR8zX4NeEqifNqDA,trip hop,Ambient & Experimental Electronic,https://i.scdn.co/image/ab6761610000e5ebc9982ea258a6058dba19ca69,Justin Warfield,33
7FvQR6QFfXmW18dyMqnHvv,Pop,Pop,https://i.scdn.co/image/ab6761610000e5ebc469e85c776e80a3d3e3150b,Tommy Newport,53
7Fx0i1HlXqWt1aP8YvRf6E,,Unlisted,,Jack Cottrell,7
7FxMjqH6DH056sdsstGeVl,Jazz,Jazz,https://i.scdn.co/image/ab6761610000e5eb2937e5c342435090d2458b5a,Debbie Harry,42
7FyspPUfiBhVrrbExpkxZ4,,Unlisted,https://i.scdn.co/image/ab67616d0000b273d0e671f7c6692a9739001326,Boi (OST),2
7G1GBhoKtEPnP86X2PvEYO,vocal jazz,Jazz,https://i.scdn.co/image/ab6761610000e5eb136c51c848c26a6cce7f9e56,Nina Simone,71
7G351Ho5B279pD4mvmwPk5,Pop,Pop,https://i.scdn.co/image/ab67616d0000b2735e2a27779a78ef73e58cdb3b,Phyllis Robins,13
7GAVaUjGKywXZaUznokYZ0,psychedelic rock,Rock,https://i.scdn.co/image/ab67616d0000b273012ed7181d4e9c43934f95e2,Travel Agency,5
7GRrLcUxwtQLvOpO7OHO80,psychedelic rock,Rock,https://i.scdn.co/image/ab6761610000e5eb4fdc98ea7e02f52e86e46e13,Psychedelic Porn Crumpets,54
7GWKj0q6ycOb9PvBAX81w4,breakbeat,Garage & Breaks,https://i.scdn.co/image/ab67616d0000b2736a76c9041f72eeba70e5c838,Soundbwoy Killah,13
7GXXMm3DB1VswVcuGyInUd,Hip Hop,Hip Hop/Rap,https://i.scdn.co/image/ab6761610000e5ebcee70601cac67f2dd7376025,Vanilla Ice,59
7GXl7JNlpliaLZhSVRLQKu,chicago house,House & EDM,https://i.scdn.co/image/ab67616d0000b273b57a7f60feb6ffc7533f8dfa,Mr. Lee,27
7GZGpDZcYVX1wrbaOoDWOH,techno,Techno & Trance,https://i.scdn.co/image/ab6761610000e5eb86599d17fad23b6500ba955a,Veerus,35
7Ga404k4zEweLxPtX0Ghma,jazz,Jazz,https://i.scdn.co/image/bf3640a200f98d3bc2f111fced9a0672faa8652f,Marian McPartland,32
7GaxyUddsPok8BuhxN6OUW,funk,Funk/Disco,https://i.scdn.co/image/ab6761610000e5eb158342aa8bb8a192c778f2a5,James Brown,66
7GglMt7qjwotXy2qwR3FFD,acid techno,Techno & Trance,https://i.scdn.co/image/ab67616d0000b2734b1dfd92bb5865264652d4a6,Reflec,4
7GiiIIjUWGocnUGoOISAUN,folk,Folk/Acoustic,https://i.scdn.co/image/ab6761610000e5eb9452d6bbf416e63a2a6716c2,Show Of Hands,30
7GoFQNOTX0suC6Tn59qx8n,minimal techno,Techno & Trance,https://i.scdn.co/image/ab6761610000e5ebc4f73ec57135027305d9ae67,Plastikman,36
7Gp1GIWUbYOvPQd9LorMqY,big band,Jazz,,"Freddy Martin and His Orch., voc. Merv Griffin",1
7Gqr7VNPRfacOcjlqORrq9,dark ambient,Ambient & Experimental Electronic,https://i.scdn.co/image/ab6761610000e5ebf91d447bc327dbb9337ba3ef,Lucy Railton,35
7GsdZ6T45uXudJ8Wsko9sB,post-punk,Rock,https://i.scdn.co/image/ab6761610000e5ebc674cc8809f90edd437647e4,The Associates,30
7GwCNTWgIGOdOX5vXRsht4,tech house,House & EDM,https://i.scdn.co/image/ab6761610000e5ebefe7e843a28945c7d46e0b28,James Dexter,28
7H2X4y4sB4EnP593GbQi66,northern soul,R&B/Soul,https://i.scdn.co/image/ab67616d0000b2737c383d6f3abc16826eef5179,Nolan Porter,37
7H92g6n1BvyzvQwaERZKZl,progressive rock,Rock,https://i.scdn.co/image/2cd3a03e50459899daf5cf8a7d63f99706d817b1,Goblin,34
7HEPzI1k3SXs2lJ3EixmjR,jazz,Jazz,https://i.scdn.co/image/ab6761610000e5ebd7060178cc1b25dbc8999eb0,Harry Allen,44
7HGFXtBhRq3g1Ma3nH4Rgv,ethiopian jazz,Unlisted,https://i.scdn.co/image/ab6761610000e5ebdc685b05724610239ffde90c,Mulatu Astatke,55
7HQH1SJokcVMdstilKJ2S8,rockabilly,Rock,https://i.scdn.co/image/ab6761610000e5eb60ea7f13ea054cd06daafdfc,The Brian Setzer Orchestra,41
7HWm8K49cNGqMTZtdoV2BC,dub techno,Techno & Trance,https://i.scdn.co/image/ab67616d0000b27384f4dd8391a1d095ef550a06,Forward Strategy Group,4
7HZokAjDop6Gjgtghfr8lp,jazz funk,Jazz,https://i.scdn.co/image/69f5acd4bfc7813e18f9a098e6d00fdfcc514b08,Gene Harris,41
7HeVXdOdMhLslVputGTZFQ,southern gothic,country/Americana,https://i.scdn.co/image/ab6761610000e5ebc66bd6288b6f7fb11ac1bc40,Timber Timbre,48
7Hi9dTkna1F5QZXVkWnjxj,christmas,Jazz,https://i.scdn.co/image/ab67616d0000b273dbd227be49e673f913fadea8,Don Janse Chorale & Children's Choir,8
7HizNYe1mSfmvbXlx3la3m,shoegaze,Alternative/Indie,https://i.scdn.co/image/976a63060475e07bbd27f8a0eadc1dadcbfdc214,Autolux,34
7HkpufNaf4f69MkyBhUJ5d,indie folk,Folk/Acoustic,https://i.scdn.co/image/ab6761610000e5ebed1605ae5a89378a14ac0687,Bizhiki,8
7Ht57YadlBXcFJDK3plmhO,slowcore,Alternative/Indie,https://i.scdn.co/image/ab6761610000e5eb1e572bef3fc2ed6ded8598cd,The Microphones,49
7HvQfRNJCvPXTVirKKB0Nn,avant-garde,Ambient & Experimental Electronic,https://i.scdn.co/image/7c565292220b3d156d0b3b20fb5cfd1819f04f15,Moondog,45
7Hvq85OU8T7Hsd63zNBwaL,noise rock,Alternative/Indie,https://i.scdn.co/image/ab6761610000e5eb069ff978752054a7e015daab,black midi,47
7I7oCh2wOF0Y7dFrNiMTKn,Electronic,House & EDM,https://i.scdn.co/image/ab67616d0000b273aa220c1a279d32302a89416e,Terron,1
7I95CM75shzCjHuTzrepjM,Hip Hop,Hip Hop/Rap,https://i.scdn.co/image/ab6761610000e5ebf363f15fd70f3e3e5c8a8e3c,Nova Twins,55
7IAOR9C0ax7e19MmW4Q8Zk,,Unlisted,https://i.scdn.co/image/ab6761610000e5eb39cfa1ba65680c7e0674e46c,Noah Cline,6
7ICvZfP4VHAPZ5Wdt03772,doo-wop,R&B/Soul,https://i.scdn.co/image/d30b2684aa30436325b367b54187325307037676,The Dixie Cups,48
7IFehwNMIwBSIf40iX0gm9,big band,Jazz,https://i.scdn.co/image/ab67616d0000b273be51ae8b2bc9ca56d2f1caa6,Carroll Gibbons,35
7IURtrIM8SBTlCI9qrAuUQ,roots reggae,Reggae/Caribbean,https://i.scdn.co/image/1bbdde5d7a734ac4ec069324d303f68cd705d9ac,Linval Thompson,42
7IZjS3UFzJXELrFHmm1KY7,americana,Country/Americana,https://i.scdn.co/image/ab67616d0000b2733acbf8815a4f90af687b53fc,Owen Beverly,14
7IdPmzvB3PugXieZE9vS4S,noise rock,Alternative/Indie,https://i.scdn.co/image/ab6761610000e5eb2dc84ad8eacc514dfeac6414,Gilla Band,31
7IfculRW2WXyzNQ8djX8WX,neo soul,R&B/Soul,https://i.scdn.co/image/ab6761610000e5ebfb1bc9e7ca44d473641b7842,Erykah Badu,71
7Ifvnt1HhJ0b1QwOxLAu2s,ebm,Ambient & Experimental Electronic,https://i.scdn.co/image/ab6761610000e5eb931f4072ddf9b42a713baebf,Tzusing,36
7IsetG0RXJXiFbNKfciozu,glam rock,Rock,https://i.scdn.co/image/ab67616d0000b273b96e1e51a69434d601ed609a,Magic Tramps,12
7J2lZBANizgPNfUzux31PV,Rock,Rock,https://i.scdn.co/image/ab6761610000e5ebad195e6f0f6f25b5d072e445,David Gray,66
7J7YRBSoiXpdTmcbkKZL2C,Rock,Rock,https://i.scdn.co/image/ab67616d0000b2734275ec095a72b84743934fce,The Honeydrippers,41
7JAxSqDybAiZCDoqJ1R1fc,vocal jazz,Jazz,https://i.scdn.co/image/ab6761610000e5ebb3a87fe0043ce0604e0a2a6c,Sara Gazarek,37
7JFC5MXXlrT7sSX7vst4Vf,stoner rock,Rock,https://i.scdn.co/image/ab67616d0000b273bfaf60d80223b3920631adfe,Hot Lunch,20
7JFO7bnWWApOFvTMS3NFgh,Electronic,House & EDM,https://i.scdn.co/image/ab6761610000e5eb67c97e44de3f8d09379d47a0,Anchorsong,40
7JFOnYjnZUmhIGWXA3IKr3,techno,Techno & Trance,https://i.scdn.co/image/ab67616d0000b273880a96bca31218280c051ec1,Hiroaki Iizuka,6
7JFtD8KnbAADBBDleIMuH7,americana,Country/Americana,https://i.scdn.co/image/ab6761610000e5ebb5bcd30d7f6b8b51f1a4d6ad,The Lone Bellow,47
7JI0XIkkide4McMDY1IPid,free jazz,Jazz,https://i.scdn.co/image/ab67616d0000b2739851e61d281c993f277893f8,Lisbon Underground Music Ensemble,0
7JLwBH0X2G8tgHceqvOu5B,classic soul,R&B/Soul,https://i.scdn.co/image/ab67616d0000b2731cbf8d0693a628a93be45b83,Timmy Thomas,47
7JMwO9tyFPMsb2KnsJqZlp,afroswing,Hip Hop/Rap,https://i.scdn.co/image/ab6761610000e5eb9f0e37a5f7d707351ea610df,B Young,54
7JRs0G0kHZTBs0Lo7qOjL8,drone,Ambient & Experimental Electronic,https://i.scdn.co/image/2ecc187703596a3693ef4778f9360a478e167f9b,Dirty Beaches,31
7Jdjjb3kJWyPmV5MbdVdTv,idm,Ambient & Experimental Electronic,https://i.scdn.co/image/39026afe6da73382f50e88d2dd51f93e78d7fcbb,Jackson And His Computer Band,22
7Ji05Hs29f7TP7DctMkm1d,free jazz,Jazz,https://i.scdn.co/image/ab6761610000e5eb6f84f591485e09659c5b6855,Vilhelm Bromander,13
7JjgGzq5j7CBkglcvQ48vq,lo-fi house,House & EDM,https://i.scdn.co/image/ab6761610000e5eb2d4bee43cffed38abf4ed49a,Best Friends Club,22
7JmWc7RWsx9ga8HNet7sjx,nu disco,Funk/Disco,https://i.scdn.co/image/ab6761610000e5eb1ba32e64b55f38a9c5dc24fd,In Flagranti,27
7JuJkVYsQm2QE0PlXNNBeK,britpop,Rock,https://i.scdn.co/image/ab67616d0000b273034fec187c513aada804892b,Straw,16
7JyIYQOPXnpgSxyz2aCcpu,,Unlisted,,SWA Allstars,0
7K0WJzyqUNRhraNcsvJp1h,techno,Techno & Trance,https://i.scdn.co/image/ab6761610000e5eb463e72725723fdd61c515c9c,Randomer,33
7K64vyGna9ILfEEWnLKFEV,indie jazz,Jazz,https://i.scdn.co/image/ab6761610000e5eb44b5a36f0f110fb2591691b7,Hector Plimmer,34
7K78lVZ8XzkjfRSI7570FF,christmas,Jazz,https://i.scdn.co/image/ab6761610000e5eb5f8c900bf430e6bfae9ec7c2,José Feliciano,64
7KGqvFukcZRbQ7YFsYrgPa,Rock,Rock,https://i.scdn.co/image/ab6761610000e5eb1d8289c5a98c178330f4fc32,Donnie & Joe Emerson,44
7KIFh8WDiqlz1Dlopd03cy,jazz rap,Hip Hop/Rap,https://i.scdn.co/image/ab6761610000e5ebd6b538e5d5ffe91d4dbbd690,August Greene,25
7KMddxPqjqv0fiucwg0c3D,uk garage,Garage & Breaks,https://i.scdn.co/image/ab67616d0000b2738139be10efea076378e61090,DJ Pied Piper & The Masters Of Ceremonies,39
7KXQ9722SR9VdAY25qKQfE,Pop,Pop,https://i.scdn.co/image/ab6761610000e5eb996d665c0120e19639ec3c64,Snorri Helgason,18
7Kfrmups2Z3ncDQmNS5jRc,jazz funk,Jazz,https://i.scdn.co/image/024acb5eeb7da486ed3ce3845de2b02939674e93,Ramsey Lewis,44
7KjjSmSX5wCE1KYOerEf6D,hard bop,Jazz,https://i.scdn.co/image/e9db2d23da4dd4d4543e2091289d8665bf8c9014,Nat Adderley,36
7KkV7dFoGEXr4M3fpb1FgD,techno,Techno & Trance,https://i.scdn.co/image/ab6761610000e5eb15b9f1810effef2b020a9f2b,Thomas Schumacher,48
7Kkx4dACo6kFSeT9wjfVA5,power pop,Rock,https://i.scdn.co/image/677cfa9f5de2862dc30673e4065f79734fe1a23f,Raspberries,48
7KomCxZv6D5qCVvefwMnwB,industrial,Alternative/Indie,https://i.scdn.co/image/ab6761610000e5ebe1e2b07931ca6f39e4fdd688,Einstürzende Neubauten,41
7KzRXWiO7ggx1pbXccMSTm,drum and bass,Bass Music,https://i.scdn.co/image/ab6761610000e5eb3d7786d39eb65e363af5625c,Grey Code,29
7L0uKOuMgMCLXHW9RnyB8n,post-punk,Rock,https://i.scdn.co/image/ab6761610000e5ebe9ca4633ff18493bc5926ac7,Home Counties,30
7L12TqJ0fbwtFljTbwfwRI,Electronic,House & EDM,https://i.scdn.co/image/ab6761610000e5eb8c8bddfbf81e06d80b8b4c6a,Samantha Mumba,47
7L2rePM60cIztWZ7cLlskE,Pop,Pop,https://i.scdn.co/image/ab6761610000e5eb7252d988bcb5e087e9dcdb21,Martin Luke Brown,51
7L3cctnz9MFugFaH6JNj3D,acid house,House & EDM,https://i.scdn.co/image/fd7f8f0ba8c9263c70eea6721a4f2c456498f970,Wink,21
7LCDnUQYE07fnKbo46SVLB,idm,Ambient & Experimental Electronic,https://i.scdn.co/image/ab6761610000e5ebc25aae4b8e48acf1de6d2a11,Iglooghost,43
7LO9JgJitsPExiZcDyVzm1,free jazz,Jazz,https://i.scdn.co/image/ab6761610000e5eb7f305f7c07b782765d60969b,Binker Golding,23
7LOW1cB3NuRxZsxIo7g05p,bedroom pop,Pop,https://i.scdn.co/image/ab6761610000e5eb6160b6329788bf7fc89ad0fb,Jon Bap,23
7LQcFUQ3mYCZvLNrE2bOwc,Rock,Rock,https://i.scdn.co/image/ab6761610000e5ebdfe2f5031266db38a52bbcc3,Olimpia Splendid,1
7LVjyVAxE7a4e9Od3lj3nX,psychedelic rock,Rock,https://i.scdn.co/image/ab67616d0000b2735de8b1e831848b4fd66db8ce,Arzachel,23
7Lf3LOZp3U3u2f6cWMd3AH,britpop,Rock,https://i.scdn.co/image/ab6761610000e5eb1cd39d1434a0b1689db06193,Paul Weller,55
7LfRnzGM0wRSyS5mmAwJbv,orchestral,Unlisted,https://i.scdn.co/image/ab6761610000e5eb79bf6d80fe0e16c1169dd361,Ray Conniff,60
7Ln80lUS6He07XvHI8qqHH,indie,Other,https://i.scdn.co/image/ab6761610000e5eb7da39dea0a72f581535fb11f,Arctic Monkeys,89
7LunbFWIm3RPQpywjOSSd8,mpb,Latin,https://i.scdn.co/image/ab6761610000e5eb8fe11088a1ab3826cec724da,Zeca Baleiro,60
7M1FPw29m5FbicYzS2xdpi,progressive rock,Rock,https://i.scdn.co/image/ab6761610000e5eb7c1c2fcf5a73dbfa60a40a18,King Crimson,58
7M7UXUwtz3Wb25PVS8dwHs,worship,R&B/Soul,https://i.scdn.co/image/ab6761610000e5ebec3b45dab30f22021ec19f51,SEU Worship,61
7M7zepHXRplN5pH5vAB8WZ,space rock,Rock,https://i.scdn.co/image/09beec7980ce091316470c57e77c7f7dfc6cd214,JC Flowers,0
7MDoXA8Kfykq3gkBkDBLtH,Funk / Soul,Funk/Disco,https://i.scdn.co/image/ab6761610000e5eb7f584107293d84e00e514ebd,The Rah Band,57
7MJ1pB5d6Vjmzep2zQlorn,classical,Classical/Orchestral,https://i.scdn.co/image/40eb3ffb36cd0c98ca76630260d09b0025be373d,Benjamin Britten,49
7MSUfLeTdDEoZiJPDSBXgi,ambient,Ambient & Experimental Electronic,https://i.scdn.co/image/ab6761610000e5eb5533ce5711f95f0c436b30fe,Brian Eno,63
7MZwR2R0H1VofTGWMziqHl,jungle,Bass Music,https://i.scdn.co/image/ab6761610000e5eb89948ca074fd913e63d33f0e,Amy Dabbs,18
7MhMgCo0Bl0Kukl93PZbYS,britpop,Rock,https://i.scdn.co/image/ab6761610000e5eb00620d736644d2359ce99430,Blur,72
7MoIc5s9KXolCBH1fy9kkw,Pop,Pop,https://i.scdn.co/image/ab6761610000e5eb679cee0110b7cc128a496431,Japanese Breakfast,63
7N2ukNg3vSS0LE1xqSaO2j,french indie pop,Pop,https://i.scdn.co/image/ab6761610000e5eb8f33c44e82faf92d1d3ca901,Tahiti 80,35
7aExFIr0IHWO5aFjMrGwKw,country blues,Blues,https://i.scdn.co/image/1a676d0656947978521eda21e20ea16410f5880e,Charley Patton,30
7aKv42QgcrCLQg37J4CkTM,neo-psychedelic,Rock,https://i.scdn.co/image/ab6761610000e5eb2931d2d4a26d05a65d193f3d,TVAM,27
7aahKjnlKdFO5pnKUyQ9lt,traditional folk,Folk/Acoustic,https://i.scdn.co/image/ab67616d0000b2732fc6389e1cd586567be05f68,Frank Proffitt,23
7adlRX57hqe6Pc4YHrSGG0,"Folk, World, & Country",Folk/Acoustic,https://i.scdn.co/image/ab6761610000e5ebe45f640d541c8fd86d5d8a31,Runnner,43
7aqjHeupqqWY9tPApz26Mf,power pop,Rock,https://i.scdn.co/image/ab6761610000e5eb0260b3499a99bad92a139c49,Silvertwin,21
7aqummHOZtg6QfA7WNLP7O,techno,Techno & Trance,https://i.scdn.co/image/ab6761610000e5ebd6c921223d2de65eb3474936,Kitkatone,2
7axBkewBnoeeEX6UDo5G29,sea shanties,Folk/Acoustic,https://i.scdn.co/image/ab67616d0000b273d1b8e7d323f31de1f728f82f,Ian Giles,23
7b3N1nZgikeHVOe5rG0skR,Jazz,Jazz,https://i.scdn.co/image/ab67616d0000b2736e78d6584c238c3f6e702895,Mor Thiam,10
7b85knFTqgPmQmbUt77rYy,techno,Techno & Trance,https://i.scdn.co/image/ab6761610000e5eb8dc9bea7399755a4f0f330b7,Yan Cook,29
7bExzNVYdOn4SkrIXkqEyz,dub techno,Techno & Trance,https://i.scdn.co/image/ab6761610000e5eb478a8d1217b15e2c5a157fdf,Altinbas,31
7bHm3B3jJju0q9FUdOgp3b,trip hop,Ambient & Experimental Electronic,https://i.scdn.co/image/ab6761610000e5eb9602773bc4b351f3a7421ae8,Blockhead,46
7bOkvwxa2SjdbvMvNawSMZ,choral,Classical/Orchestral,https://i.scdn.co/image/ab6761610000e5ebc4ec860c43864bce7ce0ffa6,Westminster Choir,37
7bPU7cvfoD20ixGD9Qnqki,Rock,Rock,https://i.scdn.co/image/a209aa8215c4c91a321b5293bc6dcb64eff1ed29,Stealers Wheel,63
7bSyjB4y9NAhoUDrZTpYt4,psytrance,Techno & Trance,https://i.scdn.co/image/ab6761610000e5eb4364f8de9c716d3a273d359e,Ace Ventura,46
7bUrX1lUvEJ1NKzQtTDPbW,swing music,Jazz,https://i.scdn.co/image/ab67616d0000b273c00cdb9020e39689459a0571,Bob Chester,6
7bcbShaqKdcyjnmv4Ix8j6,art pop,Pop,https://i.scdn.co/image/ab6761610000e5ebbb8bc9aace3d4d39d7cfd6f1,St. Vincent,66
7bd687clsLdr4DueSybjG3,rocksteady,Reggae/Caribbean,https://i.scdn.co/image/ab6761610000e5eb99816c6f6c8be1a4440c4bd2,Rudy Mills,24
7bf9XwZiLZNWCC0XNiZaN9,rocksteady,Reggae/Caribbean,https://i.scdn.co/image/ab67616d0000b273f57d5d4f3972072ddea021ff,Dave & Ansell Collins,33
7bheeP3QzQBh7JYr4YuCsE,psytrance,Techno & Trance,https://i.scdn.co/image/ab67616d0000b27336fedfbaf3c1beca7bd85291,Error Corrective,0
7bjmjTh6nb3Sslb0AHWhJP,idm,Ambient & Experimental Electronic,https://i.scdn.co/image/06484e9a7e773e2a0df9fa03feaeb1073bf1d27c,Aoki Takamasa,26
7boRCR8WDzP08XvsiY3ZY8,Pop,Pop,https://i.scdn.co/image/ab6761610000e5ebb912ffa4ca0542620d9d871e,San Scout,13
7bu3H8JO7d0UbMoVzbo70s,new wave,Pop,https://i.scdn.co/image/ab6761610000e5ebdd427c765c409ec02dc3a868,The Cure,78
7buoKEq79bx7gcdUADGTn7,traditional folk,Folk/Acoustic,https://i.scdn.co/image/ab67616d0000b273352a6bb05bc2044cb419097e,The Social Harp Singers,2
7c5Qvy0cv7VGzRnUSwnSnj,neo-psychedelic,Rock,https://i.scdn.co/image/ab6761610000e5eb0516f2e009cad1bf4724136f,Hookworms,17
7cCi9XoRu8Y1SyJ9c94fhc,post-punk,Rock,https://i.scdn.co/image/ab6761610000e5ebd8a864337c9e5354b012d3e9,Working Men's Club,32
7cDu9zG1gVQrMdSGBAhzvn,Electronic,House & EDM,https://i.scdn.co/image/ab6761610000e5ebee40a90c1690f039a3d746b8,Denis Sulta,33
7cKtqv9cYVlOwnuCFH95ce,new wave,Pop,https://i.scdn.co/image/ab6761610000e5ebf7141fa845d562afdc8cfab9,The The,54
7cT0q8ThkSyIzyFDahxxUU,,Unlisted,,DJ MAGIMBU,0
7cTXfwpe9peK0UE1bZyIWZ,children's music,Novelty/Spoken Word,https://i.scdn.co/image/ab6761610000e5eb730d0b0210405e82447ca082,Pinkfong,70
7cWhEUzLtzKg5FH2JJItyK,retro soul,R&B/Soul,https://i.scdn.co/image/ab6761610000e5ebf3b74c57a18f794ec9ef9bdf,Jamison Ross,33
7cXMDkf45UtgRlxemP1I4o,lo-fi house,House & EDM,,Soul Capsule,20
7cXmJjRB57gkLxdIi4U27v,lo-fi house,House & EDM,https://i.scdn.co/image/ab67616d0000b2732bf3d04f7c80e194d42800a3,Daze,8
7caMdiwqwg1WefL7Jjm23M,americana,Country/Americana,https://i.scdn.co/image/ab6761610000e5ebc0816a5a2d5e1a34237dc4f5,Eilen Jewell,47
7csp7TiZwQF5Yn9Mt2Us2w,rockabilly,Rock,https://i.scdn.co/image/fa50bf7c08daef80a7facadc5799cad429c87755,Si Cranstoun,33
7ctAOUlIAs7yuMODWE2Fyz,Stage & Screen,Soundtrack/Instrumental,https://i.scdn.co/image/a342b5af4a422d347860dc581714131f16f9c900,John Barry,60
7d1xjDIoghWcgAkCANoCKe,,Unlisted,,Max Bygraves With Archie Andrews,1
7dB5TtNG9BHNj4QCfS0SQg,Rock,Rock,https://i.scdn.co/image/ab6761610000e5eb5d26eac0decf7230eb2b5a0c,L'objectif,19
7dCDPRfjq5MzfeJFgwbqb5,techno,Techno & Trance,https://i.scdn.co/image/ab67616d0000b2736e062c6314e14983b8ee04f7,Pratap,7
7dEx5Gii91YpvTOzrrvx5L,riot grrrl,Punk/Hardcore,https://i.scdn.co/image/ab6761610000e5eb66cec367c2f44910935c2028,Petrol Girls,25
7dGJo4pcD2V6oG8kP0tJRR,rap,Hip Hop/Rap,https://i.scdn.co/image/ab6761610000e5eba00b11c129b27a88fc72f36b,Eminem,92
7dNDVPDrG9zmvivt6UMemK,Reggae,Reggae/Caribbean,https://i.scdn.co/image/ab6761610000e5ebe33500f67827e5a4c6aab1a7,Atlantik,15
7dNsHhGeGU5MV01r06O8gK,classic country,Country/Americana,https://i.scdn.co/image/c8eb3a2d38f77a5f9e752036dec6c21f307fbfe2,Patsy Cline,61
7dOBabd5O4CvKrg4iriHTM,Hip Hop,Hip Hop/Rap,https://i.scdn.co/image/ab6761610000e5eb2306846cafba63385008dc21,Kid Rock,69
7dOgHbGIfDl2LXRswVBPOP,minimalism,Classical/Orchestral,https://i.scdn.co/image/ab67616d0000b273956817980955c12b13c0d878,Haron,3
7dYpljfleToKnSmBFqjqkd,Rock,Rock,https://i.scdn.co/image/ab6761610000e5ebac019d837cadc4d222df4d69,Tapir!,30
7dZiPXbSCTAgUpmpgNoLjt,acid rock,Rock,https://i.scdn.co/image/ab67616d0000b2731a3e9f74688b6c8f7fe97751,Amanaz,46
7daPb40K64rRtF36wd3ZOk,Stage & Screen,Soundtrack/Instrumental,https://i.scdn.co/image/6a9df2fdcda44bc0cd927eb3ad033fb95094751c,Stephen Schwartz,62
7dbKeVkihtOifdiu7f3rUg,christmas,Jazz,https://i.scdn.co/image/ab67616d0000b273f0a64311563167d102b362d0,Lou Monte,38
7dedWAqd0IKTdCiqiadUrV,Rock,Rock,https://i.scdn.co/image/ab6772690000c46c0634580ab7bf302607d36b08,The Seekers,50
7djT11AqtEBzdME1OGFfxL,krautrock,Alternative/Indie,https://i.scdn.co/image/ab6761610000e5ebd0fb01dabd035c4decd0007b,Föllakzoid,24
7dl9xeD8jLQYMQyCfpK8TE,jangle pop,Pop,https://i.scdn.co/image/ab6761610000e5eb78ef7b3ad53c6558c5821188,BMX Bandits,17
7dmbpbRfi5fEBqu9A9kwrc,reggae,Reggae/Caribbean,https://i.scdn.co/image/ab6761610000e5eb107b1776786d51c807ed3451,Iseo & Dodosound,52
7dr3cSEOIZ6tBrm4y1wsnr,experimental hip hop,Hip Hop/Rap,https://i.scdn.co/image/ab6761610000e5eb10e1beffbd04a9ccc3e3e7bb,Dr. Octagon,37
7drCdui88p1k77D55GBMYu,country blues,Blues,,Forrest City Joe & His Three Aces,0
7dupCiguCFkYZRisA3foPu,new jack swing,R&B/Soul,https://i.scdn.co/image/db1fd9baa8ffdf82d0ef1f0e40f17cb94272d4fb,Monie Love,38
7e9843xr17L5hRYAti3dtG,big band,Jazz,https://i.scdn.co/image/ab67616d0000b2737c705a56add607b1b6d910ea,Tex Beneke,37
7eB5JF3AiAaG4eyKqgmIeo,minimalism,Classical/Orchestral,https://i.scdn.co/image/ab67616d0000b2737e9876ab2bedffe090408d9f,Tiziano Popoli,3
7eFNDfeRSsRCcUGLBVZZB3,bluegrass,Country/Americana,https://i.scdn.co/image/ab6761610000e5ebd6a0f8217dae36ee624ac40a,Red Tail Ring,21
7eFa5ZzDWxhQK2WKIBF6AF,celtic rock,Rock,https://i.scdn.co/image/ab6761610000e5eb546602e3196e328f062df918,Red Hot Chilli Pipers,41
7eKIP3IoPoUAZgZuvMM6hf,breakcore,Bass Music,https://i.scdn.co/image/ab6761610000e5ebf5ea7fe5822b33f0d6f1cf19,Venetian Snares,39
7eQZTqEMozBcuSubfu52i4,electroclash,House & EDM,https://i.scdn.co/image/ab6761610000e5ebac528fa9a19961733193cbf7,The Knife,50
7eYZSXnQVCODCVmTV8Hk2T,baroque pop,Pop,https://i.scdn.co/image/ab6761610000e5eb8004d3184eb89db0618772ed,The Lemon Twigs,42
7eZRt08LoDy0nfIS6OwyMP,Electronic,House & EDM,https://i.scdn.co/image/ab6761610000e5eb6c0d04d15e8509bbb9cdeef7,Fatima Yamaha,44
7ei2hgJmSk49f16vx2bM8J,disco,Funk/Disco,https://i.scdn.co/image/ab67616d0000b273b872325c3dc9936410b53011,Silver Disco Explosion,27
7eiTMbuHYUPjrAMjIhAVDB,garage rock,Rock,https://i.scdn.co/image/ab6761610000e5eb4beed77650c8af0405a716ab,The Bug Club,42
7epIIT85VR8OEggqKO3RSt,neo-psychedelic,Rock,https://i.scdn.co/image/ab6761610000e5eb35edf8af7fcb6402073197b6,Natural Child,43
7ewJCECkpkh56w0Y4VWzSY,Rock,Rock,https://i.scdn.co/image/ab6761610000e5eb83940d211d2d91a534e81711,Los Bravos,44
7f4ignuCJhLXfZ9giKT7rH,k-pop,Pop,https://i.scdn.co/image/ab6761610000e5ebdc904dcc7399f1fd90107392,NCT 127,67
7f6ExQA9PR5pOnbrOXOwoS,dark ambient,Ambient & Experimental Electronic,https://i.scdn.co/image/ab6761610000e5ebb1bc48d2363894d7558828d4,Anthony Linell,19
7f8YjXIXYXMDWaYCICYUUD,ebm,Ambient & Experimental Electronic,https://i.scdn.co/image/ab6761610000e5eb4893e9508a63207a346cac51,Identified Patient,25
7fHzaEzwDv2zfpVqrkama2,chicago house,House & EDM,https://i.scdn.co/image/ab67616d0000b2732c0c678d93c5a8545a6ddcce,Aaron Carl,19
7fIvjotigTGWqjIz6EP1i4,motown,R&B/Soul,https://i.scdn.co/image/b4cebe6215c58efaf06407961a99c458e537050a,Four Tops,65
7fSjnDr8tBO37Xbb2UXuYr,Rock,Rock,https://i.scdn.co/image/ab6761610000e5eb92062f06d866e88234a0cf98,Richard Swift,39
7fUtt9kVZOyn9LWy0JbDRI,swedish pop,Pop,https://i.scdn.co/image/30a5b4f8de26073a2972f23960b4aef1a96dc1c2,Agnetha Fältskog,44
7fVp0A6oCMfiQJihMnY0SZ,Electronic,House & EDM,https://i.scdn.co/image/ab6761610000e5eb1a0f934ffc8688946ce9f019,KNOWER,42
7fh7bwX9qV60tLxxsp9bTe,art rock,Alternative/Indie,https://i.scdn.co/image/ab6761610000e5ebfcc1279f26b23c8b9663e7c7,The Durutti Column,55
7fmKtIgmxqNEKjATioVNsu,adult standards,Pop,https://i.scdn.co/image/ab6761610000e5eb1d6bec189c1ca27f6ce699dc,Pat Boone,48
7fpQ6NCdteN7GLIpdFXaKV,grime,Bass Music,https://i.scdn.co/image/ab6761610000e5ebbc153ac0ce85ed6756fbf121,Ambush Buzzworl,38
7ftZLBtMuNBXnnDFKbAblK,Electronic,House & EDM,https://i.scdn.co/image/ab6761610000e5ebf7dc7d86087648b99396d750,Hoku,47
7fvNIXXszS6FTHROnZVsK4,ragtime,Jazz,https://i.scdn.co/image/9e8dc145a2491f344c9b69db793543ae0591cdc6,Kid Ory,26
7fxtWEwKKrFaykKItspdYg,indie folk,Folk/Acoustic,https://i.scdn.co/image/ab6761610000e5eb973a112f85f9208e0ab0f8da,The Milk Carton Kids,47
7fzX8WLEcy00tUB0aIHSMI,big beat,House & EDM,https://i.scdn.co/image/ab67616d0000b273872a17d9851c7c19692f1766,Ceasefire,11
7g8fMHhsjLE4d5ItdVjdVQ,jazz funk,Jazz,https://i.scdn.co/image/ab6761610000e5eb2ac20908441125287df60111,Lucas de Mulder,34
7gHGuSjlVaJqZL0n95zm4Q,post-punk,Rock,https://i.scdn.co/image/ab67616d0000b273aca374590c54c74a31932577,Ike Yard,8
7gJJiJlmr6z6Q4qdNNvcqO,traditional folk,Folk/Acoustic,https://i.scdn.co/image/ab67616d0000b27360513204046a02abdc30174a,The Etchingham Steam Band,8
7gQNLR8mykA1KjGClbPYHe,Electronic,House & EDM,https://i.scdn.co/image/ab6761610000e5eb9b6658185724a92cb2ddc4dc,MNDR,44
7gRGh8w4G9zaFJSaIYp8HH,folk pop,Unlisted,https://i.scdn.co/image/ab6761610000e5eb7ac1c4db6901f98a6ba470e7,River Whyless,55
7gRH7pJQJaAvrwvi8STYEl,retro soul,R&B/Soul,https://i.scdn.co/image/ab6761610000e5eb03b92d64606dd4b50c056eaf,Matt Duncan,53
7gS1Yv0RynyzKX5ICtKIhS,classic country,Country/Americana,https://i.scdn.co/image/51325cfdd053459f00a997740914b4853e17f149,Ernest Tubb,43
7gVzeNvBbUpj6PXX5ekCMs,chanson,Pop,https://i.scdn.co/image/ab6761610000e5eb4bc6e109f24a496d535dd8f7,Julien Clerc,55
7giUHu5pv6YTZgSkxxCcgh,Rock,Rock,https://i.scdn.co/image/ab6761610000e5eba9557581d591dcb5dbf174df,Edward Sharpe & The Magnetic Zeros,65
7gqsi6aBSkRMJoL9psKqMr,alt country,Other,https://i.scdn.co/image/ab6761610000e5ebdfd3677dd40acf3c86ad5eda,Bill Callahan,46
7guDJrEfX3qb6FEbdPA5qi,motown,R&B/Soul,https://i.scdn.co/image/c59faacbed7aa770266bad048660810eca204108,Stevie Wonder,78
7gvcNXvR9lM4nFMfzNdJpZ,glitch,Ambient & Experimental Electronic,https://i.scdn.co/image/15162c1e6cf78b5f758f63cb3cca1a2ff6b53eb1,Senking,12
7h2Y48bG543JDzEed383cx,grime,Bass Music,https://i.scdn.co/image/ab6761610000e5ebd06c6ea674cd523c8099e197,Tinchy Stryder,48
7h3tBF9rArchdiDLuLfzd9,Electronic,House & EDM,,The Underground Track Master,0
7h8ja4JSORo2sXJPmCXRxa,hardcore hip hop,Hip Hop/Rap,https://i.scdn.co/image/ab6761610000e5eb3ef26ad9da922d14fa7b1ff6,Immortal Technique,56
7hFdUW64G4iU1tz46ITRfN,acid house,House & EDM,https://i.scdn.co/image/ab6761610000e5ebdae40b58c56780699ce60348,808 State,44
7hNnfON5MJqqBQyinaQ6yh,chicago house,House & EDM,,chip dilla,0
7hQbFjNyMcJxjwmlieqPy1,children's music,Novelty/Spoken Word,https://i.scdn.co/image/ab6761610000e5ebd796481dea1aad37475f4653,Deano Yipadee,33
7hWRneMDJulC1IMfHD1gt7,techno,Techno & Trance,https://i.scdn.co/image/ab67616d0000b273bd9bf337244a8f9df152d381,Claude Young,18
7hYKC5uBED0V5rpKQkqgQ5,christmas,Jazz,https://i.scdn.co/image/7ffd242790bc626593434af588afb9d0b86dfc6a,Leon Redbone,36
7heUyuJw3gZftFZRa1rV6M,classic country,Country/Americana,https://i.scdn.co/image/f7bcbb84a4b6ae33207e273cb755066a06c099a4,Roy Acuff,34
7hqZBHSgDs1odG9aupMzEI,new wave,Pop,https://i.scdn.co/image/cabe205efc8522c9ccb180b548019535cfba2367,Big Audio Dynamite,43
7hw73b5RrwBdFkqP5Yxvdc,,Unlisted,,Songs: Ohia feat. Lawrence Peters,0
7hwCBLTDeDsdc0tSeZzCFg,techno,Techno & Trance,https://i.scdn.co/image/ab67616d0000b273541c22bf863637be89802d68,Coeter One,7
7hy5G80y4pkgJf4bJxJ1qM,uk drill,Hip Hop/Rap,https://i.scdn.co/image/ab6761610000e5eb995755398568a727dfda61b1,Scribz,16
7i0alXUWscFXnVcnXLlheq,dub techno,Techno & Trance,https://i.scdn.co/image/ab6761610000e5ebb95ed8900764a4861152a591,Ohrwert,22
7iFUYe1KDzmMGlvCSbL6nw,northern soul,R&B/Soul,https://i.scdn.co/image/ab67616d0000b27377fb9a9dc44e90ec32f4f554,Paris Music,35
7iIe8Qq7Vu4bjeBdqqQKpv,indie folk,Folk/Acoustic,https://i.scdn.co/image/ab6761610000e5ebed014e01593a909509f1219c,Myers Rooney,0
7iKleRyjLc8sVDN551vyiX,Funk / Soul,Funk/Disco,https://i.scdn.co/image/ab6761610000e5eb7526b2c70409d011e726f113,L'Eclair,43
7iNWihBrDST1H86nEeFY9W,witch house,Ambient & Experimental Electronic,https://i.scdn.co/image/ab6761610000e5ebd2289357957f8959a5b143b7,Mssingno,29
7ia4FaCVsbXvhVwagCJk7l,garage rock,Rock,https://i.scdn.co/image/ab6761610000e5eb3bb81e8c384243ba1e3535cc,The Orwells,42
7icDkrFloDss50hoqQ3Kkj,space rock,Rock,https://i.scdn.co/image/ab6761610000e5eb57a50cdabe8e0286aca50ba6,Clinic,37
7il5MMdORy6JoYnqxFPKqE,bebop,Jazz,https://i.scdn.co/image/ab67616d0000b273054164b79c7beefebc2b360e,Bud Powell Trio,34
7iqeOKRXdtfN4PCu3oCHbZ,techno,Techno & Trance,https://i.scdn.co/image/ab6761610000e5eb6db72092157f77929940b324,YANT,8
7ixDtqtITfqx5lZQGh5gKe,techno,Techno & Trance,https://i.scdn.co/image/ab6761610000e5ebfd68272202f6de461d1f7f08,Nicole Moudaber,49
7j7j2bTOawrElFWLh1bsoK,space rock,Rock,https://i.scdn.co/image/ab6761610000e5eb8a8cddd2d6790a707c4201cf,Guadalupe Plata,27
7j8I1aIBA9Z9bMy7mTwWKk,big band,Jazz,https://i.scdn.co/image/ab6772690000c46c2447425dd869d59d065dfb9a,Hoagy Carmichael,38
7j9quQ55VONzS08qHkhGAD,Electronic,House & EDM,,Willie Wonka,0
7jAeRfT8LYCxydM2Y1Egvn,free jazz,Jazz,https://i.scdn.co/image/ab6761610000e5ebe66a8fa42d05694424f0d486,Marc Ribot,40
7jEmLGxzh2RuOwdj96tlyL,hard house,House & EDM,https://i.scdn.co/image/ab6761610000e5ebcc622a685ed9525ec5371bfe,Narciss,45
7jGYBagwyep7YPsQ9b3vyx,hard house,House & EDM,https://i.scdn.co/image/ab6761610000e5eb1acfb79a4443734b314a1035,Alex Ranzino,9
7jHMLnv00UQK41tw721zid,space rock,Rock,https://i.scdn.co/image/ab67616d0000b273f5b10a52ad84c5ab041fbb96,Steeple Remove,1
7jZM5w05mGhw6wTB1okhD9,trance,Techno & Trance,https://i.scdn.co/image/ab6761610000e5eb44d7cffab76f55289e92914d,ATB,66
7jefIIksOi1EazgRTfW2Pk,art rock,Alternative/Indie,https://i.scdn.co/image/ab6761610000e5eb6ee22df4403027ae525ced87,Electric Light Orchestra,75
7jerD1mbWgyDukHAmCvdCj,ranchera,Latin,https://i.scdn.co/image/ab6761610000e5eba753e631df34c4412727c7e3,Javier Solís,67
7jg1R7YqkAgFy4PwrvAJm5,acid techno,Techno & Trance,https://i.scdn.co/image/ab67616d0000b27318481780c230cb60a8202e46,Makaton,2
7jmGjfkkVOjBdjf54YHhwg,country blues,Blues,https://i.scdn.co/image/6b3cace18d000477e3c0087b972e44cc064d325c,Mance Lipscomb,21
7jmTilWYlKOuavFfmQAcu6,adult standards,Pop,https://i.scdn.co/image/ab6761610000e5ebf78341630056283b6d617753,Barbra Streisand,66
7jocoSCuCtpCxCI6IbP8ye,west coast hip hop,Other,https://i.scdn.co/image/ab6761610000e5eb4c9bcd0a95b265ca2f464b0e,Digital Underground,56
7jrtCX0BKSn54uZA2bRYB0,indie dance,Unlisted,https://i.scdn.co/image/ab6761610000e5eb05e9dd628dc616c5e9c41a97,Optometry,23
7jtYJOhZBZ9orULC4iIBgo,Electronic,House & EDM,https://i.scdn.co/image/ab6761610000e5eb21da909b06a3eedab719cc38,Olefonken,33
7jy3rLJdDQY21OgRLCZ9sD,rock,Rock,https://i.scdn.co/image/ab6761610000e5eb07be1890ac379235723258de,Foo Fighters,79
7jzR5qj8vFnSu5JHaXgFEr,classical,Classical/Orchestral,https://i.scdn.co/image/9bd18051343041184db5c72f965dc81c5f061dc1,Jean Sibelius,58
7k9JXkYLc9TBFynG860BC3,Rock,Rock,https://i.scdn.co/image/ab67616d0000b273647fd4f77bee5cf072d7f8cb,Friend & Lover,24
7k9T7lZlHjRAM1bb0r9Rm3,grime,Bass Music,https://i.scdn.co/image/ab6761610000e5eb704bca279377f7a1bd828b53,Wiley,58
7kCL98rPFsNKjAHDmWrMac,Electronic,House & EDM,https://i.scdn.co/image/ab6761610000e5eb68a6b441e694ee02110b44a1,Nik Kershaw,58
7kDf1ziRxPFtWbbZB1XmrM,idm,Ambient & Experimental Electronic,https://i.scdn.co/image/ab6772690000c46c93870e0f1f114a2038bc9777,Kid606,21
7kJFzwZwq2B88RzIY3rfJe,bebop,Jazz,,Tadd Dameron Sextet,17
7kVSO9W0cZoyKBEG5o3E9h,trip hop,Ambient & Experimental Electronic,https://i.scdn.co/image/ab67616d0000b2737ac3b6df4330ca46361e6297,Richard Dorfmeister,37
7kWwQAe9JnYNMk4kuEe73S,americana,Other,https://i.scdn.co/image/ab6761610000e5eb032d8d3f06bc8d200f4c5eb2,The Cactus Blossoms,43
7kXEDFLgEZs24hMRX4HGK3,vaporwave,Ambient & Experimental Electronic,https://i.scdn.co/image/ab6761610000e5eb013a14107c4aa04a5a29636d,t e l e p a t h テレパシー能力者,39
7kXpvrS3xtr0nGzNFGuuQq,son cubano,Latin,https://i.scdn.co/image/ab6761610000e5ebb272a327e9515a6d59cc3d89,Rhythms Del Mundo,41
7keGfmQR4X5w0two1xKZ7d,Electronic,House & EDM,https://i.scdn.co/image/ab6761610000e5eb2ccf430b00cf456b12278de1,Kungs,71
7kocSfpPxPoSIRa1yNIQvB,techno,Techno & Trance,https://i.scdn.co/image/ab6761610000e5ebd70b4d99be09162d65b500b5,D.Dan,27
7kqPysY88dtq0TF7yO134f,post-punk,Rock,https://i.scdn.co/image/ab6761610000e5eb4a914df47366914830b60a8a,Treeboy & Arc,15
7krx6UBDKLwE0q3s3fesqF,Electronic,House & EDM,https://i.scdn.co/image/ab6761610000e5ebdbe2d33239c7ea19da857479,C & C Music Factory,58
7kwcin6f7eYIvo6hG3GEn4,reggae,Reggae/Caribbean,https://i.scdn.co/image/ab6761610000e5eb1862490fccf2b98844d9c3db,Wayne Smith,32
7l9MYefk0544OMaA9wIPDW,trip hop,Ambient & Experimental Electronic,https://i.scdn.co/image/ab6761610000e5eb11a73379512f00f179c3445e,Fingathing,29
7lAXQoh0m9Xffn9L0LGg0r,future bass,Bass Music,https://i.scdn.co/image/ab6761610000e5eb522b2352dfd5afcf786d76a3,Romen Jewels,17
7lIBLhQHKay3r1xtO3VtWT,chicago house,House & EDM,https://i.scdn.co/image/ab6772690000c46caf3e1f8d1dd0a8705f6a4ef6,Cajmere,47
7lOJ7WXyopaxri0dbOiZkd,baroque pop,Pop,https://i.scdn.co/image/ab6761610000e5eb1f9e80256fb8109f202043ec,Broken Social Scene,53
7lPCTAKDofGUQgXGonMrKd,arabic hip hop,Hip Hop/Rap,https://i.scdn.co/image/ab6761610000e5eb6a4c1c7fc4e71e565859d5cc,Flipperachi,31
7lRFrrINQTY35g8hq0kXY5,jazz,Jazz,https://i.scdn.co/image/7e711118c7f8d070519b8b30fb1a7df921736bb2,Johnny Hodges,47
7lauB9o5ZYmU5lTBOw7w8L,celtic,Folk/Acoustic,https://i.scdn.co/image/ab6761610000e5eb5be426c785534e3148c0716f,Paul Brady,43
7ljTofQBh5fR5SYfGHRYs8,Rock,Rock,https://i.scdn.co/image/ab6761610000e5ebe15578762a4713e34f638f9a,Alan Sparhawk,35
7lmde7T1WJPFwv1eR6melP,power pop,Rock,https://i.scdn.co/image/ab6761610000e5eb7a3c2f05d03f7dd28438f440,Superchunk,41
7lyhSLlB5fWJmU5eB6k84L,,Unlisted,https://i.scdn.co/image/ab6761610000e5eb563784cfacaf184e0c4bef5e,Alla Pugacheva,53
7lzordPuZEXxwt9aoVZYmG,Rock,Rock,https://i.scdn.co/image/ab6761610000e5eb69408d3a9d82c2307dd8699d,Billy Idol,75
7m63GptZSke3jGqCxR4rom,Rock,Rock,https://i.scdn.co/image/ab6761610000e5eb62e0938cf0822beda02e8477,Brutus,43
7m7M1TZdjufvYnpa5HnENr,traditional folk,Folk/Acoustic,https://i.scdn.co/image/ab67616d0000b273cf9044a7420fca5ccd8e0c22,Jez Lowe,17
7m7gr3M1p4S92xuwXvorEH,slowcore,Alternative/Indie,https://i.scdn.co/image/ab6761610000e5eb825f1219f1373b5afafb95b9,deathcrash,21
7mEIug7XUlQHikrFxjTWes,Rock,Rock,https://i.scdn.co/image/f4d0fb18cb338eddee6b482779d946183a743b12,Neil Diamond,70
7mEVrXcsq3PjsKT3BXnhp0,jazz house,House & EDM,https://i.scdn.co/image/ab6761610000e5eb2b2c0d10230143d797433a6f,Tim Deluxe,52
7mGAKHKhaFI5lq2EQVh48F,egg punk,Punk/Hardcore,https://i.scdn.co/image/ab6761610000e5eb6312ce2871358c8988849b37,Prettiest Eyes,11
7mKZJ0SITREZQovQF6Qeb4,free jazz,Jazz,https://i.scdn.co/image/ab6761610000e5eb01c044907fadb201ac187818,Binker and Moses,21
7mKwhB3UiepqzM946jBOyi,idm,Ambient & Experimental Electronic,https://i.scdn.co/image/ab6761610000e5eb5e510199da69929c6e6cae73,Lorenzo Senni,25
7mLU28nwACntWaOmkCd9a5,nu disco,Funk/Disco,https://i.scdn.co/image/ab6761610000e5eba2a33a6fd5a8a57c9608b7ec,Magou,26
7mdQavaq3eKjxsS594QK5l,Electronic,House & EDM,https://i.scdn.co/image/ab6761610000e5eb2855a8dd586b9b2fa4f4110d,Peluché,2
7mi56yFiPlaLW2PtsZnoWF,indie folk,Folk/Acoustic,https://i.scdn.co/image/ab6761610000e5eb9f3bfa017d1ae402941731ce,Lael Neale,40
7mlge4peaoNgzTsY6M32RB,"Folk, World, & Country",Folk/Acoustic,https://i.scdn.co/image/ab6761610000e5eb4623ecf94362f5b6b28bab5e,Marianne Faithfull,54
7mnBLXK823vNxN3UWB7Gfz,blues rock,Blues,https://i.scdn.co/image/ab6761610000e5eb2383f032c2aebc76cf3780ed,The Black Keys,73
7muWd1c4n68Zmksgtg0CT8,dubstep,Bass Music,https://i.scdn.co/image/ab67616d0000b273b97b1896b2a514de491fe13e,Gatekeeper,1
7nC05zmJukRGYObQeRgg3x,Rock,Rock,https://i.scdn.co/image/ab6761610000e5eb84868d6954485fa46ed76c55,Jack Savoretti,52
7nDsS0l5ZAzMedVRKPP8F1,Pop,Pop,https://i.scdn.co/image/ab6761610000e5ebeaec0febbefd0b52023e9425,Ella Henderson,72
7nFTfkZmPlVL33Pclpf3aG,space rock,Rock,https://i.scdn.co/image/ab6772690000c46ce61258bc6e3792e359aca178,Chain and The Gang,20
7nXyULtoL8k7wP9l6kg8Ef,french jazz,Jazz,https://i.scdn.co/image/ab6761610000e5ebf878fa1f2dfe15aa758364b3,Madeleine Peyroux,62
7niTXistKYVF29W4Bo0cUt,jungle,Bass Music,https://i.scdn.co/image/ab6761610000e5ebaadcc5e0a54d195bef46a1a0,dgoHn,21
7nnrIQYcmvdaa1zgNrVwDY,idm,Ambient & Experimental Electronic,https://i.scdn.co/image/ab67616d0000b27345f93a9b10b56cd9fecfb68a,Gak,9
7nrxbXekCLrFwmF4J3pz7o,azonto,World/Traditional,https://i.scdn.co/image/f68bc2a706c56b0ee5b24e9beb82d9b4d4b70618,Rocket Juice & The Moon,31
7nwUJBm0HE4ZxD3f5cy5ok,soul,R&B/Soul,https://i.scdn.co/image/ab6761610000e5ebf12270128127ba170f90097d,Aretha Franklin,71
7nwdEDnfgNpPhWQCXX3KSx,Rock,Rock,https://i.scdn.co/image/ab6761610000e5ebbc0c69c07c97fb27383c2443,KH,34
7nwrblOf59ulOiB6djwPVh,vocal jazz,Jazz,https://i.scdn.co/image/55bf296ea4493d970a9d38d3022c57b094c149e7,Dianne Reeves,43
7nx9ts8pRmbvMQvnPwqDSS,arabesk,World/Traditional,https://i.scdn.co/image/ab6761610000e5eb4ecc4d170ce16b608c21489d,Ahmet Aslan,55
7o1ZMKgeiRZ8jDvDtGX7HL,Electronic,House & EDM,https://i.scdn.co/image/ab67616d0000b273a8a732975966054dfed1bf43,Naomie Klaus,20
7o2Y6TQr9B0ynZGhUDAkyj,experimental,Ambient & Experimental Electronic,https://i.scdn.co/image/ab6761610000e5eb031d713f7f7370423bf82657,Lotic,14
7o95ZoZt5ZYn31e9z1Hc0a,Pop,Pop,https://i.scdn.co/image/ab6761610000e5eb59bb5a8e6b7d6b4df92d32f4,Natasha Bedingfield,75
7oAhOpIfgNbM7IGlUwkOAV,Electronic,House & EDM,https://i.scdn.co/image/ab6761610000e5eb7641c13b0c6b3a284a241cd0,Claudio Simonetti,26
7oBJEgh7PQKJuxXb1lUEKA,big beat,House & EDM,https://i.scdn.co/image/ab67616d0000b273b48b2b56078e8513b01764c4,The Wiseguys,37
7oF48iRjggIDjtfRcmmMvl,underground hip hop,Hip Hop/Rap,https://i.scdn.co/image/ab6761610000e5eb29a70635a745acda3f42309f,Termanology,44
7oJ1EabmX7ejrie3NBzn0p,"Folk, World, & Country",Folk/Acoustic,https://i.scdn.co/image/ab6761610000e5ebe77ee4c3a811d0e6cec9f20f,Kacy & Clayton,44
7oPftvlwr6VrsViSDV7fJY,punk,Punk/Hardcore,https://i.scdn.co/image/ab6761610000e5eb6ff0cd5ef2ecf733804984bb,Green Day,84
7oWSqrgMuIEyH9qp5nu2e5,children's music,Novelty/Spoken Word,https://i.scdn.co/image/5d19c42b3e0e8ff8a29d248c5d494ed5ac0f9f5a,Raffi,67
7oZLKL1GjYiaAgssXsLmW8,Rock,Rock,https://i.scdn.co/image/ab6761610000e5eb3c182606276f429540196ba5,DOPE LEMON,68
7ohlPA8dRBtCf92zaZCaaB,Rock,Rock,https://i.scdn.co/image/ab6761610000e5eb44cb4815148bd49c0a600b89,Crowded House,71
7oht1HPKaMDnuALYWZHgtV,Rock,Rock,https://i.scdn.co/image/ab6761610000e5eb7effdf9cfc887f39469c8ffb,John Leyton,30
7onsqSWPufMm5ZnUCECDpf,techno,Techno & Trance,https://i.scdn.co/image/ab6761610000e5ebb0c599898e2275df19b778de,Joseph Capriati,39
7ooOn6bokl4mGV4CEaUz6A,Rock,Rock,https://i.scdn.co/image/ab6761610000e5eb2c0fb99e3bb121f48c1bedc4,Shakespears Sister,43
7orlzf5LTqSnCzURkZFebN,melodic techno,Techno & Trance,https://i.scdn.co/image/ab6761610000e5ebd31231e66c6ad0dad52c8721,KAS:ST,50
7p8pvTPkEM4Y5ZCPHEUWbf,free jazz,Jazz,https://i.scdn.co/image/ab6772690000c46cc36f3755501254e8568c3713,Mat Maneri,19
7pCGLXLzwdujGNOSvZrDq8,glitch,Ambient & Experimental Electronic,https://i.scdn.co/image/ab67616d0000b273744226d72fa37863aca03857,Frank Bretschneider,19
7pFRZzpdFnoC3XnilFWEOr,big beat,House & EDM,https://i.scdn.co/image/ab67616d0000b2732b86487d8202177bee3501d5,Midfield General,24
7pToxrUn34Of0IeyHladxZ,psytrance,Techno & Trance,https://i.scdn.co/image/ab6761610000e5ebde6a5e71e685dea01952c9a0,Unstable,36
7pXu47GoqSYRajmBCjxdD6,funk,Funk/Disco,https://i.scdn.co/image/ab6761610000e5eb7fbdbcd01332c27ddedbd6f0,Vulfpeck,61
7pYL4e0CMHTCiNwoJDMPKS,"Folk, World, & Country",Folk/Acoustic,https://i.scdn.co/image/edf8690337aff5a15daeaaf0d11510c5853c664c,Jeff Cowell,24
7pZNp3BIssAHQ9jJZssq3Y,hard bop,Jazz,https://i.scdn.co/image/7bf26d915a2224c91bcea9557828e6313724c73a,Jaki Byard,25
7pb926owWkly4sZus8Esnk,latin house,House & EDM,https://i.scdn.co/image/ab6761610000e5eb433201e8c318a7155913f2a0,Luciano,37
7ppwXAQNWfPDGu22hCk5Yr,jangle pop,Pop,https://i.scdn.co/image/ab6761610000e5eb6b1253ae45ccaa72b54c5499,The Cleaners From Venus,46
7puhfzsXw2pi1SEclNHHlq,,Unlisted,https://i.scdn.co/image/ab67616d0000b27379c45e5adc7e4e31fc8c7c72,W. Jörg Henze,1
7pvTCKClynPrI7oNjbeCw6,ambient,Ambient & Experimental Electronic,https://i.scdn.co/image/ab67616d0000b27341202dc54ff4e208cd0cc1c1,Suspended Memories,18
7pwjGKaqnfkvS7eQbHaqyH,glam rock,Rock,https://i.scdn.co/image/ab6761610000e5eb2e179a693bae135f5dcaedca,Sparks,62
7pww8JMPMj1SxUfJ8wN5Kt,Rock,Rock,https://i.scdn.co/image/ab6761610000e5eb69752d647ee926ddf1f8445c,HAERTS,35
7q29ZT6pyW0RefQkTnG9rx,techno,Techno & Trance,https://i.scdn.co/image/ab6761610000e5ebba145cb11d8b09241b758aca,Antigone,27
7qHMZ5SiWzlegFoUqW7xjL,Electronic,House & EDM,https://i.scdn.co/image/ab67616d0000b273bb163d894aad3785561e3543,Marco Bernardi,9
7qN4J9VgDR2OFKJTdEVOqQ,Pop,Pop,https://i.scdn.co/image/ab67616d0000b27382ba0a36c7dfdcb4b98826a8,Magnet,1
7qPISKHhhKDLZTmYcX7bWd,dancehall,Reggae/Caribbean,https://i.scdn.co/image/ab6761610000e5eb911d54f20442e3ab0598fa29,Stylo G,51
7qShKycqNUP0GLEiTENDVZ,Funk / Soul,Funk/Disco,https://i.scdn.co/image/3627bd95df407a6397d3e39be2a91e072db8d133,Womack & Womack,56
7qTQO5XvmJ13VGvxvjtMSr,,Unlisted,,Josh Wink Aka Winx,20
7qZdnGoW781UFYTcMpDilR,glam rock,Rock,https://i.scdn.co/image/2a666ebd421872f6599285b578badfee74a91d0e,David Johansen,24
7qcEQOO1jH3vsB7p4Ecnvi,Electronic,House & EDM,https://i.scdn.co/image/ab6761610000e5ebe0de7a40ffce34e7800f3a8b,Flat Eric,4
7qdsk0UXx2jCX7jbp6rxeq,idm,Ambient & Experimental Electronic,https://i.scdn.co/image/ab6761610000e5ebd78e5687c34374d0e53fb436,The Black Dog,45
7qeBsFLeNEuzrDhDMbnDwF,miami bass,Hip Hop/Rap,https://i.scdn.co/image/ab6761610000e5eb1bada2d6ca3fea0b6cd8dc73,69 Boyz,43
7qi4tpeQyNGsme1ZgE1s5f,Pop,Pop,,Vesta Victoria,3
7qwzZyr0nlPl53XDlwXs42,trip hop,Ambient & Experimental Electronic,https://i.scdn.co/image/ab67616d0000b273190d334b9ad0f7976aa341c6,Chocolate Weasel,5
7rAD9Ws0ihREeDmgPS2ZL8,idm,Ambient & Experimental Electronic,https://i.scdn.co/image/ab6761610000e5eb5dda8aebf5c62ac352fec1ac,Lee Gamble,18
7rDjbKTLlpNYJRWMm7QVxU,jazz,Jazz,https://i.scdn.co/image/ab6772690000c46c00138cd055cb70b74c4d91a4,Jack DeJohnette,44
7rQKvsWUOJgXmInx2JuaXj,jazz house,House & EDM,https://i.scdn.co/image/ab6761610000e5eb5006608dcead0cedc0d6db6c,Felipe Gordon,40
7rZNSLWMjTbwdLNskFbzFf,Electronic,House & EDM,https://i.scdn.co/image/ab6761610000e5ebfe9ff6a5125d2d72e8a77cac,Sugababes,62
7rewR1TVjhisjI6gauUamf,doo-wop,R&B/Soul,https://i.scdn.co/image/ce8e36caccc0fe528b69eae944e3a200ff46a788,The Crystals,51
7rftfGIYEeZ79sLb58ZBDi,uk garage,Garage & Breaks,https://i.scdn.co/image/ab6761610000e5ebb827dfa02e0929bd06c43887,GABRIELLE,60
7rikNLN4AV6SQn9ryQFaMw,Electronic,House & EDM,https://i.scdn.co/image/ab6761610000e5eb7443b26325a547e118bde412,Le$,46
7rmuxvt1D8dIU920lNcR67,hard techno,Techno & Trance,https://i.scdn.co/image/ab6761610000e5eb09dcc41dd5fbceefe795ce59,Rebekah,32
7rpf45DdbpweG51Acze45i,christmas,Jazz,https://i.scdn.co/image/ab6761610000e5ebe38218257e0c311e50e74345,Kay Starr,43
7rtLZcKWGV4eaZsBwSKimf,rock and roll,Unlisted,https://i.scdn.co/image/ab67616d0000b273c86bd1f140b5d5005544d790,Billy Fury,38
7rwI5cbw9cUKFVul2rZMiZ,vocal jazz,Jazz,https://i.scdn.co/image/ab6761610000e5ebf94674516c58f061f8978190,Jane Monheit,43
7s3jgX2gANJEctQVWaSwT2,psytrance,Techno & Trance,https://i.scdn.co/image/ab6761610000e5ebcb9548bb7d1ba19c7066c559,Malkaviam,12
7s8t4tKPGoOH354TV1EQ0E,minimal techno,Techno & Trance,https://i.scdn.co/image/ab6761610000e5eb21fd0f1c06319b0eba8e53f9,CAITLIN,21
7sAXoFldVGlGtZ5LPVtAYD,,Unlisted,https://i.scdn.co/image/ab6761610000e5ebfe7c68aa2fd6ce27a0aa1202,Sean McVerry,25
7sBx432MZn1MzHeYHAA5qr,jazz,Jazz,https://i.scdn.co/image/22d782403259389075bba6d5d57db40fa2c65c32,Scott Hamilton,47
7sGE6AJGKOubMEQ6LMIMKI,idm,Ambient & Experimental Electronic,https://i.scdn.co/image/ab6761610000e5eb2b3f1cdbc07ec562cc49d9ef,Woulg,9
7sGhjDpOtxrMLip4lGFU7P,power pop,Rock,https://i.scdn.co/image/1140ebbf0f39831c5566a13d4db3aac44946b681,R. Stevie Moore,32
7sJ3ngSMvvXGdVLnODPqXa,acid techno,Techno & Trance,https://i.scdn.co/image/ab6761610000e5eb0d97de5ee8a1d56f26114179,Anetha,39
7sPZakwiHQUWkG1teFE8zv,garage rock,Rock,https://i.scdn.co/image/ab67616d0000b273f4614504564d381a84852766,The Greenhornes,41
7sYipTRgDXS2JVOPEhRutx,nu jazz,Jazz,https://i.scdn.co/image/ab6761610000e5eb5e20b04142da70afead87a5c,Portico Quartet,46
7siPLyFwRFYQkKgWKJ5Sod,Rock,Rock,https://i.scdn.co/image/ab6761610000e5eb918734ca6f0f14803c7d8922,The Dandy Warhols,56
7sjttK1WcZeyLPn3IsQ62L,britpop,Rock,https://i.scdn.co/image/ab6761610000e5eb21544d3b4e0a00d209f56743,Noel Gallagher's High Flying Birds,62
7snFSn4FnZ4EGcFb3KdpSV,rock,Rock,,Alan Wass and the Tourniquet,0
7st6kYFePugdzAT0ZLPztH,noise rock,Alternative/Indie,https://i.scdn.co/image/ab6772690000c46ce9cfdb2b298e07b3a78823ac,Raspberry Bulbs,9
7sz6bDQFBV3wCdidLrfev1,j-rap,Hip Hop/Rap,https://i.scdn.co/image/ab6761610000e5ebf0b9911e4e7a173d9928260d,hamma,15
7t02NhXZ77sXywJ3XghI7C,christmas,Other,https://i.scdn.co/image/ab6761610000e5ebd232124b99dbc0e35d600dec,Kansas Smitty's,26
7t4XHvWfj0XtEB8SNFeALw,bubblegum pop,Pop,https://i.scdn.co/image/ab6761610000e5ebf7a9fabaccb88079407de1c2,Tommy Roe,43
7tHd518aPjJYUgyv9bidBz,Pop,Pop,https://i.scdn.co/image/ab67616d0000b27379c168111c001732d7d012af,Judy Kuhn,57
7tNlqSl7RogtzMsEA20byE,neoperreo,Latin,https://i.scdn.co/image/ab6761610000e5eb1b973194164e307464ea736d,Merca Bae,35
7tV6KBSDg91HJJNerk9dQs,idm,Ambient & Experimental Electronic,https://i.scdn.co/image/ab6761610000e5eb7e57c9fb4149b95c4c854385,Sorcery,16
7tYKF4w9nC0nq9CsPZTHyP,r&b,R&B/Soul,https://i.scdn.co/image/ab6761610000e5ebfd0a9fb6c252a3ba44079acf,SZA,91
7tguHMzv83NjmVpNjT4FpS,math rock,Alternative/Indie,https://i.scdn.co/image/ab6761610000e5ebbac615ae838e48e65e8b26a5,Palm,26
7tjbDPvrdvDshcpEMXKRVb,yacht rock,Rock,https://i.scdn.co/image/ab6761610000e5eb458dd0cbffc2b84311f5aa7d,Gerry Rafferty,66
7u3rioJ6JfINqENIQ67k6A,traditional music,Unlisted,https://i.scdn.co/image/ab67616d0000b2738e8fec5992aa9b37e08483f9,Munir Bashir,27
7u4JmAlt5Klztb3bg5pO4C,krautrock,Alternative/Indie,https://i.scdn.co/image/ab67616d0000b273087df82041c6af2e605ec3c8,Megabyte,5
7u6FSuqT3SWE2kO8rNVjfp,christian country,Unlisted,https://i.scdn.co/image/4bd427bb9181914d0fa4482a3b01d3977638872a,Tennessee Ernie Ford,54
7u6LfVyYpEzMpHLL7jTyvU,neo soul,R&B/Soul,https://i.scdn.co/image/aa89f602bf1630354e7e43a977492634e1f77814,Dwele,70
7uLXW75DlTRahz2WKJZGeO,Rock,Rock,https://i.scdn.co/image/ab6761610000e5ebbf401db358984a1a3a4f8531,Steve Gunn,41
7uQ1qwQMMz3quYPqFsDgGS,dubstep,Bass Music,https://i.scdn.co/image/ab6761610000e5ebc98398dbc01f94ae5f67008f,Nomine,27
7uUBTiZ2u5b40vymlFmXrn,cool jazz,Jazz,https://i.scdn.co/image/ab6761610000e5ebc93f62a479dc88c26c58f25a,George Shearing,50
7uXjoODYzsFvpgbxnQzqgX,cajun,Country/Americana,,Sister Dora Alexander,12
7ueZp29tCNwjIj4yAMTEaC,britpop,Rock,https://i.scdn.co/image/ab6761610000e5ebac761badea168222699485de,Graham Coxon,41
7ugvHO0W3IoAWzOgKrHxqr,dub techno,Techno & Trance,https://i.scdn.co/image/ab67616d0000b273b97b1896b2a514de491fe13e,Appleblim,17
7ulIMfVKiXh8ecEpAVHIAY,krautrock,Alternative/Indie,https://i.scdn.co/image/ab67616d0000b27300e4decab546af050b8ded05,Electrelane,41
7umQgFrDu3yrchEbFfJd60,techno,Techno & Trance,https://i.scdn.co/image/a6bed3b90a834ef5e898985c833eaf52bb9e395d,Planetary Assault Systems,29
7unA1Br0p1C0Wjs5GlBFU6,big band,Jazz,https://i.scdn.co/image/ab67616d0000b27396c1db81abc14eb34dd6c18d,Jack Hylton & His Orchestra,29
7urq0VfqxEYEEiZUkebXT4,r&b,R&B/Soul,https://i.scdn.co/image/21a8b23a23a41f3736b2dd6a5df2d7dc8341ea05,112,68
7ustec6RrECyewmYxf4cIa,vaporwave,Ambient & Experimental Electronic,https://i.scdn.co/image/ab6761610000e5eb0bd9c95d4469d6c2c4a5f7c3,Dan Mason ダン·メイソン,41
7v4imS0moSyGdXyLgVTIV7,christmas,Jazz,https://i.scdn.co/image/ab6761610000e5eb0ec0ea710ed8ce9e490d9c7b,Nat King Cole,71
7v5E9zviGMsOGHRdMVmhDc,krautrock,Alternative/Indie,https://i.scdn.co/image/ab6772690000c46ca7b9af3ee9caf2ae859a3b79,Roedelius,40
7vF3DcPluq6lZI36VniagW,drone metal,Metal,https://i.scdn.co/image/ab67616d0000b273a2b558cf61fa2d580e49c28c,Current 93,37
7vFpNLbCXbBFs4kFBUlkSl,Electronic,House & EDM,https://i.scdn.co/image/ab6772690000c46c1f935db9be39c8816ff49e4a,Zombie Nation,50
7vPXrGlSGukcwpaPxUfKKR,new wave,Pop,https://i.scdn.co/image/ab6761610000e5ebd6303454ba06d4934fcc43c6,Japan,44
7vZgYqMEApgWpMpXMSJj1o,breakbeat,Garage & Breaks,https://i.scdn.co/image/ab6761610000e5ebfed53f53af51f206c4192735,DJ Stingray 313,21
7vdxkbmmPKwIOeTGOxuSFB,Funk / Soul,Funk/Disco,https://i.scdn.co/image/ab6761610000e5eb0c55c777e1e5ab230439f42f,JEBS,0
7vkiEK5D7Gf0z4M1Va0CXD,garage rock,Rock,https://i.scdn.co/image/760e4c55d45c4cd1912512c4e7cf317ea038fd92,The Vines,50
7vvicoei9BbKpZix8qSeLg,uk garage,Garage & Breaks,https://i.scdn.co/image/ab6761610000e5ebbb65feac06fa195a5188f89c,Hamdi,51
7w0e6inAfRWIEb9tWVgB7a,post-rock,Alternative/Indie,https://i.scdn.co/image/ab6761610000e5ebcc0ff55f22cfc32f289011f7,These New Puritans,32
7w29UYBi0qsHi5RTcv3lmA,art pop,Pop,https://i.scdn.co/image/ab6761610000e5eb8885fa2ceadc7658d65e1121,Björk,67
7w3PQ5symjpCqshjaLvFzA,raï,Unlisted,https://i.scdn.co/image/ab6761610000e5eb4a2d9b994c6e3a21591252ac,Alabina,46
7w5cbnOLouZ5bGFvwIF5Ff,Electronic,House & EDM,https://i.scdn.co/image/ab6761610000e5eb9b6c70d54d39ac29ce7ef7d9,infinite bisous,36
7w9jdhcgHNdiPeNPUoFSlx,celtic punk,Punk/Hardcore,https://i.scdn.co/image/ab6761610000e5eba7fe49ff5b2dd8bfec205fe4,Dropkick Murphys,64
7wBFjZMHsC6nfV0HOSd6uI,cool jazz,Jazz,https://i.scdn.co/image/4ab33387d5648af39b9903ee3eef1432c33e5797,The Modern Jazz Quartet,45
7wCjDgV6nqBsHguQXPAaIM,outlaw country,Country/Americana,https://i.scdn.co/image/ab6761610000e5ebbb45c7bb750374d4e5a4577a,Waylon Jennings,71
7wDfZhaCORLgP3K62R3MJK,idm,Ambient & Experimental Electronic,https://i.scdn.co/image/ab6761610000e5ebf12209577c38ece10694c454,Mark Pritchard,42
7wFngDXS0agMESGg1qYM4u,trip hop,Ambient & Experimental Electronic,https://i.scdn.co/image/ab6761610000e5eb6499a1bb8c3c51c84383f1a4,Depth Charge,22
7wGrLSB3v7jkV3fSsjYwtv,Rock,Rock,https://i.scdn.co/image/ab6761610000e5eb067058f8d453fef5239f31aa,Born Ruffians,41
7wNkISK49lKeXuRaZcQVFe,classical,Classical/Orchestral,https://i.scdn.co/image/e02258d61a598dbf7087fc71123536ae454a9d83,Ralph Vaughan Williams,53
7wU2WGCJ8HxkekHHE2QLul,trap latino,Latin,https://i.scdn.co/image/ab6761610000e5ebe8cd41c3e80ba7e50a263e9f,Fuego,63
7wXTWO45lqpUejDkike0Gf,lo-fi house,House & EDM,https://i.scdn.co/image/ab6761610000e5eb1b3500437f7ad2c66b33fdf7,Sofia Kourtesis,50
7waa1nwpi9SqIkGmWZs3s5,traditional music,Unlisted,https://i.scdn.co/image/ab67616d0000b273a014c3256a9381d88cbb608f,United Sacred Harp Musical Association,16
7wgPKDxDZAc6tnS19WwM8d,footwork,Bass Music,https://i.scdn.co/image/ab67616d0000b273a1e936ea2ef7d397704839a4,DJ Diamond,11
7wmCy21VjfmbP8DznMJe8v,future house,House & EDM,https://i.scdn.co/image/ab6761610000e5ebfb63727dfcb02f1ba4c323d7,Plastik Funk,48
7wqtxqI3eo7Gn1P7SpP6cQ,old school hip hop,Hip Hop/Rap,https://i.scdn.co/image/ab6761610000e5eb0675a243b8f4b5301f514206,Salt-N-Pepa,62
7ws6eBBS6mxzxPurciXzFo,traditional folk,Folk/Acoustic,https://i.scdn.co/image/ab6772690000c46c5c90f9814cbf8d3f0b762329,Waterson:Carthy,15
7wuxcFzhQIFmPdZAOAZRro,dub techno,Techno & Trance,https://i.scdn.co/image/ab67616d0000b273c323d71608ab007e6686ad4f,Maurizio,26
7wyRA7deGRxozTyBc6QXPe,Rock,Rock,https://i.scdn.co/image/ab6761610000e5eb7230fd9e05fbc10d5fc54941,Stephen Malkmus & The Jicks,32
7wz4NE6fotaH9PxlEgd7AX,idm,Ambient & Experimental Electronic,https://i.scdn.co/image/ab67616d0000b273c5831b1083347cee6f099821,Missqulater,0
7x3d5AGPX5uKBnQmNLF7Yr,acid techno,Techno & Trance,https://i.scdn.co/image/ab67616d0000b2735fda5d8a3a70111b455c29d0,Ekman,0
7x3f7c0fBanNlQwpx1255g,chanson,Pop,https://i.scdn.co/image/ab6761610000e5eba05ebc4996dad1ba6bf3ebf9,Françoise Hardy,61
7x5WcBs5DBzzNK0qKjxuLI,cold wave,Unlisted,https://i.scdn.co/image/ab6761610000e5eb1078758deb8f8f7b88fb087f,Uncanny Valley,1
7x5rK9BClDQ8wmCkYAGsQp,Rock,Rock,https://i.scdn.co/image/ab6761610000e5eb5b30c7c50a4dc96f5d5872d5,Paolo Nutini,66
7x83XhcMbOTl1UdYsPTuZM,singer-songwriter,Folk/Acoustic,https://i.scdn.co/image/ab6761610000e5eb4679f0c1c8f862730c0b5109,Tom Waits,61
7xGGqA85UIWX1GoTVM4itC,soul,R&B/Soul,https://i.scdn.co/image/9de56ba0f97bd8a1cc7a42756dc58978c4f9962f,The Staple Singers,53
7xT0arvCDupDU1YYy0BNv9,afropop,World/Traditional,https://i.scdn.co/image/ab6761610000e5ebda45a2fc478543f73f28a6a0,Orchestra Baobab,46
7xT4QMaAhAsbnbkF4nr3eS,,Unlisted,,Maurice Joshua with Hot Hands Hula,0
7xYxgSJaIf7yOFLmknYX38,psychedelic rock,Rock,https://i.scdn.co/image/28a9fd41516d5ad8cd092a2afed48346612dcfa8,13th Floor Elevators,39
7xcJtVfR4840psX47Rj0wN,ragtime,Jazz,,Lake City Stompers,19
7xfPh8vGVQo1YFD3i1oIdr,noise rock,Alternative/Indie,https://i.scdn.co/image/ab67616d0000b273fa8062eeae27261a5a85a01d,Doubt,0
7xjpPNWngnYl57VxpnbakE,downtempo,Ambient & Experimental Electronic,https://i.scdn.co/image/ab6761610000e5eb6b7b89c9192f9267a2633847,Entheogenic,31
7xkfvmfvOfMBZmIGKaLtzi,idm,Ambient & Experimental Electronic,https://i.scdn.co/image/ab6761610000e5eb4f32d22fc1acd374ee250dc3,Minor Science,22
7xoTSPGUr9u8FWR4G8AWoS,ambient,Ambient & Experimental Electronic,https://i.scdn.co/image/69403f8de8ec6786d6a5890f8b595f9dc14c22eb,Joseph Shabason,37
7xtYIeGZVnKdIxPZcSPcEt,disco house,House & EDM,https://i.scdn.co/image/ab67616d0000b273c3df360e4fbee180b57a2dd2,Midnight Mike,2
7xwbnGpTJA94MgILLAeThK,Electronic,House & EDM,https://i.scdn.co/image/ab6761610000e5ebbfbdf0f2c3d210a374e92622,Elsa Hewitt,16
7xwppARWdjgnJSKLhbGzFc,Rock,Rock,https://i.scdn.co/image/ab6761610000e5eb06e83dcf3d80ed38779f55fb,Ryley Walker,31
7y1GT7SdgGiFLWoktv2TSw,Rock,Rock,https://i.scdn.co/image/ab6761610000e5ebe2948aab960eb3f03d7892b3,BBMAK,40
7y33enVLfDvft6HGNmcxdV,ranchera,Latin,https://i.scdn.co/image/ab6761610000e5eb3783f1a7b601a7421915ebce,Pedro Infante,67
7y3p0lS9e0oGcJUOHlF1wk,classical,Classical/Orchestral,https://i.scdn.co/image/8c0f041240e5fef3c71a82cdd3aa37661ed7a1a8,Emmanuel Chabrier,31
7y70dch6JuuuNnwlsOQvwW,bluegrass,Country/Americana,https://i.scdn.co/image/ab6761610000e5ebaafa59a70d44b77d41b5fd50,Nitty Gritty Dirt Band,63
7y97mc3bZRFXzT2szRM4L4,classical piano,Classical/Orchestral,https://i.scdn.co/image/ab6761610000e5ebe55372097569b7b56b439365,Frédéric Chopin,76
7yk35uHNQclPXFGFoTU44w,jazz rap,Hip Hop/Rap,https://i.scdn.co/image/db124909dcc277881bf55ed159bd417d82e2ced1,The Pharcyde,62
7ysDgZ3JkblCgOsDTJWttt,"Folk, World, & Country",Folk/Acoustic,https://i.scdn.co/image/ab67616d0000b273fcb883c0548863da71e7306b,Mark Keali'i Ho'omalu,62
7yueMnPhIREfzbfwZ9rJnu,progressive house,House & EDM,https://i.scdn.co/image/ab6761610000e5eb869c2d408de449c4a32e4790,Marc Poppcke,14
7yxi31szvlbwvKq9dYOmFI,idm,Ambient & Experimental Electronic,https://i.scdn.co/image/ab6761610000e5eb1c0c0e567366e8b528e7c6b7,Jon Hopkins,58
7z5jhhZFj3xUTxipinFogh,miami bass,Hip Hop/Rap,https://i.scdn.co/image/ab6761610000e5eb274f49df09adb4416eb4baa9,peachlyfe,9
7z7UoyBoUDLSbBD6hsCgNn,,Unlisted,,Five Revolutions,17
7zJL978NtANOysfGY21ty6,grime,Bass Music,https://i.scdn.co/image/ab6761610000e5eb9fbac89f2e1c8467168fd49f,Ghetts,50
7zSHQFzTnqpcbrmroB7bvM,progressive rock,Rock,https://i.scdn.co/image/ab67616d0000b2730b7fbaa1e99e02f0c9a57626,Colosseum,27
7zYJsSA3SfPKvFyP80zLmL,spoken word,Novelty/Spoken Word,https://i.scdn.co/image/d0855cf33aa8f71149ad1a7e261bd6fdc57adec3,Aidan Moffat,17
7zrkALJ9ayRjzysp4QYoEg,Electronic,House & EDM,https://i.scdn.co/image/ab6761610000e5eb8226ea46d749763f4e650015,Maribou State,69
