track_id,track_name,track_popularity,explicit,artist_name,album_name,release_date,user_id
3dLgODdnYCXodeMefmqZDR,Anequina Beckons,37,False,Brad Derrick,The Elder Scrolls Online Original Game Soundtrack,2014-04-02,b5540681352e06ac
08hBmJsQarUreIlbhT1GJ0,The Whispering Wind,48,False,Moby,Play: The Complete Recordings,1999-05-17,b5540681352e06ac
0Wt3pSlO0hHjvZjFBGgOV4,The Towers Cast Long Shadows,35,False,Brad Derrick,The Elder Scrolls Online Original Game Soundtrack,2014-04-02,b5540681352e06ac
6Ajmxagr12jRkK6BEmn19S,City Song,32,False,Everything Everything,Mountainhead,2024-03-01,b5540681352e06ac
0ngRtP7ybJUZAnnxF2d9aK,Swirling Smoke,12,False,Another Sky,Beach Day,2024-03-01,b5540681352e06ac
1fAMA1PWg0nnYLQQYcSSls,Speck Of Gold,37,False,Afterlife,Speck Of Gold,2001-01-01,b5540681352e06ac
7Av6D2JnP9Mnhmj96PQke7,YU,35,False,Katashi Kaitō,YU,2025-03-07,b5540681352e06ac
0eyMYirAJ2wGaH1dgQAEf5,fi$h,49,False,Seame,fi$h,2025-03-07,b5540681352e06ac
4ntwIVXn4O1Chq697xZ1Cx,Flowhaven,58,False,Recaps,Flowhaven,2025-03-14,b5540681352e06ac
4K7PmA2VLD3rA2kHtF1KG8,"The Barber of Seville, Act I Scene 1: All'idea di quel metallo (Count, Figaro)",11,False,Gioachino Rossini,The Barber of Seville,1975,b5540681352e06ac
2yAs9J6qFOdr7JuaWBDsM4,Hidden Gems,49,False,SamuW,Sedimental,2024-06-07,b5540681352e06ac
2pGj2JONrsGJwGqCbzw8aC,In Real Life,43,False,Vulfpeck,Clarity of Cal,2025-03-04,b5540681352e06ac
52BitbEklp0YPnwkoOHjXz,"just me watering my plants, overthinking stuff",53,False,nightnotes,"just me watering my plants, overthinking stuff",2025-02-21,b5540681352e06ac
3zgp5YFeWXFKLhJCB1tMpZ,sundown,32,False,B-Side,sundown,2025-03-14,b5540681352e06ac
5Hfu9Uy1UQ3pyZhtn2YxTr,Easy Up,58,False,Coastlinez,Easy Up,2025-03-14,b5540681352e06ac
0WnhPIxlvfTY2kizKk54ap,What If,55,False,slumbero.u.s,What If,2025-03-07,b5540681352e06ac
3h641YOd617QlxVMI4u2ds,lemon soda,48,False,Jost Esser,lemon soda,2024-03-21,b5540681352e06ac
4b5JVDP7Roy6BDjRp5A9iL,bustin' out,53,False,Rustique Beats,bustin' out,2025-02-23,b5540681352e06ac
7gPV4crSQEYWOvtPP6U7yC,climb,54,False,okayokay,climb,2025-01-17,b5540681352e06ac
3QEdvSd5asGPVxJsSn6n68,Reading Books,54,False,cløse2u,Reading Books,2025-02-26,b5540681352e06ac
55qlzVTNdds3YqCGqwvfHd,Floatin,7,False,Breezy Crust,Floatin,2025-03-07,b5540681352e06ac
4jLU1bBDPPRZNwA3L6Z6Xv,Lazy Sundays,47,False,BKLYN SoundScapes,Lazy Sundays,2025-03-07,b5540681352e06ac
0RXG9tS5Y8qPhovPFpplK1,"The Barber of Seville, Act I: Overture",33,False,Gioachino Rossini,The Barber of Seville,1975,b5540681352e06ac
5TYagQdQRwe9ivfuKU471K,Think Twice,43,False,Cap Kendricks,Think Twice,2023-11-24,b5540681352e06ac
5AusUfa09P4IyUhTsZl9Ey,Meccanica,15,False,Franco Battiato,Fetus,1972-11-23,b5540681352e06ac
1Nkzd1Ls9gUHkuLy1LVVEN,"Concerto in E flat ""Dumbarton Oaks"": 2. Allegretto",7,False,Igor Stravinsky,Stravinsky: Dumbarton Oaks; Danses Concertantes; Concerto in D for Strings,1989-01-01,b5540681352e06ac
7jm6HF8FC9feQQPdM72I0L,Lament,0,False,Tom Sochas,The Sorcerer,2022-04-15,b5540681352e06ac
2e5zVIoQk12Wrb0ewtUL2i,All Apologies,0,False,Tom Sochas,The Sorcerer,2022-04-15,b5540681352e06ac
3o7YmNAdBNsemdmym0D1D0,Prologue,1,False,Tom Sochas,The Sorcerer,2022-04-15,b5540681352e06ac
1PAgmT6YqGhd6zT9kN9gIo,Hero,68,False,Enrique Iglesias,Escape,2001-01-01,b5540681352e06ac
35ISBknsCeZQtq66xABI9g,Messy,83,True,Lola Young,This Wasn't Meant For You Anyway,2024-06-21,b5540681352e06ac
3R0lXNvanEBKKbCOLoNmOO,Hope,0,False,Tom Sochas,The Sorcerer,2022-04-15,b5540681352e06ac
6DeEE2RjqNm0Cy4gisR4p4,Pra que discutir com madame (ao vivo no Sesc),15,False,João Gilberto,Relicário: João Gilberto (Ao Vivo no Sesc 1998),2023-04-26,b5540681352e06ac
4pbyDPjFgfPqFTcIMC8xpK,Rock DJ,71,False,Robbie Williams,Sing When You're Winning,2000-01-01,b5540681352e06ac
5zSFtzGmen0HRIBAD4meCI,Retrato em branco e preto (ao vivo no Sesc),14,False,João Gilberto,Relicário: João Gilberto (Ao Vivo no Sesc 1998),2023-04-26,b5540681352e06ac
7n2waunKlxMdS4kax7VS9P,All The Things You Are,4,False,Florian Arbenz,The Alpine Session,2025-02-21,b5540681352e06ac
1OoVIYZMNk4xaAx5y3TQdR,Texaco Lily,0,False,Tom Sochas,The Sorcerer,2022-04-15,b5540681352e06ac
1Cp3WINdAWVwEckg1yMJVc,I Don't Care,0,False,Tom Sochas,The Sorcerer,2022-04-15,b5540681352e06ac
2asSJz36sh7naa2IurHapl,The Spell,0,False,Tom Sochas,The Sorcerer,2022-04-15,b5540681352e06ac
3JP9PcAIJvc39saodfKTJo,Carinhoso (ao vivo no Sesc),15,False,João Gilberto,Relicário: João Gilberto (Ao Vivo no Sesc 1998),2023-04-26,b5540681352e06ac
2plbrEY59IikOBgBGLjaoe,Die With A Smile,92,False,Lady Gaga,Die With A Smile,2024-08-16,b5540681352e06ac
3d9DChrdc6BOeFsbrZ3Is0,Under the Bridge,84,False,Red Hot Chili Peppers,Blood Sugar Sex Magik (Deluxe Edition),1991-09-24,b5540681352e06ac
0DJRHDbqQRAli7O9iOZWX8,Saudade da Bahia (ao vivo no Sesc),14,False,João Gilberto,Relicário: João Gilberto (Ao Vivo no Sesc 1998),2023-04-26,b5540681352e06ac
4jdQBu5e9kI455lRlwYv2D,The Old Days,31,False,Avishai Darash,Between Hope and Despair,2024-03-22,b5540681352e06ac
19kHhX6f6EfLU7rcO3RqjO,Back On 74,79,False,Jungle,Volcano,2023-08-11,b5540681352e06ac
3ZZyUf7WkhfN1JkQZZ00fI,People Watching,65,False,Sam Fender,People Watching,2024-11-15,b5540681352e06ac
3nHuKdFJZm78CoeBnDcFKe,Bad Dreams,79,False,Teddy Swims,Bad Dreams,2024-09-13,b5540681352e06ac
5N3hjp1WNayUPZrA8kJmJP,Please Please Please,79,True,Sabrina Carpenter,Please Please Please,2024-06-06,b5540681352e06ac
5vNRhkKd0yEAg8suGBpjeY,APT.,89,False,ROSÉ,APT.,2024-10-18,b5540681352e06ac
0QcwEDbtwX8ylH4vthoovI,Summer On A Solitary Beach - Remastered 2021,44,False,Franco Battiato,La Voce Del Padrone (Remastered 2021),1981,b5540681352e06ac
3wo3d0I5H8KjkwGvnz8WbB,Somedays,78,False,Sonny Fodera,Somedays,2024-07-26,b5540681352e06ac
2EdZqQKhpEThKpvI41bcFG,I Feel My Stuff,19,False,David Byrne,Everything That Happens Will Happen Today (Deluxe),2008-12-08,b5540681352e06ac
4xdBrk0nFZaP54vvZj0yx7,HOT TO GO!,77,False,Chappell Roan,The Rise and Fall of a Midwest Princess,2023-09-22,b5540681352e06ac
1f18HzFpegqvH4ibGJyeMJ,2 hands,66,True,Tate McRae,2 hands,2024-11-14,b5540681352e06ac
7221xIgOnuakPdLqT0F3nP,I Had Some Help (Feat. Morgan Wallen),81,True,Post Malone,I Had Some Help,2024-05-10,b5540681352e06ac
1BJJbSX6muJVF2AK7uH1x4,Move,83,False,Adam Port,Move,2024-06-07,b5540681352e06ac
1UHS8Rf6h5Ar3CDWRd3wjF,Bed Chem,83,False,Sabrina Carpenter,Short n' Sweet,2024-08-23,b5540681352e06ac
7tI8dRuH2Yc6RuoTjxo4dU,Who,87,False,Jimin,MUSE,2024-07-19,b5540681352e06ac
7Gpqc4D0R78pD9XOMZlsDq,Snafu - Remastered 2023,30,False,Yusef Lateef,Eastern Sounds (Remastered 2023),2024-02-02,b5540681352e06ac
1aMJTyCRfxfp8luej4rjAC,Spinning Away,50,False,Brian Eno,Wrong Way Up [Expanded Edition],1990,b5540681352e06ac
7qitgFPgLVhZxlsqpohecV,Home to You,50,False,Cate Le Bon,Reward,2019-05-24,b5540681352e06ac
7CARdlOoUmS3iKB3ydcsj6,O Grande Amor,41,False,Stan Getz,Getz/Gilberto,1964-03-01,b5540681352e06ac
0Eir5hEgKUjm8liGGXfghF,The Girl From Ipanema,45,False,Stan Getz,Getz/Gilberto,1964-03-01,b5540681352e06ac
2fsju0CtvLIHNU8gDF5VXZ,A Christmas Carnival,5,False,Richard Bissill,A Christmas Festival,2016-11-18,b5540681352e06ac
5UaJ4zxtCIi5WZomhoZIeq,Para Machuchar Meu Coracao,60,False,Stan Getz,Getz/Gilberto (Expanded Edition),1964-03-01,b5540681352e06ac
0MF0K5VPDSb3xUPdgAqi6R,"Piano Sonata No. 15 in F Major, K. 533/K. 494: I. Allegro, K. 533/1",9,False,Wolfgang Amadeus Mozart,Mozart: The Piano Sonatas,2001-01-01,b5540681352e06ac
3aglJmuLgnmsZQmoGGjb0a,Christmas Finale,0,False,Black Dyke Band,A Festival of Christmas Carols,2010-08-30,b5540681352e06ac
4VzOsN1NqK4ngoUkKxCITJ,B.T.,36,False,The Dip,Won't Be Coming Back,2016-05-12,b5540681352e06ac
6Py3aO4r9AF3AisFYDn9P4,"Piano Sonata No. 16 in C Major, K. 545 ""Sonata facile"": II. Andante",16,False,Wolfgang Amadeus Mozart,Mozart: The Piano Sonatas,2001-01-01,b5540681352e06ac
2OetiNq3keZXuqfjYbXBJX,Shades of Man,42,False,Khruangbin,Con Todo El Mundo,2018-01-26,b5540681352e06ac
78NogwkqVC4GBQMxOwOQrC,Through The Echoes,65,False,Paolo Nutini,Last Night In The Bittersweet,2022-07-01,b5540681352e06ac
7KX65PC1UZuImsUInThbav,Cold Little Heart - Radio Edit,73,False,Michael Kiwanuka,Cold Little Heart (Radio Edit),2017-02-24,b5540681352e06ac
78LK9tbF0jwOd4PYtk42WD,"Piano Sonata No. 15 in F Major, K. 533/K. 494: III. Rondo. Allegretto, K. 494",8,False,Wolfgang Amadeus Mozart,Mozart: The Piano Sonatas,2001-01-01,b5540681352e06ac
0Z57YWES04xGh3AImDz6Qr,Real Love Baby,77,False,Father John Misty,Real Love Baby,2016-07-26,b5540681352e06ac
4x5xqpw21G9W78cSb3t2Qh,"Piano Sonata No. 17 in B-Flat Major, K. 570: I. Allegro",10,False,Wolfgang Amadeus Mozart,Mozart: The Piano Sonatas,2001-01-01,b5540681352e06ac
3dXZzp9AVRrfNgF9aQAjcw,One Percent,30,False,GoGo Penguin,v2.0 (Deluxe Edition),2014-03-17,b5540681352e06ac
3nhzTOc939C4v4ecTEZTPl,Christmas Wrapping,44,False,The Waitresses,The Best Of The Waitresses,1990-10-23,b5540681352e06ac
44sVjpF0mlDAQzRnf2HdTy,Kamaloka,36,False,GoGo Penguin,v2.0 (Deluxe Edition),2014-03-17,b5540681352e06ac
3HvYNcP1nbUHEbZkgLsqyM,"Piano Sonata No. 18 in D Major, K. 576: II. Adagio",10,False,Wolfgang Amadeus Mozart,Mozart: The Piano Sonatas,2001-01-01,b5540681352e06ac
35mmSLYn0yyx1ccZwRSLNJ,"Piano Sonata No. 18 in D Major, K. 576: I. Allegro",11,False,Wolfgang Amadeus Mozart,Mozart: The Piano Sonatas,2001-01-01,b5540681352e06ac
5rMTikALrtzbfNsqP7Ewgt,Don't U Kno (Instrumental),31,False,Moka Only,In and of Itself (Instrumental),2023-09-15,b5540681352e06ac
1KRdusCpGqCSFnoM8YzgG4,Der Leuchtturm am Ende der Zeit,14,False,Kosmischer Läufer,"The Secret Cosmic Music of the East German Olympic Program 1972-83, Vol. 4",2018-11-19,b5540681352e06ac
3HKBkOqQ5YJ8tU5oWmpccV,It's A Party (Instrumental),27,False,Busta Rhymes,The Coming (25th Anniversary Super Deluxe Edition),2021-04-16,b5540681352e06ac
1VPWK4FEOmwLP6jHVmAj1p,She Said - Remix Instrumental,29,False,The Pharcyde,"Jay Deelicious 95-98 - The Delicious Vinyl Years (Originals, Remixes & Rarities)",2007-01-01,b5540681352e06ac
1SRqWylGFBSAp4Ao7Xh4Mm,Zeit zum Laufen 156,13,False,Kosmischer Läufer,"The Secret Cosmic Music of the East German Olympic Program 1972-83, Vol. 1",2014-06-11,b5540681352e06ac
2SwQYZdDQBBsyFZ1zjuuWh,Baby Pa - Instrumental,29,False,Pete Rock,The Original Baby Pa (Instrumentals),2017-03-24,b5540681352e06ac
4F5TNPbI9JTrd17fsdb1yK,Never Stop Rockin',29,False,Beamic,Never Stop Rockin',2019-08-23,b5540681352e06ac
7foxmWRpEa1fiYGz7JbAKH,Bullshit - Instrumental,31,False,The Pharcyde,Labcabincalifornia (Deluxe Edition),1995-01-01,b5540681352e06ac
0ebcW3QhEaMXocUXXUvEux,1999 - Instrumental,30,False,Common,1999 / Like They Used To Say (Remixes),1999,b5540681352e06ac
6YKGPQVSaQZlxEMPyhRH6p,Staub,3,False,Kosmischer Läufer,Track Club EP,2024-09-06,b5540681352e06ac
6Jw7ft5Rvh1IPRRfacqhCi,Hip 2 Da Game - Instrumental,38,False,Lord Finesse,The Awakening [25th Anniversary (Remaster)],2021-01-22,b5540681352e06ac
4Tw2CWFi6qbBZezMBvpUTN,Electric Impression,36,False,Lord Finesse,The SP1200 Project: A Re-Awakening,2015-03-10,b5540681352e06ac
2Kkl0EsJVwofWofMJMYmlO,Aiiiight,29,False,Kuartz,Shurikens,2017-04-24,b5540681352e06ac
3XXZgmqPvywvV64ZolnAsS,Where I'm Coming From - Instrumental,35,False,Funky DL,Cool Classic Jazzstrumentals (Volume One),2011-05-16,b5540681352e06ac
366V3hFbrBtlU9ayYZmyAZ,Der Traum des Jungen,18,False,Kosmischer Läufer,"The Secret Cosmic Music of the East German Olympic Program 1972-83, Vol. 3",2015-11-30,b5540681352e06ac
5RpoUzFpBM0EMSet3Mzldw,In der Stadt und auf dem Land,23,False,Kosmischer Läufer,"The Secret Cosmic Music of the East German Olympic Program 1972-83, Vol. 3",2015-11-30,b5540681352e06ac
6phS0dmak9yAw1vhYJAj9T,Climax (Instrumental Mix),28,False,Slum Village,"Fantastic, Vol. 2.10",2010-10-12,b5540681352e06ac
28m8gj89aW48IhkhoHPBx3,"Symphony No. 87 in A Major, Hob. 1/87: II. Adagio",5,False,Joseph Haydn,Haydn: The Complete Symphonies,2016-11-01,b5540681352e06ac
1r06SNlcN9DeAxngjsSUWt,Look How Pretty Today Is,35,False,"Sarah, the Illstrumentalist",RIDING AROUND,2023-02-24,b5540681352e06ac
64ODbuhc4OihBeKE6NUxhV,The World Is Yours,37,False,Will Sessions,The Elmatic Instrumentals,2011-09-27,b5540681352e06ac
5GjCLHeNC77C0IbTkOU3tI,O Grande Amor,55,False,Stan Getz,Getz/Gilberto (Expanded Edition),1964-03-01,b5540681352e06ac
2BGjr2M2pUdJ8GCAeS1A4A,Naturally (Instrumental),33,False,Moka Only,In and of Itself (Instrumental),2023-09-15,b5540681352e06ac
6u9RhBPyxU1eklIjTZZLjD,"Piano Sonata No. 14 in C Minor, K. 457: II. Adagio",11,False,Wolfgang Amadeus Mozart,Mozart: The Piano Sonatas,2001-01-01,b5540681352e06ac
2berFinu7WImpR2fHLO8YV,I Know That It’s Like This (Baby),26,False,Bill Ryder-Jones,Iechyd Da,2024-01-12,b5540681352e06ac
2HTGjOtv4cfcP54xLiYaRW,Sinkadus,21,False,Tonbruket,Forevergreens,2016-03-18,b5540681352e06ac
0uINLUGSLaDsSPPxTx1kU6,Sacro Bosco,23,False,Anna von Hausswolff,All Thoughts Fly,2020-09-25,b5540681352e06ac
72ydSSwA8Y2HubXVk5WatJ,Tarantella,6,False,Tonbruket,Forevergreens,2016-03-18,b5540681352e06ac
1Be6BhtTjQfvPZbx5H3k6t,Mañana,46,False,ron quixote,Mañana,2024-05-31,b5540681352e06ac
1r0IiZXpuTTe5URlwMILhk,Each Day,35,False,Screen Jazzmaster,Each Day,2023-04-21,b5540681352e06ac
1CDxJ7AhzIVLxaS3VknyaC,Anafase,13,False,Franco Battiato,Fetus,1972-11-23,b5540681352e06ac
2KUR6TQJ2aCQf6BNZytUoW,Joshua aime les myrtilles,16,False,Quentin Elmi,Joshua aime les myrtilles,2024-02-08,b5540681352e06ac
04yCUOpjaN4VyQnvC9xPIe,"Piano Sonata No. 14 in C Minor, K. 457: I. Molto allegro",10,False,Wolfgang Amadeus Mozart,Mozart: The Piano Sonatas,2001-01-01,b5540681352e06ac
4uF76csKmN7qyuCoYFEDQN,Home Run,43,False,Clifford,Home Run,2024-05-24,b5540681352e06ac
5Ychb5Luh6sOwDI94KEH0w,Gato,44,False,TyLuv.,Gato,2023-05-29,b5540681352e06ac
18NblhNZmwp79duZn3WzFj,What Did You Mean by Love?,33,False,Vulfpeck,Schvitz,2022-12-30,b5540681352e06ac
1H5WWNlsWeDDK6QJyy7FOT,"Symphony No. 6 in B Minor, Op. 74 ""Pathétique"": III. Allegro molto vivace",34,False,Pyotr Ilyich Tchaikovsky,"Tchaikovsky: Symphony No. 6 ""Pathétique""",2019-05-10,b5540681352e06ac
37Sx42ecraWiai21ZiW6se,"Symphony No. 6 in B Minor, Op. 74 ""Pathétique"": IV. Finale. Adagio lamentoso – Andante",36,False,Pyotr Ilyich Tchaikovsky,"Tchaikovsky: Symphony No. 6 ""Pathétique""",2019-05-10,b5540681352e06ac
0gCuDLag1doWpi28Mxuga9,"Symphony No. 6 in B Minor, Op. 74 ""Pathétique"": II. Allegro con grazia",35,False,Pyotr Ilyich Tchaikovsky,"Tchaikovsky: Symphony No. 6 ""Pathétique""",2019-05-10,b5540681352e06ac
4dHzOxfpRwMeOisK8NGJzw,Intoxicated,17,False,Groovecatcher,After the Rain,2024-06-28,b5540681352e06ac
3moyHd5qiUXhdPPwgG0CG0,Daylight Goodbye,31,False,Message To Bears,Folding Leaves,2012-01-01,b5540681352e06ac
1GaYqv2NMMlVbG3ewJQ4A6,Trigger Hippie,56,False,Morcheeba,Who Can You Trust?,1996-09-20,b5540681352e06ac
4HUYcAsl7aiOcgrRggUEwj,100 Billion Stars,38,False,Lux,Northern Lights,2005,b5540681352e06ac
5ytQ0VSCi2JFmunBXgDhjo,Dont Fear the Reaper,16,False,Gus Black,Autumn Days (Official Bootleg),2006-09-29,b5540681352e06ac
1a9maLxqpx3cxjY1lTj62B,Midnight In A Perfect World,54,False,DJ Shadow,Endtroducing.....,1996-01-01,b5540681352e06ac
3cyAoKvbHmoOjp0Ww8mlB1,The Winner Takes It All,49,False,ABBA,ABBA Gold,2008-01-01,b5540681352e06ac
6mPvAAHN4oQGFL4WL0Xszd,"Piano Sonata No. 1 in C Major, K. 279: I. Allegro",18,False,Wolfgang Amadeus Mozart,Mozart: The Piano Sonatas,2001-01-01,b5540681352e06ac
5Ywni2cDKsHSKbburrGFgL,I Have A Dream,44,False,ABBA,ABBA Gold,2008-01-01,b5540681352e06ac
237ovQuVDfeDOOiLbxiNs6,I Lived On The Moon (Acoustic Version),35,False,Kwoon,The Guillotine Show,2011-10-06,b5540681352e06ac
2245x0g1ft0HC7sf79zbYN,Lay All Your Love On Me,68,False,ABBA,ABBA Gold,2008-01-01,b5540681352e06ac
2v9dMIXI3aEzwv56Gd89yf,Chiquitita,48,False,ABBA,ABBA Gold,2008-01-01,b5540681352e06ac
3Y6vC4Ygp7ULxI020DBjY0,Summer Dress,33,False,Gus Black,The Day I Realized,2011-02-25,b5540681352e06ac
1ZHqcbJiQuiv6UQZDDqBqB,Gamma Rays,29,False,Temples,Exotico,2023-04-14,b5540681352e06ac
2EqlS6tkEnglzr7tkKAAYD,Come Together - Remastered 2009,78,False,The Beatles,Abbey Road (Remastered),1969-09-26,b5540681352e06ac
4d7rnOleZ2rsF0DFecYz4E,Slow Days,19,False,Temples,Exotico,2023-04-14,b5540681352e06ac
1HKZo7knu3IuCJo9JVGz1i,"Believe, Beleft, Below",43,False,Esbjörn Svensson Trio,Seven Days of Falling,2003-09-22,b5540681352e06ac
6ihB2dtJ91MxDE6sD13kty,Tangeri,49,False,Søren Bebe Trio,Here Now,2023-11-17,b5540681352e06ac
5JR2HVcJoTWsk7ekHMd5RM,Hermana,46,False,Burt Mitchell,The Getaway,2020-01-17,b5540681352e06ac
1HmfqLGKxU3pSnhs2n0RDn,Everything I Love,45,False,Tom Rogers Band,Everything I Love,2022-09-30,b5540681352e06ac
2b5sr8aUAAoY7waDSB4KRX,Gentileza,51,False,Ximena & Antonio,Gentileza,2021-05-19,b5540681352e06ac
0LmYJTGwD2Qc3XvG9pUGoT,Belonging,23,False,Keith Jarrett,Belonging,1974-10-01,b5540681352e06ac
1C5fyn3A3WbmsdBaj5OhZu,Cicada,22,False,Temples,Exotico,2023-04-14,b5540681352e06ac
0OwYnlCmkWPvvtR2rrtIVW,Clear Skies,50,False,Trio Del Norte,Clear Skies,2023-03-19,b5540681352e06ac
6dGnYIeXmHdcikdzNNDMm2,Here Comes The Sun - Remastered 2009,83,False,The Beatles,Abbey Road (Remastered),1969-09-26,b5540681352e06ac
679O3HaDfJSKZD6WX9MSIU,Exotico,22,False,Temples,Exotico,2023-04-14,b5540681352e06ac
6FMo4V8vQU07y1zwBfZrz7,Fotografia,51,False,Carl Bagge Trio,Meets Gustav Lundgren,2020-06-26,b5540681352e06ac
7cB0pvTADSIai5xRoH8owQ,Sombra La Lua,49,False,Billie Shaw,Sombra La Lua,2023-11-03,b5540681352e06ac
4KFTPKOpnL7GoGrXArHANm,As Irrational As Love,51,False,Joseph Gonzalez,As Irrational As Love,2024-01-12,b5540681352e06ac
2bkn1TCEs7IcMjVt1nBmaI,Giallo,13,False,Temples,Exotico,2023-04-14,b5540681352e06ac
7JSsitRmA1k7vJv6kbdHRg,Oval Stones,18,False,Temples,Exotico,2023-04-14,b5540681352e06ac
06gFahMcjsQxLCdwCWi73U,Arrival,25,False,Parannoul,After the Magic,2023-01-28,b5540681352e06ac
3AMBAlniMkoHehdRm7dQRg,"Piano Sonata No. 11 in A Major, K. 331: I. Tema (Andante grazioso) con variazioni",37,False,Wolfgang Amadeus Mozart,Mozart: The Piano Sonatas,1981-01-01,b5540681352e06ac
3ZikLQCnH3SIswlGENBcKe,My Favorite Things,48,False,John Coltrane,My Favorite Things,1961,b5540681352e06ac
0szItFAbwIF63qW6t4Hexl,"Piano Sonata No. 13 in B-Flat Major, K. 333: I. Allegro",40,False,Wolfgang Amadeus Mozart,Mozart: The Piano Sonatas,1981-01-01,b5540681352e06ac
0xo9fwIA2u3U9tDnrJxo3z,We Shine at Night,26,False,Parannoul,After the Magic,2023-01-28,b5540681352e06ac
5nyuLCnStYfOaBYvzzSMdV,"Piano Sonata No. 13 in B-Flat Major, K. 333: II. Andante cantabile",39,False,Wolfgang Amadeus Mozart,Mozart: The Piano Sonatas,1981-01-01,b5540681352e06ac
0DYALM07LyrmvGBNpa8Zfw,Parade,23,False,Parannoul,After the Magic,2023-01-28,b5540681352e06ac
5UQdXwPlQhj0MWHGRiH4LO,Cowgirl in the Sand,37,False,Neil Young,Greatest Hits,2004-11-15,b5540681352e06ac
6W2xXgLv1Zr8GvkffNueRa,cycli infini,14,False,Felbm,cycli infini,2023-07-21,b5540681352e06ac
2j4L3kOxgxTSGBkHl524lY,Insomnia,28,False,Parannoul,After the Magic,2023-01-28,b5540681352e06ac
6t90Kwo22FeYIgM1C6wD61,Polaris,35,False,Parannoul,After the Magic,2023-01-28,b5540681352e06ac
6r91uvAJZZcKAujE7iGIZQ,Down by the River,40,False,Neil Young,Greatest Hits,2004-11-15,b5540681352e06ac
2uT00p2IaZU5p6V6RcYrYR,THE ORDER OF SPIRITUAL VIRGINS,0,False,Lingua Ignota,SINNER GET READY,2021-08-06,b5540681352e06ac
0Q2dRzhPWFOex89dOjbq5Y,Watermelon In Easter Hay,21,False,Frank Zappa,"Joe's Garage Acts I, II & III",1979-09-17,b5540681352e06ac
1bAZV1EBTRi9t1cVg75i8t,I Want Wind to Blow,48,False,The Microphones,"The Glow, Pt. 2",2001-09-11,b5540681352e06ac
6nvA86jfGD6rb46UnmLaPo,"Piano Sonata No. 17 In B Flat, K.570: 2. Adagio",26,False,Wolfgang Amadeus Mozart,Mozart: The Piano Sonatas,1981-01-01,b5540681352e06ac
1w8a105B8lJW0tLyZSt6T6,"Piano Sonata No. 8 in A minor, K.310: 2. Andante cantabile con espressione",34,False,Wolfgang Amadeus Mozart,Mozart: The Piano Sonatas,1981-01-01,b5540681352e06ac
77cDWI3QPtuo51KilElfUt,Freddie Freeloader,16,False,Miles Davis,BD Music Presents Kind of Blue,2021-11-20,b5540681352e06ac
4jp6jtjYq13IGRtSuvehzy,"Symphony No. 2 in D Major, Op. 73: II. Adagio non troppo",28,False,Johannes Brahms,"Brahms: Symphony No.2 In D Major, Op. 73; Variations On A Theme By Joseph Haydn, Op. 56a",1987-01-01,b5540681352e06ac
7shVwhUdVbHpykOfbzvDc1,A Case of You,59,False,Joni Mitchell,Blue,1971-06-22,b5540681352e06ac
04c3I9uaDc71e5Xty9SG44,Picture at the Exibition: I. Promenade - Gnomes,13,False,Isao Tomita,Pictures at the Exibition (Ultimate Edition),2014-03-19,b5540681352e06ac
4ywmyUAQ0WAdNHXpoWWqfv,Day 'n' Nite,54,False,Kid Cudi,Watch Dogs (Music from the Video Game) [Original Game Soundtrack],2015-05-28,b5540681352e06ac
6U8GtSxUrAWx6yzQWUL5si,Picture at the Exibition: II. Promenade - The Old Castle,10,False,Isao Tomita,Pictures at the Exibition (Ultimate Edition),2014-03-19,b5540681352e06ac
38jOdB3iM24elg6aU7r6nB,"Symphony No. 2 in D Major, Op. 73: IV. Allegro con spirito",27,False,Johannes Brahms,"Brahms: Symphony No.2 In D Major, Op. 73; Variations On A Theme By Joseph Haydn, Op. 56a",1987-01-01,b5540681352e06ac
662fR8p2f9gOiV7cOrg2Qo,Deja vu,34,False,Mozzie,Deja vu,2024-02-29,b5540681352e06ac
5FBf12F4ry9TXoZAvISu6F,A Day In The Life,50,False,Wes Montgomery,A Day In The Life,1967-01-01,b5540681352e06ac
2zLIjfjQ8kMy7WSSLmF0I2,Thank You - 2008 Remaster,58,False,Bonnie Raitt,Bonnie Raitt (2008 Remaster),1971,b5540681352e06ac
7xWkKXEHvLlwfaYFPsyO0L,"Symphony No. 2 in D Major, Op. 73: III. Allegretto grazioso (quasi andantino)",27,False,Johannes Brahms,"Brahms: Symphony No.2 In D Major, Op. 73; Variations On A Theme By Joseph Haydn, Op. 56a",1987-01-01,b5540681352e06ac
3NW1YMA8kfNVTzGJCGBS8m,Both Sides Now,61,False,Joni Mitchell,Clouds,1969-05-01,b5540681352e06ac
6UFJpwhc4KMLUCawLuckeL,Checkerboard,10,False,DYVN,Checkerboard,2023-06-02,b5540681352e06ac
5LZLOOTwrA0HgTszqCgZ3C,The Last Time I Saw Richard,44,False,Joni Mitchell,Blue,1971-06-22,b5540681352e06ac
6TRmQMiyzoqKDTmrT8ZIpe,Nonobody,0,False,ron quixote,Nonobody,2022-10-14,b5540681352e06ac
3mx9E5AUAnEUm359bvZWwR,Modern 90's,13,False,Zmeyev,Modern 90's,2024-02-16,b5540681352e06ac
4TtDDJT3b9ardn5stlCc2u,Favela,0,False,Ike Quebec,Bossa Nova Soul Samba,1996-01-01,b5540681352e06ac
4HseTAkmR3lvidL8ut0NvB,Keep It Up,44,False,Spurendieb,Keep It Up,2023-10-19,b5540681352e06ac
1ZtB9tfPhMPApV0V8RFzST,"Má Vlast, JB1:112: 1. Vysehrad",28,False,Bedřich Smetana,Smetana: Má Vlast,2018-01-05,b5540681352e06ac
123wOCuOaeZ69mFdCHbHfu,One Day Without,15,False,Keren Ann,Nolita,2004-10-17,b5540681352e06ac
6tz0QRkMKADApTnPZQsHSj,Que n'ai-je ?,30,False,Keren Ann,Nolita,2004-10-17,b5540681352e06ac
5YGWtx6RcqEFdC1fSod0K6,I'm Happy You're Here,23,False,Ugly (UK),Twice Around the Sun,2024-04-03,b5540681352e06ac
5mQTjVSDJyi6yG6VynGyUo,Shepherd's Carol,23,False,Ugly (UK),Twice Around the Sun,2024-04-03,b5540681352e06ac
4l3BIJtMIFAFtFdAIExAV7,Hands Of Man,23,False,Ugly (UK),Twice Around the Sun,2024-04-03,b5540681352e06ac
0CWBNxBPcG5wbF1KDVgsc8,Nolita,11,False,Keren Ann,Nolita,2004-10-17,b5540681352e06ac
2ceyGbQx2ALEvmc36DFQ6V,Hope,26,False,Fat Freddy's Drop,Hope For A Generation EP,2003,b5540681352e06ac
6n1tPUk5HwXI989VA3wxDY,Pliocene,29,False,Cosmo Sheldrake,The Much Much How How and I,2018-04-06,b5540681352e06ac
7azylXFRsebfrIoAtwfjaB,So What,36,False,Miles Davis,BD Music Presents Kind of Blue,2021-11-20,b5540681352e06ac
1IRRqn75jaZHp7zMT1NGbZ,Moon River,38,False,Jacob Collier,Djesse Vol. 2,2019-07-19,b5540681352e06ac
1y76Hl0nXEOYBf4C9rl5rf,"ドミノ・ライン - Live at Chuo Kaikan Hall, Tokyo, Feb. 1982",42,False,CASIOPEA,MINT JAMS(Live),1982,b5540681352e06ac
7FPdfHCyNo1AaaQSZsivUN,Axolotl,32,False,Cosmo Sheldrake,The Much Much How How and I,2018-04-06,b5540681352e06ac
1SOwtvIiC5ulpGqRKvFUTb,"Serenade No. 1 in D Major, Op. 11: II. Scherzo. Allegro non troppo",0,False,Johannes Brahms,Brahms: Serenades Nos. 1 & 2,2017-03-17,b5540681352e06ac
7N0g2MNvN4pA5cK1grWbiG,Hocking,25,False,Cosmo Sheldrake,The Much Much How How and I,2018-04-06,b5540681352e06ac
3GpPJWnU8GzhfRSNRQdquT,Egg and Soldiers,30,False,Cosmo Sheldrake,The Much Much How How and I,2018-04-06,b5540681352e06ac
0p3vlc08voJfAOpYOeoRv6,Mind of Rocks,24,False,Cosmo Sheldrake,The Much Much How How and I,2018-04-06,b5540681352e06ac
0J0MPLPIBmlDlcMbIzsgTI,Mass for Four Voices: Gloria,1,False,William Byrd,Byrd/Tallis: Choral Music,2000-05-12,b5540681352e06ac
6e65fH1wClamA2QPI5HUi3,Prickly Pear,48,False,Portico Quartet,Knee-Deep In the North Sea,2007,b5540681352e06ac
255R1Iy0C4TINymsDXdNEz,Beetroot Kvass,23,False,Cosmo Sheldrake,The Much Much How How and I,2018-04-06,b5540681352e06ac
49ECKlsOXqyNXydiNCS2Md,Chanson d'un jour d'hiver,40,False,Cortex,Troupeau bleu,1975-07-15,b5540681352e06ac
56prPhOQ8YcVNLK9UXn7Py,ミッドナイト・ランデブー,52,False,CASIOPEA,CASIOPEA,1979,b5540681352e06ac
6bueV7zlPwN6eyhSan67Wb,Francesca,60,False,Hozier,Unreal Unearth,2023-08-18,b5540681352e06ac
4MIJinz7HdlycRtdXlHq9Z,"Piano Concerto No. 24 in C Minor, K. 491: I. Allegro",4,False,Wolfgang Amadeus Mozart,Mozart: Piano Concertos Nos. 21 & 24,2023-03-03,b5540681352e06ac
3hbKcj640iYmPQgecainOr,Eat Your Young,66,False,Hozier,Unreal Unearth,2023-08-18,b5540681352e06ac
1EYP6mRfJY45IDKETJsjMO,Damage Gets Done,50,False,Hozier,Unreal Unearth,2023-08-18,b5540681352e06ac
0beXeFEWUYYY13fYVHTtFk,Drowned World / Substitute for Love,50,False,Madonna,Ray of Light,1998-03-03,b5540681352e06ac
3zsTgPLNF9uEPjwu9jbKaU,"I, Carrion (Icarian)",55,False,Hozier,Unreal Unearth,2023-08-18,b5540681352e06ac
1JLn7ZUURqOt7RRhwBA9rK,Statues,26,False,Moloko,Statues,2003-03-03,b5540681352e06ac
1kOSLlLeIDPdccmqnKV8c1,Symphony No. 5: V. Rondo-Finale. Allegro,33,False,Gustav Mahler,Mahler: Symphony No.5,1997-01-01,b5540681352e06ac
2hkFDdW7y61Ojv5ejO1QXg,"Symphony No. 5: II. Stürmisch bewegt, mit größter Vehemenz",36,False,Gustav Mahler,Mahler: Symphony No.5,1997-01-01,b5540681352e06ac
5BXBi5pLeJhblMVH2ltjpl,Computer Love - 2009 Remaster,47,False,Kraftwerk,Computer World (2009 Remaster),1981,b5540681352e06ac
5eqZWYQ5tbIehx00NeKXz7,The Robots - 2009 Remaster,47,False,Kraftwerk,The Man-Machine (2009 Remaster),1978,b5540681352e06ac
2McwRJ1l1hi1E8RJh0vFRS,Symphony No. 5: 1. Trauermarsch (In gemessenem Schritt. Streng. Wie ein Kondukt) [Symphony No.5 in C sharp minor / Part 1],41,False,Gustav Mahler,Mahler: Symphony No.5,1997-01-01,b5540681352e06ac
1INTYGsVDW6RCNFectMU8E,"Symphony No. 8 in G Minor, Op. 88, B. 163: II. Adagio",30,False,Antonín Dvořák,Dvořák: Symphony No. 8,2000-04-01,b5540681352e06ac
2IXykUnH68TFoLLbfO81cS,"Symphony No. 8 in G Minor, Op. 88, B. 163: I. Allegro con brio",34,False,Antonín Dvořák,Dvořák: Symphony No. 8,2000-04-01,b5540681352e06ac
1FDMJ0sheMse5ELss1p7s0,Symphony No. 5: IV. Adagietto. Sehr langsam,46,False,Gustav Mahler,Mahler: Symphony No.5,1997-01-01,b5540681352e06ac
0HdsAnZaQXUEV8moHqxCnK,"Symphony No. 8 in G Minor, Op. 88, B. 163: IV. Allegro, ma non troppo",31,False,Antonín Dvořák,Dvořák: Symphony No. 8,2000-04-01,b5540681352e06ac
6VkbYxod6LyZOMKZ96Lnh9,Jenseits des Horizonts,15,False,Kosmischer Läufer,"The Secret Cosmic Music of the East German Olympic Program 1972-83, Vol. 3",2015-11-30,b5540681352e06ac
120qQ1McNzHpwdB9fd7j4v,Earth (Gaia),33,False,The Orb,Adventures Beyond The Ultraworld,1991-04-02,b5540681352e06ac
7m69CBpMvMPN7qVBeG7uoD,Zeit zum Laufen 164,14,False,Kosmischer Läufer,"The Secret Cosmic Music of the East German Olympic Program 1972-83, Vol. 3",2015-11-30,b5540681352e06ac
7spscgJltOjZrDOPXD1NSl,Goldene Tage,7,False,Kosmischer Läufer,"The Secret Cosmic Music of the East German Olympic Program 1972-83, Vol. 4",2018-11-19,b5540681352e06ac
1krBKWusytTAT2jNWJGA7m,Neon Lights - 2009 Remaster,38,False,Kraftwerk,The Man-Machine (2009 Remaster),1978,b5540681352e06ac
4RKNSNbLbvQ85Ukseysa7o,Cerberus,30,False,The Sweet Enoughs,Marshmallow,2020-08-05,b5540681352e06ac
1qUQvMEIHCLE5bUHEUU99B,Weekend at Brian's,27,False,The Sweet Enoughs,Marshmallow,2020-08-05,b5540681352e06ac
3CgonfeyRh23O9F4aKiIbW,Chase,51,False,Giorgio Moroder,Midnight Express (Original Motion Picture Soundtrack),1978-10-06,b5540681352e06ac
6DNWsuWuAXAlpmsad1sGfz,Murmuration,46,False,GoGo Penguin,v2.0 (Deluxe Edition),2014-03-17,b5540681352e06ac
2Z63YltGfyHuNSDQnQ1J1A,"Symphony No. 7 in E Major, WAB 107 (1885 Version): III. Scherzo. Sehr schnell - Trio. Etwas langsamer",11,False,Anton Bruckner,Bruckner: Symphony No. 7,2022-07-22,b5540681352e06ac
2kjXaoPGBh9nOIjzaRd2Fv,Marshmallow,34,False,The Sweet Enoughs,Marshmallow,2020-08-05,b5540681352e06ac
5D6mTwP8jlAaLPbuHSZadz,Out of Space,0,False,The Prodigy,Experience: Expanded,1992-09-21,b5540681352e06ac
6RrJMgSWCe4hZ0b0ZIU9rA,Holes,23,False,Mercury Rev,Deserter's Songs (Instrumentals),2011-06-14,b5540681352e06ac
4KHO9py2dphAa5pfegUojN,I Don't Know What I Can Save You From,45,False,Kings of Convenience,Quiet Is The New Loud,2001-01-01,b5540681352e06ac
283h1iiG7BVoKvTVAr5bSc,Polka Dots and Moonbeams,0,False,Gabriel Latchin Trio,The Moon and I,2019-04-05,b5540681352e06ac
7EXMu7qI9Hv5PlMgtmfjES,We Are All Made of Stars,52,False,Moby,18,2002-05-13,b5540681352e06ac
1Z1DK8nlqNmV9RywT9QRCB,Symphony No. 5: IV. Adagietto. Sehr langsam,60,False,Gustav Mahler,Mahler: Symphony No.5,1993-01-01,b5540681352e06ac
7hP3tO4G8r2KnUvdosudEU,Positive Force,21,False,Delicate Steve,Positive Force,2011-01-01,b5540681352e06ac
5hiTOgD1obV1UMynKtvMCU,Crumbling Castle,13,False,King Gizzard & The Lizard Wizard,Polygondwanaland,2017-11-17,b5540681352e06ac
3f9KhpRN6mMYoVnpuozgHD,Gary's Theme - Remastered 2003,60,False,Bill Evans,You Must Believe In Spring (Remastered Version),1981-02-02,b5540681352e06ac
1RgptEcoSqG30ea7LeE6Iz,So Easy,40,False,Röyksopp,Melody AM,2001-09-03,b5540681352e06ac
1PVVPCLi6hE8GZj9tWB8NM,Lovely Day,44,False,alt-J,This Is All Yours,2014-09-22,b5540681352e06ac
4Z3RGx7Be5plLoIw7i83wX,Is U,39,False,Overmono,Is U,2023-01-18,b5540681352e06ac
6FbPeP7zBqDfWUFSotbmUq,Die Fledermaus: Overture,46,False,Johann Strauss II,Strauss: Die Fledermaus,1976-01-01,b5540681352e06ac
7e4cQ65cw0hbgQfbZr9IUD,Little Girl Blue,43,False,Jeremy Pelt,"The Art of Intimacy, Vol. 1",2020-01-24,b5540681352e06ac
7rNf7BpfP7Qtf31WJLWVX7,"Violin Concerto in D Major, Op. 35: I. Allegro moderato",30,False,Pyotr Ilyich Tchaikovsky,"Tchaikovsky: Violin Concerto & Souvenir, Op. 42",2008-01-01,b5540681352e06ac
1rEkXObJ6QrLYi2U7TjZ6U,Meditation - Live At Montreux Jazz Fest,16,False,Cory Wong,Live At Montreux Jazz Fest,2023-12-01,b5540681352e06ac
6xrOuzqoF3G4FHJJpKiMHf,Concierto de Aranjuez: II. Adagio,2,False,"Slovak State Philharmonic Orchestra, Kosice",Rodrigo : Concierto De Aranjuez,1989-07-15,b5540681352e06ac
7kkmA8UCbQY4kgGS6NA7G2,"Violin Concerto in D Major, Op. 35: III. Finale. Allegro vivacissimo",27,False,Pyotr Ilyich Tchaikovsky,"Tchaikovsky: Violin Concerto & Souvenir, Op. 42",2008-01-01,b5540681352e06ac
4QLksxUb75gT1JtVD7atSo,Brooklyn Bop - Live At Montreux Jazz Fest,14,False,Cory Wong,Live At Montreux Jazz Fest,2023-12-01,b5540681352e06ac
7a0bbADTRVJPX6RcYqWdw2,Team Sports - Live At Montreux Jazz Fest,15,False,Cory Wong,Live At Montreux Jazz Fest,2023-12-01,b5540681352e06ac
40vddco1tg38zcFnG6vL89,Leviathan,30,False,Everything Everything,Raw Data Feel,2022-05-20,b5540681352e06ac
5hU4YG3Io0R8eFqhwJ27lm,Die Fledermaus: Overture,33,False,Johann Strauss II,"Strauss, J.: An der schönen blauen Donau (The Blue Danube)",1982-01-01,b5540681352e06ac
38xcUjiTP1ivfb7ObwjyGA,Watermelon Man - Remastered 2007,54,False,Herbie Hancock,Takin' Off (Expanded Edition),1962-05-28,b5540681352e06ac
0b3BpdvoP34MwaAt3Z7xqR,"12 Danzas Espanolas (Spanish Dances), Op. 37 (Arr. Peter Breiner): Spanish Dance No. 11, Op. 37, No. 11, Arabesca",0,False,"Slovak State Philharmonic Orchestra, Kosice",Rodrigo : Concierto De Aranjuez,1989-07-15,b5540681352e06ac
7cUGEMyVzrktf6jxhidX13,"Sibelius: Symphony No. 2 in D Major, Op. 43: IV. Finale. Allegro moderato",8,False,Jean Sibelius,Sibelius : Symphonies Nos 2 & 4,2001-05-01,b5540681352e06ac
3qdDnlHA9YgnI7FFp25SCy,Sugar Sugar,3,False,Dam Swindle,Hidden Gems,2023-08-11,b5540681352e06ac
2kImt6yi2DLd1zfcnFhMc4,"The Sweet Time Suite, Part II - For H. / Part III - For Jan",21,False,Kenny Wheeler,Music For Large & Small Ensembles,1990-10-01,b5540681352e06ac
0IJr3hiskmfr0JHCH7wfvO,"The Sweet Time Suite, Part IV - For P.A.",15,False,Kenny Wheeler,Music For Large & Small Ensembles,1990-10-01,b5540681352e06ac
3zaDEuAW14Mewkdc6i81XW,You Have the Right to Remain Silent: I. Interrogation,0,False,Anthony Davis,Anthony Davis: Notes from the Underground,2014-03-25,b5540681352e06ac
1EjfCGPicAauZwnbFrTczK,"Egmont Overture, Op. 84 - 2018 Remastered Version",43,False,Ludwig van Beethoven,Szell Conducts Beethoven Overtures (Remastered),2018-07-27,b5540681352e06ac
4tVrOiaZJK20ZfjWqHRPAt,Desire,0,False,Swales,13th Hour Vol. 4,2019-03-22,b5540681352e06ac
1JH7aPO6vCaxAlRFer87kX,Soul Eyes,5,False,Stan Getz,Getz For Lovers (Deluxe Edition),2022-02-10,b5540681352e06ac
46pHNo3dODJgsOC6I8gg3p,Suppé: Leichte Kavallerie: Ouvertüre,12,False,Franz von Suppé,The Best of the Academy,2003-11-03,b5540681352e06ac
6X0zGq2nWueSyc1JvZOd2K,The Kraken,48,False,Hans Zimmer,Pirates of the Caribbean: Dead Man's Chest (Original Motion Picture Soundtrack),2006-01-01,b5540681352e06ac
2zsagBxC2pqc0LBayLZUFs,"Symphony No. 1 in D Major ""Titan"": III. Feierlich Und Gemessen, Ohne Zu Schleppen",9,False,Gustav Mahler,Mahler: Symphony No. 1,2008-06-10,b5540681352e06ac
5K6HZ4t7rUb2VbZqmBPPfY,Wind Guide You,53,False,Jeremy Soule,The Elder Scrolls V: Skyrim: Original Game Soundtrack,2013-01-31,b5540681352e06ac
5Xv8W9YeSqY2sDuCRDU0Yv,Child of Mine,19,False,Eleanor Shanley,Cancion De Amor,2020-12-12,b5540681352e06ac
2q2Cj2u6X2TiFtOEOKUugp,Sorongaio,21,False,Baden Powell,Baden Powell À Vontade,1967-11-25,b5540681352e06ac
66TpEM4Mf9k2moqIOYB3wd,The Blasted Heath,35,False,Stuart Chatwood,Darkest Dungeon Color of Madness DLC (Original Soundtrack),2018-06-28,b5540681352e06ac
0dKpH9fPOWbH2q58WaluKI,Waiting 4 You,17,False,Steve Spacek,Houses,2020-02-07,b5540681352e06ac
3J1BDyPGll7A0oP5AeWjwc,Dreamland,14,False,Celestial Aeon Project,The Journey Begins,2017-11-10,b5540681352e06ac
7ukyRbf4NVatkUvFinpwbz,"Purple Noise, Pt.1",43,False,Sensitive ASMR,Purple Noise,2023-03-07,b5540681352e06ac
18OP3a6pS4Xeqy0r6hbqxN,Miles Deep,37,False,Adibanti,Miles Deep,2021-09-24,b5540681352e06ac
6LdAapmMDcuChdIFgahMpH,Elven Tranquility,18,False,Derek Fiechter,Elven Harp,2019-11-07,b5540681352e06ac
3W1hVS6uIsH7Dh3EgOQwIS,Le Gini,36,False,Retromigration,Darr's Lane,2021-08-20,b5540681352e06ac
1ocg0cQJrJprBLXKiZpO7E,"Hooked on Classics, Pt. 3",26,False,Royal Philharmonic Orchestra,Hooked on Classics,1981-01-01,b5540681352e06ac
2OoIOCj7I1BA4RZyRg47oD,Woods,35,False,ASKII,Hegelburg,2019-11-22,b5540681352e06ac
3oiEAnH0QZlh05ipDLdlNe,Serenity,34,False,祖堅 正慶,A REALM REBORN: FINAL FANTASY XIV Original Soundtrack,2014-03-26,b5540681352e06ac
1Tuu7DziLmsTu6mLxaj0uX,"Symphony No. 5 in C-Sharp Minor: III. Scherzo. Kräftig, nicht zu schnell",4,False,Gustav Mahler,Mahler: Symphony No. 5 in C-Sharp Minor,1964,b5540681352e06ac
15n7pbeQbg1vHjb1euRMIA,Appalachian Spring: II. Allegro,31,False,Aaron Copland,"Copland: Appalachian Spring, Rodeo, Billy the Kid & Fanfare for the Common Man",1960,b5540681352e06ac
2NoNIrVSTzUKCCaIGVt27T,Symphony No. 5 in C-Sharp Minor: V. Rondo-Finale. Allegro,4,False,Gustav Mahler,Mahler: Symphony No. 5 in C-Sharp Minor,1964,b5540681352e06ac
3aArGhFAkyALdChlUuLbDe,Symphony No. 5 in C-Sharp Minor: IV. Adagietto. Sehr langsam,13,False,Gustav Mahler,Mahler: Symphony No. 5 in C-Sharp Minor,1964,b5540681352e06ac
7fMSDMjlE3hgxDGtkf27UL,Danza de meliodía,0,False,Arturo Márquez,Visiones panamericanas,2001-01-01,b5540681352e06ac
7g1yuZNPlJv3VsMXOBEYMG,A Nightingale Sang In Berkeley Square,5,False,Stan Getz,Getz For Lovers (Deluxe Edition),2022-02-10,b5540681352e06ac
6R1iUygNnqOmUBmMUsDM7I,Been A Long Night,23,False,Galcher Lustwerk,Information,2019-11-22,b5540681352e06ac
48KTRNOK3bhaeNpA0cTtYL,Le Rayon Vert - Seahawks Vanish into Space Mix,10,False,Ruf Dug,Island Remixes,2017-08-04,b5540681352e06ac
5ur9ne0e8sd9A8ail203BG,Little Girl Blue,7,False,Stan Getz,Getz For Lovers (Deluxe Edition),2022-02-10,b5540681352e06ac
2moo0ESu4dQjHAcUbnEEfm,Tha Boogee,0,False,Janko Nilovic,Maze of Sounds,2020-11-06,b5540681352e06ac
59IQ2oXNWFyoNJmISYjj7I,Mother Theresa - Original Mix,0,False,Auntie Flo,Highlife World Series: Cuba,2015-03-30,b5540681352e06ac
2GvP5npux6Lz7xED99oXea,Colour,46,False,Pete Josef,Colour,2015-10-23,b5540681352e06ac
2VHhcsJVeRkiP79tlz8uTn,Body And Soul,7,False,Stan Getz,Getz For Lovers (Deluxe Edition),2022-02-10,b5540681352e06ac
4sRp8B4w4o6d9EOMgx889h,O Grande Amor,9,False,Stan Getz,Getz For Lovers (Deluxe Edition),2022-02-10,b5540681352e06ac
5iNbFdlGQ7d1y2HfIfvdNP,"Piano Concerto No. 20 in D Minor, K. 466: II. Romance - Live at Severance Hall, Cleveland, 2010",43,False,Wolfgang Amadeus Mozart,"Mozart: Piano Concertos No. 20 in D Minor, K. 466 & No. 27 in B-Flat Major, K. 595 (Live)",2010-01-01,b5540681352e06ac
64kBKl5m9YXX2l8KCn9rVP,Never Seen You Dance - Demi Riquísimo Remix,6,False,Demi Riquísimo,Never Seen You Dance (Demi Riquísimo Remix),2023-02-03,b5540681352e06ac
0cjkj0qO9lIFy9VY8FZE47,Seems Like Forever,0,False,Scarlet Rae,Seems Like Forever,2022-01-20,b5540681352e06ac
5PuaT6oCKE0oumFucowD6K,Town in Chaos,37,False,Stuart Chatwood,Darkest Dungeon (Original Video Game Soundtrack) [Deluxe Edition],2017-06-22,b5540681352e06ac
6OrFXXVMc2MOpKoKFq8F1M,The Cove Battle,37,False,Stuart Chatwood,Darkest Dungeon (Original Video Game Soundtrack) [Deluxe Edition],2017-06-22,b5540681352e06ac
7BjxoSvcsJtePRijiSUqNy,"Piano Concerto No. 1 in C Major, Op. 15: I. Allegro con brio",9,False,Ludwig van Beethoven,"Beethoven: Piano Concerto No. 1 in C Major, Op. 15",2020-12-17,b5540681352e06ac
2m5CraGSuaGNQltUoIjczg,La valse (version for orchestra),0,False,Maurice Ravel,"Ravel: Orchestral Works, Vol. 2",2013-11-05,b5540681352e06ac
0DuDXwHej1SRHTKaq3kUiI,Plant Life II,14,False,Ki Oni,Indoor Plant Life I,2021-03-05,b5540681352e06ac
3zF3pigJ8LTQQtjsYrDmUI,Electric Drama,22,False,Lovers,Electric Drama,2019-07-26,b5540681352e06ac
6rBcJs6ikX0cqyDAWz5aXP,イーチ・アザー/ラブ・ネイチャー,27,False,Terumasa Hino,ラブ・ネイチャー,2018-12-05,b5540681352e06ac
0qlYPfEfpOG0DcqdKBvOBF,Lightenup - Alex Metric Remix,56,False,Parcels,Lightenup (Remixed),2019-02-01,b5540681352e06ac
6B8l79CPBMJvhb14CtoCR1,Blue Room,21,False,The Orb,U.F.Orb,1992-06-29,b5540681352e06ac
5SsESuc7gf8om8OgPPQolD,Dusk You & Me,42,False,Groove Armada,Vertigo,2000-02-22,b5540681352e06ac
69U1ybDXS8bX2PjjuWeHN2,トゥー・ハイ,24,False,原信夫とシャープス&フラッツ,結成２５周年記念リサイタル,2010-06-16,b5540681352e06ac
6APQPY2tZzOV9T4iNSXdYe,Waiting 4 You,43,False,Ekkah,Waiting 4 You,2022-08-05,b5540681352e06ac
4uL1kcYkVK9GkTJddy18Jk,Statues,0,False,Moloko,Statues,2003-03-03,b5540681352e06ac
7pMJ455NDmDtnAxSRniJt2,Begin Again,41,False,Jessie Ware,That! Feels Good!,2023-04-28,b5540681352e06ac
2opgPV5Slxx13Cu9bIaArt,Be with You Tonight,49,False,Valère,Be with You Tonight,2020-12-02,b5540681352e06ac
2FVuz3pJQtZARdNGzUrSml,Big Time Sensuality - The Fluke Minimix,0,False,Björk,Greatest Hits,2002-11-04,b5540681352e06ac
5lWSAAei5Dcmfrfs8Vz2W3,"Computer ""G""",10,False,Kenny Garrett,Black Hope,1992-09-04,b5540681352e06ac
24z7ZCiQCWQrHhDZpA34Gy,The Ambitious Violet,4,False,Sean Jones,The Search Within,2009-03-24,b5540681352e06ac
1DoX36HVI7IulziV8fwhdF,Life Cycles,5,False,Sean Jones,The Search Within,2009-03-24,b5540681352e06ac
7gxVrRxCtUpoBr9bxuwtKa,Tacit Dance,8,False,Kenny Garrett,Black Hope,1992-09-04,b5540681352e06ac
42s3vSz1tVYw1RdvldajHh,One Way Ticket,21,False,Midnight To Monaco,One Way Ticket,2016-08-26,b5540681352e06ac
2z2A1bR1ElhO7sTg2Ca3zZ,The Storm,3,False,Sean Jones,The Search Within,2009-03-24,b5540681352e06ac
66aJBviyaRc6djX6mbC965,Transitions,8,False,Sean Jones,The Search Within,2009-03-24,b5540681352e06ac
40rOlDoGejXXF4B0BYsjx8,Tangerine,62,False,Glass Animals,Dreamland,2020-08-07,b5540681352e06ac
2phNLvZAMBfxX9d7VzhmQV,The Weight Of My Words - Four Tet Remix,40,False,Kings of Convenience,Versus,2001-01-01,b5540681352e06ac
0jhKhgnjOWDtOTKxyPi1ZC,AO Longo Do Rio,43,False,Melodiesinfonie,A Journey to You,2019-04-26,b5540681352e06ac
5od9UPQCNQ7Cwza7bqPBUu,We Are All Made of Stars,0,False,Moby,18,2002-05-13,b5540681352e06ac
5pvYvvO0IDkuK1FDWPWMXy,Apollo's Mood,47,False,The Olympians,The Olympians,2016-10-28,b5540681352e06ac
3CVDronuSnhguSUguPoseM,Thank U,66,False,Alanis Morissette,Supposed Former Infatuation Junkie,1998-10-16,b5540681352e06ac
3KtsRijwp8KunCRYlOdWEi,Boléro (Ravel),50,False,London Symphony Orchestra,Ravel: Bolero / Daphnis Et Chloë,1995,b5540681352e06ac
4woeoi4CZ8tcsWDImypP5n,L'Autofilteur,19,False,Basile Petite,On s'amuse,2023-03-03,b5540681352e06ac
2YkTaRmBHnnoHyUAbNKLOC,Parasite,26,False,GoGo Penguin,Everything Is Going to Be OK,2023-04-14,b5540681352e06ac
0lJMMPRxO6jlYHgdABWQ6K,"Symphony No. 1 in D Major: III. Feierlich und gemessen, ohne zu schleppen - Live",1,False,Gustav Mahler,Mahler - Vol. 1,2005-01-01,b5540681352e06ac
4DfsFVQJ8m4yz7pgqynS13,The Last Time I Saw Her,25,False,Gordon Lightfoot,Did She Mention My Name,1968-01-01,b5540681352e06ac
6hipqU5v9PM00zWVHscDUE,AN INSATIABLE HIGH,42,False,Masayoshi Takanaka,AN INSATIABLE HIGH,1977,b5540681352e06ac
4JPj5HzPn5sRfwzqH9HMgX,Everything Is Going to Be OK,29,False,GoGo Penguin,Everything Is Going to Be OK,2023-04-14,b5540681352e06ac
0hvhmLGNOEy6qlNodaGTWX,Jonde,41,False,Melatone,Jonde,2022-07-29,b5540681352e06ac
4F17fOFNxTHhNk6fXq46w6,Everybody Loves The Sunshine,51,False,Takuya Kuroda,Rising Son,2014-01-01,b5540681352e06ac
6iT0UST229uqLT27oRa8DX,The Last Goodbye,4,False,Malcolm Strachan,Point Of No Return,2023-01-27,b5540681352e06ac
6XbL87j8HuMLzHfQeyumXK,Amethyst,13,False,Jonny Tobin,Together,2022-01-13,b5540681352e06ac
2HHC3GxRY2SxqRn6v6TvXX,Lonely Soul,0,False,UNKLE,Psyence Fiction,1998-09-29,b5540681352e06ac
3ykIHaFm72d2vQJx5PW89z,Harvest Time,0,False,Colombo,Golden Age,2022-05-20,b5540681352e06ac
6UFivO2zqqPFPoQYsEMuCc,Bags,53,False,Clairo,Immunity,2019-08-02,b5540681352e06ac
2xJAj1Q2IQBzGN39fNPdK8,Bluish,40,False,Arlo Parks,Collapsed In Sunbeams,2021-01-29,b5540681352e06ac
6QMmBohav7z0tWLiplQvEh,We May Not Stay,27,False,GoGo Penguin,Everything Is Going to Be OK,2023-04-14,b5540681352e06ac
5KV6JaViW1h9898aVz5oBd,Glow,27,False,GoGo Penguin,Everything Is Going to Be OK,2023-04-14,b5540681352e06ac
7bJgOJy4IORKbktGQJfmfm,Miles of Conkers,0,False,Naked Flames,Miracle in Transit,2022-07-29,b5540681352e06ac
5Z4IpIp3ZxKkI3nVIV47P0,Tennessee Transit,0,False,Naked Flames,Miracle in Transit,2022-07-29,b5540681352e06ac
5v1GdhyPA4M5YEAtoLzfMP,Under Every Tree in England,0,False,Naked Flames,Miracle in Transit,2022-07-29,b5540681352e06ac
51E2iWR0wjSGh3gmZtnUof,Visiting Corners,0,False,Naked Flames,Miracle in Transit,2022-07-29,b5540681352e06ac
54KFQB6N4pn926IUUYZGzK,To Build A Home,73,False,The Cinematic Orchestra,Ma Fleur,2007-05-07,b5540681352e06ac
1Feese9XfLWooSyIeYmV5B,Taro's Mood,25,False,Terumasa Hino,The Enja Heritage Collection: Taro's Mood,1973,b5540681352e06ac
3LvYTT421TxxvSTseEDmXQ,"Daphnis et Chloé Suite No. 2, M. 57b: I. Lever du jour – II. Pantomime – III. Danse générale",29,False,Maurice Ravel,Debussy: La Mer; Prélude à l'après-midi / Ravel: Pavane; Daphnis et Chloé No. 2,1986-01-01,b5540681352e06ac
2LAMzLZLIK9zCgABZv5Ano,MALIBU,45,False,Masayoshi Takanaka,AN INSATIABLE HIGH,1977,b5540681352e06ac
0s9VfOoqJPquZo84u9B6oS,"Chance of a Day, Pt. 3",20,False,Erik von Spreckelsen,"Chance of a Day, Pt. 3",2021-03-05,b5540681352e06ac
2evXz0Epxk7TN6GxQ9cZMV,"Trio for Horn, Oboe & Piano in A Minor, Op 188: IV. Finale. Allegro ma non troppo",0,False,Luc Van Marcke,Reinecke Chamber Music with Horn,2017-03-01,b5540681352e06ac
7DfJooD4wNPo2Vvw4SWsF3,Pan Matsuri,0,False,Naked Flames,Miracle in Transit,2022-07-29,b5540681352e06ac
6Pa6hLGbkUUwWmHg8wzxpU,Taking the Stairs,0,False,Naked Flames,Miracle in Transit,2022-07-29,b5540681352e06ac
6ZYoIIIONqGi5qWWTw4uLI,スカイ・ウォズ・フォーリング,36,False,Masabumi Kikuchi,マトリックス,2017-10-25,b5540681352e06ac
0w3A7y2EJ8awXWMUtftue5,What It Is,56,False,Amber Mark,Three Dimensions Deep,2022-01-28,b5540681352e06ac
2k7CX8AxbvC7oq0H9Df3QP,"Trio for Horn, Oboe & Piano in A Minor, Op 188: III. Adagio",0,False,Luc Van Marcke,Reinecke Chamber Music with Horn,2017-03-01,b5540681352e06ac
6hVG3m6dephYvtGxntHyqO,"Symphonie fantastique, Op. 14, H 48: I. Rêveries - Passions",34,False,Hector Berlioz,Berlioz: Symphonie fantastique,2001-02-12,b5540681352e06ac
6ecGhEfAE5Gf6r7AhnZwi5,Shark Butt,0,False,The Sweet Enoughs,Marshmallow,2020-05-01,b5540681352e06ac
4eFzFBxtqK0lqHg596ju2C,"Symphony No. 2 in D Major, Op. 43: II. Tempo andante, ma rubato",13,False,Jean Sibelius,"Sibelius: Symphony No. 2 in D Major, Op. 43 & Symphony No. 7 in C Major, Op. 105",1968,b5540681352e06ac
3j7YAq4A8HPx6vLt0N06CN,"Symphony No. 2 in D Major, Op. 43: IV. Finale. Allegro moderato",18,False,Jean Sibelius,"Sibelius: Symphony No. 2 in D Major, Op. 43 & Symphony No. 7 in C Major, Op. 105",1968,b5540681352e06ac
0GUaalNOmskFc8dhlVsmK2,Cerberus,0,False,The Sweet Enoughs,Marshmallow,2020-05-01,b5540681352e06ac
6evJ0nfO3F8DUH36fL5aMX,Weekend at Brian's,0,False,The Sweet Enoughs,Marshmallow,2020-05-01,b5540681352e06ac
6N2yBySX0VhCVlVHKngirs,Marshmallow,0,False,The Sweet Enoughs,Marshmallow,2020-05-01,b5540681352e06ac
1vzuPOY4CZnFcKpDEuqh8m,Dream Puppy,0,False,The Sweet Enoughs,Marshmallow,2020-05-01,b5540681352e06ac
3h17eAlSx9J6pgHgJlgcz4,"Symphony No. 2 in D Major, Op. 43: I. Allegretto",15,False,Jean Sibelius,"Sibelius: Symphony No. 2 in D Major, Op. 43 & Symphony No. 7 in C Major, Op. 105",1968,b5540681352e06ac
6h6xnmJRTg3wgVSPD7FoB0,Truman,0,False,The Sweet Enoughs,Marshmallow,2020-05-01,b5540681352e06ac
75kfP0Pf6rJHRcFYeaJIx4,In Mind,0,False,The Sweet Enoughs,Marshmallow,2020-05-01,b5540681352e06ac
0wnDXcJ0X5F0ZoBCKQvEuq,Mysterious River Snake,0,False,The Sweet Enoughs,Marshmallow,2020-05-01,b5540681352e06ac
7ArreMVbnZSSjuXh70gN01,Lena's Song,0,False,The Sweet Enoughs,Marshmallow,2020-05-01,b5540681352e06ac
7kWxcXHlrgZ9BGjuuvkUTi,"Trio for Oboe, Horn & Klavier, Op. 61: 1. Allegretto",2,False,Heinrich von Herzogenberg,Song Of The Reeds,2012-01-01,b5540681352e06ac
3GIjRVIPTfBkfdDPO30I10,"Trio for Horn, Clarinet, & Piano in B-Flat Major, Op. 274: I. Allegro",1,False,Luc Van Marcke,Reinecke Chamber Music with Horn,2017-03-01,b5540681352e06ac
1bL5ra0Fkonlaa8fFkNybu,Cabin Days,0,False,The Sweet Enoughs,Marshmallow,2020-05-01,b5540681352e06ac
5C7KoPmhgkfyqSkZCMsntF,Wind Quintet: I. Allegro ma non troppo,0,False,Otto Mortensen,Danish Wind Quintets,2000-05-11,b5540681352e06ac
1SU4TOgDiQRnGeyp1Gc0Wu,"Trio for Horn, Oboe & Piano in A Minor, Op 188: II. Scherzo (Molto vivace)",0,False,Luc Van Marcke,Reinecke Chamber Music with Horn,2017-03-01,b5540681352e06ac
0J9yIH0Fm2IZvhsMPP4d4N,Atari,36,False,Hiatus Kaiyote,Choose Your Weapon,2015-05-01,b5540681352e06ac
2nZKShIb4aex7YWX0HLzEn,Borderline with My Atoms,37,False,Hiatus Kaiyote,Choose Your Weapon,2015-05-01,b5540681352e06ac
7wlcweEsneQgizqNOrUqJE,Shaolin Monk Motherfunk,40,False,Hiatus Kaiyote,Choose Your Weapon,2015-05-01,b5540681352e06ac
61OMeme3atDikStS4QxGIE,"Irgendwie, Irgendwo, Irgendwann - Special 12"" Dance Mix",0,False,Nena,Feuer und Flamme,1985-06-24,b5540681352e06ac
5yyWkqPnm6pXSLmKXbW6dB,"Violin Concerto In D Major, Op. 35, TH.59: I. Allegro moderato",42,False,Pyotr Ilyich Tchaikovsky,Higdon / Tchaikovsky: Violin Concertos,2010-01-01,b5540681352e06ac
0dG86McKfCtHI0V23pyYEy,Overture: A Partial History Of Black Music,12,False,Mervyn Warren,Handel's Messiah: A Soulful Celebration,1992-09-29,b5540681352e06ac
47VFticYkP3UYOroGPjjD6,#3 (Rhubarb),30,False,Brendan Eder Ensemble,#3 (Rhubarb),2022-11-04,b5540681352e06ac
3qtKG3CgbZrmMrmPjNk1N6,Sinú,30,False,Nodes,Pantano Lontano,2020-09-11,b5540681352e06ac
5JcS8wRIwyCoc7Sky9UDKm,Siegerehrung / Abschied von der Zukunft,11,False,Kosmischer Läufer,"The Secret Cosmic Music of the East German Olympic Program 1972-83, Vol. 3",2015-11-30,b5540681352e06ac
40VHrQeS00gz6vcGPoJuBA,Alaskan Dream,36,False,Fernanda Ulibarri,Alaskan Dream,2022-12-21,b5540681352e06ac
4W4wYHtsrgDiivRASVOINL,Love Shack,71,False,The B-52's,Cosmic Thing,1989-06-23,b5540681352e06ac
1HJzNZPzeguNTzaLz9KchK,Untitled #3,0,False,Bruce Haack,Preservation Tapes,2018-09-07,b5540681352e06ac
2tUBqZG2AbRi7Q0BIrVrEj,I Wanna Dance with Somebody (Who Loves Me),82,False,Whitney Houston,Whitney,1987-06-02,b5540681352e06ac
0Z9UkcT1pnrmLciUJPcMMS,Gold - 2003 Remaster,68,False,Spandau Ballet,True (Special Edition),1983-02-25,b5540681352e06ac
4gvea7UlDkAvsJBPZAd4oB,The Boys Of Summer,10,False,Don Henley,Building The Perfect Beast,1984-11-19,b5540681352e06ac
2Di0qFNb7ATroCGB3q0Ka7,West End Girls - 2018 Remaster,74,False,Pet Shop Boys,Please: Further Listening 1984 - 1986 (2018 Remaster),1986-03-24,b5540681352e06ac
7BLsRo8YBuFADJCLLOeq2F,Not My Baby,37,False,Alvvays,Antisocialites,2017-09-08,b5540681352e06ac
4mrMneeP6gYjDezM4tyxMD,Best Worst Year,47,False,STRABE,Best Worst Year,2019-07-27,b5540681352e06ac
6wpGqhRvJGNNXwWlPmkMyO,I Still Haven't Found What I'm Looking For,78,False,U2,The Joshua Tree (Super Deluxe),1987-03-03,b5540681352e06ac
6Nd6ntkzr4t8o1FKPGOSMt,Here I Go Again - 2018 Remaster,70,False,Whitesnake,Whitesnake (2018 Remaster),1987,b5540681352e06ac
5Fpbw9DCdROeT1JtJWi7lR,I've Never Been In Love Before - Vocal Version,50,False,Chet Baker,Chet Baker Sings,1956,b5540681352e06ac
6akL58jOFRUs3DdoF1tUP0,My Ideal,50,False,Chet Baker,Chet Baker Sings,1956,b5540681352e06ac
44aTAUBF0g6sMkMNE8I5kd,Every Little Thing She Does Is Magic,76,False,The Police,Ghost In The Machine (Remastered 2003),1981-10-02,b5540681352e06ac
7AOA3k3141Pw3Z0mvpuXRj,The Running Water,17,False,Cybe,Tropisch Verlangen,2017,b5540681352e06ac
1OOtq8tRnDM8kG2gqUPjAj,Beat It,75,False,Michael Jackson,Thriller 25 Super Deluxe Edition,2008-02-08,b5540681352e06ac
1JsnzAAvnhzgqQwi7ReRZT,Für Seelenbinder,16,False,Kosmischer Läufer,"The Secret Cosmic Music of the East German Olympic Program 1972-83, Vol. 3",2015-11-30,b5540681352e06ac
4ShVovnLIlObG43vwaCRkJ,Basketball Shoes,51,False,"Black Country, New Road",Ants From Up There,2022-02-04,b5540681352e06ac
3rgPxzkWK65kjWtP8pkRGL,La Cucaracha,56,False,The Mariachis,Mexican Fiesta,2017-05-05,b5540681352e06ac
4mSSBF3JYiNO1JX8giao1d,Live Ambient 1,0,False,Moby,"Live Ambient Improvised Recordings, Vol. 1",2020-12-24,b5540681352e06ac
746CCMLis8SK64lLVXMF1d,People Say,44,False,The Meters,Rejuvenation,1974,b5540681352e06ac
66TSoVnJ1P9Tyok03zUlTr,What Is Hip?,51,False,Tower Of Power,Tower Of Power,1973-05-01,b5540681352e06ac
480wq2eZRYUje04YYElZVG,Sauna,0,False,Vulfpeck,Sauna,2022-11-25,b5540681352e06ac
7H6JZas9n5Lc3UkwWyXZoe,Flius,14,False,Yoshio Ojima,Une Collection Des Chainons I,2019-02-13,b5540681352e06ac
39CyGKIFqMzSuynOR8uilD,Baltimore,62,False,Nina Simone,Baltimore,1978,b5540681352e06ac
3A6tEuBqrZGmFXZrYEGx00,Nutrition - Single Edit,23,False,Tenka,Nutrition,2022-08-04,b5540681352e06ac
6ColTI1oFLFAqAJh7Seeuc,Christmas Festival Medley,0,False,Leroy Anderson,"Anderson, L.: Orchestral Music, Vol. 4 - Irish Suite / Scottish Suite / Alma Mater / A Christmas Festival",2008-09-30,b5540681352e06ac
3ZlaqsXQlyZEMAyUNitvQw,Wind Quintet: I. Allegro,0,False,Grażyna Bacewicz,Wind Quintets - Inkrustacje (World Premiere Recording),2017-08-10,b5540681352e06ac
4bBIADw4urJPkcx0YOfEIo,I Have Dreamed,35,False,Christian McBride Trio,Out Here,2013-08-06,b5540681352e06ac
1FlxqJmoZWS2q1uRlyZVur,"Main Title ""Somewhere in My Memory"" (From ""Home Alone"" Soundtrack)",52,False,John Williams,Home Alone (Original Motion Picture Soundtrack),1990,b5540681352e06ac
0OGJM0sXskAM6tZr9JwAhf,"Sibelius: Symphony No. 5 in E-Flat Major, Op. 82: III. Allegro molto",25,False,Jean Sibelius,Sibelius : Symphony No.5,2001-09-01,b5540681352e06ac
2VrJMuLt2m9HbifGrKWHqk,New Born,59,False,Muse,Origin of Symmetry,2001,b5540681352e06ac
78WANNBMEK80nVGTWFGXyg,Saku,0,False,Susumu Yokota,Sakura,1999-07-21,b5540681352e06ac
2BQplCyfCnTV5RvDYBz9UB,Sometimes He's In My Dreams,42,False,Mary Lattimore,Silver Ladders,2020-10-09,b5540681352e06ac
3yw4z7qsxXc5128jcL3iC3,Ikiru,2,False,Thoma,Ikiru,2021-10-08,b5540681352e06ac
4HXShgD3c3dq65CtAqoqzh,マホロボシヤ,36,False,Ichiko Aoba,マホロボシヤ,2016-10-19,b5540681352e06ac
0rrzl2wTpwlNBAnVkYfhQE,Following The River,30,False,Vic Mars,Inner Roads and Outer Paths,2019-10-04,b5540681352e06ac
2jLnnjX5L6YwtbShPiz2ws,Prologue,0,False,Ichiko Aoba,Windswept Adan,2020-12-02,b5540681352e06ac
03fJjiNTn1gyzbqHl1Hskt,Dawn in the Adan,0,False,Ichiko Aoba,Windswept Adan,2020-12-02,b5540681352e06ac
15Ulu5nGXTW4DQ79pT0YhC,Porcelain,0,False,Ichiko Aoba,Windswept Adan,2020-12-02,b5540681352e06ac
2StEq5J2bCq5JiwCKbansz,Sister,39,False,TSHA,Sister,2020-08-18,b5540681352e06ac
0BaMCfGFqKWdy1twJsYueE,Redder Than The Moon,0,False,John Looke,SVMMER SVN vol. 6,2018-08-11,b5540681352e06ac
4o4yrxkFcqpZNsgcMyz8tc,Ybbs,12,False,Roedelius,Einfluss,2017-06-23,b5540681352e06ac
1WGvKEkU8c3uvqmZpUt5ZL,Space 1,0,False,Nala Sinephro,Space 1.8,2021-09-03,b5540681352e06ac
1DsfPX9nfbWOTsRm8l4xtP,A Single Heron Takes Flight,0,False,Ki Oni,A Single Heron Takes Flight,2021-03-31,b5540681352e06ac
5JPlGsRGCUyFvWzAE0n7Ch,Le château de corail,37,False,Domenique Dumont,Comme ça,2015-06-22,b5540681352e06ac
5Rvvv94WBHJ7xBTv4wDqzV,Atlantic Diva,32,False,Malibu,Atlantic Diva,2022-11-16,b5540681352e06ac
1i7U0mv1bCD6uzXHfOjAQx,Flutters,21,False,Mountain Echoes,Mountain Echoes,2019-08-23,b5540681352e06ac
3jLcwFns5S9OYQojN8XAkJ,"Symphony No. 9 in E Minor, Op. 95 ""From the New World"": II. Largo - Live",40,False,Antonín Dvořák,"Dvořák: Symphony No. 9 ""From the New World"" (Live)",2000-01-01,b5540681352e06ac
4pwNxKW2ivTmVU9QIKYkjR,"Symphony No. 9 in E Minor, Op. 95 ""From the New World"": I. Adagio - Allegro molto - Live",17,False,Antonín Dvořák,"Dvořák: Symphony No. 9 ""From the New World"" (Live)",2000-01-01,b5540681352e06ac
5F0m3LwbRsMJJl1PUtp202,"Symphony No. 9 in E Minor, Op. 95 ""From the New World"": IV. Allegro con fuoco - Live",14,False,Antonín Dvořák,"Dvořák: Symphony No. 9 ""From the New World"" (Live)",2000-01-01,b5540681352e06ac
15DKVRxHhKqRmIE2L6G82h,ティアーズ・オブ・ザ・スター,51,False,CASIOPEA,CASIOPEA,1979,b5540681352e06ac
6fXhQUXadsGJU4FCiVUqJD,"Symphony No. 1 in D Major: III. Feierlich und gemessen, ohne zu schleppen - Live",34,False,Gustav Mahler,Mahler: Symphony No.1,1991-01-01,b5540681352e06ac
6XVc8PNCLS67PN0fVjQsQx,"Bruch: Violin Concerto No. 1 in G Minor, Op. 26: I. Prelude. Allegro moderato",42,False,Max Bruch,"Bruch: Violin Concerto No. 1, Op. 26",1993-12-01,b5540681352e06ac
5as0fkRjD18Bwsx5meTQv3,"Symphony No. 9 in E Minor, Op. 95 ""From the New World"": III. Scherzo. Molto vivace - Live",12,False,Antonín Dvořák,"Dvořák: Symphony No. 9 ""From the New World"" (Live)",2000-01-01,b5540681352e06ac
4oBHXN2elAXMAoFPAejMt4,Rios Negroes,25,False,Lester Bowie,The Great Pretender,1982-02-01,b5540681352e06ac
2kHsFZZipGAI168yh21B0p,Syeeda's Song Flute - Mono,34,False,John Coltrane,Giant Steps (Mono),1960,b5540681352e06ac
4wq7y8LXpdggPxEwD4ytDd,Tipsy,18,False,Benny Bailey,Big Brass,2013-02-15,b5540681352e06ac
4Fn60Q7QC0lKAC0jWmyP5R,Ande - Digitally Remastered,14,False,Louis Smith,Here Comes Louis Smith,1996-01-01,b5540681352e06ac
7sCl2yfvZHChasvpuZ4muh,Autumn Leaves,27,False,Wynton Marsalis,Marsalis Standard Time - Volume I,1987-07-07,b5540681352e06ac
6oUSLN34FhyBFIRjCqhOj5,Trilemma,0,False,Joshua Woolf,Trilemma,2022-01-21,b5540681352e06ac
2JOEPbuwVf0nafGnMSVEhH,My Favorite Things,54,False,John Coltrane,My Favorite Things (Deluxe Edition),1961,b5540681352e06ac
1oDycFrdnIxA2RseuuOVRs,Dead End Angels,28,False,Bohren & Der Club Of Gore,Sunset Mission,2016,b5540681352e06ac
3aBIGzDlzBpYj9dPPBn9yj,Prowler,45,False,Bohren & Der Club Of Gore,Sunset Mission,2016,b5540681352e06ac
5SWowGu0cWOkavrMXq14Vb,"Wind Octet in E-Flat Major, Op. 103: I. Allegro",1,False,Ludwig van Beethoven,"Beethoven: Octet, Op. 103; March in B flat, WoO 29; Rondino in E flat, WoO 25; Sextet, Op. 71; Quintet, Hess 19 (Netherlands Wind Ensemble: Complete Philips Recordings, Vol. 10)",1976,b5540681352e06ac
3gPmrdEmHgAkhFom9svKHj,"Sextet for 2 Clarinets, 2 Bassoons and 2 Horns in E flat, Op. 71: 4. Rondo (Allegro)",0,False,Ludwig van Beethoven,"Beethoven: Sextet, Op.71; Octet, Op.103; Quintet, H19",1986-01-01,b5540681352e06ac
3VaKMD9TeMk3UC97m5pEvx,"Piano Concerto No. 5 in E-Flat Major, Op. 73 ""Emperor"": II. Adagio un poco mosso",34,False,Ludwig van Beethoven,The Beethoven Journey: The Complete Piano Concertos,2012,b5540681352e06ac
67F9o4pmEbG1HSA5A4Gysq,Midnight Walker,34,False,Bohren & Der Club Of Gore,Sunset Mission,2016,b5540681352e06ac
1JiGeV5k67ZK6gKoMraF0w,On Demon Wings,33,False,Bohren & Der Club Of Gore,Sunset Mission,2016,b5540681352e06ac
18HSJETWrwUXXPQw5JZKfG,"Wind Octet in E-Flat Major, Op. 103: II. Andante",0,False,Ludwig van Beethoven,"Beethoven: Octet, Op. 103; March in B flat, WoO 29; Rondino in E flat, WoO 25; Sextet, Op. 71; Quintet, Hess 19 (Netherlands Wind Ensemble: Complete Philips Recordings, Vol. 10)",1976,b5540681352e06ac
2OcLJRW0pTyYAxT43N5ccm,"It's Not Just Me, It's Everybody",0,False,Weyes Blood,"It's Not Just Me, It's Everybody",2022-09-12,b5540681352e06ac
33ApfIRi2oHlFFGhK5ItFC,Minding My Business,0,False,High John,Minding My Business,2022-09-01,b5540681352e06ac
5rrMfW2sh52oy02sWLPZVM,GawtDamn,25,False,Cory Henry,Something to Say,2020-10-30,b5540681352e06ac
7Jh1bpe76CNTCgdgAdBw4Z,Heroes - 2017 Remaster,75,False,David Bowie,"""Heroes"" (2017 Remaster)",1977,b5540681352e06ac
3yrSvpt2l1xhsV9Em88Pul,Brown Eyed Girl,64,False,Van Morrison,Blowin' Your Mind!,1967-09,b5540681352e06ac
3LS3g3pgYm9sviiCjRHE1I,"Octet in E flat, Op. 103: 2. Andante",0,False,Ludwig van Beethoven,"Beethoven: Sextet, Op.71; Octet, Op.103; Quintet, H19",1986-01-01,b5540681352e06ac
51NvtuWxkDXHqtfWhQRjnH,Black City Skyline,37,False,Bohren & Der Club Of Gore,Sunset Mission,2016,b5540681352e06ac
1lGYokAoahIBpsxepimBKZ,Darkstalker,29,False,Bohren & Der Club Of Gore,Sunset Mission,2016,b5540681352e06ac
4uy2mKubDYG0JElVjdMwmL,エクスペクテイション,29,False,峰厚介,ダグリ,2017-10-25,b5540681352e06ac
2gK0pgL5CwCxOvP0Ks9gGz,"Symphony No. 9 in D Minor, Op. 125 ""Choral"": II. Scherzo. Molto vivace – Presto",48,False,Ludwig van Beethoven,Beethoven: Symphony No.9,1984-01-01,b5540681352e06ac
4QxLPz1qc5c10PRVOCKETf,PERPETUAL (MOVEMENT),20,False,Jun Fukamachi,クオーク,1980-03-21,b5540681352e06ac
0gCIYUMd7pf4jMgBrbSRsC,QUARK,26,False,Jun Fukamachi,クオーク,1980-03-21,b5540681352e06ac
7iOTBeLm5qR9N23fjQy8Kl,Sandu,44,False,Clifford Brown,Study In Brown,1955-01-01,b5540681352e06ac
0LCh0ttNajdlrfpzMSj45M,"Septet in E Flat Major, Op. 20: 1. Adagio - Allegro con brio",12,False,Ludwig van Beethoven,Beethoven: Septet in E flat/Sextet in E flat,1989-01-01,b5540681352e06ac
01gDLZsi0j5fWC28FLPNO8,Move on Up - Extended Version,57,False,Curtis Mayfield,Curtis (Expanded Edition),1970,b5540681352e06ac
3ASbn4OVbcg1tnSjmdyREe,Broad Way Blues,28,False,Ornette Coleman,New York Is Now!,1968,b5540681352e06ac
4b7k4nNURGCRKlZqHXQV5g,Mouth of Styx,35,False,Darren Korb,Hades: Original Soundtrack,2020-09-16,b5540681352e06ac
69s5SmUf6338a0w4J8c8GC,The King and the Bull,35,False,Darren Korb,Hades: Original Soundtrack,2020-09-16,b5540681352e06ac
34tNbF88aJ0ahgLtWliITf,Roots,23,False,Ian Carr,Roots,1973-01-01,b5540681352e06ac
3WRzV7wEJ9HfJJI51OzcA3,Friend Like Me,43,False,James Monroe Iglehart,Aladdin Original Broadway Cast Recording,2014-01-01,b5540681352e06ac
1fVryAu9K9AbXmHSJxxMD7,"Septet in E Flat Major, Op. 20: 2. Adagio cantabile",10,False,Ludwig van Beethoven,Beethoven: Septet in E flat/Sextet in E flat,1989-01-01,b5540681352e06ac
7kdPpPFzjLo8piKWbuQ0e4,I Fall in Love Too Easily,38,False,Brad Mehldau,"The Art of the Trio, Vol. 1",1997-01-28,b5540681352e06ac
5mriKpqPXlHZPos6tl80DW,The Deep (Hylotl Theme),18,False,Curtis Schweitzer,Starbound Orchestral (Original Soundtrack),2016-07-22,b5540681352e06ac
7MiLmLbwNoyf47xQ4TCVYp,Papa Was A Rollin' Stone - Single Version,65,False,The Temptations,"20th Century Masters: The Millennium Collection: Best Of The Temptations, Vol. 2 - The '70s, '80s, '90s",2000-01-11,b5540681352e06ac
0uORzV0CXSP2z4dglAX3Pa,Venus,13,False,Isao Tomita,The Planets (Ultimate Edition),2011-06-01,b5540681352e06ac
6XpA6R9pRVgZcjarViwOm0,The Painful Way,43,False,Darren Korb,Hades: Original Soundtrack,2020-09-16,b5540681352e06ac
1f2hIPiAT870zgTAr7o1Jp,Let 'Em Roll,33,False,Big John Patton,Let 'Em Roll,1993-01-01,b5540681352e06ac
0gYVHFAlcb42DZ5cQQh4nj,Blues For Philly Joe - Remastered,26,False,Sonny Rollins,Newk's Time,2004-01-01,b5540681352e06ac
3x4T87HrpN0EL6RT9i66cl,Badeep,18,False,GoGo Penguin,Between Two Waves,2022-07-01,b5540681352e06ac
55hyRqaAASnPhQEHK8ts9a,One For 'Grew (For Mulgrew Miller),34,False,Robert Glasper,In My Element,2007-01-01,b5540681352e06ac
2seZ8ZHnD5RQBkhT8RsBZu,Ballad Of The Sad Young Men,26,False,Charles Lloyd,Vanished Gardens,2018-06-29,b5540681352e06ac
62bRXqgX8cImB9GzSNEVgC,The City Is Crying,21,False,The Dave Brubeck Quartet,Jazz Impressions Of Japan,1964-03-28,b5540681352e06ac
5GEG7Nyr60RsSAA4OIB2Rj,ラヴ・フォー・セール (Live at Vidro'77),23,False,Ryo Fukui,ライブ・アット・びーどろ'77,2021-04-14,b5540681352e06ac
3BZuH9q3NNvu7hKeXUszSo,"Symphony No. 4 in A Major, Op. 90, MWV N16 ""Italian"": I. Allegro vivace - 1984 Recording",31,False,Felix Mendelssohn,Mendelssohn: Italian Symphony,2009-01-01,b5540681352e06ac
5JKZuI1Sz0KzwNlmEoN4Gj,Osaka Blues,19,False,The Dave Brubeck Quartet,Jazz Impressions Of Japan,1964-03-28,b5540681352e06ac
3PsTwVI3Aa97gGPiK46zxV,"Symphony No. 6 in F Major, Op. 68 ""Pastoral"": II. Szene am Bach (Andante molto mosso)",2,False,Ludwig van Beethoven,"Beethoven: Symphony No. 6 ""Pastoral"", Egmont Overture",2005-01-01,b5540681352e06ac
6lqjql29ioNhXvT8450spA,"Beethoven: Violin Concerto in D Major, Op. 61: II. Larghetto (Cadenza by Kreisler)",0,False,Ludwig van Beethoven,Beethoven: Violin Concerto & Romances,2022-05-13,b5540681352e06ac
2EwYNX8OO4soVqAeMZgDEh,"Symphony No. 6 in F Major, Op. 68 ""Pastoral"": I. Erwahen heiterer Gerfühle bei der Ankunft auf den Lande (Allegro ma non troppo)",2,False,Ludwig van Beethoven,"Beethoven: Symphony No. 6 ""Pastoral"", Egmont Overture",2005-01-01,b5540681352e06ac
6QOP2xEV0DKg3vIgTbNlwa,"Symphony No. 6 in F Major, Op. 68 ""Pastoral"": V. Hirtengesang. Frohe, dankbare Gefühle nach dem Sturm (Allegretto)",1,False,Ludwig van Beethoven,"Beethoven: Symphony No. 6 ""Pastoral"", Egmont Overture",2005-01-01,b5540681352e06ac
60dWKahUyEfdEVKCRggEhC,Cantaloupe Woman,32,False,Grant Green,Visions,1971-05-21,b5540681352e06ac
0TQgxqCM1V2uOiTCWVNsZA,Decay,6,False,Felbm,Elements of Nature,2021-11-05,b5540681352e06ac
2vgUijXOTRMnWXDtvgMp2b,Take My Breath,71,False,The Weeknd,Dawn FM,2022-01-06,b5540681352e06ac
61bXCBwNHGaGi2L1rmfKnm,Nutcracker Suite (Arr. Ellington & Strayhorn): Peanut Brittle Brigade (March),8,False,Pyotr Ilyich Tchaikovsky,"Tchaikovsky & Ellington: The Nutcracker Suites, Classical & Jazz",2013-10-08,b5540681352e06ac
5xRP5iyVdGglqlY4Vcjhkx,Sinnerman,62,False,Nina Simone,Pastel Blues,1965-10-01,b5540681352e06ac
6jS5Vu7QmIOQ0xrTYIN734,"Symphony No. 8 in F Major, Op. 93: I. Allegro vivace e con brio",24,False,Ludwig van Beethoven,Beethoven: Symphony No. 8,2014-04-01,b5540681352e06ac
2pEy5nN4WlfYouZsnaN0Zd,Callaloo: II. Mento,0,False,Stewart Goodyear,Stewart Goodyear: Callaloo & Piano Sonata - Gershwin: Rhapsody in Blue,2019-06-07,b5540681352e06ac
4mAijd2Rfu4WIH0qwpDTpD,Song for Hope,0,False,Aki Takase,Song for Hope,1982-02-12,b5540681352e06ac
4jmxP7vCmm5zmN7GIKar83,Nutcracker Suite (Arr. Ellington & Strayhorn): Danse of the Floreadores (Waltz of the Flowers),3,False,Pyotr Ilyich Tchaikovsky,"Tchaikovsky & Ellington: The Nutcracker Suites, Classical & Jazz",2013-10-08,b5540681352e06ac
3vFj4xuQTXHOuo6L0qGafv,Gone,44,True,The Weeknd,Trilogy,2012-11-13,b5540681352e06ac
0Bl8QaCWSG8ESCCC2R5nhM,Herr und Knecht,13,False,Brad Mehldau,Jacob's Ladder,2022-03-18,b5540681352e06ac
3Zt4BYHTke6azbdbrIYfzf,"Symphony No. 8 in F Major, Op. 93: II. Allegretto scherzando",23,False,Ludwig van Beethoven,Beethoven: Symphony No. 8,2014-04-01,b5540681352e06ac
4Fx0n3Y36O875SrDW9c279,Death Throes of the Terrorsquid,28,False,Alestorm,Back Through Time,2011,b5540681352e06ac
7oc52SJ4DYeQWu8gv9j6M4,Monologue,0,False,Aki Takase,Song for Hope,1982-02-12,b5540681352e06ac
3KyKxJ4P3pVCgaZwaq2rUC,Gasoline,68,False,The Weeknd,Dawn FM,2022-01-06,b5540681352e06ac
1vRHugondOkbauIAi7outr,"Symphony No. 8 in F Major, Op. 93: IV. Allegro vivace",20,False,Ludwig van Beethoven,Beethoven: Symphony No. 8,2014-04-01,b5540681352e06ac
5NdR9K6SgpSfHNzYhXV5q2,Nutcracker Suite (Arr. Ellington & Strayhorn): Overture,23,False,Pyotr Ilyich Tchaikovsky,"Tchaikovsky & Ellington: The Nutcracker Suites, Classical & Jazz",2013-10-08,b5540681352e06ac
7ooheiWgbyNtGOBTPbjNoq,I Want Your Love - 2018 Remaster,60,False,CHIC,C'est Chic (2018 Remaster),1978-08-11,b5540681352e06ac
46X8c9qJzpBLYcos3OX0CE,The Zone,54,True,The Weeknd,Trilogy,2012-11-13,b5540681352e06ac
1zVE9JBBy8j0KmlbM8Xwhi,Freedom,45,False,Rage Against The Machine,Rage Against The Machine,1992-11-03,b5540681352e06ac
00D1OTDa5XtMGobHJjKYBb,(Entr’acte) Glam Perfume,15,False,Brad Mehldau,Jacob's Ladder,2022-03-18,b5540681352e06ac
237YZd41xs9GglibyQxVrx,Galatea's Guitar - Remastered,28,False,Gábor Szabó,Dreams,1968-05-10,b5540681352e06ac
3CCf4QWbFngXoIO1cLTj1L,The Ghost of Tom Joad,51,False,Rage Against The Machine,Renegades,2000-12-05,b5540681352e06ac
5Wj1rJnCLpMHdLaxsFtJLs,Bennie And The Jets - Remastered 2014,75,False,Elton John,Goodbye Yellow Brick Road (Remastered),1973-10-05,b5540681352e06ac
5NjFzsf645qXweSSqFYUoX,"Symphony No. 8 in F Major, Op. 93: III. Tempo di Menuetto",19,False,Ludwig van Beethoven,Beethoven: Symphony No. 8,2014-04-01,b5540681352e06ac
3Dyp0CuvWabBkbZKZZSTAz,Hollywood,0,False,Thornhill,Hollywood,2022-03-09,b5540681352e06ac
6bzwsAtj4TqaBysLDrGiO3,I.G.Y.,57,False,Donald Fagen,The Nightfly,1982-10-29,b5540681352e06ac
6OFvrxUnXyMe5KcOpuGfr1,Return To Forever,34,False,Chick Corea,Return To Forever,1972-07-01,b5540681352e06ac
3igAHklZGiKqq5cKjrs4Cf,Resavoir,19,False,Resavoir,Resavoir,2019-06-28,b5540681352e06ac
7ApshVdWnSUX9b7RunrSKP,Lune de fiel,21,False,M83,DSVII,2019-09-20,b5540681352e06ac
0w1w9pACIybChAMYJUppj7,Dancing Mountains,15,False,M83,"Digital Shades, Vol. 1",2007-09-03,b5540681352e06ac
7mHPfDbZQI2gJJey7P8myC,"Oh Yes You're There, Everyday",16,False,M83,DSVII,2019-09-20,b5540681352e06ac
3hYrZ2LYCHAcSj63WgJTBe,Colonies,24,False,M83,DSVII,2019-09-20,b5540681352e06ac
6FD8yrgDDBREhkhOHs3OBD,Broken,0,False,Robohands,Green,2018-05-23,b5540681352e06ac
296RXVr9zizYdvXlibRsOT,Impressions in A Minor,18,False,Brian Green,Impressions For Headphones,2019-06-19,b5540681352e06ac
7hU22gIgAdSqZwbDTIUYlR,"Short Tales of the Black Forest - Live at Warfield Theatre, San Francisco, CA - December 5, 1980",33,False,Al Di Meola,Friday Night in San Francisco,1981,b5540681352e06ac
2CpIeQb1INSPsnViyblwtn,The Highest Journey,29,False,M83,"Digital Shades, Vol. 1",2007-09-03,b5540681352e06ac
2qAE2RRSX5KwW7LiOqO7AT,Feelings,26,False,M83,DSVII,2019-09-20,b5540681352e06ac
2F1qgBBVlP6WkUiEDSzGjE,My Own Strange Path,30,False,M83,"Digital Shades, Vol. 1",2007-09-03,b5540681352e06ac
45CL9J8wcChUqC83fJHLTb,The Tavern,13,False,Ambient Realms,"Massive Ambient Music, Vol. 2",2015-02-23,b5540681352e06ac
4C74ZzoEWwPbrIn25kotGa,A Bit of Sweetness,22,False,M83,DSVII,2019-09-20,b5540681352e06ac
7esZ6sXaZaIFDduJdZoDEn,Impressions in G Sharp Minor,19,False,Brian Green,Impressions For Headphones,2019-06-19,b5540681352e06ac
1zjtuyBW3MNCbeox5b3QOh,Temple of Sorrow,23,False,M83,DSVII,2019-09-20,b5540681352e06ac
6Cg63kL4yLAawT6HGrJlPO,Coloring the Void,32,False,M83,"Digital Shades, Vol. 1",2007-09-03,b5540681352e06ac
5KHvxqjkQviTfkTwBQrnPC,By Now,14,True,Moonchild,Starfruit,2022-02-11,b5540681352e06ac
0vvKR21GvJYwwsVuEKk8Z9,What You Wanted,20,False,Moonchild,Starfruit,2022-02-11,b5540681352e06ac
3i8FCdTvXqKhb4Nf7JTz5L,Little Things,21,False,Moonchild,Starfruit,2022-02-11,b5540681352e06ac
7AuOZKaPvIJqCYrT3wlHOA,Aspirations - Instrumental Outtake,19,False,Gentle Giant,The Power and the Glory (Mixed by Steven Wilson),2014-07-18,b5540681352e06ac
49iQkjdNFqyZ9hxWg5MF5r,Love I Need,17,False,Moonchild,Starfruit,2022-02-11,b5540681352e06ac
12XOMISfIfE4O4pkX7ljyn,Don't Hurry Home,13,True,Moonchild,Starfruit,2022-02-11,b5540681352e06ac
7zCC8WCoGyxiBiPH9amkvS,Crumbling Together,30,False,Mid-Air Thief,Crumbling,2018-07-31,b5540681352e06ac
32dnKMni3I3gwUbWp4mi45,"Shine On You Crazy Diamond, Pts. 1-5 - 2011 Remaster",3,False,Pink Floyd,Wish You Were Here (Remastered Version),1975-09-12,b5540681352e06ac
7AvJrRBbe7U4eis5ifjf78,Last Time,21,False,Moonchild,Starfruit,2022-02-11,b5540681352e06ac
7DJgonAUzq9qXzF7mMrOot,Conversion,47,False,Khruangbin,Texas Sun,2020-02-07,b5540681352e06ac
0K65hN5sTkmWC0oF0yWHDR,Hasta El Cielo,0,False,Khruangbin,Hasta El Cielo,2019-07-12,b5540681352e06ac
2uDjMeybKtVTN91VGbi1aE,Ekstase,0,False,Harald Lassen,Eventyrer,2018-09-14,b5540681352e06ac
2tBxmeOSizLwlJpHLFiSSF,Four of Five,0,False,Khruangbin,Hasta El Cielo,2019-07-12,b5540681352e06ac
25MJko3i5URTRnhSJ3201U,Country Roads,19,False,Gary Burton,Like Minds,1998-01-01,b5540681352e06ac
0kC2pQf3a4Cdvs16KTbWCC,Question And Answer,35,False,Gary Burton,Like Minds,1998-01-01,b5540681352e06ac
5fBge6qhvBUQi9xYFP6Ncs,Middle of Eden,28,False,Maverick Sabre,Don't Forget to Look Up,2022-01-28,b5540681352e06ac
0a9FznyXe2Zrvoh3jFw5NU,Windows,22,False,Gary Burton,Like Minds,1998-01-01,b5540681352e06ac
1D4USrfNGdwpA66TmeVcp5,Berry Joy,1,False,Harald Lassen,Human Samling,2020-11-13,b5540681352e06ac
2ztlQEmKfh2pj4lsEyz7rj,Thinkwalk,1,False,Harald Lassen,Human Samling,2020-11-13,b5540681352e06ac
4nDW0N9mYtzWuCJLoEqrgU,Get By,20,False,Maverick Sabre,Don't Forget to Look Up,2022-01-28,b5540681352e06ac
6Xdd7X7d7U3NSvsPlmgpC6,It Might As Well Be Spring,1,False,Bill Evans Trio,Moon Beams,1962,b5540681352e06ac
43OqW9c6Ti4DEsoWdZh0w1,Polaris,0,False,Thomas Adès,Polaris,2012-08-27,b5540681352e06ac
5wPtuUsWfIyzOxAGXu9wUH,Agades - Désert,26,False,Kevin Seddiki,Cities II,2018-09-07,b5540681352e06ac
4V8kcH7FWPglharzzafFK5,The Fall of Nordic Heroes,5,False,Espen Bjarnar,The Fall of Nordic Heroes,2021-09-28,b5540681352e06ac
3ECDbuYGtNuuf3OEk2wiTS,Tintinnabulum,34,False,Karl Jenkins,Adiemus - Songs Of Sanctuary,1995,b5540681352e06ac
24ZK3Hdc9PR7ctfHqaHR9B,Wind Quintet: IV. Allegro vivace,0,False,Otto Mortensen,Danish Chamber Music,2017-09-30,b5540681352e06ac
1WvR7kFbBzUZz2BcjUQ7vY,Bamako - Chamber Music,10,False,Ballaké Sissoko,Cities II,2018-09-07,b5540681352e06ac
1DLPv85FPIxKlUS5f3kRsF,Sophie,10,False,Kenny Wheeler,Music For Large & Small Ensembles,1990-10-01,b5540681352e06ac
4tQ9lPYNK6nubCfvAPfjL2,Gentle Piece,12,False,Kenny Wheeler,Music For Large & Small Ensembles,1990-10-01,b5540681352e06ac
7zPrbNlSXaOKNf9yvmEu5X,"Venezia - Sì dolce è'l tormento, SV 332",19,False,Claudio Monteverdi,Cities II,2018-09-07,b5540681352e06ac
3feWI2hos2hZ5NHKNPG5gz,Southbound,9,False,Chris Potter,Southbound,2021-03-12,b5540681352e06ac
6l9EpY9s0JjoKuP8t93Csx,6 Bagatelles: III. Allegro grazioso,0,False,György Ligeti,Szervanszky / Orban / Ligeti / Kurtag: Wind Quintets,1994-05-31,b5540681352e06ac
6Nlck8RPCMrD3qy556cNAi,Fire Pipe,5,False,Niels Munk,Fire Pipe,2021-09-24,b5540681352e06ac
2MP3QpvCwfEg8kC3Ry5wuH,Six Bagatelles: I. Allegro con spirito - Live,0,False,György Ligeti,"Ligeti: Six Bagatelles, Kammerkonzert & Dix pièces pour quintette à vent (Live)",2016-09-23,b5540681352e06ac
5Jg6GK4r6a8F0DGtU3StXn,Emakhaya,0,False,Heshoo Beshoo Group,Armitage Road,2020-10-30,b5540681352e06ac
7r06RxNCEsPyynmGFX1QXR,See You Later,5,False,Benjamin Naud,Street Scene,2021-09-29,b5540681352e06ac
0Jc7cfNj1ppZfC2WzUJymn,Ships Come In (A Lullaby),0,False,Weedie Braimah,Ships Come In (A Lullaby),2021-06-18,b5540681352e06ac
5QE4O6BG1AvjVVGI4mztBJ,"Ravel: Miroirs, M. 43: III. Une barque sur l'océan",12,False,Maurice Ravel,"Ravel: Miroirs, Le Tombeau de Couperin",2019-01-18,b5540681352e06ac
6602qL5kk6LPDOLOfx1CTy,Rio de Janeiro - Bate-coxa,14,False,Marco Pereira,Cities II,2018-09-07,b5540681352e06ac
7ceZz0qPciS2RHS2a1x61F,Arrival of the new elders,13,False,Elephant9,Arrival of the New Elders,2021-02-19,b5540681352e06ac
3yuvGht0adwgbxTg3S3D1W,"Ravel: Le Tombeau de Couperin, M. 68: III. Forlane",13,False,Maurice Ravel,"Ravel: Miroirs, Le Tombeau de Couperin",2019-01-18,b5540681352e06ac
2fU8bwQtPJyAHuw6QpSjPN,Oni,22,False,Mammal Hands,Oni / Lantern,2021-05-14,b5540681352e06ac
5LPYWM3yyi5UpVYaI8AaMY,"Daphnis et Chloé, M. 57, Pt. 3: X. Lever du jour ""Daybreak""",30,False,Maurice Ravel,Ravel: Daphnis et Chloë,1995-01-01,b5540681352e06ac
0HzpdGTAtWrmAqClylZtGY,"The Sweet Time Suite, Part VII - Freddy C / Part VIII - Closing",11,False,Kenny Wheeler,Music For Large & Small Ensembles,1990-10-01,b5540681352e06ac
4527iuiNZlFyNHzmOIe5NK,Veluwe,0,False,Felbm,Tape 3,2020-09-11,b5540681352e06ac
5O40UfPcyMTvjAqQzN06nD,"Symphony No. 3 in D Minor, Zweite Abteilung: IV. Sehr langsam. Misterioso. Durchaus ppp",22,False,Gustav Mahler,Mahler: Symphony No. 3,2021-05-28,b5540681352e06ac
7GuP2hQO9oprADjY3gRhCT,Fly As Me,0,False,Bruno Mars,An Evening With Silk Sonic,2021-11-12,b5540681352e06ac
0LDiaSudHOYJ8e473mv5uY,Leave The Door Open,0,False,Bruno Mars,An Evening With Silk Sonic,2021-11-12,b5540681352e06ac
2HY219fp9sqrvEjgAMzSgu,"Symphony No. 3 in D Minor, Zweite Abteilung: III. Comodo. Scherzando. Ohne Hast",24,False,Gustav Mahler,Mahler: Symphony No. 3,2021-05-28,b5540681352e06ac
4bbJw6usZSqkcmnqjSIOWx,Put On A Smile,0,False,Bruno Mars,An Evening With Silk Sonic,2021-11-12,b5540681352e06ac
0crw01bqnefvDUDjsuKraD,After Last Night (with Thundercat & Bootsy Collins),0,False,Bruno Mars,An Evening With Silk Sonic,2021-11-12,b5540681352e06ac
6ZBiY6dXx2HcnXJIRNQqpl,Ball Pit,4,False,Mcbaise,TUBES,2021-06-11,b5540681352e06ac
0mfh5RdoeDV7DGLOMytUyc,Warm Data,22,False,Portico Quartet,Monument,2021-11-12,b5540681352e06ac
3ycYZQWN9roatbjyVgaiqg,Tannhäuser Overture,25,False,Richard Wagner,Wagner: Works for Orchestra,2011-11-01,b5540681352e06ac
7vvJZ3zoxS7nDUNFzCpmhL,Cobra,5,False,Mcbaise,TUBES,2021-06-11,b5540681352e06ac
5IFDc2u4uq7K3beyCRJK4f,Tartufai,0,False,Felbm,Tape 3,2020-09-11,b5540681352e06ac
5jxN9knH0vlfpN2Ft7a5xi,Broken Heart,36,False,Spiritualized,Ladies and gentlemen we are floating in space,1997-06-16,b5540681352e06ac
4fcgcUTElWL0Xpd9jlKA6f,When It Rains,0,False,Felbm,Tape 2,2018-10-26,b5540681352e06ac
4WnmTHCNN45jvQCrlbEWs0,Skate,0,False,Bruno Mars,An Evening With Silk Sonic,2021-11-12,b5540681352e06ac
6GY2n8p15bjFqSbjYBik3A,"Piano Concerto No. 23 in A Major, K. 488: I. Allegro",7,False,Wolfgang Amadeus Mozart,Mozart: Piano Concertos Nos. 22 & 23,1987-01-01,b5540681352e06ac
26Sy5Q3KlhTap2zVcAAVFc,"Piano Concerto No. 20 in D Minor, K. 466: I. Allegro - Live at Severance Hall, Cleveland, 2010",40,False,Wolfgang Amadeus Mozart,"Mozart: Piano Concertos No. 20 in D Minor, K. 466 & No. 27 in B-Flat Major, K. 595 (Live)",2010-01-01,b5540681352e06ac
68UjXc9lipF8Ik7f6wMjgV,"Piano Concerto No. 24 in C Minor, K. 491: I. Allegro - Live at Severance Hall, Cleveland, 2008",14,False,Wolfgang Amadeus Mozart,"Mozart: Piano Concertos Nos. 24 & 23 (Live in Cleveland, 2008)",2009-01-01,b5540681352e06ac
68IAm4ktXB1Uyl3osWOTzu,"Symphony No. 1 in G Minor, Op. 13, TH 24 ""Winter Daydreams"": I. Daydreams on a Winter Journey. Allegro tranquillo",0,False,Pyotr Ilyich Tchaikovsky,Tchaikovsky: Symphony No. 1 - Marche Slave,2012-01-03,b5540681352e06ac
16ifz9vVtc2ZTPOdcioyGS,"Piano Concerto No. 9 in E Flat Major 'Jeunehomme', K272: II. Andantino",15,False,Wolfgang Amadeus Mozart,Mozart: Piano Concertos Nos. 23 & 9 'Jeunehomme',2006-10-01,b5540681352e06ac
4jZkbdBCE6MBRPmij81ITP,"Symphony No. 1 in G Minor, Op. 13, TH 24 ""Winter Daydreams"": IV. Finale. Andante lugubre - Allegro maestoso",0,False,Pyotr Ilyich Tchaikovsky,Tchaikovsky: Symphony No. 1 - Marche Slave,2012-01-03,b5540681352e06ac
5PyJdVbrizfj1lFT5WdQFt,"Symphony No. 1 ""Winter Daydreams"": I. Allegro tranquillo",9,False,Pyotr Ilyich Tchaikovsky,Tchaikovsky: Symphonies Nos. 1-3,2012-10-09,b5540681352e06ac
6PkRfdmSvdy4W7H19AebB6,"Piano Concerto No. 22 in E Flat Major, K. 482: III. Finale. Allegro",18,False,Wolfgang Amadeus Mozart,Mozart: Piano Concertos Nos. 22 & 23,1987-01-01,b5540681352e06ac
0rNpm25xLsckCS9JPAgpwP,With U,46,False,SwuM,With U,2019-02-21,b5540681352e06ac
7KIFuDAobLPBEwAMv48LRJ,"Piano Concerto No. 9 in E Flat Major 'Jeunehomme', K272: I. Allegro",12,False,Wolfgang Amadeus Mozart,Mozart: Piano Concertos Nos. 23 & 9 'Jeunehomme',2006-10-01,b5540681352e06ac
4UoZigJdqn8y8jmMzuvmLd,U&ME,0,False,alt-J,U&ME,2021-09-22,b5540681352e06ac
4kKFPUVVVEjdeT4DJbwTqj,"Piano Concerto No. 9 in E Flat Major 'Jeunehomme', K272: III. Rondeau",8,False,Wolfgang Amadeus Mozart,Mozart: Piano Concertos Nos. 23 & 9 'Jeunehomme',2006-10-01,b5540681352e06ac
36XHUcG41Z63jY3QzHUE2J,The Serb,1,False,Girl & the Unicorn,The Serb,2021-09-03,b5540681352e06ac
7b9yi6HleT1lqI4xgkK4Hl,Acacia,3,False,Azido 88,Soulitude,2020-10-30,b5540681352e06ac
1OPjqkbD2W7sBNcZU5skdc,"Piano Concerto No. 20 in D Minor, K. 466: III. Rondo. Allegro assai - Live at Severance Hall, Cleveland, 2010",29,False,Wolfgang Amadeus Mozart,"Mozart: Piano Concertos No. 20 in D Minor, K. 466 & No. 27 in B-Flat Major, K. 595 (Live)",2010-01-01,b5540681352e06ac
28MxBQI5tlC3o7KWHCDyIA,"Piano Concerto No. 23 in A Major, K488: III. Allegro assai",16,False,Wolfgang Amadeus Mozart,Mozart: Piano Concertos Nos. 23 & 9 'Jeunehomme',2006-10-01,b5540681352e06ac
1fWn8iSmMNMIVonNX6dcVv,Bhairav - Dawn to Dusk,1,False,Kala Ramnath,Aavartan - A Musical Odyssey,2012-07-17,b5540681352e06ac
4Pyfm47MwAKVNyvlzFXnav,Interstellar,47,False,drkmnd,Interstellar,2019-01-14,b5540681352e06ac
6j2672ECdHVi0o3v0ups2e,"Piano Concerto No. 24 in C Minor, K. 491: II. Larghetto - Live at Severance Hall, Cleveland, 2008",14,False,Wolfgang Amadeus Mozart,"Mozart: Piano Concertos Nos. 24 & 23 (Live in Cleveland, 2008)",2009-01-01,b5540681352e06ac
3Wu6MhnZuLuzfH5wFC2g9i,Breezeblocks,0,False,alt-J,An Awesome Wave,2012-05-28,b5540681352e06ac
5pnRPRVNAnT90B3xR4mPKj,Ekuté,19,False,Pino Palladino,Ekuté,2021-02-19,b5540681352e06ac
7dhrGRXJ4BogbmTtFxfLFt,Tigrinya Lullaby,2,False,Omer Ashano,Tigrinya Lullaby,2020-09-02,b5540681352e06ac
4q4emoW3IX2eHhY3sVkudj,Bluesen,45,False,Svaneborg Kardyb,Haven,2020-10-23,b5540681352e06ac
6Brxuzlo6RZsWaomoA0h2a,The Yellow Nimbus - Live in Paris / 2018,7,False,Chick Corea,Plays,2020-09-11,b5540681352e06ac
216R8hUmYEycaE9UbyW0K0,Cherry Tree,5,False,Bear Garden,Cherry Tree,2020-10-30,b5540681352e06ac
60WIf1xtLRatdSX1UQPzlR,Erzeben Koma,0,False,Petter Eldh,Erzeben Koma,2021-03-05,b5540681352e06ac
0NeQld6yq8JNkH3HkPw7C5,"Piano Concerto No. 1 in C Major, Op. 15: I. Allegro con brio - Live at Berliner Philharmonie, Berlin / 2016",3,False,Ludwig van Beethoven,"Beethoven: Piano Concerto No. 1, Op. 15; 6 Piano Variations in F Major, Op. 34",2020-10-02,b5540681352e06ac
6IimSCKxKDiAUf3hhQipom,The Opener - Instrumental,8,False,Donny McCaslin,The Opener (Instrumental),2019-01-18,b5540681352e06ac
6ACma8EtL2Xtle0Jk49dXI,Radio Cure,2,False,The Bad Plus,For All I Care,2008-01-01,b5540681352e06ac
4Wics9qaNdLtzfZOwl2mdw,Inhaler,54,False,Foals,Holy Fire,2013-01-31,b5540681352e06ac
0oxYB9GoOIDrdzniNdKC44,When the Sun Hits,78,False,Slowdive,Souvlaki,1993,b5540681352e06ac
2NFsYMr8BuxJDJOAAc6sr4,Banished,15,False,Tamil Rogeon,Banished,2021-01-20,b5540681352e06ac
2PDsFJBSLyAzouaBkjtCRH,Street Lamp,21,False,Nate Smith,Kinfolk 2: See the Birds,2021-09-17,b5540681352e06ac
3sXEl50soxZQDJD4LCX6Xq,Melinda,43,False,Stan Getz,Stan Getz & Bill Evans,1973-03-01,b5540681352e06ac
1Rs9fhY6wmDNVodvMPhdWN,O Morro Nao Tem Vez,42,False,Stan Getz,Jazz Samba Encore!,1963,b5540681352e06ac
2qAVbwQpt24OiySq4P1tpo,"No Blues - Live At The Half Note, 1965",27,False,Wes Montgomery,Smokin' At The Half Note (Expanded Edition),1965-01-01,b5540681352e06ac
187OL8IkLAceM1zalrCZ5Q,Bob's Funk,16,False,The Moog Cookbook,Moog (Original Film Soundtrack),2004-01-01,b5540681352e06ac
036ZNJdUd5hya7JBEkPudn,That Secret Place,27,False,Barry Harris,Solo,1990-01-01,b5540681352e06ac
5bKrCtDuBoFGqeMrKRVH3V,Samba De Uma Nota So,48,False,Stan Getz,Jazz Samba,1962-01-01,b5540681352e06ac
13tW73AKgmiu9NilCMFiAh,"Uptown, Downtown",28,False,Bill Charlap Trio,"Uptown, Downtown",2017-09-08,b5540681352e06ac
1uBGEYnkP22Awqi5yuGIX8,First,0,False,EIF,Autumn Conversations,2018-12-21,b5540681352e06ac
0aOH62uqDzuvCvN2jdVtZs,Desafinado,54,False,Stan Getz,Jazz Samba,1962-01-01,b5540681352e06ac
4qnvL2jtPBFzQ3W3u8JphU,Volga Boatman,43,False,Ahmad Jamal Trio,Count 'Em 88,1956-11-14,b5540681352e06ac
6mt77pZTJ3JGW5xuPRzHvw,Medley: Kinda Dukish / Rockin’ In Rhythm,4,False,Duke Ellington,Berlin 1959,2021-08-06,b5540681352e06ac
669fZh7MR6mreYTIV3n8ff,Let's Fall In Love,0,False,Stan Getz,Getz Meets Mulligan In Hi-Fi,1957-12-01,b5540681352e06ac
2k5d3V0BVehNIXYUBWTaaD,Triceratops / The Caller,0,False,Ruby Rushton,Ironside,2019-04-05,b5540681352e06ac
5jBv1j7ISp1ja8e1N2oSmt,Para Machuchar Meu Coracao,49,False,Stan Getz,The Girl From Ipanema - The Bossa Nova Years,1989-01-01,b5540681352e06ac
7Cqw3lGqxPRKr21J6FORfw,Rat Race,6,False,Scroobius Pip,No Commercial Breaks / Words - Live at the Royal Albert Hall Algar Room,2013-03-03,b5540681352e06ac
4snTamKwbN4cXgo9kUCD8B,Coldharbour Lane,16,False,Myele Manzanza,Coldharbour Lane,2021-07-08,b5540681352e06ac
6y2YxIUeM9uMgAINRnb11K,Samba Triste,47,False,Stan Getz,Jazz Samba,1962-01-01,b5540681352e06ac
1XCBWtTJZuHbwa6GLUutjo,But Beautiful,57,False,Stan Getz,Stan Getz & Bill Evans,1973-03-01,b5540681352e06ac
6Kz0N27KhAYdAAru4LBTSB,Mysterious Jump,11,False,TAKAO UEMATSU,Straight Ahead,2010-06-16,b5540681352e06ac
1Z3eIYVDZQTWdAwnI03LUg,"Symphony No. 5 in E Minor, Op. 64: I. Andante - Allegro con anima",3,False,Pyotr Ilyich Tchaikovsky,Tchaikovsky: Symphonies Nos. 5 & 6,2018-03-02,b5540681352e06ac
78M4hy7uAXClDiw0l17VZy,Deep Blue,0,False,Ímar,Avalanche,2018-10-12,b5540681352e06ac
25SqfohYIvFzHVWS3rrq32,"Symphony No. 5 in E Minor, Op. 64: IV. Finale: Andante maestoso",7,False,Pyotr Ilyich Tchaikovsky,Tchaikovsky: Symphonies Nos. 5 & 6,2018-03-02,b5540681352e06ac
4bz7uB4edifWKJXSDxwHcs,Galvanize,66,False,The Chemical Brothers,Push The Button,2005-01-01,b5540681352e06ac
4sNG6zQBmtq7M8aeeKJRMQ,Brazil,78,False,Declan McKenna,What Do You Think About the Car?,2017-04-21,b5540681352e06ac
73M2Vb5MfZh8iGKudkMtlw,Always Like This,58,False,Bombay Bicycle Club,I Had The Blues But I Shook Them Loose,2009-01-01,b5540681352e06ac
4eY2bxGE2ykwefZ3adjetE,"Prelude a l'apres-midi d'un faune, L. 86",44,False,Claude Debussy,"Debussy: Prélude à l'après-midi d'un faune, La mer & Jeux",2011-04-12,b5540681352e06ac
1arQkJAMuAocgu98LBHvpC,It's Changed,0,False,Dr. Lonnie Smith,Afrodesia,2005-01-01,b5540681352e06ac
4kutk0onBpr8xcwfXItJDJ,Night And Day,34,False,Art Tatum,The Best Of Art Tatum,1987,b5540681352e06ac
0mnUFEVSj8hqWj9jJWzOHi,For Heaven's Sake,0,False,Kevin Hays,For Heaven's Sake,2021-04-22,b5540681352e06ac
7fHGCeqESmD29tImSdDuAp,Bye Bye Blackbird,25,False,Ron Carter,The Ultimate Headphone & Hi-Fi Album,2019-11-01,b5540681352e06ac
6xw8ld1ztoCKifwTN6uGDq,Black Hole,50,False,Griff,Black Hole,2021-01-18,b5540681352e06ac
1sT5Wh3SVv6nhs7lgPEnkl,Sunglasses,45,False,"Black Country, New Road",For the first time,2021-02-05,b5540681352e06ac
6j0mXItB7viXXjB98l3Kwy,Please Send Me Someone To Love,46,False,Red Garland,Red Garland's Piano,1957,b5540681352e06ac
0xlZhST0yaohCyhANOWAQE,"Beethoven: Piano Concerto No. 5 in E-Flat Major, Op. 73 ""Emperor"": I. Allegro",8,False,Ludwig van Beethoven,"Beethoven: Piano Concerto No. 5, Op. 73 ""Emperor""",2008-01-01,b5540681352e06ac
3MxSJujoc72pCL65t3LAzp,"Symphony No. 3 in E-Flat Major, Op. 55 ""Eroica"": I. Allegro con brio",12,False,Ludwig van Beethoven,"Beethoven: Symphony No. 3 ""Eroica"" & Leonore Overture",2006-07-10,b5540681352e06ac
0vVmqtsk23DGS2YtmSBexw,"Symphony No. 5: II. Stürmisch bewegt, mit größter Vehemenz",6,False,Gustav Mahler,Mahler: Symphony No. 5,2011-02-08,b5540681352e06ac
46sFgxfphG4hhf72noqh07,Symphony No. 5: V. Rondo - Finale. Allegro - Allegro giocoso. Frisch,7,False,Gustav Mahler,Mahler: Symphony No. 5,2011-02-08,b5540681352e06ac
13HQevanAIErwvktuojGeg,Escape / Chase / Saying Goodbye - Soundtrack Reissue (2002),32,False,John Williams,E.T. The Extra Terrestrial,2002-01-01,b5540681352e06ac
39XLyfzIKnoiAAlexj8Lyf,"Piano Concerto No. 1 in C Major, Op. 15: I. Allegro con brio (Cadenza Improvised by Jos van Immerseel)",4,False,Ludwig van Beethoven,Beethoven: Piano Concertos Nos. 1 & 2,1996,b5540681352e06ac
5euz3r8UPd1b8YYstR3nDH,Hunting Heads,9,False,David Garfield,Hunting Heads,2021-04-09,b5540681352e06ac
5IZMtgP0Ifchyie5jfA5ZY,Symphony No. 5: I. Trauermarsch. In gemessenem Schritt. Streng. Wie ein Kondukt,9,False,Gustav Mahler,Mahler: Symphony No. 5,2011-02-08,b5540681352e06ac
1Pbs2eCcX9p2onaAvMYvhk,Bodys,57,False,Car Seat Headrest,Twin Fantasy,2018-02-16,b5540681352e06ac
3NrAMPb3hlWCmw9kepqBmM,Mischief Managed!,42,False,John Williams,Harry Potter and the Prisoner of Azkaban / Original Motion Picture Soundtrack,2004-05-25,b5540681352e06ac
0KjUytazgzl3cF4z6fBDpR,"Symphony No. 8 in B Minor, D.759 ""Unfinished"": II. Andante con moto",0,False,Franz Schubert,"Schubert: Symphony No. 8 ""Unfinished"" - Mozart: Symphony No. 40 (Transferred from the Original Everest Records Master Tapes)",1960-01-01,b5540681352e06ac
3nd752rEr7psb5KUtsltpH,"Serenade For Wind Octet In C Minor, ""Nacht Musique"", K388, 1:Allegro",0,False,Wolfgang Amadeus Mozart,Mozart/ Kvandal: Music for Wind Ensemble,1988,b5540681352e06ac
6qqK0oeBRapZn8f9hJJENw,Blue Bossa - Remastered,48,False,Joe Henderson,Page One,1963-10-01,b5540681352e06ac
7oOEFDLSQscl0uGulnIEmG,Love & Hate,68,False,Michael Kiwanuka,Love & Hate,2016-07-15,b5540681352e06ac
16nJl8NnriCJxraco5Zssm,Better Git It in Your Soul,47,False,Charles Mingus,Mingus Ah Um,1959,b5540681352e06ac
2oMaXY0yiWhAEWD7SutXh2,Joy Spring,45,False,Clifford Brown,Clifford Brown And Max Roach,1954-12-01,b5540681352e06ac
1OjmEyEycmzJK3itBAq8EG,Ba-Lue Bolivar Ba-Lues-Are,30,False,Thelonious Monk,Brilliant Corners,1957,b5540681352e06ac
1QJuEcbNibz1gw7YL96xwn,One Day,26,False,Yellowjackets,Jackets XL,2020-11-06,b5540681352e06ac
7xi8kXkL10MfvjePJKzIQd,"Symphony No. 5 Op. 64, in E Minor ? A.nte C.bile M.to Con Anima - A.nte Mosso - A.gro non T.po",15,False,Pyotr Ilyich Tchaikovsky,"30 Greatest Classical Symphonies, Vol. 2",2011-11-22,b5540681352e06ac
2JdllRPH6a8NCpt2bpxpns,Red Clay,36,False,Freddie Hubbard,Red Clay,1970,b5540681352e06ac
5vKuE21kmH89BH5w5yWume,N.E.G.U,27,False,Ibrahim Maalouf,S3NS,2019-09-27,b5540681352e06ac
6na5tsv9i1vvazuxJuWSBo,"Violin Concerto In D, Op. 35, TH. 59: 1. Allegro moderato",9,False,Pyotr Ilyich Tchaikovsky,Tchaikovsky / Miaskovsky: Violin Concertos,2002-01-01,b5540681352e06ac
5vy52C7oCNjMjop20V7Cg6,Nowin,27,False,Masaru Imada,シーナリー・オブ・ジャパニーズ・ジャズ,2020-01-15,b5540681352e06ac
0MiYKIecKsplP3fjbQYIi0,Pick Up the Pieces,35,False,石川 晶,Back to Rhythm,1975-06-25,b5540681352e06ac
0JAijkS8BJdEbRGMsQliJA,ア・モーンフル・シーン,21,False,Shunzo Ohno,フォールター・アウト,2017-10-25,b5540681352e06ac
0dOvIwlnuiAdJiLi80hvl1,"Symphonic Dances, Op. 45: III. Lento assai - Allegro vivace - Lento assai. Come prima - Allegro vivace",6,False,Sergei Rachmaninoff,Rachmaninov: Symphonic Dances,2012-04-03,b5540681352e06ac
63qzmpqhsoskQVWhUxfymj,"Piano Concerto No. 24 in C Minor, K491: I. Allegro (candenza, Alfred Brendel)",0,False,Wolfgang Amadeus Mozart,Mozart: Piano Concertos Nos. 24 & 25 • Fantasia in D Minor,2008-04-22,b5540681352e06ac
63SOzbKOXqU78IQxqJzO7a,I've Been Here Before,0,False,Matthew Halsall,Colour Yes (Special Edition),2009-10-26,b5540681352e06ac
0UPTygVFjPrruZ87sdDWE3,ザ ダイアログ ウィズ ヴィヴラホーン,0,False,猪俣 猛,ザ・ダイアログ,2018-05-30,b5540681352e06ac
5yeMk2t8k7nItOomwU1lKs,"Symphonic Dances, Op. 45: I. Non allegro",8,False,Sergei Rachmaninoff,Rachmaninov: Symphonic Dances,2012-04-03,b5540681352e06ac
6lu9r3Liqac6QmAbnZdfED,Watermelon Man (feat. Chops Horns),24,False,Bernie Worrell,Standards,2011-06-07,b5540681352e06ac
5G62qSQXcCmoOb28MH8cy4,"Concerto for Piano and Orchestra No. 1 in B-Flat Minor, Op. 23: I. Allegro non troppo e molto maestoso – Allegro con spirito",5,False,Pyotr Ilyich Tchaikovsky,Tchaikovsky: Piano Concerto No. 1 - Capriccio Italien,2009-01-01,b5540681352e06ac
4gLKpkowGPuEYwiTwIxgvI,Symphony No. 4: I. Bedächtig. Nicht Eilen,4,False,Gustav Mahler,Mahler: Symphony No. 4,2010-03-09,b5540681352e06ac
1xgtOKcyZrvPDDMlbsANlb,Path 17 (Before the Ending of Daylight) - Pt. 7,38,False,Max Richter,Sleep,2015,b5540681352e06ac
3tRfXh67i6N7kv2PT4jR1T,Can't Help Lovin' Dat Man,17,False,Night and Day Trio,Can't Help Lovin' Dat Man,2020-05-28,b5540681352e06ac
2SrSFdeg5MHpsChGZ6mRmy,Elsa,26,False,Fast Train Jazz Band,Elsa,2020-05-28,b5540681352e06ac
2TFJAXgcCSILjIGkdMv0eW,Just Us,0,False,Dan Nimmer Trio,Yours Is My Heart Alone,2008,b5540681352e06ac
0WY1ZjeeP8heOvpfL4xXRP,Symphony No. 5: IV. Adagietto. Sehr langsam,24,False,Gustav Mahler,Mahler: Symphony No. 5,2011-02-08,b5540681352e06ac
3s5ltzfrLKNvNgtMmY2Raj,Return 2 (song) - Pt. 7,39,False,Max Richter,Sleep,2015,b5540681352e06ac
4Ji9ysQZDSPbHqRIpadvBW,"Symphony No. 4: IV. Sehr behaglich (""Wir genießen die himmlischen Freuden"")",3,False,Gustav Mahler,Mahler: Symphony No. 4,2010-03-09,b5540681352e06ac
1C4YvrPcq9vx2wXVpJ2stQ,Symphony No. 4: II. In gemächlicher Bewegung. Ohne Hast,3,False,Gustav Mahler,Mahler: Symphony No. 4,2010-03-09,b5540681352e06ac
13G1l32JmzvOxfQakbhk6E,When All Is Said and Done,11,False,Somewhere Off Jazz Street,Becoming Invisible,2017-12-13,b5540681352e06ac
68MX3ZV4hcI7bWbxMP4Ods,Days of Wine and Roses,21,False,Oliver Richardson Quartet,A Time for Love,2020-08-24,b5540681352e06ac
0YveezON7jpiaHA8fnUHxN,Roundabout - 2003 Remaster,1,False,Yes,Fragile (Deluxe Edition),1971-11-26,b5540681352e06ac
2wJldCM5FehOmpkcOn6sUS,Aria 1 - Pt. 4,39,False,Max Richter,Sleep,2015,b5540681352e06ac
0Cw4AgG0dPKJKO0oT6xOr9,Beneath The Pale Moonlight,30,False,Tom Stills Quartet,Beneath The Pale Moonlight,2020-09-18,b5540681352e06ac
1VpY47HMOWQJjGBadnUyCq,Solo - Pt. 2,40,False,Max Richter,Sleep,2015,b5540681352e06ac
5wlyYWTL6KeYr0YBkr7YwJ,Na Na's Waltz,19,False,Aqua Bassino,Beat's n Bobs,2001-09-03,b5540681352e06ac
4ZwxY6KrwqdKunrWmTeUKP,"Manfred Symphony in B Minor, Op. 58, TH 28: IV. Allegro con fuoco",0,False,Pyotr Ilyich Tchaikovsky,"Tchaikovsky, P.I.: Manfred Symphony / Voyevoda",2008-10-28,b5540681352e06ac
3YORO9Xcw4WxsAUPLrlkZe,Les Fleur,0,False,4hero,Creating Patterns,2001-01-01,b5540681352e06ac
0hc6tyxet3x1uZ1xWjldWD,I Waited for You,11,False,Benny Green,Source,2011-04-12,b5540681352e06ac
0zMHFQZiWaSLsKweL8CRI7,Ron's Place,31,False,Brad Mehldau,"The Art of the Trio, Vol. 1",1997-01-28,b5540681352e06ac
1rci74bHqfuT3yv5NW7KOl,"Symphony No. 9 in E Minor, Op. 95 ""From the New World"": II. Largo",41,False,Antonín Dvořák,"Dvořák: Symphony No. 9, From the New World",2017-05-12,b5540681352e06ac
2AXPdHyeJFqEh8OyR2JImr,The Visitors / Bye / End Titles: The Special Edition,22,False,John Williams,Close Encounters Of The Third Kind,1977,b5540681352e06ac
4GdHkkbUtc63Jr3JI5Pm19,"Symphony No. 9 in E Minor, Op. 95 ""From the New World"": IV. Allegro con fuoco",49,False,Antonín Dvořák,"Dvořák: Symphony No. 9, From the New World",2017-05-12,b5540681352e06ac
3hY3MPL9hAITPgVfiVlL5K,Stella By Starlight,42,False,Joe Lovano,I'm All For You (Ballad Songbook),2004-01-01,b5540681352e06ac
2fEbuFSksIThthle3Kj6uj,"Symphony No. 8 in B Minor, D. 759 ""Unfinished"": I. Allegro moderato",39,False,Franz Schubert,"Schubert: Symphonies Nos.8 ""Unfinished"" & 9 ""The Great""",2007-01-01,b5540681352e06ac
5n0Bh3cbOoBFxVkCFz1YM5,"Symphony No. 7 in D Minor, Op. 70, B. 141: II. Poco adagio",23,False,Antonín Dvořák,Dvořák: Symphony No. 7,2003-03-03,b5540681352e06ac
2I2O89qIAdLCNWVn25SaxK,"Horn Trio in E-Flat Major, Op. 40: II. Scherzo. Allegro",3,False,Johannes Brahms,Brahms: Horn Trio – Franck: Violin Sonata,1969-01-01,b5540681352e06ac
0fIuTmILEmfa7AemDAejZg,"Symphony No. 7 in D Minor, Op. 70, B. 141: I. Allegro maestoso",25,False,Antonín Dvořák,Dvořák: Symphony No. 7,2003-03-03,b5540681352e06ac
3XZBGWNq6btqvXF1VGH4AH,"Schubert: Piano Sonata No. 21 in B-Flat Major, D. 960: II. Andante sostenuto",0,False,Franz Schubert,Schubert: Piano Sonatas Nos. 19 & 21,1997-01-01,b5540681352e06ac
3tG2d5dAYoPjgOUAOqXZJw,"Symphony No. 7 in D Minor, Op. 70, B. 141: IV. Finale. Allegro",24,False,Antonín Dvořák,Dvořák: Symphony No. 7,2003-03-03,b5540681352e06ac
6S6bbgUm80TdelwOPf0dsR,Winchester In Apple Blossom Time,48,False,Mandevilla,Maiden Voyage,2021-01-22,b5540681352e06ac
1H38Uz6KISAkZoafM5vA7W,"Concerto for Orchestra, Sz. 116: III. Elegia",0,False,Béla Bartók,Bartok: Concerto for Orchestra / Dance Suite / Hungarian Peasant Songs,2014-07-15,b5540681352e06ac
2LrFDRtCBYbiDhGRJMCDED,"Concerto for Orchestra, Sz. 116: V. Finale",0,False,Béla Bartók,Bartok: Concerto for Orchestra / Dance Suite / Hungarian Peasant Songs,2014-07-15,b5540681352e06ac
2jPuhE1vX0pwQ3crb5F72t,"Concerto for Orchestra, Sz. 116: I. Introduzione",0,False,Béla Bartók,Bartok: Concerto for Orchestra / Dance Suite / Hungarian Peasant Songs,2014-07-15,b5540681352e06ac
5OX1tz84seIvqluiIqScyd,"Symphony No. 5 in C Minor, Op. 67: IV. Allegro",10,False,Ludwig van Beethoven,Beethoven 5 - Dudamel,2017-02-13,b5540681352e06ac
697QKVOE1Zd4DtmhwMlqTD,"Piano Concerto No. 3 in C Minor, Op. 37: I. Allegro con brio",21,False,Ludwig van Beethoven,Beethoven: Piano Concertos 1-5,2019-12-06,b5540681352e06ac
7cgbKNeSNEQlmnMw4SIkM8,Indawu,1,False,Nduduzo Makhathini,Indawu,2020-03-06,b5540681352e06ac
4CxtiOaM0QyPxWQQ7cQtCz,It's All Over Your Body,28,False,José James,No Beginning No End,2013,b5540681352e06ac
57B6gMEI1E4E3kKLKvfX3U,Yams,43,False,Jackie McLean,Vertigo,2000-01-01,b5540681352e06ac
1ydLYvcOHvjjV7WZoBtFRD,"Piano Concerto No. 2 in B-Flat Major, Op. 19: I. Allegro con brio",19,False,Ludwig van Beethoven,Beethoven: Piano Concertos 1-5,2019-12-06,b5540681352e06ac
6hz2ZQNQd98q5iQ4dvjSpX,Infant Eyes,0,False,Fred Hersch Trio,Heartsongs,2018-07-20,b5540681352e06ac
5w6D6n9vha8fd5vV9pI4uW,Misty,31,False,Zander Jazz Trio,Misty,2020-08-03,b5540681352e06ac
4gYwy7FvViCL0XB8B4lLvx,"Piano Concerto in E Major, Op. 59: I. Moderato",32,False,Moritz Moszkowski,Moszkowski: Piano Concerto in E Major / From Foreign Lands,1998-07-08,b5540681352e06ac
6uJoMrYURJ8TYEiuGO2R2w,We Shall Overcome,19,False,Bill Frisell,Valentine,2020-08-14,b5540681352e06ac
6XBFJ2OgAsxBSyrXkQL9tJ,Passarim - Bonus Track,0,False,Kurt Rosenwinkel,Angels Around,2020-05-08,b5540681352e06ac
6F5tRdZqcmsO8z6V68JF1L,Here,0,False,Aaron Parks,Little Big II: Dreams of a Mechanical Man,2020-05-08,b5540681352e06ac
2EZFi3EcerNUHyjV1pfOoF,"Dvořák: Cello Concerto in B Minor, Op. 104, B. 191: I. Allegro",29,False,Antonín Dvořák,Dvořák: Cello Concerto,1971-01-01,b5540681352e06ac
2eM5tz5dxfolFvJLYCBc3U,Mother of Waters,3,False,Chris Potter,Mother of Waters,2020-10-02,b5540681352e06ac
39PN8UYVPs8nzVDFxE3gx1,In the Dance,0,False,Flava D,In the Dance EP,2014-05-19,b5540681352e06ac
0ugYzRHD8zpMdb9ROOGtdg,Snot,50,False,Alex G,Beach Music,2015-10-09,b5540681352e06ac
0bK9xHtMrJcXsoHFbHklQF,Meditation,0,False,Joel Lyssarides,A Better Place,2019-11-10,b5540681352e06ac
7gFbIcLQyN8YT5O53cEIlj,Bling Bling,20,False,Snarky Puppy,Immigrance,2019-03-15,b5540681352e06ac
47XVoZzCjgExzGeJChp3sM,"Symphony No. 1 in C Minor, Op. 68: IV. Adagio - Allegro non troppo ma con brio",0,False,Johannes Brahms,Brahms: Symphony No. 1 / Tragic Overture / Academic Festival Overture,2005-02-01,b5540681352e06ac
3Njg0fvZyGeYbjLDgLrSiZ,Click Bait,20,False,Cory Wong,The Striped Album,2020-10-23,b5540681352e06ac
3rUMH7i22tlkymhDPOmXUv,"Across the Stars (Love Theme from ""Star Wars: Attack of the Clones"")",59,False,John Williams,Star Wars: Attack of the Clones (Original Motion Picture Soundtrack),2002-04-23,b5540681352e06ac
5jHcSC5n3RgYNUO1IA4B6h,"Symphony No. 1 in C Minor, Op. 68: I. Un poco sostenuto - Allegro",4,False,Johannes Brahms,Brahms: Symphony No. 1 / Tragic Overture / Academic Festival Overture,2005-02-01,b5540681352e06ac
0f0k2TwPekkr1hmYACz1hE,Steps in the Wrong Direction - Live in Copenhagen,18,False,Portico Quartet,Knee-Deep In the North Sea,2007,b5540681352e06ac
4AzIL3IcM0gnb5HEnUYLrQ,"Symphony No. 1 in D Major: I. Langsam, schleppend – Immer sehr gemächlich - Live",35,False,Gustav Mahler,Mahler: Symphony No.1,1991-01-01,b5540681352e06ac
6MKqe1Q1xqQEkfF0RCIyDU,Smooth Move,26,False,Cory Wong,The Striped Album,2020-10-23,b5540681352e06ac
4KNciXQGuQ8HOQFL1WQN7w,St. Paul,27,False,Cory Wong,Motivational Music for the Syncopated Soul,2019-08-02,b5540681352e06ac
36a3fPzRVFzraNdxsmyv3w,Retold,0,False,Nate Smith,KINFOLK: Postcards from Everywhere,2017-02-03,b5540681352e06ac
14LbsKqnJqBVZWzOO5YGTo,"Symphony No. 5: III. Scherzo. Kräftig, nicht zu schnell - Live",13,False,Gustav Mahler,Mahler: Symphony No.5,1988-01-01,b5540681352e06ac
3YyWEPZcOggmvo2VzRpu8e,Symphony No. 5: V. Rondo-Finale. Allegro - Live,14,False,Gustav Mahler,Mahler: Symphony No.5,1988-01-01,b5540681352e06ac
3eXzfZmFzl56GeyQYOIioO,Santa Baby,25,False,Vulfpeck,"The Joy of Music, The Job of Real Estate",2020-10-23,b5540681352e06ac
1BWsQm7kOBjK2aSFYg5HQZ,Shofukan,47,False,Snarky Puppy,We Like It Here,2014-02-25,b5540681352e06ac
1RUnqLGa9RKsVn1YsrNPjw,"Beethoven: Piano Concerto No. 1 in C Major, Op. 15: I. Allegro con brio",15,False,Ludwig van Beethoven,Beethoven: Piano Concertos Nos. 1 - 5,2003-01-01,b5540681352e06ac
6UECXwPJqOF5J5P7RBv5Gx,Symphony No. 1 in E Minor: I. Allegro ma non troppo,0,False,Florence Beatrice Price,Price: Symphonies Nos. 1 & 4,2019-01-11,b5540681352e06ac
3Fv136rh4qDQhAJujpGsEF,"Symphony No. 1 in E Minor: II. Largo, maestoso",0,False,Florence Beatrice Price,Price: Symphonies Nos. 1 & 4,2019-01-11,b5540681352e06ac
1pHMABuelAEDPbt0BjCl3F,"Piano Concerto No. 1 in C Major, Op. 15: II. Largo",21,False,Ludwig van Beethoven,Beethoven: Piano Concertos 1-5,2019-12-06,b5540681352e06ac
5j055bq6wP6qghzpiCDU2J,"Beethoven: Piano Concerto No. 5 in E-Flat Major, Op. 73 ""Emperor"": III. Rondo. Allegro",10,False,Ludwig van Beethoven,Beethoven: Piano Concertos Nos. 1 - 5,2003-01-01,b5540681352e06ac
5XpHjQkLhyKRIUhtdbRkMT,"Piano Concerto No. 3 in C Minor, Op. 37: II. Largo",21,False,Ludwig van Beethoven,Beethoven: Piano Concertos 1-5,2019-12-06,b5540681352e06ac
4crRKGFkUSZxJXPcjN9Y2e,All Res,30,False,GoGo Penguin,Man Made Object (Deluxe),2016-02-05,b5540681352e06ac
7xRKHhAYDixP5I3fwOB5p8,Runnin' - Machinedrum Remix,19,False,Kelis,Change / Runnin' / Forever Be - Remixes,2014-07-28,b5540681352e06ac
65nKTjI7H7PnePUdDHFC6z,Autumn In New York,0,False,Chet Baker,Take the A Train - New York Jazz,2013-09-17,b5540681352e06ac
2xGEjbQPRhl8fiECYoLSr6,"Concerto for Orchestra, Sz. 116: I. Introduction. Andante non troppo – Allegro vivace",25,False,Béla Bartók,Stravinsky: The Rite of Spring / Bartók: Concerto for Orchestra,2007-01-01,b5540681352e06ac
1N3P0uvZmfwQDQZIewfPSS,Coat-Hanger Kisses,8,False,Roger Doyle,Time Machine,2015-03-07,b5540681352e06ac
5EHJlKiCC4GtPCic5X5yHy,"Don Juan, Op. 20",0,False,Richard Strauss,Strauss: Don Juan & Till l'espiègle (Mono Version),1956-01-01,b5540681352e06ac
4rcggTtzYYdiRh6aylGwO1,"Schubert: String Quintet in C Major, Op. 163, D. 956: II. Adagio",20,False,Franz Schubert,"Schubert: String Quintet in C Major, Op. 163, D. 956",1993-10-01,b5540681352e06ac
7BSKYefPomVqjzHRTXCnLT,Transient State,21,False,GoGo Penguin,A Humdrum Star,2018-02-09,b5540681352e06ac
1K63hr5USqTBD1BZE7vWQp,"Till Eulenspiegels lustige Streiche, Op. 28",0,False,Richard Strauss,Strauss: Don Juan & Till l'espiègle (Mono Version),1956-01-01,b5540681352e06ac
07li8S6eKQUQtXZBo8JciO,"Piano Concerto No. 2 In F Minor, Op. 21: 1. Maestoso - Live at Philharmonie Essen",0,False,Frédéric Chopin,The Chopin Concertos,2011-01-01,b5540681352e06ac
1IE7BYzZrpssrLX3RmPCIe,Reactor,19,False,GoGo Penguin,A Humdrum Star,2018-02-09,b5540681352e06ac
2g4F4HqCu2oPo0wl7Etmrf,Vaughan Williams: The Lark Ascending,24,False,Bernard Haitink,Ralph Vaughan Williams - The Lark Ascending; Tallis Fantasia,2010-07-05,b5540681352e06ac
0bxyZfACBrKCiNKSl0LzH9,A Hundred Moons,30,False,GoGo Penguin,A Humdrum Star,2018-02-09,b5540681352e06ac
1hW0VwYPGPzkz2CIXVIY78,Hopopono,0,False,GoGo Penguin,v2.0,2014-03-17,b5540681352e06ac
5SMINrjfKWVEkm269Ngska,Return To Text,24,False,GoGo Penguin,A Humdrum Star,2018-02-09,b5540681352e06ac
1P8EW3PbBL75OFljbXBswS,"Symphony No. 7 in D Minor, Op. 70 - IV. Finale. Allegro",0,False,Antonín Dvořák,"Dvořák: Symphonies Nos. 7 and 8 – Davis, LSO",2020-03-06,b5540681352e06ac
2wB937I0Cr7mjb5plP2Hpj,"Piano Concerto No. 1 in B-Flat Minor, Op. 23, TH 55: I. Allegro non troppo e molto maestoso - Allegro con spirito",0,False,Pyotr Ilyich Tchaikovsky,Tchaikovsky: Piano Concerto No.1; The Nutcracker Suite,1996-01-01,b5540681352e06ac
4PJqT61sm12NPxo7GXz4m4,Pulcinella: Scherzino,0,False,Igor Stravinsky,Stravinsky: Le sacre du printemps (The Rite Of Spring); Pulcinella,1998-11-06,b5540681352e06ac
4AdslJqY0IZzAecEgGV1lM,"Symphony No. 7 in D Minor, Op. 70 - III. Scherzo. Vivace",0,False,Antonín Dvořák,"Dvořák: Symphonies Nos. 7 and 8 – Davis, LSO",2020-03-06,b5540681352e06ac
4alX38C66NaGwS7YaskQHR,"Concerto for 2 Harpsichords, Strings & Continuo in C Minor, BWV 1060 - Reconstruction For Oboe, Violin, Strings & Continuo: I. Allegro",27,False,Johann Sebastian Bach,Bach,2014-01-01,b5540681352e06ac
1MFwx87TIPBo0SthFLgpdg,"Concerto for 2 Harpsichords, Strings & Continuo in C Minor, BWV 1060 - Reconstruction For Oboe, Violin, Strings & Continuo: II. Adagio",15,False,Johann Sebastian Bach,Bach,2014-01-01,b5540681352e06ac
2fBcgWVbHiTGSxiWnFlYTd,Scheherezade: II. The Story of the Kalendar,2,False,Royal Philharmonic Orchestra,Rimsky-Korsakov: Scheherezade,2010-01-10,b5540681352e06ac
7HuXOkke3t8MW8qjW410Wh,"Violin Concerto No. 2 in E, BWV 1042: 1. Allegro",7,False,Johann Sebastian Bach,Bach,2014-01-01,b5540681352e06ac
6JePP2bMpNYkqcIYgOaYvT,"Serenade for Wind in D Minor, Op. 44: III. Andante con moto",16,False,Antonín Dvořák,Dvorák: Serenades for Strings and Winds,2002-01-01,b5540681352e06ac
6Q9jGTq2BO1pnYEXXivX3P,Assassin,0,False,The Fearless Flyers,Tailwinds ...,2020-07-10,b5540681352e06ac
5loaBGa0KRqEo1KkR2iq06,"Concerto for 2 Harpsichords, Strings & Continuo in C Minor, BWV 1060 - Reconstruction For Oboe, Violin, Strings & Continuo: III. Allegro",7,False,Johann Sebastian Bach,Bach,2014-01-01,b5540681352e06ac
6pTDV5wsqZaCNlgnWLhfoF,"Concerto for Orchestra, Sz. 116: V. Finale. Pesante – Presto",20,False,Béla Bartók,Stravinsky: The Rite of Spring / Bartók: Concerto for Orchestra,2007-01-01,b5540681352e06ac
5jBgtCLLLvQfZK2pg96ymn,"12 Pieces for Piano, Op. 40, TH 138: No. 3, Marche funebre",0,False,Pyotr Ilyich Tchaikovsky,"Pyotr Tchaikovsky: Twelve Pieces for Piano, Op. 40, Romance, Op. 5, Waltz-Scherzo, Op. 7 & Capriccio, Op. 8",2016-01-01,b5540681352e06ac
2mlGPkAx4kwF8Df0GlScsC,Buttercup,68,False,Jack Stauber,Pop Food,2017-03-25,b5540681352e06ac
6egcs8AHSL7oPfq5TZ8w6n,Test Drive - Instrumental,0,False,Vulfpeck,The Joy of Music. The Job of Real Estate.,2020-05-08,b5540681352e06ac
50R5Or6xMtvELGYfGUbVz4,3 on E,0,False,Vulfpeck,The Joy of Music. The Job of Real Estate.,2020-05-08,b5540681352e06ac
7C76aut1nTr2A8ZlcJ1W32,"Concerto in F Major, BWV 1053R: I. Allegro",14,False,Johann Sebastian Bach,Bach: Oboe Concertos,2019-09-13,b5540681352e06ac
25cJePcRAgKUKtjH8Wm1MQ,Cianna,29,False,Branford Marsalis Quartet,The Secret Between the Shadow and the Soul,2019-03-01,b5540681352e06ac
2mxmyjaRlHQAZr70Ylt0k2,"Sibelius: Karelia Suite, Op. 11: II. Ballade",0,False,Jean Sibelius,"Sibelius: The Complete Symphonies, tone poems",2013-08-02,b5540681352e06ac
72KHUsa4UyTXpSf7jRb1ih,Ev'rytime We Say Goodbye,22,False,Mark Sherman,My Other Voice,2019-08-16,b5540681352e06ac
7Hlirj8WRdyecJelgZwJfh,"Piano Concerto No. 3 in C Minor, Op. 37: I. Allegro con brio - Live",35,False,Ludwig van Beethoven,Beethoven: Piano Concertos No.3 Op.37 & No.4 Op.58,1993-01-01,b5540681352e06ac
2NuMoevb2GrfvTZiZAnGTu,"Symphony No. 5 in E-Flat Major, Op. 82: I. Tempo molto moderato – Largamente – Allegro moderato – Presto",10,False,Jean Sibelius,Sibelius: Symphonies Nos.5 & 7,1975-01-01,b5540681352e06ac
1iPuXkdmMTG5uWTLmkSPjn,"Der Rosenkavalier, Op. 59: Final Trio and Duet (Recorded 1954)",1,False,Richard Strauss,Hilde Güden (Recorded 1951 - 1957),2008-01-01,b5540681352e06ac
4ju98rvX917EwXLKLnRbQ2,"Piano Concerto in G Major, M. 83: II. Adagio assai",56,False,Maurice Ravel,Ravel: Piano Concertos; Valses nobles et sentimentales,1998-01-01,b5540681352e06ac
25gIKiMJlUEih6O4IqgvlR,1997 - Original Mix,0,False,Savant,Invasion,2015-02-09,b5540681352e06ac
5RVh9t3mXbOr0vnDJHeyii,"Piano Concerto No. 2 in B-Flat Major, Op. 19: II. Adagio",29,False,Ludwig van Beethoven,Beethoven: Piano Concertos No.1 & 2,1992-01-01,b5540681352e06ac
2s7oaW721ExcKoyxzDWD1D,"Symphony No. 5 in E-Flat Major, Op. 82: III. Allegro molto – Misterioso – Un pochettino largamente – Largamente assai",39,False,Jean Sibelius,Sibelius: Symphonies Nos.5 & 7,1975-01-01,b5540681352e06ac
3yb1AKdj0dZIT2wMB5P8PO,"Pines of Rome, P. 141: II. Pini presso una catacomba",24,False,Ottorino Respighi,Respighi: The Fountains of Rome; The Pines of Rome; Ancient Airs and Dances - Suite III / Boccherini: Quintettino / Albinoni: Adagio in G Minor,1996-01-01,b5540681352e06ac
2lAspStcIPnXm6PUea79r1,"Pines of Rome, P. 141: III. I pini del Gianicolo",26,False,Ottorino Respighi,Respighi: The Fountains of Rome; The Pines of Rome; Ancient Airs and Dances - Suite III / Boccherini: Quintettino / Albinoni: Adagio in G Minor,1996-01-01,b5540681352e06ac
64gZJvfm1yNTrOfCZv03Oh,Funny Face : Overture (Funny Face),0,False,George Gershwin,Gerswin - Rhapsody in Blue and Beyond,2014-09-12,b5540681352e06ac
0U3HZTxBFcqqOgRbhKqOnq,"Symphony No. 8 ""The Journey"": III. Tranquillo",0,False,Einojuhani Rautavaara,"Rautavaara, E: Symphonies Nos. 1-8",2009-01-01,b5540681352e06ac
6JuX2dVIfriUhcWyf3vK1y,Eine Alpensinfonie: IX. Ausklang,15,False,Richard Strauss,Strauss: Eine Alpensinfonie (An Alpine Symphony),2010-02-09,b5540681352e06ac
1nQRg9q9uwALGzouOX5OyQ,Radio Ga Ga - Remastered 2011,75,False,Queen,The Works (2011 Remaster),1984-02-27,b5540681352e06ac
0DiWol3AO6WpXZgp0goxAV,One More Time,80,False,Daft Punk,Discovery,2001-03-12,b5540681352e06ac
72Z17vmmeQKAg8bptWvpVG,Space Oddity - 2015 Remaster,72,False,David Bowie,David Bowie (aka Space Oddity) [2015 Remaster],1969-11-04,b5540681352e06ac
3nm8DwebzyBkQB1vb9mKsG,"Pines of Rome, P. 141: IV. I pini della Via Appia",29,False,Ottorino Respighi,Respighi: The Fountains of Rome; The Pines of Rome; Ancient Airs and Dances - Suite III / Boccherini: Quintettino / Albinoni: Adagio in G Minor,1996-01-01,b5540681352e06ac
2BV5mynDP1BdGZtBNJ1l2K,"Mladi (Youth Suite), JW VII/10: II. Moderato",0,False,Leoš Janáček,"Mládí - Works by Janácek, Martinu and Reicha",2011-09-06,b5540681352e06ac
2oSdveAB0Fd5Tl9yqVRYQu,"4 Letzte Lieder (4 Last Songs), TrV 296: No. 2, September",0,False,Richard Strauss,"Strauss, R.: 4 Last Songs / Orchestral Songs",2002-01-01,b5540681352e06ac
1HylPpMK3AIYpYNccH2IxS,Bach Vision Test,0,False,Vulfpeck,"The Joy of Music, the Job of Real Estate",2020-04-03,b5540681352e06ac
2CQWQkDK3fLiaxXvrMclMA,Frontier Psychiatrist,0,False,The Avalanches,Since I Left You,2001-04-16,b5540681352e06ac
3KskSrYOOWUSIp5kBmgxhx,Thing of Gold,34,False,Snarky Puppy,GroundUP,2012-12-01,b5540681352e06ac
5NrVnzEeL4fDlIrpFOVl8d,For Survival,30,False,Vulfpeck,Hill Climber,2018-12-07,b5540681352e06ac
5kteHIFleTAF9U2LTSDYZ6,Binky,31,False,Snarky Puppy,GroundUP,2012-12-01,b5540681352e06ac
1jYnuDUosk8KSfQc4OielX,Chonks,31,False,Snarky Puppy,Immigrance,2019-03-15,b5540681352e06ac
55M8fvMBew9LC807bI3baL,Bad Kids to the Back - Live at the Royal Albert Hall,0,False,Snarky Puppy,Bad Kids to the Back (Live at the Royal Albert Hall),2020-02-21,b5540681352e06ac
4CNI0d2PFkhVxAljz1S96z,Night of the Long Knives,33,False,Everything Everything,A Fever Dream,2017-08-18,b5540681352e06ac
0aPgEigfOuGpEKr9Ikbuh7,The Cup Stacker,29,False,Vulfpeck,Hill Climber,2018-12-07,b5540681352e06ac
4xHWH1jwV5j4mBYRhxPbwZ,Time - 2011 Remastered Version,2,False,Pink Floyd,The Dark Side Of The Moon (2011 Remastered Version),1973-03-01,b5540681352e06ac
0vTJP35J4M1PY9iAA8UmbV,Sao Paulo Sunset,0,False,Saib,Summer Days,2019-03-08,b5540681352e06ac
4eUKR4xOmsuNt73oUmvZL0,maybe,0,False,Jinsang,Transitions,2020-02-27,b5540681352e06ac
0NbyYSv12WDvQcI4TZYi4A,Bach Vision Test,0,False,Vulfpeck,Bach Vision Test,2020-03-03,b5540681352e06ac
2h3WzUlVlOJAd3vMTyl7Eh,Treflip FS Blunt,0,False,Figub Brazlevic,Kaseta De Ouf,2020-01-03,b5540681352e06ac
4PJJqailpy9FxDeCPkQZQq,Strafzettel,0,False,FloFilz,Strafzettel,2020-03-12,b5540681352e06ac
3a3sVy6yS0SaObQXHFACHh,aire,0,False,lōland,linus | aire,2019-11-15,b5540681352e06ac
6ekeactpFOI9b9NzwWDDb9,Forward Backward,0,False,Max Keeble,Titled Gully,2019-12-10,b5540681352e06ac
6ZvO1TsLKchwb8kO6uPh8E,One More Hour,2,False,Rudy Raw,One More Hour,2019-11-14,b5540681352e06ac
4Chy83oRs3pToekNNpvTU6,Her,31,False,DAO,Her,2020-01-17,b5540681352e06ac
46xoZsP2RqMWRbJbPlnfex,Acacia,18,False,FloFilz,Acacia,2020-01-24,b5540681352e06ac
1GSIehO11qXUnvCveqrwMX,Currents,13,False,DAO,Currents,2020-03-11,b5540681352e06ac
3beKlXiUT99l2To0XowN6H,Sundowner,0,False,Madara,Space Blunts,2020-01-31,b5540681352e06ac
1MmD2ICUPPyGxGDVypctcF,Leaving,0,False,High John,Leaving,2019-12-20,b5540681352e06ac
6yeVHEZmd03tEUwK8M2pSY,Decisions,0,False,Underground Canopy,Bluestaeb and S. Fidelity Present Underground Canopy,2020-01-31,b5540681352e06ac
5a56zZez7N8CphqWd5HYjk,Connected - Instrumental,13,False,SoulChef,Connected (Instrumental),2020-02-21,b5540681352e06ac
2Ux3BFgzXm0YoD37nBQjJt,Fugue State,46,False,Vulfpeck,Fugue State,2014-08-26,b5540681352e06ac
2wIC3jqtTK78zQMdj1DRLu,Run,55,False,AWOLNATION,Run,2015-03-17,b5540681352e06ac
6p8eEdiZLKJH8tcjGZuNTK,Run,1,False,Joji,Run,2020-02-06,b5540681352e06ac
31LKL7XfxR1PTm6Or9KTKv,Movies,0,False,Weyes Blood,Titanic Rising,2019-04-05,b5540681352e06ac
2RPYLdiISQ77ItKy03ALdR,"Symphony No. 3 in F Major, Op. 90: IV. Allegro",17,False,Johannes Brahms,Brahms: Symphonies 1-4,2011-09-12,b5540681352e06ac
4OVhQtSwZmDKVyrIriIZZQ,"Symphony No. 3 in F Major, Op. 90: II. Andante",18,False,Johannes Brahms,Brahms: Symphonies 1-4,2011-09-12,b5540681352e06ac
4yDw1EHKdXBMFvBfeF6qFR,"Symphony No. 1 in E Minor, Op. 39: IV. Finale (Quasi una fantasia): Andante",0,False,Jean Sibelius,"Sibelius: Symphonies Nos. 1-7, Kullervo, Pohjola's Daughter, The Oceanides",2016-10-14,b5540681352e06ac
40lPdj5uXQfn2pmuznMp20,"Má Vlast, JB1:112: 4. Z ceskych luhu a haju",24,False,Bedřich Smetana,Smetana: Má Vlast,2018-01-05,b5540681352e06ac
4Weo3vMehKR84QR3gEgwm8,"Symphony No. 3 in F Major, Op. 90: III. Poco allegretto",49,False,Johannes Brahms,Brahms: Symphonies 1-4,2011-09-12,b5540681352e06ac
6L8kl9k5Rfi5EvgtajmXkK,"Symphony No. 1 in E Minor, Op. 39: I. Andante, ma non troppo - Allegro energico",0,False,Jean Sibelius,"Sibelius: Symphonies Nos. 1-7, Kullervo, Pohjola's Daughter, The Oceanides",2016-10-14,b5540681352e06ac
3GvK1CHdUU9sbPdQf8ChjK,"Symphony No. 2 in D Major, Op. 73: IV. Allegro con spirito",15,False,Johannes Brahms,Brahms: Symphonies 1-4,2011-09-12,b5540681352e06ac
5N76KLnknjPX38D9qltk7I,Mirror Forever,0,False,Weyes Blood,Titanic Rising,2019-04-05,b5540681352e06ac
5XHdZSDnqxMoPOI0tAAB5n,"Symphony No. 1 in E Minor, Op. 39: II. Andante (ma non troppo lento)",0,False,Jean Sibelius,"Sibelius: Symphonies Nos. 1-7, Kullervo, Pohjola's Daughter, The Oceanides",2016-10-14,b5540681352e06ac
1L5MciwyYVoMiHaCmUjNzi,"Oboe Concerto in D Major, TrV 292: 2. Andante",1,False,Richard Strauss,Richard Strauss: Violin Concerto; Oboe Concerto; Duet-Concertino,1993-06-30,b5540681352e06ac
3ZnPVp4Frub6UadiiiGDD9,What Are You Doing the Rest of Your Life?,38,False,Rolf Kühn,Yellow + Blue,2018-06-01,b5540681352e06ac
7rYRkSaw2woYFnNgfCylmJ,Wild Time,0,False,Weyes Blood,Titanic Rising,2019-04-05,b5540681352e06ac
4C7nLs6TmfGXVR0SODMBLn,"Symphony No. 4 in A Minor, Op. 63: I. Tempo molto moderato, quasi adagio",0,False,Jean Sibelius,"Sibelius: Symphonies Nos. 1-7, Kullervo, Pohjola's Daughter, The Oceanides",2016-10-14,b5540681352e06ac
3fcFoas0lyQHPcyhCek3uz,"Symphony No. 4 in E Minor, Op. 98: III. Allegro giocoso",16,False,Johannes Brahms,Brahms: Symphonies 1-4,2011-09-12,b5540681352e06ac
4cG4S3LHdqibrEXgj87ZNx,Lighter Shades,21,False,Jan Harbeck Quartet,Lighter Shades,2019-03-08,b5540681352e06ac
1p5jbuZMzTZUXOlmI8VRIl,Ensnared,0,False,Melodiesinfonie,Ensnared,2019-12-20,b5540681352e06ac
4kCHJVs8NcnuJE72YDSopT,"Symphony No. 5 in B-Flat Major, D. 485: II. Andante con moto (Live)",0,False,Franz Schubert,"Schubert: Symphony No. 5, D. 485 - Brahms: Serenade No. 2, Op. 16 (Live)",2018-08-31,b5540681352e06ac
0eZWtOWwfVAQJwwFsHHste,jesus is a rochdale girl,27,False,Elbow,build a rocket boys!,2011-03-07,b5540681352e06ac
5DYsO3uYAXwSJMFVQlplpO,Space Drive,6,False,Loop Schrauber,Space Drive,2019-08-20,b5540681352e06ac
76RXCXdZaVZ9LHbmBypZnM,Rio Roadtrippin',9,False,Ozoyo,Rio Roadtrippin',2019-12-27,b5540681352e06ac
7lRsU77mw0zIYzdEZoAMz6,"Der Rosenkavalier Sequences Of Waltzes, TrV 227c & TrV 227a",18,False,Richard Strauss,R. Strauss: Rosenkavalier-Suite; Intermezzo; Salome; Capriccio,1993-01-01,b5540681352e06ac
6wEnkOzYhTiizwp6iuF2hs,"Daphnis Et Chloë, Suite No. 2 (Ravel)",20,False,London Symphony Orchestra,Ravel: Bolero / Daphnis Et Chloë,1995,b5540681352e06ac
3Spcbbqc15SMokUtt8EFY3,"Daphnis et Chloë: Suite No. 2, M. 57b",17,False,London Symphony Orchestra,Ravel: Boléro - Daphnis et Chloë - Pavane,2005-09-15,b5540681352e06ac
003GtyllsuaxHizikewQOE,Till Eulenspiegels lustige Streiche Op 28,3,False,Richard Strauss,Strauss Till Eulenspiegel And Ein Heldenleben,2009-02-01,b5540681352e06ac
4bSe2O2bqvzmTuPEy708I3,Accelerations - Waltz Op. 234,15,False,Johann Strauss II,"Johann Strauss II Waltzes, Polkas & Overtures",2003-11-03,b5540681352e06ac
5a1iz510sv2W9Dt1MvFd5R,It's Beginning to Look a Lot like Christmas,31,False,Michael Bublé,Christmas (Deluxe Special Edition),2012-11-09,b5540681352e06ac
40jtkGP0rf2F6iNHsny17L,Moonlight Lagoon,0,False,Remulak,Moonlight Lagoon,2019-07-30,b5540681352e06ac
3ywmnnPNamDLEbZeJAcxKB,Punkt 15:00,5,False,Bokoya,Introducing,2019-11-08,b5540681352e06ac
6X4XUPdR5uzgjmQMvZfhyz,"Lagunen Waltz (Lagoon), Op. 411",5,False,Johann Strauss II,"Great Strauss Waltzes, Polkas & Marches",2009-01-01,b5540681352e06ac
7gXIN0aNWOZ6aqoXExOXks,Horn Concerto: III. Allegro vigoroso,0,False,Christopher Ball,Christopher Ball: Horn Concerto; Oboe Concerto,2011-11-08,b5540681352e06ac
6DSXfDiWjkjQ46Gp2BKmym,blumen,7,False,Bassti,lakeside,2019-07-20,b5540681352e06ac
2B0n4dybsKUIpTnPcKMtmx,"Cello Concerto in B minor, Op. 104: 2. Adagio ma non troppo",1,False,Antonín Dvořák,Dvorak: Cello Concerto,2012-01-01,b5540681352e06ac
2f8U2ig4DAx6MBn8xleACT,take me there,0,False,potsu,just friends,2018-07-17,b5540681352e06ac
0kJukmNUjDGh1pfTymS1Fz,Strollin' - Live,4,False,Chet Baker,Chet Baker Live in London Volume II,2018-08-10,b5540681352e06ac
6q79ug6e5EVGmkeEuJtDQu,Dear Old Stockholm,27,False,Scott Hamilton,Swedish Ballads... & More,2013-03-11,b5540681352e06ac
5CxORi41X959HgX0m9avzq,No Control,14,False,Trash Panda,The Starclimber,2018-02-09,b5540681352e06ac
0F845nujLVqCb0XMZCh5Pc,I Fall In Love Too Easily,68,False,Chet Baker,Chet Baker Sings,1956,b5540681352e06ac
0aF34IuZX9k0OUkkMKNJdo,Summertime,0,False,Chet Baker,Born to Be Blue,2014-08-18,b5540681352e06ac
0Oh4v4cgDsO6DIR8blvega,Jersey Bounce,25,False,Gerry Mulligan,Reunion With Chet Baker,1988-01-01,b5540681352e06ac
4ps91ndkvcIfnrIwyZkjrH,I'll Remember April,5,False,Chet Baker,Plays Standards,2006-01-01,b5540681352e06ac
2xJFkGXMv2NT1sHBzh5KyP,Born to Be Blue,0,False,Chet Baker,Born to Be Blue,2014-08-18,b5540681352e06ac
3CkagCNgPbWDLmpakhdmcG,These Foolish Things,20,False,Chet Baker,Jazz 'Round Midnight,1990-03-19,b5540681352e06ac
3mFFL3SnU5JZgaNp9clw9R,"Horn Concerto, Op. 8: 1. Allegro molto",16,False,Franz Strauss,The Art Of Barry Tuckwell,2006-01-01,b5540681352e06ac
2d64G7VaZdHQuAquz5HQNu,That Old Feeling,56,False,Chet Baker,Chet Baker Sings,1956,b5540681352e06ac
2SopPHDZ2cKMbFumNtFQL9,Be,47,False,Hozier,"Wasteland, Baby!",2019-03-01,b5540681352e06ac
0bgP0aKOxvdFxB2EfDrulY,Sunlight,55,False,Hozier,"Wasteland, Baby!",2019-03-01,b5540681352e06ac
29bXfCo3mQVzohwPJXohaU,Talk,60,False,Hozier,"Wasteland, Baby!",2019-03-01,b5540681352e06ac
0qxiaagtTvTeNvzxHHc441,Speak No Evil - Remastered1998/Rudy Van Gelder Edition,46,False,Wayne Shorter,Speak No Evil (The Rudy Van Gelder Edition),1966-06-01,b5540681352e06ac
1IbgYIuVwJsibCcT5GFYHy,"Wasteland, Baby!",56,False,Hozier,"Wasteland, Baby!",2019-03-01,b5540681352e06ac
6MUesx1Jaw9icMyIGevrfL,"Beethoven: Triple Concerto for Violin, Cello and Piano in C Major, Op. 56: I. Allegro",0,False,Ludwig van Beethoven,Beethoven: Triple Concerto - Brahms: Double Concerto,1970,b5540681352e06ac
4iG2gAwKXsOcijVaVXzRPW,Time to Pretend,76,True,MGMT,Oracular Spectacular,2007-12-14,b5540681352e06ac
2wNK1PjIS9NbBIchakaL7k,Siberian Breaks,42,False,MGMT,Congratulations,2010-04-09,b5540681352e06ac
3FtYbEfBqAlGO46NUDQSAt,Electric Feel,79,False,MGMT,Oracular Spectacular,2007-12-14,b5540681352e06ac
5JWPSYesnkW7Un8XGPLqjI,"Die Meistersinger von Nürnberg - Act 3: ""Morgenlich leuchtend""",7,False,Richard Wagner,Wagner: Die Meistersinger Von Nurnberg,1976-01-01,b5540681352e06ac
0RabJGGnKLiiW6EeMAyh3p,Gossipo Perpetuo,28,False,Jean-Jacques Perrey,Moog Indigo,1970,b5540681352e06ac
4CY09ZCdgvjtCaw0fGITbN,Come What May,33,False,Joshua Redman Quartet,Come What May,2019-03-29,b5540681352e06ac
1CML9iOr9Ht5LfYLYpra1A,So In Love,20,False,Nestor Torres,Jazz Flute Traditions,2018-09-07,b5540681352e06ac
56Y7riKjre19Ltr0OrZUGB,Intro,0,False,alt-J,An Awesome Wave,2012-05-28,b5540681352e06ac
2vNmPvzN8fgyhJG5nKfbt8,Dissolve Me,0,False,alt-J,An Awesome Wave,2012-05-28,b5540681352e06ac
1iNE14jpYWtLoeQitCoYaG,Canción Y Danza VI,34,False,Bobo Stenson Trio,Contra La Indecisión,2018-01-19,b5540681352e06ac
09SnKFvC5rJxG4NQA7khLr,In der Hand,0,False,Tonträger,In der Hand,2015-11-01,b5540681352e06ac
1JQlRj79y9mz1ikME35Ugv,Erik Owen,19,False,Youngblood Brass Band,Pax Volumi,2013-09-09,b5540681352e06ac
3jYBLXfKU6PHAo540iGFD1,1 CM,0,False,Tonträger,In der Hand,2015-11-01,b5540681352e06ac
2ncnr8AuzqAabOGEIoA863,Young and Foolish,39,False,Scott Hamilton,Moon Mist,2018-05-18,b5540681352e06ac
2lwVojk2rK92KWGsYoezFK,50 Ways To Leave Your Lover - Live,31,False,Dr. Lonnie Smith,All In My Mind,2018-01-12,b5540681352e06ac
7JD3gqq0DA5l9xUmVCpJWu,New Face,0,False,PSY,PSY 8th 4X2=8,2017-05-10,b5540681352e06ac
0Hj5n2RMrcpa1NhamwCTuk,Chapel Perilous,0,False,Mild High Club,Skiptracing,2016-08-26,b5540681352e06ac
1dZHIbmuBDAwXfQOM4dyM3,The Sidewinder - Remastered 1999/Rudy Van Gelder Edition,47,False,Lee Morgan,The Sidewinder (The Rudy Van Gelder Edition),1999-01-01,b5540681352e06ac
6PiMare25Wl0kb6n0Ag8yP,Turangalîla-symphonie: IV. Chant d'amour II,0,False,Olivier Messiaen,Messiaen: Turangalîla-symphonie,2014-06-03,b5540681352e06ac
6OkDQI3XFhWc4Ui18hi66h,How Deep Is The Ocean,37,False,Al Cohn,Tenor Conclave,2000-01-01,b5540681352e06ac
5JB1xZNB8SXAaj7S7eeIkh,"Symphony No. 5 in E-Flat, Op. 82: III. Allegro molto",1,False,Jean Sibelius,"Sibelius: Symphonies Nos. 5, 7 & En Saga",2016-04-08,b5540681352e06ac
4f0D7T8yswXUJ62AKLoMtS,One For Daddy-O,48,False,Cannonball Adderley,Somethin' Else (Rudy Van Gelder Edition),1958,b5540681352e06ac
0FzExWkOMe8xZdyYMqDYvj,"Piano Concerto No. 25 in C Major, K. 503: I. Allegro maestoso (Cadenza: Gulda) - Live",11,False,Wolfgang Amadeus Mozart,Mozart: Piano Concerto No.25 In C Major K.503; Piano Concerto No.20 In D Minor K.466 (Live),2014-01-01,b5540681352e06ac
56elAIX47Q7vSQ1bpKNhHo,Equinox,40,False,John Coltrane,Naima,2018-05-17,b5540681352e06ac
19KcIwuT67NB77ZQCyKk0g,Turangalîla-symphonie: II. Chant d'amour I,0,False,Olivier Messiaen,Messiaen: Turangalîla-symphonie,2014-06-03,b5540681352e06ac
1lR6YLLEymg6mkArUVgoPy,Tico-Tico,12,False,Zequinha De Abreu,The London Horn Sound,2009-02-03,b5540681352e06ac
1K8TEACQOdirzau26MKUM3,Happy Clappy,0,False,Ímar,Afterlight,2017-01-27,b5540681352e06ac
3afCt1KFfBdAdj80Ttinhe,"Cello Concerto in B minor, Op. 104: 3. Finale (Allegro moderato)",1,False,Antonín Dvořák,Dvorak: Cello Concerto,2012-01-01,b5540681352e06ac
6KmcrWj71DhiCZMHCqgeR1,Horn Concertino in E Major,0,False,Carl Maria von Weber,"Weber: Orchestral Favourites, Vol. XVII",2000-01-01,b5540681352e06ac
6yIVYylflKRvNaivIT65TD,Rubidium / Line - Live,0,False,Portico Quartet,Live / Remix,2013,b5540681352e06ac
6dlrKYdYDu3UTm3cSo6rFb,Surprises,36,False,Ibrahim Maalouf,Wind,2012-11-04,b5540681352e06ac
1czzmAtPTw287TyMQEfCfg,Ruby My Dear,50,False,Roy Hargrove,Approaching Standards,1994-08-16,b5540681352e06ac
2sZ1zWeLaquu9tx8IUMuh7,The Folks Who Live on the Hill,37,False,Joshua Redman,Walking Shadows,2013-05-03,b5540681352e06ac
6a1G5bfHWT2BKTdnhDzw2j,Nature Boy,17,False,Eldar Djangirov,Bar Classics 7,2007-05-25,b5540681352e06ac
4rmCI9VWrwrJTJ8XQ80BMN,My Little Brown Book,63,False,Duke Ellington,Duke Ellington & John Coltrane,1963-02,b5540681352e06ac
7JrgVgkA0n4AnAPvC2y6wV,When It's Sleepytime Down South,40,False,Wynton Marsalis,Standards & Ballads,1983,b5540681352e06ac
3ET4A6azbRmmP8FyLuiuzO,Laker Boo - Live,0,False,Portico Quartet,Live / Remix,2013,b5540681352e06ac
1J9iVCaEriyoMXpj2XszhU,When Sunny Gets Blue,65,False,McCoy Tyner,Today And Tomorrow,1964,b5540681352e06ac
1U7yJYYi8yTgRWkwoySwZz,"So What - Live at Kurhaus, Den Haag, Holland - April 1960",33,False,Miles Davis,Kind Of Blue (Legacy Edition),1959-08-17,b5540681352e06ac
5WvJ5JgQ78q1LuZ7nRXdng,"Weber: Concertino for Horn in E Minor, Op. 45, J. 188",0,False,Carl Maria von Weber,Barry Tuckwell - Baroque & Classical Horn Concertos,1996-04-01,b5540681352e06ac
52IOb8PM146eOBTSAkW49K,"Sibelius: Symphony No. 3, Op. 52: I. Allegro moderato",8,False,Jean Sibelius,Sibelius: Symphony No. 3,1970,b5540681352e06ac
2gH86SmIJWO36dlskc0WWa,"The Planets, Op. 32: VI. Uranus, the Magician",10,False,Gustav Holst,"Holst: The Planets, Op. 32",2003-01-01,b5540681352e06ac
4zxd4tiXPlWMqoJltbVTbE,Stella By Starlight (feat. John Coltrane & Bill Evans),52,False,Miles Davis,Kind Of Blue (Legacy Edition),1959-08-17,b5540681352e06ac
7A7Jv4grXrFNHypr48gmNv,"The Planets, Op. 32: V. Saturn, the Bringer of Old Age",9,False,Gustav Holst,"Holst: The Planets, Op. 32",2003-01-01,b5540681352e06ac
0zt43yJ8LPzXOdRKh6lshZ,"The Planets, Op. 32: II. Venus, the Bringer of Peace",34,False,Gustav Holst,"Holst: The Planets, Op. 32",2003-01-01,b5540681352e06ac
5yx1k6mlak61UP9crVtHas,"The Planets, Op. 32: IV. Jupiter, the Bringer of Jollity",18,False,Gustav Holst,"Holst: The Planets, Op. 32",2003-01-01,b5540681352e06ac
5EX9JmDWnX5mcm4x9TMgXk,"Strauss II, J.: Rosen aus dem Süden, Op. 388",17,False,Johann Strauss II,Famous Strauss Waltzes,1982,b5540681352e06ac
0jCcKXvUKbspzTC0qkQYS2,"The Planets, Op. 32: I. Mars, the Bringer of War",15,False,Gustav Holst,"Holst: The Planets, Op. 32",2003-01-01,b5540681352e06ac
4fvMbjOndQl7MBlTKq1GWz,"Strauss Jr., J.: Wiener Blut, Op. 354",18,False,Johann Strauss II,Famous Strauss Waltzes,1982,b5540681352e06ac
4qE8YZWMyWf8rvW9VcZxfr,"The Planets, Op. 32: VII. Neptune, the Mystic",7,False,Gustav Holst,"Holst: The Planets, Op. 32",2003-01-01,b5540681352e06ac
5L4ZRRf3GVnVpsV9hhLWzs,"Cello Concerto in B Minor, Op. 104, B. 191: I. Allegro",17,False,Antonín Dvořák,Dvorák: Cello Concerto; Silent Woods; Rondo (Remastered),1986,b5540681352e06ac
2EnVS8bt0dOBSDzvuQBTj0,Isla,0,False,Portico Quartet,Isla,2009,b5540681352e06ac
5kcwMqKq6q10H32HmQxF1M,"Symphony No. 1 in C Minor, Op. 68: I. Un poco sostenuto. Allegro",21,False,Johannes Brahms,Brahms: Symphonies 1-4,2011-09-12,b5540681352e06ac
1ovOMQRYp2O2IbgtuhKbrA,"Symphony No. 9 in E Minor, Op. 95, B. 178, ""From the New World"": IV. Allegro con fuoco",28,False,Antonín Dvořák,"Dvorák: Symphony Nos. 8 & 9 ""From the New World""",1995-01-01,b5540681352e06ac
1dpum2FdppHNHaceoa6dYw,"Concertino for Horn & Orchestra in E Minor, Op. 45, J. 188: Andante con moto - Con fuoco -",0,False,Carl Maria von Weber,Weber: Concertante Works for Clarinet and Horn,2012-01-03,b5540681352e06ac
2MkRYiAsfxVvdUsDHcIIcs,Shed Song - Improv No 1,0,False,Portico Quartet,Isla,2009,b5540681352e06ac
5uTieh8csUYuuhiYv7ivEo,"Concertino for Horn & Orchestra in E Minor, Op. 45, J. 188: Alla Polacca",0,False,Carl Maria von Weber,Weber: Concertante Works for Clarinet and Horn,2012-01-03,b5540681352e06ac
5QXQExXNA1ht57Hm6510lT,Dust,0,False,Portico Quartet,Untitled (AITAOA #2),2018-04-27,b5540681352e06ac
6m3HYNlunwWYJntWTA6guz,"Symphony No. 3 in D Minor, Part I: I. Kräftig. Entschieden",0,False,Gustav Mahler,Mahler: Symphony No. 3,2018-10-12,b5540681352e06ac
1qbLMAfIQT7ThuASd2LFwA,Rubidium,0,False,Portico Quartet,Portico Quartet,2011,b5540681352e06ac
7hniD3L7AJUoBpytFpkcDn,Cary Me Back,0,False,Mild High Club,Skiptracing,2016-08-26,b5540681352e06ac
7qPdc4CH1GGZaHBImyoZ69,Tesselation,0,False,Mild High Club,Skiptracing,2016-08-26,b5540681352e06ac
1ssVbJzNv4NjKvFg21ZNIi,Club Intro,0,False,Mild High Club,Timeline,2015-09-18,b5540681352e06ac
7q8wJRPsK4yr8Zst24Z8N4,Wind Quintet: I. Allegro ma non troppo,0,False,Otto Mortensen,Danish Chamber Music,2017-09-30,b5540681352e06ac
7a9g6fPCrxdZ8p4tLCWNdR,"The Nutcracker Suite, Op. 71a: IIb. Dance of the Sugar Plum Fairy",25,False,Pyotr Ilyich Tchaikovsky,"Tchaikovsky: Symphonies No.5 & No.6 ""Pathétique""; Nutcracker; Romeo & Juliet",2000-01-01,b5540681352e06ac
5U7mM6Sw0D1NyQMon7CD9O,Birds In Warped Time II,22,False,Somei Satoh,East Meets West: Satoh • Debussy • Messiaen • Takemitsu • Ravel,2003,b5540681352e06ac
6lheVzCypG61vLZAum7mAA,The Confession of Isobel Gowdie,0,False,James MacMillan,"MacMillan: The World's Ransoming, The Confession of Isobel Gowdie",2008-01-08,b5540681352e06ac
3Z25k4ZF6QENy2d9YatsM5,I Want You (She's So Heavy) - Remastered 2009,63,False,The Beatles,Abbey Road (Remastered),1969-09-26,b5540681352e06ac
3qpgpLfOMEcJBz2osooVWX,"Symphony No. 5 in E-Flat Major, Op. 82: I. Tempo molto moderato",1,False,Jean Sibelius,"Sibelius: Symphony No. 5 in E-Flat Major, Op. 82 & Night Ride and Sunrise, Op. 55",2017-12-22,b5540681352e06ac
0sntJZw7BowESzRVDnh68b,"Mozart: Horn Concerto No.2 in E flat, K417 - i. Allegro maestoso",0,False,Wolfgang Amadeus Mozart,Four x Four,2012-05-11,b5540681352e06ac
38CWqyJmDgXpa3XTq5ed12,"Elgar: Variations on an Original Theme, Op. 36 ""Enigma"": Variation XIV. Finale. E.D.U.",9,False,Edward Elgar,Elgar: Enigma Variations & Pomp & Circumstance Marches Nos 1-5,1986,b5540681352e06ac
7aoZmfCBOmAnwJUXc3wjan,Symphony No. 9: Ia. Andante comodo,31,False,Gustav Mahler,Mahler: Symphony No.9,1984-01-01,b5540681352e06ac
23ryVoyGTrfO3F0GblIfnz,"Elgar: Variations on an Original Theme, Op. 36 ""Enigma"": Variation IX. Nimrod",53,False,Edward Elgar,Elgar: Enigma Variations & Pomp & Circumstance Marches Nos 1-5,1986,b5540681352e06ac
0LxeKwg9t7HOnyfv4bTALT,Suck It and See,61,False,Arctic Monkeys,Suck It and See,2011-06-06,b5540681352e06ac
6wVWJl64yoTzU27EI8ep20,Crying Lightning,70,False,Arctic Monkeys,Humbug,2009-08-20,b5540681352e06ac
4dtP86vkhzwNXCFpCtizce,Secret Door,71,True,Arctic Monkeys,Humbug,2009-08-20,b5540681352e06ac
75n7mraeMycQOl2sDGYaTe,Mad Sounds,63,False,Arctic Monkeys,AM,2013-09-09,b5540681352e06ac
6KpQcOoCexzZZhxICGOIqi,"Symphony No. 2 in D Major, Op. 43: I. Allegretto",2,False,Jean Sibelius,Sibelius: Symphony No. 2 - Karelia Suite,2011-04-05,b5540681352e06ac
1M2nd8jNUkkwrc1dgBPTJz,Angels,77,False,Robbie Williams,Life Thru A Lens,1997-01-01,b5540681352e06ac
2hmHlBM0kPBm17Y7nVIW9f,My Propeller,62,False,Arctic Monkeys,Humbug,2009-08-20,b5540681352e06ac
0pdp3VrR4WQaswf0GyT0Y0,Dangerous Animals,55,False,Arctic Monkeys,Humbug,2009-08-20,b5540681352e06ac
2S8xyNRJX1XQdo3qnTuovI,Maxwell's Silver Hammer - Remastered 2009,58,False,The Beatles,Abbey Road (Remastered),1969-09-26,b5540681352e06ac
2mxByJWOajjiVsLWjNXvDJ,Oh! Darling - Remastered 2009,69,False,The Beatles,Abbey Road (Remastered),1969-09-26,b5540681352e06ac
0pNeVovbiZHkulpGeOx1Gj,Something - Remastered 2009,75,False,The Beatles,Abbey Road (Remastered),1969-09-26,b5540681352e06ac
5dcf9G8oGa1NlZOfqCRgDe,"Elgar: Variations on an Original Theme, Op. 36 ""Enigma"": Variation X. Dorabella",10,False,Edward Elgar,Elgar: Enigma Variations & Pomp & Circumstance Marches Nos 1-5,1986,b5540681352e06ac
4DD08d0HLC2TxUKfTTj39F,Kokopelli,0,False,Mild High Club,Skiptracing,2016-08-26,b5540681352e06ac
3mkNt2fOxhy8LGwHxtwPvR,"Till Eulenspiegels lustige Streiche, Op. 28",26,False,Richard Strauss,"Strauss, R.: Also sprach Zarathustra; Till Eulenspiegel; Don Juan; Salome's Dance Of The Seven Veils",1995-01-01,b5540681352e06ac
2zNG2AoA8rxZsKL9fMdtHy,"Don Juan, Op. 20, TrV 156",0,False,Richard Strauss,"Strauss: Don Juan, Op. 20 & Eine Alpensinfonie (An Alpine Symphony), Op. 64 [Live]",2014-04-01,b5540681352e06ac
2ZK3HMUywCHYZMH305jxhX,Window Seat,0,False,Portico Quartet,Portico Quartet,2011,b5540681352e06ac
2ANpk7R7p1mhCATiwcYiQA,Spinner,0,False,Portico Quartet,Portico Quartet,2011,b5540681352e06ac
2WuicDDg8lsw6Shx8oat52,Countdown,0,False,King Gizzard & The Lizard Wizard,Sketches of Brunswick East,2017-08-18,b5540681352e06ac
5nMfIpT4sBRTjrNwhHKZxE,Windowpane,0,False,Mild High Club,Timeline,2015-09-18,b5540681352e06ac
7t43RgdH5rdXdSg77dbybG,Laker Boo,0,False,Portico Quartet,Portico Quartet,2011,b5540681352e06ac
4MSKGtnxTdqIypqwTDY3em,Figures,38,False,Bonobo,Migration,2017-01-13,b5540681352e06ac
4judwCTcpfp9Zs0q9Jbau5,"Concerto for Orchestra, Sz. 116: II. Giuoco delle coppie: Allegretto scherzando",0,False,Béla Bartók,Bartok: Concerto for Orchestra - Martinu: Memorial to Lidice - Klein: Partita for Strings,2005-10-01,b5540681352e06ac
0GjEhVFGZW8afUYGChu3Rr,Dancing Queen,84,False,ABBA,Arrival,1976,b5540681352e06ac
3RhMZKNHbZObkA44TBlm1b,Rattlesnake,0,False,King Gizzard & The Lizard Wizard,Flying Microtonal Banana,2017-02-24,b5540681352e06ac
5nNmj1cLH3r4aA4XDJ2bgY,September,4,False,"Earth, Wind & Fire",The Eternal Dance,1992-09-08,b5540681352e06ac
06rPFgQsKS607RhYIqCmGq,September,0,False,"Earth, Wind & Fire","Now, Then & Forever",2013-10-21,b5540681352e06ac
061UtPXJf9lJUcvqRMwgfV,Tezeta,0,False,King Gizzard & The Lizard Wizard,Sketches of Brunswick East,2017-08-18,b5540681352e06ac
3WkPRXJvKa7tRAvx5g0idb,It Must Be Love,0,False,Madness,7,1981-10-02,b5540681352e06ac
0PlTjNRzj6MkPfaLHNeZLZ,Prince Igor: Polovtsian Dances (With Chorus),33,False,Alexander Borodin,"Tchaikovsky: Overture ""1812""; Marche slave / Borodin: In the Steppes; Polovtsian Dances / Rimsky-Korsakov: Russian Easter; Capriccio",1990-01-01,b5540681352e06ac
1AoZDVnb10nBwGrulFKCDh,New Ceremony - Acoustic,24,False,Dry the River,Shallow Bed (Acoustic),2012-12-17,b5540681352e06ac
0PTbJ3orWmo0s2SVeOi30c,History Book - Acoustic,16,False,Dry the River,Shallow Bed (Acoustic),2012-12-17,b5540681352e06ac
2u9vZyQU7Ld88MJ35nS55u,Somebody To Love - Remastered 2011,44,False,Queen,A Day At The Races (2011 Remaster),1976-12-10,b5540681352e06ac
7AwvxYLlFmdoz0hQgyKtNU,I Will Wait,45,False,Mumford & Sons,Babel,2012-09-21,b5540681352e06ac
1K95m0tusqzkVum2PmzeIk,Livin On A Prayer,36,False,Bon Jovi,Cross Road (Sound & Vision) [2CD/DVD Sound & Vision],1994,b5540681352e06ac
2WfaOiMkCvy7F5fcp2zZ8L,Take on Me,86,False,a-ha,Hunting High and Low,1985-06-01,b5540681352e06ac
1G9iuurCZCIuVfXoca4JAT,"Symphony No. 5 in E-Flat Major, Op. 82: III. Allegro molto",2,False,Jean Sibelius,"Sibelius: Symphony No. 5 in E-Flat Major, Op. 82 & Night Ride and Sunrise, Op. 55",2017-12-22,b5540681352e06ac
6iWsGxqrglrApPiBAwpc2a,"Symphony No. 8 in G Major, Op. 88, B. 163: II. Adagio (Live)",0,False,Antonín Dvořák,Dvořák: Symphonies Nos. 7 & 8,2016-03-04,b5540681352e06ac
0GDowWreNE05XI0zOjGKxz,"Symphony No. 7 in D Minor, Op. 70, B. 141: I. Allegro maestoso (Live)",0,False,Antonín Dvořák,Dvořák: Symphonies Nos. 7 & 8,2016-03-04,b5540681352e06ac
1zjvpg4yldNdAlxRTvngAJ,"Symphony No. 8 in G Major, Op. 88, B. 163: I. Allegro con brio (Live)",0,False,Antonín Dvořák,Dvořák: Symphonies Nos. 7 & 8,2016-03-04,b5540681352e06ac
3RBMnEQTP0sCinP5kvm7sk,"Symphony No. 7 in D Minor, Op. 70, B. 141: II. Poco adagio (Live)",0,False,Antonín Dvořák,Dvořák: Symphonies Nos. 7 & 8,2016-03-04,b5540681352e06ac
0ruIhSmi9LPZc4aQqzk5u1,"Symphony No. 7 in D Minor, Op. 70, B. 141: IV. Finale. Allegro (Live)",0,False,Antonín Dvořák,Dvořák: Symphonies Nos. 7 & 8,2016-03-04,b5540681352e06ac
5E813BXSI1OakSJwUvJvxM,"Symphony No. 7 in D Minor, Op. 70, B. 141: III. Scherzo. Vivace (Live)",0,False,Antonín Dvořák,Dvořák: Symphonies Nos. 7 & 8,2016-03-04,b5540681352e06ac
0FDRXwOAorKmO2YFx7c3M5,"Symphony No. 8 in G Major, Op. 88, B. 163: III. Allegretto grazioso - Molto vivace (Live)",0,False,Antonín Dvořák,Dvořák: Symphonies Nos. 7 & 8,2016-03-04,b5540681352e06ac
0b93tWwuoAC0nXe1CfR30I,Star Treatment,57,False,Arctic Monkeys,Tranquility Base Hotel & Casino,2018-05-10,b5540681352e06ac
6YCAJqpG0uSZSwidZODdjW,"Fran-Dance (feat. John Coltrane, Cannonball Adderley & Bill Evans)",37,False,Miles Davis,Kind Of Blue (Legacy Edition),1959-08-17,b5540681352e06ac
5Z5nbOXhsSbySVC7WUc6y9,Four Out Of Five,60,False,Arctic Monkeys,Tranquility Base Hotel & Casino,2018-05-10,b5540681352e06ac
2AXbCiHCNepX280m2GI99d,Jacqui,0,False,Clifford Brown,Study In Brown,1989-06-20,b5540681352e06ac
0bowAkaslztpbvldB7uA7e,Sewn,0,False,The Feeling,Twelve Stops and Home,2006-01-01,b5540681352e06ac
70AhDADPvD8cRhjfgBUjhZ,Just The Two Of Us,0,False,"Grover Washington, Jr.",Love's Greatest Hits,2006-01-01,b5540681352e06ac
2mkjq6qU5GkoQNYSd00BUK,Macarana (Disco Version),12,False,Pepe Frontera & Friends,Holidays With Macarena,2013-09-13,b5540681352e06ac
64IcdRqfcN5rwqSqJpQDDe,In The Morning,57,False,Razorlight,Razorlight,2006-01-01,b5540681352e06ac
10lT3pp9QERGOWiIzLx4We,Jesus of Suburbia,55,True,Green Day,American Idiot (Deluxe),2004-09-21,b5540681352e06ac
4JRe9WcTRx9FvIoZjfjPss,Ballabile con Variazioni nel ballo Ettore Fieramosca,0,False,Giacomo Panizza,Il Clarinetto Piccolo all'Opera: 19th Century's Italian Music for Piccolo Clarinet and Piano,2013-11-19,b5540681352e06ac
4n9gBTfVqBy4FA70RlmB1R,Happy Family,0,False,Sundara Karma,Happy Family,2016-12-16,b5540681352e06ac
2RycgtfFQZOPgEGrzBGE0j,Getsomerest/sleepwell,46,False,"quickly, quickly","Quickly Quickly, Vol. 1",2017-04-16,b5540681352e06ac
4FlMzWJ4TtOhYdiYD2l5ex,"Good Shot, Good Soldier",27,False,Everything Everything,A Fever Dream,2017-08-18,b5540681352e06ac
46AejQhNbCUsSBWNkjM5re,History Book - Live at Lightship95,10,False,Dry the River,Shallow Bed (Deluxe Version),2012-03-05,b5540681352e06ac
4WFeJTXNHIS2wURtwlAkhu,Time Warp,61,False,Little Nell,The Rocky Horror Picture Show - Original Soundtrack,1975-01-10,b5540681352e06ac
4jrCMOG9OPe6iF4vWFxatb,Take a Bow,50,False,Muse,Black Holes and Revelations,2006-06-28,b5540681352e06ac
1m3Cg93naVAItvS5JchdIu,"Monday Chill, Pt. 3 (feat. Estelle Fege)",18,False,L'Indécis,Monday Chill Compilation,2015-02-02,b5540681352e06ac
7aiKdAM9WYW3GzWSA9OXIl,Batphone,51,False,Arctic Monkeys,Tranquility Base Hotel & Casino,2018-05-10,b5540681352e06ac
6iGc0xAX9HzjmGYfphpQD1,The Best Today,23,False,Keaton Henson,Birthdays,2013-02-25,b5540681352e06ac
4Zk93PA6yh4SvlC51R86aB,Saint Simon,0,False,The Shins,Chutes Too Narrow,2003-10-21,b5540681352e06ac
0R4l8uepOzxFoF1xWQq2nh,Bunker,0,False,Balthazar,Thin Walls,2015-03-30,b5540681352e06ac
7jQ7S91otHDFZzMHzYP8wI,Concerto for Clarinet & Orchestra: II. Song for Aaron,0,False,Frank Ticheli,"Ticheli, Warnaar & Ranjbaran: Wind Concertos",2018-02-09,b5540681352e06ac
62yvJ06hMYMKjNbtqZTiOU,Canción Y Danza VI,0,False,Bobo Stenson Trio,Contra La Indecisión,2018-01-19,b5540681352e06ac
1AkFDSaOIJ4lxfpytKXxkc,"Les préludes, Symphonic Poem No. 3, S. 97",26,False,Franz Liszt,"Smetana: The Moldau / Liszt: Les Préludes; Hungarian Rhapsody No.5 / Weber: Invitation to the Dance / Rossini: ""William Tell"" Overture",1984-01-01,b5540681352e06ac
3PKd0FCa1y1Lx1y3JPZr5c,"Don Juan, Op. 20, TrV 156",0,False,Richard Strauss,"Strauss, R.: Also sprach Zarathustra; Till Eulenspiegel; Don Juan; Salome's Dance Of The Seven Veils",1995-01-01,b5540681352e06ac
4BxMReAFz3gUOtojPWB0Fy,"Symphony No.8 In G, Op.88, B. 163: 2. Adagio",0,False,Antonín Dvořák,"Dvorák: Symphony Nos.8 & 9 ""From The New World""",1995-01-01,b5540681352e06ac
0F0OSrxuPZIic3tAShbCXl,"Symphony No. 6 in A Major, WAB 106 (1881 Version): II. Adagio. Sehr feierlich [Live]",0,False,Anton Bruckner,Bruckner: Symphony No. 6,2017-11-03,b5540681352e06ac
6VUeGRf888gImd1H44fjsQ,Bail Hop,3,False,Django Django,Hail Bop,2012-08-13,b5540681352e06ac
1CuBTl8eDONYr9PrOwuW3K,Hail Bop (Andy Blake Cave Paintings Rewire),0,False,Django Django,Hail Bop,2012-08-13,b5540681352e06ac
5fqjfiMOFapIb8uFcxBStH,Mice On Venus,69,False,C418,Minecraft - Volume Alpha,2011-03-04,b5540681352e06ac
4T4nQfHvOhgemoUQfoqynn,"Taras Bulba, JW VI/15: I. The Death of Andrei",0,False,Leoš Janáček,Janacek: Taras Bulba - Lachian Dances,2012-04-03,b5540681352e06ac
1EmimnysAUBhiy8rDbNN01,Default,48,False,Django Django,Django Django,2012-01-30,b5540681352e06ac
6mlTxc2230uPO1aRmzoBrw,December Poems,0,False,Guy Buttery,Songs from the Cane Fields,2005-08-01,b5540681352e06ac
5sBQZyVGxThpVpdoRu3hyo,Love's Dart,23,False,Django Django,Django Django,2012-01-30,b5540681352e06ac
39lSeqnyjZJejRuaREfyLL,Hungry Like the Wolf - 2009 Remaster,75,False,Duran Duran,Rio (Collector's Edition),1982-05-10,b5540681352e06ac
1fgWcdALLy8iIJw8zfxLMr,The Incredits,20,False,Michael Giacchino,The Incredibles Original Soundtrack,2004-01-01,b5540681352e06ac
0odQCRSjtsGaRCkAgeeN1D,Open Water,0,False,King Gizzard & The Lizard Wizard,Flying Microtonal Banana,2017-02-24,b5540681352e06ac
4Ig8HWE6Cqf0IRsTJAUy80,Skies Over Cairo (Bullion Version),1,False,Django Django,Hail Bop,2012-08-13,b5540681352e06ac
1588HabQertXVrgraWUkB1,Skies Over Cairo,22,False,Django Django,Django Django,2012-01-30,b5540681352e06ac
2cVewVYBzU4CEmTxibMzZl,Jump Minzi Jump,1,False,Kit Downes Trio,Golden,2009-11-02,b5540681352e06ac
1QYfP5zNFtvkqaQuMOIbe0,Silver Rays,19,False,Django Django,Django Django,2012-01-30,b5540681352e06ac
5pu678pAXu0JpLE9atDwIY,"Symphony No. 5 in E Minor, Op. 64, TH 29: I. Andante - Allegro con anima",0,False,Pyotr Ilyich Tchaikovsky,Tchaikovsky: Symphony No. 5 & Hamlet Overture,2015-11-02,b5540681352e06ac
0J4h6IK0K5tiPTO5y9hIdS,"Symphony No. 5 in E Minor, Op. 64, TH 29: II. Andante cantabile con alcuna licenza",0,False,Pyotr Ilyich Tchaikovsky,Tchaikovsky: Symphony No. 5 & Hamlet Overture,2015-11-02,b5540681352e06ac
2DkjQt07JQKavxZa6SBV6L,Symphony No. 2: II. Allegro molto,0,False,Sergei Rachmaninoff,Rachmaninov: Symphony No. 2,2010-05-11,b5540681352e06ac
4tD3MGuJt7Tp02q5o4W4Lj,Symphony No. 2: III. Adagio,0,False,Sergei Rachmaninoff,Rachmaninov: Symphony No. 2,2010-05-11,b5540681352e06ac
2EM3z870MwvKASPO23MeUB,"Tchaikovsky: The Nutcracker, Op. 71, Act 2: No. 13, Waltz of the Flowers",52,False,Pyotr Ilyich Tchaikovsky,Last Night of the Proms,2007-08-03,b5540681352e06ac
6LaWA6E8phRQ6iQkTlzbR9,Cormorant Bird,35,False,Fionn Regan,The Meetings of the Waters,2017-04-14,b5540681352e06ac
36ArELybUeOgq9TCjrMsIb,"Symphony No. 4 in E-Flat Major, WAB 104, ""Romantic"": I. Bewegt, nicht zu schnell - Live",37,False,Anton Bruckner,Anton Bruckner: Symphonie Nr. 4,1998-07-13,b5540681352e06ac
4vug3wR43u0AhRH9D8Lp8t,Intro,0,True,alt-J,This Is All Yours,2014-09-22,b5540681352e06ac
1u44iWJZHBCXgQsE6jrWbD,"Symphony No. 5 in E Minor, Op. 64, TH 29: III. Valse. Allegro moderato",0,False,Pyotr Ilyich Tchaikovsky,Tchaikovsky: Symphony No. 5 & Hamlet Overture,2015-11-02,b5540681352e06ac
5EMorUsuOmYSWwmCPfSJQ6,Put Me Together,20,False,Everything Everything,A Fever Dream,2017-08-18,b5540681352e06ac
75e1ATcTy5PPNc6syUt2oh,Soul Shake,0,False,My Nu Leng,Soul Shake,2016-04-08,b5540681352e06ac
5i0JOu8p3AvkSJKI6iNSPi,North Star Lover,0,False,Fionn Regan,100 Acres Of Sycamore,2011-08-15,b5540681352e06ac
60AEGzxRNUQ3Pzg4tygzJC,"Bloodflood, Pt. II",0,False,alt-J,This Is All Yours,2014-09-22,b5540681352e06ac
1FebgXZB4Up0mgGPenyCMO,Symphony No. 4 in G Major: III. Ruhevoll,8,False,Gustav Mahler,Mahler: Symphony No. 4 in G major,1960,b5540681352e06ac
5tZq3bqBaLauWGAKpZHSo1,You And Me,0,False,Mild High Club,Timeline,2015-09-18,b5540681352e06ac
7JBWY0Pm393yJY6KF35gBv,"Symphony No. 4 in G Major: II. In gemächlicher Bewegung, ohne Hast",8,False,Gustav Mahler,Mahler: Symphony No. 4 in G major,1960,b5540681352e06ac
6EM7JApNrP4fftMlDsOAZG,White Christmas (with Shania Twain),13,False,Michael Bublé,Christmas (Deluxe Special Edition),2012-11-09,b5540681352e06ac
3SonSIjuVY69wVRZ6nR7cm,Windowpane,0,False,Mild High Club,Timeline,2015-09-18,b5540681352e06ac
2fz1oSWtnrPYSmwgStV7VG,Head Out,0,False,Mild High Club,Skiptracing,2016-08-26,b5540681352e06ac
1AhDOtG9vPSOmsWgNW0BEY,Bohemian Rhapsody - Remastered 2011,4,False,Queen,A Night At The Opera (2011 Remaster),1975-11-21,b5540681352e06ac
5o6LwzJMV0lFa6NmotgYfx,Clarinet Concerto: I. Allegro giocoso,0,False,Henri Tomasi,French Chamber Music With Clarinet,2014-07-15,b5540681352e06ac
0kI64CkgUvMaYHe9tyI4Y5,Clarinet Concerto: III. Scherzo Final - Subito allegro,0,False,Henri Tomasi,French Chamber Music With Clarinet,2014-07-15,b5540681352e06ac
1z24UscXuCI8vyDdIvyUJP,Clarinet Concerto: II. Nocturne - Scherzando,0,False,Henri Tomasi,French Chamber Music With Clarinet,2014-07-15,b5540681352e06ac
3WE4LS3Kag7thMS4yPLOxj,Desire,29,False,Everything Everything,A Fever Dream,2017-08-18,b5540681352e06ac
4HPJWGjdq97ModuKzA5JXG,"Liszt: Hungarian Rhapsodies, S. 244, R. 106: No. 2 in C-Sharp Minor",4,False,Franz Liszt,Live at the Mariinsky,2017-10-06,b5540681352e06ac
6FkmVGK6h860N6AZujFtV1,Muczynski - Time Pieces Andante Expressivo,1,False,Alexey Gorokholinsky,Time Pieces,2002,b5540681352e06ac
6ct7BHurijhqvSmtPBzMFY,"Muczynski - Time Pieces Introduction: Andante Molto, Allegro Ene",5,False,Alexey Gorokholinsky,Time Pieces,2002,b5540681352e06ac
7zHd9LxIZB8WKosSWN9Umj,Spiegel im spiegel,59,False,Arvo Pärt,Arvo Pärt: Portrait,2010-03-02,b5540681352e06ac
5XcK7EYFUljZUx1J7o5y5s,Roman Festivals: 2. Il giubileo,0,False,Ottorino Respighi,Respighi: Roman Festivals; Pines of Rome / Rimsky-Korsakov: The Golden Cockerel Suite,2000-01-01,b5540681352e06ac
0ACm5VPRbi1ojf51x5cM5Q,Roman Festivals: 3. L'Ottobrata,0,False,Ottorino Respighi,Respighi: Roman Festivals; Pines of Rome / Rimsky-Korsakov: The Golden Cockerel Suite,2000-01-01,b5540681352e06ac
6JB1nrWc7hW5alxNOyvuG2,Big Game,20,False,Everything Everything,A Fever Dream,2017-08-18,b5540681352e06ac
1U4j5G7Le6kzQkjAzaJijd,"Summer Music, Op. 31",0,False,Samuel Barber,Barber: Summer Music / Carter: Woodwind Quintet,1998-08-31,b5540681352e06ac
3Z2L4uWCtjr4NHxceMxW8p,"Taras Bulba, JW VI/15: II. Smrt Ostapova (the Death of Ostap)",0,False,Leoš Janáček,Janacek: Taras Bulba - Lachian Dances,2012-04-03,b5540681352e06ac
0wdGgakDuPQPpV5uCNXOvh,Bloodflood,0,False,alt-J,An Awesome Wave (Deluxe Version),2012-10-22,b5540681352e06ac
6FCRPD4txH0wX7XZ1fhToK,"Clarinet Concerto in A, K.622: 1. Allegro",0,False,Wolfgang Amadeus Mozart,Mozart: Clarinet Concerto / Oboe Concerto,1985-12-27,b5540681352e06ac
2r7PIt3toP8zHANVPqEaqw,"Má Vlast, JB1:112: 2. Vltava - Live",0,False,Bedřich Smetana,Smetana: The Moldau; Overture and Dances from The Bartered Bride,1987-01-01,b5540681352e06ac
6erhb4dExT4kFK9Q98iqcv,The Golden Cockerel - Suite (Le coq d'or): 1. King Dodon in his Palace,0,False,Nikolai Rimsky-Korsakov,Respighi: Roman Festivals; Pines of Rome / Rimsky-Korsakov: The Golden Cockerel Suite,2000-01-01,b5540681352e06ac
2kxDri7WOSYrGGoV3Z9ojw,"Symphony No. 7 in D minor, Op. 70: I. Allegro maestoso",0,False,Antonín Dvořák,Dvorák: Symphony No. 7,2003-01-01,b5540681352e06ac
6XLJDLTjwFcgDjGPJtaHA1,"Má Vlast, JB1:112: 4. Z ceskych luhu a haju - Live",0,False,Bedřich Smetana,Smetana: The Moldau; Overture and Dances from The Bartered Bride,1987-01-01,b5540681352e06ac
0GZM2xYidRoLwVENER6y6v,"Die Meistersinger von Nürnberg (the Mastersingers of Nuremberg) [an Orchestral Tribute, arr. H. De Vlieger for orchestra]: I. Prelude. I. Sehr massig bewegt - Bewegt, doch immer noch etwas breit - Massig im Hauptzeitmass - Im massigen Hauptzeitmass - Sehr gewichtig",0,False,Richard Wagner,Wagner: Meistersinger - Deux Entreactes tragiques - Eine Faust-Overture - Overture to Columbus,2011-09-06,b5540681352e06ac
4TggvmLfksZLbUBpgPsknB,"Scheherazade, Op. 35: The Sea And Sinbad's Ship",5,False,Nikolai Rimsky-Korsakov,Rimsky-Korsakov: Scheherazade,2015-04-20,b5540681352e06ac
4wVGfQAVWtN6xdHcOsoAEV,"Scheherazade, Op. 35: The Story Of The Calender Prince",5,False,Nikolai Rimsky-Korsakov,Rimsky-Korsakov: Scheherazade,2015-04-20,b5540681352e06ac
2rUKFq3AzSjLLKLwr9YGb7,"Symphony No. 4 in F Minor, Op. 36, TH 27: I. Andante sostenuto - Moderato con anima",0,False,Pyotr Ilyich Tchaikovsky,Tchaikovsky: Symphony No. 4 - Romeo and Juliet Fantasy Overture,2011-02-01,b5540681352e06ac
69ryQhihYCCKxSaFdpNysB,"Scheherazade, Op. 35: Festival At Bagdad - The Sea - The Shipwreck",3,False,Nikolai Rimsky-Korsakov,Rimsky-Korsakov: Scheherazade,2015-04-20,b5540681352e06ac
6ZsqVlwwLzBclAU5nbCSeo,"Scheherazade, Op. 35: The Young Prince and the Young Princess",4,False,Nikolai Rimsky-Korsakov,Rimsky-Korsakov: Scheherazade,2015-04-20,b5540681352e06ac
5fNogj9AIuwo0k5VSVe56V,"Taras Bulba, JW VI/15: III. Proroctvi a smrt Tarase Bulby (the Prophecy and Death of Taras Bulba)",0,False,Leoš Janáček,Janacek: Taras Bulba - Lachian Dances,2012-04-03,b5540681352e06ac
3QRYV4EMzcHKVbpYfBbDQV,Taras Bulba: 3. The Prophecy And The Death Of Taras Bulba,1,False,Leoš Janáček,Janacek: Sinfonietta; Taras Bulba; Lachian Dances,2013-01-01,b5540681352e06ac
0CYgpypLkv392rxySZH7W3,Taras Bulba: 1. The Death Of Andri,1,False,Leoš Janáček,Janacek: Sinfonietta; Taras Bulba; Lachian Dances,2013-01-01,b5540681352e06ac
5ExBdTuGNEMrizdZGiarAq,"Symphony No. 4 in F Minor, Op. 36, TH 27: II. Andantino in modo di canzona",0,False,Pyotr Ilyich Tchaikovsky,Tchaikovsky: Symphony No. 4 - Romeo and Juliet Fantasy Overture,2011-02-01,b5540681352e06ac
4DpH8fQP1X7BtJUGiKbPUg,Righteous Red Berets,0,False,Felix Laband,Bag of Bones EP (incl. Luke Vibert Remix),2016-09-30,b5540681352e06ac
0GLjY96aegiADJi4uuyYrT,Cherry Wine - Live,0,False,Hozier,Hozier (Special Edition),2014-11-06,b5540681352e06ac
3Nqmclh4BAYAWWIXl0z8wQ,Past Life,0,False,Tame Impala,Currents,2015-07-17,b5540681352e06ac
4PFMCTG5u4xNc9B1HPtzI1,Reality In Motion,0,False,Tame Impala,Currents,2015-07-17,b5540681352e06ac
2PaJO22O7TccqYMe998wkM,Mind Mischief,0,False,Tame Impala,Lonerism,2012-01-01,b5540681352e06ac
79a16ovdUfRO8Qw3denNaw,Music To Walk Home By,0,False,Tame Impala,Lonerism,2012-01-01,b5540681352e06ac
3VCS4koclEAw6MxMYk2EBh,Blasé,0,False,Limes,Fresh Squeezed,2016-11-20,b5540681352e06ac
5iQdAeRiGkPLvdgLn44AyH,Symphony No. 5 in C-Sharp Minor: V. Rondo-Finale. Allegro,1,False,Gustav Mahler,Mahler: Symphony No. 5 in C-Sharp Minor,1964,b5540681352e06ac
093hQ3estB8XPVXxPBcmyu,Magnet,0,False,Bombay Bicycle Club,I Had The Blues But I Shook Them Loose,2009-01-01,b5540681352e06ac
7GvkOFkNsM6Exnkyqeajqm,Moving to New York,63,False,The Wombats,"Proudly Present... A Guide to Love, Loss & Desperation",2007-11-05,b5540681352e06ac
3ZJZjjKFxTqVGJ8QIYKMjp,She Said,48,False,Sundara Karma,Youth is Only Ever Fun in Retrospect,2017-07-07,b5540681352e06ac
7vEgmGuOZK4G4AhD4cf7QM,Bible Belt - Acoustic,19,False,Dry the River,Shallow Bed (Acoustic),2012-12-17,b5540681352e06ac
4l7hMKW5F6DRoGQj1USvHq,Weights & Measures - Acoustic,14,False,Dry the River,Shallow Bed (Acoustic),2012-12-17,b5540681352e06ac
3wq9mDU9O7jsPUh8fkDARs,Shaker Hymns - Acoustic,12,False,Dry the River,Shallow Bed (Acoustic),2012-12-17,b5540681352e06ac
72jcuCHUEtYjtvCbBy0KER,No Rest - Acoustic,16,False,Dry the River,Shallow Bed (Acoustic),2012-12-17,b5540681352e06ac
2N9DSzHxPdD3g1eZi2s8Zk,Ravens,33,False,Mount Eerie,A Crow Looked at Me,2017-03-24,b5540681352e06ac
6btHIhSfGgKLih8paywdlL,Lion's Den - Acoustic,10,False,Dry the River,Shallow Bed (Acoustic),2012-12-17,b5540681352e06ac
2x8evxqUlF0eRabbW2JBJd,Fluorescent Adolescent,77,False,Arctic Monkeys,Favourite Worst Nightmare,2007-04-22,b5540681352e06ac
48UPSzbZjgc449aqz8bxox,Californication,84,False,Red Hot Chili Peppers,Californication (Deluxe Edition),1999-06-08,b5540681352e06ac
5ZPVQMYn6nD6KYY9U6lwVA,Someone New,0,False,Hozier,Hozier (Special Edition),2014-11-06,b5540681352e06ac
5qqoBbSux4oyVsPGQySxJE,"Kammersymphonie, Op. 9",1,False,Arnold Schoenberg,"Schoenberg Chamber Symphonies, Five Pieces, Op. 16",2017-01-01,b5540681352e06ac
64J8rZB8zvU4t7WpRnWvvr,"Symphony No. 1 in A flat, Op. 55: I. Andante. Nobilmente e semplice - Allegro",0,False,Edward Elgar,Elgar: Symphony No. 1,2002-01-01,b5540681352e06ac
3x0B8TJ1eU501eFv2DmyBx,"Symphony No. 7 in D minor, Op. 70: 1. Allegro maestoso",1,False,Antonín Dvořák,Dvorak: Symphony No. 7 • Elgar: Enigma Variations,1971-01-01,b5540681352e06ac
7EEk1Bpw2gpKXnyUFdi9qz,Symphony No. 5 in D: I. Preludio (Moderato - Allegro - Tempo I),5,False,Ralph Vaughan Williams,"Vaughan Williams: Symphony No.5 in D, Flos campi & Oboe Concerto",2002-05-07,b5540681352e06ac
2MWC2ol5ErS6UM0R3WNgft,Symphony No. 5 in D: III. Romanza (Lento),5,False,Ralph Vaughan Williams,"Vaughan Williams: Symphony No.5 in D, Flos campi & Oboe Concerto",2002-05-07,b5540681352e06ac
6tRqfTVha9blnU3oHkVKrh,Hope Diamond,0,False,Dry the River,Alarms in the Heart,2014-08-25,b5540681352e06ac
5PgzRKpbppIGbjqmTb4Wzh,"Symphony No. 7 in D minor, Op. 70: 2. Poco adagio",0,False,Antonín Dvořák,Dvorak: Symphony No. 7 • Elgar: Enigma Variations,1971-01-01,b5540681352e06ac
6KTbUl4POyY25Ey9L4y7KI,Symphony No. 5 in D: IV. Passacaglia (Moderato - Allegro - Tempo primo - Tempo del Preludio),3,False,Ralph Vaughan Williams,"Vaughan Williams: Symphony No.5 in D, Flos campi & Oboe Concerto",2002-05-07,b5540681352e06ac
4kVViGZTBZ74xTPzUsbJFc,Lady Dada's Nightmare,16,False,MGMT,Congratulations,2010-04-09,b5540681352e06ac
3AA8xNhDC0MpqwkGX3EP5V,If I Ever Feel Better,64,False,Phoenix,United,2000-03-06,b5540681352e06ac
4iJTP4RoafCiKCypIQKevV,"Symphony No. 7 in D minor, Op. 70: 4. Finale (Allegro)",0,False,Antonín Dvořák,Dvorak: Symphony No. 7 • Elgar: Enigma Variations,1971-01-01,b5540681352e06ac
1QGtwdhaiCdTCAws6DaNPO,"Symphony No. 7 in D minor, Op. 70: 3. Scherzo (Vivace)",3,False,Antonín Dvořák,Dvorak: Symphony No. 7 • Elgar: Enigma Variations,1971-01-01,b5540681352e06ac
2LGdO5MtFdyphi2EihANZG,Knee Socks,75,False,Arctic Monkeys,AM,2013-09-09,b5540681352e06ac
1X4DF3q5k1LPpTP4ZnpL96,Migraine,42,False,Twenty One Pilots,Vessel (with Bonus Tracks),2013-01-08,b5540681352e06ac
0ntQJM78wzOLVeCUAW7Y45,Sex on Fire,83,False,Kings of Leon,Only By The Night,2008-09-23,b5540681352e06ac
116tP87VfGkCBFpS2mP5sv,Holding on to You,42,False,Twenty One Pilots,Vessel (with Bonus Tracks),2013-01-08,b5540681352e06ac
4brDfFEPFMddKoqNEgKXO2,Hang The Cyst,35,False,The Last Shadow Puppets,Standing Next To Me,2008-07-07,b5540681352e06ac
0SUiF6BG2OPfqorlag9vlM,Kitchen Sink - Bonus Track,40,False,Twenty One Pilots,Vessel (with Bonus Tracks),2013-01-08,b5540681352e06ac
2IoMALzIBtI9zeIEzh1VI7,Solution,0,False,Oscar Rocchi,"Jazz Connection, Vol. 2",2017-04-01,b5540681352e06ac
2zzLRQ78kKfPTx8FJQCdC2,When The Sun Goes Down,72,True,Arctic Monkeys,"Whatever People Say I Am, That's What I'm Not",2006-01-29,b5540681352e06ac
7wwsdetDpqdnajrqnhU50M,Ode to Sleep,39,False,Twenty One Pilots,Vessel (with Bonus Tracks),2013-01-08,b5540681352e06ac
6Slvi85s1hIaeykjvDe1xk,Perhaps Vampires Is A Bit Strong But…,56,False,Arctic Monkeys,"Whatever People Say I Am, That's What I'm Not",2006-01-29,b5540681352e06ac
2EDI0r2F9Qhvi7XiEoctHH,Trees,39,False,Twenty One Pilots,Vessel (with Bonus Tracks),2013-01-08,b5540681352e06ac
4Sfa7hdVkqlM8UW5LsSY3F,Take a Walk,64,False,Passion Pit,Gossamer,2012-07-23,b5540681352e06ac
4KDXh5ocFmL4sKLs3UN7fB,Doing the Right Thing,0,False,Daughter,Not To Disappear,2016-01-15,b5540681352e06ac
0CFH5KIqbHLuXmBH6YuYpu,"Symphony No. 5 in E-Flat Major, Op. 82: III. Allegro molto - Largamente assai",0,False,Jean Sibelius,Sibelius: Symphonies Nos. 5 & 6 - The Swan of Tuonela,2012-09-04,b5540681352e06ac
1gl0EVVQ4sWIy27RXkgFHP,"Symphony No. 5 in E-Flat Major, Op. 82: II. Andante mosso, quasi allegretto",0,False,Jean Sibelius,Sibelius: Symphonies Nos. 5 & 6 - The Swan of Tuonela,2012-09-04,b5540681352e06ac
0KabZyad8zGsW4zKi9FK4a,Symphony No. 2 in B Minor: III. Andante,0,False,Alexander Borodin,Borodin: Symphony No. 2 in B Minor Conducted by Carlos Kleiber (1972) and Erich Kleiber (1947),2004-01-01,b5540681352e06ac
3MH3oRNyFb5mNm663xcK7T,Smother,0,False,Daughter,If You Leave,2013-03-18,b5540681352e06ac
3smAYCIyUKT0uiw4HMpIJl,Tighten Up,0,False,The Black Keys,Brothers (Deluxe Edition),2010-10-18,b5540681352e06ac
4F8j7akUIf2GXeCMjlUxjD,Symphony No. 2 in B Minor: I. Allegro,0,False,Alexander Borodin,Borodin: Symphony No. 2 in B Minor Conducted by Carlos Kleiber (1972) and Erich Kleiber (1947),2004-01-01,b5540681352e06ac
0G4OI1WbyaNxtUaOypt0Gt,"Piano Concerto in G Major, M. 83: 1. Allegramente",0,False,Maurice Ravel,Ravel: Piano Concertos; Valses nobles et sentimentales,1998-01-01,b5540681352e06ac
6aYlLX7TGGVF7FwVCMIocG,The Run and Go,37,False,Twenty One Pilots,Vessel (with Bonus Tracks),2013-01-08,b5540681352e06ac
300RfAPZ57B0y6YYj9n6DN,Superstition - Single Version,2,False,Stevie Wonder,Number Ones,2007-01-01,b5540681352e06ac
1iAexzag3WmXPIWc3itxsS,We Sleep In Pairs,29,False,Everything Everything,Get To Heaven (Deluxe),2015-06-22,b5540681352e06ac
77vDHmiANW3JS2gNN5q7pI,Fall Away,1,False,Twenty One Pilots,Twenty One Pilots,2009-12-29,b5540681352e06ac
1mr3616BzLdhXfJmLmRsO8,Fireflies,1,False,Owl City,Ocean Eyes,2009-01-01,b5540681352e06ac
0beNLCZi4B3W3rbZMd7CzB,Take Me Home - 2016 Remaster,32,False,Phil Collins,No Jacket Required (Deluxe Edition),1985-02-18,b5540681352e06ac
4lFs7sP61YO51zhJpTKdZB,Rounder ||,0,False,Fever the Ghost,Zirconium Meconium,2015-09-25,b5540681352e06ac
6fMxie6FMjHnvPNxXfxIjh,We'll Never Know The Place...,0,False,Fever the Ghost,Crab in Honey,2014-10-06,b5540681352e06ac
67Z2jucFcYHM5xEuqBcocm,"12 Etudes d'exécution transcendante, S.139: No.4 Mazeppa (Presto)",0,False,Franz Liszt,"Transcendental - Daniil Trifonov Plays Franz Liszt (Etudes S. 139, S. 141, S. 144, S. 145)",2016-10-07,b5540681352e06ac
4SCgZeb90iwWOsyxwTB9Rp,"Ständchen, en ré mineur S.560",0,False,Franz Liszt,Lise De La Salle: A Portrait,2012-11-19,b5540681352e06ac
0mWYJySdQzD1Sr4raZhMT3,"Liebesträume, S. 541: III. O Lieb, So Lang Du Lieben Kannst",1,False,Franz Liszt,Liszt Piano,2016-10-01,b5540681352e06ac
3rqOtiz3ajEC6s9JUfKchC,"Hungarian Rhapsody No. 3 in B-Flat Minor, S.244/3",3,False,Franz Liszt,Liszt: Hungarian Rhapsodies,2014,b5540681352e06ac
1G4ihV1bLbtKQoPyORGwiA,Wind Quintet No. 3 in F Major: I. Allegro maestoso,1,False,Giuseppe Maria Cambini,Cambini: Wind Quintets Nos. 1-3 / Briccialdi: Wind Quintet in D Major,1996-03-01,b5540681352e06ac
2u9VGZmVz7Rm01SfDgzcfA,"Liebestraum No. 3 in A-Flat Major, S. 541 / 3",61,False,Franz Liszt,Liszt - My Piano Hero,2011-07-25,b5540681352e06ac
4CkGpi62TKOQgTwyVCV0v4,Hinterland,0,False,Fever the Ghost,Zirconium Meconium,2015-09-25,b5540681352e06ac
2Hnurh1BcigGbCGFOb4Uid,"La campanella in G-Sharp Minor (From ""Grandes études de Paganini"", S. 141/3)",52,False,Franz Liszt,Liszt - My Piano Hero,2011-07-25,b5540681352e06ac
2INdpgfJqF5gpkq0nV4Nd6,Distant Past - Jim Eno Sessions,6,False,Everything Everything,Spotify Sessions,2016-08-01,b5540681352e06ac
4tiYHRzRABWouOBDIus8Fc,"Symphony No. 5 in E-flat Major, Op. 82: II. Andante mosso, quasi allegretto",0,False,Jean Sibelius,Sibelius: Symphonies Nos 1 - 7 Kullervo / Pohjola's Daughter / The Oceanides,2016-10-14,b5540681352e06ac
2zXDr18Dbak0w6rzCILNVk,Embers - Original Mix,0,False,Feed Me,Feed Me's Escape From Electric Mountain,2012-02-06,b5540681352e06ac
30GosuQcfHxB3d2Ng8x1xI,Trichitillomania - Original Mix,0,False,Feed Me,Feed Me's Escape From Electric Mountain,2012-02-06,b5540681352e06ac
18QTTz0d4cAPzDWhzwwKFT,Death Of Me [ASOT 555] - Original Mix,1,False,Estiva,A State Of Trance Episode 555,2012-04-05,b5540681352e06ac
44f2AVSNQ3xVs1EI0S0bjl,Like Real People Do,0,False,Hozier,Hozier,2014-07-20,b5540681352e06ac
4dzOxPZFYX77xpMwv4EhnO,Fat Lip,2,True,Sum 41,"All Killer, No Filler",2001-01-01,b5540681352e06ac
5189EP8V073KOxCBMauDA7,Relocation - Original Mix,0,False,Feed Me,Feed Me's Escape From Electric Mountain,2012-02-06,b5540681352e06ac
1IJkqtUVTqDYbXZGHuo901,To Be Alone,0,False,Hozier,Hozier,2014-07-20,b5540681352e06ac
0PdZfwb7Hc9oQLpusD6DhV,In A Week,0,False,Hozier,Hozier,2014-07-20,b5540681352e06ac
6ukvsBzq4d1vBsAUmz7ZVt,Daft Punk,54,False,Pentatonix,"PTX, Vol. 2",2013-11-05,b5540681352e06ac
6vGVf8K3ri7VfkCj6PtZRy,Radioactive,0,False,Pentatonix,Radioactive,2014-05-05,b5540681352e06ac
00qnJBzKE8FQsIXoio0Kqd,Give Us This Day: II. Very fast,2,False,David Maslanka,The Music of David Maslanka,2011-06-07,b5540681352e06ac
4hxemf0pE0mSzubgsfRLWu,Rather Be (Clean Bandit Cover),43,False,Pentatonix,"PTX, Vol. III",2014-09-23,b5540681352e06ac
3vaWsG3oKZt0bSra2p5c5R,If I Ever Fall In Love (feat. Jason Derulo),40,False,Pentatonix,Pentatonix (Deluxe Version),2015-10-16,b5540681352e06ac
4940HtUKC4VDtiC5s4t4MT,Sing,51,False,Pentatonix,Pentatonix (Deluxe Version),2015-10-16,b5540681352e06ac
6TUV0YguQNcVe5ntktzXWu,Where Are Ü Now,35,False,Pentatonix,Pentatonix (Deluxe Version),2015-10-16,b5540681352e06ac
1klGbW5a9qTBFUjFfddbmU,Can't Sleep Love,55,False,Pentatonix,Pentatonix (Deluxe Version),2015-10-16,b5540681352e06ac
3Er3aI3sgCX4ZTxVNpqxkT,"Strauss, R: Horn Concerto No. 1 in E-Flat Major, Op. 11: II. Andante",7,False,Richard Strauss,Strauss: Horn Concertos Nos.1 & 2 / Duet Concertino / Serenade,1995-05-05,b5540681352e06ac
4KSDPYRcQwkx6HT7G0zP5L,"Strauss, R: Horn Concerto No. 1 in E-Flat Major, Op. 11: I. Allegro",10,False,Richard Strauss,Strauss: Horn Concertos Nos.1 & 2 / Duet Concertino / Serenade,1995-05-05,b5540681352e06ac
6a5QzUZuTOi5apGZ6Nmdpx,Lean On,38,False,Pentatonix,Pentatonix (Deluxe Version),2015-10-16,b5540681352e06ac
6v08G3CGcoyiODIWZoOxR4,Na Na Na,44,False,Pentatonix,Pentatonix (Deluxe Version),2015-10-16,b5540681352e06ac
6TbBdBq7x12FUHSaIZfTP3,"Dvořák: Legends, Op. 59, B. 122: No. 2 in G Major, Molto moderato",0,False,Antonín Dvořák,Dvorák: Symphony No. 8 & 10 Legends,2014-08-25,b5540681352e06ac
0YloJN6WxiAHV3vXxEKbf3,"Dvořák: Symphony No. 8 in G Major, Op. 88, B. 163: III. Allegretto grazioso",1,False,Antonín Dvořák,Dvorák: Symphony No. 8 & 10 Legends,2014-08-25,b5540681352e06ac
2F3Y7R1Rr61VQ7vDzRnynU,Don't Believe,0,False,Vashti Bunyan,Some Things Just Stick in Your Mind,2007-10-21,b5540681352e06ac
4SiYxDpeYbzn8ZXxmHZbsF,Iris's Song (Version Two),0,False,Vashti Bunyan,Just Another Diamond Day,1970,b5540681352e06ac
3z5aFKQBc5LDqkXmgCF1zx,Come Wind Come Rain,0,False,Vashti Bunyan,Just Another Diamond Day,1970,b5540681352e06ac
4VGUcTzWj0ebZ0UgI9irJL,Stricken,0,False,Disturbed,Ten Thousand Fists,2005-09-19,b5540681352e06ac
1xHcapGIorRGVlBnWE7X4N,Inside the Fire,24,False,Disturbed,Disturbed,2010-04-26,b5540681352e06ac
3BWWSa0UDSVP6Z9uRrT175,Land Of Confusion,0,False,Disturbed,Ten Thousand Fists,2005-09-19,b5540681352e06ac
73RGpQg8Cxtly4QuHtNiOd,Town Called Malice,0,False,The Jam,The Jam Story,2006-06-05,b5540681352e06ac
2FfIR4yloyN48IX1xe4huW,Note To Self,0,False,From First To Last,Dear Diary,2005-07-26,b5540681352e06ac
461RZaiXQvRcSjxvdbVxBq,Ashley,0,False,Escape the Fate,This War Is Ours,2008-10-18,b5540681352e06ac
1tIGLzrhqe38CzrfNDRf8I,The Weight Of The World,0,False,Young Guns,Mirrors EP,2009-08-09,b5540681352e06ac
5KRRcT67VNIZUygEbMoIC1,1979,1,False,The Smashing Pumpkins,Mellon Collie And The Infinite Sadness,1995-10-24,b5540681352e06ac
6qpN7PrkVsP3N3xO7WlCaw,Self Esteem,1,False,The Offspring,Smash,1994-04-08,b5540681352e06ac
7iPEHOhtYKj9GPskSIw5OY,Don't Stop - Main,21,False,Innerpartysystem,Innerpartysystem,2008-01-01,b5540681352e06ac
3b6uenXXbpCRxXyzFzWi3J,Phenomenon,55,False,Thousand Foot Krutch,Phenomenon,2003-01-01,b5540681352e06ac
1GdLVQ5laMhRTJEJNvP2cq,Matters at All,11,False,Kids In Glass Houses,Matters At All,2010-01-29,b5540681352e06ac
63mkh4yABneHUVhvLCtGau,Behind Blue Eyes,0,False,Limp Bizkit,Lost & Found: Limp Bizkit,2007,b5540681352e06ac
0DRbs8UUnsjhXm2tCj4Bjt,Don't Stop,0,False,Innerpartysystem,Compilation / Dirt 2 (International Version),2009-11-23,b5540681352e06ac
0XmWQpocZOllyFxUSghTDk,Emily,0,False,From First To Last,Dear Diary,2005-07-26,b5540681352e06ac
5h6wjRnugJbE4e0vzNiFUD,Coming Undone,0,False,Korn,See You On The Other Side,2005-12-06,b5540681352e06ac
