track_id,track_name,track_popularity,explicit,artist_name,album_name,release_date,user_id
1sTzDqhcrpB2BC8TOMeInR,We Are the Music Makers,48,False,Aphex Twin,Selected Ambient Works 85-92,1992-02-10,b5540681352e06ac
1fFz66S0gJrSNDaLosf5D5,FLASH BACK MEDLEY - Live,0,False,CASIOPEA,20TH (Live),2006-07-26,b5540681352e06ac
3AgEOAo3dvkjtsBmeTGRjg,Get A Move On!,45,False,Mr. Scruff,Keep It Unreal (10th Anniversary Analogue Remaster Edition),1999,b5540681352e06ac
3OAzR0N5qFHGbVSOiFNyem,Predawn,30,False,Terumasa Hino,The Enja Heritage Collection: Taro's Mood,1973,b5540681352e06ac
1bne4gsJshCv77LeKqQb1A,Space Walk,38,False,Lemon Jelly,Lost Horizons,2003-07-21,b5540681352e06ac
67Hna13dNDkZvBpTXRIaOJ,Teardrop,73,False,Massive Attack,Mezzanine,1998-01-01,b5540681352e06ac
1r1OeKQ1y7Q20A6ekUXtYq,Papua New Guinea,24,False,The Future Sound Of London,Accelerator Deluxe,2002,b5540681352e06ac
1tnhrn0zNTQGbo77wNwy44,8 Ball,50,False,Underworld,1992 - 2012,2014-01-01,b5540681352e06ac
0KIPa0YuQ5QFmlAqRyXNd9,At the River,58,False,Groove Armada,Vertigo,2000-02-22,b5540681352e06ac
4RzUcGT0RAmyeEe5wmvz88,Echoes - Live in Gdańsk,31,False,David Gilmour,Live in Gdansk,2008-07-14,b5540681352e06ac
09xi7Z0uUwEzwcN7pFMvhq,Symphony No. 10: I. Adagio,13,False,Gustav Mahler,Mahler: Symphony No. 10,2021-02-12,b5540681352e06ac
2uMm657euPoE7Vgaukuupl,Pagan Poetry,51,False,Björk,Vespertine,2001-08-27,b5540681352e06ac
5ZtKJy1I3RfBfgEPiTWaDn,Goldrush,30,False,The Herbaliser,Very Mercenary,1999-04-01,b5540681352e06ac
4b3i2rXFZx9JqQQq9KuVAj,Satellite Anthem Icarus,40,False,Boards of Canada,The Campfire Headphase,2005-10-17,b5540681352e06ac
500ouxcxTEi5VVq9seEXHD,Release the Pressure,43,False,Leftfield,Leftism,1995,b5540681352e06ac
6kYwzIqAj4Wp6ApoPpoqny,You Make It Easy,55,False,Air,Moon Safari,1998-01-16,b5540681352e06ac
6lbaoGKwwS0BZsihiJMkA6,Bloom: Small World,39,False,Brian Eno,Bloom: Living World - Single,2025-01-31,b5540681352e06ac
0XiHcuUEf1wmvmX1cOaVR9,Eyesdown,44,False,Bonobo,Black Sands,2010-03-29,b5540681352e06ac
2CjgpJI3lrHKXEBsmaDR9w,Seaside,26,False,Max Melvin,Seaside,2002-04-15,b5540681352e06ac
6CgIaRVXNmpUgeVuHmA4a2,Somersault,7,False,Zero 7,When It Falls,2004-03-02,b5540681352e06ac
2eV5tSdlAqNQIHRzHUMsXe,Da Feelin,52,False,Nightmares On Wax,Thought So…,2008-08-25,b5540681352e06ac
0NNCkIadCP6VnV7LeGL1zx,Natural Blues,66,False,Moby,Play,1999-05-17,b5540681352e06ac
1ozd6LRH81Tdzm4bniAk7R,Forever Dolphin Love,28,False,Connan Mockasin,Forever Dolphin Love,2011-03-28,b5540681352e06ac
67WqHuS6rVIOU9R7h8yn8m,Lay in a Shimmer,28,False,Pantha Du Prince,Black Noise,2010-02-08,b5540681352e06ac
6BlJSNxgtngyE6WAVY87NT,Sweet Tides,58,False,Thievery Corporation,Radio Retaliation,2008-09-23,b5540681352e06ac
05kVyNUR9uibHta4jcGTTv,Innerbloom,55,False,RÜFÜS DU SOL,Bloom,2016-01-22,b5540681352e06ac
5xcunlfaZvD9BDQsLONI7A,HALCYON + ON + ON,58,False,Orbital,Orbital 2,1993-01-01,b5540681352e06ac
7uo6WnSPJTXoiQAerBTmMs,Tender Defender,51,False,Vulfpeck,Clarity of Cal,2025-03-04,b5540681352e06ac
1yQNHzLx4VFofmUNHT3FHa,New Beastly,48,False,Vulfpeck,Clarity of Cal,2025-03-04,b5540681352e06ac
7FVvHGA46aU7mkwx4iHMRE,Little Fluffy Clouds,50,False,The Orb,Adventures Beyond The Ultraworld,1991-04-02,b5540681352e06ac
0FujKlrcfwpwL6Ct6LWzhJ,Can You Tell,40,False,Vulfpeck,Clarity of Cal,2025-03-04,b5540681352e06ac
0yKMpE6GKSQa0s9Q0GmJOA,Pescheria Session,8,False,Maria Violenza,untitled,2025-04-11,b5540681352e06ac
3GoCxhFVRxp9Zy2uU1ZbHp,Azura's Coast,48,False,Brad Derrick,The Elder Scrolls Online: Morrowind (Original Game Soundtrack),2017-06-07,b5540681352e06ac
2MuWTIM3b0YEAskbeeFE1i,Master Of Puppets,78,False,Metallica,Master Of Puppets (Remastered),1986-03-03,b5540681352e06ac
1oAXCrA0erQifxo6OQmbaT,ECCENTRIC GAMES - Live,0,False,CASIOPEA,20TH (Live),2006-07-26,b5540681352e06ac
11NkxJtowfjaJksJbjYAS0,Outro Lugar,59,False,Toco,Outro Lugar,2007-06-19,b5540681352e06ac
6LtR9Sz2copzqmpcrkbYxU,The Wheel (Is Turning Now),34,False,Everything Everything,Get To Heaven (Deluxe),2015-06-22,b5540681352e06ac
6ZxFFQoKVcJABXso8Te6iJ,The Hush (feat. Texas),28,False,Rae & Christian,Northern Sulphuric Soul,1998-03-12,b5540681352e06ac
3S7BY09LxCSgDX17AgVvYK,Matter of Time,48,False,Vulfpeck,Clarity of Cal,2025-03-04,b5540681352e06ac
4adA7Fwkg19s4ajU7Nj7Ua,Dawn of the Forest,32,False,Takashi Kokubo,Healing Collection: Quiet Comfort,2007-09-28,b5540681352e06ac
2VyvDGdcVY04cNYou9MFVX,Dirty Cash (Money Talks),78,False,PAWSA,Dirty Cash (Money Talks),2024-11-15,b5540681352e06ac
5Nn2Dj7OQsGL6pgQ9iIzPp,Ghostwriter,56,False,RJD2,Deadringer: Deluxe,2002,b5540681352e06ac
4HKizCM9vtW0UxvP7DqkaZ,Funny Break (One Is Enough) - Single Version,24,False,Orbital,20,2009-01-01,b5540681352e06ac
5it4oClRgOmKzwahwKrATb,Sail,26,False,Aim,Cold Water Music,1999,b5540681352e06ac
1Qysx2CoPi05PFj91SSXG0,Passage,13,False,Tenzin Choegyal,Snow Flower,2025-04-04,b5540681352e06ac
0P0SL44GJsBBNEHav9Es69,Magnus Smiles on Suran,46,False,Brad Derrick,The Elder Scrolls Online: Morrowind (Original Game Soundtrack),2017-06-07,b5540681352e06ac
5XoUmYzWa8YTaxxV9DWEU3,Melt - Remastered,44,False,Leftfield,Leftism,1995,b5540681352e06ac
5vr4HBj3fMioTj5IsT4pxE,Rizomantra (Rmx),0,False,Rizomagic,Rizomantra (Rmx),2022-02-14,b5540681352e06ac
4VqPOruhp5EdPBeR92t6lQ,Uprising,78,False,Muse,The Resistance,2009-09-10,b5540681352e06ac
2RlgNHKcydI9sayD2Df2xp,Mr. Blue Sky,79,False,Electric Light Orchestra,Out of the Blue,1977,b5540681352e06ac
4dCOHVQRRay8ldlP4TtCI1,Grazelands Dawn (feat. Jeremy Soule),47,False,Brad Derrick,The Elder Scrolls Online: Morrowind (Original Game Soundtrack),2017-06-07,b5540681352e06ac
7KOZQjsli9Ss1c9lNMTKRu,Wavy Gravy,15,False,Sasha,Airdrawndagger,2002-07-29,b5540681352e06ac
1M3MUcSSE0CF3cCEJO4v4l,ウォーク・トール,41,False,鈴木 弘,キャット,1976,b5540681352e06ac
1IudVcAziTe0kOu3De3jDt,Get To Heaven,36,False,Everything Everything,Get To Heaven (Deluxe),2015-06-22,b5540681352e06ac
35V0s9hDRgdRqDIRnCMbFY,"Piano Sonata No. 6 in D Major, K. 284 ""Dürnitz"": III. Tema con variazione",13,False,Wolfgang Amadeus Mozart,Mozart: The Piano Sonatas,2001-01-01,b5540681352e06ac
2374M0fQpWi3dLnB54qaLX,Africa,86,False,TOTO,Toto IV,1982-04-08,b5540681352e06ac
4L2F0LcDVtNrFc1K4lmx3m,Distant Past,49,False,Everything Everything,Get To Heaven (Deluxe),2015-06-22,b5540681352e06ac
6o0IytQVis0KjQCkcFtqGD,Teletype,37,False,Everything Everything,Raw Data Feel,2022-05-20,b5540681352e06ac
5lVFuhdXSTFgIv65V8Zvua,"Symphony No. 5 in E Minor, Op. 64: I. Andante – Allegro con anima",40,False,Pyotr Ilyich Tchaikovsky,Tchaikovsky: Symphony No. 5,2020-10-23,b5540681352e06ac
4FINgt227pn33WYTAjo8Z1,"Concerto in E flat ""Dumbarton Oaks"": 1. Tempo giusto",10,False,Igor Stravinsky,Stravinsky: Dumbarton Oaks; Danses Concertantes; Concerto in D for Strings,1989-01-01,b5540681352e06ac
6mGzxaHxmK8hSQJn1AmMPF,Recollection of Wars Long Lost,39,False,Brad Derrick,"The Elder Scrolls Online: Music of Tamriel, Vol. 1 (Original Game Soundtrack)",2016-02-12,b5540681352e06ac
3ZzhV6JIDKWvWR7wiKWD0C,La femme d'argent,63,False,Air,Moon Safari,1998-01-16,b5540681352e06ac
2oeBegHX6tUL4R0iUJkfcm,State of Mind,29,False,Goldie,Timeless,1995-01-01,b5540681352e06ac
1SN1gifVAKecU85lZggS8k,No Reptiles,47,False,Everything Everything,Get To Heaven (Deluxe),2015-06-22,b5540681352e06ac
2sgeR4J7gQwSZwfgtvVbQj,処女航海,41,False,SHIGEO SEKITO,華麗なるエレクトーン -サマータイム-,1977-03-25,b5540681352e06ac
3VIMS1p3sNifH0RQnmDf7s,Jumbo,49,False,Underworld,Beaucoup Fish (Remastered / Super Deluxe),1999-03-01,b5540681352e06ac
6YWl0uGhdL50JtN63OvO52,Rhapsody in Green,45,False,Mort Garson,Mother Earth's Plantasia,2019-03-22,b5540681352e06ac
63xlQqbvoF0nZgLEpgddgz,Lady,17,False,Fela Kuti,The Best of The Black President,1999-01-01,b5540681352e06ac
3VkHaDyt2H3yhQtYG4TJhe,Memories,37,False,Vulfpeck,Clarity of Cal,2025-03-04,b5540681352e06ac
0rdbZRjXBEbM3fP7IGVYaz,Bird Language,31,False,Will August Park,Doff,2024-12-06,b5540681352e06ac
42GP0xKtkolBnmqQRvSllO,Welcome Home,64,True,Coheed and Cambria,Good Apollo I'm Burning Star IV Volume One: From Fear Through The Eyes Of Madness,2005-01-15,b5540681352e06ac
7j74lucZ59vqN67Ipe2ZcY,Maneater,82,False,Daryl Hall & John Oates,H2O,1982-10-04,b5540681352e06ac
7KpT37MaMqDJZfbYpTMxKs,Big Dipper,46,False,Vulfpeck,Clarity of Cal,2025-03-04,b5540681352e06ac
55gISxV37mffOW2DbSskT3,Starálfur,50,False,Sigur Rós,Ágætis byrjun,1999-06-12,b5540681352e06ac
1fV2Bp9JpE1CavonususVW,"I'm Jim Morrison, I'm Dead",37,False,Mogwai,The Hawk Is Howling,2008-09-21,b5540681352e06ac
1AWQoqb9bSvzTjaLralEkT,Rock Your Body,82,False,Justin Timberlake,Justified,2002-11-04,b5540681352e06ac
61qcyE6AKeRlbNUzgamxwv,Fog Rolls Out Rabun Gap,31,False,Ben Seretan,Cicada Waves,2021-04-30,b5540681352e06ac
1ecBqzq66k26hMhqrmKMpH,"Concerto in E flat ""Dumbarton Oaks"": 3. Con moto",7,False,Igor Stravinsky,Stravinsky: Dumbarton Oaks; Danses Concertantes; Concerto in D for Strings,1989-01-01,b5540681352e06ac
0BBpFwknocf5z2ydAkTjDd,Redder Than The Moon,25,False,John Looke,SVMMER SVN vol. 6,2018-08-11,b5540681352e06ac
1vgSaC0BPlL6LEm4Xsx59J,An Ending (Ascent) - Remastered 2005,58,False,Brian Eno,Apollo,1983-07-01,b5540681352e06ac
4Ms0GKHCtr5Lpg4dKOhO2I,Building Steam With A Grain Of Salt,51,True,DJ Shadow,Endtroducing.....,1996-01-01,b5540681352e06ac
5c6tU3SB0TylPXCVfQnGfz,Escape Cape,25,False,RUMTUM,Isles in Indigo,2022-01-28,b5540681352e06ac
7MrRFi6swb5Jwef9esaJIF,"Symphony No. 5 in E Minor, Op. 64: II. Andante cantabile, con alcuna licenza",41,False,Pyotr Ilyich Tchaikovsky,Tchaikovsky: Symphony No. 5,2020-10-23,b5540681352e06ac
49c89V1h9Mt9OM5sOm82vG,Fuck The Rest,44,True,Falling In Reverse,Fashionably Late (Deluxe Edition),2013-06-18,b5540681352e06ac
2DWVoL45ncGjMsAdd2t2Kl,'68 aka Only Time,23,False,Lemon Jelly,'64-'95,2005-01-31,b5540681352e06ac
0Ou9ZGEhuxJwu5SbEp2XQp,Spring / Sun / Winter / Dread,44,False,Everything Everything,Get To Heaven (Deluxe),2015-06-22,b5540681352e06ac
4KR5MB0eShbcuSziRInzz9,ザ ダイアログ ウィズ ヴィヴラホーン,32,False,猪俣 猛,ザ・ダイアログ,2001-11-24,b5540681352e06ac
7Ft2WruIDTob1A8X4WCT5V,Routine,18,False,KZA (Force Of Nature),Dig And Edit,2010-01-14,b5540681352e06ac
6AI3ezQ4o3HUoP6Dhudph3,Not Like Us,87,True,Kendrick Lamar,Not Like Us,2024-05-04,b5540681352e06ac
4o6BgsqLIBViaGVbx5rbRk,You Make My Dreams (Come True),80,False,Daryl Hall & John Oates,Voices,1980,b5540681352e06ac
4TLGUA3N47qYyl4rdNkTFG,Mandjou,25,False,Les Ambassadeurs,Anthology,2011-01-01,b5540681352e06ac
0Xg22ccqdI2lvW7KWj4501,"Piano Concerto No. 1 in C Major, Op. 15: II. Largo",30,False,Ludwig van Beethoven,Beethoven: Piano Concertos No.1 & 2,1992-01-01,b5540681352e06ac
22sUDQOuRmF1P2bHVpYb5P,Let Me Get Myself Together,28,False,Jon Kennedy,We're Just Waiting for You Now,2001,b5540681352e06ac
249vaomDI0QnrJlT5oqAtp,Plants,36,False,DOVS,Psychic Geography,2025-01-17,b5540681352e06ac
6eZY1TFzKzVz5J8bBP0Kqe,Yearning for Moonshadow,40,False,Brad Derrick,The Elder Scrolls Online Original Game Soundtrack,2014-04-02,b5540681352e06ac
3dioFt6ZxGIka2cw5yXzX9,STHLM AIR,16,False,SLOWIFI,STHLM AIR,2025-03-14,b5540681352e06ac
0XQoOGwbUn930qZGji0885,In My Mind,27,False,drkmnd,Nausea,2018-04-30,b5540681352e06ac
5xYR2G6YOEzX2X9asFUrOE,Space 1,53,False,Nala Sinephro,Space 1.8,2021-09-03,b5540681352e06ac
3gOEYrmxejidBqgxgeTpJ0,Marginalia #119,21,False,Masakatsu Takagi,Marginalia #119,2022-12-24,b5540681352e06ac
0WprcCQhZuJBU2KR1h8tRh,Cold Reactor,50,False,Everything Everything,Mountainhead,2024-03-01,b5540681352e06ac
7MRwp5rTiTDBPB81fkAyMU,The Mad Stone,36,False,Everything Everything,Mountainhead,2024-03-01,b5540681352e06ac
4cCKZyYg84iHBRmUxxLt2V,Canary,30,False,Everything Everything,Mountainhead,2024-03-01,b5540681352e06ac
1QqZwV3fCZAdTv5fEvaFvo,R U Happy?,35,False,Everything Everything,Mountainhead,2024-03-01,b5540681352e06ac
6U2ty6FZaiv416V3odvKzZ,"Serenade No. 1 in D Major, Op. 11: I. Allegro molto",1,False,Johannes Brahms,Brahms: Serenades Nos. 1 & 2,2017-03-17,b5540681352e06ac
5BD9SqJecAsPUI717asNV6,Passacaglia,35,False,Lars Danielsson,Liberetto II,2014-08-29,b5540681352e06ac
6PBSZf43GwbmAT7fQH9yPq,"Buddy, Come Over",35,False,Everything Everything,Mountainhead,2024-03-01,b5540681352e06ac
3odTQxlfUKBKnyDIhrug8T,A Lotus On Irish Streams,18,False,John McLaughlin,The Inner Mounting Flame,1971-06-23,b5540681352e06ac
16bqEo3yqJzmuA5DXLKSDm,Solar Waltz,39,False,Cosmo Sheldrake,The Much Much How How and I,2018-04-06,b5540681352e06ac
4hs0ol9UoDjDzuT3LHgaFQ,Come Along,44,False,Cosmo Sheldrake,The Much Much How How and I,2018-04-06,b5540681352e06ac
7qC4rKii8w8tkfjDk46TCA,The Wheel,24,False,Ugly (UK),Twice Around the Sun,2024-04-03,b5540681352e06ac
72QF1SBVFfRt0gZ302u4XZ,Rain City,43,False,Berezy,Rain City,2023-10-11,b5540681352e06ac
2jujJUIec7WJiop5CL85wy,Symphonies of Wind Instruments (1947 Version),0,False,Igor Stravinsky,Stravinsky: Works for Winds,2017-11-17,b5540681352e06ac
0tLimqiQcY0HZ76eQXcqLK,Pizza Boy,42,False,Everything Everything,Raw Data Feel,2022-05-20,b5540681352e06ac
7xfWIh2yjHDmkomIO7uiAH,Malæla,49,False,Prime8,"Downstream, Vol. 1",2023-12-01,b5540681352e06ac
4YHiXcfBK6ei5TtQPZGwnI,"Der Rosenkavalier Suite, Op. 59, TrV 227",3,False,Richard Strauss,Strauss: Der Rosenkavalier Suite - Till Eulenspiegels lustige Streiche - Vier letzte Lieder,2010-08-24,b5540681352e06ac
5zr484nvaTNI8IEjjp85D1,Mano Sinistra,7,False,Tonbruket,Forevergreens,2016-03-18,b5540681352e06ac
6SNhXSIWcfu6ookPHDaRba,Don't Ask Me To Beg,30,False,Everything Everything,Mountainhead,2024-03-01,b5540681352e06ac
5k5eFS6KhqriULcojCy9EX,A Cosmic Hiss,29,False,Lola,A Cosmic Hiss,2024-02-23,b5540681352e06ac
5UGCvqctOKb1cC0b2hJi1q,The End of the Contender,39,False,Everything Everything,Mountainhead,2024-03-01,b5540681352e06ac
4Lxh3lRm24bFhsmQyQsRMe,Flat,0,False,Philphonic,Flat,2022-10-13,b5540681352e06ac
0CtQMil54kzybZVGAFAZ0S,Jennifer,35,False,Everything Everything,Raw Data Feel,2022-05-20,b5540681352e06ac
0ggtOtlelbjiOavXz4HHHx,Bad Friday,34,False,Everything Everything,Raw Data Feel,2022-05-20,b5540681352e06ac
5zHjgIgdf14yK4W5xUQ59J,La forme et le fond,19,False,Keren Ann,Nolita,2004-10-17,b5540681352e06ac
52ISO2r8yrzFsaU54cSMJ9,Butterfly Weed,27,False,The Lofi Big Band,Butterfly Weed,2023-11-22,b5540681352e06ac
7rNefvFQ4Gxt4yCq3a7r6P,Libre,0,False,Jokujekku,Libre,2022-07-15,b5540681352e06ac
4xtOrlx513T58qXxUwo9ui,Wild Guess,33,False,Everything Everything,Mountainhead,2024-03-01,b5540681352e06ac
20THb4yF039Sea9oWiSVtq,Back into Time,11,False,Bipeula,Back into Time,2023-10-06,b5540681352e06ac
0YsMRoZD1nJVwlbIZme23I,Enter the Mirror,42,False,Everything Everything,Mountainhead,2024-03-01,b5540681352e06ac
4oMHSQDO897MVw59IBE9cw,TV Dog,28,False,Everything Everything,Mountainhead,2024-03-01,b5540681352e06ac
1DrlLvlYd1FIjNavRm6NdX,Back Pocket,62,False,Vulfpeck,Thrill of the Arts,2015-10-09,b5540681352e06ac
4vXq5ukq78gSlKWBj5xOKA,I Want A Love Like This,34,False,Everything Everything,Raw Data Feel,2022-05-20,b5540681352e06ac
2ZrUwNP8q29wg3VpvMI0t3,Paces,36,False,Lazlow,Paces,2023-04-05,b5540681352e06ac
21eIBKnBwfRQVHUdwZ9vLA,Night Swimmer (Sea Turtle),7,False,HOWL,Night Creatures,2024-04-05,b5540681352e06ac
22C2VHNuZVvPegO22pMoEf,Whatnot,0,False,Mindscape,Whatnot,2023-11-24,b5540681352e06ac
2pdulgTSVNLaZkwCi32Jk3,Balloons,22,False,Tonbruket,Dig It to the End,2011-05-27,b5540681352e06ac
6K9LWxm740uE2m94xspjm6,Aquarela do Brasil (Participação especial de Gilberto Gil e Caetano Veloso),56,False,João Gilberto,Mestres da Mpb,1992-01-01,b5540681352e06ac
4IkU7Se7vWYxQPqPMday4O,Sandtrommel,20,False,Kosmischer Läufer,"The Secret Cosmic Music of the East German Olympic Program 1972-83, Vol. 1",2014-06-11,b5540681352e06ac
288UlMNjTPKmHqSFg7m09C,Midnight Dinner,43,False,Iassu,Midnight Dinner,2022-07-29,b5540681352e06ac
5TIc53pvTiR7tzz08OwiUj,Myth,44,False,Ben Jammin' Beats,Myth,2023-11-17,b5540681352e06ac
0CnxOS5PGDlPK6UJaluVVC,"Piano Sonata No. 15 in F Major, K. 533/K. 494: II. Andante, K. 533/2",8,False,Wolfgang Amadeus Mozart,Mozart: The Piano Sonatas,2001-01-01,b5540681352e06ac
4ArGyAyIhnFDcwWDg7jiHi,Tequila,0,False,Saiko,Tequila,2023-02-17,b5540681352e06ac
4O09RapJ6LjggOrsEkbEqb,Wriggle,49,False,Cosmo Sheldrake,The Much Much How How and I,2018-04-06,b5540681352e06ac
3CGAv5sBPDC8yXeQACLVfH,habitat,47,False,UKDD,habitat,2023-10-20,b5540681352e06ac
04hAwr98yuWXu11xY6KHx8,Dumptydum,26,False,JAY VANILLA,Dumptydum,2022-05-12,b5540681352e06ac
46bTgJAQkrkNRxMuFnpRyD,Karmacoma,0,False,Massive Attack,Protection,1994-09-26,b5540681352e06ac
6y9RelHF03Ukw9QbMnlTI7,Velours,19,False,Sátyr,Velours,2022-01-28,b5540681352e06ac
66U7274Oapr417BNqeQLoS,Icy Windy Sky,38,False,Ugly (UK),Twice Around the Sun,2024-04-03,b5540681352e06ac
2Mrrlxy5Du4ykchpk2Ek5S,"Piano Sonata No. 17 in B-Flat Major, K. 570: II. Adagio",12,False,Wolfgang Amadeus Mozart,Mozart: The Piano Sonatas,2001-01-01,b5540681352e06ac
6W0gVa2dyLYCl2U19VJo4x,deliberation,31,False,flamingo zamperoni,deliberation,2023-06-29,b5540681352e06ac
2boZizYpgjYUOe03N7qBJS,"Symphony No. 5: III. Scherzo. Kräftig, nicht zu schnell",33,False,Gustav Mahler,Mahler: Symphony No.5,1997-01-01,b5540681352e06ac
0myPNIeqjElCgxGy1NrnJO,Yuna,35,False,Kanisan,Yuna,2023-11-21,b5540681352e06ac
39koMKbq0FLzUpGtyjA8FE,Chè Ja Vu,9,False,Cassette Heads,Chè Ja Vu,2024-02-09,b5540681352e06ac
3FD3hrR7YyGTkQg5v4rzFS,Are You the One? Are You the One?,13,False,John McLaughlin,Electric Guitarist,1978,b5540681352e06ac
7FAbbqRjeWpJpGLlkNRLq8,Liquid Air,17,False,Temples,Exotico,2023-04-14,b5540681352e06ac
2ugTMmn6H166ivXhQWsRjA,Right Thing,44,False,IONA,Right Thing,2023-09-29,b5540681352e06ac
2LmFeLBe39IfY0XfqJ0vOi,Lonely Soul,52,False,UNKLE,Psyence Fiction,1998-08-24,b5540681352e06ac
7sCHy8QQUz3CRvUMp53Cbm,Harvest Moon,61,False,Neil Young,Greatest Hits,2004-11-15,b5540681352e06ac
7JWPqQHFctM4VY1WlFNdF6,Floating,23,False,Slo Five,Floating,2024-01-23,b5540681352e06ac
5w9A6wOujmyEJWTF5Gz3Pq,"Serenade No. 1 in D Major, Op. 11: III. Adagio non troppo",0,False,Johannes Brahms,Brahms: Serenades Nos. 1 & 2,2017-03-17,b5540681352e06ac
2chNlEOvs5WkpZolh0G0ca,Apapane,33,False,Oaty.,Apapane,2023-06-23,b5540681352e06ac
733AHe5JHc1UmlNBGxoAwh,Linger Longer,31,False,Cosmo Sheldrake,The Much Much How How and I,2018-04-06,b5540681352e06ac
0JuXNcbA4jqJgDzIO90f1D,Dream Puppy,37,False,The Sweet Enoughs,Marshmallow,2020-08-05,b5540681352e06ac
4hD0Nyb28QAkRE4qIuYhjl,Rhapsody in Blue - Live,26,False,George Gershwin,"Gershwin: Rhapsody in Blue; Prelude for Piano No. 2 / Bernstein: Symphonic Dances From ""West Side Story""",1983-01-01,b5540681352e06ac
48wH8bAxvBJO2l14GmNLz7,Wait for the Moment,60,False,Vulfpeck,My First Car,2013-12-06,b5540681352e06ac
5qybZxKkbN76AUCgYPFA0Y,Chelsea Burns,20,False,Keren Ann,Nolita,2004-10-17,b5540681352e06ac
2q761Wyz5BfA1Emy3t4vsI,NYC,25,False,Jost Esser,NYC,2024-01-24,b5540681352e06ac
35pTKpJlXTySyP9oH0Cj24,Sha,24,False,Ugly (UK),Twice Around the Sun,2024-04-03,b5540681352e06ac
2DR0SF7IY37qj9GJKmoIjx,Flickering Lights,21,False,Hoffy Beats,Flickering Lights,2023-08-17,b5540681352e06ac
1rH0fl85kkL8ySygNMWvRM,Just Us,43,False,Malia Løu,Just Us,2022-12-22,b5540681352e06ac
73FTS7ybPJJ3mVsF3uJTzE,Resin,17,False,aunt,Resin,2023-09-29,b5540681352e06ac
2f4mTu5Y6I3wVApqhy5wbV,Windmills,21,False,KaspaHauser,Windmills,2021-08-27,b5540681352e06ac
0jWtNsftT5AefufDf4pKk4,Greatest You Can Find,11,False,Keren Ann,Nolita,2004-10-17,b5540681352e06ac
4cdO4V9j6UuDd2piosPdJp,Birth a Basket,26,False,Cosmo Sheldrake,The Much Much How How and I,2018-04-06,b5540681352e06ac
4qm6QmmBVo6mRJhskTubLk,Ripples Of Autumn,43,False,Mendeville,Ripples Of Autumn,2023-11-15,b5540681352e06ac
1SHA4IJyiyNobDOrQzFFXy,Animal Spirits,52,False,Vulfpeck,The Beautiful Game,2016-10-17,b5540681352e06ac
3xxNwh5HZxB0qyzBiVoZbW,Illvibe,0,False,Mindscape,Illvibe,2023-11-03,b5540681352e06ac
1G0IEDWNWEaSXdOuwIIP0J,"Symphony No. 6 in B Minor, Op. 74 ""Pathétique"": I. Adagio – Allegro non troppo",38,False,Pyotr Ilyich Tchaikovsky,"Tchaikovsky: Symphony No. 6 ""Pathétique""",2019-05-10,b5540681352e06ac
4KjU9WYRpjDtJxA234shyX,Shark Butt,27,False,The Sweet Enoughs,Marshmallow,2020-08-05,b5540681352e06ac
2BrW5gipvs2hSQsQowp8Gy,3:30pm - Jam'addict Remix,46,False,rocomoco,3:30pm (Jam'addict Remix),2024-02-09,b5540681352e06ac
63m73hhKMllLTIXRfh39cz,"Piano Concerto No. 3 in C Minor, Op. 37: I. Allegro con brio - Live at Teatro Comunale, Ferrara, 2004",11,False,Ludwig van Beethoven,Beethoven: Piano Concertos Nos. 2 & 3,2004-01-01,b5540681352e06ac
2ZKgeVCWa1RfOq2FMcokGy,Midnight Cruisin,0,False,Lamar Azul,Midnight Cruisin,2023-11-10,b5540681352e06ac
6tafBGmYbMXZUDrBSCTzXy,"Symphony No. 9 in D Minor, Op. 125 ""Choral"": IVc-j. Presto. O Freunde nicht diese Töne – Prestissimo",47,False,Ludwig van Beethoven,Beethoven: Symphony No.9,1984-01-01,b5540681352e06ac
78rfjCuRo6lkW8pAAjehrh,When and Where,46,False,Sem0r,When and Where,2023-09-15,b5540681352e06ac
56yJ6yhbaPSe9SwTgwi3Go,Cohibas,43,False,Slowdown,Cohibas,2023-11-23,b5540681352e06ac
0IQ2wNbgTMGCVh2R0RYtY4,"Cello Concerto in B Minor, Op. 104, B. 191: I. Allegro",30,False,Antonín Dvořák,Dvořák: Cello Concerto,2020-08-07,b5540681352e06ac
1CvMB8q5JdJtJJkQE0UTEo,1 Time 4 Your Mind - 2011,19,False,Lex (de Kalhex),1 Time 4 Your Mind (2011),2024-02-09,b5540681352e06ac
36DOn2q9g6ZFTfdRzeHVMz,"Symphony No. 2 in D Major, Op. 73: I. Allegro non troppo",29,False,Johannes Brahms,"Brahms: Symphony No.2 In D Major, Op. 73; Variations On A Theme By Joseph Haydn, Op. 56a",1987-01-01,b5540681352e06ac
0RuvfeEVkmCo92saAi7xkX,Yellowish,45,False,Oskar Hahn,Yellowish,2022-09-02,b5540681352e06ac
3RNydswFqiSEUokxVWySdE,Grooveshop - damaa.beats Remix,43,False,rocomoco,Grooveshop (damaa.beats Remix),2024-02-07,b5540681352e06ac
68q3yCwDpiaoSQzp2ZWeG2,Urban Oasis,24,False,Mindeliq,Urban Oasis,2023-12-05,b5540681352e06ac
5jgFfDIR6FR0gvlA56Nakr,Blackbird - Remastered 2009,77,False,The Beatles,The Beatles (Remastered),1968-11-22,b5540681352e06ac
40UK1Zl6X8GmezVlI6AZWg,Echoes,34,False,Mindeliq,Echoes,2023-08-25,b5540681352e06ac
7BY0OSSSouCfOUtxUy0T8N,Al Otro Lado,25,False,Pachakuti,Orilla,2023-09-29,b5540681352e06ac
25WWFVlQtzccvTkmBBwa1g,Pink Noise Endless,61,False,Smoothe Sounds,Pink Noise Slow Down,2023-02-27,b5540681352e06ac
17YIpKXRkKKqvb8ZbzyOG1,Lost Kingdoms,0,False,Nubya Garcia,Nubya's 5ive,2017-05-17,b5540681352e06ac
6Z6lYo8cyciwEU6goSrM0L,Salaam,27,False,Kamaal Williams,The Return,2018-05-25,b5540681352e06ac
3bJU6OwW2N0O7DVO5mp08l,Stars,39,False,Nightmares On Wax,Smokers Delight,1995,b5540681352e06ac
4tPQDofr1qmip4bbWFs9Qf,The Best Rapper Alive,40,False,Dj Streaks,The Best Rapper Alive,2020-02-14,b5540681352e06ac
7EuDqu8DFQONgGZNGQ2qKi,"Trio for Horn, Oboe & Piano in A Minor, Op 188: I. Allegro moderato",0,False,Luc Van Marcke,Reinecke Chamber Music with Horn,2017-03-01,b5540681352e06ac
5s2PkVuIo9mFzRFHp9Wupa,Trees etc.,19,False,naran ratan,Trees etc.,2015-05-22,b5540681352e06ac
5M0EZQNLG4LXqHrFB0swyo,Autoscooter Lover,18,False,Cass.,Masala Kiss,2019-11-22,b5540681352e06ac
7JEugxa6VEWZm45XEiVNT4,Es Vedra,19,False,Linkwood,Linkwood & Foat,2020-02-28,b5540681352e06ac
1iDxNtb7jleE8GqD4m81dA,New Guru,43,False,Vulfpeck,Schvitz,2022-12-30,b5540681352e06ac
1DSl7kRrdWhwntiK6HOLVY,Sauna,40,False,Vulfpeck,Schvitz,2022-12-30,b5540681352e06ac
53g6d5JlFL9HE6HXsIW5c1,Song for My Mother,16,False,Tenderlonious,Still Flute,2021-10-29,b5540681352e06ac
67807KthlrlxJxrHf03VJN,Gran duo,0,False,Magnus Lindberg,"Magnus Lindberg: Clarinet Concerto, Gran duo & Chorale",2005-01-01,b5540681352e06ac
7GebhNsNL8mm3D218sd1IM,Celebrate Good Times (Come On),45,False,Funktown America,Celebrate Good Times (Come On),2012-07-16,b5540681352e06ac
3s8yxBdiXFlEi6y0gfGreR,Learn Your Lesson - Photay Remix,30,False,Madison McFerrin,Finding Foundations (The Remixes),2019-05-10,b5540681352e06ac
5ARrtxJLVCeTv5TWo1oKgC,In The Waiting Line,20,False,Zero 7,Simple Things,2001,b5540681352e06ac
302ai9ydYWZ8DEJdEVsrdu,Sunshine - Emma-Jean Thackray Remix,18,False,Hector Plimmer,Sunshine Remixed,2018-02-23,b5540681352e06ac
51jCJS1mfR552iwoqKa9Ss,Stand Up,10,False,Blue Lab Beats,Stand Up,2019-09-13,b5540681352e06ac
2DTHWr5NK1igQZxctpYTA9,Troupeau bleu,48,False,Cortex,Troupeau bleu,1975-07-15,b5540681352e06ac
6lzDycd60SJ7H8y6wuESGl,La rue,46,False,Cortex,Troupeau bleu,1975-07-15,b5540681352e06ac
4IQuLra1KorSLrHtkE9llq,Saturnine,33,False,GoGo Penguin,Everything Is Going to Be OK,2023-04-14,b5540681352e06ac
5jkJkA8Dpu9a60s0LYfW2I,We Three,56,False,Cory Weeds,Just Coolin',2022-04-15,b5540681352e06ac
2D3UoXaFRyCP9trM5LtWQ5,Simple Step,45,False,Vulfpeck,Schvitz,2022-12-30,b5540681352e06ac
7IXm90S9bm89T4DtNLn3JW,In a Sentimental Mood,6,False,Sam Gendel,Satin Doll,2020-03-13,b5540681352e06ac
3a9LpU9LQmA7lUuh2DkmLX,G Flex,13,False,Tenderlonious,G Flex,2020-03-20,b5540681352e06ac
5paPBCQFR3mSSpWtHZ30bZ,No Interest,11,False,Patrick Holland,Come To Canada You Will Like It,2018-06-22,b5540681352e06ac
5faLdujFuDrObPex0JKM9J,Bossa For Shorty D,5,False,J-Walk,Bossa For Shorty D,2020-10-30,b5540681352e06ac
0Sr1pAiAQ9vbwHbWApCbyL,Glimmerings,30,False,GoGo Penguin,Everything Is Going to Be OK,2023-04-14,b5540681352e06ac
3hEOsfDNsdpV78Ty01vaxi,Strings of Light,41,False,Yussef Kamaal,Black Focus,2016-11-04,b5540681352e06ac
3kKVqFF4pv4EXeQe428zl2,Protection,59,False,Massive Attack,Protection,1994-09-26,b5540681352e06ac
2a1PrxkybouMgrUSuIHHce,Currents,6,False,Jab,Currents,2021-03-19,b5540681352e06ac
2eKzmYenGeK9YBxD9TTGK5,As We Are,16,False,Soulstance,The Jazz Art Of Relax,2023-01-13,b5540681352e06ac
7z3l6quyFofhd78Vx94fi1,The Girl From Ipanema,40,False,Stan Getz,Getz For Lovers (Deluxe Edition),2022-02-10,b5540681352e06ac
39rHfrVqCX6A55GF7uOZSC,1612,55,False,Vulfpeck,Fugue State,2014-08-26,b5540681352e06ac
27ViQppP3LZPCJl2A0w9kp,Destiny,16,False,Zero 7,Simple Things,2001,b5540681352e06ac
2rYeOsjICE7zWFZ9jF8UnB,Prometheus,2,False,Tenderlonious,Prometheus,2021-03-24,b5540681352e06ac
3maPgzbsXLCQhvM69xZih5,Rent Day,21,False,Patrick Holland,Come To Canada You Will Like It,2018-06-22,b5540681352e06ac
2R9lqoximtsPHmnuvj3ptd,Rainbow Road,35,False,Dan Kye,Small Moments,2020-11-13,b5540681352e06ac
0YTVrUDzmQ5IXGCzeEQtax,Birkelunden,19,False,Felbm,Tape 1,2018-09-21,b5540681352e06ac
7acNNBB5PObjYKnRNLH9vR,Turning Point,0,False,Pandar,Turning Point,2022-04-22,b5540681352e06ac
54Aa3U7MwohGZz56LMi0Ng,All That’s Left of Me Is You,37,False,Vulfpeck,Schvitz,2022-12-30,b5540681352e06ac
0NNgY2gc1TUwBQoVp98Fxw,Venus As A Boy,0,False,Björk,Debut,1993-07-05,b5540681352e06ac
6a0KQ7G7vubpkkteZUl5lS,Here's That Rainy Day,7,False,Stan Getz,Getz For Lovers (Deluxe Edition),2022-02-10,b5540681352e06ac
1He6UQuHm8q2skPrOFKnja,Lagoon,35,False,Laura Misch,Lagoon,2018-02-06,b5540681352e06ac
6Keqy1fhBgE61soheKFj62,Melinda,5,False,Stan Getz,Getz For Lovers (Deluxe Edition),2022-02-10,b5540681352e06ac
1NOIaFWMhEeI1ZbPqNdnCO,Adiós ayer,0,False,José Padilla,Essentials & rarities,2011-08-16,b5540681352e06ac
2LjCDa2D7ub6s0tZ9SP4f3,Magnetic North,17,False,Sasha,Airdrawndagger,2002-07-29,b5540681352e06ac
0i7jazn1Rtp51KPM4iSs6z,Nightrider,40,True,Tom Misch,Nightrider,2020-04-16,b5540681352e06ac
6o5bke7Cp481elgM8eTenO,Eye Mo K,22,False,Andrew Ashong,Sankofa Season,2020-11-13,b5540681352e06ac
0AxZUYeQ9bZwSdt1LmZuok,Heaven or Las Vegas,68,False,Cocteau Twins,Heaven or Las Vegas,1990-09-17,b5540681352e06ac
3cc1BbtqEBbmBvXcmqdwBa,Earworm,38,False,Vulfpeck,Schvitz,2022-12-30,b5540681352e06ac
1zGokp7FQsXP5rQIM9wp6D,The Whispering Wind,0,False,Moby,Play - The B Sides,1999-05-17,b5540681352e06ac
3ttIBQv2qjIWXbHeoCnoVm,Summer In The Ends,39,False,Juls,Sounds of My World,2021-10-08,b5540681352e06ac
1zYA5cNkQnFyyVOZaY7lqO,Movementt,39,False,Emma-Jean Thackray,Movementt,2020-03-04,b5540681352e06ac
204iJy1scYTbl7cTwOG54O,Casanova 70,32,False,Air,Premiers Symptômes,1999-08-24,b5540681352e06ac
2U0wADexY4yIqCPXLYvUn2,Friday Film Special,30,False,GoGo Penguin,Everything Is Going to Be OK,2023-04-14,b5540681352e06ac
4uC2RrHmTfq96i55BTk1ML,Laamore,31,False,Hidden Spheres,Laamore,2021-02-24,b5540681352e06ac
1htTRt6dZPPeqduos5PAmC,TRY,43,False,Madison McFerrin,You + I,2019-12-04,b5540681352e06ac
1o0nAjgZwMDK9TI4TTUSNn,LAX,44,False,Vulfpeck,"The Joy of Music, The Job of Real Estate",2020-10-23,b5540681352e06ac
7IRyfeJIBmi08GYgEZwWMM,EASE YOUR MIND,56,False,Darius,OASIS,2022-04-22,b5540681352e06ac
3RdOr8819TT72WFuMMPmn1,Say Something,28,False,Emma-Jean Thackray,Yellow,2021-07-23,b5540681352e06ac
1wI96BJ059iyAajxqWPTa4,"Street Player - Dimitri From Paris Super Disco Blend, Pt. I & II",38,False,Leonid & Friends,Street Player (Dimitri From Paris Remixes),2023-03-24,b5540681352e06ac
6MAL1HIq8S2qiKrdFiQAHF,2 Far Gone,26,False,Moses Boyd,Dark Matter,2020-02-14,b5540681352e06ac
1msXkHv84LKikJGKcfdGBu,Sure Thing,63,False,St Germain,Tourist (Remastered),2000,b5540681352e06ac
07DuoTCTocHk7y3d8MImks,Moves,37,False,Cody Currie,Moves EP,2021-02-12,b5540681352e06ac
5YwhVIzPr7MmxEgRMxA6sT,Serve Somebody,35,False,Vulfpeck,Schvitz,2022-12-30,b5540681352e06ac
6YmAN8wW3S1GFa3FQ7hYc5,Glass,40,False,Oli Howe,Glass,2022-10-07,b5540681352e06ac
5uM2TbV57PabdmqUTJa1pG,L'enfant samba,40,False,Cortex,Troupeau bleu,1975-07-15,b5540681352e06ac
1Qr6LFKNBFNNa2y6nMDO31,2/1 - Remastered 2004,46,False,Brian Eno,Ambient 1: Music For Airports (Remastered 2004),1978,b5540681352e06ac
0W0kTizwjnRySdvlzxW2To,Edgewood Ave - Radio Edit,3,False,Byron the Aquarius,Edgewood Ave (Radio Edit),2020-10-01,b5540681352e06ac
2WiOJ0YfLFxZjdpts8QP7j,Mars,13,False,Isao Tomita,The Planets (Ultimate Edition),2011-06-01,b5540681352e06ac
6ckNk4KFuZHe9Rr78Enqtl,When It Rains,32,False,Felbm,Tape 2,2018-10-26,b5540681352e06ac
6AAYNz8jXvVlgG9IpYi42Z,Hunnybee,59,False,Unknown Mortal Orchestra,Sex & Food,2018-04-06,b5540681352e06ac
5psuezepdKbS4Iwl8kRY7M,Oh I Miss Her So,44,False,Holy Hive,Float Back To You,2020-05-29,b5540681352e06ac
5VRkJsYcf9z4Wni19FxICi,Gorecki,46,False,Lamb,Lamb,1996-01-01,b5540681352e06ac
1SmwJJ8YVgiXtyE6elhUx1,Tokai,55,False,Taeko Onuki,SUNSHOWER,1977-07-25,b5540681352e06ac
6dfDcCymuavZngy46rSGMC,Sofa Rockers - Richard Dorfmeister Remix,52,False,Sofa Surfers,Constructions,2007-09-07,b5540681352e06ac
1hHiDng8g1a4Y2YMjj2pAJ,Slow Down - Mixed,0,False,Art Feynman,fabric presents Maribou State (DJ Mix),2020-03-27,b5540681352e06ac
1BrKZ4qCHRVX91wPBah8WS,WARM PACK,26,False,Koichi Matsukaze,GOOD NATURE,2008-08-27,b5540681352e06ac
5kuwqYI5NGedeaAsZEMzbG,It's The Talk Of The Town,5,False,Dizzy Gillespie,Getz For Lovers (Deluxe Edition),2022-02-10,b5540681352e06ac
1IC0Tv7AzIjVfEo4MmR2uo,Para Machuchar Meu Coracao,6,False,Stan Getz,Getz For Lovers (Deluxe Edition),2022-02-10,b5540681352e06ac
7qnSmz4abtOXKuYhaRYuPv,Prélude à Go Round,53,False,Cortex,Troupeau bleu,1975-07-15,b5540681352e06ac
5LRxSyiIRHQD26h1mdM0Ir,My Friend,60,False,Groove Armada,Goodbye Country (Hello Nightclub),2001-07-11,b5540681352e06ac
7Do77cs2OvohpBp4LFX200,Bladerdek,13,False,Felbm,Tape 1,2018-09-21,b5540681352e06ac
2AsnivCjwQDbLe91uxq869,Herfstzon,13,False,Felbm,Tape 2,2018-10-26,b5540681352e06ac
3r1lIgVqHRYp5NmLmFL0BR,In Heaven,46,False,Vulfpeck,Schvitz,2022-12-30,b5540681352e06ac
62EKVbcWBaBISQDZnLzao3,Leviathan,0,False,Everything Everything,Raw Data Feel,2022-05-20,b5540681352e06ac
4LIggc5CVMPFNjN8QSREWd,Pizza Boy,0,False,Everything Everything,Raw Data Feel,2022-05-20,b5540681352e06ac
12uzUi6WTiWYb7qwWSRs6g,Jennifer,0,False,Everything Everything,Raw Data Feel,2022-05-20,b5540681352e06ac
0nEgxuv9MKR2Ik1uefbFdi,Bad Friday,0,False,Everything Everything,Raw Data Feel,2022-05-20,b5540681352e06ac
707PFQZm77fcEJ92zjm9D7,Metroland Is Burning,0,True,Everything Everything,Raw Data Feel,2022-05-20,b5540681352e06ac
77OdCwRrd4NHZRRt6FW76V,Shark Week,0,False,Everything Everything,Raw Data Feel,2022-05-20,b5540681352e06ac
6ttuC1hSHZgPwjD93P0zML,"Beethoven: Violin Concerto in D Major, Op. 61: I. Allegro ma non troppo (Cadenza by Kreisler)",0,False,Ludwig van Beethoven,Beethoven: Violin Concerto & Romances,2022-05-13,b5540681352e06ac
7uTk3Ibbkq4a2mkm3AHm8z,Teletype,0,False,Everything Everything,Raw Data Feel,2022-05-20,b5540681352e06ac
3VtqdXlQHpHMxNAIyAWjxC,"Der Rosenkavalier Suite, WoO 145, TrV 227d",0,False,Richard Strauss,R. Strauss: Der Rosenkavalier Suite & Ein Heldenleben,2015-11-02,b5540681352e06ac
4LSaZW7jV5V6KjutIN3AeS,I Want A Love Like This,0,False,Everything Everything,Raw Data Feel,2022-05-20,b5540681352e06ac
3Txio49RgWVM4Hq9Ju7Wdf,Cut UP!,0,False,Everything Everything,Raw Data Feel,2022-05-20,b5540681352e06ac
5ujvJ8XV0h6hnNAXIIewbn,"Symphony No. 3 in A Minor, Op. 56 ""Scottish"": I. Andante con moto - Allegro un poco agitato",18,False,Felix Mendelssohn,"Mendelssohn: Symphony No. 3 ""Scottish"", The Hebrides Overture - Schumann: Piano Concerto",2014-10-13,b5540681352e06ac
0VHaNCgL5LBVD2Dk7NgNH0,Kevin’s Car,0,False,Everything Everything,Raw Data Feel,2022-05-20,b5540681352e06ac
1JbpWvyqqwd4NG3nlvOCQu,Born Under A Meteor,0,False,Everything Everything,Raw Data Feel,2022-05-20,b5540681352e06ac
7288t6XhHJqrfrewpDAXQQ,HEX,0,False,Everything Everything,Raw Data Feel,2022-05-20,b5540681352e06ac
4nVu3eLLZxKwJSoqsRSfRO,Tokyo Traffic,23,False,The Dave Brubeck Quartet,Jazz Impressions Of Japan,1964-03-28,b5540681352e06ac
1w0TzjOrHnI0ZptBaj1Pca,Software Greatman,0,False,Everything Everything,Raw Data Feel,2022-05-20,b5540681352e06ac
2Mt27qdkzzjwSQq2TbTRnN,Welcome,41,False,Jon Hopkins,Music For Psychedelic Therapy,2021-11-12,b5540681352e06ac
0JFVTNQpP6PSpPFSjnacEq,Impressions in F Major,31,False,Brian Green,Impressions For Headphones,2019-06-19,b5540681352e06ac
6U2Guv14DgjEAv9glWiWZc,My Computer,0,False,Everything Everything,Raw Data Feel,2022-05-20,b5540681352e06ac
0BfcfdZd85CmmkE5pdbUdE,Sea of Nothing,33,False,Drugdealer,The End Of Comedy,2016-09-09,b5540681352e06ac
5zEYBwz3vdkD7yuQMCSj3q,Walk a Mile,0,False,alt-J,The Dream,2022-02-11,b5540681352e06ac
2PBVEbswFG0Y0wyz9iPbkf,Bane,0,False,alt-J,The Dream,2022-02-11,b5540681352e06ac
2iUrcZcAuVIahQD0dg9HLe,Autumn Leaves,54,False,Chet Baker,My Funny Valentine: The Best Of Chet Baker,2010-04-23,b5540681352e06ac
1WqVCOMjOOWjamob3A2DsK,Making Gardens Out of Silence,27,False,Brian Eno,FOREVERANDEVERNOMORE,2022-10-14,b5540681352e06ac
26qIVWus5hMZUcWeJUxeJx,August Twelve,0,False,Khruangbin,The Universe Smiles Upon You,2015-11-06,b5540681352e06ac
2xgVhBL2ZAAcqDhuTvJWML,Futures,18,False,Gary Burton,Like Minds,1998-01-01,b5540681352e06ac
3Woi4fIAiktL6UwEcDFPfo,Only Love From Now On (with Johanna Scheie Orellana),16,False,Carmen Villain,Only Love From Now On,2022-02-25,b5540681352e06ac
44HPUN8PXIxyc1pCfLPw1y,Ad Lib on Nippon,15,False,Duke Ellington,Far East Suite,1967,b5540681352e06ac
6RPQdkI8t1eaG2abymrYVK,GREEN,0,False,Hiroshi Yoshimura,Green,2020-03-20,b5540681352e06ac
3V33ldRN2gRQyzojTwjlWP,Re: Person I Knew,6,False,Bill Evans Trio,Moon Beams,1962,b5540681352e06ac
2ZjCY9aD3RZL38IAZuJP74,Powders,0,False,alt-J,The Dream,2022-02-11,b5540681352e06ac
5EqGquh3ajBQjudpLLhJKy,Mr. White,0,False,Khruangbin,The Universe Smiles Upon You,2015-11-06,b5540681352e06ac
4nYxNjXiOCl1QzjSu9H9ip,Rising Sun,35,False,The Dave Brubeck Quartet,Jazz Impressions Of Japan,1964-03-28,b5540681352e06ac
2hwDqc71Z1RB3VWbelE66p,Stella,7,False,Harald Lassen,Human Samling,2020-11-13,b5540681352e06ac
7AgM2egEQ5LYSEy5lMqvRx,Risaie,34,False,Piero Umiliani,Studio umiliani,2018-07-01,b5540681352e06ac
0kewjdlSTKlF1GbBiXbfVc,Spirales,29,False,Deuter,San,1985-01-01,b5540681352e06ac
5NB9umEE6ZtMaoAxBIxSEH,"Symphony No. 3 in A Minor, Op. 56 ""Scottish"": II. Vivace non troppo",18,False,Felix Mendelssohn,"Mendelssohn: Symphony No. 3 ""Scottish"", The Hebrides Overture - Schumann: Piano Concerto",2014-10-13,b5540681352e06ac
5SrF0wLZZq1gbG71amy8uU,Hell Riders,27,False,M83,DSVII,2019-09-20,b5540681352e06ac
1YQlMr4s6IQcjhST3tXGbw,Happier When You’re Gone,0,True,alt-J,The Dream,2022-02-11,b5540681352e06ac
2NukA9OEypmF4j5ROWsfdJ,March,17,False,Brian Green,Music For Home,2021-09-30,b5540681352e06ac
44I3YK6F39fECdMAa8M3ZX,Nightwolf,28,False,Bohren & Der Club Of Gore,Sunset Mission,2016,b5540681352e06ac
1xB4eEVrD9LsOmBsMAErj0,"Beethoven: Violin Concerto in D Major, Op. 61: III. Rondo. Allegro (Cadenza by Kreisler)",0,False,Ludwig van Beethoven,Beethoven: Violin Concerto & Romances,2022-05-13,b5540681352e06ac
6pnfn9I5gbhIlrJDbsHXv7,Voyager,1,False,Harald Lassen,Human Samling,2020-11-13,b5540681352e06ac
76OxDKZ8ITIZ1UNmCOTgdz,Losing My Mind,0,False,alt-J,The Dream,2022-02-11,b5540681352e06ac
6zmy3Fp7dsf5rqiwoI1eLX,"Symphony No. 3 in A Minor, Op. 56 ""Scottish"": IV. Allegro vivacissimo - Allegro maestoso assai",21,False,Felix Mendelssohn,"Mendelssohn: Symphony No. 3 ""Scottish"", The Hebrides Overture - Schumann: Piano Concerto",2014-10-13,b5540681352e06ac
1pWIPbmvcqy9N06Bmasdfa,Botanique,0,False,J Foerster,Habitat,2021-04-09,b5540681352e06ac
5WJU527RQNyMLuKecjsL8V,Maggot Brain,58,True,Funkadelic,Maggot Brain,1971-07-12,b5540681352e06ac
2Thm318ObfpdGxcaI6vYhk,"Symphony No. 9 in D Minor, Op. 125: IV.Recitative; (Presto - Allegro ma non troppo)",9,False,Ludwig van Beethoven,Beethoven: Symphony No. 9,2011-09-01,b5540681352e06ac
3RNyGLgSvmVRZ7xKUp8Wgd,In the Summertime,2,False,Mungo Jerry,In the Summertime,1970-01-01,b5540681352e06ac
4mWoyaBAdPTOmKy4vnvID5,"Symphony No. 3 in A Minor, Op. 56 ""Scottish"": III. Adagio",16,False,Felix Mendelssohn,"Mendelssohn: Symphony No. 3 ""Scottish"", The Hebrides Overture - Schumann: Piano Concerto",2014-10-13,b5540681352e06ac
4N0TP4Rmj6QQezWV88ARNJ,Superstition,69,False,Stevie Wonder,Talking Book,1972-10-28,b5540681352e06ac
2UDPI9h4A6NOvCeypGab9t,Partita No.2 for Solo Violin in D Minor BWV 1004: Chaconne,2,False,Johann Sebastian Bach,Partita No.2 for Solo Violin in D Minor BWV 1004: Chaconne,2020-04-10,b5540681352e06ac
4Qwt2JLwltD1p46YWFLGcK,How it feels pt. 2,2,False,Harald Lassen,Human Samling,2020-11-13,b5540681352e06ac
1f2nmIi1GWCtAL5ebM8j5Q,"Sextet for 2 Clarinets, 2 Bassoons and 2 Horns in E flat, Op. 71: 1. Adagio - Allegro",0,False,Ludwig van Beethoven,"Beethoven: Sextet, Op.71; Octet, Op.103; Quintet, H19",1986-01-01,b5540681352e06ac
1g7QNiKWvQ3OvX04rIWOtG,Impressions II in F Major,23,False,Brian Green,Impressions For Headphones,2019-06-19,b5540681352e06ac
24ntSW3QVJzR79lHAAOTaY,Texas Sun,76,False,Khruangbin,Texas Sun,2020-02-07,b5540681352e06ac
3NTPaGxL7EUfDV7GkLZtw1,I'll Be Here,25,False,Moonchild,Starfruit,2022-02-11,b5540681352e06ac
1m7V5cftzdLMwEnKcgNae8,歩風,22,False,Ironomi,琹の葉,2019-08-30,b5540681352e06ac
6kVSPNbA9lv5aVOZVyWkgK,"Octet in E flat, Op. 103: 1. Allegro",0,False,Ludwig van Beethoven,"Beethoven: Sextet, Op.71; Octet, Op.103; Quintet, H19",1986-01-01,b5540681352e06ac
41fniSbDLqp964wyawCRrV,Fujiyama,28,False,The Dave Brubeck Quartet,Jazz Impressions Of Japan,1964-03-28,b5540681352e06ac
58gg22rFN1xRC2MqKkzDNq,Very Early,4,False,Bill Evans Trio,Moon Beams,1962,b5540681352e06ac
3wMVMKA7OmZJRFTpzThvkS,Impressions in C Major,21,False,Brian Green,Impressions For Headphones,2019-06-19,b5540681352e06ac
5rQSc6wJXP64UvulbSG96q,ListenTo,1,False,Harald Lassen,Human Samling,2020-11-13,b5540681352e06ac
0MSL3d2PRdHvGvJGpCUIWG,Can't Be Wrong,18,False,Maverick Sabre,Don't Forget to Look Up,2022-01-28,b5540681352e06ac
2AIDpIsyMNozSh7qsYwdhC,Time Away,15,False,Maverick Sabre,Don't Forget to Look Up,2022-01-28,b5540681352e06ac
3I6IMWZJ9FkTcUCKBrzlkh,Soft Gaiden,22,False,Brin,Homescreen Glow,2020-11-13,b5540681352e06ac
1oOD1pV43cV9sHg97aBdLs,Dean Town,54,False,Vulfpeck,The Beautiful Game,2016-10-17,b5540681352e06ac
6d7h4L6TWXDPCUupnTMhAC,The Actor,0,True,alt-J,The Dream,2022-02-11,b5540681352e06ac
08RnNeKfjcUK5lxvZClpYf,Need That,17,False,Moonchild,Starfruit,2022-02-11,b5540681352e06ac
4BjqgPNJ8fzhQMvdCFssqv,メロウ・ドリーム (Live at Vidro'77),28,False,Ryo Fukui,ライブ・アット・びーどろ'77,2021-04-14,b5540681352e06ac
3Ey7Pjw7vg5T3c6q0LbcAH,Tell Him,31,False,Moonchild,Starfruit,2022-02-11,b5540681352e06ac
6zll5mku9XcSR7OMpmICDy,Chicago,0,False,alt-J,The Dream,2022-02-11,b5540681352e06ac
7lxdBbecsK11zhkpC7KycJ,Does Anybody Really Know What Time It Is,26,False,Grant Green,Visions,1971-05-21,b5540681352e06ac
4jQLX8Nr09Y9dgKPJ19Xua,Mount Harissa,18,False,Duke Ellington,Far East Suite,1967,b5540681352e06ac
0mzU6qEuvtPrL9UcXAVKKU,Little Joe & Mary,0,False,Khruangbin,The Universe Smiles Upon You,2015-11-06,b5540681352e06ac
3H7pOWNQghEO1EKIcgnAsC,Something Special,12,True,Maverick Sabre,Don't Forget to Look Up,2022-01-28,b5540681352e06ac
3GYAfSrDV0z6hurUomcELr,Melting Hazard,22,False,Salamanda,Melting Hazard,2022-03-22,b5540681352e06ac
0Qrt6EQXx2bQi9Wynh11ko,Takes Two,18,False,Moonchild,Starfruit,2022-02-11,b5540681352e06ac
2xpdxHeyBVL8etvl71FQnj,Impressions II in C Sharp Minor,16,False,Brian Green,Impressions For Headphones,2019-06-19,b5540681352e06ac
1zmU3zbuD2sLne01XUvhYy,Get By,17,False,Moonchild,Starfruit,2022-02-11,b5540681352e06ac
7Ba11kgju8VHH7EMlbWcFi,Too Good,33,False,Moonchild,Starfruit,2022-02-11,b5540681352e06ac
55wACBXq7gogSECrvlwXOB,Air Flows,0,False,J Foerster,Air Flows,2021-03-19,b5540681352e06ac
7x1XXHAxnKEFVWMW6Hjd8B,A Taste of the Dusk,17,False,M83,DSVII,2019-09-20,b5540681352e06ac
0SUQhkIfINqPaQKTfRsYV3,December,12,False,Brian Green,Music For Home,2021-09-30,b5540681352e06ac
5gtCLYP5MBUjehk0xWs2vH,Philadelphia,0,False,alt-J,The Dream,2022-02-11,b5540681352e06ac
0J9G8MIixgpRmMzS1Xub89,Sunflower Dance,0,False,Green-House,Sunflower Dance,2021-02-23,b5540681352e06ac
5KfKnJVNXZoohjeSA6hw8e,Good Man,31,False,Maverick Sabre,Don't Forget to Look Up,2022-01-28,b5540681352e06ac
3kkYC1IPmXm5OrPaKFIX1B,Balls and Pins,0,False,Khruangbin,The Universe Smiles Upon You,2015-11-06,b5540681352e06ac
2XV5CUyw7gPVi18d718D4f,Plantasia,50,False,Mort Garson,Mother Earth's Plantasia,2019-03-22,b5540681352e06ac
07xfab9bcQVO3wVWFNm31w,How I Love,0,False,Khruangbin,Hasta El Cielo,2019-07-12,b5540681352e06ac
3vATOCr2BhLfHN6yn5Y6OP,Night Bunny (feat. Suzanne Ciani),21,False,AF13,Night Bunny (feat. Suzanne Ciani),2021-07-28,b5540681352e06ac
3k2kIiJqUiIP49iUcOLpWT,The Place Where He Inserted the Blade,60,False,"Black Country, New Road",Ants From Up There,2022-02-04,b5540681352e06ac
5cmw0oFshcXrCsha5yHhCD,You Got One,29,False,Moonchild,Starfruit,2022-02-11,b5540681352e06ac
4Ce66JznW8QbeyTdSzdGwR,Chameleon,52,False,Herbie Hancock,Head Hunters,1973-10-26,b5540681352e06ac
4Vkk3iD1VrENHJEACNddvt,Moanin',58,False,Art Blakey & The Jazz Messengers,Moanin' (Expanded Edition),1959-01-01,b5540681352e06ac
4x48SRR0MmHwZFqKlN0zRr,Music for 18 Musicians,22,False,Steve Reich,Steve Reich - The ECM Recordings,2016-09-30,b5540681352e06ac
0VQIe8EGRYwWdv9Fpp8isp,"Der Rosenkavalier Suite, Op. 59",1,False,Richard Strauss,"Strauss: Der Rosenkavalier Suite, Op. 59 & Don Juan, Op.20",1970,b5540681352e06ac
5CZVhuJJKFlmM9PjrAmLS9,"Symphony No. 3 in D Minor, Erste Abteilung: I. Kräftig. Entschieden",30,False,Gustav Mahler,Mahler: Symphony No. 3,2021-05-28,b5540681352e06ac
3iFlfQ0CXc9URaAvai8VUe,Hipsippy Blues,43,False,Art Blakey & The Jazz Messengers,Just Coolin',2020-07-17,b5540681352e06ac
61aXHCnh31ZqFmmjHXPAbX,"Symphony No. 1 in D Major ""Titan"": I. Langsam. Schleppend - Im Anfang Gemächlich",15,False,Gustav Mahler,Mahler: Symphony No. 1,2008-06-10,b5540681352e06ac
1CDBaGlisZlOJzvx88lL8A,Song For My Father,54,False,Horace Silver,Song For My Father,1999-01-01,b5540681352e06ac
1jsnIb8rHk5GgsN3oUNB6O,Kandaiki,44,False,Mammal Hands,Animalia,2014-09-15,b5540681352e06ac
5F8rPLt2c52p0SK7kiH26b,Crystal Silence,47,False,Chick Corea,Return To Forever,1972-07-01,b5540681352e06ac
5JBo2pA0UXFoYzQQnQZfZ2,"Symphony No. 1 in D Major ""Titan"": IV. Stürmisch Bewegt",13,False,Gustav Mahler,Mahler: Symphony No. 1,2008-06-10,b5540681352e06ac
0aWMVrwxPNYkKmFthzmpRi,Blue in Green (feat. John Coltrane & Bill Evans),66,False,Miles Davis,Kind Of Blue (Legacy Edition),1959-08-17,b5540681352e06ac
6RMWuShjqxuHL9HGL8pZeb,Spain,20,False,Chick Corea,Verve Jazz Masters 3: Chick Corea,1994,b5540681352e06ac
3ven4ZKSspshBwiLMMibEa,Early Summer,27,False,Ryo Fukui,シーナリィ,1976,b5540681352e06ac
62VWmsNoDmqT0Mj9oHHFVh,Strasbourg / St. Denis,51,False,Roy Hargrove,Earfood,2008-01-01,b5540681352e06ac
6f6OQJv9qjqyJq9NHin45n,Blue Ballad,43,False,Phil Woods,Phil's Mood,2011-09-19,b5540681352e06ac
4vuoL9ldmpmZcXm7RkhQvx,The Nearness Of You,47,False,Bill Charlap,Stardust: The Music Of Hoagy Carmichael,2002-01-01,b5540681352e06ac
392OK8Qdmos0wNDrduiwy0,In Your Own Sweet Way,43,False,Wes Montgomery,Incredible Jazz Guitar,2000-01-01,b5540681352e06ac
3SGoqlMWoiUjxU38CrxMs4,Teki,0,False,Alfa Mist,Teki,2021-04-16,b5540681352e06ac
20B96sgEcofUFcwtvWxXfK,Just Wrong,15,False,Pino Palladino,Just Wrong,2021-01-27,b5540681352e06ac
6ZgaUtMlUzUf7SqbUUnfbu,Blue Train - Remastered 2003/Rudy Van Gelder Edition,50,False,John Coltrane,Blue Train (Expanded Edition),1958,b5540681352e06ac
6LUVIXTaZSuOcQchjxoL5d,Requiem - Live,32,False,Charles Lloyd,8: Kindred Spirits (Live From The Lobero),2020-02-28,b5540681352e06ac
6oWhUfePc5h9r5pfw7wvPN,Midnight Special - Remastered 2007/Rudy Van Gelder Edition,45,False,Jimmy Smith,Midnight Special (Remastered),1961,b5540681352e06ac
0b7B42MUMSywoNjY43dkD3,When You Are Near,0,False,Aaron Goldberg,At the Edge of the World,2018-11-16,b5540681352e06ac
2M3laSC4qeLl9tWxDEzF4T,Polka Dots And Moonbeams,45,False,Wes Montgomery,Incredible Jazz Guitar,2000-01-01,b5540681352e06ac
0pcxvYCWcYn4FOlRM5aoW9,Don’t Go,40,False,GoGo Penguin,GoGo Penguin,2020-06-12,b5540681352e06ac
6yKkA8HzwWTZ5taIMaG4Nm,My Foolish Heart,59,False,Bill Evans Trio,Waltz For Debby (Original Jazz Classics Remaster 2010),1961,b5540681352e06ac
1ElK0DA8jIlibviqd6LAOP,Horizon,37,False,Ryo Fukui,メロー ドリーム,2016-03-30,b5540681352e06ac
3OCxOUUH3FUf8xk0RuWADJ,ザ・ワード II,55,False,SHIGEO SEKITO,華麗なるエレクトーン -ザ・ワード-,1975-01-25,b5540681352e06ac
1xaTXPoDk4VOU9XhYX4KJM,A Nightingale Sang In Berkeley Square,56,False,Stan Getz,Recorded Fall '61,1961-01-01,b5540681352e06ac
3esuIY0FQWChEYGdsamVM8,>>>>>>>>>>>Mocean,4,False,Kendrick Scott,>>>>>>>>>>>Mocean,2019,b5540681352e06ac
4ZUlQw3KS7qiBrgJxSyel0,How Can I Tell You - Live,31,False,Charles Lloyd,Passin' Thru (Live),2017-07-14,b5540681352e06ac
398N1sSM7YmSeiAg8qhEfO,Someday my prince will come,25,False,Chet Baker,Someday My Prince Will Come,1979,b5540681352e06ac
5uz4PJQTMHtvr7ZyXoueLH,"The Sweet Time Suite, Part VI - Consolation",14,False,Kenny Wheeler,Music For Large & Small Ensembles,1990-10-01,b5540681352e06ac
1JDvAlsUpgIJlTCvEQdAXb,GIRL,11,False,Mark Guiliana,BEAT MUSIC! BEAT MUSIC! BEAT MUSIC!,2019-04-12,b5540681352e06ac
1zXtdXnsWm2bXS7teFF709,Cheryl,21,False,Brad Mehldau Trio,Blues and Ballads,2016-06-03,b5540681352e06ac
3hgQz8SAaFCfnMqWY16IYt,Mommy's Shawl,0,False,Yelena Eckemoff Quintet,Blooming Tall Phlox,2017-01-20,b5540681352e06ac
6zU9WvBMEKRcHd7NbjWa1c,Lifewish,7,False,Renee Rosnes,Ancestors,1996-02-20,b5540681352e06ac
7Lcz0kdcDOdt5IVBr4M2Od,"Suite Bergamasque: Clair de Lune, No. 3",33,False,Isao Tomita,Snowflakes Are Dancing,1974,b5540681352e06ac
69rFDYwypeey2F9cDEL3da,3 on E,46,False,Vulfpeck,"The Joy of Music, The Job of Real Estate",2020-10-23,b5540681352e06ac
0E8q2Fx2XuzXCO2NSAppkR,In A Sentimental Mood,67,False,Duke Ellington,Duke Ellington & John Coltrane,1963-02,b5540681352e06ac
1YuCTj9wRtIPtIYZesNFjN,Sing a Song of Song,41,False,Kenny Garrett,Songbook,1997-05-16,b5540681352e06ac
3BNHpCcu9BaL43SjLIi8o9,Kenni and the Jets,40,False,The Fearless Flyers,Tailwinds,2020-07-24,b5540681352e06ac
5ywsqu9AEJnEJhJ05Vf9Me,Blast Off,0,False,Bruno Mars,An Evening With Silk Sonic,2021-11-12,b5540681352e06ac
3HdLnxFdDi1jDIsyGMhYJn,Music for the Sun King,20,False,Tonbruket,Forevergreens,2016-03-18,b5540681352e06ac
2oFgZSzpbXscqwZQyoFIzW,The Peacocks,30,False,Anthony Wonsey Trio,Blues For Hiroshi,2004-09-21,b5540681352e06ac
7CnOzCWGrTINcDExG6u99y,Cool Struttin',47,False,Sonny Clark,Cool Struttin' (Remastered / Rudy Van Gelder Edition),1958,b5540681352e06ac
2Gxqikeb2xoK7clN0p8wch,シュリンプ・ダンス,45,False,鈴木 弘,キャット,1976,b5540681352e06ac
5qRJZGqWHMpKRxk8rmAVto,Gloomy Sunday,25,False,Sam M. Lewis,Eternal,2004-01-01,b5540681352e06ac
2Xt6ANxPp2Ds41E3CWYiSV,Bounce: pts I + II,0,False,Nate Smith,KINFOLK: Postcards from Everywhere,2017-02-03,b5540681352e06ac
6h7UQRA2aHhDZtWVdbbmh6,"Piano Concerto No. 22 in E Flat Major, K. 482: I. Allegro",8,False,Wolfgang Amadeus Mozart,Mozart: Piano Concertos Nos. 22 & 23,1987-01-01,b5540681352e06ac
3QuSHJUfvuOyeKMS32Wckj,April In Paris - 2007 Remaster/Rudy Van Gelder Edition,50,False,Thad Jones,The Magnificent Thad Jones (Remastered),2007-01-01,b5540681352e06ac
4NAhOoe6Tp5SU4z0r7Nygx,Up Jumped Spring,18,False,Eric Scott Reed,Everybody Gets the Blues,2019-04-12,b5540681352e06ac
6qF665iYgRjiZSlSEx7P86,La Fiesta,28,False,Tohru Aizawa Quartet,Tachibana,2018-07-27,b5540681352e06ac
3ddAtoSripaeASJeovlIsg,"Symphony No. 3 in D Minor, Zweite Abteilung: VI. Langsam. Ruhevoll. Empfunden",29,False,Gustav Mahler,Mahler: Symphony No. 3,2021-05-28,b5540681352e06ac
1vP5Ceh1SrfOalU8Yc3XE9,It Never Entered My Mind,42,False,Mulgrew Miller,The Sequel,2002,b5540681352e06ac
5Ofq1q7Vz62zq1hqlSDBec,Sea Lady,10,False,Kenny Wheeler,Music For Large & Small Ensembles,1990-10-01,b5540681352e06ac
2R1vQwYTC0sl93C6oyVuHC,Simplicity,34,False,Edward Simon,25 Years,2020-10-09,b5540681352e06ac
3omoiQ4UyC7JOQt2T0yF2K,Part Trio,0,False,Anat Fort Trio,Colour,2019-04-05,b5540681352e06ac
2wOlZrHUpRP9hQbqbV9Ae5,Together,0,False,Matthew Halsall,Colour Yes (Special Edition),2009-10-26,b5540681352e06ac
5GoYvZWgWVIuqukRpblnd1,"Piano Concerto No. 22 in E Flat Major, K. 482: II. Andante",7,False,Wolfgang Amadeus Mozart,Mozart: Piano Concertos Nos. 22 & 23,1987-01-01,b5540681352e06ac
5bF6crgJa5Q58IWgbdUbuO,Isadora,25,False,Christian Scott aTunde Adjuah,Introducing Christian Scott,2012-01-01,b5540681352e06ac
4d2YgepBRyYjr1EXM6slZq,Ascent,49,False,Art Hirahara,Balance Point,2020-04-17,b5540681352e06ac
6WFwC46XQapcmnToEcromu,Smooth Move,23,False,Cory Wong,Smooth Move,2020-10-16,b5540681352e06ac
5bjV2B1rH2gkdtJ4qr0qQy,Landmarks,32,False,Brian Blade & The Fellowship Band,Landmarks,2014-01-01,b5540681352e06ac
7Imv2O9gkwpZJcjKEcSqZ1,You've Changed,33,False,Keith Jarrett Trio,The Out-Of-Towners,2004-08-30,b5540681352e06ac
5Ubw1kLPN7soW6f2jpOUfx,Test Drive (Instrumental),36,False,Vulfpeck,"The Joy of Music, The Job of Real Estate",2020-10-23,b5540681352e06ac
49PTfrUJSYFFBIdaEXcwyJ,Prelude to the Afternoon of a Faun,14,False,Isao Tomita,Snowflakes Are Dancing,1974,b5540681352e06ac
4zPDjRgceGrR0Sm54YDTTf,Autumn Nocturne,56,False,Lou Donaldson,Blues Walk,1958,b5540681352e06ac
06Dns5XG2H28UcsNtoaXkT,Birds of a Feather (Live at Madison Square Garden),26,False,Vulfpeck,Live at Madison Square Garden,2019-12-10,b5540681352e06ac
4QvdgQSQnOUza57BmPK4fZ,I Think I'm in Love,40,False,Spiritualized,Ladies and gentlemen we are floating in space,1997-06-16,b5540681352e06ac
1KFhl1VNM6z4bpqAQETzTN,Symphonie Pacifique,40,False,Greg Foat,Symphonie Pacifique,2020-07-03,b5540681352e06ac
2PGjwXWCkFaPKYsl1Pyu2y,Cop Shoot Cop...,28,False,Spiritualized,Ladies and gentlemen we are floating in space,1997-06-16,b5540681352e06ac
2OcLouLyke8ocFkC3tgFd0,The Bird from Kapingamarangi,16,False,Chet Baker,Late Night Jazz,2018-02-20,b5540681352e06ac
2GiJlWO0Rt3LR5nNdHMkEz,"Concerto for Orchestra, Sz. 116: II. Giuoco delle coppie",0,False,Béla Bartók,Bartok: Concerto for Orchestra / Dance Suite / Hungarian Peasant Songs,2014-07-15,b5540681352e06ac
02LevtABjz82lKwWSwEXHB,"Schubert: Piano Sonata No. 21 in B-Flat Major, D. 960: I. Molto moderato",0,False,Franz Schubert,Schubert: Piano Sonatas Nos. 19 & 21,1997-01-01,b5540681352e06ac
3qQVUOHJdgIFWJd0jrG9GE,Doin' It,45,False,Herbie Hancock,Secrets,1976-08,b5540681352e06ac
3FmL7hAgo3C3iPnDdSiRn9,Unsophisticated,37,False,Kandace Springs,Indigo,2018-09-07,b5540681352e06ac
59pnMarwJqPbkLDyYTjrO9,Waving,0,True,Mild High Club,Going Going Gone,2021-09-17,b5540681352e06ac
7xKpFmhzrbqQkocARTLxiN,"Piano Concerto No. 23 in A Major, K488: I. Allegro",13,False,Wolfgang Amadeus Mozart,Mozart: Piano Concertos Nos. 23 & 9 'Jeunehomme',2006-10-01,b5540681352e06ac
2Qgsm22mbVfIRfx9ZRRHKE,Escape Velocity,37,False,The Chemical Brothers,Further,2010-06-14,b5540681352e06ac
5T3JxG8cWXvHZiENvVYgg2,"Birds of a Feather, We Rock Together (feat. Antwaun Stanley)",40,False,Vulfpeck,Mr Finish Line,2017-11-07,b5540681352e06ac
2zMTauBe9guPMWLTbG1pAH,Bambu,23,False,Chris Hazelton's Boogaloo 7,The Basement Beat,2018-07-20,b5540681352e06ac
3vkQ5DAB1qQMYO4Mr9zJN6,Gimme! Gimme! Gimme! (A Man After Midnight),81,False,ABBA,Voulez-Vous,1979,b5540681352e06ac
60VYab8NqYsAPoLYDDZ456,F Maj Pixie,22,False,GoGo Penguin,GoGo Penguin,2020-06-12,b5540681352e06ac
5qSiRL1owyoIDgPvyRdwoy,Wait for the Moment (Live at Madison Square Garden),31,False,Vulfpeck,Live at Madison Square Garden,2019-12-10,b5540681352e06ac
6YYu8qFzcY1ZyzzsJIQM12,"Straight, No Chaser",49,False,Thelonious Monk,"Straight, No Chaser",1967,b5540681352e06ac
7dMWiyYYkxNC0mz90Ni9L3,Blues Walk,48,False,Lou Donaldson,Blues Walk,1958,b5540681352e06ac
2bUAO6zdegnU4RNbZ7gtrw,Zam the Assassin and the Chase Through Coruscant,30,False,John Williams,Star Wars: Attack of the Clones (Original Motion Picture Soundtrack),2002-04-23,b5540681352e06ac
4CyTrR4c13d57jCVstfS8T,Plantasia,0,False,Mort Garson,Mother Earth's Plantasia,1976,b5540681352e06ac
6umitUBCDjE21siQHANFAp,Someone To Watch Over Me - Live in Clearwater / 2018,12,False,Chick Corea,Plays,2020-09-11,b5540681352e06ac
18A1V1vsy5YgHFqb4galTw,Chitlins Con Carne,50,False,Kenny Burrell,Midnight Blue (The Rudy Van Gelder Edition),1963,b5540681352e06ac
5Lu9OYEHAFP6KRls828iNn,I Got It Bad,33,False,Enrico Pieranunzi,Duke's Dream,2017-01-13,b5540681352e06ac
5FXIXX9FniNJfHd9DJrOop,Polka Dots And Moonbeams,29,False,Chet Baker,Polka Dots and Moonbeams,2018-07-27,b5540681352e06ac
0BKUPqnHDb7ZnXQeojF6v0,Open,29,False,GoGo Penguin,GoGo Penguin,2020-06-12,b5540681352e06ac
1L9qsoNnyT3r8fgr2Pr7Ty,Cory Wong,44,False,Vulfpeck,The Beautiful Game,2016-10-17,b5540681352e06ac
7BVSrHENp2zB45VriApGNV,Atomised,37,False,GoGo Penguin,GoGo Penguin,2020-06-12,b5540681352e06ac
76waKonydvut7rd4uIzXAP,Signal In The Noise,25,False,GoGo Penguin,GoGo Penguin,2020-06-12,b5540681352e06ac
2X485T9Z5Ly0xyaghN73ed,Let It Happen,82,False,Tame Impala,Currents,2015-07-17,b5540681352e06ac
0QLMAhZQACGtzi11XZVa6A,Lonely Town,39,False,Vulfpeck,Hill Climber,2018-12-07,b5540681352e06ac
68d6ZfyMUYURol2y15Ta2Y,Lingus,48,False,Snarky Puppy,We Like It Here,2014-02-25,b5540681352e06ac
7a00cQDulg05uPkHuFoQiS,Smile Meditation,41,False,Vulfpeck,Thrill of the Arts,2015-10-09,b5540681352e06ac
608uL3XBV8f2MHKNgm32Y3,Disco Ulysses (Instrumental),51,False,Vulfpeck,Hill Climber,2018-12-07,b5540681352e06ac
5lQwxQkZcJLeyS7d2adJUa,Knee-Deep in the North Sea,40,False,Portico Quartet,Knee-Deep In the North Sea,2007,b5540681352e06ac
1FwFVKRNX1IV4eEZSGGg5M,Darwin Derby,42,False,Vulfpeck,Hill Climber,2018-12-07,b5540681352e06ac
37bTG3cP2dvDp7a0TCJnnh,Kora,30,False,GoGo Penguin,GoGo Penguin,2020-06-12,b5540681352e06ac
4ExsW7TfS00guOVaSBXWsm,The Letter,0,False,GoGo Penguin,v2.0,2014-03-17,b5540681352e06ac
4QwzVlAJSkcLeCNQ6Ug30P,The touch of your lips,40,False,Chet Baker,The Touch Of Your Lips,1986,b5540681352e06ac
6tOgeTNf9Zvts2JXwXFeQZ,"Running Away (feat. Joey Dosik, David T. Walker & James Gadson)",39,False,Vulfpeck,Mr Finish Line,2017-11-07,b5540681352e06ac
3oPTrBgkDjDpp9vssnbQ9J,To Drown in You,0,False,GoGo Penguin,v2.0,2014-03-17,b5540681352e06ac
4aUrYkpfMzm2DVfG1Pplzk,New Morning,0,False,Eric Scott Reed,New Morning,2019-04-04,b5540681352e06ac
6RbwGr6dhNGGjgPb6vgDkd,Bardo,30,False,GoGo Penguin,A Humdrum Star,2018-02-09,b5540681352e06ac
6vzRQHItVGIT94q33HvRZx,Aunt Leslie,43,False,Vulfpeck,The Beautiful Game,2016-10-17,b5540681352e06ac
0JcjupySdUvwYNV7DDkbwU,Rango II,36,False,Vulfpeck,Thrill of the Arts,2015-10-09,b5540681352e06ac
22z8YWk3lnxUjmvifjmlYO,Totem,24,False,GoGo Penguin,GoGo Penguin,2020-06-12,b5540681352e06ac
3AOwl0oEiIDcnwcbBvVnt3,Smarra,13,False,GoGo Penguin,Man Made Object (Deluxe),2016-02-05,b5540681352e06ac
1wTK9sbpIITZePPW6RR7Ia,To The Nth,28,False,GoGo Penguin,GoGo Penguin,2020-06-12,b5540681352e06ac
6ZyuNGpj7FQDT9vklQlmJA,"1 for 1, DiMaggio",38,False,Vulfpeck,The Beautiful Game,2016-10-17,b5540681352e06ac
4hT7pIleAj0ezCYtBISXQ3,Something,29,False,Vulfpeck,"The Joy of Music, The Job of Real Estate",2020-10-23,b5540681352e06ac
2WbKDH7BbDUHqACsZH0KVW,"Daddy, He Got a Tesla",44,False,Vulfpeck,The Beautiful Game,2016-10-17,b5540681352e06ac
6lBpruviIOSe6jhk77Kyq8,Too Many Cooks,24,False,Portico Quartet,Knee-Deep In the North Sea,2007,b5540681352e06ac
2AVNSGI8V5V7k60bYE76bX,Unspeakable World,15,False,GoGo Penguin,Man Made Object (Deluxe),2016-02-05,b5540681352e06ac
1r8kRDtkDZPhHvP0dwaYDd,Murmuration,0,False,GoGo Penguin,v2.0,2014-03-17,b5540681352e06ac
0NC2ou5CZKf7qfKXfKLC6E,Steps in the Wrong Direction,23,False,Portico Quartet,Knee-Deep In the North Sea,2007,b5540681352e06ac
4gVpgYGCLW1cb4jY9gt2N6,Strid,19,False,GoGo Penguin,A Humdrum Star,2018-02-09,b5540681352e06ac
594a2gJwaid7KGIn9QhYJL,Cosmic Sans,46,False,Cory Wong,Motivational Music for the Syncopated Soul,2019-08-02,b5540681352e06ac
2d0bYxU8jZntgNb9c1fGF5,Everything Happens To Me,0,False,Chet Baker,It Could Happen To You,1987-01-01,b5540681352e06ac
2kMPNsSwR8qBxa8RDpdkGS,Quiet Mind,14,False,GoGo Penguin,Man Made Object (Deluxe),2016-02-05,b5540681352e06ac
3uFp6gGgNMtSEmzx1cHTG4,Half of the Way,39,False,Vulfpeck,Hill Climber,2018-12-07,b5540681352e06ac
3bv4j1lmo6yVChahz9crt3,Sunshine Follows the Rain,26,False,Yoko Miwa Trio,Keep Talkin',2019-06-14,b5540681352e06ac
20O6e3w6v5lQ68pFcVV5qY,Tenderly,0,False,Chet Baker,Relaxing Jazz,2013-10-01,b5540681352e06ac
5vmFVIJV9XN1l01YsFuKL3,Conscious Club,42,False,Vulfpeck,The Beautiful Game,2016-10-17,b5540681352e06ac
5fl9iJbPf5ZPenmUJxH2k9,Beastly,50,False,Vulfpeck,Mit Peck,2012-02-02,b5540681352e06ac
1zowWjoCroDC3WZYxbrlNQ,La fin justifie les moyens,17,False,Joran Cariou Trio,The Path Up,2017-11-20,b5540681352e06ac
1CyAxM93XN2atUBykXFWPX,Game Winner,41,False,Vulfpeck,Thrill of the Arts,2015-10-09,b5540681352e06ac
3MU1qPFFyJQy1RbmpLH0mb,Sweetness,31,False,Roger Kellaway,New Jazz Standards Vol 3,2018-03-09,b5540681352e06ac
2U52Hp8zYnG2kvt2de0M2L,Something,33,False,Snarky Puppy,Family Dinner - Vol. 1,2013-09-24,b5540681352e06ac
2KRQR1VK6OoJxpwVzwDv72,Funky Duck,44,False,Vulfpeck,Thrill of the Arts,2015-10-09,b5540681352e06ac
5RqLLA9oIXrd5eVUJVod47,Weird Cat,14,False,GoGo Penguin,Man Made Object (Deluxe),2016-02-05,b5540681352e06ac
2eNKE4PW5uL0pIfGNw01SV,It Gets Funkier IV,39,False,Vulfpeck,Hill Climber,2018-12-07,b5540681352e06ac
08m0d2k3mK0P2KIvwsVDJs,Zavodovski Island,31,False,Portico Quartet,Knee-Deep In the North Sea,2007,b5540681352e06ac
30epYv2blz9dv2nPBeWr1f,Design,26,False,Cory Wong,The Striped Album,2020-10-23,b5540681352e06ac
3x0QNpUibTxG8ImfedZkZ3,News from Verona,30,False,Portico Quartet,Knee-Deep In the North Sea,2007,b5540681352e06ac
5ko7psnNaTLlW9oFk9k1aU,Embers,30,False,GoGo Penguin,GoGo Penguin,2020-06-12,b5540681352e06ac
4zX5TgLtHZRhfkAigwZT2b,Kamaloka,0,False,GoGo Penguin,v2.0,2014-03-17,b5540681352e06ac
78LP8b8O1ntOkkxOMoG8eT,Radio Shack,29,False,Vulfpeck,"The Joy of Music, The Job of Real Estate",2020-10-23,b5540681352e06ac
05lOXZuJyELJT0gS1cdyzj,Alone Together,0,False,Chet Baker,Chet [Keepnews Collection],1959,b5540681352e06ac
0QfSHBFRGzaLPgOtVYblwR,One Percent,0,False,GoGo Penguin,v2.0,2014-03-17,b5540681352e06ac
3cFwuF7C0Cmde8Dg0V3Xx2,Mr. Finish Line (feat. Christine Hucal & Theo Katzman),33,False,Vulfpeck,Mr Finish Line,2017-11-07,b5540681352e06ac
5CLc13Ktc8gDsDihuAqFzM,Glimmer Of Hope,25,False,Marcin Wasilewski Trio,Arctic Riff,2020-06-26,b5540681352e06ac
17X7iwNnisHp1RkuX4QXFS,"Symphony No. 4 in E Minor, Op. 98: I. Allegro non troppo",22,False,Johannes Brahms,Brahms: Symphonies 1-4,2011-09-12,b5540681352e06ac
3aAQXLUQUBXXmKBv794RWX,Bach Vision Test,24,False,Vulfpeck,"The Joy of Music, The Job of Real Estate",2020-10-23,b5540681352e06ac
7hUPjbNtBHY2beh17sVTs8,Ellie,20,False,Cory Wong,The Striped Album,2020-10-23,b5540681352e06ac
79jGld9tNsa1S1wXmYRIu6,"Symphony No. 4 in E Minor, Op. 98: IV. Allegro energico e passionato",16,False,Johannes Brahms,Brahms: Symphonies 1-4,2011-09-12,b5540681352e06ac
5Z0HDixFz1mtvPOXLtCKU9,Born To Be Blue,50,False,Chet Baker,Baby Breeze (Expanded Edition),1965-01-01,b5540681352e06ac
363yUOiTZYdUhpMsvtamUv,Steps in the Wrong Direction - Live in Copenhagen,0,False,Portico Quartet,Knee-Deep In the North Sea,2007,b5540681352e06ac
4dwUJK6Za2KRrj8z0BM2Ab,El Chepe,34,False,Vulfpeck,The Beautiful Game,2016-10-17,b5540681352e06ac
2mDWVwyZJCyXrbEMNBButt,"Symphony No. 3 in F Major, Op. 90: I. Allegro con brio",19,False,Johannes Brahms,Brahms: Symphonies 1-4,2011-09-12,b5540681352e06ac
24M4rafgMYq9b49CEYPpm9,Dreamsville,28,False,David Halliday,Dreamsville,2012-12-23,b5540681352e06ac
2g1iBv7SXxiXX0IEG4lz2k,Stardust,50,False,Gerry Mulligan,Reunion With Chet Baker,1988-01-01,b5540681352e06ac
3UAbLXphrMpNBy5RNLfNKE,"Symphony No. 7 in D Minor, Op. 70 - II. Poco Adagio",0,False,Antonín Dvořák,"Dvořák: Symphonies Nos. 7 and 8 – Davis, LSO",2020-03-06,b5540681352e06ac
0GExhcihMVjrKsad725W62,If You Could See Me Now,0,False,Chet Baker,Chet [Keepnews Collection],1959,b5540681352e06ac
2hg38O0rPa8Ny1i3xQWV7N,Tarova,42,False,Snarky Puppy,Culcha Vulcha,2016-04-26,b5540681352e06ac
6V77yOT0klYsDdbRkUV9TW,Raven,36,False,GoGo Penguin,A Humdrum Star,2018-02-09,b5540681352e06ac
2Hh5BKsYsg9Z5uLYyI9Ppl,Garden Dog Barbecue,0,False,GoGo Penguin,v2.0,2014-03-17,b5540681352e06ac
1KvAc16nNqXGgOXABbV1sA,Branches Break,41,False,GoGo Penguin,Man Made Object (Deluxe),2016-02-05,b5540681352e06ac
6gtozYE75imTrbPnwCmCGQ,"Symphony No. 7 in D Minor, Op. 70 - I. Allegro maestoso",0,False,Antonín Dvořák,"Dvořák: Symphonies Nos. 7 and 8 – Davis, LSO",2020-03-06,b5540681352e06ac
3L004CK3UiUh1gHZvpKzjd,It Never Entered My Mind,0,False,Chet Baker,Chet [Keepnews Collection],1959,b5540681352e06ac
1AvvXBHOIxHtbtjK7png8z,Off and Away,27,False,Vulfpeck,"The Joy of Music, The Job of Real Estate",2020-10-23,b5540681352e06ac
3b6JWIHue4BkOHIjDJH0my,"Tannhäuser (Paris/Vienna Version), Act I: Overture and Venusberg Music ""Bacchanale""",9,False,Richard Wagner,Wagner: Tannhäuser,1971-01-01,b5540681352e06ac
1FvgF5QdLpmohTmi3D9N5c,"Symphony No. 4 in E Minor, Op. 98: II. Andante moderato",16,False,Johannes Brahms,Brahms: Symphonies 1-4,2011-09-12,b5540681352e06ac
0sVDD6ByNgzxmzL2hXUX5i,"Symphony No. 2 in D Major, Op. 73: I. Allegro non troppo",18,False,Johannes Brahms,Brahms: Symphonies 1-4,2011-09-12,b5540681352e06ac
5k16sYWO0szgo4HNUUK31b,While My Lady Sleeps - Album Version - (take 10 bonus track),0,False,Chet Baker,It Could Happen To You,1987-01-01,b5540681352e06ac
0NLvWEG2HR5dlxweMSRRHk,Home,0,False,GoGo Penguin,v2.0,2014-03-17,b5540681352e06ac
5DRpmdSrlluTrXvfTCrTpD,I've Grown Accustomed to Your Face,1,False,Chet Baker,"Milestones of Jazz Legends - Jazz on Broadway, Vol. 2",2019-12-06,b5540681352e06ac
6JSDPGEFKN0LXJC44t7a6X,"Beethoven: Piano Concerto No. 5 in E-Flat Major, Op. 73 ""Emperor"": I. Allegro",15,False,Ludwig van Beethoven,Beethoven: Piano Concertos Nos. 1 - 5,2003-01-01,b5540681352e06ac
25rxNTWvu6SuXxYvZxkqpE,"Piano Concerto No. 1 in C Major, Op. 15: I. Allegro con brio",22,False,Ludwig van Beethoven,Beethoven: Piano Concertos 1-5,2019-12-06,b5540681352e06ac
1E6M20zixjb1zgtkWjYeAr,Broken Wing - Live,4,False,Chet Baker,Chet Baker Live in London Volume II,2018-08-10,b5540681352e06ac
67TsJxoEQS24n3IMg2DRqy,Knee-Deep in the North Sea,0,False,Portico Quartet,Knee-Deep In the North Sea,2007,b5540681352e06ac
0eeLGjph1eAJqtx8zKSBCA,Too Many Cooks,0,False,Portico Quartet,Knee-Deep In the North Sea,2007,b5540681352e06ac
0xrulVbgWema3iGF5v5V5v,Zavodovski Island,0,False,Portico Quartet,Knee-Deep In the North Sea,2007,b5540681352e06ac
3HymUqywloEXI4yebaI7EZ,Steps in the Wrong Direction,0,False,Portico Quartet,Knee-Deep In the North Sea,2007,b5540681352e06ac
3MhWFpRMVEyZ9QXGIb5RJK,The Nearness of You,30,False,Joshua Redman,Nearness,2016-09-09,b5540681352e06ac
10m9F7Pi9CJ46rlSc0hYK5,News from Verona,0,False,Portico Quartet,Knee-Deep In the North Sea,2007,b5540681352e06ac
2ApgD2AGOa4XxzWDdqHM65,No Plan,49,False,Hozier,"Wasteland, Baby!",2019-03-01,b5540681352e06ac
2QsquiKBcjvDUlO6QyvMEs,Nina Cried Power,52,False,Hozier,"Wasteland, Baby!",2019-03-01,b5540681352e06ac
0SFq19lgG4qbQAZaNZ3xhO,Movement,66,False,Hozier,"Wasteland, Baby!",2019-03-01,b5540681352e06ac
7tIOwGFRTM08JdAeKOELGp,Blue room,34,False,Chet Baker,The Touch Of Your Lips,1986,b5540681352e06ac
7uttm8Iurm5uK67Vr9G2Sp,Almost (Sweet Music),68,False,Hozier,"Wasteland, Baby!",2019-03-01,b5540681352e06ac
0SRQbTOCIcYXToQRXwywTx,Cittàgazze,0,False,Portico Quartet,Knee-Deep In the North Sea,2007,b5540681352e06ac
1upMxXOj13P8aMf5ZW2hIL,Prickly Pear,0,False,Portico Quartet,Knee-Deep In the North Sea,2007,b5540681352e06ac
7dWzkzCjOVVkJDTEeWrCZ0,When You Are Near,0,False,Aaron Goldberg,At the Edge of the World,2018-11-16,b5540681352e06ac
1OmOw9EWjIOHlTK7yl52Ac,The Kon Tiki Expedition,0,False,Portico Quartet,Knee-Deep In the North Sea,2007,b5540681352e06ac
3yH9TwcXxCPlaxCfX5d7MD,Paper Scissors Stone,0,False,Portico Quartet,Isla,2009,b5540681352e06ac
6YmnDBo2oUE99O7aR6Mj4p,Monsoon: Top to Bottom,0,False,Portico Quartet,Knee-Deep In the North Sea,2007,b5540681352e06ac
7Gx4iTpefV5RLsBBY9345E,All the Pieces Matter - BBC Madia Vale Session,0,False,Portico Quartet,Knee-Deep In the North Sea,2007,b5540681352e06ac
5LaTsDrhrpXwLniidLpnF7,I Remember Clifford,36,False,Lee Morgan,The Best Of Lee Morgan,1988-11-02,b5540681352e06ac
3p4xDRykGSKINeuFVQon1I,Line,0,False,Portico Quartet,Isla,2009,b5540681352e06ac
2r3dQilQpgjPbRomN7GAvD,After All,17,False,Yuri Honing Acoustic Quartet,After All,2017-12-15,b5540681352e06ac
1s9wrHOklrQkqaVNXyIsaa,Knee-Deep in the North Sea - Live in Copenhagen,0,False,Portico Quartet,Knee-Deep In the North Sea,2007,b5540681352e06ac
2BnhDoRRohPQhs7zrqVq2L,Nobody,50,False,Hozier,"Wasteland, Baby!",2019-03-01,b5540681352e06ac
2x91iJc0UkFcjRMEZ2CoWB,"Freddie Freeloader (feat. John Coltrane, Cannonball Adderley, Wynton Kelly & Paul Chambers)",52,False,Miles Davis,Kind Of Blue (Legacy Edition),1959-08-17,b5540681352e06ac
2Dw7bmYuk02VqmhBh2k8GQ,For Wee Folks,0,False,Joey Alexander,Countdown,2016-09-16,b5540681352e06ac
5Bl1TC8Y1qh3ui6fGSWL5a,The Shadow of Your Smile,39,False,Scott Hamilton,The Shadow of Your Smile,2017-01-06,b5540681352e06ac
7gARZ2i5u5DHC1b1n1fML5,Breezeblocks,0,False,alt-J,An Awesome Wave,2012-05-28,b5540681352e06ac
5fqgjglk3n5ynmrO7kY7G9,Tenderly,0,False,Chet Baker,Born to Be Blue,2014-08-18,b5540681352e06ac
4PmIH7wAW6hRSdtavPbITa,The Visitor,0,False,Portico Quartet,Isla,2009,b5540681352e06ac
6qTF7EjSSecc1rip7xckgN,Pretty Women,30,False,Connie Han,Crime Zone,2018-10-19,b5540681352e06ac
3ieUtb4ecQgEYxae8dzEUi,Shrike,62,False,Hozier,"Wasteland, Baby!",2019-03-01,b5540681352e06ac
6EZXO2zjC6KlLbNwc2HDMc,Let's Get Lost,41,False,Chet Baker,Let's Get Lost: The Best Of Chet Baker Sings,1989-01-01,b5540681352e06ac
5KboIqx30dztT6wmEVFn17,Baby I Don’t Know Oh Oh (feat. Charles Jones),42,False,Vulfpeck,Mr Finish Line,2017-11-07,b5540681352e06ac
42q9VqB8ooQE5yn3mup3h8,I'll Keep Loving You,29,False,Massimo Colombo,Powell to the People,2018-01-26,b5540681352e06ac
1p463zpWyjQS9QHroRGbDZ,Dawn Patrol,0,False,Portico Quartet,Isla,2009,b5540681352e06ac
58TwX5CF328t6qDm9sgaLb,"Uptown, Downtown",23,False,Bill Charlap Trio,"Uptown, Downtown",2017-08-04,b5540681352e06ac
3PJMsxg6rz9FOo6xNiASXz,Goodbye Pork Pie Hat,54,False,Charles Mingus,Mingus Ah Um,1959,b5540681352e06ac
4eEQe7imsy6IbltZeH4Rfh,Up Jumped Spring,0,False,Eric Scott Reed,Up Jumped Spring,2019-03-21,b5540681352e06ac
0MrIO18PSVoYEeXWrHpKsB,Clipper,0,False,Portico Quartet,Isla,2009,b5540681352e06ac
4JVSkSJAKbSlwkSepkXcK6,Something Good,0,False,alt-J,An Awesome Wave,2012-05-28,b5540681352e06ac
5o3DSHw1ORhM3lWxqGRvEf,"All Blues (feat. John Coltrane, Cannonball Adderley & Bill Evans)",52,False,Miles Davis,Kind Of Blue (Legacy Edition),1959-08-17,b5540681352e06ac
6dRjQxGUFZRY3ydat2JSu7,To Noise Making (Sing),45,True,Hozier,"Wasteland, Baby!",2019-03-01,b5540681352e06ac
1ohoaGnztWcfczuRDceRdn,Doubts 2,40,False,Ibrahim Maalouf,Wind,2012-11-04,b5540681352e06ac
4li9KmEUg6RVrAe1Y4p86W,As It Was,50,False,Hozier,"Wasteland, Baby!",2019-03-01,b5540681352e06ac
1EbacZvcixTCTzBcJfaua2,Tessellate,0,False,alt-J,An Awesome Wave,2012-05-28,b5540681352e06ac
0uPN7z6kEPNpibazWIDJaj,Pompidou,0,False,Portico Quartet,Knee-Deep In the North Sea,2007,b5540681352e06ac
4ASStoXN76ilytWoCTieGf,Skylark,25,False,Chet Baker,Late Night Jazz,2018-02-20,b5540681352e06ac
7oB0QBEnGRIJjvlDc8YnM6,Rhapsody in Blue,49,False,George Gershwin,Gershwin: Rhapsody in Blue & An American in Paris,1959,b5540681352e06ac
6NpwgYdHNNpq81GnpJNx3Y,Count Your Blessings,0,False,Seamus Blake,Let's Call the Whole Thing Off,2016-06-17,b5540681352e06ac
5fhLDCuNimt2zvkiFxOAbU,Soul Eyes,15,False,Walt Weiskopf,European Quartet,2018-01-19,b5540681352e06ac
5zpqkOpg31ksUdhuqJ9CQU,How Many More,23,False,Courtney Pine,Black Notes from the Deep,2017-10-27,b5540681352e06ac
2AtLQju6O4Slbhtuh2ndCD,Angel Eyes,0,False,"Tommy Flanagan, Ron Carter & Tony Williams",The Trio,2005-01-01,b5540681352e06ac
4UhBGmqcApvAZFTq53ukh7,Old Folks,27,False,Xavier Davis,Dance of Life,1999-05-11,b5540681352e06ac
2kpaRWsZTE96rmw0NBfP0c,I Got It Bad And That Ain't Good,0,False,Oscar Peterson Trio,Night Train (Expanded Edition),1963-01-01,b5540681352e06ac
4YTXCgz8veqe9fC0tDR6B1,I'm Old Fashioned,0,False,Chet Baker,It Could Happen To You,1987-01-01,b5540681352e06ac
3M735C54HtqUK3E6yMUiB4,"Cello Concerto in B minor, Op. 104: 1. Allegro",1,False,Antonín Dvořák,Dvorak: Cello Concerto,2012-01-01,b5540681352e06ac
0AAZ0rhfw3fjlBh26wxe46,City Street Rhapsody,16,False,Ibrahim,City Street Rhapsody,2019-06-02,b5540681352e06ac
6J8Z1UJG7uTS1mhZsgmJCp,Infant Eyes,0,False,Fred Hersch Trio,Heartsongs,2018-07-20,b5540681352e06ac
0SVPjJZGZgPhNm1FIG5LfJ,Autumn In New York,0,False,Chet Baker,Born to Be Blue,2014-08-18,b5540681352e06ac
3CbQrZNXvOaA33BViPUniv,Life Mask,0,False,Portico Quartet,Isla,2009,b5540681352e06ac
4VGkPPUa006BAXJQzU9Wk9,Once in a While,0,False,Chet Baker,"The Greatest Jazz Albums of 1956, Vol. 7",2019-02-01,b5540681352e06ac
3nKt6M6Ua2XOqNaydR98L8,Chasing My Tail,0,False,Mild High Club,Skiptracing,2016-08-26,b5540681352e06ac
6JZv5f9ufV0Uz7VbGpd2DL,Skiptracing,0,False,Mild High Club,Skiptracing,2016-08-26,b5540681352e06ac
4gCaFMkA1CERmgy1ny9fhy,The Winter of My Discontent,30,False,Renee Rosnes,Beloved of the Sky,2018-04-06,b5540681352e06ac
1JejaexuCzHxQlExpaJJsE,You Don't Know What Love Is,39,False,Chet Baker,Let's Get Lost: The Best Of Chet Baker Sings,1989-01-01,b5540681352e06ac
0qxYx4F3vm1AOnfux6dDxP,You Can Call Me Al,76,False,Paul Simon,Graceland (25th Anniversary Deluxe Edition),1986-08-12,b5540681352e06ac
4QrQ1zC1UJW2i3GKbDeNTT,"Flamenco Sketches (feat. John Coltrane, Cannonball Adderley & Bill Evans) - Alternate Take",40,False,Miles Davis,Kind Of Blue (Legacy Edition),1959-08-17,b5540681352e06ac
6dRx7OUXfvosnXG3g9lWGi,"Flamenco Sketches (feat. John Coltrane, Cannonball Adderley & Bill Evans)",51,False,Miles Davis,Kind Of Blue (Legacy Edition),1959-08-17,b5540681352e06ac
5xw32PKkA42ObOxNntOMPF,Mahler: Symphony No. 3 in D Minor: I. Kräftig. Entschieden,12,False,Gustav Mahler,"Mahler: Symphony No. 3 & 8 Lieder aus ""Des Knaben Wunderhorn""",1998-10-01,b5540681352e06ac
59LTHdhW1H688shHvcdub5,Star Brite,2,False,Stanley Turrentine,We Speak,2018-02-28,b5540681352e06ac
258cHPJ184di8OB4UdcVzG,How Can I Tell You - Live,0,False,Charles Lloyd,Passin' Thru (Live),2017-07-14,b5540681352e06ac
4mAeYP6WtMW4yQTbAd4PRV,Deadcrush,0,False,alt-J,RELAXER,2017-06-02,b5540681352e06ac
6v1OGn4WE6RyXztwuTJBkA,Spring Can Really Hang You Up The Most,0,False,Bill Charlap Trio,"Uptown, Downtown",2017-09-08,b5540681352e06ac
09W79IcE4FvjeZYiIh8slG,House of the Rising Sun,0,False,alt-J,RELAXER,2017-06-02,b5540681352e06ac
3wPZVnOScmpbn6JkWJxi3S,The Man I Love,25,False,Marcus Roberts,Gershwin For Lovers,1994-09-20,b5540681352e06ac
6oKVyEkFrytsg7TiW0pXey,Symphony No. 2: v. Im Tempo des Scherzo,0,False,Gustav Mahler,Mahler: Symphonies Nos 1-9,2012-10-22,b5540681352e06ac
3O5Np7ce3y0KIL3G0C1H8f,Symphony No. 1 in D: 1. Langsam. Schleppend,0,False,Gustav Mahler,Mahler: Symphony No. 1 (Classic FM: The Full Works),2014-01-01,b5540681352e06ac
0Ya7lMXJGmETT1G3bW0uX2,So Lovely,22,False,Ben Wolfe,From Here I See,2013,b5540681352e06ac
499pC27JxKGMh6mYyuRmlT,I'm Glad There Is You,30,False,Bill Mobley,MoodScape,2007-10-28,b5540681352e06ac
5FcnUaoQm1LNyJjAYX8VpP,Landmarks,0,False,Brian Blade & The Fellowship Band,Landmarks,2014-01-01,b5540681352e06ac
3LZ0GUgBO1XXW6jKK5A2lJ,Sad Tune,0,False,European Jazz Trio,West Village,2018-03-16,b5540681352e06ac
2qhQcgmpMIZpApxX0kP3ue,Horn Concerto: I. Tintinnabulations,0,False,Brad Warnaar,"Ticheli, Warnaar & Ranjbaran: Wind Concertos",2018-02-09,b5540681352e06ac
7B1h0Com19ccdjU8ukJdD4,Ruins,0,False,Portico Quartet,Portico Quartet,2011,b5540681352e06ac
1PMlAs24OBYlwXF7OeiVYg,Good Morning.Goodbye,39,False,Dan Cray Trio,Save US,2005-01-01,b5540681352e06ac
7z0xkKWcrDl102NhZTD2WZ,"Polovtsian Dances From ""Prince Igor""",0,False,Alexander Borodin,"Tchaikovsky: Overture ""1812""; Marche slave / Borodin: In the Steppes; Polovtsian Dances / Rimsky-Korsakov: Russian Easter; Capriccio",1990-01-01,b5540681352e06ac
2EJsKkGDhm5NhE6CpEaPDb,Symphony No. 2: I. Largo - Allegro moderato,0,False,Sergei Rachmaninoff,Rachmaninov: Symphony No. 2,2010-05-11,b5540681352e06ac
03Picfq5WafffpdlS3207G,"Concerto for Orchestra, Sz. 116, BB 123: I. Introduzione. Andante non troppo - Allegro vivace",0,False,Béla Bartók,"Bartók: Concerto for Orchestra, Violin Rhapsodies & Dance Suite",2017-11-03,b5540681352e06ac
75A0vJQiBzAxkC7pMjoSeX,Two Sleepy People,0,False,Marcus Gilmore,Stride,2011-06-06,b5540681352e06ac
33OdSmu4AdBViAXDbCEqK3,Breezeblocks,0,False,alt-J,An Awesome Wave (Deluxe Version),2012-10-22,b5540681352e06ac
2Smeb5R5N2aCYAi7cIhema,I Got It Bad,0,False,Enrico Pieranunzi,Duke's Dream,2017-01-13,b5540681352e06ac
09rSXt91Fe1b6ZBjKrbzhL,"Piano Concerto No. 2 in C Minor, Op. 18: II. Adagio sostenuto",39,False,Sergei Rachmaninoff,"Rachmaninoff: Piano Concerto No. 2 in C Minor, Op. 18 & Piano Concerto No. 3 in D Minor, Op. 30",2017-03-10,b5540681352e06ac
3s2RFp5hU6jEvAmfZrnrAi,I'll Let You Know,52,False,David Hazeltine,The New Classic Trio,2012-09-18,b5540681352e06ac
3ONcanYtZHMVcgqPDAsVHd,Soul in Twilight,32,False,John Moulder,Earthborn Tales of Soul and Spirit,2016-10-21,b5540681352e06ac
72PqmnVj86bfTnkFiQ9Mx9,Where We Used to Live,51,False,Esbjörn Svensson Trio,Tuesday Wonderland,2006-09-22,b5540681352e06ac
1z2FcRqCR6byfXDSvHq8E4,After You've Gone,0,False,Eddie Henderson,After You've Gone,2018-04-06,b5540681352e06ac
1axzRYUUASTfN4OOtrjfQd,Blue and Sentimental,19,False,Julian Dash,Jay McShann: Going to Kansas City,1987-01-01,b5540681352e06ac
49vQNdC75cHdQ6JLsxGKPJ,A Quiet Dawn,20,False,Harold Danko,Triple Play,2017-11-15,b5540681352e06ac
4gg8y3cf1EPysVeDAmHzae,Zumm Zumm,21,False,Django Django,Django Django,2012-01-30,b5540681352e06ac
4SC8zKbyyF4j9bXdzlCVJD,Symphony No. 1 in D: 4. Stürmisch bewegt,0,False,Gustav Mahler,Mahler: Symphony No. 1 (Classic FM: The Full Works),2014-01-01,b5540681352e06ac
5Q0Bv2nasKwlFYMYuvtB6Y,Romaria,0,False,Andy Sheppard Quartet,Romaria,2018-02-16,b5540681352e06ac
2VmdBQUEhar301Cmc4n77K,"Concerto for Orchestra, Sz. 116, BB 123: II. Giuoco delle coppie. Allegretto scherzando",0,False,Béla Bartók,"Bartók: Concerto for Orchestra, Violin Rhapsodies & Dance Suite",2017-11-03,b5540681352e06ac
4lj4cW45UP5tQ8AhRxnQi9,Before It's Time to Say Goodbye,41,False,Kenny Garrett,Songbook,1997-05-16,b5540681352e06ac
3XXLQJEHglT1zeSxSFfD2G,Something Good,0,False,alt-J,An Awesome Wave (Deluxe Version),2012-10-22,b5540681352e06ac
7JMkZWB40pcmq8G7kTsbcB,Sous Le Ciel De Paris,47,False,Jacky Terrasson,Smile,2002-01-01,b5540681352e06ac
49e8jyxGYok1DJRLqOlg4T,Atonement,31,False,Trio X of Sweden,Atonement,2017-11-03,b5540681352e06ac
7fcDQg8prLdJwim6Ey7neB,"Piano Concerto No. 2 in C Minor, Op. 18: I. Moderato",49,False,Sergei Rachmaninoff,"Rachmaninoff: Piano Concerto No. 2 in C Minor, Op. 18 & Piano Concerto No. 3 in D Minor, Op. 30",2017-03-10,b5540681352e06ac
6O1XKTvgVLwytNWdOlFcHI,3WW,0,False,alt-J,RELAXER,2017-06-02,b5540681352e06ac
66vrjgMvWOLyeKBuMGA0Cz,Love For Sale,39,False,Miles Davis,Kind Of Blue (Legacy Edition),1959-08-17,b5540681352e06ac
6bqNdzv1KHd5C7ae0YbV7r,Vid Frösö kyrka - From Frösöblomster,20,False,Trio X of Sweden,Träumerei,2013-02-05,b5540681352e06ac
7ysmJhXFQtiBQlk6EZ6sks,Journey Into Melody - 2007 Digital Remaster/Rudy Van Gelder Edition,53,False,Stanley Turrentine,Look Out! (Remastered),2007-01-01,b5540681352e06ac
0tUq1zaYNoV6ZiYRU2bjqf,"On Green Dolphin Street (feat. John Coltrane, Cannonball Adderley & Bill Evans)",44,False,Miles Davis,Kind Of Blue (Legacy Edition),1959-08-17,b5540681352e06ac
5OSNBCjkwNtyyBciVcy1GI,James MacMillan: The Confession of Isobel Gowdie: The Confession of Isobel Gowdie,0,False,James MacMillan,James MacMillan: The World's Ransoming & The Confession of Isobel Gowdie,2008-01-08,b5540681352e06ac
79MOPpvNSagTPcwnx4Ct2b,That's All,7,False,Jimmy Forrest,Pick Yourself Up,2018-03-28,b5540681352e06ac
5adNkxFBgFYu3N6m8J6muG,Summertime,0,False,Denis Solee,Gershwin on Sax,2018-01-15,b5540681352e06ac
2dRAXN5jOP0lPFjQuHItJr,Firewater,36,False,Django Django,Django Django,2012-01-30,b5540681352e06ac
7pegxVesMmE2qK0o58xoFG,Homage,0,False,Mild High Club,Skiptracing,2016-08-26,b5540681352e06ac
7wiBLZCGzE2IZxO25YORTC,Concerto for Clarinet & Orchestra: I. Rhapsody for George,0,False,Frank Ticheli,"Ticheli, Warnaar & Ranjbaran: Wind Concertos",2018-02-09,b5540681352e06ac
2Ms33RTRCT6gArrpcrPxmo,Feel,77,False,Robbie Williams,Escapology,2002,b5540681352e06ac
0A7lfPy7F0a9pXnDIL18FW,"Uptown, Downtown",0,False,Bill Charlap Trio,"Uptown, Downtown",2017-09-08,b5540681352e06ac
6gP9gjBR6KQ4T2pw9CLtkj,Fitzpleasure,0,False,alt-J,An Awesome Wave (Deluxe Version),2012-10-22,b5540681352e06ac
0EljLyxvgTEnD2YF6XuCDR,Waveforms,32,False,Django Django,Django Django,2012-01-30,b5540681352e06ac
4Uecyf82f85MdvnGLA4SWE,Song for Ellis,39,False,Aldo Romano,Mélodies en noir & blanc,2017-09-22,b5540681352e06ac
4sY33sSLZ6EQpFkEJ1OaAE,Trust,27,False,Roy Hargrove,Distractions/Nothing Serious (Double eAlbum),2006-01-01,b5540681352e06ac
0UcEomvOXjRN6q9KFuqo5q,Adeline,0,False,alt-J,RELAXER,2017-06-02,b5540681352e06ac
0gthKFDdPUpoyIjTDfBWrD,"Till Eulenspiegels lustige Streiche, Op. 28, TrV 171",0,False,Richard Strauss,"Strauss, R.: Also sprach Zarathustra; Till Eulenspiegel; Don Juan; Salome's Dance Of The Seven Veils",1995-01-01,b5540681352e06ac
3GWL25OtAOCcyFu7WSx97I,Hail Bop,38,False,Django Django,Django Django,2012-01-30,b5540681352e06ac
0P3TUNfXfhdJ4rgdZAUL6i,"Má vlast, JB 1:112: No. 2, Vltava (My Country: Moldau)",13,False,Bedřich Smetana,Smetana: Ma Vlast (My Country),1994-08-05,b5540681352e06ac
76Bk0cDFzg1ljHQpY0SUqV,I Miss You,25,False,Emil Brandqvist,I Miss You,2018-03-23,b5540681352e06ac
4G3EKvGtqcUSZqPQIWJFxd,Gary's Theme - 2003 Remastered Version,0,False,Bill Evans,You Must Believe In Spring,1977,b5540681352e06ac
3wQXP3617fqclHgzA7dONN,The Meetings of the Waters,46,False,Fionn Regan,The Meetings of the Waters,2017-04-14,b5540681352e06ac
068LmtzI6xJJDPfPnMje0U,Let It Happen,1,False,Tame Impala,Currents,2015-07-17,b5540681352e06ac
6I5cQVYvoc5dqpyYvYHpSw,Cough Cough,36,False,Everything Everything,Arc (Deluxe),2013-01-14,b5540681352e06ac
1rg9i5UE2qefjows4qWlOl,Kemosabe,39,False,Everything Everything,Arc (Deluxe),2013-01-14,b5540681352e06ac
1cAXC3MYAr3LqSvOMdfasJ,Last Year,0,False,alt-J,RELAXER,2017-06-02,b5540681352e06ac
4g3Ax56IslQkI6XVfYKVc5,The Less I Know The Better,1,True,Tame Impala,Currents,2015-07-17,b5540681352e06ac
1gXgFe42XLKzte1ziyTMqZ,Pleader,0,False,alt-J,RELAXER,2017-06-02,b5540681352e06ac
04GyFGGvAyItrPfeV0HNj2,Eventually,0,False,Tame Impala,Currents,2015-07-17,b5540681352e06ac
0G3r1WTrhjXZD7cmEQiEyl,Torso Of The Week,25,False,Everything Everything,Arc (Deluxe),2013-01-14,b5540681352e06ac
5DN1QdgodyvoM4efdXUR1c,Regret,41,False,Everything Everything,Get To Heaven (Deluxe),2015-06-22,b5540681352e06ac
1vQJo9Z9bvaeqdoFh4W097,To The Blade,40,False,Everything Everything,Get To Heaven (Deluxe),2015-06-22,b5540681352e06ac
6vTtMyCg96xwpoIBws9K0Q,Feels Like We Only Go Backwards,0,False,Tame Impala,Lonerism,2012-01-01,b5540681352e06ac
05MqkhneIhKSPJ76FBSULY,Warm Healer,35,False,Everything Everything,Get To Heaven (Deluxe),2015-06-22,b5540681352e06ac
48RB9UWejJxtNJcmNyyh4j,Duet,30,False,Everything Everything,Arc (Deluxe),2013-01-14,b5540681352e06ac
0Ln5tJyLX5qusquBOtq7wf,Fire,67,False,Kasabian,West Ryder Pauper Lunatic Asylum,2009,b5540681352e06ac
0rYnegjbXvYMfuG0q6cQFu,In Cold Blood,0,True,alt-J,In Cold Blood,2017-03-29,b5540681352e06ac
10ZwvQF9EbmXA20sFf9bO3,Yes I'm Changing,0,True,Tame Impala,Currents,2015-07-17,b5540681352e06ac
7q2vQa5a1LCqEbssxR1QXF,Cigarette Daydreams,0,False,Cage The Elephant,Melophobia,2013-10-04,b5540681352e06ac
5NtoPBmhY7WGdpsHmpy9Xh,Always Like This,0,False,Bombay Bicycle Club,I Had The Blues But I Shook Them Loose,2009-01-01,b5540681352e06ac
5LraK2D6KZTbSxT7npbbU9,"New Person, Same Old Mistakes",0,False,Tame Impala,Currents,2015-07-17,b5540681352e06ac
6GpH4Q5hUKzMvMoO4n5itq,The Moment,0,False,Tame Impala,Currents,2015-07-17,b5540681352e06ac
4mIucROkc8m8EZtHKmJkqE,Choice Mountain,27,False,Everything Everything,Arc (Deluxe),2013-01-14,b5540681352e06ac
4e8KvQ6kLYr4ZnmZyNLwJO,Taro,0,False,alt-J,An Awesome Wave (Deluxe Version),2012-10-22,b5540681352e06ac
2oVyKK5NH2oawyrDZJn581,'Cause I'm A Man,0,True,Tame Impala,Currents,2015-07-17,b5540681352e06ac
71D4LseR0RADPbyvMeTIHR,Can't Stand Me Now,1,True,The Libertines,The Libertines,2004,b5540681352e06ac
5WXMS6w7Gvb02b6bx4eBSF,The Age Of The Understatement,51,False,The Last Shadow Puppets,The Age Of The Understatement,2008-04-19,b5540681352e06ac
6R9212DpqSqaxDOcWEVg63,Weights,0,False,Everything Everything,Man Alive,2010-01-01,b5540681352e06ac
13bEwk7dTy0RdOAY3ZNNBD,Golden Touch - Full Length,61,False,Razorlight,Up All Night,2004,b5540681352e06ac
78chqvzuLt8SewW28b3WJP,Last Nite,1,False,The Strokes,Is This It,2001-08-24,b5540681352e06ac
68pA3y3FyEU5p35ccMrMTH,Armourland,21,False,Everything Everything,Arc (Deluxe),2013-01-14,b5540681352e06ac
2e1w6HJVgBa9AAn9wE4FtU,Can't Do,16,False,Everything Everything,Can't Do,2017-06-14,b5540681352e06ac
4YVAnT6ZITl5DJ7hYnY0cg,Feet For Hands,22,False,Everything Everything,Arc (Deluxe),2013-01-14,b5540681352e06ac
3ksfzUmOSCkqOvhzYnFHf0,NASA Is On Your Side,0,False,Everything Everything,Man Alive,2010-01-01,b5540681352e06ac
13eVZd07tPhyCJXGCf4y0V,To Be Alone,0,False,Hozier,Hozier (Special Edition),2014-11-06,b5540681352e06ac
57LZ8GBVLiVWZtZWUlagjI,Two For Nero,0,False,Everything Everything,Man Alive,2010-01-01,b5540681352e06ac
6AzQZJLLmEUFurwExaWNjd,Reptilia,0,False,The Strokes,Room On Fire,2003-10-20,b5540681352e06ac
2lrGJgwCRIpD9SzIWKiLWo,Final Form,0,False,Everything Everything,Man Alive,2010-01-01,b5540681352e06ac
0ciZ2Dma8yRj5YIHkNGASq,Tin (The Manhole),0,False,Everything Everything,Man Alive,2010-01-01,b5540681352e06ac
4c9WmjVlQMr0s1IjbYO52Z,My Number,2,False,Foals,Holy Fire,2013-02-11,b5540681352e06ac
19CIsQ1HElu4XHdLCMlSqu,Not Nineteen Forever,57,False,Courteeners,St. Jude,2008-04-06,b5540681352e06ac
22h9kZ4NcaCs74Mz5qTxIn,Hapsburg Lippp,33,True,Everything Everything,Get To Heaven (Deluxe),2015-06-22,b5540681352e06ac
08ZuYMwYKdxLrGufv125m0,March To the Sea,0,False,Twenty One Pilots,Twenty One Pilots,2009-12-29,b5540681352e06ac
1qfYG2JrchEyJiqKnkE7YQ,What You Know,2,False,Two Door Cinema Club,Tourist History,2010-02-07,b5540681352e06ac
7IFcjdElhzc6ELELuosDOQ,Zero Pharaoh,33,False,Everything Everything,Get To Heaven (Deluxe),2015-06-22,b5540681352e06ac
6HqWcIutC3Bwk6awM1jnGP,Elephant,0,False,Tame Impala,Lonerism,2012-01-01,b5540681352e06ac
0z8X8bVc765zc2BOawx1Cu,Come Alive Diana,0,False,Everything Everything,Man Alive,2010-01-01,b5540681352e06ac
41Z9EhmqnEcCPmWypL14S9,Dissolve Me,0,False,alt-J,An Awesome Wave (Deluxe Version),2012-10-22,b5540681352e06ac
2cUC5EKLop2dZr45cRpyds,Fortune 500,33,False,Everything Everything,Get To Heaven (Deluxe),2015-06-22,b5540681352e06ac
5mhYlnqnqWKvdHDhPZOWEc,Area,14,False,The Futureheads,Area,2005-11-28,b5540681352e06ac
6g4i8boXgdS7L2UOxJWUMH,Apocalypse Dreams,0,False,Tame Impala,Lonerism,2012-01-01,b5540681352e06ac
4Kxribw8agTbMRLmAJcTRn,Blast Doors,43,False,Everything Everything,Get To Heaven (Deluxe),2015-06-22,b5540681352e06ac
5cwN1htZyoWqZCc33f3RfE,The High Road,62,False,Broken Bells,Broken Bells,2010-03-01,b5540681352e06ac
2eECiyEWKrdD0m0qbU5Wpw,Keep On Lying,0,False,Tame Impala,Lonerism,2012-01-01,b5540681352e06ac
6ylqrHE9zZjCmpZ1qPpcMb,Suffragette Suffragette,0,False,Everything Everything,Man Alive,2010-01-01,b5540681352e06ac
20I8RduZC2PWMWTDCZuuAN,Take Me Out,84,False,Franz Ferdinand,Franz Ferdinand,2004-02-16,b5540681352e06ac
2hUFjIbpKaRqs97OjUAmXb,Johnny Boy,1,False,Twenty One Pilots,Twenty One Pilots,2009-12-29,b5540681352e06ac
2udw7RDkldLFIPG9WYdVtT,Sir Duke,0,False,Stevie Wonder,Songs In The Key Of Life (Reissue),1976-09-28,b5540681352e06ac
3H6ntFP4cmGzYS0O3rtVyp,President Heartbeat,30,False,Everything Everything,Get To Heaven (Deluxe),2015-06-22,b5540681352e06ac
1xzE78YaGxhVKLubvVgDPB,Moonbeams,0,False,Limes,Fresh Squeezed,2016-11-20,b5540681352e06ac
3FvV3j98xtcylQF1drDc9j,Oh Ms Believer,1,False,Twenty One Pilots,Twenty One Pilots,2009-12-29,b5540681352e06ac
1QXzQKmQiDOzGHwSXVdHTp,Tessellate,0,False,alt-J,An Awesome Wave (Deluxe Version),2012-10-22,b5540681352e06ac
6cwemXIKrAQeP7TMErGwM3,Isle Of Flightless Birds,0,False,Twenty One Pilots,Twenty One Pilots,2009-12-29,b5540681352e06ac
5QD4hHEv8812JagZlH1MMy,In Cold Blood,0,True,alt-J,RELAXER,2017-06-02,b5540681352e06ac
1s9xuJxhYM0LdVqksjegcg,Fairly Local,63,False,Twenty One Pilots,Blurryface,2015-05-15,b5540681352e06ac
5lDrXqE9LAjDTd6ZfAdmVx,Ms,0,False,alt-J,An Awesome Wave (Deluxe Version),2012-10-22,b5540681352e06ac
5pPaz7DQVQa56conheTyaf,Photoshop Handsome,0,False,Everything Everything,Man Alive,2010-01-01,b5540681352e06ac
6o9XlNBrB90h21gxnfN9tF,Hooplah,0,False,Limes,Fresh Squeezed,2016-11-20,b5540681352e06ac
2Z8WuEywRWYTKe1NybPQEW,Ride,82,False,Twenty One Pilots,Blurryface,2015-05-15,b5540681352e06ac
4bk6v5SBxNoVsbOvdOvUAJ,Addict With A Pen,1,False,Twenty One Pilots,Twenty One Pilots,2009-12-29,b5540681352e06ac
6U5hUX40OWY6l0HaPUWElZ,Banquet,2,False,Bloc Party,Silent Alarm,2005-01-01,b5540681352e06ac
48vZCdBSHOW7BV6GjgMTmM,Don't Try - [Everything Everything Remix],16,False,Everything Everything,Arc (Deluxe),2013-01-14,b5540681352e06ac
5VGlqQANWDKJFl0MBG3sg2,Use Somebody,80,False,Kings of Leon,Only By The Night,2008-09-23,b5540681352e06ac
1GVfAOyh0mGrK6Hx7HwPty,From Eden,0,False,Hozier,Hozier (Special Edition),2014-11-06,b5540681352e06ac
3fAs1GvVMjMeMCTdjyQgyC,Brainchild,29,False,Everything Everything,Get To Heaven (Deluxe),2015-06-22,b5540681352e06ac
3vD01UlYowoyw9buTjZ7Ir,Nothing That Has Happened So Far Has Been Anything We Could Control,0,False,Tame Impala,Lonerism,2012-01-01,b5540681352e06ac
7zkOj5tmXFxqxxAbOzvkgu,Radiant,27,False,Everything Everything,Arc (Deluxe),2013-01-14,b5540681352e06ac
56AjofuW5AmuZMQCiQvoEf,Source,0,False,Fever the Ghost,Crab in Honey,2014-10-06,b5540681352e06ac
1PtgkkCdJ9rGNN2vHkBDdp,Qwerty Finger,0,False,Everything Everything,Man Alive,2010-01-01,b5540681352e06ac
5PMNuabTV5BaTahIawahcp,Someday,0,False,The Strokes,Is This It,2001-08-24,b5540681352e06ac
0x4ytdRTKX7k6fIiHQFZS2,The House Is Dust,19,False,Everything Everything,Arc (Deluxe),2013-01-14,b5540681352e06ac
6ujlgkgbsrPskgWslEcZmR,Ballad of the Mighty I,0,False,Noel Gallagher's High Flying Birds,Chasing Yesterday,2015-02-27,b5540681352e06ac
6gDTyTnFxpvQtkgGuNWGbE,"Friend, Please",0,False,Twenty One Pilots,Twenty One Pilots,2009-12-29,b5540681352e06ac
3twNvmDtFQtAd5gMKedhLD,Somebody Told Me,57,False,The Killers,Hot Fuss,2004-06-15,b5540681352e06ac
1UTIzaOf6ztFupLJ5vRMqm,"Symphony No. 4 in G Major: I. Bedächtig, nicht eilen",9,False,Gustav Mahler,Mahler: Symphony No. 4 in G major,1960,b5540681352e06ac
6OdkL4aZUfdmrFAU5jWo5E,Yuppie Supper,27,False,Everything Everything,Get To Heaven (Deluxe),2015-06-22,b5540681352e06ac
2c32F1jt47FbgVmJXwkDGq,Jackie And Wilson,0,False,Hozier,Hozier (Special Edition),2014-11-06,b5540681352e06ac
1XIVT7xqAR6mYUFvzuZbJB,"MY KZ, UR BF",0,False,Everything Everything,Man Alive,2010-01-01,b5540681352e06ac
73oUPYTVKtNQps8KxjZMKF,"Symphony No. 7 in A Major, Op. 92: I. Poco sostenuto - Vivace",0,False,Ludwig van Beethoven,Beethoven 7,2014-08-15,b5540681352e06ac
2SmFr5kiRsltqh7Zm9Z1gK,"Symphony No. 2: Tempo Andante, ma rubato",0,False,Jean Sibelius,Sibelius: Symphony No. 2,2007-04-10,b5540681352e06ac
3bnVBN67NBEzedqQuWrpP4,Tear in My Heart,74,False,Twenty One Pilots,Blurryface,2015-05-15,b5540681352e06ac
1lguQJjlNrIOoOylYVZN3M,The Judge,64,False,Twenty One Pilots,Blurryface,2015-05-15,b5540681352e06ac
3IRugjoQiWn1KZawwOL6pk,"Symphony No. 5 in E-Flat Major, Op. 82: I. Tempo molto moderato - Allegro moderato",0,False,Jean Sibelius,Sibelius: Symphonies Nos. 5 & 6 - The Swan of Tuonela,2012-09-04,b5540681352e06ac
4zNPGQKSEmBsPQKwxt2edw,"Concerto for Horn and Orchestra in C minor, Op. 8: I. Allegro moderato",0,False,Franz Strauss,Richard Strauss / Franz Strauss / Mozart: Horn Concertos,2006-09-22,b5540681352e06ac
3LSAyLUgmYFlf0k5x8L9fw,"Symphony No. 3 in D Minor, WAB 103: I. Gemäßigt, mehr bewegt, misterioso",1,False,Anton Bruckner,Bruckner: Symphony No.3,1989-01-01,b5540681352e06ac
25s70t8pGzaIG8FWCMwfsc,Pines of Rome,25,False,Ottorino Respighi,"Respighi, Tchaikovsky",2012-01-17,b5540681352e06ac
5IY9cDJjyUEjXIk6ohzsKd,Symphony No. 2: Finale: Allegro moderato,0,False,Jean Sibelius,Sibelius: Symphony No. 2,2007-04-10,b5540681352e06ac
053VyrPahH1YF5vd8e7YYp,Symphony No. 2: Allegretto,0,False,Jean Sibelius,Sibelius: Symphony No. 2,2007-04-10,b5540681352e06ac
6GmkJJMe9U1tEcrJ3Hq3A1,Polarize,64,False,Twenty One Pilots,Blurryface,2015-05-15,b5540681352e06ac
6H4Spy8YIRKp4mrsL4Q6sv,I Believe It Now,18,False,Everything Everything,I Believe It Now,2016-09-02,b5540681352e06ac
5cbpoIu3YjoOwbBDGUEp3P,Car Radio,69,False,Twenty One Pilots,Vessel,2013-01-08,b5540681352e06ac
1lVfAGFXlrQcLBLEFLv6Hl,"Concerto for Horn and Orchestra in C minor, Op. 8: III. Tempo I.",0,False,Franz Strauss,Richard Strauss / Franz Strauss / Mozart: Horn Concertos,2006-09-22,b5540681352e06ac
63DbSovMAbFy71oZhyGR4I,"Piano Concerto No. 3 in C minor, Op. 37: I. Allegro con brio",0,False,Ludwig van Beethoven,Beethoven: Piano Concerto No. 3 & Mass in C Major,2015-11-13,b5540681352e06ac
3CRDbSIZ4r5MsZ0YwxuEkn,Stressed Out,85,False,Twenty One Pilots,Blurryface,2015-05-15,b5540681352e06ac
6338sagiRPpH6dOsT6yYw9,"Symphony No. 7 in A Major, Op. 92: II. Allegretto",0,False,Ludwig van Beethoven,Beethoven 7,2014-08-15,b5540681352e06ac
3DrVO4ymPye5cRJFLbVf7b,"Symphony No. 3 in D Minor, WAB 103: II. Adagio. Bewegt, quasi andante",0,False,Anton Bruckner,Bruckner: Symphony No.3,1989-01-01,b5540681352e06ac
4rfaoyaZvNa60cj3OKSQV9,Migraine,66,False,Twenty One Pilots,Vessel,2013-01-08,b5540681352e06ac
3weNRklVDqb4Rr5MhKBR3D,Nuvole Bianche,72,False,Ludovico Einaudi,Una Mattina,2004-01-01,b5540681352e06ac
4RdRa3qq0GBSKjomxrkh5K,Guns for Hands,65,False,Twenty One Pilots,Vessel,2013-01-08,b5540681352e06ac
2P61EK6DMGyVyssLWS4fKy,Lane Boy,65,False,Twenty One Pilots,Blurryface,2015-05-15,b5540681352e06ac
40sRwFjfrRnaTdYPJIg4CP,Hometown,68,False,Twenty One Pilots,Blurryface,2015-05-15,b5540681352e06ac
6D4vZvLaG2AKUbJQncq2Nt,"Symphony No. 3 in D Minor, WAB 103: IV. Finale. Allegro",0,False,Anton Bruckner,Bruckner: Symphony No.3,1989-01-01,b5540681352e06ac
4NDPRcXIZJRwwCHc8SAIiO,"Horn Concerto No. 4 in E-Flat Major, K. 495: 1. Allegro moderato",1,False,Wolfgang Amadeus Mozart,Mozart: The Horn Concertos,2011-01-01,b5540681352e06ac
7Lx4MxTIAjDuOPIudSVRbV,"Symphony No. 7 in A Major, Op. 92: III. Presto - Assai meno presto",0,False,Ludwig van Beethoven,Beethoven 7,2014-08-15,b5540681352e06ac
22OqansuvEMQu9W0EfiGTI,We Don't Believe What's on TV,64,False,Twenty One Pilots,Blurryface,2015-05-15,b5540681352e06ac
4Oyl6oYSNeeZZP0OAxPVaU,Message Man,64,False,Twenty One Pilots,Blurryface,2015-05-15,b5540681352e06ac
3ly1AXMesD35BLHWkG4ndc,"Symphony No. 6 in F Major, Op. 68, ""Pastoral"": II. Szene am Bach (By the brook): Andante molto mosso",0,False,Ludwig van Beethoven,Beethoven 6,2014-08-15,b5540681352e06ac
6IBxyCHeXatRw0szLfMcmQ,"Symphonie fantastique, Op. 14: I. Rêveries - Passions",0,False,Hector Berlioz,Berlioz: Symphonie fantastique,2001-01-01,b5540681352e06ac
1NgbwCIQurjDvwj3whpwD5,"Symphony No.9 In E Minor, Op.95, B. 178: 2. Largo",0,False,Antonín Dvořák,Dvorák: Symphony No.9 / Smetana: The Moldau / Liszt: Les Préludes,2001-01-01,b5540681352e06ac
6tqzOYuE3lrNVPDgtF3MjM,Youth,0,False,Daughter,If You Leave,2013-03-18,b5540681352e06ac
4FCp0AgeGwd7vRLigSNmW9,"Symphony No.5 In E Minor, Op.64, TH.29: 1. Andante - Allegro con anima",0,False,Pyotr Ilyich Tchaikovsky,Tchaikovsky: Symphony No.5/Swan Lake Suite,1989-01-01,b5540681352e06ac
65KmGZW8BPojGTJtiQGKuZ,"Pines Of Rome, P. 141: 2. The Pines Near A Catacomb",0,False,Ottorino Respighi,Respighi: The Fountains of Rome; The Pines of Rome; Ancient Airs and Dances - Suite III / Boccherini: Quintettino / Albinoni: Adagio in G Minor,1996-01-01,b5540681352e06ac
0VLascXUZ2Ze2u5kUD5J1f,I Giorni,60,False,Ludovico Einaudi,Islands - Essential Einaudi,2011-01-01,b5540681352e06ac
3G5SR7QHN8OJaRw9gE9v7V,"Symphony No. 5 in E-flat Major, Op. 82: I. Tempo molto moderato - Allegro moderato",0,False,Jean Sibelius,Sibelius: Symphonies Nos 1 - 7 Kullervo / Pohjola's Daughter / The Oceanides,2016-10-14,b5540681352e06ac
4dDi8NVUok2G9FK2qeDErk,"Symphony No. 5 In E Minor, Op. 64, TH.29: I. Andante - Allegro con anima",6,False,Pyotr Ilyich Tchaikovsky,Tchaikovsky: Symphony No.5; Francesca da Rimini,2008-01-01,b5540681352e06ac
4yhJAS07Pqx49zqsh5KpkU,"Symphony No. 1 in D Minor, Op. 13: I. Grave - Allegro ma non troppo",0,False,Sergei Rachmaninoff,Rachmaninov: Symphony No. 1 - Balakirev: Tamara,2016-09-09,b5540681352e06ac
4XWqS8UGO5x4ClB2yH0nbW,Petricor,55,False,Ludovico Einaudi,Elements (Deluxe),2015-10-16,b5540681352e06ac
3C3cr2JQwXIhqAHqOardVO,Holding on to You,67,False,Twenty One Pilots,Vessel,2013-01-08,b5540681352e06ac
7kUgK235oXnAspL4fHP1p8,"Concerto for Horn and Orchestra in C minor, Op. 8: II. Andante",0,False,Franz Strauss,Richard Strauss / Franz Strauss / Mozart: Horn Concertos,2006-09-22,b5540681352e06ac
57yL3161hUMuw06zzzUCHi,Doubt,78,False,Twenty One Pilots,Blurryface,2015-05-15,b5540681352e06ac
7DT875PgzLcCa0dGyQqBh4,Symphony No. 2: Vivacissimo,0,False,Jean Sibelius,Sibelius: Symphony No. 2,2007-04-10,b5540681352e06ac
70JkDeCPjhbh1eg55NLZLy,Siberian Breaks,25,False,MGMT,Congratulations,2010-04-09,b5540681352e06ac
7qxjGHW485TL8ciwkHD5MK,Not Today,62,False,Twenty One Pilots,Blurryface,2015-05-15,b5540681352e06ac
4YzvET4h6h5TMtVoBrevQi,"Symphony No.9 In E Minor, Op.95, B. 178: 4. Allegro con fuoco",0,False,Antonín Dvořák,Dvorák: Symphony No.9 / Smetana: The Moldau / Liszt: Les Préludes,2001-01-01,b5540681352e06ac
1dazHEPsvWuYCsrUFlM1RC,Wind Quintet: III. Lento - Allegro vivace,0,False,Otto Mortensen,Danish Wind Quintets,2000-05-11,b5540681352e06ac
6BxlebPzbgzT5vjnfDL5K1,"Symphony No. 6 in F Major, Op. 68, ""Pastoral"": I. Erwachen heiterer Empfindungen bei der Ankunft auf dem Lande (Awakening of happy feelings on arrival in the country): Allegro ma non troppo",0,False,Ludwig van Beethoven,Beethoven 6,2014-08-15,b5540681352e06ac
3jPGemJdr95abo520vyvVk,Le Onde,56,False,Ludovico Einaudi,Islands - Essential Einaudi,2011-01-01,b5540681352e06ac
0Y2ZA879AsMkURP283OZ81,Distant Past,20,False,Everything Everything,Distant Past,2015-02-18,b5540681352e06ac
57DyT3nTA2XvQ1HB3oM1aF,"Symphony No. 1 in D: 3. Feierlich und gemessen, ohne zu schleppen",0,False,Gustav Mahler,Mahler: Symphony No. 1 (Classic FM: The Full Works),2014-01-01,b5540681352e06ac
6Xs9eaQXZaKfPkEyETxNl6,Night,56,False,Ludovico Einaudi,Elements (Deluxe),2015-10-16,b5540681352e06ac
1UKMN7B6qjo2JsQybKzv8e,The Gospel of John Hurt,0,False,alt-J,This Is All Yours,2014-09-22,b5540681352e06ac
5ym30WzGPXzhNn5ynbrHWw,My Little Brown Book,0,False,Duke Ellington,Duke Ellington & John Coltrane,1963-02,b5540681352e06ac
7i9763l5SSfOnqZ35VOcfy,Heavydirtysoul,72,False,Twenty One Pilots,Blurryface,2015-05-15,b5540681352e06ac
773xZHHSHJvC1z3AAtWgH6,Ode to Sleep,62,False,Twenty One Pilots,Vessel,2013-01-08,b5540681352e06ac
15ntTgts0vLB5fuNHFuUJH,Siberian Breaks - Ed Banger All-Stars Remix,14,False,MGMT,Congratulations Remixes,2011-03-11,b5540681352e06ac
5SwC8GD8fTjeJfi9ggGkqQ,"Kullervo, Op. 7: I. Introduction",0,False,Jean Sibelius,Sibelius: Symphonies Nos 1 - 7 Kullervo / Pohjola's Daughter / The Oceanides,2016-10-14,b5540681352e06ac
5APAqiPkxB4l1fLOH61HTw,"Symphony No.5 In E Minor, Op.64, TH.29: 2. Andante cantabile, con alcuna licenza - Moderato con anima",0,False,Pyotr Ilyich Tchaikovsky,Tchaikovsky: Symphony No.5/Swan Lake Suite,1989-01-01,b5540681352e06ac
6lGr9uf6qTzvwU9KxNzN4N,"Horn Concerto No. 4 in E-Flat Major, K. 495: 2. Romanza. Andante",1,False,Wolfgang Amadeus Mozart,Mozart: The Horn Concertos,2011-01-01,b5540681352e06ac
0fKrVwCjKMi8idLyJKf7AY,"Symphony No.9 In E Minor, Op.95, B. 178: 1. Adagio - Allegro molto",0,False,Antonín Dvořák,Dvorák: Symphony No.9 / Smetana: The Moldau / Liszt: Les Préludes,2001-01-01,b5540681352e06ac
6J973mNweqCDzoGfl2v8SA,My Foolish Heart,0,False,Bill Evans Trio,Waltz For Debby [Original Jazz Classics Remasters] (OJC Remaster),1961,b5540681352e06ac
3Z0YN50RzRtmYre1bRG8H6,Hunger Of The Pine,0,False,alt-J,This Is All Yours,2014-09-22,b5540681352e06ac
0haPywvTM84E0q1UZFEvrp,"Piano Concerto No. 3 in C Minor, Op. 37: II. Largo",0,False,Ludwig van Beethoven,Beethoven: Piano Concerto No. 3 & Mass in C Major,2015-11-13,b5540681352e06ac
1njNSQw4GsFNO0xA62wngf,Adagio And Allegro In A-flat Major Op.70 2 Rasch Und Feurig,0,False,Robert Schumann,"Brahms, Czerny, et. Schumman: Horn Trios",2006-12-31,b5540681352e06ac
7jMKaftAUiWSf84Cqm2gM7,Whiskers - Original Mix,0,False,Feed Me,Feed Me's Escape From Electric Mountain,2012-02-06,b5540681352e06ac
0KyGPV5Bhks4841B8G9NKL,"Symphony No. 1 in D Minor, Op. 13: III. Larghetto",0,False,Sergei Rachmaninoff,Rachmaninov: Symphony No. 1 - Balakirev: Tamara,2016-09-09,b5540681352e06ac
4yLSpYlcO0jPPLTa3nW8zN,Fly,57,False,Ludovico Einaudi,Divenire,2006-10-23,b5540681352e06ac
3tJjZMHLqhD8DaGgdBICnc,Saturn,71,False,Sleeping At Last,Atlas: I,2014-07-08,b5540681352e06ac
0uCJjJxDUzPVadeCVLXTWQ,"Piano Concerto No. 3 in C Minor, Op. 37: III. Rondo: Allegro",0,False,Ludwig van Beethoven,Beethoven: Piano Concerto No. 3 & Mass in C Major,2015-11-13,b5540681352e06ac
3MHpUxLJ94T6dZoueJ119g,"Symphony No. 2 in C Minor, Op. 17 ""Ukrainian"": I. Andante sostenuto – Allegro vivo",7,False,Pyotr Ilyich Tchaikovsky,Tchaikovsky: 6 Symphonies,2008-01-01,b5540681352e06ac
4DSvLD970vbucbgtjeUVbP,"Symphony No. 6 in B Minor, Op. 74 ""Pathétique"": II. Allegro con grazia",10,False,Pyotr Ilyich Tchaikovsky,Tchaikovsky: 6 Symphonies,2008-01-01,b5540681352e06ac
2qIPI6n3AdqXorzj0qp9Sj,"Symphony No. 5 in E flat major, Op. 82: III. Allegro molto",0,False,Jean Sibelius,Sibelius: Symphonies Nos. 5 & 6,2004-01-01,b5540681352e06ac
2dzfbF8zeQHNrgAIydOuFY,No Reptiles - Jim Eno Sessions,6,False,Everything Everything,Spotify Sessions,2016-08-01,b5540681352e06ac
0kOuIhm72NPDp1Z422RPND,"Symphony No. 5 in E-flat Major, Op. 82: III. Allegro molto",0,False,Jean Sibelius,Sibelius: Symphonies Nos 1 - 7 Kullervo / Pohjola's Daughter / The Oceanides,2016-10-14,b5540681352e06ac
0lJEYLAJU5KtthQroas2ou,Rock DJ - 2004 Mix,49,False,Robbie Williams,In And Out Of Consciousness: Greatest Hits 1990 - 2010,2010-01-01,b5540681352e06ac
7Mw1svSngAwEaKFDjgxdiT,One Click Headshot - Original Mix,0,False,Feed Me,Feed Me's Escape From Electric Mountain,2012-02-06,b5540681352e06ac
0hQwKOW1OVboQTIGqwQqyz,Symphony No. 1 in D: 2. Kräftig bewegt,0,False,Gustav Mahler,Mahler: Symphony No. 1 (Classic FM: The Full Works),2014-01-01,b5540681352e06ac
1DgqF47lW1iIOX14PzSTS5,Fill My Little World,0,False,The Feeling,Twelve Stops and Home,2006-01-01,b5540681352e06ac
5zTX7MeCrTX5ZBFSqJS7XZ,"A Car, a Torch, a Death",0,False,Twenty One Pilots,Twenty One Pilots,2009-12-29,b5540681352e06ac
0Pzp03HQh9ZKE6pdSj9E5O,"Les Jeux d'eaux a la Villa d'Este, S. 163",0,False,Franz Liszt,Franz Liszt: Volume 2,2013-10-01,b5540681352e06ac
0cQVqPuHQP4KEwc7ZUQmj6,Sweater Weather,69,False,The Neighbourhood,I Love You.,2013-04-19,b5540681352e06ac
670qDZXLlzUtUdKisEBwPV,"Adagio & Allegro, Op. 70: Adagio and Allegro, Op. 70",0,False,Robert Schumann,"Schumann, R.: Adagio and Allegro / Brahms, J.: Trio for Violin, Horn and Piano, Op. 40 / Ligeti, G.: Hommage A Brahms",2002-01-01,b5540681352e06ac
6VKBuDkVHx85EBCy17ZGkS,"Saint-Saëns: Morceau de concert in F Minor, Op. 94",0,False,Camille Saint-Saëns,Romantic Horn Concertos,1985-02-02,b5540681352e06ac
4YiMedn3QioAKbZXfHpeCr,"Polonaise brillante No. 2 in A Major, Op. 21",0,False,Henryk Wieniawski,Wieniawski / Sarasate: Violin Showpieces,2000-01-01,b5540681352e06ac
4OgXO5VXZ3YwfBeexZaDER,"Violin Sonata No. 1 in A Minor, Op. 105 (arr. T. Zimmermann and H. Holl): III. Lebhaft",1,False,Tabea Zimmermann,"Schumann, R.: Adagio and Allegro / Fantasiestucke / 3 Romanzen / Violin Sonata No. 1 / Marchenbilder",2004-01-01,b5540681352e06ac
3anSR3MSI8PDql1PweeruG,"Septuor, op. 65 - Mvt. III: Intermede",0,False,Banff Camerata,Saint-Saens Chamber Music,1995,b5540681352e06ac
5bK9t6Y6jhgtNyNFlLbLvE,"Violin Sonata No. 1 in A Minor, Op. 105 (arr. T. Zimmermann and H. Holl): II. Allegretto",1,False,Tabea Zimmermann,"Schumann, R.: Adagio and Allegro / Fantasiestucke / 3 Romanzen / Violin Sonata No. 1 / Marchenbilder",2004-01-01,b5540681352e06ac
12lG0ihveE7uX8qcMGRCYu,"Trio for Violin, Horn and Piano in E-Flat Major, Op. 40: II. Scherzo. Allegro - Molto meno allegro - Allegro",0,False,Johannes Brahms,"Schumann, R.: Adagio and Allegro / Brahms, J.: Trio for Violin, Horn and Piano, Op. 40 / Ligeti, G.: Hommage A Brahms",2002-01-01,b5540681352e06ac
5fKqnwOx2LGy1rM1smLADO,"Sonata for oboe and piano, op. 166 - Mvt. I: Andantino",2,False,Banff Camerata,Saint-Saens Chamber Music,1995,b5540681352e06ac
0SICYfbpminUfzCBrcVl6C,"Trio for Violin, Horn and Piano in E-Flat Major, Op. 40: III. Adagio mesto",0,False,Johannes Brahms,"Schumann, R.: Adagio and Allegro / Brahms, J.: Trio for Violin, Horn and Piano, Op. 40 / Ligeti, G.: Hommage A Brahms",2002-01-01,b5540681352e06ac
0L1jwnl5h6xZ7YUzuUTSQq,"Morceau de concert for horn and piano, op. 94",3,False,Banff Camerata,Saint-Saens Chamber Music,1995,b5540681352e06ac
5FU8E1sNrfrNMQPV8X0GxO,"Violin Sonata No. 1 in A Minor, Op. 105 (arr. T. Zimmermann and H. Holl): I. Mit leidenschaftlichem Ausdruck",2,False,Tabea Zimmermann,"Schumann, R.: Adagio and Allegro / Fantasiestucke / 3 Romanzen / Violin Sonata No. 1 / Marchenbilder",2004-01-01,b5540681352e06ac
6hDH3YWFdcUNQjubYztIsG,Everybody (Backstreet's Back) - Radio Edit,0,False,Backstreet Boys,Backstreet's Back,1997-10-09,b5540681352e06ac
3r67UKOuyb0a5r3MdQry9l,Degausser,35,False,Brand New,The Devil And God Are Raging Inside Me,2006-01-01,b5540681352e06ac
2tVouQintSo2ffjVgnv6Sh,My Humps,0,False,Black Eyed Peas,Monkey Business (International Version),2005-01-01,b5540681352e06ac
5KoSOyStzFgRHZ3xaU2NwA,Enter The Ninja,0,True,Die Antwoord,$O$,2010-01-01,b5540681352e06ac
1ONVKd6eKzS4S1peEWiwaE,Weights & Measures,30,False,Dry the River,Shallow Bed (Deluxe Version),2012-03-05,b5540681352e06ac
2pc4g1tUBC65a2mAL6yYWT,Ice Ice Baby,0,False,90s allstars,Top 40 90's Hits - 40 Ultimate Nineties Anthems!,2014-05-11,b5540681352e06ac
7JqPmVgq0jGfXHlG3ycdkf,Naomi,0,False,Neutral Milk Hotel,On Avery Island,1996,b5540681352e06ac
7HFh9ZOkKkzjk6aZ2wz85n,Soco Amaretto Lime,0,False,Brand New,Your Favorite Weapon,2001,b5540681352e06ac
34gCuhDGsG4bRPIf9bb02f,Thinking out Loud,84,False,Ed Sheeran,x (Deluxe Edition),2014-06-21,b5540681352e06ac
2gSyc23Hua25fqSFpgAh6W,Say My Name,57,False,Destiny's Child,The Writing's On The Wall,1999-09-07,b5540681352e06ac
1Nvzg38DAVwxH5MohVq1CX,We Made You,0,False,Eminem,Relapse,2009-05-15,b5540681352e06ac
7uITUCO8gIkj69pzHeAPGf,Heartbeat,0,True,Childish Gambino,Camp,2011-01-01,b5540681352e06ac
6ZdxGOaZoNzbGrBLjUcrUs,Mis Deseos / Feliz Navidad (with Thalia),12,False,Michael Bublé,Christmas (Deluxe Special Edition),2012-11-09,b5540681352e06ac
1HNkqx9Ahdgi1Ixy2xkKkL,Photograph,86,False,Ed Sheeran,x (Deluxe Edition),2014-06-21,b5540681352e06ac
5K8krP3FbkTRRyC3153ygP,New Ceremony,29,False,Dry the River,Shallow Bed (Deluxe Version),2012-03-05,b5540681352e06ac
2KH16WveTQWT6KOG9Rg6e2,Eye of the Tiger,76,False,Survivor,Rocky IV,1985,b5540681352e06ac
4fIWvT19w9PR0VVBuPYpWA,Haven't Met You Yet,70,False,Michael Bublé,Crazy Love,2009-10-06,b5540681352e06ac
3w4uM3N0xv5fzPclOHOMOG,The Quiet Things That No One Ever Knows,0,False,Brand New,Deja Entendu,2003-10-21,b5540681352e06ac
7dS5EaCoMnN7DzlpT6aRn2,Take Me To Church,1,False,Hozier,Hozier (Deluxe),2014-05-20,b5540681352e06ac
7Eqp2aEydBFLYwFm7Qbx3j,Can't Do Without You,0,False,Caribou,Our Love,2014-10-05,b5540681352e06ac
5FdCinAy3O1jbqC3aMIxA0,Nancy From Now On,0,False,Father John Misty,Fear Fun,2012-04-30,b5540681352e06ac
3m2gfwcxl77ojJTWH3wZkb,Santa Baby,10,False,Michael Bublé,Christmas (Deluxe Special Edition),2012-11-09,b5540681352e06ac
0OJtYfqiz0Xn53o2TnySQC,All Rise,49,False,Blue,Best Of Blue,2004-01-01,b5540681352e06ac
2U21JLmiHCsoyYuNDbORjC,Fatty Boom Boom,0,False,Die Antwoord,TEN$ION,2012-01-30,b5540681352e06ac
6SsCsNhjtJkmqEw5whGAPu,Just a Day - Edit,0,False,Feeder,The Singles,2006,b5540681352e06ac
0ue0gFLwvXd8qZIPg35Qiu,Warning,58,False,Green Day,Warning,2000-10-03,b5540681352e06ac
6bH2owMgMDNW6zygbotS49,As Long as You Love Me,0,False,Backstreet Boys,Backstreet's Back,1997-10-09,b5540681352e06ac
5r35Zd5Onw3aV3Gm9XdgtI,Come As You Are,0,False,Nirvana,Nirvana (International Version),2002-01-01,b5540681352e06ac
05ylwB7GLI1gxjUW6WCymy,Fill My Little World - Edit,37,False,The Feeling,Fill My Little World,2006-01-01,b5540681352e06ac
0FeCO85RKW8fDRytwXof2x,Go Your Own Way,2,False,Fleetwood Mac,Rumours,1977-02-04,b5540681352e06ac
6tf9FpzBidPAqLQzosKvC3,Hidden Hand,0,False,Dry the River,Alarms in the Heart,2014-08-25,b5540681352e06ac
2t0ZYmVXMR36fchq1Egs2d,By the Way,52,False,Red Hot Chili Peppers,By the Way,2002-07-09,b5540681352e06ac
0zSGK8ZpVuo0XdIY21Vyrh,Ugly Boy,0,True,Die Antwoord,Donker Mag,2014-06-03,b5540681352e06ac
6e40mgJiCid5HRAGrbpGA6,I Want It That Way,66,False,Backstreet Boys,The Hits--Chapter One,2001-10-23,b5540681352e06ac
348YlO3W94nBZirMKmh1AY,Soul Cry,8,False,Andrew Bayer,"If It Were You, We'd Never Leave (Bonus Track Version)",2013-05-20,b5540681352e06ac
4T6HLdP6OcAtqC6tGnQelG,Everything,71,False,Michael Bublé,Call Me Irresponsible,2007-04-27,b5540681352e06ac
54MFbDWpE6oDT46AKehNxM,Rich B***h,0,True,Die Antwoord,$O$,2010-01-01,b5540681352e06ac
41nT1Sp6ChR65FbsdLlFHW,Bootylicious,63,False,Destiny's Child,Survivor,2001-05-01,b5540681352e06ac
6KzIC6VDoGpNJnslambKtE,Coldest Night of the Year,0,False,Vashti Bunyan,Some Things Just Stick in Your Mind,2007-10-21,b5540681352e06ac
6Maf2biqAJsUMGbPjdNq96,Alarms in the Heart,0,False,Dry the River,Alarms in the Heart,2014-08-25,b5540681352e06ac
0SdaDrc6bGmvKOCvI11bUX,Hidden,0,False,Vashti Bunyan,Lookaftering,2005-10-16,b5540681352e06ac
22c2pt75xtnDddA5Zlm0yy,All Star,1,False,Smash Mouth,All Star Smash Hits,2005-01-01,b5540681352e06ac
5yCr0sNmD5iVvm4CgoPjBx,Overprotected - Radio Edit,0,False,Britney Spears,Britney,2001-11-05,b5540681352e06ac
0SjhCnjTT2bXD9RtU8bFT9,Last Resort,3,True,Papa Roach,Infest,2000-01-01,b5540681352e06ac
717TY4sfgKQm4kFbYQIzgo,Toxic,54,False,Britney Spears,Greatest Hits: My Prerogative,2007-12-18,b5540681352e06ac
0zjB7ewBWnMgQDMQpFzt92,Year 3000,62,False,Busted,Busted,2002-01-01,b5540681352e06ac
2KzUCbNVPsshTwMmm7lKhK,Timothy Grub,0,False,Vashti Bunyan,Just Another Diamond Day,1970,b5540681352e06ac
29KIpqCRO5jMhhCXqXU1yL,Habit Of You,0,False,Arthur Russell,Love Is Overtaking Me,2008-10-27,b5540681352e06ac
63xuaP9IXvjp6fFraNblqu,Kimbie,0,False,Jackson C. Frank,Blues Run the Game (Expanded Deluxe Edition),2003,b5540681352e06ac
6RTwbKB3lsqGCHIAt1FoLC,Buck Rogers,0,False,Feeder,Match Of The Day,2009-06-08,b5540681352e06ac
2as9DMML3RYe4uGiBpTvEm,Hollywood Forever Cemetery Sings,0,False,Father John Misty,Fear Fun,2012-04-30,b5540681352e06ac
3ts3nBCGF7K9JvSjWVQfX8,All of Me,53,False,Michael Bublé,Crazy Love,2009-10-06,b5540681352e06ac
0Fagww7DNFNPpHj1uxtkNx,Wayward,0,False,Vashti Bunyan,Lookaftering,2005-10-16,b5540681352e06ac
7mG2RbhyzGsjpQOz568d39,Pressure,69,False,Paramore,All We Know Is Falling,2005,b5540681352e06ac
2r2XzhBMB4liDL9YW80Fqs,And So It Goes,35,False,Billy Joel,The Essential Billy Joel,2001-10-02,b5540681352e06ac
4Jj9Tykf7Fj2Ohlka1Ofq5,The Long Day Closes,19,False,Arthur Sullivan,Romance Du Soir,2009-02-10,b5540681352e06ac
2HQWTyTz7VRJ8g0wbXcf7A,The Times They Are A-Changin',0,False,Bob Dylan,Music From The Motion Picture Watchmen,2009-02-24,b5540681352e06ac
1Dr1fXbc2IxaK1Mu8P8Khz,When I Come Around,79,False,Green Day,Dookie,1994-02-01,b5540681352e06ac
58ETbgkA0kiiiwG6iMI3an,Winter Is Blue,0,False,Vashti Bunyan,Some Things Just Stick in Your Mind,2007-10-21,b5540681352e06ac
1Je1IMUlBXcx1Fz0WE7oPT,Wannabe,81,False,Spice Girls,Spice,1996-01-01,b5540681352e06ac
5DBQWDGt7WVlyMgMgvGko9,I Fink U Freeky,0,False,Die Antwoord,TEN$ION,2012-01-30,b5540681352e06ac
4c6vZqYHFur11FbWATIJ9P,There She Goes,76,False,The La's,The La's,1990,b5540681352e06ac
27TJMHguLnuW3y2UPqXeC2,Frosty the Snowman (feat. The Puppini Sisters),9,False,Michael Bublé,Christmas (Deluxe Special Edition),2012-11-09,b5540681352e06ac
1GjQLnGAfpv3rWW1K9Ll8p,Winter Wonderland,15,False,Michael Bublé,Christmas (Deluxe Special Edition),2012-11-09,b5540681352e06ac
2odQ2mr6rSgGztyFNbsO3I,Lately,0,False,Vashti Bunyan,Lookaftering,2005-10-16,b5540681352e06ac
4isZunlXGO354O5pHNRruu,Train Song,0,False,Vashti Bunyan,Some Things Just Stick in Your Mind,2007-10-21,b5540681352e06ac
2AB6eY0MACr1pW6zjB6aSf,If I Were,0,False,Vashti Bunyan,Lookaftering,2005-10-16,b5540681352e06ac
6fb7FtkoWyEkxZMvsBxflf,Here Before,0,False,Vashti Bunyan,Folk Off!: Compiled by Rob Da Bank (Digital Edition),2006-07-09,b5540681352e06ac
55OMgmwtd5IGMFro2kessh,U Can't Touch This,0,False,90s allstars,Top 40 90's Hits - 40 Ultimate Nineties Anthems!,2014-05-11,b5540681352e06ac
5rAff9XfcWx7rguN3t0fkW,"New York, I Love You but You're Bringing Me Down",55,False,LCD Soundsystem,Sound of Silver,2007-03-12,b5540681352e06ac
3YBZIN3rekqsKxbJc9FZko,Paradise City,10,True,Guns N' Roses,Appetite For Destruction,1987-07-21,b5540681352e06ac
3FkbQ6hgCVHPBmxPMhGGCb,Find My Heart Again,0,False,Vashti Bunyan,Some Things Just Stick in Your Mind,2007-10-21,b5540681352e06ac
7wkOYHB3PBiJwm1hPkD1jc,Hey Sexy,0,False,Die Antwoord,TEN$ION,2012-01-30,b5540681352e06ac
1kbDhsSpGriwtvHYvmX77Y,17 Pink Sugar Elephants,0,False,Vashti Bunyan,Some Things Just Stick in Your Mind,2007-10-21,b5540681352e06ac
2laACzJ79QbJxQrOnMb7SW,Holly Hobby,0,False,Casiotone For The Painfully Alone,Advance Base Battery Life - Singles Collection,2009-03-10,b5540681352e06ac
18GiV1BaXzPVYpp9rmOg0E,Blowin' in the Wind,70,False,Bob Dylan,The Freewheelin' Bob Dylan,1963-05-27,b5540681352e06ac
3AoeaZs8dFemFJr3JdzOL0,You Are Not Alone,71,False,Michael Jackson,"HIStory - PAST, PRESENT AND FUTURE - BOOK I",1995-06-16,b5540681352e06ac
3MJqRK2KSpgbnoqpSSaHoL,Stuck on the puzzle,0,False,Alex Turner,Submarine (original songs),2011-03-14,b5540681352e06ac
5JAhtB4S0NrArDlH9knyPU,Handbags And Gladrags,0,False,Stereophonics,Decade In The Sun - Best Of Stereophonics (Deluxe),2008-01-01,b5540681352e06ac
7MeXwzhSDGfqNfuFANgzVC,Toxicity,4,False,System Of A Down,Toxicity,2001-01-01,b5540681352e06ac
51TE4kwKtJwzv4RET7nXVg,I'm Your Angel,0,False,R. Kelly,Epic,2010-09-10,b5540681352e06ac
4pMhwgF4a3R61AjEc9AbEh,A Whiter Shade Of Pale,0,False,Procol Harum,60's Gold,2006-01-01,b5540681352e06ac
2DOmsF4zUbaPzLeZMsHXc6,Three Peaches,0,False,Neutral Milk Hotel,On Avery Island,1996,b5540681352e06ac
3YkFjyrWbENMe9b7KUPjGb,I'll Be Seeing You,1,False,The Blanks,Riding the Wave,2004-10-14,b5540681352e06ac
3LA2GrMlbUFSSnHrXEodsK,Love Song,0,False,Vashti Bunyan,Just Another Diamond Day,1970,b5540681352e06ac
34xZFT7artr3SGqgSoR88L,Complicated,0,False,Avril Lavigne,Let Go,2002-06-14,b5540681352e06ac
45THyKtGoxYSVf61XXfTGd,All About You,33,False,McFly,Just My Luck,2006-01-01,b5540681352e06ac
69ZVbnB7FxXkLoztgXFtxC,New Project,0,False,Athlete,Vehicles & Animals,2003-04-07,b5540681352e06ac
6YgIehBTPQc7ng44YY4zEB,Never Le Nkemise - With Yo-Landi Vi$$er Vocal,0,False,Die Antwoord,TEN$ION,2012-01-30,b5540681352e06ac
38bHLl4pznhxzRJLuw1OA7,Barracuda,50,False,Heart,Shaun White Snowboarding: Official Soundtrack,2008-11-18,b5540681352e06ac
3479kk78dx3GFt048Udq54,Wake Me up When September Ends,53,False,Green Day,American Idiot (Deluxe),2004-09-21,b5540681352e06ac
7J2gELUzPrI1P1FZTqwK3E,Forgett,29,False,Sibylle Baier,Colour Green,2006-01-01,b5540681352e06ac
4kmt62VZL8kihqFoWCuDB7,Superman,28,False,The Blanks,Riding the Wave,2004-10-14,b5540681352e06ac
0pO9wem4wi61QD2PWFpIJQ,How Deep Is Your Love,52,False,Take That,Never Forget: The Ultimate Collection,2005-11-14,b5540681352e06ac
5PclxRY6shIQzSKxxbdZso,Under the Bridge,46,False,Red Hot Chili Peppers,Blood Sugar Sex Magik,1991-09-24,b5540681352e06ac
3PBK9I4wrziIbnbJddn8CF,Good to Know That If I Ever Need Attention,0,False,Brand New,Deja Entendu,2003-10-21,b5540681352e06ac
7434o5LQ48qGrPC0o5crP3,Charles in Charge,22,False,The Blanks,Riding the Wave,2004-10-14,b5540681352e06ac
2APaWLyP3drx0CIodMhKHd,Hey Ya!,43,False,The Blanks,Hey Ya!,2010-08-12,b5540681352e06ac
1883SZ1i4AIgtCFQ1KaK8t,Don't Stop 'Til You Get Enough,46,False,Michael Jackson,"HIStory - PAST, PRESENT AND FUTURE - BOOK I",1995-06-16,b5540681352e06ac
69ZEgPX0hxWXJIqkTlYz41,Iridescent,64,False,Linkin Park,A Thousand Suns,2010-09-08,b5540681352e06ac
0MsrWnxQZxPAcov7c74sSo,Holiday / Boulevard of Broken Dreams,72,True,Green Day,American Idiot,2004-09-21,b5540681352e06ac
6GLqXoHnhwCPvW3JEgPUTW,Over My Head,27,False,Lit,Atomic,2002-01-28,b5540681352e06ac
4zzQdimiXlhJ5023Rgmq3C,Grounds For Divorce,0,False,Elbow,The Seldom Seen Kid (EU Version),2008-03-17,b5540681352e06ac
772vxw5EgFKkQyDQPjQ5Kq,Never by Your Side,0,False,The Blackout,Hope,2011-04-03,b5540681352e06ac
3LJ3bvf4ioWcfn5PedZLJC,My Own Worst Enemy,43,True,Lit,Platinum & Gold Collection,2004-07-09,b5540681352e06ac
7tFNs0bCIt9GKQTuA4mnez,Fix You,0,False,The Offspring,"Rise And Fall, Rage And Grace",2008-06-13,b5540681352e06ac
4G2YS8ReDp4bQKJdBKNHkc,You Stupid Girl,34,False,Framing Hanley,A Promise To Burn,2010-05-24,b5540681352e06ac
4aQ0Ay5BP6oSylwU3uZqiY,Over My Head,37,False,Lit,Atomic,2001-10-15,b5540681352e06ac
0UPuRLrMt4nIUY3RQOFPKw,Karma Flavoured Whisky,0,False,zebrahead,Broadcast To The World,2006-06-30,b5540681352e06ac
0wyaAxRo2DMvhKhQd6vCxt,Half-Truism,0,False,The Offspring,"Rise And Fall, Rage And Grace",2008-06-13,b5540681352e06ac
3m6KkYKdnbffMpGd9Pm9FP,Seven Nation Army,6,False,The White Stripes,Elephant,2003-04-01,b5540681352e06ac
3LKegqEBlC3gfTlRDgFLwH,Hell Yeah!,0,False,zebrahead,Phoenix,2008-08-01,b5540681352e06ac
3k4NN1toPhPi7idAtJSrHZ,Bodies,0,False,Drowning Pool,Sinner,2001,b5540681352e06ac
157KJ8gdwjLyOyLimz53R2,Trust In You,0,False,The Offspring,"Rise And Fall, Rage And Grace",2008-06-13,b5540681352e06ac
4dhqJs8efyqbziBPtfxbNF,Hammerhead,0,False,The Offspring,"Rise And Fall, Rage And Grace",2008-06-13,b5540681352e06ac
0PVplC5P6JJXzEKfIoNTRo,East Jesus Nowhere,48,False,Green Day,21st Century Breakdown,2009-05-15,b5540681352e06ac
6L89mwZXSOwYl76YXfX13s,Basket Case,83,False,Green Day,Dookie,1994-02-01,b5540681352e06ac
4Kq2YkF0zSGoITYxCEINLE,Ambition Is Critical,0,True,The Blackout,Hope,2011-04-03,b5540681352e06ac
77iuGGqUGBU3L1F0QTjhUq,Killer,38,False,The Hoosiers,The Trick To Life,2007-10-22,b5540681352e06ac
7Mh1cvipgm1QoDd8ksyJ5U,Hope (Scream It out Loud),0,False,The Blackout,Hope,2011-04-03,b5540681352e06ac
0Oa3lYsXx2DVffzJA5Lant,Anthem,0,False,zebrahead,Broadcast To The World,2006-06-30,b5540681352e06ac
3lPr8ghNDBLc2uZovNyLs9,Supermassive Black Hole,81,False,Muse,Black Holes and Revelations,2006-06-28,b5540681352e06ac
34x9tprgAnmqhKutPK01gP,Something To Someone,18,False,Lit,Atomic,2001-10-15,b5540681352e06ac
17IkqxJGfjKkii7GBJFnDW,Tell Me I'm A Wreck,0,False,Every Avenue,Picture Perfect,2009-11-02,b5540681352e06ac
5Yj4AP0JGQWierBFKdKVyS,Feeling Good,52,False,Muse,Origin of Symmetry,2001,b5540681352e06ac
02VikZ6xToAb48LlMaUOtw,Higher & Higher,0,True,The Blackout,Higher & Higher,2011-02-13,b5540681352e06ac
6nRQHhMINUm8rjGgpdkBYH,My Medicine - Single Version,52,False,The Pretty Reckless,Light Me Up,2010-01-01,b5540681352e06ac
02NcZ0ugRA786A64bnsnnc,Twisted Transistor,0,True,Korn,Twisted Transistor,2005-09-27,b5540681352e06ac
3jNyatJv1JxuIlwKoYlo7Y,"You're Gonna Go Far, Kid",0,True,The Offspring,"You're Gonna Go Far, Kid",2008-11-28,b5540681352e06ac
7JqFw8Ppql3IqzNPUhtZC8,Save Our Selves (The Warning),0,False,The Blackout,The Best In Town,2009-05-22,b5540681352e06ac
562NDDxGdkvx5DPHjr5aE4,I Don't Care (This Is Why We Can't Have Nice Things) [Radio Edit],0,False,The Blackout,I Don't Care [This Is Why We Can't Have Nice Things],2009-11-13,b5540681352e06ac
3mDuF3f3chMiHYW0Ilaosm,Children Of The Night,0,False,The Blackout,The Best In Town,2009-05-22,b5540681352e06ac
7C3fJ1q01IQ137IQTRwmVZ,Under The Bridge,0,False,Red Hot Chili Peppers,What Hits!?,1992-09-29,b5540681352e06ac
3ZffCQKLFLUvYM59XKLbVm,Wake Me up When September Ends,81,False,Green Day,American Idiot,2004-09-21,b5540681352e06ac
2N8QOrPnsAdPvvyWi9MpAb,A Lot Like Me,0,False,The Offspring,"Rise And Fall, Rage And Grace",2008-06-13,b5540681352e06ac
2y0PP3oosI9URr3z12kK31,The Storm,0,False,The Blackout,Hope,2011-04-03,b5540681352e06ac
0hhnLEdadg6frjKDMEB0XJ,Sunny Weather,12,False,Lit,Atomic,2001-10-15,b5540681352e06ac
6kwDpKAQ45e3xpGOE2kq3p,Let's Hear It For Rock Bottom,0,False,The Offspring,"Rise And Fall, Rage And Grace",2008-06-13,b5540681352e06ac
7jSnB9L4WNekpygxDFfdwp,Live For This,11,False,Lit,Atomic,2001-10-15,b5540681352e06ac
5dVNh1zyM2idgsxZT5p0zg,"Two Wrongs Don't Make A Right, But Three Rights Make A Left",0,False,zebrahead,Phoenix,2008-08-01,b5540681352e06ac
3a3uuBKgNhHaLtj0JDaCEA,It's Not What They Said,15,False,Framing Hanley,The Moment (Digital Deluxe),2008,b5540681352e06ac
546JPTUeq4WMNLRh8WMWCU,Made To Measure,0,False,The Hoosiers,Bumpy Ride,2011-04-10,b5540681352e06ac
3U8Gxdrdc53yVvWetOfIrG,The Last Goodbye,0,False,The Blackout,Hope,2011-04-03,b5540681352e06ac
41pOIT2t1rvr2Trg1HQChZ,Radio/Video,72,False,System Of A Down,Mezmerize,2005-05-17,b5540681352e06ac
3kMQWY6mJKjVUMGHOVFNBL,Everything's Cool,21,False,Lit,Atomic,2001-10-15,b5540681352e06ac
7hKyZOl2LUFbsJhz2wAPqt,Keep on Moving,0,False,The Blackout,Hope,2011-04-03,b5540681352e06ac
7dDsDsixXHe69N7NCibLFY,Rise And Fall,0,False,The Offspring,"Rise And Fall, Rage And Grace",2008-06-13,b5540681352e06ac
2KDg2bTfe7IjndYkCv1DoY,Hear Me Now,27,False,Framing Hanley,The Moment (Digital Deluxe),2008,b5540681352e06ac
5qwsb1gv8VYH92nR3LUQ32,Drop D,12,True,Lit,Atomic,2001-10-15,b5540681352e06ac
577mOFb1LAvSANIUZ4mbQ7,Revenga,63,False,System Of A Down,Mezmerize,2005-05-17,b5540681352e06ac
1LfSbPH1QCPxce41b9mmYF,Psycho,0,False,System Of A Down,Toxicity,2001-01-01,b5540681352e06ac
21Irbh757IcwknFBnuvRe5,You're Not Alone,0,False,The Blackout,Hope,2011-04-03,b5540681352e06ac
1cOnqm45RQsj99UJX4tyJB,No More Waiting,0,False,The Blackout,Hope,2011-04-03,b5540681352e06ac
2T7NAc4ug4e2588k1BAqa2,Glorious,0,False,The Hoosiers,Bumpy Ride,2011-04-10,b5540681352e06ac
1LwFP0MJ54B9A7NlJxeIzH,Count Me In,18,False,Framing Hanley,The Moment (Digital Deluxe),2008,b5540681352e06ac
53vgUW1O3NhBBW8VwEi1fo,Built For Sin,25,False,Framing Hanley,The Moment (Digital Deluxe),2008,b5540681352e06ac
5V3mdRI2yQxbSsJGDPc5lD,Chop Suey!,6,False,System Of A Down,Toxicity,2001-01-01,b5540681352e06ac
1oony1FpFnpZVJ3INWkIFd,The Junkie And The Halo,0,False,zebrahead,Phoenix,2008-08-01,b5540681352e06ac
0ZFzhR4oNOhmAyFnu68Jkj,All In Your Hands,18,False,Framing Hanley,The Moment (Digital Deluxe),2008,b5540681352e06ac
1wGRSG94dLt8fIZWhR3rGG,Sad Statue,63,False,System Of A Down,Mezmerize,2005-05-17,b5540681352e06ac
3K7MzJjZqNolrCyxdUTkZp,The Last Time Again,27,False,Lit,Atomic,2001-10-15,b5540681352e06ac
4IyDlKobNAzDkl6USG7rO2,Drive,0,False,Incubus,Monuments And Melodies,2009-06-11,b5540681352e06ac
3JT3s6xGkhSzu1v6EYXuby,There And Back Again,34,False,Daughtry,Daughtry,2006-11-20,b5540681352e06ac
4l1rZbXdLTE9x7xgxYf6HO,The Devil Inside,0,True,The Blackout,Hope,2011-04-03,b5540681352e06ac
7e6g0fqI6Le2MyFRKPWRXo,Higher & Higher,0,True,The Blackout,Hope,2011-04-03,b5540681352e06ac
6E2D4G6NVxcM2wrSi4nMXj,Takes Me Nowhere,0,False,The Offspring,"Rise And Fall, Rage And Grace",2008-06-13,b5540681352e06ac
1hNLr08dVbx9hXPRJSLo23,Wave Goodbye,14,False,Framing Hanley,The Moment (Digital Deluxe),2008,b5540681352e06ac
5KapdDhHZ0HRH6EKFMaSnm,Run Rabbit Run,23,False,The Hoosiers,The Trick To Life,2007-10-22,b5540681352e06ac
6Z4KcICXn9Sn2XCvQCFFoT,Home,18,False,Framing Hanley,The Moment (Digital Deluxe),2008,b5540681352e06ac
49dFv4gH1SeY90FySDOwCE,Lollipop,54,False,Framing Hanley,The Moment (Digital Deluxe),2008,b5540681352e06ac
1Xmkuce4Xw4zdJP1urTyU1,The Fold,13,False,Framing Hanley,The Moment (Digital Deluxe),2008,b5540681352e06ac
1sCyOmcxVASCpzQYPCyZnk,This Is Our Time,0,True,The Blackout,Hope,2011-04-03,b5540681352e06ac
1dF1gB2UnvhMwL7NMkdaFe,Who Said Anything (About Falling In Love)?,0,False,The Hoosiers,Bumpy Ride,2011-04-10,b5540681352e06ac
5arVt2Wg0zbiWwAOZef2Nl,Higher Ground - Remastered 2003,65,False,Red Hot Chili Peppers,Mother's Milk,1989-08-16,b5540681352e06ac
29w2zoBluhhDHOBbH6BNMp,Giddy Up,0,False,The Hoosiers,Bumpy Ride,2011-04-10,b5540681352e06ac
4eKvQNmjJCrYHKVjcTLCBr,Lipstick and Bruises,25,False,Lit,Atomic,2001-10-15,b5540681352e06ac
6nTiIhLmQ3FWhvrGafw2zj,American Idiot,81,True,Green Day,American Idiot,2004-09-21,b5540681352e06ac
24oy8Dk1klFOfpO14Zw4Lg,Bumpy Ride,0,False,The Hoosiers,Bumpy Ride,2011-04-10,b5540681352e06ac
4yz42ygCiPlfe2qN7gm69e,Happy In The Meantime,16,False,Lit,Atomic,2001-10-15,b5540681352e06ac
4peBVv18xpxg2EyRasFX1k,Worried About Ray,18,False,The Hoosiers,Worried About Ray,2007-06-15,b5540681352e06ac
0MqhXAFU5rnOtskcRkllYG,Just Tonight,55,False,The Pretty Reckless,Light Me Up,2010-01-01,b5540681352e06ac
1MGD2ESNo6Mw1706rRQ7gg,The Promise,22,False,Framing Hanley,A Promise To Burn,2010-05-24,b5540681352e06ac
107f64CEU5dSzAQiFRQ3yr,Worst Case Scenario,33,False,The Hoosiers,The Trick To Life,2007-10-22,b5540681352e06ac
6TbJb7XcP1JtB7NOy3AL46,Street Spirit (Fade Out),0,False,Radiohead,The Best Of,2008-04-07,b5540681352e06ac
0kHXwmkGd6IlCNJH6cGmWw,Sugar,1,True,System Of A Down,System Of A Down,1998-06-29,b5540681352e06ac
4ovtDkjwWMekRP2PRaf4Yc,Make Me Wanna Die - Acoustic Version,26,False,The Pretty Reckless,Miss Nothing (UK Version Revised),2010-01-01,b5540681352e06ac
4qSiJEeSnMcgHVowYYmazH,23 Days,21,False,Framing Hanley,The Moment (Digital Deluxe),2008,b5540681352e06ac
7vSFHYW1NH3eIiKjlIiRtz,Here's To You,0,False,zebrahead,Broadcast To The World,2006-06-30,b5540681352e06ac
6WuFJoMtzIz3xJks5Bih3U,Be Careful What You Wish For,0,False,zebrahead,Phoenix,2008-08-01,b5540681352e06ac
6sNqMaOltCWGmPjQXXFjpR,A Sadness Runs Through Him,41,False,The Hoosiers,The Trick To Life,2007-10-22,b5540681352e06ac
3hfmh1XIlJp2Uis4kWboqJ,Blackeyed Blonde - Remastered,32,False,Red Hot Chili Peppers,Freaky Styley,1985-08-16,b5540681352e06ac
5nPB7CWCPPhhqfbJmo4AtN,Lipstick and Bruises,12,False,Lit,Atomic,2002-01-28,b5540681352e06ac
1zZvPumuScWPZKZOCC6yq0,Knock Me Down - Remastered 2003,42,False,Red Hot Chili Peppers,Mother's Milk,1989-08-16,b5540681352e06ac
5li1sKlA0UhTk2rY0JIVUv,I'm a Fake,46,True,The Used,In Love and Death,2004-09-27,b5540681352e06ac
5Xi7riSXD6uOdAxzmmniKF,Intro,8,False,Framing Hanley,A Promise To Burn,2010-05-24,b5540681352e06ac
7mXmxXLAnsvXKt4Q37KoMI,Over You,61,False,Daughtry,Daughtry,2006-11-20,b5540681352e06ac
0ml3ksHwEnTuMB7O0HYZNt,We Called It America,0,False,NOFX,Coaster,2009-04-28,b5540681352e06ac
0NtP22bOIK95r6NqsaxpoW,Kiss Me,33,False,New Found Glory,Teenage dirtbag,2007-01-01,b5540681352e06ac
0SAIqhSqlXLRwB1AsIcSRK,I Don't Care (This Is Why We Can't Have Nice Things) [L' Amour La Morgue Remix],0,False,The Blackout,I Don't Care [This Is Why We Can't Have Nice Things],2009-11-13,b5540681352e06ac
7KneRZMVXK0w0epuI0xgHZ,HMP,0,False,zebrahead,Phoenix,2008-08-01,b5540681352e06ac
30lD7zdPOTjPSY3oC6Y2tb,Postcards From Hell,0,False,zebrahead,Broadcast To The World,2006-06-30,b5540681352e06ac
218gcT5h4shKp8oLZ6r0nI,The Juggernauts,0,False,zebrahead,Phoenix,2008-08-01,b5540681352e06ac
5Mo9KHi0kOG3hjeOwyKBHr,The Trick to Life,23,False,The Hoosiers,The Trick To Life,2007-10-22,b5540681352e06ac
7xoBDnT7G2kdKeO3nFglRJ,Cops and Robbers,39,False,The Hoosiers,The Trick To Life,2007-10-22,b5540681352e06ac
7uHZjTdXa2o2KubQlRcnqs,Just The Tip,0,False,zebrahead,Phoenix,2008-08-01,b5540681352e06ac
6IIMcSZPXOY8TxYXl5pB86,Back To Normal,0,False,zebrahead,Broadcast To The World,2006-06-30,b5540681352e06ac
26u9zrZb8U9iPX1Gay0F1f,Wake Me Up,0,False,zebrahead,Broadcast To The World,2006-06-30,b5540681352e06ac
5mocInaYq1cZMGR7SbCWfe,Mental Health,0,False,zebrahead,Phoenix,2008-08-01,b5540681352e06ac
6ATfHxDPIuzSAmvBMjxwJM,Prison Song,0,False,System Of A Down,Toxicity,2001-01-01,b5540681352e06ac
1Ls9vXQPuR787Pc485Pgu4,Enemy,0,False,zebrahead,Broadcast To The World,2006-06-30,b5540681352e06ac
5ot8fCdHh93WmpTtUdwcb5,Broadcast To The World,0,False,zebrahead,Broadcast To The World,2006-06-30,b5540681352e06ac
6tRcxljpWpan1CeXv0rkUi,Hit The Ground,0,False,zebrahead,Phoenix,2008-08-01,b5540681352e06ac
4spfRBAAdrMKR35lZWrgYF,Goodbye Mr A,52,False,The Hoosiers,The Trick To Life,2007-10-22,b5540681352e06ac
3tbU6UtQSun5eBgKdaVvck,Morse Code For Suckers,0,False,zebrahead,Phoenix,2008-08-01,b5540681352e06ac
4ImIJRZNJhNQLLdUFSYJoS,Down with the Sickness,63,True,Disturbed,The Sickness (10th Anniversary Edition),2010-03-22,b5540681352e06ac
40rvBMQizxkIqnjPdEWY1v,Down with the Sickness,78,True,Disturbed,The Sickness,2000-03-07,b5540681352e06ac
1kn6DmDH4F2oOfA1KVsHes,"Sorry, But Your Friends Are Hot",0,False,zebrahead,Phoenix,2008-08-01,b5540681352e06ac
2zrIyIdqafYozfsgiMY0Ae,Supermassive Black Hole,55,False,Muse,Supermassive Black Hole,2006-06-17,b5540681352e06ac
4quep9PavOzCQ1gxv8u20Q,Lobotomy For Dummies,0,False,zebrahead,Broadcast To The World,2006-06-30,b5540681352e06ac
5h6wjRnugJbE4e0vzNiFUD,Coming Undone,0,False,Korn,See You On The Other Side,2005-12-06,b5540681352e06ac
1t67dq2rMIHytDKJcStZtd,Make Me Wanna Die,22,False,The Pretty Reckless,Make Me Wanna Die,2010-01-01,b5540681352e06ac
0juVfE7xdf74GGDWFHtwg5,Ignite,0,False,zebrahead,Phoenix,2008-08-01,b5540681352e06ac
4qjfQnccStTR8zNsb6Mizo,Minority,63,True,Green Day,Warning,2000-10-03,b5540681352e06ac
3PfXCrX9PKvN0yop8PV2kr,All For None And None For All,0,False,zebrahead,Phoenix,2008-08-01,b5540681352e06ac
15ExkLlBJ6N39QU8g0RERn,Ruby Blue,1,False,The Hoosiers,Worst Case Scenario,2008-01-04,b5540681352e06ac
36VZeZWCFGcu1LXc2w3ynR,Bouncing Off The Walls,0,False,Sugarcult,Start Static,2001,b5540681352e06ac
6atjtxrSJbULgDPgGj5LDc,Bumpy Ride,0,False,The Hoosiers,The Illusion Of Safety,2010-08-13,b5540681352e06ac
7HKWtZMe204wDNhowrNgfj,Choices,0,False,The Hoosiers,Choices,2010-07-30,b5540681352e06ac
6jkfo1s5ENkfHeyLjKPHGB,Stuff Is Messed Up - Explicit Album Version,0,True,The Offspring,"Rise And Fall, Rage And Grace",2008-06-13,b5540681352e06ac
6T7mwPFEKwXuMdSWm4Dwrz,Giddy Up,0,False,The Hoosiers,The Illusion Of Safety,2010-08-13,b5540681352e06ac
7CQKfGRBes3VTdlFv5bwT8,How Does It Feel,0,False,Sugarcult,Start Static,2001,b5540681352e06ac
5wLU8DBGxCgoAwt7pR4e5K,Glorious,0,False,The Hoosiers,The Illusion Of Safety,2010-08-13,b5540681352e06ac
6ANgkDsMtCYRkYay8iSeyR,We No Speak Americano,0,False,Yolanda Be Cool,We No Speak Americano,2010-01-01,b5540681352e06ac
2ym0RguXLgCqw9IoQGz0by,Made To Measure,0,False,The Hoosiers,The Illusion Of Safety,2010-08-13,b5540681352e06ac
7IjdIp3WlQtEnN2BXjr7ov,The Kids Aren't Alright,1,False,The Offspring,Americana,1998-11-16,b5540681352e06ac
1yUUTiVGC0wNLmnKM55KVX,"Kristy, Are You Doing Okay?",0,False,The Offspring,"Rise And Fall, Rage And Grace",2008-06-13,b5540681352e06ac
0VMGkTgqqW2QRhjLPFqLVv,Alibi,0,False,Thirty Seconds To Mars,This Is War,2009-01-01,b5540681352e06ac
7FLVnDMOZXKRFgRM3C4aUG,Hurricane,0,False,Thirty Seconds To Mars,This Is War,2009-01-01,b5540681352e06ac
4bxnfJ1D0hD2b8pBWbAcYG,Little Brutes,0,False,The Hoosiers,The Illusion Of Safety,2010-08-13,b5540681352e06ac
2pV1ZQEH9fieG0kLstdrtC,Pretty Fly (For A White Guy),0,False,The Offspring,Americana,1998-11-16,b5540681352e06ac
7bFs4yVuMdy28Ts7vLI2Zt,Before I Forget,38,False,Slipknot,Vol. 3 The Subliminal Verses,2004,b5540681352e06ac
5EuDF2V1GOw817RaApPyBJ,Why Don't You Get A Job?,0,False,The Offspring,Americana,1998-11-16,b5540681352e06ac
1mtMtoN59jVLqOTDj9Sedq,The Quiet Place,0,False,In Flames,Alone In The Dark,2005-02-21,b5540681352e06ac
68C2liFOYdLXANAyp3WfY2,Nothingtown - Explicit Album Version,0,True,The Offspring,"Rise And Fall, Rage And Grace",2008-06-13,b5540681352e06ac
7CKzyyA3fD2uOwZENuYrMo,Who Said Anything (About Falling In Love)?,0,False,The Hoosiers,The Illusion Of Safety,2010-08-13,b5540681352e06ac
4Au7isvDkugrn4RGg3jEXv,I Just Saw The Gayest Guy On Earth,0,True,Anal Cunt,40 More Reasons To Hate Us,1996,b5540681352e06ac
37HYDJzO4BRXH7d1Lw08CH,I Will,0,False,Radiohead,Hail to the Thief,2003-06-09,b5540681352e06ac
4hkZMpR9ptEQLqlIorFPeN,Losing You,51,False,Dead by April,Dead by April,2009-01-01,b5540681352e06ac
2E5N1WbwP7eBJTBc7CvWlQ,Leave It Behind,0,False,The Offspring,Ixnay On The Hombre,1997-02-04,b5540681352e06ac
34lM774PhO5jWgRg01Nucf,Devil's In the Detail,0,False,The Hoosiers,The Illusion Of Safety,2010-08-13,b5540681352e06ac
1diSFxNvwkKMOI2vcadxy5,100 Suns,0,False,Thirty Seconds To Mars,This Is War,2009-01-01,b5540681352e06ac
3GeLiXvn9nriUnoqHKRQpm,Night Of The Hunter,0,False,Thirty Seconds To Mars,This Is War,2009-01-01,b5540681352e06ac
14kKqKZtSWlISSUVSQSphv,"Walker, Texas Corpse",0,False,Anal Cunt,Defenders Of The Hate,2007-07-10,b5540681352e06ac
1qFfsUxth2V4yXg8YcRblp,Kid A,0,False,Radiohead,Kid A,2000-10-02,b5540681352e06ac
55QRZO5AEJQPZ8bubZPFXF,Crossroads,34,False,Avenged Sevenfold,Crossroads,2008-02-19,b5540681352e06ac
464o6w4kwfS8Ryd5bD4Go3,In My Heart There's A Star Named After You,7,False,Anal Cunt,Picnic of Love,2010-05-18,b5540681352e06ac
5lWmgyRpYe9wLy3P5TMSkp,Search And Destroy,0,False,Thirty Seconds To Mars,This Is War,2009-01-01,b5540681352e06ac
1rg4kS3gsVbeHal2lFftTi,Steve McQueen,0,False,The Automatic,This Is A Fix,2008-01-01,b5540681352e06ac
55tjsjKT9DrXRc9LyX31Lk,Bad Religion,0,True,Godsmack,Godsmack (Explicit Version),1998-01-01,b5540681352e06ac
5F2Ki5sDnEFiA9ZlzlGE6X,Clinging On for Life,18,False,The Hoosiers,The Trick To Life,2007-10-22,b5540681352e06ac
6LCejUcHNsVklMrqMmPXfQ,Down With The Sickness,0,True,Richard Cheese,The Sunny Side Of The Moon: The Best Of Richard Cheese,2006-02-07,b5540681352e06ac
2GlLjB7doBikhcIcvICmTs,The Best Of Me,0,False,The Starting Line,Drive Thru Records Greatest Hits,2005-01-01,b5540681352e06ac
3bpmygMkS418lQAZxGIoVb,Unholy Confessions,0,False,Avenged Sevenfold,Waking the Fallen,2003-08-26,b5540681352e06ac
2bNivLleNjHDgPonfchAfo,Bright Idea,40,False,Orson,Bright Idea,2006-01-01,b5540681352e06ac
2OpUQ0TrVzBJa6hWCK2iBN,Escape,0,False,Thirty Seconds To Mars,This Is War,2009-01-01,b5540681352e06ac
2hPDyMF8QrMQA40JjOob81,B.Y.O.B. (as made famous by System Of A Down),0,False,The Rock Heroes,Video Game Madness,2009-07-01,b5540681352e06ac
4EAyVke5kDO008LnYGFGV4,Ruby (In The Style Of The Kaiser Chiefs),0,False,AVID All Stars,Super Party Hits 2008,2008-10-06,b5540681352e06ac
0v3wcvtAVkk7ZvXW4XANOS,Green Day X-Posed: The Interview (Part 1),0,False,Chrome Dreams - Audio Series,Green Day X-Posed: The Interview,2005-06-20,b5540681352e06ac
3mdnVNghFCPnu12qO6gkhP,System of a down,0,False,Cesare vs Disorder,600 Creatures EP,2008-03-28,b5540681352e06ac
0MpTUsBkdutNvrlROJgZ9X,20/20 Vision,0,False,Double Portion,Under New M.G.M.T.,2006-04-18,b5540681352e06ac
0yVcEmSbLHuPP1Eda3xfXR,H.G.P.,0,False,Double Portion,Under New M.G.M.T.,2006-04-18,b5540681352e06ac
1RCk2ntbMtvcKYwlj2scOC,Cleanse Me,0,False,Double Portion,Under New M.G.M.T.,2006-04-18,b5540681352e06ac
7kZLZBcOolxJJfHa56H8Rg,Short Story,0,False,Double Portion,Under New M.G.M.T.,2006-04-18,b5540681352e06ac
4Gpc99trUo0DTGxYeTJGIz,Hoosiers On Vacation (Tropical Island Dream),0,False,The Derelicks,Trouble At The Circus,2007-11-13,b5540681352e06ac
