artist_id,artist_name,artist_popularity,artist_image,primary_genre,supergenre
4uq3HY9rto71MxVGVCZm8G,Architechs,41,https://i.scdn.co/image/ab6761610000e5eb200b09db737a770ff9429384,uk garage,Garage & Breaks
3x3wGSv3Xm8xtgXNe6hq99,burger/ink,28,https://i.scdn.co/image/ab67616d0000b27358ad46d9abb68bbac2f1c800,dub techno,Techno & Trance
4jZOiPysIzYxbDcDEOZmhu,Ramsey Lewis Trio,37,https://i.scdn.co/image/ab67616d0000b273d75eb9e0773d555e3f2cfe42,soul jazz,Jazz
2K35x6Uen65Ivms3NjwV77,Priku,23,https://i.scdn.co/image/ab6761610000e5eb65a1fa564cce55aaf127c13c,minimalism,Classical/Orchestral
4Pmdt8qJTYHaSnkdY4dnIe,Jay Haze,28,,minimal techno,Techno & Trance
79hrYiudVcFyyxyJW0ipTy,The Paper Kites,70,https://i.scdn.co/image/ab6761610000e5eb7b96a71c133ebf861311b7d3,indie folk,Folk/Acoustic
1buRQJUaOGTgp36hBMda6y,KERO,32,https://i.scdn.co/image/ab6761610000e5ebb1609c1ba10c54b13b781785,melodic bass,Unlisted
1eTZGzLkukATM7FoGltyFs,Elizabeth Cotten,38,https://i.scdn.co/image/ab6761610000e5eb6dcca405e2e5b458ad876b1a,country blues,Blues
0vUJ3QLN3MlRfjOc2LjGWp,Inner City,53,https://i.scdn.co/image/ab6761610000e5eb9a0ea901138f29d29fdae3fc,acid house,House & EDM
5yzE49FicYiSxN61oaxkNn,Judy Collins,49,https://i.scdn.co/image/ab6761610000e5eb356fa735d337f20cdbef7814,folk,Folk/Acoustic
30niqFGUKKUg1horQSgwBn,Blippi,66,https://i.scdn.co/image/ab6761610000e5eb546bc71664966bddf8caf6b7,children's music,Novelty/Spoken Word
1h0hOL3bVcYlg4xcSjU7fP,Otis Rush,43,https://i.scdn.co/image/081881764ea085a0c228fae3fa95845e35fc6a0b,blues,Blues
2sQ27eguOvdxKY8QSChsXS,Raw M.T.,2,https://i.scdn.co/image/ab67616d0000b273a2a20c1a491a89603de70633,lo-fi house,House & EDM
6rUmQMuxX83ChKgdzd0hza,Jon Fay,3,https://i.scdn.co/image/ab67616d0000b273266ea4f5455c01eb53ce1b15,dub techno,Techno & Trance
2ZFVQjoQGBbNZ0quLUteyp,Art Farmer & Benny Golson Jazztet,36,https://i.scdn.co/image/ab67616d0000b273d1c19fc4afb7c0f2130b10e4,hard bop,Jazz
0BZdgwtPNveqcv24irmjUm,Blackploid,5,https://i.scdn.co/image/ab67616d0000b273de7344e08934dc751f6aea5b,idm,Ambient & Experimental Electronic
5v8WPpMk60cqZbuZLdXjKY,Willie Dixon,40,https://i.scdn.co/image/0e47d718bb067a06e5939ae578e106b0bb6bd2ba,blues,Blues
2jFZlvIea42ZvcCw4OeEdA,Count Basie,64,https://i.scdn.co/image/4f5e6383a803df41153fd871f6d0d0af7b9f08a0,big band,Jazz
0Xf8oDAJYd2D0k3NLI19OV,CHIC,64,https://i.scdn.co/image/ab6761610000e5eb4c74c17081e7e0ef8b5eb323,disco,Funk/Disco
0GByy3DcfbQwDvXGCWmzv9,Pretenders,66,https://i.scdn.co/image/ab6761610000e5ebe1e579234621464c62c08f63,Rock,Rock
5GXruybcLmXPjR9rKKFyS6,Jimmy Smith,43,https://i.scdn.co/image/ab6761610000e5eb6c3dfd0a4ae3804d6b07fafb,hard bop,Jazz
55xT9rIBquwGEm5aEUNZHH,Emtidi,4,https://i.scdn.co/image/ab67616d0000b2735dfa5b74996ea16aa7d2ec88,krautrock,Alternative/Indie
0rZ5F43lMX3mdce3O0uRmu,DJ Evan,3,https://i.scdn.co/image/ab6761610000e5ebaf21eae4655aef7a3b573754,indie dance,Unlisted
0X380XXQSNBYuleKzav5UO,Nine Inch Nails,74,https://i.scdn.co/image/ab6761610000e5eb752fca27c5b839ea47d5100d,industrial rock,Rock
3x5n0tpSTNWSkIjJUMK6ir,Spade Cooley,25,https://i.scdn.co/image/ab67616d0000b2736e61354db1757815a38adeea,traditional country,Country/Americana
6glIE97GtgyY8jzlaxo9qZ,Beau Didier,27,https://i.scdn.co/image/ab6761610000e5ebda15d7b98579dfa4ee209f2e,hard house,House & EDM
49JvZ17o0VaAmXaJv5kZlv,Al Kooper,44,https://i.scdn.co/image/c36de36e231dc3a7d7237d62c7ac100ca850ff67,blues,Blues
1mZu3rO7qSD09GdDpePHhY,Frankie Goes To Hollywood,60,https://i.scdn.co/image/ab6761610000e5ebe7efd9cceef0829d1439b11e,synthpop,Pop
32ZExi6NKMCjakKJ5GmDRP,The Believers,23,https://i.scdn.co/image/ab6761610000e5eb5e5e07599d3974f989d0fe34,chicago house,House & EDM
1SjumzFLF6c1hu1YDYY9yX,Extradition,1,https://i.scdn.co/image/ab67616d0000b273bd859a8f41ec5d31f7392150,baroque pop,Pop
1pyZxTpbRw7gwnEw73cfUy,Keith & Tex,42,https://i.scdn.co/image/ab6761610000e5eb61d50607948a4b980ebd0682,rocksteady,Reggae/Caribbean
47meGvCz0CZklN50dgzjmL,She Drew The Gun,35,https://i.scdn.co/image/ab6761610000e5eb472d3692de6ea0f8cf69c790,Pop,Pop
5exO2eW84QucBhrRhcK76x,Buffy Sainte-Marie,41,https://i.scdn.co/image/ab6761610000e5eb76bf720220b09ebcf3004d80,native american music,Unlisted
6kz7WuPaUa4QVreP27I33i,The Paul Butterfield Blues Band,37,https://i.scdn.co/image/da2d67cbcad21e24c54b26ee1b7d5da6cfd283a5,blues,Blues
5J6lHDYy53GyksfcJyHadC,Junior Byles,43,https://i.scdn.co/image/ab67616d0000b273bfe39ea6d636a4f2aef48596,roots reggae,Reggae/Caribbean
0KUeAybP9GsBasZ0CIE1MZ,Castano,11,https://i.scdn.co/image/ab67616d0000b273ad5767545e8b7fccb756da68,Electronic,House & EDM
46h3caIKtqPlEfRHuSdibg,The Beloved,51,https://i.scdn.co/image/ab6772690000c46c06ae11b1a9367bb178916081,madchester,Rock
4AYkFtEBnNnGuoo8HaHErd,Madness,63,https://i.scdn.co/image/ab6761610000e5eb9bcd17a96a1b01fabe28884d,ska,Reggae/Caribbean
4fmVPsGxjwP5ruiTEvIcOt,Desmond Dekker & The Aces,49,https://i.scdn.co/image/ab67616d0000b273602aad58c17b1442248dbef4,rocksteady,Reggae/Caribbean
1HgL3m4Bd4pRBoG1UJqQ4u,N-Ter,5,https://i.scdn.co/image/ab67616d0000b27327d89f51342c9d7a7be62245,miami bass,Hip Hop/Rap
5cMgGlA1xGyeAB2ctYlRdZ,Gang Starr,65,https://i.scdn.co/image/ab6761610000e5eb85ee94998a936ef47231db39,east coast hip hop,Hip Hop/Rap
2fV23bDf2vC1f49t5j6wtW,Boris Gardiner,37,https://i.scdn.co/image/ab67616d0000b273a2e0e3ca32b57f7a9ccf103d,lovers rock,Reggae/Caribbean
0fSThWbCstAGqxZFUftX1F,Tara Clerkin Trio,24,https://i.scdn.co/image/ab6761610000e5eb160b80d0e0dae2cf01120552,Electronic,House & EDM
6gc6oo3u2f7SqTd4mhe81O,Ahmad Jamal,46,https://i.scdn.co/image/ab6761610000e5eb272e70fd5f5f4d76666a110f,jazz,Jazz
17rSwcIT9qu1OybU1lReJB,Ferrante & Teicher,34,https://i.scdn.co/image/965a500f73b304aee9c1eed182f80651eb4126df,exotica,Pop
1Y8cdNmUJH7yBTd9yOvr5i,Destiny's Child,73,https://i.scdn.co/image/ab6761610000e5ebf75e64532704bd6acf0b4e76,Funk / Soul,Funk/Disco
2ScuQMRWThcifBRIvNDFDC,John Mayall & The Bluesbreakers,46,https://i.scdn.co/image/ab67616d0000b2734f60d2ae465344eacf531680,blues,Blues
4PNIQCDBeVCSSqKUhvkP8Y,Horace Silver Quintet,35,https://i.scdn.co/image/ab6761610000e5eb1959b2e2c23f3aca929bbf57,hard bop,Jazz
4tpUmLEVLCGFr93o8hFFIB,Blondie,73,https://i.scdn.co/image/ab6761610000e5eb67dc4da82c968767d994f3c3,Rock,Rock
4gzpq5DPGxSnKTe4SA8HAU,Coldplay,92,https://i.scdn.co/image/ab6761610000e5eb1ba8fc5f5c73e7e9313cc6eb,Rock,Rock
1PXHzxRDiLnjqNrRn2Xbsa,Underworld,63,https://i.scdn.co/image/ab6761610000e5eb5cfa742c32b2f8c23f94cf7e,big beat,House & EDM
7ftZLBtMuNBXnnDFKbAblK,Hoku,47,https://i.scdn.co/image/ab6761610000e5ebf7dc7d86087648b99396d750,Electronic,House & EDM
5sD1ZLf2dGQ9gQ3YJl1eAd,Blind Melon,63,https://i.scdn.co/image/ab6761610000e5ebdcc3fe6af94c5c178a36d006,grunge,Rock
7CKkZZW3XtnPmqlwaElmoV,Juan Wauters,37,https://i.scdn.co/image/ab6761610000e5ebbd422b843b20925973e0dc75,latin indie,Unlisted
0RZewmdiKrFtejSJ3jfmGs,Uma,31,https://i.scdn.co/image/ab6761610000e5eb1ddad0464183952070414164,Electronic,House & EDM
47MgVGK1jiCgkj4jbjVqnx,Phil Berg,21,https://i.scdn.co/image/ab6761610000e5eb0d013f969c6876fd00ff326e,techno,Techno & Trance
3V4FPipSnuYjtHnnAw9cZd,Pere Ubu,30,https://i.scdn.co/image/ab6772690000c46c73a9e30e240c71d11d2a4671,post-punk,Rock
3BmGtnKgCSGYIUhmivXKWX,Kelly Clarkson,76,https://i.scdn.co/image/ab6761610000e5eb20b8c7d395994dc81a85f291,christmas,Jazz
4vRSocKbGh7PsQrYRDVMEF,Lindsay Lohan,51,https://i.scdn.co/image/ab6761610000e5ebaf2cbd8cdb93a9a6b14a190e,Electronic,House & EDM
0qv1thknD9ItYc1pzAnA2X,Oli Julian,32,https://i.scdn.co/image/ab6761610000e5eb670064d9dc044de62950e181,Stage & Screen,Soundtrack/Instrumental
1JcefSOP7bcWEluL0iEIaN,Helena Hauff,28,https://i.scdn.co/image/ab6761610000e5ebb61b03aef8e44727006ceb72,acid house,House & EDM
2ANtgfhQkKpsW6EYSDqldz,Gustav Mahler,60,https://i.scdn.co/image/269aaec4775a72c6574dc856fc1f3f4a84c3d023,classical,Classical/Orchestral
17gqhz2M1O1fSw1Uwmeqtv,The Effigies,18,https://i.scdn.co/image/ab6761610000e5eb18c08a5791ce1f148c414f8c,hardcore punk,Punk/Hardcore
3t4n7U2J418Hd2SQvGTk5E,Pitot & Chaminade,0,,Classical,Classical/Orchestral
1mNnxxnPfHQDOkFjnZmdkc,Patrice Rushen,62,https://i.scdn.co/image/ab6761610000e5eb71fda335e8846c853aa669d6,post-disco,Funk/Disco
2pVonF82aN2ttqFHsynVeW,Yoo Doo Right,22,https://i.scdn.co/image/ab6761610000e5eb8c0a733707b287e48d986d1c,krautrock,Alternative/Indie
67tocPg0kong7iBiBWQiFH,TEE MANGO,24,https://i.scdn.co/image/ab6761610000e5eb2fffbac03b38c2f3c9917b29,jazz house,House & EDM
2L00vHmYcwC9OlsEv6M5UO,Steve Hauschildt,35,https://i.scdn.co/image/ab6761610000e5ebe3b2ab82af6f124cf9de6a91,ambient,Ambient & Experimental Electronic
4kHtgiRnpmFIV5Tm4BIs8l,Sergei Prokofiev,60,https://i.scdn.co/image/c3b40885e23fd20cfd503871f57172a640d107ea,classical,Classical/Orchestral
5Smb3KB29epOb92Btsxulb,isaac gracie,42,https://i.scdn.co/image/ab6761610000e5eb6f3b9a59f8e776b504cae20a,Rock,Rock
1CdShwwnkXvTy5avs5GGsK,Eck Robertson,12,https://i.scdn.co/image/ab67616d0000b2737d1d7e6a49dc205522f634ef,bluegrass,Country/Americana
2vhsb5RbUxNcyvV1wQWUIm,Strike Under,3,https://i.scdn.co/image/ab67616d0000b273f4de0188fe3b1df8af650f86,Rock,Rock
4PztbfCny3X9gBjlpgvjYo,Aaron Lee Tasjan,32,https://i.scdn.co/image/ab6761610000e5eb5f84761913bc7c005a1d46d0,americana,Country/Americana
5zyNXVd952fWOjkdGHCvPd,Béla Bartók,47,https://i.scdn.co/image/592ddf9d4d2154cd3256c6e69171d5371fca8f0c,classical,Classical/Orchestral
5K4W6rqBFWDnAN6FQUkS6x,Kanye West,93,https://i.scdn.co/image/ab6761610000e5eb6e835a500e791bf9c27a422a,rap,Hip Hop/Rap
65TVwNWUoKyfvlaxLLJQGh,cowboyy,17,https://i.scdn.co/image/ab6761610000e5ebb2588e158228d000bb254398,post-punk,Rock
05fG473iIaoy82BF1aGhL8,Slipknot,82,https://i.scdn.co/image/ab6761610000e5ebd0cdb283a7384a0edb665182,nu metal,Metal
1BCUHvti8crTWtc0h0U4W4,Hiro Kone,20,https://i.scdn.co/image/ab6761610000e5eb9de0aaaf6ba56c4b2212d387,dark ambient,Ambient & Experimental Electronic
1iNNWK8bYjc5EK0waLk1J1,Flatt & Scruggs,43,https://i.scdn.co/image/02b9a077c9972ca7d79069f1485da39e82634af4,bluegrass,Country/Americana
76UMzIcqhjgf2Xr8gPdKO1,Priori,38,https://i.scdn.co/image/ab6761610000e5eb294a3cbcd8f1472b22b1995d,dub techno,Techno & Trance
4XDJurjQCnWLlE7KLZCT9x,Samuel Barber,55,https://i.scdn.co/image/706c37ad9b22c417bdbff2cc0611c1dcb54fcaa4,classical,Classical/Orchestral
6O4EGCCb6DoIiR6B1QCQgp,Toro y Moi,62,https://i.scdn.co/image/ab6761610000e5eb39b201e2a11f41de823c85e0,chillwave,Ambient & Experimental Electronic
2BGRfQgtzikz1pzAD0kaEn,Elvis Costello,56,https://i.scdn.co/image/ab6761610000e5ebbd95594d3201ab9c7b0349e6,power pop,Rock
12CNljuN6DW9e5x61FS03b,The Upsetters,52,https://i.scdn.co/image/ab67616d0000b27311d3062210cf755843b9ed4d,reggae,Reggae/Caribbean
5xk0kRuXn1zToTHpHAqpui,Joseph Williams,59,https://i.scdn.co/image/ab6761610000e5eb21f0cc7dc3f69be76f6f7c11,Rock,Rock
2UBTfUoLI07iRqGeUrwhZh,Steve Earle,62,https://i.scdn.co/image/ab6761610000e5eb9df7776d38d37e7543548cad,alt country,Country/Americana
5ixB75BQR3ADoWQkcHQJTs,Gene Autry,47,https://i.scdn.co/image/66a7fe2b2fd9388cf860f88e8636910f161be6cd,christmas,Jazz
7ENzCHnmJUr20nUjoZ0zZ1,Snarky Puppy,50,https://i.scdn.co/image/ab6761610000e5eb7fcb79b9805f93d9cedb5346,jazz fusion,Jazz
1Yox196W7bzVNZI7RBaPnf,Megadeth,72,https://i.scdn.co/image/ab6761610000e5ebd5233fdc8cad84de5b366f1b,thrash metal,Metal
0sklgkoO5JeS7YNhHS5EmH,Calibre,47,https://i.scdn.co/image/ab6761610000e5eb2c2610305135c957b47e4928,liquid funk,Bass Music
5ErUNpyxSBAdjZaKlefsUr,Humour,27,https://i.scdn.co/image/ab6761610000e5eb9122e982f78b7ce4047fb72c,post-punk,Rock
3gdbcIdNypBsYNu3iiCjtN,The B-52's,64,https://i.scdn.co/image/ab6761610000e5eb85c1d77e63082caf426f6d59,new wave,Pop
67hb7towEyKvt5Z8Bx306c,Empire Of The Sun,81,https://i.scdn.co/image/ab6761610000e5ebc806f3e714afa21861e20248,Electronic,House & EDM
0trarQCofdcsWn0uk2WLvB,Eyal Vilner Big Band,15,https://i.scdn.co/image/ab67616d0000b2735e0998ce4064ccece7e22bef,swing music,Jazz
2QmLFuIDtNDmmJY3OtvinN,Meredith Brooks,57,https://i.scdn.co/image/f48fbdbdb7891d93959fa39c4bc65e94c489401d,Rock,Rock
2CvWN4mkeo5qpINkGALdgQ,The Baba Brooks Band,25,https://i.scdn.co/image/ab67616d0000b273c938b1c4f0eb03cd0b187b97,rocksteady,Reggae/Caribbean
4PWm0R7GT00XJa3TIFoUT4,Sky H1,25,https://i.scdn.co/image/ab6761610000e5ebe2eefa10937c4247e95d396f,idm,Ambient & Experimental Electronic
2Tk0pWxTuQgnE5nsUexrLr,Jean Knight,49,https://i.scdn.co/image/ab67616d0000b2735b221b78b425f3f4b45188d2,classic soul,R&B/Soul
1kx78nQhmITF7OFvivyN4v,Rui Da Silva,53,https://i.scdn.co/image/ab6761610000e5eb78dfaa7dd341eba1faa8f8d9,Electronic,House & EDM
13pYXGtaLO9d06VrXX4Aw0,Softcult,47,https://i.scdn.co/image/ab6761610000e5ebbcb10540cd0e9642a7f86fc5,shoegaze,Alternative/Indie
3SMAz1YMpiHkDbyKkEXDJx,Marc Benno,34,https://i.scdn.co/image/ab67616d0000b2734ba240e8754d2a786694c9a2,Rock,Rock
6LaSaTrnIFBfXIf2wPcPh7,Kid Congo & the Pink Monkey Birds,22,https://i.scdn.co/image/ab6761610000e5eba936246ad4b3cd3ab1172228,space rock,Rock
59QKG3eYCCmqC6SqUwXvSw,Ned Doheny,38,https://i.scdn.co/image/ab6761610000e5ebcf204efa9a806367cf68c632,yacht rock,Rock
53PYmJ7bACIX8gkVoTkCIr,Simon Joyner,20,https://i.scdn.co/image/ab6761610000e5ebe3321a22a9dace6692bc5188,anti-folk,Folk/Acoustic
7xYxgSJaIf7yOFLmknYX38,13th Floor Elevators,39,https://i.scdn.co/image/28a9fd41516d5ad8cd092a2afed48346612dcfa8,psychedelic rock,Rock
6DbqS0X8cSFOPGsvyze2yh,Thad Jones,41,https://i.scdn.co/image/ab67616d0000b27330c9fa6efba5a91832325953,big band,Jazz
19f168OQu5y06r89NVmS55,Doug Hream Blunt,21,https://i.scdn.co/image/18d9b6d8ce26fdab777764c6ce83e250aaff45a0,Electronic,House & EDM
0VZD1yS4vqCj6bE0eGdUoa,Fanu,18,https://i.scdn.co/image/ab6761610000e5eb903d36f08f5c99352387b8e7,jungle,Bass Music
7gJJiJlmr6z6Q4qdNNvcqO,The Etchingham Steam Band,8,https://i.scdn.co/image/ab67616d0000b27360513204046a02abdc30174a,traditional folk,Folk/Acoustic
0jw9RWBCP3zs82b9GIHvnJ,Owen Kennedy,7,https://i.scdn.co/image/ab6761610000e5ebecc3db38661e1e2def1957fb,"Folk, World, & Country",Folk/Acoustic
6pV4iyF5ocDdbIX3rXffmK,Dorothy La Bostrie,25,,,Unlisted
7H92g6n1BvyzvQwaERZKZl,Goblin,34,https://i.scdn.co/image/2cd3a03e50459899daf5cf8a7d63f99706d817b1,progressive rock,Rock
02AM03mK2DQTiDr33b87f6,Cloud 9,12,https://i.scdn.co/image/ab6761610000e5ebd1ff40dce922784961369d98,jungle,Bass Music
1kkpNi8Ii5MhBMxmUhN5g9,The Electric Prunes,39,https://i.scdn.co/image/ab67616d0000b2730483232f2c2961c731e9346e,acid rock,Rock
70S4sHnxr55YQxZ53H5guq,KMD,40,https://i.scdn.co/image/ab67616d0000b273a049672caf582b864bc98d68,Hip Hop,Hip Hop/Rap
1nyQBzKgZ2hBLr7PnyV7cI,Strawberry Alarm Clock,40,https://i.scdn.co/image/ab67616d0000b273668eef9a15023a800efdbbba,psychedelic rock,Rock
0PpCb1XlzSLLbSpgxK7FWe,Transllusion,15,https://i.scdn.co/image/ab67616d0000b2730c430e1dd6fb6539c0b77d01,idm,Ambient & Experimental Electronic
5mcarhiatlvfCghqcn73rC,The Seeds,37,https://i.scdn.co/image/ab67616d0000b273fcb35a573a3811f1a67e15a6,proto-punk,Punk/Hardcore
6tsRo8ErXzpHk3tQeH6GBW,Black Box,57,https://i.scdn.co/image/ab6761610000e5ebf067b7c3286abe822fab7242,eurodance,House & EDM
7dupCiguCFkYZRisA3foPu,Monie Love,38,https://i.scdn.co/image/db1fd9baa8ffdf82d0ef1f0e40f17cb94272d4fb,new jack swing,R&B/Soul
1USHlPahTZrCeJXS2v5pkF,Thunderclap Newman,37,https://i.scdn.co/image/ab67616d0000b2732aa39070340f902ce294caec,acid rock,Rock
4G5nGqOdBR77N7n8wxxoEx,Daniel D,1,https://i.scdn.co/image/ab67616d0000b2731f3ca26c04c853b7351dfcc9,dub techno,Techno & Trance
16VudBYGOd9sMpOtA0szfp,The Only Ones,37,https://i.scdn.co/image/faee291824122f9f51371d9e2dbedb4094cd4665,power pop,Rock
3YR92OLKlvkK5oKNekSqXe,Al Jarreau,56,https://i.scdn.co/image/ab6772690000c46c96ceaa84ab3afbae5650851d,yacht rock,Rock
2BnZSEAPhFsB1RIyeEgXmN,FU-Schnickens,35,https://i.scdn.co/image/ab67616d0000b273ecc60b5b950e2297fb9a307c,east coast hip hop,Hip Hop/Rap
760vl8PoLX5jv6PE7Lxh0C,United Sacred Harp Convention,4,,traditional folk,Folk/Acoustic
5rilpZJIb2NWJZVGtCdg6u,Shirley Collins,33,https://i.scdn.co/image/ab6761610000e5eb1315299c29199bcdd14a0a98,traditional folk,Folk/Acoustic
5xUf6j4upBrXZPg6AI4MRK,Soundgarden,72,https://i.scdn.co/image/ab6761610000e5ebafa254b2a224584485286526,grunge,Rock
4KxpqghQTX2FlkzsbG3ENk,Simo Cell,24,https://i.scdn.co/image/ab6761610000e5eb7b96aa283dd41bb3d8ff7dde,breakbeat,Garage & Breaks
5V2urhkwH9CIcojcYnvKRg,Leaders of the New School,29,https://i.scdn.co/image/ab67616d0000b273b94c9082c2c9b728cee80d0a,east coast hip hop,Hip Hop/Rap
6VeL8VhaMjHTPc5uovFl3h,The Damned,51,https://i.scdn.co/image/ab6761610000e5eb74d54a7637698345f4befc3c,punk,Punk/Hardcore
45inHjnamn5uQuuRXOnnmN,Frank & Tony,28,https://i.scdn.co/image/ab6761610000e5ebca8bd55fd5ff7b3007560388,dub techno,Techno & Trance
7pFRZzpdFnoC3XnilFWEOr,Midfield General,24,https://i.scdn.co/image/ab67616d0000b2732b86487d8202177bee3501d5,big beat,House & EDM
3OpnoUqoRIHWbsFs4Nw0NQ,Nat King Cole Trio,51,https://i.scdn.co/image/ab67616d0000b2739a79b3c34293a7474e31ef1d,vocal jazz,Jazz
2jK54ZlZhTF1TxygsVeR05,Hawkwind,41,https://i.scdn.co/image/ab6761610000e5eb7b59f34904a85204edb79eec,space rock,Rock
4FrJKQblIjEyw8rbqYHNpU,Dream Warriors,28,https://i.scdn.co/image/ab67616d0000b273378df454d3a58578ffe603ac,acid jazz,Jazz
6SXZyMIzYNNfZ3NFQc3vtv,Tubeway Army,45,https://i.scdn.co/image/ab67616d0000b27308e6ede868f9c4e9ec7f08fc,new wave,Pop
0EsoagTOBDFNYUAmYuh5TR,Music House for Children,41,https://i.scdn.co/image/ab6761610000e5eb3426505dc3903a15596f6713,lullaby,Novelty/Spoken Word
64tNsm6TnZe2zpcMVMOoHL,Alice In Chains,78,https://i.scdn.co/image/ab6761610000e5eb6114a63659d0d5c0a801f733,grunge,Rock
38h03gA85YYPeDPd9ER9rT,The O'Jays,59,https://i.scdn.co/image/ab6761610000e5eb56ff1993c2aa3ca2c31b7a83,philly soul,R&B/Soul
1OwarW4LEHnoep20ixRA0y,Robert Plant,61,https://i.scdn.co/image/ab6761610000e5ebfa79a501274aae1d9de3a201,Rock,Rock
2qDY4ib71XUC2Lo87r6HdM,Zeitgeist Freedom Energy Exchange,25,https://i.scdn.co/image/ab6761610000e5eb2d266446fb9041529fbd64cf,nu jazz,Jazz
1UW5eP8ZIX1HKGGi5jXSB6,Homemade Weapons,17,https://i.scdn.co/image/ab6761610000e5eb0e1b5438be3228fc3dcb6fd4,drumstep,Unlisted
1cTFPzuPsiYtINcLic2qCV,Dubamine,26,https://i.scdn.co/image/ab67616d0000b27317524830454e43bf9f3f9977,dub,Reggae/Caribbean
1U5zgr455OGyIkLNXvDdrf,Traditional,64,https://i.scdn.co/image/ab6761610000e5eb8ce3e7c9e1c38c0edbe1528c,christmas,Jazz
2KofAEA8S0jDDXjSg6a3HR,Johnny Jewel,38,https://i.scdn.co/image/ab6761610000e5eba651dbb7b175aec299eac832,Electronic,House & EDM
6MFopqejpmTUUZlcRmGzgg,Todd Edwards,50,https://i.scdn.co/image/ab6761610000e5eb5f574c71c5e8c507a36fa478,uk garage,Garage & Breaks
6gMW76a7vmuyUuAivTjFGj,Ellis Marsalis,32,https://i.scdn.co/image/6d62eff1e631f393a60cfec3014df6a9838ff573,jazz,Jazz
5FgkTUuCNKDlilidPvZqOq,Scott Joplin,46,https://i.scdn.co/image/0200031aa1c6d230928dbf66363c51a3979f0ea7,ragtime,Jazz
2zyz0VJqrDXeFDIyrfVXSo,Jerry Lee Lewis,59,https://i.scdn.co/image/ab6761610000e5eb01ff3e4f94ff73cab6c4c0bb,rockabilly,Rock
41ESHLayJ5sDKjAOv6cMhe,Ana Gabriel,75,https://i.scdn.co/image/ab6761610000e5eba67b35ef27036fa201985e93,ranchera,Latin
35ajyqjK50Vy4mJW0HQHqu,Magic Castles,21,https://i.scdn.co/image/ab6761610000e5eb713b68936d68900cd8c2a203,space rock,Rock
1PRH2VLBHk1kMY2BFI0GQW,Ÿuma,40,https://i.scdn.co/image/ab6761610000e5eba4f6647db674598772d7abd7,Rock,Rock
7GRrLcUxwtQLvOpO7OHO80,Psychedelic Porn Crumpets,54,https://i.scdn.co/image/ab6761610000e5eb4fdc98ea7e02f52e86e46e13,psychedelic rock,Rock
2fMvylhnE23sAlyePKK8er,Kenny Dorham,47,https://i.scdn.co/image/ab67616d0000b273028ede8b512bcdad84b887e1,hard bop,Jazz
4iVvG04w9XBch3kxXWMuxb,Bouzouki Kings,44,https://i.scdn.co/image/ab6761610000e5eb766c8ac41ce531fb70d959c2,laïko,Unlisted
0NEsjEzTw4HTwfBG57ztlz,Harpers,4,https://i.scdn.co/image/ab6761610000e5eb7218d176caec4a82015f6477,Pop,Pop
4Aixcj6XBhqbdEHDKS7QcH,Circles Around The Sun,38,https://i.scdn.co/image/ab6761610000e5eb0351cc7de7b0c2c3d3f7837c,jam band,Rock
35o1050MVm2eGTjsIuwGDi,Heartthrob,14,https://i.scdn.co/image/ab6761610000e5eb9fdeac7552ed40aa24facce9,minimal techno,Techno & Trance
1QwvlTkLsKbaB3JT1AV245,Silent Servant,22,https://i.scdn.co/image/ab6772690000c46caf5216c990fe74b249a8de08,ebm,Ambient & Experimental Electronic
0x9L9ChXVAf3hFOb0CbRmd,Shirley Horn,46,https://i.scdn.co/image/c3fb97e0e0dc8763465e35bbc0f055c3c31ef378,vocal jazz,Jazz
6ZX4eVTPQBJ7q0cIShOmKD,Rod Modell,30,https://i.scdn.co/image/0033a4e1c99c6150fcf1e543e8c5409ff7c824c1,dub techno,Techno & Trance
4K6SrfGnkgHak2f007UkvB,Jerome Hill,14,https://i.scdn.co/image/ab67616d0000b273cd23b2c296324c96fb1818ce,acid house,House & EDM
2gClsBep1tt1rv1CN210SO,Gabriel Fauré,64,https://i.scdn.co/image/965d539c15af1d86ec4875f05ec21d32414c3e64,classical,Classical/Orchestral
0FOcXqJgJ1oq9XfzYTDZmZ,Super Furry Animals,42,https://i.scdn.co/image/ab6772690000c46c2108f2a669b8d856f4e7331c,britpop,Rock
5JXvJb6vQkSCFGCh4FCKOI,Anthony Newley,34,https://i.scdn.co/image/465f9428268fb64df48b95e382035e242ce80e4f,Stage & Screen,Soundtrack/Instrumental
3DtSOCXYU6o4EV0K1NgIKq,Art Tatum,44,https://i.scdn.co/image/cc8bf7f93f3539b5ee415b7767f5316aa228ab81,jazz,Jazz
0vkJnQS4UAUeueiikMUzvC,These Hidden Hands,8,https://i.scdn.co/image/ab6761610000e5ebda0bd0890238f783aa97ad66,idm,Ambient & Experimental Electronic
0sElgscu7tp38PM1MtsUz7,Energy 52,48,https://i.scdn.co/image/ab6761610000e5ebfd4d75199933135200b13e00,trance,Techno & Trance
5vuxY740S6HZLvrrQCAzfG,Annette Peacock,23,https://i.scdn.co/image/ab6772690000c46cff56dde0b7d9422dfc92d1d0,Jazz,Jazz
3cAGUcRbwsFHwKbJv8FT4T,Jay Reatard,35,https://i.scdn.co/image/ab6761610000e5eb5f10cd29361b6f2413d4dd1d,garage rock,Rock
3Wok7FweiLrlia97LMCJh1,Bill Fay,33,https://i.scdn.co/image/ab6761610000e5eb5f44ea76660df0a3b2722bdb,baroque pop,Pop
4E9w0bms6HcEppFlWjeW2d,Bobbie Gentry,44,https://i.scdn.co/image/00eeaeec05291fb67fb18f3fd459a868642e7594,Blues,Blues
3jLCHiuXBTGEEku37TsobP,Deradoorian,30,https://i.scdn.co/image/ab6761610000e5ebf821dbdb88fca4819340c25e,neo-psychedelic,Rock
5jz40KDNd44qa9nZH0uPDM,Akkord,10,https://i.scdn.co/image/838d53e3ee9fe36f857c60795d0059dee8225e55,idm,Ambient & Experimental Electronic
4e7xQaHgOjyFZtSic0Nk9B,Jerome Sydenham,31,https://i.scdn.co/image/6ecb512e3b6c0d010836e7a37a6973e9f8888e9b,house,House & EDM
3qtcbDvdIgQOXkPbtRvBaQ,The Kingston Trio,42,https://i.scdn.co/image/c77989e1d9a05cf54ac2d98737469d05183e560e,folk,Folk/Acoustic
2qFfH4tRlRJtTqPoapoerO,Joe Meek,16,https://i.scdn.co/image/ab67616d0000b273c4d8df4a72129d845d687403,Rock,Rock
42p6gXpB3btdFQWyjY5F6h,John Myrtle,27,https://i.scdn.co/image/ab6761610000e5eb4d57e0345f3bb582dbe527ef,Rock,Rock
1ilhXoWIlGxz3fM4B24mNo,The Dukes Of Stratosphear,25,https://i.scdn.co/image/ab67616d0000b273596ac7d1db535375c2163a9a,power pop,Rock
5q1QQYfkViLOUO9NzjUZCP,Artefakt,22,https://i.scdn.co/image/ab6761610000e5eb289ad556d88b9c2722d25b5c,dub techno,Techno & Trance
1AMMMSq3rJdZtFGnBXEkz7,King Tubby,45,https://i.scdn.co/image/ee08962ddb9c7f27a3ad5ed6052aa8deef521331,dub,Reggae/Caribbean
6NZ4NDGpMT4p82PCJh57Ec,Kelley Stoltz,25,https://i.scdn.co/image/ab6761610000e5eb715aa601631019b5ce6f8f20,space rock,Rock
5cPYngDFgZ8cOapCBCrs14,The Christians,37,https://i.scdn.co/image/8eba3b9c513610cf14fb35123cf71da12b5cc741,Funk / Soul,Funk/Disco
7uQ1qwQMMz3quYPqFsDgGS,Nomine,27,https://i.scdn.co/image/ab6761610000e5ebc98398dbc01f94ae5f67008f,dubstep,Bass Music
7nFTfkZmPlVL33Pclpf3aG,Chain and The Gang,20,https://i.scdn.co/image/ab6772690000c46ce61258bc6e3792e359aca178,space rock,Rock
59p84SELv8AM2GTkYKOR4B,Tescon Pol,0,https://i.scdn.co/image/ab6761610000e5eb6b72bbcf7e2dc847129edd06,Electronic,House & EDM
4n0gvapwYbRpzU5Ov68B6P,The King Khan & BBQ Show,35,https://i.scdn.co/image/c52c95c28cbf57a5b9b775789799bacadb915292,Rock,Rock
6mkqjpZbG63Y1MJQcItRmC,Not Waving,19,https://i.scdn.co/image/ab6761610000e5ebf0784c8919764bf18c92dbaf,experimental,Ambient & Experimental Electronic
4OogVxC2vWAsXsTYXctXi1,Loose Fur,26,https://i.scdn.co/image/ab6761610000e5eb48f951ffc358bb73d987347e,Rock,Rock
0uq5PttqEjj3IH1bzwcrXF,Spice Girls,71,https://i.scdn.co/image/ab6761610000e5eb2e91ffbba84e8e94bafbc6d7,Pop,Pop
3Nrfpe0tUJi4K4DXYWgMUX,BTS,89,https://i.scdn.co/image/ab6761610000e5ebd642648235ebf3460d2d1f6a,k-pop,Pop
0JM134st8VY7Ld9T2wQiH0,Coleman Hawkins,53,https://i.scdn.co/image/ab6761610000e5eb3c0789f0ae8538e9e24a7d15,jazz,Jazz
5zaXYwewAXedKNCff45U5l,Dusty Springfield,67,https://i.scdn.co/image/8b2bbbe1dde191c637271fab24ff66fda4faf4fa,Funk / Soul,Funk/Disco
6e7QpHYqEiyJGiM98IysLa,The Highwaymen,63,https://i.scdn.co/image/21910b77cbb542fcc60962aa4c6f33cdc86e62ac,outlaw country,Country/Americana
0aJ1FZmpkkzD6RiZe33EFR,sun electric,30,https://i.scdn.co/image/ab67616d0000b273195551149866cf4e79a13456,idm,Ambient & Experimental Electronic
0LWlgth3CFLC6eD8mtWCOA,Melt Yourself Down,24,https://i.scdn.co/image/ab6761610000e5ebef3c4ff24ac0bb5732754a2c,Electronic,House & EDM
2KCB7rHKJ04E2WprsXHGU4,The Donkeys,35,https://i.scdn.co/image/ab6761610000e5eb97c2e4f3521a53640407dc38,Rock,Rock
04eUV5Ml7cff2sEJEwll6G,The Idle Race,25,https://i.scdn.co/image/ab67616d0000b273bb7e2fd123de5d453fc093c3,acid rock,Rock
4ogwGU9VPWrnVBs1GEwZVV,Temples,43,https://i.scdn.co/image/ab6761610000e5eb3ad9c11cc0250c8ad503286e,neo-psychedelic,Rock
7nwUJBm0HE4ZxD3f5cy5ok,Aretha Franklin,71,https://i.scdn.co/image/ab6761610000e5ebf12270128127ba170f90097d,soul,R&B/Soul
6sd3qv6kReAdo6WsLBtXX4,Laraaji,48,https://i.scdn.co/image/3a176f954a08e614bcac1c1fe673af6351dc4970,ambient,Ambient & Experimental Electronic
7lOJ7WXyopaxri0dbOiZkd,Broken Social Scene,53,https://i.scdn.co/image/ab6761610000e5eb1f9e80256fb8109f202043ec,baroque pop,Pop
1ht9oSlPiNywrg22T2sM8d,Derrick Harriott,40,https://i.scdn.co/image/ab67616d0000b2731cc1d46e54e45cc12ece69c0,rocksteady,Reggae/Caribbean
4YHtIE7FI8ITfekzzN5Jpl,Shuggie Otis,50,https://i.scdn.co/image/7811a1e80b838569427b817331c3687ea2c1ad96,Rock,Rock
0XKPHX4BZDrtSEr3Pd1Q4k,Karen Elson,32,https://i.scdn.co/image/ab6761610000e5ebaeb426ab33c4df4f8cc85d3d,southern gothic,country/Americana
1qo9Fb4nYgez0Hpfi2RuiV,Dark Sky,40,https://i.scdn.co/image/ab6761610000e5ebda71d924d3e36f9f9bcbb976,Electronic,House & EDM
3Y6Xd3ZOlhkroMrz1Bmo0Y,DJ Earl,21,https://i.scdn.co/image/ab6761610000e5ebe1a4a97d54ade559bc004d03,footwork,Bass Music
1qpR5mURxk3d8f6mww6uKT,Shura,46,https://i.scdn.co/image/ab6761610000e5ebbc56269a1b01b89f2178b1e0,Electronic,House & EDM
0NqxUSg57tX1o1WG7VU1Vp,Stonewall Jackson,38,https://i.scdn.co/image/ab67616d0000b2738be1338edc948013c93fcf28,classic country,Country/Americana
45g23Apmqo2x4obM7LjmpW,Deepchord,28,https://i.scdn.co/image/6c199c5dbbae404ed3373e868bc04aea5c6c39f4,dub techno,Techno & Trance
1FE0rls8gfQT3laAeRYNgl,Loretta Lynn,58,https://i.scdn.co/image/ab6761610000e5ebdb1598bb7e50cb69c7053354,classic country,Country/Americana
0roWUeP7Ac4yK4VN6L2gF4,Gioachino Rossini,57,https://i.scdn.co/image/48200a929742e954caa5552179de10478d10753a,classical,Classical/Orchestral
33KsPfISa6inRnrPvWutSy,DJ Trouble,6,,footwork,Bass Music
30FDJPN3RtwJZ20g5YGCRX,Yung Bae,52,https://i.scdn.co/image/ab6761610000e5eb728f1ef7ce13bc9bece9e8d0,vaporwave,Ambient & Experimental Electronic
5tefnddMVyra0vGqyFVEjM,DJ Nate,15,https://i.scdn.co/image/e45d235208aebffd2da65dd12e9ed40a1edc3542,footwork,Bass Music
0ijZlfRS4zxGYWMxf8rvRN,Ulla,25,https://i.scdn.co/image/ab67616d0000b2733d1fc39f5d7ce39af6ea97ac,ambient,Ambient & Experimental Electronic
5NtMqQLCzdVvL7F8vFp3zM,Sweet Trip,51,https://i.scdn.co/image/ab6761610000e5eb1c6ef535b34a0cfa5c5b3b65,shoegaze,Alternative/Indie
1XgFuvRd7r5g0h844A5ZUQ,Take That,67,https://i.scdn.co/image/ab6761610000e5ebf6de04c418fb584509452e24,Rock,Rock
3rJ3m1tM6vUgiWLjfV8sRf,Jimmy Cliff,60,https://i.scdn.co/image/ab6761610000e5eb11bdad2b191ac35053d34bd2,reggae,Reggae/Caribbean
07yhT28qK3TutyRxpIfc5a,Bam Bam,21,https://i.scdn.co/image/ab67616d0000b273c4ebdbd32388dedb89dfc8ba,acid house,House & EDM
39x9e2QDpAxK8xTuJDwRqR,Junior Boys,35,https://i.scdn.co/image/ab6761610000e5eb6c01f7b8400950eea1188851,alternative dance,House & EDM
6xnvNmSzmeOE1bLKnYXKW3,The Specials,57,https://i.scdn.co/image/ab6761610000e5ebbad1000a404691aa30d17fb2,ska,Reggae/Caribbean
6iuM8yp1x2N0l6SONhyq4b,Ramblin' Jack Elliott,35,https://i.scdn.co/image/16d510f68a0727d6a3fa95a8dd5139862af1b02b,folk,Folk/Acoustic
5vfSFPrDPPBGExVLldEDOB,Enemies,26,https://i.scdn.co/image/ab6761610000e5eb19218839a4f2fa4a67b8b763,math rock,Alternative/Indie
6qgnBH6iDM91ipVXv28OMu,KAYTRANADA,75,https://i.scdn.co/image/ab6761610000e5eb9b9d4fdf5e4cf58e2fa93167,Electronic,House & EDM
1AEHGLRSBHwSr4VmU7IOXj,Bobby Konders,32,https://i.scdn.co/image/ab6761610000e5ebb296124d273cb3fa46c0f0d3,acid house,House & EDM
2MohQG2HL7M19DA313je7O,Humanoid,21,https://i.scdn.co/image/ab67616d0000b273c0898dd592d8e2b9f5b2199a,acid house,House & EDM
64tVHZVSAZhDEiOJxnb6hE,Sparklehorse,49,https://i.scdn.co/image/ab6761610000e5eb7f8c4c5b35ae5205d6aabda7,slowcore,Alternative/Indie
3BvWiyLcyLMoOIm2U8HepI,Omar S,37,https://i.scdn.co/image/8bd98cbfd1b9c17c57287575f2cc878d0c8d4d33,chicago house,House & EDM
3DxtKajg4nhMlf0qBES7sz,Adonis,23,https://i.scdn.co/image/ab67616d0000b27353f5ad6496411936e3169f1e,chicago house,House & EDM
0jiF8voCldfvNjfCEr6JDF,Shelly Manne and His Men,18,https://i.scdn.co/image/ab67616d0000b273a6d084480319baec24f50a7c,hard bop,Jazz
4ZgIWfyg9BkcqnJJ2xVR3f,Mouse On Mars,30,https://i.scdn.co/image/ab6772690000c46c11e2e54a5a902329130c0c01,idm,Ambient & Experimental Electronic
30h1cDhDvSG9RZlfBHmt9C,Don Caballero,31,https://i.scdn.co/image/37e74e8cf3bd617a7e8fe67e761324c453d17ffa,math rock,Alternative/Indie
0Nz05huPXhsMC0iyVVlqZG,Max de Wardener,11,https://i.scdn.co/image/ab6761610000e5eb3d5c3aad9777ef7f49b186dd,Electronic,House & EDM
6eHPmq8aR8X4TZIMvrD9Bo,The Maytals,36,https://i.scdn.co/image/ab67616d0000b27361a2f0aae32ff1e42bc08ccd,rocksteady,Reggae/Caribbean
2uf32eac3VFGHBonRKaLXQ,Women,31,https://i.scdn.co/image/36b117ba6faa27a207cb49edddb65c44be92ae70,noise rock,Alternative/Indie
3FpCFpdoJOrGuR3G7UBgC7,Lustmord,36,https://i.scdn.co/image/ab6761610000e5eb7767aad8e5e0644df1e63277,dark ambient,Ambient & Experimental Electronic
0FmzrEmiPcP9Vb3g0ApsPg,The Kunts,19,https://i.scdn.co/image/ab6761610000e5eb4acd096d7c1d3ec4b0871e2b,Rock,Rock
536qHynzDH1QviwhWY9dE3,Loraine James,31,https://i.scdn.co/image/ab6761610000e5ebbe20e75a5de23e62c8787cfd,idm,Ambient & Experimental Electronic
039zhJoEkboZ8Ii6K40Fb6,Avelino,48,https://i.scdn.co/image/ab6761610000e5ebb13d5b6d8f939a1bef382f2e,grime,Bass Music
7FbdCzKUwoZs1v9bCl43Ev,Drive Like Jehu,28,https://i.scdn.co/image/72e6315284562c2154c383c9f9ad6d23fcd0b3ad,noise rock,Alternative/Indie
40hYDkCc6rJCdtETszQvw3,SØS Gunver Ryberg,7,https://i.scdn.co/image/e9352eb94d84751f90765f728e43af4faf04b756,experimental,Ambient & Experimental Electronic
5PbpKlxQE0Ktl5lcNABoFf,Car Seat Headrest,63,https://i.scdn.co/image/ab6761610000e5ebbe1423263bfb1e277f06fed6,midwest emo,Punk/Hardcore
6Q0gMZJNIebNFFaJeonc11,Holy Fuck,52,https://i.scdn.co/image/ab6761610000e5eb181744bdbb964778032f7462,Electronic,House & EDM
7I7oCh2wOF0Y7dFrNiMTKn,Terron,1,https://i.scdn.co/image/ab67616d0000b273aa220c1a279d32302a89416e,Electronic,House & EDM
40EsdChhIP1ZT9RYOcfUI0,Astral Projection,39,https://i.scdn.co/image/ab6761610000e5ebd0320d415fb9d0602667c5e9,psytrance,Techno & Trance
0vYkHhJ48Bs3jWcvZXvOrP,Patti Smith,61,https://i.scdn.co/image/20e52d0b168541016f901d9ec6d4f2a0e41f193b,proto-punk,Punk/Hardcore
05pAwLhsutiuj6gerEwGvU,Lefty Frizzell,41,https://i.scdn.co/image/ab67616d0000b273b63dc75e1c598cbaebdace2d,classic country,Country/Americana
0Dpp9Ra8Tizj3iolElqGri,King Quartz,21,https://i.scdn.co/image/ab67616d0000b2738fa695df0a0bdc516bc71065,vaporwave,Ambient & Experimental Electronic
7qeBsFLeNEuzrDhDMbnDwF,69 Boyz,43,https://i.scdn.co/image/ab6761610000e5eb1bada2d6ca3fea0b6cd8dc73,miami bass,Hip Hop/Rap
6YROFUbu5zRCHi2xkir5pk,Brian Hyland,49,https://i.scdn.co/image/797a911d6dcad3418494613924dac9af6370070e,Rock,Rock
3PyWEKLWI0vHPmoNrIX0QE,Rakim,60,https://i.scdn.co/image/8d38481927c46840efeda04eaf5cd617dc78f53c,east coast hip hop,Hip Hop/Rap
6TshTCYwh9ySzOO6Jy4Ux2,Maya Jane Coles,47,https://i.scdn.co/image/ab6761610000e5eb541aa3ef9af8115836e11f45,deep house,House & EDM
1SYQUJukd40ps4z6RT77rC,Kuedo,21,https://i.scdn.co/image/ab6761610000e5eb02abcee140ee15abc277e05f,idm,Ambient & Experimental Electronic
6hxlIANxRjG8mQTcR8evvP,DJ Magic Mike,36,https://i.scdn.co/image/7193b611b9816cc851c9be83b9533606510cdfc1,miami bass,Hip Hop/Rap
5ce2Vgy5OXlTNvrqbBV2Gk,Serge Reggiani,47,https://i.scdn.co/image/ab6761610000e5eb4c0b63d327a0fd143a32a6f5,chanson,Pop
4ps86RU7WuXt5S4gEK9HbY,LATHE,0,https://i.scdn.co/image/ab67616d0000b2733b14989fecabeae80a62154c,Electronic,House & EDM
7csp7TiZwQF5Yn9Mt2Us2w,Si Cranstoun,33,https://i.scdn.co/image/fa50bf7c08daef80a7facadc5799cad429c87755,rockabilly,Rock
7jtYJOhZBZ9orULC4iIBgo,Olefonken,33,https://i.scdn.co/image/ab6761610000e5eb21da909b06a3eedab719cc38,Electronic,House & EDM
5UwHHsEQqO6OiQCtYHDpn9,Barnt,17,https://i.scdn.co/image/ab6761610000e5ebc807636000b2edadf19f64f5,melodic techno,Techno & Trance
0zdn1nNmOZXHZ9K28FvcFp,Matthew Herbert,43,https://i.scdn.co/image/ab6761610000e5eb08b647e8e3e7360be929e781,Electronic,House & EDM
5GPOeH5pq5IfbrCrsJdewW,Boymerang,16,https://i.scdn.co/image/fa0ea19150d475db5e17cb17e34bdd202a33b336,jungle,Bass Music
5J81VungUjSVHxlPpTI9KG,Mild High Club,59,https://i.scdn.co/image/ab6761610000e5eb57e304470606c0f284d6c748,neo-psychedelic,Rock
1ph6inW1HWQbwPSzoD1y0e,Gabriel Kahane,25,https://i.scdn.co/image/ab6761610000e5eb7606c00160fa8af91d48d81b,Pop,Pop
7Ifvnt1HhJ0b1QwOxLAu2s,Tzusing,36,https://i.scdn.co/image/ab6761610000e5eb931f4072ddf9b42a713baebf,ebm,Ambient & Experimental Electronic
5gWhlJBlLQGLOgYWO8lwCU,Saves The Day,45,https://i.scdn.co/image/ab6761610000e5ebcddd5a2ded724be932f20859,pop punk,Punk/Hardcore
6p9Qy71KocWwjmpUcHUTda,Rebirth Brass Band,38,https://i.scdn.co/image/0ea485197dec96d671340a52f05e1cc4f99a3d00,zydeco,Country/Americana
3JgykWJiK9U8B4gfoWdDMb,Henry Kaiser,12,https://i.scdn.co/image/ab6772690000c46c893ac606e1477f3921e39aeb,avant-garde,Ambient & Experimental Electronic
742YR9ZgF0tCO5juBfvPAU,Gwen McCrae,49,https://i.scdn.co/image/4d3aaba749a7e744d07c388aa187f4ad709f42e2,post-disco,Funk/Disco
0XRN23PlZzNANxVWRbjcNY,Marcelus,8,https://i.scdn.co/image/53299c296dd331532a0bacaca0f75176ce9642da,dub techno,Techno & Trance
2lRyvAihjwylPfhGqydQbC,Flight of the Conchords,48,https://i.scdn.co/image/ab6772690000c46cca389bd3b03be11e3eb7256d,comedy,Novelty/Spoken Word
37KB5e6cGsN1AQAB9Omm1U,Coil,38,https://i.scdn.co/image/ab6761610000e5ebcb17e0873bea447f0b9c3233,industrial,Alternative/Indie
389dEZJtlcNOvOuQNUNOXz,Rebecca Phillips,0,https://i.scdn.co/image/ab6761610000e5ebda7ca1e60edb22c34b7bdc2e,Classical,Classical/Orchestral
2l1iG0JqpgXHYg3RpRsHNz,The Wild Magnolias,20,https://i.scdn.co/image/e18eda5c2b13cc43e4bb5fa7a1e6aeb6db6aca25,cajun,Country/Americana
2XPxyd2B8EvTaQxgdmAJrV,Cults Percussion Ensemble,10,https://i.scdn.co/image/ab67616d0000b2734aea9e818b881062225b55ea,exotica,Pop
1rHh0AI30JhKrbzKIFjFNd,Jr. Walker & The All Stars,48,https://i.scdn.co/image/ead0ca5746226e1bfbc53b7d848f3cd4d1318e37,motown,R&B/Soul
7nnrIQYcmvdaa1zgNrVwDY,Gak,9,https://i.scdn.co/image/ab67616d0000b27345f93a9b10b56cd9fecfb68a,idm,Ambient & Experimental Electronic
15EMC4BhBrkCPwIxCfuY9c,Planxty,38,https://i.scdn.co/image/2141a00a520e63a6a50bd8648bc393d57a603847,celtic,Folk/Acoustic
3lcbKPLl0ci2mKRdcP5Etf,M People,51,https://i.scdn.co/image/ab6761610000e5eb6b39f52303c25dbf9bbeb30b,Electronic,House & EDM
1VNfHD8QBVfKnAeHUh42jv,Louis Prima & Keely Smith,30,https://i.scdn.co/image/ab67616d0000b2732bb8e80649bd2602b936f258,swing music,Jazz
3y1SoTOdrmRNTBVph5T0VZ,Laurent Garnier,42,https://i.scdn.co/image/ab6761610000e5eb7a4809df7e00b6420a18a4c0,french house,House & EDM
3b9LxiX2zs6VCevlXRBCP8,Drumcell,12,https://i.scdn.co/image/27dd0beff41f1386a7b04f38e1738f14f4a02274,techno,Techno & Trance
6yrlcV6fHxi6WCSIKLlN8k,Justin Berkovi,9,https://i.scdn.co/image/ab6761610000e5ebdf0dae0c197683018a3dff89,dub techno,Techno & Trance
5PWyKTCk0kzNytmI0NI2JX,Pearl Charles,31,https://i.scdn.co/image/ab6761610000e5eb923d01c4267f4d2d605c772c,Rock,Rock
2SvsDVaQnwhr8da9LPepJO,Bourbon Street Jazzband,20,https://i.scdn.co/image/ab67616d0000b2735c17593dbbab9e1ff2993dbf,ragtime,Jazz
4kCZ5nyurc9eIqLJfUcW0Y,Anonymous,60,https://i.scdn.co/image/ab67616d0000b273f4c36ff679e215984c204a53,medieval,Classical/Orchestral
2TEpGf9ad9YzmXPh9JE0MN,White Belt Yellow Tag,0,https://i.scdn.co/image/ab67616d0000b2735c365376b5138cdfd6537073,Rock,Rock
4bthk9UfsYUYdcFyqxmSUU,Tears For Fears,76,https://i.scdn.co/image/ab6761610000e5eb1e63dea1bded4ae1d53b5c9a,new wave,Pop
6T1GNMxXuljv0C0ZRR60CC,Rose Elinor Dougall,26,https://i.scdn.co/image/ab6761610000e5ebdc3070294d75f6ca30ce3a53,Electronic,House & EDM
7lauB9o5ZYmU5lTBOw7w8L,Paul Brady,43,https://i.scdn.co/image/ab6761610000e5eb5be426c785534e3148c0716f,celtic,Folk/Acoustic
1FmlPBCDxT2lgFy3S6BYtG,Wingy Manone,25,https://i.scdn.co/image/ab67616d0000b273f72fcd8e4bd2277e3803849b,swing music,Jazz
73sIBHcqh3Z3NyqHKZ7FOL,Childish Gambino,81,https://i.scdn.co/image/ab6761610000e5ebc3dc5429b676b16d451e5f77,Hip Hop,Hip Hop/Rap
63FCw1MDrVXmHQ43xfzqU5,Tol-Puddle Martyrs,22,https://i.scdn.co/image/ab67616d0000b2738c02fc74c1eaf739f4a68836,Rock,Rock
1MnPmJJRQj85pHB2veNylr,Hot Sugar Band,32,https://i.scdn.co/image/ab6761610000e5eb756f89e4f44050094e41b709,swing music,Jazz
3jVMgT4X7YeuYE4aludcmE,Phil Spector,24,https://i.scdn.co/image/ff5eaa5713733ddb50125d40fb7ddf0b42465533,doo-wop,R&B/Soul
5z7r51VxyXSf7DcJVONfer,JJ72,27,https://i.scdn.co/image/ab67616d0000b27390175840e389a473c8bd1204,britpop,Rock
28ljP12QBsgioe7MMMnq8g,"Meicio Askanasy, José Prates, Ivan de Paula",15,https://i.scdn.co/image/ab67616d0000b273cfbf5d54ae6d456b230f65e5,,Unlisted
5VTWoYYizcOY3uIKnxeCGI,La Femme,60,https://i.scdn.co/image/ab6761610000e5ebc4136c1541aaaaccbd9d6692,french indie pop,Pop
5LhTec3c7dcqBvpLRWbMcf,Madlib,68,https://i.scdn.co/image/ab6761610000e5ebdb860c843b90fdea28f670d6,experimental hip hop,Hip Hop/Rap
2e7hYqRjL82c1nIoREHc4J,sunn O))),34,https://i.scdn.co/image/ab26e56e7123b05a74037b8be61acdd09312e503,drone metal,Metal
5gPEo032lzARtzuVqJIm9o,Bobby Goldsboro,51,https://i.scdn.co/image/06d38d3736c5646927e56769e8a7df965e5643bd,Rock,Rock
0hrb5WRiNlj8vh3WnCgXFq,Kikagaku Moyo,45,https://i.scdn.co/image/ab6761610000e5eb952b074c07607f6b8afc3f93,neo-psychedelic,Rock
0eSP57bv4fG1PXFSbAWDj7,TRP,16,https://i.scdn.co/image/ab67616d0000b273138d3b22db6ddeb2b882a535,lo-fi house,House & EDM
3P33qFNGBVXl86yQYWspFj,Martina McBride,58,https://i.scdn.co/image/ab6761610000e5eb09755e20882fa7f131d1c998,country,Country/Americana
39ywlwtGw8RTGobakgb11L,Kruder & Dorfmeister,49,https://i.scdn.co/image/ab6761610000e5ebde4e41e1e9e80abf82e646c0,trip hop,Ambient & Experimental Electronic
3rbtPd0NcvhO2AzMfzx90z,Fredo,65,https://i.scdn.co/image/ab6761610000e5eb3a6ff9e3b88cb50c635ce611,grime,Bass Music
3az1g48j9Di5hYOV6MJy8G,Valance Drakes,3,https://i.scdn.co/image/ab67616d0000b273c8af334ae505d458581dcbaa,idm,Ambient & Experimental Electronic
5xUqD3EXrIaAq1IZeOC4lM,Grant,23,https://i.scdn.co/image/ab6761610000e5eb16faf4408c35ab37b1c9183f,lo-fi house,House & EDM
6I3M904Y9IwgDjrQ9pANiB,Kenny G,67,https://i.scdn.co/image/ab6761610000e5ebfce79bf01d99f9434108b56e,smooth jazz,Jazz
7zrkALJ9ayRjzysp4QYoEg,Maribou State,69,https://i.scdn.co/image/ab6761610000e5eb8226ea46d749763f4e650015,Electronic,House & EDM
0rESpKEusFHxhW59MIf7eM,The Flying Burrito Brothers,42,https://i.scdn.co/image/ab67616d0000b27353ba02e4c3b1b6a297002afa,country rock,Country/Americana
1ULUOUEQkiIGalRL7yR48w,United Vibrations,14,https://i.scdn.co/image/ab67616d0000b273cd3148e6f305ce35756c156e,indie jazz,Jazz
0HU0U9kdXEHZVxUNbuQe8S,Donny Hathaway,59,https://i.scdn.co/image/2c9a122b0f6a1c6f083b1725f309d3a25636f4ae,soul,R&B/Soul
4asCC4oxQcDzFXhCth2SgQ,Gary Puckett & The Union Gap,48,https://i.scdn.co/image/c4830fcbf9a9a496bca1a58f84aaaf0b2a882579,Rock,Rock
5dCuFngSPyOOnTAvrC7v2s,Freddie King,52,https://i.scdn.co/image/6c1f3c786fbc542e29df368b40d6ad888fe010be,blues,Blues
35S20clEkkSNUo23ViaslZ,Band Aid,45,https://i.scdn.co/image/0d3b3944d72ce6c7bdae093ee217e6e7d502263c,christmas,Jazz
267VY6GX5LyU5c9M85ECZQ,Dinosaur Jr.,54,https://i.scdn.co/image/ab6761610000e5eb5201c68a22bce1d27d72f4ac,noise rock,Alternative/Indie
4Sw0SFu1fFdYXdAEVdrqnO,Mount Eerie,44,https://i.scdn.co/image/ab6761610000e5eb5d0b68b962a3d96e3676e133,slowcore,Alternative/Indie
2jHYUm5r73OV8CiKyMdYfo,Wilbur De Paris,24,https://i.scdn.co/image/ab67616d0000b27338678380a6c0d810a5a668fb,ragtime,Jazz
4fxp616ALtFWnXfwxnjLzW,Antony and the Johnsons,48,https://i.scdn.co/image/b299b2dbeda8a552953bc7527cc9f3f77485fb08,baroque pop,Pop
4CxFlJDif0atTK3gZebcEf,Harvey Sutherland,41,https://i.scdn.co/image/ab6761610000e5eb0f753e4d6fabec3744f15396,jazz house,House & EDM
3qnGvpP8Yth1AqSBMqON5x,Leon Bridges,77,https://i.scdn.co/image/ab6761610000e5ebd5112a5b16a01e971ebb049c,retro soul,R&B/Soul
1FqqOl9itIUpXr4jZPIVoT,The Drifters,60,https://i.scdn.co/image/9cebb08480116550d85b6268d9adb1c2aee718f7,doo-wop,R&B/Soul
4Tzunwe7m9sBMSsmEV49Qo,Machinefabriek,24,https://i.scdn.co/image/ab6761610000e5eb37e66ce5f20780183287ba42,drone,Ambient & Experimental Electronic
1jXXs1UilBz3vGm39I25FU,Russ Davies,38,https://i.scdn.co/image/ab6761610000e5ebe98f84fc0f62ed87129cb038,synthwave,Pop
2bmixwMZXlkl2sbIbOfviq,Bo Diddley,48,https://i.scdn.co/image/3c116fa8059a519a653f242c7e14feb43a4186d0,blues,Blues
6BYUhS2DcPwZ4SunUb1uCE,Royal Crown of Sweden,2,https://i.scdn.co/image/ab67616d0000b273d31a22659835f75c5b8ffda0,dub techno,Techno & Trance
2RWaZohsuqSJX9xWX3p95G,Sutton Foster,46,https://i.scdn.co/image/b73adcba423692245bd8a2f6040e42e2890cb2c8,musicals,Unlisted
2eogQKWWoohI3BSnoG7E2U,Donna Summer,67,https://i.scdn.co/image/ab6761610000e5eb9e708b5a9b76b98301d35123,disco,Funk/Disco
7h2Y48bG543JDzEed383cx,Tinchy Stryder,48,https://i.scdn.co/image/ab6761610000e5ebd06c6ea674cd523c8099e197,grime,Bass Music
3qBKjEOanahMxlRojwCzhI,Zacari,69,https://i.scdn.co/image/ab6761610000e5eb02ae9b510bed2b616706e6a9,Hip Hop,Hip Hop/Rap
4gfb9GJ7RvxktLETnC4Afo,The Drones,30,https://i.scdn.co/image/8b5e1159521582dfb6dc145bd9a962ee986b2d21,noise rock,Alternative/Indie
0XSqX2PB3C5dTMv7SZaxSm,Wolf Parade,42,https://i.scdn.co/image/ab6761610000e5ebe0ee9d6c0075af4fabb763bb,indie rock,Alternative/Indie
3UvcmAOZt64oKpP95f6MMM,Big Star,46,https://i.scdn.co/image/94e335f63929c46d54e0821c35123d3d399a1dc9,power pop,Rock
3TVXtAsR1Inumwj472S9r4,Drake,99,https://i.scdn.co/image/ab6761610000e5eb4293385d324db8558179afd9,rap,Hip Hop/Rap
6X0Kd3L9wHWDzWU7cOgjW3,Kahn,28,https://i.scdn.co/image/ab6761610000e5eb50b9c1b3a3206980340d4db6,dubstep,Bass Music
01xLZpUkAEhuT3ZBOoBKVN,Fred Giannelli,4,https://i.scdn.co/image/ab67616d0000b27346c036253e56b3b1b9e6a01f,acid techno,Techno & Trance
3LmkRGuUav9Un8TDMjwKSg,Skengdo,47,https://i.scdn.co/image/ab6761610000e5eb6acc7c3f30f52c00eb991dd7,uk drill,Hip Hop/Rap
1GdTErb29TNkiEGWrNGAeH,The Merry Macs,31,https://i.scdn.co/image/ab67616d0000b2731637ff4e06964accb9a9abab,big band,Jazz
2dVK1PzRYltCwzq7uKgHa6,Rob Clouth,30,https://i.scdn.co/image/ab6761610000e5eb02f158125e9df8b17d6a8631,idm,Ambient & Experimental Electronic
0bzfPKdbXL5ezYW2z3UGQj,Michael Kiwanuka,69,https://i.scdn.co/image/ab6761610000e5eb970e66fdac7be4f4829d4b05,soul,R&B/Soul
0qLNsNKm8bQcMoRFkR8Hmh,James,63,https://i.scdn.co/image/ab6761610000e5eb9bb3756f2ee29fae00557129,britpop,Rock
6tbjWDEIzxoDsBA1FuhfPW,Madonna,82,https://i.scdn.co/image/ab6761610000e5eb6ccc1215f5b205aa6b34b48b,Pop,Pop
0NKDgy9j66h3DLnN8qu1bB,Eurythmics,71,https://i.scdn.co/image/ab6761610000e5eb145a01fb993c3088fe6ac5e7,new wave,Pop
03YhcM6fxypfwckPCQV8pQ,Wes Montgomery,54,https://i.scdn.co/image/e0fcfb2e4dbb9cb9c408ba7fad9bdd3526ef6ed8,jazz,Jazz
3mVWMgLc7bcyCBtL2ymZwK,The Arcs,47,https://i.scdn.co/image/ab6761610000e5ebfd5d2a0d6c50f6586e34eaf5,Rock,Rock
0wY1K9SgxbaRfoFRmSR5x5,SL,62,https://i.scdn.co/image/ab6761610000e5eb3bbd840c25ab8bb5ecaf625b,uk drill,Hip Hop/Rap
6olWbKW2VLhFCHfOi0iEDb,Hudson Mohawke,50,https://i.scdn.co/image/ab6761610000e5eb17a4b9ee72a4d06cb9a8b8c4,Electronic,House & EDM
6R9Mv0bgGE4Tqxna1q5Mrj,Roy Ayers,53,https://i.scdn.co/image/3fb0b3b86b8f6c36e08ba038880afc7911bb0f52,jazz funk,Jazz
5gR6bjTstGo5L0atrvxKFC,Art Mooney,12,https://i.scdn.co/image/ab67616d0000b273db7f5d29d307a3d2987a1a69,christmas,Jazz
2T06whb4s6UiufL1j5Qtz9,José Alfredo Jimenez,68,https://i.scdn.co/image/ab6761610000e5eb0fb5fee16398aa5b94427386,ranchera,Latin
1CfNMyL1MsEfjhdncy0O6i,Mrs Mills,22,https://i.scdn.co/image/ab67616d0000b273b82a545e38a90251d38193e0,ragtime,Jazz
7unA1Br0p1C0Wjs5GlBFU6,Jack Hylton & His Orchestra,29,https://i.scdn.co/image/ab67616d0000b27396c1db81abc14eb34dd6c18d,big band,Jazz
0uGp39H44YMKv86CNHv7Aa,Billy Costello,10,https://i.scdn.co/image/ab67616d0000b273f77d797fcf2e84cf2fc0149c,Pop,Pop
7D51E97yRZ8Su45PW9zbzP,June Christy,41,https://i.scdn.co/image/9c76bdaf7d03bcc91aa139efd90820a60a5c99f1,vocal jazz,Jazz
5nCi3BB41mBaMH9gfr6Su0,fun.,69,https://i.scdn.co/image/37bc85c957e17d3463ae40da1c8ade6bb5ecd546,Electronic,House & EDM
33XkS6h90eeK7e6OJHw0mq,Yusef Lateef,50,https://i.scdn.co/image/ab6772690000c46c9c5fa862a3e91bdf8db5d52f,jazz,Jazz
6xq4VamyyoknqqAg44ZzlK,Alex Glasgow,7,https://i.scdn.co/image/ab67616d0000b2730e7917aec3eacf0ea632b6d1,folk,Folk/Acoustic
24IRWfI4CRNsoalq0wVIbx,Tony Pastor And His Orchestra,10,https://i.scdn.co/image/ab67616d0000b27327a38f6ee73c3cea09454706,big band,Jazz
5WrIiG2BnDY2kouJxzQPsh,Bnny,38,https://i.scdn.co/image/ab6761610000e5ebe0fcf19e7db8e7bbaea7eadc,lo-fi indie,Alternative/Indie
3LfKt6bEMIfFIEryeai8Mm,Alabaster DePlume,47,https://i.scdn.co/image/ab6761610000e5eb79e7e6483840d0cea31d8c04,Jazz,Jazz
49jFRUETZfd3qMb92TcWda,Andrew & Polly,36,https://i.scdn.co/image/ab6761610000e5eb7c5359422f935db5e836830f,children's music,Novelty/Spoken Word
7krx6UBDKLwE0q3s3fesqF,C & C Music Factory,58,https://i.scdn.co/image/ab6761610000e5ebdbe2d33239c7ea19da857479,Electronic,House & EDM
6T2pk5T8c4Wi61x1v84sUa,The Laurie Berkner Band,62,https://i.scdn.co/image/ab6761610000e5ebf16b05c7ec0d1f80b3a12bbb,children's music,Novelty/Spoken Word
7FyspPUfiBhVrrbExpkxZ4,Boi (OST),2,https://i.scdn.co/image/ab67616d0000b273d0e671f7c6692a9739001326,,Unlisted
1eLGpX2MvcaCgjhg2UwJZC,Johnny Keating,17,https://i.scdn.co/image/ab67616d0000b2735e1377ef62a6bb31c871dc5a,exotica,Pop
1ThoqLcyIYvZn7iWbj8fsj,Bill Withers,75,https://i.scdn.co/image/96b85aec6907206572527e1eeec6569d5e977a38,soul,R&B/Soul
2HiGvNEcu9p7m32iWUrR7j,Lizzyloo,13,https://i.scdn.co/image/ab6761610000e5eb47fe2be501abb415119abb2e,,Unlisted
1APkoiZBXf5B3YqPruHouT,Terra Twin,27,https://i.scdn.co/image/ab6761610000e5eb4bb043662d4ef0a0644be2fb,,Unlisted
2njkfzRhOJFKLWFTu8FNWx,LooLoo Kids,57,https://i.scdn.co/image/ab6761610000e5eb1173fe0d523590d3ff1ea3b1,children's music,Novelty/Spoken Word
6hnWRPzGGKiapVX1UCdEAC,Sam Cooke,68,https://i.scdn.co/image/ab6761610000e5eb41aaa3a05d2ddba59454273e,motown,R&B/Soul
2k9nNwc3D0pTJAcCDlXRit,BreakStation,10,https://i.scdn.co/image/ab6761610000e5ebae79066522917fafc28cf957,breakcore,Bass Music
5XUXV5bMqIImp0xFfBWYzi,vex victoria,4,https://i.scdn.co/image/ab6761610000e5eb16a1f23c5dd33a507399137f,breakcore,Bass Music
5m1jRZQE4BjLrFrV33jIql,K. Leimer,33,https://i.scdn.co/image/a4ba311e500ee85a72c11d94f4be784c15b1bca5,ambient,Ambient & Experimental Electronic
3n085fYvqy1xgFEA0gjjFx,Redkattseven,50,https://i.scdn.co/image/ab6761610000e5eb62a09f26b257dd997e76a3c8,,Unlisted
0uqddFnkR5VFHepMk9NEz3,John McCormack,26,https://i.scdn.co/image/6aeefac9c7d9bc9efdb389c8a0fff7142b978ad6,ragtime,Jazz
1i6320DrZyxXE99Gk6baJL,Karl Vincent,14,https://i.scdn.co/image/ab67616d0000b27310e6b83c1413c0688f84b040,bassline,Bass Music
6ToGjPfiUS10Zds9xirvm0,Elori Saxl,28,https://i.scdn.co/image/ab6761610000e5ebf7811ddc136eb81f4448aed6,ambient,Ambient & Experimental Electronic
0ANGLcWo6kfFZH9k8HswZR,Crackerz&Jam,7,https://i.scdn.co/image/ab67616d0000b273999a788554c15d81b636ee0d,breakbeat,Garage & Breaks
1cL6b5xIECGYkaelSuRalF,The Mik Maks,42,https://i.scdn.co/image/ab6761610000e5eb976bf6f8f852b55a7ee94dec,children's music,Novelty/Spoken Word
4Y7tXHSEejGu1vQ9bwDdXW,Fatboy Slim,67,https://i.scdn.co/image/ab6761610000e5ebc20ed3229eeced918966a009,big beat,House & EDM
4chuPfKtATDZvbRLExsTp2,Vashti Bunyan,50,https://i.scdn.co/image/6b781cc1c4d486de2f7adad366b4bb95eb82b2ab,folk,Folk/Acoustic
2wwRO0gCI7qUtMHEH9djHV,Mikikí y su Changüí,0,,son cubano,Latin
07Q3kWZHIKgi3ChShbPio4,DXNIK,42,https://i.scdn.co/image/ab6761610000e5ebb82111b0b80bab7d12f09973,phonk,Hip Hop/Rap
7hQbFjNyMcJxjwmlieqPy1,Deano Yipadee,33,https://i.scdn.co/image/ab6761610000e5ebd796481dea1aad37475f4653,children's music,Novelty/Spoken Word
7o2Y6TQr9B0ynZGhUDAkyj,Lotic,14,https://i.scdn.co/image/ab6761610000e5eb031d713f7f7370423bf82657,experimental,Ambient & Experimental Electronic
1y2nGD97ClVmvdvLzGKCtB,Romansoff,0,https://i.scdn.co/image/ab67616d0000b2739a77a0addc5e9a4ba04f23ca,lo-fi house,House & EDM
3dDUEkWS8vRntkXwGSI2dr,Shit And Shine,16,https://i.scdn.co/image/ab6761610000e5ebeeb13d6be2feb10e0087784f,noise rock,Alternative/Indie
3AuA6Ksc6bQa0wlJx2ltI9,Holiday Ghosts,17,https://i.scdn.co/image/ab6761610000e5ebcc830f9624b133ed8263186f,egg punk,Punk/Hardcore
3644jHpHInKPL22IQYcd9y,Eva Curzi,4,,,Unlisted
0MlOPi3zIDMVrfA9R04Fe3,American Authors,66,https://i.scdn.co/image/ab6761610000e5eb76fa6126d926bd6302239aba,Rock,Rock
6ZKaSJXezrWbhYulkvWz4r,Onyx Midnight,7,https://i.scdn.co/image/ab67616d0000b273d705756fb580024a02463b8c,,Unlisted
7hFdUW64G4iU1tz46ITRfN,808 State,44,https://i.scdn.co/image/ab6761610000e5ebdae40b58c56780699ce60348,acid house,House & EDM
4wsg78KGu80m8Xk37PY2uG,U.K. Subs,35,https://i.scdn.co/image/ab6761610000e5ebcb869ec7836df71825714e48,punk,Punk/Hardcore
0yWkbyIrjncjW6FdtfgRSc,Music with Michal,35,https://i.scdn.co/image/ab6761610000e5eb79aa13f5a3f9300b76816edc,children's music,Novelty/Spoken Word
3oBqUqRBY1Ish0n1fHxeu2,Lil Big Stack,47,https://i.scdn.co/image/ab6761610000e5eb51fa0b096d79ee790938451e,,Unlisted
6fB2D85hn56JzRBTlCG0nw,Rachael Lavelle,15,https://i.scdn.co/image/ab6761610000e5eb3bfd5efad7843dc298733933,Pop,Pop
7cT0q8ThkSyIzyFDahxxUU,DJ MAGIMBU,0,,,Unlisted
2eam0iDomRHGBypaDQLwWI,Bleachers,70,https://i.scdn.co/image/ab6761610000e5eb5612e039ce8b2d05e0bac0a9,Pop,Pop
2Tz1DTzVJ5Gyh8ZwVr6ekU,STRFKR,58,https://i.scdn.co/image/ab6761610000e5eb09ba7def3d7c5c14349fb905,,Unlisted
1TqQi97nqeiuOJrIFv5Sw0,Semisonic,60,https://i.scdn.co/image/ab6761610000e5ebcbac00ef1ac185c67665e970,Rock,Rock
7xjpPNWngnYl57VxpnbakE,Entheogenic,31,https://i.scdn.co/image/ab6761610000e5eb6b7b89c9192f9267a2633847,downtempo,Ambient & Experimental Electronic
0n2Uel3CvQrmMsYLEfpO3s,Nektar,35,https://i.scdn.co/image/ab6761610000e5eb59e9b08f55cfee2a1db2bb68,progressive rock,Rock
7KjjSmSX5wCE1KYOerEf6D,Nat Adderley,36,https://i.scdn.co/image/e9db2d23da4dd4d4543e2091289d8665bf8c9014,hard bop,Jazz
5c1JBjQ42xrr1miePS9IRO,Kosh,30,https://i.scdn.co/image/ab6761610000e5eb762b02164ca24383946c2d87,breakbeat,Garage & Breaks
5FqPBW1PUDzHXRrqO7LkZA,Dantalian's Chariot,10,https://i.scdn.co/image/ab67616d0000b273437a8ad68762e5d26b3ffd4f,psychedelic rock,Rock
5yOa4icP3xsWJlzyjF6wj3,Tomasz Bura,2,https://i.scdn.co/image/ab6761610000e5ebdfd990aef3394936f79dc656,liquid funk,Bass Music
7cXmJjRB57gkLxdIi4U27v,Daze,8,https://i.scdn.co/image/ab67616d0000b2732bf3d04f7c80e194d42800a3,lo-fi house,House & EDM
3TUmwNx3l8S2nCoGKqIhjA,The Ethiopians,40,https://i.scdn.co/image/ab67616d0000b273c9e971b198c02cca93dcda37,rocksteady,Reggae/Caribbean
2NCGI6dLTxLdI9XHdv7QfM,The Andrews Sisters,54,https://i.scdn.co/image/ab67616d0000b273b545de9d06f4281d1c43b1f5,christmas,Jazz
6qyfxCyE6JsPkcGVIOPpyl,The Electric Flag,24,https://i.scdn.co/image/ab67616d0000b273532ca4fcd4cfad818af939e3,psychedelic rock,Rock
5928hF4c1MriHfAgpFf8ya,Trevor Jones,55,https://i.scdn.co/image/e6252595549d9196d1824de81395915c22474c54,soundtrack,Soundtrack/Instrumental
5bKdC6382t97Qnpvs81Rqx,Bedouin,50,https://i.scdn.co/image/ab6761610000e5eb235847fc0fabe2594fa28e7f,organic house,House & EDM
6pJY5At9SiMpAOBrw9YosS,Folamour,55,https://i.scdn.co/image/ab6761610000e5ebe87bcd600923388e07d3e950,jazz house,House & EDM
057gc1fxmJ2vkctjQJ7Tal,The Buggles,58,https://i.scdn.co/image/95afb7613d7ab1723ca2a7c952c56bf6143223d0,Electronic,House & EDM
1bB0hKohfWkczaTMQLQdlR,Robbie Basho,26,https://i.scdn.co/image/ab67616d0000b2736f7c30f19c2de2920385c3a7,"Folk, World, & Country",Folk/Acoustic
5ACxPOI9gR3l0cyy2dvkHv,Christian McBride,41,https://i.scdn.co/image/ab6761610000e5ebf01c57217346f5dead63ee32,jazz,Jazz
1CJCThhtbSHWSihjWWRY9r,Leafcutter John,12,https://i.scdn.co/image/ab67616d0000b27343071539d2ce84fca7e3b135,idm,Ambient & Experimental Electronic
0WTfNjENRjraYUFBZdzO0w,The Freak Scene,9,https://i.scdn.co/image/ab67616d0000b27364ca95c5b8a1dcd2e2c232f0,psychedelic rock,Rock
2E3nXyfocf7qfHAIFNbBuj,Carmen McRae,48,https://i.scdn.co/image/c24c73c17bd200da5314272b171e85d0dfb5c16f,vocal jazz,Jazz
6QDWC6QeGhvCWCv3nUJwoV,Laura Nyro,37,https://i.scdn.co/image/7ff3a3cd80429ec0ee1d3af48d606e4e0a6d9038,singer-songwriter,Folk/Acoustic
2I0zzJ2qwErkYlOU4LBgml,Lab Rat XL,4,https://i.scdn.co/image/ab67616d0000b273fad7ae8dfc681c2f9f8333ef,idm,Ambient & Experimental Electronic
3r48J3gAlltGN7xQad6J0Q,Willie Cobbs,8,https://i.scdn.co/image/ab67616d0000b273c0e622c39292bb3ebf3ec1ee,blues,Blues
5fhMeS3lpUqUpTNuAxU2rN,Malvina Reynolds,30,https://i.scdn.co/image/ab67616d0000b2737cdea96511f9e03e3b1b1308,anti-folk,Folk/Acoustic
4eQGHcndwAUIvowedpuiwE,Tryphème,14,https://i.scdn.co/image/ab6761610000e5eb2982fb9fa41e65e093887e52,idm,Ambient & Experimental Electronic
6ywMpa6AmGJpV5Sbyy58Js,Shabaka,39,https://i.scdn.co/image/ab6761610000e5eb75dce533072197e4f02b630e,Electronic,House & EDM
1TRLkR7OoXzEwUckYwHt5B,Bahramji,44,https://i.scdn.co/image/ab6761610000e5ebf170f96638567a86f5601a41,sufi,World/Traditional
7FMGtucexJvUxVz7scydEL,Joe Williams,38,https://i.scdn.co/image/cb331248b80936e05107565cb51369a6a825ec65,vocal jazz,Jazz
3u2C5jTgPLvS9FxybbEuh1,NANCY Live,15,https://i.scdn.co/image/ab6761610000e5eb281fb39015c3d72b9696c202,acid techno,Techno & Trance
0ZUyFEafMwocvApBjTXvdo,This Is The Kit,47,https://i.scdn.co/image/ab6761610000e5eb17e562daddcfa796d07ccfb4,Pop,Pop
3Z02hBLubJxuFJfhacLSDc,Bryan Adams,79,https://i.scdn.co/image/ab6761610000e5eb9333e218db341b192817db03,Rock,Rock
3alW3LYQS8K29z8C8NSLIX,Barry Manilow,65,https://i.scdn.co/image/ab6761610000e5ebb1b2c372dd521ecc092b92ce,yacht rock,Rock
2s0438sn0pYL2OuukcFqPN,Kid Koala,50,https://i.scdn.co/image/ab6761610000e5eb3a7fa0202eec9b9af4a33796,trip hop,Ambient & Experimental Electronic
1EJWNhiYbOyeUHbsS7Kp1P,Sneaker Pimps,55,https://i.scdn.co/image/ab6761610000e5ebd62076e2fcf2bcd6243edb27,trip hop,Ambient & Experimental Electronic
08YvZ2qzFrDSITfHLbPKMP,Lamb,46,https://i.scdn.co/image/ab6761610000e5eb7212f5c9b495683f5a12dd20,trip hop,Ambient & Experimental Electronic
1JG33GIyUbQa2Rlt9TqVyq,Mark Fry,33,https://i.scdn.co/image/ab67616d0000b2738039ad1dfebabbb82e6b2fc1,"Folk, World, & Country",Folk/Acoustic
5ncBRFyyylFng7kQJaRXN0,Wynton Kelly,49,https://i.scdn.co/image/ab67616d0000b27399f4dd19ff152eb8a379afcc,hard bop,Jazz
06kZZb0f2O9zUfFrkI7rKg,Egoless,23,https://i.scdn.co/image/ab6761610000e5eb93cc38e14371f3af1731b5e5,dubstep,Bass Music
6m1b4GsQhX1aVvQR5B0UhZ,Stave,5,https://i.scdn.co/image/ab6761610000e5eba4bc4fd66884175b248a7c85,industrial,Alternative/Indie
2njont54zPU8sW1guW1lvp,DJ Jubilee 1997,3,https://i.scdn.co/image/ab67616d0000b2737be5ac58545eb0784ea8fbb6,jungle,Bass Music
6WtWmLPWn1imbcisSfmBvy,The Ray Conniff Singers,49,https://i.scdn.co/image/ab6761610000e5ebd8d3ae6161de219faa4f6f91,christmas,Jazz
2MB4LVIvNzYx6KLPEWJD1P,Magic Mixture,10,https://i.scdn.co/image/ab67616d0000b273b037a4edba2f78449c581dc4,acid rock,Rock
25TFeFrgWnfNxxARihhraV,Stonefield Tramp,1,https://i.scdn.co/image/ab6761610000e5eb3e35d50ca8ccaee5aec39955,baroque pop,Pop
12EtLdLfJ41vUOoVzPZIUy,Girls Aloud,55,https://i.scdn.co/image/ab6761610000e5eb3462a3f5b8e865e8cc30d957,Electronic,House & EDM
5wuJ6NURpgVnZCt3gLCucs,Alek Lee,24,https://i.scdn.co/image/ab6761610000e5eb2e5fefa31d3730a60db58323,Electronic,House & EDM
3HBxYEtI2i43MzWyTXupVv,A,32,https://i.scdn.co/image/ab6761610000e5eb6e6439b0fe1b1a12f05a327c,nu metal,Metal
4OJgcDY2LiSjD0rKNygzH7,Daniel Brandt,17,https://i.scdn.co/image/ab6761610000e5eba987b5596949be942d6cc2de,minimalism,Classical/Orchestral
1YFLNH4rO40x9i16RpLwdY,Midland,42,https://i.scdn.co/image/ab6761610000e5eb1fa1d4022a25751ca38a9182,disco house,House & EDM
7fVp0A6oCMfiQJihMnY0SZ,KNOWER,42,https://i.scdn.co/image/ab6761610000e5eb1a0f934ffc8688946ce9f019,Electronic,House & EDM
4ab2tQaaTr2TnairelOwvO,Nicole Atkins,34,https://i.scdn.co/image/ab6761610000e5eb62cba92676ae1c9e8a82b612,pop soul,Pop
3b662TuiaH6pp7Ss8rvaoe,Duds,6,https://i.scdn.co/image/44c0f3938c8ff67af02c7b050d6dd2ae1b43f6ad,egg punk,Punk/Hardcore
4DBi4EYXgiqbkxvWUXUzMi,Old Crow Medicine Show,56,https://i.scdn.co/image/ab6761610000e5eba055968bc8c4b9d8901b1e1e,bluegrass,Country/Americana
6Pim5E5Lm03COsjHj2aEiK,Bess Atwell,45,https://i.scdn.co/image/ab6761610000e5ebcebaf827ec9c55928b2a2618,"Folk, World, & Country",Folk/Acoustic
4O6AfaKMmSDfqMN9yNBzmN,Under Black Helmet,27,https://i.scdn.co/image/ab6761610000e5ebec7a2e15c8dc663035542e89,acid techno,Techno & Trance
0N5PyKJzS3M1XNlaCL7bbE,Wilson Pickett,57,https://i.scdn.co/image/6938996289924918a6f9bb96af0bde4af969cb1c,motown,R&B/Soul
3YcBF2ttyueytpXtEzn1Za,Incubus,72,https://i.scdn.co/image/ab6761610000e5eb83512923cb6ea021f8bb1b3b,nu metal,Metal
5j9IEu1SEY0JslCPmfVsgq,Willie Watson,39,https://i.scdn.co/image/ab6761610000e5ebef2c189fdcb42143020dd420,southern gothic,country/Americana
5mNY0NPszdalbrb4ITO3M8,Cluster,35,https://i.scdn.co/image/dfce0bf92c520627f37f52f253c39f2c7a1f40fb,krautrock,Alternative/Indie
2MHF2LJvMpceD2Qy4iBZsV,Hd Substance,7,https://i.scdn.co/image/ab67616d0000b27353e9dc1239350310d629d3ae,dub techno,Techno & Trance
2yWskGGwMOlBGeIAVgfsgm,Emmanuel Jal,56,https://i.scdn.co/image/ab6761610000e5eb5a6f00169feb7b86323ebf66,afro house,House & EDM
5CWbfANRpZbnxdstzcNg5H,Bill Monroe,36,https://i.scdn.co/image/0636aaccd4168bd661b8e4e77a58efc402447eb2,bluegrass,Country/Americana
7qShKycqNUP0GLEiTENDVZ,Womack & Womack,56,https://i.scdn.co/image/3627bd95df407a6397d3e39be2a91e072db8d133,Funk / Soul,Funk/Disco
7eQZTqEMozBcuSubfu52i4,The Knife,50,https://i.scdn.co/image/ab6761610000e5ebac528fa9a19961733193cbf7,electroclash,House & EDM
2aMdhZeYSUVewlfjx9ntIn,Adrien Moignard,29,https://i.scdn.co/image/ab6761610000e5eb5c0019dc18e19aef05169714,french jazz,Jazz
69Fk1s1lzINOKqoSWjjEiE,Charley Pride,55,https://i.scdn.co/image/ab6772690000c46cb7b876ff43d6ba492559e145,classic country,Country/Americana
5GA6j57yIPCBrWk1lTvF9o,Lime Garden,42,https://i.scdn.co/image/ab6761610000e5ebabfbf7c7ba107bfea5c25cdc,Pop,Pop
5ZWo0P6lqFeoDeoN0okPEL,James Laco,0,https://i.scdn.co/image/ab67616d0000b2733a24bafd88e6da4b7fc33a43,,Unlisted
0ZeQOKQwmufZih23yBQ2uH,Johnny Costa,29,https://i.scdn.co/image/ab67616d0000b273f322d6b195c5697bd18f2b41,Electronic,House & EDM
4fqd1tgX1D2YESwxzr2cvd,The New Lost City Ramblers,24,https://i.scdn.co/image/ab67616d0000b2732f2347a92ab9920bed143056,bluegrass,Country/Americana
2gqmFO0Wo92qaqwwgL6fZG,Visible Cloaks,28,https://i.scdn.co/image/2ca8112724ee4f9fdf59fba306143f48808c5818,ambient,Ambient & Experimental Electronic
6EuVxyAGrWCKJtj5pRSHaw,The Texas Gentlemen,41,https://i.scdn.co/image/ab6761610000e5eb485265d90414cd598b17f741,Rock,Rock
6DFbqiI3rjhM8QpjEUQHAQ,Minami Deutsch,34,https://i.scdn.co/image/ab6761610000e5ebc811072c80372b2ce71dc0b6,krautrock,Alternative/Indie
2pAWfrd7WFF3XhVt9GooDL,MF DOOM,76,https://i.scdn.co/image/ab6761610000e5eb6c8167ef48a872b6f190078f,experimental hip hop,Hip Hop/Rap
2xPL0AoIt8vBFrog4MIp0L,Mladen Tomic,27,https://i.scdn.co/image/ab6761610000e5eb5dfeece7c4e3d20ee652c829,minimal techno,Techno & Trance
5a2EaR3hamoenG9rDuVn8j,Prince,73,https://i.scdn.co/image/ab6761610000e5ebeaca358712b3fe4ed9814640,funk,Funk/Disco
7JuJkVYsQm2QE0PlXNNBeK,Straw,16,https://i.scdn.co/image/ab67616d0000b273034fec187c513aada804892b,britpop,Rock
7tHd518aPjJYUgyv9bidBz,Judy Kuhn,57,https://i.scdn.co/image/ab67616d0000b27379c168111c001732d7d012af,Pop,Pop
2PwUZ1wTtmdDTEZbfnAh8C,Yama Warashi,16,https://i.scdn.co/image/ab6761610000e5ebfecbc6385d1a27746b5483f8,neo-psychedelic,Rock
4AgusFXPk24LCGMMplX34M,Palehound,39,https://i.scdn.co/image/ab6761610000e5eba3e49b0ad630d4373c7ce8b8,Rock,Rock
3r3EF4IUivV9v7HYln1YzB,The Oxford Trinity Choir,31,https://i.scdn.co/image/ab67616d0000b27365711366d305da5d8dcef2c8,christmas,Jazz
5p9HQrXQaCQNZUKKVf9UTh,Alaska,21,https://i.scdn.co/image/ab6761610000e5eb720055496d86092500baa282,jungle,Bass Music
5JpFdmGP5YVR80hwTyjhW0,Alison Sudol,23,https://i.scdn.co/image/ab6761610000e5ebc93cdade7ce90e0ef174d85b,Rock,Rock
3l14gV4hIMAjmo7KUvEWTx,Elastica,46,https://i.scdn.co/image/e1209352f7da3a0bbfb9f14ec839a4042358a1ad,britpop,Rock
72DFIUF8hZ88nuC3P2Glvg,Tease,9,https://i.scdn.co/image/ab67616d0000b273b0e4361ff490ee2fa469db27,quiet storm,R&B/Soul
6XIT5sGHOtxVgqtSnMCYZ6,Dick Van Dyke,51,https://i.scdn.co/image/ab67616d0000b273d6dc8b97a1736a1d356d67c3,Pop,Pop
5glaXGC2Bpd4z4HsVhzhjN,Dream,38,https://i.scdn.co/image/ab67616d0000b27385735357733fc75624edfea2,Rock,Rock
1tpXaFf2F55E7kVJON4j4G,Black Rebel Motorcycle Club,55,https://i.scdn.co/image/ab6761610000e5eb671e6bba4b119e7b9675f1a4,southern gothic,country/Americana
3BqaUtuQmqIHg7B5Bc7fP7,Nick Lowe,49,https://i.scdn.co/image/ab6761610000e5eb24f5429db041f5573c65c267,power pop,Rock
3MVZ2vxkDeDuTy3cGsDuQC,Civilistjävel!,15,https://i.scdn.co/image/ab6761610000e5ebfe625344f7dce97b21aed0f1,ambient,Ambient & Experimental Electronic
1xD85sp0kecIVuMwUHShxs,Twin Peaks,45,https://i.scdn.co/image/ab6761610000e5eb28101ecae7102233a50d2c2a,Rock,Rock
34me8hAxavRmcDIwhxa3b7,Dent May,66,https://i.scdn.co/image/ab6761610000e5ebd8f96530fb267e1248704004,Rock,Rock
0lJlKQvuM2Sd9DPPyUXcHg,Sixpence None The Richer,70,https://i.scdn.co/image/ab6761610000e5eb2ebb0ae40f1aa370bbacf74d,Rock,Rock
4EV7a9KODMBPJTCgIl9Bmk,Morten Lauridsen,36,https://i.scdn.co/image/273a4b9c5423ba85c70f2b909677bfd8ee83bd45,choral,Classical/Orchestral
0w1RQjkLFHpokbFNikYbPN,Talaboman,27,https://i.scdn.co/image/7d659d3da1736b743f1232c2d4437c27829161bb,Electronic,House & EDM
4KKx8fVJ0y7EcpmYZ42jPc,Matthewdavid,14,https://i.scdn.co/image/ab6761610000e5eba6c188ebb708083dc4f531b4,ambient,Ambient & Experimental Electronic
2mcMCQLrNDEW6O1pAEK3dr,Horslips,32,https://i.scdn.co/image/ab6761610000e5ebf8565cbaaa3b056a39268121,celtic rock,Rock
5lVNSw2GPci8kebrAQpZqU,Eli Brown,61,https://i.scdn.co/image/ab6761610000e5eb0f9b9210b2276c1268ece518,techno,Techno & Trance
3FtuExHiGsLvTnreIt7i2x,Phronesis,17,https://i.scdn.co/image/ab6761610000e5eb613eb811c8af5f5b1d17feeb,jazz,Jazz
5TGJzOKQ9GbfJ6IZI9ktDn,Dream Street,29,https://i.scdn.co/image/63f2df795ebafad1b322b9e33fa796791e8d12f9,Pop,Pop
0tfnDOJ5a2ib3mHAI4qGyD,The Dreadnoughts,52,https://i.scdn.co/image/ab6761610000e5ebf4e128d697623f40ce53c448,sea shanties,Folk/Acoustic
0W498bDDNlJIrYMKXdpLHA,Roberta Flack,65,https://i.scdn.co/image/d3b80d0493e0b44c1879fefff018b0a224d62468,adult standards,Pop
4LsGYPZ7C6Ni45pHgrUvo7,Akira Rabelais,16,https://i.scdn.co/image/ab67616d0000b27325ac4fcff21e00ba7606a41f,drone,Ambient & Experimental Electronic
0A0yu52zNGKe2rtr9wHfkD,The All Seeing I,37,https://i.scdn.co/image/ab6761610000e5eb5d5fef4ad1607e6e5c2078fa,big beat,House & EDM
0Kgq792etn9wG3uAgNHc6J,Frequency,16,https://i.scdn.co/image/ab6761610000e5eb06b4e8680c7b365b95cdfed2,acid house,House & EDM
3QcJwKyZRPKmz1evT92DPA,Dub Phizix,35,https://i.scdn.co/image/ab6761610000e5eb1d9da39898060a14b7d3b7f3,drum and bass,Bass Music
6PJ1lXTD3zLPgo7i8NPaw9,Stuff,27,https://i.scdn.co/image/ab67616d0000b2735d02af8588949bf7ee2f0a08,jazz funk,Jazz
699OTQXzgjhIYAHMy9RyPD,Playboi Carti,90,https://i.scdn.co/image/ab6761610000e5ebba50ca67ffc3097f6ea1710a,rage rap,Unlisted
2zgFYHwSEYOc1KnldGsBXK,Oxia,48,https://i.scdn.co/image/ab6761610000e5eb791571a6bacca97c2b223963,techno,Techno & Trance
3U3C9o6UTYNdEsDckpRyvX,Jaco Pastorius,43,https://i.scdn.co/image/8de960fde28cad7306b1a7af5da461d24b95a1c5,jazz fusion,Jazz
1HQwr6fm164qR0gtYoNoQg,The Fuzz,0,https://i.scdn.co/image/ab67616d0000b2732d12e9ce9c1ebc008813bc3e,acid techno,Techno & Trance
7ACSlU8kTcQIbvpwLWze8E,Vetiver,40,https://i.scdn.co/image/ab6761610000e5ebfec40bc1b1c1beb2e7f296bf,Rock,Rock
74i1kmPHu9k0NW1ogD5fZA,Ryan James Ford,17,https://i.scdn.co/image/ab6761610000e5ebfa842ebab62880f01f0bd815,dub techno,Techno & Trance
4Q82S0VzF8qlCb4PnSDurj,Brian Wilson,43,https://i.scdn.co/image/a832eaa4d4ff006a419610c2c5d37140efa00225,baroque pop,Pop
01vieJHWhg5Vxk57RmfGau,Sunship,53,https://i.scdn.co/image/ab6761610000e5eb77b8bc688230ff4aef7b435f,uk garage,Garage & Breaks
6eaiX6o2BMv5eyOjz9A6s0,Dawn McCarthy,12,https://i.scdn.co/image/ab6761610000e5ebf96ed5024c9a5be49515fd10,alt country,Country/Americana
4wQ3PyMz3WwJGI5uEqHUVR,Allman Brothers Band,65,https://i.scdn.co/image/ab6772690000c46c08f5d15585b77b0cb059717b,southern rock,Rock
2Gu6Q05ExIGwHTF43kqLBI,David Lynch,42,https://i.scdn.co/image/5128cdcc32322ae0eb210dec135a317b3d95e130,dark ambient,Ambient & Experimental Electronic
7FsYhkJR8zX4NeEqifNqDA,Justin Warfield,33,https://i.scdn.co/image/ab6761610000e5ebc9982ea258a6058dba19ca69,trip hop,Ambient & Experimental Electronic
290SZ7F6vkU2wx7wMlvCxf,Vitamin X,20,https://i.scdn.co/image/ab67616d0000b27368657b1c6835c0496814394e,hardcore punk,Punk/Hardcore
4COjOA6SIsQK0yrDxwnw02,Emmanuel,15,https://i.scdn.co/image/ab67616d0000b2737aebc8bc2e2670866f17ffc4,techno,Techno & Trance
7niTXistKYVF29W4Bo0cUt,dgoHn,21,https://i.scdn.co/image/ab6761610000e5ebaadcc5e0a54d195bef46a1a0,jungle,Bass Music
1FGYC9AcBsascq5DSXX1Ie,Henry Thomas,28,https://i.scdn.co/image/ab67616d0000b2736474d301900f404d64cca6c2,country blues,Blues
0tU9Qf5jG7st9wqMuPwJt9,Blackrock,13,https://i.scdn.co/image/ab67616d0000b273bc2f6b92bb4df7595db77af0,Funk / Soul,Funk/Disco
0OP3vGdafC4R9cXSoyRm9B,Paul Clayton,27,https://i.scdn.co/image/ab67616d0000b27313d3a63c13785fdce5cbd00a,sea shanties,Folk/Acoustic
6KPWnJouOHhX0ZhscJsIU1,Kid Creole And The Coconuts,38,https://i.scdn.co/image/ab6761610000e5eb3da36ef71e68b480bdb65fa5,Funk / Soul,Funk/Disco
1EAuonSn6FGXejwZS6EU9Z,Tonto's Expanding Head Band,13,https://i.scdn.co/image/ab67616d0000b2735309e2ef8701a2e8859f27a4,krautrock,Alternative/Indie
0X0TajZO1RmY3D8u1JymYq,Au Revoir Simone,36,https://i.scdn.co/image/ab6761610000e5ebd5226701fc34cccb65bc523e,Pop,Pop
0TF2NxkJZPQoX1H53rEFM1,Gladys Knight & The Pips,59,https://i.scdn.co/image/17992d522bd50efb63c2a353d2baf7d6957fb6ca,motown,R&B/Soul
66l6SXrWHLjXFHfv202kdA,Pastor T.L. Barrett and the Youth for Christ Choir,39,https://i.scdn.co/image/ab6761610000e5eba872fe49a7b6573b0d1ca454,classic soul,R&B/Soul
133pV477MVSsj1MHgsrIc9,Goth-Trad,19,https://i.scdn.co/image/db828460473417c00c31b8ff44db6e26187a7b9a,dubstep,Bass Music
73FDUlymZoHnSjgmyPdS4o,Wolf Man,0,https://i.scdn.co/image/ab67616d0000b2736b6852654bd8dd1a1a1bd2aa,dubstep,Bass Music
3akltjIApuVkKnLP4XgHwC,Anton Toorell,4,https://i.scdn.co/image/ab6761610000e5eb22b4f1f5c632ff047423044c,free jazz,Jazz
4DDkQKn7I5Y3ozo9p3Z5h8,Gunna Sound Ceilidh Band,23,https://i.scdn.co/image/ab67616d0000b2736bcefde58a6ebf29ce7c9297,celtic,Folk/Acoustic
7kXpvrS3xtr0nGzNFGuuQq,Rhythms Del Mundo,41,https://i.scdn.co/image/ab6761610000e5ebb272a327e9515a6d59cc3d89,son cubano,Latin
35y7CZMg7jbG8Q96JY7dyC,Burt Bacharach,50,https://i.scdn.co/image/2e924297cd6811acae0540d5fb7e4870593b14bf,adult standards,Pop
5UjqeSp9dX6Nrge7WdDukr,Roni Size,42,https://i.scdn.co/image/a2a3a76aa238ba704f45d5ce1261b198d0b03626,jungle,Bass Music
4D7jbXC2Jdd9DXG5uZYCCr,Annalee,42,https://i.scdn.co/image/ab67616d0000b273355b62b411e70f697aea7e9c,musicals,Unlisted
0vIMq3W8V63uR4Ymgm2pF1,Vanilla Fudge,41,https://i.scdn.co/image/ab6761610000e5eb82f748134d7305583269532a,acid rock,Rock
1L2vdW5MKTr5mHioN2Ywm8,Naomi Neville,17,,,Unlisted
6eUKZXaKkcviH0Ku9w2n3V,Ed Sheeran,93,https://i.scdn.co/image/ab6761610000e5ebd55c95ad400aed87da52daec,soft pop,Unlisted
32ese02QryCb75wljJ2LLD,The Flat Five,15,https://i.scdn.co/image/ab6761610000e5ebae5461a5f2c0e1e2bb5474aa,Rock,Rock
7L0uKOuMgMCLXHW9RnyB8n,Home Counties,30,https://i.scdn.co/image/ab6761610000e5ebe9ca4633ff18493bc5926ac7,post-punk,Rock
2nRbxpnBMMbtMBWH5QdqH2,Louis Jordan,37,https://i.scdn.co/image/a4967666a99d0034ed706a8be9cc4412c945f383,swing music,Jazz
1DTgcOxytJHD8p17mhSgd7,Big Joe Turner,39,https://i.scdn.co/image/e599b3f2af1a543fd9608319ea856e79f8e15fa7,boogie-woogie,Jazz
3GtvxALXnbuxfxFIo26vC4,Evadne Baker,42,,musicals,Unlisted
3oFRpiLvaflFOVNxvsLrze,The Records,23,https://i.scdn.co/image/9a86a202d13fe332f61dd0d6447d87f41a17b2bc,power pop,Rock
6hvfjmpSU8qRjpwH5wTc5t,The Foc'sle Singers,13,https://i.scdn.co/image/ab67616d0000b2736b2543733d70f6120a881e33,sea shanties,Folk/Acoustic
7iqeOKRXdtfN4PCu3oCHbZ,YANT,8,https://i.scdn.co/image/ab6761610000e5eb6db72092157f77929940b324,techno,Techno & Trance
5PFSmueeFLrjYXqn3agenn,Ian Dury,44,https://i.scdn.co/image/ab6761610000e5eb38eb26dd0d660d8c0e4f1158,new wave,Pop
0ybFZ2Ab08V8hueghSXm6E,Opeth,61,https://i.scdn.co/image/ab6761610000e5eb45e1bb6e5285297f9e55e550,progressive metal,Metal
5lnkuYjOkuB93OzYdbkDkw,Mezhdunami,32,https://i.scdn.co/image/ab6761610000e5ebd428646e74075f5722f04f72,synthwave,Pop
58nPlJ5CNYu0nGLOuE1Uuk,Holger Czukay,27,https://i.scdn.co/image/ab6772690000c46cced22bfdab097c3edd236503,krautrock,Alternative/Indie
7mdQavaq3eKjxsS594QK5l,Peluché,2,https://i.scdn.co/image/ab6761610000e5eb2855a8dd586b9b2fa4f4110d,Electronic,House & EDM
2yUsje7CszKGu4g1f4ih3b,The Claypool Lennon Delirium,36,https://i.scdn.co/image/c1d8265bd830bfe67944afa875a751c3dd4f9057,psychedelic rock,Rock
450o9jw6AtiQlQkHCdH6Ru,Funkadelic,53,https://i.scdn.co/image/dfd7b11d97bc9159e9d085c5fd925b70cd192178,funk,Funk/Disco
78CBFzwo7wwNaaTYVP5btK,Junior Wells,39,https://i.scdn.co/image/ab6761610000e5eba6b8e240a1e7218e7f4b7537,blues,Blues
2lP3Fx1aGCbQvH1F6i5Qeg,Michelle Gurevich,47,https://i.scdn.co/image/ab6761610000e5eb1e146edeb2f724d79dde568e,slowcore,Alternative/Indie
5PrHzxc3kFm4hIrGNmelpX,Rodríguez,60,https://i.scdn.co/image/f1949a9e20286ffa6aae79eca8df7da2e0e05236,folk rock,Folk/Acoustic
6Yae9Ia1nq6JLLojBzwN1r,HNNY,53,https://i.scdn.co/image/ab6761610000e5ebf594a80a764f343b3adfd83d,jazz house,House & EDM
714osTgzZrkyf3SGjggpfY,North Mississippi Allstars,43,https://i.scdn.co/image/ab6761610000e5ebf030e132f5d81f8dbdd434d3,southern rock,Rock
38ULknnQK6G4oLJtTtPkkM,Ultimate Spinach,33,https://i.scdn.co/image/ab67616d0000b273801e652ce283f52aa521cbb0,psychedelic rock,Rock
1aSxMhuvixZ8h9dK9jIDwL,Kate Bush,73,https://i.scdn.co/image/ab6761610000e5eb187017724e58e78ee1f5a8e4,art pop,Pop
5wWOMGR3Im6cDmoTRHD998,The Dolly Rocker Movement,42,https://i.scdn.co/image/ab67616d0000b27391b9e1103eada93ce36016d3,neo-psychedelic,Rock
5UDDnXpPNuL91XxNJLX47f,Chris Bell,25,https://i.scdn.co/image/ab67616d0000b2733019532f4975c6648364dbf2,power pop,Rock
4cPHsZM98sKzmV26wlwD2W,Brenda Lee,61,https://i.scdn.co/image/ab6761610000e5eb4ea49bdca366a3baa5cbb006,christmas,Jazz
73IpVw0OL0k4tw1xhaZcCE,The Mantles,11,https://i.scdn.co/image/18d04dfba6d9f63e2ae4bdaee92f9535de9bdff2,jangle pop,Pop
0tEbPIVxu2YOmZXOWAkJ52,Mr. Dan,58,https://i.scdn.co/image/ab6761610000e5ebf1aa6ae6b7c454fa26636f54,pagode,Latin
1ukEEwzjucRtFTxiw2DrDZ,Goat Girl,32,https://i.scdn.co/image/ab6761610000e5eb1c90369a7fd03d66359cd890,Rock,Rock
7JAxSqDybAiZCDoqJ1R1fc,Sara Gazarek,37,https://i.scdn.co/image/ab6761610000e5ebb3a87fe0043ce0604e0a2a6c,vocal jazz,Jazz
40dfZHKP0dMPfgiasWcTzn,Monarch Mtn,0,https://i.scdn.co/image/ab6761610000e5eb34852e82ed4ed3707f06440c,slowcore,Alternative/Indie
4detdPA6rWXtpMSLSlKkwE,Le Days,5,https://i.scdn.co/image/ab6761610000e5eb55712054c4f5ca6746bddc61,Rock,Rock
4KhnLZjONKS3nuYzXoqoXi,Naked Giants,34,https://i.scdn.co/image/ab6761610000e5eb3566995997d98874c451a952,garage rock,Rock
12d4iIvTOk7JkI6ecvc3ca,The Charlie Daniels Band,61,https://i.scdn.co/image/ab6761610000e5eb84e8dcb90d1d55643d417744,southern rock,Rock
4qM4BdTOGQcKYLUi8nrhhU,FUJI||||||||||TA,6,https://i.scdn.co/image/ab67616d0000b2733145d8e1d2c2fe846bc3bced,drone,Ambient & Experimental Electronic
4oMBP1OWXtmxyDhAj2aRyQ,Balthazar,53,https://i.scdn.co/image/ab6761610000e5eb8c419ff17a8d6809aa6ea44f,Rock,Rock
043WRXguGXwwwPHGnNz20i,Peter La Farge,11,https://i.scdn.co/image/ab67616d0000b273a6a0bfcd204eab89339d6469,native american music,Unlisted
6TZ5t4kclsmGWHqb3mGyha,Cassandra Wilson,41,https://i.scdn.co/image/ab6761610000e5ebdd842694dc86fd9a68c43d5a,vocal jazz,Jazz
4cZ1kxYzzWA4WZYxFlQMHM,Ramleh,18,https://i.scdn.co/image/ab67616d0000b27351071143bef89b0add7d8c5e,noise rock,Alternative/Indie
2OhRlg8iJc0v8XeRiXRr4H,Substance,21,https://i.scdn.co/image/ab6761610000e5eb8dd63845159abf499e51aace,dub techno,Techno & Trance
2I5A4xP3QGJEDKGhhXMAVr,Jacky Terrasson,42,https://i.scdn.co/image/ab6761610000e5eb91e5867d3d4d3bf1354d12c1,jazz,Jazz
3RwQ26hR2tJtA8F9p2n7jG,The Temptations,69,https://i.scdn.co/image/ab6761610000e5ebec212a39ffa4182a0fff4e3c,motown,R&B/Soul
4F7KfJQw9lIXvFydi4TOyi,Thomas Adès,36,https://i.scdn.co/image/ab6772690000c46c19b62d4da860e3996ffd860e,classical piano,Classical/Orchestral
6RpU4ErcnANKXDmQGS8x2D,Denise Rabe,11,https://i.scdn.co/image/ab6761610000e5eb95f36e4a028f9ca34a7a0c86,techno,Techno & Trance
1KA3WXYMPLxomNuoE22LYd,Gram Parsons,43,https://i.scdn.co/image/70e4b018ba02e93f7457fb115b965ef3d886fe70,country rock,Country/Americana
1oZmFNkGAT93yD1xX4vTRE,Nina Kraviz,45,https://i.scdn.co/image/ab6761610000e5eb02788d99e5636308304d2eec,techno,Techno & Trance
2EsmKkHsXK0WMNGOtIhbxr,McCoy Tyner,54,https://i.scdn.co/image/ab6761610000e5eb188eff6ad321c36e1611ef78,jazz,Jazz
56ykT2aZYIsDrPMOKSMPYQ,Young Luxenberg,2,https://i.scdn.co/image/ab67616d0000b2737b4b0478a62b83bef093da81,baltimore club,Bass Music
7q29ZT6pyW0RefQkTnG9rx,Antigone,27,https://i.scdn.co/image/ab6761610000e5ebba145cb11d8b09241b758aca,techno,Techno & Trance
7cCi9XoRu8Y1SyJ9c94fhc,Working Men's Club,32,https://i.scdn.co/image/ab6761610000e5ebd8a864337c9e5354b012d3e9,post-punk,Rock
4zsrUnozu6zRlVELQezaBn,Naomi Shelton,27,https://i.scdn.co/image/350edc3da212585098d60384bde750f274912183,retro soul,R&B/Soul
7fUtt9kVZOyn9LWy0JbDRI,Agnetha Fältskog,44,https://i.scdn.co/image/30a5b4f8de26073a2972f23960b4aef1a96dc1c2,swedish pop,Pop
1PokjXeIq2zVosXbTEaNlx,J Mascis,36,https://i.scdn.co/image/ab6761610000e5eb00770498ad0dd14822ccd283,Rock,Rock
2sxI9mdxTPzsbAzZwIP6R7,Foamo,24,https://i.scdn.co/image/ab67616d0000b273217c589833fdfb131b0ea26e,bass house,House & EDM
0FrpdcVlJQqibaz5HfBUrL,Rick James,63,https://i.scdn.co/image/e6c035ae9b2a8dd5cf6a3c5f4a0b274d5ff2a605,funk,Funk/Disco
2uyweLa0mvPZH6eRzDddeB,Rocío Dúrcal,73,https://i.scdn.co/image/2ae2272c989c4a0921f0dd99240ef51784fda6f3,ranchera,Latin
5tbEjgs7Twqh89pq5Ef161,Hakobune,31,https://i.scdn.co/image/ab6761610000e5ebd1839e6d4841fd63383aab19,space music,Unlisted
6Jy8DN56YeZwPFUjdPa0QB,Jacuzzi Boys,38,https://i.scdn.co/image/ab6761610000e5eb259e2d15f2a5e0b1521e40de,garage rock,Rock
0feWqfqPgKPFPzqDFE4bSf,Don Edwards,36,https://i.scdn.co/image/21ef5118ec1598d62b0b5ded906c0bb55d544dee,"Folk, World, & Country",Folk/Acoustic
31obJnEmHX81bUzzfLAiM6,Test Dept,21,https://i.scdn.co/image/ab6761610000e5eb1d2db81779aa5eec342a7328,industrial,Alternative/Indie
5whJkWAzwCYfeetVpUJKn7,DJ Manny,26,https://i.scdn.co/image/ab6761610000e5ebe06d5a4fe812e219adc74cb1,footwork,Bass Music
5ZoVY6c0cokQrn448eRqSc,Hiroshima,36,https://i.scdn.co/image/9d344f67f1d4b9e1e775191948083cd8352488eb,smooth jazz,Jazz
3xYXYzm9H3RzyQgBrYwIcx,Colter Wall,71,https://i.scdn.co/image/ab6761610000e5eb882233b1dcce1d30dec22ce8,outlaw country,Country/Americana
19slOlozrbxkEIMD8L3Qsv,Fast Eddie,43,https://i.scdn.co/image/ab6761610000e5eb28abea9e908557c6867901a1,chicago house,House & EDM
6rnbB5fuUuCSsspvFsxIpT,Cloud Nothings,41,https://i.scdn.co/image/ab6761610000e5eb61346617ddad2278595560e5,indie punk,Punk/Hardcore
0hE3uA2w3guHeKvuc7BpRr,Deodato,44,https://i.scdn.co/image/ab67616d0000b273838380761b418699c935e058,jazz funk,Jazz
5umhcdWLEQWb7l2mAwyV3z,Max D,6,https://i.scdn.co/image/ab67616d0000b273f2569141fd3c99bd35526b5d,Hip Hop,Hip Hop/Rap
2oyU4eToyQkxAFjkB3blsi,Sam Binga,38,https://i.scdn.co/image/ab6761610000e5eb19326f8b8c2a78db9bfda5ce,uk garage,Garage & Breaks
5AXsbGVbdQSQIadVkPyatG,Tha Pope,6,https://i.scdn.co/image/ab67616d0000b273804da811b73119b2f7dda23f,footwork,Bass Music
44HVfLGyIXhewPJc0TP0tt,DJ Elmoe,15,https://i.scdn.co/image/ab67616d0000b27329cd0d2bee2e208b3c4dc70b,footwork,Bass Music
5BcEkkXtKVgfIdKUV5rKn0,Leo Takami,7,https://i.scdn.co/image/ab67616d0000b273c0ebd18b9db0d1457b5f9d68,experimental,Ambient & Experimental Electronic
5iFJaXNEwdmI1PADAcM58d,Gene Austin,33,https://i.scdn.co/image/ab67616d0000b27339e3eb67d02c6ef9016b8a3e,ragtime,Jazz
4lLHPTUm69piEk8oCeQUcu,Prometheus,19,https://i.scdn.co/image/ab6761610000e5eb739b73d4fd9deec8004c51fd,psytrance,Techno & Trance
0NnXZ9FmXrgdda97yU0PVU,DJ Rashad & Gant-Man,3,,footwork,Bass Music
0CRfAs5qmkRgw9x9etNGqH,Octave One,48,https://i.scdn.co/image/ab6761610000e5eb9a65cdd025256b17afdbcf56,techno,Techno & Trance
0ehqzJzgBzhTRcOd0BqgCs,Young Smoke,7,https://i.scdn.co/image/ab67616d0000b273054ab1d482f300c31b2cb750,footwork,Bass Music
0Ekfvspc0hlcxdfJJVjcnq,Guy Clark,46,https://i.scdn.co/image/bcb6e3f9fc61022ea994344ef3f3bf62dd91d80c,outlaw country,Country/Americana
1EnzS63A3rt7rOWLctRyG3,Marcos Cabral,5,https://i.scdn.co/image/ab67616d0000b273ee6308b4318285d2e2faa8bf,Electronic,House & EDM
0Qur5LqqAVVunjY2PnjhUp,Throwing Snow,37,https://i.scdn.co/image/d20e90d8f88d9dae4152f1564cf8d25b168f2c8f,idm,Ambient & Experimental Electronic
0va8U409dr4gA1zQ2gSnD5,18 Carat Affair,39,https://i.scdn.co/image/ab6761610000e5ebb150c0e8f013674b73cc5a1d,vaporwave,Ambient & Experimental Electronic
52nwgb3EZSQrv9Q6MltYye,DJ T-Why,0,,footwork,Bass Music
6bUJpbekaIlq2fT5FMV2mQ,Wavves,46,https://i.scdn.co/image/ab6761610000e5eb78eb659fbba3b198cc2f4160,garage rock,Rock
21ysNsPzHdqYN2fQ75ZswG,Ted Nugent,55,https://i.scdn.co/image/ab6761610000e5eb030bcb95866eee7f4a49961c,classic rock,Rock
0z6zRFzl5njXWLVAisXQBz,Minutemen,45,https://i.scdn.co/image/9a90cd306697dd83c480926a1bb6eda46c7228ea,post-punk,Rock
1M1AEVIsxhvm4lAkuC2LyC,Morgan Hislop,3,https://i.scdn.co/image/ab6761610000e5ebf9bb3335b735d3c9066ddebc,footwork,Bass Music
3H6Js0rhywEhHda3UwuhGW,edIT,32,https://i.scdn.co/image/ab6761610000e5ebd92278d60100421ad6a67a68,glitch,Ambient & Experimental Electronic
4zVfvSWs6FvSD6B5lQGs2S,Peter Andre,48,https://i.scdn.co/image/809c25f4bc6391b6486f3a07696642a58ee1148b,Funk / Soul,Funk/Disco
1Pm6hTRjgSkT3B4FCQpW4g,Meekz,57,https://i.scdn.co/image/ab6761610000e5eb7d41d7c9c9b9365e141e8bac,uk drill,Hip Hop/Rap
37w38cCSGgKLdayTRjna4W,Mazzy Star,74,https://i.scdn.co/image/ab6772690000c46c93b4c6192035c98af64d4da3,dream pop,Alternative/Indie
0UKfenbZb15sqhfPC6zbt3,DEVO,58,https://i.scdn.co/image/39a7e5e551639397c9ee7801e0e1755cf2affd1c,new wave,Pop
59zdhVoWxSoHMc74n098Re,David Crosby,45,https://i.scdn.co/image/ab6761610000e5eb673353301af897f0d2ea337e,folk rock,Folk/Acoustic
4lB26frjHiyyq7CjSUICed,Koehler,0,https://i.scdn.co/image/ab67616d0000b2735fef5295a87480c0483c7bc9,Electronic,House & EDM
6fiX1FdXGRLUMN8xvwfgpw,Loke Rahbek,18,https://i.scdn.co/image/ab6761610000e5eb6f3090d6902c7fcb181eae7d,dark ambient,Ambient & Experimental Electronic
71sDMpcZzbN4kDKnYoGT1W,Mighty Sam McClain,36,https://i.scdn.co/image/ab6761610000e5eb51c7c2a454a20fe809bf5c52,blues,Blues
3EnbnmqrrvApHJs6FMvYik,Elder Island,46,https://i.scdn.co/image/ab6761610000e5eb0386d339d72e398cbbc0c960,Electronic,House & EDM
4rOv05Duzyn6YkBfQepDYC,Altern 8,29,https://i.scdn.co/image/ab6761610000e5ebc175b270f62d7de434c65bc3,acid house,House & EDM
4lBmxg4Z1e9NTDD05a2mhI,Sonic Boom,31,https://i.scdn.co/image/ab6761610000e5eb4f4e6db4d306c8cad58ecefd,space rock,Rock
1kYd37riIExqdm9g0juqGJ,Sandy Denny,34,https://i.scdn.co/image/b98e383ffe0b4832c7a14a5c1d35299e2a4f85fc,folk rock,Folk/Acoustic
3SMaI6j8ObewCWPQFwfvui,Hype Williams,37,https://i.scdn.co/image/ab6761610000e5eb99864829877eca732355071f,vaporwave,Ambient & Experimental Electronic
4oDjh8wNW5vDHyFRrDYC4k,Loyle Carner,67,https://i.scdn.co/image/ab6761610000e5ebaab29c742b716ec24525ee56,jazz rap,Hip Hop/Rap
5lMhayaiiZAnbsd6Oqpkv0,Bandshell,1,https://i.scdn.co/image/ab67616d0000b273b9e4f69aa4aa7214a9fdc190,Electronic,House & EDM
5sCZ2Gc3nZaE3Cav8WG7WG,The Paragons,42,https://i.scdn.co/image/ab67616d0000b2730e60d57a785d7c4f8418c8a3,rocksteady,Reggae/Caribbean
3mbVe260Kgvs1P8YFcCyY7,The Seahorses,39,https://i.scdn.co/image/fa8d9223b4c396efdde9eaf8771ae6e11bbdd632,britpop,Rock
1luY92PbdGWRyBRY1ZR7o1,The Unthanks,30,https://i.scdn.co/image/ab6772690000c46c78a11e0cc26d101165aa0846,folk,Folk/Acoustic
0TZExq5Dma8hecEIAKwQYA,Cindy Lee,27,https://i.scdn.co/image/ab6772690000c46cfaf192ccd56bb356f0c655d6,Rock,Rock
5MqgtmMdtrsZIQpZzLhpX5,Jefre Cantu-Ledesma,36,https://i.scdn.co/image/ab6761610000e5ebace99b3cb27cfceaed56bef6,drone,Ambient & Experimental Electronic
4idG41ELGGRKuiHLc3VLc5,Vanishing Twin,37,https://i.scdn.co/image/ab6761610000e5ebf443588e9663368ea5362313,neo-psychedelic,Rock
1n5Q0UoYwXeQza7ucLqFne,Sweet Exorcist,9,https://i.scdn.co/image/ab67616d0000b273c812ef71fe8a35eeeda66abd,idm,Ambient & Experimental Electronic
4w3QqrcmBv8dasemwBXmxf,Prefab Sprout,50,https://i.scdn.co/image/ab6772690000c46c1f272ff8ca78ef4c70e49f70,Electronic,House & EDM
5irwGfNb30z0m7UbZvFIcm,The Maghreban,18,https://i.scdn.co/image/ab6761610000e5eb4e27ff4d272564c1ab1659fa,Electronic,House & EDM
3ZHJIsD3uMwwjXlSpDzPtY,Kojaque,37,https://i.scdn.co/image/ab6761610000e5ebd2806be00ba281dd18fff181,Hip Hop,Hip Hop/Rap
6D5qrT7NQXcdvFTtCJNszl,Kelpe,26,https://i.scdn.co/image/ab6761610000e5eb6821d1f8f5841c48dff80d18,idm,Ambient & Experimental Electronic
44uXkGzSX98fieUV6b8pvv,Digital,26,https://i.scdn.co/image/ab6761610000e5ebcdc382fd44a175bd7ec2107e,jungle,Bass Music
1cS5EoXVqz7aON00AkVBBA,David August,43,https://i.scdn.co/image/ab6761610000e5ebaf0fc544d648de32347577a9,minimal techno,Techno & Trance
0duEtz2yf9OQR5vbwqqMo7,Marimba de los Hermanos Paniagua,14,https://i.scdn.co/image/ab67616d0000b273c03f49672e0624d40803e73e,música mexicana,Unlisted
66UBlnqgUCqDlalQXK8Nby,Buffalo Daughter,27,https://i.scdn.co/image/ab6761610000e5ebce885a7fd4155dc43a19888e,shibuya-kei,Pop
7ooOn6bokl4mGV4CEaUz6A,Shakespears Sister,43,https://i.scdn.co/image/ab6761610000e5eb2c0fb99e3bb121f48c1bedc4,Rock,Rock
1UkYB1n44YzBCtMaKde48Y,Norbert Susemihl,33,https://i.scdn.co/image/ab6761610000e5eb103504336967d7dfaf9a9b6e,swing music,Jazz
2Xc5v4VchWoxiC0VJn21br,Rob McConnell & The Boss Brass With Phil Woods,9,https://i.scdn.co/image/ab67616d0000b2732cb75b2757d6bd6b32bca039,big band,Jazz
0x83OBqixqdCHnStP5VMcn,The Shirelles,55,https://i.scdn.co/image/9a51fe462a957dfe6b25a65a08bafcfcbbf5e673,doo-wop,R&B/Soul
6Xx57uhlmBUkH1DOxqTWZM,W. H. Lung,34,https://i.scdn.co/image/ab6761610000e5ebd9757c0be233e5c90eaf6a21,Rock,Rock
08b2PA6eFyugsWAk41eQKZ,Lesley Gore,61,https://i.scdn.co/image/bf28596cedb04fd25304c2bd335c7f91cebffcb0,Pop,Pop
0f3o61UmrJLgvZtNdETT1h,TOSHIO MATSUURA GROUP,6,https://i.scdn.co/image/ab67616d0000b273f9c9041901f61e06b804ed88,Jazz,Jazz
16GcWuvvybAoaHr0NqT8Eh,Alabama Shakes,64,https://i.scdn.co/image/ab6761610000e5eb8541f518ded01fa4517610c8,Rock,Rock
64NhyHqRKYhV0IZylrElWu,TR/ST,48,https://i.scdn.co/image/ab6761610000e5eb5ffba6d83bb6446a9662dc82,darkwave,Ambient & Experimental Electronic
254k960TtnSDGQKOFGaWS3,Dino Sabatini,15,https://i.scdn.co/image/ab6761610000e5ebedc306ec39d7cc9b4dcac200,dub techno,Techno & Trance
6qF0CJP412Gd50Rn1sFg2o,The Cascades,52,https://i.scdn.co/image/ab67616d0000b273d5122126000e5fa612bdf8ac,doo-wop,R&B/Soul
5nAtXl2yhbQubn2gT9lhIg,DJ Bone,18,https://i.scdn.co/image/003c13cd168587593cbaa39de2a15d19f8035077,Electronic,House & EDM
5CDTMeaU6dnv24n6e4uAtk,Dillinja,34,https://i.scdn.co/image/ab67616d0000b273f1382171bcd4321d815c08f0,jungle,Bass Music
0MkRnV3sZKToZdoLRUZXqR,Dan Andrei,2,https://i.scdn.co/image/ab67616d0000b2735b90db695f9ae7b3a0b2bd34,minimal techno,Techno & Trance
6tiDOAkBNxnrDCbuXlEqT1,Monoloc,18,https://i.scdn.co/image/ab6761610000e5eb4f55e7424147ada01538a10f,techno,Techno & Trance
2rcnAZ6DvORQ365X3zVYpr,Biosphere,43,https://i.scdn.co/image/27d5f3835207c457a51e06dfad8ead34d75901ea,ambient,Ambient & Experimental Electronic
5DoTotbZaDEenX58XAdzff,Mixracle & Proton Isospace,0,,jungle,Bass Music
1gIroYxQAjqS57cmHpgUuh,The New Orleans Swamp Donkeys Traditional Jass Band,11,https://i.scdn.co/image/ab67616d0000b27370cfbf9195a156fe5f7c88fd,swing music,Jazz
5TGTpu4g8siFOIctZuQO7y,Sylvester,52,https://i.scdn.co/image/ab6761610000e5eb224edfd4e7b8101c4d217134,disco,Funk/Disco
4puKiwP3DNIzEaxPCheUbj,Adam X,11,https://i.scdn.co/image/ab6761610000e5ebc7de614f1d9a401cd5cc8620,ebm,Ambient & Experimental Electronic
2yqBWvICcnvZ0FKzfXBLME,Vertigo,0,,jungle,Bass Music
3FigIEWJYmIeHGP7IYDaq2,mmph,17,https://i.scdn.co/image/ab6761610000e5ebae82c5347bf38dbda6b5945d,experimental,Ambient & Experimental Electronic
2P024Zwds3G1daYmKfZ7tV,joeFarr,9,https://i.scdn.co/image/52dc3d1a24b912a64b3215accd2d68cf6bd01b62,techno,Techno & Trance
4lxYjU4q6B1KoDJOvNXzQy,Kiki Gyan,40,https://i.scdn.co/image/ab67616d0000b27320936a48dd46af6a3097a174,disco,Funk/Disco
64mPnRMMeudAet0E62ypkx,Primus,62,https://i.scdn.co/image/ab6761610000e5eb54ed648a0c70ed8910840f4a,funk rock,Rock
2tyMOS8xKREgpEwHnLc6EX,Front 242,41,https://i.scdn.co/image/ab6761610000e5ebe6b49a9d34a3feeba0e2aac1,ebm,Ambient & Experimental Electronic
0yxIUq0WFyaTmYyleG4Uca,Kim Jung Mi,37,https://i.scdn.co/image/ab67616d0000b273c4a28e04dffeb0a3a777ef63,Rock,Rock
042RommHY5GnNre5fd77xv,Ping Pong Warrior,0,https://i.scdn.co/image/ab6761610000e5eba10540cc8e495a0ea734a01f,electropop,Pop
6DqFCzjARUV3xH9meu3Bya,Wilson Simonal,49,https://i.scdn.co/image/ab6772690000c46c0110068a671acd37c0ff21f5,mpb,Latin
00NwpiTtYKYzE6yEhSbFIk,Prurient,26,https://i.scdn.co/image/bd44915ccb3c2a2c83ac0073644b35a76061bca1,industrial,Alternative/Indie
5Z1CCuBsyhEHngq3U5IraY,Westlife,74,https://i.scdn.co/image/ab6761610000e5ebceead049d538f0b5087041dd,Electronic,House & EDM
0k7JGk03ntbFvfURT2hWmu,Gold Celeste,31,https://i.scdn.co/image/ab6761610000e5eb21d720a86d50d758bc856864,neo-psychedelic,Rock
2jkVPf0f9H9GVWMzIdxfs0,23 Skidoo,15,https://i.scdn.co/image/ab67616d0000b2737b37c39983a87a5b6394589b,post-punk,Rock
6X8lhZ7YaRUBlOsOYimlyD,Kiasmos,55,https://i.scdn.co/image/ab6761610000e5eb09b55d86f0b4bddd1d5b010b,Electronic,House & EDM
2zJJIWKT0LiwdxcwW9RajQ,Dax J,33,https://i.scdn.co/image/ab6761610000e5eb35408d4300b440fae8465b07,acid techno,Techno & Trance
2SU0Q1mD3Vf207QF6YXV84,Benny Ill,0,,Electronic,House & EDM
0iF6y52buvlAyGjhAcSTWr,Seba & Neptune,0,,jungle,Bass Music
4XepUkisa56DUeA3gbjDQD,Jelly Roll Morton,35,https://i.scdn.co/image/bd4fe8adc6de490da8292dcba5259e2d69136fd5,ragtime,Jazz
53IfD3QieElrbwdMkNxX6G,Delta Funktionen,13,https://i.scdn.co/image/ab6761610000e5eb964e1bc6656e3dbfaffdebbe,dub techno,Techno & Trance
6EKclX7cOhc2nksXYoZfUh,Canal Street Jazz Band,10,,big band,Jazz
5FWDvN6yGklTuhfiRq9aeN,Boilermaker Jazz Band,33,https://i.scdn.co/image/ab6761610000e5ebd803401ea8e1834200e76520,swing music,Jazz
4wPR8PhvdOB0vksHMUWDZY,Trikk,37,https://i.scdn.co/image/ab6761610000e5eb1f346d59e63b363af18cbf0a,melodic techno,Techno & Trance
2SYqJ3uDLLXZNyZdLKBy4M,Goldie,43,https://i.scdn.co/image/ab6761610000e5eb8f652839f17c3f0eb205f1d3,jungle,Bass Music
0Ij7th9uWcDVYNAIOn5W22,Kornél Kovács,36,https://i.scdn.co/image/ab6761610000e5ebba69d3dee489e1e584b84130,lo-fi house,House & EDM
3EUM35RpJZkmptksMgQyj6,Sneakbo,47,https://i.scdn.co/image/ab6761610000e5eb40427d35914e8d4a07f8e613,grime,Bass Music
7823Dim2TzjiQQ9wRQxyi9,Wizzard,38,https://i.scdn.co/image/ab6761610000e5eb82c1da4fbef496bb6990c2d4,christmas,Jazz
2ltpcCK86foogli20z9raq,The Royal Guardsmen,29,https://i.scdn.co/image/ab67616d0000b27352be24ca8d22c4c671cc6535,christmas,Jazz
7fpQ6NCdteN7GLIpdFXaKV,Ambush Buzzworl,38,https://i.scdn.co/image/ab6761610000e5ebbc153ac0ce85ed6756fbf121,grime,Bass Music
6M6XXCcO5gI68XpIlrUL3Z,Young T & Bugsey,56,https://i.scdn.co/image/ab6761610000e5eb9dfd4e7ff1222003222bed53,afroswing,Hip Hop/Rap
0dEvJpkqhrcn64d3oI8v79,Barenaked Ladies,62,https://i.scdn.co/image/ab6761610000e5eb6f38e73a455b76c9e84d2e05,Rock,Rock
2JKqNWMM2Bm0SMIAbfhL8k,Gary Smith,30,https://i.scdn.co/image/ab67616d0000b273fc868ad3ce1998d871315f64,jazz,Jazz
6vxqO8B12AXOoETpxVSgH0,Labradford,24,https://i.scdn.co/image/ab67616d0000b273403f1513e0b8e09ed3eb97c5,post-rock,Alternative/Indie
4TXdHyuAOl3rAOFmZ6MeKz,Six by Seven,14,https://i.scdn.co/image/ab67616d0000b273a360e9c19c0addcb080ede8d,space rock,Rock
7wyRA7deGRxozTyBc6QXPe,Stephen Malkmus & The Jicks,32,https://i.scdn.co/image/ab6761610000e5eb7230fd9e05fbc10d5fc54941,Rock,Rock
7wGrLSB3v7jkV3fSsjYwtv,Born Ruffians,41,https://i.scdn.co/image/ab6761610000e5eb067058f8d453fef5239f31aa,Rock,Rock
57AKOY1SF1062tuVzgAPv8,The Waitresses,36,https://i.scdn.co/image/631a45d2b8037f6a2e067a329bbd04406106d068,christmas,Jazz
0g9vAlRPK9Gt3FKCekk4TW,Ab-Soul,62,https://i.scdn.co/image/ab6761610000e5eb53e37d2ad6497c8e5768149a,Hip Hop,Hip Hop/Rap
0TcYeHEK9sBtv7xPbKhzHz,Chumbawamba,59,https://i.scdn.co/image/57d60d824eac6f8870011979a6fab6b27b97fa44,Rock,Rock
54YNxT02JdAApvFBhD8ea0,Mingus Big Band,37,https://i.scdn.co/image/ab6761610000e5eba50eec13f11ddbae62f164d7,big band,Jazz
6OgtZFKhkX0Y8H9z6QL6Vs,Tissu,9,https://i.scdn.co/image/ab67616d0000b2736022fe93039ce2ca146db924,lo-fi house,House & EDM
5Gejwv3xz2DpLcxVpMD6hL,Thurl Ravenscroft,47,https://i.scdn.co/image/ab67616d0000b2733179327b8f6c31d3791bbc26,christmas,Jazz
6lOC7lwSO1ql4Gc2Y3QObY,East 17,47,https://i.scdn.co/image/ab6761610000e5eb79b13b638297a6952fd3277c,christmas,Jazz
0ECwFtbIWEVNwjlrfc6xoL,Eagles,79,https://i.scdn.co/image/ab6761610000e5eb0767e116a2307495e37cd7fb,classic rock,Rock
6FlxhoUGATC40TALMesaFM,Vinicio Capossela,49,https://i.scdn.co/image/ab6761610000e5eb1618cd11a9515e175a83ea4e,italian singer-songwriter,Unlisted
3dKjmeRZcSUw617CoMzEA0,Nafe Smallz,60,https://i.scdn.co/image/ab6761610000e5eb00022927242473eb50b45493,grime,Bass Music
0GEOi5JNl1NpVFrLUS3w0F,HLLW,4,https://i.scdn.co/image/ab6761610000e5eb63051cd8090752ad626ddbc0,dub techno,Techno & Trance
3ap1NzHNV9QA1x1V6z3gSe,Gene Pitney,46,https://i.scdn.co/image/f7945ee09b580668a7e617aebc28c0c17ffeae6e,Pop,Pop
6waa8mKu91GjzD4NlONlNJ,The Hollies,69,https://i.scdn.co/image/722e36849bde408b99330c713ebeb19157eabc89,Rock,Rock
6kFay2DQ5aZfeu5OsrF3Pw,The Walkmen,49,https://i.scdn.co/image/ab6761610000e5ebaefcc48f32686224654746ca,indie rock,Alternative/Indie
6jU2Tt13MmXYk0ZBv1KmfO,Giorgio Moroder,58,https://i.scdn.co/image/ae53e43ad044fe30298ac986a606bef7db4617bb,italo disco,Unlisted
4tX2TplrkIP4v05BNC903e,Tom Petty and the Heartbreakers,72,https://i.scdn.co/image/ab6761610000e5eb90a674bb20646b2141b60d05,classic rock,Rock
1Ii69KeniFef2bLMJr2Bg1,Zeno Amsel,0,https://i.scdn.co/image/ab6761610000e5eb31ca0857af214d40dc8077d1,lo-fi house,House & EDM
3CDn6ZRqYq3MffMg0KPII7,Ilk,0,https://i.scdn.co/image/ab67616d0000b273f4ff571056530537703cb3d3,jungle,Bass Music
7jmTilWYlKOuavFfmQAcu6,Barbra Streisand,66,https://i.scdn.co/image/ab6761610000e5ebf78341630056283b6d617753,adult standards,Pop
2vNCdSyQnRJfJVXLE3paC5,Lynch Kingsley,5,https://i.scdn.co/image/ab67616d0000b273a8451fe55d161bdcc2263165,footwork,Bass Music
7kocSfpPxPoSIRa1yNIQvB,D.Dan,27,https://i.scdn.co/image/ab6761610000e5ebd70b4d99be09162d65b500b5,techno,Techno & Trance
57ut70dPEUxC1dk83YY3hY,Dame Joan Sutherland,48,https://i.scdn.co/image/ab6772690000c46c7d086f132e228ccf9ffa0847,opera,Classical/Orchestral
2h93pZq0e7k5yf4dywlkpM,Frank Ocean,88,https://i.scdn.co/image/ab6761610000e5ebee3123e593174208f9754fab,Hip Hop,Hip Hop/Rap
6AnrSlk5Gp1YMXgaI3mWCL,The Chieftains,48,https://i.scdn.co/image/5a67760bde749a7bae4bf0d4624c11f948a2ccb1,celtic,Folk/Acoustic
1687IqXRdWmbRshgn194tT,Elder,43,https://i.scdn.co/image/ab6761610000e5eb61243d6d5cb4946b19d21674,stoner metal,Metal
0C0XlULifJtAgn6ZNCW2eu,The Killers,80,https://i.scdn.co/image/ab6761610000e5eb207b21f3ed0ee96adce3166a,alternative rock,Alternative/Indie
7EzZtsaDuv0EecScnO7wrh,Les Misérables-Original London Cast,0,,Stage & Screen,Soundtrack/Instrumental
32LHRiof0sa4taYew9i3Fa,Dinah Washington,58,https://i.scdn.co/image/ec0ef3c2a40764d3e72356027788b7552ecb3a9e,vocal jazz,Jazz
6G7OerKc3eBO9sVkRNopFC,Cat Power,56,https://i.scdn.co/image/ab6761610000e5ebda19135d5733a4ceaca360f7,slowcore,Alternative/Indie
3JkLFcTej6tdwZoQT6Nx4B,Seth Troxler,39,https://i.scdn.co/image/ab6761610000e5ebae415c295c042f2193594a8e,tech house,House & EDM
2s6JabvZdqVQhfOsaxCSFX,Bert Kaempfert,53,https://i.scdn.co/image/ab6761610000e5eb9d24fe39fd48d3207f901a86,orchestral,Unlisted
5lKZWd6HiSCLfnDGrq9RAm,Leona Lewis,68,https://i.scdn.co/image/ab6761610000e5ebe9cf3862b8027eb5b9f6b831,Electronic,House & EDM
6LuN9FCkKOj5PcnpouEgny,Khalid,85,https://i.scdn.co/image/ab6761610000e5eb8f77c3eddc1869e9542b04bc,Funk / Soul,Funk/Disco
50nN8IFD4xA67fI4jYbLV4,Kano,54,https://i.scdn.co/image/ab6761610000e5eb62c429f07a580decf69d15ad,grime,Bass Music
5cWh5zsmOIFhuPL0Ay1e7f,Dave Lee,51,https://i.scdn.co/image/ab6761610000e5eb02bea00c2295d726120add86,disco house,House & EDM
0wzHUcjugMRf9kRSfagkE1,Dominus,1,https://i.scdn.co/image/ab67616d0000b27348a1da28752fdd3c5f9d65e0,jungle,Bass Music
6NB0vY1HQgkUpCBsm5eAvo,Léo Ferré,42,https://i.scdn.co/image/ab6761610000e5eb1b7b9af10fc1187b1d599f8f,chanson,Pop
4PCeJ2EIn3YtzYYRsHHWyy,GRM Daily,57,https://i.scdn.co/image/ab6761610000e5eba52c06db1fa9b996f3e40f8a,uk drill,Hip Hop/Rap
2VMxEtyyo7Jg3jmVDQPHwx,Craig Cardiff,40,https://i.scdn.co/image/ab6761610000e5eb688a77db8bfe26f251ea402d,indie folk,Folk/Acoustic
56LMX8mqaIhJCaxjZBM1on,Tinsley Ellis,41,https://i.scdn.co/image/ab6761610000e5ebbc4b0d4cfd663d4b2f2a3c4d,blues,Blues
37Yx62YrthR5rgnrnFqNsF,Pedro Vera,0,,Rock,Rock
4rSwFTxoQwxwKjeQlSiLP7,Stick in the Wheel,29,https://i.scdn.co/image/ab6761610000e5eb2572195125b18d16de8a1513,folk,Folk/Acoustic
2KT0mSAPvd9PreXYCiVfVO,Just Jack,46,https://i.scdn.co/image/ab6761610000e5eb8d5a86e0144501e7926251a0,Electronic,House & EDM
1wDClxPQ3dnP5IfginkLma,Bibi Tanga & The Selenites,40,https://i.scdn.co/image/ab6761610000e5eb427e030b6bf23ec1f1ef03fa,nu jazz,Jazz
7qi4tpeQyNGsme1ZgE1s5f,Vesta Victoria,3,,Pop,Pop
4tP1lAjaYb9szKruOsoL97,Music Together,51,https://i.scdn.co/image/ab6761610000e5eb4d2194966bdf641f79a2c1ed,children's music,Novelty/Spoken Word
5JnB0pjUaCDOuRKRzuS5ti,Wickerbird,36,https://i.scdn.co/image/ab6761610000e5ebee2a592eebd7f9a3d9ffbdd7,ambient folk,Folk/Acoustic
5lCzzDFBEMShuche7yTo4H,Run by Electrodes,0,,,Unlisted
3fkHK8NOb6RPNbD8WfrLkU,Leaders of Technology,14,https://i.scdn.co/image/ab6761610000e5eb345978e7b91873a6c02ad05c,,Unlisted
7oF48iRjggIDjtfRcmmMvl,Termanology,44,https://i.scdn.co/image/ab6761610000e5eb29a70635a745acda3f42309f,underground hip hop,Hip Hop/Rap
0KNyFXU2L1Q3rpJxUM2NS3,Jan Dukes De Grey,6,https://i.scdn.co/image/ab67616d0000b273dc38213812b2020d23476ebd,progressive rock,Rock
6JooToEGjbAab8XNmXqkF8,Bongwater,23,https://i.scdn.co/image/734bf8acbf00e33c8c99492fa45f9e6ac070e377,psychedelic rock,Rock
5m8iUPCoViiUr1fXKjX7ej,Shut Up and Dance,22,https://i.scdn.co/image/ab6761610000e5eb64679c4243af175bdc5acbd8,acid house,House & EDM
1WZbb8JjTJHuHNFHKCeUNF,Evensong,9,https://i.scdn.co/image/ab67616d0000b27368df110edaca13eb3d324133,baroque pop,Pop
7hNnfON5MJqqBQyinaQ6yh,chip dilla,0,,chicago house,House & EDM
4fH73bVIwM24QrBqjTrhAA,Gilles Peterson,23,https://i.scdn.co/image/0417482b457108c5690d7035c7b5435c1b49d92a,Electronic,House & EDM
3z5VqEvu6RJ4Abtah3lTsg,Jimmy Dorsey & His Orchestra,35,https://i.scdn.co/image/ab67616d0000b273877f67016259249b6678aa34,big band,Jazz
3ccVtqcqedranb7y8eywJ5,Blanco White,62,https://i.scdn.co/image/ab6761610000e5eb12205cb471ab2a38ac9f3bf2,indie folk,Folk/Acoustic
0LYuszUNbwgujC8B6nhEWN,Sissel Wincent,6,https://i.scdn.co/image/ab6761610000e5ebebd00bd3b8e429eeec6c6901,experimental,Ambient & Experimental Electronic
34D8Pqawm29XlTE8445ezO,Poopy Man,43,https://i.scdn.co/image/ab6761610000e5eb976884986f78f6b87710f577,,Unlisted
1r1k3lYgsOWmBVRYzofkvO,Fart Fest,38,https://i.scdn.co/image/ab67616d0000b2739593376c2cce35fa1b1c6e9f,,Unlisted
1TV0WTE9ukywcLGMh4j4iU,A Guy Called Gerald,40,https://i.scdn.co/image/ab6761610000e5ebc1761d863e4c32b45a813b7e,acid house,House & EDM
5A2AuQZwTIH1KtbV6g47D4,Daddy Donut,26,https://i.scdn.co/image/ab6761610000e5eb7ddd0517b7f13d0f5a5b8dcb,children's music,Novelty/Spoken Word
0IwbrUdicuBw6t6hJmuRV7,Millape,2,https://i.scdn.co/image/ab6761610000e5eb8d5468926755401af56f4929,,Unlisted
5NvCz2qTmLDV9I5J8szc6r,Levon Vincent,20,https://i.scdn.co/image/ab6761610000e5ebe6e0efabd90eb81b31d93ba6,acid house,House & EDM
7nDsS0l5ZAzMedVRKPP8F1,Ella Henderson,72,https://i.scdn.co/image/ab6761610000e5ebeaec0febbefd0b52023e9425,Pop,Pop
4lT3QEjGrOZyCwqoHPjZES,Concrete Husband,8,https://i.scdn.co/image/ab6761610000e5eb2cb8e2bd304bcc26c53ac10c,Electronic,House & EDM
34Or4SetJBRvrlE8AO1qDO,Ye Vagabonds,45,https://i.scdn.co/image/ab6761610000e5eb02a146012ecaa637e37f4bac,traditional folk,Folk/Acoustic
2ueLrjAXRW78olDn1YFrqj,DJ Timbo and Friends,35,https://i.scdn.co/image/ab67616d0000b273b1464157fb50062f9fdb7f25,Electronic,House & EDM
1nc1Et5azX3Oo2VprcVIGQ,The Gentle Good,21,https://i.scdn.co/image/ab6761610000e5eb6da4bc35ce43731ba73f16a2,traditional folk,Folk/Acoustic
6WwR8D1J3GHvTt17v51QtE,Rough Justice,29,https://i.scdn.co/image/ab6761610000e5eb10535b428cfed87340c3e063,hardcore,Punk/Hardcore
7Gp1GIWUbYOvPQd9LorMqY,"Freddy Martin and His Orch., voc. Merv Griffin",1,,big band,Jazz
2914JagOufmP5BY9qLDxtF,Arto Lindsay,33,https://i.scdn.co/image/ab6761610000e5eb616bede3fa26023fbd6811dc,Electronic,House & EDM
4z6FshDl8yeHQSpFWdgN32,Youandewan,42,https://i.scdn.co/image/ab6761610000e5eb5eeb96d62244cf9f9e275a19,lo-fi house,House & EDM
47V6nyjOrUR98qv6gkYssI,Robot Koch,50,https://i.scdn.co/image/ab6761610000e5eb41e6b0985ff5c097b9cd61fb,Electronic,House & EDM
4LUOGNccPSilRIm4Jcflg2,Shaznay Lewis,21,https://i.scdn.co/image/ab6761610000e5ebec705a9e43d8c467682df8de,Hip Hop,Hip Hop/Rap
1Ul8JG7lpSltWsBV9WCBLp,Boifrenz,0,https://i.scdn.co/image/ab67616d0000b273d73ce59f7a30ae9c26598a58,Electronic,House & EDM
5qoP6RyrnQXfrj93gGZUqf,Chris Brain,31,https://i.scdn.co/image/ab6761610000e5ebcba20ce904f12c2a76e84f07,"Folk, World, & Country",Folk/Acoustic
1Rv2Pete1cFEKlDYk0hjWl,Ciel,20,https://i.scdn.co/image/ab6761610000e5eb3b23997ca7ced9db0cece473,chinese indie,Alternative/Indie
0NcZOCgglyAmOdkiM9kQuv,Tumble Tots,35,https://i.scdn.co/image/ab67616d0000b2730c0617e8fd2528282e924dab,children's music,Novelty/Spoken Word
0U84xwA98Pi4up2dRMTjby,Salz,12,https://i.scdn.co/image/ab67616d0000b273be00cb6dcc2d6eea17ffc2a5,dub techno,Techno & Trance
4DDiFKfkmzRaZEakCn1gjO,The Outcasts,17,https://i.scdn.co/image/ab67616d0000b2735bc4086d95f0917e94e7c38d,power pop,Rock
0TJwIhO6UBsDg4vlcdTcd7,Little Mike,7,https://i.scdn.co/image/ab67616d0000b273590e3c706596a091b1ec0bb0,surf rock,Rock
3Gul9YJiH5cPauKRIMYo3p,Merv Griffin,9,https://i.scdn.co/image/ab67616d0000b273a800ac5fc5a267078ceeaef2,Pop,Pop
2ExRPlC3BGFs2MjcUEL7eZ,Jeals,1,https://i.scdn.co/image/ab6761610000e5eb33e2d5cec2d5611afa40a320,lo-fi house,House & EDM
34U2e4Kt2mtD1yT2HkRZ7W,Bévort 3,20,https://i.scdn.co/image/ab6761610000e5ebf2e71d8af2b979fdc90f934a,jazz,Jazz
13saZpZnCDWOI9D4IJhp1f,Lily Allen,70,https://i.scdn.co/image/ab6761610000e5eb4816f55146bf03d294005165,Electronic,House & EDM
4Kc2fveBGCYTxAmmAzkXDB,Devon Thompson,24,https://i.scdn.co/image/ab6761610000e5eb96d429cd067a3f3bcaf54541,Reggae,Reggae/Caribbean
5Il8YjuVAWkWNH2xgjFMpF,Steve Jablonsky,61,https://i.scdn.co/image/c65979ab9c8924cd836b77331cf8afa4463f51eb,soundtrack,Soundtrack/Instrumental
59xljcfdN2Z9VX2U5RFKEa,Bent,45,https://i.scdn.co/image/c0a0e5b4b4ab3d52dacc9818edcdaf887c213485,trip hop,Ambient & Experimental Electronic
6VZFFaG8KqqTe7eNu7OENq,DJ Emerson,16,https://i.scdn.co/image/ab6761610000e5eb2efd7b228d78160054041759,techno,Techno & Trance
49Wbfyl0FJTjTAa0MQnjtM,Teste,10,https://i.scdn.co/image/ab67616d0000b2732bfca076f923ecb1dbea2115,acid techno,Techno & Trance
0rpMdBzQXf7aYRnu5fDBJy,Violent Femmes,60,https://i.scdn.co/image/ab6761610000e5ebb3c3b161756ef6f9c9afef38,folk punk,Punk/Hardcore
2XZXvrqedRMiKv6UWjAT4B,Jimmy Clanton,41,https://i.scdn.co/image/ab67616d0000b2735e06e4ffc70134f4ab284e23,doo-wop,R&B/Soul
49MSMbc28htL8E1Q5MYr5w,214,9,https://i.scdn.co/image/ab67616d0000b273dd47f69668ce64f8922ffffa,breakbeat,Garage & Breaks
6KFNJMheSt8FAYaDPFyacJ,Matty Hunt,0,,Jazz,Jazz
2EfFOe92ZZHE2lpappD8js,Mystic Braves,41,https://i.scdn.co/image/ab6761610000e5eb40d2a8404a6fe7952b2fe63b,neo-psychedelic,Rock
0SFwBkGokPRtTX212zO7xo,Avalon,45,https://i.scdn.co/image/ab6761610000e5eb329b0dd9acf0e3969cfb2b9a,psytrance,Techno & Trance
4tNxq9NGKTKaX8OkZBLgf0,Nightmares On Wax,59,https://i.scdn.co/image/ab6761610000e5eb574ca230c274dff576c580b0,trip hop,Ambient & Experimental Electronic
5olDKSsFhhmwh8UCWwKtpq,Chick Corea,53,https://i.scdn.co/image/ab6761610000e5eb348cf2cef2123837029f41e8,jazz fusion,Jazz
0r6tT33WWnzFbh3QrK4LQV,Fat Truckers,3,https://i.scdn.co/image/ab67616d0000b2731e2225e636862682be5d496f,electroclash,House & EDM
7wFngDXS0agMESGg1qYM4u,Depth Charge,22,https://i.scdn.co/image/ab6761610000e5eb6499a1bb8c3c51c84383f1a4,trip hop,Ambient & Experimental Electronic
5GSxIIq6UmkSBapK2S3eQP,Davide Famularo,14,https://i.scdn.co/image/ab6761610000e5eb948ac6d308ecf0cbddab4005,melodic techno,Techno & Trance
1xSXnf7mFuxNF0CMyQmpX2,Sam Maghett,23,,,Unlisted
02oIHbncHAfemEuQnIIzls,Jai Dee,1,https://i.scdn.co/image/ab6761610000e5eb9bd822db7d6dfbcd2e787435,breakbeat,Garage & Breaks
6f2k5CwVLvTy0rgw6Q8B4Q,Tiefschwarz,29,https://i.scdn.co/image/ab6761610000e5eb805b7d31972dd019afd78c11,minimal techno,Techno & Trance
2kMzxA8edU05hvMFU493zJ,Good Morning,52,https://i.scdn.co/image/ab6761610000e5eb6207a31590f8e0dad07dba42,lo-fi indie,Alternative/Indie
6x7CJxVRVtYcTHqui1GDSx,田中フミヤ,15,https://i.scdn.co/image/07e9bea03ee4af31b9880002825c8784e3d23b80,minimal techno,Techno & Trance
5bDxAyJiTYBat1YnFJhvEK,Joe Walsh,60,https://i.scdn.co/image/d710b1d866858b418e298b6b7b087e6f841f27c1,classic rock,Rock
1hwAhXzyuEUjug2pyNVSvg,DJ Cam,44,https://i.scdn.co/image/ab6761610000e5eb7fe667047f1a760f42041fd3,trip hop,Ambient & Experimental Electronic
7jg1R7YqkAgFy4PwrvAJm5,Makaton,2,https://i.scdn.co/image/ab67616d0000b27318481780c230cb60a8202e46,acid techno,Techno & Trance
2z4eiJkDaXYCR9kv2UuSgz,The West Coast Pop Art Experimental Band,41,https://i.scdn.co/image/ab67616d0000b273235e3d74d4b132775876ec3e,psychedelic rock,Rock
7GwCNTWgIGOdOX5vXRsht4,James Dexter,28,https://i.scdn.co/image/ab6761610000e5ebefe7e843a28945c7d46e0b28,tech house,House & EDM
1iN88Aaay0EANBTWOC0EWF,FAH,1,https://i.scdn.co/image/ab67616d0000b273dab5476ddc5e6af806b83006,idm,Ambient & Experimental Electronic
0oj4QK4zH3lghS2Oa418zZ,Loure,44,https://i.scdn.co/image/ab6761610000e5eb31b82717058a1f33db4b6a58,jazz house,House & EDM
6yrBBtqX2gKCHCrZOYBDrB,"Peter, Paul and Mary",56,https://i.scdn.co/image/8775d2330e168b1c4183a976afcf8bd529bd6d36,folk,Folk/Acoustic
5n8p6vrexqR7wICnZEPR18,Alenia,0,https://i.scdn.co/image/ab67616d0000b27324f92f43c493b7fc0a872c29,tribal house,House & EDM
79zqMJ0Tc0wATqK0eszdsJ,The Scholars Baroque Ensemble,31,https://i.scdn.co/image/ab67616d0000b2731c0709fe3f2fdebce3188d59,classical,Classical/Orchestral
4P0dddbxPil35MNN9G2MEX,Cypress Hill,69,https://i.scdn.co/image/ab6761610000e5eb608ba101d4ff74222a6d5e5d,west coast hip hop,Hip Hop/Rap
1O8yrjjifkCO8txB4CxuOm,DJ Spooky,34,https://i.scdn.co/image/ff7fe8c94fdf301d465a51c11c59e7484931a499,trip hop,Ambient & Experimental Electronic
5NU6tiaELL4UovbZipxzYt,Romy B,0,,,Unlisted
6kBjAFKyd0he7LiA5GQ3Gz,Aqua,68,https://i.scdn.co/image/ab6761610000e5eb54cd560d17307a51f3dc278a,europop,Pop
7qwzZyr0nlPl53XDlwXs42,Chocolate Weasel,5,https://i.scdn.co/image/ab67616d0000b273190d334b9ad0f7976aa341c6,trip hop,Ambient & Experimental Electronic
1sdyFmN4bVOcuFDpTVsxBB,Kenny Burrell,49,https://i.scdn.co/image/ab6761610000e5ebdbb5ce7865a18716adba5083,hard bop,Jazz
6I5hYsqBUo1FzYLX8Ryjvm,Mikron,8,https://i.scdn.co/image/ab6761610000e5eb3f26ded6137e47e83a340905,idm,Ambient & Experimental Electronic
1xdB9gS1NrKEYgZUEfoqIw,Idlewild,41,https://i.scdn.co/image/ab6761610000e5eb790247aabc806982cb370af3,britpop,Rock
2TlxOsDtu4KuBpdrQctnyu,Feral,25,https://i.scdn.co/image/ab6761610000e5eb0335bc4390b9955c97e8b16a,dub techno,Techno & Trance
6kEyGr2dFnzcKGxpHmnJnn,Sofie Birch,36,https://i.scdn.co/image/ab6761610000e5eb2b664fada768dd7a09d0dc5a,ambient,Ambient & Experimental Electronic
0v6N0xV7AfHHKVcgUOjC51,Derrick May,33,https://i.scdn.co/image/ab6761610000e5eb7ca301a140785ca26b9a6b31,acid house,House & EDM
284mnx33IWcymQEpMxyfHl,Modest Mussorgsky,53,https://i.scdn.co/image/20b923e03dd0fb8cd20fb93559b9ed9a0e7aefbc,classical,Classical/Orchestral
4rkRYubUhMU6aBR9KNSWbG,Tea & Symphony,3,https://i.scdn.co/image/ab67616d0000b2737083eb82b193852a26247531,acid rock,Rock
5kytvmQqoeunOLa2LtIt1N,Locust,39,https://i.scdn.co/image/ab6761610000e5eb90660fc91509fb118f5b6da4,idm,Ambient & Experimental Electronic
7wz4NE6fotaH9PxlEgd7AX,Missqulater,0,https://i.scdn.co/image/ab67616d0000b273c5831b1083347cee6f099821,idm,Ambient & Experimental Electronic
2zlMeTjA7szCmqcJjBzYXJ,Skip James,35,https://i.scdn.co/image/ab67616d0000b27334306463a420980615839302,blues,Blues
4ultVGMWqvHvwRHnogpymO,Harumi,32,https://i.scdn.co/image/ab67616d0000b273bdfaa86b6b40ac6cc94e2820,baroque pop,Pop
01liH6TfxmDMkDHrUKDzFp,Langkamer,22,https://i.scdn.co/image/ab6761610000e5ebb98c7556ac81b91f8e129496,Rock,Rock
5TnuP42pw475UrjjeabtwZ,The Waterboys,61,https://i.scdn.co/image/ab6761610000e5ebd1508e6a9df7761d7c49385d,celtic rock,Rock
0XErJwG6aCEj7NpKsEZrrO,Magic Sam,35,https://i.scdn.co/image/71936b2d4ab476c6321e520186845037e3b841d0,blues,Blues
5pq14S4AFVXGSyYbIGJC6Q,The United States Of America,25,https://i.scdn.co/image/ab67616d0000b273fdb51b1feb42fbe3e41a2353,psychedelic rock,Rock
4klCXFX14JSVZNQ2vEaLwH,Subjective,19,https://i.scdn.co/image/ab6761610000e5ebd0768282376c754b61f9dfc8,jungle,Bass Music
6Ar6EBW84OqQ22TWLzajCA,Veztax,1,https://i.scdn.co/image/ab6761610000e5eb1efa017c86261b342d47a468,techno,Techno & Trance
2MqjEhTz8CDRF4JUIaodjS,Moon Diagrams,17,https://i.scdn.co/image/ab6761610000e5eb915ca22d5fb8f391a10e3612,dub techno,Techno & Trance
4ggXpxD7rjHIJCpVjO9Ogs,Luke Hess,22,https://i.scdn.co/image/f6b96b9722073c1601e92e9f4d5fb27202d1e4e0,dub techno,Techno & Trance
2kHxkdiKCSnHMkhIgFBZaI,Kristen Bell,67,https://i.scdn.co/image/4696b636f6be50265a1226814629eea4ed48a8e6,Pop,Pop
1dIdBZaaHRW2bDTkHNfWln,The Veronicas,60,https://i.scdn.co/image/ab6761610000e5eb91bfd068f1e484b1002e3580,Electronic,House & EDM
4JVT1I5OzHwHaQS7DcSclG,Dogs Die In Hot Cars,16,https://i.scdn.co/image/ab6761610000e5eb6467ed52e4052ecd6e3b8540,Rock,Rock
0LMkPoi2xIgpOPUSJMftqM,WITCH,44,https://i.scdn.co/image/ab6761610000e5eb0661c14b524b544322897887,psychedelic rock,Rock
7bd687clsLdr4DueSybjG3,Rudy Mills,24,https://i.scdn.co/image/ab6761610000e5eb99816c6f6c8be1a4440c4bd2,rocksteady,Reggae/Caribbean
6nDLku5uL3ou60kvCGZorh,Bloodhound Gang,66,https://i.scdn.co/image/ab6761610000e5ebb37fd268f79456bf904d617e,Rock,Rock
3bEpYwWXUX2TDMT2vdFuk4,Allan Pillai,3,https://i.scdn.co/image/ab6761610000e5ebefcb044dd6f89fc8d0198b0f,minimal techno,Techno & Trance
1bcztlEOrJIIfLbUIKQY6O,Michael Rault,29,https://i.scdn.co/image/ab6761610000e5ebd1b7e36fadb4850431a6edc1,Rock,Rock
4pzjm2iMtclScYmoJ7q9tD,Dan Reeder,43,https://i.scdn.co/image/ab6761610000e5eb521a0de2066d4a71076fe45d,"Folk, World, & Country",Folk/Acoustic
2sijQ6zO0MAirKsBw2GNwz,Rita & The Tiaras,24,https://i.scdn.co/image/ab67616d0000b27336a9ca236920b0d20db36c01,northern soul,R&B/Soul
0y0zq3ULRz7HsJTs4eF1G6,Zetta Bytes,16,,,Unlisted
2tFN9ubMXEhdAQvdQxcsma,Jessica Simpson,50,https://i.scdn.co/image/ab6761610000e5eb761f912c69a45866177c674a,Pop,Pop
0qa4GMXrmylKemymbElIwq,Jump5,41,https://i.scdn.co/image/e401e7cde4be63ef9b45f57664661f1bd752915c,Rock,Rock
5mIWUaQzYC5NOkTRbhK7na,David Holmes presents The Free Association,18,https://i.scdn.co/image/ab67616d0000b273773ad0e0ce48ffa43bbf570c,big beat,House & EDM
5P1tdwsQdI6z9MXXfmYRDS,Field Music,27,https://i.scdn.co/image/ab6761610000e5eb2b711eb656eefd92a43135d0,Pop,Pop
6YTWss7MFcjsJRDgmtqO2l,Lake People,22,https://i.scdn.co/image/ab6761610000e5eb9dc5036531e4b919341faf54,Electronic,House & EDM
2MqWqAmRvIjvYdD3cMBbrg,Illum Sphere,19,https://i.scdn.co/image/ab6761610000e5eb98ace4829d7c27c30654d0ab,idm,Ambient & Experimental Electronic
5cMtEMr5pDMpBGjY4XXvDh,Clockwork,13,https://i.scdn.co/image/ab67616d0000b273850699cd9e49b6a52935dfd9,Jazz,Jazz
3RiRwS7amd2zQzIFyRzIa9,Echologist,10,https://i.scdn.co/image/ab6761610000e5eba223788a821a28f289b93458,dub techno,Techno & Trance
4eR9k3I0YKCQUvvP2ojptw,Joan Shelley,44,https://i.scdn.co/image/ab6761610000e5eba2825c0d030120a174b48de4,"Folk, World, & Country",Folk/Acoustic
6m6rbOfn0fQIVteo1za0wJ,Michael Blackwell,18,https://i.scdn.co/image/ab6761610000e5eb1a183beb979401f23afb2993,Pop,Pop
2PHC7cyBiJM9EZ0E8FKcJ4,Muffin Songs,52,https://i.scdn.co/image/ab67616d0000b273f662ae81484b23dabaf67805,children's music,Novelty/Spoken Word
2RM3xqQNdhZknQBsyQl3ZM,Derrick Morgan,35,https://i.scdn.co/image/ab6761610000e5ebaed9bf3ed3bf5e3ef6bd49e4,rocksteady,Reggae/Caribbean
6DiTNNDXXhH95EafbvKisN,Ellen Fullman,7,https://i.scdn.co/image/ab67616d0000b273e6bc5f92468445e6114f2d16,drone,Ambient & Experimental Electronic
3Q0VPr02bPlokDVsv5T90I,Ceephax Acid Crew,26,https://i.scdn.co/image/ab67616d0000b27382f2892ebdea3cb7f20cec56,idm,Ambient & Experimental Electronic
4ftctxasGrW5Ud5Pbw6kWq,Loving,53,https://i.scdn.co/image/ab6761610000e5eb9ec3495cf5870bfde0f9744d,Rock,Rock
57ZB0kMmW6JLQAIaCzMG7I,Bitchin Bajas,30,https://i.scdn.co/image/ab6761610000e5eb69c66b5468c6d72dcb99009f,space rock,Rock
0FjzWRwRfEzCndGjColUy9,DJ Nobu,19,https://i.scdn.co/image/ab67616d0000b2738f657c11b83f2ffcb8d0d0cb,dub techno,Techno & Trance
148ujrGRexnhpqhRiw0rDi,IS TROPICAL,31,https://i.scdn.co/image/ab6761610000e5eb0992d790f6bc64409ff400f4,new rave,House & EDM
7gRGh8w4G9zaFJSaIYp8HH,River Whyless,55,https://i.scdn.co/image/ab6761610000e5eb7ac1c4db6901f98a6ba470e7,folk pop,Unlisted
7H2X4y4sB4EnP593GbQi66,Nolan Porter,37,https://i.scdn.co/image/ab67616d0000b2737c383d6f3abc16826eef5179,northern soul,R&B/Soul
1YRGQOk4Mk9EpM6nTJhXtK,Daedelus,35,https://i.scdn.co/image/ab6761610000e5ebdaf99f05ea3d60fac53acacf,idm,Ambient & Experimental Electronic
1sxHktPJdyFPooHAQteL9k,Din,8,https://i.scdn.co/image/9a6303d87089dc6275e92e40b68198f8a721dc58,Pop,Pop
1Q5alKemDVeSVcK35G8NAm,Harry J Allstars,38,https://i.scdn.co/image/ab67616d0000b273ed5ab72f1936b892dd84cfc5,rocksteady,Reggae/Caribbean
5zoRUFpHFVDyYfWqUB0p7H,Souldynamic,22,https://i.scdn.co/image/ab6761610000e5eb7a9ec266d0093185034d8aa0,Electronic,House & EDM
3E7NxReR3vC125lN74picI,Johannes Heil,26,https://i.scdn.co/image/ab67616d0000b273469cfa00b4fb0bfa33d9d44f,techno,Techno & Trance
50iEISE8vvc4JChPJhx72u,Teddy Chisi,11,https://i.scdn.co/image/ab67616d0000b273993b89ed1fe34b13c23d38a1,Rock,Rock
36CTt0jf6A3huRPr0lupzP,Skipinnish,44,https://i.scdn.co/image/ab6761610000e5eb14ad30c02be6d1091c940eb2,celtic,Folk/Acoustic
0vTVU0KH0CVzijsoKGsTPl,Barry Can't Swim,66,https://i.scdn.co/image/ab6761610000e5ebef1983b696cf87738bee1ba0,jazz house,House & EDM
4CMC2nnStv4EENjKBSDpKR,Christina Vantzou,29,https://i.scdn.co/image/ab6761610000e5eb52a152e1ac4813b5abc4db07,drone,Ambient & Experimental Electronic
1hgSRynh0eJx0oaiJDyDCb,Fistfunk,3,https://i.scdn.co/image/ab67616d0000b2738a508ce767c04ca47196738e,rap metal,Metal
4YcZ1IyKQ4egHqSNVoZbKT,Eric Sneo,26,https://i.scdn.co/image/ab6761610000e5eba82e73ba1d6acdc8ad0d551a,techno,Techno & Trance
74K7bX12L8GBAWvPuyIgJ7,Embrace,47,https://i.scdn.co/image/ab6761610000e5eb6d1b1fdb2b371f22d7444420,britpop,Rock
5v4XGACPGcMZs2ANXBzVmC,Liz Lawrence,39,https://i.scdn.co/image/ab6761610000e5eb058e19983cc7fc8acadb7e90,lo-fi indie,Alternative/Indie
6QtdwqSCN5B4wvBoHaNwTx,The Country Gentlemen,34,https://i.scdn.co/image/ab67616d0000b2738a44775f0cc7a09ca8dcd417,bluegrass,Country/Americana
3a4IiCnFeozUcEPbCREbII,Gnoomes,13,https://i.scdn.co/image/ab6761610000e5eb69a93a64281f8372317b3857,shoegaze,Alternative/Indie
7Ga404k4zEweLxPtX0Ghma,Marian McPartland,32,https://i.scdn.co/image/bf3640a200f98d3bc2f111fced9a0672faa8652f,jazz,Jazz
7drCdui88p1k77D55GBMYu,Forrest City Joe & His Three Aces,0,,country blues,Blues
680a4iDO5tGb0Mb3IIcrVz,Laura Groves,33,https://i.scdn.co/image/ab6761610000e5eb6b7d55e38d34b347e17a69fa,Rock,Rock
35C0NSLogAwImm8HAMqEmG,Black Lips,46,https://i.scdn.co/image/ab6761610000e5eb304176652bb8882d255312d9,garage rock,Rock
338mC0yGyX0C9of8QMJ5hK,Gene Ammons,49,https://i.scdn.co/image/4dd5f19e9a4e051d8b08dd5f262635f2d7542b5d,jazz,Jazz
5RNFFojXkPRmlJZIwXeKQC,Bryan Ferry,62,https://i.scdn.co/image/ab6761610000e5ebdf091b136d3911958c29edae,glam rock,Rock
0mvTBNG2hAuAEzUVgTYpQ2,Charmian Carr,55,,musicals,Unlisted
3fJ60AcIgLzQkVitEvA7uq,Pete Rock & C.L. Smooth,49,https://i.scdn.co/image/f206b28b49faedc145f993eec554cb03055f7fd8,east coast hip hop,Hip Hop/Rap
3rZkwvVkWE5aKkxxP7EQxd,Agrande,0,https://i.scdn.co/image/ab67616d0000b273808cb1eec4914bc94cca519c,progressive house,House & EDM
7FbwfcufReYcTNj2ut58gu,Umwelt,20,https://i.scdn.co/image/ab6761610000e5eb82f88a0ee0277e67c5b8ba27,acid techno,Techno & Trance
0kubuLkzJufVBMoZCC5v2T,Gremlinz,16,https://i.scdn.co/image/ab6761610000e5eb0b49c7b08c65548fbdc41450,jungle,Bass Music
08mYbmfToa6QYre5uNZYJR,Wax Doctor,32,https://i.scdn.co/image/ab6761610000e5eb4af6c2014987432a472b158b,jungle,Bass Music
3O6SFPGCWeXe7B02fHQAjz,Jerry Bryant,36,https://i.scdn.co/image/ab67616d0000b2736b437b1c3dace45a837dea28,sea shanties,Folk/Acoustic
6gAtOqhriLzOzb3Qqmg5kO,Volcano Choir,40,https://i.scdn.co/image/cc8b1511db745afca2bddc48cc775224244290ef,indie folk,Folk/Acoustic
2gR0iQTVBPHDKiNn1Kq8HI,Ebo Taylor,46,https://i.scdn.co/image/ab6761610000e5ebfbd882dd80b0d6cd021ffcfd,highlife,World/Traditional
1pf3joSSGlPRxmUoWSsh1W,Finley Quaye,46,https://i.scdn.co/image/ab6761610000e5ebec1c9bc007ef5af8cbda8dc9,Funk / Soul,Funk/Disco
4dZjJJLy0ZKzAefeAWyI6R,Bionix,5,https://i.scdn.co/image/ab6761610000e5ebd1a33dfa1e10bcdf7a9ba715,psytrance,Techno & Trance
59rtWkULQSK88glmukVtjA,Chance McCoy & The Appalachian String Band,31,https://i.scdn.co/image/ab6761610000e5eb6eda85d88ce91613acddec0e,bluegrass,Country/Americana
1qxDhjTatsIGuMVF3LMAOX,Cromby,25,https://i.scdn.co/image/ab6761610000e5ebaf71338877f1ddbd83db88b2,acid house,House & EDM
3Os2NHPOwJ3559grrBt2j3,The Tammys,19,https://i.scdn.co/image/bd7aece37bc3343eca474a18c1133c21b29f37aa,proto-punk,Punk/Hardcore
4t0c0aHoabuLfz1b4nT1If,White Noise,21,https://i.scdn.co/image/ab67616d0000b27366ccf0cab8bd89c0fd69c314,experimental,Ambient & Experimental Electronic
2QX0SpKMsDrLa2qM15KcDf,Arkus P.,15,https://i.scdn.co/image/ab67616d0000b273302afb4c6c3070b90d4a8aae,hard techno,Techno & Trance
20v3nhzoeaO2WvDSCdY0f4,First Choice,37,https://i.scdn.co/image/ab67616d0000b2730179e31dada5056ec69fde6a,philly soul,R&B/Soul
0yUqUlV2ICE1vpqhkLrdmf,James Lindsay & the Mountain Ramblers,0,,traditional folk,Folk/Acoustic
5Znb6NCOOTyI445iuPjwKe,Calvin Keys,18,https://i.scdn.co/image/ab6772690000c46cfa6bec51db83403e2aff4f24,soul jazz,Jazz
6r1Xmz7YUD4z0VRUoGm8XN,Leon Russell,50,https://i.scdn.co/image/803611243fd0decfaf6ac4c0ff4864fc04754c47,outlaw country,Country/Americana
1tfXh4XxILEuMU2qZupFn8,Firefall,50,https://i.scdn.co/image/ab6761610000e5eb30adcaa6c2679f09255fffa6,yacht rock,Rock
3O4xHzuHaiM4UVNlSd44xK,Burn In Noise,38,https://i.scdn.co/image/ab6761610000e5eb4c228894776463a6a9227b60,psytrance,Techno & Trance
2BLpGstUHxDc6vHfBEiaXm,The Move,33,https://i.scdn.co/image/6dcdbfeca1feffaace11ac40db5f800c7a51addc,glam rock,Rock
6KBbbE4QVlVQwFNIXrD8hF,Uto Karem,39,https://i.scdn.co/image/ab6761610000e5ebaeb87a433c4224f606882d60,minimal techno,Techno & Trance
6LrVvnuJQLN3IcpXN6BObi,Gooooose,7,https://i.scdn.co/image/ab67616d0000b273c47a92bc5b16969534586d93,chinese indie,Alternative/Indie
3qL4moFMePG5zA87tLcCOM,Billy J. Kramer,37,https://i.scdn.co/image/ab6761610000e5eba6fcd2c8c28f83f535dd1237,Rock,Rock
2kreKea2n96dXjcyAU9j5N,The Pointer Sisters,64,https://i.scdn.co/image/ab6772690000c46c8c57ac844d8c2170149462e3,disco,Funk/Disco
0a63dfrxBQKqh160P8iUNL,Country Joe & The Fish,37,https://i.scdn.co/image/b2e3a58983247c8afde732ec825f38ad1d492102,psychedelic rock,Rock
0PEkaVg8lE6xSDwcnnOXnG,Salty Dick,21,https://i.scdn.co/image/ab67616d0000b273294c196fa4e3afbbcca3bd04,sea shanties,Folk/Acoustic
11JxhpXpF2NkGjPsYoyv92,Map Of Africa,16,,Electronic,House & EDM
2hWD9jbxq2spqxPTuNyuVN,Johnnie Frierson,25,https://i.scdn.co/image/088edf71411edc50e7bcfdd7eb6280944eb2aa67,"Folk, World, & Country",Folk/Acoustic
3R40AsTdJfrb2Tjma0IKKF,Fapy Lafertin Quintet,19,https://i.scdn.co/image/ab67616d0000b273ad8ce493cd4d30c311c94d62,french jazz,Jazz
50oLNc8Bq2NmKzqTKiyLHd,Eddy Duchin & His Orchestra,10,https://i.scdn.co/image/ab67616d0000b2733db801c8caecafd9a566ce9b,Jazz,Jazz
3OoNpyvA82LedOZWG3WE8Z,Coeo,51,https://i.scdn.co/image/ab6761610000e5eb85118f06dd2d5f75e83148f6,jazz house,House & EDM
0elA30wLp3RmiPaGtU2jhQ,Mississippi Fred McDowell,37,https://i.scdn.co/image/f6d2990c29a2723a3a58593575a2b27f2a56690d,blues,Blues
4r5lB44cSZOqpgx7i9iHUc,Rob Galbraith,30,https://i.scdn.co/image/ab6761610000e5eba8a3bd5f63669f2c62da1c68,yacht rock,Rock
3I6e2ZqqoxQhXc9z7Tp5ci,Rising Appalachia,51,https://i.scdn.co/image/ab6761610000e5ebf03a3cde57255d485be8808b,southern gothic,country/Americana
0cQuYRSzlItquYxsQKDvVc,The Guess Who,57,https://i.scdn.co/image/ab6761610000e5ebec6d4add2eed2df5cb18d909,classic rock,Rock
2PjgZkwAEk7UTin4jP6HLP,Lionel Hampton,43,https://i.scdn.co/image/6c23299f06383774cea8f69fc64dda68f7d3bbf4,swing music,Jazz
4wxfp3hyKEu72DeU3Xoybf,Djantrix,27,https://i.scdn.co/image/ab6761610000e5ebbbc74ecd54fe9b755682cbff,psytrance,Techno & Trance
12fRdeKejG8BBzybGf0ygk,Terry Reid,41,https://i.scdn.co/image/d872adc31eec3dd5705d9b6a04eafebd49cb0113,Rock,Rock
06kr5yNAM2rOf4DXemM8fl,Matt Monro,58,https://i.scdn.co/image/9287eed2acb001e30e18d7a8cd515e8f0d0a6277,easy listening,Pop
4JHlHSUko0ivu6fXYT8J2q,Helen Merrill,38,https://i.scdn.co/image/2fbd901475cbd3b4eef48fa7475cc01a385e612b,vocal jazz,Jazz
56tggwKsz5OqCDf1i0Str9,Red Foley,37,https://i.scdn.co/image/ab67616d0000b273e620e5a233c1fb08e5da43fd,classic country,Country/Americana
06nevPmNVfWUXyZkccahL8,Gregory Porter,60,https://i.scdn.co/image/ab6761610000e5eb05a870004c9b9358e1499ba7,vocal jazz,Jazz
2Zy9Ltp7QvckFHwk09KaYR,2 Bad Mice,22,https://i.scdn.co/image/ab67616d0000b27347f829c1ae69414afbe98887,jungle,Bass Music
60iO2Q2Y86BXH2slA0u73N,Magic Shoppe,41,https://i.scdn.co/image/ab6761610000e5eb4896b427bdca387b37fe3924,neo-psychedelic,Rock
3pMZZzAKwSIftJmwtEx56W,SCALER,28,https://i.scdn.co/image/ab6761610000e5eb7fd8f4fa443bb762f2e07dbb,neo-psychedelic,Rock
2TATWDRPSlK3gyTFSo95cM,Killawatt,0,,Electronic,House & EDM
09L3cUdx0hq6qn5bKuJJ4I,Herb Alpert & The Tijuana Brass,57,https://i.scdn.co/image/b7d355997334ec3352bcbf03dabc903eec812a46,adult standards,Pop
1kQP1Xg6Q8bmdjXAirDQKG,Roméo Poirier,25,https://i.scdn.co/image/ab6761610000e5eb42c56fe07c598033432eb94c,ambient,Ambient & Experimental Electronic
4vNQY9dqHGNTP3VLJonsHU,Al Barry,33,https://i.scdn.co/image/ab67616d0000b2731201c9bbee28c4aed57f7137,rocksteady,Reggae/Caribbean
2mLA48B366zkELXYx7hcDN,Peggy Gou,67,https://i.scdn.co/image/ab6761610000e5ebffbd43b1e54eb09a8c824f53,Electronic,House & EDM
6un6trkuuP46AZM0kkY8Yx,Rian Treanor,21,https://i.scdn.co/image/d930424be4eaa2c8c284f8c50aee20e61c7ef917,idm,Ambient & Experimental Electronic
4BscBE6XCuJCR1ceYuqELH,The Boss,42,https://i.scdn.co/image/ab6761610000e5eb27bda4c0b858ec20b607bdc5,pinoy rock,Rock
2H7Cb9prDGBHL5aeJWIhsl,Natalie Bang Bang,1,https://i.scdn.co/image/ab67616d0000b273002eae0b359d797a24a173da,Rock,Rock
7epIIT85VR8OEggqKO3RSt,Natural Child,43,https://i.scdn.co/image/ab6761610000e5eb35edf8af7fcb6402073197b6,neo-psychedelic,Rock
7y70dch6JuuuNnwlsOQvwW,Nitty Gritty Dirt Band,63,https://i.scdn.co/image/ab6761610000e5ebaafa59a70d44b77d41b5fd50,bluegrass,Country/Americana
2RpHsROrX075xfIwHn6B2U,Chris de Burgh,64,https://i.scdn.co/image/ab6761610000e5eb6dc7b79aead8085199d75560,soft rock,Rock
68RJ1StfZRXnq8LuvVPu83,Jedi Knights,4,,idm,Ambient & Experimental Electronic
6HB1MchEEMg40EisSJuenZ,Betty Carter,46,https://i.scdn.co/image/2aaf4ed1878d05045a8d654e5c698142274bb7a5,vocal jazz,Jazz
7u4JmAlt5Klztb3bg5pO4C,Megabyte,5,https://i.scdn.co/image/ab67616d0000b273087df82041c6af2e605ec3c8,krautrock,Alternative/Indie
1lqeOtFoEHyRGR9QoRJpEz,Ametsub,19,https://i.scdn.co/image/ab6761610000e5eb834cd94c3173964a1cdf1791,idm,Ambient & Experimental Electronic
7kwcin6f7eYIvo6hG3GEn4,Wayne Smith,32,https://i.scdn.co/image/ab6761610000e5eb1862490fccf2b98844d9c3db,reggae,Reggae/Caribbean
7HvQfRNJCvPXTVirKKB0Nn,Moondog,45,https://i.scdn.co/image/7c565292220b3d156d0b3b20fb5cfd1819f04f15,avant-garde,Ambient & Experimental Electronic
5BcZ22XONcRoLhTbZRuME1,The Moody Blues,60,https://i.scdn.co/image/ab6761610000e5eb8beccf59fd551fff989deae1,progressive rock,Rock
3pOnPfJ9MReuu20YnLFRej,J-E-T-S,22,https://i.scdn.co/image/ab6761610000e5eb329680159e48f02c575e7013,Electronic,House & EDM
4qczpAvtGm4OU2Jz2cXPWq,Salah Ragab,24,https://i.scdn.co/image/ab67616d0000b2732808aaa3934b83d359a6bf22,ethiopian jazz,Unlisted
64LDiTboDiTgyJOcDHi0LJ,JW Ridley,3,https://i.scdn.co/image/ab67616d0000b27314d6c0aece8f6b0941fd1fbd,Rock,Rock
25L7U77b5R5fO5pRjDP1Cj,Avision,29,https://i.scdn.co/image/ab6761610000e5eb20ac632738019bb5a61de1ea,techno,Techno & Trance
2BTZIqw0ntH9MvilQ3ewNY,Cyndi Lauper,74,https://i.scdn.co/image/ab6761610000e5eb3d35f86de303b2408a648538,Electronic,House & EDM
0uuWKORLosOJB3L6D7zplX,THE GOA EXPRESS,18,https://i.scdn.co/image/ab6761610000e5eb881d3b5bb69e2f6f07b380d3,Rock,Rock
6gCwR8CCL5jkaCNcmw26rI,Triptides,33,https://i.scdn.co/image/ab6761610000e5eb6208d4ccc20330bc03bdf1cc,neo-psychedelic,Rock
0UYzG03DK6Tz6J6CzIz7dy,Kmyle,15,https://i.scdn.co/image/ab6761610000e5ebf1c8eb34880e69d73babc4f5,techno,Techno & Trance
04LIHk1SobiQwt2tlupoAV,Leo Sayer,62,https://i.scdn.co/image/ab6761610000e5eb52965ac1a8fc217e568a2a71,soft rock,Rock
5vACdMa2kY7jHnlJwqYRKP,Enrico Pieranunzi,43,https://i.scdn.co/image/ab6761610000e5eb2ff5959377d31c223bfcaa2f,jazz,Jazz
76JwlkXcpyVuS3H6hUKUYy,Grey Fields,0,https://i.scdn.co/image/ab6761610000e5ebda7a8638ae7119aab996623f,,Unlisted
4Ajgo7nAsTzjSFymIfBjZ1,The Felice Brothers,43,https://i.scdn.co/image/ab6761610000e5eb9a7482d55f535bfe31fd2498,americana,Country/Americana
6dYrdRlNZSKaVxYg5IrvCH,The KLF,46,https://i.scdn.co/image/ab6761610000e5eba950aa62d0feee6eaebe17d6,acid house,House & EDM
6dgwEwnK0YtDfS9XhRwBTG,Broken Bells,56,https://i.scdn.co/image/ab6761610000e5ebcafd2875af0609eed7b8422e,Rock,Rock
5Yc3oYPNlABAj17eZiNJqf,John Pizzarelli,37,https://i.scdn.co/image/ab6761610000e5eb38efe658303c2e3126055fa6,vocal jazz,Jazz
7onsqSWPufMm5ZnUCECDpf,Joseph Capriati,39,https://i.scdn.co/image/ab6761610000e5ebb0c599898e2275df19b778de,techno,Techno & Trance
5hC5nTrudX1Epazg9rusD9,Boris,8,https://i.scdn.co/image/e050ee0e1790198e9aa64bf4bbec32004c72b195,acid house,House & EDM
7CQ5jMPSOl75LWm04fshav,JKS,28,https://i.scdn.co/image/ab6761610000e5eb1357a1680f4b7c0bdcb1f663,acid techno,Techno & Trance
6bxYUbMVzrPTOmzwey8Hgh,Boxed In,37,https://i.scdn.co/image/ab6761610000e5eb2f3dc0f681fa3c16eeb41a39,Rock,Rock
2AEEnr6Le5zHzBwpnlZSmq,Emma Bunton,43,https://i.scdn.co/image/ab6761610000e5ebe30415da9c9ebcad7b968efc,Electronic,House & EDM
6Lt3HS8R2v8Q4G7ZkUWa8R,Syd Barrett,39,https://i.scdn.co/image/f0cded2845369a436adb00b24c85d02b867d0f45,psychedelic rock,Rock
1U9VJ1tPataidARB8IBkAk,Valentino Mora,21,https://i.scdn.co/image/ab6761610000e5ebf02c175692a18755b8a2f2e2,dub techno,Techno & Trance
168dgYui7ExaU612eooDF1,Brand New,60,https://i.scdn.co/image/ab6761610000e5eb4d709a7f0c971c81aeeb6e75,emo,Punk/Hardcore
3jAdN6k0KlW1X48AUizxn4,Drew McDowall,23,https://i.scdn.co/image/ab6761610000e5ebd9fc9bb9537160f6b4d94f33,experimental,Ambient & Experimental Electronic
2C85gYr0z8Id8SMuaa3izF,Wax Worx,2,https://i.scdn.co/image/ab6761610000e5ebc95d3c8d78bf380a960b28b2,tech house,House & EDM
3koiLjNrgRTNbOwViDipeA,Marvin Gaye,76,https://i.scdn.co/image/cf79bd3e5c787e2ec152eeb1ea5538b0d4cf1434,motown,R&B/Soul
5eUda4BaWhUQWWJiP1ml5v,Sorry,45,https://i.scdn.co/image/ab6761610000e5eb9db517d38a22427195de7103,Rock,Rock
1HX7ovHKJG8M8cUoSvH6UB,dOP,33,https://i.scdn.co/image/ab6761610000e5ebe1551897789fc36dd95ee7c3,Hip Hop,Hip Hop/Rap
0JHvODQe3KnriRMPuZPNL6,BAMBARA,33,https://i.scdn.co/image/ab6761610000e5eb4a1d5a1e675ab0e0d1f29341,post-punk,Rock
37j7tcvJMvkQiDBPnHHanF,Happa,10,https://i.scdn.co/image/ab6761610000e5eb8b381db6ea78e135ea5f6b84,uk funky,Bass Music
2WrVwQi8ez2O1Ds5Q7hLXa,Fyfe Dangerfield,25,https://i.scdn.co/image/ab6761610000e5ebff468a39be93062010ab0250,Rock,Rock
12LgviUQ9DbfYJJ9niDWRq,Walter Trout,45,https://i.scdn.co/image/ab6761610000e5eb45416dd79bb5b95d37e65ee7,blues,Blues
03G0pJHLHj7FRuCV5OYzpv,The Fiery Furnaces,27,https://i.scdn.co/image/ab6761610000e5eb3f76f9a2e3f27e152dea5f51,art pop,Pop
3csPCeXsj2wezyvkRFzvmV,Orbital,52,https://i.scdn.co/image/ab6761610000e5ebd5143e239460a4d3c722ffab,idm,Ambient & Experimental Electronic
6gMfkqulAoL5sIeLodjrif,Jac Berrocal,6,https://i.scdn.co/image/3d17863fa8e44753fda52a31e9fcd593724135de,krautrock,Alternative/Indie
65XcfOOaVxbZnNlz40DK7i,Windows 96,47,https://i.scdn.co/image/ab6761610000e5ebb094c0e2fac2c25cb4838263,vaporwave,Ambient & Experimental Electronic
0uDA9BcTnKIPpNcZX6ZY3x,Magic Slim,40,https://i.scdn.co/image/e5c45205ce8ce14352e8c1fa41cbcc6fd4cf132e,blues,Blues
5HHKeO04SOcxUxjruFXf5l,Bryce Dessner,49,https://i.scdn.co/image/ab6761610000e5eb7e18f4b4893538ed49900632,Stage & Screen,Soundtrack/Instrumental
7CIkQIdBUVT7ppXHLSbK3U,Karen Gwyer,5,https://i.scdn.co/image/030cdb778d4a7970d60c83e32913c9f9e895e695,lo-fi house,House & EDM
3KOHpygRuo1ruQAbEneR3t,George FitzGerald,51,https://i.scdn.co/image/ab6761610000e5eb4bfeba697eaaa18b2edad8f0,Electronic,House & EDM
7GXl7JNlpliaLZhSVRLQKu,Mr. Lee,27,https://i.scdn.co/image/ab67616d0000b273b57a7f60feb6ffc7533f8dfa,chicago house,House & EDM
6U7MOIhacysUEnfJ41WfhC,Nathan Micay,36,https://i.scdn.co/image/ab6761610000e5ebe4ffe2d9dccd6a18f5e4ef7b,Electronic,House & EDM
1HQEVO4UcNxifjZU4KfyXP,Rudy Vallee,31,https://i.scdn.co/image/ab67616d0000b273dcfe3a54003902fd9f150ac9,ragtime,Jazz
5kzle4unDPexVNaq673MOr,DJ Rome,0,,footwork,Bass Music
1pnPHRg5i0WzPwGqtIoadK,Tin Man,21,https://i.scdn.co/image/ab6761610000e5ebaab884b4ca31d851a62fa5c8,acid techno,Techno & Trance
3HCpwNmFp2rvjkdjTs4uxs,Kyuss,54,https://i.scdn.co/image/2622eb2ecb8e4681e873ebcb7b113cedbe2da8d0,stoner rock,Rock
6ysQi6NI88X627t2srsWz6,Mott The Hoople,47,https://i.scdn.co/image/130b5d335ec440db3d2efce781ab3882c87a0781,glam rock,Rock
7Lf3LOZp3U3u2f6cWMd3AH,Paul Weller,55,https://i.scdn.co/image/ab6761610000e5eb1cd39d1434a0b1689db06193,britpop,Rock
5jh8Bu4TjUGzixND0q0mGL,Nihiloxica,18,https://i.scdn.co/image/ab6761610000e5ebd67d187c4151fb8766751823,singeli,World/Traditional
4qLV9FR6ZVLS6W8drD78hM,Marcia Griffiths,49,https://i.scdn.co/image/d8bb4c50b7545c999e1b03a5b724272b4d4314e5,rocksteady,Reggae/Caribbean
7GAVaUjGKywXZaUznokYZ0,Travel Agency,5,https://i.scdn.co/image/ab67616d0000b273012ed7181d4e9c43934f95e2,psychedelic rock,Rock
4EF5vIcCYKMM61oYOG2Tqa,ESG,41,https://i.scdn.co/image/bc69899a0130abfbd16adff2c10ee36ca1fe5358,post-punk,Rock
46Unp6DY3Zmy7QS1Fx47yq,Hank Locklin,40,https://i.scdn.co/image/062bd42b66cc5ea712126327e4c1b0d166f7e0fd,classic country,Country/Americana
19MVxKZZdPj2X0F8pi0OCT,Sukhwinder Singh,72,https://i.scdn.co/image/ab6761610000e5ebc89e803f887e3829819bf82a,bollywood,Soundtrack/Instrumental
4lu50np3LdTkRL09T7x8UP,Agoria,49,https://i.scdn.co/image/ab6761610000e5eb0ad36001585e5132373701a5,minimal techno,Techno & Trance
7cKtqv9cYVlOwnuCFH95ce,The The,54,https://i.scdn.co/image/ab6761610000e5ebf7141fa845d562afdc8cfab9,new wave,Pop
5CYufVewxttO8nSmYd9uNM,Carl Gari,12,https://i.scdn.co/image/ab67616d0000b2737fda59ed3a34bcf8e4be99fa,experimental,Ambient & Experimental Electronic
3pO5VjZ4wOHCMBXOvbMISG,Antônio Carlos Jobim,71,https://i.scdn.co/image/25438d99922a46a53792e1496b31159ad386806a,bossa nova,Latin
3pAxHOmaTLiUnC9WoXdsyN,Craven Faults,26,https://i.scdn.co/image/ab6761610000e5eb695507f783fcd034ad5ba3af,krautrock,Alternative/Indie
4ag0DoSIYFW0SgSYC7E8g0,Family Sex,0,,Electronic,House & EDM
0Ob1aTizyy4v8E8S8b3GBn,Connan Mockasins,0,,Rock,Rock
3gY33YyX0dYgugN0Smz35w,Reckonwrong,6,https://i.scdn.co/image/0097031671555b8df057e72cf2d152ae79af5115,Electronic,House & EDM
6FfTOJJ5iO4tRG80MG5Ovj,Isolée,29,https://i.scdn.co/image/ab6761610000e5ebb79b88f9ff71ac1838be6f57,idm,Ambient & Experimental Electronic
0UmBaQJflaHddKtf1lrA6F,Dennis Brown,54,https://i.scdn.co/image/ab6761610000e5eb8240d5b7cb894d3fbb8c31f0,lovers rock,Reggae/Caribbean
21xuoAcyt3fBIJfDjX22n9,Amadeezy,27,https://i.scdn.co/image/ab6761610000e5eb27547284884d0fe65f4227a3,miami bass,Hip Hop/Rap
5Lel5d14oFwC4XbKDv2AKW,Hallucinogen,31,https://i.scdn.co/image/ab6761610000e5ebfbf99fe0c8ecfbb8d1716f53,psytrance,Techno & Trance
0oBsnAC3fzYkTHF3bkfNx6,Phony Ppl,46,https://i.scdn.co/image/ab6761610000e5ebb658dcfdfcaf59488eabcdc2,indie soul,R&B/Soul
5YQURNvswNpWWUWyeNT7we,Felicia Atkinson,26,https://i.scdn.co/image/ab6761610000e5eb40e28f68163e8fdb8027e9dd,experimental,Ambient & Experimental Electronic
1BQtFnxZvAvTCZgTMlED0Q,Red Snapper,34,https://i.scdn.co/image/ab6761610000e5eb4e20e73a386b8bbd988054f3,trip hop,Ambient & Experimental Electronic
4CSwaQor1zOIE81NFCWHTD,Boua Xou Mua,1,https://i.scdn.co/image/ab67616d0000b27349f053f35bf54f37f59099ba,traditional music,Unlisted
4znPt0HV6Ik0iR8sR4GAJE,Ulrich Schnauss,40,https://i.scdn.co/image/ab6772690000c46c27390f98b006101fba94af0b,idm,Ambient & Experimental Electronic
0bUWa3lF2u3S1j1JOVZsdA,Long Arm,27,https://i.scdn.co/image/ab6761610000e5eb7527dd22c57afeeff5d8105a,trip hop,Ambient & Experimental Electronic
5TUTGRG0FlRoYTZ4GEdOVO,Johnny Osbourne,47,https://i.scdn.co/image/ab6761610000e5eba5c39c5b993a536408aca54c,roots reggae,Reggae/Caribbean
5CzlICF8GCY0pRC82MKrhX,Labi Siffre,60,https://i.scdn.co/image/ab6761610000e5ebbac42447a71cc398fad2efac,Funk / Soul,Funk/Disco
7adlRX57hqe6Pc4YHrSGG0,Runnner,43,https://i.scdn.co/image/ab6761610000e5ebe45f640d541c8fd86d5d8a31,"Folk, World, & Country",Folk/Acoustic
5KlOanD5FKL6qWZ8auNVKQ,Auscultation,13,https://i.scdn.co/image/ab6772690000c46cb271be0ae6fc08983ec1d589,lo-fi house,House & EDM
7djT11AqtEBzdME1OGFfxL,Föllakzoid,24,https://i.scdn.co/image/ab6761610000e5ebd0fb01dabd035c4decd0007b,krautrock,Alternative/Indie
7wgPKDxDZAc6tnS19WwM8d,DJ Diamond,11,https://i.scdn.co/image/ab67616d0000b273a1e936ea2ef7d397704839a4,footwork,Bass Music
76ox7koAGPytUmTZGU6zWn,Earl King,31,https://i.scdn.co/image/ce39e01cd322252e738417ff2bd3619b030cbf27,new orleans bounce,Unlisted
3fiFznyE9dPhAnc8sERV9S,Tadeo,10,https://i.scdn.co/image/7bfed6d3fa6f9297687667abe0c799d8a65c12cd,techno,Techno & Trance
6NXwJ5CEziDQrfimLpr7gZ,Alessandro Alessandroni,45,https://i.scdn.co/image/ab6761610000e5eb7c7a5fa05a53cdce7a848344,exotica,Pop
6LObco8XNPRvibwCLlGDRQ,Steve Coleman and Five Elements,13,https://i.scdn.co/image/ab67616d0000b273bcfb6647aa2ee6b0f421f001,free jazz,Jazz
2t1RYRF9PjI2yxvKoHQg9c,Lucretio,11,https://i.scdn.co/image/ab67616d0000b27357f7c52fde2f68ba848d5530,lo-fi house,House & EDM
2QV3ajkOMEqVpdbM4ErO8k,Onirico,0,https://i.scdn.co/image/ab67616d0000b273ccb4ccb294dcb80c57f34139,Rock,Rock
0IVapwlnM3dEOiMsHXsghT,Nosaj Thing,49,https://i.scdn.co/image/ab6761610000e5eb497595ac7854de183fa18aad,idm,Ambient & Experimental Electronic
67PmHOmt1tveILUtasiYAf,B.T. Express,33,https://i.scdn.co/image/ab67616d0000b273ba26eb049d2d04f971ec0104,funk,Funk/Disco
2UQwwYBLBvtpGHTMYzTgHi,Chad & Jeremy,38,https://i.scdn.co/image/ece53a7bc36f98179ffcbb7ce6af4b5e540c59e9,baroque pop,Pop
3pZ666b6CyO1KGpVYirY0t,Screaming Females,37,https://i.scdn.co/image/ab6761610000e5eb7d61bfb46a794bc3d4575821,riot grrrl,Punk/Hardcore
79JJCxCCfJ8HufX6w8q2k4,Damien Jurado,50,https://i.scdn.co/image/ab6761610000e5ebb6ea42cf8874ff65fb7dfcdf,indie folk,Folk/Acoustic
4tdVYQWfsBth04tc1mmQ23,Lucky Millinder,28,https://i.scdn.co/image/ab67616d0000b27380ead561fcf4cfc26bee69f1,swing music,Jazz
1HY2Jd0NmPuamShAr6KMms,Lady Gaga,93,https://i.scdn.co/image/ab6761610000e5ebaadc18cac8d48124357c38e6,art pop,Pop
38mGXV1meeU3dz3HtO4toI,Simoncino,8,https://i.scdn.co/image/ab6761610000e5eba4426b1b7e02e77b2edc6754,chicago house,House & EDM
73TNAImtt021hntBpAxB4W,Earl Sixteen,31,https://i.scdn.co/image/ab6761610000e5eb34aaf621d557e586f92077b6,roots reggae,Reggae/Caribbean
1JkekbWlrILJDEwzpAFYUW,MaxM,0,https://i.scdn.co/image/ab67616d0000b2737a37c57a9f2a672f0033f13a,,Unlisted
5isqImG0rLfAgBJSPMEVXF,Blonde Redhead,51,https://i.scdn.co/image/ab6761610000e5eb6f63ec3b0dd0c229ed8459a9,shoegaze,Alternative/Indie
5UVeKRyD2EOSsARHXrWaAF,Samuli Kemppi,7,https://i.scdn.co/image/ab6761610000e5eb84496aa2f54a7a656989d2f0,minimal techno,Techno & Trance
1leko53QTKOGnNA3OiNKFT,Senses,1,https://i.scdn.co/image/ab67616d0000b273e1c2b6c56b5647cc6bf2d0f3,trance,Techno & Trance
2Sqr0DXoaYABbjBo9HaMkM,Sara Bareilles,66,https://i.scdn.co/image/ab6761610000e5eb0bae7cfd3b32b10154e0b8b3,Pop,Pop
3gC7LaZ8xY5nqYmeMGlx1o,Fracture & Neptune,0,,jungle,Bass Music
2VdYBOJ55CchyRRCGiZnL3,Doug Martsch,16,https://i.scdn.co/image/07c6bbdc3b9c7a3dbbd9d045abc0c02f4a381a49,surf rock,Rock
0xqZoTGy2DRcVGY0wiRyMN,The Lotus Eaters,0,https://i.scdn.co/image/8000852f2d165361229dd845d5a6013c7800b12f,Electronic,House & EDM
4LC4vkseYrSEDd6MjZvOO9,Lucrecia Dalt,41,https://i.scdn.co/image/ab6761610000e5eb6104418926fd1f7e2eeb9f1e,experimental,Ambient & Experimental Electronic
3dQkx1qvvxbaztrIztQeRL,Ratso,23,https://i.scdn.co/image/ab67616d0000b273b7bac595c5d6076e428685c5,Rock,Rock
36msvw9B10rxW90NSQ2794,Johnny Tillotson,48,https://i.scdn.co/image/ab6761610000e5eb6566c424564eaf56427fc636,doo-wop,R&B/Soul
7GaxyUddsPok8BuhxN6OUW,James Brown,66,https://i.scdn.co/image/ab6761610000e5eb158342aa8bb8a192c778f2a5,funk,Funk/Disco
09C0xjtosNAIXP36wTnWxd,Fats Domino,55,https://i.scdn.co/image/ab6761610000e5eb5305958de2ad389172f3cd78,rock and roll,Unlisted
1DGpHnPOpMYY780hcQHmPB,Hiroshi Yoshimura,48,https://i.scdn.co/image/ab6761610000e5eb03b8474dfe17c711b24e5775,ambient,Ambient & Experimental Electronic
3C4Ma6ujXcpDtisnx6RASG,P. Lion,44,https://i.scdn.co/image/ab6761610000e5eb212ce8a2b56564ad73e5bc49,italo disco,Unlisted
2CbeYAeoh6tWJhlJU3fI9c,Sandro Perri,22,https://i.scdn.co/image/ab6761610000e5eb808d482a594896b3b12ce428,Electronic,House & EDM
3EY5DxGdy7x4GelivOjS2Q,Connie Francis,66,https://i.scdn.co/image/8bdcb1cc65a0ca1d54018e308bd2471e9c4820ce,schlager,Pop
7ECGnAVeg7U3WRPMjpJa9n,Scotch,39,https://i.scdn.co/image/ab67616d0000b2731cc68e0cff52a48b337b89ec,italo disco,Unlisted
1mOEsXsZ4HHjiOhwwNzMHA,The Blue Vipers Of Brooklyn,24,https://i.scdn.co/image/ab67616d0000b273f0e1fa163413914859b229cc,swing music,Jazz
0Zt1X6eSDuttQS3JHIyCvZ,Manolo Escobar,48,https://i.scdn.co/image/ab6761610000e5eb6da0f8c22f564b85e3d8b3ed,villancicos,Classical/Orchestral
0p4nmQO2msCgU4IF37Wi3j,Avril Lavigne,79,https://i.scdn.co/image/ab6761610000e5ebcea575e8c9519d4367984256,Rock,Rock
0kEfub5RzlZOB2zGomqVSU,Gil Scott-Heron,51,https://i.scdn.co/image/68e093d4aec6cc8f0d00dbec6d441364c5a3b3b6,spoken word,Novelty/Spoken Word
7muWd1c4n68Zmksgtg0CT8,Gatekeeper,1,https://i.scdn.co/image/ab67616d0000b273b97b1896b2a514de491fe13e,dubstep,Bass Music
1tcgfoMTT1szjUeaikxRjA,Ryuichi Sakamoto,65,https://i.scdn.co/image/ab6761610000e5eb323c73cb431edf7ba9ed34b2,japanese classical,Classical/Orchestral
7fmKtIgmxqNEKjATioVNsu,Pat Boone,48,https://i.scdn.co/image/ab6761610000e5eb1d6bec189c1ca27f6ce699dc,adult standards,Pop
5AezOTggHnFTiQ5AiowFBf,Musumeci,37,https://i.scdn.co/image/ab6761610000e5eb6fc1689b347cfd84a7b8d1e3,indie dance,Unlisted
2GIms8u3bruipn5MOR5wcs,Kenny Wheeler,29,https://i.scdn.co/image/775696b67b1475b3e9d94e860c6d5deb2a48c662,jazz,Jazz
3kqYF4IwrAOEW0xuoRJrW9,Raheem the Dream,23,https://i.scdn.co/image/ab67616d0000b2732916047289c69139cd3cc63a,miami bass,Hip Hop/Rap
0O0lrN34wrcuBenkqlEDZe,The Psychedelic Furs,59,https://i.scdn.co/image/ab6761610000e5eb720ecd7bb4a9401fd5920523,new wave,Pop
7nwdEDnfgNpPhWQCXX3KSx,KH,34,https://i.scdn.co/image/ab6761610000e5ebbc0c69c07c97fb27383c2443,Rock,Rock
6wVVmu3MgTVHlrTe69ChzB,Sam McGee,17,https://i.scdn.co/image/ab67616d0000b273ddeaf47cddbc0acebc224c93,traditional country,Country/Americana
00OX175uYCsHJPLZOjNJqe,Ken Laszlo,48,https://i.scdn.co/image/ab6761610000e5eba05eb6e2d4a0a73ad4ca171e,italo disco,Unlisted
7Ht57YadlBXcFJDK3plmhO,The Microphones,49,https://i.scdn.co/image/ab6761610000e5eb1e572bef3fc2ed6ded8598cd,slowcore,Alternative/Indie
01wXJJ2iH73waMzLrINVY6,Rikhter,33,https://i.scdn.co/image/ab6761610000e5eb80a0bb8b90a5591f3db52231,hard techno,Techno & Trance
0xQu8dPPGy8LC2KVPa87CN,Siamese Cats,27,https://i.scdn.co/image/ab6761610000e5eb23f982831dfd1aba299c0142,japanese indie,Unlisted
5CyMmYYHMIfK9YYcKLXzO1,Gordon Goodwin's Big Phat Band,38,https://i.scdn.co/image/ab6761610000e5eb809bc4a065c83bff1913aed2,big band,Jazz
4AA474G2hRfrHyGrfyDseO,Mozzy,65,https://i.scdn.co/image/ab6761610000e5eb32adbe24a9697c362954b2fe,Hip Hop,Hip Hop/Rap
795yvukGj0UOfcP8uftDq9,Branford Marsalis Quartet,34,https://i.scdn.co/image/ab6761610000e5ebc40678818576d8a16f9c9e31,jazz,Jazz
1cLOY9H3pg2sw6rkYkWlZX,Paul Barbarin,10,https://i.scdn.co/image/ab67616d0000b273086bdfafe52a2d7b774ac462,ragtime,Jazz
2kuNswDC82PL9xRbfaZJaS,The Association,50,https://i.scdn.co/image/12b6e1639f825d48564b201aec846639bade25d8,baroque pop,Pop
6mMJS38TEles0rET0Q4ziz,Turbogeist,0,https://i.scdn.co/image/ab67616d0000b273d739b204192733c78be28328,Rock,Rock
6sqZoZxe9BQwk7Zxh6STfF,Kadhja Bonet,50,https://i.scdn.co/image/ab6761610000e5eb2a6e95fbaa72eea31aab5fdc,Funk / Soul,Funk/Disco
2q37Nw8NND2z1T1KU5XVfn,Christian Scott aTunde Adjuah,41,https://i.scdn.co/image/ab6761610000e5eb36d717e648ceaade8c9667f7,jazz,Jazz
266j9hfnayXOZhRRi0sTOu,Jeff Bridges,30,https://i.scdn.co/image/6ba9260e8f6546e3dce6c45c3e04c19374d05815,"Folk, World, & Country",Folk/Acoustic
7dbKeVkihtOifdiu7f3rUg,Lou Monte,38,https://i.scdn.co/image/ab67616d0000b273f0a64311563167d102b362d0,christmas,Jazz
24BTCheAiASn9HZKCJq4tY,Claude Speeed,7,https://i.scdn.co/image/ab6761610000e5ebe0941db44ad03978d3d61695,idm,Ambient & Experimental Electronic
4O71i7ke5iIBX6RNSFoZbS,trentemøller,49,https://i.scdn.co/image/ab6761610000e5eb9945ffb28d032cea141fc5c3,minimal techno,Techno & Trance
28ExwzUQsvgJooOI0X1mr3,Jay Rock,73,https://i.scdn.co/image/ab6761610000e5eb9c48431caf52a2d0f38433ff,Hip Hop,Hip Hop/Rap
0nfZWqBgezQiLDMwWUXaIV,No Moon,23,https://i.scdn.co/image/ab6761610000e5eb446ade7b8900d8a62d7f192e,breakbeat,Garage & Breaks
0wi4yTYlGtEnbGo4ltZTib,Shakin' Stevens,55,https://i.scdn.co/image/ab6761610000e5eb0cdda37cae32193ecc26fe02,christmas,Jazz
3q6vKi6feYO8Ag2BOlCQEd,Leo Richardson Quartet,0,,Jazz,Jazz
31iYRMOM5mUFDxPMMljOZ9,SONIKKU,37,https://i.scdn.co/image/ab6761610000e5ebe31ca06adac6ca859191b5ea,hyperpop,Pop
1c733CliZ5lPyy4Il3s21t,Conforce,15,https://i.scdn.co/image/ab6761610000e5ebaa208485f12e635b04af2237,dub techno,Techno & Trance
1Ma3pJzPIrAyYPNRkp3SUF,Ross from Friends,47,https://i.scdn.co/image/ab6761610000e5eb837ddd3bcfc37cc7ad7d1174,lo-fi house,House & EDM
67xyhWIvYQK5qr6b0gElst,Rae Morris,45,https://i.scdn.co/image/ab6761610000e5eb7c81f0538f0fa8a8704fb90d,art pop,Pop
762310PdDnwsDxAQxzQkfX,Depeche Mode,77,https://i.scdn.co/image/ab6761610000e5ebaff13c9484fdad590ccfb73c,new wave,Pop
3TBfn8PtXr42OrTPaoC3E8,The Futureheads,40,https://i.scdn.co/image/ab6761610000e5ebdc850d067e6bbfbb6409f69a,Rock,Rock
3ycxRkcZ67ALN3GQJ57Vig,Masego,71,https://i.scdn.co/image/ab6761610000e5eba12539a9a66ddf0b498d4d4a,Funk / Soul,Funk/Disco
2TImI3DW7o5MdRXJs4D37h,SOB X RBE,54,https://i.scdn.co/image/ab6761610000e5eb24e6f9ce2527f8241ee1947d,hyphy,Hip Hop/Rap
5r1bdqzhgRoHC3YcCV6N5a,The Darkness,60,https://i.scdn.co/image/ab6761610000e5eb23ad3dc93f4e2cad03f726be,glam metal,Metal
5l4nhyz8876RhgE2d18h65,Vasco Rossi,69,https://i.scdn.co/image/ab6761610000e5eb6236b31052ab6d32689cd143,italian singer-songwriter,Unlisted
10duXbKJkvdGK5RgktEnxV,Julie Byrne,39,https://i.scdn.co/image/ab6761610000e5eb40d999b8e6aa447f600ea915,ambient folk,Folk/Acoustic
3X4kL4NtRCFqr4knBIryWe,Cycle-One,13,https://i.scdn.co/image/ab67616d0000b2739f079decbbd77bdf7fad920b,jungle,Bass Music
40Zt6u0Ig5vXtrq0htgqvt,Frankie Lymon & The Teenagers,34,https://i.scdn.co/image/ab67616d0000b27316a312d3a18f48077f778a4c,doo-wop,R&B/Soul
4dwOIOkHXZtnSU2tOGY6mh,Villain Park,34,https://i.scdn.co/image/ab6761610000e5ebe125d0f752b8a0646194cd89,jazz rap,Hip Hop/Rap
0grPfzk6cTnzfQpxjLDPs0,Bing & Ruth,35,https://i.scdn.co/image/ab6761610000e5eb9cbe59a452764ca8b19643db,ambient,Ambient & Experimental Electronic
3BG0nwVh3Gc7cuT4XdsLtt,Joe Henderson,44,https://i.scdn.co/image/ab6761610000e5eb154583adeb99d03c555fd343,hard bop,Jazz
1GxkXlMwML1oSg5eLPiAz3,Michael Bublé,76,https://i.scdn.co/image/ab6761610000e5ebecf79fd5be85dabb0f489107,christmas,Jazz
70gvc4NvTwgBpEB1goYy8z,Stuart A. Staples,31,https://i.scdn.co/image/ab6761610000e5eb3aa66c1cd78014894d4ffea2,Rock,Rock
3cqIsBnzV3BabbPWKz8Txf,Mud,42,https://i.scdn.co/image/ab67616d0000b27379fb80e5cd7fbc8be0f08b9a,glam rock,Rock
3MKCzCnpzw3TjUYs2v7vDA,Pyotr Ilyich Tchaikovsky,72,https://i.scdn.co/image/9a7c31f43e22a95f6d3c57baf4f87a3a9d2b93e0,classical,Classical/Orchestral
75nC6MXUalYZSOd7OfNkwq,Tensnake,54,https://i.scdn.co/image/ab6761610000e5ebad995629b181da2fae4c167e,nu disco,Funk/Disco
5uh8Bhewltd8j0TLZjNImc,Lemon Jelly,44,https://i.scdn.co/image/ab67616d0000b273699c6d0199bad947d149164c,downtempo,Ambient & Experimental Electronic
0AEi1DK5ehyvkZzOUlqEVz,Tiger & Woods,29,https://i.scdn.co/image/ab6761610000e5eb0c1a6c1368b3619dd1baa9d0,nu disco,Funk/Disco
7GglMt7qjwotXy2qwR3FFD,Reflec,4,https://i.scdn.co/image/ab67616d0000b2734b1dfd92bb5865264652d4a6,acid techno,Techno & Trance
1CoZyIx7UvdxT5c8UkMzHd,Jorja Smith,75,https://i.scdn.co/image/ab6761610000e5eba6524d02e26778b0b99a33d5,Funk / Soul,Funk/Disco
67R8l2OLqGwA9V4BKllYQY,Skrapz,57,https://i.scdn.co/image/ab6761610000e5ebed0a2a70e3dce2cfb6666680,grime,Bass Music
1JCtFumetjuzJEnOTBanRC,Augie Rios,17,https://i.scdn.co/image/ab67616d0000b2736e6cc79bfee239bc4f6a8779,rockabilly,Rock
3w6zswp5THsSKYLICUbDTZ,Gabrielle Aplin,55,https://i.scdn.co/image/ab6761610000e5ebaac010f3b621faf4d8346ada,Pop,Pop
7cXMDkf45UtgRlxemP1I4o,Soul Capsule,20,,lo-fi house,House & EDM
2N8XkSGgBeH1VrFHxbarbz,Ahab,26,https://i.scdn.co/image/ab6761610000e5ebd703832bf1b415d25dd665a5,doom metal,Metal
6IiZemRMna678qNhiRkYI5,Bedouine,48,https://i.scdn.co/image/ab6761610000e5eba726f685330009f17e10613d,"Folk, World, & Country",Folk/Acoustic
41GBMTInlbb2bey1N6VAzV,Buck Owens & The Buckaroos,45,https://i.scdn.co/image/ab67616d0000b27388157c6ecfca856da17ec09d,classic country,Country/Americana
66CXWjxzNUsdJxJ2JdwvnR,Ariana Grande,94,https://i.scdn.co/image/ab6761610000e5eb6725802588d7dc1aba076ca5,pop,Pop
6vS2ujPvmxGZKiWGBFbokw,Mpathy (UK),0,https://i.scdn.co/image/ab67616d0000b2734f81ab58ee9cc8215f38e0ba,jungle,Bass Music
0PXZmqJE07mJxt5QUQQc5u,Jim Cosgrove,25,https://i.scdn.co/image/ab6761610000e5eb108db5389a83f09b79153ce1,children's music,Novelty/Spoken Word
46KGomcx6B13NuFgu6GNT6,Chico Hamilton Quintet,24,https://i.scdn.co/image/ab67616d0000b273fd9dc62c526192b2cab4b992,cool jazz,Jazz
5Pqx4mXYDGIDcg8E5FYjZ8,Carl Douglas,55,https://i.scdn.co/image/ab6761610000e5ebcea061a1aee40d93206e244c,Funk / Soul,Funk/Disco
0njtZIwcRIzBAQ67zuakkt,Dark Elf,16,https://i.scdn.co/image/ab67616d0000b273af43572de2eebcceac4a8104,psytrance,Techno & Trance
5sWHDYs0csV6RS48xBl0tH,Two Feet,71,https://i.scdn.co/image/ab6761610000e5eb279e4480311a68403f80d698,Electronic,House & EDM
7dr3cSEOIZ6tBrm4y1wsnr,Dr. Octagon,37,https://i.scdn.co/image/ab6761610000e5eb10e1beffbd04a9ccc3e3e7bb,experimental hip hop,Hip Hop/Rap
6NeSLvSvSDdcPAFOrZXt5N,Ian Astbury,31,https://i.scdn.co/image/240b740884f662e8bfcee4d88f865ff988ec57b8,Electronic,House & EDM
3CCu7y87f2RouffJEBLBcC,NTFO,30,https://i.scdn.co/image/ab6761610000e5eb2fc4d65ff565eaca34891252,deep house,House & EDM
4WoGga7UeRcmjD4ufif4nG,Tommy Dorsey,52,https://i.scdn.co/image/4367a220969549b7737db08c7e993306d6b8f1c9,big band,Jazz
2gyrzIEBDddx6GsW60DnW1,Denham Audio,46,https://i.scdn.co/image/ab6761610000e5eb86d897a9b28c470efdb3e638,breakbeat,Garage & Breaks
1C3aEfW34xkicZ5umNYdJM,Sharks,34,https://i.scdn.co/image/ab6761610000e5eb9d824ac9a139571531754e55,dubstep,Bass Music
30Gx9gTBuwqLsE642C3RAF,Sperrmüll,3,https://i.scdn.co/image/ab67616d0000b2733d7cdb58b26c12814b37097c,krautrock,Alternative/Indie
4JBXPj21sTqOZvgQurUJoP,Deepbass,22,https://i.scdn.co/image/ab6761610000e5eb5a956f142b7c3ac01be9f4f2,dub techno,Techno & Trance
3dE92yGWcrboP1kC5SWyqu,Todd Terry,64,https://i.scdn.co/image/ab6761610000e5ebf63b298ebe9513d6c7917fd9,chicago house,House & EDM
4HrCsxMRWFsSi8Vf0qBjK4,Silverbacks,16,https://i.scdn.co/image/ab6761610000e5eb7f5c9eb66f3f9d4f5c1aecf4,post-punk,Rock
1QEUzOmKdCmakEgcatckZd,Peaky Beats,12,https://i.scdn.co/image/ab67616d0000b273f922f7b0b20e9e41e33cafe6,uk garage,Garage & Breaks
1Knqr98gY1JxSElifR2aNW,Plant43,19,https://i.scdn.co/image/ab6761610000e5ebc069ce16e882d8a1ffa25655,idm,Ambient & Experimental Electronic
5pD33SUgX5GQ8NvqZ6IdeE,Darksoft,42,https://i.scdn.co/image/ab6761610000e5eb87277aa7605254bb99007945,dream pop,Alternative/Indie
10kGEgP8MxhlfeA2tMinsL,David Holmes,45,https://i.scdn.co/image/ab6761610000e5eb6679f843baa1f6f8cf92571a,trip hop,Ambient & Experimental Electronic
0Lpr5wXzWLtDWm1SjNbpPb,Todd Rundgren,58,https://i.scdn.co/image/ab6772690000c46cdecea50bc0ab048e84202186,yacht rock,Rock
7jrtCX0BKSn54uZA2bRYB0,Optometry,23,https://i.scdn.co/image/ab6761610000e5eb05e9dd628dc616c5e9c41a97,indie dance,Unlisted
20erF0KNl2867pn4Ma9FvV,Upwellings,27,https://i.scdn.co/image/ab6761610000e5ebdb379588a1e699a6f7205284,dub techno,Techno & Trance
42ckVhl96fQSAXsR2Gm1My,Paul Chambers Quintet,31,https://i.scdn.co/image/ab67616d0000b273642cdab5c0fe315b22b9723d,hard bop,Jazz
5h7J7833xI8THerzuRH0JQ,My Solid Ground,9,https://i.scdn.co/image/ab67616d0000b273131cd520659128fe913d177d,krautrock,Alternative/Indie
2gBFq1JYJ6fEwuxuXswy5d,Victor Polo,9,https://i.scdn.co/image/ab6761610000e5eb5cb29277f4cbbcaf9dad590c,minimal techno,Techno & Trance
1LEQApFGJj7Mh7JTugQ5y8,LA-4A,3,https://i.scdn.co/image/ab67616d0000b2731b52617092d38f771961c1a3,acid house,House & EDM
1CcEgi464SWZsKY5579u7z,Patrick Hernandez,60,https://i.scdn.co/image/ab6761610000e5eb196d286a89dcdde43b19af19,disco,Funk/Disco
3007hfCAMol0TIw5xhfSu4,Lee Perry & The Upsetters,28,https://i.scdn.co/image/ab67616d0000b273d4a3decda8e8997cf875ff0c,dub,Reggae/Caribbean
1AwO9pWEBSBoWdEZu28XDC,Eartha Kitt,52,https://i.scdn.co/image/ab6761610000e5ebfa589cdca77cfcd16bb576c1,christmas,Jazz
25z14Qw0e8uN0dIaWVe2Mk,Nestor Torres,28,https://i.scdn.co/image/ab6761610000e5eb9f081b399d81674e41e8734c,latin jazz,Jazz
5WFeN8vtX0TYqv0IYVbWZT,Fenton Robinson,45,https://i.scdn.co/image/f4e63290db30da00141a426d38fa9455948aac26,blues,Blues
7jmGjfkkVOjBdjf54YHhwg,Mance Lipscomb,21,https://i.scdn.co/image/6b3cace18d000477e3c0087b972e44cc064d325c,country blues,Blues
55qiaow2sDYtjqu1mwRua6,New Kids On The Block,57,https://i.scdn.co/image/ab6761610000e5ebafbfd2419f09f43d625c2a3e,Pop,Pop
7bOkvwxa2SjdbvMvNawSMZ,Westminster Choir,37,https://i.scdn.co/image/ab6761610000e5ebc4ec860c43864bce7ce0ffa6,choral,Classical/Orchestral
1ZZz2yW1AdLQjIsyYRWBqE,Adjust (BE),7,https://i.scdn.co/image/ab6761610000e5eb46ca39626b7dc96de8ff55e2,dub techno,Techno & Trance
69SzexVRRKFGpliMowL7ZZ,Garrett David,23,https://i.scdn.co/image/ab67616d0000b2731173ff8048d73fc11655865d,lo-fi house,House & EDM
1swEbnC4Eqkn2vXNWjoMLh,Faraò/Durham/Zunino,41,https://i.scdn.co/image/ab67616d0000b27321160766b3d45a51b8ee83fd,jazz,Jazz
4sQVPSDmfqIxG9W8o2EROX,Miles Davis Quartet,35,https://i.scdn.co/image/ab67616d0000b27364351626df25d938db9b9f2f,jazz,Jazz
1zJBFCev9UwOMcrZsLi2od,Lou Rawls,54,https://i.scdn.co/image/ab6761610000e5eb2b5fe134b2f32477d117a3e5,philly soul,R&B/Soul
1fbC8ATYVPUeFy2h5NOK8x,Nightbus,37,https://i.scdn.co/image/ab6761610000e5eb1f22a84e29ce7f03ee5ae9a2,Electronic,House & EDM
1FSHNjMiq1QijpQVkckuAy,Charlie Parker And His Orchestra,32,https://i.scdn.co/image/ab67616d0000b2737a016b30b7e1b749122b757c,bebop,Jazz
0ecmmSV0mVYAi7RohMTIuT,Tintern Abbey,11,https://i.scdn.co/image/ab67616d0000b273ee09a9f036dfee77d7f5cbe8,psychedelic rock,Rock
1WsMRWV5KEC2AxpYkeb2Cf,Phineas Newborn Jr.,30,https://i.scdn.co/image/ab67616d0000b273c3b77abaa8abe6ff3ba235ec,hard bop,Jazz
3SZBUeVJfGLUpAPNEQbBKk,Ryan Elliott,19,https://i.scdn.co/image/ab6761610000e5eb35496241829bf7be46da147b,dub techno,Techno & Trance
6tpd4iKhBI02ABzfPfR27z,Norwell,4,https://i.scdn.co/image/ab67616d0000b273299734dc2506fea2a25392c6,breakbeat,Garage & Breaks
5lwjOWuZSgq4IC4KvheTMc,Gianluca Petrella,23,https://i.scdn.co/image/ab6761610000e5eb7baf11522b81cb736afb5115,nu jazz,Jazz
1ViF5mdcW7pEn7md71YjOL,Kid Loco,49,https://i.scdn.co/image/ab6761610000e5ebf676d1951c22d098e96a8873,trip hop,Ambient & Experimental Electronic
6HEwyfK58Mq8FhKuJKooHE,59 Perlen,10,https://i.scdn.co/image/ab6761610000e5eb487e948685ed0a83ed35baf1,dub techno,Techno & Trance
1ZVACPeq7ccGCoUXwtafUU,KNEECAP,66,https://i.scdn.co/image/ab6761610000e5ebc07b6d26c0ae6faa9a90152f,Electronic,House & EDM
0f14r70OISSfJoyqYaHbgV,Anja Schneider,44,https://i.scdn.co/image/ab6761610000e5eb2ef09027b8bbadeff6266db1,minimal techno,Techno & Trance
0dvI5UOAa3FcQ78nmQYWbq,Dave Brubeck Trio,32,https://i.scdn.co/image/ab6761610000e5ebda15c81b4954be5bd84973e6,jazz,Jazz
5z5jrGRiONDfGvQydFriQh,British Lion,22,https://i.scdn.co/image/ab6761610000e5eb2fae320d3bfca6983119741a,Stage & Screen,Soundtrack/Instrumental
3mHW156q5j1Zh0rEgIijxG,Marcel Fengler,19,https://i.scdn.co/image/ab6761610000e5eb5d7de9b43aaaabddb57cf20d,minimal techno,Techno & Trance
3zxodnZ10PEbv27ixLeQdQ,Daniel Quién,46,https://i.scdn.co/image/ab6761610000e5eb29104ab09ed23c5533121ff8,mexican indie,Alternative/Indie
0jUzzv49Ke4m0qqcuudBsw,Ola Belle Reed,33,https://i.scdn.co/image/ab67616d0000b2735699146a1c28d1578b3fd98c,bluegrass,Country/Americana
2MRmwfhBUelExXfUECIV6D,A Surgeon,21,https://i.scdn.co/image/ab67616d0000b2730da3d44bae574c2bd22550ee,jungle,Bass Music
03r4iKL2g2442PT9n2UKsx,Beastie Boys,71,https://i.scdn.co/image/705bcd56dc5dbf9ebc578a3ba8094e6d622862c2,rap rock,Rock
0Te1NusV6mkAMJ1VAkzJiX,Kate Smith,26,https://i.scdn.co/image/ab67616d0000b273b2e4eb5b40e3bd56548bac29,christmas,Jazz
0yxNhvP50Hs7uacvrYSXse,bassywax,0,https://i.scdn.co/image/ab6761610000e5ebfa352761ba71286bdb476298,Electronic,House & EDM
3yEnArbNHyTCwMRvD9SBy4,Wolfmother,61,https://i.scdn.co/image/ab6761610000e5eb81029ef3e2c85c4b75f6bd6f,stoner rock,Rock
5aigDdW1JMwlIHdOgn8JG6,The Everywheres,40,https://i.scdn.co/image/ab6761610000e5eb1e4590a2e51c4f72a7476968,neo-psychedelic,Rock
4LDGZjp3cypYdZrsgapDV2,Naibu,27,https://i.scdn.co/image/ab6761610000e5eb508134b12e05c8bb6eb91891,liquid funk,Bass Music
1Q33Sd9px79c7lWMbQXwxm,The Flying Stars Of Brooklyn NY,46,https://i.scdn.co/image/ab67616d0000b273922687b91900440fd1803d39,retro soul,R&B/Soul
1D9gvipi900QNpsgh679xb,The Viceroys,45,https://i.scdn.co/image/ab6761610000e5eb89c90f343366aee8fe3c4ac3,reggae,Reggae/Caribbean
5h7BKJSdnYnC7ciVgs3Mp0,Sandi Sheldon,21,,northern soul,R&B/Soul
3ThruzgFDRXO7rOL6LTG6B,BØHM,8,https://i.scdn.co/image/ab6761610000e5eb8bcd14d106f6bc8ace4a9d71,techno,Techno & Trance
3qm84nBOXUEQ2vnTfUTTFC,Guns N' Roses,83,https://i.scdn.co/image/ab6761610000e5eb50defaf9fc059a1efc541f4c,rock,Rock
6vrZTsiSsAhm6hzjRhSnrQ,Synthetic Technology,0,https://i.scdn.co/image/ab6761610000e5eb80514d8397b84f151e8d2603,melodic techno,Techno & Trance
476UnBjd8dIwacvae4WSDz,Tammo Hesselink,7,https://i.scdn.co/image/ab6761610000e5ebbcc8b7988bad22411a0bb688,dub techno,Techno & Trance
3boYwnYBHT4Ru1x7kfaZF2,Alexander Johansson,12,https://i.scdn.co/image/ab6761610000e5eb74d662c6267693babe2e42b5,techno,Techno & Trance
5aV6tDnBgmezgCSTvL5HnV,The Kentucky Colonels,28,https://i.scdn.co/image/ab67616d0000b2733b36e589989b820615eda486,bluegrass,Country/Americana
5Pek6HAr0BoHD9P1RuA7d5,Luther Ingram,33,https://i.scdn.co/image/ab67616d0000b2733bf0a7ee138b52b370587351,classic soul,R&B/Soul
3oVcF3VdpMuvMvLLyHPT4t,Sierra Ferrell,67,https://i.scdn.co/image/ab6761610000e5eb5194bc95cebcc1215919418e,americana,Country/Americana
3RKmmPVKEfB9q22gcPqyRi,PUSHMANN,11,https://i.scdn.co/image/ab67616d0000b2738c9c64443d5f215fe1f66037,techno,Techno & Trance
6P7gZ6hLuBrxelDuq28bR8,Private Press,12,https://i.scdn.co/image/ab6761610000e5eb57aab87ac42c7f8cb56c15b5,dub techno,Techno & Trance
5lR7yDVN4z9kahOiUSlMhe,The King's Singers,42,https://i.scdn.co/image/ab6761610000e5ebaf949969f2f4bcd7ebc22e31,choral,Classical/Orchestral
7jzR5qj8vFnSu5JHaXgFEr,Jean Sibelius,58,https://i.scdn.co/image/9bd18051343041184db5c72f965dc81c5f061dc1,classical,Classical/Orchestral
6yb2PUxafSVe2441W50jbk,Cécile Chaminade,37,https://i.scdn.co/image/3518cce1bd243297a99dc59ee740399fce19950e,Classical,Classical/Orchestral
3JBmecDGXTll46ygrnGTM6,Allison Russell,50,https://i.scdn.co/image/ab6761610000e5eb48d1162e2147fe542e75b73d,southern gothic,country/Americana
7bf9XwZiLZNWCC0XNiZaN9,Dave & Ansell Collins,33,https://i.scdn.co/image/ab67616d0000b273f57d5d4f3972072ddea021ff,rocksteady,Reggae/Caribbean
692VvGTch5OLXj4zEE6H3y,Radio Moscow,43,https://i.scdn.co/image/ab6761610000e5eb0c9bcc16988c3680ecfcefa7,stoner rock,Rock
4cKv83CoOs8r8Yvwck9dGn,JLTZ,1,https://i.scdn.co/image/ab6761610000e5eb84e82e979f3a93e0aae37ff0,Electronic,House & EDM
14oHFzpCSWX1koQIlZbjFU,Ebi Soda,42,https://i.scdn.co/image/ab6761610000e5eb9e8454687ebded96345b0265,nu jazz,Jazz
1AoIc5YFH0aSFc4mKqBEeB,Jules Massenet,55,https://i.scdn.co/image/97e4504d28b26d36b74aa3c781e1bbf23a2370e5,classical,Classical/Orchestral
3rblB9Pm51uKd9uYPVPB7B,Om Unit,24,https://i.scdn.co/image/ab6761610000e5eb569e3b44f3accdca576d700f,footwork,Bass Music
2AV6XDIs32ofIJhkkDevjm,Curtis Mayfield,60,https://i.scdn.co/image/ab6761610000e5ebeea0f2f51d7969bbb4000f92,classic soul,R&B/Soul
3xubycQGgdl3JpgxIviNqF,SRAMAANA,2,https://i.scdn.co/image/ab6761610000e5eb7f2e21fdb28c3e79bcf1d2bd,Electronic,House & EDM
6VsJbZqteZahl2iEzvnClt,Star B,27,https://i.scdn.co/image/ab67616d0000b2734d17a73cba156ececc9de2f7,disco house,House & EDM
69ilUSFj31FA2iLHtegRwi,Buzzard Buzzard Buzzard,18,https://i.scdn.co/image/ab6761610000e5ebcea715f399c6411ebee052d2,Rock,Rock
32iqfoIqrkWugr2LrR8rdN,Red Rooms,18,https://i.scdn.co/image/ab6761610000e5eba07ccfc77da78d5004763122,techno,Techno & Trance
1VfgWum48nwYJcCfdPwWgs,Michael Nau,52,https://i.scdn.co/image/ab6761610000e5ebc60ed235a005c3236adb9d63,"Folk, World, & Country",Folk/Acoustic
60HxU5pfO88nduyocuUuYE,The Family Rain,24,https://i.scdn.co/image/ab6761610000e5eb2edf6bb370d659e3142cb7d5,Rock,Rock
08BQmH2M3Ew9XjMHaHsl1l,Gloria Jones,38,https://i.scdn.co/image/ab67616d0000b2737d4287bed60bfc5f13d96644,northern soul,R&B/Soul
19xz1vcuKNjniGEftTOSSH,The Weather Girls,57,https://i.scdn.co/image/ab6761610000e5ebf7fc29b0521026510261b86e,Electronic,House & EDM
3Hra0KQr00Pe9oqmQdVtvp,The Flirtations,36,https://i.scdn.co/image/ab6761610000e5ebdddff6e58a25aeea0e7755ea,northern soul,R&B/Soul
32O4dM8Yd756XKRb1BVUPO,Etta Baker,29,https://i.scdn.co/image/ab67616d0000b2736e6d14ba7fd36657594e19dc,country blues,Blues
2S11VlKvbvSKyyb7Wk4YP1,Oracle Sisters,56,https://i.scdn.co/image/ab6761610000e5ebd1b53e721cb5d8f8adee23ea,Rock,Rock
0EPmJUz0lE18y95cYzB840,Tess Parks,41,https://i.scdn.co/image/ab6761610000e5ebe09701cb3a7bb335290309eb,neo-psychedelic,Rock
6mlzYzLXQ7gQrMg3DydrAi,Reymour,38,https://i.scdn.co/image/ab6761610000e5eb1989e83e869603c7d34d50db,cold wave,Unlisted
1wlzPS1hSNrkriIIwLFTmU,MIKE,60,https://i.scdn.co/image/ab6761610000e5eb1cb30dd690ad62b3a98d4540,experimental hip hop,Hip Hop/Rap
7u3rioJ6JfINqENIQ67k6A,Munir Bashir,27,https://i.scdn.co/image/ab67616d0000b2738e8fec5992aa9b37e08483f9,traditional music,Unlisted
1Bhw1NGkIlsdVb8NXOymzk,Misstress Barbara,25,https://i.scdn.co/image/ab6761610000e5eba59ba6e6f54341c98e4f6b18,Electronic,House & EDM
1n8c6hHrMJPPnM99Ih1vqH,Samuel Sanders,39,https://i.scdn.co/image/ab67616d0000b2730268edeeee46efabef6396dd,classical,Classical/Orchestral
2lMc8kLIzeHOBiqDDcHpus,Mac-Talla Nan Creag,1,https://i.scdn.co/image/ab67616d0000b2734dd2df5a2c7f2d517b507fd6,Electronic,House & EDM
0DNuWm5ZBKuCIXLNmrzuk5,Sam Rivers,29,https://i.scdn.co/image/ab6772690000c46c94ff764a7947b2997891f919,free jazz,Jazz
7dCDPRfjq5MzfeJFgwbqb5,Pratap,7,https://i.scdn.co/image/ab67616d0000b2736e062c6314e14983b8ee04f7,techno,Techno & Trance
6Ahm6X9wSKXitavOvu0XzY,Danny & The Juniors,47,https://i.scdn.co/image/7360d1440730b76f736d01fa54aec396f2fe384c,doo-wop,R&B/Soul
6iD5nfYvdSl4fCkcjzs2XF,We Have Band,35,https://i.scdn.co/image/8c714c6a1a0f6a6405eb3499db11a2d8006060f6,alternative dance,House & EDM
573nSltoBinkbQXk5JSY9U,Flash and the Pan,44,https://i.scdn.co/image/ab67616d0000b273083d3055d6843d90add0c30b,Electronic,House & EDM
21444lX8gpmOX36icLmbFI,Chris Liebing,35,https://i.scdn.co/image/ab6761610000e5eb72864617390974756e54d36d,techno,Techno & Trance
7hwCBLTDeDsdc0tSeZzCFg,Coeter One,7,https://i.scdn.co/image/ab67616d0000b273541c22bf863637be89802d68,techno,Techno & Trance
2CxLP749mup3ncPrXgCnvU,Humble Pie,43,https://i.scdn.co/image/fe8c25b3f5a72047ad6a71632219a9e3ca05d2f4,blues rock,Blues
2jEGnt19huXfA1bpFrWejO,Moony Me,3,https://i.scdn.co/image/ab6761610000e5ebeda7ca775226bf4670839515,lo-fi house,House & EDM
5F2L8tQs3nAcg9P4uxWufg,Klaatu,34,https://i.scdn.co/image/c75b99f0581681fe631010946e7449242776cb04,progressive rock,Rock
2mT2CxPCpyRwuWZ7JWWLhc,Jamie Taylor,1,https://i.scdn.co/image/ab67616d0000b273b36afd3bfb6d2a632e443ee4,acid techno,Techno & Trance
7bheeP3QzQBh7JYr4YuCsE,Error Corrective,0,https://i.scdn.co/image/ab67616d0000b27336fedfbaf3c1beca7bd85291,psytrance,Techno & Trance
4vaHsX1BmXqxYBvqSuxKh2,The Rainbow Collections,40,https://i.scdn.co/image/ab6761610000e5ebc659d5c51814514cf5c2f2ac,lullaby,Novelty/Spoken Word
2FSUMQQxWUySZIkIHbZpv4,Marcelinho CIC,0,https://i.scdn.co/image/ab67616d0000b27335919a54692fdc12fd18e6e9,Electronic,House & EDM
5GK97fqfpyYfnv3lNdCTxP,Dublicator,30,https://i.scdn.co/image/ab6761610000e5eb020e0c2b959f39622f72af47,dub techno,Techno & Trance
2pJn4djuWrNQbNfrxHB13M,Jesse Colin Young,38,https://i.scdn.co/image/ab6761610000e5ebf783ebd19083ec3f2117e202,country rock,Country/Americana
5Cs0SJYrr8XUtlZWtkoian,Loxy,18,https://i.scdn.co/image/ab6761610000e5eb5a9cffef94bd6ee4331fcdf7,jungle,Bass Music
2WZfCTpqwLC3MTIGmLrzaJ,Bessie Turner,13,https://i.scdn.co/image/ab6761610000e5eb08987678b5062685dd532f0a,Rock,Rock
0IySrk0S2gbAoxaYyPHEZD,Mangabey,27,https://i.scdn.co/image/ab6761610000e5eb5d98a8bc981077fbb80fe3ec,lo-fi house,House & EDM
3fBmq4xVcd346QvErp6fko,The Pop Group,23,https://i.scdn.co/image/ab6761610000e5eb40ceee644f0013a436711a54,post-punk,Rock
5yBslrSWPfKklWwZbzLHka,Wendell Harrison,21,https://i.scdn.co/image/ab6772690000c46ce8eef1c0485d758c240fcde4,jazz funk,Jazz
1yhv5zp6IYFYpboAm7Fdlm,Julius La Rosa,30,https://i.scdn.co/image/ab67616d0000b273cc1959c49d6facfe24046614,Jazz,Jazz
3CDKmzJu6uwEGnPLLZffpD,Frankie Valli,69,https://i.scdn.co/image/ab6772690000c46cb8af37ba12c1ad7ebcc63c25,Rock,Rock
2HBbky0Z08ZcCKVsXWbNE4,The Dave Clark Five,43,https://i.scdn.co/image/ab6761610000e5ebb66a687d53818e1e9f5cdeb5,Rock,Rock
3VTNuQRp2wjrWzZX6CXxiy,The Monks,11,https://i.scdn.co/image/7a373e70645bc2752d8716ae9c3aec7f281bf77d,proto-punk,Punk/Hardcore
4457ZLpmT5sl16BBe21J6E,Esther Philips,0,,,Unlisted
5bdgb81IJMXag724quaNSA,Acker Bilk,45,https://i.scdn.co/image/ab67616d0000b273367fbe451a2c45102d21b6bf,Jazz,Jazz
63yl9nDNrHpiAYGlNJxxjc,Frankie Knuckles,49,https://i.scdn.co/image/4430135715f2686c6ae65659dfac40472182c717,chicago house,House & EDM
5MeE1hQUFjZwFUAwcaRHgu,Willis Proctor & the Georgia Sea Island Singers,0,,,Unlisted
0ViVShGd52uogfHPUez1cB,Ronnie Lane & Slim Chance,21,https://i.scdn.co/image/368dabceb756c926e58c1d7a49cc82ec5a41eae0,Rock,Rock
6AZTwDWPJKuiz4NMs5vP3w,Möd3rn,7,https://i.scdn.co/image/ab67616d0000b273f3411af7c2d98f49b1a041b6,techno,Techno & Trance
5J85JTgIYIUP276hmuIozn,Andrew Weatherall,34,https://i.scdn.co/image/ab6772690000c46cbbfdee1a580f0631ec37bb3c,space rock,Rock
07r9hKHNGyrS6OzZhFKmG1,Wade Ward,14,https://i.scdn.co/image/ab67616d0000b27334bae3e54e32761a49171e73,traditional folk,Folk/Acoustic
61YPxKmHE20pcKZNYi4sUS,MD X-Spress,39,https://i.scdn.co/image/ab67616d0000b273605439f35eb91214ceca3a1d,chicago house,House & EDM
5mBUa8YHzCyrSljPxv0T35,Ruben A,0,https://i.scdn.co/image/ab67616d0000b273ba4ce017e720c8182fb1d6ab,idm,Ambient & Experimental Electronic
4R90PNicCsCsEoRm8XwiMS,The Beat,47,https://i.scdn.co/image/590cebd41abd84a84337ebd203b409338643932c,ska,Reggae/Caribbean
1tUN2f2byOej4LZdDq1UO9,Isobel Anderson,23,https://i.scdn.co/image/ab6761610000e5ebd4e6a29a35ea34ffa0ebec7d,indie folk,Folk/Acoustic
2ysnwxxNtSgbb9t1m2Ur4j,George Ezra,73,https://i.scdn.co/image/ab6761610000e5ebbe936a26ceb9cbbdec7df15b,Rock,Rock
3s9kaLrpplvv4vIzZBYPga,The Diamonds,44,https://i.scdn.co/image/ab67616d0000b2736d1cec02080d64bcecf938f4,doo-wop,R&B/Soul
5o9XtlnvmcntQ38Z35ly8o,Beat Hackers,11,https://i.scdn.co/image/ab67616d0000b273f1492a9936f689dcc371dcbb,psytrance,Techno & Trance
0eLbmh14uMx3VB0MPM1r4L,Pylon,37,https://i.scdn.co/image/ab6761610000e5eb7fb4a0827e553cabae93945c,post-punk,Rock
306XaY1dO5UhXQOWSjKIwQ,Chris Spedding,34,https://i.scdn.co/image/4d7539e005cfb34c1e1192f7c16b2993191e985f,rockabilly,Rock
3rxIQc9kWT6Ueg4BhnOwRK,Quincy Jones,59,https://i.scdn.co/image/ab6761610000e5ebe79e47fbc540635fd5e18e4d,soul jazz,Jazz
7tV6KBSDg91HJJNerk9dQs,Sorcery,16,https://i.scdn.co/image/ab6761610000e5eb7e57c9fb4149b95c4c854385,idm,Ambient & Experimental Electronic
5PpcyAkdpuo9a08HiU6yfi,NRBQ,36,https://i.scdn.co/image/458b73cefa330e216e5105d1eae7eebcfa78bdb7,power pop,Rock
2pmVj0JrzZpPFXhQRrhz1E,Heiko Laux,23,https://i.scdn.co/image/ab6761610000e5eb8b1bcec0f9efdf0a006b4213,dub techno,Techno & Trance
0tnTcAhsnXj2AubBJFhnZw,Nuke,22,https://i.scdn.co/image/ab6761610000e5eb9ece6579a9c057a6bfe547f8,techno,Techno & Trance
3FQEfbXBOnlQtkdpQkSLJ1,Jakob van Domselaer,0,https://i.scdn.co/image/45e05cc169b9b49b656b3ca039e28fefb9cd8493,Classical,Classical/Orchestral
3wK4nfnbClHjh2YQXEUNEV,RVDE,6,https://i.scdn.co/image/ab6761610000e5eb4ddd6053070f0f178559206a,hard techno,Techno & Trance
0L9xkvBPcEp1nrhDrodxc5,Level 42,62,https://i.scdn.co/image/ab6761610000e5ebc416e89fd5d1eedab418f8de,synthpop,Pop
0w67nPwYCaYqkICZ7mVofn,Michael Wells,0,https://i.scdn.co/image/ab6761610000e5ebe14fe1d2fba3148d395d4fd4,acid techno,Techno & Trance
2KGF6IKZfVGCKfyqcNVGfh,Antibalas,37,https://i.scdn.co/image/ab6761610000e5eb28b6c108471951dc264f8962,afrobeat,World/Traditional
6uvq6FeVsmhOWfJHxVNeBL,Faron Young,43,https://i.scdn.co/image/ab67616d0000b27331ad98dc9bfa9bed6bda112a,classic country,Country/Americana
5dlCVmfRbWVGOJYHzGyk32,Benny Carter,45,https://i.scdn.co/image/ab67616d0000b273bb2fe5117d825292792d472e,big band,Jazz
79ckv9yY9WAKcH8KfrvmiP,Lorelle Meets The Obsolete,25,https://i.scdn.co/image/ab6761610000e5ebecca758cbf6698af98bd1daf,neo-psychedelic,Rock
6jLJRdVrrcyikxCiZimcqd,Die Wilde Jagd,25,https://i.scdn.co/image/ab6761610000e5ebac5dfdeca4487da05cd61859,krautrock,Alternative/Indie
2lWv7a6ohSVtXArF7q4dWc,Amess,32,https://i.scdn.co/image/ab6761610000e5eb5e08fd10d0e7250a5a780684,lo-fi beats,Hip Hop/Rap
00IUMN7pWAU2jYWcdOt5c3,Marco Faraone,35,https://i.scdn.co/image/ab6761610000e5eb0956f104d851988f8b6e985f,techno,Techno & Trance
0tg5uVI4VjzZOFzBryJZii,Teddy Wilson,50,https://i.scdn.co/image/ab6761610000e5eb0ade8016b3f4a3e4107a577d,jazz,Jazz
0IBAqjHG8DSaD7PPCGnGiZ,Babyshambles,46,https://i.scdn.co/image/ab6761610000e5eb4311db16408421325db1d64a,britpop,Rock
7mKZJ0SITREZQovQF6Qeb4,Binker and Moses,21,https://i.scdn.co/image/ab6761610000e5eb01c044907fadb201ac187818,free jazz,Jazz
5FKZDbmPvVTKO2V4BEB7J2,Beans,23,https://i.scdn.co/image/ab6761610000e5eb47d057a7ebcfd78c0855d480,neo-psychedelic,Rock
71M7lckOooBtdsLfD1qqqa,Don Byas,33,https://i.scdn.co/image/ab67616d0000b273444744904349749e0e7e1cb0,bebop,Jazz
5N1GUHhFMRFFgMTjSOJDb9,Arthur Rubinstein,51,https://i.scdn.co/image/3a11cc5557f26ee484b36f6900d9ad9a643fb543,classical piano,Classical/Orchestral
1LssgHkU598PZgPuMEAiNZ,Brogan Bentley,7,https://i.scdn.co/image/ab6761610000e5eb43862478d140a0682d5e16d6,breakcore,Bass Music
5RZjpmuD14JKXvB8Ry1G1u,Amanda Seyfried,68,https://i.scdn.co/image/ab6761610000e5eb4b66865eed5805ea38b398b4,musicals,Unlisted
7CCn4PFRRRZF127jtCBAUe,The Lovin' Spoonful,58,https://i.scdn.co/image/d0fc74cb2e10858c1b0b2436e6f14cee0944f8df,folk rock,Folk/Acoustic
20HVrU8f5rcNg2aZkMiSP0,Greg Foat,38,https://i.scdn.co/image/ab6761610000e5eb351fa5e4dee3b60da86b97a5,nu jazz,Jazz
4dpARuHxo51G3z768sgnrY,Adele,87,https://i.scdn.co/image/ab6761610000e5eb68f6e5892075d7f22615bd17,soft pop,Unlisted
2VyZ8gDQLquB1Z84fKoyKo,Dao Strom,3,https://i.scdn.co/image/ab6761610000e5ebc5c31d4c53774ea4086ce930,Pop,Pop
64Ub5tUgRolfKc6HgoSEzv,Roll the Dice,6,https://i.scdn.co/image/ab6761610000e5eb99778e4165f42bf368cdd1c0,drone,Ambient & Experimental Electronic
5BaHqGtf6UAZnHfqdPaTDA,Them,49,https://i.scdn.co/image/468120d2def81a6e8d9b850158141e703222419e,proto-punk,Punk/Hardcore
6qFiZLvtkQvqHAX9GwnjqA,Tim Tama,18,https://i.scdn.co/image/ab6761610000e5ebea3cdc30daa8ddfb61dfb0d9,acid techno,Techno & Trance
3IqWMVFksTbtL2EaFi5o8k,Julie Fowlis,55,https://i.scdn.co/image/ab6761610000e5eb3d0cd417bbb3f2696eaab04e,celtic,Folk/Acoustic
0romFcKJdf5jOe6S8row0Q,Ian William Craig,17,https://i.scdn.co/image/ab6772690000c46c41e746be073509a45f93488e,drone,Ambient & Experimental Electronic
3uaHfXYx9Fh4HjqMbrWn5S,Joshua Redman,44,https://i.scdn.co/image/ab6761610000e5eb2cf1737642c7f6e5f34e75b1,jazz,Jazz
4wIdxySSxqlIirsqE0JKx8,Adam Torres,28,https://i.scdn.co/image/ab6761610000e5eb0a2e7fe5da2c09079a70a7d5,Rock,Rock
4Oap2IENIEz04vq19bn7MV,Telegram,8,https://i.scdn.co/image/8a4b7b7a752c778b4e71dafea1dc660cb4a144fa,Rock,Rock
5O96KhEf73NCSkeORu9RwW,Brain,13,https://i.scdn.co/image/ab67616d0000b273fb6e46472cd5895accb27dbf,soca,Reggae/Caribbean
2j7JwncWKK8w0Lfb2xjKdy,Closer Musik,19,https://i.scdn.co/image/ab67616d0000b273bb5c8a46fc43d3f744e3a0d0,minimal techno,Techno & Trance
3jq7LYiltPW7hbDsjpgE4F,Shelagh Mcdonald,17,https://i.scdn.co/image/ab67616d0000b2738539671e376add592e97bfb4,folk,Folk/Acoustic
7JRs0G0kHZTBs0Lo7qOjL8,Dirty Beaches,31,https://i.scdn.co/image/2ecc187703596a3693ef4778f9360a478e167f9b,drone,Ambient & Experimental Electronic
0ezjYLMcpgQpfRze6ozkLw,Kostas Papadopoulos,39,https://i.scdn.co/image/ab67616d0000b273592a810f4b850471a99b8f8d,"Folk, World, & Country",Folk/Acoustic
2kbO657SWC6kiO1Dni3ook,PINS,20,https://i.scdn.co/image/ab6761610000e5eb5d94a828964c62676f34022a,space rock,Rock
6sq1yF0OZEWA4xoXVKW1L9,Alejandro Fernández,80,https://i.scdn.co/image/ab6761610000e5eb452691cfa37fdd5b3417ed0d,mariachi,Latin
6wXjctGBzxkT0ghwfQ8FC0,The High Kings,57,https://i.scdn.co/image/ab6761610000e5eba90307ed8d6e4125fd938be9,celtic,Folk/Acoustic
1ZpPJRe9erwiWi548SKVyn,Dr. Lonnie Smith,31,https://i.scdn.co/image/ab6761610000e5eb0023c1a48625381d60cf8ae9,jazz funk,Jazz
11T8SOX82xraocZzUXzkvM,Hector Berlioz,44,https://i.scdn.co/image/ce6a6553ca7cbb5df088af82745a7fe63c06f511,classical,Classical/Orchestral
1s7S35l63ARpog9NZrU4tB,P.E.A.R.L.,21,https://i.scdn.co/image/ab6761610000e5eb9924795db7c43a27fef4f45a,techno,Techno & Trance
0DW7boyjvbaSP3OJ72sXgC,Al Stewart,57,https://i.scdn.co/image/ccaee5b70c1958b1496e16dcb50d2d6e98356862,yacht rock,Rock
14sJjihp1JLoF04mYMgYPz,The Empire Line,9,https://i.scdn.co/image/ab67616d0000b2733814e55f7ae99b8d1db8acea,acid techno,Techno & Trance
4PWqvc4ydEyoyBhXPOxDyy,Harlem,34,https://i.scdn.co/image/eb0b995f0f36ede151e7df411537eae41532e347,garage rock,Rock
05E3NBxNMdnrPtxF9oraJm,Lester Young,54,https://i.scdn.co/image/59f160b9b2e5803e766188270977f15af20f8bf1,jazz,Jazz
3omXtBW7m3zUZgfdTX8lsc,Gloria,20,https://i.scdn.co/image/ab6761610000e5eb8593cbae30d1f6899bc6d823,french indie pop,Pop
516GstZDPpbTfcOtC3Ui5x,Fishy Tunes,0,https://i.scdn.co/image/ab67616d0000b273d0efefbac74c8f1d1141dceb,Electronic,House & EDM
5Sw6dj1ghCjEdkFO5InB8A,David Thomas Broughton,13,https://i.scdn.co/image/ab6761610000e5ebbb16dd8e5141ece51a4da214,Rock,Rock
2wFVQP1RtaokiFq2OOPQZL,Melina Mercouri,21,https://i.scdn.co/image/ab67616d0000b27372835c1f683ef81c591f8657,schlager,Pop
4UZQ7BPQqC9Kg2iqvbH2x4,Stanley Kubrick — A Clockwork Orange,18,,,Unlisted
0dAzvKzbG3tMwFeWkjgHrZ,Anunaku,26,https://i.scdn.co/image/ab6761610000e5eb75b7e579ee4b87a9a7b5cd3c,uk funky,Bass Music
6M2wZ9GZgrQXHCFfjv46we,Dua Lipa,89,https://i.scdn.co/image/ab6761610000e5eb0c68f6c95232e716f0abee8d,pop,Pop
1f1bsto5CRaRaaGkZvvjOn,Boddhi Satva,38,https://i.scdn.co/image/ab6761610000e5eb2ee8ac8f90d2f09b1d76aced,afro house,House & EDM
73sSFVlM6pkweLXE8qw1OS,Ricky Nelson,58,https://i.scdn.co/image/99ee90438c46d52c9007866740f5504834d20f99,rockabilly,Rock
5PXa57bB4y0vrQqeZX7A2S,Pugilist,24,https://i.scdn.co/image/ab6761610000e5eb4ee8a9f1b74a4b01ae79618f,breakbeat,Garage & Breaks
312pFk2xpEwYWLGPehc4Nu,John Holt,52,https://i.scdn.co/image/ab6761610000e5eb5505bdd8d65414326123337e,reggae,Reggae/Caribbean
4gPGI1vW8TOypARV9Ykzae,Jimmie Vaughan,45,https://i.scdn.co/image/fc1f795d5e630eeec7b7c2f30c6059770d6d38f9,blues,Blues
6yRS1sdCA7XrebYMedYWx5,Philthkids,1,https://i.scdn.co/image/ab67616d0000b273e442b1970486e9973bcf7eba,footwork,Bass Music
5OA57ztYlNqNO02sjgjzTl,Alex Autajon,5,https://i.scdn.co/image/ab6761610000e5eb551014f558085ba9c05c464a,footwork,Bass Music
1ky3oGuE5XOsOzqiFEGwqR,Mansur Brown,40,https://i.scdn.co/image/ab6761610000e5eb4af8f6668f3185cb65a3e48b,nu jazz,Jazz
6QBN53AVQ0IcbSZrKxqwoB,Sonny Sharrock,23,https://i.scdn.co/image/fd18e8690c016242d34330e2d0fcc691fffbb148,free jazz,Jazz
0xLbREzA0im1nSc86Fcmx4,"Perfume Genius, Sharon Van Etten & Friends",8,,,Unlisted
6alI0NXWBVryqxHQrrl9A0,Benny Goodman Trio,37,https://i.scdn.co/image/ab67616d0000b273fce375827525bbd88ddea33a,big band,Jazz
3JVF9a4IJrL7sTSdjXxIqJ,Eddie Hazel,37,https://i.scdn.co/image/ab67616d0000b273371135e871ccf1c6ec1c5beb,funk rock,Rock
6VC4hWnnMMmOxpH6KsAXBU,K-Lone,39,https://i.scdn.co/image/ab6761610000e5eb33a8379e842bdf5bb483a600,jazz house,House & EDM
1oR9pQhucVTJyi5lH2Y2iT,Blank Banshee,31,https://i.scdn.co/image/ab6761610000e5eb76871cb2fc40a02d2ef1e401,vaporwave,Ambient & Experimental Electronic
59luKpdal8UwxcuLJNoKwS,Scritti Politti,37,https://i.scdn.co/image/ab6761610000e5eb737ffb7d167c72f925108800,synthpop,Pop
2BRS07GpiRhGEFkdWIkKKt,Motohiko Hamase,8,https://i.scdn.co/image/ab67616d0000b2739dfae73d505ab9ad09131928,Electronic,House & EDM
1Pe3z1UqRzKsQtHsl25dm6,Juno Reactor,43,https://i.scdn.co/image/ab6761610000e5eb14d77dbf42fcdcbcb214aaeb,psytrance,Techno & Trance
5wam12nGWDBIrLDV78TNSF,Artie Shaw,49,https://i.scdn.co/image/e674a0273b04c338abd877d02e658fe86e48ff7f,big band,Jazz
06xa1OLBsMQJFXcl2tQkH4,Machinedrum,46,https://i.scdn.co/image/ab6761610000e5ebe312066b16d4d70a559ab0c2,footwork,Bass Music
4gYhCmAiXZvNxC92ODseS4,The Slickers,34,https://i.scdn.co/image/ab67616d0000b2735d6fff3c66a7928a6af129a2,rocksteady,Reggae/Caribbean
3dkbV4qihUeMsqN4vBGg93,Al Green,70,https://i.scdn.co/image/ab6761610000e5eb95368fba7c1ebfeb929dcbdf,soul,R&B/Soul
6bGcpvHbRHg8s0wiNyIZK1,Kula Shaker,49,https://i.scdn.co/image/ab6761610000e5eb15169040835e27ceecb42d54,britpop,Rock
1eClJfHLoDI4rZe5HxzBFv,INXS,72,https://i.scdn.co/image/ab6761610000e5eb9bfd44c9bd2aae22edfd99bf,Rock,Rock
4YjpqCSDD7zwMQgPYJMqb0,Unwound,46,https://i.scdn.co/image/ab6772690000c46ce4bafe06a375841b7e6a5c05,noise rock,Alternative/Indie
5kNZV33crEsk2IMZMJ8bOQ,Jon Hassell,34,https://i.scdn.co/image/ab6772690000c46c40e7c0497ba4751942be7f5c,ambient,Ambient & Experimental Electronic
56i44amVgwyT9sxhoPIc1R,Drvg Cvltvre,5,https://i.scdn.co/image/ab67616d0000b2732ffd8e39c93753a02fed4254,acid house,House & EDM
18U1MCeHH1JAqRMHp3aPuv,Shapednoise,23,https://i.scdn.co/image/ab6761610000e5ebb287b07dec6b6945ddcbe951,experimental,Ambient & Experimental Electronic
2GvwZbDjH1DbQpodGKENDw,Roman Flügel,36,https://i.scdn.co/image/ab6761610000e5eb8146fe5764bf76cf55da91aa,minimal techno,Techno & Trance
0otAqZw8htTsGHfqR491Yh,Sleaford Mods,49,https://i.scdn.co/image/ab6761610000e5ebd7ed2b8a32803d4e16cd7264,post-punk,Rock
6KXSDlrz2G60g5RmOQ6nNF,Charlie Kunz,24,https://i.scdn.co/image/ab67616d0000b2738472856fcaebf8c937a7528e,ragtime,Jazz
1ZiybGr2RZh2389cIOjevy,Dogs,21,https://i.scdn.co/image/ab6761610000e5eba435f03f48e5761e8f86cfaf,Rock,Rock
4reMrexillTAvq1AQr6MzV,JASSS,23,https://i.scdn.co/image/ab6761610000e5eb4a7f2d8beee1ea0d5429090d,Electronic,House & EDM
3HZgaiR960RFqx9d4LPraD,The Districts,39,https://i.scdn.co/image/ab6761610000e5eb9f4013bf7a84aac2e867961d,Rock,Rock
7GWKj0q6ycOb9PvBAX81w4,Soundbwoy Killah,13,https://i.scdn.co/image/ab67616d0000b2736a76c9041f72eeba70e5c838,breakbeat,Garage & Breaks
3rPrYmTHhfSGN5eDjNsaRC,Steve Poindexter,15,https://i.scdn.co/image/ab6761610000e5ebde8199c23bcd6b8100edfdee,chicago house,House & EDM
5R9d1YP5jtBw2IrQItGzQI,Michael Mayer,38,https://i.scdn.co/image/ab6761610000e5ebb1e5bfa7e29b53e9d4953038,minimal techno,Techno & Trance
1GWV70Reko15eV2nHCm0bM,The Blue Nile,46,https://i.scdn.co/image/8242e8681d3af50bb889b75e28faba2f88e71210,art rock,Alternative/Indie
0xg57wSCFeyXvdsO3KS1FE,Dj Mc,2,https://i.scdn.co/image/ab6761610000e5eb2057c5bb0881bdf66482b4c3,footwork,Bass Music
1RM5gp0RFfjpJhCYFPB30p,Nick Cave,48,https://i.scdn.co/image/ab6761610000e5ebb3d85d2a5291498bac66ae26,Rock,Rock
381PGxyzR9qLrFbprEp46D,Leif,18,https://i.scdn.co/image/ab6761610000e5ebb3cc30711e5f2d9de0b11f74,ambient,Ambient & Experimental Electronic
1IYVBUvVz1UbdQboARe43I,Iiris Viljanen,26,https://i.scdn.co/image/ab6761610000e5ebc5ec94f7fdc27c99c893444a,swedish pop,Pop
16tbi6bWXBzJ9pOMZ5gIC7,Life Without Buildings,38,https://i.scdn.co/image/ab67616d0000b273f557471eedfbd9a7ab55d75b,Rock,Rock
0K1lHu1BP65Z1DErnljxUw,Forest Drive West,27,https://i.scdn.co/image/9c00432f9982beb25b9ddde9eaafb8923644bbe2,dub techno,Techno & Trance
6hN9F0iuULZYWXppob22Aj,Simple Minds,69,https://i.scdn.co/image/ab6761610000e5eb83e9da1d7f9d7da25c9e1e53,new wave,Pop
2wBpW4bAGYVe0yJcBeCTyd,２８１４,40,https://i.scdn.co/image/ab6761610000e5eb5a96d8961611ce5321a62d8c,vaporwave,Ambient & Experimental Electronic
7BwOjwl5mKpGVIvzvqEcie,T-SQUARE,45,https://i.scdn.co/image/ab6761610000e5ebb927fe4ba454e5d2bbc659b9,jazz fusion,Jazz
0ABk515kENDyATUdpCKVfW,Westside Gunn,71,https://i.scdn.co/image/ab6761610000e5eb10b517960f313575989c44c1,boom bap,Hip Hop/Rap
4ywTx5cZc1YOkOtVrSK6nJ,Kerrier District,16,https://i.scdn.co/image/dab71fffb2b3cb77ebbac4f684dcdfb35c784a62,nu disco,Funk/Disco
3f0kobRhjLIHJna3UsEqim,Clouds,48,https://i.scdn.co/image/ab6761610000e5eb1becbb0f5efab29525891c28,hard house,House & EDM
2GLf7iaOOujAem5R87xwto,Matthew Dear,36,https://i.scdn.co/image/ab6761610000e5eb9d41b3181364244d63b2b944,minimal techno,Techno & Trance
5eerVxtb9lY9p6D7m89Bs7,Jenny Hval,36,https://i.scdn.co/image/ab6761610000e5eb6203e72067881925fea08f91,art pop,Pop
5IitSBtyiWJjnk6U0jPxut,Lloyd Miller,26,https://i.scdn.co/image/ab6761610000e5eb5053dce29ce4bb5844da9522,ethiopian jazz,Unlisted
3LRldYGJpCAQT5cZKQyi7o,Hannah Peel,31,https://i.scdn.co/image/ab6761610000e5eb2f1a89e94e701afb2744681c,Electronic,House & EDM
4NpFxQe2UvRCAjto3JqlSl,Greta Van Fleet,68,https://i.scdn.co/image/ab6761610000e5eb301eb2b9d83cf86efa024ccb,rock,Rock
0Mz5XE0kb1GBnbLQm2VbcO,Mos Def,69,https://i.scdn.co/image/d39cd5769332fb51014cc1cc9934c8890fcd49f7,east coast hip hop,Hip Hop/Rap
6qyi8X6MdP1lu6B1K6yh3h,Silversun Pickups,57,https://i.scdn.co/image/ab6761610000e5ebd3c9dc38ed243e584ba7cce3,Rock,Rock
3OVWawJdrDHvvuFuOfwOcN,Banda Guadalajara Express,43,https://i.scdn.co/image/ab6761610000e5ebef774b7a3a06f54ec0da7eac,banda,Latin
1vrwXqSGdLsWtvIev4H0WH,Hell Is For Heroes,26,https://i.scdn.co/image/ab6761610000e5ebcc584732a5c5d1c3eee1f908,post-hardcore,Punk/Hardcore
0FywyaLz7YX2ejwWLM0MSq,Hot Swing Sextet,32,https://i.scdn.co/image/ab6761610000e5ebd1f963879b87aa63fd1a4020,swing music,Jazz
51Blml2LZPmy7TTiAg47vQ,U2,80,https://i.scdn.co/image/ab6761610000e5ebe62be215d2ee31bcd97edaba,rock,Rock
0Dc7CbTE5mcvrprttS6GDs,Locked Groove,23,https://i.scdn.co/image/ab6761610000e5eb1f4ca9b56cd8352705b04011,melodic techno,Techno & Trance
44Jfv8VigTs2TeLheixSf4,Vittorio Di Mango,3,https://i.scdn.co/image/ab6761610000e5eb9cd65d171940f8f2cd5b90b7,ebm,Ambient & Experimental Electronic
0hXF9fXthE0o5AoY4Oa12H,Slim & Slam,27,https://i.scdn.co/image/ab67616d0000b273f1e630dabe79b08dad85ff41,swing music,Jazz
3ncDyHYxhRHGYUqdTefNeJ,The Big 18,19,https://i.scdn.co/image/ab6761610000e5ebdfd335fca81116d2e991adad,swing music,Jazz
29ITaP4nYGDlz54m7pLJL1,Morgan Delt,34,https://i.scdn.co/image/ab6761610000e5eb1397606aa74bce02d8904d03,neo-psychedelic,Rock
3AmgGrYHXqgbmZ2yKoIVzO,Warpaint,48,https://i.scdn.co/image/ab6761610000e5ebf763c4f2a03f7af93ef6a7d4,dream pop,Alternative/Indie
6ueGR6SWhUJfvEhqkvMsVs,Janelle Monáe,68,https://i.scdn.co/image/ab6761610000e5eb5dab878686269b7b8f4c3ab1,alternative r&b,R&B/Soul
4GAdDePOvBsOl3n3nVHWpt,Jean Ferrat,51,https://i.scdn.co/image/ab6761610000e5eb115370d6a6b848b0a6f769f2,chanson,Pop
0Vd8YQz8TYk2vSKEYVvIgL,Dojo Cuts,59,https://i.scdn.co/image/ab6761610000e5eb35c9a18a858471a966db83e6,retro soul,R&B/Soul
7b3N1nZgikeHVOe5rG0skR,Mor Thiam,10,https://i.scdn.co/image/ab67616d0000b2736e78d6584c238c3f6e702895,Jazz,Jazz
3HQQQ1jAB2mloT1MSU4evQ,Sung,35,https://i.scdn.co/image/ab6761610000e5eb955b4f78ae4e0f03fc0d5106,synthwave,Pop
0zXA9oFK84ha3Y4CyF9VWI,Raze,3,https://i.scdn.co/image/ab6761610000e5ebe458070214cd77a404e93659,acid house,House & EDM
4Qk0lWGeXydDvfrDufDQ9p,Richie Havens,42,https://i.scdn.co/image/53b2ec36bb497e32f6eda297ed65a54f21114e20,Rock,Rock
6EZzVXM2uDRPmnHWq9yPDE,Lightnin' Hopkins,46,https://i.scdn.co/image/487fe33da030378d38c31d97a4a0e24d03a83069,blues,Blues
7DhO8EWzhqmHTF4XPkBXmh,D.I.M.,14,https://i.scdn.co/image/ab67616d0000b2735840b081752c584fc883c7df,electroclash,House & EDM
5KxKApyBL5ZQaz7bAvGaHR,Mundy,43,https://i.scdn.co/image/ab6761610000e5ebcde8b2a3de47e9994462edb7,Rock,Rock
31DXlldabwPHwu6dYevuzK,Simian Mobile Disco,43,https://i.scdn.co/image/ab6761610000e5ebecf9673ef5fc69196a63c235,electroclash,House & EDM
1DXylZlWbVvlckNqwvjTEt,Ministry,53,https://i.scdn.co/image/ab6761610000e5eba6c17a36dc51a24feec25a48,industrial,Alternative/Indie
3IKV7o6WPphDB7cCWXaG3E,Isaac Hayes,52,https://i.scdn.co/image/ab6761610000e5eb21359c0ca388c85629ed7d29,soul,R&B/Soul
2ckfYpz65ZueWZa2dB6yXC,Sibylle Baier,40,https://i.scdn.co/image/ab67616d0000b27300b9e955d2b2a0be08152a8c,folk,Folk/Acoustic
37um1uxI92g4ll61LzrtB5,Basic Channel,31,https://i.scdn.co/image/ab67616d0000b2731625f96455c5684cb20b396c,dub techno,Techno & Trance
0DRlmNJq133uYhzXxJfF3a,To Rococo Rot,24,https://i.scdn.co/image/ab6772690000c46c48c6236f93aae63d5aa894dc,idm,Ambient & Experimental Electronic
4m8zzr6DNSW4tkuyGHvF7h,Klaus Johann Grobe,28,https://i.scdn.co/image/ab6761610000e5eb7b03116047e7976f8cda5b89,krautrock,Alternative/Indie
0dRiUTGvNV17AMIULRYsvn,Mr. Fingers,39,https://i.scdn.co/image/549d2a5d7ab9e162e01489a0b8e40a9f4924bf1a,chicago house,House & EDM
34EP7KEpOjXcM2TCat1ISk,Wu-Tang Clan,69,https://i.scdn.co/image/ab6761610000e5ebe60866298962b71792b2bf1a,old school hip hop,Hip Hop/Rap
0yJolfjqzHfNbr9IoBSndu,Avey Tare,28,https://i.scdn.co/image/ab6761610000e5eba72c69fdd7e8f0f26130db39,neo-psychedelic,Rock
5R7K1GezC0jy24v1R2n4x3,Fischerspooner,42,https://i.scdn.co/image/ab6761610000e5eb8fa2501c8529ed55880a2c5b,electroclash,House & EDM
7siPLyFwRFYQkKgWKJ5Sod,The Dandy Warhols,56,https://i.scdn.co/image/ab6761610000e5eb918734ca6f0f14803c7d8922,Rock,Rock
6PBv8t9YTLggA9ZMwpeoqj,Joan As Police Woman,42,https://i.scdn.co/image/ab6761610000e5ebba436305c90fa7b4dd99bb8e,Rock,Rock
3dv4Q4q3LWOnbLJnC6GgTY,Yellow Days,48,https://i.scdn.co/image/ab6761610000e5eb1c9110bde524edfc6569f7bf,bedroom pop,Pop
2kS4yz85MaZlxp2VaS3BEe,Cabaret Voltaire,33,https://i.scdn.co/image/ab6761610000e5eb5e6b136b9c352587b574a7bb,industrial,Alternative/Indie
7xT4QMaAhAsbnbkF4nr3eS,Maurice Joshua with Hot Hands Hula,0,,,Unlisted
240wlM8vDrf6S4zCyzGj2W,CamelPhat,69,https://i.scdn.co/image/ab6761610000e5eb51dfad196bb6a3f97ca87b3b,melodic techno,Techno & Trance
2RqrWplViWHSGLzlhmDcbt,Yaeji,52,https://i.scdn.co/image/ab6761610000e5ebaef33b88f5b94d146953650b,Electronic,House & EDM
13wsJcc3ZMixzCEVH3Wuyt,Jackie Oates,28,https://i.scdn.co/image/ab6761610000e5eb264ad6642a5a343453befe29,traditional folk,Folk/Acoustic
2IkwqvwEnXFlZEq6eFP1wL,Judee Sill,39,https://i.scdn.co/image/ab67616d0000b27316816a2848cd00a0cb6be419,singer-songwriter,Folk/Acoustic
1kTBhbobT38Dg6tfbHPK91,Peppino Gagliardi,48,https://i.scdn.co/image/ab67616d0000b2735e07beed771db50692d3d631,Pop,Pop
1gxXzfykdtDuod56hPkYyr,Art Brut,28,https://i.scdn.co/image/ab6772690000c46c3b53e3de5483c17a8ec2622f,Rock,Rock
1wHmR7I0UlF58WFQexCPha,Clan of Xymox,44,https://i.scdn.co/image/ab6761610000e5ebd648c92f927cb4820d7b65d3,darkwave,Ambient & Experimental Electronic
6t28TiXfX7V14H4hAxBarM,The Chapin Sisters,23,https://i.scdn.co/image/ab6761610000e5ebdc47cd4e389c2f729363df03,"Folk, World, & Country",Folk/Acoustic
4RVnAU35WRWra6OZ3CbbMA,Kylie Minogue,73,https://i.scdn.co/image/ab6761610000e5eb671d41bdcf5b7132878523b9,dance pop,Pop
37XGRhnYWhiV6o2jPB8nxt,Johnny Dowd,9,https://i.scdn.co/image/ab6761610000e5eb677353ad6916467d46a128ad,southern gothic,country/Americana
597yzFFRvWnxCtDInHwciZ,Chad VanGaalen,13,https://i.scdn.co/image/ab6761610000e5eb876e0e329c538887512f5191,noise rock,Alternative/Indie
1FTBjo6ovfmw3HWkD8sZTs,Brian McBride,32,https://i.scdn.co/image/ab67616d0000b2730fd54e3ea4e85a3b3927903c,drone,Ambient & Experimental Electronic
6G4hVmXKJ9NW5JecncK89f,Phil Woods,36,https://i.scdn.co/image/a5f0f960df39f4f7a66fb8343e08e3f570e3e276,jazz,Jazz
414OVjjnaB4wK8Kq8oudPB,The Dry Throat Fellows,4,https://i.scdn.co/image/ab67616d0000b273aadf38a87fb38766b50482e4,ragtime,Jazz
0nd3tsqHVtnAWBCQgwtbIz,The Brothers Four,42,https://i.scdn.co/image/ab6761610000e5eb128c676eef7371d484a26161,folk,Folk/Acoustic
3En4SMrGwoaVbTIyWOQCqx,Dead Moon,38,https://i.scdn.co/image/ab6761610000e5eb806a6a34623b5d30a9cfea3b,garage rock,Rock
5a0etAzO5V26gvlbmHzT9W,Nicolas Jaar,52,https://i.scdn.co/image/ab6761610000e5ebd8f87c884d83508eac7f7a06,downtempo,Ambient & Experimental Electronic
6OyoHaX29rcKC9Xv13M4C7,Free the Robots,26,https://i.scdn.co/image/ab6761610000e5eb7655fc94b6e090a38cc10279,electro swing,Funk/Disco
5EYkvHZuGM3pwU3DZUrrZ3,Big Black,36,https://i.scdn.co/image/ab6761610000e5ebe069a67b7169ce11a9ae7a3d,noise rock,Alternative/Indie
644PvPeYIyoq0n0eBP5fxG,Steffi,31,https://i.scdn.co/image/ab6761610000e5eb6671d0b9120033dd3aeb847e,Electronic,House & EDM
4gpElxNt5pL515njzmZaZG,Roll Deep,44,https://i.scdn.co/image/ecc3a0d5f148ea7bc9d3150595269b2810133785,grime,Bass Music
4mLJ3XfOM5FPjSAWdQ2Jk7,Dr. Dog,66,https://i.scdn.co/image/ab6761610000e5eb40e524c1e6dd57b9946708ed,Rock,Rock
2dRsXWVnkku2cMDtV1h6NP,Stanley Turrentine,45,https://i.scdn.co/image/ab6761610000e5eb0be587ac8e0c39eb8ef4d8cc,hard bop,Jazz
7k9T7lZlHjRAM1bb0r9Rm3,Wiley,58,https://i.scdn.co/image/ab6761610000e5eb704bca279377f7a1bd828b53,grime,Bass Music
5wh8Pzrj67NfBOA5t8GBE5,Blittz,20,https://i.scdn.co/image/ab6761610000e5eb0046914e546af6a565b6b4e3,grime,Bass Music
0fTHKjepK5HWOrb2rkS5Em,Freddie Hubbard,44,https://i.scdn.co/image/ab6761610000e5ebff800311ca4e79ec75be6813,hard bop,Jazz
29DiAJJBhhjcjcma6HPpjy,DJ Plant Texture,15,https://i.scdn.co/image/ab6761610000e5eb26bf184cf82a76a24d294582,breakbeat,Garage & Breaks
0OqqomaR6NwSNKDpqnHlBo,Damaged Bug,28,https://i.scdn.co/image/852f2dc2903a9defe798a40c7b7cbc1c0f1a46ee,neo-psychedelic,Rock
1s8NQxAEct8j8JZT05CIUu,Percy Faith & His Orchestra & Chorus,32,https://i.scdn.co/image/ab67616d0000b273ef48d43ca61c2e155a632049,christmas,Jazz
4Hva7q9dBApev6ZoQM8LX7,Chevel,4,https://i.scdn.co/image/ab6761610000e5eb46cf5a7241d4811965e0bf9b,idm,Ambient & Experimental Electronic
60JUOTnRuDTetm7Hiwonev,Dickie Valentine,23,https://i.scdn.co/image/ab67616d0000b273af9192c3cb68f4cd37fcbb1e,christmas,Jazz
7kVSO9W0cZoyKBEG5o3E9h,Richard Dorfmeister,37,https://i.scdn.co/image/ab67616d0000b2737ac3b6df4330ca46361e6297,trip hop,Ambient & Experimental Electronic
2322gLwXvyJa6PejhOWQEH,The Honeycombs,32,https://i.scdn.co/image/bc0574d539250c5fb80688885e912b62bf016536,Rock,Rock
4vRyd1UZ8Eq98EppbwOBg6,Blind Willie McTell,31,https://i.scdn.co/image/ab6772690000c46c371155387c9487441042285c,blues,Blues
1CuQhtsXEzF4RbfgjrZivI,Blair Sound Design,0,https://i.scdn.co/image/ab67616d0000b273c56b679b4b58ebb979ea2c26,lo-fi house,House & EDM
78xUyw6FkVZrRAtziFdtdu,The Roots,63,https://i.scdn.co/image/ab6761610000e5eb7e92a85b9e31236380cd38f2,east coast hip hop,Hip Hop/Rap
19jnP8vmgHKe9GCVgvmkF5,Supreems,25,https://i.scdn.co/image/ab6761610000e5ebdf3e03e25053646d920cd550,lo-fi house,House & EDM
2ptmyXoL7poH6Zq62h1QT9,Merle Haggard,64,https://i.scdn.co/image/3c40c48783d62db32dff0bd510250d7532b856ee,classic country,Country/Americana
4frXpPxQQZwbCu3eTGnZEw,Thundercat,72,https://i.scdn.co/image/ab6761610000e5eb6941830307896269157f7dd4,Electronic,House & EDM
2a0uxJgbvvIRI4GX8pYfcr,J Hus,67,https://i.scdn.co/image/ab6761610000e5eb5e58d093b8bedfa530c2dd61,grime,Bass Music
5E2rtn57BM2WPjwak4kGd5,At the Drive-In,48,https://i.scdn.co/image/ab6761610000e5eb35647a12f98234da77b10f2d,post-hardcore,Punk/Hardcore
0dZNgMASTkXi62oR3aFWiN,George Lewis Quartet,1,https://i.scdn.co/image/ab67616d0000b273cdf553e82d3886a0ecdc730c,ragtime,Jazz
1Wtz8SWaj8SxihMQDiAIxk,Artilect,5,https://i.scdn.co/image/ab67616d0000b273e89ed70ede23a709354df62a,jungle,Bass Music
2PT0dZa1yzFBrkp8U1UTKW,Kid Lib,17,https://i.scdn.co/image/ab6761610000e5eb1f6a8555a2c15dc4a709537d,jungle,Bass Music
68kEuyFKyqrdQQLLsmiatm,Vince Staples,69,https://i.scdn.co/image/ab6761610000e5eb53054f8bc7e0153daefe12cc,Hip Hop,Hip Hop/Rap
33blhBVeWDbTWOLWkKbrxH,Sam Morgan's Jazz Band,10,https://i.scdn.co/image/ab67616d0000b273952efd0e1f07cb16ed140cdd,ragtime,Jazz
6XC2sEBXW5xqpPSbYgMnvc,Sean Nicholas Savage,34,https://i.scdn.co/image/ab6761610000e5eb4c72d267930427470594925e,Pop,Pop
4EnEZVjo3w1cwcQYePccay,N.W.A.,67,https://i.scdn.co/image/4f36d3f900eaf8381b0d3f5febe0e5bf8c94dbea,old school hip hop,Hip Hop/Rap
31z9f9AyPawiq0qlBO1M3i,Ryan Bingham,61,https://i.scdn.co/image/ab6761610000e5ebe91d2667892142d29ca62111,red dirt,Country/Americana
2DcAdoxP41GECOfZt2MhQL,Dirty Art Club,43,https://i.scdn.co/image/ab6761610000e5eb4e3a1c782980c0a660fa751f,trip hop,Ambient & Experimental Electronic
7BDI9Iqt24gl4RGdS6hWs9,Ray Peterson,45,https://i.scdn.co/image/ab67616d0000b2736073e4984d74026210725b7f,adult standards,Pop
4hKkEHkaqCsyxNxXEsszVH,John Travolta,68,https://i.scdn.co/image/05b40ccc7a84868fe05d774aac684c24565cec7d,musicals,Unlisted
4QQgXkCYTt3BlENzhyNETg,"Earth, Wind & Fire",77,https://i.scdn.co/image/ab6761610000e5eb9722e16a886767adf1178f92,funk,Funk/Disco
0LyTHMstvqKiSoqdnnjqix,Mildred Bailey,39,https://i.scdn.co/image/ab67616d0000b27330d5d7679987e4f0feeff5be,vocal jazz,Jazz
5lkiCO9UQ8B23dZ1o0UV4m,Jackson Browne,66,https://i.scdn.co/image/ab6761610000e5ebef4b0122d50775167339c7c2,yacht rock,Rock
