date (dd-mm-yyyy),webTitle,short_description,webUrl,imageUrl
01-01-2023,Kim Jong-un vows to ‘exponentially’ increase nuclear warhead production,North Korean leader marks New Year with fresh ballistic missile launch just hours into 2023,https://www.theguardian.com/world/2023/jan/01/kim-jong-un-north-korea-exponentially-increase-nuclear-warhead-production,https://media.guim.co.uk/4aeb9f30e7d1d1ae3b9d7b9f817a847adb27c77b/0_233_3500_2101/500.jpg
02-01-2023,Labor flags wastewater tests on inbound planes as mandatory Covid checks for China arrivals resumes,Health minister defends country-specific testing as necessary due to ‘absence of comprehensive information’ on Covid’s spread in China,https://www.theguardian.com/world/2023/jan/02/labor-flags-wastewater-tests-on-inbound-planes-as-mandatory-covid-checks-for-china-arrivals-resumes,https://media.guim.co.uk/cad2cbc8e881787c8941f199301054ffde1f0fd3/0_0_5934_3560/500.jpg
03-01-2023,"Bodies left to decay outside overcrowded Papua New Guinea morgue, footage shows",Uncollected dead stored in shed with no air conditioning despite tropical heat will have to be buried in mass grave,https://www.theguardian.com/world/2023/jan/03/bodies-left-to-decay-outside-overcrowded-papua-new-guinea-morgue-footage-shows,https://media.guim.co.uk/e69b1aad89c3924c29cd95b7b4f0ec200c720bb8/744_958_4804_2882/500.jpg
04-01-2023,China threatens ‘countermeasures’ over other countries’ Covid travel restrictions,US among several countries defending virus tests for China passengers as Beijing threatens to retaliate,https://www.theguardian.com/world/2023/jan/03/china-criticises-other-countries-for-excessive-covid-travel-rules,https://media.guim.co.uk/938362a788d643d228899b44b26df7577c21ee6a/0_169_5438_3263/500.jpg
05-01-2023,Number of populist world leaders at 20-year low,"After Bolsonaro’s defeat and Duterte’s departure, 1.7 billion people are now living under populist rule, report says",https://www.theguardian.com/world/2023/jan/05/number-of-populist-world-leaders-at-20-year-low,https://media.guim.co.uk/c059288a6e1b746e06a4f7c0b245a64c29b48923/0_309_5000_3000/500.jpg
06-01-2023,"Putin ally fighting to control salt and gypsum mines near Ukraine city of Bakhmut, says US",Officials believe Yevgeny Prigozhin – owner of the private military Wagner Group – is vying for natural resources to help fund Russia’s war,https://www.theguardian.com/world/2023/jan/06/putin-ally-fighting-to-control-salt-and-gypsum-mines-near-ukraine-city-of-bakhmut-says-us,https://media.guim.co.uk/dce279360724de16eeec85a2c25152c7b201bb0c/0_168_6000_3600/500.jpg
07-01-2023,Russia-Ukraine war at a glance: what we know on day 318 of the invasion,New $3.75bn US military aid package for Ukraine to include Bradley fighting vehicles for first time; Russian shelling reported despite Moscow’s ceasefire declaration,https://www.theguardian.com/world/2023/jan/07/russia-ukraine-war-at-a-glance-what-we-know-on-day-318-of-the-invasion,https://media.guim.co.uk/be0beb436a0e59bf7e693bee61ee794086304d60/747_0_6632_3983/500.jpg
08-01-2023,Russia-Ukraine war at a glance: what we know on day 319 of the invasion,At least three killed in Russian attacks on Ukraine despite Moscow’s self-declared ceasefire; UK says fighting continued at ‘routine level’ into Orthodox Christmas,https://www.theguardian.com/world/2023/jan/08/russia-ukraine-war-at-a-glance-what-we-know-on-day-319-of-the-invasion,https://media.guim.co.uk/444b042c6e7e03cc2d8099f742127373bd3adaca/0_3_5000_3002/500.jpg
09-01-2023,Brazil congress attack: what we know so far,President Lula denounces ‘fanatical fascists’ and announces federal security intervention after Bolsonaro supporters storm political buildings in capital,https://www.theguardian.com/world/2023/jan/09/brazil-congress-attack-stormed-invasion-jair-bolsonaro-supporters-what-we-know-so-far,https://media.guim.co.uk/3a9e18b6f438c74f6ec0bc54e104119f88834f19/0_374_5616_3370/500.jpg
10-01-2023,Pro-democracy Hong Kong tycoon Jimmy Lai requests Rishi Sunak meeting ,Dual Hong Kong and British citizen is awaiting trial on national security charges that could result in life sentence,https://www.theguardian.com/world/2023/jan/10/hong-kong-tycoon-jimmy-lai-rishi-sunak-meeting-report,https://media.guim.co.uk/2cf1e249cf7d0e0940f4b8ffbd35f957cd22e745/0_255_6000_3600/500.jpg
11-01-2023,Yemen: 87 civilians killed by UK and US weapons in just over a year,Oxfam says its analysis of January 2021 to February 2022 underlines need for UK to stop arming Saudi Arabia,https://www.theguardian.com/world/2023/jan/11/yemen-87-civilians-killed-by-uk-and-us-weapons-in-just-over-a-year,https://media.guim.co.uk/34897706d26ce1a8dacedd3977afd30d1b4deb87/0_224_6720_4032/500.jpg
12-01-2023,‘We are inextricably linked’: Māori tribe urges Sotheby’s to return relics up for auction,"New Zealand tribe says only a handful of its cultural taonga, or treasures, are left after successive waves of looting during colonial times",https://www.theguardian.com/world/2023/jan/12/maori-tribe-sothebys-relics-auction-new-zealand,https://media.guim.co.uk/cf61c23e1ac20e68811884911303c8d10feb8c85/0_0_2796_1678/500.jpg
13-01-2023,Time to branch out? Trees put lawns in the shade when it comes to tackling climate crisis,"Traditional lawn has been under fire for years because of its lack of biodiversity and voracious appetite for fertiliser, herbicides and mowing",https://www.theguardian.com/world/2023/jan/13/time-to-branch-out-trees-put-lawns-in-the-shade-when-it-comes-to-tackling-climate-crisis,https://media.guim.co.uk/742528420eaabec704457febcb3d2bbe0a073722/0_104_5760_3456/500.jpg
14-01-2023,US-born princess vows to stay in Rome villa despite eviction order,Saga continues over property housing Caravaggio’s only ceiling fresco as fifth auction fails to attract bids,https://www.theguardian.com/world/2023/jan/14/us-born-princess-vows-to-stay-in-rome-villa-despite-eviction-order-caravaggio-ceiling-fresco,https://media.guim.co.uk/a5b51d1c79097862c310d0cd19221463aa1605cf/0_0_3543_2127/500.jpg
15-01-2023,Russia-Ukraine war at a glance: what we know on day 326 of the invasion,Russian missile attacks in Dnipro kill at least 14; UK pledges to send Ukraine tanks to ‘push Russian troops back’; power outages across Ukraine,https://www.theguardian.com/world/2023/jan/15/russia-ukraine-war-at-a-glance-what-we-know-on-day-326-of-the-invasion,https://media.guim.co.uk/0e1a2d307ec034dda2736bd96ee5c1734236583b/0_345_5184_3110/500.jpg
16-01-2023,Russia carries out two mass rocket strikes on Ukraine killing at least 30 people ,"The targets of the attack – in which scores were injured – was Ukraine’s energy infrastructure, authorities said",https://www.theguardian.com/world/2023/jan/14/russia-carries-out-two-mass-rocket-strikes-on-ukraine-killing-at-least-five-people,https://media.guim.co.uk/f77138ec2987ea7c33cf8ee45febfda0e1ac36db/0_224_6000_3600/500.jpg
17-01-2023,‘Binge rainfall’ sends New Zealanders’ summer plans down the drain,"While rainfall has been below average across the South Island, unusually wet patterns across the north have scuppered post-Christmas holidays",https://www.theguardian.com/world/2023/jan/17/new-zealand-weather-summer-binge-rainfall,https://media.guim.co.uk/00ad6157e706dddd7cc0bd3d2afb2e023e306b30/0_147_3984_2390/500.jpg
18-01-2023,Electric vehicle sales accelerate to record highs in New Zealand,"Environmental awareness and government-backed subsidies have contributed to the spike, while Australian purchases remain stuck in the slow lane",https://www.theguardian.com/world/2023/jan/18/electric-vehicle-car-sales-new-zealand-record-highs,https://media.guim.co.uk/0ccf2af46cafee253fa3080e8836d22aa63ae4c9/0_170_5178_3107/500.jpg
19-01-2023,"Cyber-attacks have tripled in past year, says Ukraine’s cybersecurity agency",UK security minister Tom Tugendhat warns of ‘persistent threat’ of Russian attacks on country’s infrastructure,https://www.theguardian.com/world/2023/jan/19/cyber-attacks-have-tripled-in-past-year-says-ukraine-cybersecurity-agency,https://media.guim.co.uk/d06d718ae285c48593567d6361e9ceb17ba9750a/0_169_3888_2333/500.jpg
20-01-2023,Poland could send Leopard tanks to Ukraine without German approval,"Polish prime minister says key issue is to get military aid to Ukraine urgently, as US unveils fresh $2.5bn aid package including fighting vehicles but not tanks",https://www.theguardian.com/world/2023/jan/19/poland-could-send-leopard-tanks-to-ukraine-without-german-approval,https://media.guim.co.uk/4a03fe7c691d9d8638b82a01a557431e220e3027/0_73_5044_3026/500.jpg
21-01-2023,Chris Hipkins set to become next prime minister of New Zealand,Minister selected by Labour party to succeed Jacinda Ardern after her shock resignation on Thursday,https://www.theguardian.com/world/2023/jan/20/chris-hipkins-set-to-become-next-prime-minister-of-new-zealand,https://media.guim.co.uk/14320501fb26211091c262cd3d3eeade23816b7e/732_1_3032_1820/500.jpg
22-01-2023,Sandi Toksvig to meet Archbishop of Canterbury over same-sex marriage,Move follows bishops’ refusal to back gay marriage while blessings to be on voluntary basis for clergy,https://www.theguardian.com/world/2023/jan/22/sandi-toksvig-to-meet-archbishop-of-canterbury-over-same-sex-marriage,https://media.guim.co.uk/25805ede14a446cec75cdf30464230197f1ae7f5/0_131_2455_1472/500.jpg
23-01-2023,France protests: man lost testicle after clashes with police – lawyer,French law enforcement facing renewed accusations of excessive force in aftermath of widespread protests against pension reform,https://www.theguardian.com/world/2023/jan/23/france-protests-retirement-age-pension-reform-man-loses-testicle-clashes-with-police,https://media.guim.co.uk/52f8b01d6e44143b8ad9422d12f34196c63144e3/0_183_5500_3300/500.jpg
24-01-2023,Did she inspire or fail to deliver? Readers on how Jacinda Ardern will be remembered,"Most praised New Zealand’s outgoing prime minister for her handling of crises, while others criticised her domestic policy record",https://www.theguardian.com/world/2023/jan/24/readers-on-how-jacinda-ardern-will-be-remembered-as-new-zealand-prime-minister-pm,https://media.guim.co.uk/06164e6bb66512d87495164bb3bf45e19d5cfb46/401_4_1749_1050/500.jpg
25-01-2023,Fifth of LGBTQ+ people in UK subjected to conversion practices,Polling comes amid Conservative backbench unrest at government plan to ban conversion practices,https://www.theguardian.com/world/2023/jan/25/fifth-lgbt-people-uk-subjected-conversion-practices,https://media.guim.co.uk/2601bfb459562fd0cb4a8ffc8c4c431fd044eaa4/0_415_1423_853/500.jpg
26-01-2023,Onion smuggling rackets thrive as staple becomes a luxury in Philippines,Millions of dollars’ worth of onions seized by authorities as inflation crisis sees the cost of other basics soar,https://www.theguardian.com/world/2023/jan/26/onion-smuggling-rackets-thrive-as-staple-becomes-a-luxury-in-philippines,https://media.guim.co.uk/da5dea9db40acaf15280da983fc2987b24e64ac5/0_0_6720_4032/500.jpg
27-01-2023,Concerns over escalating violence after Israeli forces kill nine Palestinians during West Bank raid,"Palestinian militants fired rockets from Gaza on Friday morning, to which Israel responded with missile strikes",https://www.theguardian.com/world/2023/jan/27/concerns-over-escalating-violence-after-israeli-forces-kill-nine-palestinians-during-west-bank-raid,https://media.guim.co.uk/2f858821492fbe4c089bd657fd7680da9d584386/0_257_5616_3370/500.jpg
28-01-2023,Seven Israelis killed leaving synagogue in East Jerusalem,Benjamin Netanyahu promises immediate action after gunman opened fire on people in worst terrorist attack on Israelis in years,https://www.theguardian.com/world/2023/jan/27/seven-israelis-killed-leaving-synagogue-in-east-jerusalem,https://media.guim.co.uk/95ebbcd09f07a6de3ae7f0e17679e0198e91c152/0_0_5500_3301/500.jpg
29-01-2023,Russia-Ukraine war at a glance: what we know on day 340 of the invasion,EU president says Ukraine has unconditional support ahead of summit; Russian strike kills three people in a residential district of eastern Ukraine,https://www.theguardian.com/world/2023/jan/29/russia-ukraine-war-at-a-glance-what-we-know-on-day-340-of-the-invasion,https://media.guim.co.uk/ca134dcf3fd9130430fc89b261a60c15f97121d5/0_129_5113_3068/500.jpg
30-01-2023,Australian Catholic groups push for progressive church reforms in wake of George Pell’s death,Reformists say timing of gathering on day of Pell’s funeral a coincidence but does set up an ‘interesting contrast’,https://www.theguardian.com/world/2023/jan/30/australian-catholic-groups-push-for-progressive-church-reforms-in-wake-of-george-pells-death,https://media.guim.co.uk/b4d77fa1f828ab940f7f07085d4300bc32a4e874/0_0_6192_3715/500.jpg
31-01-2023,New Zealand’s Labour party sees boost in polls after Ardern resignation,Polls conducted after Chris Hipkins became prime minister have given New Zealand’s governing party its best result in a year,https://www.theguardian.com/world/2023/jan/31/new-zealand-labour-party-polling-chris-hipkins-jacinda-ardern-resignation,https://media.guim.co.uk/4b736949bf315dc660cefdb8c9be138d8d4bfc15/0_180_5400_3240/500.jpg
01-02-2023,New Zealand PM welcomes change to Australia’s ‘corrosive’ deportation policy,Length of time someone has lived in Australia will be taken into account when considering whether to deport Kiwis who have been sentenced to a year or more in prison,https://www.theguardian.com/australia-news/2023/feb/01/australia-to-overhaul-approach-to-new-zealand-kiwis-deportation,https://media.guim.co.uk/135561cc48c67907ef2a11509361717af959ae00/0_185_5536_3322/500.jpg
02-02-2023,Labour hopes to ensure black-led firms access lucrative government contracts,Race equality task force also proposes mandatory ethnicity pay gap reporting,https://www.theguardian.com/world/2023/feb/02/labour-hopes-to-ensure-black-led-firms-access-lucrative-government-contracts,https://media.guim.co.uk/67f34cd74e8385fd668a4e113f28001c5b8a0258/0_589_3594_2154/500.jpg
03-02-2023,Italian mob suspect Edgardo Greco found working as pizza chef after 16 years on run,"Greco wanted for murder of two brothers beaten to death in Calabria as part of ‘mafia war’, Interpol says",https://www.theguardian.com/world/2023/feb/03/italian-mob-suspect-edgardo-greco-found-working-as-pizza-chef-after-16-years-on-run,https://media.guim.co.uk/53138bf890f22bfecfad4c267a211ebb92bdcce1/0_63_3012_1807/500.jpg
04-02-2023,Chile widens state of emergency as raging wildfires leave at least 13 dead,President Gabriel Boric cuts short vacation as heatwave fuels nearly 40 blazes across southern and central regions,https://www.theguardian.com/world/2023/feb/03/chile-wildfires-state-of-emergency,https://media.guim.co.uk/904a97418dc791144e2cd677ba01b299337044f9/0_128_3840_2304/500.jpg
05-02-2023,Same-sex marriage row looms over Church of England synod,MPs consider repeal of 1919 act that allows Church of England to govern itself as bishops continue to rule out marriage equality,https://www.theguardian.com/world/2023/feb/05/same-sex-marriage-row-looms-over-church-of-england-synod,https://media.guim.co.uk/58cd5719281394f1c13a498ef166c717f00ff776/0_116_3500_2101/500.jpg
06-02-2023,Waitangi Day celebrations struggle to mute politics in heated election year,"Questions of sovereignty, inequality and New Zealand history hang in the background as political speeches foreshadow a future in which relationship with Māori plays a central role",https://www.theguardian.com/world/2023/feb/06/waitangi-day-celebrations-new-zealand-politics-2023-election,https://media.guim.co.uk/dc0db1eecf3eca986755ed308a18a0164f0b190e/0_70_4651_2792/500.jpg
07-02-2023,Russia-Ukraine war at a glance: what we know on day 349 of the invasion,Intense fighting continues in eastern city of Bakhmut; EU preparing for potential visit by Zelenskiy to Brussels on Thursday,https://www.theguardian.com/world/2023/feb/07/russia-ukraine-war-at-a-glance-what-we-know-on-day-349-of-the-invasion,https://media.guim.co.uk/65129d0cc1d215ec4ba9ccafa3337c753d5a2afc/0_324_6000_3601/500.jpg
08-02-2023,"‘We just want to live in a normal world’: China’s young protesters speak out, and disappear",‘Blank Paper movement’ decrying government policies rekindles dissent after Xi Jinping’s decade of iron-fisted crackdowns,https://www.theguardian.com/world/2023/feb/08/we-just-want-to-live-in-a-normal-world-chinas-young-protesters-speak-out-and-disappear,https://media.guim.co.uk/1ffa3cd3dca373150fc427aed8ec37592566fcd9/248_115_5252_3151/500.jpg
09-02-2023,New Zealand government under fire after shelving Christchurch hate speech reforms,"Prime minister Chris Hipkins has said his government will refocus on economic issues, after dropping laws put forward after terror attack",https://www.theguardian.com/world/2023/feb/09/new-zealand-government-under-fire-after-shelving-christchurch-hate-speech-reforms,https://media.guim.co.uk/2ac1d6e2e856fc8918fe9a96c285ed85ceb42ba7/0_87_5000_3002/500.jpg
10-02-2023,Thousands of Afghans who helped British forces ‘remain stranded by UK’,Damning report by MPs urges government to ensure safe passage for interpreters and contractors at risk from Taliban,https://www.theguardian.com/world/2023/feb/10/thousands-of-afghans-who-helped-british-forces-remain-stranded-by-uk,https://media.guim.co.uk/d6ffbbc4dfac92a7daf08bf77a1ca4bc6e6a6a10/0_151_2417_1450/500.jpg
11-02-2023,"Children fleeing danger in small boats should be deported, says Tory thinktank",Policy Exchange paper envisages sidestepping Human Rights and Modern Slavery acts to eliminate legal challenges,https://www.theguardian.com/world/2023/feb/11/children-fleeing-danger-in-small-boats-should-be-deported-says-tory-thinktank,https://media.guim.co.uk/ad78a46121913283bcc612b0f75d7079b16537a2/0_175_5276_3167/500.jpg
12-02-2023,"New ‘unidentified object’ shot down over Canada, says Trudeau",Canadian prime minister says he has spoken to US president Joe Biden about the object,https://www.theguardian.com/world/2023/feb/11/new-unidentified-object-shot-down-over-canada-says-trudeau,https://media.guim.co.uk/da69958bfd73bff02348f79e6e7022ad8845fd0b/0_0_4000_2401/500.jpg
13-02-2023,Dictator Hun Sen shuts down Cambodia’s VOD broadcaster,"Voice of Democracy, one of few remaining independent media outlets, offended prime minister with mention of his son",https://www.theguardian.com/world/2023/feb/13/dictator-hun-sen-shuts-down-cambodias-vod-broadcaster,https://media.guim.co.uk/7962829c8c4f3371a3a07a92331512aab5f2d7d6/0_0_2992_1795/500.jpg
14-02-2023,Leaders urged to ‘take a stand’ after violence outside Knowsley asylum hotel,Charities condemn policies that ‘demonise’ refugees after home secretary accused of victim blaming,https://www.theguardian.com/world/2023/feb/14/leaders-urged-to-take-a-stand-after-violence-outside-knowsley-asylum-hotel,https://media.guim.co.uk/0e8e4a0e263d20035977669faa30c22ff240c2e6/0_663_2056_1233/500.jpg
15-02-2023,"Chinese cameras leave British police vulnerable to spying, says watchdog",Warning in surveillance commissioner’s report comes after Chinese CCTV cameras banned from government property,https://www.theguardian.com/world/2023/feb/15/chinese-cameras-leave-british-police-vulnerable-to-spying-says-watchdog,https://media.guim.co.uk/93015bce79b9d0ce52d05b0cedf935d33802abaf/0_282_4500_2700/500.jpg
16-02-2023,Cyclone Gabrielle: fresh storm warnings for New Zealand’s worst-hit regions as death toll rises to five,"‘Grave concerns’ for people seen swept away by flood waters as Bay of Plenty, Gisborne and Hawke’s Bay brace for severe thunderstorms",https://www.theguardian.com/world/2023/feb/16/cyclone-gabrielle-new-zealand-weather-floods-flooding-storm-warnings-deaths,https://media.guim.co.uk/8a1d817972ef10fb4880967b540905157919b55e/0_308_7921_4753/500.jpg
17-02-2023,Cyclone Gabrielle: temporary morgues set up in New Zealand as rescues continue,Facilities in Napier and Hastings announced as death toll climbs to eight with authorities warning that it is likely to rise further,https://www.theguardian.com/world/2023/feb/17/cyclone-gabrielle-nz-temporary-morgues-napier-hastings-death-toll-new-zealand,https://media.guim.co.uk/9a966627b8ffda1885086a3fd0e532a372dd2a6b/0_220_6602_3961/500.jpg
18-02-2023,Russia-Ukraine war at a glance: what we know on day 360 of the invasion,Volodymyr Zelenskiy urges west to speed up its support as world leaders gather at Munich security conference,https://www.theguardian.com/world/2023/feb/18/russia-ukraine-war-at-a-glance-what-we-know-on-day-360-of-the-invasion,https://media.guim.co.uk/ca8455bfe45010c2b007e54640105084d97daf2d/0_94_6000_3601/500.jpg
19-02-2023,Brussels tries to form united front against Putin’s oligarchs,The west has made it hard for Russia’s millionaires to retain assets – but not impossible. Now the EU wants to try harder,https://www.theguardian.com/world/2023/feb/19/brussels-tries-to-form-united-front-against-putins-oligarchs,https://media.guim.co.uk/6251456eaf056d8c29ede6214235b7b859a19d87/0_87_3885_2331/500.jpg
20-02-2023,Four English councils bring half of legal actions for blue badge misuse,"Two-thirds of local authorities did not prosecute anyone for disabled parking scheme fraud, data reveals",https://www.theguardian.com/society/2023/feb/20/four-english-councils-bring-half-of-legal-actions-for-blue-badge-misuse,https://media.guim.co.uk/3a2de48a896a71d6a930281b28c6a4100ce89e53/0_0_4290_2574/500.jpg
21-02-2023,Dom Phillips and Bruno Pereira remembered in Rio as carnival emerges from Bolsonaro era,"Dancing and debauchery peppered with more sombre moments, including defiant tributes to murdered British journalist and Brazilian Indigenous expert",https://www.theguardian.com/world/2023/feb/21/dom-phillips-and-bruno-pereira-remembered-in-rio-as-carnival-emerges-from-bolsonaro-era,https://media.guim.co.uk/7c34760bbf8407d251f7417bd777e03a9ca42fa4/1177_92_2338_1403/500.jpg
22-02-2023,What is the New Start nuclear treaty and what are the risks of Russia suspending it? ,"Russia has suspended its participation in the nuclear treaty, but says it will continue to abide by restrictions",https://www.theguardian.com/world/2023/feb/22/what-is-the-new-start-nuclear-arms-treaty-and-what-are-the-risks-if-russia-vladimir-putin-suspends-it,https://media.guim.co.uk/0856c76de2d712078807519efc51a621ddc2e064/0_67_4000_2401/500.jpg
23-02-2023,"Russian invasion ‘an affront’, says UN chief, as assembly meets on Ukraine",UN general assembly debates motion calling for unconditional withdrawal of Russian troops from Ukraine on anniversary of war,https://www.theguardian.com/world/2023/feb/23/un-chief-condemns-russian-invasion-ukraine-united-nations-assembly-vote-peace-motion,https://media.guim.co.uk/07a596b48f94496e43904e4baf9870dbc5830ff2/0_0_3500_2101/500.jpg
24-02-2023,Harvey Weinstein sentenced to 16 additional years for LA rape conviction,Disgraced producer was previously convicted of rape and sexual assault in New York and is serving a 23-year term,https://www.theguardian.com/world/2023/feb/23/harvey-weinstein-los-angeles-rape-conviction-sentencing,https://media.guim.co.uk/2a7a5234d0c3e12061d759283966e81c439c82e3/0_202_7500_4500/500.jpg
25-02-2023,What happened in the Russia-Ukraine war this week? Catch up with the must-read news and analysis,Volodymyr Zelenskiy gives defiant speech on one-year anniversary of invasion; Joe Biden’s daring Kyiv trip; the muted Russian protests against war,https://www.theguardian.com/world/2023/feb/25/what-happened-in-the-russia-ukraine-war-this-week-catch-up-with-the-must-read-news-and-analysis,https://media.guim.co.uk/7d4c79b01377444f39a2e5699f8421b50d103934/0_283_5472_3283/500.jpg
26-02-2023,Thailand’s missing monkeys: why did hundreds of rhesus macaques vanish from a temple?,Police in Loei trying to determine if the animals migrated or were taken as part of a trafficking operation,https://www.theguardian.com/world/2023/feb/26/thailands-missing-monkeys-why-did-hundreds-of-rhesus-macaques-vanish-from-a-temple,https://media.guim.co.uk/36c50fdea2a71f0463992f2aff40c0328272f754/0_507_8213_4931/500.jpg
27-02-2023,Big Buddha and funeral home rights: how China is tackling its massive debt burden,"Zero-Covid spending and lower taxes has led to £4.2tn in local government debt, posing a ‘big headache’ for the economy",https://www.theguardian.com/world/2023/feb/27/big-buddha-and-funeral-home-rights-how-china-is-tackling-its-massive-provincial-government-debt-burden,https://media.guim.co.uk/b895af047889015db7b4bfbdcde769647b0967b3/0_275_8256_4954/500.jpg
28-02-2023,My Cyclone Diary: The day we watched the flood swallow Wairoa,"In the first instalment in a series of diaries about Cyclone Gabrielle’s aftermath in New Zealand, Anna Rankin writes about the shock of seeing her town go under",https://www.theguardian.com/world/2023/feb/28/the-day-the-flood-came-watching-the-river-swallow-wairoa,https://media.guim.co.uk/ca7850869e44618f03174a5ff5cdce6c0a017687/0_118_3543_2126/500.jpg
01-03-2023,Wednesday briefing: What Northern Ireland really thinks of Sunak’s Brexit deal,In today’s newsletter: Rishi Sunak hails the new Windsor agreement as a breakthrough but what does it mean for businesses and politicians – and what comes next?,https://www.theguardian.com/world/2023/mar/01/wednesday-briefing-what-northern-ireland-really-thinks-of-sunaks-brexit-deal,https://media.guim.co.uk/f7a9b316eebd8aca929b70a515ee4579895faa79/0_72_2150_1290/500.jpg
02-03-2023,"Kherson torture centres were planned by Russian state, say lawyers",Investigators say sites set up during occupation of Ukrainian city were part of ‘calculated plan to terrorise’ locals,https://www.theguardian.com/world/2023/mar/02/kherson-torture-centres-were-planned-by-russian-state-say-lawyers,https://media.guim.co.uk/2f562a4d6920afa706e462a09f5aa3d6155af073/0_295_6720_4032/500.jpg
03-03-2023,"Drugs, jacuzzis and a horse: the anarchic Philippines prison where anything can be bought","After raids at the New Bilibid prison identified thousands of contraband goods, the management of the country’s prisons is in the spotlight",https://www.theguardian.com/world/2023/mar/03/drugs-jacuzzis-and-a-horse-the-anarchic-philippines-prison-where-anything-can-be-bought,https://media.guim.co.uk/f73a56a31f99cfee573aeefb37cf5d92707be1cc/0_0_4096_2459/500.jpg
04-03-2023,Russia-Ukraine war at a glance: what we know on day 374 of the invasion,Situation in besieged city of Bakhmut appears dire as Joe Biden and Olaf Scholz meet to coordinate support for Ukraine,https://www.theguardian.com/world/2023/mar/04/russia-ukraine-war-at-a-glance-what-we-know-on-day-374-of-the-invasion,https://media.guim.co.uk/583ae94b2ef95404ceb418342832a7a59a46d182/0_497_3783_2270/500.jpg
05-03-2023,Matt Hancock wanted to ‘frighten everyone’ into following Covid rules,Latest batch of WhatsApp messages reveal discussions over when to ‘deploy’ details of new strain,https://www.theguardian.com/politics/2023/mar/05/matt-hancock-wanted-to-frighten-everyone-into-following-covid-rules,https://media.guim.co.uk/20ec976301b3cb09e55b2abebb6186e0c4bd1327/0_90_5819_3491/500.jpg
06-03-2023,Asexuality finding a place in Pride: ‘It’s OK to not be attracted to other people’,"Asexual people say their orientation is still little understood, even and perhaps especially, during rainbow celebrations",https://www.theguardian.com/world/2023/mar/06/asexuality-finding-a-place-in-pride-its-ok-to-not-be-attracted-to-other-people,https://media.guim.co.uk/544f1fb5074bb57f83a8ba74fd05f9027e42eade/0_518_4032_2419/500.jpg
07-03-2023,"Missing black and Asian people less likely to be found by police, report finds","Lower proportion of cases are solved in comparison with incidents involving white people, charity research suggests",https://www.theguardian.com/world/2023/mar/07/race-disparities-in-missing-person-cases-revealed,https://media.guim.co.uk/6b57f967e33070c3a3374a4d0e5a4a2c04f3493f/0_56_3500_2101/500.jpg
08-03-2023,"Buried by mud and silt, New Zealand’s farms face ‘10-year recovery’ – picture essay",Livelihoods in tatters after months of relentless rain and extreme weather – and the clean-up is just beginning,https://www.theguardian.com/world/2023/mar/08/buried-by-mud-and-silt-new-zealands-farms-face-10-year-recovery-picture-essay,https://media.guim.co.uk/aec33748a4ea09f7405362bae11a664d2ef8a783/0_0_4766_2860/500.jpg
09-03-2023,"Aukus submarine deal: Australia expected to choose UK design, sources say","Rishi Sunak said to have been ‘buzzing’ about result of 18-month negotiations, part of Aukus defence pact with US",https://www.theguardian.com/world/2023/mar/08/uk-to-unveil-nuclear-submarines-deal-with-australia-sources-say,https://media.guim.co.uk/0450333f9199e1d0177966a41272394433866e89/0_200_3000_1800/500.jpg
10-03-2023,Seven reported killed in attack at church in Germany – as it happened,This blog is now closed. You can read our story on the attack below:,https://www.theguardian.com/world/live/2023/mar/10/hamburg-shooting-attack-church-deaths-germany,https://media.guim.co.uk/1e406633d59a1752447750055c27b18fe13d57ce/0_199_6048_3627/500.jpg
11-03-2023,"‘A defeated person’: sidelined by Xi, China’s Li Keqiang bows out as premier",Hopes that Li would be a liberal reformer were curbed by Xi Jinping as the president became more and more powerful,https://www.theguardian.com/world/2023/mar/11/a-defeated-person-sidelined-by-xi-chinas-li-keqiang-bows-out-as-premier,https://media.guim.co.uk/e0a40b9589d8d816e553887bb4b635182f2f75cd/0_71_4903_2942/500.jpg
12-03-2023,"No clunkers: Australia buying ‘highest quality’ secondhand submarines from US, congressman says",Senior US lawmaker confident Virginia Class nuclear vessels can be delivered and concerns about joint crewing are ‘overhyped’,https://www.theguardian.com/world/2023/mar/12/no-clunkers-australia-buying-highest-quality-secondhand-submarines-from-us-congressman-says,https://media.guim.co.uk/40c028b337a53b76b350a5e44b36a8e34c9ded4b/0_123_2200_1321/500.jpg
13-03-2023,France challenging Russia as second biggest arms exporter behind US,"Study shows French suppliers have more major export orders than Russia, while UK’s share has dwindled",https://www.theguardian.com/world/2023/mar/13/france-challenging-russia-as-second-biggest-arms-exporter-behind-us,https://media.guim.co.uk/fd7db869b7391f4487fa8c4a75f74980c9907c62/0_279_5501_3300/500.jpg
14-03-2023,"UK aid to India does little for human rights and democracy, watchdog finds","Programme spent £2.3bn between 2016 and 2021 but is fragmented and lacks a clear rationale, report says",https://www.theguardian.com/global-development/2023/mar/14/uk-aid-india-human-rights-democracy-watchdog,https://media.guim.co.uk/f8f14eb2cdeeb2d8a4161b9b39e81420e5f9f232/0_186_6655_3993/500.jpg
15-03-2023,Russian ambassador to the US says Moscow does not want confrontation after drone crash – as it happened,This blog is now closed. You can read our full report of the drone incident here:,https://www.theguardian.com/world/live/2023/mar/14/russia-ukraine-war-grain-deal-can-be-extended-by-only-60-days-says-russian-minister-live-updates,https://media.guim.co.uk/4e659b81ef7356d46c73bdc7f610f74a0b0cfc8c/0_0_4928_2957/500.jpg
16-03-2023,"Honduras to switch ties from Taiwan to China, says president",Xiomara Castro’s move would leave Taiwan with formal diplomatic relations with only 13 countries,https://www.theguardian.com/world/2023/mar/15/honduras-to-switch-ties-from-taiwan-to-china-says-president,https://media.guim.co.uk/a614d4a2b06a2edc2114b6a44be6835d36c17d4a/0_0_4000_2400/500.jpg
17-03-2023,Ukrainian refugees struggling to find accommodation after leaving UK sponsors ,"Almost half of refugees unable to find guarantors or money for deposits to secure tenancies, a survey finds",https://www.theguardian.com/world/2023/mar/17/ukrainian-refugees-struggling-to-find-accommodation-after-leaving-uk-sponsors,https://media.guim.co.uk/0ebe4626ba02b9eaaf4f2cff9007dfd25a8749ce/0_0_8192_4918/500.jpg
18-03-2023,Russia-Ukraine war at a glance: what we know on day 388 of the invasion,"Joe Biden says international criminal court’s arrest warrant for Vladimir Putin is justified, while Volodymyr Zelenskiy hails the ‘historic’ move",https://www.theguardian.com/world/2023/mar/18/russia-ukraine-war-at-a-glance-what-we-know-on-day-388-of-the-invasion,https://media.guim.co.uk/9068b516fd63d966b9a49bcc3c71f53fcd0cf0aa/0_179_3000_1800/500.jpg
19-03-2023,Russia-Ukraine war at a glance: what we know on day 389 of the invasion,Russian president visits Mariupol after his forces accused of using cluster bombs in Kramatorsk strikes that leave two dead ,https://www.theguardian.com/world/2023/mar/19/russia-ukraine-war-at-a-glance-what-we-know-on-day-389-of-the-invasion,https://media.guim.co.uk/4dd550b8a2b3300b253f7ecfd8841a59ff0d8967/0_200_3000_1800/500.jpg
20-03-2023,"Covid has not affected people’s happiness around world, study reveals",World Happiness Report finds higher levels of benevolence in all global regions than before the pandemic,https://www.theguardian.com/world/2023/mar/20/covid-not-affected-happiness-around-world-study,https://media.guim.co.uk/8b0b9aa70108ca9fbcd2e08a65e579d7d0a2bb80/0_167_6000_3600/500.jpg
21-03-2023,Imaginary Friends: Barcelona art show aims to connect with our inner child,Exhibition evoking childhood experiences brings together installations by nine artists,https://www.theguardian.com/world/2023/mar/21/imaginary-friends-barcelona-art-show-fundacio-joan-miro-inner-child,https://media.guim.co.uk/d0b242a167dcc076ae4b91f377565d49fba5dd6c/0_101_3024_1814/500.jpg
22-03-2023,‘Draconian’ migration bill could leave tens of thousands destitute or locked up ,Refugee Council figures reveal potential human and economic cost of government’s illegal migration bill,https://www.theguardian.com/world/2023/mar/22/draconian-migration-bill-could-leave-tens-of-thousands-destitute-or-locked-up,https://media.guim.co.uk/2b4149b365d2e46627adc4c2d627e1a2dcd33a57/0_218_6527_3918/500.jpg
23-03-2023,Xi’s trip to Moscow didn’t impress the west – but his most important audience is at home,"The official narrative in China is that the US responds to problems militarily, while China uses dialogue, and there are signs this narrative is catching on",https://www.theguardian.com/world/2023/mar/23/xi-jinping-trip-moscow-didnt-impress-west-but-his-most-important-audience-is-at-home-china,https://media.guim.co.uk/4bb5fe3f4b31086ec121db37aabf697a830482e4/0_1391_3435_2059/500.jpg
24-03-2023,Hong Kong department store removes artwork with hidden ‘political content’,"Patrick Amadon, whose work flashed up names from pro-democracy protests, says it had to be taken down ‘to be a completed piece’",https://www.theguardian.com/world/2023/mar/24/no-rioters-hong-kong-megastore-sogo-self-censors-art-with-hidden-political-content,https://media.guim.co.uk/08994d23f628c4c95f5f93b7890322ef1f14555a/40_0_1160_696/500.jpg
25-03-2023,"First global water conference in 50 years yields hundreds of pledges, zero checks","Non-binding commitments, paucity of scientific data and poor representation of global south left a lot to be desired at summit",https://www.theguardian.com/world/2023/mar/24/united-nations-water-conference-new-york-pledges,https://media.guim.co.uk/23958b7245360d5117f461e537fc54e7274f36ff/0_0_4193_2517/500.jpg
26-03-2023,Honduras says there is ‘only one China’ as it officially cuts ties with Taiwan,Honduras becomes the ninth diplomatic ally that Taipei has lost to Beijing since pro-independence president Tsai Ing-wen first took office,https://www.theguardian.com/world/2023/mar/26/honduras-says-there-is-only-one-china-as-it-officially-cuts-ties-with-taiwan,https://media.guim.co.uk/4f19e2877a9819aa696c38a3029fd884deb3d5d6/0_316_6000_3600/500.jpg
27-03-2023,‘They trained us to be killers. What happens when we get home?’: US veterans and families on the Iraq war,"Those who were there or lost loved ones reflect on their experiences and the meaning of the invasion, 20 years later",https://www.theguardian.com/world/2023/mar/26/iraq-war-veterans-accounts-stories,https://media.guim.co.uk/5b73a055da3f6707c57c59a371d2eaa2ff77f4b4/0_0_2560_1536/500.jpg
28-03-2023,‘We are very vulnerable’: cyclone-hit Vanuatu pins climate hopes on UN vote,Pacific nation is sponsoring resolution that will ask ICJ to rule on consequences for climate inaction,https://www.theguardian.com/world/2023/mar/28/we-are-very-vulnerable-cyclone-hit-vanuatu-pins-climate-hopes-on-un-vote,https://media.guim.co.uk/2bb98b7954e8b3620a278da1948349aca092dd8d/0_0_3000_1800/500.jpg
29-03-2023,Israel’s Netanyahu rejects Biden’s call to ‘walk away’ from judicial overhaul,Prime minister praises US president’s commitment to Israel but will not be swayed by ‘pressures from abroad’,https://www.theguardian.com/world/2023/mar/29/israels-netanyahu-rejects-bidens-call-to-walk-away-from-judicial-overhaul,https://media.guim.co.uk/f0a2e2068ae4691ec681ffa207218a6782ef4f45/0_349_8329_4998/500.jpg
30-03-2023,Foreign maids and no military service: South Korea criticised over ideas to boost birthrate,Proposals have sparked accusations of modern-day slavery and gender inequality as urgency builds in Seoul’s race to lift world’s lowest birthrate,https://www.theguardian.com/world/2023/mar/30/foreign-maids-and-no-military-service-south-korea-criticised-over-ideas-to-boost-birthrate,https://media.guim.co.uk/5f3a18df4c78463279a71f5dd393d3f234af6d46/0_0_4472_2683/500.jpg
31-03-2023,‘Absurdity to a new level’ as Russia takes charge of UN security council,Monthly rotation of presidency of 15-member council has been unaffected by Ukraine war,https://www.theguardian.com/world/2023/mar/31/absurdity-to-a-new-level-as-russia-takes-charge-of-un-security-council,https://media.guim.co.uk/226ff6fc9bed4b8022f9fbc372b270fc79a101cb/447_1154_6634_3979/500.jpg
01-04-2023,Russia-Ukraine war at a glance: what we know on day 402 of the invasion,"Joe Biden calls on Moscow to free US journalist, ‘absurdity’ as Russia takes charge of UN security council, and Bucha atrocities remembered",https://www.theguardian.com/world/2023/apr/01/russia-ukraine-war-at-a-glance-what-we-know-on-day-402-of-the-invasion,https://media.guim.co.uk/61c6bd2a9d52d0e312798cdc09f26f9a6dc16934/0_441_5712_3427/500.jpg
02-04-2023,Russia-Ukraine war at a glance: what we know on day 403 of the invasion,"‘Absurd and destructive’ that Russia chairs security council , says Zelenskiy; top US general Milley says Ukraine unlikely to expel Russian forces this year",https://www.theguardian.com/world/2023/apr/02/russia-ukraine-war-at-a-glance-what-we-know-on-day-403-of-the-invasion,https://media.guim.co.uk/983c9b36dbabdea9b2737a1a5143bab44c6f98ee/0_48_5603_3361/500.jpg
03-04-2023,Sanna Marin suffers defeat in Finland election as SDP beaten into third place,Marin says ‘democracy is always a wonderful thing’ as her Social Democrats come third behind rightwing NCP and nationalist Finns parties,https://www.theguardian.com/world/2023/apr/02/sanna-marin-finland-election-sdp-social-democratic-national-coalition,https://media.guim.co.uk/093df1ebf452890781792d9fdf6bf951c3b87b48/0_185_4803_2882/500.jpg
04-04-2023,Asia’s arms race: potential flashpoints from Taiwan to the South China Sea,"Guardian correspondents look at the buildup of tensions across the region, from North Korea to the Pacific islands",https://www.theguardian.com/world/2023/mar/30/asia-pacific-flashpoints-fuelling-regional-arms-race-taiwan-north-korea-south-china-sea-pacific-islands,https://media.guim.co.uk/e1c9cd91c6d02378c55e5ec36ed1269aa948a472/0_66_2000_1201/500.jpg
05-04-2023,"UK blocks UN webcast featuring Russia children’s commissioner, wanted on war crimes charges",Move to deny Moscow’s children’s commissioner Maria Lvova-Belova a platform comes as she tells parents to write to her ‘to find’ their missing children,https://www.theguardian.com/world/2023/apr/05/uk-blocks-un-webcast-featuring-russia-childrens-commissioner-wanted-on-war-crimes-charges,https://media.guim.co.uk/f7b64eb30314a697cd79c1000111c39b3ef1d7e5/0_49_4936_2963/500.jpg
06-04-2023,Taiwan monitoring Chinese strike group off the coast after president meets US speaker,"China has said it would take ‘resolute’ measures to defend sovereignty, after denouncing Tsai’s meeting in California with McCarthy",https://www.theguardian.com/world/2023/apr/05/taiwan-president-us-house-speaker-kevin-mccarthy,https://media.guim.co.uk/87955ded43a191911c1cee7918537bf873be1bd4/0_0_4849_2909/500.jpg
07-04-2023,"Unable to shoot rabbits this Easter, New Zealand mulls deadly virus to fight ‘plague’","Pest numbers are booming and the annual cull has been called off, forcing one rural council to look at other ways to control the rabbit boom",https://www.theguardian.com/world/2023/apr/07/unable-to-shoot-rabbits-this-easter-new-zealand-mulls-deadly-virus-to-fight-plague,https://media.guim.co.uk/5645b466311221e029c1aded0343f3ce2767dbcd/538_942_3234_1940/500.jpg
08-04-2023,Violence in Tel Aviv leaves one dead and five injured,"Italian tourist dies and Britons among injured after driver rams people near beach, Israeli officials report",https://www.theguardian.com/world/2023/apr/07/one-killed-and-six-injured-in-suspected-attack-in-tel-aviv,https://media.guim.co.uk/fe7f5640e6a529fcc296fd50e98071b50549720f/1248_935_3942_2365/500.jpg
09-04-2023,China sends dozens of warplanes towards Taiwan as US urges restraint amid military drills,"Show of force comes after Taiwanese president Tsai met US House speaker McCarthy this week, despite Beijing warning against it",https://www.theguardian.com/world/2023/apr/09/taiwan-monitors-for-missiles-as-china-begins-second-day-of-military-drills,https://media.guim.co.uk/386912ecd4ec135d3f7574773b218b32aca69638/65_0_1013_608/500.jpg
10-04-2023,"‘A scary scene’: Auckland, still recovering from deadly flooding, hit by tornado",Residents of New Zealand’s largest city say people are ‘heartbroken’ at fresh damage wreaked by storm,https://www.theguardian.com/world/2023/apr/10/a-scary-scene-auckland-still-recovering-from-deadly-flooding-hit-by-tornado,https://media.guim.co.uk/09e215b9638b1de781eec8ae650f183596b8c83e/0_120_3600_2160/500.jpg
11-04-2023,Sixth body found in rubble of collapsed building in Marseille,"Rescue workers continue to search smouldering debris for more people after suspected explosion, as manslaughter investigation opened",https://www.theguardian.com/world/2023/apr/10/body-found-rubble-collapsed-building-marseille,https://media.guim.co.uk/ecc033a04da4d5bfb1b578c7a114f6cda0579186/0_355_5330_3198/500.jpg
12-04-2023,"New Zealand Labour tied with National in latest polls, six months out from election",Māori party likely to be kingmaker according to latest polls as countdown begins to election day,https://www.theguardian.com/world/2023/apr/12/new-zealand-labour-tied-with-national-in-latest-polls-six-months-out-from-election,https://media.guim.co.uk/42ba0149d0748ec3f5ee25b5e72b8ce3e7cad9bf/0_285_5400_3240/500.jpg
13-04-2023,Why the fight for marriage equality in Fiji divides LGBTQ+ activists,Marriage would bring concrete benefits such as family health insurance but some LGBTQ+ advocates say other issues are more important,https://www.theguardian.com/world/2023/apr/13/why-the-fight-for-marriage-equality-in-fiji-divides-lgbtq-activists,https://media.guim.co.uk/a363fa9954ea0d04a37cb1d2e56c3bbfbd96d6df/0_68_2048_1229/500.jpg
14-04-2023,"North Korea missile launch was new kind of ICBM, regime says, as first images emerge",Kim Jong-un hails development of new solid-fuel rocket that can be deployed more quickly,https://www.theguardian.com/world/2023/apr/14/north-korea-missile-launch-was-new-kind-of-icbm-regime-says-as-first-images-emerge,https://media.guim.co.uk/2f9309b1d36527caa380bc7bb42d9ffe90e7b58b/0_154_3000_1800/500.jpg
15-04-2023,Russia-Ukraine war at a glance: what we know on day 416 of the invasion,Nine killed and 21 wounded in Russian missile attack on apartment blocks in Sloviansk; Vladimir Putin signs bill sparking fears of new wave of mobilisation,https://www.theguardian.com/world/2023/apr/15/russia-ukraine-war-at-a-glance-what-we-know-on-day-416-of-the-invasion,https://media.guim.co.uk/27f09039c84365b879e5c497c412c7475c8be115/0_173_3572_2144/500.jpg
16-04-2023, Russia-Ukraine war at a glance: what we know on day 417 of the invasion,Death toll from Russian attack on Sloviansk apartment block rises to 11; Moscow claims Wagner forces have captured two more areas of Bakhmut,https://www.theguardian.com/world/2023/apr/16/russia-ukraine-war-at-a-glance-what-we-know-on-day-417-of-the-invasion,https://media.guim.co.uk/ec536665f4a9e28d94183a0f2a0cda629eb04a20/0_127_3905_2344/500.jpg
17-04-2023,China’s defence minister and Putin vow to strengthen military cooperation,Li Shangfu travelled to Moscow where he said ties between the countries ‘surpass military-political alliances of the cold war era’,https://www.theguardian.com/world/2023/apr/17/chinas-defence-minister-and-putin-vow-to-strengthen-military-cooperation,https://media.guim.co.uk/8bfcd76e7c004a5753349040a0fba867d859f280/0_384_7456_4475/500.jpg
18-04-2023,"Japan’s ‘toxic’ dolphin meat contains mercury up to 100 times safe level, test shows","Exclusive: Conservation group Action for Dolphins has lodged a complaint with police, demanding the meat be removed from sale",https://www.theguardian.com/world/2023/apr/18/japans-toxic-dolphin-meat-contains-mercury-up-to-100-times-safe-level-test-shows,https://media.guim.co.uk/e90631378585499df2dd27d51962bcdaa055703f/0_0_3568_2141/500.jpg
19-04-2023,French trade minister to visit UK after post-Brexit ‘hiccup’,Olivier Becht says two countries have moved on since tensions with government of Boris Johnson,https://www.theguardian.com/world/2023/apr/19/french-trade-minister-to-visit-uk-after-post-brexit-hiccup-olivier-becht,https://media.guim.co.uk/bc6adfa1e7d62dbb9afd29086655f073c0319ccc/0_0_7533_4520/500.jpg
20-04-2023,Explainer: China’s covert overseas ‘police stations’,Two men in New York are accused by the FBI of being covert enforcers for the Chinese government. Such operations are being uncovered worldwide,https://www.theguardian.com/world/2023/apr/20/explainer-chinas-covert-overseas-police-stations,https://media.guim.co.uk/e1761859ffdac11c9ee1f7bff688b1b30e20dbf4/0_837_6700_4020/500.jpg
21-04-2023,Canada gold heist: police investigating $20m of ‘high-value’ cargo stolen from Toronto airport,"The cargo was reported missing on Monday after arriving on an aircraft early in the evening, police say",https://www.theguardian.com/world/2023/apr/21/canada-gold-heist-police-investigating-20m-of-high-value-cargo-stolen-from-toronto-airport,https://media.guim.co.uk/2f8bc82c9b5172ab75eb9a1c8f34e962c6364f00/0_84_5692_3416/500.jpg
22-04-2023,US supreme court blocks ruling limiting access to abortion pill ,Federal judge in Texas ruled in early April to suspend FDA-approved mifepristone used in more than half of abortions in US,https://www.theguardian.com/world/2023/apr/21/abortion-pill-ruling-latest-news-supreme-court-decision,https://media.guim.co.uk/decc784e0ff2db112d827dab20706dc79e55f80d/0_0_8013_4808/500.jpg
23-04-2023,Taiwan Strait: top EU diplomat calls for European navy patrols ,Josep Borrell says safeguard would show Europe’s commitment to the ‘absolutely crucial’ area,https://www.theguardian.com/world/2023/apr/23/taiwan-strait-top-eu-diplomat-calls-for-european-navy-patrols,https://media.guim.co.uk/05f23b928b74af57cd80171c1e6c59f4fab58374/0_330_5000_3002/500.jpg
24-04-2023,New Zealand shouldn’t be afraid of brain drain after Australian citizenship deal | Henry Cooke,"There’s little evidence that it will lead to more Kiwis leaving, but there are still good reasons people see Australia as a place to get ahead",https://www.theguardian.com/world/commentisfree/2023/apr/24/new-zealand-shouldnt-be-afraid-of-brain-drain-after-australian-citizenship-deal,https://media.guim.co.uk/085f00b64ab8dbfc749c567549ef8cf2758571ae/0_239_3767_2261/500.jpg
25-04-2023,Sudanese Armed Forces and RSF agree to ceasefire starting at midnight – as it happened,"Nationwide pause to violence started at midnight, and US is supporting attempts to create a committee to oversee ending hostilities",https://www.theguardian.com/world/live/2023/apr/24/sudan-crisis-evacuations-khartoum-unrest-aid-latest-news-updates,https://media.guim.co.uk/1235f8f41084273975270a5625be3c1198327db9/0_85_2250_1350/500.jpg
26-04-2023,Escaping Khartoum: one woman’s dramatic flight from Sudan,Eibhlin Priestley and her partner travelled through areas hit by some of the fiercest fighting to reach safety,https://www.theguardian.com/world/2023/apr/26/escaping-khartoum-one-womans-dramatic-flight-from-sudan,https://media.guim.co.uk/e5f9375abb038a8f465488aa160b2abca9e45ff5/0_204_712_427/500.jpg
27-04-2023,"New Zealand too reliant on tree planting to meet net zero emissions targets, experts warn",Climate commission draft guidance says country must take more action to directly cut pollution instead of relying on trees,https://www.theguardian.com/world/2023/apr/27/new-zealand-too-reliant-on-tree-planting-to-meet-net-zero-emissions-targets-experts-warn,https://media.guim.co.uk/b1c0d671aef52dfb8e7d9053c12126e22a258954/0_136_4251_2550/500.jpg
28-04-2023,"Malign actors could ‘hyper-charge’ Sudan conflict, say ex-envoys",Former ambassadors and analysts say lasting ceasefire vital to thwart attempts to capitalise on unrest,https://www.theguardian.com/world/2023/apr/28/malign-actors-could-hyper-charge-sudan-conflict-say-ex-envoys,https://media.guim.co.uk/4da5c20e45cfed522901affca6fe2683748db96e/0_30_2602_1561/500.jpg
29-04-2023,‘Publishing these books is a risk’: Taiwan’s booksellers stand up for democracy,Detention of publisher Li Yanhe in China for ‘endangering national security’ has sent chills through island’s literary community,https://www.theguardian.com/world/2023/apr/29/taiwan-booksellers-stand-up-for-democracy-china-censorship,https://media.guim.co.uk/14ebfbac2cb916bc34a8c2426caa72c4ad834b8d/0_416_6240_3744/500.jpg
30-04-2023,‘The suit burns’: Madrid’s street performers suffer in record Spanish heat,"The country has recorded its hottest, driest April yet. For people working outdoors, it’s no joke",https://www.theguardian.com/world/2023/apr/30/the-suit-burns-madrids-street-performers-suffer-in-record-spanish-heat,https://media.guim.co.uk/42d59e97b04b661adec5317fc6f63d02552a88ba/0_421_3024_1814/500.jpg
01-05-2023,"Turkish forces kill Islamic State chief in Syria raid, says Erdoğan",Turkish president says Abu Hussein al-Qurashi killed after pursuit while northern Syria residents report clashes and large explosion,https://www.theguardian.com/world/2023/may/01/turkish-forces-kill-islamic-state-chief-in-syria-raid-says-erdogan,https://media.guim.co.uk/40def3672b024c4aa72bfbf8f27808a4c12a8d1a/0_358_5289_3172/500.jpg
02-05-2023,At least 108 police injured and 291 held in May Day protests in cities across France,Teargas fired amid clashes as unions turn traditional marches into anti-government protest against pension reform,https://www.theguardian.com/world/2023/may/01/police-fire-teargas-on-may-day-protesters-in-cities-across-france,https://media.guim.co.uk/3ced734cf451d9238ded6eff65e49ce144c342a6/0_200_6000_3600/500.jpg
03-05-2023,New Zealand Labour minister suddenly defects to Māori party,Meka Whaitiri says she will join an ‘unapologetic Māori political movement’ to stand in the upcoming general election,https://www.theguardian.com/world/2023/may/03/new-zealand-labour-minister-suddenly-defects-to-maori-party,https://media.guim.co.uk/e4e39c9ad0930ac6615762fc677c09803032c2f3/1870_677_2770_1662/500.jpg
04-05-2023,Kremlin drone incident: Zelenskiy denies Russian claim Ukraine attempted to kill Putin,"Ukraine president denies involvement, saying ‘we fight on our territory and defend our towns and cities’ after Kremlin blames Kyiv",https://www.theguardian.com/world/2023/may/03/russia-accuses-ukraine-of-trying-to-kill-vladimir-putin-with-kremlin-drone-strike,https://media.guim.co.uk/50d34125f73b1fdffce72b8d49463ca3db83ad97/60_0_1800_1080/500.jpg
05-05-2023,‘Not safe for us’: Sudanese in north Africa warn fleeing relatives of danger,"People who sought route to Europe before fighting erupted in Khartoum have faced police brutality, torture and homelessness",https://www.theguardian.com/world/2023/may/05/sudan-north-africa-tunisia-libya-refugees-asylum-seekers,https://media.guim.co.uk/8407ee6f354c2eb67bfe3d755ca2a58124fe9e4a/5_397_6595_3957/500.jpg
06-05-2023,Blockade Australia protesters charged under Perrottet government crackdown receive only minor penalties,Lawyer says result shows ‘the trouble with over-criminalising very simple activities’,https://www.theguardian.com/world/2023/may/06/blockade-australia-protesters-charged-under-perrottet-government-crackdown-receive-only-minor-penalties,https://media.guim.co.uk/6810718f72cbf3f7e7f5a664de06705eac8d38b9/0_347_5500_3303/500.jpg
07-05-2023,Met accused of ‘siding’ with rightwing group in anti-drag act protest,Supporters of drag queen lodge complaint over police behaviour during latest ‘culture war’ confrontation,https://www.theguardian.com/world/2023/may/07/met-accused-of-siding-with-far-right-group-in-anti-drag-act-protest,https://media.guim.co.uk/9059f531b0266cdc336c70dc1d85c039b1f456e2/0_42_5049_3029/500.jpg
08-05-2023,How to reduce the risks of sleepy driving,Road safety charities emphasise the importance of looking for a safe place to stop if you feel tired,https://www.theguardian.com/world/2023/may/08/how-to-reduce-the-risks-of-sleepy-driving,https://media.guim.co.uk/77edb44eca74619ce92d36ace3ab1993ee1f5354/0_162_5033_3020/500.jpg
09-05-2023,New Zealand: child missing in cave as country hit by heavy rain and flooding,Search and rescue teams looking for school student after group got into difficulty in caving system ‘prone to flash flooding’,https://www.theguardian.com/world/2023/may/09/new-zealand-child-missing-in-cave-as-country-hit-by-heavy-rain-and-flooding,https://media.guim.co.uk/6ac50f2529a07e934b28ced89db53896d081d515/0_120_3600_2160/500.jpg
10-05-2023,UK poised to label Wagner group terrorists as France urges EU to act ,Paris calls on bloc to take action as report says Britain will blacklist mercenaries,https://www.theguardian.com/world/2023/may/10/wagner-should-be-labelled-terrorist-group-france-tells-eu,https://media.guim.co.uk/3e97f4e5c3b58ad62e431ffd0769a2682dcdcde8/83_0_1823_1094/500.jpg
11-05-2023,"Collapsing buildings, incoming missiles: Taiwan rehearses a Chinese assault on its cities","Annual emergency drills have for the first time included a military strike on Taipei, a sign of worsening cross-strait relations",https://www.theguardian.com/world/2023/may/11/collapsing-buildings-incoming-missiles-taiwan-rehearses-a-chinese-assault-on-its-cities,https://media.guim.co.uk/6eaccd8298e0e04bedc44d0541eed24845e7de93/0_324_6000_3599/500.jpg
12-05-2023,PNG minister apologises for calling daughter’s coronation critics ‘primitive animals’,Foreign minister Justin Tkatchencko’s daughter had been criticised for posting TikTok videos of her first-class trip to London for the king’s coronation,https://www.theguardian.com/world/2023/may/12/png-minister-apologises-for-calling-daughters-coronation-critics-primitive-animals,https://media.guim.co.uk/67f62eedd68bee3950bee6b8b398cc017a8ee254/0_89_2723_1634/500.jpg
13-05-2023,Russia-Ukraine war at a glance: what we know on day 444 of the invasion,Russia admits to Ukrainian advances in Bakhmut; two Russian pilots killed as helicopter crashes in Crimea,https://www.theguardian.com/world/2023/may/13/russia-ukraine-war-at-a-glance-what-we-know-on-day-444-of-the-invasion,https://media.guim.co.uk/7d34b2a6ecc1757a09451131ebe1bf088d604527/0_232_3500_2101/500.jpg
14-05-2023,Thailand election day arrives with hope of unseating junta generals from power,Young voters demand change but military-appointed senate poses hurdle to a non-establishment candidate becoming prime minister,https://www.theguardian.com/world/2023/may/14/thailand-election-day-arrives-with-hope-of-unseating-junta-generals-from-power,https://media.guim.co.uk/dcd1fccf1ce613b6f281c4317a364dbbc7c08b82/0_0_5500_3300/500.jpg
15-05-2023,Ukrainian artist Dmytro Moldovanov: ‘I try to explain the meaning of this Russian fascism’,Ukraine’s leading primitivist painter recalls moment of Russian invasion and says conflict has spurred his creativity,https://www.theguardian.com/world/2023/may/15/ukrainian-artist-dmytro-moldovanov-i-try-to-explain-the-meaning-of-this-russian-fascism,https://media.guim.co.uk/9f1e881b5c08c47b9f0b0f09dbc10b4863571c91/0_419_6320_3794/500.jpg
16-05-2023,UN labour rights watchdog facing backlash over Qatar conference nomination ,Exclusive: Qatari minister expected to take presidency of ILO event despite bribery investigation,https://www.theguardian.com/world/2023/may/16/un-labour-rights-watchdog-facing-backlash-over-qatar-conference-nomination,https://media.guim.co.uk/0aa6b464d62efbf8a489c876c786195b13ceaf03/73_115_1889_1133/500.jpg
17-05-2023,Neither Chris galvanises support as New Zealand voters shun major parties,"Whether it’s Chris Hipkins or Christopher Luxon, neither leader has seized the moment, allowing the smaller parties to play a major role in the next election",https://www.theguardian.com/world/2023/may/17/neither-chris-galvanises-support-as-new-zealand-voters-shun-major-parties,https://media.guim.co.uk/fbe1be6c32159ddd8481f5cd0adcb69d1ed12d71/0_202_4265_2560/500.jpg
18-05-2023,"Once admired, now reviled, Hong Kong police force failing to attract new recruits",Long-serving officers have left and generous incentives are not enough to fill vacancies in what is today seen as a brutish arm of the Chinese state,https://www.theguardian.com/world/2023/may/18/once-admired-now-reviled-hong-kong-police-force-failing-to-attract-new-recruits,https://media.guim.co.uk/dcfc53bbe472ee5185cb1fd4e5f24bd8ff6bd709/0_173_5643_3386/500.jpg
19-05-2023,‘We’re starting a new era’: Thailand’s giant-killing MP Ice on her election upset,Rukchanok Srinork is a former pro-democracy activist who joined street protests against the military establishment,https://www.theguardian.com/world/2023/may/19/rukchanok-srinork-thailand-giant-killing-mp-ice-election-upset,https://media.guim.co.uk/de36851681b051375a9c7fd0beb51a2f6dade24f/0_502_7520_4514/500.jpg
20-05-2023,Russia-Ukraine war at a glance: what we know on day 451 of the invasion,US backs effort to train Ukrainian pilots in F-16 jets; Zelenskiy addresses Arab League; Kyiv says it has repelled Russian attacks in Bakhmut,https://www.theguardian.com/world/2023/may/20/russia-ukraine-war-at-a-glance-what-we-know-on-day-451-of-the-invasion,https://media.guim.co.uk/9451b6177d583f8926c20dc766e2e15ee5974d38/0_264_4000_2400/500.jpg
21-05-2023,"As Greece goes to the polls, scandal, disaster and apathy eat into PM’s lead",Economic resurgence may not be enough to win Kyriakos Mitsotakis a new term in Sunday’s election,https://www.theguardian.com/world/2023/may/21/as-greece-goes-to-the-polls-scandal-disaster-and-apathy-eat-into-pms-lead,https://media.guim.co.uk/d2943695827d1b14d232adf7193a21a275d9a165/0_550_8256_4954/500.jpg
22-05-2023,New Zealand announces its biggest emissions reduction project in history,"Move to power Glenbrook steel plant with electricity from renewables rather than coal will reduce emissions by 1% – or the equivalent of taking 300,000 cars off the road",https://www.theguardian.com/world/2023/may/22/new-zealand-announces-its-biggest-emissions-reduction-project-in-history,https://media.guim.co.uk/161df7c46543ec6728a53eff12e3d1a1c5b1cbd0/0_327_5400_3240/500.jpg
23-05-2023,Anti-Putin militia claims to have overrun village in Russia border region of Belgorod,Self-described partisans the Freedom of Russia Legion say they launched cross-border raid from Ukraine,https://www.theguardian.com/world/2023/may/22/anti-kremlin-militia-freedom-of-russia-legion-overrun-russian-border-village-kozinka,https://media.guim.co.uk/158054e17dd41eb5f045abfa5020f3f3f192a2a4/60_0_1800_1080/500.jpg
24-05-2023,New Zealand’s National party admits using AI-generated people in attack ads,Opposition party says AI was ‘an innovative way to drive our social media’ and said it was ‘committed to using it responsibly’,https://www.theguardian.com/world/2023/may/24/new-zealand-national-party-admits-using-ai-generated-people-in-ads,https://media.guim.co.uk/550475679c9f833b5428d3fe982b6c2b3b2dfe16/0_198_5400_3240/500.jpg
25-05-2023,‘This is an epidemic’: inside the Thai clinic taking on westerners’ gaming addictions,"Previously catering to people with drug and alcohol addictions, The Cabin’s eight-week programme includes physical activities and group therapy",https://www.theguardian.com/world/2023/may/25/this-is-an-epidemic-inside-the-thai-clinic-taking-on-westerners-gaming-addictions,https://media.guim.co.uk/ff161b0afdc6494614a412a87d78382ff7658915/0_112_2929_1757/500.jpg
26-05-2023,North Korea slams ‘sinister’ South and allies as live-fire exercises with US begin,"US, Japan and South Korea tighten monitoring of North’s missile launches; meanwhile South puts first commercial satellite in space on own rocket",https://www.theguardian.com/world/2023/may/26/north-korea-slams-sinister-south-and-allies-as-live-fire-exercises-with-us-begin,https://media.guim.co.uk/193371462e527457332519dc4753d29525d0a880/0_262_3936_2362/500.jpg
27-05-2023,Russia-Ukraine war at a glance: what we know on day 458 of the invasion,"Toll from Russian missile attack on Dnipro rises to two; Medvedev says conflict could last decades; Blinken to visit Finland, Sweden and Norway",https://www.theguardian.com/world/2023/may/27/russia-ukraine-war-at-a-glance-what-we-know-on-day-458-of-the-invasion,https://media.guim.co.uk/eeed8608e72cecc27bad704c3b58912a7b9f02cd/0_0_6000_3600/500.jpg
28-05-2023,Turkish opposition stirs up anti-immigrant feeling in attempt to win presidency,"Both sides seek to harness support of ultra-nationalist right before Sunday’s election, with refugees serving as scapegoats",https://www.theguardian.com/world/2023/may/28/turkey-election-candidates-eye-surge-of-nationalism-before-runoff-vote,https://media.guim.co.uk/e5ef9cfbdb5381ea948af3a1c24c7a2c4a4ad08e/0_167_5000_3000/500.jpg
29-05-2023,Baby boomtown: does Nagi hold the secret to repopulating Japan?,Fertility rate is more than twice the national average and nearly half of households have three or more children – thanks in no small part to generous daycare and an all-in approach to raising families,https://www.theguardian.com/world/2023/may/29/baby-boomtown-does-nagi-hold-the-secret-to-repopulating-japan,https://media.guim.co.uk/bfbbf2858c6eaaef04b75c3dfe7e3abe3f39640a/0_437_4032_2419/500.jpg
30-05-2023,One person dies in third wave of strikes on Kyiv in 24 hours,"‘Massive’ strikes early on Tuesday morning, with falling debris setting an apartment building on fire",https://www.theguardian.com/world/2023/may/30/one-person-dies-in-third-wave-of-strikes-on-kyiv-in-24-hours,https://media.guim.co.uk/11ad43d33f2e776750d91d793961475182011d6d/0_0_5000_3002/500.jpg
31-05-2023,EU accused of ‘staggering neglect’ after just 271 Afghans resettled across bloc ,"Many in need of permanent protection remain stuck in ‘prison-like’ camps on Greek islands, leading refugee charity says",https://www.theguardian.com/world/2023/may/31/eu-accused-of-staggering-neglect-after-just-271-afghans-resettled-across-bloc,https://media.guim.co.uk/a46cb241f861941b356f47a507dc48f0335d82e3/0_130_4000_2402/500.jpg
01-06-2023,"‘Perfect storm of chaos’: A week after Typhoon Mawar, most of Guam still without basic services","With no power, water or internet across large areas, frustration is building in the US territory over what is seen as a slow response to the crisis",https://www.theguardian.com/world/2023/jun/01/perfect-storm-of-chaos-a-week-after-typhoon-mawar-most-of-guam-still-without-basic-services,https://media.guim.co.uk/413501c209ba68651dda25ed178a514731f051e6/0_105_3000_1800/500.jpg
02-06-2023,Japan vending machines to automatically offer free food if earthquake hits,"Machines in coastal city of Ako, are located in an area that experts say is vulnerable to a future powerful earthquake",https://www.theguardian.com/world/2023/jun/02/japan-vending-machines-to-automatically-offer-free-food-if-earthquake-hits,https://media.guim.co.uk/bb5afba07dca7281fa32b013dfe7fe353a2ce869/0_124_6600_3961/500.jpg
03-06-2023,Russia-Ukraine war at a glance: what we know on day 465 of the invasion,Kyiv mayor orders air-raid shelters to operate around the clock; Washington says training for Ukraine on advanced US Abrams tanks has begun ,https://www.theguardian.com/world/2023/jun/03/russia-ukraine-war-at-a-glance-what-we-know-on-day-465-of-the-invasion,https://media.guim.co.uk/baf0340edbbf7b75b0f1ad138a9d62c82c27b2a0/0_148_6048_3627/500.jpg
04-06-2023,Russia-Ukraine war at a glance: what we know on day 466 of the invasion,Blast near Dnipro leaves 20 injured; Zelenskiy says Ukraine is ready to launch counteroffensive; Prigozhin says Kremlin factions are destroying Russia,https://www.theguardian.com/world/2023/jun/04/russia-ukraine-war-at-a-glance-what-we-know-on-day-466-of-the-invasion,https://media.guim.co.uk/39a8ffa8650939c57c2e345dfbce6ee53e68c33f/0_85_1280_768/500.jpg
05-06-2023,Pressure builds on Johnny Kitagawa’s J-pop agency to address abuse claims,Survivors want talent firm Johnny &amp; Associates to fully investigate sexual abuse allegations against late founder,https://www.theguardian.com/world/2023/jun/05/pressure-builds-on-johnny-kitagawas-j-pop-agency-to-address-abuse-claims,https://media.guim.co.uk/4f4255cbe8de6818f32cb0bf4e11d661af946393/0_0_3632_2179/500.jpg
06-06-2023,Ukraine’s troops attack along front in apparent precursor to counteroffensive,Russian forces driven back in at least two areas as Zelenskiy hails advances by his country’s ‘warriors’,https://www.theguardian.com/world/2023/jun/05/ukrainian-troops-launch-attacks-along-donetsk-frontline,https://media.guim.co.uk/4d76370dec870cafcf4c8cc79cf0cd02ae505c69/0_558_6263_3757/500.jpg
07-06-2023,‘We torment others’: the dark side of South Korean school life ,Government vows to end school violence as experts say bullying methods have become more malicious,https://www.theguardian.com/world/2023/jun/07/we-torment-others-the-dark-side-of-south-korean-school-life-bullying-school-violence,https://media.guim.co.uk/4befd547d15db2afb04282de7587b2a551f6a29c/298_0_4210_2528/500.jpg
08-06-2023,Britain to remove Chinese surveillance gear from government sites ,"Equipment that could be exploited by Chinese intelligence will be taken down, with CCTV brands Hikvision and Dahua among those flagged by MPs",https://www.theguardian.com/world/2023/jun/08/britain-to-remove-chinese-surveillance-gear-from-government-sites,https://media.guim.co.uk/9d83fc3276d52776c11f8ce8233a00893dd97958/0_0_5000_3002/500.jpg
09-06-2023,US Virginia class submarines hit further two-year delay as Australia awaits 2030 delivery,"Experts have warned that the US program is too tightly squeezed to produce Australia’s additional subs, which are meant to fill a capability gap",https://www.theguardian.com/world/2023/jun/09/us-virginia-class-submarines-hit-further-two-year-delay-as-australia-awaits-2030-delivery,https://media.guim.co.uk/40c028b337a53b76b350a5e44b36a8e34c9ded4b/0_123_2200_1321/500.jpg
10-06-2023,Russia-Ukraine war at a glance: what we know on day 472 of the invasion,Putin and Zelenskiy tussle over Ukraine’s counteroffensive narrative; water levels begin to recede in flooded regions near destroyed Kakhovka dam,https://www.theguardian.com/world/2023/jun/10/russia-ukraine-war-at-a-glance-what-we-know-on-day-472-of-the-invasion,https://media.guim.co.uk/04c6f7b54f8950574df3843c6cdf9febcb475963/0_245_8094_4859/500.jpg
11-06-2023,Russia-Ukraine war at a glance: what we know on day 473 of the invasion,Volodymyr Zelenskiy confirms ‘counteroffensive and defensive actions’; president says his generals are in ‘positive mood’ but gives no more details,https://www.theguardian.com/world/2023/jun/11/russia-ukraine-war-at-a-glance-what-we-know-on-day-473-of-the-invasion,https://media.guim.co.uk/8cc35605ef92a67016a2af1f84a0b6d6980c024b/0_550_8256_4954/500.jpg
12-06-2023,"US and China take steps towards thaw as Blinken prepares to visit Beijing, but mistrust remains",Effort is being stepped up to rebuild relations after the spy ballon incident led to Blinken’s original visit being cancelled,https://www.theguardian.com/world/2023/jun/12/us-and-china-take-tentative-steps-towards-thaw-in-relations-as-blinken-prepares-to-visit-beijing,https://media.guim.co.uk/dfe425424c572c096d232c6bee0b01230c45b7ed/9_0_3253_1952/500.jpg
13-06-2023,"As New Zealand reshapes ties with China, foreign interference must be brought out of the shadows | Sam Sachdeva",Prime minister Chris Hipkins’ upcoming visit to China comes as New Zealand wrestles with how to prevent interference by the superpower and other states,https://www.theguardian.com/world/2023/jun/13/as-new-zealand-reshapes-ties-with-china-foreign-interference-must-be-brought-out-of-the-shadows,https://media.guim.co.uk/7b92f2e2461e1b35e616276656450dbff8da164e/0_180_5400_3240/500.jpg
14-06-2023,Marriages in China drop to record low despite government push,"Number of couples tying knot fell 800,000 in 2022 amid birthrate ‘crisis’",https://www.theguardian.com/world/2023/jun/14/marriages-in-china-drop-to-record-low-despite-government-push,https://media.guim.co.uk/537751ac1354f5719020952543150854f1944ec0/543_553_4353_2612/500.jpg
15-06-2023,Australia may only build three of eight Aukus nuclear-powered submarines locally,"Despite widespread reports that all eight submarines would be built in Australia under $368bn deal, up to five SSNs will be US Virginia class",https://www.theguardian.com/world/2023/jun/15/australia-may-only-build-three-of-eight-aukus-nuclear-powered-submarines-locally,https://media.guim.co.uk/40c028b337a53b76b350a5e44b36a8e34c9ded4b/0_123_2200_1321/500.jpg
16-06-2023,‘Horrific’ Canada highway crash leaves at least 15 dead,Incident involving semi-trailer truck and vehicle used to transport elderly and disabled people sparks huge emergency response,https://www.theguardian.com/world/2023/jun/15/canada-highway-crash-manitoba-mass-casualty,https://media.guim.co.uk/1889f109eaf3939ae3d0d694ec553525a2e26f2a/0_15_3476_2086/500.jpg
17-06-2023,Russia-Ukraine war at a glance: what we know on day 479 of the invasion,Ukraine’s counteroffensive pushes south towards Mariupol; Putin confirms first nuclear weapons deployed to Belarus,https://www.theguardian.com/world/2023/jun/17/russia-ukraine-war-at-a-glance-what-we-know-on-day-479-of-the-invasion,https://media.guim.co.uk/2fe2ea0fa49b6862dcab5e54c9aa9817eaecb6cd/0_0_5472_3283/500.jpg
18-06-2023,Georgians dream of EU membership as their leaders move closer to Putin,"Ruling party says it is pursuing a European future but rails against Brussels, Ukraine and ‘LGBTQ+ propaganda’",https://www.theguardian.com/world/2023/jun/18/georgians-dream-of-eu-membership-as-their-leaders-move-closer-to-putin,https://media.guim.co.uk/ad18cc63faf3e141bfd5a24bf860c69ecec46bb4/0_154_4608_2765/500.jpg
19-06-2023,Nine due in Greek court over shipwreck as Pakistan holds day of mourning,"Suspected people smugglers to appear in court in Kalamata, as police in Kashmir announce 10 arrests",https://www.theguardian.com/world/2023/jun/19/nine-due-in-greek-court-over-shipwreck-as-pakistan-holds-day-of-mourning,https://media.guim.co.uk/67643248d0fec1a581fbbec9ccc656af5321532a/0_15_1600_960/500.jpg
20-06-2023,Mariupol’s exiled leaders look to the future with plans to rebuild,"Ukrainian mayor says there is no time to waste in drawing up vision for devastated city, which is now under Russian control",https://www.theguardian.com/world/2023/jun/20/mariupol-exiled-leaders-look-to-the-future-with-plans-to-rebuild-ukraine,https://media.guim.co.uk/044fa12c52b8eadb7abfbe1df75d7efd681405ac/172_63_2016_1210/500.jpg
21-06-2023,"Wednesday briefing: How to solve the UK’s mortgage mess, as interest rates rise again",In today’s newsletter: Rising inflation and interest rates mean real pain for homeowners – with few signs of relief on the way,https://www.theguardian.com/world/2023/jun/21/first-edition-mortgage-rates,https://media.guim.co.uk/9dc80354608f883cc0def7b6cf17309f38f51ae4/0_69_3000_1800/500.jpg
22-06-2023,Russia-Ukraine war at a glance: what we know on day 484 of the invasion,Zelenskiy admits counteroffensive going ‘slower than desired’; west pledges tens of billions of dollars at Ukraine reconstruction summit in London,https://www.theguardian.com/world/2023/jun/22/russia-ukraine-war-at-a-glance-what-we-know-on-day-484-of-the-invasion,https://media.guim.co.uk/3a7846b062afdf4e09271e18855d2e375c61f85b/0_185_4000_2400/500.jpg
23-06-2023,Russia-Ukraine war at a glance: what we know on day 485 of the invasion,"Russia killed 136 children in Ukraine last year, says UN report; Kyiv accuses Moscow’s forces of hiding bodies in aftermath of Kakhovka dam breach ",https://www.theguardian.com/world/2023/jun/23/russia-ukraine-war-at-a-glance-what-we-know-on-day-485-of-the-invasion,https://media.guim.co.uk/141b9b051500b22504b3bc311596e3d72de26360/0_308_6520_3912/500.jpg
24-06-2023,Wagner chief claims to have seized military sites in Rostov as Moscow implements anti-terror measures,Yevgeny Prigozhin says his fighters will march on capital unless military leaders come to him in extraordinary escalation of tensions,https://www.theguardian.com/world/2023/jun/24/wagner-chief-claims-to-have-seized-military-sites-in-rostov-as-moscow-implements-anti-terror-measures,https://media.guim.co.uk/f32fa0b981c170e11eabb5cdc26f9060d2d2221a/0_98_3674_2205/500.jpg
25-06-2023,Mercenary troops withdraw from Rostov as Prigozhin calls off rebellion – as it happened,"The mercenaries’ chief said he had halted his troops to avoid ‘Russian bloodshed’, and he is not facing charges",https://www.theguardian.com/world/live/2023/jun/23/russia-ukraine-war-live-russia-investigates-mutiny-as-wagner-chief-says-evil-military-leaders-must-be-stopped,https://media.guim.co.uk/691ddb6b0d17973bd486e1368d1314d2cf8162ff/0_146_5420_3252/500.jpg
26-06-2023,Ticket to freedom: free bus rides for women spark joy for millions in Karnataka,"The state government has launched free bus travel for women in an attempt to boost employment, and the change has been heartily welcomed",https://www.theguardian.com/world/2023/jun/26/ticket-to-freedom-free-bus-rides-for-women-spark-joy-for-millions-in-karnataka,https://media.guim.co.uk/d35cb31e5302f67d9a1c299ccb04346fc0dd7343/0_0_5550_3332/500.jpg
27-06-2023,No bed or bath: New Zealand boat shed sells for record $2m despite housing market crash ,Record sale of property that by law cannot be slept in overnight comes amid wider property market slide,https://www.theguardian.com/world/2023/jun/27/no-bed-or-bath-new-zealand-boatshed-sells-for-record-2m-despite-housing-market-crash,https://media.guim.co.uk/76534a83821e66a53ba07a8455b919213848d949/0_6_1125_675/500.jpg
28-06-2023,"Nato ready to face threat from ‘Moscow or Minsk’, says alliance head after Wagner chief’s exile",Jens Stoltenberg says alliance has strengthened eastern flank and will protect ‘every inch of Nato territory’ after Prigozhin move,https://www.theguardian.com/world/2023/jun/28/nato-ready-to-face-threat-from-moscow-or-minsk-says-alliance-head-after-wagner-group-chiefs-exile,https://media.guim.co.uk/7ace1a32df68ab379fbedc9027d38a17bee2eddd/0_313_4250_2549/500.jpg
29-06-2023,China on course to hit wind and solar power target five years ahead of time,Beijing bolstering position as global renewables leader with solar capacity more than rest of world combined,https://www.theguardian.com/world/2023/jun/29/china-wind-solar-power-global-renewable-energy-leader,https://media.guim.co.uk/9c161cc271129ae315ef78742f49b7da86e0847d/0_0_4660_2797/500.jpg
30-06-2023,France police shooting: violence erupts for a third consecutive night,"Police fire teargas at rioters as 6,000 march through Nanterre to protest against shooting of 17-year-old",https://www.theguardian.com/world/2023/jun/29/france-police-shooting-second-night-of-unrest-as-protests-over-teenagers-death-spread,https://media.guim.co.uk/292c92b26932c15ee919c97c82cea21de9c2843d/0_234_7008_4205/500.jpg
01-07-2023,‘Tokyo would lose its soul’: anger over plans to redevelop historic city park,"Campaigners say turning Meiji Jingu Gaien into a commercial hub will destroy 1,000 trees and area’s architectural heritage",https://www.theguardian.com/world/2023/jul/01/tokyo-anger-plans-redevelop-historic-city-park-meiji-jingu-gaien,https://media.guim.co.uk/7dd540fa38e565330f671af0068bb2976e4e4452/0_495_7360_4417/500.jpg
02-07-2023,Russia-Ukraine war at a glance: what we know on day 494 of the invasion,Putin’s admission of funding Wagner could open doors for war crimes trial; Zelenskiy warns of ‘serious threat’ at Zaporizhzhia nuclear plant,https://www.theguardian.com/world/2023/jul/02/russia-ukraine-war-at-a-glance-what-we-know-on-day-494-of-the-invasion,https://media.guim.co.uk/d36fb20254d000423992e779aedbb18489f2f0ab/0_35_3996_2397/500.jpg
03-07-2023,"Bring in UK ban on conversion practices now, LGBTQ+ campaigners urge",Government pledged to bring end to ‘abhorrent’ practices five years ago but legislation has been beset by delays,https://www.theguardian.com/world/2023/jul/03/bring-in-uk-ban-on-conversion-practices-now-lgbtq-campaigners-urge,https://media.guim.co.uk/c92f7d7ba5eeb0babe281d47780a0df4adc468a8/0_112_3500_2100/500.jpg
04-07-2023,‘We depend on our beautiful reefs’: Fukushima water release plan sparks concern across Pacific,Some fishers say they lack information and worry about Japan’s plan to discharge treated wastewater into the sea,https://www.theguardian.com/world/2023/jul/04/we-depend-on-our-beautiful-reefs-fukushima-water-release-plan-sparks-concern-across-pacific,https://media.guim.co.uk/f8cfaaf9ef427efd71f4ae6031a454c6537e5191/0_0_5500_3300/500.jpg
05-07-2023,Russia may be open to prisoner swap for jailed US reporter Evan Gershkovich,Kremlin spokesman says there have been ‘certain contacts on the subject’ with the US but says any discussion will be held in secret,https://www.theguardian.com/world/2023/jul/05/russia-wsj-reporter-evan-gershkovich-prison-swap,https://media.guim.co.uk/0bdf2e33756c6e9df4078bfa337941beec2eebbe/0_142_5951_3572/500.jpg
06-07-2023,Biden ratchets up efforts to secure Sweden’s Nato membership ahead of key summit,"Work to persuade Turkey to drop its objections continues, as president meets with Sweden’s prime minister at White House",https://www.theguardian.com/world/2023/jul/06/biden-ratchets-up-efforts-to-secure-swedens-nato-membership-ahead-of-key-summit,https://media.guim.co.uk/06713ff1699f0d75db0294e4e3357ca256904bfc/0_186_5592_3355/500.jpg
07-07-2023,Older UK workers who retired early in pandemic were ‘forced into poverty’,Thinktank challenges view that those taking early retirement under Covid were relatively well off,https://www.theguardian.com/world/2023/jul/07/older-uk-workers-retired-early-pandemic-forced-into-poverty-ifs,https://media.guim.co.uk/7d328fe7fa11e48690222ce94cea51f4d4738323/16_0_3468_2082/500.jpg
08-07-2023,Russia-Ukraine war at a glance: what we know on day 500 of the invasion,Biden condemned by human rights groups for approving cluster munitions to Ukraine; Zelenskiy secures Turkey’s backing for Nato membership,https://www.theguardian.com/world/2023/jul/08/russia-ukraine-war-at-a-glance-what-we-know-on-day-500-of-the-invasion,https://media.guim.co.uk/68d5c5d3352530a339dc362ce2e714bbd7073ce0/0_123_4668_2801/500.jpg
09-07-2023,Russia-Ukraine war at a glance: what we know on day 501 of the invasion,Volodymyr Zelenskiy announces return of Mariupol commanders from Turkey and Rishi Sunak reiterates UK’s ban on cluster munitions,https://www.theguardian.com/world/2023/jul/09/russia-ukraine-war-at-a-glance-what-we-know-on-day-501-of-the-invasion,https://media.guim.co.uk/117c681f19cfb406f00a6fb384a1acabc8234443/0_194_2909_1746/500.jpg
10-07-2023,Mineral-rich Mongolia is steeling itself for democratic change,Anti-corruption protests have drawn a stream of European politicians to the country – and the man tasked with cleaning up its act is confident that he can deliver,https://www.theguardian.com/world/2023/jul/10/mineral-rich-mongolia-is-steeling-itself-for-democratic-change,https://media.guim.co.uk/4a85e563b368b92f01be8f803a8ec117c2b53a2f/0_204_3500_2100/500.jpg
11-07-2023,"Gender research at Sydney children’s hospital to be reviewed after ABC report, health minister says ",Ryan Park says independent body will examine Westmead research which Four Corners reported was seized upon by critics of gender-affirming care,https://www.theguardian.com/world/2023/jul/11/sydney-childrens-hospital-gender-research,https://media.guim.co.uk/44511709b254365a7630d37745b191b5babc5ea6/0_64_5616_3370/500.jpg
12-07-2023,‘It’s absurd’: Italy’s judiciary in power struggle with far-right government,Magistrates under fire amid controversial inquiries involving leading figures in Meloni coalition,https://www.theguardian.com/world/2023/jul/12/italy-judiciary-power-struggle-far-right-government-giorgia-meloni,https://media.guim.co.uk/1f27f73277fd15e0a5bf4b63d13c66d165c7634b/27_283_2736_1641/500.jpg
13-07-2023,Leading Thailand candidate for PM warns of ‘high price’ if blocked from power,Pita Limjaroenrat of Thailand’s Move Forward is facing legal hurdles in the lead up to a vital vote in parliament,https://www.theguardian.com/world/2023/jul/13/leading-thailand-candidate-for-pm-warns-of-high-price-if-blocked-from-power,https://media.guim.co.uk/c3e7169a31183b4fbccf77d851e41f5eed10dab1/0_46_6192_3715/500.jpg
14-07-2023,Solomon Islands denies policing deal with China poses ‘threat’ to Pacific security,"Statement comes after US, Australia and New Zealand expressed concerns about new agreement with Beijing",https://www.theguardian.com/world/2023/jul/14/solomon-islands-china-policing-deal-pacific-security,https://media.guim.co.uk/6f104a8d05c5664eefd5d18f19177df646799853/0_0_6000_3600/500.jpg
15-07-2023,Russia-Ukraine war at a glance: what we know on day 507 of the invasion,Zelenskiy says Russia doing everything it can to stop Ukrainian troop advance; Putin says he tried and failed to have Prigozhin replaced as Wagner leader in Ukraine,https://www.theguardian.com/world/2023/jul/15/russia-ukraine-war-at-a-glance-what-we-know-on-day-507-of-the-invasion,https://media.guim.co.uk/20b2cfd27baf794bd5b833f00e225574f1e72ce1/0_283_5000_3002/500.jpg
16-07-2023,Russia-Ukraine war at a glance: what we know on day 508 of the invasion,Ukraine and Russia accuse each other of shelling civilians; Moscow issues criminal charges against seven in alleged plot to kill top Russian journalists,https://www.theguardian.com/world/2023/jul/16/russia-ukraine-war-at-a-glance-what-we-know-on-day-508-of-the-invasion,https://media.guim.co.uk/44dcb18f49cd02ec043efadf09f883e57c6df614/0_195_5000_3002/500.jpg
17-07-2023,New Zealand PM says Pacific region less secure amid China’s rise,Chris Hipkins says Beijing exerting influence is ‘major driver’ of increasing competition in the Indo-Pacific,https://www.theguardian.com/world/2023/jul/17/chris-hipkins-new-zealand-pm-prime-minister-pacific-region-less-secure-china,https://media.guim.co.uk/66d4824516f7d4535e0eb63cb486658871613ee9/177_1_2902_1742/500.jpg
18-07-2023,‘All that we had is gone’: my lament for war-torn Khartoum | Nesrine Malik,"<strong>The long read</strong>: Since Sudan’s capital was engulfed by violence in April, life there has been all but destroyed. As we tried to get family members to safety, the ruination of my former home became hard to fathom",https://www.theguardian.com/world/2023/jul/18/all-that-we-had-is-gone-my-lament-for-war-torn-khartoum,https://media.guim.co.uk/a39dd2921d40b3c561283c077da0d9c4ad458660/0_0_6000_3600/500.jpg
19-07-2023,Explainer: What is the Joint Security Area between North and South Korea?,A US soldier who has been detained in North Korea reportedly entered the country during a tour of the JSA in the Demilitarised Zone,https://www.theguardian.com/world/2023/jul/19/what-is-the-joint-security-area-north-korea-south-korea,https://media.guim.co.uk/849e0fc8c8e94f5bc85225bec81cc5fcd9db7ac5/0_468_8068_4841/500.jpg
20-07-2023,Australia to gain priority access to US military equipment under Washington proposal,Aukus requests would be handled faster than almost all applications ‘other than from Taiwan and Ukraine’,https://www.theguardian.com/world/2023/jul/20/australia-us-aukus-military-defence-equipment-priority-access-export-control,https://media.guim.co.uk/40c028b337a53b76b350a5e44b36a8e34c9ded4b/0_174_2103_1262/500.jpg
21-07-2023,Australian classification board rejects calls to restrict graphic novel Gender Queer,Board finds memoir by non-binary writer Maia Kobabe ‘appropriate for its intended audience’ following an appeal,https://www.theguardian.com/world/2023/jul/21/graphic-novel-gender-queer-australian-classification-board-appeal-rejected,https://media.guim.co.uk/46edc57d6eba64035e380309e89d90802f48292a/876_0_4080_2448/500.jpg
22-07-2023,Russia-Ukraine war at a glance: what we know on day 514 of the invasion,"Moscow ‘waging war’ on global food supply, US tells UN; Putin says it will use ‘all means at its disposal’ to defend Belarus after Warsaw moves troops to east",https://www.theguardian.com/world/2023/jul/22/russia-ukraine-war-at-a-glance-what-we-know-on-day-514-of-the-invasion,https://media.guim.co.uk/fb976592cad0f91bdef3a2891ff9ac6763689257/0_408_6123_3674/500.jpg
23-07-2023,Cambodia strongman Hun Sen set to claim landslide election victory after banning opposition ,"Long-time ruler, who has ruthlessly oppressed critics, has indicated he will soon hand power to his son",https://www.theguardian.com/world/2023/jul/23/cambodia-strongman-hun-sen-set-to-claim-landslide-election-victory-after-banning-opposition,https://media.guim.co.uk/db8133aa3662e6c1e4b228d0315c3e48fb61b59e/0_313_6048_3628/500.jpg
24-07-2023,Macron in New Caledonia: why is the territory divided and will it break away from France?,French president to meet leaders in Noumea as many continue to push for independence after disputed 2021 referendum,https://www.theguardian.com/world/2023/jul/24/emmanuel-macron-new-caledonia-trip-will-it-break-away-independence-referendum,https://media.guim.co.uk/ff4eb20883b3039e2118131a2de75bbf869dcefe/0_344_7597_4559/500.jpg
25-07-2023,Israel protests: doctors announce strike amid mass demonstrations over judicial overhaul,Passing of key part of Benjamin Netanyahu’s plan to reduce power of courts is met with calls for strike action and street protests by thousands,https://www.theguardian.com/world/2023/jul/25/israel-protests-judicial-overhaul-reform-news-doctors-strike,https://media.guim.co.uk/e69c9c511f8fa3b99788c1a8f21a6121217fff86/0_93_4896_2938/500.jpg
26-07-2023,Russia raises the maximum age of conscription as it seeks to replenish Ukraine forces,"From 2024, anyone aged 18 to 30 will be called up for a year of military service, with those served draft notices banned from leaving the country",https://www.theguardian.com/world/2023/jul/26/russia-conscription-maximum-age-raised-ukraine-war,https://media.guim.co.uk/7fd7894e182aaa2f62124b6db48e5883f09b4775/0_33_3607_2166/500.jpg
27-07-2023,"Moldova expels 45 Russian diplomats and embassy staff, citing years of ‘hostile actions’",The country’s foreign minister alluded to media reports of alleged spying equipment installed on the roof of Russia’s embassy in Chișinău,https://www.theguardian.com/world/2023/jul/27/moldova-expels-45-russia-diplomats-russian-embassy-officials-staff,https://media.guim.co.uk/99b643501a4bd7339d715904e4ccb3fd1ef5952e/0_403_5293_3177/500.jpg
28-07-2023,Philippines: 26 people killed after overloaded ferry capsizes amid Typhoon Doksuri winds,Another 40 people have been rescued after boat overturned just after leaving wharf in Rizal province,https://www.theguardian.com/world/2023/jul/28/philippines-ferry-capsizes-death-toll-typhoon-doksuri-winds,https://media.guim.co.uk/9f9980a978042ced30c46dc5386c6a0824a85a28/0_219_6567_3940/500.jpg
29-07-2023,‘Something weird is going on’: search for answers as Antarctic sea ice stays at historic lows,Some scientists fear the ‘shocking’ shift is the beginning of a global heating-linked collapse of the ice that could have alarming knock-on effects<br>,https://www.theguardian.com/world/2023/jul/29/something-weird-is-going-on-search-for-answers-as-antarctic-sea-ice-stays-at-historic-lows,https://media.guim.co.uk/e5066434123e5a77b2a47a94ebafedc0089e4918/0_368_5600_3362/500.jpg
30-07-2023,Niger coup leaders warn against military intervention as west African leaders set to meet,Heads of state will meet in Nigeria on Sunday where they will decide on further actions to pressure army leaders to restore constitutional order,https://www.theguardian.com/world/2023/jul/30/niger-coup-leaders-warn-against-military-intervention-as-west-african-leaders-set-to-meet,https://media.guim.co.uk/57f64a7665ecc8fad364d4b40556b033ee56043a/0_337_4038_2423/500.jpg
31-07-2023,Italy seeking to leave ‘atrocious’ China Belt and Road plan without harming ties – minister,"‘Improvised and atrocious’ decision in 2019 made Italy the only major western member, says Guido Crosetto, the defence minister",https://www.theguardian.com/world/2023/jul/31/italy-china-belt-and-road-initiative-atrocious-defence-minister,https://media.guim.co.uk/1b0e77787aa1e6adce2beb782d507846e832a1a5/0_234_3512_2108/500.jpg
01-08-2023,Teenager among 15 heat-related deaths as Japan and South Korea swelter,"In South Korea, 12 people died from heat-related deaths last weekend, while in Japan, three people died including a 13 year-old on her way back from school",https://www.theguardian.com/world/2023/aug/01/teenager-among-15-heat-related-deaths-as-japan-and-south-korea-swelter,https://media.guim.co.uk/bdaff29489ae62dcf445beea9d415292b457dcb3/0_400_6000_3600/500.jpg
02-08-2023,"Ukraine’s birth rate plummets in aftermath of Russian invasion, data shows","In 2023, an average of 16,000 babies have been born a month, compared to as many as 23,000 babies born monthly before Russia’s invasion",https://www.theguardian.com/world/2023/aug/02/ukraines-birth-rate-plummets-in-aftermath-of-russian-invasion-data-shows,https://media.guim.co.uk/2c2f4f99aa23299d35fbbff7b898c55dde30e10f/0_271_4060_2436/500.jpg
03-08-2023,Australia’s Indigenous voice to parliament referendum explained in 30 seconds ,Australians will decide later this year if they will change their constitution to allow an Indigenous consultative body to advise on laws and policies,https://www.theguardian.com/world/2023/aug/03/australias-indigenous-voice-to-parliament-referendum-explained-in-30-seconds,https://media.guim.co.uk/6108d976d8e24b0d1082e6fced699ba6e439967c/0_0_2500_1500/500.jpg
04-08-2023,Niger junta cancels France military ties as Biden calls for Bazoum’s release,US statement comes as ousted president says he is being held hostage and calls on international community to restore order,https://www.theguardian.com/world/2023/aug/03/niger-coup-junta-joe-biden-mohamed-bazoum,https://media.guim.co.uk/2ccf0355266dff3cd4403cad43f38b53ebf5226a/122_0_5149_3090/500.jpg
05-08-2023,Russia-Ukraine war at a glance: what we know on day 528 of the invasion,An ‘extremely fierce battle’ in the eastern city of Bakhmut and explosions reported near key Crimean bridge,https://www.theguardian.com/world/2023/aug/05/russia-ukraine-war-at-a-glance-what-we-know-on-day-528-of-the-invasion,https://media.guim.co.uk/3cc9047c4d259397b68082d2567161833732e4e2/328_371_4672_2805/500.jpg
06-08-2023,Russia-Ukraine war at a glance: what we know on day 529 of the invasion,Zelenskiy condemns attack on blood transfusion centre as ‘war crime’; Moscow vows retaliation over strike on Russian tanker in Kerch Strait,https://www.theguardian.com/world/2023/aug/06/russia-ukraine-war-at-a-glance-what-we-know-on-day-529-of-the-invasion,https://media.guim.co.uk/e6ee3e62d3bc5775f357b3db77c346e3d5c9ac33/0_55_1024_614/500.jpg
07-08-2023,China floods: at least 14 killed after torrential rain in north-east,Clean-up operations continue after rainfall destroys infrastructure and floods entire districts in aftermath of Typhoon Doksuri,https://www.theguardian.com/world/2023/aug/07/china-floods-rain-weather-deaths-jilin-province-shulan-city,https://media.guim.co.uk/d82ffdbcb17b31f8d76845c096bfd3a49b70d977/0_516_8044_4828/500.jpg
08-08-2023,Junta leaders in Niger refuse to let top US official meet ousted president,"Victoria Nuland said commanders rejected calls to restore democracy and blocked her from meeting Mohamed Bazoum, who is under house arrest",https://www.theguardian.com/world/2023/aug/08/junta-leaders-in-niger-refuse-to-let-top-us-official-meet-ousted-president,https://media.guim.co.uk/9c959a1a4bab2ade67ce044ff413b566c1e8c908/0_253_4000_2400/500.jpg
09-08-2023,Hoodies sell out in Tonga as El Niño brings wintry chill,Residents on island rush to buy warm clothing and heaters amid unusually cold winter weather for the Pacific nation,https://www.theguardian.com/world/2023/aug/09/hoodies-sell-out-in-tonga-as-el-nino-brings-wintry-chill,https://media.guim.co.uk/4033c174d4ce38653143b3670fc5a9a2758ba405/782_405_2002_1203/500.jpg
10-08-2023,Kim Jong-un fires North Korea’s top general and calls for weapons production boost,"Leader replaces Pak Su-il with defence minister, Gen Ri Yong-gil, and urges further military drills",https://www.theguardian.com/world/2023/aug/10/kim-jong-un-fires-dismisses-north-korea-top-military-general-pak-su-il,https://media.guim.co.uk/82a65458936d9359d660e47d19282ba295ff9611/0_38_3543_2126/500.jpg
11-08-2023,"Why, even now, do we think a woman’s work is worth less? | Heather Stewart",Progress in Asda equal pay case may help root out sexist assumptions behind persistent gender gap,https://www.theguardian.com/world/2023/aug/11/why-even-now-do-we-think-a-womans-work-is-worth-less,https://media.guim.co.uk/10fb219a742543041485633bdb7c71ec8fccfd0f/0_388_5418_3252/500.jpg
12-08-2023,Russia-Ukraine war at a glance: what we know on day 535 of the invasion,Zelenskiy fires regional military recruitment chiefs in anti-corruption drive; Russia gains ground around north-east town of Kupiansk,https://www.theguardian.com/world/2023/aug/12/russia-ukraine-war-at-a-glance-what-we-know-on-day-535-of-the-invasion,https://media.guim.co.uk/0991fc50c851de44694cc7095b60e5f5d21acbe4/0_0_3715_2229/500.jpg
13-08-2023,Russia-Ukraine war at a glance: what we know on day 536 of the invasion,Ukrainian forces fire missiles at Crimean Bridge; officials say Kyiv’s forces capture territories in the southSee all our Russia-Ukraine coverage,https://www.theguardian.com/world/2023/aug/13/russia-ukraine-war-at-a-glance-what-we-know-on-day-53-of-the-invasion,https://media.guim.co.uk/fc803bb574f7f93966f4c5553782b476dcdad85b/0_232_3500_2101/500.jpg
14-08-2023,India to revise colonial-era penal code and toughen laws protecting women,Home minister promises widespread reforms but some experts suggest the new laws are more a repackaging of existing measures than real change,https://www.theguardian.com/world/2023/aug/14/india-laws-protecting-women-review-penal-code,https://media.guim.co.uk/e9c515ac200765361b4ba2dbfdc0f1f84e9adf93/0_334_4953_2972/500.jpg
15-08-2023,Mount Etna eruption leads to flight cancellations at Sicily’s Catania airport,Catania’s mayor has banned the use of motorcycles and bikes while many streets in the city remain covered by ash as a result of the erupting volcano,https://www.theguardian.com/world/2023/aug/15/mount-etna-eruption-volcano-sicily-catania-airport-closure-volcanic-ash-cloud-flight-cancellations,https://media.guim.co.uk/a2190991bf15824869f166eaefbcb23c49f0290b/0_228_6016_3610/500.jpg
16-08-2023,Wednesday briefing: How the World Cup took women’s football to another level,"In today’s newsletter: England and Australia meet in the World Cup semi-finals today, in another landmark moment in a tournament making history",https://www.theguardian.com/world/2023/aug/16/first-edition-england-australia-womens-world-cup,https://media.guim.co.uk/a2a93b97431093ef131f2aa8f1e2282076472316/0_0_1000_600/500.jpg
17-08-2023,‘Gangster tactic’: the true aim behind Hong Kong’s pursuit of overseas dissidents ,"Police targeting pro-democracy activists abroad have questioned their family and put out bounties, but there is a broader, more chilling, objective behind the operation",https://www.theguardian.com/world/2023/aug/17/gangster-tactic-the-true-aim-behind-hong-kongs-pursuit-of-overseas-dissidents,https://media.guim.co.uk/910dafde9bcac4b85b7e9292bb06081502ff2be4/250_82_7702_4624/500.jpg
18-08-2023,India’s supreme court issues handbook against use of archaic terms for women,"Harmful language and stereotypes about women can lead to distortion of law, says chief justice of India",https://www.theguardian.com/world/2023/aug/18/indias-supreme-court-issues-handbook-against-use-of-archaic-terms-for-women,https://media.guim.co.uk/b181c833ef871c0ea6afd9df16d616e78c558244/0_308_4749_2849/500.jpg
19-08-2023,Russia-Ukraine war at a glance: what we know on day 542 of the invasion,"Russia’s possession of nuclear arms is response to threats, Lavrov says; rise in Ukraine battlefield casualties brings total close to half a million",https://www.theguardian.com/world/2023/aug/19/russia-ukraine-war-at-a-glance-what-we-know-on-day-542-of-the-invasion,https://media.guim.co.uk/305333f891e3947645653f2476f289a908403b05/0_101_5000_3002/500.jpg
20-08-2023,At least seven killed in Russian strike on theatre in centre of Chernihiv,"Zelenskiy vows to respond after attack on centre of northern city, reportedly involving drones, that killed six-year-old girl and injured 144",https://www.theguardian.com/world/2023/aug/19/russian-strike-on-chernihiv-ukraine,https://media.guim.co.uk/0188640d7886d76cc23e2e10944309a33e67a735/0_0_6000_3600/500.jpg
21-08-2023,Canada wildfires: Trudeau deploys military to tackle blazes across British Columbia,"More than 35,000 residents under evacuation orders across province, while flames are being held at bay 15km from Yellowknife in Northwest Territories",https://www.theguardian.com/world/2023/aug/21/canada-wildfires-trudeau-deploys-military-to-tackle-blazes-across-british-columbia,https://media.guim.co.uk/22b9a6d9ea86c0528854082096405ca8ff920d7e/0_397_6048_3627/500.jpg
22-08-2023,"New Zealand Labour’s support sinks to worst level in six years, poll finds",Prime minister Chris Hipkins says Labour now ‘underdogs’ as National gains ground ahead of 14 October election,https://www.theguardian.com/world/2023/aug/22/new-zealand-labours-support-sinks-to-worst-level-in-six-years-poll-finds,https://media.guim.co.uk/06f5cca31fe39fc778f2688a8af65a9ded6145f6/1508_275_2938_1763/500.jpg
23-08-2023,NSW court rules Catholic church can’t get a fair trial in civil case over paedophile priest,The Catholic church has successfully argued it can’t get a fair trial for alleged child abuse perpetrated by notorious priest David Joseph Perrett because Perrett and other key witnesses have died,https://www.theguardian.com/world/2023/aug/23/david-joseph-perett-nsw-court-rules-catholic-church-cant-get-a-fair-trial-in-civil-case-against-paedophile-priest,https://media.guim.co.uk/ddfb08628ffde8945cbb8ed1de5b4924fdacd65f/0_2431_3493_2095/500.jpg
24-08-2023,Wagner leader Yevgeny Prigozhin reportedly killed in plane crash with no survivors – as it happened,This blog is now closed. Read our main story at the link below:,https://www.theguardian.com/world/live/2023/aug/23/russia-ukraine-war-live-updates-drones-downed-moscow,https://media.guim.co.uk/1f9ddf3613f320ae56738d724d770a4cbf9f8588/0_66_2000_1201/500.jpg
25-08-2023,"Friday briefing: Has Yevgeny Prigozhin, Putin’s madcap mutineer, met his end? ","In today’s newsletter: Yevgeny Prigozhin is almost certainly dead – but, with the current state of chaos in Russia, could his plane crash be a smokescreen?",https://www.theguardian.com/world/2023/aug/25/friday-briefing-has-yevgeny-prigozhin-putins-madcap-mutineer-met-his-end,https://media.guim.co.uk/5d42e1cd3fdd26f946e31b2b761d02fdd43e804c/0_315_3942_2366/500.jpg
26-08-2023,Russia-Ukraine war at a glance: what we know on day 549 of the invasion,Lukashenko says Prigozhin dismissed warnings about threats to his life; Kremlin denies being behind plane crash; flight recorders and 10 bodies recovered,https://www.theguardian.com/world/2023/aug/26/russia-ukraine-war-at-a-glance-what-we-know-on-day-549-of-the-invasion,https://media.guim.co.uk/0433bd617ff3fd16bb8145b17b2836a18c097653/0_154_2313_1388/500.jpg
27-08-2023,"Ukrainian pilot ‘Juice’ among three killed in jet collision, Zelenskiy says","Air force says Andriy Pilshchykov, advocate of F-16s for Ukraine, among dead after two training planes came down west of Kyiv",https://www.theguardian.com/world/2023/aug/27/ukrainian-pilot-juice-among-three-killed-in-jet-collision-says-volodymyr-zelenskiy,https://media.guim.co.uk/c47e3c420a04167732e3c01f317ef7f45dd2d123/0_0_1842_1105/500.jpg
28-08-2023,Drivers in Japan plied with alcohol to show drink-driving dangers,"Initiative in Chikushino honours three children killed by drink-driver, with motorists learning first-hand how badly alcohol makes you drive",https://www.theguardian.com/world/2023/aug/28/drivers-in-japan-plied-with-alcohol-to-show-drink-driving-dangers,https://media.guim.co.uk/a15e71155b5f3dc3bcdfe504c83fa36afe74b7af/0_0_3734_2241/500.jpg
29-08-2023,The Melilla massacre: how a Spanish enclave in Africa became a deadly flashpoint,"<strong>The long read</strong>: At least 37 people were killed in June 2022 at the Morocco-Spain border, while scores more were injured. Despite the brutality and chaos, officials praised the actions of border agents",https://www.theguardian.com/world/2023/aug/29/the-melilla-massacre-spanish-enclave-africa-became-deadly-flashpoint-morocco,https://media.guim.co.uk/33fd5a1b2aa5a998c914fba99b8ba780b0a3a389/0_275_4288_2573/500.jpg
30-08-2023,Russia-Ukraine war at a glance: what we know on day 553 of the invasion,Two dead in Kyiv following ‘most powerful’ barrage since the spring; six regions of Russia targeted by drones; ‘Farewell ceremony’ for Prigozhin,https://www.theguardian.com/world/2023/aug/30/russia-ukraine-war-at-a-glance-what-we-know-on-day-553-of-the-invasion,https://media.guim.co.uk/c9183f82b2e6b359cc60981df282e18f9c5a93d1/0_800_1920_1152/500.jpg
31-08-2023,"Ousted Ali Bongo was on track to win Gabon election, polling shows","Data collected on behalf of president shows he was on course to win about 50% of the vote, as new leader announced by coup forces",https://www.theguardian.com/world/2023/aug/30/ousted-ali-bongo-was-on-track-to-win-gabon-election-polling-shows,https://media.guim.co.uk/7763156dd2df848733266da90a8f5afc13dbd294/0_100_1689_1013/500.jpg
01-09-2023,Biden hopes Xi Jinping will attend G20 amid reports Chinese president will skip Delhi summit,Analysts suggest Chinese leader may be reluctant to give neighbouring rival India the spotlight,https://www.theguardian.com/world/2023/sep/01/xi-jinping-g20-summit-2023-delhi-joe-biden,https://media.guim.co.uk/154deb41c80c925a11c51df0b75cf017fa9a6217/5_433_3783_2270/500.jpg
02-09-2023,Russia-Ukraine war at a glance: what we know on day 556 of the invasion,"Russia destroys boat trying to attack Crimea bridge, Moscow claims; US poised to send Kyiv munitions containing depleted uranium, reports say",https://www.theguardian.com/world/2023/sep/02/russia-ukraine-war-at-a-glance-what-we-know-on-day-556-of-the-invasion,https://media.guim.co.uk/27ab1fcccc96fa2be4e766ccedf9a4df1efb9f69/0_232_3500_2101/500.jpg
03-09-2023,Russia-Ukraine war at a glance: what we know on day 557 of the invasion,"Ukrainian forces breach Russia’s first defensive line in south, says general; Ukrainian oligarch Ihor Kolomoisky detained on suspicion of fraud",https://www.theguardian.com/world/2023/sep/03/russia-ukraine-war-at-a-glance-what-we-know-on-day-557-of-the-invasion,https://media.guim.co.uk/562072b6d750db01e4df0cc1a4de345d4d092e92/0_116_3500_2101/500.jpg
04-09-2023,"Mining once made this Pacific island unliveable, now residents fear its return",Australian mining company puts Banaba exploration plan on hold amid islanders’ concerns their phosphate-rich homeland may again be exploited,https://www.theguardian.com/world/2023/sep/04/mining-once-made-this-pacific-island-unliveable-now-residents-fear-its-return,https://media.guim.co.uk/39dd15f79f22b683509c80beaa5aa71f63b1f236/0_335_5022_3013/500.jpg
05-09-2023,China ‘gifts’ and cost concerns: Pacific Games stir controversy in Solomon Islands,"The host nation has attracted criticism over the price tag of November’s event, while an expert labels Chinese funding ‘shrewd diplomacy’",https://www.theguardian.com/world/2023/sep/05/pacific-games-2023-solomon-island-china-cost-controversy,https://media.guim.co.uk/eaa95ad947074be80a8f7cc7f7cfb32dea8273aa/0_416_6240_3744/500.jpg
06-09-2023,Russia-Ukraine war at a glance: what we know on day 560 of the invasion,US senate leaders express support for Ukraine; Russia closes airport amid Ukraine drone attack,https://www.theguardian.com/world/2023/sep/06/russia-ukraine-war-at-a-glance-what-we-know-on-day-560-of-the-invasion,https://media.guim.co.uk/80adf42726e9782b710bcb4611ab22d964baec7f/0_0_3500_2101/500.jpg
07-09-2023,India or Bharat? G20 invitations throw up question dating back centuries,"Some say use of ‘Bharat’ is move to finally throw off colonial chains, others call it disastrous Narendra Modi vanity project",https://www.theguardian.com/world/2023/sep/07/india-or-bharat-g20-invitations-throw-up-question-dating-back-centuries,https://media.guim.co.uk/c02d3b50488e7f474e9c7b3d54cb1a1b1d3529d4/0_200_6000_3600/500.jpg
08-09-2023,"Abused, traumatised and powerless: South Korea’s teachers on why they are protesting",Teachers recount the emotional toll of being harassed by parents and dragged through child abuse proceedings over everyday classroom matters,https://www.theguardian.com/world/2023/sep/08/south-korea-teacher-protest-why-are-teachers-protesting,https://media.guim.co.uk/c5124099f0d20bfc17f1d95cb56d625b4b18cde9/0_249_7655_4595/500.jpg
09-09-2023,Russia-Ukraine war at a glance: what we know on day 563 of the invasion,Russian attack on Ukrainian police building kills one and wounds dozens; Zelenskiy says Putin ‘killed Prigozhin’; British military to monitor Black Sea,https://www.theguardian.com/world/2023/sep/09/russia-ukraine-war-at-a-glance-what-we-know-on-day-563-of-the-invasion,https://media.guim.co.uk/afd8ea09627993b82e1061564635b8ceda7b3978/0_97_1255_753/500.jpg
10-09-2023,Russia-Ukraine war at a glance: what we know on day 564 of the invasion,"G20 declaration ‘nothing to be proud of’, says Kyiv; Ukraine warns against lifting sanctions as Russia pushes grain deal; Ukraine condemns lack of progress for a tribunal to prosecute Russian leaders",https://www.theguardian.com/world/2023/sep/10/russia-ukraine-war-at-a-glance-what-we-know-on-day-564-of-the-invasion,https://media.guim.co.uk/064ef47c886064e8091ca27dacdef15d01f9d085/0_455_5822_3494/500.jpg
11-09-2023,Canada PM Justin Trudeau stuck in India after plane breaks down,Canadian PM was due to return home on Sunday after G20 summit in Delhi but a mechanical fault kept him in India overnight,https://www.theguardian.com/world/2023/sep/11/canada-pm-justin-trudeau-stuck-in-india-g20-plane-breaks-down,https://media.guim.co.uk/7221a8b89aeefb507d479e10c1800b2ec4d79187/0_288_8640_5184/500.jpg
12-09-2023,"Ukraine regains control of strategic Black Sea oil rigs, intelligence service says","Recapture of ‘Boyko Towers’ takes Kyiv ‘many steps closer to regaining Crimea’, GUR says",https://www.theguardian.com/world/2023/sep/12/ukraine-regains-control-of-strategic-black-sea-oil-rigs-intelligence-service-says,https://media.guim.co.uk/8b00e35e5678ca45af02da7f4743db60211c8e48/0_138_4000_2401/500.jpg
13-09-2023,Portuguese town flooded by river of ‘good quality’ red wine,"The Destilaria Levira in Anadia said it took full responsibility for the incident, which saw 2.2 million litres of wine gush down streets",https://www.theguardian.com/world/2023/sep/13/levira-portugal-wine-flood-how-damage-litres-destilaria,https://media.guim.co.uk/c2d84ff4c065a53dde64158a4ba81651301169f9/0_0_2500_1500/500.jpg
14-09-2023,Kim Jong-un invites Putin to North Korea after summit brings ties to ‘a new level’,"North Korean media report that Kim was briefed on space vehicles during his meetings in Russia, though no specific detail of any deal has emerged",https://www.theguardian.com/world/2023/sep/14/kim-jong-un-invites-vladimir-putin-to-north-korea,https://media.guim.co.uk/a674db84adc255599a03b337977a9265843fccfe/232_100_3628_2179/500.jpg
15-09-2023,What are medicanes? The ‘supercharged’ Mediterranean storms that could become more frequent,The flash flood that has killed thousands of people in Libya this week followed the ‘medicane’ storm Daniel,https://www.theguardian.com/world/2023/sep/15/what-are-medicanes-the-supercharged-mediterranean-storms-that-could-become-more-frequent,https://media.guim.co.uk/27610884158a7963a8a52d70cf48dd7fee8cc374/0_220_6586_3952/500.jpg
16-09-2023,Russia-Ukraine war at a glance: what we know on day 570 of the invasion,Ukraine claims to have seized village from Russian forces in Donetsk region; Zelenskiy to meet Biden in Washington next week,https://www.theguardian.com/world/2023/sep/16/russia-ukraine-war-at-a-glance-what-we-know-on-day-570-of-the-invasion,https://media.guim.co.uk/be7e01b9409f13985009f419a30036d81c0600e9/0_0_5472_3283/500.jpg
17-09-2023,Russia-Ukraine war at a glance: what we know on day 571 of the invasion,Kim Jong-un inspects strategic bombers in Russia; Moscow denies Ukraine’s claim to have seized village in Donetsk region,https://www.theguardian.com/world/2023/sep/17/russia-ukraine-war-at-a-glance-what-we-know-on-day-571-of-the-invasion,https://media.guim.co.uk/d32ddea5029422884d2c5ed604a4e69cab5dc57f/0_128_3543_2126/500.jpg
18-09-2023,Taiwan urges China to stop ‘destructive’ military activities as fighter jets cross median line,"Taiwan’s defence ministry said that since Sunday it had spotted 103 Chinese military aircraft over the sea, a number it called a ‘recent high’",https://www.theguardian.com/world/2023/sep/18/taiwan-china-conflict-destructive-military-activities-fighter-jets,https://media.guim.co.uk/630ab2ce0ab2aced34fc54136c2823c9ffc75e9a/134_0_5655_3394/500.jpg
19-09-2023,"European governments shrinking railways in favour of road-building, report finds","Rail networks in most countries have been starved of funding while motorways lengthen, study shows",https://www.theguardian.com/world/2023/sep/19/european-governments-railways-road-building-report-motorways-funding-rail,https://media.guim.co.uk/397ea85db66e4863274122e074600a807bf36566/0_0_4989_2993/500.jpg
20-09-2023,"Iran accuses US of stoking Ukraine war in UN speech, sparking Israel walkout",President Ebrahim Raisi tells the UN general assembly the project to ‘Americanise’ the world had failed,https://www.theguardian.com/world/2023/sep/20/iran-un-speech-ebrahim-raisi-accuses-us-of-stoking-ukraine-war,https://media.guim.co.uk/3861fb7ad05b7d14cd9f7fb044b853b26a02f7d9/0_29_3332_2000/500.jpg
21-09-2023,Estranged son of Thai King Vajiralongkorn says discussion of the monarchy should be allowed,"New York-based Vacharaesorn Vivacharawongse signals he rejects Thailand’s harsh lese majeste laws, which ban criticism of the royal family",https://www.theguardian.com/world/2023/sep/21/thai-king-son-vacharaesorn-vivacharawongse-estranged-royal-anti-defamation-monarchy,https://media.guim.co.uk/28fd1f311bf19b09d3fa8553a690058b8be7da3e/0_144_6124_3676/500.jpg
22-09-2023,"Canada has evidence linking Indian diplomats to killing of Sikh activist, media reports",The Canadian Broadcasting Company revealed communications gathered about murder of Hardeep Singh Nijjar,https://www.theguardian.com/world/2023/sep/22/canada-evidence-indian-diplomats-sikh-activist-murder-hardeep-singh-najjir,https://media.guim.co.uk/1db3db52ec27eaa025e5f7cb5db7ef4ac32577b2/0_963_7706_4624/500.jpg
23-09-2023,Russia-Ukraine war at a glance: what we know on day 577 of the invasion,Canada pledges an extra C$650m in military aid during Zelenskiy visit; Ukrainian airstrike on Crimea hits Russia’s Black Sea navy headquarters ,https://www.theguardian.com/world/2023/sep/23/russia-ukraine-war-at-a-glance-what-we-know-on-day-577-of-the-invasion,https://media.guim.co.uk/f42946bbb2a4765ec5076f00b332c9d8b8807a30/0_351_4800_2880/500.jpg
24-09-2023,‘I am willing to wait for months’: Chinese Tiananmen critic ready for long haul in Taiwan transit lounge,"Chen Siming pleads for safe passage to US, saying his situation is ‘dangerous and urgent’ amid Beijing’s pursuit of him",https://www.theguardian.com/world/2023/sep/24/china-dissident-taiwan-chen-siming-willing-to-wait-airport-transit-lounge-tiananmen,https://media.guim.co.uk/7c6e422e326cc52750fe7018404e247eeb6f67d5/0_45_3000_1800/500.jpg
25-09-2023,New Zealand election: Luxon says National open to NZ First coalition,National leader ends long-running question over whether party is prepared to work with Winston Peters,https://www.theguardian.com/world/2023/sep/25/new-zealand-election-luxon-says-national-open-to-nz-first-coalition,https://media.guim.co.uk/e1575e1760a74e69b57344bd442c803d4ba49d28/787_0_4610_2765/500.jpg
26-09-2023,"Antarctic sea ice shrinks to lowest annual maximum level on record, data shows",Scientists fear global heating may have shifted region into new era of disappearing ice with far-reaching consequences,https://www.theguardian.com/world/2023/sep/26/antarctic-sea-ice-shrinks-to-lowest-annual-maximum-level-on-record-data-shows,https://media.guim.co.uk/9e5f7e716561dde280d7a03f92e659ff0daf2e10/0_0_5538_3321/500.jpg
27-09-2023,"Wildfires, war and rightwing extremism: 50 years of Europe in photos, part two",The Guardian’s Europe correspondent Jon Henley and picture editor Guy Lane reflect on a half-century of upheaval,https://www.theguardian.com/world/2023/sep/27/wildfires-war-rightwing-extremism-50-years-europe-in-photos-part-two,https://media.guim.co.uk/72ea770ee3a04622aec65bde2baa2edfaa606445/0_138_4500_2700/500.jpg
28-09-2023,‘Roma only’: the school caught up in a Slovakian national scandal,A small primary in Podsadek is at the centre of a legal row about segregation and discrimination in the run-up to elections,https://www.theguardian.com/world/2023/sep/28/roma-only-the-school-caught-up-in-a-slovakian-national-scandal,https://media.guim.co.uk/6f9e9eae8e68ccb559794f5547b13a73f2554cdb/0_47_5000_3001/500.jpg
29-09-2023,‘Risk of miscalculation’ rises in South China Sea as Beijing ramps up aggressive tactics,"Tensions over the resource-rich region are intensifying as China attempts to cut access for nations with competing claims, such as the Philippines",https://www.theguardian.com/world/2023/sep/29/risk-of-miscalculation-rises-in-south-china-sea-as-beijing-ramps-up-aggressive-tactics,https://media.guim.co.uk/5684ccb9c9525de02441960e4b779dcfcd99f1dc/0_10_1491_895/500.jpg
30-09-2023,Russia-Ukraine war at a glance: what we know on day 584 of the invasion,Russian attack hits Ukrainian infrastructure in west; Putin reaffirms referendums in illegally annexed regions,https://www.theguardian.com/world/2023/sep/30/russia-ukraine-war-at-a-glance-what-we-know-on-day-584-of-the-invasion,https://media.guim.co.uk/bd89d60d25ea8ce690dbd46b7046af5b62b9f9d5/0_365_5472_3283/500.jpg
01-10-2023,New Zealand election: Chris Hipkins tests positive to Covid at critical point in campaign,"The prime minister will isolate for five days or until he returns a negative test, but has promised to keep up engagements remotely",https://www.theguardian.com/world/2023/oct/01/new-zealand-election-chris-hipkins-tests-positive-to-covid-at-critical-point-in-campaign,https://media.guim.co.uk/79ae0f1567b17a1276d83ee04a364a3fbc66e297/0_88_6016_3610/500.jpg
02-10-2023,"Paris-Berlin relations slump is holding up key EU decisions, says German MEP","Exclusive: Defence and trade affected by poor post-Merkel rapport, says chair of foreign affairs committee",https://www.theguardian.com/world/2023/oct/02/paris-berlin-relations-slump-is-holding-up-key-eu-decisions-says-german-mep,https://media.guim.co.uk/bf36504c048d99a1b6f28842c9136c6c60b2fd84/839_589_6957_4175/500.jpg
03-10-2023,Birkenstock set to float on stock market with valuation of nearly $10bn ,German sandal maker has come a long way from its founding in 1774 as a maker of orthopaedic shoes to going public on the NY stock exchange,https://www.theguardian.com/world/2023/oct/03/birkenstock-stock-exchange-goes-public-share-price,https://media.guim.co.uk/c2e5fbd3e605fc4d7e170d9a6923d86d1be96275/181_445_4698_2819/500.jpg
04-10-2023,Dom Phillips and Bruno Pereira’s alleged murderers to face jury trial,"Judge makes ruling as trio remain in custody over Amazon killing of indigenous expert Pereira and journalist Phillips, a Guardian contributor",https://www.theguardian.com/world/2023/oct/04/javari-valley-amazon-murders-dom-phillips-bruno-pereira-fishermen-trial,https://media.guim.co.uk/867e37f2d3da44598899bd8cf31c853e0d810346/0_0_2500_1500/500.jpg
05-10-2023,US supplies Ukraine with a million rounds of ammunition seized from Iran,"Justice department claimed ownership of the ordnance on the grounds that they were being smuggled to Yemeni Houthi forces, breaching a UN embargo",https://www.theguardian.com/world/2023/oct/05/us-supplies-ukraine-with-ammunition-seized-from-iran,https://media.guim.co.uk/bfe4fb071d7064f5682d5ce6facb4459cb8343cb/0_257_4000_2400/500.jpg
06-10-2023,"Addictive, absurdly cheap and controversial: the rise of China’s Temu app",Temu’s meteoric growth – and its astronomical marketing budget – has experts asking whether its business model is sustainable,https://www.theguardian.com/world/2023/oct/06/addictive-absurdly-cheap-and-controversial-the-rise-of-chinas-temu-app,https://media.guim.co.uk/aaac7f0d69953f29ed071f7d4bee406c3de07f9f/0_0_2500_1500/500.jpg
07-10-2023,Russia-Ukraine war at a glance: what we know on day 591 of the invasion,"Boy and his grandmother killed in Russian missile attack on block of flats in Kharkiv, hours after strike in regional village of Hroza that left 52 dead",https://www.theguardian.com/world/2023/oct/07/russia-ukraine-war-at-a-glance-what-we-know-on-day-591-of-the-invasion,https://media.guim.co.uk/b7d848b0eb898b20f06c63c3a598eb340fa9b78f/0_397_6048_3627/500.jpg
08-10-2023,‘Israel declares war’: What the papers say about the surprise Hamas attack and its aftermath,Images from Israel and Gaza fill the front pages of newspapers around the world after Palestinian militants launch unexpected and sweeping attack,https://www.theguardian.com/world/2023/oct/08/israel-declares-war-what-the-papers-say-about-the-surprise-hamas-attack-and-its-aftermath,https://media.guim.co.uk/0411f858c082d9624d296f0828f46d4dfaa85b11/0_0_2500_1500/500.jpg
09-10-2023,Hundreds of bodies recovered from Israel music festival – as it happened,This blog is now closed,https://www.theguardian.com/world/live/2023/oct/08/israel-hamas-war-live-updates-palestinian-attack-october-2023-gaza-conflict-hostages-latest-news,https://media.guim.co.uk/73d835a6dde3a7b09d9d0a84d6c0d7f01ecc2a95/0_125_3960_2376/500.jpg
10-10-2023,‘Our time will come’: Thai leader prevented from becoming PM hails dawn of a new era ,Pita Limjaroenrat says time is on the side of his youthful Move Forward party that took on the establishment and shook up Thailand’s ‘half-baked democracy’,https://www.theguardian.com/world/2023/oct/10/our-time-will-come-thai-leader-prevented-from-becoming-pm-hails-dawn-of-a-new-era,https://media.guim.co.uk/63639f30e239a3555966e9fd64b8d56f836b5dbd/0_117_4041_2425/500.jpg
11-10-2023,Biden says Israel ‘has a duty to respond’ to attacks – as it happened,This blog is now closed. Follow live updates here.,https://www.theguardian.com/world/live/2023/oct/10/israel-hamas-war-live-updates-palestine-gaza-supernova-white-house,https://media.guim.co.uk/4e6b39d07bbda3c844e94d8bc0f92889f75ef01a/0_324_6000_3600/500.jpg
12-10-2023,‘We escaped from danger into death’: desperation inside Gaza’s hospitals as casualties mount,Palestinian residents of the enclave says the intensity of the recent Israeli attacks is unlike anything they have experienced before in other wars,https://www.theguardian.com/world/2023/oct/12/israel-hamas-war-gaza-hospitals-casualties,https://media.guim.co.uk/4004da80ab4cc58196fee713bd6fbf2c962c0388/0_0_6720_4032/500.jpg
13-10-2023,Russia-Ukraine war at a glance: what we know on day 597 of the invasion,Russia and Ukraine fighting fierce battles around eastern town of Avdiivka; Finland says ‘state actor’ may be behind damage to gas pipeline,https://www.theguardian.com/world/2023/oct/13/russia-ukraine-war-at-a-glance-what-we-know-on-day-597-of-the-invasion,https://media.guim.co.uk/f1cf14496de9f7876d0609d4b9fb3c139421adaa/0_213_4674_2803/500.jpg
14-10-2023,UN says tens of thousands have fled south in Gaza after Israel’s evacuation order – as it happened,"More than 400,000 in Gaza were already internally displaced before Israel’s evacuation order, UN humanitarian office says",https://www.theguardian.com/world/live/2023/oct/13/israel-hamas-war-live-updates-news-gaza-palestine-evacuations-military,https://media.guim.co.uk/2426a077f9a3777b2212f9769a7a037ef24c34b2/436_1109_6936_4162/500.jpg
15-10-2023,Russia-Ukraine war at a glance: what we know on day 5998 of the invasion,"Russian forces are attacking eastern city of Avdiivka with ‘everything they have’, says head of its military administration; Volodymyr Zelenskiy thanks troops for holding the line",https://www.theguardian.com/world/2023/oct/15/russia-ukraine-war-at-a-glance-what-we-know-on-day-5998-of-the-invasion,https://media.guim.co.uk/4b49d46a0ef3bdaecb24e7887894cbbd73b83f73/0_491_5681_3408/500.jpg
16-10-2023,Banana fortune heir Daniel Noboa wins Ecuador presidential election,"Luisa González, handpicked by Rafael Correa as successor, loses to 35-year-old who promises tough line on violent crime and cocaine trafficking",https://www.theguardian.com/world/2023/oct/16/daniel-noboa-wins-ecuador-presidential-election,https://media.guim.co.uk/201352ae36e4adcbef9cff478a2f33fb4e267f6a/0_0_3057_1836/500.jpg
17-10-2023,Hamas says 250 people held hostage in Gaza,"Group’s military wing says it has 200 hostages, most of whom are believed to be civilians, and 50 more are being held by other groups",https://www.theguardian.com/world/2023/oct/16/israeli-hostages-hamas-gaza,https://media.guim.co.uk/0c4d4f1418f034701865220458d2cd25aadefbae/0_69_4000_2401/500.jpg
18-10-2023,‘They believed it was safe’: death toll rising after blast at Gaza hospital,Health officials say blast killed hundreds as footage shows fire engulfing medical centre owned by Anglican church,https://www.theguardian.com/world/2023/oct/18/they-believed-it-was-safe-death-toll-rising-blast-gaza-hospital,https://media.guim.co.uk/be3bb41bdd554d8c526fc431c3d42b610332dd05/203_0_5066_3042/500.jpg
19-10-2023,Russia-Ukraine war at a glance: what we know on day 603 of the invasion,Putin calls delivery of ATACMS long-range missiles ‘another mistake’ by US; Russian foreign minister arrives in North Korea ahead of expected Putin trip,https://www.theguardian.com/world/2023/oct/19/russia-ukraine-war-at-a-glance-what-we-know-on-day-603-of-the-invasion,https://media.guim.co.uk/6ab2b467d7e0c6c3c80dd025947cc89c0ea66171/0_127_6048_3630/500.jpg
20-10-2023,High court to rule on Catholic church’s liability for abuse committed by paedophile priests ,Church has been granted special leave to appeal Victorian judgment that found Ballarat diocese was vicariously liable for abuse of child,https://www.theguardian.com/world/2023/oct/20/high-court-to-rule-on-catholic-churchs-liability-for-abuse-committed-by-paedophile-priests,https://media.guim.co.uk/a6eb172a9cbe9facf84169314e54b419e0fc7307/235_118_4890_2935/500.jpg
21-10-2023,Russia-Ukraine war at a glance: what we know on day 605 of the invasion,Joe Biden asks for $106bn package of emergency aid to Israel and Ukraine; former abbot of Ukrainian Orthodox monastery charged with justifying Russian invasion,https://www.theguardian.com/world/2023/oct/21/russia-ukraine-war-at-a-glance-what-we-know-on-day-605-of-the-invasion,https://media.guim.co.uk/a62898b4c08ff4cb64ab7017370ac6ea892446f6/0_362_6000_3600/500.jpg
22-10-2023,Russia-Ukraine war at a glance: what we know on day 606 of the invasion,"Six dead in Russian missile strike on Kharkiv postal distribution centre, says governor; Volodymyr Zelenskiy holds talks with Turkish counterpart ahead of peace summit next week",https://www.theguardian.com/world/2023/oct/22/russia-ukraine-war-at-a-glance-what-we-know-on-day-606-of-the-invasion,https://media.guim.co.uk/f6e9a575c6f46b39af5aae13634e60da98a5f5c4/0_8_5183_3111/500.jpg
23-10-2023,Far-right populist Javier Milei fails to win first round of Argentina’s presidential election,Potty-mouthed political outsider will head to November runoff with centrist finance minister Sergio Massa,https://www.theguardian.com/world/2023/oct/23/sergio-massa-wins-first-round-argentina-presidential-election-over-javier-milei,https://media.guim.co.uk/6ddfb66dc446a0be575451684e2cb40f3bf5bcf8/0_83_2876_1726/500.jpg
24-10-2023,Paramilitary gangs in Brazil torch more than 35 buses in Rio de Janeiro attacks,"Criminals reportedly set fire to at least 35 buses, four lorries and a train, apparently in retaliation for the killing of a senior paramilitary leader by police",https://www.theguardian.com/world/2023/oct/24/brazil-rio-de-janeiro-paramilitary-gangs-torch-bus-train-truck-attack-public-transport,https://media.guim.co.uk/3d12577cb1f94dc2639ddd31c82a7eff1e03502f/160_0_4800_2880/500.jpg
25-10-2023,Russia-Ukraine war at a glance: what we know on day 609,Volodymyr Zelenskiy says it is a ‘question of time’ before Ukraine regains control over Crimea; Russian forces continue pounding eastern Ukrainian city of Avdiivka,https://www.theguardian.com/world/2023/oct/25/russia-ukraine-war-at-a-glance-what-we-know-on-day-609,https://media.guim.co.uk/cd394935b146c7ba6c768ea899f35e94f2cc7559/364_693_8276_4966/500.jpg
26-10-2023,Russia-Ukraine war at a glance: what we know on day 610,Volodymyr Zelenskiy says Ukraine is preparing for renewed Russian attacks on its energy infrastructure ahead of winter; Russia claims to have conducted a simulated nuclear strike,https://www.theguardian.com/world/2023/oct/26/russia-ukraine-war-at-a-glance-what-we-know-on-day-610,https://media.guim.co.uk/b20b7b9723c47d924aec96759282b62c2a1257fe/0_276_4134_2480/500.jpg
27-10-2023,"Li Keqiang, former premier of China, dies aged 68 ",Li served as China’s number two leader for 10 years before being sidelined by Xi Jinping,https://www.theguardian.com/world/2023/oct/27/li-keqiang-former-premier-of-china-dies-aged-68-state-media,https://media.guim.co.uk/c3661fb86e09f5e526257abb06e8d7cd61865422/0_129_5161_3097/500.jpg
28-10-2023,Russia-Ukraine war at a glance: what we know on day 612,"Russia loses brigade’s worth of troops in push for Avdiivka, says Zelenskiy; heavy shelling hits Kherson; Macron condemns Orbán’s meeting with Putin",https://www.theguardian.com/world/2023/oct/28/russia-ukraine-war-at-a-glance-what-we-know-on-day-612,https://media.guim.co.uk/3a7c989852675cadcbe5654c36ad709eb2768ce3/0_0_5143_3087/500.jpg
29-10-2023,Russian delegation stymies creation of Antarctic conservation area,Efforts at major conference in Tasmania stall despite evidence that such areas would save crucial foraging and breeding grounds for Antarctic wildlife,https://www.theguardian.com/world/2023/oct/29/russian-delegation-stymies-creation-of-antarctic-conservation-area,https://media.guim.co.uk/6a29258fc8fced16cdcc082c56fd477d0594e727/286_208_3060_1837/500.jpg
30-10-2023,Why the rusting wreck of a second world war ship is so important to China,"The Sierra Madre, deliberately marooned by the Philippines in 1999, is crumbling but repair is being made impossible by an effective blockade by Beijing",https://www.theguardian.com/world/2023/oct/30/sierra-madre-phillippines-ship-china-blockade,https://media.guim.co.uk/81eaca97f91723f0ccd29edbf3b5b2568f7f8ca6/0_0_5184_3110/500.jpg
31-10-2023,Hamas reports clashes with IDF – as it happened,This blog is now closed.See all our Israel-Hamas war coverage,https://www.theguardian.com/world/live/2023/oct/30/israel-hamas-war-live-updates-aid-trucks-enter-gaza-strikes-casualties-israel-targets-hit-syria-lebanon,https://media.guim.co.uk/65a24c924857bf94d4a46cf06de6aea383f64889/0_0_5472_3283/500.jpg
01-11-2023,"Hong Kong: over-the-top punishment for 2019 democracy protesters, report finds","More than 10,000 arrests and nearly 3,000 prosecutions, with 82% given jail including ‘extraordinary high’ proportion of children",https://www.theguardian.com/world/2023/nov/01/hong-kong-over-the-top-punishment-for-2019-democracy-protesters-report-finds,https://media.guim.co.uk/af5eb5d7350164d89d20f48ce43ea6130f8613d2/0_550_8256_4954/500.jpg
02-11-2023,Russia-Ukraine war at a glance: what we know on day 617,"War moving into new attritional stage that will benefit Russia, says Ukraine commander-in-chief; Russia shells highest number of cities and settlements this year",https://www.theguardian.com/world/2023/nov/02/russia-ukraine-war-at-a-glance-what-we-know-on-day-617,https://media.guim.co.uk/559e9527cc01c60b4d5612f2948d9cac08764fe5/0_0_5472_3283/500.jpg
03-11-2023,Israel and Hamas at war: what we know on day 28,"Israeli military says it has surrounded Gaza City on three sides; more than 9,000 Palestinians killed, including 3,760 children, Hamas-run health ministry says",https://www.theguardian.com/world/2023/nov/03/israel-and-hamas-at-war-what-we-know-on-day-28,https://media.guim.co.uk/32a01000ee2f0aa1fedd1540d7a7fad144cfd4da/0_165_5760_3456/500.jpg
04-11-2023,Russia-Ukraine war at a glance: what we know on day 619,US to provide $425m of additional military aid to Ukraine; Russia-appointed governor says nine dead in Ukraine missile attack in Kherson,https://www.theguardian.com/world/2023/nov/04/russia-ukraine-war-at-a-glance-what-we-know-on-day-619,https://media.guim.co.uk/58b3dea5f32a45bc6ae04c275c5a45f8afaa353c/0_160_7915_4749/500.jpg
05-11-2023,Russia-Ukraine war at a glance: what we know on day 620,Ukrainian missiles target Crimean shipyard; Zelenskiy denies western leaders are pressuring him to negotiate with Russia,https://www.theguardian.com/world/2023/nov/05/russia-ukraine-war-at-a-glance-what-we-know-on-day-620,https://media.guim.co.uk/ca66b552a4b42f1c11c2e3d171ab9c41b649bf9a/0_102_3000_1800/500.jpg
06-11-2023,How Chinese influencers use AI digital clones of themselves to pump out content,"Questions over honesty and legality as livestreamers, particularly in online shopping, use avatars to boost their earnings",https://www.theguardian.com/world/2023/nov/06/chinese-influencers-using-ai-digital-clones-of-themselves-to-pump-out-content,https://media.guim.co.uk/2db6448ffa74101abc05d6df9a42b3c3ecb5537b/0_0_4200_2520/500.jpg
07-11-2023," John Oliver backs ‘weird, puking’ pūteketeke as he takes New Zealand’s bird of century poll global",Last Week Tonight host throws his weight behind the threatened bird in New Zealand’s often controversial annual vote,https://www.theguardian.com/world/2023/nov/07/john-oliver-backs-weird-puking-puteketeke-as-he-takes-new-zealands-bird-of-century-poll-global,https://media.guim.co.uk/3d221b7fb1a72c9a93d1153ca26f511dc232c770/827_11_2919_1752/500.jpg
08-11-2023,China releases methane plan as hopes rise for new climate agreement with US,"Two countries may soon break ground on a new climate agreement ahead of a presidential meeting next week and the UN’s climate conference, COP28",https://www.theguardian.com/world/2023/nov/08/china-methane-plan-climate-agreement-us,https://media.guim.co.uk/4c93df22ba9642bb5089a4531b5897181444dedd/0_354_5751_3450/500.jpg
09-11-2023,"‘We just want justice’: two years on, the brother of an Iraqi teenager lost in Channel disaster",Brother of Iraqi teenager lost in Channel crossing seeks UK investigation into drownings,https://www.theguardian.com/world/2023/nov/09/our-mother-believes-twana-is-alive-somewhere-so-i-visit-different-countries-looking-just-in-case,https://media.guim.co.uk/86e5e76050188a2143865b7c39e5e1e649514d21/0_626_3042_1825/500.jpg
10-11-2023,"Vehicle breakdowns due to potholes hit record level in 2023, says RAC","Calls over pothole incidents hit 6,000 in usually benign summer months amid ‘substandard’ roads",https://www.theguardian.com/world/2023/nov/10/vehicle-breakdowns-due-to-potholes-hit-record-level-in-2023-says-rac,https://media.guim.co.uk/c4ddd051fe609833cc61813cc6193bf72b7c3369/0_146_3500_2100/500.jpg
11-11-2023,Israel-Hamas war: what we know on day 36,"‘No justification’ for Israeli bombing of babies in Gaza, Emmanuel Macron says; largest hospital in Gaza under bombardment, WHO says",https://www.theguardian.com/world/2023/nov/11/israel-hamas-war-what-we-know-on-day-36,https://media.guim.co.uk/a49d5748b8ea76b80a05a621d880fc9a7e969fc2/0_32_4668_2801/500.jpg
12-11-2023,‘Very difficult’: father of Luis Díaz speaks for first time after release by Colombia guerillas,Luis Manuel Díaz has described how he spent 12 days trekking through mountains with almost no sleep,https://www.theguardian.com/world/2023/nov/12/very-difficult-father-of-luis-diaz-speaks-for-first-time-after-release-by-colombia-guerillas,https://media.guim.co.uk/9f8b8bd8b89f0fa14fa9d131d8525954df24657c/0_110_3456_2074/500.jpg
13-11-2023,"Giraffepods, hot masks and a massage pillow: testing Japan’s answers to the perfect power nap ","In a country where more than 40% get less than six hours’ sleep a night and millions nap at work, new ways to grab forty winks are big business",https://www.theguardian.com/world/2023/nov/13/giraffepods-hot-masks-and-a-massage-pillow-testing-japans-answers-to-the-perfect-power-nap,https://media.guim.co.uk/62dac5bed72cc8ba3dfcca09127940e8ef68a7f7/0_0_2500_1500/500.jpg
14-11-2023,Israel-Hamas war: what we know on day 40,Thousands trapped inside main Gaza hospital surrounded by Israeli military; Joe Biden calls for al-Shifa hospital to be ‘protected’,https://www.theguardian.com/world/2023/nov/14/israel-hamas-war-what-we-know-on-day-40,https://media.guim.co.uk/7f68f8d41ba1abf35348cb7e273aa0dac3650ab8/0_224_6720_4032/500.jpg
15-11-2023,‘Pachi pachi’ or ‘kachi kachi’? Japan launches foreigners’ guide to tricky world of onomatopoeia,"As foreign population reaches record levels, the western prefecture of Mie has compiled a guide for those who need it",https://www.theguardian.com/world/2023/nov/15/mie-prefecture-guide-pachi-pachi-or-kachi-kachi-a-foreigners-guide-to-the-tricky-world-of-japans-onomatopoeia,https://media.guim.co.uk/edf1460de75a9e1df12beac364d7c8223a022631/0_367_5500_3300/500.jpg
16-11-2023,Russia-Ukraine war at a glance: what we know on day 631,Czechs freeze Russian state-owned property; Russia concedes Ukrainians hold territory on illegally occupied side of Dnipro river,https://www.theguardian.com/world/2023/nov/16/russia-ukraine-war-at-a-glance-what-we-know-on-day-631,https://media.guim.co.uk/777c228b2a0080b94c7f9aee669d8836f5fb997c/0_257_3872_2324/500.jpg
17-11-2023,Russia-Ukraine war at a glance: what we know on day 632,David Cameron visits Kyiv in first trip abroad as British foreign secretary; Volodymyr Zelenskiy says delivery of artillery shells has dropped off since Israel-Hamas war,https://www.theguardian.com/world/2023/nov/17/russia-ukraine-war-at-a-glance-what-we-know-on-day-632,https://media.guim.co.uk/87527a5cb5fb0f8f86cd7f0126a29473c56a57d8/0_53_5702_3421/500.jpg
18-11-2023,Russia-Ukraine war at a glance: what we know on day 633,Blackouts as Russian attacks on Ukraine’s energy systems restart; Ukraine shipping out millions of tonnes of grain via Black Sea corridor,https://www.theguardian.com/world/2023/nov/18/russia-ukraine-war-at-a-glance-what-we-know-on-day-633,https://media.guim.co.uk/8faeabf5fc33425383ef3a5ce911b22c029ec4ed/0_81_2385_1431/500.jpg
19-11-2023,Russia-Ukraine war at a glance: what we know on day 634,"Volodymyr Zelenskiy imposes sanctions on 37 Russian groups and 108 people, criticises wartime abductions of children; 400 towns and villages targeted by large drone attack, officials say",https://www.theguardian.com/world/2023/nov/19/russia-ukraine-war-at-a-glance-what-we-know-on-day-634,https://media.guim.co.uk/319991f5497e5cd5560b08929712d52a61778368/0_364_5472_3283/500.jpg
20-11-2023,Who is Javier Milei? Argentina’s new far-right president ‘El Loco’ takes the stage,"Likened to Wolverine and Trump and nicknamed ‘the madman’, the former TV pundit is known for his prolific swearing and pledge to take a chainsaw to the machinery of state",https://www.theguardian.com/world/2023/nov/20/who-is-javier-milei-argentina-new-president-far-right-what-does-he-stand-for,https://media.guim.co.uk/c3512e3ee52896423075042c853d023f4edb084b/0_0_4176_2506/500.jpg
21-11-2023,Hamas has delivered truce response to Qatari officials – as it happened,This blog is now closed.,https://www.theguardian.com/world/live/2023/nov/20/israel-hamas-war-live-updates-hostages-al-shifa-hospital-gaza-hamas-attack,https://media.guim.co.uk/afe40d0010aa094e2ee22ac5ab06bc1c459e45c7/122_0_3751_2252/500.jpg
22-11-2023,Gender pay gap for UK women aged 40 and over ‘will not close till they are pensioners’,Equal Pay Day report from Fawcett Society blames lack of flexible working in well-paid high-quality jobs,https://www.theguardian.com/world/2023/nov/22/gender-pay-gap-uk-women-pensioners-equal-pay-day,https://media.guim.co.uk/704bdbc1a4a87002981d13aedcb2025077f6f0fc/0_283_5568_3341/500.jpg
23-11-2023,Adviser warns UK government against tightening laws on glorifying terrorism,Independent reviewer says change could harm freedom of speech and further strain overtaxed security services,https://www.theguardian.com/world/2023/nov/23/adviser-warns-government-against-tightening-laws-glorifying-terrorism,https://media.guim.co.uk/857cebdde49ab97062b8c0d8a4de9f7fd5b9238a/0_13_3000_1801/500.jpg
24-11-2023,Israel-Hamas war: Cubans protest in front of US embassy in Havana – as it happened,This blog has closed. You can follow our live coverage of the Israel-Hamas war here on our new blog,https://www.theguardian.com/world/live/2023/nov/23/israel-hamas-war-live-updates-gaza-ceasefire-hostage-release-friday-israeli-us-officials,https://media.guim.co.uk/f646fdba2489f964438ff3e477eb9ae064c1a3a0/0_224_4065_2440/500.jpg
25-11-2023,Russia-Ukraine war at a glance: what we know on day 640,Ukraine’s president says major aid packages from the US and EU needed; Zelenskiy talks to outgoing Dutch PM after Geert Wilders’ shock election result,https://www.theguardian.com/world/2023/nov/25/russia-ukraine-war-at-a-glance-what-we-know-on-day-640,https://media.guim.co.uk/b5f9ebcfaf68b5e39a177ea6ae51fefb321242b4/0_441_7500_4500/500.jpg
26-11-2023,Israel releases 39 Palestinian prisoners as Hamas frees 17 hostages in latest stage of ceasefire deal,Exchange takes place after ceasefire was plunged into crisis when Hamas accused Israel of blocking aid convoys,https://www.theguardian.com/world/2023/nov/25/israeli-hostage-deal-on-course-after-hamas-delay-prompts-crisis,https://media.guim.co.uk/d05faee4dc25a9d2ce0fd2f19b7dd65a7ad60fde/173_345_565_339/500.jpg
27-11-2023,World’s biggest iceberg moving beyond Antarctic waters,"A23a split from the Antarctic’s Filchner Ice Shelf in 1986, but it became stuck to the ocean floor and had remained for many years in the Weddell Sea",https://www.theguardian.com/world/2023/nov/27/worlds-biggest-iceberg-moving-beyond-antarctic-waters,https://media.guim.co.uk/9e8ef986ba5288d30d6f47eedcd137f6cb63836b/40_0_1200_720/500.jpg
28-11-2023,Russia-Ukraine war at a glance: what we know on day 643,"Violent storms lash Russia and occupied territories, as well as Ukraine and Moldova; Russians ‘trying to storm Avdiivka from all directions’",https://www.theguardian.com/world/2023/nov/28/russia-ukraine-war-at-a-glance-what-we-know-on-day-643,https://media.guim.co.uk/f5c9e4bed213b84c3cbc79ad0beb9c1e264abc8d/0_0_4682_2811/500.jpg
29-11-2023,Russia-Ukraine war at a glance: what we know on day 644 ,"Poisoning of Ukraine spy chief Kyrylo Budanov’s wife, Marianna; Black Sea storm forces Russian fleet back to base and slows down war effort",https://www.theguardian.com/world/2023/nov/29/russia-ukraine-war-at-a-glance-what-we-know-on-day-644,https://media.guim.co.uk/d9496b251da829e6474523d2b65bc4133e210aad/0_0_1895_1137/500.jpg
30-11-2023,Russia-Ukraine war at a glance: what we know on day 645,Ukraine says strike in Kherson killed five senior Russian officials; no war fatigue among allies – ‘Nato knows we have to win’,https://www.theguardian.com/world/2023/nov/30/russia-ukraine-war-at-a-glance-what-we-know-on-day-645,https://media.guim.co.uk/9f342ae5d64e05c1ad30647be585b2cb652b796f/0_0_3000_1800/500.jpg
01-12-2023,Hamas claims responsibility for deadly Jerusalem bus stop shooting,"Two men, reportedly brothers from East Jerusalem, shot dead at scene after attack that killed three people",https://www.theguardian.com/world/2023/nov/30/jerusalem-bus-stop-shooting-attack-killed-injured,https://media.guim.co.uk/aedac6aca0f6d6775b0bb68e2c3db30449047b77/0_74_4112_2467/500.jpg
02-12-2023,Russia-Ukraine war at a glance: what we know on day 647,"Russian to increase size of armed forces by 170,000; Zelenskiy admits counteroffensive did not achieve ‘desired results’",https://www.theguardian.com/world/2023/dec/02/russia-ukraine-war-at-a-glance-what-we-know-on-day-647,https://media.guim.co.uk/d49d6e7964b148aca3049f36bd023a105c8bb806/0_85_2500_1500/500.jpg
03-12-2023, Russia-Ukraine war at a glance: what we know on day 648,Russia attempting to quell dissent from wives of soldiers deployed in Ukraine; former Ukraine president Poroshenko prevented from leaving the country,https://www.theguardian.com/world/2023/dec/03/russia-ukraine-war-at-a-glance-what-we-know-on-day-648,https://media.guim.co.uk/288aa2e7648d420600c4aacab16d1a4c1a8ffe2b/0_243_4500_2701/500.jpg
04-12-2023,Russia-Ukraine war at a glance: what we know on day 649,Ukraine investigates alleged ‘execution’ of Ukrainian soldiers trying to surrender; Volodymyr Zelenskiy reports ‘intense battles’ at dozens of locations,https://www.theguardian.com/world/2023/dec/04/russia-ukraine-war-at-a-glance-what-we-know-on-day-649,https://media.guim.co.uk/787dd13913315f380b4319e62650a802a746d987/0_1024_6379_3829/500.jpg
05-12-2023,Israel investigates claims investors made millions short-selling before Hamas attacks,US professors detected unusual trading activity on Tel Aviv and US stock exchanges before 7 October,https://www.theguardian.com/world/2023/dec/04/israeli-authorities-investigate-claims-of-short-selling-before-hamas-attacks,https://media.guim.co.uk/fd502546fc75a9e5fe84e3459566786281c1dc19/262_0_1981_1188/500.jpg
06-12-2023,Taiwan presidential election: opposition in chaos as China looms in background,"Voters are faced with a choice of continuity with the ruling DPP or change, with an opposition that favours closer ties with Beijing",https://www.theguardian.com/world/2023/dec/06/taiwan-presidential-election-opposition-in-chaos-as-china-looms-in-background,https://media.guim.co.uk/475c68343cb523b6f6a90f597aa45a93e65ce291/0_141_3000_1800/500.jpg
07-12-2023,"Alberto Fujimori, Peru’s divisive former president, released from jail",The 85-year-old was pictured leaving prison in Lima where he was serving a 25-year sentence for human rights abuses,https://www.theguardian.com/world/2023/dec/07/alberto-fujimori-peru-former-president-released-jail,https://media.guim.co.uk/efbdcf816e5b401a9ffbd9245f21c6207cd53257/980_453_1828_1097/500.jpg
08-12-2023,Desperately seeking Suzukis: Japanese town hopes to make name for itself with population boost,The shrinking town of Kainan in Wakayama prefecture is offering money to people to relocate there – but there’s a catch,https://www.theguardian.com/world/2023/dec/08/japanese-town-suzuki-surname-paid-living-rule-why-kainan-wakayama-population-decline,https://media.guim.co.uk/96c7bd5eae53b03f2cc8a26f84578dcc466b304b/0_405_6080_3649/500.jpg
09-12-2023,EU agrees ‘historic’ deal with world’s first laws to regulate AI,"Agreement between European Parliament and member states will govern artificial intelligence, social media and search engines",https://www.theguardian.com/world/2023/dec/08/eu-agrees-historic-deal-with-worlds-first-laws-to-regulate-ai,https://media.guim.co.uk/45841538e1aeae6c32c2c831ac875b5528ec564a/0_200_6000_3600/500.jpg
10-12-2023,David Cameron urged to tell China to free Hong Kong publisher Jimmy Lai,"Newspaper tycoon’s son seeks meeting with foreign secretary as Briton, 76, faces trial and possible life sentence",https://www.theguardian.com/world/2023/dec/10/cameron-urged-to-tell-china-to-free-hong-kong-publisher-jimmy-lai,https://media.guim.co.uk/ad77237f1aa6957829566a5141c9b4831e014b6e/306_408_2694_1616/500.jpg
11-12-2023,Zelenskiy to visit Washington in bid to break Senate deadlock on Ukraine aid,"Ukrainian leader invited by Joe Biden, as US president pressures Republican senators to back aid bill",https://www.theguardian.com/world/2023/dec/11/zelenskiy-to-visit-washington-in-bid-to-break-senate-deadlock-on-ukraine-aid,https://media.guim.co.uk/289ee55aa71e3199c2fba3d4514925568c3aa00f/0_0_4000_2400/500.jpg
12-12-2023,Russia-Ukraine war at a glance: what we know on day 657,"Volodymyr Zelenskiy visits Washington, saying delays to future military aid are ‘dreams come true’ for Vladimir Putin; Russian opposition leader Alexei Navalny missing",https://www.theguardian.com/world/2023/dec/12/russia-ukraine-war-at-a-glance-what-we-know-on-day-657,https://media.guim.co.uk/f95963903fb112e74fe027735e6d1e0b70b39033/0_0_1042_625/500.jpg
13-12-2023,"Republicans helping Russia by denying Ukraine aid, Biden says",US president announces emergency $200m in aid after Congress continues to deny Volodymyr Zelenskiy,https://www.theguardian.com/world/2023/dec/12/ukraine-russia-aid-biden-zelenskiy,https://media.guim.co.uk/48758763fea355c30198f99fe3dfbdafab8eebdf/0_428_4971_2982/500.jpg
14-12-2023,Paradise divided: French Polynesia wrestles with lure of mass cruise tourism,Sought-after Bora Bora limits visitor numbers to protect environment while national government pushes for more tourists,https://www.theguardian.com/world/2023/dec/14/paradise-divided-french-polynesia-wrestles-with-lure-of-mass-cruise-tourism,https://media.guim.co.uk/5281c00d5ad4e69596c913e16b6613a4ba949270/0_494_5400_3242/500.jpg
15-12-2023,Deal reached to open EU accession talks with Ukraine and Moldova – as it happened,Bloc’s leaders decide to open negotiations after hours of talks as Viktor Orbán says Hungary does not want to take part in ‘bad decision’,https://www.theguardian.com/world/live/2023/dec/14/eu-summit-viktor-orban-aid-ukraine-live-latest-updates,https://media.guim.co.uk/d37bf3d2092b0040b964bc237e401180a3337385/308_115_4957_2974/500.jpg
16-12-2023,Russia-Ukraine war at a glance: what we know on day 661,Kyiv confident EU aid will be approved despite Hungarian veto; Ukrainian village council member injures over 20 people after detonating grenades at meeting,https://www.theguardian.com/world/2023/dec/16/russia-ukraine-war-at-a-glance-what-we-know-on-day-661,https://media.guim.co.uk/cb81cd688c4e0ebf3d1730b0a3470c06f8132d25/0_135_4016_2409/500.jpg
17-12-2023,Israel-Gaza war: UK and Germany call for ‘sustainable’ ceasefire,UK foreign minister David Cameron and German counterpart Annalena Baerbock say goal must be peace lasting ‘generations’,https://www.theguardian.com/world/2023/dec/16/idf-says-hostages-it-killed-were-bare-chested-and-waving-white-flag,https://media.guim.co.uk/622bcccd1bd3bbe439923b5e46bb572af7b39e87/0_353_5500_3300/500.jpg
18-12-2023,North Korea launches ballistic missiles after US and South Korea bolster nuclear deterrence plans,Japan’s government has called a meeting of its national security council in response to the launches,https://www.theguardian.com/world/2023/dec/18/north-korea-launches-ballistic-missiles-after-us-and-south-korea-bolster-nuclear-deterrence-plans,https://media.guim.co.uk/37815ea6b0865b25c3e6c2abe802e66db2d58c31/0_140_2108_1265/500.jpg
19-12-2023,Russia-Ukraine war at a glance: what we know on day 664,White House warns US only has enough funding for one more aid package this year; Ukraine’s top general says situation on frontline has not reached stalemate,https://www.theguardian.com/world/2023/dec/19/russia-ukraine-war-at-a-glance-what-we-know-on-day-664,https://media.guim.co.uk/ea7994d048257e67910418781d94b2ba6f983857/0_106_4820_2894/500.jpg
20-12-2023,Biden administration policy differences reportedly behind delay in Gaza ceasefire vote at UN,"Work continues on UN security council text of resolution that the US could at least abstain on, as Qatar says hostage talks have been ‘positive’",https://www.theguardian.com/world/2023/dec/20/un-security-council-israel-gaza-war-ceasefire-delay-why-biden-administration-policy-differences,https://media.guim.co.uk/08947988a1339b8bdab1d3312fe00612c1f03c5d/0_200_6000_3602/500.jpg
21-12-2023,Russia-Ukraine war at a glance: what we know on day 666,"Ukrainian military moving to defensive positions, UK’s MoD says; Russian tax revenue from oil exports slashed by 32%, US says",https://www.theguardian.com/world/2023/dec/21/russia-ukraine-war-at-a-glance-what-we-know-on-day-666,https://media.guim.co.uk/c64aeeec55efccf75905a25cc8f4e5b4ca2cdcc3/0_131_3953_2373/500.jpg
22-12-2023,Russia-Ukraine war at a glance: what we know on day 667,One person injured in Russian drone attack on Kyiv; Zelenskiy says military intelligence suggests Russia’s military activity is slowing down,https://www.theguardian.com/world/2023/dec/22/russia-ukraine-war-at-a-glance-what-we-know-on-day-667,https://media.guim.co.uk/4c540e84b09c4f8ee60aa8253d8002b8392e4a13/0_0_4134_2480/500.jpg
23-12-2023,Israel widens Gaza offensive – as it happened,This blog is now closed,https://www.theguardian.com/world/live/2023/dec/22/israel-gaza-war-live-updates-un-security-council-resolution-us-backing,https://media.guim.co.uk/ec975da832e0cd064db6d17789f94b785af2b52e/0_180_8640_5184/500.jpg
24-12-2023,"Death toll from Israeli attacks tops 20,000 – As it happened",This blog is now closed.,https://www.theguardian.com/world/live/2023/dec/23/israel-gaza-hamas-war-latest-updates-un-security-council-resolution-us-live,https://media.guim.co.uk/968f4c2547155439836c13150d586840bc69d21d/0_267_4000_2399/500.jpg
25-12-2023,Israel-Gaza war live: at least 70 killed in Israeli strike on refugee camp – as it happened,Spokesperson says attack on the Maghazi camp in central Gaza is a ‘massacre’ and warns that death toll is likely to rise further,https://www.theguardian.com/world/live/2023/dec/24/israel-gaza-war-live-biden-calls-on-netanyahu-to-protect-civilians-in-gaza-but-stops-short-of-ceasefire-request,https://media.guim.co.uk/693216c1cf9a65d7cdc0d92be846c6b425eb0177/0_308_6720_4032/500.jpg
26-12-2023,Hostages’ families heckle Netanyahu as he warns Israel ‘expanding’ Gaza fight,Israeli prime minister facing domestic pressure to bring home the more than 100 hostages thought still held by Hamas in Gaza,https://www.theguardian.com/world/2023/dec/26/hostages-families-heckle-netanyahu-as-he-warns-israel-expanding-gaza-fight,https://media.guim.co.uk/356a46dec919837c5a826df26fbcb20d4f5a4e8d/0_106_1600_960/500.jpg
27-12-2023,UN names Netherlands’ Sigrid Kaag aid coordinator for Gaza – as it happened,This blog is now closed,https://www.theguardian.com/world/live/2023/dec/26/israel-gaza-war-live-updates-hamas-palestinians-deaths-idf-strikes-un,https://media.guim.co.uk/24dc5b2a11ddc7cb4279987a88f2df6e7b60995c/0_64_4000_2400/500.jpg
28-12-2023,Jacques Delors obituary,"Champion of the European Union’s single market and currency whose vision of a centralised, federalist bloc found less favour",https://www.theguardian.com/world/2023/dec/28/jacques-delors-obituary,https://media.guim.co.uk/9ac6df753e9b29d4432a485c687d3c01d781b8dd/0_79_2910_1745/500.jpg
29-12-2023,Russia-Ukraine war at a glance: what we know on day 674,Bulk carrier hit by Russian mine in Black Sea; Zelenskiy thanks US for latest weapons package amid uncertainty over future aid,https://www.theguardian.com/world/2023/dec/29/russia-ukraine-war-at-a-glance-what-we-know-on-day-674,https://media.guim.co.uk/c291da9eb677d50c6c663f8fa5d4be727c9794f1/0_77_4523_2714/500.jpg
30-12-2023,UN humanitarian chief ‘strongly condemns’ attack on aid convoy – as it happened,This blog is now closed,https://www.theguardian.com/world/live/2023/dec/29/israel-gaza-war-live-updates-hamas-egypt-delegation-ceasefire-cairo,https://media.guim.co.uk/9d55c0654c420b24c85a3c65b9f611f8c2d0b89b/0_105_4000_2400/500.jpg
31-12-2023,UN reports surge in people fleeing to Rafah as fighting intensifies – as it happened,This blog is now closed,https://www.theguardian.com/world/live/2023/dec/30/israel-gaza-war-live-hamas-palestinians-khan-younis-deaths-un-aid-us,https://media.guim.co.uk/4fa66ef3e666aaccf20a0e345fa76c6c5f47211b/646_18_3702_2222/500.jpg
01-01-2024,New Year’s Eve celebrations around the world as 2024 begins – as it happened,Macron says Olympics will bring France a 2024 full of ‘pride’ and ‘hope’; some UK New Year’s Eve firework events cancelled due to weather,https://www.theguardian.com/world/live/2023/dec/31/new-years-eve-live-celebrations-around-the-world-as-2024-begins,https://media.guim.co.uk/78073983707b1a3444b3648a46a9728a22743a61/0_516_3027_1817/500.jpg
02-01-2024, Russia-Ukraine war at a glance: what we know on day 678,Putin says Russia will ‘intensify’ strikes on military targets in Ukraine; Zelenskiy says Moscow is suffering major losses,https://www.theguardian.com/world/2024/jan/02/russia-ukraine-war-at-a-glance-what-we-know-on-day-678,https://media.guim.co.uk/d625e84f13bee207f1466558743da50736f77a5e/0_193_5787_3472/500.jpg
03-01-2024,Russia-Ukraine war at a glance: what we know on day 679,At least five people die in wave of Russian strikes on Kyiv and Kharkiv; Russia accidentally bombs its own city,https://www.theguardian.com/world/2024/jan/03/russia-ukraine-war-at-a-glance-what-we-know-on-day-679,https://media.guim.co.uk/6b8ba5d78e4e7d5c3825d0de1254e2aaeb270310/0_265_4000_2400/500.jpg
04-01-2024,Russia-Ukraine war at a glance: what we know on day 680,Nuclear watchdog says Zaporizhzhia inspections hampered; biggest prisoner exchange of the war; family returns to Ukraine under home rebuilding scheme,https://www.theguardian.com/world/2024/jan/04/russia-ukraine-war-at-glance-what-we-know-on-day-680,https://media.guim.co.uk/c6761b6b7632e6f08f51aa86ca865c7ed76464bf/0_0_5913_3549/500.jpg
05-01-2024,Bangladesh election: Sheikh Hasina expected to win fourth term amid opposition boycott,The election has been branded a ‘sham’ designed to cement Hasina’s rule by exiled opposition leader Tarique Rahman,https://www.theguardian.com/world/2024/jan/05/bangladesh-election-results-opposition-boycott-tarique-rahman-fourth-term-sheikh-hasina,https://media.guim.co.uk/6d8c15885ef535f7ac473cfc72c323d5d4e8c121/0_154_4626_2776/500.jpg
06-01-2024,"Unauthorised Jewish settlements surge in occupied West Bank, says watchdog – as it happened",This blog is now closed,https://www.theguardian.com/world/live/2024/jan/05/middle-east-crisis-live-updates-antony-blinken-israel-palestine-gaza-hamas,https://media.guim.co.uk/b6ae094ffc546c8432250f25bf5e9470b8f94baa/0_133_4000_2400/500.jpg
07-01-2024,"Creation of Palestinian state is only way to peace, EU foreign policy chief says – as it happened","Josep Borrell wants European-Arab initiative to revive a peace process, with the ultimate aim being a two-state solution",https://www.theguardian.com/world/live/2024/jan/06/middle-east-crisis-israel-gaza-war-hamas-us-blinken-trip-erdogan,https://media.guim.co.uk/5b292d082866a2102d00aecb69a48436f498795e/0_157_5500_3300/500.jpg
08-01-2024,Taiwan election: who are the candidates and what is at stake?,Presidential vote will have far-reaching consequences and set tone for US-China relations,https://www.theguardian.com/world/2024/jan/08/taiwan-election-who-candidates-what-stake,https://media.guim.co.uk/598d0ef46ea8b93f72cb6311edd5ded4050584bd/0_545_8192_4915/500.jpg
09-01-2024,More civilian casualties recorded in 2023 than any year since 2010,"Action on Armed Violence says 33,846 were killed or wounded by airstrikes, bombs or artillery, the most it has recorded",https://www.theguardian.com/world/2024/jan/09/more-civilian-casualties-recorded-in-2023-than-any-year-since-2010-gaza,https://media.guim.co.uk/305533c331324dae73616442b8406f4580f57978/0_0_6679_4010/500.jpg
10-01-2024,Russia-Ukraine war at a glance: what we know on day 686,Fuel depot far inside Russia burns in drone strike; US and allies censure North Korean supply of missiles to Putin; Ukraine short of air defence missiles,https://www.theguardian.com/world/2024/jan/10/russia-ukraine-war-at-a-glance-what-we-know-on-day-686,https://media.guim.co.uk/a675c77cde37e05a4002e9d5d4138001c7048e6d/0_353_5290_3174/500.jpg
11-01-2024,Russia-Ukraine war at a glance: what we know on day 687,Injuries as Russian missiles hit Kharkiv hotel; Russia ‘testing nuclear-capable missiles for North Korea in Ukraine’; Zelenskiy visits Baltic allies,https://www.theguardian.com/world/2024/jan/11/russia-ukraine-war-at-a-glance-what-we-know-on-day-687,https://media.guim.co.uk/4a0a76889d4a2c6e448c498a2b0e70e717a1be89/0_106_1600_960/500.jpg
12-01-2024,Who are the Houthis and how did the US and UK strikes on Yemen come about?,The US and UK have launched strikes on Houthi positions in Yemen’s west,https://www.theguardian.com/world/2024/jan/12/yemen-houthi-rebels-who-are-they-what-attacking-us-uk-airstrikes-red-sea-crisis,https://media.guim.co.uk/6301f1771b499711db2ca6dc42c3746769e480d1/0_57_3888_2333/500.jpg
13-01-2024,Gaza doctors warn patients will die within hours after key hospital loses power – as it happened,This blog is now closed,https://www.theguardian.com/world/live/2024/jan/12/middle-east-crisis-live-updates-yemen-houthi-rebels-joe-biden-us-uk-airtstrikes-red-sea-crisis-israel-gaza-war,https://media.guim.co.uk/927513618d12a1d1245ae52b9b072e6a368d0a85/0_233_4000_2400/500.jpg
14-01-2024,Tiny proportion of e-scooter injuries appear in official UK data,Study warns that lack of reporting may mask the dangers of still-mostly-illegal scooters on roads and pavements,https://www.theguardian.com/world/2024/jan/14/tiny-proportion-of-e-scooter-injuries-appear-in-official-uk-data,https://media.guim.co.uk/6747496c7496c22f99f4ce207536583b41a93570/0_471_3500_2101/500.jpg
15-01-2024,UK potholes and road defects have led to surge in callouts,AA and RAC report highest figures for at least five years and criticise lack of permanent repairs,https://www.theguardian.com/world/2024/jan/15/uk-potholes-and-road-defects-have-led-to-surge-in-callouts,https://media.guim.co.uk/c16a69e45e2fc8e5e09fdbe04ff9b15bc7a3eb60/764_0_3729_2237/500.jpg
16-01-2024,Russia-Ukraine war at a glance: what we know on day 692,Ukraine shoots down spy and command planes in major losses for Russia; Zelenskiy pushing peace formula at Davos,https://www.theguardian.com/world/2024/jan/16/russia-ukraine-war-at-a-glance-what-we-know-on-day-692,https://media.guim.co.uk/117e16b96fe6747eb8eefe150d062bbdac630621/0_0_4134_2480/500.jpg
17-01-2024,Four-day work week to be trialled in Dominican Republic,"Employees will earn same salary but hours will be reduced from 44 to 36 hours as part of national voluntary trial, says government",https://www.theguardian.com/world/2024/jan/17/four-day-work-week-to-be-trialled-in-dominican-republic,https://media.guim.co.uk/99e275bd2b2f1a953ebe30064cdf8fb1767fa498/0_139_5472_3283/500.jpg
18-01-2024,The online hate campaign turning Indonesians against Rohingya refugees,"As Indonesia’s presidential election approaches, a campaign of disinformation against Rohingya is spreading across social media",https://www.theguardian.com/world/2024/jan/18/the-online-hate-campaign-turning-indonesians-against-rohingya-refugees,https://media.guim.co.uk/3f19da7b65a2a7abc7d7fad8d9f4472670a0db92/0_203_3936_2362/500.jpg
19-01-2024,New Zealand’s Māori king has called a rare nationwide meeting. Here’s why,Māori leaders and others are expected to attend a rare national meeting due to concerns about the new government’s policies on indigenous rights,https://www.theguardian.com/world/2024/jan/19/new-zealand-maori-king-nationwide-meeting-rare-why-news-details-indigenous-rights,https://media.guim.co.uk/b66f32add2b6a46786d0f19b6ead19d335f295af/0_322_7680_4608/500.jpg
20-01-2024,Russia-Ukraine war at a glance: what we know on day 696,Russia’s third-largest oil depot on fire after Ukrainian drone attack; US aid to Kyiv remains deadlocked in Congress,https://www.theguardian.com/world/2024/jan/20/russia-ukraine-war-at-a-glance-what-we-know-on-day-695,https://media.guim.co.uk/15f89367173e3c57b83e4ac083c14e8f1d55f07e/247_0_4290_2576/500.jpg
21-01-2024,Strike on Syrian capital kills fifth Iran Revolutionary Guards member – as it happened,"Several members of Syrian armed forces also killed in attack, Iran’s Revolutionary Guards say",https://www.theguardian.com/world/live/2024/jan/20/middle-east-crisis-live-biden-two-state-solution-netanyahu-israel-gaza-hamas,https://media.guim.co.uk/8f2a7f66aa699e6e32f5d6fc15034096126c5550/0_165_4624_2776/500.jpg
22-01-2024,Russia-Ukraine war at a glance: what we know on day 698,Deadly shelling hits market in Donetsk city; Russia hits Zaporizhzhia region 95 times in a day; ‘special operation’ blew up Russian chemical plant,https://www.theguardian.com/world/2024/jan/22/russia-ukraine-war-at-a-glance-what-we-know-on-day-698,https://media.guim.co.uk/843f3f6605ea342200628c9c47ef08a36a8990c7/0_391_5862_3517/500.jpg
23-01-2024,Russia-Ukraine war at a glance: what we know on day 699,Riposte to Lavrov at UN security council for ‘pursuit of obliteration of Ukraine’; Turkish parliament due to debate Sweden’s Nato membership,https://www.theguardian.com/world/2024/jan/23/russia-ukraine-war-at-a-glance-what-we-know-on-day-699,https://media.guim.co.uk/ae55618a7eed1a1f2b21470d15880c3933735d1d/0_0_4159_2496/500.jpg
24-01-2024,David Cameron to return to Middle East and press for pause in fighting,Downing Street says foreign secretary expected to raise ‘the importance of a two-state solution’,https://www.theguardian.com/world/2024/jan/24/david-cameron-to-return-to-middle-east-and-press-for-pause-in-fighting,https://media.guim.co.uk/8bae7b25203212f3987491716b4050aa7b9cea3f/0_51_4000_2400/500.jpg
25-01-2024,Russia-Ukraine war at a glance: what we know on day 701,Russian military plane carrying Ukraine prisoners of war crashes; president Zelenskiy accuses Moscow of playing with lives of Ukrainians,https://www.theguardian.com/world/2024/jan/25/russia-ukraine-war-at-a-glance-what-we-know-on-day-701,https://media.guim.co.uk/29f24aeb3dae2416331052294911847c465447a8/0_232_5271_3163/500.jpg
26-01-2024,Russia-Ukraine war at a glance: what we know on day 702,Ukraine claims Russian list of PoWs on board crashed military plane has discrepancies; Moscow court jails ultra-nationalist Igor Girkin,https://www.theguardian.com/world/2024/jan/26/russia-ukraine-war-at-a-glance-what-we-know-on-day-702,https://media.guim.co.uk/bcfa0251fc274a7d1c1ca1d252bcae04ca293e8b/843_195_2652_1592/500.jpg
27-01-2024,"Medical services at Gaza’s largest functioning health facility collapse amid intense fighting in Khan Younis, warns MSF – as it happened",This blog is now closed,https://www.theguardian.com/world/live/2024/jan/26/middle-east-crisis-live-updates-icj-genocide-case-ruling-israel-hamas-gaza-hostage-talks-cia,https://media.guim.co.uk/6468bfe6e211742e36bffd39e0740e942f83e6d0/0_275_8256_4954/500.jpg
28-01-2024,Russia-Ukraine war at a glance: what we know on day 704,"Russian attacks kill at least five, including two in raid on Ukrainian village; Russian missile strike sparks fire at Kremenchuk industrial site",https://www.theguardian.com/world/2024/jan/28/russia-ukraine-war-at-a-glance-what-we-know-on-day-704,https://media.guim.co.uk/5fb177126237e6a45106881d5d827e05607ce26a/0_314_5057_3036/500.jpg
29-01-2024,"24 in 2024: equal rights, clear skin and being a witch in Japan ",Student and ‘apprentice witch’ Miho Suzuki is set to enter the workforce and hopes Japan can shrug off its horrible start to the year,https://www.theguardian.com/world/2024/jan/29/24-in-2024-equal-rights-clear-skin-and-being-a-witch-in-japan,https://media.guim.co.uk/1403b52d04fb666cf86053b5ee0166be38f31205/2019_274_5406_3245/500.jpg
30-01-2024,Singer Rebecca Ferguson tells of music industry abuse in MPs’ report,DJ Annie Mac also provides evidence to report that says racism and misogyny is ‘endemic’ in the sector,https://www.theguardian.com/world/2024/jan/30/singer-rebecca-ferguson-music-industry-abuse-mps-report,https://media.guim.co.uk/56685e4f2747d23902ab3d3e0989f2e5b0d5191d/0_249_5373_3224/500.jpg
31-01-2024,‘Incomprehensible’ that Abramovich’s Chelsea funds not yet spent on Ukraine,Lords report says UK government must break impasse over details of how frozen assets should be spent,https://www.theguardian.com/world/2024/jan/31/incomprehensible-roman-abramovich-chelsea-proceeds-still-not-spent-to-help-ukraine,https://media.guim.co.uk/b4663a58c4bb28428ef11589afc855a0f7690207/0_55_2000_1201/500.jpg
01-02-2024,Police in Sweden destroy ‘live’ device outside Israeli embassy,Police described the object as a ‘dangerous object’ as Sweden’s prime minister condemned the ‘attempted attack’,https://www.theguardian.com/world/2024/feb/01/sweden-israel-embassy-police-attempted-attack-device-stockholm,https://media.guim.co.uk/d9e80660521f1d3d2c553e7433d1cb7109d8d6a0/0_342_6192_3715/500.jpg
02-02-2024,Russia-Ukraine war at a glance: what we know on day 709,UN court to rule on progress of Ukraine’s case against Russia disputing its ‘genocide’ basis for invasion; Russian warship believed sunk by sea drones off Crimea,https://www.theguardian.com/world/2024/feb/02/russia-ukraine-war-at-a-glance-what-we-know-on-day-709,https://media.guim.co.uk/e5f5c5fc7c22adba1552ab93d6a673e8a9518863/0_267_4000_2400/500.jpg
03-02-2024,Russia-Ukraine war at a glance: what we know on day 710,‘Outrageous’ killing of French aid workers; ICJ to hear most of Ukrainian case against Russia; Zelenskiy says more defence systems have arrived,https://www.theguardian.com/world/2024/feb/03/russia-ukraine-war-at-a-glance-what-we-know-on-day-710,https://media.guim.co.uk/0101fb128c8a573ccfe021ec6772c60e9ee1d3b5/0_396_6048_3628/500.jpg
04-02-2024,"Houthis face ‘further consequences’, Austin says after latest strikes – as it happened",This blog is closed.,https://www.theguardian.com/world/live/2024/feb/02/us-begins-wave-of-airstrikes-retaliating-for-drone-attack-that-killed-three-american-soldiers-live,https://media.guim.co.uk/7bd3e84ae2ea1e05738fcab2553968f6d5dceb5f/0_154_3600_2161/500.jpg
05-02-2024,Russia-Ukraine war at a glance: what we know on day 712,Zelenskiy considering replacement of several senior leaders; Russia says 28 dead in shelling on Ukrainian city under occupation,https://www.theguardian.com/world/2024/feb/05/russia-ukraine-war-at-a-glance-what-we-know-on-day-712,https://media.guim.co.uk/237be961a96eb042a7f2604cdae025c9f5a0f205/0_0_1327_796/500.jpg
06-02-2024,Russia-Ukraine war at a glance: what we know on day 713,"‘Bakery’ attack targeted Russian officials, not civilians, say Ukrainians; Kyiv mayor Klitschko backs military chief Zaluzhnyi",https://www.theguardian.com/world/2024/feb/06/russia-ukraine-war-at-a-glance-what-we-know-on-day-713,https://media.guim.co.uk/d45e91a24860758396dbccb4df05043cf52faee9/0_0_7987_4792/500.jpg
07-02-2024,Labor MPs play down impact of Australia’s pause in funding for UNRWA in Gaza,Backbenchers tell constituents that it would not affect funding for the current year – but did not mention freeze on $6m in emergency top-up funding,https://www.theguardian.com/world/2024/feb/07/australia-labor-unrwa-funding-gaza-support-pause,https://media.guim.co.uk/92eabebaa824e623b922bb2cfdb8c70f82f851f7/0_26_3744_2246/500.jpg
08-02-2024,Russia-Ukraine war at a glance: what we know on day 715,US Republicans reject bill tying Ukraine aid to border security; Kyiv urges west to speed up deliveries of artillery shells,https://www.theguardian.com/world/2024/feb/08/russia-ukraine-war-at-a-glance-what-we-know-on-day-715,https://media.guim.co.uk/91ad351c95a7c69681927c4be251eada9aa09f14/16_0_7083_4252/500.jpg
