date (dd-mm-yyyy),webTitle,short_description,webUrl,imageUrl
01-01-2018,Kim Jong-un: North Korea's nuclear arsenal is now complete,Leader says US ‘can never start a war against me’ and also hopes for better ties with Seoul before the Winter Olympics ,https://www.theguardian.com/world/2018/jan/01/kim-jong-un-north-korea-nuclear-arsenal,https://media.guim.co.uk/1cc02eeda8d3646585f54339bec550e791040bf2/30_50_3089_1854/500.jpg
02-01-2018,Gunmen kill 14 churchgoers after services in Nigeria,Killers reportedly operated at two locations in coordinated attack on Christians returning from churches,https://www.theguardian.com/world/2018/jan/02/gunmen-kill--churchgoers-in-nigeria-shooting,https://media.guim.co.uk/ae242b661388f33199bc46e1d824e5a7829b2e3c/3_384_2554_1533/500.jpg
03-01-2018,Harvey Weinstein: prosecutors consider first charges after sexual harassment claims,Beverly Hills police have handed files on two investigations to Los Angeles county district attorney’s office ,https://www.theguardian.com/film/2018/jan/03/harvey-weinstein-prosecutors-sexual-harassment-claims,https://media.guim.co.uk/680b891a35b52af3ab18a3c073b9f2082129146e/974_721_3275_1965/500.jpg
04-01-2018,'Poo tracker': New Zealand website reveals sewage on beaches,Safeswim site predicts and tracks the safety of waterways in real time amid concern about effluent overflows,https://www.theguardian.com/world/2018/jan/04/poo-tracker-new-zealand-website-reveals-sewage-on-beaches,https://media.guim.co.uk/522968c1fd2fd94df30d66d4db1b45476f8f9f32/0_9_3395_2038/500.jpg
05-01-2018,"Road toll: new car technology must be mandatory, government adviser says","Surgeon John Crozier, who is reviewing road safety strategy, urges Barnaby Joyce to move quickly by enforcing use of modern safety devices",https://www.theguardian.com/world/2018/jan/05/calls-for-australia-to-implement-more-road-safety-measures-to-reduce-road-deaths,https://media.guim.co.uk/8d888b25edd9885ebe5156f7cc4be3bfb3b0cf35/255_0_3680_2210/500.jpg
06-01-2018,Hard-won UN debate sees US at odds with partners over Iran,America accused of ‘preposterous bullying’ by Iran as heated discussion lays bare deep rifts over Middle East’s future ,https://www.theguardian.com/world/2018/jan/05/russia-us-iran-un-emergency-session,https://media.guim.co.uk/1e526d23dacbe86beebbc9e22d30bb9dfa16414d/0_526_5022_3012/500.jpg
07-01-2018,How rural vicars became the last social workers in the countryside,Priests are seen tackling deprivation amid the green fields of Herefordshire in a new TV series,https://www.theguardian.com/world/2018/jan/07/pepinster-poverty-rural-poor-herefordshire-priests-church-of-england-society,https://media.guim.co.uk/c3213ad8d461e72b69630be410938f7a190f644d/0_285_4281_2569/500.jpg
08-01-2018,UK 'inadvertently helped neuter' Middle East ally the Iraqi Kurds,"Ministers told of precise links between Iran and Baghdad-backed Shia militia operating in Iraq, claims former UK and Nato official",https://www.theguardian.com/world/2018/jan/08/uk-inadvertently-helped-neuter-middle-east-ally-iraqi-kurds-iran-baghdad-shia-militia-claims,https://media.guim.co.uk/2327ee3fcce824faac1c93fab952aa55c7af689e/0_101_3495_2097/500.jpg
09-01-2018,Mexican governor claims retaliation for inquiry into government corruption,"Tensions deepen between Chihuahua governor and ruling party, amid claims the government used shell companies to finance election campaigns in 2016",https://www.theguardian.com/world/2018/jan/08/mexico-corruption-investigation-chihuahua-enrique-pena-nieto,https://media.guim.co.uk/7bfd70eee2b5327ebf8c546be9feb3adc1411197/0_57_3500_2101/500.jpg
10-01-2018,Trudeau suggests meeting with Joshua Boyle before arrest raised no red flags,"Canadian prime minister faces questions over his meeting with former hostage, less than two weeks before he was arrested on charges including sexual assault ",https://www.theguardian.com/world/2018/jan/09/justin-trudeau-joshua-boyle-hostage-meeting-arrest,https://media.guim.co.uk/36dba7c8ef36365195a77eb47b00998d2d868f12/0_96_3500_2099/500.jpg
11-01-2018,Czech voters to give verdict on president's anti-immigrant populism,"Jiří Drahoš, main challenger to incumbent Miloš Zeman, pledges to ensure that country will face the west if he wins poll on Friday",https://www.theguardian.com/world/2018/jan/11/czech-voters-to-give-verdict-on-presidents-anti-immigrant-populism,https://media.guim.co.uk/9a65cd5561d641948ed391764bfb54c230c51cbd/0_233_3500_2100/500.jpg
12-01-2018,Australia and New Zealand at loggerheads over manuka honey trademark,Australian beekeepers have challenged a UK ruling giving their trans-Tasman rivals sole rights to use the coveted term ,https://www.theguardian.com/world/2018/jan/12/australia-and-new-zealand-at-loggerheads-over-manuka-honey-trademark,https://media.guim.co.uk/b9669422d129fd1a564192b4daa82645da0d23e7/0_261_2139_1283/500.jpg
13-01-2018,"Chinese official linked to cyanide death of UK businessman is in jail, reports say","Xia Zeliang, who allegedly supplied poison used in 2011 murder of Neil Heywood, is in jail for unrelated crime, Caixin reports",https://www.theguardian.com/world/2018/jan/13/chinese-official-linked-to-cyanide-death-of-uk-businessman-is-in-jail-reports-say,https://media.guim.co.uk/a85c1a7b96253f580e0f9019cdb4908925974f38/346_152_1806_1084/500.jpg
14-01-2018,"After the #MeToo backlash, an insider’s guide to French feminism",Catherine Deneuve joined 99 other prominent French women in a letter last week accusing the Hollywood anti-abuse campaign of censorship and intolerance. Agnès Poirier explains how the debate is viewed in Paris,https://www.theguardian.com/world/2018/jan/14/french-feminists-catherine-deneuve-metoo-letter-sexual-harassment,https://media.guim.co.uk/9b81519934791cc1bf67ff21eb44d64c3d3eea74/0_125_5184_3111/500.jpg
15-01-2018,MPs launch inquiry to consider tougher laws on sexual harassment,"Committee chair says it is clear the current system is broken, and TUC boss says abuse is happening on ‘industrial scale’",https://www.theguardian.com/world/2018/jan/15/mps-launch-inquiry-to-consider-tougher-laws-on-sexual-harassment,https://media.guim.co.uk/1af50a50a4aecdc0b91b9b04059c07ab21002aa8/0_0_3500_2101/500.jpg
16-01-2018,Greyhound track closure in Macau raises fears for dogs' lives,Animals rights campaigner says about 650 animals remain in infamous Canidrome – the majority exported from Australia,https://www.theguardian.com/world/2018/jan/16/greyhound-track-closure-in-macau-raises-fears-for-dogs-lives,https://media.guim.co.uk/dcc0f657d199a132ec1982fc838e9d55be2e0d83/153_153_1105_663/500.jpg
17-01-2018,New Zealand fisheries want grisly images of dead penguins caught in nets censored,Industry leaders say plan to install cameras on commercial fishing vessels is a risk to ‘NZ Inc’,https://www.theguardian.com/world/2018/jan/17/new-zealand-fishing-grisly-images-dead-penguins-caught-nets-censored,https://media.guim.co.uk/8bc35ebff14f9ada8a778c20f67f383a60d96cab/0_122_3648_2189/500.jpg
18-01-2018,Canada's use of lengthy solitary confinement in jails is unconstitutional – judge,Campaigners hope the judgment will end the controversial practice under which some inmates have been kept alone for four years,https://www.theguardian.com/world/2018/jan/18/canadas-use-of-lengthy-solitary-confinement-in-jails-is-unconstitutional-judge,https://media.guim.co.uk/c7ba556efae45e83e909955f5652fe4901611537/0_173_5184_3110/500.jpg
19-01-2018,Outspoken Chinese human rights lawyer Yu Wensheng held by police,"The 50-year-old, who had recently criticised China’s leaders, was detained while walking his son to school in Beijing ",https://www.theguardian.com/world/2018/jan/19/outspoken-chinese-human-rights-lawyer-yu-wensheng-arrested,https://media.guim.co.uk/fdb09bbc72a7807fa3c790cfacd7290db7cfcf0a/0_206_3800_2279/500.jpg
20-01-2018,Italy election: governing party to follow Macron's pro-EU playbook,PD minister Sandro Gozi says party will seek to repeat success of French president in putting Europe at centre of campaign,https://www.theguardian.com/world/2018/jan/20/italy-election-pd-follow-macron-pro-eu-playbook-sandro-gozi,https://media.guim.co.uk/6d80202063a1af9043a89811208733a286b3a0d7/0_140_4096_2457/500.jpg
21-01-2018,How migrants won the friendship of wary Florentines,"After protests against asylum seekers, a mayor has successfully led a campaign to treat arrivals with respect",https://www.theguardian.com/world/2018/jan/21/italy-migrants-florence,https://media.guim.co.uk/69feb66d460584f461896b32a0c3918dc815bfb8/0_240_1600_960/500.jpg
22-01-2018,New Zealand 'six degrees of separation' experiment reaches PM Jacinda Ardern,Prime minister receives 18 letters from school children whose messages were only allowed to pass through a maximum of five sets of hands,https://www.theguardian.com/world/2018/jan/22/new-zealand-six-degrees-of-separation-experiment-reaches-pm-jacinda-ardern,https://media.guim.co.uk/431ebe321d90e513d30a3f9df930dad2eee50f5c/0_61_3258_1955/500.jpg
23-01-2018,Jimmy Carr criticised for saying New Zealand city needs earthquake to look better,"Comedian branded insensitive for tweet that Dunedin, the country’s oldest city, would benefit from a rebuild",https://www.theguardian.com/world/2018/jan/23/jimmy-carr-criticised-new-zealand-dunedin-earthquake-to-look-better,https://media.guim.co.uk/dbde2b351f5c4ef0e16cec0697ad3c7c8539ecd0/0_0_5760_3456/500.jpg
24-01-2018,Sweden calls on China to release detained bookseller Gui Minhai,Sweden’s foreign minister says her country takes “a very serious view” of Gui’s detention as he travelled to Beijing for a medical examination ,https://www.theguardian.com/world/2018/jan/24/sweden-calls-on-china-to-release-detained-bookseller-gui-minhai,https://media.guim.co.uk/9f05e0c72bbf4d1f1bcf012099ad22367106b4d5/0_0_3000_1801/500.jpg
25-01-2018,Paris on flooding alert as rising Seine causes travel disruption,Part of the Louvre museum is closed as the river is forecast to reach 6.1 metres by Saturday – three times its normal height,https://www.theguardian.com/world/2018/jan/24/paris-flooding-alert-rising-seine-transport-disruption,https://media.guim.co.uk/e5d2bf5c91cac303bb576fc31861dc7255df01f4/196_0_3304_1982/500.jpg
26-01-2018,Ex-Weinstein assistant sues over 'sexually hostile' working environment,Sandeep Rehal alleges she had to clean up after producer’s sexual encounters and take dictation from him while he was naked,https://www.theguardian.com/film/2018/jan/25/harvey-weinstein-lawsuit-assistant,https://media.guim.co.uk/2dbf42e94081f85723440f362d7ab4b96ea26957/0_75_2669_1601/500.jpg
27-01-2018,Kiribati: ferry carrying 50 people missing for seven days,International search launched for boat that was only recently reported overdue after setting out on 18 January with propeller shaft problems,https://www.theguardian.com/world/2018/jan/27/kiribati-ferry-carrying-50-people-missing-for-seven-days,https://media.guim.co.uk/559ff9ae3f52e6ca7f6f31d546275048688307ab/134_0_4693_2816/500.jpg
28-01-2018,He’s back! How Silvio Berlusconi staged a political resurrection,"Ahead of elections in March, even critics admit the disgraced former leader may understand Italy’s complexities best",https://www.theguardian.com/world/2018/jan/28/silvio-berlusconi-march-election-matteo-renzi-five-star-movement,https://media.guim.co.uk/f6afb130cb0d439635ed895df4ee65359ac8b38f/0_204_4016_2409/500.jpg
29-01-2018,Australia unveils plan to become one of world’s top 10 arms exporters,PM spruiks jobs for local manufacturers but Tim Costello of World Vision says ‘whatever money we make from this dirty business will be blood money’,https://www.theguardian.com/world/2018/jan/28/australia-unveils-plan-to-become-one-of-worlds-top-10-arms-exporters,https://media.guim.co.uk/0bea94d55d1415f1f0ca7b974efd9c1d948f5005/0_188_4939_2964/500.jpg
30-01-2018,New Zealand heatwave sparks health alerts and scramble for fans,Temperatures forecast to hit 40C as even prime minister Jacinda Ardern struggles to keep cool ,https://www.theguardian.com/world/2018/jan/30/new-zealand-heatwave-health-alerts-scramble-fans,https://media.guim.co.uk/ad2283a8dc00ec6eb4007edcbc5067fa48c1e33d/0_46_3000_1801/500.jpg
31-01-2018,Welsh assembly named Britain's best employer for LGBT staff,"Stonewall says assembly is ‘a trailblazer for equality’, especially for trans people",https://www.theguardian.com/world/2018/jan/31/welsh-assembly-named-britains-best-employer-for-lgbt-staff,https://media.guim.co.uk/04157e5e387cf14fbb021cebfcc692fe6c5b4a14/0_594_3252_1952/500.jpg
01-02-2018,New Zealand announces major inquiry into child abuse in state care,Jacinda Ardern says royal commission a chance to ‘confront our history’ and will run for at least her entire term ,https://www.theguardian.com/world/2018/feb/01/new-zealand-child-abuse-state-care-royal-commission,https://media.guim.co.uk/4c250f722431bad300c7abe35b3b6e33973b155f/40_163_3314_1988/500.jpg
02-02-2018,"Men and anxious people more likely to have been bitten by dogs, survey shows","Official figures underestimate how common bites are, say researchers, with odds of men being bitten 81% higher than for women",https://www.theguardian.com/world/2018/feb/02/men-and-anxious-people-more-likely-to-have-been-bitten-by-dogs-survey-shows,https://media.guim.co.uk/1ee3aee77deb9371ac4d4f3eb289754ce6d4b157/0_71_2752_1651/500.jpg
03-02-2018,Italy: failed Northern League candidate held over migrant shootings,Far-right election candidate arrested in city of Macerata after shootspree targeting Africans,https://www.theguardian.com/world/2018/feb/03/driver-opens-fire-african-migrants-italian-city-macerata,https://media.guim.co.uk/785542ea3a9c50374457e8ab9751ee5df88659c2/0_38_3072_1843/500.jpg
04-02-2018,"Enemy of the state? Agnes Chow, the 21-year-old activist who has China worried",Hong Kong pro-democracy campaigner who was banned from office says an entire generation of young people is being targeted ,https://www.theguardian.com/world/2018/feb/04/agnes-chow-hong-kong-activist-who-has-china-worried-democracy,https://media.guim.co.uk/7404dd339969d1267fcf488e263efc8eed14d79b/1111_432_1685_1011/500.jpg
05-02-2018,'Nothing's impossible': Tonga’s lone skier strikes out for Olympic glory in South Korea,"Pita Taufatofua hadn’t seen snow until two years ago, but this week he will become the Pacific nation’s first cross-country competitor",https://www.theguardian.com/world/2018/feb/05/nothings-impossible-tongas-lone-skier-strikes-out-for-olympic-glory-in-south-korea,https://media.guim.co.uk/90aea660bbffcfcc94130d325bb99979bed47b47/0_39_1080_648/500.jpg
06-02-2018,New Zealand female-only stick insect produces 'rogue' male in UK,"The specimen, which was discovered by an insect enthusiast in Cornwall, could mean the animal is ready to start having sex",https://www.theguardian.com/world/2018/feb/06/new-zealand-female-only-stick-insect-produces-rogue-male-in-uk,https://media.guim.co.uk/4afcea231f24fa64914d96d0687b2779d40737eb/0_307_4608_2765/500.jpg
07-02-2018,Justin Trudeau tells woman to say 'peoplekind' not 'mankind',"Candian prime minister draws ridicule for being too politically correct, though it may have been lighthearted sarcasm",https://www.theguardian.com/world/2018/feb/07/justin-trudeau-tells-woman-to-say-peoplekind-not-mankind,https://media.guim.co.uk/b281661e12bdd96f7b6c637abfc9ebb2f84fd7d9/0_13_3500_2101/500.jpg
08-02-2018,Life drains from Little Africa as China dream fades for its fortune seekers,Dealmakers from Lagos to Luanda continue to descend but economic shifts and xenophobia causes exodus of African migrants ,https://www.theguardian.com/world/2018/feb/08/life-drains-from-little-africa-as-china-dream-fades-for-its-fortune-seekers,https://media.guim.co.uk/33c25916258f6f72421796c4b2cfa949a0d06797/0_94_3264_1958/500.jpg
09-02-2018,"Work four days, get paid for five: New Zealand company's new shorter week",Perpetual Guardian says it is experimenting with a rota that rewards employees the same for less work ,https://www.theguardian.com/world/2018/feb/09/work-four-days-get-paid-for-five-new-zealand-companys-new-shorter-week,https://media.guim.co.uk/413e8f2a9f4e0a0bbba18a1f50ee18af06f3ff1c/0_194_5823_3496/500.jpg
10-02-2018,Bookseller Gui Minhai surfaces in Chinese custody to deliver staged confession,"Activists call the video, in which Gui criticises his home nation of Sweden, ‘the product of pure coercion’",https://www.theguardian.com/world/2018/feb/10/bookseller-gui-minhai-surfaces-in-chinese-custody-to-deliver-staged-confession,https://media.guim.co.uk/481611780f71ff4181d73ec1e38b7edd0fff70a1/9_0_502_301/500.jpg
11-02-2018,Dutch heritage official sparks row over Belgium coastline,Netherlands’ equivalent of National Trust calls the Flemish coast a disaster – igniting spat,https://www.theguardian.com/world/2018/feb/11/belgium-holland-beaches-tourist-rivalry,https://media.guim.co.uk/174d3755d0fea44bfed626cbf7596094c1f5f425/0_362_4418_2651/500.jpg
12-02-2018,Cyclone Gita: Tonga declares state of emergency as storm strengthens,The category four storm has already caused widespread damage in neighbouring Samoa and American Samoa and is due to hit Tonga at night,https://www.theguardian.com/world/2018/feb/12/tonga-state-of-emergency-cyclone-gita-storm-strengthens,https://media.guim.co.uk/8eef2e4cacb3aad2359e1e36b2964154560bceec/0_26_640_384/500.jpg
13-02-2018,"Kim Jong-un praises 'sincere, impressive' South Korea",North Korean leader expresses ‘satisfaction’ over visit by his sister and other officials to the Winter Games amid warming of relations,https://www.theguardian.com/world/2018/feb/13/kim-jong-un-praises-sincere-impressive-south-korea,https://media.guim.co.uk/767dd2e931f6110e925639f62a79492b63e7e90b/0_165_3000_1801/500.jpg
14-02-2018,German cities to trial free public transport to cut pollution,Plan to be tested in five cities in effort to meet EU air pollution targets and avoid big fines<br>,https://www.theguardian.com/world/2018/feb/14/german-cities-to-trial-free-public-transport-to-cut-pollution,https://media.guim.co.uk/a1355894fe01d700a258c6d95643785291892ab2/0_384_5760_3456/500.jpg
15-02-2018,Oxfam sacked Haiti boss last year over claims of bad behaviour,"Dismissal not related to sexual abuse scandal engulfing Oxfam, charity says",https://www.theguardian.com/world/2018/feb/15/oxfam-sacked-haiti-boss-over-allegations-of-inappropriate-behaviour,https://media.guim.co.uk/e106ed71c58a3f5bb3d84e51ecce18d9b919e27e/0_45_4256_2554/500.jpg
16-02-2018,Fugitive convicted of Peter Blake's death re-captured after 16 years,José Irandir Cardoso was one of six convicted over killing of leading sailor in Brazil in 2001,https://www.theguardian.com/world/2018/feb/16/sir-peter-blake-killer-arrested-by-police-after-16-years-on-the-run,https://media.guim.co.uk/e35ebcaf5226cc4e9e98e03f00f1e2dfc6aeabf7/0_135_2000_1200/500.jpg
17-02-2018,Welcome to Limassolgrad: the city getting rich on Russian money,The skyline in Cyprus is changing rapidly with rich Russians moving in to claim a little slice of the EU,https://www.theguardian.com/world/2018/feb/17/welcome-to-limassolgrad-the-city-getting-rich-on-russian-money,https://media.guim.co.uk/f301627334a307b0c8282c433cca667f54ca39b2/0_0_3800_2279/500.jpg
18-02-2018,"Shamed and fearful, Oxfam stumbles into the unknown",Ten days of damaging ‘sex scandal’ headlines for Oxfam have rocked public trust in the whole sector. How can it be restored?,https://www.theguardian.com/world/2018/feb/18/oxfam-image-problem-can-it-repair-damage-haiti,https://media.guim.co.uk/60d08b037cb237f7fb35cfc3feab2298f7405deb/0_0_3500_2100/500.jpg
19-02-2018,UK bosses believe women should say at interview if they are pregnant – report,"Overt discrimination in recruitment shockingly common, says equality commission",https://www.theguardian.com/world/2018/feb/19/uk-bosses-believe-women-should-say-at-interview-if-they-are-pregnant-report,https://media.guim.co.uk/77d04c946538c77463bfb4e9bca83e9a08d839f5/51_886_3915_2349/500.jpg
20-02-2018,Chinese and US officials scuffled over 'nuclear football' during 2017 Trump visit,Secret service teams clashed in November when Chinese agents tried to stop case carrying US nuclear codes from entering Beijing’s Great Hall of the People,https://www.theguardian.com/world/2018/feb/19/china-and-us-in-skirmish-over-nuclear-football-during-trump-visit-to-beijing-report,https://media.guim.co.uk/995a2869829e21b0410895341d837f70043702f9/0_0_2733_1640/500.jpg
21-02-2018,"North Korea cancelled Mike Pence meeting last minute, White House says","Officials ‘dangled’ face-to-face talks at Winter Olympics, which collapsed after vice-president condemned human rights record",https://www.theguardian.com/world/2018/feb/20/mike-pence-north-korea-olympic-games-meeting-cancelled,https://media.guim.co.uk/cdce1d004d2a359245edbb0cdac21fac62c6564d/0_175_5241_3145/500.jpg
22-02-2018,Blue-sky thinking: how China's crackdown on pollution is paying off,Clear skies above Beijing again – but some fear the problem is just being pushed elsewhere,https://www.theguardian.com/world/2018/feb/22/blue-sky-thinking-how-chinas-crackdown-on-pollution-is-paying-off,https://media.guim.co.uk/4d47de736c1e078372176cf38dd0a91c58483822/0_68_2248_1348/500.jpg
23-02-2018,European Union MPs call on Xi Jinping to release Gui Minhai,Chinese state media attacks Guardian and Financial Times as politicians demand freedom of Swedish-national bookseller,https://www.theguardian.com/world/2018/feb/23/european-union-mps-call-on-xi-jinping-to-release-gui-minhai,https://media.guim.co.uk/9f05e0c72bbf4d1f1bcf012099ad22367106b4d5/0_0_3000_1801/500.jpg
24-02-2018,Woman in the picture: is Nigeria’s legendary Tutu still alive?,The search for the subject of Ben Enwonwu’s rediscovered 1974 masterpiece continues,https://www.theguardian.com/world/2018/feb/24/tutu-ben-enwonwu-painting-nigeria-is-tutu-still-alive,https://media.guim.co.uk/6b0ffec77c903365d1b75393c64095e41b671dce/0_502_4689_2812/500.jpg
25-02-2018,Nissim Baruch Black: the rapper who gave up bling for Jewish redemption,The former drug dealer tells of his journey from a tough Seattle neighbourhood to an ultra-orthodox family life in Jerusalem,https://www.theguardian.com/world/2018/feb/25/nissim-baruch-black-rapper-swaps-bling-jewish-redemption,https://media.guim.co.uk/b207b96dccdc336e060c89e2ae89156cd039e133/0_126_2992_1795/500.jpg
26-02-2018,"North Korea willing to start direct talks with US, says South Korea",Announcement comes as controversial North Korean general mobbed on visit to Winter Olympics,https://www.theguardian.com/sport/2018/feb/25/north-korea-general-protests-olympics-visit,https://media.guim.co.uk/49b8a2df9b151f8dfc4c990167657ca45be1d8e2/232_24_909_545/500.jpg
27-02-2018,New Zealand: National party elects Maori leader and deputy to take on Jacindamania,Opposition will be headed by Simon Bridges and Paula Bennett as they attempt to counter the popularity of Labour PM Jacinda Ardern,https://www.theguardian.com/world/2018/feb/27/new-zealand-national-party-elects-maori-leader-jacindamania,https://media.guim.co.uk/5fcbdc9a4f97d6360d2445a6020aba1727db123c/0_186_3000_1800/500.jpg
28-02-2018,Takata airbag recall to affect almost 4m cars in Australia,Compulsory recall of airbags that have caused deaths worldwide follows last year’s voluntary recall by carmakers,https://www.theguardian.com/world/2018/feb/28/takata-airbag-recall-to-affect-more-than-2m-cars-in-australia,https://media.guim.co.uk/2fecb4e7fd692e142a9e432801cde7c1d8d93945/0_241_5568_3341/500.jpg
01-03-2018,Matteo Salvini extends Northern League's appeal as far south as Sicily,"Southern Italians, whom he used to dismiss as parasites, voice support for the leader of La Lega",https://www.theguardian.com/world/2018/mar/01/matteo-salvini-extends-his-far-right-appeal-as-far-as-sicily,https://media.guim.co.uk/520704d28944a1a46f861d2abe15fb7b341edcc5/0_171_3467_2081/500.jpg
02-03-2018,Neo-Nazi groups recruit Britons to fight in Ukraine,Hope Not Hate watchdog says at least two men have travelled from UK to war-torn nation,https://www.theguardian.com/world/2018/mar/02/neo-nazi-groups-recruit-britons-to-fight-in-ukraine,https://media.guim.co.uk/508e18b7cf9f0081ed40dc8dc3e0493ef37aa368/0_207_3500_2101/500.jpg
03-03-2018,'Looks good enough to eat': inside the home of Japan's fake food industry,The town of Gujo Hachiman is the centre of the replica food industry now worth an estimated $90m,https://www.theguardian.com/world/2018/mar/03/looks-good-enough-to-eat-inside-the-home-of-japans-fake-food-industry,https://media.guim.co.uk/8b1af47439cc431035b579fcfbd56632d6c72087/0_155_5337_3202/500.jpg
04-03-2018,Xi Jinping’s power play: from president to China’s new dictator?,The country is at at a dangerous moment after the president’s bid to extend his rule,https://www.theguardian.com/world/2018/mar/04/xi-jinping-from-president-to-china-new-dictator,https://media.guim.co.uk/e31e733fc6798f065190c9fd63d4f848383c792e/0_195_5000_3000/500.jpg
05-03-2018,Papua New Guinea earthquake death toll reaches 67,"Rescue efforts continue as aftershocks hit Southern Highlands, a week after quake ",https://www.theguardian.com/world/2018/mar/04/papua-new-guinea-hit-by-aftershocks-of-fatal-earthquake,https://media.guim.co.uk/6651d150434e089f429e3520f19933dec1682af3/0_12_2126_1276/500.jpg
06-03-2018,Counted out: anger as New Zealand census fails to tick all the boxes,"As demographic survey goes online for first time, protests erupt over failure to include Pākehā ethnic category and alternative genders",https://www.theguardian.com/world/2018/mar/06/counted-out-anger-as-new-zealand-census-fails-to-tick-all-the-boxes,https://media.guim.co.uk/0af1b3aa0488f1bd504bc493df07a2894dc8c335/0_292_4928_2956/500.jpg
07-03-2018,Australian spy who revealed bugging of Timor-Leste cabinet under 'effective house arrest',Lawyer says Australia’s refusal to grant Witness K a passport is ‘pure retaliation’ ,https://www.theguardian.com/world/2018/mar/07/australian-spy-who-revealed-bugging-of-timor-leste-cabinet-under-effective-house-arrest,https://media.guim.co.uk/acd54a4d32af0f65b17a396b70c6eff0fb21e075/0_85_1616_969/500.jpg
08-03-2018,European clocks lose six minutes after dispute saps power from electricity grid,"A row between Kosovo and Serbia is draining energy from the continent’s 25-nation system, causing electronic clocks to fall behind ",https://www.theguardian.com/world/2018/mar/08/european-clocks-lose-six-minutes-dispute-power-electricity-grid,https://media.guim.co.uk/68ed8d5628120e9eab44e8a6b9e9ca49adf92bd6/0_164_5625_3375/500.jpg
09-03-2018,South Korea and White House on talks with North: full transcript,"Read how Seoul announced meeting of Kim Jong-un and Donald Trump, and the US response<br>",https://www.theguardian.com/world/2018/mar/09/south-korea-white-house-talks-north-full-transcript,https://media.guim.co.uk/ac62d8f3d61232c554f12d30ade917dd75b6936b/0_31_4204_2524/500.jpg
10-03-2018,There’s one hero of Entebbe who deserves his own film. I remember him well,Michel Cojot-Goldberg acted as the translator for Uganda’s president Idi Amin and as the go-between for the hijackers and passengers,https://www.theguardian.com/world/2018/mar/10/hero-of-entebbe-deserves-own-film,https://media.guim.co.uk/599e61762b055ec19d05e3e8892ec8a0ab861e4f/0_0_3670_2202/500.jpg
11-03-2018,‘Cruel’ electric shock pet training collars to be banned in England,Devices already illegal in Wales and may also be outlawed in Scotland,https://www.theguardian.com/world/2018/mar/11/animal-cruel-electric-shock-pet-training-collar-ban-england,https://media.guim.co.uk/26c3bedd0397c9cb6e98c0a085800e9198e144fa/0_802_3000_1800/500.jpg
12-03-2018,Nearly half of US arms exports go to the Middle East,"Saudi Arabia is world’s second biggest importer, with global US sales up by 25% in past five years",https://www.theguardian.com/world/2018/mar/12/nearly-half-of-us-arms-exports-go-to-the-middle-east,https://media.guim.co.uk/96c66a355a90ab1544043f2df8e571de32e40d9e/35_0_4691_2814/500.jpg
13-03-2018,"Spanish anti-terror law has 'chilling effect' on satire, says Amnesty International","Charity urges repeal of article 578, which they say has restricted freedom of expression",https://www.theguardian.com/world/2018/mar/13/spanish-anti-terror-law-has-chilling-effect-on-satire-says-amnesty-international,https://media.guim.co.uk/a47220795f8326c587ab7c879b190aab8dace33e/0_75_512_307/500.jpg
14-03-2018,New Zealand diplomat tells US Democrats to organise against Trump or 'we all die',"Caroline Beresford says ‘please get your shit together’, referring to a potential Sanders/Warren presidential ticket",https://www.theguardian.com/world/2018/mar/14/new-zealand-diplomat-us-democrats-against-trump-or-we-all-die,https://media.guim.co.uk/e1d5c028eb5ad70205c8ca848d8da1d516f7f240/0_78_3810_2284/500.jpg
15-03-2018,Papua New Guinea earthquake: death toll rises as disease threat grows,"At least 145 people have died in the disaster and 270,000 need humanitarian help, officials say",https://www.theguardian.com/world/2018/mar/15/papua-new-guinea-earthquake-death-toll-rises-disease-threat-grows,https://media.guim.co.uk/30dfd573159ef326855a427553ed758fb2c917fe/0_54_1334_800/500.jpg
16-03-2018,Japan cronyism scandal linked to Shinzo Abe and wife worsens with suicide note,Japanese official who took his own life said he was forced to alter records linked to sale of public land at 85% discount,https://www.theguardian.com/world/2018/mar/16/japan-cronyism-scandal-linked-to-shinzo-abe-and-wife-worsens-with-suicide-note,https://media.guim.co.uk/429b757eb997bd54e127934e0e1c4c594579bee5/0_62_3856_2313/500.jpg
17-03-2018,Migrants tell of abuse and violence on the streets of Paris,A new study highlghts abuse and physical attacks suffered by hundreds of refugees living rough in the French capital,https://www.theguardian.com/world/2018/mar/17/paris-uk-migrants-attacks-abuse-study,https://media.guim.co.uk/c6bce0b5eab4d694c3052b40fd8cbe3e6b43f5df/0_138_4134_2480/500.jpg
18-03-2018,Vlad the improver still first election choice for Putin generations,"For many growing up in Russia today, Putin is the only leader they have known. They aren’t about to turn against him now",https://www.theguardian.com/world/2018/mar/18/putin-young-generation-election-choice,https://media.guim.co.uk/4f1e2d3360907046fac0bbf217d2f2f0d2a6e8e3/0_329_3148_1889/500.jpg
19-03-2018,"Blood, sweat and protests: on the rodeo trail in New Zealand","Animal activists are calling for rodeos to be banned in New Zealand, but cowboys say bull-riding is their calling",https://www.theguardian.com/world/2018/mar/19/blood-sweat-and-protests-on-the-rodeo-trail-in-new-zealand,https://media.guim.co.uk/5763d0627d778ee2efebe87d41ba9adf4add405b/0_236_3543_2126/500.jpg
20-03-2018,Body of missing Australian woman found in frozen Canadian lake,"Alison Raspa, 25, vanished after leaving the ski resort town of Whistler in November",https://www.theguardian.com/world/2018/mar/20/body-of-missing-australian-woman-found-in-frozen-canadian-lake,https://media.guim.co.uk/12342645e69f333bd981a51fb96ca4d71071ffb5/0_750_1400_840/500.jpg
21-03-2018,"Muslims place greater importance on national identity, finds UK study","More than half see being British as important, compared with 44% of general population",https://www.theguardian.com/world/2018/mar/21/muslims-british-national-identity-uk-report,https://media.guim.co.uk/3b5f1970b9e173ba68057a499c7c08909bfac364/0_26_3500_2101/500.jpg
22-03-2018,Peru president Pedro Pablo Kuczynski resigns amid corruption scandal,"Secret video recordings link government to vote buying, with Congress about to hold second impeachment vote on 79-year-old",https://www.theguardian.com/world/2018/mar/21/peru-president-pedro-pablo-kuczynski-resigns-amid-corruption-scandal,https://media.guim.co.uk/fc8949e8c37abeffbfb502824e93849113a76e8e/0_100_4320_2593/500.jpg
23-03-2018,'Children's lives in danger': help still just trickling in for earthquake-hit PNG,"Government of Papua New Guinea says 270,000 people need urgent assistance, while aid agencies tell of continuing struggle to reach the stricken",https://www.theguardian.com/world/2018/mar/23/childrens-lives-in-danger-help-still-just-trickling-in-for-earthquake-hit-png,https://media.guim.co.uk/5bdaa4a71b945d986f0bd57799f9ef23f2fc9b79/0_442_6631_3979/500.jpg
24-03-2018,Australia condemns Syria at UN and pushes back against Russia,Statement to Human Rights Council attacks Syrian regime for atrocities against civilians,https://www.theguardian.com/world/2018/mar/24/australia-condemns-syria-at-un-and-pushes-back-against-russia,https://media.guim.co.uk/2fe9e48bf943fea996621eec1eaab63561abbe4d/0_283_4656_2793/500.jpg
25-03-2018,Tracey Spicer launches Now Australia campaign as Tina Arena joins accusers,"Campaign, which is inspired by Time’s Up initiative, aims to raise funds for victims of sexual harassment and assault<br>",https://www.theguardian.com/world/2018/mar/25/tracey-spicer-launches-now-australia-campaign-as-tina-arena-joins-accusers,https://media.guim.co.uk/52009618e534cf3de8d334835583b8ebbcab9379/0_0_2500_1500/500.jpg
26-03-2018,Orange snow transforms eastern Europe into 'Mars',Dust and sand from storms in northern Africa carpet ski resorts in Russia and Romania,https://www.theguardian.com/world/2018/mar/26/orange-snow-transforms-eastern-europe-into-mars,https://media.guim.co.uk/4e7ced3789bf10e56957b76c0fb0a4bcffc4b49c/0_0_549_329/500.jpg
27-03-2018,New Zealand says it would expel Russian spies ... but it can't find any,"As countries around the world deport diplomats in solidarity with UK, Jacinda Ardern says ‘there are no individuals in New Zealand who fit profile’ of a spy",https://www.theguardian.com/world/2018/mar/27/new-zealand-expel-russian-spies-cant-find-any,https://media.guim.co.uk/e267f46896a84474f19709164d6b8b09e1183d28/0_55_4471_2683/500.jpg
28-03-2018,'Ghettos and no-go zones': Hungary's far right fuels migrant fears ahead of vote,"Viktor Orbán has made migration the key issue in Miskolc, a city far from the border he wants to seal",https://www.theguardian.com/world/2018/mar/28/hungary-election-viktor-orban-far-right-stokes-migration-fears-far-from-border,https://media.guim.co.uk/a6ddc98e0541a365d048eaf6bd48b03da9bed99f/283_590_3970_2382/500.jpg
29-03-2018,EU still unmoved by Spain's standoff with Catalan separatists,European leaders maintain their position that independence drive is strictly a matter for Madrid,https://www.theguardian.com/world/2018/mar/29/catalan-independence-european-leaders-unmoved-spain-standoff-with-separatists,https://media.guim.co.uk/773fdf3be1403f64baf894b2d2c0619d75b9a810/0_268_4524_2714/500.jpg
30-03-2018,Mumbai beach goes from dump to turtle hatchery in two years,Olive Ridley turtle hatchlings spotted after cleanup of Versova beach by Afroz Shah and volunteers,https://www.theguardian.com/world/2018/mar/30/mumbai-beach-goes-from-dump-to-turtle-hatchery-in-two-years,https://media.guim.co.uk/ed9a62bc4ecf0675c8d17aa37ef742d7b0a9bf78/35_0_1067_640/500.jpg
31-03-2018,China 'environment census' reveals 50% rise in pollution sources,"Ministry says country has 9m sources of pollution, with factories breaking emissions rules the big problem",https://www.theguardian.com/world/2018/mar/31/china-environment-census-reveals-50-rise-in-pollution-sources,https://media.guim.co.uk/cca1d8da2140ce250a83a0947891af41b685e41b/0_0_5000_3000/500.jpg
01-04-2018,Iran nuclear deal talks persist as Trump looks poised to kill it,Europe and Iran are talking but John Bolton and Mike Pompeo are against the nuclear pact. A 12 May deadline looms ,https://www.theguardian.com/world/2018/mar/31/iran-deal-donald-trump-john-bolton-mike-pompeo,https://media.guim.co.uk/ec9da4b9752295f7b00d0dca25456634e8ea3e32/0_18_5493_3296/500.jpg
02-04-2018,Exclusive: #PayMeToo campaign launched to close gender pay gap,Labour’s Stella Creasy and fellow female MPs urge women to hold employers to account and take action if promises are unfulfilled,https://www.theguardian.com/news/2018/apr/02/exclusive-paymetoo-campaign-launched-close-gender-pay-gap,https://media.guim.co.uk/2a6e550f46afe6b61cab9a1fe62be3694ed8129d/0_148_4024_2415/500.jpg
03-04-2018,Revealed: Facebook hate speech exploded in Myanmar during Rohingya crisis,Analyst says: ‘I really don’t know how Zuckerberg and co sleep at night’ after evidence emerges of a spike in posts inciting violence,https://www.theguardian.com/world/2018/apr/03/revealed-facebook-hate-speech-exploded-in-myanmar-during-rohingya-crisis,https://media.guim.co.uk/4cd592308014b04d9b226f9107a336b480b97065/0_344_5158_3095/500.jpg
04-04-2018,North Korea makes rare apology for banning press from K-pop concert,"South Korean journalists were blocked from the show attended by Kim Jong-un in Pyongyang, sparking a mea culpa from the regime",https://www.theguardian.com/world/2018/apr/04/north-korean-makes-rare-apology-for-banning-press-from-k-pop-concert,https://media.guim.co.uk/12b4bc9e0fd81602f351b62260097b0a4352ccdc/0_112_3500_2100/500.jpg
05-04-2018,Nobu restaurant accused of telling transgender chef to act like a man,Transgender woman Shairazi Bahari reports the Malaysian branch of the high-end chain to the human rights commission ,https://www.theguardian.com/world/2018/apr/05/nobu-restaurant-accused-woman-transgender-chef-act-like-man,https://media.guim.co.uk/4acc347fef9646b83267e978121aca90ee1ce41d/0_95_1080_648/500.jpg
06-04-2018,"Time for peaceful resistance, says Gaza's new movement","Israel calls them riots, but the man at the centre of recent protests says they are a rejection of violence",https://www.theguardian.com/world/2018/apr/06/time-for-peaceful-resistance-says-gazas-new-movement,https://media.guim.co.uk/5ed28bb387a5999f9533ca87361e845b5380f91f/481_783_3481_2088/500.jpg
07-04-2018,Brazil: former president Lula defies judge's order to turn himself in,"Lula is holed up in steelworkers union building in Sao Paulo, surrounded by hundreds of fervent supporters",https://www.theguardian.com/world/2018/apr/06/brazilian-judge-orders-arrest-of-former-president-lula,https://media.guim.co.uk/f0a5b19a14a748bd63a4dd490d4aeda7b9745f92/0_57_2000_1200/500.jpg
08-04-2018,Lula begins prison sentence in Brazil after giving himself up to police,The former president vows to prove his innocence of corruption after ending a two-day standoff with the authorities,https://www.theguardian.com/world/2018/apr/07/crowds-in-sao-paulo-block-lula-from-handing-himself-in,https://media.guim.co.uk/4295ab4c0095a63c99c0bcf5a1a334f8cbc29633/0_117_3500_2100/500.jpg
09-04-2018,Viktor Orbán: re-election of Hungary’s anti-immigrant leader is major challenge for EU,"Brussels now confronting a country at the heart of the continent that is making an exit from the bloc’s liberal values, but continuing to pick up the cheques",https://www.theguardian.com/world/2018/apr/09/viktor-orban-re-election-hungarys-anti-immigrant-leader-major-challenge-for-eu,https://media.guim.co.uk/d076a7ece8964946ee03375d71d77b53ae142559/0_60_4500_2701/500.jpg
10-04-2018,Trump says Syria decision imminent as Russia warns of 'grave repercussions',US president meets generals as tensions between US and Russia escalate at a UN security council session over Douma gas attack ,https://www.theguardian.com/world/2018/apr/09/russia-us-syria-chemical-weapon-attack,https://media.guim.co.uk/0e0e7fd75b2ca8d8ece854495f5a6d03ad51b9d0/0_296_4424_2655/500.jpg
11-04-2018,Baseless rumours: why talk of a Chinese military installation in Vanuatu misses the point,"For more than a decade, this tiny island nation has leveraged regional rivalries to drive infrastructure development",https://www.theguardian.com/world/2018/apr/11/baseless-rumours-why-talk-of-a-chinese-military-installation-in-vanuatu-misses-the-point,https://media.guim.co.uk/8f24d61e46d67e1c6769c48a38a680ed24278477/0_177_2855_1714/500.jpg
12-04-2018,New Zealand bans all new offshore oil exploration as part of 'carbon-neutral future',Prime minister Jacinda Ardern says move ‘will essentially take effect in 30 or more years’ time’,https://www.theguardian.com/world/2018/apr/12/new-zealand-bans-all-new-offshore-oil-exploration-as-part-of-carbon-neutral-future,https://media.guim.co.uk/f968492bfa40b66da8728f7d5c4cfcc7aedaa163/114_0_5594_3356/500.jpg
13-04-2018,Hungarian journalists admit role in forging anti-migrant 'atmosphere of fear',Employees of state TV network describe how channels pumped out pro-government messaging ahead of Victor Orbán’s election victory this week,https://www.theguardian.com/world/2018/apr/13/hungary-journalists-state-tv-network-migrants-viktor-orban-government,https://media.guim.co.uk/aed49d8230e992cffc0e598ec031f63bf36ed8cf/0_154_3500_2100/500.jpg
14-04-2018,'No alternative': Theresa May sends British jets to join airstrikes on Syria,RAF confirms UK forces joined a ‘precision strike on Syrian installations’ involved in the regime’s use of chemical weapons ,https://www.theguardian.com/world/2018/apr/14/theresa-may-britain-air-strikes-syria-chemical-weapons-raf,https://media.guim.co.uk/6016bf15c1d9a369fb365b8fb2c8d5333eee165c/0_46_3500_2100/500.jpg
15-04-2018,On the streets with the desperate refugees who dream of being detained,"Out of money and out of options, the families camped outside Indonesia’s Kalideres detention centre are feeling the pressure",https://www.theguardian.com/world/2018/apr/15/on-the-streets-with-the-desperate-refugees-who-dream-of-being-detained,https://media.guim.co.uk/c81d208413a3dd84462c384454bea5a8c3732912/69_802_1827_1095/500.jpg
16-04-2018,China's Weibo reverses ban on 'homosexual' content after outcry,Microblogging site’s move to create ‘harmonious’ environment prompted protests under the hashtag #Iamgay,https://www.theguardian.com/world/2018/apr/16/china-weibo-bans-homosexual-content-protest,https://media.guim.co.uk/2fd2f5389ac59c02ce578df9941425f2ac3b62fb/0_365_5472_3283/500.jpg
17-04-2018,Commonwealth leaders could choose next head after Queen this week,"Ahead of leaders’ retreat, Theresa May makes clear that UK backs Prince Charles as next symbolic leader of organisation",https://www.theguardian.com/world/2018/apr/17/commonwealth-leaders-choose-next-head-after-queen-this-week,https://media.guim.co.uk/ef2a0d8f516fdecdeac8a62bb1bae6abeb389818/754_618_1781_1068/500.jpg
18-04-2018,Chemical weapons experts press for access to Syria attack site,Questions asked about how Russia was able to take sympathetic journalists to Douma while international inspectors have been waylaid on safety grounds,https://www.theguardian.com/world/2018/apr/17/syria-russia-says-inspectors-will-be-allowed-into-douma,https://media.guim.co.uk/34ba9879703d8d05e998f7f82f601e8d75d90e55/0_208_5472_3283/500.jpg
19-04-2018,"Hans Asperger aided and supported Nazi programme, study says",Eight-year study finds pioneer of paediatrics assisted in Third Reich’s ‘euthanasia’ programme,https://www.theguardian.com/world/2018/apr/19/hans-asperger-aided-and-supported-nazi-programme-study-says,https://media.guim.co.uk/ce2ade1ca3c1c465df5c4ab23b89f3a84b07547c/0_39_1060_636/500.jpg
20-04-2018,Time 100 list: New Zealand PM Jacinda Ardern praised as 'political prodigy',"Ardern breaking boundaries ‘in a world that too often tells women to stay small, keep quiet’, says Sheryl Sandberg on list of most influential people",https://www.theguardian.com/world/2018/apr/20/time-100-list-new-zealand-pm-jacinda-ardern-praised-as-political-prodigy,https://media.guim.co.uk/ccc9c0aa4b90bd02125cbd3e8e2d86d20beb0338/216_524_4571_2743/500.jpg
21-04-2018,No joke: have China's censors gone too far with ban on humour app?,"End of Neihan Duanzi, which united strangers around funny memes, has driven users underground where they openly question controls over society",https://www.theguardian.com/world/2018/apr/21/no-joke-have-chinas-censors-gone-too-far-with-ban-on-humour-app,https://media.guim.co.uk/2769da8326932c5eaaeeaa92da6132babc2396f0/0_129_4449_2669/500.jpg
22-04-2018,Israel celebrates but is war with Iran looming?,"Israelis enjoyed a lavish party last week to mark the nation’s seven eventful decades, but the threat to its existence could hardly have been greater",https://www.theguardian.com/world/2018/apr/22/israel-celebrates-tensions-iran-new-heights,https://media.guim.co.uk/d4b263ce5460dc8295786110cfb395c956d9040c/0_164_3496_2097/500.jpg
23-04-2018,'A vigilante state': Aceh's citizens take sharia law into their own hands,"People have started raiding, arresting and shaming anyone accused of violating the Indonesia region’s militant moral laws ",https://www.theguardian.com/world/2018/apr/23/a-vigilante-state-acehs-citizens-take-sharia-law-into-their-own-hands,https://media.guim.co.uk/c8ca48f059ce32cadeb646be7da18b58f6001bcb/0_48_1066_640/500.jpg
24-04-2018,US and North Korea expectations over denuclearization appear to collide,Signs that the US and North Korea interpretations are worlds apart as Kim Jong-un pledges to keep his country’s arsenal for generations,https://www.theguardian.com/world/2018/apr/23/us-and-north-korea-expectations-over-denuclearization-appear-to-collide,https://media.guim.co.uk/2141e24aa3a47db1e051ce6d48120b71e2ee9106/0_90_4010_2406/500.jpg
25-04-2018,Blood and poetry on western front as Turnbull beaten in battle of the words | David Marr,Who would have thought the Anzac Day opening of a new Monash museum at Villers-Bretonneux in France would turn into a diplomatic incident?,https://www.theguardian.com/world/2018/apr/25/blood-and-poetry-on-western-front-as-turnbull-beaten-in-battle-of-the-words,https://media.guim.co.uk/fd1e68e1bdd08347f8be9b3675136d1601f6efef/0_213_3566_2140/500.jpg
26-04-2018,Woman behind 'incel' says angry men hijacked her word 'as a weapon of war',"The woman who coined the term ‘involuntary celibate’ says she intended it as a community for lonely people, and is shocked by its misogynistic turn",https://www.theguardian.com/world/2018/apr/25/woman-who-invented-incel-movement-interview-toronto-attack,https://media.guim.co.uk/9363a0e4217698234c0f0fd2801bf4f7a9c113da/0_0_5420_3253/500.jpg
27-04-2018,Everything you need to know about the inter-Korean summit,"Kim Jong-un will meet Moon Jae-in on 27 April, in a historic summit that could bring about a formal truce and lay the groundwork for a Trump/Kim meeting",https://www.theguardian.com/world/2018/apr/26/korean-summit-everything-you-need-to-know,https://media.guim.co.uk/7bedf61ce42ca514f8a39ccdc96144816992682a/0_266_8256_4954/500.jpg
28-04-2018,Aung San Suu Kyi seeks new relationship with UN over Rohingya crisis,Myanmar leader is allowing UN organisations into country to prepare for return of refugees,https://www.theguardian.com/world/2018/apr/28/aung-san-suu-kyi-un-relationship-rohingya-crisis,https://media.guim.co.uk/d896163db1be3b307e281272ce493b37affa213d/0_161_3340_2004/500.jpg
29-04-2018,Donald Trump expects to meet North Korea 'in three or four weeks',US president tells rally meeting being planned for denuclearisation of the peninsula following successful inter-Korean summit,https://www.theguardian.com/world/2018/apr/29/donald-trump-expects-to-meet-kim-jong-un-in-three-or-four-weeks,https://media.guim.co.uk/b604af88636da44cbbb770c9acbb4ea3b2ee46e0/0_30_2200_1321/500.jpg
30-04-2018,Monday briefing: Rudd blown away by Windrush,Home secretary quits over mishandling of immigration policy … US in uproar about Michelle Wolf’s jokes … Art museum where 60% of paintings are fake ,https://www.theguardian.com/world/2018/apr/30/monday-briefing-rudd-blown-away-by-windrush,https://media.guim.co.uk/382261a9a7820c66b20f1c2433217523bb9b3a1f/693_272_3808_2286/500.jpg
01-05-2018,Christians in Jerusalem's Old City 'under threat' from settlers,Church leaders claim priests are being verbally abused and spat at while property is being vandalised in ancient walled city,https://www.theguardian.com/world/2018/may/01/christians-in-jerusalems-old-city-under-threat-from-settlers,https://media.guim.co.uk/65de40e1dacd9a969825da671f2a5a9d055f4c8b/0_234_3500_2100/500.jpg
02-05-2018,"'This election is personal': Mahathir Mohamad, 92, vows to stop 'corrupt' protege",Former Malaysian PM insists he is returning to the political fray ‘with great reluctance’ because he was betrayed by Najib Razak ,https://www.theguardian.com/world/2018/may/02/mahathir-mohamad-92-vows-to-stop-corrupt-protege-malaysia,https://media.guim.co.uk/454df23f718b8aeaf7614a47b97eb15bb1c75c26/0_0_3600_2160/500.jpg
03-05-2018,Kill Bilbo! Weinstein 'threatened to hire Tarantino' for Lord of the Rings,New book says disgraced mogul wanted Peter Jackson to turn JRR Tolkien’s book into a single two-hour film,https://www.theguardian.com/film/2018/may/03/kill-bilbo-weinstein-threatened-to-hire-tarantino-for-lord-of-the-rings,https://media.guim.co.uk/e0a87fbb83483a42bb6d596b61dc5a2266d41164/0_220_3000_1800/500.jpg
04-05-2018,Senior New Zealand naval officer accused of hiding camera in embassy toilets,Alfred Keating pleads not guilty over discovery of miniature camera in embassy bathroom in Washington where he was defence attache,https://www.theguardian.com/world/2018/may/04/senior-new-zealand-naval-officer-accused-of-hiding-camera-in-embassy-toilets,https://media.guim.co.uk/8d620df369a986a809ed16cfc25537fab5405c5e/47_5_664_398/500.jpg
05-05-2018,Lebanon election likely to reaffirm status quo in country riven by dysfunction,Law change was meant to make room for political plurality but old traditions of patronage are hard to break down,https://www.theguardian.com/world/2018/may/05/lebanon-election-likely-to-reaffirm-status-quo,https://media.guim.co.uk/577420abbaafd10686967b356e2a4802d84d55c2/0_182_5237_3142/500.jpg
06-05-2018,Thousand years of Tibetan masterpieces revealed for first time,Writer and photographer Thomas Laird’s 10-year project records crumbling Buddhist murals before they are lost,https://www.theguardian.com/world/2018/may/06/photographs-ancient-tibetan-murals-revealed,https://media.guim.co.uk/d13be2bfc05184f76a841a8d374df08be3c1c656/0_241_4961_2977/500.jpg
07-05-2018,Devon: light aircraft makes emergency landing after engine failure,Neither pilot nor passenger hurt as first world war-era plane narrowly misses people on Sidmouth beach,https://www.theguardian.com/world/2018/may/06/devon-light-aircraft-makes-emergency-landing-after-engine-failure,https://media.guim.co.uk/f596fddb82343d6863535042338a1774b95a8fe5/389_288_5262_3158/500.jpg
08-05-2018,'I'll continue writing the truth': the editor taking on Erdoğan,Şener Levent has made his tiny Turkish Cypriot newspaper an enemy of Turkey’s president,https://www.theguardian.com/world/2018/may/08/turkish-cypriot-newspaper-afrika-editor-sener-levent-enemy-recep-tayyip-erdogan,https://media.guim.co.uk/3a986193634555691ef5d5381b32e158a5bfac0e/500_590_2077_1246/500.jpg
09-05-2018,Kiwi crisis: New Zealand changes visa rules to save bumper crop of national fruit,"Labour shortage prompts government to amend laws, allowing holidaymakers to work in orchards in last-ditch attempt to avoid fruit rotting on vines",https://www.theguardian.com/world/2018/may/09/kiwi-crisis-new-zealand-changes-visa-rules-to-save-bumper-crop-of-national-fruit,https://media.guim.co.uk/4bae98ddfac31f28605dc6c77fe865e83a5e0018/0_0_5080_3049/500.jpg
10-05-2018,Israel retaliates after Iran 'fires 20 rockets' at army in occupied Golan Heights,Israeli military says projectiles were launched from Syria but no Israeli casualties reported,https://www.theguardian.com/world/2018/may/09/iran-fires-20-rockets-syria-golan-heights-israel,https://media.guim.co.uk/77fef3e16f58555501889c586386fbcb328b67f8/375_834_1978_1187/500.jpg
11-05-2018,Moldova PM rules out reunification with Romania,Pavel Filip opposed to tie-up with neighbour despite growing calls for countries to unite,https://www.theguardian.com/world/2018/may/11/moldova-pm-pavel-filip-rules-out-reunification-romania,https://media.guim.co.uk/ca0088006b548ae83dd16d79803a56be8dac5675/0_64_2834_1700/500.jpg
12-05-2018,Martyr or master? Future of anti-Isis militias splits Iraq ahead of elections,Debate over role of party formed from Iraqi militias highlights impact of Iran-US fallout ,https://www.theguardian.com/world/2018/may/12/iraq-elections-become-battleground-iranian-influence,https://media.guim.co.uk/e084167d2f75014e784b601a90940075d1dafd4e/0_41_2000_1200/500.jpg
13-05-2018,Malaysia: Mahathir says Najib must 'face consequences' in corruption inquiry,"The new PM fulfils a promise to investigate his predecessor, and seeks to heal decades-old divisions by appointing an ethnic Chinese as finance minister",https://www.theguardian.com/world/2018/may/13/malaysia-mahathir-says-najib-must-face-consequences-in-corruption-inquiry,https://media.guim.co.uk/39031960ecda0f14fe5acd8a741e9c2c6a6b80ad/0_162_5000_3001/500.jpg
14-05-2018,‘Slow genocide’: Myanmar’s invisible war on the Kachin Christian minority,"While global attention is fixed on the Rohingya crisis, another ethnic minority is at risk of being crushed by the military",https://www.theguardian.com/world/2018/may/14/slow-genocide-myanmars-invisible-war-on-the-kachin-christian-minority,https://media.guim.co.uk/6ccc808a57adc249e15db07b3bcd44cd88be6d36/0_48_5472_3283/500.jpg
15-05-2018,Gap sorry for selling T-shirt with 'incorrect' map of China,"US chain apologises for design that did not include Tibet or Taiwan, two territories that China claims as its own ",https://www.theguardian.com/world/2018/may/15/gap-sorry-t-shirt-map-china,https://media.guim.co.uk/c4b21a921eab25b11d4bfbdf5a49fcf16c2852ae/266_336_885_531/500.png
16-05-2018,Murder forces women using Chinese ride-hailing app to change profile photos,Users also switch listed gender to male after the stabbing to death of a 21-year-old and revelations that drivers review female users for their appearance,https://www.theguardian.com/world/2018/may/16/forces-women-using-chinese-ride-hailing-app-to-change-profile-photos,https://media.guim.co.uk/540d8c66cb277f3b3516059b414e65cf778ac75a/0_117_3500_2101/500.jpg
17-05-2018,Venezuela political prison seized by inmates ahead of presidential election,Riot after alleged torture casts shadow over campaign of Nicolás Maduro before Sunday’s vote,https://www.theguardian.com/world/2018/may/17/venezuela-political-prison-seized-inmates-presidential-election,https://media.guim.co.uk/0d6b497cebe5178aaacfbc62029b96f466e4ba66/400_313_4352_2611/500.jpg
18-05-2018,No time soon: EU dashes membership hopes of Balkan states,"Concerns over rule of law and corruption, plus enlargement fatigue, meant the six countries got little from Sofia summit",https://www.theguardian.com/world/2018/may/18/no-time-soon-eu-dashes-membership-hopes-of-balkan-states-enlargement-sofia-summit,https://media.guim.co.uk/2e87fba57cba79e7700419d0f635d59ffec4d93a/0_0_5370_3222/500.jpg
19-05-2018,Ed Sheeran denounces use of song in anti-abortion campaign in Ireland,"Days out from Irish referendum, Sheeran says use of Small Bump in anti-abortion campaign ‘does not reflect what the song is about’",https://www.theguardian.com/music/2018/may/19/ed-sheeran-denounces-use-of-song-in-anti-abortion-campaign-in-ireland,https://media.guim.co.uk/c0303b903c72d2646916d2180130bb1495d721ea/0_213_4516_2709/500.jpg
20-05-2018,China and US reach 'consensus' on reducing trade gap,China commits to ‘significantly increase purchases’ of US products but no mention of $200bn cut to its trade surplus,https://www.theguardian.com/world/2018/may/20/china-and-us-reach-consensus-on-reducing-trade-gap,https://media.guim.co.uk/6c065cc73d776cd68e27aa9a3f38bd46ebdf0c44/0_31_3680_2208/500.jpg
21-05-2018,US rejects 'insult to democracy' as Venezuela president Maduro pursues second term,Chile and US dismiss elections as a sham while Nicolás Maduro hails a ‘fiesta’ of democracy,https://www.theguardian.com/world/2018/may/20/venezuela-president-nicolas-maduro-election,https://media.guim.co.uk/0d25f6f5e82390f036498816ddc7b194c328a017/0_325_4696_2819/500.jpg
22-05-2018,Julie Bishop raises objections to China's activities in South China Sea,Foreign minister says meeting with Chinese counterpart ‘very warm and candid and constructive’<br>,https://www.theguardian.com/world/2018/may/22/julie-bishop-raises-objections-to-chinas-activities-in-south-china-sea,https://media.guim.co.uk/b1059445b74caf8ddc5e43afca726f38ffdc5fae/728_35_2069_1241/500.jpg
23-05-2018,"Chinese-Australian billionaire involved in UN bribery case, MP claims",Andrew Hastie tells parliament Chau Chak Wing has links with Chinese Communist party and conspired to bribe former UN president John Ashe,https://www.theguardian.com/world/2018/may/22/chinese-australian-billionaire-involved-in-un-bribery-case-mp-claims,https://media.guim.co.uk/d565aaea3c169ae8b134bff99b1d5f0486f5906c/0_463_1246_748/500.jpg
24-05-2018,How Facebook is influencing the Irish abortion referendum,Hundreds of Facebook adverts have been analysed to see how both sides are using this online battlefield,https://www.theguardian.com/world/ng-interactive/2018/may/24/how-facebook-is-influencing-the-irish-abortion-referendum,https://media.guim.co.uk/ef33b31e05ee97f1abcea4db9ea65bb04dafb506/419_0_2965_1779/500.jpg
25-05-2018,'They are our brothers': Rohingya refugees find rare welcome in Aceh,Minority known as the most friendless people on earth find sanctuary in Indonesia’s conservative province,https://www.theguardian.com/world/2018/may/25/they-are-our-brothers-rohingya-refugees-find-rare-welcome-in-aceh,https://media.guim.co.uk/a7b89bb30875cb3bec5b160042bebe4ff8d11afc/0_214_6000_3600/500.jpg
26-05-2018,Exit polls point to landslide vote to relax Irish abortion laws,Two surveys for Irish Times and RTÉ indicate clear victory for yes campaign ,https://www.theguardian.com/world/2018/may/25/ireland-votes-to-relax-abortion-laws,https://media.guim.co.uk/6b272730550172852a9943a676729b15be346c86/0_111_3500_2100/500.jpg
27-05-2018,North and South Korean leaders meet as US indicates summit may yet happen,"Kim Jong-un and Moon Jae-in meet in border village, days after Donald Trump said planned summit in Singapore was cancelled",https://www.theguardian.com/world/2018/may/26/kim-jong-un-moon-jai-in-korean-leaders-hold-surprise-meeting,https://media.guim.co.uk/28c1e1b63dea5bc69e5e028a7e23f6acf4f0ef31/0_555_2564_1539/500.jpg
28-05-2018,Colombia elections: rightwinger and former guerrilla head for presidential runoff,"Iván Duque, a fierce critic of the peace accord, will face-off against former mayor of Bogotá Gustavo Petro in second round",https://www.theguardian.com/world/2018/may/28/colombia-presidential-elections-ivan-duque-gustavo-petro-runoff,https://media.guim.co.uk/976c2bbc132a348fba2cdc30b647ce8a86aab07e/0_3_2491_1495/500.jpg
29-05-2018,Irish abortion vote is remarkable political victory for Leo Varadkar,Ireland’s PM staked his reputation on change and will reap dividends of the result,https://www.theguardian.com/world/2018/may/29/irish-abortion-vote-remarkable-political-victory-leo-varadkar,https://media.guim.co.uk/0b6131d278dc03bef08c53508e14065f67e32d29/0_121_4700_2819/500.jpg
30-05-2018,Kim Yong-chol: the ultimate North Korean regime insider,The man sent to New York for talks with Mike Pompeo ahead of the June summit is a former DMZ border guard and spy,https://www.theguardian.com/world/2018/may/30/kim-yong-chol-the-ultimate-north-korean-regime-insider,https://media.guim.co.uk/881837b5b9e9f720bcd97bf1558d877fe1c303a8/0_126_5292_3175/500.jpg
31-05-2018,Harvey Weinstein indicted on rape and criminal sex act charges,The former film mogul was indicted in New York City hours after his lawyers said he wouldn’t testify before a grand jury,https://www.theguardian.com/film/2018/may/30/harvey-weinstein-not-testify-grand-jury-rape-charges,https://media.guim.co.uk/cbb1371b731a836bd24a480be0025c88fadc149b/0_53_5400_3240/500.jpg
01-06-2018,"Malaysian hitman should be sent home for new trial, Anwar Ibrahim says",PM-in-waiting wants Sirul Azhar Umar to be returned from detention in Australia,https://www.theguardian.com/world/2018/jun/01/malaysian-hitman-should-be-sent-home-for-new-trial-anwar-ibrahim-says,https://media.guim.co.uk/83d9f187d7745bdb7093eec058e83d69e4c7e708/0_206_3872_2322/500.jpg
02-06-2018,Citizenship for sale: how tycoons can go shopping for a new passport,Citizenship-by-investment programmes offer the super-rich an opportunity to acquire a new nationality,https://www.theguardian.com/world/2018/jun/02/citizenship-by-investment-passport-super-rich-nationality,https://media.guim.co.uk/cfe488ebda7080403daa802ac36c0ff7c34c9ca8/0_51_2084_1250/500.jpg
03-06-2018,"Meet Leonne Zeegers, the first gender-neutral Dutch citizen","Leonne Zeegers won a landmark court victory to identify as gender neutral. In a remarkable interview, the former athlete and nurse tells of her life ‘born in two sexes’",https://www.theguardian.com/world/2018/jun/03/leonne-zeegers-dutch-court-victory-hermaphrodites-third-gender,https://media.guim.co.uk/2099d55e5bf68cb46c26e413a67bcc09ef583e4d/0_430_4734_2841/500.jpg
04-06-2018,Japan's demographic time bomb: can a calendar help Otari's single men find love?,"Dropping birth rates and a dwindling population prompts group of rural men to put their faith in PR to revive their ailing towns, and love lives",https://www.theguardian.com/world/2018/jun/04/japans-demographic-time-bomb-can-a-calendar-help-otaris-single-men-find-love,https://media.guim.co.uk/5b3f3f2dedec5c39d69820789805ebbb68b0dba0/0_400_6000_3600/500.jpg
05-06-2018,China denies visas to Australian journalists due to 'frosty' diplomatic relations,Group had been due to leave on Thursday with Bob Carr’s Australia-China thinktank,https://www.theguardian.com/world/2018/jun/05/china-denies-visas-to-australian-journalists-due-to-frosty-diplomatic-relations,https://media.guim.co.uk/0d4147b423f4cf218147add1fc0bae90b233b048/0_310_4747_2849/500.jpg
06-06-2018,Guatemala volcano: fresh eruptions force rescuers to evacuate,"Fuego volcano sends out more pyroclastic flows, halting recovery efforts and sending ash clouds towards capital",https://www.theguardian.com/world/2018/jun/06/guatemala-volcano-fresh-eruptions-force-rescuers-to-evacuate,https://media.guim.co.uk/eb710d7c46bfa5cfaf09225ddffc84507194787b/0_17_1544_926/500.jpg
07-06-2018,Preaching against plastic: Indonesia's religious leaders join fight to cut waste,Nation’s two largest Islamic organisations will call on network of 100 million followers to reduce plastic waste and reuse bags,https://www.theguardian.com/world/2018/jun/07/indonesia-plastic-rubbish-religious-leaders-join-fight-to-cut-waste,https://media.guim.co.uk/5ef7ee398fd5550c55764628538b102ce316f194/0_281_3500_2099/500.jpg
08-06-2018,China must be ready for 'crisis' with US over Taiwan – Beijing press,Global Times says China must be prepared for conflict amid rising tension between Beijing and Washington over self-ruled island,https://www.theguardian.com/world/2018/jun/08/china-must-be-ready-for-crisis-with-us-over-taiwan-beijing-press,https://media.guim.co.uk/32f451797609dc514705be297081ccd7fe52b72a/0_191_6708_4027/500.jpg
09-06-2018,Kim-chi and El Trumpo tacos: Singapore feeds pre-summit anticipation,"Restaurants and bars seek to ease the tension, creating Trump and Kim pinatas and cocktails in the national colours",https://www.theguardian.com/world/2018/jun/09/kim-chi-and-el-trumpo-tacos-singapore-feeds-pre-summit-anticipation,https://media.guim.co.uk/0ef84197e6da92cd6c22f4ed6445dc09e07b254d/841_0_2896_1739/500.jpg
10-06-2018,G7 in disarray after Trump rejects communique and attacks 'weak' Trudeau,Leaders believed they had a deal until the US president launched a personal attack on Canada’s prime minister,https://www.theguardian.com/world/2018/jun/10/g7-in-disarray-after-trump-rejects-communique-and-attacks-weak-trudeau,https://media.guim.co.uk/2186da96cbed45a0bbf0f93449b6fef52a552db9/0_88_3500_2101/500.jpg
11-06-2018,Kim Jong-undercover: North Korean security bars onlookers from snapping leader," Only regime cameramen allowed to take shots, giving insight into a country that has only just been told its leader has left the country<br>",https://www.theguardian.com/world/2018/jun/11/kim-jong-undercover-north-korean-security-bars-onlookers-pictures,https://media.guim.co.uk/3378de4f76d3e24a1ed54edc6971a7d4bd99a7e0/0_232_3500_2101/500.jpg
12-06-2018,New Zealand coalition under strain as Jacinda Ardern prepares for maternity leave,Opposition leaps on ‘cracks’ in governing coalition as Winston Peters launches lawsuit for breach of privacy ,https://www.theguardian.com/world/2018/jun/12/new-zealand-coalition-under-strain-as-jacinda-ardern-prepares-for-maternity-leave,https://media.guim.co.uk/e267f46896a84474f19709164d6b8b09e1183d28/0_55_4471_2683/500.jpg
13-06-2018,Three Rohingya refugees killed as monsoon rains hit Cox's Bazar,At least three Rohingya refugees have died and more have been made homeless after lethal mudslides in camps in Bangladesh,https://www.theguardian.com/world/2018/jun/13/three-rohingya-refugees-killed-as-monsoon-rains-hit-coxs-bazar,https://media.guim.co.uk/5ca1f63e9b656e5aec704643b7fe7037aa68b1b6/0_5_1200_720/500.jpg
14-06-2018,Haiti shuts down Oxfam GB over prostitution scandal,Right to operate withdrawn for ‘violation of Haitian law and the dignity of human beings’,https://www.theguardian.com/world/2018/jun/14/haiti-shuts-down-oxfam-gb-over-prostitution-scandal,https://media.guim.co.uk/fb89f653fde14f813e6761fc388e95f039aa6c16/0_0_3500_2101/500.jpg
15-06-2018,Australian university students dress as Ku Klux Klan and in blackface,Charles Sturt University investigates ‘politically incorrect’ themed student party,https://www.theguardian.com/world/2018/jun/15/australian-university-students-dress-as-ku-klux-klan-and-in-blackface,https://media.guim.co.uk/dfc9b3b1ea5fcb2fdccd97ac44843e004ed657dc/0_54_1200_720/500.jpg
16-06-2018,Who is Winston Peters? The 40-year rise of New Zealand's next acting PM,Minority party leader is set to temporarily take over the leadership role when Jacinda Ardern goes into labour,https://www.theguardian.com/world/2018/jun/16/who-is-winston-peters-the-40-year-rise-of-new-zealands-next-acting-pm,https://media.guim.co.uk/09c15fe7e30cf2aebb8c5e5d32a1b5c2a9cf48a6/0_0_3963_2378/500.jpg
17-06-2018,Colombia votes in election that could become fresh poll on Farc deal,Key decider in presidential runoff will be who can win votes that went to centrists defeated in first round,https://www.theguardian.com/world/2018/jun/17/colombia-votes-election-farc-deal-petro-duque,https://media.guim.co.uk/bc1a92fe334932a6d71e16b51aa6d35e60b2f5a7/0_254_3810_2286/500.jpg
18-06-2018,Philippine lawyer finds unlikely ally in Duterte in fight to legalise gay marriage,"Jesus Falcis has taken his battle to the supreme court, backed by a president who regularly clashes with the Catholic church",https://www.theguardian.com/world/2018/jun/18/philippines-lawyer-gay-marriage-duterte-church,https://media.guim.co.uk/0ac2afad2071758b36844bfb3824fe32f7e37161/0_126_4000_2399/500.jpg
19-06-2018,'It's exhilarating': Japan's female sumo wrestlers take on sexism,Amateur wrestlers hope ban on women in the professional arena will one day be overturned ,https://www.theguardian.com/world/2018/jun/19/its-exhilarating-japans-female-sumo-wrestlers-take-on-sexism,https://media.guim.co.uk/f3142b758ec48c455d39b3105d556a32855c07ee/0_43_2000_1200/500.jpg
20-06-2018,Canada becomes second country to legalise cannabis use,"Cannabis Act passes, with the legislation expected to take effect in a few months",https://www.theguardian.com/world/2018/jun/20/canada-legalises-cannabis-senate-vote,https://media.guim.co.uk/e614a6a1a012b51d92146178947de000a2ec5a30/0_322_5447_3269/500.jpg
21-06-2018,Jacinda Ardern #babywatch sends New Zealand media gaga,Live blogs have fired up across the country as the nation – and world – waits for the prime minister to give birth,https://www.theguardian.com/world/2018/jun/21/jacinda-ardern-babywatch-new-zealand-media,https://media.guim.co.uk/1e452b7816f63b27de1bf55216a90ba5d40c5d8c/89_383_2664_1598/500.jpg
22-06-2018,'A wound that never heals': families wait for North Korea to return their war dead,Repatriations have been happening on and off since 1990 but become mired in money wrangles and diplomatic tussles,https://www.theguardian.com/world/2018/jun/22/a-wound-that-never-heals-families-wait-for-north-korea-to-return-their-war-dead,https://media.guim.co.uk/80992a9403e3f480e480f13f9ad04d4d7aae6a9f/13_158_3251_1951/500.jpg
23-06-2018,"Just election in Turkey not possible, says imprisoned Kurdish candidate","From prison cell in Edirne, Selahattin Demirtaş urges citizens to vote against one-man rule by Erdoğan",https://www.theguardian.com/world/2018/jun/23/just-election-turkey-not-possible-imprisoned-candidate-demirtas-erdogan,https://media.guim.co.uk/fed19fe9b1fae57c15416a621c8f39058e8139ab/0_309_5568_3341/500.jpg
24-06-2018,‘Our country is not a safe place’: why Salvadorans will still head for the US,"Poverty and gang violence are driving an exodus, regardless of US asylum reforms",https://www.theguardian.com/world/2018/jun/24/salvadorans-deported-from-us-facing-violence-fleeing-poverty,https://media.guim.co.uk/2d968c3d8417e4c329ebb20b40e9f2e3321d57e2/0_80_6016_3610/500.jpg
25-06-2018,'New Zealand wants you': the problem with tech at the edge of the world,PM Jacinda Ardern wants to lead in emerging technologies but some say that goes against the nation’s character ,https://www.theguardian.com/world/2018/jun/25/new-zealand-wants-you-the-problem-with-tech-at-the-edge-of-the-world,https://media.guim.co.uk/0c0b4eb0100b714508c99469174ad2d24a8328e5/307_293_5607_3366/500.jpg
26-06-2018,Papua New Guinea suffers first polio outbreak in 18 years,"Boy of six falls ill in Morobe province, as PNG joins three other countries in the world battling the virus",https://www.theguardian.com/world/2018/jun/26/papua-new-guinea-suffers-first-polio-outbreak-in-18-years,https://media.guim.co.uk/04a98d03ef98febf56b3f1c0e9556f59c2df52ab/0_371_4520_2712/500.jpg
27-06-2018,Australia urged to cut ties with Myanmar military over Rohingya atrocities,Amnesty pushes for support to try 13 security officials in the international criminal court ,https://www.theguardian.com/world/2018/jun/27/australia-urged-to-cut-ties-with-myanmar-military-over-rohingya-atrocities,https://media.guim.co.uk/e04a41502e505bf0c57da80f463c6bbe6160e0cd/0_388_5008_3005/500.jpg
28-06-2018,"Cambodian PM now 'fully fledged military dictator', says report","Hun Sen’s crackdown possible due to support of a cadre of ‘dangerous men’, says Human Rights Watch",https://www.theguardian.com/world/2018/jun/28/cambodian-pm-hun-sen-fully-fledged-military-dictator-says-report,https://media.guim.co.uk/02a29f00e9956ee350e30712fcce2025c2074851/0_233_3500_2101/500.jpg
29-06-2018,Italian officials allegedly met with Syria's top military adviser,Legal claim against Italy filed at the European commission alleges violation of EU rules,https://www.theguardian.com/world/2018/jun/29/italian-officials-allegedly-met-with-syrias-top-military-adviser,https://media.guim.co.uk/f1c612d731094984b7cfc4189a8798072bb41067/0_293_2568_1541/500.jpg
30-06-2018,India's huge solar ambitions could push coal further into shade,"Foreshadowed 100 gigawatt tender is off the scale of country’s energy needs but represents ‘brilliant statement of intent’, analysts say",https://www.theguardian.com/world/2018/jun/30/indias-huge-solar-ambitions-could-push-coal-further-into-shade,https://media.guim.co.uk/9970ea3b16615bbe20f98ad802a7eb8e0deb0b0a/0_140_2400_1440/500.jpg
01-07-2018,MH370: memorial to the missing is put on hold,Western Australian premier says monument is ‘highly sensitive’ matter among relatives and will not be built until plane is found,https://www.theguardian.com/world/2018/jul/01/mh370-memorial-to-the-missing-is-put-on-hold,https://media.guim.co.uk/2603425960250f956e8cef2cfd1e1ad16af3cd0a/0_94_3000_1800/500.jpg
02-07-2018,Mexico election: historic landslide victory for leftist Amlo,Baseball-loving nationalist who counts Jeremy Corbyn as a friend will be the new president,https://www.theguardian.com/world/2018/jul/02/mexico-election-leftist-amlo-set-for-historic-landslide-victory,https://media.guim.co.uk/77686ffed1acdefff95203511e77c0cb62520115/0_400_6000_3600/500.jpg
03-07-2018,British divers make contact with missing Thai football team,Rescuers working on plan to free boys and their coach from flooded cave after dramatic discovery ,https://www.theguardian.com/world/2018/jul/02/twelve-boys-missing-in-flooded-thai-cave-found-after-nine-days,https://media.guim.co.uk/ae274d8362180e60e29e3b90418e67a38a2447fa/0_85_4928_2957/500.jpg
04-07-2018,"NZ National party appeals order to pay Eminem $600,000 in copyright battle",High court ruled last year that the party infringed when it used version of song Lose Yourself in a campaign ad,https://www.theguardian.com/world/2018/jul/04/nz-national-party-appeals-order-to-pay-eminem-600000-in-copyright-battle,https://media.guim.co.uk/0847eccb8898d4e91499f8a68c4cfdb454f91382/21_175_3702_2222/500.jpg
05-07-2018,Fake chews? New Zealand MP fears 'existential threat' of synthetic burgers,"The Impossible Burger, being served on Air New Zealand, has also drawn the ire of acting prime minister Winston Peters",https://www.theguardian.com/world/2018/jul/05/new-zealand-fake-burger-existential-threat-red-meat,https://media.guim.co.uk/04ac60c966c44d578008c6835c20a69f935bf468/0_403_2728_1638/500.jpg
06-07-2018,Japan executes sarin gas attack cult leader Shoko Asahara and six members,Aum Shinrikyo’s sarin nerve attack on the Tokyo subway in 1995 killed 13 people and caused illness among thousands of others,https://www.theguardian.com/world/2018/jul/06/japan-executes-sarin-gas-attack-cult-leader-shoko-asahara-and-six-members-reports,https://media.guim.co.uk/325860d480e0c3e3fb47c076fb4bb52084138ca6/0_168_1783_1070/500.jpg
07-07-2018,Possum rescued after getting head stuck in Nutella jar,RSPCA Queensland officer helped the sweet-toothed possum while trying to avoid getting scratched by its claws,https://www.theguardian.com/world/2018/jul/07/possum-rescued-after-getting-head-stuck-in-nutella-jar,https://media.guim.co.uk/f6f5368d240a91f4d99ca5d937aec6d589ed3e13/0_48_940_564/500.jpg
08-07-2018,Japan: death toll from record rain increases as PM warns of 'race against time',"At least 76 people have reportedly been killed, with 92 missing and the number of fatalities expected to rise ",https://www.theguardian.com/world/2018/jul/08/death-toll-increases-as-record-rains-devastate-parts-of-japan,https://media.guim.co.uk/284ad933add3f24f9c71bfd134d297b77ce5af02/0_251_4368_2621/500.jpg
09-07-2018,New Zealand teachers and nurses to hold first mass strike in a generation,"Labour blames previous National government, saying ‘years of neglect’ cannot be addressed in one pay round",https://www.theguardian.com/world/2018/jul/09/new-zealand-teachers-and-nurses-to-hold-first-mass-strike-in-a-generation,https://media.guim.co.uk/7cb4a7bf8fd2ebb3e33dc290c46dcb027a9a3865/0_46_4991_2995/500.jpg
10-07-2018,Nigel Farage seventh on list of MEPs' outside earnings,Campaign group calls for MEPs to provide more detail about their income and employers,https://www.theguardian.com/world/2018/jul/10/nigel-farage-seventh-on-list-of-meps-outside-earnings,https://media.guim.co.uk/ffdbecfacec54bbe6315caeac96f8e8dd9e42244/0_89_5082_3050/500.jpg
11-07-2018,Rise of Italian populist parties buoys anti-vaccine movement,Backlash against sportsman’s post about his young daughter highlights lingering distrust,https://www.theguardian.com/world/2018/jul/11/rise-of-italian-populist-parties-buoys-anti-vaccine-movement,https://media.guim.co.uk/d3ad0fe2527c71af81153ace25a4788cd3592d92/0_167_4724_2834/500.jpg
12-07-2018,Two Qantas pilots injured in fatal vintage plane crash in South Africa,Australian pilots hurt and two people killed when the 1954 era Convair CV-340 crashed soon after takeoff in Pretoria,https://www.theguardian.com/world/2018/jul/12/two-qantas-pilots-injured-in-fatal-vintage-plane-crash-in-south-africa,https://media.guim.co.uk/abee645803cd50d66d3044128a32f98da6f42413/0_140_3600_2159/500.jpg
13-07-2018,'I saw my house sink': Japan takes stock after deadly rains,As search operations continue questions asked about ability to withstand extreme weather ,https://www.theguardian.com/world/2018/jul/13/i-saw-my-house-sink-japan-deadly-rains-search-extreme-weather,https://media.guim.co.uk/6dc53e62245bd74253185f5b3204d656c994e0bb/406_273_4103_2462/500.jpg
14-07-2018,'Like losing family': time may be running out for New Zealand's most sacred tree,"Tāne Mahuta (Lord of the Forest) is about 2,500 years old. But its days will be numbered if it succumbs to kauri dieback",https://www.theguardian.com/world/2018/jul/14/like-losing-family-time-may-be-running-out-for-new-zealands-most-sacred-tree,https://media.guim.co.uk/202df9de1f38c3a24909b96030a67b95a69567ed/10_0_3780_2268/500.jpg
15-07-2018,Common struggle: Black Lives Matter leader talks of painful parallels with Indigenous Australia,"Countries can acknowledge their histories without being captive to them, says Hawk Newsome, who is visiting Sydney",https://www.theguardian.com/us-news/2018/jul/15/common-struggle-black-lives-matter-leader-talks-of-painful-parallels-with-indigenous-australia,https://media.guim.co.uk/5231a876d41e38832d1fa92fbeabc55fdbe4504b/0_440_3107_1864/500.jpg
16-07-2018,Successful World Cup fails to halt slide in Vladimir Putin’s popularity,An increase in the retirement age blamed for drop in approval ratings for Russian president,https://www.theguardian.com/world/2018/jul/16/successful-world-cup-fails-to-halt-slide-in-vladimir-putins-popularity,https://media.guim.co.uk/26d67dd32510bb0615a2dc32ec65dd34d844123f/1060_84_1594_956/500.jpg
17-07-2018,New Caledonia referendum: call to reject 'colonising power' France,Pacific island will change its name and flag to become world’s newest nation if independence vote in November passes,https://www.theguardian.com/world/2018/jul/17/new-caledonia-referendum-call-to-reject-colonising-power-france,https://media.guim.co.uk/ee3b94756bf20f4be270a5efce580939fc233b03/0_0_2457_1474/500.jpg
18-07-2018,Donald Trump says there is 'no time limit' for North Korea to denuclearise,"Amid increasing doubts over the prospects of the regime giving up its nuclear weapons, US president says there is ‘no rush for speed’",https://www.theguardian.com/world/2018/jul/18/donald-trump-says-there-is-no-time-limit-for-north-korea-to-denuclearise,https://media.guim.co.uk/18d547fcf229998d88952a9068b4a23b80815a75/0_0_2000_1201/500.jpg
19-07-2018,Indian state to employ eunuchs as guards at care homes after spate of sexual assaults,Audit of more than 100 safe houses in Bihar state accused operators of systematically abusing girls being housed there,https://www.theguardian.com/world/2018/jul/19/indian-state-to-employ-eunuchs-as-guards-at-care-homes-after-spate-of-sexual-assaults,https://media.guim.co.uk/af3c877af5be28c5443fff4c2ce0d6464c72a891/0_322_3500_2100/500.jpg
20-07-2018,Neil Prakash: Turkish court rejects Australian extradition plea,"Prakash, accused of being an Islamic State recruiter, will remain in jail for now awaiting possible local terrorism charges",https://www.theguardian.com/world/2018/jul/20/neil-prakash-turkish-court-rejects-australian-extradition-plea,https://media.guim.co.uk/9bcafc0788e63d28b1da5941a1558c5c4f8434a2/0_0_500_300/master/500.jpg
21-07-2018,South China Sea: UK could send aircraft carrier to back Australian vessels,Australian and British ministers hold talks amid rising tension over Beijing’s militarisation in disputed waters,https://www.theguardian.com/world/2018/jul/21/south-china-sea-uk-could-send-aircraft-carrier-to-back-australian-vessels,https://media.guim.co.uk/8ec59cafa238bf641c47e3f6203f12ff1701b122/97_357_3983_2390/500.jpg
22-07-2018,Timor-Leste activists 'shocked' by Australia's prosecution of spy Witness K and lawyer,Activists compare treatment of Australian spy and lawyer Bernard Collaery to acts of Suharto-led Indonesia,https://www.theguardian.com/world/2018/jul/22/timor-leste-activists-shocked-by-australias-prosecution-of-spy-witness-k-and-lawyer,https://media.guim.co.uk/763534f139d6b4f85797202d5da71e87b6b3438a/0_133_3505_2103/500.jpg
23-07-2018,'I felt disgusted': inside Indonesia's fake Twitter account factories,"‘Buzzer teams’ are a growing part of politics, helping to churn up religious and racial divides",https://www.theguardian.com/world/2018/jul/23/indonesias-fake-twitter-account-factories-jakarta-politic,https://media.guim.co.uk/1f18054abc7d50a7738e79c44b802b45357d65e2/0_271_4621_2773/500.jpg
24-07-2018,Daniel Ortega rejects blame for Nicaragua bloodshed in rare interview,"Despite growing condemnation from international community and former allies, Ortega uses TV appearance to blame crisis on ‘terrible lies’",https://www.theguardian.com/world/2018/jul/24/daniel-ortega-rejects-blame-for-nicaragua-bloodshed-in-rare-interview,https://media.guim.co.uk/d54f340a5eefef1f560ba441a2fc7f5aa954242f/679_639_2821_1694/500.jpg
25-07-2018,"Stop copying New Zealand's flag, Winston Peters tells Australia","Acting PM further strains ties with neighbour, urging Australia to find its own design",https://www.theguardian.com/world/2018/jul/25/new-zealand-flag-winston-peters-australia-copy,https://media.guim.co.uk/bd13726fd7da7f804f60968a58604fc24f0d87f0/17_428_4750_2852/500.jpg
26-07-2018,'Democracy has died': Cambodia's exiled politicians call for election boycott,"Scared and on the run, members of the opposition mount campaign against legitimacy of strongman leader Hun Sen ",https://www.theguardian.com/world/2018/jul/26/democracy-has-died-cambodias-exiled-politicians-call-for-election-boycott,https://media.guim.co.uk/6c6df33e865e6ecd5bf3084897092a26e585c645/0_236_3500_2101/500.jpg
27-07-2018,North Korea hands over remains of US soldiers killed in Korean war,Donald Trump hail regime’s actions as military plane picks up remains of unknown number of soldiers ,https://www.theguardian.com/world/2018/jul/27/north-korea-return-remains-us-soldiers-killed-in-korean-war-dead,https://media.guim.co.uk/10ec25b3bb61e4d7fa99ac07ed25cbca690623d4/573_244_2101_1261/500.jpg
28-07-2018,Colombian journalists say death threats reflect 'ugly' climate since presidential election,"Journalists say ‘dangerous new atmosphere’ has emerged since Iván Duque, a fierce opponent of the peace process, won election",https://www.theguardian.com/world/2018/jul/28/colombia-journalists-death-threats-duque,https://media.guim.co.uk/ec72cd5b5c9dc76ee3b75e5edb9445e837e9ff10/16_0_2977_1787/500.jpg
29-07-2018,Robert Capa’s shell-damaged slum to be restored in Madrid,"Immortalised by the photojournalist, a decaying block of working-class flats is to become a cultural hub bearing his name",https://www.theguardian.com/world/2018/jul/29/robert-capa-madrid-spanish-civil-war,https://media.guim.co.uk/e40ef1b2e152aacdc275fff4bd3ab7f7f2ee363b/0_590_4600_2761/500.jpg
30-07-2018,Jacinda Ardern prepares to return as PM: 'I’m multitasking like every parent',New Zealand PM releases home video in which she says baby Neve has ‘no routine’ but is doing really well,https://www.theguardian.com/world/2018/jul/30/jacinda-ardern-to-return-new-zealand-pm-video,https://media.guim.co.uk/b3564fb54b6e951790779347e2daf644db9e2e42/258_402_3574_2144/500.jpg
31-07-2018,#MeToo in China: movement gathers pace amid wave of accusations,"More than 20 women have come out with allegations against former bosses, acquaintances, and colleagues in the last week",https://www.theguardian.com/world/2018/jul/31/metoo-in-china-movement-gathers-pace-amid-wave-of-accusations,https://media.guim.co.uk/3962bd2864fac9a71bbfd2abee6f341895dc3a81/0_448_6720_4032/500.jpg
01-08-2018,Protests in Indonesia as girl raped by brother is jailed for abortion,Activists file a complaint against judges who sentenced a 15-year-old girl to six months’ jail,https://www.theguardian.com/world/2018/aug/01/protests-in-indonesia-as-girl-raped-by-brother-is-jailed-for-abortion,https://media.guim.co.uk/dd30b13d92bc853f78608681fb437e510c7d7f79/0_127_5048_3030/500.jpg
02-08-2018,'Mini-storytellers': Japanese children pass on horror of Nagasaki bombings,"As more and more survivors who directly witnessed the nuclear attack die, students are taking on responsibility for telling their stories",https://www.theguardian.com/world/2018/aug/02/mini-storytellers-japanese-children-pass-on-horror-of-nagasaki-bombings,https://media.guim.co.uk/db68e7be6a6155f3973d3886c6326ab96665e970/0_552_4608_2765/500.jpg
03-08-2018,From exile to election: Emmerson Mnangagwa's timeline to victory,"After Robert Mugabe sacked Mnangagwa, he said he would return to lead Zimbabwe. Here’s how that happened",https://www.theguardian.com/world/2018/aug/03/emmerson-mnangagwa-zimbabwe-timeline-to-victory,https://media.guim.co.uk/7b9c0d4ec1875cf3a6a886185156a46f79288bbf/27_394_3651_2190/500.jpg
04-08-2018,Cracks appear in 'invincible' Xi Jinping's authority over China,Intellectuals voice criticism as analysts point to disharmony in the Communist party,https://www.theguardian.com/world/2018/aug/04/cracks-appear-in-invincible-xi-jinpings-authority-over-china,https://media.guim.co.uk/311d89144d9fae316db4299f073241a436d875e0/562_83_2930_1758/500.jpg
05-08-2018,Venezuela's Nicolás Maduro survives apparent assassination attempt,President blames Colombia after apparent drone attack during speech in Caracas,https://www.theguardian.com/world/2018/aug/04/nicolas-maduros-speech-cut-short-while-soldiers-scatter,https://media.guim.co.uk/f1599b00210ccd2850c6649a90506e51112e05ae/13_0_1474_885/500.jpg
06-08-2018,Ghost resorts: Nicaragua crisis ravages nascent tourism industry,Crisis stemming from crackdown on anti-Ortega protesters has left resorts on the stunning western coast empty and businesses on edge,https://www.theguardian.com/world/2018/aug/06/nicaragua-ortega-unrest-tourism-industry-collapse,https://media.guim.co.uk/c63c1dde6b36efed0e7afb76651271d889ca5b56/0_605_4032_2419/500.jpg
07-08-2018,Saudi state airline suspends flights to Canada in escalating row over activists,Move comes as US asks Riyadh for more details on detention of human rights activists that sparked diplomatic row,https://www.theguardian.com/world/2018/aug/07/saudi-arabia-airline-suspends-flights-canada-row-activists,https://media.guim.co.uk/d0c4b6c648121c9854657182031db952d4ab30d6/0_208_2048_1229/500.jpg
08-08-2018,Najib Razak charged with money laundering over 1MDB scandal,Former Malaysian PM faces multiple counts in what has been called the country’s biggest ever corruption case,https://www.theguardian.com/world/2018/aug/08/najib-razak-charged-with-money-laundering-over-1mdb-scandal,https://media.guim.co.uk/be77d09d3cf3e58d82007f449e0754ed51d6d82f/0_60_3000_1800/500.jpg
09-08-2018,Wedding of Japanese princess delayed by financial woes of future in-laws,"Princess Mako will lose royal status when she marries Kei Komuro, a paralegal, whose mother is reportedly in debt over his education",https://www.theguardian.com/world/2018/aug/09/japan-princess-mako-royal-wedding-delayed-financial-woes-future-in-laws,https://media.guim.co.uk/5c508f9eacd803dc7e91a5d22743ba7ee1f93b46/0_264_5000_2999/500.jpg
10-08-2018,Jacinda Ardern says New Zealand will ban plastic bags,"Retailers given six months to stop providing lightweight plastic bags or face fines of up to NZ$100,000",https://www.theguardian.com/world/2018/aug/10/jacinda-ardern-says-new-zealand-will-ban-plastic-bags,https://media.guim.co.uk/3b81d73fe7b372a46cb617c4b298029300a5841a/529_379_3154_1892/500.jpg
11-08-2018,Rook at this mess: French park trains crows to pick up litter,"Birds will be rewarded with food every time they bring a cigarette butt or other rubbish, says manager",https://www.theguardian.com/world/2018/aug/11/rook-at-this-mess-french-park-trains-crows-to-pick-up-litter,https://media.guim.co.uk/99ee37b210a860b209ca188a626593517eaaa64b/416_5_4899_2941/500.jpg
12-08-2018,We've been expecting you: fugitive tries to hide in French spy HQ,Driver fleeing crash scales fence to land in one of the most high-security spots in Paris,https://www.theguardian.com/world/2018/aug/12/paris-car-suspect-hides-france-spy-hq-dgse,https://media.guim.co.uk/e0a744c36eb2ffd97aa411ca2ae35e21373c4b1c/0_0_1620_972/500.jpg
13-08-2018,'Hell no': counterprotesters outnumber white supremacists at White House rally,Hundreds gather to demonstrate against ‘white civil rights’ rally on anniversary of violence in Charlottesville,https://www.theguardian.com/world/2018/aug/12/white-supremacist-rally-unite-the-right-washington-dc,https://media.guim.co.uk/76be9469e260843ba4be27f1259e035ba4abde57/0_0_2884_1731/500.jpg
14-08-2018,Biggest loser? Tongan PM challenges Pacific leaders to weight-loss battle,"<p>Unusual initiative aims to galvanise citizens of Pacific nations, which have highest obesity rates in the world </p>",https://www.theguardian.com/world/2018/aug/14/tonga-pm-obesity-challenges-pacific-leaders-weight-loss-battle,https://media.guim.co.uk/571be72c584399560eafc85e8ce71d5b0e5962df/0_3_1920_1152/500.jpg
15-08-2018,'Crisis point': New Zealand hit by primary school teacher strike,"Zoos, community halls and churches hold all-day events to help keep 400,000 children occupied",https://www.theguardian.com/world/2018/aug/15/crisis-point-new-zealand-hit-by-primary-school-teacher-strike,https://media.guim.co.uk/ad3208c607249f5c740ba90e9a6746701baa1bd9/0_153_3000_1800/500.jpg
16-08-2018,Nauru hunger strike: 12-year-old boy at imminent risk of dying,Island staff report a looming children’s health crisis ahead of increased international attention of Pacific Islands Forum ,https://www.theguardian.com/world/2018/aug/16/nauru-hunger-strike-12-year-old-boy-at-imminent-risk-of-dying,https://media.guim.co.uk/7eb12371ed514fd417050e34a132583dbbfa2cdb/0_112_3000_1800/500.jpg
17-08-2018,Google staff protest against plan for censored Chinese search engine,"More than 1,000 employees sign letter calling on executives to review ethics and transparency",https://www.theguardian.com/world/2018/aug/17/google-staff-protest-against-plan-for-censored-chinese-search-engine,https://media.guim.co.uk/94f12da623fb8c098beaea277720019e5881b459/0_160_3500_2101/500.jpg
18-08-2018,Kerala floods: death toll rises to at least 324 as rescue effort continues,"220,000 people left homeless and thousands still trapped in southern Indian state after unusually heavy rain ",https://www.theguardian.com/world/2018/aug/17/kerala-floods-death-toll-rescue-effort-india,https://media.guim.co.uk/6711db97019faa6ea358773109bd2617873ac94f/0_125_3700_2221/500.jpg
19-08-2018,Kerala floods: many thousands await rescue as downpour continues,Indian PM vows more aid and compensation for those hit by worst monsoon in 100 years,https://www.theguardian.com/world/2018/aug/18/kerala-floods-many-thousands-await-rescue-as-downpour-continues,https://media.guim.co.uk/8c4d4a0882f1fa871b81ae1c0460c0f89c56560b/0_462_6387_3832/500.jpg
20-08-2018,Kindergarten dresses children as jihadis for parade in Indonesia,Manager apologises for independence day march costumes and denies trying to ‘instil violence’ into children,https://www.theguardian.com/world/2018/aug/20/kindergarten-dresses-children-as-jihadists-for-parade-in-indonesia,https://media.guim.co.uk/aad58216f405abb9f36282a6140ebb5c4570d8fc/0_58_871_523/500.jpg
21-08-2018,Jacinda Ardern freezes New Zealand MPs' pay to tackle rich-poor divide,PM takes action against backdrop of some of the biggest strikes in a generation by public-sector workers ,https://www.theguardian.com/world/2018/aug/21/jacinda-ardern-freezes-new-zealand-mps-pay-tackle-rich-poor-divide,https://media.guim.co.uk/3b81d73fe7b372a46cb617c4b298029300a5841a/529_379_3154_1892/500.jpg
22-08-2018,Malaysia accused of 'state-sponsored homophobia' after LGBT crackdown,Discrimination against community intensifies after politicians ratchet up anti-gay rhetoric to gain votes,https://www.theguardian.com/world/2018/aug/22/malaysia-accused-of-state-sponsored-homophobia-after-lgbt-crackdown,https://media.guim.co.uk/49142432fe4f0e834de9392c4d5bae88c0adafe7/0_294_640_384/500.jpg
23-08-2018,Verizon under fire for 'throttling' firefighters' data in California blaze,Lawsuit argues the impaired emergency efforts show how loss of net neutrality protections can be deadly<br>,https://www.theguardian.com/world/2018/aug/22/verizon-data-throttling-wildfires-california-lawsuit,https://media.guim.co.uk/2f3bec026a5e4489298f84fb15bb8c16d1a21cf8/0_263_4000_2400/500.jpg
24-08-2018,‘Still brothers’: seven decades of separation fails to fray South Korean family ties,Lee Su-nam says time has made his 86-year-old brother’s memory fade but that ‘everyone is still family’,https://www.theguardian.com/world/2018/aug/24/still-brothers-seven-decades-of-separation-fails-to-fray-south-korean-family-ties,https://media.guim.co.uk/5f22e6d660879b190443d86f3e07f3409e042c49/0_32_3500_2100/500.jpg
25-08-2018,Berlin residents told to shut windows as forest fire smoke engulfs city,Firefighters battling blaze in Brandenburg are hampered by unexploded war munitions,https://www.theguardian.com/world/2018/aug/24/berlin-residents-told-to-shut-windows-forest-fires-smoke-brandenburg,https://media.guim.co.uk/aa7ca8ae082c851ea397e3d4abfa7068649f5a05/0_192_5806_3486/500.jpg
26-08-2018,Tokyo fears losing a part of its soul as world’s biggest fish market moves,Sushi breakfasts for tourists who flock to Tsukiji will be a thing of the past as the city’s seafood paradise shifts,https://www.theguardian.com/world/2018/aug/26/tokyo-tsukiji-fish-market-moves,https://media.guim.co.uk/02f9953267c1c3bc2221dd73ef843bef7a86c89d/0_505_5400_3240/500.jpg
27-08-2018,Suspect in 1998 murder of Dutch boy arrested after mass DNA testing,Jos Brech seized near Catalan village after being recognised from police photos,https://www.theguardian.com/world/2018/aug/27/suspect-netherlands-dna-1998-arrest-spain,https://media.guim.co.uk/09751b44fb91b491f514949235b53b24731c651e/0_0_920_552/500.jpg
28-08-2018,Toes of the tiger: animal injured by poacher to get 'world first' fake paw,Sahebrao lost toes in a trap in India six years ago and has been in pain ever since,https://www.theguardian.com/world/2018/aug/28/tiger-injured-poacher-to-get-fake-paw-india,https://media.guim.co.uk/81c9a1d1e64061325a2b4a9d68d4b9a0b6797959/0_33_1280_768/500.jpg
29-08-2018,Indonesia: rape victim wins release from abortion jail sentence,"Case incensed women’s and rights activists across the country, who decried six-month jail term as legal travesty",https://www.theguardian.com/world/2018/aug/29/indonesia-victim-wins-release-from-abortion-jail-sentence,https://media.guim.co.uk/210c653b1723ed588a29649df24d973a536d75f7/0_137_4096_2458/500.jpg
30-08-2018,Caffeine hit: South Korea bans coffee from every school,Action follows reports of students suffering palpitations as they go through high-pressure education system,https://www.theguardian.com/world/2018/aug/30/south-korea-bans-coffee-from-every-school,https://media.guim.co.uk/d448156d60a5683c21ab62dec5e7151c5743314b/203_863_4477_2686/500.jpg
31-08-2018,"Detention of Uighurs must end, UN tells China, amid claims of prison camps","Committee cites reports that ‘tens of thousands to upwards of a million’ Muslim Chinese are being held, as US lawmakers call for sanctions",https://www.theguardian.com/world/2018/aug/31/detention-of-uighurs-must-end-un-tells-china-amid-claims-of-mass-prison-camps,https://media.guim.co.uk/b944d0b16934e350b119ac23062972e52cd176b6/0_119_2952_1772/500.jpg
01-09-2018,Civilians in Syria's last rebel stronghold brace for final battle,"In the second part of our series looking at the conclusion of the 21st century’s most devastating conflict, people in Idlib province speak of their fear as Assad’s army prepares to strike",https://www.theguardian.com/world/2018/sep/01/civilians-in-syrias-last-rebel-stronghold-brace-for-final-battle,https://media.guim.co.uk/7c878bbdbaf1b7d7b6f9bd3cbbae772c7627bbd5/0_298_5016_3009/500.jpg
02-09-2018,Pop-star politician Bobi Wine reaches US after Uganda 'torture',Opposition figure arrives in US for treatment after initially being detained and prevented from leaving,https://www.theguardian.com/world/2018/sep/02/pop-star-politician-bobi-wine-reaches-us-after-uganda-torture,https://media.guim.co.uk/af6281d67dc1c4474b5966694a3a9d3b20d7f2f7/1555_379_1895_1138/500.jpg
03-09-2018,Seoul to check public toilets daily to tackle 'spy-cam porn' crisis,Move follows protests by record numbers of women calling for more action to tackle rise of voyeurism,https://www.theguardian.com/world/2018/sep/03/seoul-to-check-public-toilets-daily-to-tackle-spy-cam-porn-crisis,https://media.guim.co.uk/491722b74a2f2ac6ee10d75e514b5336ae589889/0_257_4000_2400/500.jpg
04-09-2018,Jacinda Ardern queried for taking costly flight to minimise time away from baby,"New Zealand PM will fly to Pacific Islands Forum in Nauru separately from her deputy, costing taxpayers tens of thousands of dollars",https://www.theguardian.com/world/2018/sep/04/jacinda-ardern-takes-extra-flight-nauru-minimise-time-away-from-baby,https://media.guim.co.uk/f8fd01fa10a4e9765ced4b4ec476861ccbd64f81/0_0_4522_2714/500.jpg
05-09-2018,Jailed reporters' wives 'devastated' by Aung San Suu Kyi response,Partners of Reuters pair Wa Lone and Kyaw Soe Oo tell of sadness at seven-year sentence,https://www.theguardian.com/world/2018/sep/04/jailed-reporters-wives-devastated-aung-san-suu-kyi-response,https://media.guim.co.uk/f82520a3157df486064d4edde3c8ebba608240de/0_345_4404_2642/500.jpg
06-09-2018,Australia tried to water down climate change resolution at Pacific Islands Forum: leader,PM of Tuvalu said a country ‘starting with capital A’ wanted qualifications made to a communique on climate change and emissions,https://www.theguardian.com/world/2018/sep/06/australia-tried-to-water-down-climate-change-resolution-at-pacific-islands-forum-leader,https://media.guim.co.uk/dafaffaa464b84a80e4232019d2ab3ecaf19b7d9/0_12_3500_2101/500.jpg
07-09-2018,'Under Swami's spell': 14 tourists claim sexual assault by guru at Thai yoga retreat,Swami Vivekandanda Saraswati – real name Narcis Tarcau – is accused of abuse at the Agama yoga school on Ko Phangan,https://www.theguardian.com/world/2018/sep/07/under-swamis-spell-14-tourists-claim-sexual-assault-by-guru-at-thai-yoga-retreat,https://media.guim.co.uk/c51a02d036c4946bc3b5a9afb4088278d9dba059/0_88_1500_900/500.jpg
08-09-2018,First Nations group proposes oil pipeline that protects indigenous rights,"Aboriginal peoples have long protested such projects, but one group’s plan would give First Nations control and profits",https://www.theguardian.com/world/2018/sep/08/canada-oil-pipeline-first-nations-proposal-indigenous-rights,https://media.guim.co.uk/52845ad01a8fbc1adb551e66345030bb9d41c344/55_188_3223_1934/500.jpg
09-09-2018,Pope Francis orders new bishops to 'just say no to abuse',"Facing allegations he covered up child sexual abuse, Francis warns bishops against ‘conducting personal battles’",https://www.theguardian.com/world/2018/sep/09/pope-francis-orders-new-bishops-to-just-say-no-to-abuse,https://media.guim.co.uk/80e1ef72dc4afef400fd0ceff420836ad55a8f83/0_207_3500_2101/500.jpg
10-09-2018,"'I want to be a doctor, not a rabbi': how Israeli ultra-Orthodox are being drawn into work","Traditionally, Haredi men have not joined the labour force. That is starting to change",https://www.theguardian.com/world/2018/sep/10/i-want-to-be-a-doctor-not-a-rabbi-how-israeli-ultra-orthodox-are-being-drawn-into-work,https://media.guim.co.uk/b9a13e88bbf5d9cc488cfa70b746b7f0d5d63f70/0_0_4256_2554/500.jpg
11-09-2018,Spotted: giraffes in the snow,"Antelope, rhinoceroses and elephants also photographed in icy conditions after late snowfall in South Africa",https://www.theguardian.com/world/2018/sep/11/giraffes-in-the-snow-south-africa-karoo-desert,https://media.guim.co.uk/68bf58649f2b9d7c7b37b60afe10f8c4d5909add/0_272_1080_648/500.jpg
12-09-2018,Hope fades: Posters of Aung San Suu Kyi gather dust as image tarnishes,They were meant to build on the success of the Barack Obama posters by Shepard Fairey but then came the atrocities against the Rohingya ,https://www.theguardian.com/world/2018/sep/12/hope-fades-posters-of-aung-san-suu-kyi-gather-dust-as-image-tarnishes,https://media.guim.co.uk/4b25a33e3bfa7a4fbb2c9f5899f6ce3854f96868/0_256_920_552/500.png
13-09-2018,Britain voted with the majority of the rest of the EU in run-up to referendum,"Sources say even though Eurosceptics ‘wanted to be outvoted’ at council of ministers, UK was mostly on the winning side",https://www.theguardian.com/world/2018/sep/13/britain-voted-with-the-majority-of-the-rest-of-the-eu-in-run-up-to-referendum,https://media.guim.co.uk/19ec4959cac37fdf348f2c4c844ad21e2773a391/0_0_3998_2399/500.jpg
14-09-2018,UN experts 'caved in' to Russia on North Korea sanctions report – US,Nikki Haley says conclusions were changed to remove alleged Russian involvement in supplying oil to Pyongyang,https://www.theguardian.com/world/2018/sep/14/un-experts-caved-in-to-russia-on-north-korea-sanctions-report-us,https://media.guim.co.uk/cd224981e9dd27e55d7674de8c862f023f61da8d/0_155_3497_2099/500.jpg
15-09-2018,Iranian comedies thrive at box office as audiences look to lift gloom,"Filmgoers flock to screens in newly built shopping centres, as critics warn that other genres are being sidelined",https://www.theguardian.com/world/2018/sep/15/iranian-comedies-box-office-films-cinema,https://media.guim.co.uk/8f98ca8f4d30a79b0cb9b691e0a03c7581ecfa48/0_4_1000_600/500.jpg
16-09-2018,Philippines death toll rises in wake of Typhoon Mangkhut,Storm now moving towards China’s heavily populated southern coast with winds of more than 140km/h,https://www.theguardian.com/world/2018/sep/14/typhoon-mangkhut-brings-blinding-rain-to-northern-philippines,https://media.guim.co.uk/2d8554ff67bd6e5a7434ecf6ea9e11ebe405d42e/0_220_3500_2101/500.jpg
17-09-2018,'She didn’t have the energy to cry': Timor-Leste and its struggle against malnutrition,Poverty and poor education have contributed to deaths from malnutrition while disabilities often go untreated,https://www.theguardian.com/world/2018/sep/17/she-didnt-have-the-energy-to-cry-timor-leste-and-its-struggle-against-malnutrition,https://media.guim.co.uk/b464b02dbb6bd74df6c3bf1d722948529875a99d/0_148_4431_2659/500.jpg
18-09-2018,Kim Jong-un greets Moon Jae-in as inter-Korean summit starts,"Leaders take part in highly choreographed opening to three days of talks in Pyongyang, North Korea",https://www.theguardian.com/world/2018/sep/18/kim-jong-un-greets-moon-jae-in-as-inter-korean-summit-starts,https://media.guim.co.uk/f9170dda6624b7250d060ae9ce65f880b25eccda/82_0_2400_1440/500.jpg
19-09-2018,Jordon Steele-John breaks down as he pleads for disability inquiry,Greens senator recites names of disabled Australians who died after enduring shocking cases of institutional and residential neglect ,https://www.theguardian.com/society/2018/sep/19/jordon-steele-john-breaks-down-as-he-pleads-for-disability-inquiry,https://media.guim.co.uk/e5da8aa7b535e7963262bb5b1adb3e9991d9140b/0_52_3199_1919/500.jpg
20-09-2018,Fan Bingbing disappearance highlights ties between Chinese politics and showbusiness,"Two months after she disappeared, star’s fame and influence have been blamed for turning the ruling party against her",https://www.theguardian.com/world/2018/sep/20/the-disappearance-of-fan-bingbing-is-chinese-actor-a-victim-of-her-own-success,https://media.guim.co.uk/979c5d4878d0002e2616f96e7d37ba7c141d9bd0/0_31_3612_2167/500.jpg
21-09-2018,Maldives election: fears China-backed president could return country to dark days,"Abdulla Yameen is running on an economic ticket supported by China loans, while jailing political opponents",https://www.theguardian.com/world/2018/sep/21/maldives-election-fears-china-backed-president-could-return-country-to-dark-days,https://media.guim.co.uk/c89457ce723299917bf9982ce39b59e04dc5e172/0_61_3500_2101/500.jpg
22-09-2018,Diplomats gather for UN summit – with Trump and his whims to take centre stage,World leaders have spent a year trying to manage their relations with the US president – but that doesn’t mean they can predict what he’ll say,https://www.theguardian.com/world/2018/sep/22/un-general-assembly-trump-diplomats-summit,https://media.guim.co.uk/6dd27ca1963e08725b14e10adb816770fe31ed95/0_83_3718_2231/500.jpg
23-09-2018,"Iran summons UK, Dutch and Danish envoys over attack on military parade",Tehran accuses countries of hosting members of ‘terrorist group’ that claimed responsibility for attack,https://www.theguardian.com/world/2018/sep/23/iran-summons-uk-dutch-and-danish-envoys-over-attack-on-military-parade,https://media.guim.co.uk/bab466da9a557fb81d9ea500c7f8ef1ea983681b/801_221_1699_1019/500.jpg
24-09-2018,Pollution pushes Mongolia's herders to reconsider city life,"Bright lights of Ulaanbaatar have been overshadowed by smog worse than Beijing, prompting calls to modernise countryside so millions can return ",https://www.theguardian.com/world/2018/sep/24/pollution-pushes-mongolias-herders-to-reconsider-city-life,https://media.guim.co.uk/f84913a3b67ac280848287202195db23391b9db6/0_217_5184_3110/500.jpg
25-09-2018,Court orders Peter Dutton to transfer ill family of three from Nauru,Judge stipulates no treatment by Border Force contractor or health provider IHMS,https://www.theguardian.com/world/2018/sep/25/court-orders-peter-dutton-to-transfer-ill-family-of-three-from-nauru,https://media.guim.co.uk/08989b77869f5e655966d5f7b51589444086d1c6/0_176_5568_3341/500.jpg
26-09-2018,US arrests army reservist accused of spying for China,Ji Chaoqun was allegedly tasked with supplying data on American scientists and engineers,https://www.theguardian.com/world/2018/sep/26/us-china-spying-arrest-army-reservist,https://media.guim.co.uk/71ec312d1c57c8607ddff4d2a78da971c792be6d/0_760_4129_2477/500.jpg
27-09-2018,'All the time in the world': Trump says no rush for North Korea to denuclearise,Relaxed tone marks change from claims that earlier summit with Kim Jong-un would lead to rapid disarmament,https://www.theguardian.com/world/2018/sep/27/trump-north-korea-no-rush-denuclearise,https://media.guim.co.uk/a131da7a837476145f2d700004b3d9accbb183b0/0_161_5396_3239/500.jpg
28-09-2018,Japanese rovers send back first video from asteroid 280 million km away,Rovers deployed by the unmanned Hayabusa2 spacecraft capture a 15-frame clip of the asteroid Ryugu ,https://www.theguardian.com/world/2018/sep/28/hayabusa2-japanese-robots-send-back-first-video-from-asteroid-280-million-km-away,https://media.guim.co.uk/b4cc5c7cf7d243af870b032885ffe473be22a196/0_44_640_384/500.jpg
29-09-2018,Outdoor air purifiers and inside play: Delhi gears up for annual pollution fight,Indian authorities are attempting to bring down air pollution in the capital after record levels in 2016,https://www.theguardian.com/world/2018/sep/29/outdoor-air-purifiers-and-inside-play-delhi-gears-up-for-annual-pollution-fight,https://media.guim.co.uk/5360ff6a6b518993a96f4131fd3f170f5a2c467c/19_0_6106_3664/500.jpg
30-09-2018,Zimbabwe’s new artistic freedoms are tested by film on Matabeleland violence,Documentary on 1980s massacres screened as director faces threats,https://www.theguardian.com/world/2018/sep/30/documentary-1980s-massacre-director-threatened,https://media.guim.co.uk/77a36c639bda3677fdf7b74c756a8789690bbd43/57_0_3425_2056/500.jpg
01-10-2018,Macedonia facing crisis after name change referendum hit by low turnout,"Opponents of move, intended to ease nation’s passage into EU, hail success of boycott as only 35% of voters cast ballots",https://www.theguardian.com/world/2018/sep/30/macedonia-to-vote-on-name-change-and-ending-greek-dispute,https://media.guim.co.uk/89c67555de939a2b23ee7abae42da0bbd2f667d6/0_196_4000_2400/500.jpg
02-10-2018,Boy dies of polio in first fatal case in Papua New Guinea outbreak,"Child has died in central Enga province, the WHO says, as the country battles the return of the disease",https://www.theguardian.com/world/2018/oct/02/boy-dies-of-polio-in-first-fatal-case-in-papua-new-guinea-outbreak,https://media.guim.co.uk/e5ffe56e2e206bc25462697bdfa4ef30722edbe5/345_531_1568_941/500.jpg
03-10-2018,Australia concerned over China's 'aggressive tactics' in South China Sea,Defence minister says any intimidation in region is ‘potentially dangerous’ after ‘unsafe’ encounter with US destroyer,https://www.theguardian.com/world/2018/oct/03/australia-concerned-over-chinas-aggressive-tactics-in-south-china-sea,https://media.guim.co.uk/69acccf4858869085bb8927d9cc886aa9c8eca23/0_158_3500_2101/500.jpg
04-10-2018,French bank robber who escaped jail in helicopter recaptured,"Prosecutors suspect Rédoine Faïd, who was in jail for murdering a police officer, used a burqa as disguise during his time on the run",https://www.theguardian.com/world/2018/oct/03/french-bank-robber-who-escaped-jail-in-helicopter-recaptured,https://media.guim.co.uk/90696c21e63d860b62988fad1a9af3cf444fec3d/23_880_3568_2141/500.jpg
05-10-2018,"Daniel Urresti, Peru's populist champion, cleared of murdering journalist",The leader in the race to be mayor of Lima found not guilty of killing reporter during bloody conflict with Maoist guerrillas in 1980s,https://www.theguardian.com/world/2018/oct/05/daniel-urresti-perus-populist-champion-cleared-of-murdering-journalist,https://media.guim.co.uk/b7eaa1f589fe3bf82f84b5264cb3d27ef7541d30/0_8_3399_2039/500.jpg
06-10-2018,#BeingMicronesian: online hatred spurs positive fightback,"When Sha Ongelungel saw yet another derogatory post directed at Micronesians, she decided enough was enough",https://www.theguardian.com/world/2018/oct/06/beingmicronesian-online-hatred-spurs-positive-fightback,https://media.guim.co.uk/ac053c479ca27bd9f47c865407b2a4efa1b37325/0_497_1668_1001/500.jpg
07-10-2018,Brazil election: Jair Bolsonaro makes Trumpian pledge as poll shows big lead,Rightwinger 15 points ahead as he rallies supporters with ‘make Brazil great again’ slogan,https://www.theguardian.com/world/2018/oct/07/brazil-election-jair-bolsonaro-makes-trumpian-pledge-as-poll-shows-big-lead,https://media.guim.co.uk/53d72fc1fda7fe369778f705289080c2df2a187b/273_356_3051_1831/500.jpg
08-10-2018,"New Zealand's 'degrading' abortion ban breaches human rights, say activists",Advocacy group lays discrimination complaint with country’s rights commission over criminalisation of terminations,https://www.theguardian.com/world/2018/oct/08/new-zealands-degrading-abortion-ban-breaches-human-rights-say-activists,https://media.guim.co.uk/3b81d73fe7b372a46cb617c4b298029300a5841a/529_379_3154_1892/500.jpg
09-10-2018,"Unwelcome, unsafe: teams for those left on the sideline",Sport has immeasurably physical and emotional benefits but not everyone has access to take part,https://www.theguardian.com/world/2018/oct/09/creating-communities-challenging-sport-as-a-domain-for-inclusion,https://media.guim.co.uk/917d4c1d1acc2853e87d60e124f4be33c145cfe9/0_0_3000_1801/500.jpg
10-10-2018,"Nikki Haley resigns as US ambassador to UN, shocking fellow diplomats",Trump says he was aware of former South Carolina governor’s resignation but timing of departure a surprise to state department and UN,https://www.theguardian.com/world/2018/oct/09/nikki-haley-resigns-quits-trump-un-ambassador-latest-news,https://media.guim.co.uk/8afc62e40d43ac7f91f6ac5e4a1a12a60aeda6d1/0_36_5184_3110/500.jpg
11-10-2018,'Hammers and a hoe': Indonesia keeps digging as official tsunami search ends,"Many may never find relatives swallowed up as the ground liquefied, but one woman says she will continue ‘with hammers and a hoe’",https://www.theguardian.com/world/2018/oct/11/indonesia-official-tsunami-search-ends-relatives-keep-digging,https://media.guim.co.uk/465ceb6b8f8566051dab6e79dbe65131bd8583b8/0_198_2971_1784/500.jpg
12-10-2018,"Beaten, terrified and disappeared: China cracks down on faulty vaccine outcry",One campaigner has not been seen for 40 days after being detained during rally in Beijing,https://www.theguardian.com/world/2018/oct/12/china-vaccine-scandal-crackdown-activists-beaten-disappear,https://media.guim.co.uk/269bbd2a0a68a3544d0e1b84d959937ca79a0144/0_389_4732_2840/500.jpg
13-10-2018,California chef in sexual misconduct scandal criticised for 'dunk tank' plan,Oakland restaurateur Charlie Hallowell is inviting anyone to ‘come and take a shot’ as part of his reform efforts,https://www.theguardian.com/world/2018/oct/12/chef-sexual-harassment-dunk-tank-pizzaiolo-oakland,https://media.guim.co.uk/bd095e6b46cc36964162bb32c61508ae475077f9/0_178_3000_1800/500.jpg
14-10-2018,"'Sinicisation' of Muslims in Xinjiang must go on, says Chinese official",Official warns of ‘infiltration of religious extremism’ amid crackdown on region’s large Muslim population,https://www.theguardian.com/world/2018/oct/14/sinicisation-of-muslims-in-xinjiang-must-go-on-says-chinese-official,https://media.guim.co.uk/b944d0b16934e350b119ac23062972e52cd176b6/0_119_2952_1772/500.jpg
15-10-2018,Macedonia MPs to vote on name change in key moment for Balkans,Stakes are high with Nato and EU membership and prime minister’s future in balance,https://www.theguardian.com/world/2018/oct/15/macedonia-mps-to-vote-on-name-change-in-key-moment-for-balkans,https://media.guim.co.uk/13a1ec1706a458a8db15c6cb50a1fa8e49960112/0_0_3500_2101/500.jpg
16-10-2018,'They shot a rifle over my fence': the bitter fight for abortion rights in Queensland,Rosemary Kyburz suffered abuse and harassment from anti-abortionists in 1980 at the height of the Bjelke-Petersen era. She was far from alone,https://www.theguardian.com/world/2018/oct/16/queenslands-pro-choice-veterans-hope-for-victory-after-long-and-nasty-fight,https://media.guim.co.uk/051c62f3c5b753bca0fd84944f0ce54128ff93dd/0_432_6480_3888/500.jpg
17-10-2018,Khashoggi: Trump defends Saudi Arabia as Pompeo heads to Turkey,Trump likens case to Kavanaugh confirmation hearings as Turkish president reports evidence of toxic materials at Saudi consulate,https://www.theguardian.com/world/2018/oct/16/jamal-khashoggi-disappearance-mike-pompeo-saudi-arabia-salman,https://media.guim.co.uk/d9d02b87b36beb08c9879a9bba78a044e1a78d42/0_297_4685_2812/500.jpg
18-10-2018,Key suspect in Jamal Khashoggi case worked at Australian medical institute,"Salah Muhammad al-Tubaigy spent three months at the centre, where he observed autopsies<br>",https://www.theguardian.com/world/2018/oct/18/key-suspect-in-jamal-khashoggi-worked-at-australian-medical-institute,https://media.guim.co.uk/a5fab13bb2ae523e2dc89eda9664e7b6ca2a6fb2/0_412_5580_3349/500.jpg
19-10-2018,Cisco contradicts Dutton’s claim breaking digital encryption won’t create ‘back doors’,Tech companies say bill must define safeguard against introducing ‘systemic’ weaknesses into their products,https://www.theguardian.com/world/2018/oct/19/cisco-contradicts-duttons-claim-breaking-digital-encryption-wont-create-back-doors,https://media.guim.co.uk/03db7abdd37eab5b490428b6d310c4c11aad21e2/454_319_4051_2431/500.jpg
20-10-2018,Disappearance of Saudi journalist Jamal Khashoggi – timeline,Dissident went missing after visiting Saudi consulate in Istanbul to collect paperwork,https://www.theguardian.com/world/2018/oct/08/disappearance-of-saudi-journalist-jamal-khashoggi-timeline,https://media.guim.co.uk/7d1b9f0c3d2637b2a283cb8e600c6a3ebaff76e6/0_240_4000_2400/500.jpg
21-10-2018,Trump says US will withdraw from nuclear arms treaty with Russia,Experts warn of ‘most severe crisis in nuclear arms control since the 1980s’ as Trump confirms US will leave INF agreement,https://www.theguardian.com/world/2018/oct/20/trump-us-nuclear-arms-treaty-russia,https://media.guim.co.uk/d290f0dae005c878e228771851087fef23cdb6f9/0_168_3500_2100/500.jpg
22-10-2018,From denial to pride: how China changed its language on Xinjiang's camps,"Beijing now proudly parades ‘humane management and care’ at internment camps, after denying their existence for months",https://www.theguardian.com/world/2018/oct/22/from-denial-to-pride-how-china-changed-its-language-on-xinjiangs-camps,https://media.guim.co.uk/ca050f2b5d1f6fc0062959a7ad38e2773e4e7b02/0_507_5000_3000/500.jpg
23-10-2018,'Watching our mates drop dead': New Zealand's synthetic cannabis crisis,"Neighbourhoods being ‘swallowed up’ by the drug, with health officials calling for urgent action",https://www.theguardian.com/world/2018/oct/23/new-zealands-synthetic-cannabis-crisis,https://media.guim.co.uk/2ba1e36fd9cb7bd8e3d145cc7e09dcf03f6d123b/0_17_2304_1382/500.jpg
24-10-2018,New Zealand deploys art of conversation to save foreign hikers' lives,"Police and department of conservation appeal to locals to share knowledge with visitors, after a spate of avoidable deaths",https://www.theguardian.com/world/2018/oct/24/new-zealand-deploys-art-of-conversation-to-save-foreign-hikers-lives,https://media.guim.co.uk/ad9e3ab1b6fa6dbf4626b92f125ff79790d40512/0_25_4800_2880/500.jpg
25-10-2018,Mohammed bin Salman calls Khashoggi murder a 'heinous crime',Saudi prince breaks silence over killing of journalist at consulate in Turkey<br>,https://www.theguardian.com/world/2018/oct/24/mohammed-bin-salman-jamal-khashoggi-heinous-crime-saudi-turkey,https://media.guim.co.uk/afc4a9f46b56c67c7dc3ef3c27fd97fca88bf962/0_32_4052_2431/500.jpg
26-10-2018,One in three New Zealanders drink dangerously through their entire lives – study,"Research disputes that hazardous drinking is a phase, usually associated with the teens and early twenties",https://www.theguardian.com/world/2018/oct/26/one-in-three-new-zealanders-drink-dangerously-through-their-entire-lives-study,https://media.guim.co.uk/b116a26a30549e8ac0bd9abe256e57f358572494/0_7_509_305/500.jpg
27-10-2018,"Ireland to remove crime of blasphemy and to re-elect president, exit polls show","Referendum follows vote to overturn abortion ban, as Michael Higgins set for second term",https://www.theguardian.com/world/2018/oct/27/ireland-to-remove-of-blasphemy-and-to-re-elect-president-exit-polls-show,https://media.guim.co.uk/582d1a56d515bc250aead29ca770c1e57a96c2a2/0_32_3500_2101/500.jpg
28-10-2018,"As Angela Merkel’s star dims, Europe is facing perhaps its biggest challenge since 1930s","Pragmatism and brave policies have sustained her so far, but her possible fall could have a dire impact on the whole EU",https://www.theguardian.com/world/2018/oct/28/angela-merkel-germany-elections-eu-europe,https://media.guim.co.uk/8c22567918ebb7b3503da9ee42a8d9737586b7a5/601_42_2899_1740/500.jpg
29-10-2018,For sale: one deserted village left behind in rush to New Zealand's cities,Lake Waitaki village was built in the 1930s as workers accommodation for dam labourers but has lain largely empty since 1989,https://www.theguardian.com/world/2018/oct/29/for-sale-one-deserted-village-left-behind-in-rush-to-new-zealands-cities,https://media.guim.co.uk/fd81cb1b44088233b079a898f2d8fd06cc366bc6/0_180_1200_720/500.jpg
30-10-2018,Tokyo garden loses fortune because ticket seller was scared to charge foreigners,"Man let about 160,000 tourists into Shinjuku Gyoen garden rather than risk being yelled at for not understanding them",https://www.theguardian.com/world/2018/oct/30/tokyo-garden-loses-fortune-because-ticket-seller-was-scared-to-charge-foreigners,https://media.guim.co.uk/b3e63859b3f5d11f309b966fedbe0abe784b169f/0_1605_2398_1439/500.jpg
31-10-2018,Sri Lanka crisis: activists fear end of human rights investigations,Alleged past persecution of dissidents could be swept under the carpet if Mahinda Rajapaksa is restored to power,https://www.theguardian.com/world/2018/oct/31/sri-lanka-crisis-activists-fear-end-of-human-rights-investigations,https://media.guim.co.uk/303dea8514551ba65242415d85322dbfbda6f643/0_24_4198_2520/500.jpg
01-11-2018,Money-laundering crackdown on public schools and law firms,<strong>Exclusive:</strong> security minister Ben Wallace pledges to focus on where illegal cash is spent,https://www.theguardian.com/world/2018/nov/01/money-laundering-crackdown-on-public-schools-and-law-firms-,https://media.guim.co.uk/42e64cd029c74fef11252646d1330f6855c7bb06/0_160_1704_1022/500.jpg
02-11-2018,Pacific island to introduce world-first 'reef-toxic' sunscreen ban,"From 2020, lotions containing any of 10 chemicals linked to coral bleaching will be outlawed",https://www.theguardian.com/world/2018/nov/02/pacific-island-to-introduce-world-first-reef-toxic-sunscreen-ban,https://media.guim.co.uk/6c311f9124a0bc9be881be68efb15c03e08f9767/0_332_5616_3370/500.jpg
03-11-2018,China needs to hear from its peers it cannot commit ethnic cleansing in Xinjiang | Frances Eve,"Beijing needs to be held to account. On Tuesday, a UN meeting provides other nations with that chance ",https://www.theguardian.com/world/2018/nov/03/china-is-committing-ethnic-cleansing-in-xinjiang-its-time-for-the-world-to-stand-up,https://media.guim.co.uk/f1f86617624785d439c2d978b376c0cde406742d/245_257_4929_2956/500.jpg
04-11-2018,Iran sanctions: Khamenei says world opposes every Trump decision, Ayatollah says US has failed to dominate Iran on eve of reinstatement of oil and banking sanctions<br>,https://www.theguardian.com/world/2018/nov/04/iran-sanctions-khamenei-says-world-opposes-every-trump-decision,https://media.guim.co.uk/a5f58b2b22eed9deb425d4217496c7816497ca9f/0_70_2465_1479/500.jpg
05-11-2018,UK backs UN call for Saudi Arabia and Houthis to end Yemen bloodshed,Jeremy Hunt says cessation of hostilities could ‘alleviate suffering’ of Yemeni people,https://www.theguardian.com/world/2018/nov/05/uk-backs-un-call-for-saudi-arabia-and-houthis-to-end-yemen-bloodshed,https://media.guim.co.uk/241af4e113866e72fe283129065775454c942ec0/0_0_5976_3584/500.jpg
06-11-2018,Trump administration unveils full extent of US sanctions on Iran,Package to stop ‘destabilising activities’ falls short of aim to cut off Tehran’s oil industry,https://www.theguardian.com/world/2018/nov/05/iran-launches-military-drill-response-return-us-sanctions,https://media.guim.co.uk/cbc7ce0bfcf1e5585638e9547bed81f8a61b35e0/0_46_1976_1185/500.jpg
07-11-2018,Jacinda Ardern receives death threat as row over use of poison grows,"Use of deadly 1080 bait has led to New Zealand government staff being abused, locked in national parks and harassed online",https://www.theguardian.com/world/2018/nov/07/jacinda-ardern-receives-death-threat-as-pesticide-row-grows,https://media.guim.co.uk/fa9b47429f759254091443d45cb81dba425b87c4/0_129_5472_3283/500.jpg
08-11-2018,Tokyo medical school offers places to women after sexism scandal,Japanese university announces it will accept women unfairly rejected in favour of male candidates,https://www.theguardian.com/world/2018/nov/08/tokyo-medical-school-offers-places-to-women-after-sexism-scandal,https://media.guim.co.uk/d4d68791575de9e913488cca740b44a89a9bcf3b/0_175_3300_1980/500.jpg
09-11-2018,Marshall Islands' president accuses Chinese interests of backing opponents,Hilda Heine faces no-confidence vote over controversial plans to introduce cryptocurrency ,https://www.theguardian.com/world/2018/nov/09/marshall-islands-president-accuses-chinese-interests-of-backing-opponents,https://media.guim.co.uk/462d30c197ae76478323704c486df37d265b1ed7/371_86_1734_1040/500.jpg
10-11-2018,Beyond the cenotaph: communities prepare for armistice centenary,UK events from Shetland to St Helier will join thousands of global commemorations,https://www.theguardian.com/world/2018/nov/10/beyond-the-cenotaph-communities-prepare-for-armistice-centenary,https://media.guim.co.uk/fcefaad77593a2e61f5f31ea2b2e96ad03ffe871/36_448_3453_2072/500.jpg
11-11-2018,TV scientist Alice Roberts to be president of Humanists UK,"Anthropologist, TV presenter and author takes over as figurehead of campaign group next year",https://www.theguardian.com/world/2018/nov/11/tv-scientist-alice-roberts-to-be-president-of-humanists-uk,https://media.guim.co.uk/3bcba7c0ddcd7f1e3d87262fd0a3491f40781155/652_0_5348_3209/500.jpg
12-11-2018,Khashoggi murder: Pompeo tells crown prince the US will hold all involved accountable,Secretary of state had previously said US was reviewing possible sanctions on individuals that took part in killing of journalist,https://www.theguardian.com/world/2018/nov/12/khashoggi-pompeo-tells-crown-prince-the-us-will-hold-all-involved-accountable,https://media.guim.co.uk/5c1c75c83bb44bebef4f59ac5ff4918797c1ef03/0_41_4800_2880/500.jpg
13-11-2018,'Is it OK for me to touch you here?': the people making rehearsal rooms safe,"As an ‘intimacy coordinator’, Ita O’Brien coaches stage and screen productions through the protocols of contact between actors",https://www.theguardian.com/world/2018/nov/13/is-it-ok-for-me-to-touch-you-here-the-people-making-rehearsal-rooms-safe,https://media.guim.co.uk/9d49c08ba35103ab316ded79d3fae6bc5ae4f5fc/0_605_4512_2707/500.jpg
14-11-2018,Scientists divided over new research method to combat malaria,Work on engineered gene used to modify DNA of mosquitoes ‘could be stifled’ by perceived risk to environment,https://www.theguardian.com/world/2018/nov/14/scientists-divided-over-new-research-method-to-combat-malaria,https://media.guim.co.uk/f294563444a4a0e098ec2ede7cb72f57594d93c3/0_200_2785_1671/500.jpg
15-11-2018,Brisbane construction firm Canstruct made $43m profit running Nauru detention centre last year,Disclosure comes as company prepares to hand over control of services to a Nauruan government commercial entity,https://www.theguardian.com/world/2018/nov/15/brisbane-construction-firm-made-43m-profit-running-nauru-detention-centre-last-year,https://media.guim.co.uk/c180af4c165f92717daf496cdbf5c3d2098c8d85/0_216_2500_1501/500.jpg
16-11-2018,North Korea's Kim Jong-un supervises test of 'new ultramodern weapon',"Declaration, which did not specify what type of weapon was tested, comes as talks with the US over the North’s nuclear program stall",https://www.theguardian.com/world/2018/nov/16/north-korea-kim-jong-un-supervises-test-of-new-ultramodern-weapon,https://media.guim.co.uk/1b2df4438d35de064a5428f03ae19fe99619265d/0_225_3500_2101/500.jpg
17-11-2018,Indonesia's love affair with its dying natural disaster spokesman,"Sutopo Purwo Nugroho, who has stage 4 cancer, guides the country through 2,300 disasters each year and has become a national treasure",https://www.theguardian.com/world/2018/nov/09/one-of-our-heroes-indonesias-love-affair-with-its-dying-natural-disaster-spokesman,https://media.guim.co.uk/b49f201fed3b7509e6c9b511727e9142ff9116d5/0_489_3264_1958/500.jpg
18-11-2018,CIA Khashoggi findings 'highly damaging' to Mohammed bin Salman,"Agency must have solid proof that de facto leader ordered journalist’s killing, says official<br>",https://www.theguardian.com/world/2018/nov/17/cia-khashoggi-findings-highly-damaging-to-saudi-prince-mohammed-bin-salman,https://media.guim.co.uk/0f9b5e3b94a2cef6d8abb87503745163d70228a8/0_190_2462_1477/500.jpg
19-11-2018,Damien Hirst delivers controversy with giant uterus sculptures at Qatar hospital,Showpiece outside women’s healthcare centre culminates with 14-metre newborn which has previously raised eyebrows,https://www.theguardian.com/world/2018/nov/19/damien-hirst-delivers-controversy-with-giant-uterus-sculptures-at-qatar-hospital,https://media.guim.co.uk/b8b235353b15214425a00b9cc7df544c94ec7f9e/90_128_3453_2072/500.jpg
20-11-2018,Jair Bolsonaro says Brazilians 'still don't know what dictatorship is',Former army captain has made no secret of his admiration for the military dictatorship that ruled Brazil from 1964 to 1985 ,https://www.theguardian.com/world/2018/nov/20/jair-bolsonaro-says-brazilians-still-dont-know-what-dictatorship-is,https://media.guim.co.uk/55774f6d59a2cbc3d471d78949b4d7dd02520177/238_343_3130_1880/500.jpg
21-11-2018,Why Australia's local councils need to solve their gender problem,"Only 15% of mayors and less than 33% of councillors are women, which leads to broader political disenfranchisement",https://www.theguardian.com/world/2018/nov/21/why-australias-local-councils-need-to-solve-their-gender-problem,https://media.guim.co.uk/e3016bc1b65fc8ea62de979bfbf539777db3f2df/0_290_5192_3117/500.jpg
22-11-2018,"Bamboo house: easy to build, sustainable Cubo wins top prize","Earl Forlales awarded £50,000 for trying to address chronic housing shortage in the Philippines",https://www.theguardian.com/world/2018/nov/22/bamboo-house-easy-to-build-sustainable-cubo-wins-top-prize,https://media.guim.co.uk/fcd78f817c75acfcab7f92abc2f9ef2eca2f21c9/120_0_3600_2160/500.jpg
23-11-2018,New Zealand's North and South islands 'creeping' even closer together after quake,Fault lines are still settling two years after the Kaikoura earthquake opened up a record 25 faults,https://www.theguardian.com/world/2018/nov/23/new-zealands-north-and-south-islands-creeping-even-closer-together-after-quake,https://media.guim.co.uk/f72f658eb5536ceba9acd05900ef82919460b07f/0_0_3872_2323/500.jpg
24-11-2018,Power dressing in Pakistan: how fashion became a battleground,"The renaissance of Pakistani fashion is a sign of women’s growing independence, and has fuelled the religious right’s ire",https://www.theguardian.com/world/2018/nov/24/pakistan-fashion-becomes-battleground-power-of-women,https://media.guim.co.uk/7c75e547b0462e39a43635d02fa70fa1d56bdc66/0_116_4383_2629/500.jpg
25-11-2018,Fears of conflict grow as Congolese presidential race opens,The opposition in the DRC is fractured and two of its leading figures have been barred from standing,https://www.theguardian.com/world/2018/nov/25/democratic-republic-of-congo-presidential-race-opens,https://media.guim.co.uk/a31c4abb69d8db27f672d5fd4ebdaa9721363935/0_238_4642_2786/500.jpg
26-11-2018,Zimbabwe: opposition leaders launch new attempt to share power,Political uncertainty remains as ousted president Mugabe is bedridden and unable to walk,https://www.theguardian.com/world/2018/nov/26/zimbabwe-opposition-leaders-launch-new-attempt-to-share-power,https://media.guim.co.uk/6e27ae885ae11c6be4d5b67eb2299ace7bef8368/0_267_3500_2100/500.jpg
27-11-2018,China orders inquiry into 'world's first gene-edited babies',"As experts cast doubt over supposed breakthrough, China’s National Health Commission orders an ‘immediate investigation’",https://www.theguardian.com/world/2018/nov/27/china-orders-inquiry-into-worlds-first-gene-edited-babies,https://media.guim.co.uk/44d2ad123c0f45224299e6f64c7d5d3bc310017b/974_499_4345_2607/500.jpg
28-11-2018,Bangladesh to eject safety inspectors brought in after Rana Plaza disaster,"Closing Dhaka office will limit international ability to inspect clothing supply chains for brands like H&amp;M, Esprit and Primark",https://www.theguardian.com/world/2018/nov/28/international-inspectors-to-leave-bangladesh-after-factory-fire,https://media.guim.co.uk/5ef7400158bf88db31347de8e6bb023d5a443f13/0_230_5649_3390/500.jpg
29-11-2018,Group of Manus Island refugees move to Nauru amid worsening health crisis,"Men make voluntary transfers, saying they don’t know if life will be better, but need a change after five years on Manus ",https://www.theguardian.com/world/2018/nov/29/group-of-manus-island-refugees-move-to-nauru-amid-worsening-health-crisis,https://media.guim.co.uk/214246dc20112ba9789b93fc3b7bbc1ec1044ee7/864_896_4896_2938/500.jpg
30-11-2018,G20 summit: can world leaders find unity – or is it simply showboating?,"Now in its 10th year, a forum intended to secure global governance has become a stage for increasingly populist leaders<br>",https://www.theguardian.com/world/2018/nov/29/g20-summit-argentina-2018-ten-years-later-populism,https://media.guim.co.uk/d99a03c7797cd641a6503ae5a73c8e5da0b7e3af/0_0_4288_2572/500.jpg
01-12-2018,'I am worried': Macron's chat with Saudi prince captured at G20,French presidential aide confirms they spoke about Khashoggi murder and Yemen after microphone picks up informal talk,https://www.theguardian.com/world/2018/nov/30/macron-saudi-arabia-mbs-conversation-g20-summit-caught-on-mic,https://media.guim.co.uk/af3bf00ea1d9e3eb6bb3bba4e619a06865a71c2d/0_472_2271_1362/500.jpg
02-12-2018,Donald Trump and Xi Jinping declare trade truce at G20,US officials say president will wait 90 days before imposing 25% tariffs to allow negotiations ,https://www.theguardian.com/world/2018/dec/02/donald-trump-and-xi-jinping-declare-trade-truce-at-g20,https://media.guim.co.uk/011ae9b6a285c1b5482740a17ab0e4e3ca144686/64_0_2999_1799/500.jpg
03-12-2018,'It's the real me': Nigerian president denies dying and being replaced by clone,Muhammadu Buhari breaks silence about a rumour that has circulated on social media for months,https://www.theguardian.com/world/2018/dec/03/its-real-me-nigerian-president-denies-dying-and-being-replaced-by-clone,https://media.guim.co.uk/c13e69fe0db9ede1fd4b2f4fd937ff3a06580985/0_39_3500_2100/500.jpg
04-12-2018,"More than a third of Australian lawyers sexually harassed at work, survey finds",International Bar Association finds 77% of harassed lawyers did not report the misconduct,https://www.theguardian.com/world/2018/dec/04/more-than-a-third-of-australian-lawyers-sexually-harassed-at-work-survey-finds,https://media.guim.co.uk/9b98427a63c5a7e43cd10797b05627bd25756889/0_159_3898_2340/500.jpg
05-12-2018,Matthew Hedges says UAE asked him to spy on Britain,Student who was accused of spying and detained for nearly seven months speaks about his ordeal,https://www.theguardian.com/world/2018/dec/05/matthew-hedges-says-uae-asked-him-to-spy-on-britain,https://media.guim.co.uk/8a41a72b9300bff7d3312fa62d88ef4f2795667c/0_54_1600_960/500.jpg
06-12-2018,Campaign calling for New Zealand to protect China expert gathers pace,Anne-Marie Brady became a target after the release of a paper on Chinese foreign influence last year,https://www.theguardian.com/world/2018/dec/06/campaign-calling-for-new-zealand-to-protect-china-expert-gathers-pace,https://media.guim.co.uk/9709aba2a34602c88d9bbd18d8ba6493bca9353f/0_0_717_430/500.jpg
07-12-2018,Australian Bahraini dissident told he will face extradition hearing in Thailand,"Hakeem Al-Araibi, who has refugee status in Australia, has been held in detention in Bangkok for 10 days ",https://www.theguardian.com/world/2018/dec/07/australian-bahraini-dissident-told-he-will-face-extradition-hearing-in-thailand,https://media.guim.co.uk/b3b33ae85e6095f922ed3432829c734b5a7e37bb/0_146_1200_720/500.jpg
08-12-2018,Belgium's revamped Africa Museum triggers request by DRC,"Congolese president’s desire for restitution of artworks will be considered, says director",https://www.theguardian.com/world/2018/dec/08/belgium-revamped-africa-museum-demands-congo-kabila,https://media.guim.co.uk/7934f164762573cf6e5024932c3eb0c7308cc429/0_267_5130_3078/500.jpg
09-12-2018,Belgium faces up to postwar ‘apartheid’ in Congolese colony,New TV documentary and Africa museum show the true conditions suffered by its black citizens last century,https://www.theguardian.com/world/2018/dec/09/belgium-addresses-postwar-apartheid-in-colonial-congo,https://media.guim.co.uk/4e42af2c4d8d64be2b8fef02bdea937fc3d18c8a/0_20_4122_2474/500.jpg
10-12-2018,Isha Ambani wedding: Beyoncé and Hillary Clinton jet to India for celebration,Days of lavish celebrations are taking place to mark the marriage of the daughter of India’s richest man,https://www.theguardian.com/world/2018/dec/10/beyonce-hillary-clinton-isha-ambani-wedding-india,https://media.guim.co.uk/82532b0c48a3d0f0b67e39d3372e6dc66485b673/0_29_1935_1161/500.jpg
11-12-2018,'Cyprus is saturated' - burgeoning migrant crisis grips island,Smugglers increasingly take advantage of island’s partition and proximity to Middle East,https://www.theguardian.com/world/2018/dec/11/cyprus-the-new-entry-point-to-europe-for-refugees-and-migrants,https://media.guim.co.uk/21c75edf2495ae7e5be836db38d3a5880064d157/230_374_3898_2339/500.jpg
12-12-2018,Study finds high levels of depression among LGB teenagers,Feelings of being different believed to lead to self-harm and other mental health issues,https://www.theguardian.com/world/2018/dec/12/study-finds-high-levels-of-depression-among-lgbt-teenagers,https://media.guim.co.uk/a244e3e79151421940a471f59da2d6065a70a75e/0_167_5127_3078/500.jpg
13-12-2018,New Zealand courts banned naming Grace Millane’s accused killer. Google just emailed it out | Toby Manhire,That one of the world’s biggest companies rides roughshod over a court order tells you all you need to know about the giants of Silicon Valley,https://www.theguardian.com/world/2018/dec/13/new-zealand-courts-banned-naming-grace-millanes-accused-killer-google-just-emailed-it-out,https://media.guim.co.uk/0147d1fae28e7bc8b94eb72adc285a259192465a/0_22_5400_3240/500.jpg
14-12-2018,Synthetic cannabis makers face life in jail amid New Zealand crackdown,Drug will be classified as class A as government tackles scourge of country’s most deadly narcotic,https://www.theguardian.com/world/2018/dec/14/synthethic-cannabis-makers-face-life-in-jail-amid-new-zealand-crackdown,https://media.guim.co.uk/c8555d9a1974f6bd2f2b3bf6137a97d2123636f2/0_9_3500_2101/500.jpg
15-12-2018,UN urged to seek Australia-based Hakeem al-Araibi's freedom from Thai jail,Rights groups say refugee footballer’s extradition to Bahrain would constitute an ‘unlawful refoulement’,https://www.theguardian.com/world/2018/dec/15/un-urged-to-seek-australia-based-hakeem-al-araibis-freedom-from-thai-jail,https://media.guim.co.uk/0250fa5175cbf7a3e6f78b7749ffb9f9cf535bfe/0_326_4795_2877/500.jpg
16-12-2018,Sri Lanka: ousted prime minister Wickremesinghe reinstalled,"PM’s supporters celebrate defeat of a ‘coup’, marking end to crisis that left country on precipice of a government shutdown",https://www.theguardian.com/world/2018/dec/16/sri-lanka-ousted-prime-minister-wickremesinghe-reinstalled,https://media.guim.co.uk/325d04cc1694aebe942db8ece8ae13566e401f91/83_0_2807_1685/500.jpg
17-12-2018,North Korea warns US sanctions could derail plans to denuclearise,North praises Trump for ‘willingness’ to improve relations but says economic measures are ‘grave miscalculation’,https://www.theguardian.com/world/2018/dec/17/north-korea-warns-us-sanctions-could-derail-plans-to-denuclearise,https://media.guim.co.uk/34ed0a83dea40ceaa67ef5035725dcc5953fc673/0_30_3449_2071/500.jpg
18-12-2018,Sexual harassment at work code of practice criticised as inadequate,Campaigners hit out at failure to put onus on UK employers to protect workers,https://www.theguardian.com/world/2018/dec/18/sexual-harassment-at-work-code-of-practice-criticised-as-inadequate,https://media.guim.co.uk/000402a1c70b7e759ce5b8a60e92088e4f53b0cb/0_1010_3840_2304/500.jpg
19-12-2018,Grace Millane murder: New Zealand rebukes Google for emailing out suspect's name,Google breached suppression laws by sending out emails headlined with the name of man charged with backpacker murder ,https://www.theguardian.com/world/2018/dec/19/grace-millane-new-zealand-rebukes-google-for-emailing-out-suspects-name,https://media.guim.co.uk/ce7bfb090884322ee181e75eb469b9691738d882/0_213_720_432/500.jpg
20-12-2018,'The last time I saw Granny Pu': 85-year-old mother of Chinese dissident seized by police,"Pu Wengqing, 85, has spent the last two years campaigning for the release of her son Huang Qi, a prominent Chinese activist",https://www.theguardian.com/world/2018/dec/20/the-last-time-i-saw-granny-pu-85-year-old-mother-of-chinese-dissident-seized-by-police,https://media.guim.co.uk/2f89fbb6cef51d53d10061343aa8ced5d59bc42a/54_0_1812_1087/500.png
21-12-2018,US and UK accuse China of sustained hacking campaign,"‘The tentacles of the campaign are vast,’ UK official says, as two Chinese nationals charged in US",https://www.theguardian.com/world/2018/dec/20/us-and-uk-accuse-china-of-sustained-hacking-campaign,https://media.guim.co.uk/b39524fb946e555791cd728d0fb90bd8b14247cb/0_0_2560_1536/500.jpg
22-12-2018,Extra 2m cars on UK roads for festive shopping and visits,Saturday expected to be busy with traffic peaking again at lunchtime on Christmas Eve,https://www.theguardian.com/world/2018/dec/22/extra-2m-cars-on-uk-roads-for-festive-shopping-and-visits,https://media.guim.co.uk/a0cfc6511aa1b6757b9bdb1f80fa98e1c172720c/0_169_5047_3029/500.jpg
23-12-2018,Sunda Strait tsunami is latest in a series of Indonesian disasters in 2018,"Indonesia also hit by earthquake on Lombok, double earthquake-and-tsunami on Sulawesi and the Lion Air plane crash",https://www.theguardian.com/world/2018/dec/23/sunda-strait-tsunami-is-latest-in-a-series-of-indonesian-disasters-in-2018,https://media.guim.co.uk/7cff481427fd03ab9da7bc22cc1a479c9b722ebb/0_133_4000_2401/500.jpg
24-12-2018,Indonesia denies using white phosphorus in West Papua,Angry response comes after newspaper claims chemical weapon was used in the remote region of Nduga,https://www.theguardian.com/world/2018/dec/24/indonesia-denies-using-white-phosphorous-in-west-papua,https://media.guim.co.uk/e9229e8d6e78879d6953e1530c8a24d4a4fb1bb2/0_14_2643_1586/500.jpg
25-12-2018,The volunteers welcoming refugees on Canada's 'new underground railroad',"Fearing Trump’s crackdown on immigrants, thousands have entered Canada at unmarked locations along the border",https://www.theguardian.com/world/2018/dec/25/canada-us-refugees-roxham-road,https://media.guim.co.uk/100f447c8fc159e14cf3a515a8df7338ddee8e4e/221_47_2053_1232/500.jpg
26-12-2018,‘Destruction gets more likes’: Indonesia’s tsunami selfie-seekers,A field overlooking the Sunda Strait full of tsunami debris has become an unlikely spot for tourist photos,https://www.theguardian.com/world/2018/dec/26/destruction-gets-more-likes-indonesias-tsunami-selfie-seekers,https://media.guim.co.uk/3bd2d32c5e1c5839a4664ca5dd780966c3c44b36/0_246_4000_2400/500.jpg
27-12-2018,'Gifts for fascist friends': Mussolini's calendar comeback,"Il Duce and Hitler memorabilia are for sale in Rome, as rightwing populism dismantles taboos ",https://www.theguardian.com/world/2018/dec/27/gifts-for-fascist-friends-mussolinis-calendar-comeback,https://media.guim.co.uk/0c00275c62a58522adeb0ddb9e5040a4c517b09c/0_0_4127_2476/500.jpg
28-12-2018,How rising populism could shake up European elections,Senior EU source says surge in anti-European parties could create a ‘mess’ in parliament,https://www.theguardian.com/world/2018/dec/28/how-rising-populism-could-shake-up-european-elections,https://media.guim.co.uk/dc0d4b50370d2481ea4ceb09ddc0a4be7bf6cad4/0_0_3500_2100/500.jpg
29-12-2018,Trapped in Syria: children kidnapped by Isis who can't go home,"Mahmud and Ayyub, so traumatised they cannot remember their mother’s name, face new dangers as US troops withdraw",https://www.theguardian.com/world/2018/dec/29/trapped-in-syria-children-kidnapped-by-isis-who-cant-go-home,https://media.guim.co.uk/771d83b86e86807c1d9a57c67d3b3412e9154cea/0_307_5000_3000/500.jpg
30-12-2018,China: slowing economy and inequality force new priorities for rulers,Leaders of world’s second-largest economy face some of their most difficult policy decisions in years in 2019,https://www.theguardian.com/world/2018/dec/30/china-slowing-economy-and-inequality-force-new-priorities-for-rulers,https://media.guim.co.uk/0c6ee44c8765ab03d95a8a37165c8e17a64f8b22/0_461_7689_4613/500.jpg
31-12-2018,From 'rice bunny' to 'back up the car': China's year of censorship,"Online freedom has come under sustained assault from Beijing in 2018, with references to Xi Jinping’s new powers among the prohibited phrases",https://www.theguardian.com/world/2018/dec/31/from-rice-bunny-to-back-up-the-car-chinas-year-of-censorship,https://media.guim.co.uk/85617b46740a5818c0fa3f123049a5b0daf587f5/0_0_5333_3200/500.jpg
