date (dd-mm-yyyy),webTitle,short_description,webUrl,imageUrl
01-01-2021,"Cancel New Year's Eve parties as Covid loves a crowd, urge UK officials",Government launches information campaign encouraging people to see in 2021 at home,https://www.theguardian.com/world/2020/dec/31/cancel-new-years-eve-parties-as-covid-loves-a-crowd-urge-uk-officials,https://media.guim.co.uk/09ad4007b1c8af4f8e0e2c9575dcdfc0e0d9a93b/0_111_3500_2101/500.jpg
02-01-2021,Dr Anthony Fauci says US will not delay second doses of Covid vaccine,American infectious disease expert disagrees with UK’s plans to prioritise first doses,https://www.theguardian.com/world/2021/jan/02/dr-anthony-fauci-says-us-will-not-delay-second-doses-of-covid-vaccine,https://media.guim.co.uk/99c86bc20d5c9c8d2f98ce26f06778f205245371/0_65_2816_1690/500.jpg
03-01-2021,Testing of 3D-printed Covid face guards and UV air treatment win Australian funding,"‘This is a rapidly scalable, customised technology that could quickly and feasibly be utilised around the world,’ Greg Hunt says",https://www.theguardian.com/world/2021/jan/03/testing-of-3d-printed-covid-face-guards-and-uv-air-treatment-win-australian-funding,https://media.guim.co.uk/919d7e874e21d5154b3cb9163fbee4a3067791df/0_100_3965_2380/500.jpg
04-01-2021,New Zealand tightens border again amid fears over new Covid variant,Travellers from UK and US now required to test negative before departure and take an extra test on arrival as ‘extra precautionary steps’ ,https://www.theguardian.com/world/2021/jan/04/new-zealand-tightens-border-again-amid-fears-over-new-covid-strain,https://media.guim.co.uk/7604d83c036ea9ee2843d9a6661fd5b89174931d/0_154_4617_2770/500.jpg
05-01-2021,European Medicines Agency 'not ready' to approve Moderna vaccine – as it happened,This blog is now closed. We’ve launched a new blog at the link below: ,https://www.theguardian.com/world/live/2021/jan/04/coronavirus-live-news-us-deaths-pass-350000-as-india-authorises-two-vaccines,https://media.guim.co.uk/ba92e1fe7b45fdd4d10f45693359f30d8c3ef998/0_208_6278_3769/500.jpg
06-01-2021,Life without Covid: the nations that have sidestepped the pandemic so far,"A handful of countries – most of them islands, most of them remote – remain coronavirus-free, but life has not remained wholly unchanged",https://www.theguardian.com/world/2021/jan/06/life-without-covid-the-nations-that-have-sidestepped-the-pandemic-so-far,https://media.guim.co.uk/b1c8ae09f2f77683648cd80c0f72272d1bc34ece/24_0_3767_2262/500.jpg
07-01-2021,"New Zealand's housing market soars, with record prices for second month in a row","Average price hits NZ$788,967, an increase of 2.6% – amid 6.1% growth in 2020’s final quarter",https://www.theguardian.com/world/2021/jan/07/new-zealands-housing-market-soars-with-record-prices-for-second-month-in-a-row,https://media.guim.co.uk/aaa78475114abf0b6ba316752c31a60cfb8dbd5a/0_20_3000_1800/500.jpg
08-01-2021,New Zealand: woman dies after suspected shark attack near Auckland,"Kaelah Marlow, 19, was fatally injured while swimming off Waihi Beach",https://www.theguardian.com/world/2021/jan/08/new-zealand-woman-dies-after-suspected-shark-attack-near-auckland,https://media.guim.co.uk/0c9f88e237c9ecde95c4397701f7d90eb8510862/0_186_1969_1182/500.jpg
09-01-2021,Derbyshire police to review lockdown fines after walkers given £200 penalties,Two friends were ‘surrounded’ officers and each given a fine for driving five miles to a beauty spot,https://www.theguardian.com/uk-news/2021/jan/09/covid-derbyshire-police-to-review-lockdown-fines-after-walkers-given-200-penalties,https://media.guim.co.uk/bf1d3e04b32f6f7792e4f3a38563528cd6047ad0/0_189_5705_3425/500.jpg
10-01-2021,"UK deaths surpass 80,000 after 1,035 recorded - as it happened","Shijiazhuang, Hebei’s capital, on alert; US reports 290,000 cases and 3,676 deaths in 24 hours as Australia changes rules for hotel quarantine",https://www.theguardian.com/world/live/2021/jan/09/us-records-highest-daily-increase-in-cases-brisbane-under-lockdown-as-single-case-reported-in-australia,https://media.guim.co.uk/c040e8dabb0c3517a514e678200ee880605df319/0_355_6647_3990/500.jpg
11-01-2021,Headteachers in England forced to ration on-site lockdown learning,Survey suggests almost 50% of school leaders forced to choose which students have most need,https://www.theguardian.com/world/2021/jan/11/headteachers-in-england-forced-to-ration-on-site-lockdown-learning,https://media.guim.co.uk/8c7c370ec78ef661ee6781b58abbdfd7dcdecb05/544_539_2928_1756/500.jpg
12-01-2021,"New Zealand records seventh-hottest year, with extreme weather more likely","It has been nearly four years since New Zealand experienced a month with below-average temperatures, researchers say",https://www.theguardian.com/world/2021/jan/12/new-zealand-records-seventh-hottest-year-with-extreme-weather-more-likely,https://media.guim.co.uk/d48434da71a91370c98d38213af62efb9633a9b7/0_320_5400_3240/500.jpg
13-01-2021,Ukraine asks EU for vaccine help – as it happened,This blog is now closed. We’ve launched a new blog at the link below: ,https://www.theguardian.com/world/live/2021/jan/12/coronavirus-live-news-who-warns-no-herd-immunity-in-2021-moderna-says-vaccine-immunity-lasts-a-year,https://media.guim.co.uk/68a75b44fff83916006ba8e3ed6e90f0e522450a/0_71_6048_3630/500.jpg
14-01-2021,Labour to educate members on history of Good Friday agreement,Shadow Northern Ireland secretary wants to highlight party’s role in securing peace while in government,https://www.theguardian.com/world/2021/jan/14/labour-to-educate-members-on-history-of-good-friday-agreement,https://media.guim.co.uk/6d85c7dc1e48980652b59d7bf9718d294efb2429/1_78_1130_678/500.jpg
15-01-2021,Immunity passports could be the ticket to help reopen international borders | Anthony Gardiner,"Though questions remain that still need answering, there are encouraging signs that proof of immunity to Covid-19 could help people return to normality",https://www.theguardian.com/world/commentisfree/2021/jan/15/immunity-passports-could-be-the-ticket-to-help-reopen-international-borders,https://media.guim.co.uk/a64287cbb0401dab1493479534118163fb0370c2/0_22_1735_1041/500.jpg
16-01-2021,Global report: coronavirus death toll reaches 2 million,‘Heart-wrenching milestone’ says UN chief; China reports 130 new cases in flare-up; India starts mass vaccination campaign,https://www.theguardian.com/world/2021/jan/15/global-coronavirus-death-toll-reaches-2-million-people,https://media.guim.co.uk/3df6b440570c74fddf401a22340a23f9758fae3c/0_267_4000_2400/500.jpg
17-01-2021,"France's Covid toll passes 70,000 – as it happened",Death toll reaches 2 million people; UK shuts travel corridors and requires negative tests to enter; German vaccine officials forced to guess who is eligible from names,https://www.theguardian.com/world/live/2021/jan/16/coronavirus-live-news-global-death-toll-passes-milestone-as-emirates-cancels-australian-flights-live,https://media.guim.co.uk/4db7324ce2c9ffe26c93aee1281d68775b4edc85/0_153_4601_2760/500.jpg
18-01-2021,Bolsonaro rival hails Covid vaccinations as 'triumph of science against denialists',São Paulo governor João Doria takes aim at Brazil’s president after his state beat federal authorities to secure first coronavirus vaccines,https://www.theguardian.com/world/2021/jan/18/bolsonaro-rival-hails-covid-vaccinations-as-triumph-of-science-against-denialists,https://media.guim.co.uk/1f13cc77b484a78d24e919b7cda91116fcb3b3f3/0_119_2713_1628/500.jpg
19-01-2021,International arrivals to New Zealand must return negative Covid test before flight,"Australia, Antarctica and most Pacific Islands exempt from new requirement, but 14-day quarantine still applies to all travellers",https://www.theguardian.com/world/2021/jan/19/international-arrivals-to-new-zealand-must-return-negative-covid-test-before-flight,https://media.guim.co.uk/24e657538b0c6a82e28de3475eb2947552b17ebb/80_0_5005_3004/500.jpg
20-01-2021,"Talking can spread Covid as much as coughing, says research",Tiny aerosols of the virus emitted when speaking linger in air for longer than larger droplets from a cough,https://www.theguardian.com/world/2021/jan/20/talking-can-spread-covid-as-much-as-coughing-says-research,https://media.guim.co.uk/4e69eaca0212ae8186cd5804e5b922bbc7215e8e/0_113_4928_2956/500.jpg
21-01-2021,"Covid cases may have stopped falling, major English survey shows","Tests from 142,000 people suggest level of infections stable or rising slightly after recent falls",https://www.theguardian.com/world/2021/jan/21/covid-cases-may-have-stopped-falling-major-english-survey-shows,https://media.guim.co.uk/4a738b1983257be12a29db0e87dab1b9319f8a49/0_396_6048_3628/500.jpg
22-01-2021,New Zealand eagle rays astonish aquarium with mystery births,Scientists say pups may be result of asexual reproduction or that rays may have stored sperm from last encounter with males,https://www.theguardian.com/world/2021/jan/22/new-zealand-eagle-rays-astonish-aquarium-with-mystery-births,https://media.guim.co.uk/0e67e7eadf1b5419f793046cb77bbb880a639c72/59_0_1687_1012/500.jpg
23-01-2021,Summer holidays cancelled? UK faces big decision on border,"Stricter controls appear likely, with government’s approach in stark contrast to that during first Covid wave<br>",https://www.theguardian.com/world/2021/jan/23/summer-holidays-cancelled-uk-faces-big-decision-on-border,https://media.guim.co.uk/5cf82b7be32e15628a58dce5acb167ab13945b97/0_199_4957_2976/500.jpg
24-01-2021,Spain's defence chief quits over alleged vaccination queue-jumping – as it happened, This blog is now closed. We’ve launched a new blog at the link below: <br> ,https://www.theguardian.com/world/live/2021/jan/23/coronavirus-live-news-uk-variant-fears-while-western-australia-to-relax-border-rules,https://media.guim.co.uk/a025a84033e8024155c309f157a47126e41e77f4/0_516_5842_3505/500.jpg
25-01-2021,"New Zealand Covid case appears to be South African variant, officials say",Testing and genome sequencing sheds more light on outbreak at quarantine hotel in Auckland,https://www.theguardian.com/world/2021/jan/25/new-zealand-covid-case-appears-to-be-south-african-variant-officials-say,https://media.guim.co.uk/0c4244e3f6b31ab7e9c9edb21720d3a468679536/0_182_5472_3283/500.jpg
26-01-2021,Wuhan doctor: China authorities stopped me sounding alarm on Covid,Medic at heart of original outbreak tells BBC documentary staff were not allowed to wear masks despite concern about human transmissionCoronavirus – latest updatesSee all our coronavirus coverage,https://www.theguardian.com/world/2021/jan/26/wuhan-doctor-china-authorities-stopped-me-sounding-alarm-on-covid,https://media.guim.co.uk/ad2ca0e4a4280393ecb72d658b2fcbed30e717a9/0_796_5133_3082/500.jpg
27-01-2021,'Seen all this before': Tourism NZ says ditch influencer shots for something new,"No more lavender fields or mountain tops please, urges agency in effort to stop people ‘travelling under the social influence’ ",https://www.theguardian.com/world/2021/jan/27/seen-all-this-before-tourism-nz-says-ditch-influencer-shots-for-something-new,https://media.guim.co.uk/7f8373960c260774c74d9de1833e26ca62f51b9e/0_240_5854_3513/500.jpg
28-01-2021,Covid-19 cases in England 'must fall to ease NHS pressure',Imperial College study notes decline in week to 22 January but fall is slower than in first national lockdown,https://www.theguardian.com/world/2021/jan/28/covid-cases-in-england-must-fall-faster-to-ease-nhs-pressure,https://media.guim.co.uk/7f26e3f831037932ff7ffd3a33c63000359678e6/0_276_4134_2480/500.jpg
29-01-2021,Paris hospitals to suspend jabs next week – as it happened,UK has ordered 60m doses of Novavax jab; French health authority says only enough doses left for second shots from 2 February,https://www.theguardian.com/world/live/2021/jan/28/coronavirus-live-news-who-says-covid-war-can-be-won-white-house-predicts-90000-more-deaths-by-march,https://media.guim.co.uk/f11e07da540e6d8732acf6dca7bbe12f4110532b/0_0_3500_2101/500.jpg
30-01-2021,‘Doing a great job’: Johnson hails parents for efforts in lockdown,PM pens letter recognising ‘unique challenges’ faced by those looking after children during the pandemic,https://www.theguardian.com/world/2021/jan/30/boris-johnson-hails-parents-for-efforts-in-covid-lockdown,https://media.guim.co.uk/be89f90c9d2a1f7ab2758b1afa3268250ff6535f/0_232_3500_2101/500.jpg
31-01-2021,Coronavirus live news: UK and EU agree to 'reset' after vaccine fiasco; Iran imposes two-week quarantine for travellers from Europe,This blog is now closed. We’ve launched a new blog at the link below,https://www.theguardian.com/world/live/2021/jan/30/coronavirus-live-news-eu-vaccine-export-shortages-brexit-astrazeneca-pfizer-european-union-vaccination-uk-australia,https://media.guim.co.uk/eeddb38bf7eb7abc814ae007e6b66f10f7234651/0_217_5849_3509/500.jpg
01-02-2021,Hundreds arrested in Belgium and Hungary protests – as it happened,This blog is now closed. We’ve launched a new blog at the link below: ,https://www.theguardian.com/world/live/2021/jan/31/coronavirus-live-news-germany-threatens-legal-action-over-vaccine-delays-nsw-marks-14-days-of-no-cases,https://media.guim.co.uk/ed809999e3aefc4386dd7ac624875f9d073a990c/0_51_3898_2338/500.jpg
02-02-2021,Germany sends healthcare workers to Portugal – as it happened,This blog is now closed. We’ve launched a new blog at the link below: ,https://www.theguardian.com/world/live/2021/feb/01/coronavirus-live-news-eu-wants-70-of-adults-vaccinated-by-end-of-summer-israel-extends-covid-lockdown,https://media.guim.co.uk/6eacf94618b9f4873af22eb48878d8b0db69bdfd/0_170_5906_3543/500.jpg
03-02-2021,New Caledonia government falls apart over nickel deal and independence push,Thierry Santa’s multi-party government collapses a few months after narrow referendum vote to remain within French republic,https://www.theguardian.com/world/2021/feb/03/new-caledonia-government-falls-over-nickel-deal-and-independence-push,https://media.guim.co.uk/57b863985848507aafc3d0592befd8cfb6fa5ea9/0_181_4123_2474/500.jpg
04-02-2021,"EU leaders risking their people's health with UK vaccine attacks, says expert – as it happened",This blog is now closed. We’ve launched a new blog at the link below: ,https://www.theguardian.com/world/live/2021/feb/03/coronavirus-live-news-who-warns-vaccine-nationalism-will-spawn-new-covid-mutations,https://media.guim.co.uk/43601bebdfb0deafb8b24c4647b4b16044b15779/0_421_7185_4311/500.jpg
05-02-2021,International travel 'biggest factor in death rate' – as it happened,French prime-minister defends slow rollout of vaccine; Study finds a million international arrivals associated with 3.4% increase in Covid deaths,https://www.theguardian.com/world/live/2021/feb/04/coronavirus-live-news-canada-has-secured-nearly-10-vaccine-doses-per-person-us-deaths-pass-450000,https://media.guim.co.uk/d8e51bc83c0ea7f2682f5be85bce2a052b36e824/0_359_3732_2238/500.jpg
06-02-2021,"New Zealand celebrates Waitangi Day with dawn service, bacon butties",Thousands of Kiwis turn out early to mark 181st anniversary of founding document,https://www.theguardian.com/world/2021/feb/06/new-zealand-celebrates-waitangi-day-with-dawn-service-bacon-butties,https://media.guim.co.uk/c88c1f917496a4c02460e78b0b1ce20778ecfa0d/0_150_4520_2713/500.jpg
07-02-2021,Marise Payne calls in Myanmar ambassador after Australian adviser to Aung Sun Suu Kyi detained,Foreign affairs minister says Australian government ‘deeply concerned’ about reports Sean Turnell has been detained in Myanmar ,https://www.theguardian.com/world/2021/feb/07/marise-payne-calls-in-myanmar-ambassador-after-australian-adviser-to-aung-sun-suu-kyi-detained,https://media.guim.co.uk/5dc5bcbcf42dd428a3c5a1956f06938977532388/0_384_5760_3456/500.jpg
08-02-2021,"Ebola virus kills woman in Democratic Republic of Congo, health ministry says","Case near city of Butembo comes nearly three months after the end of an outbreak in the western province of Équateur, which killed 55",https://www.theguardian.com/world/2021/feb/08/ebola-virus-kills-woman-in-democratic-republic-of-congo-health-ministry-says,https://media.guim.co.uk/7c4d8215d103f11e8a160addddb5ee4a5d196413/0_120_3600_2160/500.jpg
09-02-2021,"Keep £20 a week universal credit Covid top-up, MPs urge","Failure to extend support for at least a year would increase poverty to 1980s level, cross-party group says",https://www.theguardian.com/world/2021/feb/09/keep-universal-credit-covid-top-up-mps-urge,https://media.guim.co.uk/99a27fe163ced41e22ae08fccb18e6790539b626/0_596_5126_3076/500.jpg
10-02-2021,Elton John and Michael Caine star in video to promote Covid vaccination,The NHS England video aims to encourage all people in high priority groups to book an appointment ,https://www.theguardian.com/world/2021/feb/10/elton-john-and-michael-caine-star-in-video-to-promote-covid-vaccination,https://media.guim.co.uk/e5412ed672d6a15bf3a93f3a90e3c66daf96792d/0_0_2363_1418/500.jpg
11-02-2021,Israel to open leisure facilities to vaccinated – as it happened,WHO recommends AstraZeneca jab ‘even if variants present’; Israel to open hotels and gyms to those who have had vaccine or recovered from virus. This blow is now closed ,https://www.theguardian.com/world/live/2021/feb/10/coronavirus-live-news-annual-vaccine-may-be-needed-says-jj-chief-spain-tops-3m-cases,https://media.guim.co.uk/0b4f32a533a18b5a04dd90962b7f48c769c39030/0_60_3072_1843/500.jpg
12-02-2021,"New Zealand Covid vaccines to arrive one month early, border staff to be inoculated next week",Jacinda Ardern says vaccination of the wider population will begin in the second half of the year,https://www.theguardian.com/world/2021/feb/12/new-zealand-covid-vaccines-to-arrive-one-month-early-border-staff-to-be-inoculated-next-week,https://media.guim.co.uk/2859ff8ab79466f0fc69ea2cb2aa2a1e73d809b6/0_34_4428_2656/500.jpg
13-02-2021,"All hypotheses on Covid-19 origins still being investigated, says WHO boss ",Comments from Tedros Adhanom Ghebreyesus came after another WHO expert said laboratory theory was ‘extremely unlikely’,https://www.theguardian.com/world/2021/feb/13/all-hypotheses-on-covid-19-origins-still-being-investigated-says-who-boss,https://media.guim.co.uk/0315a02279645e79578b149a2f80103f729671d1/0_164_2464_1479/500.jpg
14-02-2021,Nelson urged mistress to give their baby girl 'new' smallpox vaccine,"Naval hero praises Jenner’s cowpox jab in a newly found love letter to Emma Hamilton, written as he prepared for war",https://www.theguardian.com/world/2021/feb/14/nelson-urged-mistress-to-give-their-baby-girl-new-smallpox-vaccine,https://media.guim.co.uk/d8baee1b8d7a65680eed0d2cda025d9e17c57bde/0_205_1909_1145/500.jpg
15-02-2021,MPs urge government to spell out economic and health impacts of easing lockdown,Treasury select committee says doing so would help businesses and public understand pros and cons,https://www.theguardian.com/world/2021/feb/15/mps-urge-government-to-spell-out-economic-and-health-impacts-of-easing-lockdown,https://media.guim.co.uk/bbaba38c5135afa1a7aa0740b903413f5feb2360/0_0_3500_2100/500.jpg
16-02-2021,British soldiers sacked for being gay can get their medals back ,Campaigners say veterans should also get compensation for injustice they suffered and pensions restored ,https://www.theguardian.com/world/2021/feb/16/british-soldiers-sacked-for-being-gay-can-get-their-medals-back,https://media.guim.co.uk/bf0edb44222101c5afd4f2ceaefff6c80413c059/0_237_2565_1539/500.jpg
17-02-2021,Auckland lockdown to end despite three new cases of Covid-19 ,Jacinda Ardern said she does not believe community transmission is widespread ,https://www.theguardian.com/world/2021/feb/17/new-zealand-reports-two-new-cases-of-covid-19-community-transmission,https://media.guim.co.uk/31a2758a2b90acb2314de267ffd38c6b6a932450/0_85_3000_1800/500.jpg
18-02-2021,Covid infections in England fall by two-thirds but most widespread among young,Experts urge care over opening schools as children aged 5-12 now in one of most common groups for virus,https://www.theguardian.com/world/2021/feb/18/covid-infections-in-england-fall-by-two-thirds-but-spreading-fastest-among-young,https://media.guim.co.uk/8a7710bf87b578811f345c622f22c5de520a4d3b/0_323_5074_3045/500.jpg
19-02-2021,European countries seeing public resistance to AstraZeneca vaccine – as it happened,This blog is now closed. We’ve launched a new blog at the link below: ,https://www.theguardian.com/world/live/2021/feb/18/coronavirus-live-news-un-says-130-countries-have-not-received-a-single-vaccine-dose,https://media.guim.co.uk/cb7015cac459e3cb940d7a2d6f065eddf7eefa3f/0_84_3500_2101/500.jpg
20-02-2021,Coronavirus: Ireland reports three cases of Brazilian variant; Italian police investigate fake vaccines — as it happened ,Study shows 12-week gap between doses is more effective than six-week gap; Israeli scientists find transmission greatly reduced after Pfizer jabs,https://www.theguardian.com/world/live/2021/feb/19/coronavirus-live-news-global-weekly-cases-lowest-since-october-biden-to-pledge-4bn-to-covax-scheme,https://media.guim.co.uk/aeb870995d05258ffb1a596ac7d0b467d2bb5456/0_16_6000_3601/500.jpg
21-02-2021,"Coronavirus: UK should donate vaccines to poorer nations now, says new WTO chief; French cities facing tougher lockdowns",Boris Johnson makes pledge ahead of ‘roadmap’ announcement on Monday; Micheál Martin rules out reopening hospitality sector soon,https://www.theguardian.com/world/live/2021/feb/20/coronavirus-two-die-amid-lockdown-protests-in-gabon-italian-police-investigate-fake-covid-vaccines,https://media.guim.co.uk/a806a0ee5ec05cac45ff243ca1fa75fa02ec3d27/0_192_5760_3456/500.jpg
22-02-2021,Jacinda Ardern pays tribute as Christchurch commemorates earthquake victims,"A minute’s silence was observed at 12.51pm, exactly 10 years after the quake struck the New Zealand city",https://www.theguardian.com/world/2021/feb/22/christchurch-earthquake-anniversary-jacinda-ardern-pay-tribute-new-zealand-earthquake-victims,https://media.guim.co.uk/34a50236590d7b62f48a7e9927d187fa3733d215/0_546_8192_4918/500.jpg
23-02-2021,France Six Nations match may be postponed as hospitalisations rise – as it happened,This blog is now closed. We’ve launched a new blog at the link below: ,https://www.theguardian.com/world/live/2021/feb/22/coronavirus-live-news-us-death-toll-nears-500000-uk-roadmap-out-of-lockdown-revealed,https://media.guim.co.uk/cd665a8638f69ef503f4db90c3fba0b4cdfb9464/0_0_2748_1649/500.jpg
24-02-2021,Auckland high school closes again after third student tests positive for Covid,"Papatoetoe, one of New Zealand’s biggest high schools, closes its gates again after three locally transmitted cases",https://www.theguardian.com/world/2021/feb/24/auckland-high-school-closes-again-after-third-student-tests-positive-for-covid,https://media.guim.co.uk/03b145bd8723318f47518634cf7dacde1e51818d/0_0_3000_1801/500.jpg
25-02-2021,Sailor survives for 14 hours in Pacific Ocean by clinging to abandoned buoy,"Vidam Perevertilov, a supply ship engineer, fell overboard between New Zealand and the isolated British territory of Pitcairn",https://www.theguardian.com/world/2021/feb/25/sailor-survives-for-14-hours-in-pacific-ocean-by-clinging-to-abandoned-buoy,https://media.guim.co.uk/db7d7acc82873f78c08fc91375b45179e08140a2/31_0_1328_797/500.jpg
26-02-2021,"Sir Michael Somare, Papua New Guinea's 'Father of the Nation', dies aged 84",PNG’s Grand Chief led the country to independence in 1975 and served four terms as prime minister,https://www.theguardian.com/world/2021/feb/26/sir-michael-somare-papua-new-guineas-father-of-the-nation-dies-aged-84,https://media.guim.co.uk/a783d430d0dd6c6f24b18319d21a5255150dba6b/0_34_3656_2194/500.jpg
27-02-2021,Greece extends lockdowns; Johnson & Johnson jab 'to get EU approval' – as it happened,Greece announced tighter measures as pandemic showed no signs of waning in the country; EMA expected to approve vaccine on 11 March,https://www.theguardian.com/world/live/2021/feb/26/coronavirus-live-news-france-may-impose-regional-lockdowns-south-korea-starts-vaccinations,https://media.guim.co.uk/a6d7d6c868f7ea31f7faf7826d1a0b8ea20bd1f7/0_152_3500_2101/500.jpg
28-02-2021,"UK cases at five-month low; Brazil sees fifth day of more than 1,300 deaths – as it happened","Italy announces further restrictions; UK records 290 deaths and 7,434 cases - follow all the day’s news as it happens",https://www.theguardian.com/world/live/2021/feb/27/coronavirus-live-news-uk-will-face-enormous-strains-says-chancellor-new-zealand-pm-says-auckland-to-go-into-lockdown-for-seven-days,https://media.guim.co.uk/fc9e470cd8121598f0be5879cc8989a5dfca6881/0_155_3500_2101/500.jpg
01-03-2021,Supporters of detained Saudi princess call for UK to help secure release,<strong>Exclusive: </strong>letters to Dominic Raab and Lady Scotland say Princess Basmah requires urgent medical treatment,https://www.theguardian.com/world/2021/mar/01/supporters-of-detained-saudi-princess-call-for-uk-to-help-secure-release,https://media.guim.co.uk/4547f429354369aa03e7a671a9d0a7d008321817/5_264_4026_2416/500.jpg
02-03-2021,"Coronavirus crisis unlikely to be over by the end of the year, WHO warns",Dr Michael Ryan says Covid-19 is ‘very much in control’ as global infections rise for first time in almost two months,https://www.theguardian.com/world/2021/mar/02/coronavirus-crisis-unlikely-to-be-over-by-the-end-of-the-year-who-warns,https://media.guim.co.uk/6c9b892ff017863e1f1fbaf1ef58afb44650453f/0_49_2342_1405/500.jpg
03-03-2021,Girls doing more housework in Covid lockdown than boys,"Young women are becoming trapped in traditional roles at home and neglecting education, finds charity",https://www.theguardian.com/world/2021/mar/03/girls-doing-more-housework-in-covid-lockdown-than-boys,https://media.guim.co.uk/e6498eaa1dc89e9a2fb133e9b24c4608c209a68f/0_56_5308_3185/500.jpg
04-03-2021,England's Covid rate decline slowing with possible increase in some areas - study,Matt Hancock urges public to follow rules as Imperial College London data shows the decline in infection has slowed,https://www.theguardian.com/world/2021/mar/04/decline-in-uk-covid-rates-slowing-with-possible-increase-in-some-areas-study,https://media.guim.co.uk/029eaaaba3ccaab761c0eb5690dc44125eb472de/0_173_4755_2853/500.jpg
05-03-2021,Cyprus to allow fully vaccinated British tourists – as it happened,This blog is now closed. We’ve launched a new blog at the link below: ,https://www.theguardian.com/world/live/2021/mar/04/coronavirus-live-news-covid-death-rates-10-times-higher-in-countries-where-most-adults-overweight,https://media.guim.co.uk/5141bd1fc03f19cfc8002e7e54d88aee010987fc/0_16_3500_2100/500.jpg
06-03-2021,Coronavirus live: Italy toughens curbs in more regions as cases increase; WHO warns against hastily easing measures – as it happened,Italy warns of rapid spread of new cases; WHO chief warns of third and fourth surges if curbs eased too fast,https://www.theguardian.com/world/live/2021/mar/05/coronavirus-live-news-who-wuhan-mission-uk-investigating-new-covid-variant,https://media.guim.co.uk/d61cf1edbea5ca0563b46feddf2f8f831fd75190/0_131_3072_1843/500.jpg
07-03-2021,Mexico reports 779 more deaths; contradictory death figures in Russia – as it happened,Contradictory death figures in Russia; WHO warns against relaxing guard due to vaccines,https://www.theguardian.com/world/live/2021/mar/06/free-rapid-covid-tests-available-for-all-businesses-in-england-tibetan-leader-dalai-lama-gets-vaccine-shot,https://media.guim.co.uk/becdffe8ffeeff963dac907f0a8cfa78870c50c4/0_335_5305_3182/500.jpg
08-03-2021,"Face masks safe to use during intense exercise, research suggests",‘Limited’ cardiology research also shows mask wearing likely to reduce spread of coronavirus in indoor gyms,https://www.theguardian.com/world/2021/mar/08/face-masks-safe-intense-exercise-gyms-study-covid,https://media.guim.co.uk/081913b301f499411c2160bdc66b931c535f3db5/241_98_4261_2557/500.jpg
09-03-2021,NHS Nightingale hospitals to close from next month,The seven temporary sites were built during first wave of Covid-19 but treated few patients ,https://www.theguardian.com/world/2021/mar/09/nhs-nightingale-hospitals-to-close-from-next-month,https://media.guim.co.uk/3a8d337ea30b1fc6a208f29e8040f0a578b91999/0_427_4467_2682/500.jpg
10-03-2021,"Greece to allow tourists with vaccines, antibodies or negative tests – as it happened",This blog is now closed. We’ve launched a new blog at the link below: <br>,https://www.theguardian.com/world/live/2021/mar/09/coronavirus-live-news-pfizer-vaccine-works-on-brazil-variant-us-airlines-ask-biden-to-back-covid-travel-guidelines,https://media.guim.co.uk/478c94a30a15e50ad64c18fba527efb4ff47ed85/0_112_3500_2100/500.jpg
11-03-2021,Three stories of hope: 10 years on from Japan's triple disaster,Much has changed along the hundreds of miles of devastated coastline and the recovery is gathering pace,https://www.theguardian.com/world/2021/mar/11/three-stories-of-hope-10-years-on-from-japans-triple-disaster,https://media.guim.co.uk/bdc8da1520c8cb9fc96dc0e015fa8d843b664a81/654_326_3027_1816/500.jpg
12-03-2021,New Zealand: Jacinda Ardern criticised over timing of Auckland Covid alert change,Critics say downgrade decision should have been announced earlier to let bars and restaurants get ready as PM’s partner weighs in,https://www.theguardian.com/world/2021/mar/12/new-zealand-jacinda-ardern-criticised-over-timing-of-auckland-covid-alert-change,https://media.guim.co.uk/312b4a758d9e599cdd70a75675bfa32d9106e78d/0_235_4139_2484/500.jpg
13-03-2021,Day of reflection to be held a year after UK's Covid lockdown began,A minute’s silence will be observed at noon on 23 March to remember the thousands who have died ,https://www.theguardian.com/world/2021/mar/13/covid-day-of-reflection-year-after-uk-lockdown-began,https://media.guim.co.uk/b7bffee0af55b9b79fb262bcfc1429b0ce545030/0_24_4928_2957/500.jpg
14-03-2021,US administers first vaccine dose to more than 100m – as it happened,Follow all the day’s coronavirus news from around the world and the UK,https://www.theguardian.com/world/live/2021/mar/13/coronavirus-live-news-uk-businesses-sign-up-for-rapid-testing-scheme-surge-in-philippines-infections,https://media.guim.co.uk/644ab15b2a7e10141a2b4cd9657ee99a75fe5b24/0_77_4015_2409/500.jpg
15-03-2021,Coronavirus: report scathing on UK government's handling of data , Committee says government’s lack of sufficient explanation has placed needless strain on public confidence ,https://www.theguardian.com/world/2021/mar/15/mp-report-scathing-on-uk-goverment-handling-and-sharing-of-covid-data,https://media.guim.co.uk/24f890d938aab1ff919d4ff103bfe8c9c8e51253/0_59_8192_4918/500.jpg
16-03-2021,"Spain joins France, Germany and Italy in pausing Oxford/AstraZeneca vaccine – as it happened","European Medicines Agency says benefits of jab outweigh any risks, as Spain follows France, Italy and Germany in pausing use of vaccine",https://www.theguardian.com/world/live/2021/mar/15/coronavirus-live-news-astrazeneca-finds-no-evidence-of-blood-clot-risk-as-netherlands-suspends-vaccine,https://media.guim.co.uk/1d62f6dcd60c2e1d9fc7890b45482041b08b85de/0_541_8256_4954/500.jpg
17-03-2021,Schools Covid catch-up programme 'not reaching disadvantaged pupils',National Audit Office says less than half on scheme are from low-income homes,https://www.theguardian.com/world/2021/mar/17/schools-covid-catch-up-programme-not-reaching-disadvantaged-pupils,https://media.guim.co.uk/ca76eaada1cf2da68fed0f953fcabfbbb8985870/0_384_5760_3456/500.jpg
18-03-2021,Kovrig and Spavor: China set to begin trial of two Canadians,Canada criticises pair’s detention as ‘arbitrary’ as Beijing says trial will begin on Friday,https://www.theguardian.com/world/2021/mar/18/kovrig-and-spavor-china-set-to-begin-trial-of-two-canadians,https://media.guim.co.uk/cda1a33517a7e0f952669967690a53ca1213e70a/0_240_3600_2160/500.jpg
19-03-2021,Brazil suffers second-highest daily deaths – as it happened,This blog is now closed. We’ve launched a new blog at the link below: ,https://www.theguardian.com/world/live/2021/mar/18/coronavirus-live-news-uk-says-eu-vaccine-threat-needs-explaining-tanzania-president-dies,https://media.guim.co.uk/4bb655ba67c0792e0759ff2d62c8e8168be9e373/0_63_3072_1843/500.jpg
20-03-2021,"Coronavirus live: Parisians flee capital before midnight lockdown; Brazil records 90,570 Covid cases in 24 hours – as it happened","New restrictions begin in Paris at midnight; 2,815 Covid-19 deaths recorded in Brazil; WHO vaccine safety panel backs AstraZeneca vaccine",https://www.theguardian.com/world/live/2021/mar/19/coronavirus-live-news-european-countries-to-resume-astrazeneca-vaccinations-paris-to-start-lockdown,https://media.guim.co.uk/35affd22ebfd183847e9cab14fe251b2e0b36693/0_212_4300_2580/500.jpg
21-03-2021,Von der Leyen issues fresh warning to AstraZeneca – as it happened,This blog is now closed. We’ve launched a new blog at the link below: ,https://www.theguardian.com/world/live/2021/mar/20/coronavirus-live-cases-india-four-month-high-philippines-record-infections,https://media.guim.co.uk/27aaf3d802983f614dfb291b23def69c17f951cc/520_0_4077_2447/500.jpg
22-03-2021,"UK sets new record of 873,784 daily vaccinations – as it happened",This blog is now closed. We’ve launched a new blog at the link below: ,https://www.theguardian.com/world/live/2021/mar/21/coronavirus-live-news-french-icu-patients-at-highest-level-this-year-half-of-all-uk-adults-vaccinated,https://media.guim.co.uk/a056c9a732e9b3eee24ac44714abbd40f6680f74/0_274_5048_3029/500.jpg
23-03-2021,Dexamethasone hailed as lifesaver for up to a million Covid patients worldwide,"Results of Recovery drug trial also credited with successful treatment of 22,000 people in the UK, says NHS England",https://www.theguardian.com/world/2021/mar/23/dexamethasone-hailed-as-lifesaver-for-up-to-a-million-covid-patients-worldwide,https://media.guim.co.uk/4e8b6c04f7805f10799fe46f2c3a2b429c836401/0_224_2374_1425/500.jpg
24-03-2021,Brazil Covid crisis: fury after Bolsonaro says people will soon lead 'normal lives',Screams of ‘murderer’ and ‘liar’ in major cities as president makes televised address to the nation on deadliest day yet,https://www.theguardian.com/world/2021/mar/24/anger-in-brazil-as-bolsonaro-claims-citizens-will-soon-lead-normal-lives-as-deaths-soar-coronavirus,https://media.guim.co.uk/ffec0f77daf5c8926f0f5f1965cd5f78153568e6/0_22_3500_2100/500.jpg
25-03-2021,University of Aberdeen to return pillaged Benin bronze to Nigeria,Sculpture depicting king of African nation was looted from Benin city in 1897 in ‘extremely immoral’ manner ,https://www.theguardian.com/world/2021/mar/25/university-of-aberdeen-to-return-pillaged-benin-bronze-to-nigeria,https://media.guim.co.uk/9250c1336b025212bd81c81483a040421b4f6dc7/0_190_5711_3427/500.jpg
26-03-2021,"Mexico's death toll passes 200,000 – as it happened",Country becomes third in the world to pass grim milestone; Novavax is delaying signing its contract with EU due to raw material supply issues,https://www.theguardian.com/world/live/2021/mar/25/coronavirus-live-news-astrazeneca-to-publish-full-vaccine-trial-results-us-cases-pass-30m,https://media.guim.co.uk/49fb35ecb32f2583fb2e1ded3a9379fef2193276/1246_208_4994_2996/500.jpg
27-03-2021,"Brazil's daily death toll reaches 3,650; Spain records increase in infection rate - as it happened","Brazil’s overall death toll now more than 307,000; Spain’s infection rate rose to 138.6 per 100,000 people",https://www.theguardian.com/world/live/2021/mar/26/coronavirus-live-news-eu-demands-fair-share-of-covid-jabs-us-doubles-vaccine-target,https://media.guim.co.uk/90a0ec078f23f50fc611faafc3b7891fdf852556/0_247_4153_2492/500.jpg
28-03-2021,More than 2.5 million people in England have had second Covid jab,"One-in-three second doses were given in the last seven days, marking a new weekly high",https://www.theguardian.com/world/2021/mar/28/more-than-25-million-people-in-england-have-had-second-covid-jab,https://media.guim.co.uk/ae947314796f74f1bc4a025c045b21b3c0512163/0_186_5568_3341/500.jpg
29-03-2021,PNG government official's company awarded lucrative Covid catering contract,"Prime minister James Marape to set up investigation into AU$200,000 contract for Caring Ltd to provide catering services",https://www.theguardian.com/world/2021/mar/29/png-government-officials-company-awarded-lucrative-covid-catering-contract,https://media.guim.co.uk/37912c9a595af3849097edea9eba78242de7cacd/221_0_3322_1994/500.jpg
30-03-2021,Coronavirus live news: France ICU cases climbing rapidly; German lockdown row deepens ,"This blog is now closed. For up to date coverage of the coronavirus pandemic, head to the link below:",https://www.theguardian.com/world/live/2021/mar/29/coronavirus-live-news-england-relaxes-lockdown-as-merkel-urges-german-states-to-tighten-curbs,https://media.guim.co.uk/43548bbe05d5f8a21ccebb68aef5faf1ab40ecdc/0_155_3500_2100/500.jpg
31-03-2021,Turkey reports record daily Covid cases – as it happened,"This blog is now closed. For up to date coverage of the coronavirus pandemic, head to the link below:",https://www.theguardian.com/world/live/2021/mar/30/coronavirus-live-news-who-to-present-china-mission-findings-canada-pauses-astrazeneca-vaccine-for-under-55s,https://media.guim.co.uk/18d0938c94fc1fd6b79c99846271adccc3166334/0_35_3500_2101/500.jpg
01-04-2021,Siouxsie Wiles named New Zealander of the Year ,Scientist recognised for her leadership in fight against Covid-19 says she accepts honour on behalf of all who helped tackle pandemic,https://www.theguardian.com/world/2021/apr/01/siouxsie-wiles-named-new-zealander-of-the-year,https://media.guim.co.uk/e05c1cd861d9632a605668b40ecc80909967f8f6/157_0_4717_2830/500.jpg
02-04-2021,Sicily health chief quits over 'faked data' – as it happened,"This blog is now closed. For up to date coverage of the coronavirus pandemic, head to the link below:",https://www.theguardian.com/world/live/2021/apr/01/coronavirus-live-news-france-to-enter-month-long-covid-19-lockdown-batch-of-johnson-and-johnson-vaccine-fails-quality-control,https://media.guim.co.uk/f6a58426c182912f2fe8815b513980d44eefa167/0_82_2700_1620/500.jpg
03-04-2021,Arctic lightning strikes more likely as temperatures rise, Research reveals lightning strikes in Arctic region tripled in summer months from 2010 to 2020,https://www.theguardian.com/world/2021/apr/03/arctic-lightning-strikes-more-likely-as-temperatures-rise,https://media.guim.co.uk/ed84bd90e176c37813bc9da4b7ac2f208f46fd9a/422_0_4895_2937/500.jpg
04-04-2021,Health minister defends vaccine rollout as Queensland records no new local Covid cases ,Greg Hunt praised top health officials behind the vaccine rollout as ‘national heroes’,https://www.theguardian.com/world/2021/apr/04/queensland-records-no-new-local-covid-cases-as-peter-dutton-says-there-will-be-vaccine-rollout-hiccups,https://media.guim.co.uk/97f565cad1eff0b4d604662ecb83dd0642fda3b2/0_40_3919_2352/500.jpg
05-04-2021,Taiwan train crash: truck driver expresses 'deep remorse' over disaster,Maintenance worker issues tearful apology as investigations continue into what caused vehicle to slide down embankment,https://www.theguardian.com/world/2021/apr/05/taiwan-train-crash-truck-driver-expresses-deep-remorse-over-disaster,https://media.guim.co.uk/32c90ab02a4d1f5e280764c31b64b792af04ae57/0_0_6000_3603/500.jpg
06-04-2021,The gap between Labour's soaring rhetoric on mental health and the reality is galling | Oliver Lewis,"When it comes to mental health, New Zealand’s government has lost sight of what’s important <br>",https://www.theguardian.com/world/commentisfree/2021/apr/06/the-gap-between-nz-labours-soaring-rhetoric-on-mental-health-and-the-reality-is-galling,https://media.guim.co.uk/fcb7dabd234bab13bc011cf5b3cc5d6de1ae8700/0_125_3000_1799/500.jpg
07-04-2021,Miss Papua New Guinea stripped of her crown for TikTok twerking video,Lucy Maino faced intense online harassment over clip in incident that critics say highlights misogyny in PNG,https://www.theguardian.com/world/2021/apr/07/miss-papua-new-guinea-png-stripped-of-her-crown-for-tiktok-twerking-video,https://media.guim.co.uk/571400e5f4fdf94bdebbee8c7b96b65020c7f5ea/0_237_2200_1320/500.jpg
08-04-2021,‘Broken promise’: Pike River families urge minister to continue mission to recover victims,Families say they were ‘blindsided’ by last week’s announcement and that many opposed it,https://www.theguardian.com/world/2021/apr/08/new-zealand-pike-river-families-urge-minister-to-continue-mission-to-recover-victims,https://media.guim.co.uk/04585140366b1b2cee439a5735e7e3910e5ac54c/0_415_7680_4608/500.jpg
09-04-2021,New Zealand suspension of travel from India questioned amid fears of racist backlash,Community leader says: ‘We don’t feel like a part of the “team of 5 million” when Indians are singled out like this’,https://www.theguardian.com/world/2021/apr/09/new-zealand-suspension-of-travel-from-india-questioned-amid-fears-of-racist-backlash,https://media.guim.co.uk/085f00b64ab8dbfc749c567549ef8cf2758571ae/0_315_3767_2260/500.jpg
10-04-2021,Victoria records first overseas coronavirus case since hotel quarantine overhaul,The state began accepting international arrivals on Thursday after two-month suspension caused by outbreaks linked to hotel quarantine program,https://www.theguardian.com/world/2021/apr/10/victoria-records-first-overseas-coronavirus-case-since-hotel-quarantine-overhaul,https://media.guim.co.uk/e95bd703537f1220689722a28dc7b414d5088d5e/0_184_2667_1600/500.jpg
11-04-2021,‘Accident’ at Iran’s Natanz nuclear plant as new uranium enrichment starts,"Spokesman says accident hit the Natanz electrical distribution grid, a day after Iran switched on new centrifuges",https://www.theguardian.com/world/2021/apr/11/accident-at-irans-natanz-nuclear-plant-as-new-uranium-enrichment-starts,https://media.guim.co.uk/5918218d6c75135bebf0f838befb540fcc74fcf8/0_0_2671_1604/500.jpg
12-04-2021,Ardern tells New Zealand border staff: get Covid vaccine now or be redeployed,Prime minister’s comments come after border worker diagnosed last week said to have missed two vaccine appointments,https://www.theguardian.com/world/2021/apr/12/ardern-new-zealand-border-staff-covid-vaccine,https://media.guim.co.uk/5c524c7571194bdaf64851e15f543711c8a14188/0_324_4857_2914/500.jpg
13-04-2021,Twitter advertises jobs in Ghana as it prepares to open first Africa office,Recruitment marks significant step in social media company’s plans to establish presence on continent,https://www.theguardian.com/world/2021/apr/13/twitter-advertises-jobs-in-ghana-as-it-prepares-to-open-first-africa-office,https://media.guim.co.uk/b18cad35d30d0480aa1fcf357cdbb6a32637d4f1/0_647_5184_3110/500.jpg
14-04-2021,‘His spirit lives on’: Vanuatu’s Tanna island mourns Prince Philip as its own,Villagers believe Duke of Edinburgh was born on Tanna and left it to woo and wed the Queen ,https://www.theguardian.com/world/2021/apr/14/his-spirit-lives-on-vanuatus-tanna-island-mourns-prince-philip-as-its-own,https://media.guim.co.uk/d588129a00098f39d4a3ea3ea4c3bf1bbe889988/0_255_3780_2267/500.jpg
15-04-2021,Christchurch terrorist chooses not to attend court to launch his own legal challenge,Australian gunman earlier said he wanted to start legal action over his designation as a terrorist and lack of access to news and letters,https://www.theguardian.com/world/2021/apr/15/christchurch-terrorist-court-legal-challenge-new-zealand,https://media.guim.co.uk/89196d74634b10f5cef9e0a4b186ab93eba3ebb0/692_369_3808_2285/500.jpg
16-04-2021,Beijing hit by third sandstorm in five weeks,Dust blown in from drought-hit areas to the north sends pollution soaring to twice the hazardous level ,https://www.theguardian.com/world/2021/apr/16/beijing-hit-by-third-sandstorm-in-just-over-a-month,https://media.guim.co.uk/639ab73f3fe97bcae16ce64b2a55c52f1fd40249/0_267_4000_2400/500.jpg
17-04-2021,Radical proposals to Church of England call for bishops to declare extra income,Lay member of synod says bishops should be ‘moved out of palaces’ and their salaries cut to match priests,https://www.theguardian.com/world/2021/apr/17/radical-proposals-to-church-of-england-call-for-bishops-to-declare-extra-income,https://media.guim.co.uk/3f412a32da46c76e77bbf558527258f030c65c0d/0_2_4896_2938/500.jpg
18-04-2021,US orders non-essential personnel out of Chad over fears of rebel attacks on capital,"As long-serving president Idriss Deby seems set for election win, fighting has broken out between army and rebels in country’s north",https://www.theguardian.com/world/2021/apr/18/us-orders-non-essential-personnel-out-of-chad-over-fears-of-rebel-attacks-on-capital,https://media.guim.co.uk/1bef4e07bb503bf0d7a46795db5d4f9635f5bee1/0_240_3600_2161/500.jpg
19-04-2021,Jacinda Ardern says start of trans-Tasman travel bubble is ‘truly exciting’,First flight lands in Auckland just after 12.30pm with hundreds more expected to make the Australia-New Zealand trip each week by end of April,https://www.theguardian.com/world/2021/apr/19/jacinda-ardern-heralds-very-significant-day-as-trans-tasman-travel-bubble-begins,https://media.guim.co.uk/e5ffff8e8ceaca8dbd31464828d63c0ff7ff87b5/0_158_4724_2835/500.jpg
20-04-2021,"New Zealand National MPs should stop their intrigues, changing the leadership won’t help right now | Liam Hehir","If a natural leader emerges who could obviously do better than Judith Collins, then MPs could think about replacing her",https://www.theguardian.com/world/commentisfree/2021/apr/20/national-mps-should-stop-their-intrigues-changing-the-leadership-wont-help-right-now,https://media.guim.co.uk/9420af9bc1154e5daea656afbd322c20c67a0b7c/0_338_5092_3055/500.jpg
21-04-2021,How vaccines are affecting Covid-19 outbreaks globally,"Despite their life-saving capabilities, many countries have yet to administer enough doses to reap the full benefits<br>",https://www.theguardian.com/world/ng-interactive/2021/apr/21/how-vaccines-are-affecting-covid-19-outbreaks-globally,https://media.guim.co.uk/3e632079afdae2411f4fbb5279d189dd4a2565c5/0_0_5000_3000/500.jpg
22-04-2021,Samoa election 2021: still no clear winner despite creation of new seat ,Creation of an extra seat giving government’s party the edge was counteracted when independent MP joined opposition,https://www.theguardian.com/world/2021/apr/22/samoa-election-2021-still-no-clear-winner-despite-creation-of-new-seat,https://media.guim.co.uk/529851cca48c67c5c203a8b06d0f3d5215498585/0_365_5500_3301/500.jpg
23-04-2021,New Zealand’s stance on China has deep implications for the Five Eyes alliance,"Analysis: Country has confirmed itself the weak link in the intelligence chain it joined with the US, UK, Canada and Australia",https://www.theguardian.com/world/2021/apr/23/new-zealands-stance-on-china-has-deep-implications-for-the-five-eyes-alliance,https://media.guim.co.uk/0aee8990ba353d8513e55ebe3281b1d79da42f47/180_0_2638_1582/500.jpg
24-04-2021,Fears Covid anxiety syndrome could stop people reintegrating ,"<strong>Exclusive: </strong>compulsive hygiene habits and fear of public places could remain for some after lockdown lifted, researchers say",https://www.theguardian.com/world/2021/apr/24/fears-covid-anxiety-syndrome-could-stop-people-reintegrating,https://media.guim.co.uk/483a0e40f5031b387fb0525f5b16ca5e08b953ba/0_192_5760_3456/500.jpg
25-04-2021,US promises India Covid aid after fourth straight day of record cases,Global vaccine rollout reaches one billion mark as India continues to battle overwhelming surge of cases,https://www.theguardian.com/world/2021/apr/25/global-covid-jabs-pass-billion-mark-as-indian-government-censors-critical-tweets,https://media.guim.co.uk/1d5454c58420cdf503a7d8f6799b1b2ace33a442/0_304_5861_3517/500.jpg
26-04-2021,Man jumps feet-first into moving car to stop dangerous driver in Albania  ,"Car was reversing erratically in pedestrianised city square in capital, Tirana, before dramatic leap through open window",https://www.theguardian.com/world/2021/apr/26/man-jumps-feet-first-into-moving-car-to-stop-dangerous-driver-in-albania,https://media.guim.co.uk/6e150960559b9f2786d350f58784ce122d1a59b9/95_0_1800_1080/500.jpg
27-04-2021,Two women tortured in latest sorcery-related attack in Papua New Guinea,Police have condemned the brutal attack on the women accused of witchcraft in the capital of Port Moresby,https://www.theguardian.com/world/2021/apr/27/two-women-tortured-in-latest-sorcery-related-attack-in-papua-new-guinea,https://media.guim.co.uk/1800c2a3240e71d44d8df3072d976f0a398693e9/0_128_2000_1201/500.jpg
28-04-2021,Who guards the guards? Experts call for oversight of New Zealand’s terror laws,The fiasco of the Operation 8 counter-terror operation in 2007 looms over new laws and how police judge who or what poses a threat,https://www.theguardian.com/world/2021/apr/28/who-guards-the-guards-experts-call-for-oversight-of-new-zealands-terror-laws,https://media.guim.co.uk/85081f529bd4ccc458f334e41d148b9bd5f11711/0_148_4481_2690/500.jpg
29-04-2021,‘We wanted to scare them’: the brothers who fought back against Myanmar’s army,"Three months after the coup, four brothers tell how they joined protesters fighting the junta before fleeing for the border",https://www.theguardian.com/world/2021/apr/29/we-wanted-to-scare-them-the-brothers-who-fought-back-against-myanmars-army,https://media.guim.co.uk/48077751b53d9b0869d0d76e627ec30210776a20/0_40_3365_2019/500.jpg
30-04-2021,‘World’s longest pedestrian suspension bridge’ opens in Portugal,Structure at Arouca Geopark spans 516 metres and hangs 175 metres above the river Paiva in north of the country,https://www.theguardian.com/world/2021/apr/29/worlds-longest-pedestrian-suspension-bridge-opens-in-portugal,https://media.guim.co.uk/7246f974d60cef95f495bd367f7a0070d408510c/0_233_3500_2101/500.jpg
01-05-2021,Sumo wrestler dies one month after suffering head injury in Japan,"Hibikiryu, 28, landed awkwardly during a bout in March and was later treated for a spinal injury",https://www.theguardian.com/world/2021/apr/30/sumo-wrestler-dies-one-month-after-suffering-a-concussion-in-japan,https://media.guim.co.uk/a9e3aab70ca431d804506ff6c9440bfa6569a7b5/0_322_5760_3456/500.jpg
02-05-2021,Stand up to China and Putin? Foreign policy at heart of Germany vote,Green and CDU party leaders pick their sides in race to replace Merkel as chancellor,https://www.theguardian.com/world/2021/may/02/stand-up-to-china-and-putin-foreign-policy-at-heart-of-germany-vote,https://media.guim.co.uk/2b88671f538710752ad0e2dcb0898422ca1a9baa/0_0_4500_2700/500.jpg
03-05-2021,"New Zealand’s differences with China becoming ‘harder to reconcile’, Jacinda Ardern says",Prime minister has been coming under pressure from allies to take a tougher approach towards country’s largest trading partner,https://www.theguardian.com/world/2021/may/03/new-zealands-differences-with-china-becoming-harder-to-reconcile-jacinda-ardern-says,https://media.guim.co.uk/53522395d8ad33a385936d90a59788301e294b13/0_184_3500_2100/500.jpg
04-05-2021,New Zealand moves on from ‘wellbeing budget’ to focus on Covid recovery ,"Grant Robertson foreshadows 20 May announcement with speech outlining focus on economy, housing affordability, climate change and children",https://www.theguardian.com/world/2021/may/04/new-zealand-moves-on-from-wellbeing-budget-to-focus-on-covid-recovery,https://media.guim.co.uk/c67969dc7fabfa4bea2e53d2368c0e2f86117139/0_271_4064_2439/500.jpg
05-05-2021,North Korea faces economic ruin amid food and medicine shortages,Country’s economy battered by more than a year of border restrictions imposed after the coronavirus outbreak,https://www.theguardian.com/world/2021/may/05/north-korea-economic-crisis-food-and-medicine-shortages-covid,https://media.guim.co.uk/3c803f9974fe072f5d54fb113f2db9745e4440f5/0_200_3000_1800/500.jpg
06-05-2021,Judith Collins’ comments on Māori health policy are a diversion | Claire Robinson,National leader’s warning about greater Māori self-governance are designed to deflect from her unpopularity ,https://www.theguardian.com/world/2021/may/06/judith-collins-comments-on-maori-health-policy-are-a-diversion,https://media.guim.co.uk/d8b339e7989e56221bec39772751a615d9fc6ff9/0_180_5400_3240/500.jpg
07-05-2021,New Zealand man threatened with prosecution over penis pothole drawings,Geoff Upson says he has drawn about 100 penises around potholes in a bid to force his local council to fix them,https://www.theguardian.com/world/2021/may/07/new-zealand-man-threatened-with-prosecution-over-penis-pothole-drawings,https://media.guim.co.uk/38e01e53122dd18606445c5124485a0c4ba8a7d1/0_103_1000_600/500.jpg
08-05-2021,Zulu queen’s will designates Prince Misuzulu as heir,Succession battle in South Africa takes latest turn after king and queen both died within less than two months,https://www.theguardian.com/world/2021/may/08/zulu-queens-will-designates-prince-misuzulu-as-heir,https://media.guim.co.uk/e32d2c9111558c1499b51da97bdfd42572aab7dd/0_0_500_300/master/500.jpg
09-05-2021,Myanmar junta labels opposition government of ousted MPs a ‘terrorist’ group ,"Coup leaders ban opposition national unity government, and contact with them, as they seek to quell ongoing protests",https://www.theguardian.com/world/2021/may/09/myanmar-junta-opposition-government-mps-terrorist-group,https://media.guim.co.uk/82fee0beaf1248594b902b1774deeff6d9c6bee8/0_232_3500_2100/500.jpg
10-05-2021,‘The next decade will be all about heat’: can Athens head off climate crisis?,Mayor overseeing a green regeneration in city where temperatures can already surpass 40C,https://www.theguardian.com/world/2021/may/10/heat-athens-climate-crisis-mayor,https://media.guim.co.uk/015dfc186b5f89893582044f72579ff7081fa176/2054_599_3101_1861/500.jpg
11-05-2021,‘We are living in a war zone’: violence flares in West Papua as villagers forced to flee,"Hundreds of Indonesian soldiers have been deployed to West Papua in the past month, and journalists and activists have been targeted",https://www.theguardian.com/world/2021/may/11/we-are-living-in-a-war-zone-violence-flares-in-west-papua-as-villagers-forced-to-flee,https://media.guim.co.uk/196605d7fc21688b85b08435d9c97edd28ca6df7/0_253_5238_3143/500.jpg
12-05-2021,British troops were twice as likely to be killed in Afghanistan as US forces,"Exclusive: Costs of War study looked losses suffered by Nato allies over 2001-17, finding UK lost 455 lives ",https://www.theguardian.com/world/2021/may/12/british-troops-were-twice-as-likely-to-be-killed-in-afghanistan-as-us-forces,https://media.guim.co.uk/de6f3f87fbf1dd53367a0d93460ef2a8aa09daa5/0_227_4018_2408/500.jpg
13-05-2021,Ardern faces calls to boost child poverty spending in budget amid glacial progress,"Data released on Thursday shows too many children are still living in damp and mouldy homes, and with families who run out of food",https://www.theguardian.com/world/2021/may/13/ardern-new-zealand-budget-child-poverty-spending,https://media.guim.co.uk/76635f39595cfbf25f97cc74682087e010c3015f/321_714_4383_2630/500.jpg
14-05-2021,Samoa is experiencing a bloodless coup. The Pacific’s most stable democracy is in trouble | Fiona Ey,The government’s actions after last month’s elections call democracy into question and sets a dangerous precedent for developing nations,https://www.theguardian.com/world/2021/may/14/samoa-is-experiencing-a-bloodless-coup-the-pacifics-most-stable-democracy-is-in-trouble,https://media.guim.co.uk/67c2734036778f1ce886244007c17ef4f840a8bb/0_0_4000_2401/500.jpg
15-05-2021,"Second pandemic year to be deadlier than first, warns WHO – as it happened",WHO chief asks countries to donate jabs instead of vaccinating children; India variant behind Germany decision ,https://www.theguardian.com/world/live/2021/may/14/coronavirus-live-news-japan-prefectures-to-declare-emergency-calls-for-surge-vaccinations-in-uk,https://media.guim.co.uk/8749489c192dbea53d6bbaaf533c25fe48347394/0_31_5066_3040/500.jpg
16-05-2021,Secret history: the warrior women who fought their enslavers,Historian Rebecca Hall works with a graphic artist in her new book to reclaim the stories of the female rebels on ships and plantations,https://www.theguardian.com/world/2021/may/16/secret-history-the-warrior-women-who-fought-their-enslavers,https://media.guim.co.uk/8381984ba0d8d93eb5e3d4b683fe8981b010b741/833_6855_6189_3711/500.jpg
17-05-2021,Suez Canal starts work to extend double lane after Ever Given grounding,Grounding of the container ship in a southern section of the canal in March delayed the passage of hundreds of vessels through the waterway,https://www.theguardian.com/world/2021/may/17/suez-canal-starts-work-to-extend-double-lane-after-ever-given-grounding,https://media.guim.co.uk/5148c818be68a79b82a45ebc61d3ba1f7c742522/0_141_5939_3564/500.jpg
18-05-2021,Tuesday briefing: ‘Fantastic’ – vaccines take effect in nearly 100% of people,Vaccines also help alleviate long Covid symptoms … Biden expresses support for ceasefire between Israel and Hamas … and the cult of the perfect mother,https://www.theguardian.com/world/2021/may/18/tuesday-briefing-vaccines-effect,https://media.guim.co.uk/dca2958583a310fbbbdca174d1cdd3866be2749f/0_267_4000_2400/500.jpg
19-05-2021,Tokyo’s restaurateurs rail against alcohol ban as Covid measures bite,Owners of izakayas in the Shimbashi district of Japan’s capital are facing an existential threat,https://www.theguardian.com/world/2021/may/19/tokyo-alcohol-ban-covid-lockdown-izakayas-shimbashi,https://media.guim.co.uk/946835006613c4908ab049c34ee9e859bcad339f/0_297_4676_2805/500.jpg
20-05-2021,Stench of death pervades rural India as Ganges swells with Covid victims,Stigma and cost of wood leave families with no choice but to immerse their dead in river ,https://www.theguardian.com/world/2021/may/20/stench-death-pervades-rural-india-ganges-swells-covid-victims,https://media.guim.co.uk/99dd503e9fbde61f20d0d667b1f07d57a8185876/73_579_2247_1348/500.jpg
21-05-2021,Elderly man has wrong leg amputated at Austrian clinic,Freistadt Clinic apologises for ‘tragic mistake’ which local media said the patient did not initially recognise because of his illness,https://www.theguardian.com/world/2021/may/21/elderly-man-has-wrong-leg-amputated-at-austrian-clinic,https://media.guim.co.uk/613308ab1de648b5ab239aa141b642023face31c/0_332_5468_3281/500.jpg
22-05-2021,Rise of Isis means Boko Haram’s decline is no cause for celebration,Analysis: reported death of Boko Haram’s leader will increase the influence of Islamic State affiliates,https://www.theguardian.com/world/2021/may/22/rise-isis-means-boko-haram-decline-no-cause-celebration,https://media.guim.co.uk/0c4497cf0339d92e38fc9c24f71ba6b96ba79836/54_140_3040_1825/500.jpg
23-05-2021,Coalition expects 2m doses of Pfizer Covid vaccine a week by beginning of October ,Greg Hunt says travellers returning to Australia may have to undergo two tests before boarding flights home,https://www.theguardian.com/world/2021/may/23/coalition-expects-2m-doses-of-pfizer-covid-vaccine-a-week-by-beginning-of-october,https://media.guim.co.uk/4ef906fcb01feed6cb3133376617f500367aa537/757_72_4180_2508/500.jpg
24-05-2021,New Zealand hospital faces second week of disruption after major cyber attack,"It is not clear who carried out last week’s attack on Waikato hospital, which downed computers and phone lines",https://www.theguardian.com/world/2021/may/24/new-zealand-hospital-cyber-attack-waikato-disruption,https://media.guim.co.uk/c2941b64c84dd2755c3b4abcea2b358fc57bbe9a/0_0_5967_3581/500.jpg
25-05-2021,India police visit Twitter offices after BJP tweet flagged as manipulated media,Move in Delhi comes after tweet by spokesperson of the ruling Hindu-nationalist party was tagged as ‘manipulated media’,https://www.theguardian.com/world/2021/may/25/india-police-twitter-offices-bjp-tweet-flagged-manipulated-media,https://media.guim.co.uk/a01bbbaf3faa79de7665f6de81979d66d442055b/25_30_3049_1831/500.jpg
26-05-2021,‘Please save him’: Belarus blogger’s parents urge action as Biden mulls sanctions,"Parents of Raman Pratasevich fear for his life, as mother of girlfriend Sofia Sapega says she was not involved in politics",https://www.theguardian.com/world/2021/may/26/belarus-bloggers-parents-raman-pratasevich-sofia-sapega-biden-sanctions-ryanair-flight,https://media.guim.co.uk/756f7c98755143800a6567429722f08be25b3a40/0_0_2500_1500/500.jpg
27-05-2021,Ana becomes first storm of the Atlantic hurricane season,Storm forms before official start of season and largely down to higher sea temperature due to climate change,https://www.theguardian.com/world/2021/may/27/weatherwatch-ana-becomes-first-storm-of-the-atlantic-hurricane-season,https://media.guim.co.uk/4468e9bd6d05ecb3c248c8dfa46dadb5e1b4b289/0_381_5792_3475/500.jpg
28-05-2021,China and deportations policy likely to overshadow Morrison-Ardern talks,Differences on China and an Australian deportation policy that disproportionately affects New Zealanders may mar talks,https://www.theguardian.com/world/2021/may/28/scott-morrison-jacinda-ardern-talks-australia-new-zealand-china-and-deportations-policy,https://media.guim.co.uk/97a4c88892486173060232981ae5e0504a150e25/0_40_3500_2101/500.jpg
29-05-2021,‘From hearsay to hard evidence’: are UFOs about to go mainstream?,Unidentified aerial phenomena are getting serious attention on TV and from Barack Obama and Marco Rubio and next month the Pentagon is set to release a major declassified analysis,https://www.theguardian.com/world/2021/may/29/ufos-uap-america-pentagon-report,https://media.guim.co.uk/5d7a881b9b55fd455d71a80f7b6b0955475ee3e6/0_133_3500_2100/500.jpg
30-05-2021,Kumbh Mela: how a superspreader festival seeded Covid across India,Millions attended Kumbh Mela as India’s second coronavirus wave began,https://www.theguardian.com/world/2021/may/30/kumbh-mela-how-a-superspreader-festival-seeded-covid-across-india,https://media.guim.co.uk/6670876b6e6c1e58f9551a75a65836ebeb8158f3/0_0_3500_2100/500.jpg
31-05-2021,Have you convinced your Australian family or friends to get the Covid vaccine? ,Guardian Australia wants to hear from readers who have convinced someone worried or skeptical about the vaccines to go ahead and get the jab,https://www.theguardian.com/world/2021/may/31/have-you-convinced-your-australian-family-or-friends-to-get-the-covid-vaccine,https://media.guim.co.uk/8e790a4cd6b613cb2fc70ae58a38688053070aae/0_120_4344_2606/500.jpg
01-06-2021,Rise of armed civilian groups in Myanmar fuels fears of full-scale civil war,Dozens of grassroots people’s defence forces have emerged to take on brutal military ,https://www.theguardian.com/world/2021/jun/01/rise-of-armed-civilian-groups-in-myanmar-fuels-fears-of-civil-war,https://media.guim.co.uk/d9d5d9e908f68b1d051d4528ac1c86b01f54c470/0_358_5408_3247/500.jpg
02-06-2021,Israeli opposition parties face midnight deadline to form government,Yair Lapid’s 28-day mandate to forge majority and end Netanyahu’s time as PM ends on Wednesday<br>,https://www.theguardian.com/world/2021/jun/02/israeli-opposition-parties-face-midnight-deadline-to-form-government,https://media.guim.co.uk/8d1d90fb3591fd5b924bf94e1dc1dd1a1fddb56d/0_358_4000_2400/500.jpg
03-06-2021,Naftali Bennett: Israel’s far-right prime minister in waiting,Former leader of Jewish settler group is infamous for making incendiary comments about the Palestinians ,https://www.theguardian.com/world/2021/jun/03/naftali-bennett-israel-far-right-palestinians,https://media.guim.co.uk/607685b0f827e07bad93023a1cbdc7d8d8832b0f/319_163_5013_3009/500.jpg
04-06-2021,Delta variant of Covid found in West Melbourne family who travelled to NSW,"West Melbourne family who travelled to NSW south coast confirmed to have Delta variant, the predominant coronavirus variant in India",https://www.theguardian.com/world/2021/jun/04/delta-variant-of-covid-found-in-west-melbourne-family-who-travelled-to-nsw,https://media.guim.co.uk/58f8789bf91f7030c22bfb7d24ea3f93577a552e/0_138_5568_3341/500.jpg
05-06-2021,Turkey experiments with cannabis crops to boost hemp production,"While cannabis remains taboo topic, economic crisis means Turkey is trialling hemp for industrial use",https://www.theguardian.com/world/2021/jun/05/turkey-experiments-with-cannabis-crops-to-boost-hemp-production,https://media.guim.co.uk/2d7b41b6661a29d0465583360601a64b09902a32/0_0_2736_1642/500.jpg
06-06-2021,Asylum seekers in Napier barracks ‘face blacklist threat for speaking out’,Residents in the Home Office facility claim they have been told their applications will be ‘impaired’ if they talk to the media,https://www.theguardian.com/world/2021/jun/06/asylum-seekers-in-napier-barracks-face-blacklist-threat-for-speaking-out,https://media.guim.co.uk/25ce37265d4e5fa0ea49f9875b87de0be1882276/0_112_3500_2100/500.jpg
07-06-2021,England reopening ‘could be delayed’; Israel begins vaccinating 12-16s – as it happened,"Latest updates: cases reported since yesterday up by over 2,000 from 3,111 last Sunday; WHO official says people must learn to live with Covid",https://www.theguardian.com/world/live/2021/jun/06/coronavirus-live-news-tony-blair-greater-freedoms-fully-vaccinated-uk-matt-hancock-covid-latest-updates,https://media.guim.co.uk/baf23e0c964fbfad0f1003bfde4d168eae622e9f/0_19_2500_1500/500.jpg
08-06-2021,Ratko Mladić to hear final ruling on genocide conviction,Hague court to rule on 10 offences for which ex-Bosnian Serb commander was given life sentence in 2017,https://www.theguardian.com/world/2021/jun/08/ratko-mladic-to-hear-final-ruling-on-genocide-conviction,https://media.guim.co.uk/07bc316ec948d5983187756a89ed55a034e8c3f0/0_0_3264_1960/500.jpg
09-06-2021,Ardern says climate crisis is ‘life or death’ as New Zealand landmark report calls for sweeping changes,"Climate Commission recommends shift to electric cars, large-scale agricultural reform and an end to reliance on gas in homes ",https://www.theguardian.com/world/2021/jun/09/jacinda-ardern-climate-crisis-life-or-death-landmark-report-new-zealand-electric-cars-farms,https://media.guim.co.uk/7b56dd1cd5b7ae508dcd085bb5cdc73a0e6af422/0_0_6000_3600/500.jpg
10-06-2021,Acropolis now: Greeks outraged at concreting of ancient site,Installation of new pathway and lift has been criticised by archaeologists and called ‘a scandal’,https://www.theguardian.com/world/2021/jun/10/acropolis-now-greeks-outraged-at-concreting-of-ancient-site,https://media.guim.co.uk/419914a3cf6db5923e3cbbf9f8c3799193b4c504/398_837_2538_1523/500.jpg
11-06-2021,Cold war or uneasy peace: does defining US-China competition matter?,Many are beginning to fear the world may soon be caught in the crossfire between Beijing and Washington,https://www.theguardian.com/world/2021/jun/11/cold-war-or-uneasy-peace-does-defining-us-china-competition-matter,https://media.guim.co.uk/08f22f774d1a2783b2777a8aefb0f2b991f88255/0_0_5000_3000/500.jpg
12-06-2021,Spain’s right unites in fury as PM considers Catalan pardons,Rightwing parties condemn prime minister’s call to work for ‘co-existence’ with separatists ,https://www.theguardian.com/world/2021/jun/12/spain-right-unites-fury-sanchez-considers-catalan-pardons,https://media.guim.co.uk/2a78010e657828663d6a7f5b75ca8861ee06b7c6/0_180_5426_3258/500.jpg
13-06-2021,Factory workers making goods for the west bear brunt of virus surge in south-east Asia,Migrant labourers tell of being forced to isolate in brutal conditions as Covid wave grips region,https://www.theguardian.com/world/2021/jun/13/factory-workers-making-goods-for-the-west-bear-brunt-of-virus-surge-in-south-east-asia,https://media.guim.co.uk/3f244ca2f8bb312fbacfa47ac00cec3ece89ed08/0_167_5000_2999/500.jpg
14-06-2021,Christchurch attacks: producer resigns from film They Are Us as criticism grows,Jacinda Ardern says subject still feels ‘very raw’ amid ongoing accusations that film sidelines Muslim victims of 2019 massacre,https://www.theguardian.com/world/2021/jun/14/christchurch-attacks-producer-resigns-film-they-are-us-jacinda-ardern-criticism,https://media.guim.co.uk/e1435cf5a8408cf0757585bf643a132e2c73e791/314_302_2417_1450/500.jpg
15-06-2021,"One in five people in parts of EU pay bribes for healthcare, survey finds",Corruption report says third of EU residents used personal connections to access care during Covid crisis,https://www.theguardian.com/world/2021/jun/15/one-in-five-people-in-parts-of-eu-pay-bribes-for-healthcare-survey-finds,https://media.guim.co.uk/8daf588a6eaa9a8dc1e9dd25accb808fd73abb0b/0_0_3500_2102/500.jpg
16-06-2021,‘People have an over-attachment to their cars’: where is Auckland transport going?,Aucklanders are driving more than ever and it’s bad for their health – but efforts to get them out of their cars are failing,https://www.theguardian.com/world/2021/jun/16/auckland-transport-roads-cars-cycling-congestion-new-zealand,https://media.guim.co.uk/085a229c9026cc8e045aeb1155d57aab26062ac0/0_132_5000_3001/500.jpg
17-06-2021,‘Locals don’t like this job’: New Zealand’s aged care sector fears immigration reform,Plan to focus on skilled migrants leaves sector concerned they will not be able to staff care homes,https://www.theguardian.com/world/2021/jun/17/locals-dont-like-this-job-new-zealands-aged-care-sector-fears-immigration-reform,https://media.guim.co.uk/78483d761a2a51c898ed3ff98b8d78ef52b6f412/0_179_5887_3533/500.jpg
18-06-2021,‘People didn’t listen’: Julie Douib’s killing sparks fight against femicide in France,She told police 10 times her ex-partner would kill her – and finally he did,https://www.theguardian.com/world/2021/jun/18/julie-douibs-killing-sparks-fight-against-femicide-in-france,https://media.guim.co.uk/da63932eb756b3ad1d741caf3f096655aa8f886c/0_450_4318_2591/500.jpg
19-06-2021,One person killed after suspected tornado hits Auckland,"The storm struck the suburb of Papatoetoe, causing extensive damage to homes",https://www.theguardian.com/world/2021/jun/19/new-zealand-tornado-death-auckland,https://media.guim.co.uk/ffeb828aebc6dc15a4769b752df1bf2148c38663/0_400_6000_3600/500.jpg
20-06-2021,He pledged unity. But now PM hopes to tighten grip on war-torn Ethiopia,"Elections this week could give PM even greater power, despite a regional conflict and a ‘man-made’ humanitarian crisis",https://www.theguardian.com/world/2021/jun/20/he-pledged-unity-but-now-pm-hopes-to-tighten-grip-on-war-torn-ethiopia,https://media.guim.co.uk/8881ad19d9cab2b6e0338300edb02806433bac9e/0_192_3500_2100/500.jpg
21-06-2021,‘Mistakes need to be dealt with’: anger in South Africa as third wave hits,Cyril Ramaphosa’s government has been criticised for its slow reaction and faltering vaccination programme,https://www.theguardian.com/world/2021/jun/21/mistakes-need-to-be-dealt-with-anger-in-south-africa-as-third-wave-hits,https://media.guim.co.uk/21bd74b66d8b72eb059081a9ebebe55fb5cca959/0_363_4032_2419/500.jpg
22-06-2021,Spanish government set to pardon nine Catalan independence leaders,Prime minister says controversial decision opposed by many Spaniards will ‘open path to reconciliation’,https://www.theguardian.com/world/2021/jun/22/spanish-government-pardon-nine-jailed-catalan-independence-leaders,https://media.guim.co.uk/82d74c318fd20d000b8a13d0990c0960f19729d1/807_713_2693_1616/500.jpg
23-06-2021,Northern English cities faced ‘avalanche’ of debt during Covid – study,Richer neighbourhoods in southern England saved £12 for every £1 saved by those in poorer areas,https://www.theguardian.com/world/2021/jun/22/northern-english-cities-faced-avalanche-of-debt-during-covid-study,https://media.guim.co.uk/966a208d05c02150b3a89023f31b787065150417/0_167_5120_3073/500.jpg
24-06-2021,Jacinda Ardern’s global news presence was a powerful weapon – until it wasn’t | Danyl Mclauchlan,The international media’s adulation of the New Zealand prime minister has complicated her challenges at home,https://www.theguardian.com/world/2021/jun/24/jacinda-arderns-global-news-presence-was-a-powerful-weapon-until-it-wasnt,https://media.guim.co.uk/178041cb1328fa6707a69707407463a67e92935f/0_316_5000_3001/500.jpg
25-06-2021,New Zealand moves to toughen hate speech laws in wake of Christchurch attacks,Justice minister says allowing people to continue to spread hatred could lead to a repeat of mosque terror attacks,https://www.theguardian.com/world/2021/jun/25/new-zealand-moves-to-toughen-hate-speech-laws-in-wake-of-christchurch-attacks,https://media.guim.co.uk/86e8e2c6afce1312156d90884ac30b55557d0679/0_109_5000_3002/500.jpg
26-06-2021,‘I don’t have a choice’: Russians scramble to get Covid vaccine amid new restrictions,"With infections at highest since January, country is introducing curbs for non-vaccinated",https://www.theguardian.com/world/2021/jun/26/i-dont-have-a-choice-russians-scramble-to-get-covid-vaccine-amid-new-restrictions,https://media.guim.co.uk/db72a32dea35a90ed48121cd5ffa5099afb7cee3/434_474_3841_2304/500.jpg
27-06-2021,‘I could hardly hold back the tears’: a diary of Apple Daily’s last week,A reporter from the 26-year-old Hong Kong newspaper describes its final days,https://www.theguardian.com/world/2021/jun/27/i-could-hardly-hold-back-the-tears-a-diary-of-apple-dailys-last-week,https://media.guim.co.uk/f1c75b1108e977d878d22f0dfb7e6c2f0f5e4f4d/0_202_3500_2101/500.jpg
28-06-2021,Luxembourg PM ‘tests positive for Covid’ – as it happened,This blog is closed. ,https://www.theguardian.com/world/live/2021/jun/27/coronavirus-live-news-covid-vaccine-latest-updates,https://media.guim.co.uk/8c5c08a23e4a3448a5f263410968a49cd926f6bc/0_157_3500_2100/500.jpg
29-06-2021,Nigerian government threatens to rein in press after Twitter ban,Government could determine code of conduct for journalists under plans criticised as ‘deeply disturbing’,https://www.theguardian.com/world/2021/jun/29/nigerian-government-threatens-to-rein-in-press-after-twitter-ban,https://media.guim.co.uk/ab8e64b2a335b4c8799d51bcf4c60cc6a0b1e4ab/0_85_4000_2401/500.jpg
30-06-2021,Sexual assault has been an epidemic in New Zealand high schools for years. Maybe now adults are listening | Catherine McFedries,"My old high school in Christchurch has had the guts to listen to the reality that too many of us have girlhood stories of being groped, objectified or worse",https://www.theguardian.com/world/2021/jun/30/sexual-assault-has-been-an-epidemic-in-high-schools-for-years-maybe-now-adults-are-listening,https://media.guim.co.uk/0d83aebe25fd9791cf330c9611aa5dcbc6a7f877/162_175_2621_1572/500.jpg
01-07-2021,British Columbia sees 195% increase in sudden deaths during Canada heatwave ,Chief coroner says more than 300 deaths could be attributed to the extreme temperatures,https://www.theguardian.com/world/2021/jul/01/british-columbia-sees-195-increase-in-sudden-deaths-during-canada-heatwave,https://media.guim.co.uk/ee79fb4ccdcec538685495de680cd7e06ac7e69e/0_134_6620_3970/500.jpg
02-07-2021,Indonesia triples oxygen supplies as Covid-19 outbreak worsens,Hospitals in Jakarta unable to cope with demand as Delta variant accounts for more than 60% of cases,https://www.theguardian.com/world/2021/jul/02/indonesia-triple-oxygen-supplies-covid-19-outbreak-worsen-delta-variant,https://media.guim.co.uk/cdf4645004a66298126a977600ca11bf27552fee/0_280_6720_4032/500.jpg
03-07-2021,Record heatwave may have killed 500 people in western Canada,British Columbia reports jump in number of ‘sudden and unexpected deaths’ and links them to extreme weather,https://www.theguardian.com/world/2021/jul/02/canada-heatwave-500-deaths,https://media.guim.co.uk/1fc0a1b3efa94d2f065a6d84c12e10d1bdab58bf/0_0_6669_4001/500.jpg
04-07-2021,Rescuers search for survivors in Japanese town hit by deadly landslide,Twenty people are still missing and two are dead after houses were obliterated in the mudslide,https://www.theguardian.com/world/2021/jul/03/landslide-hits-popular-resort-town-in-japan-leaving-more-than-a-dozen-people-missing,https://media.guim.co.uk/6820f5c7023804253161be73615d440fa0978d7d/0_177_2048_1229/500.jpg
05-07-2021,Death toll from military plane crash in Philippines rises to 50,"The passenger death toll from the crash was 47, officials said, and three civilians on the ground were also killed",https://www.theguardian.com/world/2021/jul/04/military-plane-crashes-in-philippines-with-survivors-pulled-from-burning-wreckage,https://media.guim.co.uk/0e953e7f87cc072a42a1519a68ca9930dd0518c9/0_67_854_512/500.jpg
06-07-2021,‘Masking for trouble’: what the papers say about Johnson lifting Covid restrictions,Prime minister’s announcement that most coronavirus rules will be scrapped is dissected by the press,https://www.theguardian.com/world/2021/jul/06/masking-for-trouble-what-the-uk-papers-say-about-johnson-lifting-covid-restrictions,https://media.guim.co.uk/dee55b05578c8f7b58c9853a89120d9fcb492eea/0_0_2500_1500/500.jpg
07-07-2021,Victims allegedly tortured by New Zealand psychiatrist fear time is running out for justice,"<strong>Warning: graphic content </strong>Around 200 people told a royal commission they were abused by Dr Selwyn Leeks and others at Lake Alice psychiatric hospital in the 1970s, allegations Leeks has denied",https://www.theguardian.com/world/2021/jul/07/victims-allegedly-tortured-by-new-zealand-psychiatrist-fear-time-is-running-out-for-justice,https://media.guim.co.uk/6f45848dbdeb6f7abc4c8c312252911710d20766/0_239_7076_4244/500.jpg
08-07-2021,Haiti president Jovenel Moïse assassinated by ‘armed commando group’,Arrests made after prime minister says attackers posed as members of the US Drug Enforcement Agency,https://www.theguardian.com/world/2021/jul/07/haiti-president-jovenel-moise-reportedly-assassinated,https://media.guim.co.uk/c07b6557450672c341c5f2c93ab73eae917227e3/587_122_2299_1379/500.jpg
09-07-2021,Currency and control: why China wants to undermine bitcoin,"Beijing’s crackdown on cryptocurrencies has captured headlines, while behind the scenes its reserve bank set up its own digital currency",https://www.theguardian.com/world/2021/jul/09/currency-and-control-why-china-wants-to-undermine-bitcoin,https://media.guim.co.uk/782b71299d0d77d3dc6d0af14e29515b59b81049/0_283_4251_2551/500.jpg
10-07-2021,No kick from shampanskoye: new law falling flat at upscale Moscow bars ,Drinkers are unimpressed by Putin’s ruling that only Russian bubbly passes the test while French bottles must be labelled ‘sparkling wine’,https://www.theguardian.com/world/2021/jul/10/shampanskoye-moscow-wine-bars-defiant-over-bubbly-law-french-champagne-labelled-sparkling-vladimir-putin,https://media.guim.co.uk/6c3d1b27446915976d88cba9bec16c0551c845b8/0_166_3723_2235/500.jpg
11-07-2021,‘Cyber-attack’ hits Iran’s transport ministry and railways,Message boards in train stations show cancellations though rail operator denies disruptions,https://www.theguardian.com/world/2021/jul/11/cyber-attack-hits-irans-transport-ministry-and-railways,https://media.guim.co.uk/d5842fb8b43c3b06d20bf866254048b9fe6f8ebe/0_267_4000_2400/500.jpg
12-07-2021,"Monday briefing: penalties, pain … and pride",‘Heartbreaking’ loss to Italy end dreams of Euro glory … Johnson to announce end of remaining Covid restrictions … and the charms of Cumbria,https://www.theguardian.com/world/2021/jul/12/monday-briefing-euro-final,https://media.guim.co.uk/a079a1450313a49a435343c762e948f45d74bcb7/0_178_5353_3212/500.jpg
13-07-2021,EU prepares sanctions against Lebanon leaders a year after Beirut blast,"Almost one year since Beirut blast, Lebanon is still headed by caretaker government",https://www.theguardian.com/world/2021/jul/13/eu-lebanon-sanctions-a-year-after-beirut-port-blast,https://media.guim.co.uk/c008862c2ff0ff6b66a8cb3e198dee3c119e11ac/0_138_2048_1229/500.jpg
14-07-2021,‘They got out of hand’: Auckland street wrestles with fate of 400 pet rabbits,"After years of complaints from neighbours and concerns about house prices, hundreds of rabbits in a suburban garden had to go ‘by any means necessary’",https://www.theguardian.com/world/2021/jul/14/they-got-out-of-hand-auckland-street-wrestles-with-fate-of-400-pet-rabbits,https://media.guim.co.uk/bb8b939fa9d487c5d6450ae45f39f2d179e0b292/155_289_3410_2046/500.jpg
15-07-2021,Vigilante groups form in South Africa amid looting and violence ,"Citizens warned not to take law into own hands to protect property, as government plans to deploy 25,000 more troops",https://www.theguardian.com/world/2021/jul/14/vigilante-groups-form-south-africa-tackle-looting-violence,https://media.guim.co.uk/f4efc67d1bb384463c6bc82d050816df7b97846c/0_46_3000_1800/500.jpg
16-07-2021,Western US and Canada brace for another heatwave as wildfires spread,"Fires in US have burned about 1,553 sq miles, with the next heatwave expected to start on Saturday",https://www.theguardian.com/world/2021/jul/15/heatwave-us-west-canada-wildfires,https://media.guim.co.uk/f10e89d45e231bfbb18a9c42a255a1bd8f2c68f4/0_355_5325_3195/500.jpg
17-07-2021,Thailand bans public gatherings as Covid cases hit record high,More restrictions are being considered as the country battles its worst outbreak yet,https://www.theguardian.com/world/2021/jul/17/thailand-bans-public-gatherings-as-covid-cases-hit-record-high,https://media.guim.co.uk/5d1760b6dab6ca176ee8fef470d063e7c9aabcc3/0_104_6048_3627/500.jpg
18-07-2021,‘Tell those stories’: Kurds call for torture prison to be turned into place of healing,Plans to turn Diyarbakır prison into a ‘cultural centre’ spark fears of whitewashing Kurdish struggle,https://www.theguardian.com/world/2021/jul/18/tell-those-stories-kurds-call-for-torture-prison-to-be-turned-into-place-of-healing,https://media.guim.co.uk/4b8f8eda38d1979f1d5c62cf68e3fc861f2e7e60/0_39_4178_2506/500.jpg
19-07-2021,New Zealand west coast hit by heavy floods after month of rain falls in one weekend,"Heavy rain caused slips, rivers to break their banks, and more than 2,000 residents to be evacuated",https://www.theguardian.com/world/2021/jul/19/new-zealand-west-coast-hit-by-heavy-floods-after-month-of-rain-falls-in-one-weekend,https://media.guim.co.uk/7889e21f99a25fd7d0392b41da0268a7e7f8eeb8/0_65_1961_1177/500.jpg
20-07-2021,New Zealand and China clash after west condemns ‘malicious’ cyber activity,"Chinese embassy hits back, calling criticism ‘groundless and irresponsible’ and urging Wellington to ‘abandon the cold war mentality’",https://www.theguardian.com/world/2021/jul/20/new-zealand-and-china-clash-after-west-condemns-malicious-cyber-activity,https://media.guim.co.uk/045c84b3f83715bf803cb5db77ff27b2ccb2b03d/0_338_6016_3610/500.jpg
21-07-2021,"New Zealand falls for stranded baby orca, but dilemma looms over ‘life support’","Time could be running out for killer whale named Toa, who has charmed the nation but depends on round-the-clock care to stay alive",https://www.theguardian.com/world/2021/jul/21/new-zealand-falls-for-stranded-baby-orca-but-dilemma-looms-over-life-support,https://media.guim.co.uk/54bef2cbf19c9e482110b8c8f7f1bf4ed8da8153/0_0_1514_909/500.jpg
22-07-2021,Biden says children under 12 could be eligible for Covid vaccines within months,President urges Americans to take ‘gigantically important’ step of getting vaccinated amid surging cases,https://www.theguardian.com/world/2021/jul/21/us-covid-vaccines-children-under-12-biden,https://media.guim.co.uk/5859f496a45bc21fa4fe73f1212447c46dde748d/0_0_3500_2100/500.jpg
23-07-2021,Bougainville health minister and family lost at sea after boat sinks off Papua New Guinea,"Six people missing after boat sank just 150 metres from Nissan Island, with lone survivor swimming 15 kilometres to neighbouring island",https://www.theguardian.com/world/2021/jul/23/bougainville-health-minister-and-family-lost-at-sea-after-boat-sinks-off-papua-new-guinea,https://media.guim.co.uk/f2ea10e5c9d0ee8c7ffb88b74144449f537f5696/0_0_6000_3600/500.jpg
24-07-2021,‘I felt I existed in this world’: TikTok gives a voice to Turkey’s labourers,"Workers have become unlikely stars of the video app, while revealing harsh conditions",https://www.theguardian.com/world/2021/jul/24/tiktok-gives-voice-turkey-labourers-factory-workers,https://media.guim.co.uk/196dcfaf297ecff931e3d6af3c9fbd3dc32491cf/60_0_1800_1080/500.jpg
25-07-2021,"‘Very saddened’: Toa, the orphaned baby orca that enthralled New Zealand, is buried",Orca cared for by hundreds of volunteers and experts in bitter cold after becoming separated from its pod two weeks ago,https://www.theguardian.com/world/2021/jul/25/orca,https://media.guim.co.uk/54bef2cbf19c9e482110b8c8f7f1bf4ed8da8153/0_0_1514_909/500.jpg
26-07-2021,New Zealand agrees to repatriate suspected Isis member who grew up in Australia,Jacinda Ardern said it was the ‘right step’ to allow return of woman and her children from Turkey,https://www.theguardian.com/world/2021/jul/26/new-zealand-agrees-to-repatriate-suspected-isis-member-who-grew-up-in-australia,https://media.guim.co.uk/7e1dbbbaafdcd0a65a63caa726de9a4cdc2736a0/0_99_2347_1409/500.jpg
27-07-2021,Thailand’s hospitals under pressure as Covid crisis deepens,Doctors forced to treat patients in car parks while others turned away as no beds available,https://www.theguardian.com/world/2021/jul/27/thailands-hospitals-under-pressure-as-covid-crisis-deepens,https://media.guim.co.uk/618d7fd2fef3383656e690ca5a75fd51751aad3f/0_175_6048_3628/500.jpg
28-07-2021,Olympic fever as Hidilyn Diaz wins Philippines’ first ever gold medal,Filipino weightlifter becomes a national hero despite once facing accusations of plotting against president Rodrigo Duterte,https://www.theguardian.com/world/2021/jul/28/olympic-fever-as-hidilyn-diaz-wins-philippines-first-ever-gold-medal,https://media.guim.co.uk/9a2b13cd2083498e159e314fd49a0b96462fe7e9/48_0_1480_888/500.jpg
29-07-2021,‘Extraordinary profits’: New Zealand considers breaking up supermarket duopoly,"Report finds the country’s main grocers, Woolworths and Foodstuffs, make huge profits compared with their international counterparts",https://www.theguardian.com/world/2021/jul/29/extraordinary-profits-new-zealand-considers-breaking-up-supermarket-duopoly-woolworths-foodstuffs,https://media.guim.co.uk/e8292cbe06cea1bf1c066e374353c5760c93c623/0_275_8256_4954/500.jpg
30-07-2021,‘No place in modern New Zealand’: government signals conversion practices ban,Proposed legislation would make it an offence to perform conversion practices on anyone aged under 18,https://www.theguardian.com/world/2021/jul/30/no-place-in-modern-new-zealand-government-signals-conversion-practices-ban,https://media.guim.co.uk/08334b13429ad3bd28975e097454e2c11ebce88c/0_133_3000_1800/500.jpg
31-07-2021,Father hopes to reopen case of British woman who disappeared 20 years ago,Louise Kerton went missing in 2001 after travelling to stay with her boyfriend’s family in Germany,https://www.theguardian.com/world/2021/jul/31/father-hopes-to-reopen-case-of-british-woman-who-disappeared-20-years-ago,https://media.guim.co.uk/57d1b2b59f08f4f8af876504ed8335e1ac0bc9f9/0_90_1965_1180/500.jpg
01-08-2021,America mulls vaccine mandates – will they work?,Experts say mandates could be a logical step to contain the spread of the virus as cases of the Delta variant rise,https://www.theguardian.com/world/2021/aug/01/coronavirus-vaccine-mandates-us-covid,https://media.guim.co.uk/5e31a309f33b2a7652f3bbbc9343c099d1c61552/0_408_6117_3670/500.jpg
02-08-2021,New Zealand commission launches inquiry into ‘massive human rights failure’ on housing,"Crisis has been marked by escalating rents, high rates of homelessness and substandard conditions",https://www.theguardian.com/world/2021/aug/02/new-zealand-commission-launches-inquiry-into-massive-human-rights-failure-on-housing,https://media.guim.co.uk/1e860a50aabfe66b749a6e2bb03fe26a02f9bb22/0_91_3063_1838/500.jpg
03-08-2021,Dozens of bodies found floating in river between Ethiopia’s Tigray and Sudan,Witnesses report some of the corpses had gunshot wounds or their hands tied amid escalating conflict in the region in recent weeks,https://www.theguardian.com/world/2021/aug/03/dozens-of-bodies-found-floating-in-river-between-ethiopias-tigray-and-sudan,https://media.guim.co.uk/bbabf1b93f528ec9cb02cabc5fbb7398fb997cbd/222_24_2728_1637/500.jpg
04-08-2021,Ardern’s popularity stumbles on New Zealand’s slow road to vaccination ,Polls this week suggest the glacial speed of the Covid vaccine rollout is starting to affect support for the government,https://www.theguardian.com/world/2021/aug/04/ardern-labour-popularity-stumbles-on-new-zealand-slow-road-to-vaccination,https://media.guim.co.uk/a341ae665baa144df16ca9c3655a6971394260dc/0_195_4922_2955/500.jpg
05-08-2021,US disputes WHO call to delay Covid booster shots to help poorer nations,The World Health Organization wants a moratorium on booster shots in order to vaccinate at least 10% of the world by September,https://www.theguardian.com/world/2021/aug/05/us-disputes-who-call-to-delay-covid-booster-shots-to-help-poorer-nations,https://media.guim.co.uk/e68c6ad4cd1d345a847ec5b6210425f59729ba85/310_37_4555_2733/500.jpg
06-08-2021,Queensland Covid update: ‘very encouraging’ results as state records 10 new cases,Brisbane’s latest coronavirus cases are household contacts linked to the Indooroopilly cluster as state considers easing lockdown on Sunday,https://www.theguardian.com/world/2021/aug/06/queensland-covid-update-very-encouraging-results-as-state-records-10-new-cases,https://media.guim.co.uk/d4247835fe37f30b1a0edeeb74f06ed2e2a357df/0_334_5012_3008/500.jpg
07-08-2021,Ethiopia conflict set to escalate after Tigray rebels refuse to withdraw,Government says it will ‘deploy entire defensive capability’ and Amhara region threatens attack against Tigray forces,https://www.theguardian.com/world/2021/aug/07/ethiopia-conflict-set-to-escalate-after-tigray-rebels-refuse-to-withdraw,https://media.guim.co.uk/75bb11d8d1dc0f71fe29f4a28ba81379fd8d8adc/0_116_3500_2101/500.jpg
08-08-2021,Macron tells critics: vaccine passport will protect all our freedoms,French protests expected to enter fourth week but president’s hardline strategy is succeeding,https://www.theguardian.com/world/2021/aug/08/macron-tells-critics-vaccine-passport-will-protect-all-our-freedoms,https://media.guim.co.uk/8421fd0adbb5f3f80b74527e80ca12b2f66b08d1/0_49_5528_3316/500.jpg
09-08-2021,Moderna considers including Australian children in Covid-19 vaccine trial,Pharmaceutical company to test its mRNA vaccine’s safety and potential for side effects in children,https://www.theguardian.com/world/2021/aug/09/moderna-considers-including-australian-children-in-covid-19-vaccine-trial,https://media.guim.co.uk/843bb38b1af852ee50de83e295231315b021c93a/2312_1041_3656_2194/500.jpg
10-08-2021,A land divided by climate extremes: what the IPCC report says about New Zealand,Climate report says country will suffer rain and floods in the south and drought and fires in the north,https://www.theguardian.com/world/2021/aug/10/a-land-divided-by-extremes-what-the-ipcc-report-says-about-new-zealand-climate-change,https://media.guim.co.uk/cfd861cb4ae043922437843d45c7f5797c6977fa/0_179_5374_3225/500.jpg
11-08-2021,"Canada athletes may not be safe at 2022 Beijing Winter Olympics, opposition leader says",Erin O’Toole says Canada should consider a boycott of Games amid worsening ties with China and jailing of Canadian Michael Spavor,https://www.theguardian.com/world/2021/aug/11/canada-athletes-may-not-be-safe-at-2022-beijing-winter-olympics-opposition-leader-says,https://media.guim.co.uk/ba534aafcb6acf1268ba286a08d160932b58dc74/407_359_3012_1807/500.jpg
12-08-2021,Hear be kiwis: New Zealand celebrates as distinctive cry of iconic bird returns,Kiwi watchers have recorded the sound of the bird’s song at many sites that were silent just five years ago,https://www.theguardian.com/world/2021/aug/12/hear-be-kiwis-new-zealand-celebrates-as-distinctive-cry-of-iconic-bird-returns,https://media.guim.co.uk/971d606f16cc5dc4235db4a03bf9d54f40174547/0_308_3782_2270/500.jpg
13-08-2021,New Zealand’s biggest contribution to the climate struggle is its positive example | Philip McKibbin,Suggesting that cutting New Zealand’s emissions won’t make any difference on a global scale is an argument that misses the point,https://www.theguardian.com/world/commentisfree/2021/aug/13/by-setting-a-positive-example-new-zealand-can-contribute-to-the-climate-struggle,https://media.guim.co.uk/a5f2dd3191996d9b8a31373a9fbf1bbecc39c9ec/0_200_6000_3600/500.jpg
14-08-2021,Turkey flooding death toll reaches 38 as Erdoğan tours disaster zone,Rescuers sift through rubble for victims and survivors as country reels from floods and wildfires,https://www.theguardian.com/world/2021/aug/14/turkey-flooding-deaths-erdogan-tours-disaster-zone-kastamonu,https://media.guim.co.uk/3b482f224daaf210956c47aee1b678024e4c051d/0_217_5472_3283/500.jpg
15-08-2021,Kabul: US starts evacuating embassy as Taliban reach outskirts of Afghanistan capital,"Evacuations begin as Taliban close in on the capital, which is now the only major city under government control after the fall of Jalalabad",https://www.theguardian.com/world/2021/aug/15/taliban-afghanistan-kabul-evacuations-jalalabad,https://media.guim.co.uk/520738f085a5ecb6e21439c22804d90f90227995/0_463_3500_2100/500.jpg
16-08-2021,Taliban declares ‘war is over in Afghanistan’ as foreign powers exit Kabul,Swift arrival of the Taliban brings the Islamist militants close to taking over the country two decades after they were overthrown by a US-led invasion,https://www.theguardian.com/world/2021/aug/16/taliban-declares-war-is-over-in-afghanistan-as-us-led-forces-exit-kabul,https://media.guim.co.uk/7febff8439214de7b15e069df5d98c826f3bf7a9/0_163_4032_2419/500.jpg
17-08-2021,Tell us what confuses you about NSW Covid lockdown rules,Constant tinkering with the rules designed to help stop the virus spreading raises questions with every change. We want to know what you’re unsure about,https://www.theguardian.com/world/2021/aug/16/tell-us-what-confuses-you-about-nsw-covid-lockdown-rules,https://media.guim.co.uk/094507c9811d5257b998ff86fddb4786f0e027ae/0_262_7842_4708/500.jpg
18-08-2021,Afghanistan: reports emerge of Taliban beating Afghans seeking to flee Kabul,"US voices concern at reports of violence against women and children trying to pass through Taliban checkpoints, as evacuations continue",https://www.theguardian.com/world/2021/aug/18/afghanistan-reports-emerge-of-taliban-beating-afghans-seeking-to-flee-kabul,https://media.guim.co.uk/4916e8ca28e81c3e6a4989702abf43ca9813d41c/0_345_5175_3105/500.jpg
19-08-2021,New Zealand Covid outbreak linked to Sydney flight as Ardern widens vaccine rollout,Auckland cluster grows to 21 as prime minister says 12-year-olds will be eligible for vaccine from September,https://www.theguardian.com/world/2021/aug/19/up-to-100-may-already-be-infected-in-new-zealand-covid-outbreak-modelling-says,https://media.guim.co.uk/55ce15c7fd70a71b456bb1697fb130f4b6f63d86/0_136_4000_2401/500.jpg
20-08-2021,Tiny New Zealand airport that tells Māori love story in running for global design award,Regional hub in New Plymouth – built on land seized from Māori in 1960 – is up against the likes of New York’s LaGuardia for Unesco’s Prix Versailles,https://www.theguardian.com/world/2021/aug/20/tiny-new-zealand-airport-maori-love-story-finalist-global-design-award-prix-versailles-new-plymouth,https://media.guim.co.uk/6af884c36950c59a21ced564159d5db513d16561/923_1450_12517_7510/500.jpg
21-08-2021,Afghanistan refugees: how many are being evacuated and where will they go?,The Taliban takeover has sparked a hurried exodus of people associated with the western intervention in the country,https://www.theguardian.com/world/2021/aug/20/afghanistan-refugees-evacuation-q-and-a,https://media.guim.co.uk/0d6319ab96db03b8cf77918281ab3f9bb41acdf8/0_14_1280_768/500.jpg
22-08-2021,Ghani’s hasty departure leaves anger and bitterness in its wake,The chaos that followed the president’s exit has created its own suffering – and may leave a much longer legacy of pain,https://www.theguardian.com/world/2021/aug/22/ghanis-hasty-departure-leaves-anger-and-bitterness-in-its-wake,https://media.guim.co.uk/9a67f29a97faa7802abbdfc2d7148f53017981e8/0_118_2000_1200/500.jpg
23-08-2021,‘Big questions’: New Zealand Covid minister raises doubts about elimination strategy,Chris Hipkins said the Delta variant was ‘like nothing we’ve dealt with so far’,https://www.theguardian.com/world/2021/aug/23/big-questions-new-zealand-covid-minister-raises-doubts-about-elimination-strategy,https://media.guim.co.uk/8bb1d10d2c1013ab6e3c563415b0ed13a2fcd8f0/0_131_4815_2889/500.jpg
24-08-2021,New Zealand records another 41 Covid cases as it braces for biggest outbreak of pandemic,"Cluster has grown to 148 people, with experts saying it could grow to 1,000 and take four to six weeks to stamp out",https://www.theguardian.com/world/2021/aug/24/new-zealand-braces-for-biggest-covid-outbreak-of-pandemic,https://media.guim.co.uk/5064254cb1f3e5ce9788ce5f0494394fb2cca8a5/0_170_3786_2273/500.jpg
25-08-2021,"UK reports 30,838 new infections – as it happened",This blog is now closed. You can find all of our coverage of the pandemic here.,https://www.theguardian.com/world/live/2021/aug/24/coronavirus-live-news-hawaii-governor-wants-to-curb-travel-israel-boosters-beating-delta,https://media.guim.co.uk/99151ae3a000dd771eeb5dd3be08358d9e2ce6c0/0_176_3500_2100/500.jpg
26-08-2021,China’s trade halt with Lithuania over Taiwan ties sends warning to Europe,Tough response to Baltic nation’s decision to exchange diplomatic offices with Taiwan puts under EU under pressure,https://www.theguardian.com/world/2021/aug/26/chinas-trade-halt-with-lithuania-over-taiwan-ties-sends-warning-to-europe,https://media.guim.co.uk/57624aa12fd01274b2c7ba56658cc36611f140fb/0_81_2421_1453/500.jpg
27-08-2021,Kabul airport attacks: what we know so far,A bomb attack by Islamic State on Kabul airport has claimed the lives of more than 72 civilians and 13 US service members,https://www.theguardian.com/world/2021/aug/27/kabul-airport-attacks-what-we-know-so-far,https://media.guim.co.uk/38735e5b69eba0b47e382310b6f862b7cf573d24/42_0_1200_720/500.jpg
28-08-2021,New Zealand reports 82 new Covid cases as outbreak worsens despite nationwide lockdown,"All new cases are in Auckland, with 62 within the Pacific community",https://www.theguardian.com/world/2021/aug/28/new-zealand-covid-update-82-new-cases-as-outbreak-worsens-despite-nationwide-lockdown,https://media.guim.co.uk/96e473280cec1ee40f4c90a52cba1738ca00cd8a/0_332_6000_3602/500.jpg
29-08-2021,Chinese university appears to ask for lists of LGBTQ+ students for ‘investigation’,Survey by Shanghai University that asked colleges to research the political stance and ‘state of mind’ of members of LGBTQ+ communities has sparked alarm,https://www.theguardian.com/world/2021/aug/29/chinese-university-appears-to-ask-for-lists-of-lgbtq-students-for-investigation,https://media.guim.co.uk/b41df4c735e4f220b7a0e5e00c444690c4a90538/0_346_5184_3110/500.jpg
30-08-2021,‘Not open for humans’: Covid changes east Asia’s Ghost Month but free spirits remain,"Households prepare offerings in prayer for their ancestors and gods, but many temples are closed",https://www.theguardian.com/world/2021/aug/30/not-open-for-humans-covid-changes-east-asias-ghost-month-but-free-spirits-remain,https://media.guim.co.uk/b300c8069a2543479667a0d8c91ed0cedb1cbc23/0_402_8256_4954/500.jpg
31-08-2021,Final evacuation flight leaves Kabul – as it happened,This blog is now closed. We’ve launched a new blog at the link below –head there for the latest,https://www.theguardian.com/world/live/2021/aug/30/afghanistan-live-news-kabul-taliban-latest-updates-airport-attack-islamic-state-isis-k-us-drone-strike-civilians-children-killed-deaths-reported,https://media.guim.co.uk/eaa095d454f56237589a9ff773a4add86625393a/0_157_5000_3001/500.jpg
01-09-2021,Israel reports record daily Covid cases – as it happened,This blog is now closed. See all our coronavirus coverage.,https://www.theguardian.com/world/live/2021/aug/31/coronavirus-live-news-new-zealand-cases-drop-for-second-day-japan-blames-vaccine-contamination-on-needles,https://media.guim.co.uk/9b1542482f843330d346cb199b6a3c514d865516/0_272_6644_3989/500.jpg
02-09-2021,Joe Rogan has Covid – and his treatment will make health experts feel ill,"The media host says he used ivermectin, a medication that the FDA has warned against",https://www.theguardian.com/world/2021/sep/01/joe-rogan-covid-ivermectin-horse-drug-vaccines,https://media.guim.co.uk/45727c83d4615bd841d191bf4329a019ea37cd2f/0_437_2122_1273/500.jpg
03-09-2021,"New Zealand: Covid-positive escapee had tried to flee hotel quarantine three times, officials say",Man’s mother said she had called police on her son when he left home in Auckland after receiving his positive test result,https://www.theguardian.com/world/2021/sep/03/new-zealand-covid-positive-escapee-had-tried-to-flee-hotel-quarantine-three-times-officials-say,https://media.guim.co.uk/8b6b1c5ea90839e1c40da11542f1e8688e77b5a3/0_231_5472_3283/500.jpg
04-09-2021,Auckland stabbings: calls for tighter terror laws after extremist allowed to roam free,"Existing legislation meant the knifeman, who was known to police, could not be jailed despite evidence he was planning an attack",https://www.theguardian.com/world/2021/sep/04/auckland-stabbings-calls-for-tighter-terror-laws-after-extremist-allowed-to-roam-free,https://media.guim.co.uk/e5aa5369d0b301d9b89d0f4e73945cc6d6ad1dfc/0_152_4028_2417/500.jpg
05-09-2021,"New Zealand stabbings: officials tried for years to deport terrorist prior to Auckland attack, Jacinda Ardern says",Jacinda Ardern says ‘every legal avenue’ was used to detain Ahamed Aathil Mohamed Samsudeen until his refugee status was resolved,https://www.theguardian.com/world/2021/sep/05/new-zealand-stabbings-officials-tried-for-years-to-deport-terrorist-prior-to-auckland-attack-jacinda-adern-says,https://media.guim.co.uk/d235dc9139ba92d1ee5df040543a2a2e21229546/0_0_6000_3600/500.jpg
06-09-2021,Guinean soldiers claim to have seized power in coup attempt ,Elite army unit says it has deposed president Alpha Condé but defence ministry says attack has been put down,https://www.theguardian.com/world/2021/sep/05/guinean-soldiers-claim-to-have-seized-power-in-coup-attempt,https://media.guim.co.uk/192a10f5b6c37bcce385db5458c16433de0363ca/0_307_5139_3083/500.jpg
07-09-2021,Hong Kong: international companies reconsider future in wake of security law,"Businesses reassess presence in territory amid curbs on movement and doubts about legal system’s reliability, with many building up offices in Singapore",https://www.theguardian.com/world/2021/sep/07/hong-kong-international-companies-reconsider-future-in-wake-of-security-law,https://media.guim.co.uk/9208d487778b8e49244522dbaa4357d6f1162a77/0_232_3500_2101/500.jpg
08-09-2021,‘Like Game of Thrones’: how triple crisis on China’s borders will shape its global identity,"Analysis: China’s handling of troubles in Afghanistan, Myanmar and North Korea will differ from the west, and mould its identity as a global power",https://www.theguardian.com/world/2021/sep/08/like-game-of-thrones-how-triple-crisis-on-chinas-borders-will-shape-its-global-identity,https://media.guim.co.uk/cfe338d89ca1c2c20c4002078bcac736b325dade/363_787_4868_2921/500.jpg
09-09-2021,New Zealand must foster belonging for all refugees in wake of terror attack |  Jay Marlowe and Bernard Sama,"A sense of belonging is crucial to stop refugees becoming isolated, yet our policies define them as the ‘deserving’ and ‘undeserving’",https://www.theguardian.com/world/2021/sep/09/new-zealand-must-foster-belonging-for-all-refugees-in-wake-of-terror-attack,https://media.guim.co.uk/eba09b2c574532afc85c208b6188ea3276ff66fb/0_287_4918_2951/500.jpg
10-09-2021,New Zealand Covid update: mystery case emerges in Auckland with no known link to outbreak,"Asymptomatic woman isolating after testing positive but having no apparent exposure to another case or hotspot, as daily cases fall to 11<br>",https://www.theguardian.com/world/2021/sep/10/new-zealand-covid-update-mystery-case-auckland-outbreak,https://media.guim.co.uk/469d2c25203bb47da3854f858729366bc0593fb9/0_74_3500_2100/500.jpg
11-09-2021,Pakistan airline to resume commercial flights to Kabul,Pakistan will become first country to restart commercial flights to Afghanistan since Taliban took over country,https://www.theguardian.com/world/2021/sep/11/pakistan-airline-to-resume-commercial-flights-to-kabul,https://media.guim.co.uk/f595862703424cf281428ae63c8ffc2194c55ae2/0_471_7088_4254/500.jpg
12-09-2021,Taliban raise flag over presidential palace on 9/11 anniversary as brother of resistance leader slain,Ceremony marks formal beginning of Taliban rule in Afghanistan following chaotic US withdrawal,https://www.theguardian.com/world/2021/sep/12/taliban-raise-flag-over-presidential-palace-on-911-anniversary-as-brother-of-resistance-leader-slain,https://media.guim.co.uk/b466839529208e4e58f1cf7149009bb213c36aa2/0_264_5453_3274/500.jpg
13-09-2021,India weighs up new security risks in wake of Taliban takeover,New Delhi faces problem of greater Pakistani influence on Afghanistan and implications for Kashmir insurgency,https://www.theguardian.com/world/2021/sep/13/india-weighs-up-new-security-risks-in-wake-of-taliban-takeover,https://media.guim.co.uk/acc4ba75874bb345205848f7b094e2a6943fedcb/30_469_5330_3198/500.jpg
14-09-2021,Give Lorde a break. Non-Māori must speak Māori for it to survive | Morgan Godfery,"If we must wait for the perfect circumstances to speak or sing te reo, we may as well sign the language’s death certificate",https://www.theguardian.com/world/2021/sep/14/give-lorde-a-break-non-maori-must-speak-maori-for-it-to-survive,https://media.guim.co.uk/f3460a3cefe90af8839dcf9d6bfc55407775b752/0_90_3032_1820/500.jpg
15-09-2021,Zen and the art of working from home: Japanese builder offers mini office kit,The Hanare Zen is 91cm wide and 1.8m long and aims to help workers escape their overcrowded home environments,https://www.theguardian.com/world/2021/sep/15/zen-and-the-art-of-working-from-home-japanese-builder-offers-mini-office-kit,https://media.guim.co.uk/898c7855ddd61fab573bad6a1989fe6ce395f6b7/47_129_1373_824/500.jpg
16-09-2021,"US, UK and Australia forge military alliance to counter China",Aukus partnership will enable Australia to have nuclear-powered submarines for the first time,https://www.theguardian.com/australia-news/2021/sep/15/australia-nuclear-powered-submarines-us-uk-security-partnership-aukus,https://media.guim.co.uk/7a747c45b4a3a71ce03dc090b3807d7613b209ab/0_112_3366_2020/500.jpg
17-09-2021,Message in a bottle from Japan washes up on Hawaii beach after 37 years,Discovery made by a local girl comes decades after the bottle was put into the sea by schoolchildren as part of an experiment to monitor ocean currents,https://www.theguardian.com/world/2021/sep/17/message-in-a-bottle-from-japan-washes-up-on-hawaii-beach-after-37-years,https://media.guim.co.uk/912a1c98812e84cff30ac1138e3d726a0eff48dc/0_124_5100_3060/500.jpg
18-09-2021,‘Living in terror’: Afghans left behind by New Zealand struggling to survive,"Hundreds who worked for New Zealand military remain stranded in Afghanistan, destitute and fearing Taliban reprisals",https://www.theguardian.com/world/2021/sep/18/living-in-terror-afghans-left-behind-by-new-zealand-struggling-to-survive,https://media.guim.co.uk/9cc8269eda1ee7e20c731d80f1ef6bc598f94974/0_9_3202_1922/500.jpg
19-09-2021,‘We thought we were mates’: French ambassador laments subterfuge en route to Sydney airport,"Jean-Pierre Thebault was angry about Aukus as he left Australia on Saturday night, saying: ‘It’s like in a couple, you know, when you commit … you don’t run away’",https://www.theguardian.com/world/2021/sep/19/we-thought-we-were-mates-french-ambassador-laments-subterfuge-en-route-to-sydney-airport,https://media.guim.co.uk/51c1a811ef563fc2d30b6bbe810d344c59220f38/46_221_3472_2083/500.jpg
20-09-2021,New Zealand is not as clean or green as we think – plastic waste is creating a crisis | Lizzy Carmine,Ignorance about plastic recycling has tricked us into guilt-free consumption – decision makers have to give us sustainable options,https://www.theguardian.com/world/2021/sep/20/new-zealand-is-not-as-clean-or-green-as-we-think-plastic-waste-is-polluting-our-land,https://media.guim.co.uk/b337c305b325b354582035a379146519529a6140/0_373_4000_2400/500.jpg
21-09-2021,India seizes $2.7bn of heroin from Afghanistan at port,Heroin production has boomed in Afghanistan in recent years and the country produces most of the world’s supply of the drug,https://www.theguardian.com/world/2021/sep/21/india-seizes-27bn-of-heroin-from-afghanistan-at-port,https://media.guim.co.uk/4a93e8a3015058d651e0f45f05bff7904f455db8/0_173_5184_3110/500.jpg
22-09-2021,"New Zealand: rushing anti-terror law could lead to surveillance overreach, minor parties say","The law will make planning a terrorist attack a crime, closing a loophole that meant authorities could not act against the Auckland supermarket attacker",https://www.theguardian.com/world/2021/sep/22/new-zealand-rushing-anti-terror-law-could-lead-to-surveillance-overreach-minor-parties-say,https://media.guim.co.uk/d984044c2762d2243855ca3881dd8fe1a60e6dbf/0_1_4000_2399/500.jpg
23-09-2021,‘Would you like Pfizer with that?’ New Zealanders could get Covid jab with fast-food fix,"Government is in talks with KFC, Pizza Hut and Taco Bell to administer vaccinations while customers wait in line",https://www.theguardian.com/world/2021/sep/23/would-you-like-pfizer-with-that-new-zealanders-could-get-covid-jab-with-fast-food-fix,https://media.guim.co.uk/f268611e02232a116cf43cd5eaab3b7b00e84c1a/0_192_5773_3464/500.jpg
24-09-2021,The mood in New Zealand on Covid is changing – and Jacinda Ardern knows it – and Jacinda Ardern knows it | Tim Watkin,Frustration in Auckland has been rising and the cabinet would have been aware it risked losing the crowd,https://www.theguardian.com/world/commentisfree/2021/sep/24/once-covid-world-beaters-the-mood-in-new-zealand-is-changing-and-jacinda-ardern-knows-it,https://media.guim.co.uk/fd720d6f7332a172c5f3a93e6e394334b08bd844/0_70_5472_3283/500.jpg
25-09-2021,‘End of the saga’? Meng Wanzhou deal offers hope for Canadians held in China,"The cases of Michael Kovrig and Michael Spavor, arrested in 2018, have prompted accusations of ‘hostage diplomacy’",https://www.theguardian.com/world/2021/sep/24/meng-wanzhou-canada-china,https://media.guim.co.uk/dae73b26e68c6193587b794058de6a4c1f8eeb32/0_0_4006_2404/500.jpg
26-09-2021,Kim Jong-un’s sister says North Korea open to talks with South if Seoul shows ‘respect’,Analysts say North Korea’s apparent desire for engagement is part of a push to get the US to ease crippling sanctions,https://www.theguardian.com/world/2021/sep/26/kim-jong-uns-sister-says-north-korea-open-to-talks-with-south-if-seoul-shows-respect,https://media.guim.co.uk/e98fb265fe270e07a6ea1075d8f98436bf52db38/0_99_3000_1800/500.jpg
27-09-2021,Germany election: what happens next as parties vie to form government,Outgoing chancellor Angela Merkel could remain in post for weeks or months while parties attempt to cobble together a coalition,https://www.theguardian.com/world/2021/sep/27/germany-election-what-happens-next-as-parties-vie-to-form-government,https://media.guim.co.uk/741c7b48160418806ca3407fd0caf9d54906843e/0_24_4500_2700/500.jpg
28-09-2021,‘The only way’: Australians stranded in New Zealand charter private jets to get home,"Some have spent $40,000 arranging their own passage home after suspension of quarantine-free flights left them stuck",https://www.theguardian.com/world/2021/sep/28/the-only-way-home-australians-stranded-in-new-zealand-charter-private-jets-to-get-home,https://media.guim.co.uk/aa6c540cf66bb48ddce7e812cb7208535b9ec0ac/0_201_5400_3240/500.jpg
29-09-2021,Guam’s vaccination success story turns grim with Covid surge,"Once the great vaccination success story, the island is under strain amid a new wave of infections, but experts say cases would be far higher without vaccine coverage",https://www.theguardian.com/world/2021/sep/29/guams-vaccination-success-story-turns-grim-with-covid-surge,https://media.guim.co.uk/e74a77d806998899e9053fcac0847598325395ee/0_365_6000_3600/500.jpg
30-09-2021,Kim Jong-un orders hotline with the South to reopen as he condemns ‘cunning’ US ,North Korean leader said Biden offer of dialogue is ‘a facade’ and blamed the US for ‘hostile policy’,https://www.theguardian.com/world/2021/sep/30/kim-jong-un-hotline-south-us-bidens-north-korea-sister-cunning,https://media.guim.co.uk/551557d970ffe0551894fab966d2847881b0ea8c/73_178_2616_1569/500.jpg
01-10-2021,"John Key calling New Zealand’s Covid response ‘North Korean’ isn’t just lazy rhetoric, it’s wrong | Brian Ng",Irresponsible statements are fuel for those who falsely believe their rights have been taken away,https://www.theguardian.com/world/2021/oct/01/john-key-calling-new-zealands-covid-response-north-korean-feeds-the-lockdown-deniers,https://media.guim.co.uk/5dae6b4bb7a274ced235cf37c73dbea7cd971f52/0_53_3154_1892/500.jpg
02-10-2021,How the SPD relied on young rebels to win in north-east Germany,"A left-behind Baltic Sea state took revenge on Angela Merkel’s CDU, which had done too little for too long to help the region",https://www.theguardian.com/world/2021/oct/02/how-the-spd-relied-on-young-rebels-to-win-in-north-east-germany,https://media.guim.co.uk/e8ccf73d7dec35fbff3d81c674229627e95901bb/0_201_4945_2966/500.jpg
03-10-2021,"‘I’m quitting politics’, says Rodrigo Duterte – for a second time",Fears that controversial leader is lining up his daughter as his successor,https://www.theguardian.com/world/2021/oct/02/im-quitting-politics-says-rodrigo-duterte-for-a-second-time,https://media.guim.co.uk/44ab972ad88690a676b1fb4188090e831434b451/0_48_5000_3002/500.jpg
04-10-2021,India’s Christians living in fear as claims of ‘forced conversions’ swirl,Christians in Chhattisgarh say Hindu nationalist BJP has revived claims to tarnish reputation of rival Congress,https://www.theguardian.com/world/2021/oct/04/india-christians-living-in-fear-claims-forced-conversions,https://media.guim.co.uk/cbde2a41530c19b760839272a5322cac31576ba3/0_435_6531_3919/500.jpg
05-10-2021,Photos show Manila Bay mangroves ‘choking’ in plastic pollution,"The Navotas mudflats are among the last of their kind and act as a crucial feeding ground for migratory birds, but they are being buried in plastic",https://www.theguardian.com/world/2021/oct/05/photos-show-manila-bay-mangroves-choking-in-plastic-pollution,https://media.guim.co.uk/793773652a525be7099a25dbfcded46da45f54db/0_377_1121_673/500.jpg
06-10-2021,New Zealand Mongrel Mob leader given essential worker exemption to help boost Covid tests,Head of the Waikato Mongrel Mob chapter Sonny Fatupaito was asked to encourage gang members and their families to get tested,https://www.theguardian.com/world/2021/oct/06/new-zealand-gang-leader-given-essential-worker-exemption-to-help-boost-covid-tests,https://media.guim.co.uk/27253893b940e072e99f98e24292321040b6ed91/0_93_3500_2101/500.jpg
07-10-2021,Pakistan earthquake: at least 20 dead after powerful 5.7 magnitude tremor,"Homes collapsed after the quake struck 100km east of Quetta in Balochistan, and officials fear the death toll could rise",https://www.theguardian.com/world/2021/oct/07/pakistan-earthquake-magnitude-deaths,https://media.guim.co.uk/e35674a8361261b7b771a5662662a2aff924639d/0_188_3500_2100/500.jpg
08-10-2021,‘Crisis unfolding’ as Papua New Guinea hospitals hit by worst Covid wave yet,Health authorities have been forced to turn a stadium into a makeshift hospital while elsewhere essential services are closing,https://www.theguardian.com/world/2021/oct/08/crisis-unfolding-as-papua-new-guinea-hospitals-hit-by-worst-covid-wave-yet,https://media.guim.co.uk/aca1516a298a01fc95dcf03471125714df3af843/0_7_4500_2700/500.jpg
09-10-2021,‘Its power is far-reaching’: what Black History Month means to Black Britons,Three people talk about what impact the annual event has had on their lives and whether it is still needed,https://www.theguardian.com/world/2021/oct/09/its-power-is-far-reaching-what-black-history-month-means-to-black-britons,https://media.guim.co.uk/f4febe5293baeac3b38f27c08e8d1750fe251c44/0_365_5472_3283/500.jpg
10-10-2021,Iran says more than 120kg of uranium enriched to 20%,Announcement comes amid signs Tehran may be open to resuming stalled talks on 2015 nuclear deal,https://www.theguardian.com/world/2021/oct/10/iran-says-more-than-120kg-of-uranium-enriched-to-20,https://media.guim.co.uk/d54099ceabfb383750a128e5f4b045aabd4b56cd/558_687_2162_1298/500.jpg
11-10-2021,New Zealand braces for rising Covid cases as expert warns of potential explosion,"Nation on ‘exponential growth curve’, one expert says, with unexplained as well as total case numbers increasing",https://www.theguardian.com/world/2021/oct/11/new-zealand-covid-update-country-on-knife-edge-as-cases-expected-to-rise-further,https://media.guim.co.uk/a625b1debaebae3205c68f1cdbe5410de8695a81/0_175_5242_3146/500.jpg
12-10-2021,Elk with car tyre stuck around its neck for two years is free at last,Wildlife officials in Colorado successfully remove obstruction from bull elk at fourth attempt this week,https://www.theguardian.com/world/2021/oct/12/elk-with-car-tyre-stuck-around-its-neck-for-two-years-is-free-at-last,https://media.guim.co.uk/0e23db8ed5a6e067ee0b694c798b260245ef517b/1094_483_1930_1158/500.jpg
13-10-2021,"Dutch royals can marry person of same gender without giving up throne, says PM",The prime minister was responding to book arguing old laws would prevent same-sex marriage for a monarch or their heirs,https://www.theguardian.com/world/2021/oct/13/dutch-royals-can-marry-person-of-same-gender-without-giving-up-throne-says-pm,https://media.guim.co.uk/aa95863b11b5ff5e209e78da4c1bf7fed5863506/688_715_4625_2774/500.jpg
14-10-2021,"New Zealand modelling shows Covid cases could peak at 5,300 a week in Auckland next year",Plans for how health system would deal with surge revealed as country records 71 new cases,https://www.theguardian.com/world/2021/oct/14/new-zealand-modelling-shows-covid-cases-could-peak-at-5300-a-week-in-auckland-next-year,https://media.guim.co.uk/96e47205792e7ee567abdf254246ccfe2216ce9e/0_42_3000_1801/500.jpg
15-10-2021,Apple’s plan to scan for child abuse images ‘tears at heart of privacy’,Security experts say technology on iPhones could open door to mass surveillance and be misused,https://www.theguardian.com/world/2021/oct/15/apple-plan-scan-child-abuse-images-tears-heart-of-privacy,https://media.guim.co.uk/aec0e26f57249cf96b07be5aa54707627af2fe02/0_549_8192_4915/500.jpg
16-10-2021,"US offers payments, relocation to family of Afghans killed in botched drone attack","Pentagon says it is also working to relocate any of those relatives to the US, almost two months after Kabul strike",https://www.theguardian.com/world/2021/oct/16/us-offers-to-pay-relatives-of-10-civilians-killed-in-afghan-drone-strike,https://media.guim.co.uk/db5486cee313912cdc2a43e4e57bc9fcbfbe7b1e/1339_0_4661_2797/500.jpg
17-10-2021,‘Brutal aggression’: Venezuela halts talks with opposition after envoy extradited to US,"Alex Saab, an ally of president Nicolás Maduro, was extradited to face money laundering charges after a 16-month legal battle",https://www.theguardian.com/world/2021/oct/17/brutal-aggression-venezuela-halts-talks-with-opposition-after-envoy-extradited-to-us,https://media.guim.co.uk/ca2a9f0209f8b59799b13f0b818ef15a16c3ccc6/0_35_5616_3369/500.jpg
18-10-2021,A nurse’s journey from treating Covid in Brazil to death in the US desert,"Lenilda dos Santos left her home in rural Amazonia, part of a South American exodus driven by a coronavirus-era depression",https://www.theguardian.com/world/2021/oct/18/brazil-migrant-death-us-border-desert-dream,https://media.guim.co.uk/285df0a36e597d6348d4d6a761d7f4c2080f3374/0_120_5042_3025/500.jpg
19-10-2021,"‘Some call it a circus’: dictator’s son, boxing icon and former actor vie to lead Philippines",Presidential vote is likely to be referendum on the kind of governance the public wants after almost six years of Rodrigo Duterte in power,https://www.theguardian.com/world/2021/oct/19/some-call-it-a-circus-ictators-son-boxing-icon-and-former-actor-vie-to-lead-philippines,https://media.guim.co.uk/145cf96f1672a9a3388cc727eb0e1178eb844ac9/0_23_3332_2000/500.jpg
20-10-2021,Floating props and little sleep: Russians describe filming world’s first movie in space,Film crew say shooting was a ‘huge challenge’ and had to learn to walk again after 12 days in orbit,https://www.theguardian.com/world/2021/oct/20/floating-props-and-little-sleep-russians-describe-filming-worlds-first-movie-in-space,https://media.guim.co.uk/f19ba9bbe1bc525e688050a1954d4e0799a5c5c8/41_9_2459_1476/500.jpg
21-10-2021,"Third of Pacific islands unable to attend Cop26, sparking fears summit will be less ambitious",Activists say the presence of the countries most affected by climate crisis is key to pressuring leaders to agree aggressive targets,https://www.theguardian.com/world/2021/oct/21/third-of-pacific-islands-unable-to-attend-cop26-sparking-fears-summit-will-be-less-ambitious,https://media.guim.co.uk/706a9394b7a2a618ffeaa9639f45167717ed2e8d/17_0_4965_2980/500.jpg
22-10-2021,Auckland’s lockdown has finally given me what I always wanted – a licence to pry | Leni Ma'ia'i,"I’m one of the city’s many undercover agents, ready to pounce on any and all lockdown infringements",https://www.theguardian.com/world/commentisfree/2021/oct/22/aucklands-lockdown-has-finally-given-me-what-i-always-wanted-a-licence-to-pry,https://media.guim.co.uk/80fbee3015e60e9cf3f2fa4d5fca0627bafb376c/0_333_5216_3131/500.jpg
23-10-2021,Ethiopian government airstrike on Tigray forces UN to abort flight in midair,UN says government was aware of plane carrying 11 aid workers as year-long conflict with TPLF escalates in Tigray and Amhara,https://www.theguardian.com/world/2021/oct/23/ethiopian-government-airstrike-on-tigray-forces-un-to-abort-flight-in-midair,https://media.guim.co.uk/d712ca081368a199d7f030d22448c88278f53e53/0_324_4032_2419/500.jpg
24-10-2021,Somalis in UK targeted with death threats and abuse after David Amess killing,The MP’s death has had an impact on a community that is already marginalised and fighting against negative perceptions,https://www.theguardian.com/world/2021/oct/24/somalis-in-uk-targeted-with-death-threats-and-abuse-after-david-amess-killing,https://media.guim.co.uk/8b98439f0d7f59387f187bba38be9cf46c228bcf/234_115_4406_2645/500.jpg
25-10-2021,Japan royal wedding: subdued ritual looms as Princess Mako marries amid controversy,Princess’s union to Kei Komuro has attracted public and media attention for all the wrong reasons,https://www.theguardian.com/world/2021/oct/25/japan-royal-wedding-subdued-ritual-looms-as-princess-mako-marries-amid-controversy,https://media.guim.co.uk/c324cdad869163b012455ed929b3e26f291a6bf7/0_277_8181_4909/500.jpg
26-10-2021,‘Dictating what is Indian’: backlash over Urdu phrase in fashion advert,Fabindia brand ad taken down after BJP claims use of Urdu was offensive to Hindu majority,https://www.theguardian.com/world/2021/oct/26/completely-bizarre-india-clothes-ad-taken-down-after-critics-say-urdu-use-offensive-to-hindus-fabindia,https://media.guim.co.uk/19eb21a6c9902b0386393e3bb324aacf3ba6f42c/37_0_1125_675/500.jpg
27-10-2021,"‘It is bullying, pure and simple’: being a woman in Japanese politics",Harassment is common for women who run for office and female MPs comprise just 9.9% of lower house,https://www.theguardian.com/world/2021/oct/27/being-a-woman-in-japanese-politics,https://media.guim.co.uk/f7550662c2ef376314b4f23e0352e0b8bd8387e8/0_250_4000_2400/500.jpg
28-10-2021,‘Not a solution itself’: India questions net zero targets ahead of Cop26,Third largest emitter of greenhouse gases committed to ‘being part of the solution’ but calls on rich countries to acknowledge ‘historic responsibility’,https://www.theguardian.com/world/2021/oct/28/not-a-solution-itself-india-questions-net-zero-targets-ahead-of-cop26,https://media.guim.co.uk/1c08bfb1b84dc83860593b12e3873c88d3041929/0_0_5616_3370/500.jpg
29-10-2021,Conversion therapy to be restricted but not banned in proposed bill,Equalities minister Liz Truss will consult on plans to allow counselling for non-vulnerable adults,https://www.theguardian.com/world/2021/oct/29/conversion-therapy-to-be-restricted-but-not-banned-in-proposed-bill,https://media.guim.co.uk/a4cf64d560c6627ef847f6a5cc965ceb55b4fcb3/0_350_6000_3600/500.jpg
30-10-2021,Japan ports swamped by pumice spewed from undersea volcano ,"Dozens of fishing vessels and ports have been damaged, with tonnes of the floating pebbles being removed from coastlines every day",https://www.theguardian.com/world/2021/oct/30/japan-ports-swamped-by-pumice-spewed-from-undersea-volcano,https://media.guim.co.uk/86b0881f0e7723d43440d6e306bed6ef63aaf059/0_0_1792_1075/500.jpg
31-10-2021,New Zealand pledges to halve greenhouse gas emissions by 2030,"With Cop26 climate summit about to begin, PM Jacinda Ardern says ‘it’s critical we pull our weight’",https://www.theguardian.com/world/2021/oct/31/new-zealand-pledges-to-halve-greenhouse-emissions-by-2030,https://media.guim.co.uk/2686faa487bacf0ef590c13b8f33d160c3ed350b/0_218_3500_2101/500.jpg
01-11-2021,Ruling party of Fumio Kishida wins comfortable victory in Japanese election,"Conservative LDP along with coalition partner Komeito retain control of parliament, defying expectations",https://www.theguardian.com/world/2021/oct/31/ruling-party-of-fumio-kishida-wins-smaller-majority-in-japanese-election,https://media.guim.co.uk/bb08bb9697acaf2ab0341b15b1936389bc5169fa/0_255_7649_4592/500.jpg
02-11-2021,Coronavirus live news: global Covid death toll hits 5m; Greece reports highest infections total,Johns Hopkins University tally hits milestone less than two years into pandemic; 5 million figure is still almost certainly an undercount,https://www.theguardian.com/world/live/2021/nov/01/coronavirus-news-live-australia-reopens-international-borders-france-records-jump-in-covid-hospitalisations,https://media.guim.co.uk/6b0d3c48f2aec6e14864a93ecf715dfefda8547f/0_55_3500_2101/500.jpg
03-11-2021,Hong Kong protests: filmmakers decry new law that could censor a moment in history,The 2019 protests spawned documentaries that may never see broad release amid growing intolerance of anything linked to the fight for democracy,https://www.theguardian.com/world/2021/nov/03/hong-kong-protests-filmmakers-decry-new-law-that-could-censor-a-moment-in-history,https://media.guim.co.uk/c981554d757b65c5f261289c6cf387352d844c9a/0_104_4000_2400/500.jpg
04-11-2021,England Covid infection rates doubled in over-65s between September and October,Scientists in React study warn virus is spreading from schoolchildren into more vulnerable age groups,https://www.theguardian.com/world/2021/nov/04/england-covid-infection-rates-doubled-in-over-65s-between-september-and-october,https://media.guim.co.uk/2e81ed029ded2ac94ca0d3a28b26863e8ce6555f/0_220_6524_3914/500.jpg
05-11-2021,"Ventilate your home to stop Covid spread, UK government says",UK-wide campaign will ask people to open their windows for 10 minutes every hour when they are socialising,https://www.theguardian.com/world/2021/nov/05/ventilate-home-stop-covid-spread-government-uk,https://media.guim.co.uk/aebf9278582cc43a31d0d1b3d8f8eb378a30f3a1/0_1651_4480_2688/500.jpg
06-11-2021,Succession-style feud gripping Canada settled as court sides with Edward Rogers,"The battle for Rogers Communications, worth $30bn, has riven one of Canada’s richest families – and began with an accidental butt dial",https://www.theguardian.com/world/2021/nov/05/canada-succession-rogers-communications-feud-saga,https://media.guim.co.uk/598b2799ad4d39c7db3b432f3dd51bbbb8374048/0_0_3240_1945/500.jpg
07-11-2021,Exploding drone assassination attempt on Iraqi PM fails,"Mustafa al-Kadhimi was unhurt when drone targeted his residence inside the fortified Green Zone, says government",https://www.theguardian.com/world/2021/nov/07/exploding-drone-assassination-attempt-on-iraqi-pm-fails,https://media.guim.co.uk/e00ce217cc841ec8242b7da3496701f03fece7ba/0_63_2000_1200/500.jpg
08-11-2021,UK government could restrict travel for people who refuse Covid boosters,"Sources say plans for travel restrictions being looked at, with 10m now having received third jabs",https://www.theguardian.com/world/2021/nov/07/uk-government-could-restrict-travel-people-who-refuse-covid-boosters,https://media.guim.co.uk/ff4cc3adab3d5752142d472ca031f569e7f11a9b/0_220_4256_2554/500.jpg
09-11-2021,New Zealand anti-vaccine mandate protests: police and photographer attacked,Jacinda Ardern says protests are ‘not representative’ of New Zealand as photographer harassed during Wellington protest,https://www.theguardian.com/world/2021/nov/09/new-zealand-anti-vaccine-mandate-protests-police-and-photographer-attacked,https://media.guim.co.uk/1458365ea3401fcbdf4cbed0985790b1424239a1/0_230_5400_3240/500.jpg
10-11-2021,"Covid live: Russia says workplace shutdown helped turn tide on cases; UK reports 262 deaths and 33,117 cases",Russian officials say cases still remain quite high; UK figures come on day government announces NHS vaccine mandate,https://www.theguardian.com/world/live/2021/nov/09/covid-news-live-chinese-city-offers-cash-rewards-to-trace-covid-outbreak-thousands-protest-new-zealands-vaccine-mandates,https://media.guim.co.uk/92278b7c61503b4b9a44ff70eb2bedaa94e12a9c/0_124_3500_2102/500.jpg
11-11-2021,Human trials of vaccine for multiple species of Ebola to begin soon,It is hoped vaccine based on similar technology to Oxford Covid jab can protect against both Zaire and Sudan species of virus,https://www.theguardian.com/world/2021/nov/11/human-trials-of-vaccine-for-multiple-species-of-ebola-to-begin-soon,https://media.guim.co.uk/b907de05c7992cc78a992f32f18d85f57a6d101a/0_100_3000_1801/500.jpg
12-11-2021,"Covid live: Germany reports record 50,000 new cases; Dutch experts recommend lockdown amid record cases","Robert Koch Institute records 50,196 new cases of coronavirus in Germany; Netherlands would have western Europe’s first lockdown since the summer",https://www.theguardian.com/world/live/2021/nov/11/coronavirus-news-live-europe-covid-deaths-rise-10-in-a-week-10-us-states-sue-over-vaccine-mandates,https://media.guim.co.uk/be1185d028111174dddc33a5c425c3d71be9e557/0_230_5423_3255/500.jpg
13-11-2021,Covid live: Netherlands to return to partial lockdown from Saturday – as it happened,Dutch restaurants and shops ordered to close early and spectators barred from major sporting events; Boris Johnson urges Britons to get booster,https://www.theguardian.com/world/live/2021/nov/12/covid-news-live-austria-to-restrict-unvaccinated-in-north-province-the-netherlands-considers-new-partial-lockdown,https://media.guim.co.uk/21ddddf0f9e4bf3976e7874996980b671b4a9185/0_216_5472_3283/500.jpg
14-11-2021,"Tipsy at 30,000ft? It’s the British way","Whatever the sobriety or otherwise of the three MPs in the news last week, a tipple or two at high altitude is a national institution",https://www.theguardian.com/world/2021/nov/14/tipsy-at-30000ft-its-the-british-way,https://media.guim.co.uk/02614fd5354a5dd9d9ce5ac86f9d8cfd703ec728/275_0_4515_2709/500.jpg
15-11-2021,Covid live: Egypt starts vaccine trial; Austria to put unvaccinated people in lockdown,"Israel’s decision follows similar move by US; Austria vaccination rate ‘shamefully low’, says chancellor Alexander Schallenberg",https://www.theguardian.com/world/live/2021/nov/14/covid-live-coronavirus-booster-jabs-arrests-lockdown-protests,https://media.guim.co.uk/5892832c9c6f3f31e833963787fa675055f6549b/0_0_3248_1949/500.jpg
16-11-2021,Almost $500bn ‘lost to tax abuse by firms and super-rich in 2021’,"Figure would be enough to fully vaccinate global population against Covid three times over, report says",https://www.theguardian.com/world/2021/nov/16/almost-500bn-lost-to-tax-abuse-by-firms-and-super-rich-in-2021,https://media.guim.co.uk/e64a2a0d6945926d11edbe56de0e7a51987ecb0e/10_216_2607_1564/500.jpg
17-11-2021,Coronavirus live: Germany set to tighten rules for unvaccinated; Ireland brings in midnight curfew,Germany set to follow Austria in effort to fight fourth wave; Irish restrictions include advice to work from home to fight rising hospitalisations,https://www.theguardian.com/world/live/2021/nov/16/coronavirus-news-live-kyiv-cremations-double-amid-rise-in-covid-deaths-new-zealand-vaccine-mandate-kicks-in-for-front-line-workers,https://media.guim.co.uk/5a900b4ca2ab7b9a7a1a15988881bd84af02fa79/0_188_7879_4730/500.jpg
18-11-2021,Covid Delta variant offshoot ‘less likely’ to cause symptoms,Scientists in React study suggest virus from dominant Delta variant more likely to cause asymptomatic infections,https://www.theguardian.com/world/2021/nov/18/covid-delta-variant-offshoot-less-likely-to-cause-symptoms,https://media.guim.co.uk/f4513c6cd279392a2f23844f637e33baa3775696/0_0_3500_2101/500.jpg
19-11-2021,Belarus says camps on Polish border have been cleared of people,"Minsk now appears keen to defuse border crisis, which has claimed lives of 13 people",https://www.theguardian.com/world/2021/nov/18/belarus-says-border-camps-have-been-cleared-as-one-year-old-reported-dead,https://media.guim.co.uk/a41fdac8195d6a5fca0540e0d63dd089d9947cf5/0_39_2393_1437/500.jpg
20-11-2021,‘I thought I was a goner’: survivors detail harrowing stories of Canada mudslides,Emergency crews continue search for victims after flash floods tear through region,https://www.theguardian.com/world/2021/nov/19/canada-floods-mudslides-survivors,https://media.guim.co.uk/7dadf9abd635ecb55bc2d6c609874c73b27e4e44/0_89_3000_1800/500.jpg
21-11-2021,"Coronavirus news of the day as it happened: three in hospital after Rotterdam lockdown protest; UK must not be complacent as cases surge in Europe, experts say ",Police fire shots on crowds of rioters in Rotterdam; Covid surge in Europe shows how essential vaccine programme is in UK,https://www.theguardian.com/world/live/2021/nov/20/coronavirus-live-news-hong-kong-authorises-sinovac-vaccine-for-children-aged-3-17-rotterdam-riots-condemned,https://media.guim.co.uk/1e90c7afd867265ca8634871559e6fe29f2a23e6/0_122_3443_2066/500.jpg
22-11-2021,UK invites south-east Asian nations to G7 summit amid Aukus tensions,"The alliance between Britain, the US and Australia has divided the region and angered China",https://www.theguardian.com/world/2021/nov/22/uk-invites-south-east-asian-nations-to-g7-summit-amid-aukus-tensions,https://media.guim.co.uk/d49f71cfa50eeeafe5ed8bc220437cfc79fa652f/0_50_3500_2099/500.jpg
23-11-2021,"As China threat rises, can Aukus alliance recover from rancorous birth?",Questions mount about pact’s ultimate purpose and implications for other Asean countries,https://www.theguardian.com/world/2021/nov/23/as-china-threat-rises-can-aukus-alliance-recover-from-rancorous-birth,https://media.guim.co.uk/7a56ccb5d590f3038810c77cab011eaf50227275/0_218_5407_3245/500.jpg
24-11-2021,Covid live news: cases increase in 75% of UK local authorities; France reports sharp rise in cases,"Latest updates: Torridge in Devon had the highest rate in UK followed by Mid Ulster in Northern Ireland; France reports over 30,000 cases",https://www.theguardian.com/world/live/2021/nov/23/covid-news-live-india-records-smallest-daily-rise-in-cases-in-18-months-despite-festivals,https://media.guim.co.uk/a10920eecd4e237a16141a7e1403f357db2f05a6/0_157_3500_2099/500.jpg
25-11-2021,Covid live: Italy bans unvaccinated from numerous venues and extends compulsory vaccination,"Italy<strong> </strong>unveils new Covid measures, to come into force on 6 December, that will ban unvaccinated people from entering venues",https://www.theguardian.com/world/live/2021/nov/24/covid-news-live-south-korea-reports-record-daily-cases-us-to-require-vaccination-proof-at-all-border-crossings,https://media.guim.co.uk/58802511426a310879f529d6bb8c531a96128cb8/0_116_3500_2101/500.jpg
26-11-2021,WHO to assess new highly mutated Covid-19 variant as countries ramp up health checks,Meeting will determine if B.1.1.529 variant warrants a designation as one of ‘interest’ or of ‘concern’,https://www.theguardian.com/world/2021/nov/26/who-to-assess-new-highly-mutated-covid-19-variant-as-countries-ramp-up-health-checks,https://media.guim.co.uk/ad4e43760a7f137f328e188aa7d3551001f398de/0_0_3600_2160/500.jpg
27-11-2021,Solomon Islands unrest: three bodies found in burnt-out building ,The badly burnt victims were discovered in a building in Chinatown in Honiara after days of rioting,https://www.theguardian.com/world/2021/nov/27/solomon-islands-unrest-three-bodies-found-in-burnt-out-building,https://media.guim.co.uk/5bf939e8dc1b55ffac75d283f659eb6bc816f9bf/0_147_4000_2402/500.jpg
28-11-2021,Covid live: UK to bring in new measures after Omicron variant detected; Israel bans oversea visitors – as it happened,Masks to be mandatory in shops and on public transport in Britain; Israel closes border initially for 14 days,https://www.theguardian.com/world/live/2021/nov/27/covid-news-live-omicron-variant-spreads-to-europe-countries-rush-to-impose-travel-bans-on-southern-africa,https://media.guim.co.uk/4dc62d9d8a528d2eda9aa7c5a70b6d301fbb5e37/0_317_8192_4918/500.jpg
29-11-2021,What does appearance of Omicron variant mean for the double-vaccinated?,We find out how much protection Covid vaccines may offer amid speculation new variant could be more resistant,https://www.theguardian.com/world/2021/nov/28/what-does-appearance-of-omicron-mean-for-the-double-jabbed,https://media.guim.co.uk/672b7eaf58a81e8c1d770d8408b091e20f4247df/0_179_8192_4914/500.jpg
30-11-2021,Taiwan thanks Australian PM and defence minister for grim warning over China,Taiwan says Scott Morrison and Peter Dutton’s comments reiterated the ‘need to guard against the use of Chinese force’,https://www.theguardian.com/australia-news/2021/nov/30/taiwan-thanks-australian-pm-and-defence-minister-for-grim-warning-over-china,https://media.guim.co.uk/b725082fd245b501e013bbb4584fdb528ca8aa93/246_500_5034_3020/500.jpg
01-12-2021,Boosters may protect against new virus variant as US checks vaccine effectiveness – as it happened,Nitzan Horowitz says ‘already room for optimism’ that vaccines will cover new variant;<strong> </strong>US Food &amp; Drug Administration checking if tweaks needed,https://www.theguardian.com/world/live/2021/nov/30/covid-news-live-who-warns-omicron-poses-very-high-risk-new-variant-detected-in-at-least-a-dozen-countries,https://media.guim.co.uk/869f9dc8ce7df8117f5691ff767cccda513d11ee/0_200_3000_1800/500.jpg
02-12-2021,‘The fear of this vaccine is real’: how Papua New Guinea’s Covid strategy went so wrong,Public confusion and distrust over vaccination have been fuelled by what experts say are crippling failures in authorities’ response to the pandemic,https://www.theguardian.com/world/2021/dec/02/the-fear-of-this-vaccine-is-real-how-papua-new-guineas-covid-strategy-went-so-wrong,https://media.guim.co.uk/989e4eec2d4fcaec3f6db1f6b4e2db525ee4ce6d/0_170_5094_3056/500.jpg
03-12-2021,"Covid news: more Omicron cases in UK amid 53,945 new infections; German ‘lockdown’ for unvaccinated – as it happened ","UK reports 53,945 new infections, and has identified 10 new Omicron variant cases; Germany is seeking to break a surge in coronavirus infections",https://www.theguardian.com/world/live/2021/dec/02/coronavirus-news-live-south-africa-sees-exponential-increase-in-covid-cases-dominated-by-omicron-variant,https://media.guim.co.uk/e53665d82acb9b4f5aff0c2a9440200cbef579a2/0_139_3500_2100/500.jpg
04-12-2021,The Gambia to vote for first time since Jammeh forced into exile,Poll takes place as human rights groups express fears over record of successor Adama Barrow,https://www.theguardian.com/world/2021/dec/04/the-gambia-to-vote-for-first-time-since-jammeh-forced-into-exile,https://media.guim.co.uk/4629da309c1a8d51ad392a220ab2643163b04444/0_120_3600_2160/500.jpg
05-12-2021,"UK’s progress on Covid now squandered, warns top scientist","Sir Jeremy Farrar, director of Wellcome Trust, suggests emergence of Omicron variant means pandemic is far from over",https://www.theguardian.com/world/2021/dec/04/uks-progress-on-covid-now-squandered-warns-top-scientist,https://media.guim.co.uk/95364bf68c151671e15dd5d8a258f1e12ad851f4/1371_319_2826_1695/500.jpg
06-12-2021,"Omicron is a ‘wake-up call’ to vaccinate poorer nations, experts say","Covid vaccine rollout must reach developing world to prevent further variants, experts say",https://www.theguardian.com/world/2021/dec/06/omicron-wake-up-call-to-vaccinate-poorer-nations-covid,https://media.guim.co.uk/6cba960fd3c412205ca30dbcc4fa4964c66ab309/0_0_4500_2700/500.jpg
07-12-2021,How an Afghan reporter was left to the Taliban by the Foreign Office,‘Fahim’ was cleared to leave Kabul. Then the phone went dead. Now he moves house every two days to evade capture,https://www.theguardian.com/world/2021/dec/07/how-an-afghan-reporter-was-left-to-the-taliban-by-the-foreign-office,https://media.guim.co.uk/b3cbe21813ac95f6bb03d7c464fcd1156e5953d8/11_496_5299_3180/500.jpg
08-12-2021,UK races to deliver booster jabs before Omicron takes hold,NHS halves wait for third jab for over-40s from six to three months in ‘boost to booster programme’,https://www.theguardian.com/world/2021/dec/08/uk-races-to-deliver-booster-jabs-before-omicron-takes-hold,https://media.guim.co.uk/f055da716f74527786ada74ee5731b075a3b885c/0_167_5000_3002/500.jpg
09-12-2021,"New Zealand faces growing challenge from Chinese nationalism, defence report warns",Defence ministry says competition between US and China a ‘major driver’ of increased insecurity in the Pacific region,https://www.theguardian.com/world/2021/dec/09/new-zealand-faces-growing-challenge-from-chinese-nationalism-defence-report-warns,https://media.guim.co.uk/421416754c8a0c33d0decd11db2f5ce8064e957f/0_81_5184_3110/500.jpg
10-12-2021,Covid live: Australia to offer jabs to children aged five to 11; people in Scotland urged to cancel Christmas parties,Australia will begin administering vaccines for children from January; People and businesses in Scotland been urged not to go ahead with parties,https://www.theguardian.com/world/live/2021/dec/09/covid-news-live-england-moves-to-plan-b-three-pfizer-shots-can-neutralise-omicron-lab-tests-show,https://media.guim.co.uk/25ab78d352f4068df42ed6419ccf33b1a958ddfe/0_605_4032_2419/500.jpg
11-12-2021,Truss bills UK G7 meeting as show of western unity against China and Russia,Foreign secretary says summit is ‘chance to show united front against malign behaviour’,https://www.theguardian.com/world/2021/dec/11/truss-bills-uk-g7-meeting-as-a-show-of-western-unity-against-china-and-russia,https://media.guim.co.uk/06f8de411fc1ca09f8d6da7fb6eec60fa387c034/428_146_1246_747/500.jpg
12-12-2021,Scientists fear falling trust in Boris Johnson could harm bid to curb Omicron surge,"Researchers say new rules may be needed to cut deaths, but there are concerns that ‘fed-up’ people will ignore government",https://www.theguardian.com/world/2021/dec/12/scientists-fear-falling-trust-in-boris-johnson-could-harm-bid-to-curb-omicron-surge,https://media.guim.co.uk/2d3de860695782b23d991e0bc9019cb234891830/16_376_2334_1400/500.jpg
13-12-2021,Covid news: Boris Johnson unveils booster plan; South African president tests positive – as it happened,Latest updates: UK prime minister gives televised address; Starmer says Johnson looks to have broken Covid law with Christmas quiz,https://www.theguardian.com/world/live/2021/dec/12/boris-johnson-covid-coronavirus-live-news-christmas-uk-lockdown,https://media.guim.co.uk/53801caec95c53ab2b3fa2079a91ed82080cadd4/343_168_3051_1830/500.jpg
14-12-2021,Covid news: volunteers asked to deliver UK jabs; Norway to tighten restrictions – as it happened,UK prime minister appeals to public to step forward to assist the booster programme; Norway to act amid record high infections and hospitalisations,https://www.theguardian.com/world/live/2021/dec/13/covid-news-live-boris-johnson-warns-of-omicron-tidal-wave-south-african-president-tests-positive,https://media.guim.co.uk/3095dcc28741e99586d2a9daa8c1dc7a494d48e3/0_210_4724_2836/500.jpg
15-12-2021,"Joy, tears and emotional support puppies: Aucklanders get the green light to travel","Residents of the wider Auckland region, closed off in August as the city tried to contain an outbreak of Covid-19, finally allowed to leave",https://www.theguardian.com/world/2021/dec/15/joy-tears-and-emotional-support-puppies-aucklanders-get-the-green-light-to-travel,https://media.guim.co.uk/5dfd9b8e6eaacb81682860f46a1db8a29b5378cf/0_28_4373_2625/500.jpg
16-12-2021,Rape survivors arriving in UK on small boats neglected by authorities – report,Inspectors and monitors say suicidal women and people with serious injuries not adequately supported,https://www.theguardian.com/world/2021/dec/16/survivors-arriving-in-uk-on-small-boats-neglected-by-authorities-report,https://media.guim.co.uk/8a4888d21772596a1b2d2ea5d8ba704eaf974c0a/0_250_4702_2822/500.jpg
17-12-2021,Covid live: Italy reports highest daily cases since March; Canada’s Omicron cases ‘could overwhelm Ontario ICUs’,"Italy reports 26,109 new cases, its highest daily number since 12 March; experts warn Ontario hospitals could be overwhelmed",https://www.theguardian.com/world/live/2021/dec/16/covid-news-live-south-korea-reimpose-dining-curfews-south-africa-daily-cases-record-omicron,https://media.guim.co.uk/91716616452d3d4a4750af7a766af789fac9184f/0_370_5568_3341/500.jpg
18-12-2021,"NHS could face surge in hospitalisations despite booster, scientists warn",Drop in protection against Omicron variant may lead to ‘a large number of people’ needing treatment,https://www.theguardian.com/world/2021/dec/17/nhs-could-face-surge-in-hospitalisations-despite-booster-say-scientists-omicron,https://media.guim.co.uk/e432b07db599d92287fe98a8b94c3b18a55cce0c/0_400_6000_3600/500.jpg
19-12-2021,Covid live: Germany tightens restrictions on travel from UK — as it happened,Follow all the latest developments on coronavirus from around the world,https://www.theguardian.com/world/live/2021/dec/18/covid-live-experts-call-for-stricter-restrictions-in-england-very-soon-omicron-spreading-fast-in-france,https://media.guim.co.uk/16939337a6d8560d570fd3c02bbea9cc6ba8fe28/0_116_3500_2101/500.jpg
20-12-2021,Hongkongers snub ‘patriots’ election with lowest turnout in three decades,Only 30% of registered voters cast their ballots for lawmakers in Sunday’s poll,https://www.theguardian.com/world/2021/dec/19/police-deployed-at-polling-stations-as-hong-kong-votes-in-overhauled-patriots-election,https://media.guim.co.uk/0b02987f69f65aeb1ac228a72741fc152fc1b3d2/0_0_3936_2362/500.jpg
21-12-2021,Covid news: Queen changes Christmas plans; EU drug regulator approves Novavax vaccine – as it happened,British monarch will stay in Windsor instead of going to Sandringham as usual; European Medicines Agency gives green light to fifth vaccine,https://www.theguardian.com/world/live/2021/dec/20/covid-news-live-omicron-raging-around-the-world-fauci-says-belgian-protests-turn-violent,https://media.guim.co.uk/3a59237fb6ca034865389f432faab5dd845b6ee8/0_69_3400_2041/500.jpg
22-12-2021,Covid self-isolation cut to seven days with negative test in England,Public health bosses say move for those who test negative on days six and seven will help support essential services,https://www.theguardian.com/world/2021/dec/22/covid-self-isolation-cut-to-seven-days-for-jabbed-people-in-england,https://media.guim.co.uk/50da2a88a7d90fd995005952d960093fc333993f/0_275_8256_4954/500.jpg
23-12-2021,"Covid news: fourth vaccine dose ‘could be needed’; not enough data on severity, says WHO – as it happened",Latest updates: German health minister says ‘offensive booster campaign’ needed to fight variant; WHO official says it is too early to draw conclusions on severity,https://www.theguardian.com/world/live/2021/dec/22/covid-news-live-europe-facing-another-storm-due-to-omicron-who-warns-israel-announces-fourth-jab-for-over-60s,https://media.guim.co.uk/5fa8a343092452ac931e7b79fb40225e41c54224/0_205_5472_3283/500.jpg
24-12-2021,Locked-out New Zealanders outraged as visa scheme for rich foreigners resumes,Critics say the wealthy will be able to buy their way in while citizens lose out on quarantine spots,https://www.theguardian.com/world/2021/dec/24/locked-out-new-zealanders-outraged-as-visa-scheme-for-rich-foreigners-resumes,https://media.guim.co.uk/7736311cb2f575cd1c3e9961a6d37b988c3e5eb0/0_192_5760_3456/500.jpg
25-12-2021,Former South Korean president Park Geun-hye pardoned for corruption ,"Moon Jae-in, her successor, has freed Park from 22-year sentence three months ahead of presidential election",https://www.theguardian.com/world/2021/dec/24/park-geun-hye-to-receive-pardon-for-corruption-as-south-korean-president,https://media.guim.co.uk/80abd8341007efa5fce6fae7a687dc51225d5b2c/0_0_4050_2430/500.jpg
26-12-2021,"France, Italy and Ireland see record daily highs; Israel orders 100,000 anti-viral pills – as it happened","Passengers travelling over the Christmas holiday hit after airlines cancel more than 4,500 flights",https://www.theguardian.com/world/live/2021/dec/25/covid-live-news-christmas-day-coronavirus-latest-updates-omicron,https://media.guim.co.uk/edf8137a9eabc9c2b969300678278848a9f3068e/0_231_3500_2100/500.jpg
27-12-2021,Australia case rise continues; UK ‘considering door-to-door vaccinations’ – as it happened ,"US reporting 184,802 new cases per day; Vaccination teams could go door-to-door in UK to reach those yet to have jabs",https://www.theguardian.com/world/live/2021/dec/26/covid-live-news-france-and-italy-see-record-daily-cases-australias-omicron-outbreak-spreads,https://media.guim.co.uk/307a155cbc7f0664be03e53eda27cf5021fc9696/0_331_5000_3002/500.jpg
28-12-2021,England hospital Covid admissions highest since February; France announces new curbs – as it happened,No walk-in PCR tests available in England for a few hours due to ‘high demand’; French PM announces new measures,https://www.theguardian.com/world/live/2021/dec/27/covid-news-live-australia-case-rise-continues-omicron-grounds-1000-more-us-flights,https://media.guim.co.uk/26e7b72d268b0ad429297380f2e1be250c07ab9b/0_0_2320_1392/500.jpg
29-12-2021,"US, UK, France, Portugal and Greece all break new daily cases records – as it happened ","US reports 512,553 cases; UK reports 129,000; France reports 179,807; Portugal 17,172; and Greece 21,657",https://www.theguardian.com/world/live/2021/dec/28/covid-live-news-travel-chaos-as-3500-more-flights-suspended-fresh-curbs-in-france,https://media.guim.co.uk/135322317b78720b101598b8e98fa6826be186f3/0_177_5390_3236/500.jpg
30-12-2021,Britons with homes in EU told they can’t drive through France to get there,Eurotunnel operator issues warning to UK nationals after update to Covid travel rules by French government,https://www.theguardian.com/world/2021/dec/29/britons-living-in-eu-told-they-cant-drive-through-france-to-get-to-uk,https://media.guim.co.uk/50afd969e294b79fa8489d2afe8d7c8c6cb8f612/0_236_5100_3060/500.jpg
31-12-2021,PM says UK doing ‘incomparably better’ against Covid in new year message,Boris Johnson and Keir Starmer both focus on the effects of the pandemic in their addresses,https://www.theguardian.com/world/2021/dec/31/pm-says-uk-doing-incomparably-better-against-covid-in-new-year-message,https://media.guim.co.uk/338c13f90df81a32253f33d2990b661aec2c2ed6/0_446_5055_3034/500.jpg
01-01-2022,China opens embassy in Nicaragua for first time since 1990 after Taiwan ties cut,Nicaragua trumpets ‘ideological affinity’ with Beijing and seizes Taipei’s former embassy and diplomatic offices,https://www.theguardian.com/world/2022/jan/01/china-opens-embassy-in-nicaragua-for-first-time-since-1990-after-taiwan-ties-cut,https://media.guim.co.uk/15bbaf4e49a23f2eeb7acd37fac8ff840cbafab0/0_344_5568_3341/500.jpg
02-01-2022,What is aquamation? The process behind Desmond Tutu’s ‘green cremation’ ,"The anti-apartheid hero requested an eco-friendly cremation, which uses water instead of flames to process the remains",https://www.theguardian.com/world/2022/jan/02/what-is-aquamation-the-process-behind-desmond-tutus-green-cremation,https://media.guim.co.uk/6810024cafb07f4a641c0ca5946f622a6107135a/0_77_3600_2160/500.jpg
03-01-2022,Volunteers praised for huge role in giving UK public Covid jabs,"More than 100,000 people donated their time in 2021 as part of largest ever British vaccination campaign",https://www.theguardian.com/world/2022/jan/03/volunteers-praised-for-huge-role-in-giving-uk-public-covid-jabs,https://media.guim.co.uk/b0c5d429e4b00d457284a80b70f0f53ee8bb4fbb/0_90_3500_2101/500.jpg
04-01-2022,Ontario announces new curbs after ‘tsunami’ of infections; Scottish parliament to be recalled – as it happened,Ontario closes down schools and shops to operate at 50% capacity; Scottish parliament to again be recalled as Covid hits record levels,https://www.theguardian.com/world/live/2022/jan/03/covid-news-live-4000-more-flights-cancelled-over-omicron-israel-to-offer-fourth-jab-to-over-60s,https://media.guim.co.uk/2e327335508546271376f8081c54f6bca72e9d35/0_192_4000_2399/500.jpg
05-01-2022,Australia’s Covid surge: how have you been affected by shortages of PCR and RAT tests?,Stuck in a long queue for a Covid test? Can’t find any rapid antigen tests? Tell us about your experience,https://www.theguardian.com/world/2022/jan/05/australias-covid-surge-how-have-you-been-affected-by-shortages-of-pcr-and-rat-tests,https://media.guim.co.uk/f0c21be36cf12f182d7b169e58c46ad0f6b61ca6/0_0_5140_3083/500.jpg
06-01-2022,"France, Italy, Portugal, Turkey and Netherlands report record daily cases as Omicron surges – as it happened","France reports 332,252 new Covid cases as Italy, Portugal, Netherlands and Turkey all see record cases",https://www.theguardian.com/world/live/2022/jan/05/covid-news-live-delhi-imposes-weekend-curfew-macron-limits-social-life-for-unvaccinated-in-france,https://media.guim.co.uk/51276519b0a1e15de1591c6d0f754bd858d60676/0_573_8640_5184/500.jpg
07-01-2022,Military deployed at London hospitals due to Omicron staff shortages,"Support, which includes 40 army doctors, shows ministers can no longer ignore scale of understaffing, union leaders say ",https://www.theguardian.com/world/2022/jan/07/military-deployed-at-london-hospitals-due-to-omicron-staff-shortages,https://media.guim.co.uk/3f662afede5045315b448d91e6b0d2512ec3d5e1/0_63_3500_2101/500.jpg
08-01-2022,"Covid live: no need for fourth jab yet, UK advisers say; Germany toughens hospitality restrictions – as it happened",UK experts say protection against hospitalisation still 90% three months after booster; Germany also cuts isolation for boosted people after a Covid contact,https://www.theguardian.com/world/live/2022/jan/07/covid-news-live-bolsonaro-criticises-plans-to-vaccinate-young-children-as-brazil-cases-soar,https://media.guim.co.uk/dce8325484188bf4d274728f4166b46a5011b03b/0_215_6000_3600/500.jpg
09-01-2022,Colston protester says Tories are misusing their acquittals to fan flames of culture war,"Rhian Graham, cleared of criminal damage for her part in toppling the statue of the slave trader, says a vital debate about Britain’s history is being hijacked",https://www.theguardian.com/world/2022/jan/09/colston-protester-says-tories-are-misusing-their-acquittals-to-fan-flames-of-culture-war,https://media.guim.co.uk/6233f9652f2abaf0ca9fbee792a4a3641ce73dea/0_80_5238_3143/500.jpg
10-01-2022,‘I’m more worried than excited about the future’: Japan’s Coming of Age Day tinged with anxiety,20-year-olds contemplate an uncertain future shaped by the coronavirus pandemic and Japan’s skewed demographics,https://www.theguardian.com/world/2022/jan/10/im-more-worried-than-excited-about-the-future-japans-coming-of-age-day-tinged-with-anxiety,https://media.guim.co.uk/81afe2ecfdef91925031dd40ad1857b01b768e9e/188_668_5672_3406/500.jpg
11-01-2022,Record numbers admitted to US hospitals with coronavirus; Sweden to introduce stricter curbs – as it happened,"Over 132,000 patients currently on US wards with Covid; Swedish measures include work from home mandate",https://www.theguardian.com/world/live/2022/jan/10/covid-live-news-40-of-israel-could-be-infected-in-current-wave-germany-to-study-rapid-antigen-test-reliability-for-omicron,https://media.guim.co.uk/8a8309384e77ae0b4372e2047918b8743f43971b/0_49_4788_2873/500.jpg
12-01-2022,"Matt Hancock tests positive for Covid; France confirms record 368,149 new cases – as it happened",Former UK health secretary contracts virus for a second time; French health officials had been expected to announce record-breaking infections,https://www.theguardian.com/world/live/2022/jan/11/covid-news-live-pfizer-says-omicron-specific-vaccine-could-be-available-by-march-mexico-president-tests-positive-again,https://media.guim.co.uk/60f6a22b5a5bd5b18e2ae5d5b65a9facd717d191/0_145_4756_2854/500.jpg
13-01-2022,UK reports nearly 400 virus-linked deaths; German chancellor calls for mandatory jabs – as it happened,"UK reports 129,587 new positive Covid-19 cases and 398 more deaths; Germany should make vaccinations mandatory for adults, says Olaf Scholz",https://www.theguardian.com/world/live/2022/jan/12/covid-news-live-boosters-not-viable-strategy-against-new-variants-who-warns-quebec-to-impose-health-tax-on-unvaccinated,https://media.guim.co.uk/88bc66cdede267f10eb80c54a038d1a21df50fa1/91_0_4318_2592/500.jpg
14-01-2022,Fear of war dips in Taiwan despite rise in US-China tensions over island,Annual poll finds Taiwanese fear of conflict in coming months has fallen 15 percentage points in the past year,https://www.theguardian.com/world/2022/jan/14/fear-war-dips-in-taiwan-despite-us-china-tensions-poll,https://media.guim.co.uk/30482449527627a144315bea2ab98a4264a4a774/0_18_3500_2101/500.jpg
15-01-2022,Scepticism in uneasy Kazakhstan as president promises reform,Thousands of people still in jail after protests while behind-the-scenes power struggle continues,https://www.theguardian.com/world/2022/jan/15/scepticism-kazakhstan-president-promises-reform,https://media.guim.co.uk/ea0e8712581e795b4e8895e36ae2e6698b84df27/0_334_8140_4883/500.jpg
16-01-2022,Kazakhstan authorities raise death toll from unrest to 225,"Prosecutor says dead include security forces and ‘armed bandits’, with toll dramatically increased from previous figures",https://www.theguardian.com/world/2022/jan/16/kazakhstan-authorities-raise-death-toll-from-unrest-to-225,https://media.guim.co.uk/b355733213acd8eab48f4dc847b126bad18fdee3/0_0_5000_3002/500.jpg
17-01-2022," Boris Johnson broke the law, says Keir Starmer; UK records 70,924 new cases – as it happened",Latest updates: UK Labour leader says PM broke lockdown rules and then lied; latest daily UK figures do not include Scotland,https://www.theguardian.com/world/live/2022/jan/16/covid-news-live-novak-djokovic-deported-australia-visa-coronavirus-boris-johnson-party-latest-updates,https://media.guim.co.uk/6a24b9e86d71282b9cb209132cedf7157676db38/247_55_2758_1656/500.jpg
18-01-2022,Lords inflict multiple defeats on ministers with misogyny voted a hate crime,Peers vote 242-185 for heavier penalties in England and Wales as ministers lose 14 divisions,https://www.theguardian.com/society/2022/jan/18/government-defeated-as-lords-vote-to-make-misogyny-a-hate,https://media.guim.co.uk/a4de725dbeab290345c1eafbc607bdc57bb5f6a0/0_56_3500_2101/500.jpg
19-01-2022,New Zealand closes borders to new arrivals over ‘unprecedented’ Omicron risk,Citizens without existing booking blocked from returning home after minister says quarantine facilities are under ‘extreme pressure’,https://www.theguardian.com/world/2022/jan/19/new-zealand-closes-borders-to-new-arrivals-over-unprecedented-omicron-risk,https://media.guim.co.uk/0e80064909b4d6993dd7b6715ca9a5b8b2f28830/0_232_3500_2101/500.jpg
20-01-2022, Joe Biden thinks Russia will attack Ukraine – but will face a ‘stiff price’,US president alarms government in Kyiv by saying Nato was divided on how to respond to ‘minor incursion’,https://www.theguardian.com/world/2022/jan/19/russia-could-act-against-ukraine-at-any-moment-says-us,https://media.guim.co.uk/47fd0d33e895b21e3ef7b999d4f6abeb594fd102/0_0_6000_3600/500.jpg
21-01-2022,France to ease restrictions; Austrian parliament approves mandatory vaccination – as it happened,French PM says from February work from home guidance will be changed and nightclubs reopen; Austria will have Europe’s first universal jabs mandate,https://www.theguardian.com/world/live/2022/jan/20/covid-news-live-who-recommends-lifting-international-travel-bans-and-abolishing-proof-of-vaccination-requirements,https://media.guim.co.uk/a4df64dc784038bded923ce5f32172b724ec39dd/0_318_7131_4279/500.jpg
22-01-2022,At least 13 killed after immense explosion rocks western Ghana,"The blast, which flattened hundreds of buildings, followed a collision between a truck carrying mining explosives and a motorcycle",https://www.theguardian.com/world/2022/jan/20/ghana-explosion-apiate-mining-vehicle,https://media.guim.co.uk/fb20a7a714820c34ccfcef6b59c759cb676bb862/0_0_1800_1080/500.jpg
23-01-2022,Coronavirus live: Japan and Poland report record cases; Germany seven-day rate at new high,Concerns about new Omicron offshoot in England; France to bring in strict restrictions for unvaccinated people,https://www.theguardian.com/world/live/2022/jan/22/coronavirus-live-japan-and-taiwan-report-omicron-surges-ireland-lifts-restrictions,https://media.guim.co.uk/4b45209bd6337c70a73c0be61f80a1d16211db16/0_19_5406_3244/500.jpg
24-01-2022,"74,799 more cases reported in UK; Russia breaks daily infection record – as it happened",This blog is now closed,https://www.theguardian.com/world/live/2022/jan/23/covid-news-boris-johnson-partygate-no-10-swipe-card-data,https://media.guim.co.uk/aab62068f7bf4ecd7d5d44996738f7074b48aa6c/0_34_4902_2941/500.jpg
25-01-2022,Covid outbreak strikes Australian aid ship bound for virus-free Tonga ,Twenty-three sailors on HMAS Adelaide test positive as Peter Dutton says boat will be kept at sea to ensure no threat to the Pacific nation,https://www.theguardian.com/world/2022/jan/25/covid-outbreak-strikes-australian-aid-ship-bound-for-virus-free-tonga,https://media.guim.co.uk/547fa3bf008fea2ac44cad96148e3f8be11ce4b6/0_248_5157_3094/500.jpg
26-01-2022, ‘Once-in-a-lifetime opportunity’: the stunning comeback of a tornado-wrecked town,"Joplin, Missouri, was left unrecognizable after the 2011 disaster. Its recovery offers lessons for other communities",https://www.theguardian.com/world/2022/jan/25/lessons-from-tornado-joplin-missouri-disaster-recovery,https://media.guim.co.uk/0bc3a925498899b07775a40b8f5ae25c97f41427/0_183_3000_1801/500.jpg
27-01-2022,UK reports 346 daily deaths; Denmark aims to end all restrictions – as it happened,"UK also records over 102,000 daily cases; Danish plan would mean most far-reaching easing among Nordic countries",https://www.theguardian.com/world/live/2022/jan/26/covid-news-live-johnson-to-face-mps-as-report-into-lockdown-parties-looms-the-netherlands-to-reopen-bars-and-cafes,https://media.guim.co.uk/fff3e66bef15dca46919109eb8b2373b9114bc0c/0_60_2361_1418/500.jpg
28-01-2022,"Reckless to leave 3bn unvaccinated while easing England rules, experts say",Scientists tell Boris Johnson that failure to help poorer countries means new variants will put thousands at risk in UK,https://www.theguardian.com/world/2022/jan/28/uk-covid-vaccine-stance-global-vaccination-levels-reckless-experts,https://media.guim.co.uk/0024e7a437a7a43351b274922f61f9fec44de38a/0_117_3500_2100/500.jpg
29-01-2022,"US to heighten troop presence in eastern Europe, says Biden","The Pentagon has already placed 8,500 troops on stand-by in response to Russia’s build-up near Ukraine’s border",https://www.theguardian.com/world/2022/jan/28/us-troops-eastern-europe-joe-biden,https://media.guim.co.uk/0d79a703ddf9110c3dae1f45c7fff2df6293f776/0_273_4096_2458/500.jpg
30-01-2022,Hillsong founder Brian Houston steps down as leader of church,Houston says he made the decision after consulting with the church’s leadership and legal counsel<br>,https://www.theguardian.com/world/2022/jan/30/hillsong-founder-brian-houston-steps-down-as-leader-of-church,https://media.guim.co.uk/ebfd106f0d8e40a1a7d6ec9c863b70a0d6f91583/0_137_4064_2438/500.jpg
31-01-2022,Spotify to add advisory notices to podcasts mentioning Covid; protests in Prague over curbs – as it happened,Czech demonstrators are opposed to measures such as a restaurant ban for the unvaccinated; Harry and Meghan express concerns to Spotify about misinformation on platform,https://www.theguardian.com/world/live/2022/jan/30/covid-live-news-coronavirus-boris-johnson-sue-gray-downing-street-latest-updates,https://media.guim.co.uk/670f6ef2d81a10952e296bcffc0d968a5174f6ab/0_0_6720_4032/500.jpg
01-02-2022,Israel military officers dismissed over death of Palestinian-American at checkpoint,"Antony Blinken pressed to investigate West Bank death of 78-year-old who was handcuffed, gagged and left by soldiers last month",https://www.theguardian.com/world/2022/feb/01/israel-military-officers-dismissed-over-death-of-palestinian-american-at-checkpoint,https://media.guim.co.uk/554f05dbf69d2c7fdc25bb967365f6b6fb2f2fc4/177_536_2553_1532/500.jpg
02-02-2022,Covid robbed Kyoto of foreign tourists – now it is not sure it wants them back,City that had 8 million overseas visitors in 2019 – including free-spending parties of Chinese people – is getting used to the peace and quiet,https://www.theguardian.com/world/2022/feb/02/covid-robbed-kyoto-of-foreign-tourists,https://media.guim.co.uk/4bea83c9ef65783002816248193a946c007333cb/0_499_4032_2419/500.jpg
03-02-2022,Covid news: Anger as Tory MP says lockdown breach ‘like parking fine’; Germany could relax restrictions in March – as it happened,Pfizer-BioNTech seeks US approval for under-5s Covid inoculation; Lithuania to scrap Covid pass on Saturday,https://www.theguardian.com/world/live/2022/feb/02/covid-live-news-france-to-ease-some-restrictions-tsunami-hit-tonga-enters-lockdown,https://media.guim.co.uk/77af80209d9e1b339755903416801821efc8d424/2_401_5712_3428/500.jpg
04-02-2022,‘We’re all nervous’: NZ’s Covid tsar Chris Hipkins admits uncertainty over border reopening,The minister responsible for New Zealand’s pandemic response says the future is ‘still something that’s the subject of models rather than reality’,https://www.theguardian.com/world/2022/feb/04/were-all-nervous-nzs-covid-tsar-chris-hipkins-admits-uncertainty-over-border-reopening,https://media.guim.co.uk/b48948550c41ba8a913aa1bc693fd3ee2df468eb/0_269_8079_4850/500.jpg
05-02-2022,"Turkey reports daily record of 111,157 new cases – as it happened",Turkish daily death toll highest in four months as cases surge;<strong> </strong>UK health agency says number of cases each day could be rising,https://www.theguardian.com/world/live/2022/feb/04/covid-live-blog-india-deaths-pass-500000-canada-rules-out-military-response-to-vaccine-protests,https://media.guim.co.uk/652d1416a205e5eb63a9cc5bf399dcade1f3c285/0_240_4075_2446/500.jpg
06-02-2022,Peru’s prime minister to step down after allegations of domestic violence,Héctor Valer confirms resignation just four days after being named for the post,https://www.theguardian.com/world/2022/feb/06/perus-prime-minister-to-step-down-after-allegations-of-domestic-violence,https://media.guim.co.uk/205e5e618af604a8f598d79e105aab87002d09ca/0_1271_2333_1400/500.jpg
07-02-2022,New Zealand Māori party calls for a ‘divorce’ from Britain’s royal family,Party co-leader Rawiri Waititi said the move was ‘an opportunity to reimagine a more meaningful and fulfilling partnership’,https://www.theguardian.com/world/2022/feb/07/new-zealand-maori-party-calls-for-a-divorce-from-britains-royal-family,https://media.guim.co.uk/f72eaedbf544f514d7741c4dc7342c09460da958/0_0_2821_1692/500.jpg
08-02-2022,Ottawa protesters turn to Christian crowdfunding site after GoFundMe snub,GoFundMe blocked fundraising after Canadian city declared emergency over protests against vaccine mandates,https://www.theguardian.com/global/2022/feb/07/gofundme-criticism-pulling-funding-ottawa-protests,https://media.guim.co.uk/f46799415b6ba0d45fcf1b6f848d0252355afb24/0_448_6720_4032/500.jpg
09-02-2022,"Covid live: Italy and Spain to ease mask mandate; UK records 66,183 new cases – as it happened ",Italy and Spain relax rules on wearing masks in outdoor spaces; UK records 314 Covid-related deaths,https://www.theguardian.com/world/live/2022/feb/08/covid-live-news-hong-kong-faces-more-restrictions-after-record-cases-canada-warns-us-republicans-against-protest-interference,https://media.guim.co.uk/4fcab6fb166d8cddf46619ec6e08a44fb3e149e3/307_170_2705_1623/500.jpg
10-02-2022,Covid news: Sweden scraps almost all restrictions and testing despite pleas from scientists; Spain’s King Felipe tests positive – as it happened,Sweden scraps almost all of its few restrictions and stops most testing; Spain’s King Felipe tests positive after displaying mild symptoms,https://www.theguardian.com/world/live/2022/feb/09/covid-live-news-hong-kong-set-for-record-daily-cases-help-for-poor-nations-failing-says-who,https://media.guim.co.uk/8dc3ca6a67d6abe6a380f3da61a69d37c6eae168/0_314_3500_2100/500.jpg
11-02-2022,"Covid news: Spain drops mandatory use of face masks outdoors; UK reports another 66,638 daily cases – as it happened","Face coverings still required in indoor public spaces in Spain;<strong> </strong>UK records 66,638 daily infections and 206 Covid-linked deaths",https://www.theguardian.com/world/live/2022/feb/10/covid-live-news-support-for-authoritarianism-grows-in-pandemic-nz-sees-record-cases-amid-protests,https://media.guim.co.uk/b7a2f5d4854dc5d1923c30c3294b893e3a224f93/0_439_8218_4931/500.jpg
12-02-2022,"If Blinken’s visit to Fiji is aimed at curtailing Chinese influence, he has his work cut out for him | Shailendra Singh","As the US downsized its presence in the Pacific, China happily stepped into the vacuum; a lightning visit from the Secretary of State won’t convince Fiji to turn on its ally",https://www.theguardian.com/world/2022/feb/12/if-blinkens-visit-to-fiji-aims-to-curtail-chinese-influence-he-has-his-work-cut-out-for-him,https://media.guim.co.uk/1a6c1380da457d7022b8770473216e4773251f37/0_84_3181_1908/500.jpg
13-02-2022,"I’ll fight to overturn US ban on my ‘Queer Bible’, says British author ",Former model Jack Guinness caught up in furore over Mississippi mayor’s attempt to withhold funding for library until ‘homosexual materials’ are withdrawn,https://www.theguardian.com/world/2022/feb/13/ill-fight-to-overturn-us-ban-on-my-queer-bible-says-jack-guinness-british-author,https://media.guim.co.uk/7dfeaff2b8ea9ce5e37ab33a330555a03ec126ce/353_2700_5354_3210/500.jpg
14-02-2022,‘Countdown to war’: how the papers covered fears of an imminent Ukraine invasion,Front pages focus on the diplomatic efforts of Boris Johnson and Olaf Scholz amid warnings Russia could invade within days,https://www.theguardian.com/world/2022/feb/14/countdown-to-war-how-the-papers-covered-fears-of-an-imminent-ukraine-invasion,https://media.guim.co.uk/db1ae312ae2ef2dfb3a42237bc21126c882f0728/0_0_2500_1500/500.jpg
15-02-2022,"Coronavirus live: UK records 41,648 new cases and 35 Covid-linked deaths; French protest convoy reaches Brussels – as it happened ","UK cases down 30% on the previous week, with weekly deaths down 27.2%; 500 French vehicles arrive in Brussels to protest against Covid measures",https://www.theguardian.com/world/live/2022/feb/14/covid-news-live-england-delays-plan-to-vaccinate-children-aged-5-11-hong-kong-overwhelmed-by-fifth-covid-wave,https://media.guim.co.uk/7b40aa4cb1ecd7ec6828d61b8772bd2c43886b81/0_232_3500_2101/500.jpg
16-02-2022,"Disabled children should exercise for 20 minutes a day, first UK guidelines say",Chief medical officers’ recommendations also include strength and balance activities three times a week,https://www.theguardian.com/society/2022/feb/16/disabled-children-should-exercise-for-20-minutes-a-day-first-uk-guidelines-say,https://media.guim.co.uk/134f835c317a25b25726e73e0fcb0bd338c85b0d/0_71_2119_1271/500.jpg
17-02-2022,"Russia still building forces on Ukraine border, says top Nato official","Nato secretary general contradicts Vladimir Putin’s claim of ‘partial’ withdrawal, as US official says Russia has increased troops by 7,000",https://www.theguardian.com/world/2022/feb/16/russia-still-building-forces-on-ukraine-border-says-top-nato-official,https://media.guim.co.uk/32fcd4001985969746e0800344950a2f547e565f/0_167_5000_3000/500.jpg
18-02-2022, Protesters defy police presence in Ottawa after officers warn of crackdown,Justin Trudeau says ‘high time these illegal and dangerous activities stop’ after nearly three weeks in Canadian capital,https://www.theguardian.com/world/2022/feb/17/canada-trucker-protest-police-crackdown,https://media.guim.co.uk/878c7872cac8877112c8d86074d092dd0ac7ce27/0_4_3477_2087/500.jpg
19-02-2022,Canadian police arrest at least 100 protesters in bid to break up Ottawa truck blockade,At least 21 vehicles towed as police start breaking up protest camp that has paralysed Canada’s capital for several weeks,https://www.theguardian.com/world/2022/feb/18/trucker-convoy-protest-canada-ottawa-police-arrests-latest-news,https://media.guim.co.uk/26f9c4dc85dfbb89130ed282742ab9539928e1c6/0_116_3500_2101/500.jpg
20-02-2022,EU praises ‘restraint’ of Kyiv government; Blinken denounces Kremlin claims – as it happened,European Council urges Moscow to ‘de-escalate’ its military buildup; Ukrainian president Volodymyr Zelenskiy says global security architecture is failing,https://www.theguardian.com/world/live/2022/feb/19/russia-ukraine-news-crisis-latest-putin-biden-kyiv-russian-invasion,https://media.guim.co.uk/92d99f772774644a20844e3f0029ed96c2ba6e01/0_338_5063_3038/500.jpg
21-02-2022,We all have different expectations of behaviour as Omicron spreads in NZ – being considerate is key | Sarb Johal,Life can be tough for everyone and we never know what another person may be experiencing – take a breath to consider before you speak,https://www.theguardian.com/world/commentisfree/2022/feb/21/we-all-have-different-expectations-of-behaviour-as-omicron-spreads-in-nz-being-considerate-is-key,https://media.guim.co.uk/3f08af6196d10e6cd0c4652260e56dd658a9c31e/0_286_5270_3163/500.jpg
22-02-2022,Germany to begin rollout of Novavax’s jab; New Zealand to end vaccine mandates after Omicron peak,Latest updates: Germany hopes protein-based vaccine comparable to flu jabs will help sway people sceptical of mRNA vaccines,https://www.theguardian.com/world/live/2022/feb/21/covid-news-live-boris-johnson-end-restrictions-england-new-zealand-vaccine-mandate-omicron-coronavirus,https://media.guim.co.uk/2e8dce9578726837b89855f21d6ad1acc0a4c21c/0_107_1600_960/500.jpg
23-02-2022,UK lost up to £16bn due to fraud and error in Covid loans schemes,Parliament spending watchdog demands Treasury come up with estimates and how much it intends to recover,https://www.theguardian.com/world/2022/feb/23/uk-lost-up-to-16bn-due-to-and-error-in-covid-loans-schemes,https://media.guim.co.uk/992ba82f8c19bb3b64a18bada72365da31400184/374_794_4546_2727/500.jpg
24-02-2022,From tuna fishing to teen love: the producer behind K-pop’s biggest stars ,"Bumzu is one of the most influential people in K-pop, helping shape South Korea’s multibillion-dollar global music business",https://www.theguardian.com/world/2022/feb/24/bumzu-producer-behind-k-pops-biggest-stars-south-korea,https://media.guim.co.uk/b9010c0fb2084bc0364392fab987219ab1e3d32e/0_577_6250_3746/500.jpg
25-02-2022,"England’s Covid vaccine drive good value for money at £8.3bn, says NAO",Spending watchdog praises everyone involved in programme but warns of ‘substantial risks’ to future success,https://www.theguardian.com/world/2022/feb/25/england-covid-vaccine-drive-good-value-for-money-pounds-83bn-nao-spending-watchdog,https://media.guim.co.uk/6608138c8cce4945bc7b6cbfd1de0eba6770f43d/0_180_5501_3300/500.jpg
26-02-2022,UN resolution deploring invasion vetoed – as it happened,Reports say artillery rounds and large blasts were heard in Ukrainian capital; Russia vetoes UN resolution deploring invasion of Ukraine,https://www.theguardian.com/world/live/2022/feb/25/russia-ukraine-invasion-latest-news-live-updates-russian-war-vladimir-putin-explosions-bombing-invades-kyiv,https://media.guim.co.uk/3d1fee47a848ed154dd377058e35b65efca3307c/0_263_3500_2100/500.jpg
27-02-2022,Swift action at last brings meaningful sanctions against Putin regime,"Selected Russian banks banned from global payments system, while Russian central bank will find it harder to spend $500bn war chest",https://www.theguardian.com/world/2022/feb/27/swift-action-at-last-brings-meaningful-sanctions-against-putin-regime,https://media.guim.co.uk/62339dd419e3b700d297ab91dd99dd57379385bb/0_400_6000_3600/500.jpg
28-02-2022,Liz Truss criticised for backing Britons who wish to fight in Ukraine,Present and former Conservatives warn that anyone volunteering for combat in embattled country will be breaking the law,https://www.theguardian.com/world/2022/feb/27/liz-truss-says-she-would-back-britons-going-to-ukraine-to-fight-russia,https://media.guim.co.uk/54c8b1e1b44dacdc3658d35ef10df1e5e360c0e4/0_223_5784_3471/500.jpg
01-03-2022,‘Horrendous’ rocket attack kills civilians in Kharkiv as Moscow ‘adapts its tactics’,Footage shows dozens of Grad missiles raining down on centre of Ukraine’s second biggest city,https://www.theguardian.com/world/2022/feb/28/ukraine-several-killed-by-russian-rocket-strikes-in-civilian-areas-of-kharkiv,https://media.guim.co.uk/956057bc6afc8e4244d217c1c4108aa36ee2618b/0_235_960_576/500.jpg
02-03-2022,‘Our fates are united’: Syrians rally behind Ukraine after years of Russian torment,"Bombed and menaced by an unchecked Putin since 2015, Syrians hope the tide might be finally turning",https://www.theguardian.com/world/2022/mar/02/our-fates-are-united-syrians-rally-behind-ukraine-after-years-of-russian-torment,https://media.guim.co.uk/d798aed4a0912f73d2aecbd4fcc58ccc5f48b0a5/0_231_5268_3162/500.jpg
03-03-2022,‘This is a moment’: New Zealand reckons with aftermath as smoke clears on violent protests,"Occupation a confronting shift in tone from first two years of pandemic, which were characterised by high support for government",https://www.theguardian.com/world/2022/mar/03/this-is-a-moment-new-zealand-reckons-with-aftermath-as-smoke-clears-on-violent-protests,https://media.guim.co.uk/6b7e675ef09ec3e26e29b415aa29ef7ef3972fbc/0_203_5000_3001/500.jpg
04-03-2022,NZ’s parliament protests were frightening but they don’t mean the country is splintering | Max Rashbrooke,Disagreement is a sign of healthy democratic debate not of dysfunction – and hard-core conspiracists remain marginal,https://www.theguardian.com/world/commentisfree/2022/mar/04/nzs-parliament-protests-were-frightening-but-they-dont-mean-the-country-is-splintering,https://media.guim.co.uk/bba40403a2cf4755e15b2b454d8c4ad1d12c4daf/0_119_3589_2154/500.jpg
05-03-2022,Eminent writers urge Russian speakers to tell truth of war in Ukraine,"Use ‘all possible means of communication’ to directly contact Russian citizens, 17 signatories say",https://www.theguardian.com/world/2022/mar/05/eminent-writers-urge-russian-speakers-to-tell-truth-of-war-in-ukraine,https://media.guim.co.uk/98354d88f5d490c4e849e32e8f75075ee9eb6346/0_50_3543_2126/500.jpg
06-03-2022,Russia-Ukraine war: what we know on day 11 of the Russian invasion,Ukrainian president Volodymyr Zelenskiy discusses more support with US leader Joe Biden as Russia’s attacks on Ukraine intensifyRussia-Ukraine war: live updates,https://www.theguardian.com/world/2022/mar/06/russia-ukraine-war-what-we-know-on-day-11-of-the-russian-invasion,https://media.guim.co.uk/127ef86cca828dd5affecf9ad5137929f538a7e5/0_0_6000_3600/500.jpg
07-03-2022,"Chatham Islands, one of world’s most remote places, records first Covid cases","The islands, 800km east of New Zealand, had been among several other isolated nations and territories that had so far evaded the virus",https://www.theguardian.com/world/2022/mar/07/chatham-islands-one-of-worlds-most-remote-places-records-first-covid-cases,https://media.guim.co.uk/544574a33ee05e6db736bfe0528e4e5d4da7530e/0_207_6201_3721/500.jpg
08-03-2022,Unsung heroine who saved refugees from Nazis honoured in Leeds,"Esther Simpson saved hundreds of scholars, calling it the academic equivalent of the kindertransport",https://www.theguardian.com/world/2022/mar/08/unsung-heroine-who-saved-refugees-from-nazis-honoured-in-leeds,https://media.guim.co.uk/ccf453204692d85e038aeb357e83ddd33e1c930a/0_9_2518_1510/500.jpg
09-03-2022,‘We will fight until the end’: how the papers covered Zelenskiy’s Commons speech,Ukraine president’s echoing of Winston Churchill in emotional speech to British MPs reverberates across the front pages,https://www.theguardian.com/world/2022/mar/09/we-will-fight-until-the-end-how-the-papers-covered-zelenskiys-commons-speech,https://media.guim.co.uk/7585e059d7345e1d98bf73718e8c0b96fbdaf506/0_0_2500_1500/500.jpg
10-03-2022,Mariupol bombing: before and after satellite images show destruction in Ukraine city,"More than 1,000 people have been killed by Russian shelling, says mayor, amid outcry over attacks on residential areas and maternity hospital",https://www.theguardian.com/world/2022/mar/10/mariupol-bombing-ukraine-before-and-after-satellite-images-map-russian-attack-residential-maternity-childrens-hospital,https://media.guim.co.uk/32a6101fcbeb0bafd28cf63c85381addc06b4bd6/0_96_752_451/500.jpg
11-03-2022,Ardern’s Labour party slips to second in New Zealand polling for first time since pandemic began,Jacinda Ardern remains preferred prime minister but her party records worst polling since 2017 amid Covid surge and rising living costs,https://www.theguardian.com/world/2022/mar/11/ardern-labour-party-slips-to-second-new-zealand-polling,https://media.guim.co.uk/02e66800d256c884676874c860839cc3d504a0de/0_0_4008_2405/500.jpg
12-03-2022,"Russia has a history of using chemical weapons, US tells UN – as it happened ","Russian forces edging closer to capital, satellite images show; US tells the UN that Russia has a history of using chemical and biological weapons, after Russia warned about the potential for the ‘uncontrolled spread of bio agents’",https://www.theguardian.com/world/live/2022/mar/11/russia-ukraine-war-latest-news-we-are-dealing-with-a-terrorist-state-says-zelenskiy-biden-plans-fresh-russian-trade-crackdown-live,https://media.guim.co.uk/04290fdeecf10ca4f7fb977eb452075a7554eced/0_255_4000_2400/500.jpg
13-03-2022,Kyiv ‘ready to fight’ as Russian forces close in on Ukraine capital,Ukrainian president warns of ‘humanitarian catastrophe’ as hundreds of thousands of civilians remain under fire across country,https://www.theguardian.com/world/2022/mar/12/kyiv-ready-to-fight-as-russian-forces-close-in-ukraine-capital,https://media.guim.co.uk/d6f4f1a0f4399fc5f6ee796c0471b5ddec3d495f/0_6_6492_3895/500.jpg
14-03-2022,UK to donate more than 500 mobile generators to Ukraine,"Units will help provide power for key buildings such as hospitals, shelters and water treatment plants",https://www.theguardian.com/world/2022/mar/14/uk-to-donate-more-than-500-mobile-generators-to-ukraine,https://media.guim.co.uk/adc992cf2282b341dab5fa4d50f6e5f510ee2d6d/0_46_3000_1801/500.jpg
15-03-2022,"China has already decided to send economic aid to Russia in Ukraine conflict, US officials fear",Jake Sullivan’s Rome meeting with Chinese counterpart left US officials pessimistic about steering Beijing away from backing Moscow ,https://www.theguardian.com/world/2022/mar/15/china-has-already-decided-to-send-economic-aid-to-russia-in-ukraine-conflict-us-officials-fear,https://media.guim.co.uk/0203872de2bb1af1a8e600183fc6ff317cbe3b31/0_365_5414_3249/500.jpg
16-03-2022,‘Europe stands with you’: EU leaders vow support for Ukraine during Kyiv visit,"Leaders of Poland, the Czech Republic and Slovenia express ‘unequivocal support’ for Ukraine after making perilous journey by train to meet Zelenskiy",https://www.theguardian.com/world/2022/mar/15/polish-czech-and-slovenian-prime-ministers-travel-to-kyiv-ukraine,https://media.guim.co.uk/5fe258d9cdf8cce4fb306d88a0ae178e5f920004/0_77_1024_614/500.jpg
17-03-2022,Mariupol: Russia accused of bombing theatre and swimming pool sheltering civilians,Ukraine authorities say hundreds of people were hiding in theatre and that convoy of cars leaving besieged city was also shelled,https://www.theguardian.com/world/2022/mar/16/mariupol-ukraine-russia-seized-hospital,https://media.guim.co.uk/1b09b11d406c2b6baeec342c05c833e57095828c/0_267_958_575/500.jpg
18-03-2022,Ministers failed to allow parliament opportunity to scrutinise UK Covid laws,A cross-party committee of MPs said the Coronavirus Act was passed in an ‘unsatisfactory’ manner,https://www.theguardian.com/world/2022/mar/18/ministers-failed-to-allow-parliament-opportunity-to-scrutinise-uk-covid-laws,https://media.guim.co.uk/7ea72a634227843a715f46de16df31ec8d288f88/0_233_3500_2100/500.jpg
19-03-2022,Jewellery industry accused of silence over Russian diamonds,Insiders say current sanctions do nothing to halt flow of Russian gems to the west because majority are exported rough and get reclassified in India,https://www.theguardian.com/world/2022/mar/19/jewellery-industry-accused-of-silence-over-russian-diamonds,https://media.guim.co.uk/bad51a748ae7a1b113217bfcf302af0ccf6357e0/0_420_3500_2100/500.jpg
20-03-2022,5m people in England to be offered Covid booster jabs ,"Vaccine available to care home residents, people aged 75 and over, and immunosuppressed aged 12 and over",https://www.theguardian.com/world/2022/mar/20/5m-people-in-england-to-be-offered-covid-booster-jabs,https://media.guim.co.uk/23e6c9accbc7c60a4992ae3a10f28be2a27dd30b/0_116_3500_2101/500.jpg
21-03-2022,NHS rollout of second Covid booster jabs begins in England,"Offer of top-up dose to over-75s, care home residents and those who are immunocompromised follows JCVI advice last month",https://www.theguardian.com/world/2022/mar/21/nhs-rollout-second-covid-booster-jab-begins-in-england,https://media.guim.co.uk/ae857c402a306239adea34a086c410d4cd2c69b9/0_35_3960_2375/500.jpg
22-03-2022,‘Absolutely terrible’: two women dead after violent incident at Malmö school,"No reports of gunfire, police say, as man aged 18 arrested on suspicion of murder",https://www.theguardian.com/world/2022/mar/21/sweden-two-injured-after-suspected-serious-at-malmo-school,https://media.guim.co.uk/ab5420e2d82c238b1aa48eae23f7267a8f42c386/0_54_3500_2100/500.jpg
23-03-2022,‘A new beginning’: New Zealand to drop Covid vaccine passes and mandates ,"PM Jacinda Ardern, who oversaw some of the toughest restrictions in the world, says rules will relax after Omicron peak in early April",https://www.theguardian.com/world/2022/mar/23/a-new-beginning-new-zealand-to-drop-covid-vaccine-passes-and-mandates,https://media.guim.co.uk/2a141ba247bf2e4f32b2f7ab5db29fbf0a5c71a8/0_99_5472_3283/500.jpg
24-03-2022,Covid outbreaks in Samoa and Vanuatu chip away at Pacific islands’ virus-free status ,Case numbers in the two Pacific nations have exploded over past week following first cases of community transmissionRead all our coronavirus coverage,https://www.theguardian.com/world/2022/mar/24/covid-outbreaks-in-samoa-and-vanuatu-chip-away-at-pacific-islands-virus-free-status,https://media.guim.co.uk/342656f6282f0411fc2047a021691a4d5b4a2397/632_798_6088_3653/500.jpg
25-03-2022,‘More than just a game’: Moana Pasifika rugby provides story of hope for the islands | Thomas Airey,Players hope to inspire fans when the new Super Rugby team plays in front of a crowd for the first time on Friday,https://www.theguardian.com/world/2022/mar/25/more-than-just-a-game-moana-pasifika-rugby-provides-story-of-hope-for-the-islands,https://media.guim.co.uk/9886c82e7f31358627e20a00a11a72f1d5bee6dd/0_309_4722_2833/500.jpg
26-03-2022,Russia-Ukraine war: what we know on day 31 of the invasion,Ukraine’s president again calls on Russia to negotiate while Emmanuel Macron is trying assemble a coalition to evacuate civilians from Mariupol,https://www.theguardian.com/world/2022/mar/26/russia-ukraine-war-what-we-know-on-day-31-of-the-invasion,https://media.guim.co.uk/3a757e78e51f0892b8ee1b0f385ea111b99fd248/0_201_8640_5184/500.jpg
27-03-2022,North Korea may be preparing for nuclear test soon – report,"‘Shortcut’ tunnel at Punggye-ri nuclear testing centre could see it operational within a month, sources tell South Korean news agency",https://www.theguardian.com/world/2022/mar/27/north-korea-may-be-preparing-for-nuclear-test-soon-report,https://media.guim.co.uk/0ab8e478f6b5320c15deb0edd0dd5691718886bf/0_9_2500_1500/500.jpg
28-03-2022,The drone operators who halted Russian convoy headed for Kyiv,"Special IT force of 30 soldiers on quad bikes is vital part of Ukraine’s defence, but forced to crowdfund for supplies",https://www.theguardian.com/world/2022/mar/28/the-drone-operators-who-halted-the-russian-armoured-vehicles-heading-for-kyiv,https://media.guim.co.uk/6bd088a88eb2a15831827cb1cae0550a7653613d/1196_370_6260_3757/500.jpg
29-03-2022,Solomon Islands prime minister says foreign criticism of China security deal ‘very insulting’,Manasseh Sogavare says it is ‘utter nonsense’ that China’s presence is a threat to regional stability,https://www.theguardian.com/world/2022/mar/29/solomon-islands-prime-minister-says-foreign-criticism-of-china-security-deal-very-insulting,https://media.guim.co.uk/ff6fed1bc4019558f5d3c9db3e93f83cf15da58a/0_143_5000_3002/500.jpg
30-03-2022,Ukraine has offered neutrality in talks with Russia – what would that mean?,Ukraine says it may accept neutrality if the West provides binding security guarantees but legal hurdles remain,https://www.theguardian.com/world/2022/mar/30/ukraine-offer-neutrality-meaning-constitution-russia-what-does-neutral-status-country-mean-how-would-it-work,https://media.guim.co.uk/f6a6e01d99275c890999f47cfd8eb754cc1cb313/0_0_5724_3434/500.jpg
31-03-2022,Major jewellers to cease buying Russian-origin diamonds after increased scrutiny,"Several big name brands including Tiffany, Pandora and Chopard announce a pause on buying raw materials of Russian origin amid war in Ukraine",https://www.theguardian.com/world/2022/mar/31/major-jewellers-to-cease-buying-russian-origin-diamonds-after-increased-scrutiny,https://media.guim.co.uk/74dc3cad6549f050f1ecfee1eca768108d3f5846/61_0_3378_2029/500.jpg
01-04-2022,Cannabis sprouts in New Zealand parliament garden in protesters’ parting pot-shot,"Seedlings, apparently planted by anti-Covid mandate protesters, have been removed after speaker asked for ‘weed to be weeded’",https://www.theguardian.com/world/2022/apr/01/cannabis-sprouts-in-new-zealand-parliament-garden-in-protesters-parting-pot-shot,https://media.guim.co.uk/ff0aca3aa0478869c4e96a973337378812980fda/0_918_3024_1814/500.jpg
02-04-2022,Russia-Ukraine war: what we know on day 38 of the Russian invasion,"Volodymyr Zelenskiy says Russia is trying to recruit conscripts from Crimea, as Kyiv denies being behind oil depot attack",https://www.theguardian.com/world/2022/apr/02/russia-ukraine-war-what-we-know-on-day-38-of-the-russian-invasion,https://media.guim.co.uk/1088ab1197448b999f7cb6487d998586d6a0d239/0_282_5000_3002/500.jpg
03-04-2022,Russia-Ukraine war: what we know on day 39 of the Russian invasion,Russian retreat reveals evidence of execution of civilians and mass graves; Kremlin ‘accepts’ Ukraine’s position on all issues bar Crimea,https://www.theguardian.com/world/2022/apr/03/russia-ukraine-war-what-we-know-on-day-39-of-the-russian-invasion,https://media.guim.co.uk/91b11d903d0eb4b08148f1cc108e24027a872d74/0_12_3500_2100/500.jpg
04-04-2022,‘Massacre of innocents’: how the papers covered Russia’s atrocities in Bucha,Accusations of war crimes and calls for tougher sanctions feature on Monday’s front pages amid horror at civilian killings by Russian troops,https://www.theguardian.com/world/2022/apr/04/massacre-of-innocents-how-the-papers-covered-russias-atrocities-in-bucha,https://media.guim.co.uk/ce9c9c5c5cc2f1d07f37753348b5dd8a93ca9978/0_0_2472_1483/500.jpg
05-04-2022,New Zealand’s Covid strategy was one of the world’s most successful – what can we learn from it? | Michael Baker and Nick Wilson,This pandemic and future pandemic threats will remain challenging – New Zealand needs to build on its achievements,https://www.theguardian.com/world/commentisfree/2022/apr/05/new-zealands-covid-strategy-was-one-of-the-worlds-most-successful-what-can-it-learn-from-it,https://media.guim.co.uk/32a1ac04a93210530010780b17e83af655019808/0_169_5093_3057/500.jpg
06-04-2022,"Dr Ashley Bloomfield, who led New Zealand’s pandemic response, resigns",Softly-spoken public servant who became a household name says the role had been challenging and complex,https://www.theguardian.com/world/2022/apr/06/dr-ashley-bloomfield-who-led-new-zealands-pandemic-response-resigns,https://media.guim.co.uk/c7a80738882bce6baf3cf7f32d1943806ff4c0a0/0_0_5324_3195/500.jpg
07-04-2022,Court hears US hostage’s emotional letter to father as IS trial continues,"Peter Kassig, who was later killed, described paralysis and hope and offered words of comfort to his family",https://www.theguardian.com/world/2022/apr/06/islamic-state-trial-peter-kassig-el-shafee-elsheikh,https://media.guim.co.uk/7847aebec2940b3564874f1384abe045a70c177c/0_4_4500_2700/500.jpg
08-04-2022,Brand or church? Hillsong is facing a day of reckoning,Several years of scandals and a culture of secrecy has led to calls for an overhaul of the global Pentecostal megachurch,https://www.theguardian.com/world/2022/apr/08/brand-or-church-how-hillsong-is-facing-a-day-of-reckoning,https://media.guim.co.uk/5c9920d96252566e26c384bc7b767f9518a3618b/0_57_4508_2705/500.jpg
09-04-2022,Hillsong founder Brian Houston says megachurch ‘losing its soul’ after it makes his wife redundant,"Houston, who resigned as global senior pastor last month, attacks church he founded in online post",https://www.theguardian.com/world/2022/apr/09/hillsong-founder-brian-houston-says-megachurch-losing-its-soul-after-it-makes-his-wife-redundant,https://media.guim.co.uk/0950a199d22f28232c7f2f917b07bf7076f25053/0_200_6000_3600/500.jpg
10-04-2022,Ceramic cockerels surprise Boris Johnson and Volodymyr Zelenskiy on Kyiv walk,"‘I’m from London’ says British PM. ‘I know, I’m from Kharkiv,’ says bystander proffering traditional jugs that in the war have come to symbolise Ukrainian resilience",https://www.theguardian.com/world/2022/apr/10/ceramic-cockerels-surprise-boris-johnson-and-volodymyr-zelenskiy-on-kyiv-walk,https://media.guim.co.uk/50b6d5c02a1ff3fdb70ea2e79a8ec074f639e273/560_345_1849_1110/500.jpg
11-04-2022,New Caledonia leader calls for France to grant independence vote to counter China’s ‘omnipresence’ in Pacific,"Pro-independence parties boycotted last year’s referendum on a split from France, arguing Covid made campaigning too difficult",https://www.theguardian.com/world/2022/apr/11/new-caledonia-leader-calls-for-france-to-grant-independence-vote-to-counter-chinas-omnipresence-in-pacific,https://media.guim.co.uk/3df9ecda68614b18a26a5e88aa086ab4e0a5684e/0_43_1280_768/500.jpg
12-04-2022,Russia ‘using weapons smuggled by Iran from Iraq against Ukraine’,Iraqi militias and others say undercover networks being used to supply materiel such as RPGs and anti-tank missiles,https://www.theguardian.com/world/2022/apr/12/russia-using-weapons-smuggled-by-iran-from-iraq-against-ukraine,https://media.guim.co.uk/98d43f197139517c920f0f9d2e993f25c6438b5e/0_150_2250_1350/500.jpg
13-04-2022,Joe Biden accuses Vladimir Putin of committing genocide in Ukraine,US president says Russian leader is ‘trying to wipe out the idea of even being Ukrainian’ in comments welcomed by Volodymyr Zelenskiy,https://www.theguardian.com/world/2022/apr/13/joe-biden-accuses-vladimir-putin-of-committing-genocide-in-ukraine,https://media.guim.co.uk/61d0658611749e188f8c66cde49855def526ea8c/0_328_5568_3341/500.jpg
14-04-2022,Russia-Ukraine war: what we know on day 50 of the invasion,Russia defence ministry says entire crew of Moskva warship evacuated after ammunition blast; Ukraine earlier claimed it had struck the cruiser Russia-,https://www.theguardian.com/world/2022/apr/14/russia-ukraine-war-what-we-know-on-day-50-of-the-invasion,https://media.guim.co.uk/d3cfc6b010a81c5337628aee8e015c90493ae9e1/0_117_3500_2101/500.jpg
15-04-2022,Australia on alert after new Omicron XE Covid variant found in NSW,The combination of BA.2 and BA.1 is thought to be highly contagious and comes as mandatory negative Covid tests for travellers to Australia is scrapped,https://www.theguardian.com/world/2022/apr/15/australia-on-alert-after-new-omicron-xe-covid-variant-found-in-nsw,https://media.guim.co.uk/879f3d5d403d495da458f6d3aed11a4ba7f85eac/0_112_3200_1920/500.jpg
16-04-2022,Russia-Ukraine war: what we know on day 52 of the invasion,Ukraine braces for revenge attacks after Russian warship Moskva sunk; bodies of more than 900 civilians found in Kyiv region,https://www.theguardian.com/world/2022/apr/16/russia-ukraine-war-what-we-know-on-day-52-of-the-invasion,https://media.guim.co.uk/86f091f39ae02a556bbf7b2786020113ea2df000/0_128_3500_2100/500.jpg
17-04-2022,"Mariko Yugeta, the 63-year-old limbering up to run a sub-three-hour marathon",The Japanese runner finds age no barrier and may even challenge the world record she already holds in Monday’s Boston marathon,https://www.theguardian.com/world/2022/apr/17/mariko-yugeta-the-63-year-old-limbering-up-to-run-a-sub-three-hour-marathon,https://media.guim.co.uk/112c1337d76fe6d92685bb39244439fccefd90a6/0_136_1318_791/500.jpg
18-04-2022,"Charred houses, cratered lawns and an epic clean-up on road to Chernihiv",Ukrainians living in territory vacated by Russian forces are counting the cost of occupation,https://www.theguardian.com/world/2022/apr/18/chernihiv-ukrainians-territory-russia-occupation-kyiv,https://media.guim.co.uk/565a9279499fc5a4d30c8e8152721fe5d82702e5/0_188_3872_2324/500.jpg
19-04-2022,Russia begins large-scale military action to seize eastern Ukraine,Ukrainian president announces assault but declares: ‘We will fight. We will not give up anything Ukrainian’,https://www.theguardian.com/world/2022/apr/18/russia-begins-large-scale-military-action-to-seize-eastern-ukraine,https://media.guim.co.uk/09f7950565632422dd259590a5adf43df84e84fe/0_151_3500_2101/500.jpg
20-04-2022,Russian tycoon Oleg Tinkov denounces ‘insane war’ in Ukraine ,The businessman says ‘90% of Russians’ are against Ukraine invasion and calls on the west to give Putin a clear exit,https://www.theguardian.com/world/2022/apr/20/russian-tycoon-oleg-tinkov-denounces-insane-war-in-ukraine,https://media.guim.co.uk/2aef1cd2030cf4eb657e6513c27312a95a76c056/0_0_3500_2100/500.jpg
21-04-2022,‘A difficult time’: why popular TV series Pachinko was met with silence in Japan,"Experiences of <em>zainichi,</em> brought over as labourers, highlights bitter historical legacy between South Korea and Japan that still lingers",https://www.theguardian.com/world/2022/apr/21/pachinko-tv-series-korea-japan-min-jin-lee,https://media.guim.co.uk/437ee55ea642a05f696705d8391c265a2f947962/0_317_6000_3600/500.jpg
22-04-2022,Seven die in fire at Russia defence institute – reports,Fire at a weapons research facility in Tver was followed hours later by reports of a blaze at key chemical plant in Kineshma,https://www.theguardian.com/world/2022/apr/22/die-in-fire-at-russia-defence-institute,https://media.guim.co.uk/ee5b7d6076ed38ab7ced1a809e48d53ee9f0c170/0_75_3049_1828/500.jpg
23-04-2022,Russia-Ukraine war: what we know on day 59 of the invasion,Zelenskiy warns Russia’s invasion of Ukraine just the ‘beginning’ as the Kremlin will push to capture other countries,https://www.theguardian.com/world/2022/apr/23/russia-ukraine-war-what-we-know-on-day-59-of-the-invasion,https://media.guim.co.uk/6c9666e56d04f6745f7f46f763ccc3b41ee958a3/0_497_7360_4415/500.jpg
24-04-2022,Russia-Ukraine war: what we know on day 60 of the Russian invasion,Volodymyr Zelenskiy to meet US secretary of state Antony Blinken in Kyiv on Sunday as Russia continues attacks on southern and eastern Ukraine,https://www.theguardian.com/world/2022/apr/24/russia-ukraine-war-what-we-know-on-day-60-of-the-russian-invasion,https://media.guim.co.uk/2c8f008a81b3914c83c2d862fcaa04354efb002f/0_0_4928_2957/500.jpg
25-04-2022,Russia-Ukraine war: what we know on day 61 of the invasion,"After Kyiv meeting, US secretary of state says ‘Russia is failing’ while defence secretary insists Ukraine ‘can win’",https://www.theguardian.com/world/2022/apr/25/russia-ukraine-war-what-we-know-on-day-61-of-the-invasion,https://media.guim.co.uk/df6807a6a306e6645a4e127987af81b6feafd80d/0_228_3963_2378/500.jpg
26-04-2022,Free media in Hong Kong almost completely dismantled – report ,Government crackdown has cleared market for an expanded pro-Beijing and state-owned media sector,https://www.theguardian.com/world/2022/apr/26/free-media-in-hong-kong-almost-completely-dismantled-report,https://media.guim.co.uk/fbdf9c50831125ab18520820bb1d71844cc356d1/0_132_2000_1200/500.jpg
27-04-2022,Massacre in Tadamon: how two academics hunted down a Syrian war criminal,"After a rookie militiaman secretly watched a video of 41 people being brutally killed, he knew he had to get the horrific images to the outside world",https://www.theguardian.com/world/2022/apr/27/massacre-in-tadamon-how-two-academics-hunted-down-a-syrian-war-criminal,https://media.guim.co.uk/fd44e7ef02f6dad607cc73f6017f1122f112f661/29_36_5842_3506/500.jpg
28-04-2022,"Russia deploys trained dolphins at Black Sea naval base, satellite images show","Two dolphin pens were moved to the Sevastopol harbor base in February, concluded the US Naval Institute’s review",https://www.theguardian.com/world/2022/apr/27/russia-black-sea-military-dolphins-crimea,https://media.guim.co.uk/fbe1e672e6a27827c7092bcbfcb6652ef1b5ba0b/0_121_4320_2592/500.jpg
29-04-2022,No excuses: testing Tokyo’s anti-procrastination cafe,"Would the nagging, stiff chairs and coffee refills at the Manuscript Writing Cafe help Justin McCurry hit his deadline?",https://www.theguardian.com/world/2022/apr/29/slackers-barred-testing-tokyos-anti-procrastination-cafe,https://media.guim.co.uk/690de13ac1a65529c0c6b26aa3e3da868ed31eac/0_252_3408_2045/500.jpg
30-04-2022,Russia-Ukraine war: what we know on day 66 of the invasion,Ukraine claims Russia has suffered ‘colossal’ losses as Pentagon press secretary condemns Putin’s ‘cruelty and depravity’,https://www.theguardian.com/world/2022/apr/30/russia-ukraine-war-what-we-know-on-day-66-of-the-invasion,https://media.guim.co.uk/3d9f8b87ee310fbaf6ff77f2d15a6f4efe6ae074/17_143_5983_3590/500.jpg
01-05-2022,"‘Troll factory’ spreading Russian pro-war lies online, says UK","St Petersburg outfit hijacks discussions on Twitter, TikTok, world leaders’ social accounts and media websites, as well as manipulating opinion polls",https://www.theguardian.com/world/2022/may/01/troll-factory-spreading-russian-pro-war-lies-online-says-uk,https://media.guim.co.uk/112bf23691a3779c4f6f84e84a046d025902d07c/0_132_1823_1094/500.jpg
02-05-2022,"Songs, tears and reunions: New Zealand welcomes back visitors as border reopens after two years",Vaccinated people from about 60 visa-waiver countries now able to enter as part of pandemic reopening plan,https://www.theguardian.com/world/2022/may/02/songs-tears-and-reunions-new-zealand-welcomes-back-tourists-as-border-reopens-after-two-years,https://media.guim.co.uk/9afee430ab09d0e72c4d2519ce6367e877a10d1a/116_58_4741_2845/500.jpg
03-05-2022,"Pacific nations walk geopolitical tightrope over Ukraine war, as nuclear legacy looms","Pacific leaders have broadly lambasted the Russian assault, but some countries have resisted outright condemnation of the superpower",https://www.theguardian.com/world/2022/may/03/pacific-nations-walk-geopolitical-tightrope-over-ukraine-war-as-nuclear-legacy-looms,https://media.guim.co.uk/9a1da033c7f542c3fab607ae5d1cf878905e037d/0_388_7827_4699/500.jpg
04-05-2022,Russia steps up Azovstal siege as freed civilians reach Zaporizhzhia,Volodymyr Zelenskiy says 156 people managed to escape Mariupol while Red Cross says many are still trapped at steelworks,https://www.theguardian.com/world/2022/may/03/russia-steps-up-attack-on-azovstal-plant-as-convoy-arrives-in-zaporizhzhia,https://media.guim.co.uk/9aa34e26748df8ae04e610d5652436df1b35eebf/0_498_7471_4485/500.jpg
05-05-2022,Christchurch attack inquiry to examine if Australian terrorist was radicalised online,Muslim group say coroner’s decision to include gunman’s social media activity in investigation a ‘landmark moment for the accountability of digital platforms’,https://www.theguardian.com/world/2022/may/05/christchurch-attack-inquiry-to-examine-if-australian-terrorist-was-radicalised-online,https://media.guim.co.uk/43eefa646fbff893fc010ce17255d8c7628cb6e0/0_386_6720_4032/500.jpg
06-05-2022,Russia-Ukraine war: what we know on day 72 of the invasion,"Russia violated its promise of Mariupol ceasefire, Kyiv says, as US says it shared intel on the location of Moskva cruiser sunk by Ukraine",https://www.theguardian.com/world/2022/may/06/russia-ukraine-war-what-we-know-on-day-72-of-the-invasion,https://media.guim.co.uk/559f2325206ac4b4e80661aecc2a0fb3e8ae2062/0_292_3500_2101/500.jpg
07-05-2022,Russia-Ukraine war: what we know on day 73 of the invasion,"Zelenskiy says Mariupol being ‘tortured to death’, as UN security council omits words ‘war’ and ‘invasion’ from its first statement",https://www.theguardian.com/world/2022/may/07/russia-ukraine-war-what-we-know-on-day-73-of-the-invasion,https://media.guim.co.uk/7f308f6508654c1091716b3809360a9b98afa868/0_346_5183_3110/500.jpg
08-05-2022,Jacinda Ardern forced into isolation after partner tests positive to Covid,New Zealand prime minister reveals Clarke Gayford’s diagnosis in a Mother’s Day post on Instagram,https://www.theguardian.com/world/2022/may/08/jacinda-ardern-forced-into-isolation-after-partner-tests-positive-to-covid,https://media.guim.co.uk/f58e54d5782ed2ef1d7f1932b1f90ad28ef2b5a7/0_6_3000_1800/500.jpg
09-05-2022,‘I didn’t think we would make it’: last wave of Azovstal evacuees reach safety,"After two months sheltering in besieged city of Mariupol, civilians arrived in Ukraine-held Zaporizhzhia exhausted and with few possessions",https://www.theguardian.com/world/2022/may/09/last-wave-azovstal-steel-plant-evacuees-mariupol-reach-safety-zaporizhzhia-ukraine,https://media.guim.co.uk/6149afb03160a1fe220a4d3fdff4662dc21f0a3c/0_86_3559_2137/500.jpg
10-05-2022,"Pulitzer prize for Ukraine journalists rewards courageous, truthful reporting",Special citation comes as at least seven journalists have died since Russian invasion,https://www.theguardian.com/world/2022/may/10/pulitzer-prize-for-ukraine-journalists-rewards-courageous-truthful-reporting,https://media.guim.co.uk/b8928c6e26a4465d7c85d53f6a46aa687f30fb08/0_143_4240_2545/500.jpg
11-05-2022,‘How many more months should we suffer?’: Indonesians struggle with pricey cooking oil,Indonesia’s ban on cooking oil exports has failed to address supply shortages and lower prices of the key ingredient,https://www.theguardian.com/world/2022/may/11/how-many-more-months-should-we-suffer-indonesians-struggle-with-pricey-cooking-oil,https://media.guim.co.uk/65b2c7c36a9d3dee852ef7a82a67a3416088c432/213_209_4547_2729/500.jpg
12-05-2022,"Russia-Ukraine war updates: peace talks harder ‘with each new Bucha’, says Zelenskiy - as it happened",UK signs security assurance declarations with Sweden and Finland; Ukraine leader says discovery of atrocities makes peace negotiations harder,https://www.theguardian.com/world/live/2022/may/11/russia-ukraine-war-zelenskiy-says-ukrainian-forces-gradually-pushing-occupiers-away-from-kharkiv-live,https://media.guim.co.uk/410bd246855a9f3f79a90054292689d14205461e/0_576_8640_5184/500.jpg
13-05-2022,New Zealand’s presbyterian church will offer future land sales to Māori iwi first,The major landowner says it has been on the ‘other side of history’ and wants to honour treaty,https://www.theguardian.com/world/2022/may/13/new-zealands-presbyterian-church-will-offer-future-land-sales-to-maori-iwi-first,https://media.guim.co.uk/5a6ce25a8c367f4d702c2f631af22a72873309d2/0_165_5151_3091/500.jpg
14-05-2022,The Japanese hunger striker demanding an end to US bases in Okinawa,"As island prepares to mark 50 years since Okinawa was returned to Japanese sovereignty, Jinshiro Motoyama is in no mood to celebrate",https://www.theguardian.com/world/2022/may/14/the-japanese-hunger-striker-demanding-an-end-to-us-bases-in-okinawa,https://media.guim.co.uk/4d16192511832f99b2c2f754dcdef63baf171b3a/0_250_4000_2401/500.jpg
15-05-2022,Zelenskiy hails Ukraine’s Eurovision win and plans to ‘one day’ host final in Mariupol,Ukraine president said ‘victorious chord’ in war with Russia was not far off as nation celebrates Kalush Orchestra’s win,https://www.theguardian.com/world/2022/may/15/zelenskiy-hails-ukraines-eurovision-win-and-plans-to-one-day-host-final-in-mariupol,https://media.guim.co.uk/76e831a66e7bd890c4064efb3d57e74bbd0a2621/0_298_6000_3600/500.jpg
16-05-2022,Russia-Ukraine war: what we know on day 82 of the invasion,Sweden follows Finland in application to join Nato; Nato pledges open-ended military support to Ukraine; British intelligence estimates Russia has lost a third of invasion force,https://www.theguardian.com/world/2022/may/16/russia-ukraine-war-what-we-know-on-day-82-of-the-invasion,https://media.guim.co.uk/0905f40c2540c2bfbdda3200ca3e81fbd164241d/0_222_3360_2016/500.jpg
17-05-2022,"Scott Morrison’s Aukus middleman has not lobbied US officials since landmark deal announced, document shows",US foreign lobbying register filings reveal Prof Donald Winter has not carried out any ‘representational activities’ since Aukus deal was announced,https://www.theguardian.com/world/2022/may/17/scott-morrisons-aukus-middleman-has-not-lobbied-us-officials-since-landmark-deal-announced-document-shows,https://media.guim.co.uk/29d7a920bcf3c2c1dbe8f541bb31f5a908dd8790/0_0_4200_2520/500.jpg
18-05-2022,Reader callout: tell us about your encounters with urban birdlife in New Zealand,Research shows that regenerating urban forests draws native bird life back into cities – have you seen more birds in your neighbourhood?,https://www.theguardian.com/world/2022/may/18/reader-callout-tell-us-about-your-encounters-with-urban-birdlife-in-new-zealand,https://media.guim.co.uk/1d3c81a9ff6594366f49b8bec61ca76d55b8829b/0_210_7976_4786/500.jpg
19-05-2022,North Korea promotes traditional medicines in bid to fight Covid outbreak,State media have told patients to use painkillers as well as unverified home remedies such as willow leaf tea,https://www.theguardian.com/world/2022/may/19/north-korea-promotes-traditional-medicines-in-bid-to-fight-covid-outbreak,https://media.guim.co.uk/901f40dee4d92bd100238604532ac50f7cd794e4/0_48_2800_1681/500.jpg
20-05-2022,New Zealand budget might disappoint left but could help Labour win re-election | Morgan Godfery,In previous years we saw a tantalising glimpse of Grant Robertson as ‘Red Robbo’ – but moderation may win back centrists,https://www.theguardian.com/world/commentisfree/2022/may/20/new-zealand-budget-might-disappoint-left-but-could-help-labour-win-re-election,https://media.guim.co.uk/4171b3282f1e4f885484b760795b4251cebe7962/0_9_4232_2540/500.jpg
21-05-2022,India’s wheat farmers count cost of 40C heat that evokes ‘deserts of Rajasthan’,The ban on wheat exports highlights the effect a rapidly warming planet has on food security – and livelihoods,https://www.theguardian.com/world/2022/may/21/india-wheat-farmers-40c-heat-food-security,https://media.guim.co.uk/dccd7bb747780b37d2ebe8689faee4dbf6ced565/0_433_4032_2419/500.jpg
22-05-2022,Ukrainian women fear childcare issues will affect their ability to work in UK,Mothers shocked by the cost as charities urge government to step in,https://www.theguardian.com/world/2022/may/22/ukrainian-women-fear-childcare-issues-will-affect-their-ability-to-work-in-uk,https://media.guim.co.uk/f8a324a12ef5cf773527b13a36e5fb7b47b5cc26/0_906_2661_1596/500.jpg
23-05-2022,"Airstrikes target Mykolaiv and Donbas regions; Ukraine EU bid could take 20 years, says French minister – as it happened","Russia ministry of defence says forces targeting command centres, troops, and ammunition depots; French Europe minister says necessary to be honest",https://www.theguardian.com/world/live/2022/may/22/russia-ukraine-war-zelenskiy-says-only-diplomacy-can-end-war-polish-president-to-address-ukraine-parliament-in-kyiv-live,https://media.guim.co.uk/4e81d522949e88cda8027a73cbca1b6d67cceedd/0_0_5616_3370/500.jpg
24-05-2022,Russia-Ukraine war: what we know on day 90 of the invasion,A veteran Russian diplomat has resigned over his country’s invasion of Ukraine as a Kyiv court sentences a Russian soldier to life in prison,https://www.theguardian.com/world/2022/may/24/russia-ukraine-war-what-we-know-on-day-90-of-the-invasion,https://media.guim.co.uk/07cd5067d78a0f2b5fcc65f0d5af13517cb6a98a/0_166_7691_4617/500.jpg
25-05-2022,Russia-Ukraine war: what we know on day 91 of the invasion,"Invasion in ‘most active phase’, says Ukraine; Russian forces take control of three Donetsk regions; 200 bodies found in Mariupol basement",https://www.theguardian.com/world/2022/may/25/russia-ukraine-war-what-we-know-on-day-91-of-the-invasion,https://media.guim.co.uk/b38cfd66e022e534d7b4e035929e3813b643a122/0_0_6000_3600/500.jpg
26-05-2022,Five things we learned about China’s ambitions for the Pacific from the leaked deal | Anna Powles,The draft communique reveals the ambitious scope of Beijing’s intent in the Pacific and a coherent desire from China to seek to shape the regional order,https://www.theguardian.com/world/2022/may/26/five-things-we-learned-about-chinas-ambitions-for-the-pacific-from-the-leaked-deal,https://media.guim.co.uk/36af5157d7686ef637742adc76918624926f9c58/0_92_5000_3002/500.jpg
27-05-2022, Zelenskiy complains about divisions inside the European Union over more sanctions against Russia – as it happened,"<strong>This live blog is now closed, you can find our latest coverage of the Russia-Ukraine war here</strong>",https://www.theguardian.com/world/live/2022/may/26/russia-ukraine-war-latest-russia-says-it-will-reopen-black-sea-ports-live,https://media.guim.co.uk/9803b576127c9eae60efed6cc3ac2109c3b337a9/390_0_5850_3512/500.jpg
28-05-2022,"More than 4,000 civilians have died since Russia invaded, says UN – as it happened",Officials appeal for more western help as Russian forces pound region; Independent report says enough evidence to conclude Russia is inciting genocide,https://www.theguardian.com/world/live/2022/may/27/russia-ukraine-war-latest-russian-attack-kills-9-civilians-in-kharkiv-zelenskiy-accuses-moscow-of-genocide-in-donbas-live,https://media.guim.co.uk/cdfe026fe7d8d278858d8527d9569e3fb6a5aa17/0_168_3000_1800/500.jpg
29-05-2022,Russia-Ukraine war: what we know on day 95 of the invasion,"Ukraine pleads for heavy weapons as Russia advances in the east, claiming to have captured strategically important Lyman",https://www.theguardian.com/world/2022/may/29/russia-ukraine-war-what-we-know-on-day-95-of-the-invasion,https://media.guim.co.uk/6718e878f51fbcf3f2f20b3b43bfd710f8444cca/0_83_6000_3600/500.jpg
30-05-2022,‘China in mind’: Japan mulls beefing up military as Ukraine war rings alarm,Country could double spending and acquire ‘first-strike’ capability in shift away from defensive postwar posture,https://www.theguardian.com/world/2022/may/30/japan-china-defence-ukraine-war-russia,https://media.guim.co.uk/afb9147f49d44668129d50680c9565136aa7efa3/0_133_4000_2400/500.jpg
31-05-2022,‘People are going to die’: crisis-hit Sri Lanka runs out of medicine,Economic crisis is becoming health crisis as the country is unable to afford to import essential supplies,https://www.theguardian.com/world/2022/may/31/people-are-going-to-die-crisis-hit-sri-lanka-runs-out-of-medicine,https://media.guim.co.uk/a85f2d8dc7b85075180363fbc3084d3631c70f3d/0_0_5174_3106/500.jpg
01-06-2022,Russia-Ukraine war: what we know on day 98 of the invasion,Sievierodonetsk mostly under Russian control; Russia further cuts gas supplies to Europe; seed bank in Kharkiv at risk,https://www.theguardian.com/world/2022/jun/01/russia-ukraine-war-what-we-know-on-day-98-of-the-invasion,https://media.guim.co.uk/7997a0f79aae71c06790b719b96ef0944c368361/0_232_3500_2101/500.jpg
02-06-2022,Russian forces now control more than two-thirds of Sievierodonetsk – as it happened,"<strong>This live blog is now closed, you can find our latest coverage of the Russia-Ukraine war here</strong>",https://www.theguardian.com/world/live/2022/jun/01/russia-ukraine-war-biden-approves-medium-range-rocket-systems-to-bolster-ukraine-defences-live,https://media.guim.co.uk/cfea02037859f720e6c6e33462207927a01551ee/639_514_2788_1673/500.jpg
03-06-2022,"Ukraine has had ‘some success’ in the battles in Sievierodonetsk, Zelenskiy says – as it happened","<strong>This live blog is now closed, you can find our latest coverage of the Russia-Ukraine war here</strong>",https://www.theguardian.com/world/live/2022/jun/02/russia-ukraine-war-latest-zelenskiy-says-243-children-so-far-killed-in-war-russia-claims-latest-us-weapons-package-is-direct-provocation-live,https://media.guim.co.uk/798af12da55d1ecdd94cfdb712603f8141ec5c41/1636_127_4412_2647/500.jpg
04-06-2022,Russia-Ukraine war: what we know on day 101 of the invasion,"US general in Finland to back Nato bid; 14 million Ukrainians displaced in conflict, says UN; Macron says Putin isolated after ‘historic error’",https://www.theguardian.com/world/2022/jun/04/russia-ukraine-war-what-we-know-on-day-101-of-the-invasion,https://media.guim.co.uk/04b1b9b47ff5e3cca5fa050aff17dcd857bfabb0/0_173_3300_1980/500.jpg
05-06-2022,Russia-Ukraine war: what we know on day 102 of the invasion,Ukrainian forces push back in Sievierodonetsk and Kyiv rebukes Emmanuel Macron for saying Russia must not be humiliated,https://www.theguardian.com/world/2022/jun/05/russia-ukraine-war-what-we-know-on-day-102-of-the-invasion,https://media.guim.co.uk/7a41477b34e668dbe66796a7276fe218324ffeec/0_129_2200_1321/500.jpg
06-06-2022,Putin warns that Moscow will hit new targets if the west supplies Ukraine with long-range missiles – as it happened,"<strong>This live blog is now closed, you can find our latest coverage of the Russia-Ukraine war here</strong>",https://www.theguardian.com/world/live/2022/jun/05/russia-ukraine-war-latest-explosions-shake-kyiv-macron-rebuked-for-saying-russia-cant-be-humiliated-live,https://media.guim.co.uk/5b1a2934596d7dba21aa0cfa1897336d19c94c37/0_173_3500_2099/500.jpg
07-06-2022,Archivists rush to preserve records of atrocities under Ferdinand Marcos Sr,Survivors fear documents may vanish when Philippine dictator’s son assumes office after election victory,https://www.theguardian.com/world/2022/jun/07/archivists-rush-to-preserve-records-of-atrocities-under-ferdinand-marcos-sr-philippines,https://media.guim.co.uk/1b7edcc964fcb260e4b960d32a32848b9b8ef70f/0_73_3500_2100/500.jpg
08-06-2022,"Pacific leaders reach crucial deal to restore political unity, as China’s interest in region accelerates","The agreement, which stops the region’s key diplomatic body, PIF, from splitting, lifts a ‘big dark, dark cloud that has been hanging over the Pacific’",https://www.theguardian.com/world/2022/jun/08/pacific-leaders-reach-crucial-deal-to-restore-political-unity-as-chinas-interest-in-region-accelerates,https://media.guim.co.uk/ddefce191e69c9f0158a4cf04b089e1802ff6bdf/0_13_960_576/500.jpg
09-06-2022,Russian bombardment of Sievierodonetsk ‘pushes Ukrainian troops back to city’s outskirts’ – as it happened,"<strong>This live blog is now closed, you can find our latest coverage of the Russia-Ukraine war here<br></strong>",https://www.theguardian.com/world/live/2022/jun/08/russia-ukraine-war-latest-zelenskiy-vows-to-retake-territory-more-than-1000-ukrainian-prisoners-of-war-sent-to-russia-moscow-says-live,https://media.guim.co.uk/641d5b691c67848ba3015fca052368cc0fb7be1b/0_105_8382_5029/500.jpg
10-06-2022,Ukrainian troops plead for more artillery to offset Russia’s firepower in Sievierodonetsk – as it happened,"<strong>This live blog is now closed, you can find our latest coverage of the Russia-Ukraine war here</strong>",https://www.theguardian.com/world/live/2022/jun/09/russia-ukraine-war-latest-zelenskiy-says-sievierodonetsk-seeing-most-difficult-fighting-so-far-in-war-live,https://media.guim.co.uk/b8cbf0f1f635a23f74f72129906f196582107481/0_338_5472_3283/500.jpg
11-06-2022,Russia-Ukraine war: what we know on day 108 of the invasion,Cholera warning as Russia accused of razing high-rises in Mariupol without removing bodies; Serbia rejects call to impose Russia sanctions; fighting rages in Sievierodonetsk,https://www.theguardian.com/world/2022/jun/11/russia-ukraine-war-what-we-know-on-day-108-of-the-invasion,https://media.guim.co.uk/c77686f12478934879fb2ff03297907bd0b500b7/0_107_3000_1800/500.jpg
12-06-2022,‘China’s Taiwan’: Beijing’s defence minister rails against ‘smearing and interfering’ US ,Wei Fenghe says ties are at critical juncture and puts onus on United States to improve bilateral relationship,https://www.theguardian.com/world/2022/jun/12/chinas-taiwan-beijings-defence-minister-rails-against-smearing-and-interfering-us,https://media.guim.co.uk/6ec1723e77e5bd54f3b62ecc33c576379979989d/0_0_4326_2596/500.jpg
13-06-2022,The bodies of Ukrainian fighters killed during the Azovstal steelworks siege are still awaiting retrieval – as it happened,"<strong>This live blog is now closed, you can find our latest coverage of the Russia-Ukraine war here</strong>",https://www.theguardian.com/world/live/2022/jun/12/russia-ukraine-war-fierce-fighting-in-sievierdonetsk-as-eu-to-decide-on-ukraine-candidacy-live,https://media.guim.co.uk/39586d05f73c3595faaed5fb1250e9e8dfcdc1a8/0_67_3500_2101/500.jpg
14-06-2022,Russia-Ukraine war: what we know on day 111 of the invasion,Zelenskiy calls fighting in Sievierodonetsk ‘one of the most violent battles in Europe’ as Russia destroys all three bridges to city,https://www.theguardian.com/world/2022/jun/14/russia-ukraine-war-what-we-know-on-day-111-of-the-invasion,https://media.guim.co.uk/91219367d3be68ad6f768b3e5682d75db6fa018e/0_0_5472_3283/500.jpg
15-06-2022,"Ukraine’s forces suffering ‘painful losses’ in Donbas, Zelenskiy says – as it happened","<strong>This live blog is now closed, you can find our latest coverage of the Russia-Ukraine war here</strong>",https://www.theguardian.com/world/live/2022/jun/14/russia-ukraine-war-donbas-battles-most-brutal-europe-has-seen-zelenskiy-says-civilians-trapped-in-sievierodonetsk-live,https://media.guim.co.uk/ba5d29b12cdd8552e5e701f54191aa6964db1e15/0_243_4840_2904/500.jpg
16-06-2022,‘We won’t survive’: China’s migrant workers fear more lockdowns as Covid threat remains,"Shanghai’s lockdown left millions without income for months, with many still ‘desperate’ for work despite restrictions easing",https://www.theguardian.com/world/2022/jun/16/we-wont-survive-chinas-migrant-workers-fear-more-lockdowns-as-covid-threat-remains,https://media.guim.co.uk/a18a805d5282c33489b9e1594497fb4bef800fcc/335_386_3152_1892/500.jpg
17-06-2022,"Civilian evacuation from Sievierodonetsk plant ‘impossible’, says governor – as it happened","<strong>This live blog is now closed, you can find our latest coverage of the Russia-Ukraine war here</strong>",https://www.theguardian.com/world/live/2022/jun/16/russia-ukraine-war-european-leaders-expected-to-meet-in-kyiv-us-pledges-further-1bn-arms-package-live,https://media.guim.co.uk/9a820f1d21ecdc365986f8a0bedf163eb81724ad/0_59_3000_1801/500.jpg
18-06-2022,Russia-Ukraine war: what we know on day 115 of the invasion,Putin says he has ‘nothing against’ Ukraine membership of EU; German chancellor calls for direct talks with Russian leader to end war,https://www.theguardian.com/world/2022/jun/18/russia-ukraine-war-what-we-know-on-day-115-of-the-invasion,https://media.guim.co.uk/0c02cafe4942691c7861239537f35ae817be95b5/0_200_3000_1800/500.jpg
19-06-2022,Pervez Musharraf’s wish to return to Pakistan reopens debate about his rule,The exile who once led a military dictatorship is in hospital and a spokesperson has said his wish to come home should be granted,https://www.theguardian.com/world/2022/jun/19/pervez-musharrafs-wish-to-return-to-pakistan-reopens-debate-about-his-rule,https://media.guim.co.uk/bb1cae2dbdf6b4bcb4925f4064a4140f823cee63/0_218_2535_1522/500.jpg
20-06-2022,Ukraine’s forces remain on the defensive in the eastern Donbas region – as it happened ,"<strong>This live blog is now closed, you can find our latest coverage of the Russia-Ukraine war here</strong>",https://www.theguardian.com/world/live/2022/jun/19/russia-ukraine-war-nato-head-says-war-could-last-years-ukraine-governor-reports-tough-battles-near-sievierodonetsk-live,https://media.guim.co.uk/b97c1a73d7e8d3027c44b8bd6d9f63d57aa1e736/0_0_8256_4954/500.jpg
21-06-2022,"Russia gathering its forces to storm settlements near Sievierodonetsk, says Ukraine – as it happened","<br><strong>This live blog is now closed, you can find our latest coverage of the Russia-Ukraine war here</strong>",https://www.theguardian.com/world/live/2022/jun/20/russia-ukraine-war-zelenskiy-sounds-warning-as-eu-decision-nears-european-ministers-to-meet-on-grain-blockade-live-news,https://media.guim.co.uk/d1bbd0832be620993e60187825dffa64f350f8f7/0_154_3056_1833/500.jpg
22-06-2022,"‘We want justice, not fuel’: Sri Lanka’s Tamils on north-south divide","In the middle of a crippling economic crisis, demonstrating is a luxury the country’s Tamil minority cannot afford",https://www.theguardian.com/world/2022/jun/22/sri-lanka-tamils-protests-economic-crisis,https://media.guim.co.uk/5ebd82a0527cb7046e4aec1fbb7704dc55293a99/0_0_6240_3744/500.jpg
23-06-2022,"In the Philippines, a bun revives myths and misery of a bygone Marcos era","Marcos supporters say nutribuns remain a symbol of family’s commitment to the poor, for others they stoke memories of severe hardship",https://www.theguardian.com/world/2022/jun/23/in-the-philippines-a-bun-revives-myths-and-misery-of-a-bygone-marcos-era,https://media.guim.co.uk/1543c90856dbd1f38d91bd94a4ab7ff9d877aedf/0_121_3500_2101/500.jpg
24-06-2022,"Russia-Ukraine war: EU leaders to decide on Kyiv bid; Russia aims to turn Donbas cities into a Mariupol, Zelenskiy says – live news","<strong>This live blog is now closed, you can find our latest coverage of the Russia-Ukraine war here</strong>",https://www.theguardian.com/world/live/2022/jun/23/russia-ukraine-war-eu-leaders-to-decide-on-kyiv-bid-russia-aims-to-turn-donbas-cities-into-a-mariupol-zelenskiy-says-live-news,https://media.guim.co.uk/a794f3bc5dbc05a4a17f44c008952b8d918e8064/0_0_7360_4414/500.jpg
25-06-2022,Russia-Ukraine war: what we know on day 122 of the invasion,German gas prices could triple as Russia cuts supply; Ukrainian forces prepare Severodonetsk retreat; thousands of Black Sea dolphins killed,https://www.theguardian.com/world/2022/jun/25/russia-ukraine-war-what-we-know-on-day-122-of-the-invasion,https://media.guim.co.uk/2ff8889c073582f92ed4d805c359114a3884a6c2/0_423_6351_3811/500.jpg
26-06-2022,"Russia to send Belarus nuclear-capable missiles within months, as G7 leaders gather in Germany","Vladimir Putin again raises nuclear threat during Moscow’s invasion of Ukraine, as Olaf Scholz hosts G7 leaders to discuss energy and food crisis",https://www.theguardian.com/world/2022/jun/26/russia-to-send-belarus-nuclear-capable-missiles-within-months-as-g7-leaders-gather-in-germany,https://media.guim.co.uk/8523344c5b75e6b60b77316467aee9702ee6014b/478_251_5923_3553/500.jpg
27-06-2022,‘Show them our pecs’: G7 leaders mock Putin’s bare-chested horse-riding,Boris Johnson and Justin Trudeau poke fun at Russian president’s penchant for stripping off during photoshoots,https://www.theguardian.com/world/2022/jun/27/show-them-our-pecs-g7-leaders-mock-putins-bare-chested-horse-riding,https://media.guim.co.uk/1f0471c9870ec98b7ffa5283c0a75e72f4e3b461/0_275_8256_4954/500.jpg
28-06-2022,"Russian missile strikes hit Kremenchuk, Lysychansk and Kharkiv – as it happened",<strong> </strong>,https://www.theguardian.com/world/live/2022/jun/27/russia-ukraine-war-zelenskiy-to-address-g7-as-moscow-renews-attacks-on-kyiv-live,https://media.guim.co.uk/2341c8185512b27c228faffb6e7605667ede73d8/0_62_1280_768/500.jpg
29-06-2022,Jubilation and hope as convention puts final stamp on Chile’s new draft constitution,"Draft shifts country away from Pinochet-era document, enshrining cultural rights and laying out path of autonomy for Indigenous peoples",https://www.theguardian.com/world/2022/jun/29/jubilation-and-hope-as-convention-puts-final-stamp-on-chiles-new-draft-constitution,https://media.guim.co.uk/593fcfbd9b4f62369effc3d70da77647c968e6e5/0_179_5383_3230/500.jpg
30-06-2022,Nato leaders voice concern about threat China poses to world order for first time,"Beijing’s efforts to build up nuclear forces, hacking operations and increasingly close ties to Moscow are ‘serious challenges’, says Nato secretary general",https://www.theguardian.com/world/2022/jun/30/nato-leaders-voice-concern-about-threat-china-poses-to-world-order-for-first-time,https://media.guim.co.uk/fe361c84ed8b98d67a4d7e288963adce2e6c2604/161_0_3366_2022/500.jpg
01-07-2022,"A new ‘iron curtain’ is descending between Russia and the west, Russia’s foreign minister says – as it happened ","This live blog is now closed, you can find our latest coverage of the Russia-Ukraine war here",https://www.theguardian.com/world/live/2022/jun/30/russia-ukraine-war-nato-says-moscow-is-biggest-direct-threat-to-west-lysychansk-under-relentless-shelling-governor-says-live-news,https://media.guim.co.uk/f368013644df578187a389e8c9deb59e71dc904d/0_306_8154_4891/500.jpg
02-07-2022, Russia-Ukraine war: what we know on day 129 of the invasion,Ukraine nuclear plant surveillance systems restored; at least 14 Russian arms companies ‘have not been sanctioned’; warning on war’s environmental cost,https://www.theguardian.com/world/2022/jul/02/russia-ukraine-war-what-we-know-on-day-129-of-the-invasion,https://media.guim.co.uk/62cf40d22149cbe5645c17bf2e604d34de7ddd7d/0_0_1481_890/500.jpg
03-07-2022,Meeting of Afghan clerics ends with silence on education for girls,Elders call for international recognition but supreme leader tells foreign countries not to interfere,https://www.theguardian.com/world/2022/jul/03/meeting-of-afghan-clerics-ends-with-silence-on-education-for-girls,https://media.guim.co.uk/04eb30751f5bd1ff2bdf6024e6446cc3d0217667/0_329_5472_3283/500.jpg
04-07-2022,Copenhagen shooting: suspect charged after three killed in Denmark shopping centre attack,Twenty-two-year-old Danish man charged with manslaughter and will face court on Monday,https://www.theguardian.com/world/2022/jul/03/several-wounded-in-shooting-at-copenhagen-shopping-centre-say-police,https://media.guim.co.uk/e18a7dd1b43f13a48ff135ed311a23ea58c341ff/0_194_5808_3485/500.jpg
05-07-2022,Ukraine PM calls for confiscated assets from Russian oligarchs to fund recovery – as it happened,"<strong>This live blog is now closed, you can find our latest coverage of the Russia-Ukraine war here</strong>",https://www.theguardian.com/world/live/2022/jul/04/russia-ukraine-war-live-news-marshall-plan-volodymyr-zelenskiy-putin-russian-latest-updates,https://media.guim.co.uk/caa4419ead60bda103a38141b7cc8b4d4035777e/0_420_7332_4398/500.jpg
06-07-2022,Denmark PM decries ‘cruel and senseless’ Copenhagen shooting as thousands attend memorial,"Mette Frederiksen calls for unity as country mourns three people, including two teenagers, killed after gunman opened fire at Field’s shopping centre",https://www.theguardian.com/world/2022/jul/06/copenhagen-shooting-memorial-service-denmark-fields-shopping-centre,https://media.guim.co.uk/9e4f989aedbbe30af3de32efc47fd6a35da4f411/225_466_4823_2893/500.jpg
07-07-2022,"Putin’s forces have made ‘genuine headway’ after capturing Lysychansk, say western officials – as it happened", ,https://www.theguardian.com/world/live/2022/jul/06/russia-ukraine-war-live-news-donetsk-governor-urges-evacuations-amid-russian-offensive,https://media.guim.co.uk/8071825c0ed691c8a84941db2c1a690d7fbc1247/0_195_5866_3519/500.jpg
08-07-2022,Putin says Russia is only just getting started in Ukraine – as it happened, ,https://www.theguardian.com/world/live/2022/jul/07/russia-ukraine-war-live-news-lavrov-to-attend-g20-meeting-russian-troops-push-towards-sloviansk,https://media.guim.co.uk/1aacf9dc44c9effe79096378fa42e758ac254442/101_327_5991_3595/500.jpg
09-07-2022,Shinzo Abe death: shock in Japan at killing of former PM during election campaign,Police believe attacker bore grudge against Abe as some critics question level of security surrounding Japan’s longest-serving PM ,https://www.theguardian.com/world/2022/jul/08/shinzo-abe-japans-former-prime-minister-dies-after-being-shot,https://media.guim.co.uk/b38cc64902d629fc9a023306d48bfc4f991217f7/0_92_4000_2400/500.jpg
10-07-2022,Russia-Ukraine war update: what we know on day 137 of the invasion,Canada grants sanctions exemption to let Russian turbine part for Nord Stream 1 pipeline return to Germany; Zelenskiy sacks host of ambassadors,https://www.theguardian.com/world/2022/jul/10/russia-ukraine-war-update-what-we-know-on-day-137-of-the-invasion,https://media.guim.co.uk/6f652caf5c4f6dff487030f904b0e9a47456d9ab/0_232_3500_2099/500.jpg
11-07-2022,Zelenskiy accuses Moscow of purposely targeting civilians in Chasiv Yar attack – as it happened, ,https://www.theguardian.com/world/live/2022/jul/10/russia-ukraine-war-live-news-zelenskiy-dismisses-ambassadors-six-killed-in-strike-on-donetsk-apartment-block,https://media.guim.co.uk/a706e1d49e9e32166ca1593a8e06ac49412be052/0_0_2696_1618/500.jpg
12-07-2022,Death toll in Chasiv Yar continues to rise – as it happened, ,https://www.theguardian.com/world/live/2022/jul/11/russia-ukraine-war-live-news-dozens-remain-trapped-after-russian-strike-zelenskiy-says-donetsk-attack-purposely-targeted-civilians,https://media.guim.co.uk/f2d3787834692d36053acbf1e586a779eac6f5c4/0_192_8640_5184/500.jpg
13-07-2022,"Russia ‘doesn’t have the courage’ to admit defeat, says Zelenskiy – as it happened", ,https://www.theguardian.com/world/live/2022/jul/12/russia-ukraine-war-live-news-dozens-killed-in-chasiv-yar-strike-80-of-donetsk-residents-have-fled-governor-says,https://media.guim.co.uk/a62f44997871714b33876cf3dd64539ced85c0c1/68_0_1800_1080/500.jpg
14-07-2022,Ukraine rules out ceding territory to Russia as part of any ceasefire deal – as it happened, ,https://www.theguardian.com/world/live/2022/jul/13/russia-ukraine-war-live-news-missile-destroys-ammunition-depot-in-occupied-town-officials-to-seek-grain-export-deal,https://media.guim.co.uk/f306b88148df561baa049b65dc5a14a91c400279/0_33_5000_3002/500.jpg
15-07-2022,Sri Lanka crisis timeline: from galloping inflation to a president’s resignation,"The country’s president offered his resignation via email after months of protests against lengthy blackouts, acute food and fuel shortages",https://www.theguardian.com/world/2022/jul/10/sri-lanka-crisis-timeline-from-galloping-inflation-to-a-presidents-resignation,https://media.guim.co.uk/fa10b2170bece410e68e2697980e79bf36e5a4da/0_512_7730_4641/500.jpg
16-07-2022,Russia-Ukraine war update: what we know on day 143 of the invasion,At least three killed and 15 hurt in Dnipro missile strike; UK says Kremlin responsible for British captive’s death; Ukraine reports May peak in military losses,https://www.theguardian.com/world/2022/jul/16/russia-ukraine-war-update-what-we-know-on-day-143-of-the-invasion,https://media.guim.co.uk/3046e5f6dbd702a61c689c0560375d7a0d852613/0_542_8192_4918/500.jpg
17-07-2022,‘Part of me wants to hide’: Dutch director traces great-grandfather’s Nazi war crimes,His Name is My Name recounts Eline Jongsma’s efforts to trace the life and crimes of a Nazi collaborator in the Netherlands,https://www.theguardian.com/world/2022/jul/17/netherlands-director-traces-great-grandfather-nazi-war-crimes,https://media.guim.co.uk/e9a1741aba32e6ded507e6d60df9982f7a9ef481/0_691_4608_2765/500.jpg
18-07-2022,‘Utoro is my identity’: can a museum heal the scars of Korean migrants in Japan?,The new museum aims to reconcile a neighbourhood near Kyoto wracked by racism and inflamed by the legacy of war,https://www.theguardian.com/world/2022/jul/18/utoro-is-my-identity-can-a-museum-heal-the-scars-of-korean-migrants-in-japan,https://media.guim.co.uk/0416f84220a9404f7a8c9c091197930bf4b53366/0_359_5973_3584/500.jpg
19-07-2022,"Russian shelling leaves six dead in eastern Ukraine, reports say – as it happened", ,https://www.theguardian.com/world/live/2022/jul/18/russia-ukraine-war-live-news-zelenskiy-fires-top-officials-moscow-prepares-for-next-offensive,https://media.guim.co.uk/c8f77891b14fd88dbd0ca335f4bae3bd88b7f88d/0_192_1280_768/500.jpg
20-07-2022,"Peace will be on Russia’s terms, says former president – as it happened ", ,https://www.theguardian.com/world/live/2022/jul/19/russia-ukraine-war-live-news-putin-and-erdogan-to-meet-us-weaponry-stabilising-frontlines-ukraine-military-chief-says,https://media.guim.co.uk/5fd41671545b4e120efdbffe3fb21d589edba0b5/0_126_2835_1701/500.jpg
21-07-2022,A third of Wellington’s kākā parrot chicks found to have lead in their blood,"Toxic metal present in both blood and eggshell samples, but the New Zealand birds appear to have formed a tolerance for it",https://www.theguardian.com/world/2022/jul/21/a-third-of-wellingtons-kaka-parrot-chicks-found-to-have-lead-in-their-blood,https://media.guim.co.uk/b9a3c6976b08c0a8f0f79831f47ef9eba8130796/279_0_4190_2515/500.jpg
22-07-2022,"Russia ‘about to run out of steam’, head of UK intelligence says – as it happened", ,https://www.theguardian.com/world/live/2022/jul/21/russia-ukraine-war-cia-chief-says-no-evidence-putin-is-unwell-moscow-expands-aims-to-seek-more-territory-live,https://media.guim.co.uk/fa91bab3aeab7b7e82c8b16577cee974c953a9e3/0_200_6000_3600/500.jpg
23-07-2022,What happened in the Russia-Ukraine war this week? Catch up with the must-read news and analysis,Russian foreign minister signals plans to annex Ukrainian territory; Ukrainian teen tells of Russian torture rooms; Kyiv and Moscow agree to restart grain exports,https://www.theguardian.com/world/2022/jul/23/what-happened-in-the-russia-ukraine-war-this-week-catch-up-with-the-must-read-news-and-analysis,https://media.guim.co.uk/05f0d2f177342c8d70c8a8b4461f237560af64cc/0_225_5682_3409/500.jpg
24-07-2022,Zelenskiy hits out at Russian ‘barbarism’ over attack on Odesa port hours after grain deal,Ukrainian president says attack shows Moscow can’t be trusted to implement deal to unblock exports agreed less than a day before,https://www.theguardian.com/world/2022/jul/24/zelenskiy-hits-out-at-russian-barbarism-over-attack-on-odesa-port-hours-after-grain-deal,https://media.guim.co.uk/4aed60ab758b62d91b68570f4e72d000c3d165a5/0_189_3500_2101/500.jpg
25-07-2022,Instagran: meet Thailand’s new generation of over-60s influencers ,Government scheme links older people with university students who provide mentoring to develop online skills,https://www.theguardian.com/world/2022/jul/25/instagran-meet-thailands-new-generation-of-over-60s-influencers,https://media.guim.co.uk/36ac7bad07c230c45974390fef2f02c4e6ef57f9/18_373_3823_2294/500.jpg
26-07-2022,Pope Francis ‘begs forgiveness’ over abuse at church schools in Canada,Pontiff apologises on visit to country over ‘catastrophic’ historical mistreatment of Indigenous children,https://www.theguardian.com/world/2022/jul/25/pope-francis-apologises-for-abuse-at-church-schools-on-visit-to-canada,https://media.guim.co.uk/c19be9a1b550c248cb9f1e723b360692a394b442/237_40_1488_892/500.jpg
27-07-2022,Zelenskiy accuses Russia of using rising gas prices to terrorise Europe – as it happened , ,https://www.theguardian.com/world/live/2022/jul/26/russia-ukraine-war-live-news-odesa-struck-by-russian-missiles-again-regional-military-chief-says,https://media.guim.co.uk/c1de03fea1b8b9085b0ee26c3baec7cafc4e9dd8/4_0_2932_1760/500.jpg
28-07-2022,"Climate crisis ‘insufficient’ to halt oil and gas exploration, says New Zealand government","Despite declaring a climate emergency, government is in court defending decision to issue fossil fuel prospecting permits in Taranaki",https://www.theguardian.com/world/2022/jul/28/climate-crisis-insufficient-to-halt-oil-and-gas-exploration-says-new-zealand-government,https://media.guim.co.uk/11e3dd6e32c97d124c07741c6c1ec07493914706/0_81_3507_2105/500.jpg
29-07-2022,"New Zealand climbers survive avalanche and blizzard, thanks to snow cave and muesli bars",The two men were at the end of a three-day trip in The Remarkables above Queenstown when they triggered an avalanche,https://www.theguardian.com/world/2022/jul/29/new-zealand-climbers-survive-avalanche-and-blizzard-thanks-to-snow-cave-and-muesli-bars,https://media.guim.co.uk/dd91379d63009408c126b36931ef88a462e4dc42/0_346_5184_3110/500.jpg
30-07-2022,"Australia can avoid big monkeypox outbreak with targeted vaccination, health experts say",Call for vaccines to be prioritised for gay and bisexual men who have travelled internationally,https://www.theguardian.com/world/2022/jul/30/australia-can-avoid-big-monkeypox-outbreak-with-targeted-vaccination-health-experts-say,https://media.guim.co.uk/f4e27eed1e3b6841b790a6167f2be4bce2d82b0b/0_133_4000_2400/500.jpg
31-07-2022,Russia-Ukraine war latest: what we know on day 158 of the invasion,Russian embassy call for Ukrainian executions condemned; strikes hit Kharkiv school; Gazprom halts gas to Latvia; Moscow bars NZ officials,https://www.theguardian.com/world/2022/jul/31/russia-ukraine-war-latest-what-we-know-on-day-15-of-the-invasion,https://media.guim.co.uk/1f0c5e84bb1a84edd731bd7a42f3aedd7e4dfe9e/0_387_6048_3627/500.jpg
01-08-2022,McKinney fire grows into California’s largest this year as thunderstorms fuel concerns,"Huge blaze burns out of control as crews also battling fires in Montana, Idaho, Hawaii and Texas",https://www.theguardian.com/world/2022/jul/31/california-montana-wildfires,https://media.guim.co.uk/cca78bf8b3b85cd678e4268ed9168729aeaffcee/0_24_5141_3083/500.jpg
02-08-2022,Chinese police to give ‘management and leadership’ training to Solomon Islands officers,"Senior police boss also did not rule out having Chinese police officers embedded within the force, after signing of controversial security deal",https://www.theguardian.com/world/2022/aug/02/chinese-police-to-give-management-and-leadership-training-to-solomon-islands-officers,https://media.guim.co.uk/197c44a32e56880e7f18778f5244407b58c315fa/0_132_4000_2401/500.jpg
03-08-2022,New Zealand releases its first national plan to protect against climate-driven disasters,Climate minister says the aim is to equip people ‘so that when climate events occur their lives can continue’,https://www.theguardian.com/world/2022/aug/03/new-zealand-releases-its-first-national-plan-to-protect-against-climate-driven-disasters,https://media.guim.co.uk/e164e2a2ab06f4ff33511478532a57ff11d5eb52/0_167_5000_3001/500.jpg
04-08-2022,Russia-Ukraine war: what we know on day 162 of the invasion,UN to conduct fact-finding mission into deaths of Ukrainian PoWs; US Senate ratifies Sweden and Finland’s accession to Nato,https://www.theguardian.com/world/2022/aug/04/russia-ukraine-war-what-we-know-on-day-162-of-the-invasion,https://media.guim.co.uk/f3932fd4a3ca0bc9fec8b256b17ee6015cbfc057/0_228_6405_3843/500.jpg
05-08-2022,China to begin live-fire military exercises near Taiwan coast in wake of Pelosi visit – as it happened,This blog is now close,https://www.theguardian.com/world/live/2022/aug/04/china-expected-to-begin-live-fire-military-exercises-near-taiwan-coast-in-wake-of-pelosi-visit-live,https://media.guim.co.uk/7995fa02f7fff7c39bd390bcd0b052ac8598745e/0_357_5358_3215/500.jpg
06-08-2022,Russia-Ukraine war: what we know on day 164 of the invasion,Ukraine and Russia accuse each other of strikes at Zaporizhzhia nuclear plant; Putin and Erdoğan meet; three ships carrying grain depart Ukrainian ports,https://www.theguardian.com/world/2022/aug/06/russia-ukraine-war-what-we-know-on-day-164-of-the-invasion,https://media.guim.co.uk/292fdb3ad6d49e917e535f69d59a2dad8218d0c0/0_1_8229_4937/500.jpg
07-08-2022,"The US, Australia and Japan urge China to cease military exercises around Taiwan – as it happened", ,https://www.theguardian.com/world/live/2022/aug/06/china-halts-cooperation-with-us-on-climate-and-military-issues-after-sending-missiles-over-taiwan-live-news,https://media.guim.co.uk/7c83b4266ef2d46de5504444af54eb81d983eea0/0_0_5831_3498/500.jpg
08-08-2022,‘We are so far behind’: Japan laments lack of progress on same-sex marriage ,Advocates hope upcoming ruling in Tokyo district court will help spur progress on issue that already has public backing,https://www.theguardian.com/world/2022/aug/08/we-are-so-far-behind-japan-laments-lack-of-progress-on-same-sex-marriage,https://media.guim.co.uk/20fce115a09043166618f44dc18b74ce6cb8c66b/0_147_3500_2101/500.jpg
09-08-2022,Russia suspends US inspections of its nuclear weapons arsenal,Moscow blames Ukraine war sanctions for preventing mutual inspection of its nuclear arms under New Start treaty,https://www.theguardian.com/world/2022/aug/09/russia-suspends-us-inspections-of-its-nuclear-weapons-arsenal,https://media.guim.co.uk/0c483148a0c4fe9ebc84506c630ee1dd88dd8ab1/0_0_4905_2944/500.jpg
10-08-2022,"‘This is about striking fear’: China’s Taiwan drills the new normal, analysts say","Show of force by China has eased off, but observers say it will strike ‘fear and a sense of inevitability in Taiwanese hearts and minds’",https://www.theguardian.com/world/2022/aug/10/china-taiwan-military-drills-the-new-normal-analysts-say,https://media.guim.co.uk/04ecdab93a2db45a2cf293e633c0e3dbb63227c2/0_393_6000_3600/500.jpg
11-08-2022,New Zealand tourism minister makes pitch to the rich as he spurns ‘$10-a-day’ travellers,Stuart Nash says NZ to ‘unashamedly’ target wealthy tourists ahead of those who ‘travel around our country eating two-minute noodles’,https://www.theguardian.com/world/2022/aug/11/new-zealand-tourism-minister-makes-pitch-to-the-rich-as-he-spurns-10-a-day-travellers,https://media.guim.co.uk/3e734c4c15b77544abf12e6cab288b27f363093d/0_329_5184_3110/500.jpg
12-08-2022,Freya the walrus: Norway officials warn of euthanasia risk if crowds don’t stay away,Onlookers continue to get close to ‘stressed’ 600kg mammal in Oslo despite appeals to keep a distance,https://www.theguardian.com/world/2022/aug/12/freya-the-walrus-norway-officials-warn-of-euthanasia-risk-if-crowds-dont-stay-away,https://media.guim.co.uk/89449135878f2f28d8a2e8f0e55c7da82eef419a/0_149_2999_1800/500.jpg
13-08-2022,Russia-Ukraine war: what we know on day 171 of the invasion,Ukraine claims strike on Russian depot near key southern bridge; UN urges demilitarised zone around Zaporizhzhia nuclear plant amid more shelling,https://www.theguardian.com/world/2022/aug/13/russia-ukraine-war-what-we-know-on-day-171-of-the-invasion,https://media.guim.co.uk/8276a2061466321e4d7d5c7b023598d6bae8accd/286_166_3563_2138/500.jpg
14-08-2022,Russia-Ukraine war: what we know on day 172 of the invasion,Volodymyr Zelenskiy warns Russian troops against shooting from nuclear plant; blasts heard in Melitopol; Ukraine claims to have shot down Russian fighter jet,https://www.theguardian.com/world/2022/aug/14/russia-ukraine-war-what-we-know-on-day-172-of-the-invasion,https://media.guim.co.uk/8306a0e83cc949350409be900abd2e1c57097b4d/0_208_4000_2400/500.jpg
15-08-2022,Hanoi brings back loudspeakers as old-school propaganda methods return to Vietnam,Speakers to be installed across capital for daily pronouncements as government’s plan labelled ‘archaic and redundant’,https://www.theguardian.com/world/2022/aug/15/hanoi-brings-back-loudspeakers-as-old-school-propaganda-methods-return-to-vietnam,https://media.guim.co.uk/06b71330d70bc5fa6704bae41f05eb0bcbcf0530/0_295_4500_2701/500.jpg
16-08-2022,Human remains reportedly found in suitcases bought at New Zealand auction,The remains are reported to have been in property purchased from a storage unit in Auckland,https://www.theguardian.com/world/2022/aug/16/human-remains-reportedly-found-in-suitcases-bought-at-new-zealand-auction,https://media.guim.co.uk/4088c316ef39ae11056d687861aedfd16ca7bde7/95_1609_2556_1534/500.jpg
17-08-2022,Poland pulls 100 tonnes of dead fish from Oder river after mystery mass die-off,"More than 500 firefighters deployed to haul in dead fish, using dams, boats, quad bikes and even a drone",https://www.theguardian.com/world/2022/aug/17/poland-pulls-100-tonnes-of-dead-fish-from-oder-river-after-mystery-mass-die-off,https://media.guim.co.uk/1f62eeff652a4ecd52a7818d87fd2421060a3fc9/0_234_6300_3779/500.jpg
18-08-2022,Huge fireball erupts on fuel barge in Vanuatu bay,"The vessel, which burst into flames while delivering fuel in mangrove-rich South West Bay on Malekula Island, has been salvaged",https://www.theguardian.com/world/2022/aug/18/huge-fireball-erupts-on-fuel-barge-in-south-west-bay-malekula-vanuatu,https://media.guim.co.uk/91f054110c3f4899afb60799364ce84d4b997cd4/246_0_1047_628/500.jpg
19-08-2022,Solomon Islands secures $100m China loan to build Huawei mobile towers in historic step,This will be the first loan from China since the Pacific country switched allegiance from Taiwan in 2019,https://www.theguardian.com/world/2022/aug/19/solomon-islands-secures-100m-china-loan-to-build-huawei-mobile-towers-in-historic-step,https://media.guim.co.uk/c35add1744c030dfb2b854a53c5c72682dc1d5fa/0_183_5218_3129/500.jpg
20-08-2022,Macron calls Putin over fears Russia is weaponising captured nuclear plant,"Putin agrees to allow inspectors to travel to Zaporizhzhia plant, French president says, amid fears of radioactive accident if it is taken off grid",https://www.theguardian.com/world/2022/aug/19/ukraine-fears-russian-plan-to-cut-power-from-captured-nuclear-plant,https://media.guim.co.uk/d31640b769c261fbd317d5e94971f353027476fd/0_210_6312_3786/500.jpg
21-08-2022,Two Russians and one Ukrainian arrested after suspected spying raid on Albanian arms factory,Male suspect tried to use paralysing spray on security guards after being caught trying to take photographs at the facility at Gramsh,https://www.theguardian.com/world/2022/aug/21/two-russians-and-one-ukrainian-arrested-after-suspected-spying-raid-on-albanian-arms-factory,https://media.guim.co.uk/f42afa3bf9db47190bb8712f185722f2bccb7e75/0_159_4777_2866/500.jpg
22-08-2022,Possible South Korea link to New Zealand ‘children in suitcase’ mystery,Seoul police have been asked to confirm whether a Korean-born New Zealand woman believed to be related to the dead children was in the country,https://www.theguardian.com/world/2022/aug/22/possible-south-korea-link-to-new-zealand-children-in-suitcase-mystery,https://media.guim.co.uk/290ac3625d587cefaa41b1eb431e9c734de0c9b2/0_0_6000_3600/500.jpg
23-08-2022,Hungary sacks weather chief after forecast forces fireworks cancellation,Minister fires head of National Meteorological Service after storms it predicted would hit Budapest missed the capital,https://www.theguardian.com/world/2022/aug/23/hungary-sacks-weather-chief-after-forecast-forces-fireworks-cancellation,https://media.guim.co.uk/a6b06b4891030fffed9031436458ff9f3f3e5dbb/0_45_4288_2573/500.jpg
24-08-2022,Trans community in Poland braces for political attacks as election nears,Rightwing fight against ‘LGBT ideology’ switches focus to transgender people as homophobia recedes,https://www.theguardian.com/world/2022/aug/24/trans-community-in-poland-braces-for-political-attacks-as-election-nears,https://media.guim.co.uk/86f023aced28df6e8d9414848d6e5b5b355a1dca/0_336_5000_3001/500.jpg
25-08-2022,Solomon Islands to ban foreign journalists who are not ‘respectful’ – report,"PM office says journalists cannot operate in the Pacific as they do in other countries, accusing Australia’s ABC of ‘racial profiling’ in China coverage",https://www.theguardian.com/world/2022/aug/25/solomon-islands-to-ban-foreign-journalists-who-are-not-respectful-report,https://media.guim.co.uk/65f3725929f64a9eef653d89467ddb5dd4a4f137/0_0_3571_2143/500.jpg
26-08-2022,Russia-Ukraine war latest: what we know on day 184 of the invasion,"Shelling causes Zaporizhzhia nuclear plant to be temporarily disconnected from the grid; Putin orders military to recruit another 137,000 combat personnel",https://www.theguardian.com/world/2022/aug/26/russia-ukraine-war-latest-what-we-know-on-day-184-of-the-invasion,https://media.guim.co.uk/5c10205d0248a7bf95de109451adea0d2c49c098/0_2_5472_3283/500.jpg
27-08-2022,Russia-Ukraine war latest: what we know on day 185 of the invasion,Zaporizhzhia nuclear plant reconnected to grid after being cut off; UN inspectors set to visit facility in days; EU leaders to meet over energy crisis,https://www.theguardian.com/world/2022/aug/27/russia-ukraine-war-latest-what-we-know-on-day-185-of-the-invasion,https://media.guim.co.uk/b88defb9279afe58f01bbc694acb4a16a8ce47f2/0_92_3500_2099/500.jpg
28-08-2022,"Pakistan floods death toll passes 1,000, say officials",More than 33 million people have been displaced as destructive monsoon rains continue to wreak havoc,https://www.theguardian.com/world/2022/aug/27/pakistan-floods-death-toll-nearing-1000-say-officials,https://media.guim.co.uk/057b763602d9a0c0020b77de90f79125dd6f8d09/0_326_5760_3456/500.jpg
29-08-2022,Irish farmers say they will be forced to cull cows to meet climate targets,"Government plan to cut agriculture emissions by 25% by 2030 will drive many farms to bankruptcy, say critics",https://www.theguardian.com/world/2022/aug/29/irish-farmers-cull-cows-meet-climate-targets,https://media.guim.co.uk/be0081457ccd9371f43844395367b4a2396fd015/0_320_4800_2880/500.jpg
30-08-2022,Deadly violence in Baghdad after leading cleric Moqtada al-Sadr says he is quitting politics,At least 15 killed in clashes between Iraq militias after Shia leader announces his exit from Iraqi politics,https://www.theguardian.com/world/2022/aug/29/followers-shia-cleric-storm-iraq-government-palace-muqtada-al-sadr,https://media.guim.co.uk/44a8abc5252a9263a5f48433cd232071c6adc275/0_0_5472_3283/500.jpg
31-08-2022,Tributes for Mikhail Gorbachev pour in after death of former Soviet leader – as it happened ,This live blog is now closed. Follow all the latest Mikhail Gorbachev updates here,https://www.theguardian.com/world/live/2022/aug/30/mikhail-gorbachev-former-soviet-leader-dies-moscow-live,https://media.guim.co.uk/e335e748ec13ec993be275be3ec995a6a73e6f13/0_311_3104_1863/500.jpg
01-09-2022,"Suez Canal briefly blocked again after another ship, Affinity V, becomes stuck","Tanker blocked canal for hours, close to where Ever Given container ship became stuck, disrupting supply chains for a week",https://www.theguardian.com/world/2022/sep/01/suez-canal-ship-stuck-blocked-again-affinity-v,https://media.guim.co.uk/ef6862ecd2480b18237834f49cd5d474acf988fe/0_316_768_461/500.jpg
02-09-2022,"Blunt, passionate and sometimes reckless, New Zealand’s newest ambassador has rarely been diplomatic | Henry Cooke","Freshly appointed envoy to Ireland Trevor Mallard did much good in his time in parliament, but never shied from controversy – sometimes to his cost",https://www.theguardian.com/world/commentisfree/2022/sep/02/blunt-passionate-and-sometimes-reckless-new-zealands-newest-ambassador-has-rarely-been-diplomatic,https://media.guim.co.uk/b55d75cf43e3e6f5ec3100061f73dbcec5e1edfe/0_180_5400_3240/500.jpg
03-09-2022,Russia-Ukraine war latest: what we know on day 192 of the invasion,Russia’s Gazprom extends shutdown of Nord Stream pipeline 1; nuclear inspectors to remain at Zaporizhzhia plant; G7 puts price cap on Russian oil,https://www.theguardian.com/world/2022/sep/03/russia-ukraine-war-latest-what-we-know-on-day-192-of-the-invasion,https://media.guim.co.uk/c2d7f2124ec21cb68c807d962ab78cd46c9d16ca/0_0_5558_3333/500.jpg
04-09-2022," Rich nations owe reparations to countries facing climate disaster, says Pakistan minister","Sherry Rehman, the country’s climate change minister, insists rich polluters must pay their due as country is hit by devastating floods",https://www.theguardian.com/world/2022/sep/04/pakistan-floods-reparations-climate-disaster,https://media.guim.co.uk/b49a98c87da81c1647527817c86d0a2fe504d423/116_0_3281_1969/500.jpg
05-09-2022,Historic Yangon villa where Aung San Suu Kyi was held for 15 years under threat,"Ousted leader’s estranged brother has won a court case allowing villa, considered a symbol of democracy in Myanmar, to be sold",https://www.theguardian.com/world/2022/sep/05/historic-yangon-villa-where-aung-san-suu-kyi-was-held-for-15-years-under-threat,https://media.guim.co.uk/03ee6bfab91965e746d7b5c21ce92c931bc1aa80/5_0_2990_1795/500.jpg
06-09-2022,Saskatchewan stabbings: what we know so far about the attacks in Canada,One suspect found dead and the other remains on the run after 10 killed in a series of stabbings,https://www.theguardian.com/world/2022/sep/06/saskatchewan-stabbings-canada-attack-victims-suspects-weldon-regina-update-what-we-know-so-far-about-the-sask-stabbing,https://media.guim.co.uk/77262720b72035a4acd47f50fddc441db45051bf/919_461_5341_3205/500.jpg
07-09-2022,UN calls for demilitarised zone around Zaporizhzhia nuclear plant,Secretary general says agreement must be secured to commit Russian forces to withdraw and Ukrainian forces not to move in,https://www.theguardian.com/world/2022/sep/06/iaea-gravely-concerned-about-damaged-zaporizhzhia-nuclear-power-plant,https://media.guim.co.uk/d9343714660a8e027911e97abdf0ab5f8cad0fbd/0_191_6000_3600/500.jpg
08-09-2022,Ukraine launches surprise counterattack in Kharkiv region,Zelenskiy reports ‘good news’ from northern front as Donetsk People’s Republic says Balakliia ‘encircled’,https://www.theguardian.com/global/2022/sep/07/ukraine-launches-surprise-counterattack-kharkiv-region-russia,https://media.guim.co.uk/f5118f7336fad42e7022602a6ceddca7f426d2a0/0_0_5472_3283/500.jpg
09-09-2022,Cracks show over Russia as Italy’s far-right alliance heads for election win ,"Giorgia Meloni, tipped to become PM, backs sanctions while Matteo Salvini says they are bringing Italy to its knees",https://www.theguardian.com/world/2022/sep/09/cracks-show-in-meloni-salvini-alliance-over-russia-sanctions-italy,https://media.guim.co.uk/d5d3e391f286e3af47460803d97047bf9957b52f/850_0_2123_1273/500.jpg
10-09-2022,Ukraine-Russia war latest: what we know on day 199 of the invasion,"Russia sends reinforcements to Kharkiv region amid Ukrainian counter-offensive; Zaporizhzhia nuclear plant situation increasingly precarious, says UN watchdog ",https://www.theguardian.com/world/2022/sep/10/ukraine-russia-war-latest-what-we-know-on-day-199-of-the-invasion,https://media.guim.co.uk/6c22914e716672012ec4736dcedbbc54a5166a20/0_330_5000_3002/500.jpg
11-09-2022,Zelenskiy hails Ukraine territorial gains in surprise north-east counteroffensive,President claims thousands of square kilometres of ground have been retaken as Russian forces withdraw from parts of Kherson region,https://www.theguardian.com/world/2022/sep/11/zelenskiy-ukraine-kharkiv-territorial-gains-surprise-north-east-counteroffensive,https://media.guim.co.uk/9407918a5f3e078cfd11d7ebb0ddca511ae00d4a/0_107_6064_3641/500.jpg
12-09-2022,"‘You can’t scare us’, Zelenkiy tells Russia, after missile attacks on Kharkiv – as it happened",Engineers working to restore power in region which has seen gains by Ukrainian forces,https://www.theguardian.com/world/live/2022/sep/11/ukraine-russia-war-zaporizhzhia-nuclear-power-plant-has-shut-down-says-operator-live,https://media.guim.co.uk/825c72818af60d105f0d0b598f9f17fa1a76e018/0_134_6720_4032/500.jpg
13-09-2022,Is this when New Zealand breaks up with the monarchy? Don’t count on it | Henry Cooke,"Republicans may think the Queen’s death means their moment has arrived, but they can’t just rely on New Zealanders’ appetite for reform",https://www.theguardian.com/world/2022/sep/13/is-this-when-new-zealand-breaks-up-with-the-monarchy-dont-count-on-it,https://media.guim.co.uk/af972c484d0125c79d990ea3530177c06a304678/0_408_4373_2623/500.jpg
14-09-2022,Kazakhstan to change name of capital from Nur-sultan back to Astana,The capital of the central Asian country was renamed Nur-sultan in 2019 in honour of outgoing president Nursultan Nazarbayev,https://www.theguardian.com/world/2022/sep/14/kazakhstan-to-change-name-of-capital-from-nur-sultan-back-to-astana,https://media.guim.co.uk/2b5d84bdc3a7eefce98b2c5f86708ca86b4c68e9/0_0_4734_2842/500.jpg
15-09-2022,Moscow’s local allies were told ‘Russia is here for ever’. Now they flee Ukraine,Supporters in shock as Kremlin reneges on vow that helped project power into captured towns and villages,https://www.theguardian.com/world/2022/sep/15/ukraine-russia-local-allies-flee,https://media.guim.co.uk/675a5dc35e3a249bac2fc93f5fbd273c59743502/0_220_3500_2100/500.jpg
16-09-2022,Rate of sea level rise around New Zealand doubles in past 60 years,"Climate change named as major driver, with up to $14bn in infrastructure at risk from higher sea levels",https://www.theguardian.com/world/2022/sep/16/rate-of-sea-level-rise-around-new-zealand-doubles-in-past-60-years,https://media.guim.co.uk/8fb381066974380b756efe7526beb7b4424532eb/0_299_5776_3466/500.jpg
17-09-2022,Russia-Ukraine war latest: what we know on day 206 of the invasion,"UN to permit Zelenskiy video address despite Moscow’s objections; 99% of bodies exhumed from Izium site had signs of violent death, says Ukraine ",https://www.theguardian.com/world/2022/sep/17/russia-ukraine-war-latest-what-we-know-on-day-206-of-the-invasion,https://media.guim.co.uk/cf6ca4d8ddad8f4187d290d08365002315f624b9/0_0_8640_5188/500.jpg
18-09-2022,Russia-Ukraine war latest: what we know on day 207 of the invasion,Czech Republic calls for ‘special international tribunal’ after Izium mass grave found; Turkish and Indian leaders call for end to war at Asia summit,https://www.theguardian.com/world/2022/sep/18/russia-ukraine-war-latest-what-we-know-on-day-207-of-the-invasion,https://media.guim.co.uk/8cb063fed46139e245f061ad4473d3428e9d593c/0_176_3500_2101/500.jpg
19-09-2022,Anger in China after 27 people killed in Covid quarantine bus crash,Tragedy in Guizhou province became a lightning rod for social media criticism of zero-Covid policy before posts were shut down,https://www.theguardian.com/world/2022/sep/19/anger-in-china-after-27-people-killed-in-covid-quarantine-bus-crash,https://media.guim.co.uk/5b1928da8d4715cf187405e12809339a2df29eb5/0_0_3500_2101/500.jpg
20-09-2022,Israel risks crossing Hezbollah ‘red line’ as it prepares to connect to disputed gas field,"The Karish maritime reservoir, part of which is claimed by Lebanon, is estimated to hold 2-3tn cubic feet of natural gas",https://www.theguardian.com/world/2022/sep/20/israel-risks-crossing-hezbollah-red-line-as-it-prepares-to-connect-to-disputed-gas-field,https://media.guim.co.uk/f2b204d04c16ead86c357286813e127cb8ba204b/0_116_3500_2101/500.jpg
21-09-2022,Biden to rally world leaders against Russian attempts to annex Ukraine regions,Antony Blinken calls referendums plan a ‘sham’ and Moscow’s possible mobilisation of extra forces ‘a sign of Russian failure’ ahead of Biden speech,https://www.theguardian.com/world/2022/sep/21/joe-biden-un-ukraine-russia-annex-referendums,https://media.guim.co.uk/7e9b5ff32b124a2be0ca4ce2e8ae8f18e3761761/0_27_4256_2554/500.jpg
22-09-2022,"Zelenskiy lays out peace formula as arrests at Russia anti-war protests pass 1,000 – as it happened",This blog is now closed,https://www.theguardian.com/world/live/2022/sep/21/russia-ukraine-war-live-updates-blinken-calls-moscows-referendum-attempts-a-sham-zelenskiy-to-speak-at-un,https://media.guim.co.uk/91e2f9113b8f5a7e8c0527ccd07ab62880379623/64_0_1135_681/500.jpg
23-09-2022,Unification Church says it accepted ‘excessive’ donations from mother of suspect in Abe killing,Church official says he was upset to hear suspect told police his anger towards church led to attack on former Japanese PM,https://www.theguardian.com/world/2022/sep/23/unification-church-says-it-accepted-excessive-donations-from-mother-of-suspect-in-abe-killing,https://media.guim.co.uk/f1c3369157af3ae671e0069991dae433e83855bb/0_237_7891_4735/500.jpg
24-09-2022,Russia-Ukraine war latest: what we know on day 213 of the invasion,UN says Russia has committed war crimes in Ukraine; Finland bars Russian tourists amid long queues to cross border after Putin’s military mobilisationSee all our Ukraine coverage,https://www.theguardian.com/world/2022/sep/24/russia-ukraine-war-latest-what-we-know-on-day-213-of-the-invasion,https://media.guim.co.uk/caa670cee410c06e620766ad0ed878c071fd70db/0_0_3500_2102/500.jpg
25-09-2022,Russia-Ukraine war latest: what we know on day 214 of the invasion,Vladimir Putin signs law with up to 10 years’ jail for refusing to fight as more than 700 arrested in latest Russian protests against military call-up ,https://www.theguardian.com/world/2022/sep/25/russia-ukraine-war-latest-what-we-know-on-day-214-of-the-invasion,https://media.guim.co.uk/2ae7acab18fb2efd00f410675b244c88bcdd8897/0_346_5184_3110/500.jpg
26-09-2022,Death toll grows in Iran as Mahsa Amini protests continue for 10th night,At least 41 people have died in unrest sparked by young woman’s death as judiciary warns of ‘decisive action without leniency’,https://www.theguardian.com/world/2022/sep/26/death-toll-grows-in-iran-as-mahsa-amini-protests-continue-for-10th-night,https://media.guim.co.uk/7251c7f716fa1142ac416c22fb78e58392d75fd2/0_631_1264_757/500.jpg
27-09-2022,‘It’s a murder scene’: feral pigs torment residents in New Zealand capital,Farm just minutes from centre of Wellington estimates it has lost about 60 kid goats in past few months,https://www.theguardian.com/world/2022/sep/27/its-a-scene-wild-pigs-torment-residents-in-new-zealand-capital,https://media.guim.co.uk/492eab80e9ccdacda6dd0ac3cfe36736443075ed/0_137_4417_2651/500.jpg
28-09-2022,"Nuclear attack in Ukraine should spark ‘devastating’ Nato response, says Poland",Zbigniew Rau rules out a nuclear reprisal but says the alliance is sending a clear message to Russia,https://www.theguardian.com/world/2022/sep/28/ukraine-nato-russia-nuclear-weapons-devastating-poland-foreign-minister,https://media.guim.co.uk/3abc53a641cb787505abc95d850aec680810e130/455_279_5232_3141/500.jpg
29-09-2022,US strikes partnership deal with Pacific Island leaders at historic summit,US official says Pacific leaders endorsed joint statement one day after leaked documents showed discord among the group over proposals,https://www.theguardian.com/world/2022/sep/29/us-pledges-to-boost-aid-and-diplomacy-in-pacific-as-historic-summit-begins,https://media.guim.co.uk/50d1c141602ae79f3c811837befc4ec6b45003b7/0_275_6016_3610/500.jpg
30-09-2022,"US announces aid for Pacific, as it tries to combat China’s influence in region","Package worth more than $800m unveiled to help support nations as they tackle climate change, overfishing and maritime security",https://www.theguardian.com/world/2022/sep/30/us-announces-aid-for-pacific-as-it-tries-to-combat-chinas-influence-in-region,https://media.guim.co.uk/4f7c57fd1ed88f4c0dbb34d0aa92091495207f0e/0_297_4174_2504/500.jpg
01-10-2022,Russia-Ukraine war latest: what we know on day 220 of the invasion,"Putin signs ‘accession treaties’ illegally claiming parts of Ukraine; Zelenskiy applies for Ukraine to join Nato; Russians hit civilian convoy, killing dozens<strong>See all our Ukraine coverage</strong>",https://www.theguardian.com/world/2022/oct/01/russia-ukraine-war-latest-what-we-know-on-day-220-of-the-invasion,https://media.guim.co.uk/7036b9a3edb918014e6a3dec909de1476b3b02a0/0_0_7360_4415/500.jpg
02-10-2022,Russia-Ukraine war latest: what we know on day 221 of the invasion,Russian forces retreat from stronghold of Lyman hours after Putin declares it Russia’s ‘for ever’; Germany minister visits Ukraine; Nord Stream pipeline leak halted,https://www.theguardian.com/world/2022/oct/02/russia-ukraine-war-latest-what-we-know-on-day-221-of-the-invasion,https://media.guim.co.uk/94a2c29ca5d0c0defb79a419f03fdceef9e899fa/0_308_6035_3619/500.jpg
03-10-2022,Brazil election 2022: full results from the first round,Incumbent Jair Bolsonaro and former president Lula will go to a runoff election at the end of the month after a tighter than expected first round result,https://www.theguardian.com/world/ng-interactive/2022/oct/02/brazil-election-2022-live-results-bolsonaro-lula-da-silva,https://media.guim.co.uk/c12808963d0f4f04bcf8768bff207bf72b9455ae/0_0_5000_3000/500.jpg
04-10-2022,"‘Rage, but also joy and completeness’: bringing New Zealand’s stolen ancestors home ",The remains of Māori people taken by an Austrian taxidermist in 1877 and displayed in a Vienna museum have finally been returned,https://www.theguardian.com/world/2022/oct/04/rage-but-also-joy-and-completeness-bringing-new-zealands-stolen-ancestors-home,https://media.guim.co.uk/2898754c2c6a7df8e54621b4f19028769c4b1e50/0_103_1920_1152/500.jpg
05-10-2022,"Immune reactions to severe Covid may trigger brain problems, study finds",Research suggests immune response may be cause of delirium and brain fog in Covid patients,https://www.theguardian.com/world/2022/oct/05/immune-reactions-to-severe-covid-may-trigger-brain-problems-study-finds,https://media.guim.co.uk/2f51c92827e459160254fae930ef98deb9d74e73/1247_1572_2776_1665/500.jpg
06-10-2022,Pakistani PM says he should not have to beg for help after catastrophic floods,Shehbaz Sharif says he wants ‘climate justice’ from rich polluting countries after monsoons put a third of his country under water,https://www.theguardian.com/world/2022/oct/06/pakistani-pm-says-he-should-not-have-to-beg-for-help-after-catastrophic-floods,https://media.guim.co.uk/d650774a1c2bc7fa060c34cc071b29031777b91f/0_236_3500_2100/500.jpg
07-10-2022,Legal quirk allows gay couples in China to get married online in conservative Utah,"At least 200 Chinese couples have married in Utah, which has no residency requirements for marriage licences and allows international Zoom weddings",https://www.theguardian.com/world/2022/oct/07/legal-quirk-allows-gay-couples-in-china-to-get-married-online-in-conservative-utah,https://media.guim.co.uk/cbb70ee2de3143326773519b836fab16e5494b59/0_48_3006_1804/500.jpg
08-10-2022,Three dead in explosion at Irish petrol station,"Up to 30 people hurt, with some airlifted from scene in Creeslough in Donegal, while search for survivors continues",https://www.theguardian.com/world/2022/oct/07/injuries-reported-after-explosion-at-county-donegal-service-station,https://media.guim.co.uk/a534e66a246d7e4b5c53cc377d6298bf1c834a2f/723_797_1641_985/500.jpg
09-10-2022,Russian divers to inspect Crimea bridge as governor warns of ‘desire to seek revenge’,Experts to assess extent of damage as limited traffic appears to resume on key bridge and Vladimir Putin orders extra security for infrastructure,https://www.theguardian.com/world/2022/oct/09/russian-divers-inspect-crimea-bridge-ukraine-russia,https://media.guim.co.uk/e0ac19d698676d1b239fca05ed936a857ae31195/0_295_4429_2658/500.jpg
10-10-2022,North Korea says missile tests simulated striking South with tactical nuclear weapons,Kim Jong-un said his forces were ‘completely ready to hit and destroy targets at any time from any location’,https://www.theguardian.com/world/2022/oct/10/north-korea-says-missile-tests-simulated-striking-south-with-tactical-nuclear-weapons,https://media.guim.co.uk/ea9bcb95a49a9d871250db25d221f1ec5b2332cd/28_113_1907_1144/500.jpg
11-10-2022,New Zealand farmers may pay for greenhouse gas emissions under world-first plans,"By 2025, farmers would pay a levy on emissions from sources such as cow burps and gases from their urine under proposals released by Jacinda Ardern",https://www.theguardian.com/world/2022/oct/11/new-zealand-farmers-may-pay-for-greenhouse-gas-emissions-under-world-first-plans,https://media.guim.co.uk/8c7471bf7dddbfc6f5cde8765b004f37ea6d5255/0_205_5000_3002/500.jpg
12-10-2022,New Zealand’s local elections appear to show a backlash against Ardern. The reality is more complex ,Many cities chose conservative candidates but the results were less about national trends than local conditions,https://www.theguardian.com/world/commentisfree/2022/oct/12/new-zealands-local-elections-appear-to-show-a-backlash-against-ardern-the-reality-is-more-complex,https://media.guim.co.uk/ef2f48ca882f2bfae237bd600cfa9ba16788bffb/0_0_5400_3240/500.jpg
13-10-2022,‘Lula represents hope’: Brazil presidential frontrunner takes his message into Rio’s favelas,Luiz Inácio Lula da Silva promises to give far-right rival Jair Bolsonaro a ‘thrashing’ in tighter-than-expected presidential race,https://www.theguardian.com/world/2022/oct/13/lula-represents-hope-brazil-presidential-frontrunner-takes-his-message-into-rios-favelas,https://media.guim.co.uk/ccffb8cb3455cabd7719a636ad4f480f8d95a42e/0_344_8256_4954/500.jpg
14-10-2022,Dutch crown princess moves out of student flat after security threats,The eldest daughter of King Willem-Alexander has moved back to the Huis ten Bosch royal palace in The Hague,https://www.theguardian.com/world/2022/oct/14/dutch-crown-princess-moves-out-of-student-flat-after-security-threats,https://media.guim.co.uk/31e3560d2fbb2c6197811a2afff2cdb066b9b514/0_0_3500_2101/500.jpg
15-10-2022,Russia-Ukraine war latest: what we know on day 234 of the invasion,Russian submarine seen off French coast and being escorted by French navy; Vladimir Putin says ‘no need’ for talks with Joe Biden,https://www.theguardian.com/world/2022/oct/15/russia-ukraine-war-latest-what-we-know-on-day-234-of-the-invasion,https://media.guim.co.uk/8955af888c83b625fab7eba739658462628fca9c/0_743_6944_4169/500.jpg
16-10-2022,Russia-Ukraine war latest: what we know on day 235 of the invasion,Russian volunteers kill at least 11 fellow troops in attack at military base; Elon Musk says SpaceX will keep paying for Starlink satellite internet in Ukraine,https://www.theguardian.com/world/2022/oct/16/russia-ukraine-war-latest-what-we-know-on-day-235-of-the-invasion,https://media.guim.co.uk/1c2fa7a4b557fa648cf6c045e4e6dd7df05591eb/0_291_4300_2579/500.jpg
17-10-2022,Greece and Turkey trade blame after 92 naked migrants rescued at border,"UN calls for a full investigation, as Greek authorities brand Turkey’s behaviour a ‘shame to civilisation’",https://www.theguardian.com/world/2022/oct/17/greece-and-turkey-trade-blame-after-92-naked-migrants-rescued-at-border,https://media.guim.co.uk/9664d452c7e0422fc7f2c42c9e082b5505d4c5cf/0_116_3500_2101/500.jpg
18-10-2022,New Zealand inflation near record high as wisdom of interest rate rises questioned,"Latest figures defy widespread predictions inflation would fall, as the central banks readies an ‘outsized’ rate hike",https://www.theguardian.com/world/2022/oct/18/new-zealand-inflation-near-record-high-as-wisdom-of-interest-rate-rises-questioned,https://media.guim.co.uk/fbaba0bf20b9a127acba5942287cfc2c7b11344e/197_187_2003_1202/500.jpg
19-10-2022,What do US curbs on selling microchips to China mean for the global economy?,Washington’s ban on hi-tech exports to China marks a huge gambit for economic supremacy for the next decades,https://www.theguardian.com/world/2022/oct/19/what-do-us-curbs-on-selling-microchips-to-china-mean-for-the-global-economy,https://media.guim.co.uk/2d99793933a5d8625d8a428fb6f8840d22bceee4/0_84_1724_1035/500.jpg
20-10-2022,Eight killed in suspected parcel bomb explosions at Myanmar’s Insein prison,Three prison staff and five visitors died after the bombs hit a crowd queuing to drop off parcels for inmates at prison housing political detainees,https://www.theguardian.com/world/2022/oct/20/killed-in-suspected-parcel-bomb-explosions-at-myanmars-insein-prison,https://media.guim.co.uk/de5c97eeffa8341860baf57535349189a4aba8cf/0_248_5643_3386/500.jpg
21-10-2022,"Iran protests: democracies have ‘moral obligation’ to help, Canada foreign minister says",Mélanie Joly tells meeting of female foreign ministers that they must help ‘amplify the voices of women in Iran’,https://www.theguardian.com/world/2022/oct/21/iran-protests-democracies-have-moral-obligation-to-help-canada-foreign-minister,https://media.guim.co.uk/a07e6fee7087f72ba1ef1086e62383c9f23af7ac/0_662_3032_1819/500.jpg
22-10-2022,Russian and US defence ministers discuss Ukraine war in rare talks,Few details given but Ukraine discussed in second call between Lloyd Austin and Sergei Shoigu since war began,https://www.theguardian.com/world/2022/oct/22/russian-and-us-defence-ministers-discuss-ukraine-war-in-rare-talks,https://media.guim.co.uk/955c2954ed31e6404b61fc3ce2c692f9f943a902/0_188_3200_1920/500.jpg
23-10-2022,Russia-Ukraine war latest: what we know on day 242 of the invasion,Blackouts across Ukraine after Russian missile attacks; Kherson residents told to leave immediately ahead of expected Ukrainian advance,https://www.theguardian.com/world/2022/oct/23/russia-ukraine-war-latest-what-we-know-on-day-242-of-the-invasion,https://media.guim.co.uk/3067ea99459f09491e675e65995f443b335a6a25/0_220_6048_3627/500.jpg
24-10-2022,"Who is Li Qiang, the man poised to become China’s next premier?",Communist Party chief of Shanghai has been anointed as the second-ranking Politburo Standing Committee member thanks to his loyalty to Xi Jinping,https://www.theguardian.com/world/2022/oct/24/who-is-li-qiang-the-man-poised-to-become-chinas-next-premier,https://media.guim.co.uk/8ec3fca96fd9cf2ab84855b21cd2770442c3afb8/0_0_4104_2462/500.jpg
25-10-2022,"What is a dirty bomb, and how dangerous is it?","Dirty bombs have a psychological impact that far outweighs their danger to life, says US expert",https://www.theguardian.com/world/2022/oct/25/what-is-a-dirty-bomb-and-how-dangerous-is-it,https://media.guim.co.uk/00ed72c76e521973871af1d90ad1253a35588a78/227_317_1015_609/500.jpg
26-10-2022,‘Accountability gap’: Nobel peace prize winner warns Russian war crimes going unpunished,"Oleksandra Matviichuk’s organisation has documented more than 21,000 Russian human rights violations since 2014 but she fears the world is looking the other way",https://www.theguardian.com/world/2022/oct/26/nobel-peace-prize-winner-russian-war-crimes-oleksandra-matviichuk,https://media.guim.co.uk/7784abda30ec4e4e98d8fca85d304f4170ed354c/954_1374_5969_3583/500.jpg
27-10-2022,Iran’s security forces reportedly open fire as thousands mourn Mahsa Amini,"Teargas also used against protesters gathered in home town of 22-year-old Kurdish woman, says rights group",https://www.theguardian.com/world/2022/oct/26/iran-protests-mahsa-amini-grave-crackdown-kurdish-death,https://media.guim.co.uk/9365bf0025dae53d8f2fe5c203cc7988e2b84394/0_239_2048_1229/500.jpg
28-10-2022,Was Hu Jintao’s removal from China’s 20th party congress suspicious or not?,Incident has split China watchers with some saying former leader was unwell and others it was political purge by Xi Jinping,https://www.theguardian.com/world/2022/oct/28/china-hu-jintao-removal-20th-party-congress-suspicious-or-not,https://media.guim.co.uk/086d21a6f35e047575b5349129eb7fd7f561524e/0_114_3682_2210/500.jpg
29-10-2022,Russia-Ukraine war at a glance: what we know on day 248 of the invasion,Russia says mobilisation of reserves is over; power cuts hit 4 million Ukrainians; Ukraine demands Iran stop arming Russia with drones ,https://www.theguardian.com/world/2022/oct/29/russia-ukraine-war-at-a-glance-what-we-know-on-day-248-of-the-invasion,https://media.guim.co.uk/a793af69f798ca071df2c99aa9284d7a272afc82/0_541_8168_4904/500.jpg
30-10-2022,Kiribati controversy as attorney general becomes acting chief justice,"Tetiro Semilota appointed from within ranks of government that fired country’s most senior judge, another from high court and whole court of appeal",https://www.theguardian.com/world/2022/oct/30/kiribati-controversy-as-attorney-general-becomes-acting-chief-justice,https://media.guim.co.uk/a6e36681bf2923a379954467701d346a2e38505e/243_82_1805_1083/500.jpg
31-10-2022,"Poverty, housing and the Amazon: Lula’s in-tray as president-elect of Brazil","After four years of Jair Bolsonaro’s far-right rule, Lula da Silva says his first priority will be helping the 100 million Brazilians living in poverty",https://www.theguardian.com/world/2022/oct/31/lula-policies-priorities-win-brazil-president-election-poverty-housing-amazon,https://media.guim.co.uk/fefa2ea1caf032283b277b65de9c1b9bf28027f3/336_480_3757_2254/500.jpg
01-11-2022,New Zealand authorities apologise for encouraging parents to ‘tax’ Halloween sweets,Inland Revenue Department faced criticism online after tweeting a tax on ‘treat hauls’ could teach kids responsibility,https://www.theguardian.com/world/2022/nov/01/new-zealand-authorities-apologise-for-encouraging-parents-to-tax-halloween-sweets,https://media.guim.co.uk/30e53e6bb96699f7bb15572d0feb29669b33767a/0_216_5616_3370/500.jpg
02-11-2022,North Korea missile crosses maritime border with South for first time,"One missile landed close to South Korean territorial waters, south of the Northern Limit Line, military chiefs in Seoul say",https://www.theguardian.com/world/2022/nov/02/north-korea-has-fired-three-ballistic-missiles-into-sea-south-koreas-military-says,https://media.guim.co.uk/b6914df19158a278df08f80cf2f0a36387080a76/0_0_6912_4147/500.jpg
03-11-2022,‘We need your help’: young girl throws note over fence at Manston,Letter in a bottle from overcrowded Kent processing centre compares facilities to prison and says sick people are held there,https://www.theguardian.com/world/2022/nov/02/home-office-removing-asylum-seekers-from-manston-as-fears-rise-for-their-health,https://media.guim.co.uk/7c7ad5d921b0a9764a67e08e4780656bbe760509/0_214_3118_1871/500.jpg
04-11-2022,Brazil supreme court ruling to reactivate Amazon Fund gives hope in fight to save rainforest,Fund was paralysed when far-right president Jair Bolsonaro wound up two committees in 2019,https://www.theguardian.com/world/2022/nov/04/brazil-supreme-court-ruling-to-reactivate-amazon-fund-gives-hope-in-fight-to-save-rainforest,https://media.guim.co.uk/f022bbc7708dc92673b0f2e70ae444c472a123da/0_77_3500_2100/500.jpg
05-11-2022,Russia-Ukraine war at a glance: what we know on day 255 of the invasion,Putin says Kherson region’s residents must be ‘evacuated’ as round-the-clock curfew imposed on its capital; Letterman travels to Kyiv to interview Zelenskiy ,https://www.theguardian.com/world/2022/nov/05/russia-ukraine-war-at-a-glance-what-we-know-on-day-255-of-the-invasion,https://media.guim.co.uk/8af141ae3aed5272343e8955116b6c738191d10c/0_6_3500_2101/500.jpg
06-11-2022,Russia-Ukraine war at a glance: what we know on day 256 of the invasion,Russian troops looting Kherson city amid alleged searches in province for residents refusing to evacuate; pro-Russia judge in serious condition after assassination bid,https://www.theguardian.com/world/2022/nov/06/russia-ukraine-war-at-a-glance-what-we-know-on-day-256-of-the-invasion,https://media.guim.co.uk/5e8c9c084f494fc8bf576f7b9f5cff4514bff207/0_137_5963_3581/500.jpg
07-11-2022,Jacinda Ardern rallies party faithful as Labour faces difficult re-election path ,New Zealand PM tells party conference ‘we are not done yet’ as poll shows Labour’s support at 5-year low ahead of elections in 2023,https://www.theguardian.com/world/2022/nov/07/jacinda-ardern-new-zealand-labour-party-conference-2023-election,https://media.guim.co.uk/41489a2452892c1898eb57f9e5865d59f2d88dab/732_168_6884_4132/500.jpg
08-11-2022,Hong Kong police seize secretary of aid fund for democracy protesters,Sze Ching-wee and other pro-democracy figures had just stood trial over setting up of now-disbanded 612 Humanitarian Relief Fund,https://www.theguardian.com/world/2022/nov/08/hong-kong-police-seize-sze-ching-wee-secretary-of-612-humanitarian-relief-fund-2019-protests,https://media.guim.co.uk/c25a995e169ae65475d2c35eadc984a36f60846d/0_0_5055_3033/500.jpg
09-11-2022,"Climate crisis will have huge impact on Africa’s economies, study says","As Cop27 discusses climate finance, report says continent’s GDP growth could fall by two-thirds this century",https://www.theguardian.com/world/2022/nov/09/climate-crisis-huge-impact-africa-economies-study-says,https://media.guim.co.uk/2549b11cb1bbba5e6d3fea5c82b85b598e87ca08/0_110_3500_2101/500.jpg
10-11-2022,Russia-Ukraine war live: Russia orders troops to leave key Ukrainian city of Kherson – as it happened ,Move will be widely seen as significant blow to Vladimir Putin weeks after he announced the ‘forever’ annexation of Kherson,https://www.theguardian.com/world/live/2022/nov/09/russia-ukraine-war-live-reports-of-fierce-fighting-in-mykolaiv-region-zelenskiy-says-russians-face-extraordinary-losses-in-donetsk,https://media.guim.co.uk/994a821d5d412d2c36c6921c5ecc7078f5a904bc/0_151_3500_2100/500.jpg
11-11-2022,Russia-Ukraine war at a glance: what we know on day 261 of the invasion,Ukrainian forces enter centre of Kherson city; Ukraine estimates it will take at least a week for Russian troops to leave city,https://www.theguardian.com/world/2022/nov/11/russia-ukraine-war-at-a-glance-what-we-know-on-day-261-of-the-invasion,https://media.guim.co.uk/8e584951de93429a0e3805a4980cf27af9a612cf/0_264_8256_4954/500.jpg
12-11-2022,Iranian activist Masih Alinejad: ‘It’s the start of the end for the Islamic Republic’,The exiled journalist on why Iran’s rulers fear the women’s uprising and why western leaders are failing protesters,https://www.theguardian.com/world/2022/nov/12/iranian-activist-masih-alinejad-its-the-start-of-the-end-for-the-islamic-republic,https://media.guim.co.uk/cfc0c62e30460df035470222fcc6a80370343a2d/223_664_5601_3360/500.jpg
13-11-2022,Russia-Ukraine war at a glance: what we know on day 263 of the invasion,Zelenskiy says Russian forces destroyed all of Kherson’s critical infrastructure before fleeing as work to restore power under way,https://www.theguardian.com/world/2022/nov/13/russia-ukraine-war-at-a-glance-what-we-know-on-day-263-of-the-invasion,https://media.guim.co.uk/270b2b4dabe7c82fe5c5badf26f6801b587b243d/0_0_3223_1934/500.jpg
14-11-2022,"More than 40,000 asylum seekers in UK waiting one to three years for decision",Refugee Council figures come as ministers prepare to sign new deal with France to monitor migrants,https://www.theguardian.com/world/2022/nov/14/more-than-40000-asylum-seekers-in-uk-waiting-one-to-three-years-for-decision,https://media.guim.co.uk/49b2e47ebdc3378c6cf447a13e4db2ad1d720a3d/0_230_6887_4135/500.jpg
15-11-2022,Millions of missing women: China grapples with legacy of one-child policy as population ages,"By 2050, analysts predict one in four people in China will be retired and the working population will have shrunk by 10%, with huge economic implications",https://www.theguardian.com/world/2022/nov/15/millions-of-missing-women-china-grapples-with-legacy-of-one-child-policy-as-population-ages,https://media.guim.co.uk/c02eb2675873595827a3d393b6eaf569c2dbc6ab/0_0_5000_3000/500.jpg
16-11-2022,Poland considers calling meeting of Nato ministers after missile strike,Two farmers killed near border with Ukraine by what Poland has claimed were Russian-made weapons,https://www.theguardian.com/world/2022/nov/15/stray-russian-missiles-feared-landed-poland-ukraine,https://media.guim.co.uk/763548c139d2aafd3b1abd71241dc435bfd3b41d/0_62_1600_960/500.jpg
17-11-2022,Xi angrily rebukes Trudeau over ‘leaks’ to media about Canada-China relations,Chinese president’s testy remarks about briefings on earlier conversation captured by media pool at G20 summit in Indonesia,https://www.theguardian.com/world/2022/nov/16/xi-trudeau-canada-china-g20,https://media.guim.co.uk/7f4199f1b18694dc53cbaed23c500f262a493fc6/0_116_3500_2101/500.jpg
18-11-2022,Ardern says she must be able to raise concerns in Xi Jinping meeting without ‘retaliatory acts’,"Ahead of first meeting with Xi Jinping in three years, New Zealand PM calls for environment where difference can be discussed",https://www.theguardian.com/world/2022/nov/18/jacinda-ardern-xi-jinping-apec-forum-meeting-preview,https://media.guim.co.uk/a6b00c79a36555ed961b071986776cfd3d206fbe/614_116_3835_2301/500.jpg
19-11-2022,Jacinda Ardern raises Taiwan with Xi Jinping at Apec meeting ,New Zealand government statement says PM also asked president of China to help address North Korea tensions and Ukraine crisis,https://www.theguardian.com/world/2022/nov/19/jacinda-ardern-raises-taiwan-with-xi-jinping-at-apec-meeting,https://media.guim.co.uk/0fbf1d4789fd9781b3c5c958b1cc45e122e6e344/801_784_3406_2043/500.jpg
20-11-2022,Keen to welcome visitors but enraged by western coverage: how Qataris see the World Cup,"Interviews with Qataris shed light on a mood at once eager, anxious and angry",https://www.theguardian.com/world/2022/nov/20/world-cup-qatar-qataris-welcome-visitors-but-enraged-by-western-coverage,https://media.guim.co.uk/23e55885b8c839289b15d21c0cb3957e4b6546e6/0_0_5210_3126/500.jpg
21-11-2022,Paradise paused: Asia-Pacific tourism continues to lag after the Covid induced freeze,"Foreign arrivals slowly return, but cost of living pressures and China’s zero-Covid policy weigh on visitor numbers",https://www.theguardian.com/world/2022/nov/21/paradise-paused-asia-pacific-tourism-continues-to-lag-after-the-covid-induced-freeze,https://media.guim.co.uk/03a3687a9444a299ec00f3f9d8afcae271a23af0/0_243_4856_2914/500.jpg
22-11-2022,Russia-Ukraine war at a glance: what we know on day 272 of the invasion,Ukraine evacuates civilians from Kherson; repeated shelling of Zaporizhzhia nuclear plant,https://www.theguardian.com/world/2022/nov/22/russia-ukraine-war-at-a-glance-what-we-know-on-day-272-of-the-invasion,https://media.guim.co.uk/4a69c1c6497eb41ae744cf4aaf92cb6f439313c4/0_227_6956_4173/500.jpg
23-11-2022,Russia-Ukraine war at a glance: what we know on day 273 of the invasion,G7 nears a Russian oil price cap; Ukraine setting up ‘invincibility centres’ with heat and power for winter,https://www.theguardian.com/world/2022/nov/23/russia-ukraine-war-at-a-glance-what-we-know-on-day-273-of-the-invasion,https://media.guim.co.uk/4427a61a7c8c6072c90987a54857b392b098b96a/0_63_8640_5184/500.jpg
24-11-2022,"UK aid to Afghanistan entrenched corruption and injustice, report finds",Government watchdog says £3.5bn aid in 20 years to 2020 failed to achieve aim of stabilising Afghan government,https://www.theguardian.com/world/2022/nov/24/uk-aid-to-afghanistan-entrenched-corruption-and-injustice-report-finds,https://media.guim.co.uk/fe9439156afb3eed97b1b85d42f6307bd6625adc/0_174_6000_3600/500.jpg
25-11-2022,China threat looms in Taiwan’s local elections as voters weigh island’s future,"Ruling DPP campaigns on rising Beijing threat while rival KMT steers clear, in first vote since tensions in the Taiwan Strait escalated",https://www.theguardian.com/world/2022/nov/25/china-threat-looms-in-taiwans-local-elections-as-voters-weigh-islands-future,https://media.guim.co.uk/df2596e0059d59fbc738743ee07460c4bf127e41/0_26_3500_2101/500.jpg
26-11-2022,Russia-Ukraine war at a glance: what we know on day 276 of the invasion,More than 6m Ukrainian households still without power; EU to boost efforts to restore electricity and heating; Hungarian president to meet Zelenskiy,https://www.theguardian.com/world/2022/nov/26/russia-ukraine-war-at-a-glance-what-we-know-on-day-276-of-the-invasion,https://media.guim.co.uk/71016b0a9db8b8e99233e002f76504b308aeb3be/164_683_3315_1989/500.jpg
27-11-2022,Pakistan’s Imran Khan vows to fight to ‘last drop of blood’ in first rally since being shot,"Ousted PM calls off march on Islamabad to avoid further chaos but continues to press for early elections, possibly by pulling his PTI party out of regional assemblies",https://www.theguardian.com/world/2022/nov/27/pakistans-imran-khan-vows-to-fight-to-last-drop-of-blood-in-first-rally-since-being-shot,https://media.guim.co.uk/72b76b3a2709d81e33c5f98e65e7fe1777295118/0_65_3500_2100/500.jpg
28-11-2022,Clashes in Shanghai as protests over zero-Covid policy grip China,"Beijing, Chengdu and Wuhan see demonstrations as anger over Xi Jinping’s strict Covid policies builds, in a test for the Communist party",https://www.theguardian.com/world/2022/nov/28/clashes-in-shanghai-as-protests-over-zero-covid-policy-grip-china,https://media.guim.co.uk/e9e2450eeb359ca9ad33ee3ca3192436961bb2f8/0_0_6048_3628/500.jpg
29-11-2022,Russia-Ukraine war at a glance: what we know on day 279 of the invasion,Heavy shelling continues in Bakhmut; US and allied arms inventories shrinking,https://www.theguardian.com/world/2022/nov/29/russia-ukraine-war-at-a-glance-what-we-know-on-day-279-of-the-invasion,https://media.guim.co.uk/6ac04213813687e944ed33adaf4a02f59bd332b7/0_0_3543_2127/500.jpg
30-11-2022,"New Zealand ‘suitcase murders’: suspect is mother of child victims, court hears",Forty-two-year-old woman makes first appearance in New Zealand court after extradition from South Korea,https://www.theguardian.com/world/2022/nov/30/new-zealand-suitcase-murders-suspect-is-mother-of-child-victims-court-hears,https://media.guim.co.uk/23a242ca80fcba5151fc6264f1b9873db52c8e42/0_69_2061_1237/500.jpg
01-12-2022,Weinstein trial: prosecutor says ‘hotels were his trap’ in closing arguments,Six-week Los Angeles trial wrapping up after graphic testimony from four women accusing ex-producer of rape and sexual assault,https://www.theguardian.com/world/2022/nov/30/harvey-weinstein-los-angeles-trial-closing-arguments-begin,https://media.guim.co.uk/cdf89e2bc662d0523c46182be8bf830ff523f03a/0_116_3500_2101/500.jpg
02-12-2022,Russia-Ukraine war at a glance: what we know on day 282 of the invasion,"Joe Biden says he is prepared to speak to Vladimir Putin if the Russian president is willing to end the war; Ukraine estimates its armed forces have lost up to 13,000 soldiers so far",https://www.theguardian.com/world/2022/dec/02/russia-ukraine-war-at-a-glance-what-we-know-on-day-282-of-the-invasion,https://media.guim.co.uk/728edbd92bdbb1d393264d37e61c6f087b6046ef/0_232_3500_2101/500.jpg
03-12-2022,China’s easing of Covid curbs does not solve Xi Jinping’s dilemma,"Loosening controls further could spark a devastating outbreak, but tightening the rules again could trigger unrest",https://www.theguardian.com/world/2022/dec/03/china-easing-covid-curbs-does-not-solve-xi-jinping-dilemma,https://media.guim.co.uk/edd1d28e290b64c8387cd28075b61f134b77b01f/0_430_7164_4298/500.jpg
04-12-2022,Fears of deadly infection surge as China abandons zero-Covid policy,Dramatic U-turn following widespread unrest leaves country ill-prepared for Omicron,https://www.theguardian.com/world/2022/dec/04/fears-of-deadly-infection-surge-as-china-abandons-zero-covid-policy,https://media.guim.co.uk/699a8235032f21f33b7919723909ea501e50f31a/0_111_6000_3600/500.jpg
05-12-2022,Italy home to 11 of 100-plus unofficial Chinese ‘police stations’,Civil rights group claims outposts are used to monitor Chinese population abroad and force dissidents to return,https://www.theguardian.com/world/2022/dec/05/italy-home-11-unofficial-chinese-police-stations-world,https://media.guim.co.uk/443c4a420c2e32909ded8fde2a4fc3f551ee504b/0_105_5000_3000/500.jpg
06-12-2022,Russia-Ukraine war at a glance: what we know on day 286 of the invasion,Four people die in Russian strikes; majority of missiles shot down,https://www.theguardian.com/world/2022/dec/06/russia-ukraine-war-at-a-glance-what-we-know-on-day-286-of-the-invasion,https://media.guim.co.uk/04a06f43e8a1d8c3eeab371979e6dcb2c9e47f54/0_0_5472_3283/500.jpg
07-12-2022,Russia-Ukraine war at a glance: what we know on day 287 of the invasion,US says it did not ‘enable’ Ukraine to strike inside Russia; Kremlin says no prospect of peace talks ‘at the moment’,https://www.theguardian.com/world/2022/dec/07/russia-ukraine-war-at-a-glance-what-we-know-on-day-287-of-the-invasion,https://media.guim.co.uk/aceeda25a6a7c4996f047dcbf200b0e1429bfae6/0_236_3500_2100/500.jpg
08-12-2022,Parents who refused ‘vaccinated blood’ transfusion speak out after court places Baby W in care,"New Zealand parents say they will focus on supporting their son, now in the guardianship of his doctors, through life-saving operation",https://www.theguardian.com/world/2022/dec/08/parents-who-refused-baby-w-nz-vaccinated-blood-transfusion-speak-out-new-zealand,https://media.guim.co.uk/9ee52f3f6cccdcc548671e5ac1eab98f0d9389b1/0_332_6000_3600/500.jpg
09-12-2022,Russia-Ukraine war at a glance: what we know on day 289 of the invasion,Brittney Griner freed in prison swap; Putin vows to continue attacking energy systems,https://www.theguardian.com/world/2022/dec/09/russia-ukraine-war-at-a-glance-what-we-know-on-day-289-of-the-invasion,https://media.guim.co.uk/194b0f683885353b3362e101c9b90b2d9e069d13/0_188_8192_4918/500.jpg
10-12-2022,‘The authorities will step up control’: where next for China after protests?,"After mass demonstrations against Covid lockdowns, experts say Xi Jinping’s response will be a further gradual crackdown",https://www.theguardian.com/world/2022/dec/10/control-china-protests-covid-lockdown-xi-jinping,https://media.guim.co.uk/7f78f6a4ad45504f23023642a9f52dd5d0c09086/0_265_6000_3600/500.jpg
11-12-2022,Russia-Ukraine war at a glance: what we know on day 291 of the invasion,Nato head warns the war could spin out of control and Ukrainian president says eastern city of Bakhmut has been ‘destroyed’,https://www.theguardian.com/world/2022/dec/11/russia-ukraine-war-at-a-glance-what-we-know-on-day-291-of-the-invasion,https://media.guim.co.uk/1f6f8622d4d5a99a6a65e8db15b13aeb29c03c25/0_301_3500_2100/500.jpg
12-12-2022,Russia-Ukraine war at a glance: what we know on day 292 of the invasion,Ukraine attacks barracks in Russian-occupied city of Melitopol; emergency crews work to ease power shortages across Ukraine after Russian attacks,https://www.theguardian.com/world/2022/dec/12/russia-ukraine-war-at-a-glance-what-we-know-on-day-292-of-the-invasion,https://media.guim.co.uk/abb18a1309231c28370dfdeb8b0a4be99675aa1a/0_433_7810_4688/500.jpg
13-12-2022,Jacinda Ardern will need more than a ‘paring back’ of policies to win | Henry Cooke,"New Zealand’s prime minister knows she is in trouble, but taking back control of the narrative will require more than a few U-turns",https://www.theguardian.com/world/2022/dec/13/jacinda-ardern-will-need-more-than-a-paring-back-of-policies-to-win,https://media.guim.co.uk/a33fdab2e4b2d35fa46e294a43725319693d5935/0_178_4729_2838/500.jpg
14-12-2022,The rules around PCR tests for Covid are changing in Australia. How do I get one and why are GPs concerned? ,"In the new year, coronavirus testing will be brought in line with other respiratory illnesses, with a referral required",https://www.theguardian.com/world/2022/dec/14/the-rules-around-pcr-tests-for-covid-are-changing-in-australia-how-do-i-get-one-now,https://media.guim.co.uk/eb095bed587ffd5721ad5bce986185741a91bf9d/0_331_5000_3002/500.jpg
15-12-2022,Rules on liquids and laptops to be eased at UK airports from June 2024,"Passengers at most airports to be allowed two-litre containers of liquid, in major relaxation of 2006 rules",https://www.theguardian.com/world/2022/dec/15/rules-on-liquids-and-laptops-to-be-eased-at-uk-airports-from-june-2024,https://media.guim.co.uk/4c2a98e6dad26807485a271e51ead1a6747a1497/0_101_3500_2098/500.jpg
16-12-2022,Former Peru president ordered to remain in custody for 18 months as protest death toll rises,Country’s human rights office calls for armed forces to cease the use of firearms and teargas,https://www.theguardian.com/world/2022/dec/16/peru-protests-death-toll-rises-to-12-after-another-day-of-violent-clashes-castillo,https://media.guim.co.uk/f7e3e323a4596dc84961a0a88df3c11773aa476c/0_0_8256_4954/500.jpg
17-12-2022,‘What was it for?’: the mental toll of China’s three years in Covid lockdowns,"As the government abandons ‘zero Covid’, it may take decades for ordinary Chinese people to recover – and many aren’t sure it was worth it",https://www.theguardian.com/world/2022/dec/17/what-was-it-for-the-mental-toll-of-chinas-three-years-in-covid-lockdowns,https://media.guim.co.uk/2984ec932dc0a71cd2d357628e3fc1d6de941c74/0_70_6048_3629/500.jpg
18-12-2022,Tensions simmer on Korean peninsula as North fires two ballistic missiles,Launches come days after Pyongyang said it tested a new ‘high-thrust’ motor as it seeks to advance its nuclear and missile programmes,https://www.theguardian.com/world/2022/dec/18/north-korea-fires-ballistic-missile-off-east-coast-says-seouls-military,https://media.guim.co.uk/6da72f757ea1277b5bb4de68f5d2dd4532f5e0e7/0_166_5000_3002/500.jpg
19-12-2022,Escape from Iran: protesters regroup in Iraq after perilous journey,"Daily shows of dissent against repressive 43-year clerical rule continue, with exiled demonstrators asking for help from the west",https://www.theguardian.com/world/2022/dec/19/escape-from-iran-protesters-regroup-in-iraq-after-perilous-journey,https://media.guim.co.uk/8bf1d5528016c4445cf4d231a9726aca2f5b969c/0_159_3000_1800/500.jpg
20-12-2022,Harvey Weinstein found guilty of rape and sexual assault in Los Angeles trial,The downfall of the former movie magnate played out over a six-week trial that included testimony from Jennifer Siebel Newsom,https://www.theguardian.com/world/2022/dec/19/harvey-weinstein-trial-guilty-los-angeles,https://media.guim.co.uk/f8e2bddbaef4106f68e6b103b1e85735c5c6587c/0_117_3500_2100/500.jpg
21-12-2022,China changes definition of Covid deaths as cases surge,"No new fatalities reported this week, despite numerous reports of overloaded hospitals and crematoriums",https://www.theguardian.com/world/2022/dec/21/china-covid-infection-surge-puts-end-of-global-emergency-in-doubt-who,https://media.guim.co.uk/66d38786b571c59cfc495202a38a9a04c119f43b/0_232_3500_2101/500.jpg
22-12-2022,"Jacinda Ardern’s ‘arrogant prick’ comment nets more than $100,000 at charity auction",A signed copy of the official parliamentary record was sold to raise money for a prostate cancer charity,https://www.theguardian.com/world/2022/dec/22/jacinda-arderns-arrogant-prick-comment-nets-more-than-100000-at-auction,https://media.guim.co.uk/b69a66f8a5f95cbb04305cd9e42bd4ed31c3f525/0_288_8640_5184/500.jpg
23-12-2022,Taliban minister defends closing universities to women as global backlash grows,Neda Mohammad Nadeem says ban was necessary to prevent mixing of genders as rare protests break out,https://www.theguardian.com/world/2022/dec/23/taliban-minister-defends-closing-universities-to-women-as-global-backlash-grows,https://media.guim.co.uk/cc38703065c90a3f34c3b56113d4d0289551d6b9/120_0_1800_1080/500.jpg
24-12-2022,Fiji parliament confirms Sitiveni Rabuka as prime minister after days of uncertainty,Rabuka accused the outgoing government of Frank Bainimarama of stoking ‘fear and chaos’ in the aftermath of the close election,https://www.theguardian.com/world/2022/dec/24/fiji-parliament-confirms-sitiveni-rabuka-as-prime-minister-after-days-of-uncertainty,https://media.guim.co.uk/18d07c635a39710c3c0a91716fe7f6cf886ac14d/0_3_6000_3600/500.jpg
25-12-2022,Russia-Ukraine war at a glance: what we know on day 305 of the invasion,"10 dead and more than 50 injured in Russian strikes on Kherson; ‘We will endure this winter,’ Volodymyr Zelenskiy says in Christmas eve message",https://www.theguardian.com/world/2022/dec/25/russia-ukraine-war-at-a-glance-what-we-know-on-day-305-of-the-invasion,https://media.guim.co.uk/a0009dd4ca21af3aeea875a3d6f3584156d3259b/0_109_4000_2400/500.jpg
26-12-2022,"Monday briefing: The death of a queen, family tensions – what 2022 meant for the royals",In today’s newsletter: The death of Queen Elizabeth II was among the most significant stories of 2022. Archie Bland looks back at a tumultuous year for the royal family,https://www.theguardian.com/world/2022/dec/26/monday-briefing-the-death-of-a-queen-family-tensions-what-2022-meant-for-the-royals,https://media.guim.co.uk/090b28d71ccc8f06bc82a1f5b9dd5e9d0488d3f5/0_86_4000_2400/500.jpg
27-12-2022,China enters uncharted waters as Xi tightens his grip,"The leader’s unprecedented third term opens with Covid protests, economic and housing issues and Taiwan strait crisis",https://www.theguardian.com/world/2022/dec/27/china-xi-third-term-covid-protests-economy-taiwan,https://media.guim.co.uk/2926ef46f9a63954cf57af014466a00745d8bb50/0_0_4574_2744/500.jpg
28-12-2022,Jetstar flight to Bali forced to make U-turn after last-minute plane swap ‘miscommunication’,The Boeing 787 was more than four hours into the flight when it was denied permission to land and forced to return to Melbourne,https://www.theguardian.com/world/2022/dec/28/jetstar-flight-to-bali-forced-to-make-u-turn-after-last-minute-plane-swap-miscommunication,https://media.guim.co.uk/cb8f2e62fe4e32b73d492fc8f44114467e096f81/126_0_3821_2294/500.jpg
29-12-2022,Myanmar’s junta blamed for deaths of more than 160 children in 2022,"Exiled National Unity Government says figure is a rise of 78% on last year, following February 2021 coup",https://www.theguardian.com/world/2022/dec/29/myanmars-junta-blamed-for-deaths-of-more-than-160-children-in-2022,https://media.guim.co.uk/1883a1b6516641b907c18c7e97487be6255cf1a4/0_167_3897_2339/500.jpg
30-12-2022,"China Covid: experts estimate 9,000 deaths a day as US says it may sample wastewater from planes","Infectious disease experts believe strategy more effective in slowing virus spread than new travel restrictions, as health data firm says thousands are likely dying daily in China",https://www.theguardian.com/world/2022/dec/30/china-covid-experts-estimate-9000-deaths-a-day-as-us-says-it-may-sample-wastewater-from-planes,https://media.guim.co.uk/87be817d5cba3872282e35b80d4c3093626e221b/25_355_4974_2985/500.jpg
31-12-2022,Russia-Ukraine war at a glance: what we know on day 311 of the invasion,"Ukrainian troops are either holding their positions or making small advances in Donbas, says Zelenskiy; Putin invites Xi to Moscow",https://www.theguardian.com/world/2022/dec/31/russia-ukraine-war-at-a-glance-what-we-know-on-day-311-of-the-invasion,https://media.guim.co.uk/f15001c5afa2cdf782096beafee209efaf1b48e4/0_17_2244_1346/500.jpg
