date (dd-mm-yyyy),webTitle,short_description,webUrl,imageUrl
01-01-2017,Turkey nightclub shooting: Istanbul on alert after gunman kills dozens,Turkish police still searching for gunman after at least 39 shot dead in assault on New Year’s Eve party in district of Ortakoy,https://www.theguardian.com/world/2016/dec/31/turkey-armed-attacker-opens-fire-in-istanbul-nightclub-reports,https://media.guim.co.uk/c37eee988bb5006f8604442eeab0ec0dfae5a759/0_0_3857_2316/500.jpg
02-01-2017,India's banknote ban: how Modi botched the policy yet kept his political capital,"His plea for 50 days of grace has expired, yet the prime minister may survive thanks to his framing of demonetisation as a strike against corrupt elites",https://www.theguardian.com/world/2017/jan/02/indias-bank-note-ban-how-modi-botched-the-policy-yet-kept-his-political-capital,https://media.guim.co.uk/8d2cf2de25c8423dc7ca3854646f0fb144748182/0_16_4096_2459/500.jpg
03-01-2017,"A human rights activist, a secret prison and a tale from Xi Jinping's new China","Peter Dahlin spent 23 days in a ‘black prison’ in Beijing, where he says he was deprived of sleep and questioned with a ‘communication enhancement’ machine. Here he tells the story of his incarceration and expulsion from the People’s Republic",https://www.theguardian.com/world/2017/jan/03/human-rights-activist-peter-dahlin-secret-black-prison-xi-jinpings-new-china,https://media.guim.co.uk/c8efaa70d55f56713b1456b1fd136c99af30b6bb/0_220_2120_1272/500.jpg
04-01-2017,Republican senators introduce bill to move US embassy in Israel to Jerusalem,"Ted Cruz, Dean Heller and Marco Rubio unveiled the Jerusalem Embassy and Recognition Act, a plan backed by Donald Trump but likely to ignite protests",https://www.theguardian.com/world/2017/jan/03/us-embassy-israel-jerusalem-republican-bill,https://media.guim.co.uk/0188b33827be41d4b4f313650fa085d129525588/368_182_5104_3063/500.jpg
05-01-2017,Apple removes New York Times app in China,Company says it will not offer news site in app store because it has been told by Beijing it is in ‘violation of local regulations’,https://www.theguardian.com/world/2017/jan/05/apple-removes-new-york-times-app-in-china,https://media.guim.co.uk/db232f3841d6c2f297921627482b76303020b5bb/0_2270_3552_2131/500.jpg
06-01-2017,Mexico gasoline protests: president insists there's no alternative to price hike,At least 987 people had been arrested and four people killed after the fifth day of violent demonstration and looting over a 20% hike in gasoline prices,https://www.theguardian.com/world/2017/jan/06/mexico-gasoline-protests-four-dead-and-hundreds-arrested-during-mass-looting,https://media.guim.co.uk/f6c59a0ea2d5dff231433a90c7185ddd4a0a7d55/0_28_3888_2333/500.jpg
07-01-2017,'Fear and threats': Mexico hits back after Trump pressures automakers,Mexican government ‘categorically rejects’ attempts to scare off investors but effects seem clear as future Ford plant – and job hopes – are left an empty shell,https://www.theguardian.com/world/2017/jan/07/fear-and-threats-mexico-hits-back-over-trumps-bullying-of-automakers,https://media.guim.co.uk/8d396bb6d960f309c432ea22b4a44f803844835b/0_108_3861_2317/500.jpg
08-01-2017,Police and fear stalk the streets of Dhaka as clothes workers fight for more than £54 a month,Garment workers in Bangladesh endure harsh conditions and the world’s lowest minimum wage,https://www.theguardian.com/world/2017/jan/08/bangladesh-garment-workers-factories-industrial-action,https://media.guim.co.uk/f7ccc8e69c9105c37f28d9d1282731a67e648a8e/0_514_6624_3975/500.jpg
09-01-2017,New Oxfam app aims to rebuild trust in charities and increase donations,The charity wants to increase transparency by providing updates on its work and allowing donors to track giving,https://www.theguardian.com/world/2017/jan/09/new-oxfam-app-aims-to-rebuild-trust-in-charities-and-increase-donations,https://media.guim.co.uk/c22be83c20fd4cbb1dbae9f17da9da478cf31a7e/0_151_3504_2102/500.jpg
10-01-2017,Liberty launches legal challenge to 'state spying' in snooper's charter,Human rights campaign group asks for crowdfunding for high court judicial review into mass surveillance powers in new Investigatory Powers Act,https://www.theguardian.com/world/2017/jan/10/liberty-launches-legal-challenge-to-state-spying-in-snoopers-charter,https://media.guim.co.uk/a3d2fd886e7c5ceaa479036376cdacdc4a87e4ab/0_115_3500_2100/500.jpg
11-01-2017,Russia's London embassy: UK preparing anti-Moscow witch-hunt,Foreign secretary tells incoming US administration that Russia and Putin have been ‘up to all sorts of very dirty tricks’,https://www.theguardian.com/world/2017/jan/10/putin-moscow-boris-johnson-hacking-democratic-national-committee-russia,https://media.guim.co.uk/082f4a619c6d1a9e0a5c1af943418d6cd2b6ce24/0_11_4272_2562/500.jpg
12-01-2017,Insurers call for action after rise in hit-and-run incidents on UK roads,"Report calls for national campaign to promote accident responsibility, saying many people don’t see motoring offences as ‘real’ crimes ",https://www.theguardian.com/world/2017/jan/12/insurers-call-for-action-after-rise-in-hit-and-run-incidents-on-uk-roads,https://media.guim.co.uk/79478477e16803a1f6173571463e6e6d594afa11/61_0_3328_1997/500.jpg
13-01-2017,"UK failing Syrian refugees who survived torture, say MPs","Few receive specialist help they need, report finds, while aim of resettling 20,000 vulnerable refugees by 2020 remains a challenge ",https://www.theguardian.com/world/2017/jan/13/uk-failing-syrian-refugees-who-survived-torture-say-mps,https://media.guim.co.uk/590d0e76509864fdcfae1484762448f05a4566b2/0_262_5184_3110/500.jpg
14-01-2017,Iran repopulates Syria with Shia Muslims to help tighten regime's control,New communities are settling in areas where Sunnis have fled or been forced out as Tehran seeks an arc of control stretching from its borders to Israel ,https://www.theguardian.com/world/2017/jan/13/irans-syria-project-pushing-population-shifts-to-increase-influence,https://media.guim.co.uk/64d6b9fd0f0baaabb955a9e882a3360b5013c6fd/311_147_3101_1860/500.jpg
15-01-2017,Pompidou Centre gets a £90m facelift 40 years on,The love-it-or-hate-it Paris museum will have a makeover for its anniversary – but the inside-out look will stay,https://www.theguardian.com/world/2017/jan/15/pompidou-centre-90m-facelift-40-years,https://media.guim.co.uk/34987e85661c45922eacb17e893a25251fcc7bf8/0_384_5760_3456/500.jpg
16-01-2017,Bill to cement Erdoğan's power passes first vote in Turkey,"Turkish MPs back sweeping changes to constitution that would abolish office of prime minister, usher in executive presidency and end judicial independence",https://www.theguardian.com/world/2017/jan/16/bill-to-cement-erdogans-power-passes-first-vote-in-turkey,https://media.guim.co.uk/517510f2ef528d334ee388bc73c077f5c3df7873/108_0_3213_1928/500.jpg
17-01-2017,Australian family who went missing in Japanese ski fields found alive,Woman and her three sons reportedly contacted friends on Facebook after digging themselves into a snow hole on Mount Kenashi,https://www.theguardian.com/world/2017/jan/17/australian-woman-and-three-sons-missing-in-japanese-ski-fields,https://media.guim.co.uk/8f085dc5d46cc159f2e0b3391b7ff8df1e4745be/0_37_940_564/500.jpg
18-01-2017,Nigeria air strike: dozens dead as camp for internally displaced people hit by mistake,MSF staff report at least 50 dead in airstrike on camp in Borno state where families made homeless by Boko Haram were sheltering,https://www.theguardian.com/world/2017/jan/17/nigeria-military-jet-mistakenly-bombs-displaced-families-camp-boko-haram,https://media.guim.co.uk/8e8fecc3cf67dacc465eaee5fb810e3008ccf56d/119_0_1875_1125/500.jpg
19-01-2017,Gambia: tourists scramble for flights out as troops mass at border,UK Foreign Office warns against all but essential travel to the Gambia after Senegal says it will act if president refuses to accept election defeat,https://www.theguardian.com/world/2017/jan/18/british-tourists-crowd-banjul-airport-the-gambia-evacuation-flights,https://media.guim.co.uk/a8375d6f22a3750b29ca392fe4d43fa97c9458d0/0_162_3247_1948/500.jpg
20-01-2017,Killing kakas with kindness: New Zealand bird lovers threaten future of parrot,"Nuts, seeds and bread left out for native birds are causing a bone disease which leaves chicks with fatal abnormalities ",https://www.theguardian.com/world/2017/jan/20/killing-kakas-with-kindness-new-zealand-bird-lovers-threaten-future-of-parrot,https://media.guim.co.uk/85b06a6194589c980d3d7dc7a5e6934dd44217bc/0_737_2448_1469/500.jpg
21-01-2017,The Gambia: defeated president backs down and agrees to go into exile,"Yahya Jammeh announces he will ‘relinquish the mantle of this great nation’ after Mauritania’s president, Mohamed Abdel Aziz, brokered his departure",https://www.theguardian.com/world/2017/jan/20/the-gambia-jammeh-has-agreed-to-leave-new-president-tweets,https://media.guim.co.uk/2dd077820d676fbd566c8b508ae35f2c8f3f486d/0_42_1143_686/500.jpg
22-01-2017,"In Moscow, Trump inauguration inspires Russian hopes of new nationalist era","For Muscovites watching the ceremony, US president’s past warm words towards Vladimir Putin are seen as sign the Kremlin will regain influence",https://www.theguardian.com/world/2017/jan/22/moscow-trump-inauguration-inspires-russian-new-hopes-era,https://media.guim.co.uk/b16da7aac3979d8c454755b45b6b7502aceb0bcd/0_16_4066_2440/500.jpg
23-01-2017,Iceland gripped by rare murder case as woman's body is found,"Biggest search and rescue in nation’s history, involving 725 volunteers, ends with Birna Brjansdottir, 20, found dead on a beach and two sailors held",https://www.theguardian.com/world/2017/jan/23/iceland-gripped-by-rare-case-as-womans-body-is-found,https://media.guim.co.uk/c70a726c8b46e93acd3a80ad78eee0e177746b3f/0_110_529_317/500.jpg
24-01-2017,Gender pay gap starts early with 20% disparity in pocket money – study,"Girls aged five to 16 receive £2.20 less per week than boys and are allowed less financial independence, report shows ",https://www.theguardian.com/world/2017/jan/24/gender-pay-gap-starts-early-20-disparity-pocket-money-study,https://media.guim.co.uk/260d0970661c5b54a33a1373c282de23c88dffea/0_291_5616_3370/500.jpg
25-01-2017,Irish ticket lands almost €89m in Euromillions lottery,National Lottery in Dublin confirms that ticket was sole winner of jackpot – joining the nine previous winners from Ireland,https://www.theguardian.com/world/2017/jan/25/irish-winner-lands-almost-89m-in-euromillions-lottery,https://media.guim.co.uk/ee0b6ec943eb758d328a6371ab11a6417ead10ef/0_0_2000_1200/500.jpg
26-01-2017,Britain accused of letting down Hong Kong democracy activists,Chris Patten says Britain has prioritised trade deals with China over defending freedoms guaranteed in 1997 handover,https://www.theguardian.com/world/2017/jan/26/britain-hong-kong-democracy-activists-chris-patten,https://media.guim.co.uk/f32c6fda95d4beff055c0dcbc9796195621918bc/0_162_4256_2554/500.jpg
27-01-2017,"One in four genocide survivors in UK have faced abuse, poll finds","More relatives of survivors deal with racial or religious hatred, according to research released to mark Holocaust Memorial Day",https://www.theguardian.com/world/2017/jan/27/uk-genocide-survivors-one-quarter-face-racial-religious-abuse-holocaust-memorial-day,https://media.guim.co.uk/17333ffb38c2b9e9c8bff31faf62f933e5414f78/0_268_3500_2100/500.jpg
28-01-2017,'I was murdered in Auschwitz': victims of Holocaust remembered on Twitter,"One account tweets about the St Louis, a vessel carrying Jews fleeing Nazi Germany that was turned away from the US ",https://www.theguardian.com/world/2017/jan/28/i-was-murdered-in-auschwitz-victims-of-holocaust-remembered-on-twitter,https://media.guim.co.uk/a9638747f25dcdae6b938602495ab05bc9a993e9/0_195_5644_3388/500.jpg
29-01-2017,"Astronomical wages, huge transfer fees … how long can China’s football gold rush last?","As Carlos Tevez flies in, experts fear the impact of a spending binge while politicians accuse clubs of burning money",https://www.theguardian.com/world/2017/jan/29/china-football-carlos-tevez-can-gold-rush-last,https://media.guim.co.uk/8b294e9b898085f9403030c73c93adf714583cf9/0_0_2836_1702/500.jpg
30-01-2017,Inquiry launched into UK gender laws amid fears over Brexit effect,Retired judge Dame Laura Cox will lead review for Fawcett Society as campaigners highlight risk of rights being eroded,https://www.theguardian.com/world/2017/jan/30/inquiry-launched-into-uk-gender-laws-amid-fears-over-brexit-effect,https://media.guim.co.uk/ee5eba148346e1f1c1debf0d0afbda878ce83a99/0_169_3319_1992/500.jpg
31-01-2017,'Cube of truth': Anonymous hit streets with violent footage of animal farming,A splinter group of the loose online activist group reports real-world success with a vegan campaign featuring flatscreens and Guy Fawkes masks,https://www.theguardian.com/world/2017/jan/31/cube-of-truth-anonymous-hit-streets-with-violent-footage-of-animal-farming,https://media.guim.co.uk/2ef60baeeae7920f4474ff8f565f5bea94671470/0_326_4896_2938/500.jpg
01-02-2017,Rail firms ordered to improve provision of accessible toilets,Minister says there will be clearer information and quicker repairs after Paralympian went public about her ordeal,https://www.theguardian.com/society/2017/feb/01/rail-firms-ordered-to-improve-provision-of-accessible-toilets-anne-wafula-strike,https://media.guim.co.uk/bf94158f90615961a28cb91d579379cb50a1e2d3/1225_117_2812_1687/500.jpg
02-02-2017,Reports of antisemitic incidents increase to record levels in UK,Rise in incidents is blamed on factors including Labour party antisemitism row and rise in xenophobia after Brexit vote,https://www.theguardian.com/world/2017/feb/02/reports-of-antisemitic-incidents-increase-to-record-levels-in-uk,https://media.guim.co.uk/7acbb0365b21d1872e3acb1b41aa154b9d7e4a0a/1104_208_1146_687/500.jpg
03-02-2017,UN envoy Nikki Haley criticises Russian aggression in Ukraine,New ambassador uses maiden speech to the security council to deliver the Trump administration’s first rebuke to Moscow,https://www.theguardian.com/world/2017/feb/03/un-envoy-nikki-haley-criticises-russian-aggression-in-ukraine,https://media.guim.co.uk/eeccb233d92360464a6469019170b0c226b5ddea/0_120_5760_3456/500.jpg
04-02-2017,Indonesian women being radicalised into would-be suicide bombers – report,The growth of social media and groups’ willingness to recruit more women is creating a ‘jihadi community’ in the huge Muslim nation,https://www.theguardian.com/world/2017/feb/04/indonesian-women-being-radicalised-into-would-be-suicide-bombers-report,https://media.guim.co.uk/7ad29dd264d711c47dcb1efc3f11a52c93ef42bf/0_176_3500_2101/500.jpg
05-02-2017,Islands on the frontline of a new global flashpoint: China v Japan,"While the South China Sea has drawn attention, the Senkaku Islands have become the site of renewed tension",https://www.theguardian.com/world/2017/feb/05/china-v-japan-new-global-flashpoint-senkaku-islands-ishigaki,https://media.guim.co.uk/ab5465791b7ae7fdf69fca6c4f6eb73b383a1f75/176_0_3617_2171/500.jpg
06-02-2017,"If festival crowds can unite to help a crowd surfer, they can unite against sexual assault | Jonathan Seidler",Laneway festival’s new sexual harassment hotline is a great initiative – but it’s only necessary because we don’t step in to help,https://www.theguardian.com/world/2017/feb/06/if-festival-crowds-can-unite-to-help-a-crowd-surfer-they-can-unite-against-sexual-assault,https://media.guim.co.uk/0081a7297bd78a473e9f0bcc8e312f9fb9b3c365/0_81_1280_768/500.jpg
07-02-2017,"Taxi drivers face £1,000 fine for refusing to pick up wheelchair users",New law will impose penalties on taxi and private hire drivers and make it an offence to charge additional fare for the service ,https://www.theguardian.com/society/2017/feb/07/taxi-drivers-face-1000-fine-refusing-pick-up-wheelchair-users,https://media.guim.co.uk/f003a89e030931277c316372caa016e13a037070/0_162_5033_3020/500.jpg
08-02-2017,Wednesday briefing: Trump's travel ban has uncertain appeal,Court leaves immigration order in limbo … Barack Obama goes kite-surfing with Richard Branson … and Stonehenge road tunnel encounters an obstacle,https://www.theguardian.com/world/2017/feb/08/wednesday-briefing-trumps-travel-ban-has-uncertain-appeal,https://media.guim.co.uk/30819aa55089fd4a643727bf7277b86646bd9c8b/0_0_1213_728/500.jpg
09-02-2017,Australian man whose girlfriend died in Thailand jetski collision to be interviewed by police,Local media says Thomas Keating will be formally charged with reckless driving after Emily Collie’s death,https://www.theguardian.com/world/2017/feb/09/australian-man-whose-girlfriend-died-in-thailand-jet-ski-collision-to-be-interviewed-by-police,https://media.guim.co.uk/181889a7593f12cf024f78c0e81692c665d61713/9_63_501_301/500.jpg
10-02-2017,Trump denounced nuclear arms treaty in phone call with Putin – sources,The president’s reported remarks on the Obama-era New Start Treaty between the US and Russia have provoked alarm among security specialists,https://www.theguardian.com/world/2017/feb/09/trump-putin-call-nuclear-deal-new-start-treaty,https://media.guim.co.uk/2ceaa9b63488015216804fdbb1c27752905c529e/0_0_3500_2100/500.jpg
11-02-2017,LGBTI groups condemn homophobic comments at far-right Q Society meeting,"Comments by Larry Pickering and Ross Cameron outrage gay rights activists, who say jokes about throwing homosexuals to their deaths are ‘not conceptual’ ",https://www.theguardian.com/world/2017/feb/11/gay-right-groups-condemn-homophobic-comments-at-far-right-q-society-meeting,https://media.guim.co.uk/5d964155795449aef65fb9bbd56428a2485d06dd/0_278_4256_2554/500.jpg
12-02-2017,‘I feel like I have been buried alive’: families live in fear and isolation as Erdoğan leads a witch-hunt,"More than 125,000 people have been sacked on suspicion of links to a dissident cleric. Two teachers and a law student describe how this has affected them",https://www.theguardian.com/world/2017/feb/12/blacklisted-erdogans-witch-hunt-forces-turkish-families-into-world-of-fear-and-isolation,https://media.guim.co.uk/924f460c6f911a5bbb62ef765fece9417baf3692/0_21_3500_2100/500.jpg
13-02-2017,'The darkest time': Hong Kong reels over bizarre disappearance of Chinese billionaire,"Xiao Jianhua vanished from his luxury hotel residence, reportedly spirited away by China’s state security in a wheelchair and covered by a sheet",https://www.theguardian.com/world/2017/feb/13/the-darkest-time-hong-kong-reels-over-disappearance-of-xiao-jianhua-chinese-billionaire,https://media.guim.co.uk/4a23d8abefde997cf259b6a90837e8c36a6b73d7/0_507_5000_3000/500.jpg
14-02-2017,Jakarta governor election a 'litmus test' of Indonesian Islam,"Incumbent Ahok, a Christian from the ethnic Chinese minority, fights to retain office after a campaign charged with racial and religious intolerance",https://www.theguardian.com/world/2017/feb/14/jakarta-governor-election-a-litmus-test-of-indonesian-islam,https://media.guim.co.uk/b9244e5c50b1a831b57059558598331ade89d503/0_59_3000_1800/500.jpg
15-02-2017,Argentina president accused of conflict of interest after company's debt forgiven,"Mauricio Macri faces accusation in court after government forgave $296m debt owed by Socma, his family’s company, which ran post office",https://www.theguardian.com/world/2017/feb/14/argentina-president-mauricio-macri-conflict-interest,https://media.guim.co.uk/d81672e4c4f4ed00b458895dfc46f7ddf3f99e43/933_0_1801_1081/500.jpg
16-02-2017,Enda Kenny says Ireland will oppose any post-Brexit 'hard border',Taoiseach says avoiding fortified border is vital for national interest and adds that Brexit poses major threat to Ireland’s economic prosperity,https://www.theguardian.com/world/2017/feb/16/enda-kenny-says-ireland-will-oppose-any-post-brexit-hard-border,https://media.guim.co.uk/db6ce9145aee1ebdfe1ea3c46642a2f4312da7f6/0_179_3500_2100/500.jpg
17-02-2017,Horse genitals seized from luggage of women arriving in US," Pair had a total of 19kg of horse meat hidden in juice boxes on a flight from Mongolia to Dulles airport, Virginia",https://www.theguardian.com/world/2017/feb/17/horse-genitals-seized-from-luggage-of-women-arriving-in-us,https://media.guim.co.uk/0b0185040c34c1b2459957d320393433c145db0f/0_141_2500_1500/500.jpg
18-02-2017,"Trump's media attacks play into China's hands, says Beijing press","President calls media ‘the enemy of the American people’, as Global Times says Trump denying himself an ally on ‘ideological’ issues",https://www.theguardian.com/world/2017/feb/18/media-attacks-by-trump-play-into-china-hands-global-times,https://media.guim.co.uk/d7ac9a3aa6bb68fa4fae2d86a0698ba13415a46b/0_232_3500_2101/500.jpg
19-02-2017,Colombia activist killings ‘will not be tolerated’ says minister,"Clara López, key player in the peace process, vows an ‘end to impunity’ for rightwing death squads",https://www.theguardian.com/world/2017/feb/19/colombia-lopez-activist-killings,https://media.guim.co.uk/48ff1a4efc6d97fc83c83961794e583c47e4d5bc/0_124_2397_1438/500.jpg
20-02-2017,Scientists to repeat 19th-century ship's crossing of polar ice cap,Ambitious Mosaic expedition will study weather patterns and life in melt ponds from vessel drifting with the ice current,https://www.theguardian.com/world/2017/feb/20/scientists-to-repeat-19th-century-fram-ships-crossing-of-polar-ice-cap,https://media.guim.co.uk/4388bca87eab84c9369388324abbaf771a0b07d3/0_9_1736_1042/500.jpg
21-02-2017,China orders hundreds of thousands of private cars to have GPS trackers installed for monitoring,Hundreds of thousands of vehicles affected by edict covering part of Xinjiang following outbreaks of violence – and no petrol for owners who don’t comply ,https://www.theguardian.com/world/2017/feb/21/china-orders-gps-tracking-of-every-car-in-troubled-region,https://media.guim.co.uk/32c1f12bdf994f22ba8bd22e9d785e0b5ca66453/0_233_3500_2101/500.jpg
22-02-2017,Hundreds of UK hotels fail food hygiene inspections,"Inspectors discovered seafood past its expiry date and food stored without temperature controls, says Which? survey<br>",https://www.theguardian.com/world/2017/feb/22/uk-hotels-fail-food-hygiene-inspections-which,https://media.guim.co.uk/1c1dcd114f554ce0792de74ba6f22bd57756c18c/138_488_4848_2910/500.jpg
23-02-2017,British suicide bombing suspect wasn't being tracked by UK intelligence,Former Guantánamo detainee Jamal al-Harith was able to travel to Iraq because he was not considered a major security threat,https://www.theguardian.com/world/2017/feb/22/british-suicide-bomber-jamal-al-harith-not-monitored-by-security-services,https://media.guim.co.uk/e3baea5f3171be7d713ed714bf19afa14f1db163/102_0_1562_937/500.jpg
24-02-2017,North Korea's use of nerve agent in murder sends a deliberate signal to foes,"Kim Jong-un’s regime claims not to possess any chemical weapons, but the use of VX nerve agent to kill Kim Jong-nam could be designed to deter defectors",https://www.theguardian.com/world/2017/feb/24/north-korea-use-of-chemical-weapons-kim-jong-nam-a-deliberate-signal-to-its-foes,https://media.guim.co.uk/a9f7da40ad9cc98850100a34cf825185653032e0/0_50_3500_2101/500.jpg
25-02-2017,Dengue fever outbreak on Nauru threatens health system,"Crisis meeting called after at least 70 known cases of the viral disease are reported, including at least 10 asylum seekers and refugees held by Australia",https://www.theguardian.com/world/2017/feb/25/dengue-fever-outbreak-on-nauru-threatens-health-system,https://media.guim.co.uk/1780cf883f0d359d47ab872adc4f83c25b533508/0_368_4783_2870/500.jpg
26-02-2017,Church closure threatens masterpiece by Jewish artist who fled Nazis,Leading art figures appeal to bishop of Salford to preserve masterpiece by Georg Mayer-Marton,https://www.theguardian.com/world/2017/feb/26/mosaic-church-oldham-demolition-georg-mayer-marton-postwar-artist,https://media.guim.co.uk/60ad3e434bab0dc42561e5484bbee0d4d004a1f7/0_797_6508_3903/500.jpg
27-02-2017,Germany's rightwing AfD party struggles to cope with internal crisis,Alternative für Deutschland’s support has slumped since a leading politician called for Germany to stop atoning for its Nazi past,https://www.theguardian.com/world/2017/feb/27/germany-rightwing-afd-party-struggles-internal-crisis,https://media.guim.co.uk/c23c29eae63e8515de6a50046f2bb3b93246b608/0_120_2561_1537/500.jpg
28-02-2017,'Open the doors': the Catholic churches hiding targets of Duterte’s drug war,"Despite the climate of fear in the Philippines, a growing number of churches have opened their network of safe houses to people at risk of being killed",https://www.theguardian.com/world/2017/feb/28/catholic-churches-hiding-targets-of-dutertes-drug-war,https://media.guim.co.uk/d82e6e4c8919f07e092ab2cadf4f179886aa0ec8/0_0_3500_2099/500.jpg
01-03-2017,Tougher penalties begin for drivers using mobile phones,"Penalty points and fines to double from Wednesday, meaning newly qualified drivers will lose their licence if caught",https://www.theguardian.com/world/2017/mar/01/six-points-licence-200-fine-drivers-mobile-phone,https://media.guim.co.uk/976bf14aa7a9454b7ab4c91512d053ca967903a3/0_187_5600_3360/500.jpg
02-03-2017,"UK must stand up to Trump over sanctions on Russia, say MPs","Any moves by the US to ease pressure on Putin over Ukraine should be challenged, says foreign affairs committee ",https://www.theguardian.com/world/2017/mar/02/uk-must-stand-up-to-trump-over-sanctions-on-russia-say-mps,https://media.guim.co.uk/e8ef82fba372232272f6bddf194d9c373f774986/0_245_4146_2488/500.jpg
03-03-2017,Inflation returns to Japan for the first time in more than a year,Prices tick up helped by the rising cost of oil but a slump in household spending clouds the outlook ,https://www.theguardian.com/world/2017/mar/03/inflation-returns-to-japan-for-the-first-time-in-more-than-a-year,https://media.guim.co.uk/da490ae34e17ef5d55f320189da904a2d66a78bc/0_317_3500_2100/500.jpg
04-03-2017,Chinese official calls for easing of internet censorship,"‘Great Firewall’ that blocks western websites is too restrictive and hinders economic progress while discouraging foreign investors, says Luo Fuhe",https://www.theguardian.com/world/2017/mar/04/chinese-official-slams-internet-censorship,https://media.guim.co.uk/d7715bc3ba3c39261db43d1ac88c2eea1b6ed184/0_5_4008_2405/500.jpg
05-03-2017,Britons who died in D-day landings to be remembered with monument,"Memorial to those who died in Normandy campaign to be erected at site of fighting, paid for by government and funds raised by charities",https://www.theguardian.com/world/2017/mar/05/britons-who-died-in-d-day-landings-to-be-remembered-with-monument,https://media.guim.co.uk/e8aa800fe65c5fc9493c9d1ada92d9509542fdf1/0_546_3500_2100/500.jpg
06-03-2017,Home Office decision to end Dubs scheme 'not backed by evidence',MPs highlight ‘big gap’ between government and councils on UK’s capacity to house unaccompanied children ,https://www.theguardian.com/world/2017/mar/06/home-office-decision-to-end-dubs-scheme-not-backed-by-evidence,https://media.guim.co.uk/7fa93aec541ab8167207da209faa18458dcd1091/0_0_3500_2100/500.jpg
07-03-2017,Donald Trump says nuclear threat from North Korea has entered 'new phase',US president told Japanese PM he is ‘100%’ with Tokyo as US moves Thaad missile defence system into South Korea following Pyongyang missile launches,https://www.theguardian.com/world/2017/mar/07/donald-trump-threat-north-korea-new-phase,https://media.guim.co.uk/f02a21f130ab7b1e8a2fddc18fa4119b222ff1b3/0_42_2500_1501/500.jpg
08-03-2017,Fears over trial of '1984' surveillance system that anticipates antisocial acts,Privacy advocates raise concerns over Toowoomba council’s iOmniscient surveillance software that they say is ‘invasive’ and linked to racial profiling,https://www.theguardian.com/world/2017/mar/08/queensland-council-trials-iomniscient-surveillance-to-anticipate-antisocial-acts,https://media.guim.co.uk/54ac0e6b834c5c83afcdf833d2ce0b96ee7af366/5_378_3048_1829/500.jpg
09-03-2017,Dying robots and failing hope: Fukushima clean-up falters six years after tsunami,"Exploration work inside the nuclear plant’s failed reactors has barely begun, with the scale of the task described as ‘almost beyond comprehension’",https://www.theguardian.com/world/2017/mar/09/fukushima-nuclear-cleanup-falters-six-years-after-tsunami,https://media.guim.co.uk/b8b6046ad92d9fafddc0644be04898b75a2e07c6/14_291_3942_2365/500.jpg
10-03-2017,"US election was a farce that exposes 'hypocritical' democracy, says China",Beijing’s annual chronicling of alleged human rights abuses in the US focuses on political system and treatment of minorities,https://www.theguardian.com/world/2017/mar/10/us-election-was-a-farce-that-exposes-hypocritical-democracy-says-china,https://media.guim.co.uk/49d7921312b172d8f283341b0a7b265e8071bdcc/0_50_3000_1800/500.jpg
11-03-2017,Reza Aslan outrages Hindus by eating human brains in CNN documentary,"The American author filmed with a cannibalistic sect for his Believers series, with fears that it could increase hate attacks against Indian Americans ",https://www.theguardian.com/world/2017/mar/10/reza-aslan-criticised-for-documentary-on-cannibalistic-hindus,https://media.guim.co.uk/3d795916dc7ffe216bfff0f91f392a4ecd425ad4/0_291_4368_2621/500.jpg
12-03-2017,Geert Wilders out in the cold in Dutch election scrum,"As voters turn to the right, the Greens are hoping to profit from the woes of a discredited Labour party",https://www.theguardian.com/world/2017/mar/12/geert-wilders-out-in-cold-netherlands-election,https://media.guim.co.uk/3f9663f9830f603cb2616a98f4a052f24dc0bb04/0_184_3500_2101/500.jpg
13-03-2017,That's blown it: high winds cause chaos at Cape Town cycling race,Winds exceeding 100kph blew riders off their bikes and sent portable toilets careening across the road before organisers cancelled the event,https://www.theguardian.com/world/2017/mar/13/high-winds-chaos-cape-town-cycle-race-toilets,https://media.guim.co.uk/74265b430d30a0e43a14316f31e30fadc3aa8c42/0_155_4638_2783/500.jpg
14-03-2017,Geert Wilders calls for expulsion of Turkey's ambassador in TV debate,Demand made by Freedom party leader in TV election debate as Dutch prime minister seeks to defuse row with Erdoğan,https://www.theguardian.com/world/2017/mar/14/geert-wilders-seeks-expulsion-of-turkeys-ambassador,https://media.guim.co.uk/5a027b0122b3555f71a6b143af2d5b5cd00542dc/0_144_4522_2714/500.jpg
15-03-2017,Syria 'the most dangerous place on earth for healthcare providers' – study,"Researchers in Lancet study say the ‘weaponisation’ of healthcare in Syria, involving killing of hundreds of medical workers, is unprecedented",https://www.theguardian.com/world/2017/mar/15/syria-conflict-study-condemns-weaponisation-of-healthcare,https://media.guim.co.uk/1aff26c772fff17dd8bb34e4d7d7fa31d46a11a0/0_276_4951_2971/500.jpg
16-03-2017,New Zealand river granted same legal rights as human being,"After 140 years of negotiation, Māori tribe wins recognition for Whanganui river, meaning it must be treated as a living entity",https://www.theguardian.com/world/2017/mar/16/new-zealand-river-granted-same-legal-rights-as-human-being,https://media.guim.co.uk/a75e6c34ad8743ce455e2bb4ce30c7d61e887280/0_20_4686_2812/500.jpg
17-03-2017,"Refugees in Greece suffering after EU deal with Turkey, say NGOs","Oxfam and other groups tell of more than 14,000 trapped in abysmal conditions through ‘degrading asylum policies’ ",https://www.theguardian.com/world/2017/mar/17/refugees-in-greece-suffering-after-eu-deal-with-turkey-say-ngos,https://media.guim.co.uk/3d9929f2dd14a639ff5a057a165126750601b738/109_402_4667_2801/500.jpg
18-03-2017,Angela Merkel looks bemused by Donald Trump's wiretapping joke,"From bafflement to a cold stare, the German chancellor’s reactions during her visit to Washington have been dissected on social media",https://www.theguardian.com/world/2017/mar/18/angela-merkel-looks-bemused-by-donald-trumps-wiretapping-joke,https://media.guim.co.uk/d3c5703f68f17f712b40e39800a25d22b5de41e7/27_195_2939_1763/500.jpg
19-03-2017,"‘We’re cheated, first in India, then in Qatar’: how World Cup workers are deceived","In India and Nepal, agents and middlemen charge up to £1,000 in illegal fees to recruit workers for World Cup 2022",https://www.theguardian.com/world/2017/mar/19/qatar-world-cup-workers-india-nepal-cheated-deceived,https://media.guim.co.uk/6b7642f260e01f9c9a9d406c1bb72a88cd1c9cf8/170_0_2960_1777/500.jpg
20-03-2017,‘Crazy dream’: the former Delhi IT worker in the race to land on the moon,"TeamIndus is one of four teams competing to win Google’s Lunar XPrize for the first ever private moon landing, worth $20m",https://www.theguardian.com/world/2017/mar/20/lunar-xprize-moon-landing-former-delhi-it-worker-crazy-dream,https://media.guim.co.uk/02ec20f419517f299d7e20e25639eeee0b79ee22/0_200_6000_3600/500.jpg
21-03-2017,Secret files reveal Great Escape families' long wait for compensation,Records show how relatives of those killed after escape from Nazi prison camp eventually received ‘death grants’,https://www.theguardian.com/world/2017/mar/21/secret-files-reveal-great-escape-families-long-wait-compensation,https://media.guim.co.uk/e4a596a7baafd72045dae713fe57834a4427da59/0_170_3753_2252/500.jpg
22-03-2017,Abortion decriminalised in Northern Territory after long campaign,Labor-led parliament votes 20 to four to amend Medical Services Act and widen access to RU486 termination drug ,https://www.theguardian.com/world/2017/mar/22/abortion-decriminalised-in-northern-territory-after-long-campaign,https://media.guim.co.uk/d89e3abbbc213df0bd981eb9e7bb3f8369159a52/0_100_3000_1800/500.jpg
23-03-2017,Chinese premier warns Australia 'taking sides' could lead to new cold war,Li Keqiang says Beijing pursues foreign policy of peace and seeks ‘development paths suited to our traditions’,https://www.theguardian.com/world/2017/mar/23/chinese-premier-warns-australia-taking-sides-could-lead-to-new-cold-war,https://media.guim.co.uk/c694f0b3e7fa35903792dff1c2cb0c78a939240c/915_422_2154_1293/500.jpg
24-03-2017,Hungary threatens to ban Heineken's red star as 'communist',Viktor Orban’s government proposes tit-for-tat measure after Dutch beer maker won trademark case against similarly named brand favoured by Hungarians,https://www.theguardian.com/world/2017/mar/24/hungary-threatens-to-ban-heineken-star-logo-as-communist,https://media.guim.co.uk/b8f70b75266f2fc974d8120c6cc2a6f07149905a/0_40_2000_1200/500.jpg
25-03-2017,British MPs say Turkish president using attempted coup to suppress human rights,Commons foreign affairs select committee says relationship with Recep Tayyip Erdoğan could damage UK’s international reputation,https://www.theguardian.com/world/2017/mar/25/british-mps-say-turkish-president-using-attempted-coup-to-suppress-human-rights,https://media.guim.co.uk/f9db60f5f87660865ceb3d26a734c65bed43bde9/0_16_3500_2100/500.jpg
26-03-2017,Rise of Hindu ‘extremist’ spooks Muslim minority in India’s heartland,"In Gorakhpur, the power base of a firebrand monk, religious tension grows with Uttar Pradesh’s 40 million Muslims",https://www.theguardian.com/world/2017/mar/26/modis-man-flexes-muscular-hinduism-shock-election,https://media.guim.co.uk/300addac6c354e4b60a88d8f658a70c2972329c9/0_167_3500_2100/500.jpg
27-03-2017,New Zealand anger as pristine lakes tapped for bottled water market,Residents and greens groups demand action to stop plan to plunder natural resources by companies that pay next to nothing to remove water,https://www.theguardian.com/world/2017/mar/27/new-zealand-anger-as-pristine-lakes-tapped-for-bottled-water-market,https://media.guim.co.uk/d09caf51fae99ecd7c9b031117e9bcef05a872ab/0_203_6100_3660/500.jpg
28-03-2017,Mass 'sorcery' murder trial of more than 100 men begins in Papua New Guinea,"Men allegedly overran neighbouring village, searching for people who had committed sorcery, killing seven, including two children",https://www.theguardian.com/world/2017/mar/28/mass-sorcery-trial-of-more-than-100-men-begins-in-papua-new-guinea,https://media.guim.co.uk/45352f016ef8a47b394a880b0b3948c803f85ec9/24_66_702_421/500.jpg
29-03-2017,Wednesday briefing: Brexit – the next two years start now,PM formally triggers EU exit negotiations … arrest over strip club death of British woman Stacey Tierney … and why you might never get to retire,https://www.theguardian.com/world/2017/mar/29/wednesday-briefing-brexit-the-next-two-years-start-now,https://media.guim.co.uk/080c1bf0f54cbcf76289cbc20f473fc526532f9a/1104_987_4032_2419/500.jpg
30-03-2017,Shooting lobby calls on Victorian government to penalise duck hunters who act illegally,"Coalition Against Duck Shooting discovered pit containing 200 dead ducks on 19 March, a day after season opened",https://www.theguardian.com/world/2017/mar/30/shooting-lobby-calls-on-victorian-government-to-penalise-duck-hunters-who-act-illegally,https://media.guim.co.uk/7dffdd11e80407bacd8b98e898738144edd9f44c/0_0_2282_1369/500.jpg
31-03-2017,Aung San Suu Kyi: Myanmar's great hope fails to live up to expectations,"A year after her party swept to power, the Nobel laureate faces questions over her leadership and silence on persecution",https://www.theguardian.com/world/2017/mar/31/aung-san-suu-kyi-myanmars-great-hope-fails-to-live-up-to-expectations,https://media.guim.co.uk/8eff0c990d4d094a2351ccda8a5d7b7aaa604ba4/0_152_2637_1582/500.jpg
01-04-2017,'Difficult to sell': garden variety ram-raid nets million in precious Maori paintings,Portraits by Czech artist Gottfried Lindauer taken from Auckland gallery where they had been left on display behind glass front window,https://www.theguardian.com/world/2017/apr/01/difficult-to-sell-garden-variety-ram-raid-nets-million-in-lindauer-paintings,https://media.guim.co.uk/77bcf0dd8acb2742e458f668cf227765e6646cc1/0_25_1584_950/500.jpg
02-04-2017,"Thousands dead: the Philippine president, the death squad allegations and a brutal drugs war","Now in a safe house, a former police officer fears for his life after allegedly exposing Rodrigo Duterte’s role in extrajudicial killings when mayor of Davao",https://www.theguardian.com/world/2017/apr/02/philippines-president-duterte-drugs-war-death-squads,https://media.guim.co.uk/35d03296939b1ac20caa8e44399ac1b7c0ca5f29/0_159_4096_2458/500.jpg
03-04-2017,Stellar Daisy: search for crew of huge cargo ship feared sunk in Atlantic Ocean,"Only two out of 24 crew rescued after bulk carrier, which is roughly the same size as 100 tennis courts, disappears carrying iron ore from Brazil to China ",https://www.theguardian.com/world/2017/apr/03/stellar-daisy-search-crew-huge-cargo-ship-feared-sunk-in-atlantic-ocean,https://media.guim.co.uk/ef4c6bf25de08ef3a7711649a4e93fd9f9b4e143/2843_1568_2353_1412/500.jpg
04-04-2017,Chicken run: New Zealand Post will start delivering KFC to beat mail slump,Fast food home delivery is tried out as number of letters sent in New Zealand halves in a decade,https://www.theguardian.com/world/2017/apr/04/chicken-run-new-zealand-post-will-start-delivering-kfc-to-beat-mail-slump,https://media.guim.co.uk/5101eedd71fe107060db9a6d747627dc6841da84/421_228_3903_2342/500.jpg
05-04-2017,"Bob Day's election invalid due to 'indirect pecuniary interest', high court rules","Ruling means vacancy will be filled via recount of election’s votes, which will likely return second Family First candidate",https://www.theguardian.com/world/2017/apr/05/bob-days-election-invalid-due-to-indirect-pecuniary-interest-high-court-rules,https://media.guim.co.uk/44a574ee3d2390e2f5b2b83d5de0b73152858b39/0_164_2759_1656/500.jpg
06-04-2017,Tinned spaghetti pizza: New Zealand's prime minister shocks with 'monstrous' recipe,"Bill English’s unusual toppings have divided a nation, leading the Guardian to recreate his pizza (so you don’t have to)",https://www.theguardian.com/world/2017/apr/06/tinned-spaghetti-pizza-new-zealands-prime-minister-shocks-with-monstrous-recipe,https://media.guim.co.uk/64fb1b842f9d5dbb1f94b16a2f6d0d5561e82168/0_179_4032_2419/500.jpg
07-04-2017,Friday briefing: Assad's atrocity answered with hail of Tomahawks,"Donald Trump orders Syria strike after ‘horrible chemical weapons attack’ … Laura Ashley boss’s £64m divorce … and, inside the Easter chocolate factory",https://www.theguardian.com/world/2017/apr/07/friday-briefing-assads-atrocity-answered-with-hail-of-tomahawks,https://media.guim.co.uk/1742b2eff7c43faf572cd3fd4078ead767cff42d/0_114_3500_2100/500.jpg
08-04-2017,"Truck drives into crowd in Stockholm, killing four people",Two men arrested over incident on busy street in Swedish capital which police are treating as act of terrorism<br>,https://www.theguardian.com/world/2017/apr/07/truck-crashes-in-central-stockholm-sweden,https://media.guim.co.uk/772cbb1e05d983346a7fca211e501202ca0559f5/0_181_5416_3249/500.jpg
09-04-2017,"No peace in Syria until Assad is ousted, says Nikki Haley","In a departure from the administration’s previous stance, US ambassador to the UN suggests regime change is now one of its priorities",https://www.theguardian.com/world/2017/apr/09/no-peace-in-syria-until-assad-is-ousted-says-nikki-haley,https://media.guim.co.uk/fed1d0b229e7ff6c8a6c91d8b853cd9efe14e7bb/0_228_3973_2384/500.jpg
10-04-2017,"Syria strike designed to intimidate North Korea, Chinese state newspaper says","Global Times warns of catastrophic consequences if the US launch a strike against Pyongyang, after navy moves strike group to western Pacific ",https://www.theguardian.com/world/2017/apr/10/syria-strike-designed-to-intimidate-north-korea-chinese-state-newspaper-says,https://media.guim.co.uk/73e24d99a22c9b0233df7138ee792f3bc9b5f852/0_22_3500_2101/500.jpg
11-04-2017,Philippine death squad whistleblower Arturo Lascanas flees to Singapore,Former officer has been in hiding since he revealed the workings of Davao death squads run by now-president Rodrigo Duterte,https://www.theguardian.com/world/2017/apr/11/philippine-death-squad-whistleblower-arturo-lascanas-flees-to-singapore,https://media.guim.co.uk/598370c192389363990601273f601d75a305c2cc/0_98_2954_1773/500.jpg
12-04-2017,Honey trap: New Zealand devises manuka test to fight fakes,Government has tested 800 samples from around the world to create a benchmark definition for the prized product,https://www.theguardian.com/world/2017/apr/12/honey-trap-new-zealand-devises-manuka-test-to-fight-fakes,https://media.guim.co.uk/b9669422d129fd1a564192b4daa82645da0d23e7/0_261_2139_1283/500.jpg
13-04-2017,A DNA test showed I'm 100% Māori. Many thought there were none of us left | Oriini Kaipara,Critics often used this argument to counter the push for indigenous rights but now it’s clear I am a full-blooded Māori. And there will be others,https://www.theguardian.com/world/2017/apr/13/a-dna-test-showed-im-100-maori-many-thought-there-were-none-of-us-left,https://media.guim.co.uk/bb7b21fe9274374fd8f5d13526d05cbbe03acc96/403_174_2380_1427/500.jpg
14-04-2017,Arkansas executions: drugmakers don't want their medicines used in killings,Manufacturers of drugs often used for lethal injections have asked a judge to stop them from being used in state’s plan to execute seven men in 11 days,https://www.theguardian.com/world/2017/apr/13/arkansas-executions-lethal-injection-drug-makers,https://media.guim.co.uk/b15f013b30fa2cb2f4db0825fc72f7fe33bb3e41/0_140_2200_1320/500.jpg
15-04-2017,Jakarta election challenger Anies accused of courting Islamic vote amid religious divide,Christian governor Ahok used to enjoy a 70% approval rating but then came his blasphemy trial for allegedly insulting Islam. Now the vote is too close to call,https://www.theguardian.com/world/2017/apr/15/jakarta-election-challenger-anies-accused-of-courting-islamic-vote-amid-religious-divide,https://media.guim.co.uk/52a438c9f74df25dab95d69720c19cc80a37f3a6/0_0_4096_2459/500.jpg
16-04-2017,Deadly Aleppo suicide attack kills 100 in evacuation operation,Bomber uses aid supply vehicle to target busloads of evacuees waiting to leave besieged towns ,https://www.theguardian.com/world/2017/apr/15/syria-aleppo-bombing-evacuees-rebels-killed,https://media.guim.co.uk/eae328836c5d9a2010b600f9591279eb6890cb4e/76_0_2848_1709/500.jpg
17-04-2017,Mike Pence warns North Korea: do not test Trump's resolve,US vice-president cites the missile strike against Syria during a visit to South Korea and says ‘all options are on the table’,https://www.theguardian.com/world/2017/apr/17/mike-pence-north-korea-missile-nuclear-strategic-patience-is-over,https://media.guim.co.uk/093fa393bd4dd59c914a78cbabffd261583182fa/659_192_3234_1941/500.jpg
18-04-2017,"Air Canada apologises for bumping boy, 10, from family holiday flight", Airline says it has offered ‘very generous compensation’ after Cole Doyle was not able to join the rest of his family on the plane to Costa Rica,https://www.theguardian.com/world/2017/apr/18/air-canada-apologises-bumping-boy-family-holiday-flight,https://media.guim.co.uk/3095fcc044fc54e68c1965b8973423eaeb8c55f4/0_0_631_379/500.jpg
19-04-2017,Brazil’s top court names football league champions – 30 years on,Supreme court panel rules that Sport Recife beat Flamengo to 1987 title after decades-long dispute over parallel competitions,https://www.theguardian.com/world/2017/apr/19/brazils-top-court-names-football-league-champions-30-years-on,https://media.guim.co.uk/f305f4c2cb86bf944523a79a93a11f67d7a13740/0_415_3500_2100/500.jpg
20-04-2017,Deaths and injuries reported amid 'mother of all marches' in Venezuela,17-year-old boy fatally shot along with woman and National Guardsman as the opposition calls for another mass protest on Thursday,https://www.theguardian.com/world/2017/apr/19/venezuela-protest-mother-of-all-marches-maduro-violence,https://media.guim.co.uk/a776f15c2b41e1f8e975aac3e1d622437ea3c356/0_0_2646_1588/500.jpg
21-04-2017,Germany's AfD party lurching further right as leader pulls out of election,Frauke Petry says she will not run as candidate in elections in September amid frustration at lack of coherent strategy,https://www.theguardian.com/world/2017/apr/21/germays-afd-party-lurching-further-right-as-leader-pulls-out-of-election,https://media.guim.co.uk/abf6cd52e632ae962a07048b74e30cdabaaf9c74/0_44_6016_3611/500.jpg
22-04-2017,France’s identity crisis: ‘People just don’t know what to think any more’,"France goes to the polls on Sunday in a presidential election shaped by economic insecurity, cultural paranoia and terrorism. Natalie Nougayrède<strong> </strong>travels to the south-west and tries to make sense of the most important vote of her lifetime",https://www.theguardian.com/world/2017/apr/22/france-elections-2017-le-pen-fillon-macron,https://media.guim.co.uk/77835b27c981d20c6534ec0eefc185bd59b3f26b/0_313_5568_3341/500.jpg
23-04-2017,"Jessa Crispin: ‘Today’s feminists are bland, shallow and lazy’ | Rachel Cooke","Rachel Cooke talks to Jessa Crispin about her incendiary new book, Why I Am Not a Feminist",https://www.theguardian.com/world/2017/apr/23/jessa-crispin-todays-feminists-are-bland-shallow-and-lazy,https://media.guim.co.uk/b1bde99fcec2640ab805b93ae836b786bd347e73/0_200_6000_3600/500.jpg
24-04-2017,French presidential election: first round results in charts and maps,"Voters in France went to the polls on Sunday in the first round of the presidential election. The top two candidates, independent Emmanuel Macron and far-right Marine Le Pen, go into a run-off in a fortnight. Find out where each drew most support and what happens next",https://www.theguardian.com/world/ng-interactive/2017/apr/23/french-presidential-election-results-2017-latest,https://media.guim.co.uk/2fb24bf1a1f089cb9c2743e1d87946ef86df59d5/0_0_1300_780/500.jpg
25-04-2017,Venezuela anti-government protesters paralyse major roads as more die,"Turmoil has been caused by food shortages, rising unemployment and anger at president’s authoritarian restrictions on elections and democratic institutions",https://www.theguardian.com/world/2017/apr/24/venezuela-protests-roads-blocked-nicolas-maduro,https://media.guim.co.uk/7a6f61b0571d824c7965e2dd68c55e60bd412d41/0_323_4928_2957/500.jpg
26-04-2017,Mexico talks tough to Trump as border wall funding appears to stall,"Foreign minister called plans ‘hostile’ and an ‘absolute waste of money’, as Trump appeared to back down on demand for funding from Congress",https://www.theguardian.com/world/2017/apr/25/trump-border-wall-mexico-talks-tough-funding,https://media.guim.co.uk/b4258aabb907fe42ac8a971073e94f6ddd85fa5f/0_344_3500_2100/500.jpg
27-04-2017,Doctors treating world's heaviest woman resign over claims they lied about her weight loss,Eman Ahmed’s family accuse staff in India of lying about extent of her weight loss and say she has been ‘destroyed’ by treatment,https://www.theguardian.com/world/2017/apr/27/doctors-treating-worlds-heaviest-woman-eman-ahmed-resign-claims-lied-weight-loss,https://media.guim.co.uk/3523803548f538cdcdaaec0c9189360b8eb7e219/29_0_2177_1306/500.jpg
28-04-2017,'I know he is alive': wife of Taiwan activist seized by China pleads for release,"Lee Ming-che has been detained by Beijing authorities amid a targeting of activists, dissidents and scholars based abroad",https://www.theguardian.com/world/2017/apr/28/wife-of-taiwan-activist-seized-china-pleads-for-release-lee-ming-che,https://media.guim.co.uk/9fd4dc673d5454ae5780739d15462dfff2aa199f/0_6_3996_2400/500.jpg
29-04-2017,Brazilians sick of corrupt politicians hit the streets to protest austerity measures,Police clash with striking union workers in streets of Rio de Janeiro and São Paulo as protesters in 26 states demonstrate against Michel Temer’s proposed reforms,https://www.theguardian.com/world/2017/apr/28/brazil-corruption-unions-strike-michel-temer-austerity,https://media.guim.co.uk/75b6d8b144eb03ff58809ef091ffb32e91b500f3/10_0_3480_2088/500.jpg
30-04-2017,Teenager dropped by football club loses post-traumatic stress claim,Seán Cooke’s father says his son’s dream of playing in the UK was harmed when he was denied the opportunity to play in front of talent scouts,https://www.theguardian.com/world/2017/apr/30/teenager-dropped-by-football-club-loses-post-traumatic-stress-claim,https://media.guim.co.uk/89f15cdad2f7d9dc1a3a48096cae7d1ea0095d95/0_0_5616_3370/500.jpg
01-05-2017,Ever-closer ties between US and Kurds stoke Turkish border tensions | Martin Chulov and Fazel Hawramy,"Following Turkish airstrikes last week, US armoured vehicles have been deployed as a buffer between Kurdish and Turkish forces",https://www.theguardian.com/world/2017/may/01/tensions-rise-along-the-turkey-syria-border-pkk-ypg-erdogan,https://media.guim.co.uk/8548ad27b7a4a811edb7e641a77cfb831e0c51f2/0_234_3500_2100/500.jpg
02-05-2017,Man heralded as oldest human dies in Indonesia 'aged 146',"Indonesia says deceased man was born in December 1870, although his age was never verified",https://www.theguardian.com/world/2017/may/02/oldest-human-dies-in-indonesia-aged-146,https://media.guim.co.uk/c78a506c952be561ff48c9dc482489030c201315/0_0_5616_3370/500.jpg
03-05-2017,"Wednesday briefing: Blame me but also Putin, says Hillary Clinton",Democrat says election loss not entirely her fault … why statin symptoms might be a ‘nocebo effect’ … and shooting a movie in Disneyland without permission,https://www.theguardian.com/world/2017/may/03/wednesday-briefing-blame-me-but-also-putin-says-hillary-clinton,https://media.guim.co.uk/b7789159de8603c3034164dd38f2cb71730b71c0/13_465_2879_1728/500.jpg
04-05-2017,"Xi Jinping must calm 'hearts and minds' of Hong Kong, says Patten","As the former colony prepares for the visit of the Chinese president to mark 20 years since the handover, the last British governor warns over freedoms ",https://www.theguardian.com/world/2017/may/04/xi-jinping-must-calm-hearts-and-minds-of-hong-kong-says-patten,https://media.guim.co.uk/2d6e461385647376f2f53b59b84b776a22348571/0_29_1935_1160/500.jpg
05-05-2017,'Her pain should be our pain': the woman tackling Delhi's rape crisis,"Swati Maliwal has a long list of enemies. But in a city where a rape is reported every four hours, she says: ‘Somebody has to raise their voice’",https://www.theguardian.com/world/2017/apr/05/woman-tackling-delhi-rape-crisis-swati-maliwal,https://media.guim.co.uk/7d690abc4f951724e567bb31af47d2414e067348/0_899_2844_1706/500.jpg
06-05-2017,"As France becomes latest target, are election hacks the new normal?","After the hacking of the Democratic party in the US, governments have been braced for similar attacks. The onslaught has arrived",https://www.theguardian.com/world/2017/may/05/french-election-hack-emmanuel-macron,https://media.guim.co.uk/1e934ad478a35ac3e6eb670d597b0440de5d0439/0_332_4979_2987/500.jpg
07-05-2017,José Ramos-Horta calls on Australia to abandon 'unsubstantiated' claim in Timor Sea,Former Timor-Leste president warns government not to harm relations by pushing to extend borders to control the Greater Sunrise oil field,https://www.theguardian.com/world/2017/may/07/jose-ramos-horta-calls-on-australia-to-abandon-unsubstantiated-claim-in-timor-sea,https://media.guim.co.uk/f7d6525d07f6669429fd201cb5dc5a2441f11456/0_63_4227_2536/500.jpg
08-05-2017,Macron beats Le Pen in French presidential election – as it happened,Independent centrist Macron has defeated Marine Le Pen by 66.06% to 33.94% according to the French interior ministry,https://www.theguardian.com/world/live/2017/may/07/french-presidential-election-emmanuel-macron-marine-le-pen,https://media.guim.co.uk/b1a19397aaa3f789c18cf13f0f3b7501a56dafaa/145_376_3013_1808/500.jpg
09-05-2017,Malta's prime minister under pressure from MEPs over corruption claims,Joseph Muscat denies allegations that an aide took bribes to secure Maltese passports for wealthy Russians amid ongoing fallout from Panama Papers leak,https://www.theguardian.com/world/2017/may/09/malta-joseph-muscat-panama-papers-corruption-claims,https://media.guim.co.uk/f34ff134ebcc483cc8072e0cde3754a2ec9bbc44/0_244_4363_2618/500.jpg
10-05-2017,"Wednesday briefing: Trump, feeling FBI heat, fires its boss",President removes James Comey in middle of Russia investigation … theme park stays closed after girl’s death on ride … and tribute to Pink Floyd’s psychedelic art,https://www.theguardian.com/world/2017/may/10/wednesday-briefing-trump-feeling-fbi-heat-fires-its-boss,https://media.guim.co.uk/0cf7af90ad72177ab3b16359dee7603726c47ce6/0_0_4826_2896/500.jpg
11-05-2017,Hong Kong accused of smothering dissent for expected Xi Jinping visit,Authorities reportedly deny permission for Victoria Park – a traditional protest venue – to be used by pro-democracy demonstrators,https://www.theguardian.com/world/2017/may/11/hong-kong-accused-of-smothering-dissent-for-expected-xi-jinping-visit,https://media.guim.co.uk/d410a8c9e7af9c2a06f89d9e61ae5a38f7577319/0_141_2000_1200/500.jpg
12-05-2017,World's biggest building project aims to make China great again,"The ‘Belt and Road initiative’ could see hundreds of billions spent from Mongolia to Malaysia, Thailand to Turkmenistan and Indonesia to Iran",https://www.theguardian.com/world/2017/may/12/chinese-president-belt-and-road-initiative,https://media.guim.co.uk/3e057f61e96d5ba78320ab594fc8e3f78c4ced3c/0_183_2953_1772/500.jpg
13-05-2017,Macron to visit Germany to seek support for a beefed up eurozone,"Emmanuel Macron, inaugurated as French president on Sunday, will fly to Berlin the next day",https://www.theguardian.com/world/2017/may/13/macron-germany-eurozone-french-president,https://media.guim.co.uk/28f0e1cb525c94a56c1e3f6098227f1f686f7610/7_332_2722_1633/500.jpg
14-05-2017,China's Xi lays out $900bn Silk Road vision amid claims of empire-building,Global leaders attend ‘Belt and Road’ infrastructure summit to praise plan Xi Jinping says will bring a new ‘golden age’ of globalisation,https://www.theguardian.com/world/2017/may/14/china-xi-silk-road-vision-belt-and-road-claims-empire-building,https://media.guim.co.uk/b73acd800cbb506356ed7e2e3723af6e62e19c2b/0_161_2954_1772/500.jpg
15-05-2017,Forced into pornography: Japan moves to stop women being coerced into sex films,Reports of women tricked into X-rated appearances has prompted authorities to confront the booming porn industry,https://www.theguardian.com/world/2017/may/15/forced-into-porn-japan-moves-to-stop-women-being-coerced-into-sex-films,https://media.guim.co.uk/1bfefb5773653609cfd4dc25581000217769fa10/0_0_5184_3110/500.jpg
16-05-2017,Crusading Mexican journalist Javier Valdez shot dead in Sinaloa,"Valdez founded and edited the weekly newspaper Ríodoce in Culiacán, the capital of the western state of Sinaloa and long a den of drug-cartel activities",https://www.theguardian.com/world/2017/may/16/crusading-mexican-journalist-javier-valdez-shot-dead-in-sinaloa,https://media.guim.co.uk/111f5c2bc196e63cd97b909121eb21f580bfd08a/0_90_2844_1706/500.jpg
17-05-2017,"Seeking medical abortions online is safe and effective, study finds","Almost 95% of those seeking drugs and advice online safely ended their pregnancy without medical intervention, say researchers, although women should still be wary of scammers",https://www.theguardian.com/world/2017/may/17/seeking-medical-abortions-online-is-safe-and-effective-study-finds,https://media.guim.co.uk/a8dd0fc40f316f8beeaa59d54595093358edc9f2/0_192_5760_3456/500.jpg
18-05-2017,Canada to apologise to LGBT people forced out of military and public service,Consultations under way to capture full picture of wrongs inflicted over three decades as government faces class action<br>,https://www.theguardian.com/world/2017/may/18/canada-to-apologise-to-lgbt-people-forced-out-of-military-and-public-service,https://media.guim.co.uk/0ac9f89389b54e22f5b3e6a9a7e82e699f8c14b0/0_23_3312_1987/500.jpg
19-05-2017,Malaysia opens investigation into immigration detention abuse,Probe prompted by Guardian report on the deaths of 24 refugees and asylum seekers,https://www.theguardian.com/world/2017/may/19/malaysia-opens-investigation-into-immigration-detention-abuse,https://media.guim.co.uk/92f6f599e35122efdcea0487e2dc33259a3e6644/0_26_3388_2033/500.jpg
20-05-2017,Iran election: huge turnout in presidential poll after bitter contest,Winner will influence not only Iran’s immediate future but also the looming battle to choose a new supreme leader,https://www.theguardian.com/world/2017/may/19/iran-election-chose-president-relatonship-with-west,https://media.guim.co.uk/391c3345e028c36a8c943205cb2c9ad452806d41/0_183_5760_3456/500.jpg
21-05-2017,Canada eases steps to open supervised drug injection sites amid opioid crisis,"New legislation streamlines the more than two dozen requirements previously needed to launch facilities, which offer supervision and sterile equipment",https://www.theguardian.com/world/2017/may/21/canada-opioid-crisis-supervised-drug-injection-sites,https://media.guim.co.uk/6cbe770efcd2b706f2dbda3c2e74674e6aff8fd2/0_180_3648_2189/500.jpg
22-05-2017,"New Zealand navy paid $700,000 to firm mired in ‘Fat Leonard’ sex and bribery scandal",Exclusive: Royal New Zealand Navy says no investigation opened following US military bribery case,https://www.theguardian.com/world/2017/may/22/new-zealand-navy-paid-700000-to-firm-mired-in-fat-leonard-sex-and-bribery-scandal,https://media.guim.co.uk/58cbc48fd44f12fcdfc39c7495fbdd34827739de/0_52_3000_1801/500.jpg
23-05-2017,Duterte cuts short trip to Russia after declaring martial law in southern Philippines,"President was on visit to strengthen ties with Moscow, but will return home early following violence in city of Marawi<br>",https://www.theguardian.com/world/2017/may/23/philippine-president-rodrigo-duterte-moscow-meet-favourite-hero-vladimir-putin,https://media.guim.co.uk/97f44ec49b4e71664ee550acda74cb4298ae85a1/0_182_3500_2100/500.jpg
24-05-2017,"Wednesday briefing: In Manchester, an attack on our hearts","Troops on the streets after concert atrocity … CIA boss warned Russians to stop meddling in US election … and, are magic mushrooms safe?",https://www.theguardian.com/world/2017/may/24/wednesday-briefing-highest-alert-heaviest-of-hearts,https://media.guim.co.uk/abd78b970eeba983b13349bbed518626f4479b54/859_604_4608_2765/500.jpg
25-05-2017,Timor-Leste's big spending: a brave way to tackle economic crisis or just reckless?,Some worry ‘the small people’ will lose out as the nation scrambles to stay afloat on dwindling oil and gas reserves,https://www.theguardian.com/world/2017/may/25/timor-leste-spending-big-economic-crisis,https://media.guim.co.uk/3027ba5d511515176cb4652c81fb5ba852321079/0_110_5184_3110/500.jpg
26-05-2017,Russia investigates 'gay purge' in Chechnya,Putin officials pursue claims of homosexual men jailed and tortured in republic ruled by Kremlin-backed Ramzan Kadyrov ,https://www.theguardian.com/world/2017/may/26/russia-investigates-gay-purge-in-chechnya,https://media.guim.co.uk/2e3f6851710c3242e0a55367281b10c693356462/347_69_2153_1292/500.jpg
27-05-2017,Once-in-a-generation hopes of Cyprus reunification appear to be dashed,"UN-appointed mediator terminates negotiations, citing lack of common ground, but organisation insists ‘talks have not collapsed’",https://www.theguardian.com/world/2017/may/27/once-in-a-generation-hopes-of-cyprus-reunification-appear-to-be-dashed,https://media.guim.co.uk/712e54f2a801212bf68121a87ac653582c6a36e1/136_582_4030_2418/500.jpg
28-05-2017,British Airways cancels all flights from Gatwick and Heathrow due to IT failure,"Hundreds of flights at the two airports have been affected, with more around the world suffering major delays",https://www.theguardian.com/world/2017/may/27/british-airways-system-problem-delays-heathrow,https://media.guim.co.uk/e1cf3ccfc40a8f8b067158f58024fa3420a7764e/0_342_1417_850/500.jpg
29-05-2017,Isis-backed militants struggle for control in the southern Philippines,"The death toll in Marawi city, where martial law has been imposed, stands at 85, with Islamic State claiming responsibility",https://www.theguardian.com/world/2017/may/28/isis-backed-militants-struggle-for-control-southern-philippines-marawi,https://media.guim.co.uk/c56eb2d3c859f20665d759f8fda9bb753115bb3f/0_179_3500_2101/500.jpg
30-05-2017,Rosa King: Cambridgeshire zookeeper killed by tiger is named,Hamerton Zoo Park says investigation under way and stresses that at no point did any animals escape their enclosures,https://www.theguardian.com/world/2017/may/29/serious-incident-reported-at-cambridgeshire-zoo,https://media.guim.co.uk/a88bcbb7920bcce47bf734a0f2d8a1cb8c8d8d37/0_335_5087_3052/500.jpg
31-05-2017,Cambridgeshire zookeeper killed by tiger was a 'shining light',"Rosa King’s mother says she had always loved working at Hamerton Zoo Park, which remains closed after death<br>",https://www.theguardian.com/world/2017/may/30/tiger-keeper-killed-shining-light-zoo-hamerton-cambridgeshire,https://media.guim.co.uk/b8788341bbcf9dacd643c6b75e2d798aea765569/0_0_1095_657/500.jpg
01-06-2017,Why deadly Kabul bombing is crisis for all of Afghanistan | Emma Graham-Harrison,"Rise in attacks on Kabul after years of city’s relative security a huge threat to the government, economy and civil society ",https://www.theguardian.com/world/2017/jun/01/kabul-bombing-crisis-afghanistan-civilian-society-government-,https://media.guim.co.uk/5ce86c5afda43a8ce0fc52f8ccd1ceeff0be729c/0_404_2747_1649/500.jpg
02-06-2017,"Gender bias still rife in legal profession despite rhetoric, says Kate Jenkins","Sex discrimination commissioner says ‘We get these women all the way to the top, we prove that we are fantastic, and then we plummet’",https://www.theguardian.com/world/2017/jun/02/gender-bias-still-rife-in-legal-profession-despite-rhetoric-says-kate-jenkins,https://media.guim.co.uk/50259c84f29246941f70ddbda0acb22d88f9c87e/0_161_4928_2959/500.jpg
03-06-2017,North Korean officials hit with UN sanctions as 'clear message' to stop missile tests,Security council adopts US-drafted resolution which includes a global travel ban for North Korea’s suspected spy chief,https://www.theguardian.com/world/2017/jun/03/north-korean-officials-hit-with-un-sanctions-as-clear-message-to-stop-missile-tests,https://media.guim.co.uk/22544b874b832b4defb2fed54117dd80a002961d/0_197_3500_2101/500.jpg
04-06-2017,Timor-Leste journalist threatened with jail in defamation case found not guilty,"Raimundos Oki set free, but supporters warn case brought by prime minister will have a chilling effect on press freedom",https://www.theguardian.com/world/2017/jun/04/timor-leste-journalists-threatened-with-jail-in-defamation-case-found-not-guilty,https://media.guim.co.uk/7fbdfc6032e5445ea6ae8e891f5ccae3b405ae85/0_104_2805_1683/500.jpg
05-06-2017,Monday briefing: Fresh raids in east London as first victim named,Details emerge of victims and survivors tell of the horrific attacks ... Saudis break relations with Qatar ... and some hope for cancer sufferers ,https://www.theguardian.com/world/2017/jun/05/monday-briefing-fresh-raids-in-east-london-as-first-victim-named,https://media.guim.co.uk/2e0e885703ef926b8bba97c9e3f111ca6ee29671/0_91_2390_1434/500.jpg
06-06-2017,'Get over yourself': former New Zealand PM tells Australian politicians to move on,John Key says it’s a ‘bit sad’ when politicians ‘feel as though they have got to constantly be commentating’ ,https://www.theguardian.com/world/2017/jun/06/get-over-yourself-former-new-zealand-pm-tells-australian-politicians-to-move-on,https://media.guim.co.uk/d15bfc4a7a60caf8e6fe1558941b9699f4d7538c/0_457_2276_1366/500.jpg
07-06-2017,Christian preachers' disappearance in Malaysia stokes fears of crackdown on religious minorities,"Months after they were abducted, human rights activists say police appear to have taken an uncharacteristically ‘casual’ approach to their cases",https://www.theguardian.com/world/2017/jun/07/christian-preachers-disappearance-in-malaysia-stokes-fears-of-crackdown-on-religious-minorities,https://media.guim.co.uk/c5097e89e43e2f72806dac5f5505295acd6686bf/0_56_5109_3065/500.jpg
08-06-2017,Timor-Leste president Francisco 'Lu’Olo' Guterres: a product of war now pushing for peace,"He spent a quarter of a century in the Timorese resistance. Now, as oil and gas reserves dwindle, the young country’s new leader faces a battle to steer his people through difficult times ahead",https://www.theguardian.com/world/2017/jun/08/timor-leste-president-francisco-luolo-guterres-a-product-of-war-now-pushing-for-peace,https://media.guim.co.uk/e66bf93459f8c8c903448a8115b05119e098090f/385_566_4799_2879/500.jpg
09-06-2017,Japan opens the door to debate on female succession to the Chrysanthemum throne,New law includes resolution calling on government to ‘swiftly study’ ways to secure a stable imperial succession including possibility of a future empress,https://www.theguardian.com/world/2017/jun/09/japan-opens-the-door-to-debate-on-female-succession-to-the-chrysanthemum-throne,https://media.guim.co.uk/4ac64e0fd1338510c6c2e41e84099d3b83d17fe2/0_106_3200_1921/500.jpg
10-06-2017,Tooth and claw: protective mother bear cuts off Dracula's castle,Brown bear protecting three cubs closes Poenari Castle used by Romania’s Vlad the Impaler in the 15th century ,https://www.theguardian.com/world/2017/jun/10/protective-mother-bear-cuts-off-draculas-romanian-castle,https://media.guim.co.uk/c2f50f50b7ae0a34ae79b91f1a8657d628755242/0_193_3500_2100/500.jpg
11-06-2017,The weaker sex? Science that shows women are stronger than men,"When it comes to longevity, surviving illness and coping with trauma, one gender comes out on top. Angela Saini meets the scientists working out why",https://www.theguardian.com/world/2017/jun/11/the-weaker-sex-science-that-shows-women-are-stronger-than-men,https://media.guim.co.uk/e494386169f5ef211f053d0fbfe56e52fcc467a6/0_0_2560_1536/500.jpg
12-06-2017,Emmanuel Macron's party set for landslide in French parliamentary elections,Centrist La République En Marche party takes 32% of vote in first round and heads for large majority amid concerns over low turnout,https://www.theguardian.com/world/2017/jun/11/emmanuel-macrons-party-leads-exit-poll-for-parliamentary-elections,https://media.guim.co.uk/391d72537cdfc9b60f01758630da2299e5fd7279/0_0_3464_2078/500.jpg
13-06-2017,Crown Resorts staff in China charged with promoting gambling,Group of employees will face court after their arrest in series of police raids in October last year,https://www.theguardian.com/world/2017/jun/13/crown-resorts-staff-in-china-charged-with-promoting-gambling,https://media.guim.co.uk/fb707b20f327e1c8c5b6b73caf0c0a9da064012e/0_2_3978_2388/500.jpg
14-06-2017,Britain and the US once ran the world. Now they’re all at sea | Linda Colley,The parallels are striking. Both were global and political giants. Now both must adjust to their loss of influence,https://www.theguardian.com/world/commentisfree/2017/jun/14/britain-us-decline-global-influence,https://media.guim.co.uk/3c2e1e26dff540f3f7d03c303f95e2801feb2be9/18_0_3375_2026/500.jpg
15-06-2017,New Zealand stars tackle 'tiny racists' helping to normalise prejudice,Human rights commission says one-third of all complaints now concern racial discrimination,https://www.theguardian.com/world/2017/jun/15/new-zealand-stars-tackle-tiny-racists-helping-to-normalise-prejudice,https://media.guim.co.uk/8a152da43598b50b9c27b243ba406161700aa643/60_0_1800_1080/500.jpg
16-06-2017,Creditors agree terms to disburse Greece's €8.5bn bailout funds,"EU and IMF thrash out deal following months of disagreements, with funds to be released in July once European parliaments ratify the deal",https://www.theguardian.com/world/2017/jun/16/creditors-agree-terms-to-disburse-greeces-85bn-bailout-funds,https://media.guim.co.uk/f3d86135ffdf00080edd40100b19008686cae545/0_398_4095_2456/500.jpg
17-06-2017,Israeli police officer stabbed to death in Jerusalem attack,Three Palestinians armed with knives and a homemade gun launched two attacks and were shot dead in attack claimed by Islamic State,https://www.theguardian.com/world/2017/jun/16/jerusalem-attack-female-police-officer-seriously-injured-israel,https://media.guim.co.uk/245fee3c789ba466df4e510eebea2813a1d288e3/0_155_6720_4032/500.jpg
18-06-2017,A place called 'hope': the tiny island on the frontline of US-China tensions,More than 100 Filipinos live 15 miles from one of Beijing’s most ambitious island bases in the South China Sea,https://www.theguardian.com/world/2017/jun/18/a-place-called-hope-the-tiny-island-on-frontline-of-the-us-china-tensions,https://media.guim.co.uk/f0c1ef2df2ec623ce83fef1d8adfe92aaa79a727/0_280_3500_2101/500.jpg
19-06-2017,Monday briefing: terror hits north London mosque,Van ploughs into worshippers in fatal attack … Brexit talks begin … prostate cancer breakthrough,https://www.theguardian.com/world/2017/jun/19/monday-briefing-terror-hits-north-london-mosque,https://media.guim.co.uk/70223e830dff5547891fc0c11f016fcb78ac33e8/219_310_2262_1357/500.jpg
20-06-2017,Tuesday briefing: Deadly reality of Islamophobic terror,"Theresa May vows to tackle all forms of violent extremism … US student dies after jailing in North Korea … and, can a vaccine protect against heart attacks? ",https://www.theguardian.com/world/2017/jun/20/tuesday-briefing-deadly-reality-of-islamophobic-terror,https://media.guim.co.uk/840b0281c252f463a1c7a0f3adec5071c47dc06b/0_0_3000_1800/500.jpg
21-06-2017,Dubai residents stock public fridges for needy during Ramadan,"Scheme launched by an Australian activist becomes city-wide phenomenon, with more than 170 fridges delivering ‘a small act of kindness’ during holy month",https://www.theguardian.com/world/2017/jun/21/dubai-residents-stock-public-fridges-for-needy-during-ramadan,https://media.guim.co.uk/c23aa1817a42f0290270bf6c5d1107875fbda77b/56_0_1192_715/500.jpg
22-06-2017,Football club that ‘saved’ disconnected refugees needs fundraising win,"After Zakarya Shojaie made it to Australia, he established the Afghan Victory Football Club to give fellow refugees a place to come together",https://www.theguardian.com/world/2017/jun/22/football-club-that-saved-disconnected-refugees-needs-fundraising-win,https://media.guim.co.uk/861b7b9ee0de93fc8f6941930383fb8e5a68ebd6/0_0_720_432/500.jpg
23-06-2017,"US defense contractor caught with $16,500 in luggage is charged with spying for China",Kevin Mallory accused of selling classified documents to Chinese intelligence agents on trips to Shanghai in March and April,https://www.theguardian.com/world/2017/jun/23/us-defense-contractor-caught-with-16500-in-luggage-is-charged-with-spying-for-china,https://media.guim.co.uk/c327547500d311d53495cff97dd3a182b88339ae/0_219_5000_3000/500.jpg
24-06-2017,Xi no evil: Hong Kong bans protest slogans as Chinese president visits,"Posters or other displays that could ‘embarrass’ leaders, such as mentions of Tiananmen Square, are ordered removed from tour routes",https://www.theguardian.com/world/2017/jun/24/xi-no-evil-hong-kong-bans-protest-slogans-as-chinese-president-visits,https://media.guim.co.uk/4ac6e7b1a900df460237d944008d9293601c8ca8/0_0_4000_2400/500.jpg
25-06-2017,Argentina’s 'Queen Cristina' seeks return to politics with Senate bid,"Argentina’s former president, Cristina Fernández de Kirchner, has formed centre-left party and will run for key seat that populous Buenos Aires province",https://www.theguardian.com/world/2017/jun/25/argentinas-queen-cristina-seeks-return-to-politics-with-senate-bid,https://media.guim.co.uk/509ac46eadb1a54b3994dace494aff13a504355d/0_128_1950_1169/500.jpg
26-06-2017,Angela Merkel and Donald Trump head for clash at G20 summit,"German chancellor plans to make climate change, free trade and mass migration key themes in Hamburg, putting her on collision course with US",https://www.theguardian.com/world/2017/jun/26/angela-merkel-and-donald-trump-head-for-clash-at-g20-summit,https://media.guim.co.uk/96a71bf5ab71c40acc2d3540dd7927707f11b833/0_15_4144_2487/500.jpg
27-06-2017,Hong Kong: the 20th anniversary of the handover – Q&A,All you need to know about the the 20th anniversary of Britain handing Hong Kong to China,https://www.theguardian.com/world/2017/jun/27/hong-kong-20th-anniversary-handover-china-questions-q-and-a,https://media.guim.co.uk/7ac10c642326d615ba6aa20521581d0c10ad33a8/0_410_4282_2571/500.jpg
28-06-2017,US issues warning to Syria after finding 'potential preparations' for sarin attack,Pentagon prepared to take action after unusual public warning appeared to be intended to deter the Assad regime from repeating its use of chemical weapons,https://www.theguardian.com/world/2017/jun/27/us-syria-warning-assad-regime-chemical-attack,https://media.guim.co.uk/28acff445588ed28ccd49452bddfb4e159d9a827/113_0_3325_1997/500.jpg
29-06-2017,Disabled passenger forced  by Japanese airline to crawl up stairs to board plane,Vanilla Air apologises after staff prevent friends from assisting member of a disability non-profit organisation ,https://www.theguardian.com/world/2017/jun/29/disabled-passenger-forced-japanese-airline-vanilla-crawl-up-stairs-board-plane,https://media.guim.co.uk/5c714a143679a9d34fe4a86184bfa3fd0c5e306f/437_127_2226_1335/500.jpg
30-06-2017,British Weetabix seized by New Zealand customs in breakfast bowl battle with rival,Cereal is impounded after antipodean rival Weet-Bix argues customers of a UK-goods shop in Christchurch may be confused,https://www.theguardian.com/world/2017/jun/30/british-weetabix-seized-by-new-zealand-customs-in-breakfast-bowl-battle-with-rival,https://media.guim.co.uk/e42b341644138c07a7ddebe1d901958125f2185d/132_24_796_478/500.png
01-07-2017,"China 'humiliating' the UK by scrapping Hong Kong handover deal, say activists","Pro-democracy leaders say Britain has ‘legal, moral and political responsibility’ to stand up to Beijing",https://www.theguardian.com/world/2017/jul/01/china-humiliating-uk-hong-kong-handover-deal,https://media.guim.co.uk/7d218e9aca4c0bd98b49f4d5d4661986be64eb4c/0_223_3500_2101/500.jpg
02-07-2017,Museum risks wrath of Inuit with display from tragic Arctic voyage,Exhibition may solve riddle of Franklin’s lost expedition,https://www.theguardian.com/world/2017/jul/01/franklin-arctic-voyage-tragic-inuit-wrath-museum,https://media.guim.co.uk/39fe4daa930a44c52d0132af76e8f08185e31a2f/0_361_7200_4319/500.jpg
03-07-2017,Colombia legally recognises union between three men,"Alejandro Rodriguez, Manuel Bermudez and Victor Hugo Prada plan ceremony to celebrate notary signing paperwork",https://www.theguardian.com/world/2017/jul/03/colombia-three-men-union-alejandro-rodriguez-manuel-bermudez-victor-hugo-prada,https://media.guim.co.uk/7b3678bc55fe35a45cdd355871e2f2b320c4ce17/0_89_3809_2285/500.jpg
04-07-2017,Indian women wear cow masks to ask: are sacred cattle safer than us?,Kolkata artist Sujatro Ghosh’s latest project points to country’s veneration of cows to highlight rising violence against women ,https://www.theguardian.com/world/2017/jul/04/women-india-cow-masks-sexual-violence-sacred-cattle,https://media.guim.co.uk/902c72e811ba0b9c25a5f4b79066074d4f9f7b59/0_913_1473_883/500.jpg
05-07-2017,New Zealand's possum war: 'barbaric' drowning of babies at school fair sparks outcry,Rights group says widespread practice to kill pest species is desensitising children to acts of violence ,https://www.theguardian.com/world/2017/jul/05/new-zealands-possum-war-barbaric-drowning-of-babies-at-school-fair-sparks-outcry,https://media.guim.co.uk/76faf051fc7d53b1b48d64a9f7687c8b83ea4886/0_209_3500_2101/500.jpg
06-07-2017,'The system's violating everyone': the Canadian trans parent fighting to keep gender markers off cards,Baby Searyl has a health card with no sex marked but for trans parent Kori Doty it is a small win in a broader battle,https://www.theguardian.com/world/2017/jul/06/the-systems-violating-everyone-the-canadian-trans-parent-fighting-to-keep-gender-off-cards,https://media.guim.co.uk/e709f1c28b381aa53842943fa6d94c9c0d9c6355/50_0_670_402/500.jpg
07-07-2017,'Going global': China exports soft power with first large-scale university in Malaysia,"Beijing’s push for overseas influence extends to the education sector, with the opening of Xiamen University outside Kuala Lumpur",https://www.theguardian.com/world/2017/jul/07/going-global-china-exports-soft-power-with-first-large-scale-university-in-malaysia,https://media.guim.co.uk/f08d52cad79def862a3adc9a0df444e8985b2944/0_188_5472_3283/500.jpg
08-07-2017,Onus on Australia to take diplomatic lead in protecting Antarctica | Tim Stephens,Government needs to get on the front foot to ensure plans for Marine Protected Areas are not watered down by other parties,https://www.theguardian.com/world/2017/jul/08/onus-on-australia-to-take-diplomatic-initiative-in-protecting-antarctica,https://media.guim.co.uk/9a5a1318eb8a7e07d212c08d62301826052cf45b/0_167_2500_1500/500.jpg
09-07-2017,"Gluten-free bread for Holy Communion is toast, says Vatican","Unleavened bread used for communion during Catholic masses can be genetically modified but not entirely gluten-free, church rules",https://www.theguardian.com/world/2017/jul/09/gluten-free-bread-for-holy-communion-is-toast-says-vatican,https://media.guim.co.uk/eafe9cda77c556b05f615040590759b08b8cc2cb/550_561_3637_2183/500.jpg
10-07-2017,Japanese sacred island where women are banned gets Unesco world heritage listing,"Okinoshima, located midway between the south-western main island of Kyushu and the Korean peninsula, is home to a 17th century shrine",https://www.theguardian.com/world/2017/jul/10/japanese-sacred-island-where-women-are-banned-gets-unesco-world-heritage-listing,https://media.guim.co.uk/7f8a06d5af34c1974777d037f29276acdd7e9cf3/0_149_4190_2516/500.jpg
11-07-2017,"'We lost our houses, our cars, our men': call to protect Mosul civilians",Human rights organisations call for Iraqi government to protect innocent people and investigate civilian deaths ,https://www.theguardian.com/world/2017/jul/11/we-lost-our-houses-our-cars-our-men-call-to-protect-mosul-civilians,https://media.guim.co.uk/b5fc57cda28eb5b66ec690f430f9d9ed82f01310/70_0_3169_1901/500.jpg
12-07-2017,Devotion amid despair: the great contemporary love story of Liu Xia and Liu Xiaobo,"Nobel laureate and poet fell in love after meeting in the 1980s and have endured persecution, detention and now, his critical illness, together",https://www.theguardian.com/world/2017/jul/12/devotion-amid-despair-the-great-contemporary-love-story-of-liu-xia-and-liu-xiaobo,https://media.guim.co.uk/dea8b83db20fedac7c2db790862cb09dea71d86c/1112_1325_2388_1433/500.jpg
13-07-2017,Hunt for Isis fighters goes on despite declaration of victory in Mosul,"Emaciated figures limp out of tunnels and basements in the shattered Iraqi city, including some who were loyal to caliphate",https://www.theguardian.com/world/2017/jul/13/isis-hunt-despite-victory-in-mosul,https://media.guim.co.uk/8860722d92b5ccc813720fd35cf7824041175465/0_58_3264_1958/500.jpg
14-07-2017,New Zealand woman dies after jet blast at world's 'scariest' airport,"Despite safety warnings, St Maarten airport and nearby beach have become world-famous attractions, with tourists clinging to fence as planes take off",https://www.theguardian.com/world/2017/jul/14/new-zealand-woman-dies-jet-blast-worlds-scariest-airport-st-maarten,https://media.guim.co.uk/76153df11bbb2ef55005bc7961e71936d9a8db33/0_80_3861_2316/500.jpg
15-07-2017,"As Japan falls out of love with sake, the world orders another glass","Number of breweries is falling along with sales, but exports are rising as the West develops a taste for the rice wine",https://www.theguardian.com/world/2017/jul/15/as-japan-falls-out-of-love-with-sake-the-world-orders-another-glass,https://media.guim.co.uk/287455a36d4dd058c5a22864e1fbf685d28f046b/0_149_4572_2742/500.jpg
16-07-2017,Hong Kong vigil for Liu Xiaobo sends powerful message to Beijing,"March is only large-scale commemoration for dissident in China, with Hong Kong maintaining freedoms non-existent elsewhere",https://www.theguardian.com/world/2017/jul/16/hong-kong-vigil-for-liu-xiaobo-sends-powerful-message-to-beijing,https://media.guim.co.uk/cb2a59b5584879a872b8ef46557a6e41d0de63f2/0_229_3500_2101/500.jpg
17-07-2017,Bunkering down: sales of nuclear shelters climb in Japan wary of North Korea tests,Fears of devastating earthquakes and tsunamis are giving way to concerns over atomic attack following multiple missile tests conducted by Pyongyang ,https://www.theguardian.com/world/2017/jul/17/bunkering-down-sales-of-nuclear-shelters-climb-in-japan-wary-of-north-korea-tests,https://media.guim.co.uk/64d6ee06f7ef7ca732227a3db6a3d4b8afe8f368/0_53_4494_2696/500.jpg
18-07-2017,'I won't give up fighting': barred Hong Kong politician pushes back against Beijing,Pro-democracy activist Nathan Law – disqualified with three others after altering oath to China – says he is inspired by Nobel laureate Liu Xiaobo,https://www.theguardian.com/world/2017/jul/18/i-wont-give-up-fighting-barred-hong-kong-politician-pushes-back-against-beijing,https://media.guim.co.uk/cefbda5e857729d52d74d0aad32cac58dd8b51aa/338_254_1849_1109/500.jpg
19-07-2017,China's ocean burial of Liu Xiaobo backfires as activists stage sea protests,Beijing’s aim of denying the dissident’s supporters a focal point is thwarted by protests from the Chinese coast to the Atlantic ,https://www.theguardian.com/world/2017/jul/19/chinas-ocean-burial-of-liu-xiaobo-backfires-as-activists-stage-sea-protests,https://media.guim.co.uk/89fd9ea2b6fe074022b3109c5c1faa7aba997e6f/0_360_4032_2419/500.jpg
20-07-2017,Cameroon 'torturing people accused of supporting Boko Haram',Amnesty says it has documented more than 100 cases of detention and torture by security forces across numerous sites,https://www.theguardian.com/world/2017/jul/20/cameroon-torturing-people-accused-of-supporting-boko-haram-boko-haram-amnesty-says-security-forces,https://media.guim.co.uk/8e6d003149893dbd485d34ae479a9104279bed6c/0_374_5616_3370/500.jpg
21-07-2017,Muslim mother takes legal action against school over face veil ban,Rachida Serroukh claims Holland Park school in London has discriminated against her by not allowing her on premises in veil,https://www.theguardian.com/world/2017/jul/20/muslim-mother-takes-legal-action-against-school-over-face-veil-ban,https://media.guim.co.uk/72b836fa2114ee0dbd82b5c7c1e9ba179084c6f7/826_886_6465_3880/500.jpg
22-07-2017,Synthetic cannabis: New Zealand police issue warning after spate of deaths,Despite being banned in 2014 the drug is still widely available on the black market and has been linked to seven deaths and many hospitalisations,https://www.theguardian.com/world/2017/jul/22/synthetic-cannabis-new-zealand-police-issue-warning-after-spate-of-deaths,https://media.guim.co.uk/0a7143c620c1be9af7902d287f926769233453ba/0_130_4400_2640/500.jpg
23-07-2017,'I will be back': Violin-playing face of Venezuela's protests injured in clashes,Wuilly Arteaga posts defiant video message from hospital bed as opposition announces fresh national strikes,https://www.theguardian.com/world/2017/jul/23/venezuela-violin-face-protests-injured-clashes-strikes,https://media.guim.co.uk/a67ff75029a04682b467b6442353ccba841bb172/790_538_3658_2195/500.jpg
24-07-2017,Turkish activists decry attack on press freedom as journalists stand trial,Charges include claims that Cumhuriyet journalists helped the separatist Kurdistan Workers party and Gülen movement,https://www.theguardian.com/world/2017/jul/24/turkish-activists-decry-attack-press-freedom-journalists-stand-trial,https://media.guim.co.uk/fe4f12d6219e8d3afccf59b28b3fd36df761ab49/0_100_3000_1800/500.jpg
25-07-2017,Macron attempts to broker Libyan peace with meeting of leaders,French president convenes talks between heads of rival factions in attempt to increase conflict-ravaged country’s political stability ,https://www.theguardian.com/world/2017/jul/25/macron-attempts-to-broker-libyan-peace-with-meeting-of-leaders,https://media.guim.co.uk/7a40a391bffd37374e6ce4a3eb7c05ece062fbf7/0_40_3000_1800/500.jpg
26-07-2017,Woolly jumpers: rabbits ride on sheep to stay dry in flood,Farmer in New Zealand photographs bunnies hopping on to the backs of his flock during bad weather in the South Island,https://www.theguardian.com/world/2017/jul/26/woolly-jumpers-rabbits-ride-on-sheep-to-stay-dry-in-flood,https://media.guim.co.uk/2bc5284d105ad18e2100cb8b0c1e831553655589/0_0_738_442/500.jpg
27-07-2017,'Back home we can’t kiss': the gay badminton star forced to flee Uganda,"Megan Nankabirwa and her partner, Lydia Nabukenya, had to leave their country for the UK after being chased by an angry mob",https://www.theguardian.com/world/2017/jul/27/back-home-we-cant-kiss-the-gay-badminton-star-forced-to-flee-uganda,https://media.guim.co.uk/85843685a1d34697a7adb96737b600dd43a8233c/0_292_6720_4032/500.jpg
28-07-2017,New Zealand orchestra uses quiet and peaceful funeral home to practise,"Marlborough Civic Orchestra in South Island begins practising in chapel of Cloudy Bay Funeral Servicesm, Blenheim",https://www.theguardian.com/world/2017/jul/28/new-zealand-orchestra-uses-quiet-and-peaceful-funeral-home-to-practise,https://media.guim.co.uk/d74cb641d92757a0633f9314d2bb740e5e973d02/0_199_5714_3429/500.jpg
29-07-2017,"North Korea missile test shows it could reach New York, say experts","Late-night missile launched in Chagang province reportedly flew for about 1,000km and landed within Japan’s exclusive economic zone",https://www.theguardian.com/world/2017/jul/28/north-korea-fires-missile-japan-reports-say,https://media.guim.co.uk/860c19a71a7bf09321d614d20956942180c2e012/0_45_3500_2100/500.jpg
30-07-2017,New Zealand to drug test high school rugby teams,Drugfree Sport NZ says it has information indicating ‘a significant potential for doping to occur’,https://www.theguardian.com/world/2017/jul/30/new-zealand-to-drug-test-high-school-rugby-teams,https://media.guim.co.uk/45f8a3179850c4793928756961d1f9d35ab1c186/1340_0_3115_1869/500.jpg
31-07-2017,Monday briefing: Trump warns Kim of 'all necessary measures',"US pledges total support to Japan over Korea standoff ... Hunt to create 21,000 new NHS jobs to tackle mental health … Diana friend pleads with C4 to scrap documentary",https://www.theguardian.com/world/2017/jul/31/monday-briefing-trump-warns-kim-of-all-necessary-measures,https://media.guim.co.uk/f7ea552af25387b949c2b622fbd43fbce20db6f1/0_233_3500_2101/500.jpg
01-08-2017,Spain honours Ladino language of Jewish exiles,Royal academy sets up Judeo-Spanish branch dedicated to preserving language spoken by people expelled 500 years ago,https://www.theguardian.com/world/2017/aug/01/spain-honours-ladino-language-of-jewish-exiles,https://media.guim.co.uk/010b0c98d9b68f6ff1f737aed9e5d1174e26cdad/0_164_5100_3060/500.jpg
02-08-2017,Wiki warriors: activists fighting to keep truth of brutal Marcos regime in Philippines alive,Revisionism becoming rife amid signs the descendants of the former dictator have never been closer to a political comeback ,https://www.theguardian.com/world/2017/aug/02/wiki-warriors-activists-fighting-to-keep-truth-of-brutal-marcos-regime-in-philippines-alive,https://media.guim.co.uk/8ad951625cc3b6706e48127fac45d0535ea77694/0_33_1800_1080/500.jpg
03-08-2017,Brazil's president keeps job as congress votes against corruption charges,"Lawmakers overwhelmingly oppose charges for Michel Temer despite broad popular support, as observers condemn ‘bankruptcy of political system’",https://www.theguardian.com/world/2017/aug/03/brazil-michel-temer-president-corruption-charges-vote,https://media.guim.co.uk/ae0aa91c7d4f6195da8d11fee776223d09393ab2/0_72_5568_3341/500.jpg
04-08-2017,Keeping the faith: religious diversity in Australia – photo essay,"For his project The Devoted, photographer Michael Wickham made portraits of religious leaders and spoke to them about their faith’s relevance in modern society",https://www.theguardian.com/world/2017/aug/04/keeping-the-faith-religious-diversity-in-australia-photo-essay,https://media.guim.co.uk/c6a303eeb49c53ab104f60e47ae5c3d7936b42d4/0_289_5632_3380/500.jpg
05-08-2017,'Here there is a chance': Venezuela crisis triggers exodus to Colombia,Colombia is struggling to adapt to its new role as a destination for migrants from Venezuela fleeing political turmoil by crossing the 1378-mile-long border,https://www.theguardian.com/world/2017/aug/05/here-there-is-a-chance-venezuela-crisis-triggers-exodus-to-colombia,https://media.guim.co.uk/f9764e9276d38fb75d5ee7dfcf2c67977dd91edd/0_0_3000_1800/500.jpg
06-08-2017,'I don't want tension': Indian boxer beats China rival then offers belt back to heal border rift,Vijender Singh makes gesture of peace to Zulpikar Maimaitiali amid increasingly tense stand-off in Himalayas,https://www.theguardian.com/world/2017/aug/06/i-dont-want-tension-indian-boxer-beats-china-rival-then-offers-belt-back-to-heal-border-rift,https://media.guim.co.uk/5ba5790149c744f427c8ca20f137fa9cd4eb80f4/195_61_2334_1401/500.jpg
07-08-2017,"Ban alcohol from supermarkets, urges New Zealand medical authority",Selling wine and beer next to food ‘normalises’ a dangerous drug and should be sold at specific outlets,https://www.theguardian.com/world/2017/aug/07/ban-alcohol-from-supermarkets-urges-new-zealand-medical-authority,https://media.guim.co.uk/896c499ed50fdd09ddf699bd23075de5e7b012d2/65_0_5866_3522/500.jpg
08-08-2017,Blocked in the Balkans: the refugees that Europe won't allow in,"Many of Serbia’s 7,600 refugees had hoped to live elsewhere in the EU but are trying to adapt to life in the Balkans ",https://www.theguardian.com/world/2017/aug/08/eu-refugees-serbia-afghanistan-taliban,https://media.guim.co.uk/ebe58239c40afc562971a422b1822af3774c8aa4/0_32_4512_2708/500.jpg
09-08-2017,#AintNoCinderella: Indian women mock politician who blamed stalking victim,Women share photos of themselves staying out after midnight after party official said woman chased in her car late at night had brought it on herself,https://www.theguardian.com/world/2017/aug/09/aintnocinderella-indian-women-mock-politician-who-blamed-stalking-victim,https://media.guim.co.uk/40f5e525e0f69bab516b9342b53c644ee13e7d2e/0_43_720_432/500.jpg
10-08-2017,"Hope, pride, fear: how North Koreans feel about their homeland",The little evidence seeping out of the repressed nation suggests its people are growing weary of their masters – but still harbour a burning hatred for the US<br>,https://www.theguardian.com/world/2017/aug/10/hope-pride-fear-how-north-koreans-feel-about-their-homeland,https://media.guim.co.uk/1dfeda7ba90875d1df5095486adb74ffc9ecc0bd/0_228_4928_2956/500.jpg
11-08-2017,South China Sea: Chinese military tells US ship 10 times to turn around,Beijing ‘displeased’ after USS McCain sails close to the disputed Spratly Islands in a ‘freedom of navigation’ operation,https://www.theguardian.com/world/2017/aug/11/south-china-sea-chinese-military-tells-us-ship-to-turn-around-10-times,https://media.guim.co.uk/3269547a7c15387881c41f5ddc23fd209ec68957/69_0_2063_1238/500.jpg
12-08-2017,Trump threatens 'military option' in Venezuela as crisis escalates,"In a surprise intervention, Donald Trump said he would not rule out using military force as the country descends further into civil unrest ",https://www.theguardian.com/world/2017/aug/11/donald-trump-venezuela-crisis-military-intervention,https://media.guim.co.uk/a1430406ff1b517ae0d83f798231c5db4e0d9efc/0_194_3500_2100/500.jpg
13-08-2017,How Charlottesville became the symbolic prize of the far right | Edward Helmore and Lois Beckett,The white supremacists Donald Trump is loath to criticise made city’s plan to remove a Confederate statue their rallying point,https://www.theguardian.com/world/2017/aug/13/charlottesville-white-supremacists-far-right-donald-trump-confederate-statue,https://media.guim.co.uk/103af125f8fdcb2f53de292490b5b017a25fe5e3/0_0_2992_1795/500.jpg
14-08-2017,Japan fears the once distant threat of North Korean missiles is becoming real | Justin McCurry,"As the Kim v Trump war of words escalates, towns across Japan are preparing for what, until recently, felt like a faraway nuisance",https://www.theguardian.com/world/2017/aug/14/japan-fears-the-once-distant-threat-of-north-korean-missiles-is-becoming-real,https://media.guim.co.uk/ba8f09a2e642bcb73ee19455ee1a99e548c3ae68/0_235_3968_2382/500.jpg
15-08-2017,Donald Trump soft pedals after earlier threats of trade war with China,With Beijing warning of ‘aggressive response’ US president asks officials to consider investigation into potential intellectual property violations,https://www.theguardian.com/world/2017/aug/15/donald-trump-china-trade-war-investigation,https://media.guim.co.uk/74cd8161e21604347b87ff1bf9c88975fa8758e4/0_80_3000_1799/500.jpg
16-08-2017,Modi tells India: 'Resolve used to oust Britain 70 years ago can end terrorism',Prime minister calls on nation to build future free of corruption amid celebrations commemorating end of colonial rule ,https://www.theguardian.com/world/2017/aug/15/narendra-modi-tells-india-use-resolve-to-oust-britain-70-years-ago-to-now-end-terrorism-independence-anniversary,https://media.guim.co.uk/b18256affb63e785dd4f26a1aa7b0a09e00d12e4/0_588_2395_1437/500.jpg
17-08-2017,Iran opposition leader begins hunger strike to demand public trial,Ailing Mehdi Karroubi has demanded a public trial after being under house arrest for more than six years,https://www.theguardian.com/world/2017/aug/17/iran-opposition-leader-begins-hunger-strike-to-demand-public-trial,https://media.guim.co.uk/8c992d57805d23ba5e7927100a33d3ff7906f392/55_611_1569_941/500.jpg
18-08-2017,Australia to announce plan to protect crowded places from terrorism,Malcolm Turnbull condemns Barcelona attack and says Australia is united with the people of Spain in fighting such acts,https://www.theguardian.com/world/2017/aug/18/australia-to-announce-plan-to-protect-crowded-places-from-terrorism,https://media.guim.co.uk/c6e5935977a92f15244dfea11a1e493c67f6da35/687_0_4881_2928/500.jpg
19-08-2017,Spain terror cell planned Barcelona bombing rampage,"After 13 die in Las Ramblas, further Catalan atrocity only thwarted by accidental detonation of explosives, say police ",https://www.theguardian.com/world/2017/aug/18/accidental-blast-thwarts-huge-bomb-attack-by-spain-terror-cell,https://media.guim.co.uk/11cc02e13824cfcff64b46ced732db8f4eaf1a31/0_310_5513_3308/500.jpg
20-08-2017,Period of change: the women fighting to break Hong Kong's menstruation taboo,Discussion of the issue is rare in Hong Kong but a small group of women is using workshops and Facebook to break the silence,https://www.theguardian.com/world/2017/aug/20/period-change-women-hong-kong-menstruation-taboo,https://media.guim.co.uk/9a5e4309f541d897ed3dcf244d6ae92d826623cd/0_38_600_360/500.jpg
21-08-2017,How do you live on £36.95 a week? Asylum seekers on surviving on their allowance,"Secondhand clothes, discounted food, children’s toys and books donated by charities ... We talk to some of the 39,000 asylum seekers whose weekly allowance leaves them counting out their lives in pennies",https://www.theguardian.com/world/2017/aug/21/asylum-seekers-allowance-surviving-charities-counting-pennies,https://media.guim.co.uk/047e05e641cee075e58dd1ac128015d5d0312b23/0_169_5760_3456/500.jpg
22-08-2017,'These boys were raised among us': terror cell town reels after Catalonia attacks,"Ripoll, where a dozen men appear to have been radicalised, is no Muslim ghetto but a small moderately prosperous community",https://www.theguardian.com/world/2017/aug/22/spain-attacks-these-boys-were-raised-among-us-the-town-where-terror-cell-was-born,https://media.guim.co.uk/97c668e9fce87231c7502cb8038b3bed36fdcd74/0_0_4212_2527/500.jpg
23-08-2017,US government backs off its bid to get data on visitors to anti-Trump website,Website host DreamHost hails a ‘tremendous win’ after public outcry forces government to revise its search warrant for protest site ,https://www.theguardian.com/world/2017/aug/22/donald-trump-protest-website-back-down-dreamhost-ip-address,https://media.guim.co.uk/d6cd77af9430133d6843bd9c20b6bef793c824f7/0_79_3000_1800/500.jpg
24-08-2017,Thousands of Atlantic salmon escape from fish farm into Pacific,"Company admits it doesn’t know how many of its 305,000 fish are left after a net ‘failure’ amid concern about the impact on native species",https://www.theguardian.com/world/2017/aug/24/thousands-of-atlantic-salmon-escape-from-fish-farm-into-pacific,https://media.guim.co.uk/0ee189b7f5760f9a6f1917d05decf1d37181a6e0/112_372_5715_3429/500.jpg
25-08-2017,Would you invite 30 strangers into your bedroom? Singapore’s Open Homes project,Arts festival events let you rifle through the drawers of strangers – all in the aim of promoting transparency in the famously restrictive society,https://www.theguardian.com/world/2017/aug/25/would-you-invite-30-strangers-into-your-bedroom-singapores-open-homes-project,https://media.guim.co.uk/2e1bff32c204a1b491672347c6e061039ab4bc87/0_360_5456_3272/500.jpg
26-08-2017,My great uncle was alienated in postwar France. Now Americans know how he felt | Hadley Freeman,"These are strange times for liberal Jews who, like me, were born in America only because their grandparents ran there to escape fascism",https://www.theguardian.com/world/2017/aug/26/great-uncle-alienated-postwar-france-americans,https://media.guim.co.uk/436ca2b6f2489c3f0d91c82de12eb4d144f6e47b/0_35_2785_1671/500.jpg
27-08-2017,"George Lincoln Rockwell, father of American Nazis, still in vogue for some","A flamboyant, homophobic and antisemitic showman, Rockwell’s theatrics and oratory find an echo in movements on the modern far right ",https://www.theguardian.com/world/2017/aug/27/george-lincoln-rockwell-american-nazi-party-alt-right-charlottesville,https://media.guim.co.uk/7211932e954fdd5a6b373daa21f06ecb8c98f309/0_119_3000_1800/500.jpg
28-08-2017,The murder of little Grégory: unsolved case that haunted France may soon yield secrets,Four-year-old boy’s great uncle and aunt have been arrested and placed under investigation three decades after his death,https://www.theguardian.com/world/2017/aug/28/murder-little-gregory-unsolved-case-france,https://media.guim.co.uk/a7c6eec6effc1c76e244293ae0b6de7a77f4fb23/0_275_1594_955/500.jpg
29-08-2017,My week in Lucky House: the horror of Hong Kong's coffin homes,"Benjamin Haas joins the retirees, working poor, drug addicts and convicted criminals who live crammed into the city’s tiny plywood cubicles",https://www.theguardian.com/world/2017/aug/29/hong-kong-coffin-homes-horror-my-week,https://media.guim.co.uk/949e7e89582b00fbd7fcb7ee04bda484f2e1a3fc/0_326_4896_2938/500.jpg
30-08-2017,Donald Trump on North Korea: 'All options are on the table',US leader says missile launch over Japan shows Pyongyang’s contempt for international standards of behaviour<br>,https://www.theguardian.com/world/2017/aug/29/donald-trump-on-north-korea-all-options-are-on-the-table,https://media.guim.co.uk/ad0be5951ec76ed0ff5078eeee57c2aea50bf468/8_567_3713_2227/500.jpg
31-08-2017,"South Asia floods kill 1,200 and shut 1.8 million children out of school","Hundreds dead in India, Nepal and Bangladesh, while millions have been forced from their homes and 18,000 schools shut down across the region",https://www.theguardian.com/world/2017/aug/30/mumbai-paralysed-by-floods-as-india-and-region-hit-by-worst-monsoon-rains-in-years,https://media.guim.co.uk/16583f57fc69d3a7b80495e13552ff365da8f0bf/0_0_3384_2031/500.jpg
01-09-2017,Not the Bangkok Hilton: tourists pay to stay in Thailand's prison-style hotel,Mugshots taken on check-in and striped pyjamas issued to people wanting to spend a night behind bars,https://www.theguardian.com/world/2017/sep/01/not-the-bangkok-hilton-tourists-thailand-prison-hotel,https://media.guim.co.uk/8f8c2f74bea3789cf8c8332860e3927c0e24bc66/0_0_3500_2101/500.jpg
02-09-2017,Jacindamania: rocketing rise of New Zealand Labour's fresh political hope,"In just over a month, party’s youthful, confident new leader has transformed its moribund poll position and put it in serious contention to win the election",https://www.theguardian.com/world/2017/sep/02/jacindamania-rocketing-rise-of-new-zealand-labours-fresh-political-hope,https://media.guim.co.uk/ea1baa48de161f9c077df5a74d62313e72dd8f4e/0_0_3000_1800/500.jpg
03-09-2017,North Korean nuclear test confirmed in major escalation by Kim Jong-un,"Regime confirms sixth nuclear detonation following earthquake that was detected by China, South Korea and the US",https://www.theguardian.com/world/2017/sep/03/north-korean-nuclear-test-confirmed-in-major-escalation-by-kim-jong-un,https://media.guim.co.uk/1cbf54988056d07d74b155c09663d744505f7993/0_0_3000_1800/500.jpg
04-09-2017,Malcolm Turnbull denies Australian special forces were offered to Philippines,"The prime minister says Australia happy to help build Duterte government’s capacity to fight Isis, but not with special forces",https://www.theguardian.com/world/2017/sep/04/australian-special-forces-not-offered-to-philippines-says-malcolm-turnbull,https://media.guim.co.uk/41fb02521690ea456f69f9f18cd90d9e70ce5aab/0_120_3600_2160/500.jpg
05-09-2017,New Zealand election: Jacinda Ardern pledges to decriminalise abortion,"Leader of resurgent opposition also continues tough line on Australia, threatening retaliatory university fees hike ",https://www.theguardian.com/world/2017/sep/05/jacinda-ardern-decriminalise-abortion-new-zealand-election,https://media.guim.co.uk/647dcc0a25d5a473b793907e0371f862c581443c/0_192_3000_1800/500.jpg
06-09-2017,Part of world's last flock of rare New Zealand sheep stolen and butchered,"The Campbell Island flock, a hardy, subantarctic breed who are unusual in standing up to give birth, are down to just 30 animals after the theft",https://www.theguardian.com/world/2017/sep/06/worlds-last-flock-rare-new-zealand-campbell-island-sheep-stolen-and-butchered,https://media.guim.co.uk/905652caf17fc1775232bd2846c44f4cb8a1f3ea/0_351_3648_2189/500.jpg
07-09-2017,"Massive Oregon wildfire started by teen with fireworks, police say","A 15-year-old male is under investigation for causing a fire that has burned more than 30,000 acres as is still not under control <br>",https://www.theguardian.com/world/2017/sep/06/eagle-creek-wildfire-oregon-teenager-fireworks,https://media.guim.co.uk/c16f145cb4e54c7bc3fb8ff84994c47c42bee1f2/0_77_3000_1801/500.jpg
08-09-2017,'Jacindamania' soars anew as New Zealand PM sprinkles 'stardust' on rival,Excitement over opposition leader Jacinda Ardern dismissed by Bill English as her ratings surge ahead of the general election,https://www.theguardian.com/world/2017/sep/08/jacindamania-soars-anew-as-new-zealand-pm-sprinkles-stardust-on-rival,https://media.guim.co.uk/98948983a0611d50f7afd2d88944a20ca17db91e/0_100_3000_1800/500.jpg
09-09-2017,LGBT groups denounce 'dangerous' AI that uses your face to guess sexuality,"Two prominent LGBT groups have criticized a Stanford study as ‘junk science’, but a professor who co-authored it said he was perplexed by the criticisms",https://www.theguardian.com/world/2017/sep/08/ai-gay-gaydar-algorithm-facial-recognition-criticism-stanford,https://media.guim.co.uk/f51c2149017a4e3c85c54c9f5bc1252bcc5824d5/0_71_5000_3000/500.jpg
10-09-2017,Britain ‘not doing enough’ to help its Caribbean territories,"MPs warn ministers that response has been found wanting as overseas subjects remain in grave need, write Jamie Doward and Toby Helm",https://www.theguardian.com/world/2017/sep/09/britain-not-doing-enough-to-help-its-caribbean-territories,https://media.guim.co.uk/8b578661dbcb9a23487627c8f0f15eb86eb14cdb/0_94_1000_600/500.jpg
11-09-2017,Road crashes cost Australian society almost $30bn a year – report,Automobile Association says government’s approach to the cost of road trauma is ‘neither effective nor proportionate’,https://www.theguardian.com/world/2017/sep/11/road-crashes-cost-australian-society-almost-30bn-a-year-report,https://media.guim.co.uk/8d888b25edd9885ebe5156f7cc4be3bfb3b0cf35/328_0_3457_2075/500.jpg
12-09-2017,Nuclear tensions cast chill over South Korea's Winter Olympic buildup,"Ticket sales are low, while North Korea’s nuclear weapons testing and missile launches have dented hopes the neighbours would field joint teams ",https://www.theguardian.com/world/2017/sep/12/nuclear-tensions-cast-chill-over-south-koreas-winter-olympic-build-up,https://media.guim.co.uk/b367625751408b59796e32bda0cfc50d617380e3/15_0_5148_3090/500.jpg
13-09-2017,'You go when you go': the 70-year-old man who spent Irma in his pickup,"Ronald Sandelé, 70, was evicted weeks before the hurricane. When I met him days later, he was doing what he could to save the life of a struggling bird",https://www.theguardian.com/world/2017/sep/12/florida-hurricane-irma-pickup-truck,https://media.guim.co.uk/ff0b39dec3efd70456d44ebc1f9d96917a53559d/0_472_4032_2419/500.jpg
14-09-2017,Model fired by L'Oreal for remarks on racism will be face of rival campaign,"Illamasqua hires Munroe Bergdorf, sacked by French firm after urging white people to be aware of unconscious racism",https://www.theguardian.com/world/2017/sep/13/model-fired-by-loreal-racism-remarks-rival-campaign-illamasqua-munroe-bergdorf,https://media.guim.co.uk/e011cab814fcc9258834a4d57e9ec4c133178b15/0_2630_4401_2640/500.jpg
15-09-2017,Turnbull says missile launch over Japan shows North Korea sanctions working,"Kim Jong-un would be signing a suicide note if he started a war to attack the US or its allies, Australian prime minister says ",https://www.theguardian.com/world/2017/sep/15/turnbull-says-missile-launch-over-japan-shows-north-korea-sanctions-working,https://media.guim.co.uk/c688162d4bf7561c2a1254c6583888b6bb8962c7/0_15_4000_2402/500.jpg
16-09-2017,"US must stop North Korea threats, says China, as Kim Jong-un aims for military 'equilibrium'",Chinese ambassador says America needs to do ‘much more’ to achieve cooperation as Kim Jong-un speaks of goal of equalling US military might,https://www.theguardian.com/world/2017/sep/16/us-must-stop-north-korea-threats-says-china-kim-jong-un-military-equilibrium,https://media.guim.co.uk/e90263c55342eec30b4f11a21df624c4c837405d/0_74_2345_1408/500.jpg
17-09-2017,Netflix scout for Narcos TV show found shot dead in Mexico,Company confirms death of location manager Carlos Muñoz Portal in Temascalapa in central Mexico,https://www.theguardian.com/world/2017/sep/17/netflix-scout-for-narcos-tv-show-found-shot-dead-in-mexico,https://media.guim.co.uk/fd3d25aa32d351e122350477ed076592367ffbd4/0_0_4256_2554/500.jpg
18-09-2017,Thousands stuck in New Zealand after digger punctures airport fuel pipe,International and domestic plane passengers stuck in Auckland as rationing is brought in and airlines are told to refill abroad,https://www.theguardian.com/world/2017/sep/18/thousands-stranded-in-new-zealand-after-digger-punctures-jet-fuel-pipe,https://media.guim.co.uk/085f00b64ab8dbfc749c567549ef8cf2758571ae/0_239_3767_2261/500.jpg
19-09-2017,Caribbean faces fresh devastation as Hurricane Maria hits islands,Eye of storm expected to pass near Dominica on Monday evening with hurricane set to hit eastern islands still struggling after Hurricane Irma,https://www.theguardian.com/world/2017/sep/18/hurricane-maria-intensifies-category-4-caribbean,https://media.guim.co.uk/9f186817b9bcb200d27721638fe8a9c007c21a83/0_125_3500_2100/500.jpg
20-09-2017,New Zealand jet fuel 'debacle' disrupts election campaign and chokes off exports,"Broken fuel supply pipe results in 3,000 people a day being affected by cancelled flights as fuel rationing is expected to continue until next Thursday",https://www.theguardian.com/world/2017/sep/20/new-zealand-election-jet-fuel-debacle-disrupts-campaign-travel-exports,https://media.guim.co.uk/03a128f381eff2d6da00a1923b9750d95ebbf930/0_285_3500_2100/500.jpg
21-09-2017,New Zealand election policy by policy: how National and Labour compare,"As New Zealanders prepare to go to the polls on Saturday, where do the parties stand on key issues such as immigration, the environment – and Australia?",https://www.theguardian.com/world/2017/sep/21/new-zealand-election-policy-national-labour-compare,https://media.guim.co.uk/c52b64f69fcbd766863f8d75ac61b45cc7783235/0_145_3700_2221/500.jpg
22-09-2017,Mexico earthquake: military criticized over search and rescue missions – as it happened,Armed forces sparked anger by razing collapsed buildings less than 72 hours after a 7.1 magnitude earthquake killed at least 250 people,https://www.theguardian.com/world/live/2017/sep/21/mexico-earthquake-search-for-survivors-live-frida-sofia-updates,https://media.guim.co.uk/3a7c10b7b41b17e3633885690c7fe70ba4aafe09/0_0_4025_2415/500.jpg
23-09-2017,Frida: the Mexican rescue dog who has saved more than 52 lives,Labrador retriever makes global headlines after Mexican president praises her work following deadly 7.1 magnitude quake,https://www.theguardian.com/world/2017/sep/23/frida-the-mexican-rescue-dog-who-has-saved-more-than-52-lives,https://media.guim.co.uk/9e0c74f205a86ba680018bdc15fb10dbf00f780b/0_298_4464_2678/500.jpg
24-09-2017,'Everything's changed': despair of Briton held without charge in Bangladesh,Hasnat Karim remains in prison in Bangladesh although no evidence has been produced to implicate him in 2016 attack in which more than 20 were killed,https://www.theguardian.com/world/2017/sep/24/british-bangladesh-holey-bakery-terror-attack-hasnat-karim,https://media.guim.co.uk/cf8b2e0764f54476ef1b5b31ac69d47454ef1a3b/0_153_4968_2983/500.jpg
25-09-2017,Challenges Merkel faces as she starts fourth term as German chancellor,"Troublesome issues for leader include ailing steel industry, diesel engines crisis, digitalisation lag and low birth rates",https://www.theguardian.com/world/2017/sep/25/challenges-merkel-faces-as-she-starts-fourth-term-as-german-chancellor,https://media.guim.co.uk/e1c049e2cef0d1dc29ea33a8b7350dcd9f2a93c5/247_561_2445_1467/500.jpg
26-09-2017,First Manus Island-held refugees flown to US under resettlement deal,"Group of 25 men who had been detained by Australia depart Port Moresby on Tuesday morning, with group from Nauru expected to follow",https://www.theguardian.com/world/2017/sep/26/first-manus-island-held-refugees-flown-to-us-under-resettlement-deal,https://media.guim.co.uk/fdc1687f30f000a0c45b0d81dafb6e0f62595d2f/204_0_3055_1834/500.jpg
27-09-2017,Zealandia drilling reveals secrets of sunken lost continent,"South Pacific landmass may have been closer to land level than once thought, providing pathways for animals and plants",https://www.theguardian.com/world/2017/sep/27/zealandia-drilling-reveals-secrets-of-sunken-lost-continent,https://media.guim.co.uk/453f1225fc77061e3121a84384e18998f4934dcd/0_387_4032_2419/500.jpg
28-09-2017,Prison is an inevitable part of Hong Kong's exhausting path to democracy | Joshua Wong,"In the first of a series of columns for the Guardian from his cell, the political activist says his detention is shining a light on China’s authoritarianism",https://www.theguardian.com/world/commentisfree/2017/sep/28/prison-hong-kong-exhausting-path-democracy-joshua-wong,https://media.guim.co.uk/556f989d72d7b41b9868872dea22ea93278a3f20/0_190_3500_2101/500.jpg
29-09-2017,Tsunami carried a million sea creatures from Japan to US west coast,"Disaster of 2011 caused longest maritime migration ever recorded, with crustaceans, sea slugs and worms riding 4,800 miles on debris",https://www.theguardian.com/world/2017/sep/29/tsunami-carried-million-sea-creatures-from-japan-to-us-west-coast,https://media.guim.co.uk/72c70c230b00beb766160c05731730f26c20b704/0_490_3264_1958/500.jpg
30-09-2017,West Papua independence petition is rebuffed at UN,Exiled leader Benny Wenda presents smuggled petition to decolonisation committee but chair says Indonesian takeover of province is not on its agenda,https://www.theguardian.com/world/2017/sep/30/west-papua-independence-petition-is-rebuffed-at-un,https://media.guim.co.uk/d8d8e8b46dc4eeebe7a966e02a394505f0f977ed/0_335_6704_4024/500.jpg
01-10-2017,Beware the red peril: Indonesia still fighting ghosts of communism,"National paranoia resurfaces for anniversary of failed 1965 coup, with anti-communist film revived and mobs rallying against invisible threat",https://www.theguardian.com/world/2017/oct/01/beware-the-red-peril-indonesia-still-fighting-ghosts-of-communism,https://media.guim.co.uk/c9473257391a29240dac18bae64fd72b6c79f2a6/0_365_5472_3283/500.jpg
02-10-2017,Trump says Rex Tillerson 'wasting his time' with North Korea negotiations,US officials attempt to strike unified tone after president’s Twitter outburst threatens to undermine Rex Tillerson’s position during crucial Beijing visit,https://www.theguardian.com/world/2017/oct/01/donald-trump-rex-tillerson-north-korea-time-wasting,https://media.guim.co.uk/f2cd309935bcc42654901ef86844e67bdd1ebff5/0_24_3000_1801/500.jpg
03-10-2017,MH370's location an 'almost inconceivable' mystery – final report,"Investigators say re-analysis of satellite imagery has narrowed likely resting place to area of less than 25,000 sq km",https://www.theguardian.com/world/2017/oct/03/mh370s-location-an-almost-inconceivable-mystery-final-report,https://media.guim.co.uk/fde2ab3a0e8e4fd2d42f425f737908ff4f469a79/0_0_3388_2034/500.jpg
04-10-2017,Nigeria's ex-first lady hits out at government's 'witch-hunt' over assets,Patience Jonathan says current president’s bid to retrieve millions allegedly siphoned off is revenge for her stance in 2015 poll,https://www.theguardian.com/world/2017/oct/04/nigerias-ex-first-lady-hits-out-at-governments-witch-hunt-over-assets,https://media.guim.co.uk/f19bcb7f4bf11d489c1bc7ff8d18013b5df921c1/0_579_2333_1399/500.jpg
05-10-2017,Indian government advised to ‘discredit’ slavery research,Prime minister Narendra Modi pressured to condemn Australian report on modern slavery over fears it could tarnish India’s image,https://www.theguardian.com/world/2017/oct/05/indian-government-advised-to-discredit-slavery-research,https://media.guim.co.uk/9fda29ee6fb40361ba99c921e9e3ce50fb5e3b00/0_24_3000_1800/500.jpg
06-10-2017,Iranian chess player to compete for US after ban for not wearing hijab,Dora Derakhshani was forbidden from playing for home country following matches in Gibraltar in January,https://www.theguardian.com/world/2017/oct/06/iranian-chess-player-to-compete-for-us-after-ban-for-not-wearing-hijab,https://media.guim.co.uk/de9177a6530a7a4f2b7a54b33c58d6392084a26b/193_290_5368_3221/500.jpg
07-10-2017,New Zealand election: full results give Labour boost and nation its first refugee MP,Negotiations begin in earnest after ‘special votes’ tally sees ruling party lose two seats and Labour and the Greens each gain one,https://www.theguardian.com/world/2017/oct/07/new-zealand-election-full-results-labour-boost-and-first-refugee-mp,https://media.guim.co.uk/46ae139e22d1dcc10cca63e689545ba154e6480e/313_101_526_315/500.jpg
08-10-2017,"Cook Islands faces its 'worst case scenario', being granted developed country status",Government officials worry new status will result in a cut in aid and could hurt the country’s growth prospects,https://www.theguardian.com/world/2017/oct/08/cook-islands-faces-its-worst-case-scenario-being-granted-developed-country-status,https://media.guim.co.uk/93a4f47257430ee864dea75823fe047ee9e26112/0_331_5145_3088/500.jpg
09-10-2017,All-conquering Xi: China hails its leader in ecstatic Beijing exhibition,The Five Years On exhibit marks the end of Xi Jinping’s first term in power but some wonder whether he will ever relinquish his leadership,https://www.theguardian.com/world/2017/oct/09/five-years-all-conquering-xi-jinping-china-heralds-its-leader-in-ecstatic-beijing-exhibition,https://media.guim.co.uk/8888f6073c377b5085c95cc06ec364956f3c884e/0_10_2954_1773/500.jpg
10-10-2017,Raqqa: a journey into the destroyed heart of the Islamic State capital,Follow photographer <strong>Achilleas Zavallis</strong> and reporter <strong>Martin Chulov</strong> as they journey from the Iraqi border to the wasteland of the frontline of Raqqa,https://www.theguardian.com/world/2017/oct/10/raqqa-a-journey-into-the-destroyed-heart-of-the-islamic-state-capital,https://media.guim.co.uk/66acae833702efc40680e4baafd52c0b9665e2ca/0_316_5158_3095/500.jpg
11-10-2017,Hollywood men silent over Weinstein allegations as women speak out,"When the Guardian contacted 20 high-profile actors and directors who have worked with the producer, many failed to respond",https://www.theguardian.com/film/2017/oct/09/harvey-weinstein-hollywood-men-actors-directors,https://media.guim.co.uk/1e40280101f31288c722feedd839b67410fe961f/0_0_3000_1800/500.jpg
12-10-2017,Could Harvey Weinstein go to jail?,"Legal experts say Lucia Evans’ sexual assault claims could theoretically lead to five to 25 years in prison for producer, but prosecutors unlikely to bring case",https://www.theguardian.com/film/2017/oct/11/harvey-weinstein-sexual-harassment-allegations-prison,https://media.guim.co.uk/27aa1d5f713b0b43fc4033a3127e2c8203e16c74/0_178_5324_3195/500.jpg
13-10-2017,New Zealand election result 'held hostage' by anonymous board of minor party,"Winston Peters, leader of NZ First that holds balance of power, says unelected board members will decide next week to support Labour or National",https://www.theguardian.com/world/2017/oct/13/new-zealand-election-result-anonymous-nz-first-board-winston-peters,https://media.guim.co.uk/09c15fe7e30cf2aebb8c5e5d32a1b5c2a9cf48a6/0_28_3963_2378/500.jpg
14-10-2017,Perth’s Anglican ​​church offers ‘heartfelt apology’ to LGBT community,Diocese says it is ‘deeply sorry for any harm we have done’ by words and behaviour ‘that have not displayed the love of God’,https://www.theguardian.com/world/2017/oct/14/perths-anglican-church-offers-heartfelt-apology-to-lgbt-community,https://media.guim.co.uk/a055d1f7913a6064d60e87ef3690e9b36de627de/0_203_4500_2700/500.jpg
15-10-2017,"Once a fixture of downtown New York, Weinstein is now a ghost amid scandal",Harvey Weinstein had an array of haunts he frequented for years before he was accused by over a dozen women of making unwanted sexual advances,https://www.theguardian.com/film/2017/oct/15/once-a-fixture-of-downtown-new-york-weinstein-is-now-a-ghost-amid-scandal,https://media.guim.co.uk/cd6e8caccf0e88bbd9bd4d672b13ab741632d937/0_248_5382_3228/500.jpg
16-10-2017,Japan's general election: all you need to know,"The North Korea threat looms large over the 22 October election, but Shinzo Abe plans to play the strong and stable card against challenger Yuriko Koike",https://www.theguardian.com/world/2017/oct/16/japan-general-election-all-you-need-to-know,https://media.guim.co.uk/b474defd6171215e3b85ae3d554230b706d56c97/2028_106_3909_2346/500.jpg
17-10-2017,New Zealand town has itself to tank after solving petrol drought,Residents of remote rural Pongoroa build their own service station so they don’t have to drive two hours to fill up,https://www.theguardian.com/world/2017/oct/17/new-zealand-town-has-itself-to-tank-after-solving-petrol-drought,https://media.guim.co.uk/8f41294ffe4a6167f8c9e1ccbacff499f91cf4e7/0_182_2048_1229/500.jpg
18-10-2017,New Zealand library cracks case of the missing books,Staff discover homeless people had been carefully hiding books under shelves at Auckland library so they could return to them without losing their place,https://www.theguardian.com/world/2017/oct/18/new-zealand-library-auckland-hiding-cracks-case-missing-books,https://media.guim.co.uk/5a8137ea1b7001b3c90488cdfd59288d62f8d464/0_89_5035_3018/500.jpg
19-10-2017,Civil engineering firm Canstruct  to take over operating Nauru detention centre,Refugee advocates warn Australian company ‘will face a mighty campaign’ for ‘doing business in abuse’ ,https://www.theguardian.com/world/2017/oct/19/civil-engineering-firm-canstruct-to-take-over-operating-nauru-detention-centre,https://media.guim.co.uk/7e963fed1769cb0bb381ed998c08fc44e889b310/6_293_5673_3404/500.jpg
20-10-2017,Lupita Nyong’o on Harvey Weinstein: 'I have felt sick in the pit of my stomach',The 12 Years a Slave actor penned an op-ed piece for the New York Times alleging the Hollywood producer harassed her when she was a student actor,https://www.theguardian.com/film/2017/oct/19/lupita-nyongo-on-harvey-weinstein-i-have-felt-sick-in-the-pit-of-my-stomach,https://media.guim.co.uk/a8bcdc25b9629191bcce0a795ae62cfd75f9c2ee/0_155_3280_1968/500.jpg
21-10-2017,Body found in icy river could sway Argentina's midterm elections,"Tests confirm body is Santiago Maldonado, an activist missing since a security forces raid in August",https://www.theguardian.com/world/2017/oct/20/body-found-in-icy-river-could-sway-argentinas-midterm-elections,https://media.guim.co.uk/5bdd863dfab2c718c00414f2e570b604225d32f4/0_97_3500_2101/500.jpg
22-10-2017,Shinzo Abe secures strong mandate in Japan's general election,"Japanese prime minister’s hard line on North Korea helped him to crush opposition parties, according to exit polls",https://www.theguardian.com/world/2017/oct/22/shinzo-abe-secures-strong-mandate-in-japans-general-election,https://media.guim.co.uk/5c3d5b5d259c004f6a77e3d322d8e52ce9d18138/0_69_4725_2835/500.jpg
23-10-2017,Kenya set to hold controversial election rerun as ballot papers arrive,"Despite threatened opposition boycott and widespread doubt over logistics, Kenyans look likely to go to the polls again on Thursday",https://www.theguardian.com/world/2017/oct/23/kenyas-rerun-election-looks-set-to-go-ahead-as-ballot-papers-arrive,https://media.guim.co.uk/007fcd54286f953782e7a014068846933c0600e9/0_254_4256_2554/500.jpg
24-10-2017,‘It's being done to intimidate us’: Israeli anti-occupation groups face crackdown,"Proposed measures seem designed to shut down groups such as Breaking the Silence, denounced by rightwingers as traitors",https://www.theguardian.com/world/2017/oct/24/its-being-done-to-intimidate-us-israeli-anti-occupation-groups-face-crackdown,https://media.guim.co.uk/1c5fb07614146ae70ab28c980f0136adfa3f41a7/0_0_3500_2101/500.jpg
25-10-2017,Jacinda Ardern takes child poverty role in New Zealand ministry,"One third of New Zealand children now live below the poverty line, a statistic that the country’s new leader has pledged to reduce",https://www.theguardian.com/world/2017/oct/25/jacinda-ardern-takes-child-poverty-role-in-new-zealand-ministry,https://media.guim.co.uk/1e4f53eac3e7bbe75208405ff308d7f10d09923f/0_210_4647_2788/500.jpg
26-10-2017,"Jacinda Ardern sworn in as New Zealand PM, promising 'empathetic' government",Ardern says she will lead an ‘active’ administration that addresses climate change and looks after the vulnerable,https://www.theguardian.com/world/2017/oct/26/jacinda-ardern-sworn-in-new-zealand-pm-empathetic-government,https://media.guim.co.uk/a7db1754ce8b1d8eccedac947822c16cab7f4e36/0_115_3926_2357/500.jpg
27-10-2017,Iceland set for second snap election in a year after series of scandals,PM Bjarni Benediktsson called poll after government fell over alleged cover-up of father’s effort to help child sex offender,https://www.theguardian.com/world/2017/oct/27/iceland-set-for-second-snap-election-in-a-year-after-series-of-scandals,https://media.guim.co.uk/27680e4f5e6f3dd986bd9586864c73677d96fcd1/0_0_5060_3036/500.jpg
28-10-2017,Spain dissolves Catalan parliament and calls fresh elections,Madrid dissolves Catalan parliament after secessionist MPs vote to create ‘Catalan republic as an independent and sovereign state’,https://www.theguardian.com/world/2017/oct/27/spanish-pm-mariano-rajoy-asks-senate-powers-dismiss-catalonia-president,https://media.guim.co.uk/e784db5ee1e94b11265cdb6e7d11e8091cc246a9/0_0_3946_2368/500.jpg
29-10-2017,Trump team drawing up fresh plans to bolster US nuclear arsenal,"Congress and US allies briefed on progress of Nuclear Posture Review, with plans to increase stockpile and loosen conditions under which it could be used",https://www.theguardian.com/world/2017/oct/29/trump-us-nuclear-weapons-arsenal,https://media.guim.co.uk/e2f79815908909e9e4c14088f564af7be9e214e9/0_172_4500_2701/500.jpg
30-10-2017,We’ll stay silent no more over sexual harassment in the art world | Letters,"<strong>Letters:</strong> We have held our tongues, threatened by power wielded over us and promises of institutional access and career advancement",https://www.theguardian.com/world/2017/oct/30/well-stay-silent-no-more-over-sexual-harassment-in-the-art-world,https://media.guim.co.uk/59e54847afc6aba4b688a8f8d860250cb8ec7b84/0_352_5760_3456/500.jpg
31-10-2017,New Zealand considers creating climate change refugee visas,Minister says an experimental humanitarian visa category could be introduced for people displaced by rising seas,https://www.theguardian.com/world/2017/oct/31/new-zealand-considers-creating-climate-change-refugee-visas,https://media.guim.co.uk/c33a3c25e7675390ceb049cf3a5954f390a4b512/0_225_5000_3001/500.jpg
01-11-2017,'Racism can appear with face of respectability' – Tim Soutphommasane,"Race discrimination commissioner says suggestion racism exists in Australia often taken as insult, preventing proper debate",https://www.theguardian.com/world/2017/nov/01/racism-can-appear-with-face-of-respectability-tim-soutphommasane,https://media.guim.co.uk/a4c34439ccbf670143b54e0c0f1a3ba9bae50b26/0_139_3900_2340/500.jpg
02-11-2017,"Black Lives Matter in Australia: wherever black people are, there is racism – and resistance","The government must stand on the side of the original people of this land, and challenge the idea that their lives don’t matter",https://www.theguardian.com/us-news/2017/nov/02/black-lives-matter-in-australia-wherever-black-people-are-there-is-racism-and-resistance,https://media.guim.co.uk/bed4214b303b8cb8cba470eca54f1e70ca36bff7/0_98_2954_1773/500.jpg
03-11-2017,The world's biggest grave robbery: Asia’s disappearing WWII shipwrecks,Exclusive: the unmarked graves of thousands of sailors are threatened by illegal metal salvagers ,https://www.theguardian.com/world/ng-interactive/2017/nov/03/worlds-biggest-grave-robbery-asias-disappearing-ww2-shipwrecks,https://media.guim.co.uk/74897385a61c8a8b2e0a0f381f84e7fa7b89701a/2_0_797_478/500.jpg
04-11-2017,British woman languishes in Egyptian jail for carrying painkillers,Laura Plummer from Hull was in possession of tramadol and naproxen when she was detained by Egyptian authorities,https://www.theguardian.com/world/2017/nov/04/british-woman-languishes-in-egypt-jail-for-carrying-painkillers,https://media.guim.co.uk/1676f7eba2fa96a625afd7067351b98adb7e3864/0_398_4818_2891/500.jpg
05-11-2017,Spy mystery of British sisters who helped Jewish refugees flee the Nazis,Producers of biopic tell of CIA files on opera-loving secretaries Ida and Louise Cook who repeatedly flew to Germany to rescue refugees,https://www.theguardian.com/world/2017/nov/05/ida-louise-cook-sisters-helped-jewish-refugees-flee-nazis-spy-mystery-film,https://media.guim.co.uk/acbcc42bb5c06b8e4a0533c9cee59703ae9bc060/0_357_3024_1814/500.jpg
06-11-2017,Disabled people worry about telling employers of their condition,UK charity’s survey finds almost half of disabled people have worried about making employers aware of their disability ,https://www.theguardian.com/society/2017/nov/06/disabled-people-worry-about-telling-employers-of-their-condition,https://media.guim.co.uk/56c43949ef038f810e4f1c4e21ed4312b7e55c4c/0_175_4000_2400/500.jpg
07-11-2017,Pen-Pineapple-Apple-President: Donald Trump meets Pikotaro,The US president was briefly outshone on his Tokyo visit by the creator of the smash hit Pen-Pineapple-Apple-Pen,https://www.theguardian.com/world/2017/nov/07/pen-pineapple-apple-president-donald-trump-pikotaro,https://media.guim.co.uk/e2334cd830e7e4176e3e9035381a322cdf49fd6e/109_26_563_338/500.jpg
08-11-2017,UK far-right activists attend military-style camps with anti-Islam group,ITV documentary reveals link between anti-immigration group Generation Identity and failed Ukip leadership candidate,https://www.theguardian.com/world/2017/nov/08/uk-far-right-activists-military-style-camps-anti-islam-group,https://media.guim.co.uk/5847f5a1196baf071616219eefeaf6f0abff577b/0_100_4000_2400/500.jpg
09-11-2017,"8,000 Syrian refugees settle in UK following public call for action","Vulnerable families grateful for ‘genuine’ welcome, although integration is harder in rural areas – UNHCR study ",https://www.theguardian.com/world/2017/nov/09/8000-syrian-refugees-settle-in-uk-following-public-call-for-action,https://media.guim.co.uk/c1117e3584b6ee5e8cda59f830dd2164390e9fab/0_0_3060_1836/500.jpg
10-11-2017,"Gender pay gap widening for women in their 20s, data shows","Figures show gap in age group is five times greater than six years ago, with some women starting careers worse off than male counterparts",https://www.theguardian.com/world/2017/nov/10/gender-pay-gap-widening-for-women-in-their-20s-data-shows,https://media.guim.co.uk/1069a9ad803c47a74f99edcaaa62e8e45b4ddeb8/0_0_3000_1800/500.jpg
11-11-2017,Qatar World Cup bosses offer no explanation for British worker's death,Zac Cox’s relatives have waited 10 months for official account of why he died in accident at Khalifa stadium,https://www.theguardian.com/world/2017/nov/11/qatar-world-cup-bosses-offer-no-explanation-for-british-worker-death-zac-cox,https://media.guim.co.uk/9b07ed244246a5f0e4a8836dc4a20cca3d4b138e/0_102_3500_2100/500.jpg
12-11-2017,The forgotten Muslim heroes who fought for Britain in the trenches,The stories of the 2.5 million Muslims who travelled to Europe to fight for the allies during the first world war are finally being told,https://www.theguardian.com/world/2017/nov/12/forgotten-muslim-heroes-fought-for-britain-first-world-war,https://media.guim.co.uk/40f9229385b300d3e58e40ef8a7cb62131d67524/0_216_5682_3411/500.jpg
13-11-2017,Assad regime's starve or surrender strategy 'a crime against humanity',Amnesty report examining sieges and evacuation deals published weeks after images of starving baby in Ghouta brought plight of trapped Syrians into focus,https://www.theguardian.com/world/2017/nov/13/assad-regimes-starve-or-surrender-strategy-is-a-war-says-amnesty,https://media.guim.co.uk/9211df614eafedaf1ab35e8b8170b653820ea075/0_137_4096_2458/500.jpg
14-11-2017,Allegations of sexual violence soar in France after Weinstein scandal,Police see 30% increase in year-on-year figures for October in wake of series of high-profile allegations against famous figures,https://www.theguardian.com/world/2017/nov/14/france-sees-sharp-rise-in-reports-of-sexual-misconduct,https://media.guim.co.uk/f0b42316ce3a4aeab0afbe3af24a8d9b0903e1a2/0_13_4928_2957/500.jpg
15-11-2017,'The situation has moved to another level': Zimbabwe army statement in full,Military spokesman Maj Gen SB Moyo has addressed the nation after troops took over the state broadcaster ZBC. Read his statement in full,https://www.theguardian.com/world/2017/nov/15/the-situation-has-moved-to-another-level-zimbabwe-army-statement-in-full,https://media.guim.co.uk/a6e980a0b613467456c49928343ee6614d3f6747/164_0_1402_842/500.jpg
16-11-2017,Wife of British explorer missing in Papua New Guinea tells of her fears,"Lenka Allen says this is first time Benedict Allen, who has failed to return from expedition to find Yaifo tribe, has done something so ‘scary and slightly reckless’",https://www.theguardian.com/world/2017/nov/16/wife-of-british-explorer-missing-in-papua-new-guinea-speaks-of-familys-worries,https://media.guim.co.uk/6049e1f4244cab14833dd57f0ae65314d207a8b2/212_1034_2596_1557/500.jpg
17-11-2017,Japanese rail company apologises after train leaves 20 seconds early,Operator ‘deeply’ sorry for inconvenience to passengers after the 9.44.40am Tsukuba Express pulled away at 9.44.20am,https://www.theguardian.com/world/2017/nov/17/japanese-rail-company-apologises-train-20-seconds-early,https://media.guim.co.uk/d4a8f330c37064f70300750512b7b68d37a5cf89/0_95_3001_1801/500.jpg
18-11-2017,Argentina's navy searches for missing submarine with 44 crew on board,"The San Juan has been missing off the coast of Patagonia for more than two days, and the navy denies that communication was lost after a fire on board",https://www.theguardian.com/world/2017/nov/17/argentinas-navy-searches-for-missing-submarine-with-at-least-40-on-board,https://media.guim.co.uk/6fd944a3ff13394d2a9718ebbfd9917c3d846b43/1_0_3810_2286/500.jpg
19-11-2017,Putin accuses British anti-corruption campaigner Browder of three murders,Allegations seen as latest attempt to discredit hedge fund manager who has led global campaign for justice in the death of lawyer Sergei Magnitsky,https://www.theguardian.com/world/2017/nov/19/bill-browder-putin-accuses-three-murders-campaigner-sergei-magnitsky,https://media.guim.co.uk/e9d9d832c7daa26e382e2da5699e255e41a2c6f8/0_291_5232_3139/500.jpg
20-11-2017,Charity for victims of modern slavery in London sees 30% rise in cases,Report by Hestia finds increase in number of victims in 2017 and says two-thirds of the people it works with in the capital are forced into prostitution,https://www.theguardian.com/world/2017/nov/20/modern-slavery-victims-helped-london-charity-hestia-risen-30-per-cent-forced-prostitution,https://media.guim.co.uk/0748f37dc88169d99fdbc3b831d0192420936132/0_150_4512_2707/500.jpg
21-11-2017,Argentina's navy says fresh noises are not from missing submarine,"Sounds detected during search for ARA San Juan came from ‘biological source’, spokesman says ",https://www.theguardian.com/world/2017/nov/20/missing-argentina-submarine-running-out-of-air-as-search-enters-critical-phase,https://media.guim.co.uk/4f186f791e8286553c1bb851cff4cbaa91e70d8e/0_227_3500_2100/500.jpg
22-11-2017,Delhi police set up all-female motorbike squad to tackle crime against women,"Five years after shocking gang rape, rapid response unit aims to combat assault and harassment in India’s crowded capital",https://www.theguardian.com/world/2017/nov/22/delhi-police-female-motorbike-squad-crime-against-women,https://media.guim.co.uk/24bf8c7f3470de26965a086b148f62071583bac3/0_280_4273_2564/500.jpg
23-11-2017,Teacher at London girls' school resigns after claims of sexual abuse,Staff member leaves St Paul’s private school with immediate effect after being implicated in allegations by former students ,https://www.theguardian.com/world/2017/nov/22/teacher-at-st-pauls-girls-school-in-london-resigns-after-claims-of-sex-abuse,https://media.guim.co.uk/5c704d10a12961a57d683a6b76a861c4a3b3f720/0_374_5616_3370/500.jpg
24-11-2017,"'If the sex is bad, leave': South Korea wakes up to its sexual revolution","Deeply conservative society is opening up on sex, and women are challenging centuries of strict gender roles in relationships",https://www.theguardian.com/world/2017/nov/24/sex-south-korea-wakes-up-sexual-revolution-women,https://media.guim.co.uk/a65fe6a69e7436969171a6dd9eeae6ad0d912f28/0_322_5165_3100/500.jpg
25-11-2017,Chinese bike share graveyard a monument to industry's 'arrogance',Future of dockless bike sharing under a cloud amid concerns there are too many bikes and not enough demand,https://www.theguardian.com/uk-news/2017/nov/25/chinas-bike-share-graveyard-a-monument-to-industrys-arrogance,https://media.guim.co.uk/c217fdc4f8ce3df1ae171ccfcda6e0e8007676dc/64_0_2666_1600/500.jpg
26-11-2017,‘Before I had everything to eat. Now it’s one bite’: Yemenis’ struggle for survival,Saudi Arabia and Iran are using Yemen’s conflict as a proxy in their struggle to dominate the region,https://www.theguardian.com/world/2017/nov/26/yemen-daily-struggle-for-survival-behind-divided-lines,https://media.guim.co.uk/bb72714b4add948f5c8cb3822e3713df88905d12/0_233_3500_2100/500.jpg
27-11-2017,Mount Agung: Bali airport closed as volcano alert raised to highest level,"People within 10km told to evacuate as explosive eruptions send ash 4,000 metres into atmosphere",https://www.theguardian.com/world/2017/nov/27/mount-agung-bali-airport-closed-as-volcano-alert-raised-to-highest-level,https://media.guim.co.uk/0fe4e567c0755119506e23def3342b5022e81f52/0_63_3289_1974/500.jpg
28-11-2017,Cypriot fighters seek damages over torture under British rule,The 35 claimants are suing the UK government over alleged human rights abuses that took place in the 1950s,https://www.theguardian.com/world/2017/nov/28/cypriot-fighters-seek-damages-over-torture-under-british-rule,https://media.guim.co.uk/0c17796bc4a4d489444cea65f13d377ae293a654/0_142_1331_799/500.jpg
29-11-2017,豪当局が日本の生々しい捕鯨映像を初公開,5年にわたる法廷闘争の末、反捕鯨団体が入手,https://www.theguardian.com/world/2017/nov/29/japanese-whaling-footage-australia-five-year-legal-battle,https://media.guim.co.uk/df89b8e7e123c0839a2c7f5a7a50c33ef61bdc26/60_0_1800_1080/500.jpg
30-11-2017,'Know what jandals are?' Jacinda Ardern tests Ed Sheeran's desire for New Zealand citizenship,Prime minister makes video test for UK singer after he suggested she sort out a dual-nationality for him,https://www.theguardian.com/world/2017/nov/30/know-what-jandals-are-jacinda-ardern-tests-ed-sheerans-desire-for-new-zealand-citizenship,https://media.guim.co.uk/8fd4759eadaf3321083c070f045adbc33f56f6f5/0_0_2500_1500/500.jpg
01-12-2017,Honduras election: protesters clash with police as opposition cries foul,The central American nation in crisis as rightwing incumbent Juan Orlando Hernandez claws back poll lead amid vote-rigging allegations ,https://www.theguardian.com/world/2017/dec/01/honduras-election-protesters-clash-with-police-as-opposition-cries-foul,https://media.guim.co.uk/8920fd8f8f257b7d72abddc7228d0407e679438e/0_90_3500_2101/500.jpg
02-12-2017,Judge suspends part of Quebec's face-covering ban,"The law, which opponents say targets Muslim women, has been put on hold until guidelines and exemptions are enacted",https://www.theguardian.com/world/2017/dec/02/judge-suspends-part-of-quebecs-face-covering-ban,https://media.guim.co.uk/675bf5c24ce12dcf4171b4dad194d821dceea6fe/0_361_5250_3151/500.jpg
03-12-2017,"Inside Britain First: ex-member tells of petty rivalries, racism and violent anti-Muslim plots",The deputy leader’s former boyfriend speaks of intimidation and why he left,https://www.theguardian.com/world/2017/dec/03/britain-first-factionalised-rabble-heavy-drinking-plotting-anti-muslim-violence,https://media.guim.co.uk/2c7d9a6963b243775a094ae34100b9d0f4b62441/0_3_3000_1799/500.jpg
04-12-2017,US senator: military families should leave South Korea as threat of war grows,North Korean media has warned that nuclear war could break out ‘at any moment’ as the US and South Korea begin their biggest-ever joint air drills,https://www.theguardian.com/world/2017/dec/04/us-senator-military-families-should-leave-south-korea-as-threat-of-war-grows,https://media.guim.co.uk/35b66bf75f2a4c64e9c314c3ba8b9f865f0db1e4/0_50_4000_2401/500.jpg
05-12-2017,Honduras: police refuse to obey government as post-election chaos deepens,All national police will refuse to enforce a curfew after days of deadly violence triggered by allegations of electoral fraud,https://www.theguardian.com/world/2017/dec/04/honduras-election-board-refrains-from-declaring-winner-as-violence-continues,https://media.guim.co.uk/41dc745ff24bd43c11337decd1f4a6af0f0efb40/0_177_5225_3134/500.jpg
06-12-2017,"After six years in jail, Gaddafi's son Saif plots return to Libya's turbulent politics","Gaddafi, freed in June after being held since the 2011 uprising, is planning a comeback – and experts say he could benefit if elections take place next year",https://www.theguardian.com/world/2017/dec/06/saif-gaddafi-libya-politics-son-muammar,https://media.guim.co.uk/6268cfee151660a3256fa1e9a1006d4f829382b7/37_47_2643_1587/500.jpg
07-12-2017,Navalny's army: the Russians risking all to oppose Vladimir Putin,"Opposition politician’s campaign gathers steam ahead of 2018 election, but his supporters face threats and intimidation",https://www.theguardian.com/world/2017/dec/07/navalny-army-russians-risking-all-to-oppose-vladimir-putin,https://media.guim.co.uk/ee70a16603444e2011420a36fd1422cfc125bce4/0_138_4406_2643/500.jpg
08-12-2017,The gentrification of Beijing: razing of migrant villages spells end of China dream,Thousands of poor workers have fallen foul of a housing safety crackdown many suspect is driven by other motives,https://www.theguardian.com/world/2017/dec/08/beijing-gentrification-china-migrant-villages-destroyed,https://media.guim.co.uk/5acffd17b6c69e2766b92e1a4fdb63d60ceb1509/0_78_3264_1958/500.jpg
09-12-2017,In a class of its own: New Zealand school with no students vows to stay open,Tuturumuri school is surviving on savings in case any parents want to give their children the highest staff-to-student ratio in the country,https://www.theguardian.com/world/2017/dec/09/new-zealand-school-no-students-open-tuturumuri-wairarapa,https://media.guim.co.uk/c7dc0a348d4e27382c74fa948cfa6e743c03cec7/0_46_2592_1555/500.jpg
10-12-2017,"At last, it’s the real thing as Italy’s skiers delight in white after years of fake snow","Dolomites resorts have had to rely on snow machines since the 1980s, but now nature has finally done the job",https://www.theguardian.com/world/2017/dec/10/italy-dolomites-ski-resorts-early-snowfall,https://media.guim.co.uk/825d6597f2347bffdc45e5fd72ccb2c90938a9e7/0_368_5317_3190/500.jpg
11-12-2017,Hundreds take part in rare protest in Beijing over migrant crackdown,Demonstrators condemn evictions and demolitions carried out by authorities which have seen thousands lose their homes,https://www.theguardian.com/world/2017/dec/11/hundreds-take-part-rare-protest-beijing-migrant-crackdown,https://media.guim.co.uk/85c2b957b827582b312ded76abeecbe75afdffe7/0_555_8036_4822/500.jpg
12-12-2017,"Sexual harassment 'rife' in schools but largely unreported, study says",More than one in three girls in mixed secondary schools say they have been sexually harassed and many teachers are ill-equipped to tackle problem,https://www.theguardian.com/world/2017/dec/12/sexual-harassment-rife-in-schools-but-largely-unreported-study-says,https://media.guim.co.uk/beefe33a809a575791accb1b54539d38aa063f5c/0_182_5472_3283/500.jpg
13-12-2017,Japanese kanji of the year is 'north' – thanks to Kim Jong-un,"After 12 months dominated by the North Korean nuclear crisis, there was, perhaps, only one serious candidate for word of 2017",https://www.theguardian.com/world/2017/dec/13/japanese-kanji-of-the-year-is-north-thanks-to-kim-jong-un,https://media.guim.co.uk/d6233e2c636ff9e16603e617d1c20455c72ec923/0_496_3000_1799/500.jpg
14-12-2017,"Australian woman Sarah Moses and son, 3, stabbed to death in Kiribati","Man arrested after Moses, formerly of Hobart, and her son Jack found dead in their Betio home",https://www.theguardian.com/world/2017/dec/14/australian-woman-sarah-moses-and-son-3-stabbed-to-death-on-kiribati,https://media.guim.co.uk/2f08c672f32b21092c271fb6154662c922c14ae2/0_97_989_593/500.jpg
15-12-2017,Church of England to apologise over George Bell abuse allegations,Church to release conclusions of inquiry into handling of sexual abuse case. Critics say they ruined former bishop’s reputation,https://www.theguardian.com/world/2017/dec/15/church-of-england-to-apologise-over-george-bell-abuse-allegations,https://media.guim.co.uk/b43b13b8e14d0e2880477c3b5e40669675e81fee/0_209_2161_1295/500.jpg
16-12-2017,Ovid's exile to the remotest margins of the Roman empire revoked,"Rome city council overturns banishment of ‘one of the greatest poets’ more than 2,000 years after Augustus forced him to leave",https://www.theguardian.com/world/2017/dec/16/ovids-exile-to-the-remotest-margins-of-the-roman-empire-revoked,https://media.guim.co.uk/94ff1daa7e7b8e515e4157de0d9014b5af607e80/271_369_3863_2318/500.jpg
17-12-2017,Catalan left seeks socialist coalition as crucial election looms,Leader of Catalan Podemos party pledges a new start for region with a government that represents ‘plurinational’ population,https://www.theguardian.com/world/2017/dec/17/catalan-elections-leftwing-coalition-new-start,https://media.guim.co.uk/f7ed10ccb7516892c3fa7021fb54168129a7692f/0_117_3407_2044/500.jpg
18-12-2017,$300m French chateau bought by Saudi prince linked to Leonardo purchase – report,"Vast property west of Paris is a new-build that looks like a 17th century palace and boasts a cinema, deluxe swimming pool and glass-bottomed moat ",https://www.theguardian.com/world/2017/dec/18/300m-french-chateau-bought-by-saudi-prince-linked-to-da-vinci-purchase-report,https://media.guim.co.uk/e1c60bb654dc2ec6f3d4600631a2d7a77d585cf3/0_60_1267_760/500.jpg
19-12-2017,Western leaders told to stop 'stoking the flames of war' in Yemen,"Generals, politicians and celebrities say US, France and UK must use their UN security council seats to ease humanitarian crisis",https://www.theguardian.com/world/2017/dec/19/western-leaders-told-to-stop-stoking-the-flames-of-war-in-yemen,https://media.guim.co.uk/18333773d93305be2854ad4c707cf85d1908cbe9/0_308_3500_2100/500.jpg
20-12-2017,'Like a toilet brush': anger in Rome over city's lacklustre Christmas tree,"Tree has been dubbed ‘spelacchio’, meaning bald or mangy, after it lost most of its pine needles ",https://www.theguardian.com/world/2017/dec/20/toilet-brush-anger-rome-city-lacklustre-christmas-tree,https://media.guim.co.uk/796a1e085e5aa7cccef746f5bc13ba6654aacc42/0_232_3500_2101/500.jpg
21-12-2017,"Second North Korean soldier in weeks defects to South, say reports","Serviceman turns up at border post in DMZ, Yonhap news agency reports, in fresh embarrassment for Pyongyang",https://www.theguardian.com/world/2017/dec/21/second-north-korean-soldier-defects-south,https://media.guim.co.uk/c219ecd10497b2a2cb1ea7cf5391d53f23e177f6/0_7_2200_1320/500.jpg
22-12-2017,South Korea sports centre fire causes at least 29 deaths,Fire department says number of casualties could rise after search of building that houses swimming pool and restaurants,https://www.theguardian.com/world/2017/dec/21/south-korea-sports-centre-fire-causes-at-least-29-deaths,https://media.guim.co.uk/5e5ef516117fed3621ba2a85898c70e47c051d53/0_217_3522_2113/500.jpg
23-12-2017,"From Trump to Brexit, 2017 was the mourning after the year before","The two seismic events of 2016, Brexit and the election of Donald Trump, continued to cause mayhem throughout 2017",https://www.theguardian.com/world/2017/dec/23/from-trump-to-brexit-2017-was-the-mourning-after-the-year-before,https://media.guim.co.uk/d28f8b02a1054d115e0ac05d26edab5a385ca5de/0_137_5145_3087/500.jpg
24-12-2017,Charity launches festive TV ad to challenge view of British Muslims as anti-Christmas,The Penny Appeal commercial explains how the charity is helping poor and homeless across the UK for a few pence each day,https://www.theguardian.com/world/2017/dec/24/penny-appeal-muslim-charity-christmas,https://media.guim.co.uk/3c5a4c61996ce4f7f4cf64575a30cca997f8f93b/0_109_3266_1959/500.jpg
25-12-2017,"Peru's jailed ex-president Alberto Fujimori pardoned, sparking protests","Christmas Eve pardon enrages critics, who say president Pedro Pablo Kuczynski has ‘bartered his political survival for the dictator’s freedom’",https://www.theguardian.com/world/2017/dec/25/perus-jailed-ex-president-alberto-fujimori-pardoned-sparking-protests,https://media.guim.co.uk/ef7991c012942a4a516df7c770b44f90d9e67cea/0_214_5184_3110/500.jpg
26-12-2017,Chinese human rights activist jailed for eight years for subversion,"Wu Gan found guilty after being detained for two years, while fellow activist Xie Yang escaped jail after pleading guilty",https://www.theguardian.com/world/2017/dec/26/chinese-human-rights-lawyer-jailed-for-eight-years-for-subversion,https://media.guim.co.uk/36b1ce0cc00f0b959e8bf8ce69c3059450f09257/0_24_1150_690/500.jpg
27-12-2017,'Honour' killings in Karachi shock Pakistan's largest city,Murders of teenagers show that poor communities in cities are becoming more entrenched in conservative values,https://www.theguardian.com/world/2017/dec/27/honour-killings-in-karachi-shock-pakistans-largest-city,https://media.guim.co.uk/f889458855983cb924361fd962915d02464ca02a/0_77_6016_3609/500.jpg
28-12-2017,Fears of another Fukushima as Tepco plans to restart world's biggest nuclear plant,"Consent given to turn reactors at the massive Kashiwazaki-kariwa plant back on, but Japanese worry over active fault lines and mismanagement",https://www.theguardian.com/world/2017/dec/28/fears-of-another-fukushima-as-tepco-plans-to-restart-worlds-biggest-nuclear-plant,https://media.guim.co.uk/ee6418fce3845626d80a73a2613b2ec3f906a8c1/0_175_2954_1773/500.jpg
29-12-2017,Treated 'worse than animals': thousands of Indian women feared trapped in ashrams,Nearly 250 women and 48 girls so far found confined behind gates in properties belonging to the Adhyatmik Vishwa Vidyalaya religious organisation,https://www.theguardian.com/world/2017/dec/29/india-ashrams-thousands-women-feared-trapped-adhyatmik-vishwa-vidyalaya,https://media.guim.co.uk/53035b027266a3eab11fed759cf2ce6a69ad2b8d/0_173_5120_3071/500.jpg
30-12-2017,Australian air force put on alert after Russian long-range bombers headed south,Russia thought to be extending its Pacific influence after nuclear-capable aircraft carry out military exercises in Indonesia,https://www.theguardian.com/world/2017/dec/30/australian-military-alert-russia-bombers-indonesia-exercises,https://media.guim.co.uk/9bfc43b3253c613725fc0327decc5a50707b6a3e/56_0_2786_1673/500.jpg
31-12-2017,Let’s make 2018 the year that Britain becomes a kinder place | Letters,We should cherish the extraordinary deeds that ordinary people are performing,https://www.theguardian.com/theobserver/2017/dec/31/let-us-make-2018-the-year-that-britain-became-a-kinder-place,https://media.guim.co.uk/1e84278de71e18334c0b1d11ef9ad136f432cf29/619_755_5141_3085/500.jpg
