date (dd-mm-yyyy),webTitle,short_description,webUrl,imageUrl
01-01-2015,Arrival of new year marked with revelry and marred by tragedy,"2015 begins with fireworks in New Zealand and Moscow and muted celebrations in Indonesia, while China is shaken by the deaths of 35 people in a Shanghai stampede",https://www.theguardian.com/world/2015/jan/01/new-year-world-revelry-tragedy-fireworks-shanghai-london,https://static.guim.co.uk/sys-images/Guardian/Pix/pictures/2015/1/1/1420074602842/A-stampede-kills-35-in-Sh-011.jpg
02-01-2015,What Guardian US arts critics are most looking forward to in 2015,Guardian US critics: our cultural new year’s resolutions<br>,https://www.theguardian.com/world/2015/jan/02/arts-critics-2015-star-wars-kazuo-ishiguro,https://static.guim.co.uk/sys-images/Guardian/Pix/pictures/2014/12/19/1418953609813/7b303ff1-a1a1-44ce-aad9-dc4ee7b0946b-460x276.jpeg
03-01-2015,2015: the year ahead for art in London,Rubens | Goya | Barbara Hepworth | Joseph Cornell | Ai Weiwei | Charles And Ray Eames | Eddie Peake | Alexander Calder<br>,https://www.theguardian.com/world/2015/jan/03/2015-the-year-ahead-for-art-in-london,https://static.guim.co.uk/sys-images/Guardian/Pix/pictures/2014/12/23/1419349756075/d1d4021b-ad88-4c10-b512-d016552359f4-460x276.jpeg
04-01-2015,Dresden crowds tell a chilling tale of Europe’s fear of migrants,"As Angela Merkel heads to London, tens of thousands are expected to mass tomorrow in Dresden in support of the Pegida far-right party. <strong>Kate Connolly</strong> reports",https://www.theguardian.com/world/2015/jan/04/dresden-germany-far-right-pegida,https://static.guim.co.uk/sys-images/Guardian/Pix/pictures/2015/1/3/1420302818077/Participants-hold-German--011.jpg
05-01-2015,Tony Abbott assures Iraqi PM Australia will be 'a strong partner' against Isis,"During visit to Baghdad, the prime minister gives another $5m in humanitarian aid, and talks to ADF troops ",https://www.theguardian.com/world/2015/jan/05/tony-abbott-assures-iraqi-pm-australia-will-be-a-strong-partner-against-isis,https://static.guim.co.uk/sys-images/Guardian/Pix/pictures/2015/1/5/1420420038821/46a91e39-753f-43b0-a6ed-0cf9754338e5-460x276.jpeg
06-01-2015,Thousands flee as Boko Haram seizes military base on Nigeria border,"Scores of soldiers and civilians killed, with around 300 still unaccounted for, as insurgents storm village of Baga",https://www.theguardian.com/world/2015/jan/05/boko-haram-key-military-base-nigeria-chad-border,https://media.guim.co.uk/2eadf767eaefa4398ee2107576fe726d64805ae4/0_26_3540_2124/500.jpg
07-01-2015,Cameron’s call for EU reform on agenda for talks during Merkel’s visit,Berlin fears demand for treaty change goes too far as Polish minister warns plans risk destroying eurozone and EU,https://www.theguardian.com/world/2015/jan/07/cameron-call-eu-reform-agenda-talks-merkel,https://static.guim.co.uk/sys-images/Guardian/Pix/pictures/2015/1/6/1420579746492/David-Cameron-and-Angela--011.jpg
08-01-2015,Charlie Hebdo magazine attack: vigils held as French hunt suspects – as it happened,Live updates as gunmen on the run after attacking offices of French magazine ,https://www.theguardian.com/world/live/2015/jan/07/shooting-paris-satirical-magazine-charlie-hebdo,https://static.guim.co.uk/sys-images/Guardian/Pix/pictures/2015/1/7/1420630225234/2053cc74-0277-4c73-a835-1ed4fa652d23-460x276.jpeg
09-01-2015,"Charlie Hebdo killings must not lead to self-censorship, Tony Abbott urges","Australian PM stands up for free speech, saying: ‘We should not stop being ourselves because of this kind of attack’",https://www.theguardian.com/world/2015/jan/09/charlie-hebdo-killings-must-not-lead-to-self-censorship-tony-abbott-urges,https://media.guim.co.uk/04c7a7e378295fcd8ae5f1b05c7f84ea283f030b/148_1455_1954_1174/500.jpg
10-01-2015,Charlie Hebdo: officials establish link between gunmen in both attacks — as it happened,Follow live updates as gunmen in Paris supermarket siege and outside city killed,https://www.theguardian.com/world/live/2015/jan/09/charlie-hebdo-manhunt-kouachi-terrorist-links-live-updates,https://static.guim.co.uk/sys-images/Guardian/Pix/pictures/2015/1/9/1420839280786/2be8ef48-13ba-4d0b-ae31-146154ada98a-460x276.jpeg
11-01-2015,‘France will shout its love for liberty and tolerance. Come in numbers’,One million expected in Paris as a country unites in grief and defiance,https://www.theguardian.com/world/2015/jan/11/france-love-for-liberty-and-tolerance,https://static.guim.co.uk/sys-images/Guardian/Pix/pictures/2015/1/10/1420916949281/Silent-marchers-hold-alof-011.jpg
12-01-2015,Paris gunman Amedy Coulibaly declared allegiance to Isis,"In video, Coulibaly says he coordinated attacks with Chérif and Saïd Kouachi, but it is clear they followed different factions",https://www.theguardian.com/world/2015/jan/11/paris-gunman-amedy-coulibaly-allegiance-isis,https://static.guim.co.uk/sys-images/Guardian/Pix/pictures/2015/1/11/1421003203994/Amedy-Coulibaly-009.jpg
13-01-2015,Wikileaks for Africa? Introducing Afrileaks,"A new service launching today hopes to safely connect whistleblowers with investigative journalists, encouraging a ‘new culture of accountability and justice’ across the continent",https://www.theguardian.com/world/2015/jan/13/wikileaks-for-africa-introducing-afrileaks,https://static.guim.co.uk/sys-images/Guardian/Pix/pictures/2015/1/12/1421087223982/d0f214b1-4d7a-43b0-8ee2-83fd1fa298ec-460x276.jpeg
14-01-2015,"Almost half of Britons hold antisemitic view, poll suggests",YouGov study surveys attitudes towards British Jews on subjects ranging from power in the media to conduct in business,https://www.theguardian.com/world/2015/jan/14/uk-jewish-antisemitism-rise-yougov-poll,https://static.guim.co.uk/sys-images/Guardian/Pix/pictures/2015/1/14/1421195485958/Jewish-Community-In-Stamf-011.jpg
15-01-2015,Hundreds of Iranian students shave their heads after teacher diagnosed with cancer,"Students of Mohammad Reza Ghaderi, a former top cyclist and national champion, cut their hair in solidarity ",https://www.theguardian.com/world/2015/jan/15/hundreds-of-iranian-students-shave-their-heads-after-teacher-diagnosed-with-cancer,https://static.guim.co.uk/sys-images/Guardian/Pix/pictures/2015/1/15/1421284059537/0e6b193c-4bae-4c9e-9df7-b6bee75d1767-460x276.jpeg
16-01-2015,Indonesia would face 'wave of revulsion' if it executes two members of Bali Nine,Calls for Australian government to make new appeal to Jakarta after news that Myuran Sukumaran and Andrew Chan would be killed together by firing squad,https://www.theguardian.com/world/2015/jan/16/indonesia-would-face-wave-of-revulsion-if-it-executes-two-members-of-bali-nine,https://static.guim.co.uk/sys-images/Guardian/Pix/pictures/2015/1/16/1421380679943/135da536-1e3d-41e0-af4e-ecd89a90f550-460x276.jpeg
17-01-2015,Four dead in Niger as Charlie Hebdo cartoon sparks protests,"Depiction of prophet Muhammad in French magazine also leads to violent reaction in Pakistan, Jordan and Algeria",https://www.theguardian.com/world/2015/jan/16/pakistan-police-clash-anti-charlie-hebdo-protesters,https://static.guim.co.uk/sys-images/Guardian/Pix/pictures/2015/1/16/1421406539575/Anti-Charlie-Hebdo-protes-011.jpg
18-01-2015,"Seventy years after the guards fled, Auschwitz’s keepers confront their role","Amid the absurdities of modern tourism, the Auschwitz museum is tackling the delicate task of including the Nazis’ role for the first time, writes <strong>Emma Graham-Harrison</strong>",https://www.theguardian.com/world/2015/jan/18/auschwitz-custodians-confront-role-of-nazis,https://static.guim.co.uk/sys-images/Guardian/Pix/pictures/2015/1/17/1421508729735/The-entrance-to-the-forme-007.jpg
19-01-2015,Homeless of Nairobi: Facebook project gives rough sleepers a voice,"Sham Patel gave little thought to people living on the streets of Kenya’s capital until a chance encounter. Now, he gathers photos and stories to help shine a light on their lives",https://www.theguardian.com/world/2015/jan/19/-sp-homeless-nairobi-facebook-project-gives-rough-sleepers-voice,https://static.guim.co.uk/sys-images/Guardian/Pix/pictures/2015/1/17/1421496105392/0309eacc-08d4-4a93-a5cc-7e3aaa34324c-460x276.jpeg
20-01-2015,Alberto Nisman’s death highlights failures of Argentinian investigation,Fate of prosecutor who claimed cover-up of 1994 bombing came from on high described as fresh attack on Jewish community,https://www.theguardian.com/world/2015/jan/20/alberto-nisman-death-highlights-failures-argentina,https://static.guim.co.uk/sys-images/Guardian/About/General/2015/1/20/1421714893431/Anti-government-protests--011.jpg
21-01-2015,Houthi rebels seize Yemen president’s palace and shell home,Fate of President Abed Mansour Hadi remains unclear as violence in capital Sana’a escalates<br />,https://www.theguardian.com/world/2015/jan/20/houthi-rebels-seize-yemen-presidential-palace,https://static.guim.co.uk/sys-images/Guardian/Pix/pictures/2015/1/20/1421765969987/Shia-Houthi-rebels-near-t-011.jpg
22-01-2015,North Korea seeks foreign volunteers to teach tourism students,A new travel scheme will allow English-speakers to apply for placements in Pyongyang to help educate the secretive country’s future tour guides,https://www.theguardian.com/world/2015/jan/22/-sp-volunteers-teach-tourism-north-korea,https://static.guim.co.uk/sys-images/Guardian/Pix/pictures/2015/1/21/1421849349177/9455e615-96e0-450a-ae3e-e173c8fe526d-460x276.jpeg
23-01-2015,Thousands gather in 'March for Life' as activists seek to halt abortion 'through prayer',"People from all over the US gather each year for the march, but many of this year’s rally had simply gathered to pray with like-minded individuals ",https://www.theguardian.com/world/2015/jan/22/march-for-life-activists-washington-prayer,https://static.guim.co.uk/sys-images/Guardian/Pix/pictures/2015/1/22/1421970790909/213b86af-dda1-47c0-b5ad-23b76dbab5fa-460x276.jpeg
24-01-2015,George Brandis says Isis recruitment of Australian fighters continues,Australians are continuing to head to Syria and Iraq to fight with Islamic State despite the government’s new security laws,https://www.theguardian.com/world/2015/jan/24/george-brandis-says-isis-recruitment-of-australian-fighters-continues,https://static.guim.co.uk/sys-images/Guardian/Pix/pictures/2015/1/24/1422078451226/6da46398-5018-472c-86bb-1061c957ef77-460x276.jpeg
25-01-2015,The secret world of Isis training camps  – ruled by sacred texts and the sword,"<strong>Hassan Hassan:</strong> In a chilling report, we reveal how the terror group recruits and retains its members through zealotry, rhetoric and obscure theology",https://www.theguardian.com/world/2015/jan/25/inside-isis-training-camps,https://static.guim.co.uk/sys-images/Guardian/Pix/pictures/2015/1/24/1422116093207/Isis-members-in-Aleppo-Sy-011.jpg
26-01-2015,Greece elections: anti-austerity Syriza party sweeps to stunning victory,"Alexis Tsipras’s leftwing party finish eight points clear of the incumbent conservatives, New Democracy<br />",https://www.theguardian.com/world/2015/jan/25/greece-election-vote-austerity-leftwing-syriza-eu,https://static.guim.co.uk/sys-images/Guardian/Pix/pictures/2015/1/25/1422184470950/52aca98f-cb41-4940-b514-8518b815e79b-460x276.jpeg
27-01-2015,Barack Obama to miss ceremony marking the liberation of Auschwitz,US president faces stiff Republican criticism for not attending 70th anniversary of death camp’s liberation <em></em>,https://www.theguardian.com/world/2015/jan/27/barack-obama-to-miss-ceremony-marking-the-liberation-of-auschwitz,https://static.guim.co.uk/sys-images/Guardian/Pix/pictures/2015/1/26/1422316449602/bf4da15d-c0c9-4824-9f3b-f3e0b8ac3aa1-460x276.jpeg
28-01-2015,Strong dollar threatens debt crisis in sub-Saharan Africa,ODI thinktank warns of risk of debt defaults as countries face $10.8bn in extra currency costs,https://www.theguardian.com/world/2015/jan/28/strong-dollar-threatens-sub-saharan-africa-debt-crisis,https://static.guim.co.uk/sys-images/Guardian/About/General/2015/1/27/1422382878770/People-gather-at-Balogun--011.jpg
29-01-2015,Son faces questioning over triple family killing in South Africa – reports,Three members of the van Breda family are found dead and another is critically ill following attack at golfing estate east of Cape Town,https://www.theguardian.com/world/2015/jan/29/three-members-family-killed-apparent-axe-attack-home-south-africa,https://static.guim.co.uk/sys-images/Guardian/Pix/pictures/2015/1/29/1422506256307/2ce54941-97f5-4e3b-8c95-a7adb0716ef5-460x276.jpeg
30-01-2015,Delhi woman sues Uber for 'negligence and fraud' after alleged rape,"Service essentially ‘modern day electronic hitchhiking’, says lawyer; he hopes lawsuit will protect others facing ‘serious risks’ from company<br>",https://www.theguardian.com/world/2015/jan/29/delhi-woman-sues-uber-rape-negligence,https://static.guim.co.uk/sys-images/Guardian/Pix/pictures/2015/1/29/1422569484932/ac48c213-2994-4fe7-ac2b-e66c216603d0-460x276.jpeg
31-01-2015,"Isis weapons engineer killed in airstrike in Iraq, claims US military","Senior militant Abu Malik involved in weaponizing chemicals at Saddam Hussein’s former weapons complex, says US Central Command",https://www.theguardian.com/world/2015/jan/31/senior-isis-militant-weapons-killed-abu-malik-airstrike-us-mosul-iraq,https://static.guim.co.uk/sys-images/Guardian/Pix/pictures/2015/1/31/1422663237592/Chemical-weapons-Muthanna-006.jpg
01-02-2015,"Barricades down, ties off: welcome to Greece’s style revolution",Last weekend a fresh generation of radicals swept a leftwing party to power. We pick out the key moments that symbolise the birth of the new order,https://www.theguardian.com/world/2015/feb/01/welcome-to-greece-style-revolution-syriza,https://static.guim.co.uk/sys-images/Observer/Pix/pictures/2015/1/31/1422727126452/Alexis-Tsipras-005.jpg
02-02-2015,Front National wins first round of French byelection,Nicolas Sarkozy’s UMP must now whether decide to form strategic alliance with socialists to keep out far-right party,https://www.theguardian.com/world/2015/feb/02/front-national-wins-first-round-byelection,https://static.guim.co.uk/sys-images/Guardian/Pix/pictures/2015/2/2/1422840070303/Sophie-Montel-Jacques-Ric-005.jpg
03-02-2015,Opportunities and fears as Asean prepares for single market,"While 10-member bloc of south-east Asian nations anticipate investment riches, observers say communities may be sacrificed for big business",https://www.theguardian.com/world/2015/feb/03/opportunities-fears-asean-prepares-single-market,https://static.guim.co.uk/sys-images/Guardian/Pix/pictures/2015/2/3/1422954650398/5467d7a4-113c-4d7d-b62d-7748bf46d96d-460x276.jpeg
04-02-2015,Isis video shows Jordanian hostage being burned to death,Jordanian government vows ‘punishment and revenge’ after pilot Muadh al-Kasasbeh was set alight while locked in a cage,https://www.theguardian.com/world/2015/feb/03/isis-video-jordanian-hostage-burdning-death-muadh-al-kasabeh,https://static.guim.co.uk/sys-images/Guardian/Pix/pictures/2015/2/3/1422985035398/Muadh-al-Kasasbeh-005.jpg
05-02-2015,Antisemitic attacks in UK at highest level ever recorded,"Community Security Trust recorded 1,168 incidents against Britain’s Jewish population in 2014, more than double that of the previous year",https://www.theguardian.com/world/2015/feb/05/antisemitic-attacks-uk-community-security-trust-britain-jewish-population,https://static.guim.co.uk/sys-images/Guardian/Pix/pictures/2015/2/4/1423075095466/Holocaust-Memorial-Day-po-005.jpg
06-02-2015,Sri Lanka approves Chinese port project to avoid 'misunderstanding' with Beijing,Decision to allow project taken despite previous opposition ,https://www.theguardian.com/world/2015/feb/06/sri-lanka-approves-chinese-port-project-to-avoid-misunderstanding-with-beijing,https://static.guim.co.uk/sys-images/Guardian/Pix/pictures/2015/2/5/1423180600266/e53ae76e-8e3a-4963-9802-f6d6d1e7dfa6-460x276.jpeg
07-02-2015,Charisma and stability were Gusmao's hallmarks. He won't allow his departure to ruin that | Damien Kingsbury,"East Timor is still finding its way along a difficult post-independence path. Xanana Gusmao, a cult-like figure, will remain close to power even after his resignation",https://www.theguardian.com/world/2015/feb/07/charisma-and-stability-were-gusmaos-hallmarks-he-wont-allow-his-departure-to-ruin-that,https://static.guim.co.uk/sys-images/Guardian/Pix/pictures/2015/2/6/1423215921191/99342300-1e24-478a-b486-7a503811bd4c-460x276.jpeg
08-02-2015,Brutal killing of a samba ‘queen’ exposes dark world behind the glitter of carnival,"Tourists love Brazil’s glamour, but the murder of a transvestite has revealed the drug gang violence and transphobia below the surface",https://www.theguardian.com/world/2015/feb/08/rio-de-janeiro--transvestite-dancer-dead-hate-crime-carnival-favelas-sexuality,https://static.guim.co.uk/sys-images/Guardian/Pix/pictures/2015/2/6/1423265462613/Dancers-from-the-Beija-Fl-005.jpg
09-02-2015,Bali Nine members appeal against Joko Widodo's refusal to grant clemency,Lawyers for Andrew Chan and Myuran Sukumaran are making a rare appeal against the Indonesian president’s decision,https://www.theguardian.com/world/2015/feb/09/bali-nine-members-appeal-against-joko-widodos-refusal-to-grant-clemency,https://static.guim.co.uk/sys-images/Guardian/Pix/pictures/2015/2/9/1423453814441/7038096f-fdb2-464e-914d-ca5fbfb22f71-460x276.jpeg
10-02-2015,Hong Kong maid's employer found guilty of severe physical abuse,Law Wan-tung convicted after former domestic helper Erwiana Sulistyaningsih complained of torture and unpaid wages,https://www.theguardian.com/world/2015/feb/10/hong-kong-maids-employer-found-guilty-of-abuse,https://static.guim.co.uk/sys-images/Guardian/Pix/pictures/2015/2/10/1423540256384/b4ed11cd-db02-4f00-909d-c031bb36c123-460x276.jpeg
11-02-2015,Kayla Mueller mourned by US town of Prescott as family confirms death,"Most residents of small Arizona town had not known she was a hostage of Isis in Syria, but now they have learned she is lost forever<br>",https://www.theguardian.com/world/2015/feb/11/prescott-mourns-aid-worker-kayla-mueller-as-family-confirms-her-death,https://static.guim.co.uk/sys-images/Guardian/Pix/pictures/2015/2/11/1423613878556/e8843ba6-53db-4079-a9df-912b026735dd-460x276.jpeg
12-02-2015,Greece and eurozone in stalemate over debt burden,First serious negotiations between country and EU finance ministers fail even to build framework for future talks<br>,https://www.theguardian.com/world/2015/feb/12/greece-eurozone-debt-stalemate,https://static.guim.co.uk/sys-images/Guardian/Pix/pictures/2015/2/12/1423702079720/46f50d09-3da4-48fb-bbc5-09df1ad256d1-460x276.jpeg
13-02-2015,Julie Bishop says executing Bali Nine pair might hurt Australian tourism to Indonesia,"Foreign minister says Australians will demonstrate ‘deep disapproval’ of Indonesia’s actions, including by making decisions about their holidays",https://www.theguardian.com/world/2015/feb/13/chan-and-sukumaran-way-cleared-for-transfer-from-bali-jail-ahead-of-execution,https://static.guim.co.uk/sys-images/Guardian/Pix/pictures/2015/2/12/1423785125494/4f71cbcb-d4bc-447a-9db0-fd41b105f8e5-460x276.jpeg
14-02-2015,Ban Ki-moon makes plea to Indonesia over executions,"UN ‘opposes death penalty in all circumstances’, says secretary general, while Tony Abbott says Indonesia should heed Australia’s appeals for clemency",https://www.theguardian.com/world/2015/feb/14/tony-abbott-calls-on-indonesia-not-to-execute-bali-nine-pair,https://static.guim.co.uk/sys-images/Guardian/Pix/pictures/2015/2/14/1423887584731/bb5191a4-fea5-4168-b3e4-b5981322a823-460x276.jpeg
15-02-2015,We cannot allow censorship and silencing of individuals | letters,Letters: Universities have a particular responsibility to resist this kind of bullying,https://www.theguardian.com/theobserver/2015/feb/14/letters-censorship,https://static.guim.co.uk/sys-images/Guardian/Pix/pictures/2015/2/13/1423847250228/Germaine-Greer-has-faced--005.jpg
16-02-2015,China's urban sprawl raises key question: can it feed its people?,Plans for air hub twice the size of Heathrow will destroy hundreds of farms near Beijing as observers warn unchecked urbanisation will affect food production<br>,https://www.theguardian.com/world/2015/feb/16/china-mega-airport-symbol-flight-agriculture-urbanisation,https://static.guim.co.uk/sys-images/Guardian/Pix/pictures/2015/2/13/1423853616966/1a35e316-2fe5-43e0-a98a-368f0150f9ad-460x276.jpeg
17-02-2015,Bali Nine: Indonesia denies Bishop's claim of death penalty double standards,"Indonesian foreign ministry criticises Australia for not acting sooner to protect its citizens, instead waiting until after a court decision had been made",https://www.theguardian.com/world/2015/feb/17/bali-nine-indonesia-denies-bishops-claim-of-death-penalty-double-standards,https://media.guim.co.uk/29c554590467190fe29131449ed27db8ca832fd7/0_53_2400_1440/500.jpg
18-02-2015,Sayed Abdellatif's Egyptian lawyer holds little hope for retrial,"The Egyptian asylum seeker, and his family, languish in indefinite detention in Sydney based on his convictions handed down in absentia in 1999 ",https://www.theguardian.com/australia-news/2015/feb/18/sayed-abdellatifs-egyptian-lawyer-holds-little-hope-for-retrial,http://static.guim.co.uk/sys-images/Guardian/Pix/pictures/2015/2/18/1424223503875/b872b7a1-2f37-4a75-97ea-8f783b0269f1-460x276.jpeg
19-02-2015,Tony Abbott denies tsunami aid comments were a threat,"In response to the strong and negative response from Indonesia, the prime minister said he had been talking about the countries’ shared friendship",https://www.theguardian.com/australia-news/2015/feb/19/tony-abbott-denies-tsunami-aid-comments-were-a-threat,https://static.guim.co.uk/sys-images/Guardian/Pix/pictures/2015/2/19/1424308902309/b09adac7-62c8-4528-88c9-9554b9605730-460x276.jpeg
20-02-2015,Irish voters to decide on same-sex marriage in May referendum,"While the referendum enjoys cross-party support, the Catholic church has opposed legalising same-sex unions in the Republic",https://www.theguardian.com/world/2015/feb/20/irish-voters-to-decide-on-same-sex-marriage-in-may-referendum,https://static.guim.co.uk/sys-images/Guardian/Pix/pictures/2015/2/20/1424394088511/53a1a15d-0fb7-4ae3-83d4-d6df183479f2-460x276.jpeg
21-02-2015,Hundreds evacuated after fire in Dubai skyscraper,Residents of nearby buildings also told to leave as precautionary measure after blaze breaks out in the Torch in the city’s Marina district<br>,https://www.theguardian.com/world/2015/feb/21/fire-dubai-skyscraper-evacuation,https://static.guim.co.uk/sys-images/Guardian/Pix/pictures/2015/2/21/1424489475493/4f446659-3109-4d20-84f3-32d4f57b2ce3-460x276.jpeg
22-02-2015,Norwich: capital of the church’s radical campaign for country with a conscience,"Bishops have appealed for a ‘fresh moral vision’ in the runup to the election. In Norwich, Anglicans are putting the vulnerable at the heart of their work",https://www.theguardian.com/world/2015/feb/22/norwich-capital-church-of-england-campaign-country-conscience-justin-welby,https://static.guim.co.uk/sys-images/Guardian/Pix/pictures/2015/2/20/1424470722442/Justin-Welby-with-Graham--005.jpg
23-02-2015,A way home for jihadis: Denmark's radical approach to Islamic extremism,"Despite the Copenhagen shootings, programmes such as the Aarhus model for deradicalising extremists are proving effective in Scandinavia",https://www.theguardian.com/world/2015/feb/23/home-jihadi-denmark-radical-islamic-extremism-aarhus-model-scandinavia,https://static.guim.co.uk/sys-images/Guardian/Pix/pictures/2015/2/20/1424439568636/778a61e4-71eb-4cb7-8f65-a0ce49ea95a5-460x276.jpeg
24-02-2015,Rodney Reed: Texas appeals court grants stay of execution,Defence lawyers tell judges that new evidence proves Reed did not murder Stacey Stites in 1996 case and trial testimony was false,https://www.theguardian.com/world/2015/feb/24/rodney-reed-texas-appeals-court-grants-stay-of-execution,https://static.guim.co.uk/sys-images/Guardian/Pix/pictures/2015/2/24/1424744522351/69a692bb-a108-496a-92cc-0cc3e89bc704-bestSizeAvailable.jpeg
25-02-2015,"Asia-Pacific countries most prolific users of death penalty, Amnesty report shows","Human rights report found use of capital punishment has been upheld and even re-emerged in the region, and criticised Australia for its detention of asylum seekers and Indigenous incarceration rates",https://www.theguardian.com/world/2015/feb/25/asia-pacific-countries-most-prolific-users-of-death-penalty-amnesty-report-shows,https://static.guim.co.uk/sys-images/Guardian/Pix/pictures/2015/2/25/1424825547686/b9c47b41-ae43-4a16-a6f2-9f5e8e617f2d-460x276.jpeg
26-02-2015,Paradise jihadis: Maldives sees surge in young Muslims leaving for Syria,"In a country better known for tourism than militancy, radical preaching and social problems are prompting a surge in young men leaving for Syria ",https://www.theguardian.com/world/2015/feb/26/paradise-jihadis-maldives-islamic-extremism-syria,https://static.guim.co.uk/sys-images/Guardian/Pix/pictures/2015/2/26/1424935550760/5a075462-0eca-45e2-b85b-ec228309787e-460x276.jpeg
27-02-2015,"Chile's president 'overcome by emotion' after ill girl, 14, makes euthanasia plea","Government says request is ‘impossible’ but offers counselling and medical support to Valentina Maureira, who has cystic fibrosis",https://www.theguardian.com/world/2015/feb/27/chiles-president-overcome-by-emotion-after-ill-girl-14-makes-euthanasia-plea,https://static.guim.co.uk/sys-images/Guardian/Pix/pictures/2015/2/27/1425011175010/55d81310-4af0-4815-b20c-5902d12eaf8c-460x276.jpeg
28-02-2015,"Russia robbed of a brave, authentic and distinctive voice","The rise and sad demise of Boris Nemtsov, a former Yeltsin loyalist who became a remorseless critic of Putin",https://www.theguardian.com/world/2015/feb/28/russia-robbed-of-a-brave-authentic-and-distinctive-voice,https://static.guim.co.uk/sys-images/Guardian/Pix/pictures/2015/2/28/1425083430176/3a2fa355-6825-4117-8bd6-1e7567604ed1-460x276.jpeg
01-03-2015,UK director gets star backing for ‘daughters of India’ campaign,Drive to tackle violence against women takes title from new UK documentary about case,https://www.theguardian.com/world/2015/mar/01/campaign-to-end-violence-against-women-goes-global,https://static.guim.co.uk/sys-images/Guardian/Pix/pictures/2015/2/28/1425139446785/India-rape-protest-005.jpg
02-03-2015,Churches call government welfare sanctions 'inhumane and un-Christian',Report by religious leaders says Department of Work and Pensions targets vulnerable families to make ideological cuts under guise of regulations,https://www.theguardian.com/world/2015/mar/02/churches-call-government-welfare-sanctions-inhumane-and-un-christian,https://static.guim.co.uk/sys-images/Guardian/Pix/pictures/2015/3/1/1425233989388/4edd91b3-77ec-489b-8ca4-2713ce6cc688-460x276.jpeg
03-03-2015,Migrant detention: Souleymanye's story,"Documentation problems meant that Soulemanye spent three and a half years in UK detention centres, an experience that left him ‘powerless and weak’<br>",https://www.theguardian.com/world/2015/mar/03/migrant-detention-souleymanyes-story,https://static.guim.co.uk/sys-images/Guardian/Pix/pictures/2015/3/2/1425335622320/2834a112-3e4a-43a2-8712-6a9e70d6f8eb-460x276.jpeg
04-03-2015,Bali Nine duo arrive on execution island amid Australian pleas for mercy,Australian foreign minister calls death sentence for Andrew Chan and Myuran Sukumaran ‘unacceptable and unthinking’ as Tony Abbott admits Indonesia’s position is hardening,https://www.theguardian.com/world/2015/mar/04/bali-nine-duo-transferred-for-execution-amid-australian-pleas-for-mercy,https://static.guim.co.uk/sys-images/Guardian/Pix/pictures/2015/3/4/1425441590479/00aa88bc-d2e3-43d5-9ccd-d536b6834224-460x276.jpeg
05-03-2015,Almost 200 refugees on Nauru arrested as police crack down on peaceful protests,"Arrests come after Nauru police warn refugees not to gather in groups, and footage emerges of refugees being assaulted during a demonstration<br>",https://www.theguardian.com/world/2015/mar/04/up-to-70-refugees-nauru-arrested-police-crack-down-peaceful-protests,https://static.guim.co.uk/sys-images/Guardian/Pix/pictures/2015/3/4/1425434550512/6610dff2-979c-40f7-b0de-8989e52cdd95-460x276.jpeg
06-03-2015,Archaeologists find two 'lost cities' deep in Honduras jungle,Archaeological team say they have set foot in a place untouched by humans for at least 600 years in a site that may be the ‘lost city of the monkey god’,https://www.theguardian.com/world/2015/mar/06/archaeologists-find-two-lost-cities-deep-in-honduras-jungle,https://media.guim.co.uk/01534f863bda9fddc9c67fd095865999ba2dc384/0_13_1088_652/500.jpg
07-03-2015,Sanctions target backers of Islamic State and Assad regime,Foreign secretary reveals clampdown on businessmen and companies supporting the shabiha militia and Syrian regime<br>,https://www.theguardian.com/world/2015/mar/07/sanctions-target-backers-of-islamic-state-and-assad-regime,https://media.guim.co.uk/064ce0fd083f72fe8fcc74e87130a345bef0e89d/0_342_5472_3283/500.jpg
08-03-2015,"Win or lose Tikrit, Isis can only be defeated in Iraq by the Sunni","Hassan Hassan: The battle for the Iraqi city seems strategically important. But in this war, appearances can be deceptive",https://www.theguardian.com/world/2015/mar/08/tikrit-isis-can-only-defeated-in-iraq-by-the-sunni,https://static.guim.co.uk/sys-images/Guardian/Pix/pictures/2015/3/7/1425746419012/An-Isis-fighter-takes-par-005.jpg
09-03-2015,Families to visit Bali Nine pair for first time since move to prison island,Andrew Chan and Myuran Sukumaran await outcome of legal appeal while being held on Nusa Kambangan ahead of their scheduled execution,https://www.theguardian.com/world/2015/mar/09/families-to-visit-bali-nine-pair-for-first-time-since-move-to-prison-island,https://media.guim.co.uk/3fc826f88e5df513a934a610c9f715c93d704ea7/0_0_3264_1958/500.jpg
10-03-2015,Indonesia will 'fulfil legal rights' of death row prisoners including Bali Nine duo,Attorney general HM Prasetyo says he will respect court proceedings for the 10 prisoners scheduled to be executed,https://www.theguardian.com/world/2015/mar/10/indonesia-will-fulfil-legal-rights-of-death-row-prisoners-including-bali-nine-duo,https://static.guim.co.uk/sys-images/Guardian/Pix/pictures/2015/3/10/1425951886244/e8354b6a-a21a-4070-95a2-9a02e1999021-460x276.jpeg
11-03-2015,Iran aims to ban vasectomies and cut access to contraceptives to boost births,Amnesty International says bills to reverse progressive family planning laws would reduce Iranian women to ‘baby-making machines’<br>,https://www.theguardian.com/world/2015/mar/11/iran-ban-voluntary-sterilisation-contraceptive-access-block-boost-population,https://static.guim.co.uk/sys-images/Guardian/Pix/pictures/2015/3/10/1426026758895/00714dc7-156d-4e4f-8765-b37f491fba03-460x276.jpeg
12-03-2015,Satellites capture how the lights have gone out in Syria,"Bombings and huge numbers of people fleeing have cut night-time light levels by 83% since 2011, with places such as Aleppo almost entirely dark",https://www.theguardian.com/world/2015/mar/12/satellites-capture-how-the-lights-have-gone-out-in-syria,https://static.guim.co.uk/sys-images/Guardian/Pix/pictures/2015/3/11/1426098838852/16f0d1df-d58c-4b23-a201-ee08f568bc87-460x276.jpeg
13-03-2015,Push for Australia to take salmonella risk from eggs more seriously,"Queensland has recorded 1,895 cases of salmonella so far this year, and authorities say misconceptions about dirty eggs are part of the problem",https://www.theguardian.com/world/2015/mar/13/push-for-australia-to-take-salmonella-risk-from-eggs-more-seriously,https://static.guim.co.uk/sys-images/Guardian/Pix/pictures/2015/3/13/1426228303245/9adcacec-92ad-4613-97ca-1510c0b39430-460x276.jpeg
14-03-2015,Iraqi Sunni preacher calls for end to Shia revenge attacks in Tikrit,<p>Sheikh Abdel Sattar Abdul Jabbar urges authorities to prevent Shia militias from carrying out revenge attacks on Sunnis in Saddam Hussein’s hometown</p>,https://www.theguardian.com/world/2015/mar/14/iraqi-sunni-preacher-end-shia-revenge-attacks-tikrit,https://static.guim.co.uk/sys-images/Guardian/Pix/pictures/2015/3/14/1426294329399/8d7e0678-0c38-45fd-ab8d-c2c682509ec3-460x276.jpeg
15-03-2015,Divers will brave Arctic ice to unlock secret of Franklin’s doomed voyage,"<strong>Robin McKie: </strong>In freezing weather, 170 years after the explorer and his crew vanished, marine experts will explore wreck of the Erebus",https://www.theguardian.com/world/2015/mar/15/divers-unlock-secret-franklin-voyage,https://static.guim.co.uk/sys-images/Observer/Columnist/Columnists/2015/3/13/1426282982114/The-Erebus-left-England-f-005.jpg
16-03-2015,"Porn belongs in the classroom, says Danish professor",Sexologist says discussion with teenagers about the industry would make them more critical consumers,https://www.theguardian.com/culture/2015/mar/16/pornography-belongs-classroom-professor-denmark,https://static.guim.co.uk/sys-images/Guardian/Pix/pictures/2015/3/15/1426444929608/7bc93194-60c3-4852-8e41-66577a5e7c96-460x276.jpeg
17-03-2015,"Gambling problems common among drug traffickers, Victorian report finds","‘In trying to get out of debt problems … these people are getting into serious trouble for drug cultivation,’ sentencing advisory council chief says",https://www.theguardian.com/world/2015/mar/17/gambling-problems-common-among-drug-traffickers-victorian-report-finds,https://media.guim.co.uk/7c5e2125c6aad0ec3c1552cf441f0dd97e1c9bcb/81_748_3373_2024/500.jpg
18-03-2015,"Missouri executes Cecil Clayton, state's oldest death-row inmate",Inmate had appealed on grounds that he was diagnosed as severely mentally impaired,https://www.theguardian.com/world/2015/mar/18/missouri-executes-cecil-clayton-supreme-court,https://static.guim.co.uk/sys-images/Guardian/Pix/pictures/2015/3/17/1426635018234/1306d230-ed0d-449f-8765-da6ac2b2d488-460x276.jpeg
19-03-2015,"Cyclone Pam survivor's harrowing story: 'the noise, the destruction and the wind'",Australian tourist tells of being on one of the Vanuatu islands hardest hit by cyclone Pam and watching as the buildings around him were blown apart,https://www.theguardian.com/world/2015/mar/19/cyclone-pam-survivors-harrowing-story-the-noise-the-destruction-and-the-wind,https://media.guim.co.uk/c3dbca5d86f615db2c01c280d5edfed00daabeca/0_147_1632_980/500.jpg
20-03-2015,EU leaders in Brussels demand Greece produce economic blueprint quickly,<p>Talks end with Angela Merkel affirming government of Alex Tsipras must deliver promised list of structural reforms before further bailout </p>,https://www.theguardian.com/world/2015/mar/19/talks-between-greece-and-key-eu-leaders-unlikely-to-bring-breakthrough,https://static.guim.co.uk/sys-images/Guardian/Pix/pictures/2015/3/19/1426777016673/16addd97-9c03-426e-a34b-7ce668d065a9-460x276.jpeg
21-03-2015,France’s baby boom secret: get women into work and ditch rigid family norms,"Gender equality, pro-child policies and generous childcare provision are all bolstering French fertility rates rather than hindering them",https://www.theguardian.com/world/2015/mar/21/france-population-europe-fertility-rate,https://static.guim.co.uk/sys-images/Guardian/Pix/GWeekly/2015/2/17/1424184513248/Fertility-rate-005.jpg
22-03-2015,British money ‘may be supporting’ executions of drug mules in Saudi Arabia,Prisoners’ rights group calls on Home Office to rethink funding for UN narcotics programme,https://www.theguardian.com/world/2015/mar/22/uk-links-saudi-drug-mule-executions,https://static.guim.co.uk/sys-images/Guardian/Pix/pictures/2015/3/21/1426940229958/Riyadh-Saudi-Arabia.--005.jpg
23-03-2015,Spanish anti-austerity party Podemos wins 15 seats in Andalusia,Regional parliamentary election weakens Spain’s two-party system in Podemos’s first test since ally Syriza won Greek elections<br>,https://www.theguardian.com/world/2015/mar/23/spanish-anti-austerity-party-podemos-wins-15-seats-andalusia,https://static.guim.co.uk/sys-images/Guardian/Pix/pictures/2015/3/23/1427072929568/ec9e00c0-8a11-4c9e-b152-3fda5592033b-460x276.jpeg
24-03-2015,Sequel to Nelson Mandela's Long Walk to Freedom to be published next year,Pan Macmillan announces it has acquired UK and Commonwealth rights to book which is likely to tackle Mandela’s divorce from his second wife Winnie and why he opted to stand down after a single term,https://www.theguardian.com/world/2015/mar/24/nelson-mandela-long-walk-to-freedom-sequel-uk-bookshops,https://static.guim.co.uk/sys-images/Guardian/Pix/pictures/2015/3/23/1427144948712/68de2f7c-7874-4850-aecf-21d55da3d5ff-460x276.jpeg
25-03-2015,Chile abortion arrest: sick woman is reported to police after going to hospital,"Country’s total ban on abortion back in spotlight after doctor reported patient, 25, to police on suspicion of using drug to terminate pregnancy",https://www.theguardian.com/world/2015/mar/25/chile-abortion-arrest-sick-woman-held-after-going-to-hospital-for-help,https://static.guim.co.uk/sys-images/Guardian/Pix/pictures/2015/3/25/1427253742610/09694105-ee08-4701-8b61-b5d030c544f2-460x276.jpeg
26-03-2015,Julie Bishop seeks second term on UN security council for Australia,Foreign minister says she is ‘scoping the opportunities’ for another spell on the 15-member council despite Coalition’s criticism in opposition of first term,https://www.theguardian.com/world/2015/mar/26/julie-bishop-seeks-second-term-on-un-security-council-for-australia,https://media.guim.co.uk/10290548df5f3140b7206c541a7f996640bd8201/0_300_4500_2700/500.jpg
27-03-2015,Tony Abbott seeks advice about cockpit rules in wake of Germanwings crash,It appears there is no specific reference in Australia’s regulations to how many crew members must be present in the cockpit,https://www.theguardian.com/world/2015/mar/27/tony-abbott-seeks-advice-about-cockpit-rules-in-wake-of-germanwings-crash,https://static.guim.co.uk/sys-images/Guardian/Pix/pictures/2015/3/26/1427413723396/d46ca8ce-9927-485e-b3fc-99e2f7ac5417-460x276.jpeg
28-03-2015,Germanwings co-pilot Andreas Lubitz ‘wanted to make everyone remember him’,"Lubitz told his former girlfriend that he wanted to do something to ‘change the system’, Bild reports, as investigators find torn-up sick note covering the day of the crash",https://www.theguardian.com/world/2015/mar/27/germanwings-co-pilot-andreas-lubitzs-background-under-scrutiny,https://static.guim.co.uk/sys-images/Guardian/Pix/pictures/2015/3/27/1427466401508/c6b3239f-b8d9-4743-a3b1-82824142f37a-460x276.jpeg
29-03-2015,"The mystery of flight 9525: a locked door, a silent pilot and a secret history of illness","When the Germanwings Airbus disappeared, Europe was united in grief. Then, as the troubling facts behind the crash emerged, the shock and incredulity grew",https://www.theguardian.com/world/2015/mar/29/germanwings-flight-9525-mystery-locked-door-silent-pilot-history-illness,https://static.guim.co.uk/sys-images/Guardian/Pix/pictures/2015/3/28/1427564901553/Andreas-Lubitz-in-2009-005.jpg
30-03-2015,Jacky Green: 'Nothing has really changed since whitefellas came. First it was horses now bulldozers',"The Garrwa artist and activist talks about the politics of his art, big mining on his ancestral lands, and how history consistently conspires to dispossess Indigenous peoples",https://www.theguardian.com/world/2015/mar/30/jacky-green-nothing-has-really-changed-since-whitefellas-came-first-it-was-horses-now-bulldozers,https://static.guim.co.uk/sys-images/Guardian/Pix/pictures/2015/3/30/1427679728538/cc217160-6075-4b65-b89a-a71ff606fea6-460x276.jpeg
31-03-2015,Australia's immigration department bans email autocomplete after G20 leak,"Officials scramble to respond after blunder reveals passport numbers, visa details and other personal information about leaders including Barack Obama and Angela Merkel",https://www.theguardian.com/world/2015/mar/31/australian-immigration-department-bans-email-auto-correct-after-g20-leak,https://static.guim.co.uk/sys-images/Guardian/Pix/pictures/2015/3/30/1427752547429/4492d223-b6b8-4fd8-bc96-2a7e56ab07fb-460x276.jpeg
01-04-2015,Rise in death sentences worldwide blamed on security crackdowns,"Amnesty International condemns ‘shameful’ figures, with most of the increase coming in Nigeria and Egypt",https://www.theguardian.com/world/2015/apr/01/rise-death-sentences-worldwide-security-amnesty-international-nigeria-egypt,https://static.guim.co.uk/sys-images/Guardian/Pix/pictures/2015/3/30/1427732547654/7d76fc71-5642-4610-83bb-8f62114e5c2f-460x276.jpeg
02-04-2015,Nigerian election winner vows to crush Boko Haram insurgency,Muhammadu Buhari says government faces ‘tough and urgent job’ to tackle Islamist group and will also work to eradicate corruption ,https://www.theguardian.com/world/2015/apr/01/nigerian-election-winner-muhammadu-buhari-boko-haram,https://static.guim.co.uk/sys-images/Guardian/Pix/pictures/2015/4/1/1427912344636/ca93aaaf-5877-42ca-9673-73a9376cb480-460x276.jpeg
03-04-2015,Afro-bian to 'parking lot pimping': Africa's alternative music scenes,DJ Edu travelled the continent meeting musicians at the forefront of dance. In an exclusive playlist he shares the tracks dominating the club scenes,https://www.theguardian.com/world/2015/apr/03/africas-club-scene-dj-edu,https://static.guim.co.uk/sys-images/Guardian/Pix/pictures/2015/4/2/1427985051572/398a3cad-8862-4fac-923d-e42f92f36bd5-460x276.jpeg
04-04-2015,From riots to sanctions: a short history of North Korean football,A 2005 World Cup qualifier sparked unprecedented levels of unrest in Pyongyang but the passion has dwindled since. NK News reports on a game reduced to a political pawn ,https://www.theguardian.com/world/2015/apr/04/football-north-korea-riots-sanctions,https://static.guim.co.uk/sys-images/Guardian/Pix/pictures/2015/4/1/1427900886728/92315657-73af-4888-8876-e3db3ece8b7a-460x276.jpeg
05-04-2015,Labor calls for disability commissioner after cage built for special needs student,"Bill Shorten wants role of disability commissioner, vacant since July, reinstated as former commissioner says cage in classroom ‘not an isolated incident’",https://www.theguardian.com/society/2015/apr/05/labor-calls-for-disability-commissioner-after-cage-built-for-special-needs-student,https://media.guim.co.uk/50b73d85d5c19985dbf088b2d0797b030ca29c17/0_0_3500_2102/500.jpg
06-04-2015,Greek political unrest and deepening debt crisis fuel talk of snap election,Yanis Varoufakis assures IMF’s Christine Lagarde that Athens will repay €450m loan on Thursday as pressure mounts over slow-moving negotiations<br>,https://www.theguardian.com/world/2015/apr/05/greek-finance-minister-informal-talks-imf-greek-debt-crisis,https://media.guim.co.uk/4ac60aab72e43a411c14cfd14786ab7f01017069/0_79_2219_1331/500.jpg
07-04-2015,Money crisis in Crimea: how sanctions against Russia have made cash king,"International credit cards have pulled out but Russian banks don’t dare move in, meaning banknotes and an untested system called Pro-100 are the only ways to pay",https://www.theguardian.com/world/2015/apr/07/money-crisis-in-crimea-how-sanctions-against-russia-have-made-cash-king,https://static.guim.co.uk/sys-images/Guardian/Pix/pictures/2015/3/25/1427287544198/86d9358a-e744-40a0-9ddf-0dbfbbca1782-460x276.jpeg
08-04-2015,When Tsipras meets Putin: an opportunity for fruit diplomacy?,"As Greek and Russian leaders prepare for talks today, The Moscow Times weighs up their relationship – and the prospects of a meaningful deal",https://www.theguardian.com/world/2015/apr/08/greece-russia-tsipras-putin,https://static.guim.co.uk/sys-images/Guardian/Pix/pictures/2015/4/7/1428422575508/c1872bc4-5e10-4ab0-b294-622388415888-460x276.jpeg
09-04-2015,Tony Abbott declares only the Coalition strong enough to stop the boats,The prime minister says other governments ‘would succumb to the cries of the human rights lawyers’ over asylum seekers,https://www.theguardian.com/world/2015/apr/09/tony-abbott-declares-only-the-coalition-strong-enough-to-stop-the-boats,https://media.guim.co.uk/cb1970a43c1ff526ff49b6b8eaadca957e53a43a/1346_512_2328_1398/500.jpg
10-04-2015,Cuba seeks foreign investment as it shores up increased diplomatic ties,Improving relations with the US has led to business delegations visiting the island nation to explore possibilities of better ties,https://www.theguardian.com/world/2015/apr/10/cuba-seeks-foreign-investment-as-it-shores-up-increased-diplomatic-ties,https://static.guim.co.uk/sys-images/Guardian/Pix/pictures/2015/4/10/1428626427239/efd123f4-9f3e-4a95-92bc-cb3298bb088d-460x276.jpeg
11-04-2015,Stark differences as Obama and Maduro head for Panama encounter,Leaders show two starkly contrasting views of US’s role in Latin America as Maduro criticises Washington for ‘imperialist interference’<br>,https://www.theguardian.com/world/2015/apr/11/obama-venezuelan-president-nicolas-maduro-regional-summit,https://media.guim.co.uk/6ad84f45ae3ffa88060f6ba7945e1aeaaa7936b9/139_168_3421_2054/500.jpg
12-04-2015,The Le Pen family: family feud ends in political parricide | Observer profile,"When Jean-Marie’s daughter succeeded him as president of the Front National, she set out to widen the appeal of the far-rightwing party, much to her father’s disgust: his latest outburst could well end in his ejection",https://www.theguardian.com/world/2015/apr/12/front-national-marine-le-pen--jean-marie-le-pen-france-politics,https://static.guim.co.uk/sys-images/Guardian/Pix/pictures/2015/4/10/1428682848261/marine-le-pen-nationa-fro-005.jpg
13-04-2015,Irish voters keep campaigners guessing as gay marriage referendum nears,"Polls put the yes camp ahead, but proponents fear the public may spring yet another shock defeat on the Dublin elite",https://www.theguardian.com/world/2015/apr/13/irish-voters-keep-campaigners-guessing-as-gay-marriage-referendum-nears,https://static.guim.co.uk/sys-images/Guardian/Pix/pictures/2015/3/13/1426268509125/f991231a-2429-4c51-ae40-5fff01d28c3a-460x276.jpeg
14-04-2015,Russell Brand pleads for clemency for Bali Nine pair in video posted online,"British celebrity says Andrew Chan and Myuran Sukumaran, who are facing the death penalty in Indonesia, are reformed and executing them would be ‘immoral’",https://www.theguardian.com/world/2015/apr/14/russell-brand-pleads-for-clemency-for-bali-nine-pair-in-video-posted-online,https://media.guim.co.uk/1296f9da54a9485073be1b2113cd56a107e96312/0_0_3264_1959/500.jpg
15-04-2015,Western leaders' snub casts shadow over Russia's lavish Victory Day celebrations,Irritated Moscow blames US as European politicians boycott parade over Ukraine,https://www.theguardian.com/world/2015/apr/15/moscow-defiant-victory-day-parade-european-kim-jong-un-9-may-russia-ukraine,https://media.guim.co.uk/f4110408ac429ef473152671cd295b6ff602dcf8/0_0_2959_1776/500.jpg
16-04-2015,Texas executes Manuel Garza for shooting murder of police officer, ‘See you on the other side’ says prisoners as state draws on dwindling supply of pentobarbital for lethal injection,https://www.theguardian.com/world/2015/apr/16/texas-executes-manuel-garza-for-shooting-of-police-officer,https://static.guim.co.uk/sys-images/Guardian/Pix/pictures/2015/4/16/1429144449997/b6217f9a-3203-41d1-ab5a-4ce7de17b7e2-460x276.jpeg
17-04-2015,China 'building airstrip' in disputed South China Sea territory,Satellite images show rapid progress in building of runway suitable for military use on reclaimed parts of Fiery Cross reef in Spratly archipelago<br>,https://www.theguardian.com/world/2015/apr/17/china-building-airstrip-in-disputed-south-china-sea-territory,https://media.guim.co.uk/59b7bc9092679d8a509352f883303a574bfe76fc/0_76_2200_1319/500.jpg
18-04-2015,"G20 laws cut protest numbers from likely 120,000 to 1,000, inquiry told","A demonstration forecast to have drawn up to 120,000 people in Brisbane was reduced to as few as 1,000 because of ‘chilling’ temporary laws, review hears",https://www.theguardian.com/world/2015/apr/18/g20-laws-cut-protest-numbers-from-likely-120000-to-1000-inquiry-told,https://media.guim.co.uk/c7482f9c107a37c296287af0d30851cf3d158af7/0_0_3836_2304/500.jpg
19-04-2015,"‘Black people are saying, Where are our leaders? Who are we voting for?’",There is a sense of political disengagement among black and minority-ethnic people in Britain – nearly 20% are not even registered to vote. What can be done to overcome this disaffection?,https://www.theguardian.com/world/2015/apr/19/black-people-saying-where-are-our-leaders,https://static.guim.co.uk/sys-images/Guardian/Pix/pictures/2015/4/17/1429290993492/cf5511da-71cb-4866-a7d6-a4558c91bb0f-460x276.jpeg
20-04-2015,Refugees sent from Nauru to Cambodia may join others in lining up to leave,"As locals question the value of the $40m resettlement deal, refugees in Phnom Penh face dim prospects and say the one thing they want is a way out",https://www.theguardian.com/world/2015/apr/20/refugees-sent-from-nauru-to-cambodia-may-join-others-in-lining-up-to-leave,https://media.guim.co.uk/609c4a66015928bb6da6bb13faea22907fbc776a/0_0_3035_1821/500.jpg
21-04-2015,Shinzo Abe may not repeat previous apologies for Japan's wartime atrocities,PM hints that there is no need to reiterate apology for country’s war crimes and aggression although he says he ‘upholds basic thinking’ behind it,https://www.theguardian.com/world/2015/apr/21/japans-prime-minister-shinzo-abe-may-not-apologise-for-wartime-atriocties,https://media.guim.co.uk/5a37e6ad54bbea2cd51207852356f9eea3ecdd6d/0_108_3480_2088/500.jpg
22-04-2015,Chimpanzees granted petition to hear 'legal persons' status in court,"New York judge grants order to show cause in case of Hercules and Leo, chimpanzees used for medical experiments and defended by attorneys<br>",https://www.theguardian.com/world/2015/apr/21/chimpanzees-granted-legal-persons-status-unlawful-imprisonment,https://media.guim.co.uk/58105c8e2a2d0ae67822172d3b6db22b1ff1abfd/0_144_3124_1874/500.jpg
23-04-2015,Mistaken identity: girl pulled screaming from Mexican school and sent to Texas,"DNA tests prove Alondra Luna Núñez, 14, is not woman’s daughter after Dorotea García claimed girl had been taken by her father years ago",https://www.theguardian.com/world/2015/apr/22/mistaken-identity-girl-screaming-mexican-school-texas,https://media.guim.co.uk/a8c3851dc1cb43d564b1740c8fd35368d5d4c8bd/0_75_1122_673/500.jpg
24-04-2015,Furore after woman whose ponytail was pulled by New Zealand PM John Key says she was misled by NZ Herald,"Interview with waitress who accuses John Key of harrassment was published against her wishes, she says",https://www.theguardian.com/world/2015/apr/23/woman-whose-ponytail-was-pulled-by-pm-identified-by-new-zealand-herald,https://media.guim.co.uk/2a04dc9f8986c19caf707024c73b29570c8c5eef/0_73_2179_1307/500.jpg
25-04-2015,Pair charged over cocaine trafficking syndicate linked to rugby league players,A Gold Coast man and woman were on Friday night charged with offences including the possession of drugs,https://www.theguardian.com/world/2015/apr/25/pair-charged-over-cocaine-trafficking-syndicate-linked-to-rugby-league-players,https://static.guim.co.uk/sys-images/Guardian/Pix/pictures/2015/4/25/1429933486412/78c6c5ba-e25a-4eec-91f4-b4269b84a21a-460x276.jpeg
26-04-2015,Google's Dan Fredinburg was 'charismatic and always the centre of attention',"He was ‘a teller of tall tales, a dedicated Instagrammer, a serial entrepreneur’, says Carole Cadwalladr who trekked in to the Everest base camp with him",https://www.theguardian.com/world/2015/apr/26/google-dan-fredinburg-everest-avalanche,https://static.guim.co.uk/sys-images/Guardian/Pix/pictures/2015/4/26/1430008323048/3d7fc928-ff5a-4d8e-92a9-bedbbae82d26-460x276.jpeg
27-04-2015,Why finding a flat in Tehran is as hard as in London and NYC,Western style real estate agencies are springing up to lend a hand and take a cut,https://www.theguardian.com/world/iran-blog/2015/apr/26/iran-housing-market-tehran-apartment-search,https://static.guim.co.uk/sys-images/Guardian/Pix/pictures/2015/4/20/1429490082727/95d662c2-e525-408f-8e66-c5db1158570b-460x276.jpeg
28-04-2015,Colombian authorities call for end to glyphosate aerial spraying of coca crops,Herbicide is used in US-funded efforts against cocaine production but World Health Organisation has deemed it a probable carcinogen,https://www.theguardian.com/world/2015/apr/28/colombian-authorities-call-for-end-to-glyphosate-aerial-spraying-of-coca-crops,https://static.guim.co.uk/sys-images/Guardian/Pix/pictures/2015/4/28/1430197265236/11b816c5-cd3e-44d1-b9b7-bfa112adb181-460x276.jpeg
29-04-2015,Bali Nine executions fallout: Australia juggles domestic fury and national interest,Tony Abbott and Julie Bishop have responded to the deaths of Andrew Chan and Myuran Sukumaran with diplomatic retaliation but rhetorical restraint in an effort to preserve relations with Indonesia,https://www.theguardian.com/world/2015/apr/29/bali-nine-executions-fallout-australia-juggles-domestic-fury-and-national-interest,https://media.guim.co.uk/47bfb319f4bcf64b9094fb5f297420e13e49c1e8/31_193_2969_1781/500.jpg
30-04-2015,At least 17 Australians jailed around the world could face death penalty,"More than half thought to be in China but execution also applies in Malaysia, Vietnam, Thailand, Singapore, Sri Lanka and the United Arab Emirates",https://www.theguardian.com/world/2015/apr/30/at-least-17-australians-jailed-around-the-world-could-face-death-penalty,https://media.guim.co.uk/da1aedcf325e7d72a38d27473a451ae1f4e62ce5/275_325_3328_1997/500.jpg
01-05-2015,Soldier shot dead in Burundi as bid by president for third term stokes unrest,Some reports say intelligence officer fired fatal shot in clash at barricade in landlocked south-east African country <br>,https://www.theguardian.com/world/2015/may/01/soldier-shot-dead-in-burundi-as-bid-by-president-for-third-term-stokes-unrest,https://static.guim.co.uk/sys-images/Guardian/Pix/pictures/2015/5/1/1430439755748/baa46e26-c48d-434b-96b8-0c7ff9ec6ad0-460x276.jpeg
02-05-2015,France’s libraries discovering a new lease of life beyond just books,"Seminars, events and cafes are helping some formerly staid institutions reinvent themselves as social ‘third spaces’ beyond work and the home",https://www.theguardian.com/world/2015/may/02/france-libraries-social-workshops-meeting-hub,https://static.guim.co.uk/sys-images/Guardian/Pix/pictures/2015/4/17/1429270919749/Library-interior-Pierresv-005.jpg
03-05-2015,Australian federal police to break silence over role in Bali Nine executions,Pressure mounts on AFP to explain tip-off to Indonesia about Bali Nine drug smugglers as Labor says Australia needs to push for global end to death penalty,https://www.theguardian.com/world/2015/may/03/australian-federal-police-to-break-silence-over-role-in-bali-nine-executions,https://media.guim.co.uk/387fa2caf42db68ea1858e99b1fe06de31e397ab/455_340_1181_709/500.jpg
04-05-2015,Bali Nine: AFP strenuously defends actions over 2005 drug-smuggling case,AFP commissioner Andrew Colvin says no apology is necessary for the force’s controversial role in the case of the Bali Nine,https://www.theguardian.com/world/live/2015/may/04/bali-nine-australian-federal-police-explain-workdrug-smuggling-case,https://media.guim.co.uk/0412cbc958492ba21a298127d886ffcab4b2a21f/0_122_4153_2492/500.jpg
05-05-2015,The logistics of the Tehran taxi commute,Our correspondent begins a series on office life in Iran’s capital by examining the journey to work,https://www.theguardian.com/world/iran-blog/2015/may/05/tehran-iran-taxis-transport,https://static.guim.co.uk/sys-images/Guardian/Pix/pictures/2015/5/1/1430437344808/5fc6e6d6-37bf-45c1-b54a-097c93679994-460x276.jpeg
06-05-2015,Female street artists take to Dubai's walls,"Colourful murals are popping up across the city, but with strict laws governing street art it is often business that has created the platform for expression",https://www.theguardian.com/world/2015/may/06/female-street-artists-dubai-walls-graffiti,https://static.guim.co.uk/sys-images/Guardian/Pix/pictures/2015/5/1/1430492744056/fa947c5f-a144-43b0-b603-9b486ed36d49-460x276.jpeg
07-05-2015,"Nauru detention centre should have an independent monitor, UN inspectors say"," UN subcommittee on the prevention of torture says that, given the number of people being held on Nauru, a permanent observer based on the island is needed",https://www.theguardian.com/world/2015/may/07/nauru-detention-centre-should-have-an-independent-monitor-un-inspectors-say,https://media.guim.co.uk/e0265ba2b7b1fb09a868ba1da272e8661fe5b95d/0_40_1200_720/500.jpg
08-05-2015,Refugee women in Australia speak on Mother's Day for the 'voiceless' in camps,"Yarrie Bangura, who fled civil war in Sierra Leone and lived in a refugee camp in Guinea, will speak at Australia for UNHCR Mother’s Day event",https://www.theguardian.com/world/2015/may/08/refugee-women-in-australia-speak-on-mothers-day-for-the-voiceless-in-camps,https://media.guim.co.uk/1db52e65460e39d87295de165b39ac1b3ca2fa01/0_0_2803_1682/500.jpg
09-05-2015,North Korea announces test of ‘world-level strategic weapon’," Kim Jong-un personally supervised firing of submarine-launched missile, says regime’s official press, following threat to attack South Korean ships",https://www.theguardian.com/world/2015/may/09/north-korea-announces-test-of-submarine-launched-missile,https://static.guim.co.uk/sys-images/Guardian/Pix/pictures/2015/5/9/1431141592642/6d20b76a-cba5-4a6b-8c80-a3f7e5f283c5-460x276.jpeg
10-05-2015,Joko Widodo defends executions as 'positive' for Indonesia,Indonesian president says it was his duty to carry out executions as calls surface for foreign aid to be linked with human rights in Asia Pacific region,https://www.theguardian.com/world/2015/may/10/joko-widodo-defends-death-penalty-as-positive-for-indonesia,https://media.guim.co.uk/37c15fb2553ae689aeed859fab432f7dacc585f1/0_67_4928_2958/500.jpg
11-05-2015,Which EU countries had the most asylum seekers?,Latest data reveals Germany received over six times as many applicants for asylum in 2014 as the UK and twice as many as any other country in Europe,https://www.theguardian.com/world/datablog/2015/may/11/which-eu-countries-receive-the-most-asylum-seekers,https://static.guim.co.uk/sys-images/Guardian/Pix/pictures/2015/5/11/1431342427681/10c3416f-d619-4aae-84d3-d12416a7cd97-460x276.jpeg
12-05-2015,"Fears up to 6,000 asylum seekers are trapped at sea off south-east Asia",International groups worry that boats will soon land with dead bodies on board as Rohingyas and Bangladeshis flee poverty and discrimination ,https://www.theguardian.com/world/2015/may/12/fears-up-to-6000-south-east-asian-boat-people-are-abandoned-at-sea,https://media.guim.co.uk/14fb9fcbe0d23194b43d1d006464464cb8810d93/0_215_3388_2033/500.jpg
13-05-2015,"Vienna's gay, straight and lesbian crossing lights show all walks of life", City installs pedestrian signals showing same-sex couples but rightwing politicians come out in opposition ,https://www.theguardian.com/world/2015/may/13/viennas-gay-straight-and-lesbian-crossing-lights-show-all-walks-of-life,https://static.guim.co.uk/sys-images/Guardian/Pix/pictures/2015/5/13/1431475645640/40ff2bb7-3f25-4bb1-98d5-21200299a6b5-460x276.jpeg
14-05-2015,Indonesian military insists on virginity tests to determine ‘naughty’ female recruits,"Human Rights Watch calls for the end to ‘two-finger test’ by medics, saying it is harmful and humiliating ",https://www.theguardian.com/world/2015/may/14/indonesian-military-insists-on-virginity-tests-to-determine-naughty-female-recruits,https://static.guim.co.uk/sys-images/Guardian/Pix/pictures/2015/5/14/1431573473045/937c58a5-b4c0-43f5-b02d-3e9e50c59d88-460x276.jpeg
15-05-2015,New Zealand's new flag: 15 quirky contenders,"New Zealand is appealing to the public to design and vote on a new flag, and the results are as weird and wonderful as you’d expect",https://www.theguardian.com/world/2015/may/15/new-zealands-new-flag-15-quirky-contenders,https://media.guim.co.uk/e18e8dcd888134f41ed14aec1ce63dc0dcd2707d/0_0_2500_1499/500.jpg
16-05-2015,"Indonesian navy rescues 200 from ocean near Aceh, after 750 saved earlier",Military official tells ABC 200 asylum seekers were seen in the water by fisherman and picked up by a warship amid warnings of a growing migrant crisis,https://www.theguardian.com/world/2015/may/16/indonesian-navy-rescues-200-from-ocean-near-aceh-after-750-saved-earlier,https://media.guim.co.uk/3f7a104e125f90f60886d72e420b6811950f1cdc/0_269_3997_2398/500.jpg
17-05-2015,Kabul suicide attack: British security contractor among three dead,Taliban claim responsibility for attack near airport on convoy belonging to EU police mission that also killed two Afgan girls and injured 22 others<br>,https://www.theguardian.com/world/2015/may/17/suicide-car-bomber-kills-at-least-three-after-ramming-foreign-convoy-in-kabul,https://media.guim.co.uk/82e6804fcbbdf2f30ec9759a86efcee830441aeb/1442_815_3486_2093/500.jpg
18-05-2015,Is Iran creating its own state within Iraq?,"Iranian-backed Shia militias are on the rise in Iraq, but these forces are being brought under Iraqi state control, argue an Iranian and Iraqi expert",https://www.theguardian.com/world/2015/may/18/irans-state-within-state-in-iraq-shia,https://static.guim.co.uk/sys-images/Guardian/Pix/pictures/2015/5/15/1431704211802/c44a7068-eec3-4282-b3e5-2d48a548e119-460x276.jpeg
19-05-2015,Creeping censorship in Hong Kong: how China controls sale of sensitive books,The mainland’s economic control of bookshops and media outlets in the territory has resulted in soft censorship and restrictions on what people are able to read,https://www.theguardian.com/world/2015/may/19/censorship-in-hong-kong-how-china-controls-sale-of-sensitive-books,https://static.guim.co.uk/sys-images/Guardian/Pix/pictures/2015/5/18/1431951407056/f54349b0-d8b2-4875-a628-9f8fce2bb9ce-460x276.jpeg
20-05-2015,Mother seeks groom for her son in India's first gay personals advert,Message looking for husband for activist Harish Iyer subverts tradition after India re-criminalised homosexuality in 2013<br>,https://www.theguardian.com/world/2015/may/20/mother-seeks-groom-son-india-first-gay-personals-advert,https://static.guim.co.uk/sys-images/Guardian/Pix/pictures/2015/5/19/1432062620581/636b61d2-a905-4839-aebd-80a9a3351aca-460x276.jpeg
21-05-2015,Plane carrying tonne of cocaine crashes during chase by Colombian air force,Pilot’s body recovered from small Hawker jet that went into ocean when engine failed during escape attempt,https://www.theguardian.com/world/2015/may/21/plane-carrying-tonne-of-cocaine-crashes-during-chase-by-colombian-air-force,https://static.guim.co.uk/sys-images/Guardian/Pix/pictures/2015/5/21/1432166199452/bea60a50-5302-4f0d-aa4c-92fccf4ca4f4-460x276.jpeg
22-05-2015,Ukraine fears spread of separatist conflict amid hostility towards Kiev,"Attacks in Odessa and Kharkiv suggest instability is extending across the country, fuelled by rising inflation and rocketing utility prices ",https://www.theguardian.com/world/2015/may/22/ukraine-separatist-conflict-odessa,https://static.guim.co.uk/sys-images/Guardian/Pix/pictures/2015/5/21/1432212070805/b59c7984-f1c3-492b-81ff-66b001f149ea-460x276.jpeg
23-05-2015,"One year after the Isla Vista massacre, a father's gun control mission is personal","In May 2014, six people were killed in a mass shooting that forced America to confront its society’s ingrained misogyny, and one father to demand ‘not one more’ be killed by guns",https://www.theguardian.com/world/2015/may/23/one-year-isla-vista-massacre-victim-father-gun-control,https://static.guim.co.uk/sys-images/Guardian/Pix/pictures/2015/5/22/1432323627921/1cebcb31-ac72-4632-8e42-fdef4f2c8659-460x276.jpeg
24-05-2015,Sterile mosquitoes released in China to fight dengue fever,Scientists carry out trial in southern province of Guangdong aimed at reducing population of insects that carry the disease,https://www.theguardian.com/world/2015/may/24/sterile-mosquitoes-released-in-china-to-fight-dengue-fever,https://static.guim.co.uk/sys-images/Guardian/Pix/pictures/2015/5/5/1430841987484/e96e7c73-7f44-4159-a031-78858707ed41-460x276.jpeg
25-05-2015,Peace of art: mafia boss's home turned into gallery in battle against Camorra,Florence’s famed Uffizi gallery joins forces with small-town mayor to add new dimension to Italy’s long-running struggle against Neapolitan crime groups,https://www.theguardian.com/world/2015/may/25/mafia-boss-art-gallery-camorra,https://static.guim.co.uk/sys-images/Guardian/Pix/pictures/2015/5/25/1432512309033/78f5fc84-479a-4571-9bb3-f0c465f4f568-460x276.jpeg
26-05-2015,Cambodia's new bomb divers aim to make its rivers safe,The country’s first squad of scuba divers trained to find and help defuse unexploded war time ordnance have started work,https://www.theguardian.com/world/2015/may/26/cambodias-new-bomb-divers-aim-to-make-its-rivers-safe,https://media.guim.co.uk/47ed085c13cf6d8239e6e0592c1961a7c2979d49/0_34_3540_2124/500.jpg
27-05-2015,Former Sri Lanka army chief says he would welcome war crime investigation,"To his supporters, Field Marshall Sarath Fonseka is a hero. But to others he is a war criminal. Fonseka insists his conscience is clear",https://www.theguardian.com/world/2015/may/27/former-sri-lanka-army-chief-says-he-would-welcome-war-investigation,https://media.guim.co.uk/d614cc10f7366ee761d2f48bef24ba63134a5ae4/0_0_3129_1878/500.jpg
28-05-2015,UK schoolgirls lured to Syria by Isis 'have made contact with their families',"One of three schoolfriends is believed to have called relatives to say she is healthy and well but does not intend to return, while others made contact online<br>",https://www.theguardian.com/world/2015/may/28/uk-schoolgirls-lured-syria-isis-contact-families,https://static.guim.co.uk/sys-images/Guardian/Pix/pictures/2015/5/28/1432773515092/7f35fbd3-e91f-4e2f-bd7e-62f553b1dfac-460x276.jpeg
29-05-2015,"Yemen: anti-aircraft fire cause of most civilian casualties in Sana'a, report says","Amnesty International challenges view Saudi air strikes cause most civilian casualties, but says both sides share responsibility for way conflict is being fought",https://www.theguardian.com/world/2015/may/29/yemen-anti-aircraft-fire-cause-of-most-civilian-casualties-in-sanaa-report-says,https://media.guim.co.uk/9584cd5226bc9d2034f5f6a315b2ab1057873d5c/0_51_2475_1484/500.jpg
30-05-2015,"David Norris, hero of gay marriage vote: ‘At 71, with a liver transplant, I’m too old to wed’","The driving force behind Ireland’s historic decision last week reflects on his joy at the victory, and his reluctance to become the go-to best man for same-sex unions",https://www.theguardian.com/world/2015/may/30/david-norris-gay-marriage-interview,https://static.guim.co.uk/sys-images/Guardian/Pix/pictures/2015/5/29/1432923796559/David-Norris-005.jpg
31-05-2015,'No Diet Coke for you': Islamophobia claim prompts United Airlines boycott,Muslim chaplain Tahera Ahmad alleges discrimination after being refused unopened soft drink while man next to her was served unopened beer,https://www.theguardian.com/world/2015/may/30/diet-coke-islamophobia-united-airlines,https://media.guim.co.uk/efca8de62dada151d0ab75e6becf855a37b336fc/0_193_625_375/500.jpg
01-06-2015,Stone throwers could be jailed for 10 years under new Israeli bill,Justice minister moves to tackle protesters as Binyamin Netanyahu warns of an international campaign to ‘blacken’ Israel’s name,https://www.theguardian.com/world/2015/jun/01/stone-throwers-could-be-jailed-for-10-years-under-new-israeli-bill,https://media.guim.co.uk/188c5148be77e74dec71133792d53058eebe2d26/65_152_1271_763/500.jpg
02-06-2015,Iranians warn that distrust could replace sanctions as obstacle to business,Returning expats eager to invest in their homeland run up against a business culture ravaged by the effects of sanctions and decades of international isolation ,https://www.theguardian.com/world/iran-blog/2015/jun/02/iran-sanctions-business-culture-obstacles,https://static.guim.co.uk/sys-images/Guardian/Pix/pictures/2015/5/30/1433006591946/0b7cb936-08a8-44a6-943c-57bff3314366-460x276.jpeg
03-06-2015,Bison tosses Australian tourist into air at Yellowstone national park,"Man, 62, taken to hospital after attack while photographing animal near Old Faithful geyser, where a teenage girl was gored a few weeks earlier",https://www.theguardian.com/world/2015/jun/03/bison-tosses-australian-tourist-into-air-at-yellowstone-national-park,https://static.guim.co.uk/sys-images/Guardian/Pix/pictures/2015/6/3/1433287891586/4a9c0ab1-4e85-4117-94c0-93108f1c8d31-460x276.jpeg
04-06-2015,Texas executes Lester Bower after 31 years on death row,"‘I have fought the good fight,’ says 67-year-old who maintained his innocence of quadruple homicide throughout three decades in prison and numerous appeals",https://www.theguardian.com/world/2015/jun/04/lester-bower-execution-texas-death-row,https://static.guim.co.uk/sys-images/Guardian/Pix/pictures/2015/6/4/1433377716844/de2d46d8-5ee0-4810-96a8-009e3a5bf024-460x276.jpeg
05-06-2015,"Data used by Indonesia to justify drug laws is 'questionable', say experts","Government’s policies of involuntary rehabilitation and the death penalty for drug users must be stopped ‘urgently’, say signatories of letter to The Lancet",https://www.theguardian.com/world/2015/jun/05/experts-criticise-data-used-by-indonesia-to-justify-punitive-drugs-policies,https://media.guim.co.uk/620952ee717990ed70e93515cf3c5c3043f7ae16/0_66_3000_1802/500.jpg
06-06-2015,"Love, poetry and war: the Afghan women risking all for verse",Founder of Afghanistan’s largest women’s literary society will be speaking at International Poetry Festival in London this year<br>,https://www.theguardian.com/world/2015/jun/06/love-poetry-and-war-the-afghan-women-risking-all-for-verse,https://static.guim.co.uk/sys-images/Guardian/Pix/pictures/2015/6/6/1433549325325/9b3f0169-0731-493e-9496-a1442eac3e3a-460x276.jpeg
07-06-2015,"China ferry disaster search area is extended 1,000km down Yangtze river","Authorities request river traffic alert them to any floating bodies as death toll goes past 400, leaving a few dozen still missing",https://www.theguardian.com/world/2015/jun/07/china-ferry-disaster-search-area-is-extended-1000km-down-yangtze-river,https://media.guim.co.uk/307406a8d9cce1389a871a1527485f868f7688ac/119_418_5060_3038/500.jpg
08-06-2015,Narcissism and terrorism: how the personality disorder leads to deadly violence,"What do Sydney siege gunman Man Haron Monis, Germanwings pilot Andreas Lubitz, Norwegian mass murderer Anders Breivik, and Isis killers Mohammed Emwazi and Jake Bilardi have in common? Delusions of grandeur, a fear of failure and a need for admiration",https://www.theguardian.com/world/2015/jun/08/narcissism-terrorism-violence-monis-breivik-lubitz-jihadi-john,https://static.guim.co.uk/sys-images/Guardian/Pix/pictures/2015/6/5/1433523866200/Fatally-flawed---Jihadi-J-005.jpg
09-06-2015,Iceland to lift capital controls to help boost economy,"Reykjavik to relax restrictions introduced after banking collapse in 2008, as country continues to rebuild financial system and global reputation",https://www.theguardian.com/world/2015/jun/08/iceland-to-lift-capital-controls-to-help-boost-economy,https://static.guim.co.uk/sys-images/Guardian/Pix/pictures/2015/6/8/1433754722902/dc2e6b22-68fb-4685-b143-db844d50181a-460x276.jpeg
10-06-2015,Wisconsin senate passes controversial bill banning abortions after 20 weeks,Controversial law adopts idea that fetuses feel pain after 20 weeks and has faced opposition from medical groups but governor has promised to sign,https://www.theguardian.com/world/2015/jun/10/wisconsin-senate-pbill-abortions-20-weeks,https://media.guim.co.uk/d88294565648231b5adf02c5a26cfa22ec615a0b/0_225_4896_2939/500.jpg
11-06-2015,Intimate spaces: coming out in Iran,"The biggest problem of being gay in Tehran isn’t the police or the risk of being flogged, it’s finding anywhere to show affection",https://www.theguardian.com/world/iran-blog/2015/jun/11/iran-gay-coming-out-intimate-spaces,https://static.guim.co.uk/sys-images/Guardian/Pix/pictures/2015/6/6/1433592885975/1855c71b-0238-49ca-82d4-df7b86dd6e66-460x276.jpeg
12-06-2015,Germanwings co-pilot saw 41 doctors but 'secrecy law stopped them reporting him',"Andreas Lubitz had seen dozens of doctors over five years, including seven in the month before the disaster, and some felt he was unstable, prosecutor says ",https://www.theguardian.com/world/2015/jun/11/secrecy-law-stopped-doctors-reporting-germanwings-co-pilot-as-unfit-to-fly,https://static.guim.co.uk/sys-images/Guardian/Pix/pictures/2015/6/11/1434046720568/a21cea27-d889-432e-9985-007a8b66c362-460x276.jpeg
13-06-2015,Malaysia to free British tourist over naked mountain pose,"Eleanor Hawkins, two Canadians and a Dutchman to be released after pleading guilty to committing obscene acts and having already served sentences<br>",https://www.theguardian.com/world/2015/jun/12/british-tourist-eleanor-hawkins-three-day-jail-naked-malaysian-mountain-pose,https://media.guim.co.uk/cac5364754bde924728bb07f130885658485fc1e/0_161_2500_1499/500.jpg
14-06-2015,Russia hasn’t lost that air show feeling,Nine Russian military contractors will be exhibiting at this week’s Paris air show - sanctions or no sanctions,https://www.theguardian.com/world/2015/jun/14/paris-air-show-russia,https://static.guim.co.uk/sys-images/Travel/Late_offers/pictures/2015/6/12/1434115515672/Tom-Cruise-in-Top-Gun-005.jpg
15-06-2015,Fate of al-Qaida's 'Uncatchable' Algerian militant in the balance after US air strike,"Mokhtar Belmokhtar has been reported dead before, only to re-emerge and lead the infamous attack on an Algerian gas plant that claimed the lives of 39 hostages",https://www.theguardian.com/world/2015/jun/15/fate-of-al-qaidas-uncatchable-algerian-militant-in-the-balance-after-us-air-strike,https://media.guim.co.uk/2d5dd0736a89d9af23e8692de9eda6c4f3f8d098/16_0_623_374/500.jpg
16-06-2015,Nauru opposition MP arrested after anti-government protest outside parliament,Mathew Batsieu arrested during a noisy demonstration over alleged government corruption which briefly forced the suspension of parliament,https://www.theguardian.com/world/2015/jun/16/nauru-opposition-mp-arrested-after-anti-government-protest-outside-parliament,https://media.guim.co.uk/fe927d456d93b63308ca3042e7a8e48059871a12/0_0_2048_1229/500.jpg
17-06-2015,Why Iranians are lapping up Shah memorabilia,"In Tehran, memories of the Shah’s brutality are fading and selling imperial wares is becoming less dangerous. But what’s really behind the increasing fondness for the pre-1979 era?<br>",https://www.theguardian.com/world/iran-blog/2015/jun/17/iran-nostalgia-shah-pahlavis-dynasty-haunts,https://static.guim.co.uk/sys-images/Guardian/Pix/pictures/2015/6/10/1433955921352/b4ff0282-b8c0-424b-a86e-e193134037eb-460x276.jpeg
18-06-2015,Former PNG police chief faces jail for failing to arrest country's prime minister,Geoffrey Vaki delayed acting on a warrant to arrest Peter O’Neill in a move police unions described as ‘highly suspicious’,https://www.theguardian.com/world/2015/jun/18/former-papua-new-guinea-police-chief-faces-prison-time,https://static.guim.co.uk/sys-images/Guardian/Pix/pictures/2015/6/18/1434593515410/7cacb732-6c49-4f19-83c3-dca721da51de-460x276.jpeg
19-06-2015,"The football star, the run-down flats and the sky-high rent for homeless housing",Italian superstar Francesco Totti’s company apparently receives almost twice market rate for dilapidated office block on outskirts of Rome,https://www.theguardian.com/world/2015/jun/19/football-star-flats-homeless-housing-francesco-totti-rome,https://static.guim.co.uk/sys-images/Guardian/Pix/pictures/2015/6/18/1434629907866/d094b4b5-e030-4512-9524-2540b40117d1-460x276.jpeg
20-06-2015,Putin says Fifa's granting of World Cup to Russia 'should not be questioned',"The Russiand president also insists he wants to co-operate with the US in dealing with Islamic State, and wants Ukraine peace agreement to succeed",https://www.theguardian.com/world/2015/jun/20/putin-fifa-decision-to-grant-world-cup-2018-to-russia-should-not-be-questioned,https://media.guim.co.uk/a470584d42b8c7a70400a85800ed327cb94a1591/0_47_3500_2101/500.jpg
21-06-2015,"Three sisters, nine children, one dangerous journey to the heart of Isis. What is the lure of the caliphate?",Hundreds of Britons have joined the Islamist militants. Hassan Hassan has interviewed dozens of members of the group in Syria and Iraq,https://www.theguardian.com/world/2015/jun/21/three-sisters-nine-children-what-is-the-lure-of-the-isis-caliphate,https://static.guim.co.uk/sys-images/Guardian/Pix/pictures/2015/6/20/1434792131531/7287e73b-5170-434d-a6e3-05e5b8311649-460x276.jpeg
22-06-2015,British man drowns off Malta coast where two others died in May,"59-year-old dies after being dragged from Blue Lagoon, in Comino, after swimming in double-red flagged dangerous conditions",https://www.theguardian.com/world/2015/jun/22/british-man-drowns-off-malta-coast-where-two-others-died-in-may,https://media.guim.co.uk/e5f0177f2ed5f947e7caec54377ca611314e768f/0_256_5400_3244/500.jpg
23-06-2015,Julia Gillard exclusive interview: the timid ABC is rewarding Tony Abbott,The former Labor prime minister says attacks by the Abbott government had led to a ‘pulling of punches’ by the national broadcaster ,https://www.theguardian.com/world/2015/jun/23/julia-gillard-exclusive-interview-the-timid-abc-is-rewarding-tony-abbott,https://media.guim.co.uk/2a94548b68b729bd894dfe2fcb61f4f1bb9baf7a/138_231_2340_1403/500.jpg
24-06-2015,Palestine prepares to submit file that could see Israeli officials indicted,"Submission to international criminal court follows UN Human Rights Council’s report on war in Gaza, accusing Israel and Hamas of potential war crimes",https://www.theguardian.com/world/2015/jun/24/palestine-prepares-tsubmit-file-israeli-officials-indicted-international-criminal-court,https://media.guim.co.uk/5a986cd6b23a429df8bec2f2e2d4dfde9a14eb87/0_332_5760_3457/500.jpg
25-06-2015,New Zealand Greenpeace protesters scale parliament roof, Four environmental activists on roof of the parliament building in Wellington hold Reddit AMA calling for government action on climate change,https://www.theguardian.com/world/2015/jun/25/new-zealand-greenpeace-protesters-scale-parliament-roof,https://media.guim.co.uk/f8d2d135e5894e83efe0f9b5a528a2fa9c554d97/0_90_5000_3001/500.jpg
26-06-2015,Australia's population increase from migration continues to slow,"Australian Bureau of Statistics data show 184,100 Australians were estimated to have left the country last year, 32,000 fewer than in the previous year",https://www.theguardian.com/world/2015/jun/26/fewer-australians-are-moving-overseas-but-more-are-moving-to-victoria,https://static.guim.co.uk/sys-images/Guardian/Pix/pictures/2015/6/26/1435286969409/54b0a1bb-7051-4534-84a1-c033015ff5d7-460x276.jpeg
27-06-2015,"Tunisia attack: 'He looked right at me – I thought I was dead,' says tourist","Tom Richards tells of moment gunman appeared before him in a hotel corridor and opened fire, sending shards of marble everywhere",https://www.theguardian.com/world/2015/jun/27/tunisia-attack-he-looked-right-at-me-i-thought-i-was-dead-says-tourist,https://media.guim.co.uk/0138e6b80912c85955716954701dc84f9712e03a/197_520_3743_2246/500.jpg
28-06-2015,Fifteen Britons killed in Tunisia beach massacre with death toll set to rise,"Security stepped up at UK tourist destinations and events such as Wimbledon in wake of terror attacks in Tunisia, France and Kuwait",https://www.theguardian.com/world/2015/jun/27/tunisia-attack-death-toll-likely-increase-15-uk-tourists,https://static.guim.co.uk/sys-images/Guardian/Pix/pictures/2015/6/27/1435424969005/terrorist-attack-Tunisian-005.jpg
29-06-2015,Greek debt crisis: the key points of Athens bank controls,"All banks closed for at least a week, cash withdrawals capped at €60 a day and foreign money transfers banned ahead of referendum on bailout terms",https://www.theguardian.com/world/2015/jun/29/greek-debt-crisis-key-points-athens-bank-controls,https://media.guim.co.uk/e65267908b8e05b6bda03c3c6435e172acf52489/0_198_3542_2125/500.jpg
30-06-2015,Two people dead in Japan bullet train fire after man set himself alight,Two other passengers seriously injured and several treated for smoke inhalation after fire on board Shinkansen bullet train travelling from Tokyo to Osaka ,https://www.theguardian.com/world/2015/jun/30/fire-japan-bullet-train-man-tried-set-himself-alight,https://media.guim.co.uk/dae17123dd9897005c00b3c41e7d1115ff7faf48/0_469_3000_1801/500.jpg
01-07-2015,Briton launches crowdfunding campaign to pay off Greece debt,"Thom Feeney offers postcards of Alexis Tsipras for €3 and has raised €250,000, as ‘while politicians are dithering, the crisis is affecting real people’",https://www.theguardian.com/world/2015/jun/30/briton-crowdfunding-campaign-greece-debt-thom-feeney,https://media.guim.co.uk/36b68d35a79eba99bad498c0903d64bdb941c409/0_0_4817_2890/500.jpg
02-07-2015,Satellite images Chinese-built runway artificial island finished,"Runway with capacity for large military planes constructed on disputed Spratly islands, despite opposition from neighbouring nations",https://www.theguardian.com/world/2015/jul/02/china-controversial-airstrip-south-china-sea-spratly-islands,https://media.guim.co.uk/59b7bc9092679d8a509352f883303a574bfe76fc/0_56_2200_1320/500.jpg
03-07-2015,'Information is the most powerful weapon against North Korea regime',"Independent media service is vital to reverse decades of brainwashing so, despite cutbacks, the BBC must step up ",https://www.theguardian.com/world/2015/jul/03/north-korea-drought-john-sweeney-bbc,https://static.guim.co.uk/sys-images/Guardian/Pix/pictures/2015/7/2/1435838177365/7480f452-1fa3-4316-9c25-8a68d201d377-460x276.jpeg
04-07-2015,Greece's anti-austerity murals: street art expresses a nation's frustration,Artwork criticising international response to country’s debt crisis has flourished amid economic turmoil and social hardship. <strong>Jon Henley</strong> meets the artists,https://www.theguardian.com/world/2015/jul/04/greece-street-art-anti-austerity-murals,https://media.guim.co.uk/6dd9eeaee84ddcf267c77f8910a5b5611148a68c/0_0_3211_1926/500.jpg
05-07-2015,Argentina indigenous chieftain leads fight to reclaim ancestral land,Being ignored by the president will not stop Qom activist Félix Díaz from camping out in Buenos Aires with demands for government officials,https://www.theguardian.com/world/2015/jul/05/argentina-fight-reclaim-ancestral-land-indigenous-leader,https://media.guim.co.uk/3477e7a88c5a9b8f5952ab94e0347e5e766c28ba/0_212_4288_2572/500.jpg
06-07-2015,"A year after the war, Gaza grieves for its child casualties","At a school where six boys were killed during last summer’s Israeli offensive, the loss is an open wound. For other young Palestinians, the scars are psychological<br>",https://www.theguardian.com/world/2015/jul/06/gaza-grieves-casualties-palestinians-israeli-offensive,https://static.guim.co.uk/sys-images/Guardian/Pix/pictures/2015/7/3/1435933803585/f017ead1-51e3-4f6b-ab4e-442850177801-460x276.jpeg
07-07-2015,China and Russia: the world's new superpower axis?,"Countries are trade partners with a shared goal of challenging US hegemony, but past disputes and competing interests make the relationship more complex",https://www.theguardian.com/world/2015/jul/07/china-russia-superpower-axis,https://static.guim.co.uk/sys-images/Guardian/Pix/pictures/2015/7/3/1435933927583/5999b7cb-c62f-44f3-907c-107de12e6edf-460x276.jpeg
08-07-2015,Thai police officer describes scene at site of British backpacker killings,Police officer gives testimony about bodies of Hannah Witheridge and David Miller who were found dead on a beach on Koh Tai island in September 2014,https://www.theguardian.com/world/2015/jul/08/thai-police-officer-describes-scene-at-site-of-british-backpacker-killings,https://media.guim.co.uk/d6741dbaff4cf21ed53e5f8e1f0de9eeea99d309/0_0_2640_1585/500.jpg
09-07-2015,MH17 crash one year on: blame game continues over who shot down plane,"One year on, there is no conclusive proof of who was responsible for shooting down the plane, though most evidence points to Ukraine’s separatist forces",https://www.theguardian.com/world/2015/jul/09/mh17-crash-one-year-on-blame-game-continues-over-who-shot-down-plane,https://media.guim.co.uk/b75887b5c7a25045e6cc6eb40b22173999fb9ec8/0_152_3422_2054/500.jpg
10-07-2015,First Vatican child abuse trial places former nuncio in dock,"Fate of Józef Wesołowski, accused of abusing boys in the Dominican Republic, seen as test of pope’s new approach to tackling alleged clerical wrongdoing",https://www.theguardian.com/world/2015/jul/10/first-vatican-child-abuse-trial-former-nuncio-jozef-wesolowski-dock,https://media.guim.co.uk/b1a7e7787a544e2982b10a6a25c097acfb6c14c9/0_80_1735_1041/500.jpg
11-07-2015,Bomb outside Italian embassy in Cairo leaves at least one dead,A large explosion was heard across the Egyptian capital on Saturday with witnesses reporting major destruction to the building,https://www.theguardian.com/world/2015/jul/11/huge-car-bomb-outside-italian-embassy-in-cairo,https://static.guim.co.uk/sys-images/Guardian/Pix/pictures/2015/7/11/1436592582769/1655da13-6e7c-4a17-93ab-8effe591bca5-460x276.jpeg
12-07-2015,"Uighurs sent back from Thailand were on way to join jihad, says China", Rights groups say the Turkic-speaking group could face persecution in their home country as China steps up propaganda against alleged terrorists,https://www.theguardian.com/world/2015/jul/12/uighurs-sent-back-from-thailand-were-on-way-to-join-jihad-says-china,https://media.guim.co.uk/e191ec717400a71f9cc8a357a4fb2d885c754d19/0_55_5522_3314/500.jpg
13-07-2015,Snow and wild weather to sweep eastern Australia as cold snap continues,Rain and damaging winds predicted for parts of coastal NSW and Victoria as snow falls across alpine regions see ski resorts benefit from below-average temperatures,https://www.theguardian.com/weather/2015/jul/13/snow-and-wild-weather-to-sweep-eastern-australia-as-cold-snap-continues,https://media.guim.co.uk/06725fd8823852a5c9ba3de9cc9958b4407b6d59/0_0_3834_2302/500.jpg
14-07-2015,Iguana captive breeding program in Fiji posts first positive results,A group of endangered iguanas introduced to the Fijian island of Monuriki two months ago have been tracked down and appear to be healthy,https://www.theguardian.com/world/2015/jul/14/iguana-captive-breeding-program-in-fiji-posts-first-positive-results,https://media.guim.co.uk/5205e8835f7f32d2a2e9d7b1a9ccd35d50f78d9f/0_39_1280_768/500.jpg
15-07-2015,Republicans fume over Iran nuclear deal but hope of undermining accord is slim,Senate majority leader Mitch McConnell says it’s ‘the best deal acceptable to Iran’ but it remains unclear what options Congress has to block the agreement,https://www.theguardian.com/world/2015/jul/14/republicans-iran-nuclear-deal-reaction,https://media.guim.co.uk/3371f8dd6a41ef94a0922da7e056b64f8ca3edb6/0_0_4820_2893/500.jpg
16-07-2015,Greek MPs pass austerity bill as Athens police clash with protesters,Alexis Tsipras drives through tax increases and pensions shakeup amid angry splits in his Syriza party<br>,https://www.theguardian.com/world/2015/jul/15/greek-mps-pass-austerity-bill-as-athens-police-clash-with-protesters,https://media.guim.co.uk/a2dc7830165fd732e52b746bd06157024c7c3250/0_224_4432_2659/500.jpg
17-07-2015,North Korea in 360 degrees: navigate your way around the DPRK,Film-maker Aram Pan’s new video gives viewers control over where they look to provide an alternative to the carefully staged images often seen,https://www.theguardian.com/world/2015/jul/17/north-korea-video-360-degrees-dprk,https://static.guim.co.uk/sys-images/Guardian/Pix/pictures/2015/7/16/1437048458812/9d91cddb-44a2-40ba-a7d4-a97963094aad-460x276.jpeg
18-07-2015,"Iranian nuclear deal won't change policy toward US, says Ayatollah Ali Khamenei","Supreme leader says in televised speech that US policy in the Middle East not in line with Tehran’s strategy, but says further talks may be possible in future",https://www.theguardian.com/world/2015/jul/18/iranian-nuclear-deal-change-policy-us-ayatollah-ali-khameini,https://media.guim.co.uk/717d6691cc062bf0af2d9de0282fa9cea7a6b54c/0_0_1357_813/500.jpg
19-07-2015,"Bill Cosby admitted pursuing women for sex using power, pills and money","Deposition reveals in comedian’s own words how he coaxed women into sex, sometimes giving out sedating drugs, and then secretly paid them off",https://www.theguardian.com/world/2015/jul/19/bill-cosby-admitted-sexual-pursuit-of-women-using-power-pills-and-money,https://static.guim.co.uk/sys-images/Guardian/Pix/pictures/2015/7/19/1437274344507/4656a2fe-8b92-4edc-ae22-5d240125f03f-460x276.jpeg
20-07-2015,Reclaim Australia rallies 'fuel racial tensions to Cronulla riot levels',"President of the NSW anti-discrimination board, Stepan Kerkyasharian, says fear and mistrust have created ‘a formula which spells catastrophe’",https://www.theguardian.com/world/2015/jul/20/reclaim-australia-rallies-fuel-racial-tensions-to-cronulla-riot-levels,https://media.guim.co.uk/291017fab8e2b7bce3ce5dc73540c09c1a2bc369/0_191_4704_2822/500.jpg
21-07-2015,The reckless plot to overthrow Africa's most absurd dictator | Andrew Rice,"<strong>The long read:</strong> In December, a handful of middle-aged American immigrants attempted to topple the autocratic ruler of the Gambia. They had few weapons and an amateurish plan. What possessed them to risk everything in a mission that was doomed to fail? ",https://www.theguardian.com/world/2015/jul/21/how-former-us-army-officer-launched-disastrous-coup-the-gambia,https://static.guim.co.uk/sys-images/Guardian/Pix/pictures/2015/7/20/1437406625196/ce160e11-3051-4737-945a-92761dcc1563-460x276.jpeg
22-07-2015,Laibach to play Sound of Music covers at Pyongyang's first rock concert,"In interview ahead of North Korean tour, band members tell NK News why they want to provoke ‘human rights zealots’ – not the regime",https://www.theguardian.com/world/2015/jul/22/north-korea-laibach-pyongyang-concert,https://static.guim.co.uk/sys-images/Guardian/Pix/pictures/2015/7/21/1437476650016/e15b6e51-f4cb-4381-adbe-1064d0ce3a9e-460x276.jpeg
23-07-2015,Greek parliament approves next phase in bailout reforms,"Large majority of MPs including Yanis Varoufakis, the renegade former finance minister, approves further measures required to qualify for €86bn in loans",https://www.theguardian.com/world/2015/jul/22/greece-ecb-emergency-assistance-ceiling-raised-bailout-vote,https://media.guim.co.uk/a2e46545b6b959e28d6bb7309d5c116171bc25a9/0_95_2683_1609/500.jpg
24-07-2015,"Julia Gillard: 'Tony Abbott had a good idea, we should write down the date!'",Former PM takes swipe at Tony Abbott and admits Barack Obama is ‘very’ hot during Sydney discussion,https://www.theguardian.com/world/australia-news-blog/2015/jul/24/julia-gillard-tony-abbott-had-a-good-idea-we-should-write-down-the-date,https://media.guim.co.uk/98bd813739a83985ba15cfc7570f00ea27a8a1ba/0_299_4500_2701/500.jpg
25-07-2015,Turkish jets hit Kurdish militants in Iraq and Isis targets in Syria, Turkey’s military carries out its first strike on Kurdish militants since a 2013 peace deal as Ankara also bombed Isis positions in Syria,https://www.theguardian.com/world/2015/jul/25/turkish-jets-hit-kurdish-militants-in-iraq-as-well-as-isis-targets-in-syria,https://media.guim.co.uk/363afe363ad58200ae89d725f9ed188f87d09e25/0_0_2974_1783/500.jpg
26-07-2015,From Burma to Nagasaki: the man who walked through hell,"Jan Bras endured years of forced labour as a Japanese POW before witnessing the aftermath of the atom bomb. Now 92, he tells Elizabeth Day about the horror and brutality he endured – and how he lives with it today",https://www.theguardian.com/world/2015/jul/26/nagasaki-man-who-walked-through-hell-jan-bras,https://static.guim.co.uk/sys-images/Guardian/Pix/pictures/2015/7/21/1437474325127/Jan-Bras-at-home-005.jpg
27-07-2015,Bill Cosby accusers detail trauma and betrayal in magazine,"Thirty-five women respond to public backlash, saying ‘it was hard for America to digest’ rape allegations against ‘favorite dad’",https://www.theguardian.com/world/2015/jul/26/bill-cosby-accusers-new-york-magazine-photo-essay,https://media.guim.co.uk/fcd193e2b9480a8d67e6d546a451c7bf655f546d/0_23_2688_1612/500.jpg
28-07-2015,"Former Indian president APJ Abdul Kalam has died, aged 83","Kalam, known as the father of the country’s military missile program, died on Monday after collapsing while delivering a lecture",https://www.theguardian.com/world/2015/jul/28/former-indian-president-apj-abdul-kalam-has-died-aged-83,https://media.guim.co.uk/030ef8cc4f11bdc2a36d80620127f626d574bd5a/0_36_2866_1719/500.jpg
29-07-2015,Peruvian army rescues Shining Path kidnap victims after 25 years' captivity,Thirteen adults and 26 children – many of whom were born to raped captives – evacuated by helicopter from Andes valley,https://www.theguardian.com/world/2015/jul/29/peruvian-army-rescues-shining-path-kidnap-victims-after-25-years-captivity,https://media.guim.co.uk/d6e83b10e21e9d0628effafaee8e4a25e7d7b96a/70_586_1799_1078/500.jpg
30-07-2015,"Nauru: asylum seekers needing medical care to be flown to PNG, not Australia",Exclusive: an internal document obtained by Guardian Australia says detainees referred for further treatment will be sent to a hospital in Papua New Guinea,https://www.theguardian.com/world/2015/jul/30/nauru-asylum-seekers-needing-medical-care-to-be-flown-to-png-not-australia,https://media.guim.co.uk/0d0368c580f742257f52eb185617606c4c3636a4/0_0_2203_1322/500.jpg
31-07-2015,North Korea: Canadian pastor admitted 'subversive plots' in public interrogation,In similar staged ‘public confession’ cases prisoners are effectively forced to read their ‘guilt’ from a prepared text,https://www.theguardian.com/world/2015/jul/31/north-korea-canadian-pastor-admitted-subversive-plots-in-public-interrogation,https://media.guim.co.uk/4c13c365f289aecb9bc85b5871a62b85a846b42c/0_166_3000_1801/500.jpg
01-08-2015,Vietnam’s rush to develop risks damaging its natural attractions,"New resorts, cable cars and casinos threaten unspoiled landscapes as tourism sector struggles to balance modernisation and development with conservation",https://www.theguardian.com/world/2015/aug/01/vietnam-tourism-rush-development-conservation,https://static.guim.co.uk/sys-images/Guardian/Pix/GWeekly/2015/7/22/1437570184276/Tourists-in-Hoi-An-005.jpg
02-08-2015,Church attacks David Cameron’s lack of compassion over asylum crisis,Bishop of Dover pleads for PM to ‘rediscover what it is to be human’ as No 10 reveals joint plan with France to boost security around Eurotunnel,https://www.theguardian.com/world/2015/aug/01/church-attacks-david-cameron-language-asylum-crisis,https://static.guim.co.uk/sys-images/Guardian/Pix/pictures/2015/8/1/1438451589686/Calais-migrants-005.jpg
03-08-2015,"Foreign journalists are bullying Nauru in asylum abuse reports, president claims","Baron Waqa, in an opinion piece for News Corp, dismisses reports of sexual and physical violence on the island and claims reporters are trying to ‘mock us’",https://www.theguardian.com/world/2015/aug/03/foreign-journalists-are-bullying-nauru-in-asylum-abuse-reports-president-claims,https://media.guim.co.uk/348343b5fe31027d739b7c036f665ea556bc3029/0_176_3683_2211/500.jpg
04-08-2015,The man who survived Hiroshima: 'I had entered a living hell on earth',"As Japan prepares to mark the 70th anniversary of the world’s first nuclear attack, survivors remember the horrors of nuclear war ",https://www.theguardian.com/world/2015/jul/31/japan-atomic-bomb-survivors-nuclear-weapons-hiroshima-70th-anniversary,https://media.guim.co.uk/1dfac7d1b37355274d8f91bae8e061d2f304f26d/0_193_3072_1844/500.jpg
05-08-2015,"Mafia godfather who visited Britain protected at high level, says prosecutor","Maria Teresa Principato says Matteo Messina Denaro, who has been on the run since 1993, leaves Sicily ‘often and with apparent ease’",https://www.theguardian.com/world/2015/aug/05/mafia-godfather-who-visited-britain-protected-at-high-level-says-prosecutor,https://media.guim.co.uk/0aebf940cb0bae44917502ccc54a96ed67c95b0c/1210_296_1486_892/500.jpg
06-08-2015,Hiroshima remembers the day the bomb dropped,The city fell silent as tens of thousands of people paid tribute to the victims and survivors of the world’s first atomic bomb ,https://www.theguardian.com/world/2015/aug/05/hiroshima-prepares-to-remember-the-day-the-bomb-dropped,https://media.guim.co.uk/f163213142dce7d97b007244c88445fc2eac5344/0_0_3000_1799/500.jpg
07-08-2015,Canada party leaders debate: May and Mulcair outshine Harper – as it happened,Prime Minister Stephen Harper hit for stewardship of economy as NDP leader Tom Mulcair says: “Sorry. Mr Harper’s plan clearly isn’t working”,https://www.theguardian.com/world/live/2015/aug/06/canada-first-party-leaders-debate-live-updates,https://media.guim.co.uk/b42797fd420f008c9590d94844fa369e3a4cd095/0_56_4690_2815/500.jpg
08-08-2015,Guardian Australia's Mike Bowers wins Kennedy award for Gallipoli photo essay,Mike Bowers recognised for painstaking work in Turkey documenting the site of the Anzac landings one hundred years on using historical photos ,https://www.theguardian.com/world/2015/aug/08/guardian-australias-mike-bowers-wins-kennedy-award-for-gallipoli-photo-essay,https://media.guim.co.uk/11bc71722c8a370b633a65e8cc2d7321271913fc/0_348_5180_3108/500.jpg
09-08-2015,Virgin Australia and Jetstar cancel more Bali flights because of volcanic ash,"Bureau of Meteorology says a mid-level trough over the island is likely to weaken early next week, bringing a welcome change of wind direction",https://www.theguardian.com/world/2015/aug/09/virgin-australia-and-jetstar-cancel-more-bali-flights-because-of-volcanic-ash,https://media.guim.co.uk/0a256e6097f3c28a004f3bed8f68918df2bb5f95/0_0_3456_2074/500.jpg
10-08-2015,Family drive 150km on French holiday after three-year-old left by motorway,"Parents left daughter in layby and drove more than 45 minutes before an alert on French radio made them realise they had forgotten her, police say",https://www.theguardian.com/world/2015/aug/10/family-pack-everything-but-their-three-year-old-during-french-holiday-rush,https://media.guim.co.uk/4cf40728629b6c1f4eafea231c9e6f76cf1fcbb6/0_53_4300_2579/500.jpg
11-08-2015,New Zealand's prime minister John Key wants a new flag. Does anybody else?,The longlist of 40 designs in the hunt for a potential new flag has been met with apathy and active opposition as the PM’s flag fever gives way to fatigue,https://www.theguardian.com/world/2015/aug/11/new-zealands-prime-minister-john-key-wants-a-new-flag-does-anybody-else,https://media.guim.co.uk/f1b156f2e9ffd904dd7a0d9080cc8fc442f9d3a1/0_0_3500_2100/500.jpg
12-08-2015,Human rights groups fear for rule of law in Egypt after lawyer dies in custody,"Karim Hamdy, 27, who died after two days in police detention, had signs of torture including broken ribs and bleeding in the brain<br>",https://www.theguardian.com/world/2015/aug/12/human-rights-groups-fear-rule-law-egypt-karim-hamdy-dies-police-custody,https://media.guim.co.uk/f9b42d9587bc8a53c10c91acf85cede8007e642c/0_125_4996_2998/500.jpg
13-08-2015,"Australia should join fight against Isis and bomb Syria, says Liberal MP",Dan Tehan says Australia is helping Iraq and ‘we need to stop the foreign fighter flow to the caliphate in Syria’,https://www.theguardian.com/world/2015/aug/13/australia-should-join-fight-against-isis-and-bomb-syria-says-liberal-mp,https://media.guim.co.uk/de16080e391541d62d9e7bd7f79f3df482cf982d/0_128_4896_2936/500.jpg
14-08-2015,Jakarta international school teachers to go free after conviction overturned,Indonesian Ferdinand Tjiong and Canadian Neil Bantelman were sentenced to jail for 10 years for child sexual abuse but the conviction was widely criticised,https://www.theguardian.com/world/2015/aug/14/jakarta-international-school-teachers-to-go-free-after-conviction-overturned,https://media.guim.co.uk/f7ee63a05841f81e5103514c1c93e9f8988abf8f/0_0_4000_2402/500.jpg
15-08-2015,Unlocking Maori identity: keeping New Zealand’s indigenous people out of jail,"A new program is tackling a sober reality for NZ’s Maori, who make up 15% of the country’s population but half of those behind bars",https://www.theguardian.com/world/2015/aug/15/regaining-maori-identity-and-keeping-them-out-of-new-zealands-jails,https://media.guim.co.uk/ca955c9494aed7e40779d3c3826da8ee168dea47/0_0_5616_3370/500.jpg
16-08-2015,"Hear, boy: dog foils jailbreak plot after hearing prisoners digging tunnel",Tunnel reported to be 30 metres long is discovered after pet picks up sounds during walk on the Greek island of Corfu ,https://www.theguardian.com/world/2015/aug/16/hear-boy-dog-foils-jailbreak-plot-after-hearing-prisoners-digging-tunnel,https://media.guim.co.uk/18d2fb1ab5cddb387391cff8ef16a7cfdb217887/9_509_2475_1485/500.jpg
17-08-2015,Five books on the legacy of the 1953 coup in Iran,"On anniversary of Mossadegh’s downfall, neither Iranian, American nor British authors can agree on its significance, says <strong>Gareth Smyth</strong> ",https://www.theguardian.com/world/iran-blog/2015/aug/17/iran-1953-coup-books,https://static.guim.co.uk/sys-images/Guardian/Pix/pictures/2015/8/16/1439688441082/19285b4b-3751-4cdf-9cde-c79ef4e7614f-460x276.jpeg
18-08-2015,Drunk airBaltic crew included co-pilot at seven times legal alcohol limit,Second officer given six months’ jail while captain and flight attendants also face proceedings after tip-off stopped them taking charge of flight from Norway,https://www.theguardian.com/world/2015/aug/18/drunken-airbaltic-crew-included-co-pilot-at-seven-times-legal-alcohol-limit,https://static.guim.co.uk/sys-images/Guardian/Pix/pictures/2015/8/18/1439856188519/9d7d8b9a-6be9-415e-85a8-cec6089296ba-460x276.jpeg
19-08-2015,Iranians must take responsibility for their role in the 1953 coup,"The CIA-backed overthrow of Iran’s popular prime minister only succeeded because it supported by thousands of ordinary citizens, argues <strong>Shervin Malekzadeh</strong>",https://www.theguardian.com/world/iran-blog/2015/aug/19/iranians-played-important-part-1953-coup,https://static.guim.co.uk/sys-images/Guardian/Pix/pictures/2015/8/11/1439250713053/8f76570d-f479-4976-a321-d96d21a96ba9-460x276.jpeg
20-08-2015,Cairo explosion: at least six injured in bomb attack near security building,"Blast happened close to state security building in Egyptian capital in the early hours of Thursday morning, wounding six police officers",https://www.theguardian.com/world/2015/aug/20/explosion-heard-in-cairo-casualties,https://media.guim.co.uk/9686505b2a33095a85ab88568edb28c4c5cf0139/0_273_4094_2459/500.jpg
21-08-2015,Chinese authorities investigate mass fish death near Tianjin explosion site,Photographs show thousands of dead fish floating in river only a few kilometres from scene of deadly explosion ,https://www.theguardian.com/world/2015/aug/21/chinese-authorities-investigate-mass-fish-death-near-tianjin-explosion-site,https://media.guim.co.uk/6cf6d5843614b48435a91e99700edbc32743a798/0_84_1464_878/500.jpg
22-08-2015,Chinese mock claims Beijing is most liveable city despite smog lifting,Social media users express incredulity that the capital was ranked the country’s best city to live in while disaster-hit Tianjin was ranked the second best,https://www.theguardian.com/world/2015/aug/22/chinese-mock-claims-beijing-is-most-liveable-city-despite-smog-lifting,https://media.guim.co.uk/6805ff13ee7b72a313006a00039275350269a951/0_182_3000_1801/500.jpg
23-08-2015,Deadly suicide bomb attack on Nato convoy in Kabul,"No group claims responsibility for the latest attack in the Afghan capital, in which three American contractors died ",https://www.theguardian.com/world/2015/aug/22/suicide-bomb-nato-convoy-kabul-afghanistan,https://media.guim.co.uk/79e56df3fd8ab09de19b5a8790c416a465b57893/0_0_5177_3105/500.jpg
24-08-2015,Greek election confusion raises fresh fears over ability to pay debts,Political mood becomes even more poisonous as former PM Antonis Samaras accuses Alexis Tsipras of acting like ‘drunk captain of a rudderless ship’,https://www.theguardian.com/world/2015/aug/24/greek-election-confusion-raises-fresh-fears-over-ability-to-pay-debts,https://media.guim.co.uk/b53619ad2ebc72c0f14c00ebae2d858489dff8f5/0_119_3543_2125/500.jpg
25-08-2015,"Saudi Arabia executed 175 people in past year, says Amnesty International","On average, one person every two days was put to death in kingdom, says new report, with figures for 2015 already ahead of those for whole of last year",https://www.theguardian.com/world/2015/aug/25/saudi-arabia-executed-175-people-amnesty-international,https://media.guim.co.uk/6faf3c482f191e73fa59147847081a559d144f78/0_0_4000_2400/500.jpg
26-08-2015,Four Britons confirmed dead after plane crashes during Quebec sightseeing flight,"Light aircraft came down in rural Canada resulting in the deaths of six people, including a French passenger and the pilot",https://www.theguardian.com/uk-news/2015/aug/25/four-britons-die-after-plane-crashes-during-sightseeing-flight-say-reports,https://media.guim.co.uk/5e6f4b5fd8c28837d948ca3cc05ae4c7ffc2d3d5/558_221_2441_1465/500.jpg
27-08-2015,"Tennessee will keep lethal injections for death row executions, court rules",Judge rejects claim from 33 death row inmates and says they did not prove the one-drug method led to a painful and lingering death,https://www.theguardian.com/world/2015/aug/27/tennessee-will-keep-lethal-injections-for-death-row-executions-court-rules,https://static.guim.co.uk/sys-images/Guardian/Pix/pictures/2015/8/27/1440632160783/21cbce41-7083-476d-b34e-66d65138a84b-460x276.jpeg
28-08-2015,Kim Jong-un hails accord between two Koreas while purging military officials,"Being nuclear-armed boosted North Korea’s bargaining power, says leader, with ‘catastrophic inter-Korean relations’ now on a better track",https://www.theguardian.com/world/2015/aug/28/kim-jong-un-hails-accord-between-two-koreas-while-purging-military-officials,https://static.guim.co.uk/sys-images/Guardian/Pix/pictures/2015/8/28/1440731886334/8854145c-1229-46b4-bfd2-f3bc7aa58b09-460x276.jpeg
29-08-2015,Talk of the town: French mayor's 'laboratory of the far right',"Robert Ménard is outraging the left in France, who view his policies in Béziers as ‘pure provocation’ against secularism and immigration",https://www.theguardian.com/world/2015/aug/29/french-mayor-beziers-accused-of-laboratory-of-the-far-right,https://media.guim.co.uk/b054e4af7fb445ae0a1b47982e76d66aaaf5faa5/114_0_2605_1563/500.jpg
30-08-2015,The Balkans are now the centre of Europe’s people smuggling web,"Only a day after 71 people suffocated in a chicken lorry, three children were rescued from a crammed truck in Austria. All had been on a perilous road route controlled by criminal gangs",https://www.theguardian.com/world/2015/aug/30/balkans-now-centre-of-europes-people-smuggling-web,https://static.guim.co.uk/sys-images/Guardian/Pix/pictures/2015/8/29/1440868630970/Forensic-police-officers--005.jpg
31-08-2015,"For art to survive in Iran, trendy urbanites have to like it","Iranian designers are using traditional art as inspiration for new work, but their market is very much the urban elite",https://www.theguardian.com/world/iran-blog/2015/aug/31/traditional-iran-art-inspiration-new-designers,https://static.guim.co.uk/sys-images/Guardian/Pix/pictures/2015/8/27/1440704016061/3180e0d5-0739-4fcd-a9b5-fb3dc6b25abb-460x276.png
01-09-2015,New Zealand announces final shortlist for new flag design – as it unfurled,"The national flag consideration panel has published its list of four alternative designs, to be voted on in a public referendum",https://www.theguardian.com/world/live/2015/sep/01/new-zealand-announces-final-shortlist-for-new-flag-design-live,https://media.guim.co.uk/a3f5750f579cd4963b38c8ebaf7a111ae63b4402/0_0_2500_1500/500.jpg
02-09-2015,Otto Pérez Molina loses presidential immunity in Guatemala congress vote,Opposition cheers decision that paves way for outgoing president to face prosecution in sprawling customs corruption case,https://www.theguardian.com/world/2015/sep/02/otto-perez-molina-loses-presidential-immunity-in-guatemala-congress-vote,https://static.guim.co.uk/sys-images/Guardian/Pix/pictures/2015/9/2/1441155053216/2ad00168-3a93-40d7-9d86-b620af348484-460x276.jpeg
03-09-2015,Germany greets refugees with help and kindness at Munich central station,Volunteers sort through piles of donations and police hand out bars of chocolate on the frontline of Europe’s migration crisis,https://www.theguardian.com/world/2015/sep/03/germany-refugees-munich-central-station,https://media.guim.co.uk/e21688bff29c9304f34ed6ae8234715916c8f99e/0_74_3910_2347/500.jpg
04-09-2015,"Palestine mountain gazelle now endangered, say scientists","Zoologists report that just 2,000 identified individuals of the species remain after a dramatic decline in the past 15 years<br>",https://www.theguardian.com/world/2015/sep/04/palestine-mountain-gazelle-now-endangered-say-scientists,https://media.guim.co.uk/9e615f099272bf088923213274221192ba5b84f4/26_472_6040_3624/500.jpg
05-09-2015,Cairo street traders squeezed out in push to make city 'revolution free',Unregulated markets that burgeoned after Egypt’s popular uprising are under attack from city authorities suspected of seeking to smother free expression ,https://www.theguardian.com/world/2015/sep/05/cairo-street-traders-squeezed-out-city-revolution-free,https://media.guim.co.uk/e19e6fa0e2de2d3ba955daad0ef7ccf81f77d7e4/0_134_3500_2100/500.jpg
06-09-2015,Tianjin blasts: plans to turn site into 'eco park' mocked on Chinese social media,Netizens describe proposal to rehabilitate explosion crater into lake as ‘disgusting’ with many concerned the blast site will remain a toxic mess for years,https://www.theguardian.com/world/2015/sep/06/tianjin-blasts-plans-to-turn-site-into-eco-park-mocked-on-chinese-social-media,https://media.guim.co.uk/a85954b45627dd82f5362deeb2ba7406424bb99e/0_91_4000_2403/500.jpg
07-09-2015,"Israel plans to demolish 13,000 Arab buildings in West Bank, UN says","UN finds only 33 of 2,020 Palestinian planning applications approved, with demolitions causing poverty and leaving families in ‘state of chronic uncertainty’",https://www.theguardian.com/world/2015/sep/07/israel-demolish-arab-buildings-west-bank-un-palestinian,https://media.guim.co.uk/86504c4b2c7c532222cc51b3b5de77998aec0248/0_53_2816_1690/500.jpg
08-09-2015,Lone wolf terrorists often reveal plans before committing violence – study,"Researchers also find lone wolves tend to be older, less educated and have higher rates of mental illness and prior criminal history than extremist group members ",https://www.theguardian.com/world/2015/sep/08/lone-wolf-terrorists-often-reveal-plans-before-committing-violence-study,https://media.guim.co.uk/a8f955553f18138be58686b77fad93c732f09230/274_104_2219_1332/500.jpg
09-09-2015,Pacific leaders voice frustration over Australia's position on climate change,Kiribati president says any attempt to water down a commitment to curb global warming would be a ‘betrayal’ and that there will be no compromise on target<br>,https://www.theguardian.com/world/2015/sep/09/pacific-leaders-voice-frustration-over-australias-position-on-climate-change,https://media.guim.co.uk/fe1131d433d5d4bad20ffaa3109bb86351ea4dbb/0_0_3500_2102/500.jpg
10-09-2015,Singapore elections: Lee Hsien Loong faces toughest test yet,"As the PM goes to the polls for the first time without his popular father, he will be hoping Lee Kuan Yew’s wide support base did not die with him",https://www.theguardian.com/world/2015/sep/10/singapore-elections-lee-hsien-loong-faces-toughest-test-yet,https://media.guim.co.uk/01827552010bfa8014d8865aaae71986f08c6a18/0_0_3500_2100/500.jpg
11-09-2015,Venezuela opposition leader Leopoldo López jailed for nearly  14 years,"López is found guilty in a closed-door trial, decried as politically motivated, of inciting violence in his role as the leader of a 2014 protest movement",https://www.theguardian.com/world/2015/sep/11/venezuela-opposition-leader-leopoldo-lopez-sentenced-to-14-years-in-jail,https://media.guim.co.uk/c85913c3da59d1b3162deed6445b5b9b43783b17/0_0_3000_1801/500.jpg
12-09-2015,Indian forces in Kashmir accused of human rights abuses cover-up,"Rights groups say 150 top officers among Indian security forces accused of killings, abductions, torture and sexual violence in disputed region",https://www.theguardian.com/world/2015/sep/12/indian-forces-kashmir-accused-human-rights-abuses-coverup,https://media.guim.co.uk/eec0c498032596f5b7dbe5ced6dde3a168dcd234/0_0_3811_2285/500.jpg
13-09-2015,Bangkok bombing: police issue photo of suspect Abu Dustar Abdulrahman,More confusion as police initially call Abu Dustar Abdulrahman a Uighur but later withdraw the ethnic description and state only that he is Chinese,https://www.theguardian.com/world/2015/sep/13/bangkok-bombing-police-issue-photo-of-suspect-abu-dustar-abdulrahman,https://static.guim.co.uk/sys-images/Guardian/Pix/pictures/2015/9/13/1442114698316/0dd6ec38-4b7b-4de7-8bc0-3634ecfe249c-bestSizeAvailable.jpeg
14-09-2015,"Vodafone's 'unforgivable' hacking of journalist's phone must be investigated, says union",Vodafone has admitted an employee accessed a Fairfax journalist’s phone data in 2011 after she revealed a serious data breach by the company,https://www.theguardian.com/world/2015/sep/14/unforgivable-hacking-of-journalists-phone-must-be-investigated-says-union,https://media.guim.co.uk/7cba9de789a4abf0604228f00616488abc25990a/0_93_2706_1622/500.jpg
15-09-2015,World’s longest continental volcano chain discovered in Australia,"The 2000km-long chain, which started forming 33m years ago, runs along the country’s east from the Whitsundays in Queensland to near Melbourne",https://www.theguardian.com/world/2015/sep/15/worlds-longest-continental-volcano-chain-discovered-in-australia,https://media.guim.co.uk/229a5b2acd0a31066e3577d79f071da5419cbe67/0_0_2279_1368/500.jpg
16-09-2015,"Australian fighter jets bomb Isis tank in east Syria airstrike, says Kevin Andrews",Defence minister confirms Australian Hornet fighter aircraft destroyed an Isis armoured personnel carrier in ‘first successful’ strike on Monday,https://www.theguardian.com/world/2015/sep/16/australian-planes-carry-out-first-successful-airstrikes-in-eastern-syria,https://media.guim.co.uk/c183f40bfcaba8d24d76a609bd8a53098b073cc9/0_71_3600_2160/500.jpg
17-09-2015,Four refugees detained by Australia on Nauru volunteer to resettle in Cambodia,Three Iranians and a Rohingya from Myanmar are among hundreds of refugees and asylum seekers detained in detention centre on the South Pacific island,https://www.theguardian.com/world/2015/sep/17/four-refugees-detained-by-australia-on-nauru-volunteer-to-resettle-in-cambodia,https://media.guim.co.uk/0d0368c580f742257f52eb185617606c4c3636a4/0_0_2203_1322/500.jpg
18-09-2015,"Canada election 2015: second debate focuses on economy, oil and refugees","Parties of Conservative Stephen Harper, New Democrat Tom Mulcair and Liberal Justin Trudeau have been in dead heat since election called in early August",https://www.theguardian.com/world/2015/sep/18/canada-election-2015-second-debate-focuses-on-economy-oil-and-refugees,https://media.guim.co.uk/bcc014d8ad35fe82d2762f111ad1d529db17b208/0_0_4847_2908/500.jpg
19-09-2015,"China is open to the world's media, Xi Jinping tells Rupert Murdoch","The media mogul, who is thought to be reexamining opportunities in China, was reassured about press freedoms in a meeting with the president in Beijing ",https://www.theguardian.com/world/2015/sep/19/china-is-open-to-the-worlds-media-xi-jinping-tells-rupert-murdoch,https://media.guim.co.uk/ef5f158c956dd53aad4b43807c94e9d2892489a5/0_106_3500_2101/500.jpg
20-09-2015,"Greek election: Leftwing Syriza on course for narrow victory, exit polls show",Snap exit polls put Syriza slightly ahead but election remains too close to call after sluggish turnout throughout polling day,https://www.theguardian.com/world/2015/sep/20/voting-starts-in-greek-election-with-alexis-tsipras-narrowly-ahead-in-polls,https://media.guim.co.uk/26167218dc0d50802073e2421e0ce7d5da514369/0_154_3500_2101/500.jpg
21-09-2015,Peter Dutton seeks to end transgender activist's appeal over cancelled visa,"US activist Monica Jones, who was stopped on entry to Australia, accused immigration department of sharing information with Border Security TV show",https://www.theguardian.com/world/2015/sep/21/peter-dutton-seeks-to-end-transgender-activists-appeal-over-cancelled-visa,https://static.guim.co.uk/sys-images/Guardian/Pix/pictures/2015/9/21/1442795197666/7b2ac917-94f1-43e7-9d72-9d0f130fec7c-460x276.jpeg
22-09-2015,Pope Francis in Cuba: pontiff arrives in Santiago - as it happened,"Live coverage as Pope Francis continues his visit to Cuba, where he officiated an open mass for more than a hundred thousand people in Holguín",https://www.theguardian.com/world/live/2015/sep/21/pope-francis-in-cuba-pontiff-to-hold-mass-in-holguins-revolution-square-live,https://media.guim.co.uk/8d3af3262f5246b7424720343308e86236e91a94/0_195_4928_2956/500.jpg
23-09-2015,China admonishes Malcolm Turnbull on South China Sea comments,Australia’s new prime minister told the ABC on Monday that island-building in the disputed area was ‘pushing the envelope’ of acceptable behaviour,https://www.theguardian.com/world/2015/sep/23/china-admonishes-malcolm-turnbull-on-south-china-sea-comments,https://media.guim.co.uk/b57ae6391e3b69dbd5ddb275d32dc6d219914f90/0_308_3898_2340/500.jpg
24-09-2015,Farc peace talks: Colombia nears historic deal after agreement on justice and reparations,Colombia’s president joins chief of leftist Farc rebels in saying the two sides had agreed on a formula for transitional justice for conflict-related crimes ,https://www.theguardian.com/world/2015/sep/24/farc-peace-talks-colombia-nears-historic-deal-after-agreement-on-justice-and-reparations,https://media.guim.co.uk/e1dfc3ebea3f360f66b08b7dca8f5f5eb6445ea5/342_155_3141_1884/500.jpg
25-09-2015,Japan happy to build submarines in Australia if it wins bid for $20bn project,Japan’s ambassador to Australia says the two countries have ‘a very good relationship’ in move which could ease fears about jobs going offshore,https://www.theguardian.com/world/2015/sep/25/japan-happy-to-build-submarines-in-australia-if-it-wins-bid-for-20bn-project,https://media.guim.co.uk/6067795c863ddeb6d34c0c39fdcda36ac8e29906/0_119_3600_2158/500.jpg
26-09-2015,Pope's mass at Madison Square Garden wraps indelible day across New York,"Pontiff implores the cities of the world to help ‘people who stand at the edges of our streets in deafening anonymity’ in front of hushed crowd of over 20,000",https://www.theguardian.com/world/2015/sep/25/pope-mass-madison-square-garden-new-york-city,https://media.guim.co.uk/01b2fd1bf6333558a7d7149582845f0c98248f0b/0_93_2927_1755/500.jpg
27-09-2015,Pope in Philadelphia: forceful vision for families may roil conservatives – live,"Free-wheeling remarks at World Meeting of Families focus on children and grandparents, not abortion or same-sex marriage",https://www.theguardian.com/world/live/2015/sep/26/pope-francis-visits-philadelphia-us-tour-live,https://media.guim.co.uk/54fea1829a37ed6ff8aa4de107a8863aff1a9330/0_0_1240_744/500.jpg
28-09-2015,Pope Francis departs US after historic tour from Havana to Philadelphia - as it happened,Final day of visit sees pontiff visit prison in City of Brotherly Love before mass for conclusion of the World Meeting of Families,https://www.theguardian.com/world/live/2015/sep/27/pope-francis-philadelphia-us-visit-live,https://static.guim.co.uk/sys-images/Guardian/Pix/pictures/2015/9/28/1443397473732/5c29ba04-f75d-401d-a40f-5c55e9c9c6e6-460x276.jpeg
29-09-2015,New Zealand's new ocean sanctuary will be one of world's largest protected areas,"The Kermadec ocean sanctuary, in the South Pacific and spanning 620,000 sq km, expands an existing reserve surrounding the Kermadec Islands",https://www.theguardian.com/world/2015/sep/29/new-zealands-new-ocean-sanctuary-will-be-one-of-worlds-largest-protected-areas,https://media.guim.co.uk/59b9f1c51cc51dccbb6d9d875dd11255bd05f18b/0_0_591_355/500.jpg
30-09-2015,Pope's dislike of Rome mayor revealed in prank call on radio programme,Tensions between Pope Francis and Rome mayor Ignazio Marino first revealed in US and then call to Vatican official,https://www.theguardian.com/world/2015/sep/30/pope-francis-criticises-romes-mayor-as-a-pretend-catholic,https://media.guim.co.uk/be79932f318fce63ff4b1257aae4e19c5d80f5a9/0_53_3883_2330/500.jpg
01-10-2015,Calls for inequality to be tackled in South Africa as violent crime rises,Vigilante killings and mistrust of police come as figures show that 49 people are murdered every day in South Africa,https://www.theguardian.com/world/2015/oct/01/south-africa-violent-crime-murders-increase-inequality,https://media.guim.co.uk/6c905705d3fc75bb1a0f459cec68aa81af59870b/543_809_2853_1711/500.jpg
02-10-2015,Qur'an verses dating from seventh century go on view in Birmingham,Some of the earliest surviving pages of the Qur’an in the world were discovered by an Italian scholar in a volume in the Birmingham university library,https://www.theguardian.com/world/2015/oct/02/quran-verses-dating-from-seventh-century-go-on-view-in-birmingham,https://media.guim.co.uk/5d71bf31e08a7596de94186b7ebf36388c27d38a/732_626_4009_2406/500.jpg
03-10-2015,"Suspect in Chinese parcel bombings was killed in the blasts, police say",The claim that a 33-year-old quarry worker was responsible for killing 10 people in Guangxi appeared to contradict earlier police statements,https://www.theguardian.com/world/2015/oct/03/suspect-in-chinese-parcel-bombings-was-killed-in-the-blasts-police-say,https://media.guim.co.uk/59b5fc4163c713d05c777d11663ac98787ede415/0_112_4096_2460/500.jpg
04-10-2015,Barack Obama promises full probe into suspected US airstrike on Kunduz hospital,"Médecins Sans Frontières says patients burned to death in their hospital beds in a bombing raid the UN describes as a ‘tragic, inexcusable’ war crime",https://www.theguardian.com/world/2015/oct/04/barack-obama-promises-full-probe-into-suspected-us-airstrike-on-kunduz-hospital,https://media.guim.co.uk/a703d51b2fb69ef7ca7d3d7592ef1cc582cc7bca/0_0_1838_1103/500.jpg
05-10-2015,Brand Khomeini gets a facelift,"In Tommy Hilfiger or clerical robes, 18-year-old Instagram-savvy Ahmad Khomeini has his eye on politics",https://www.theguardian.com/world/iran-blog/2015/oct/05/instagram-savvy-khomeini-heir,https://static.guim.co.uk/sys-images/Guardian/Pix/pictures/2015/9/23/1443029744748/ccb8b5ec-6d43-48d2-969b-e7b18fe6888d-460x276.jpeg
06-10-2015,American Airlines pilot dies during flight from Phoenix to Boston,Co-pilot safely landed flight carrying 147 passengers after calling airport tower to say ‘Medical emergency. Captain is incapacitated’ on Monday,https://www.theguardian.com/world/2015/oct/05/american-airlines-pilot-dies-mid-flight,https://media.guim.co.uk/a446cff8a6e839431429ba18dd06068accd620ea/0_0_4160_2500/500.jpg
07-10-2015,No change in accommodation for Nauru detainees despite 'end of detention',Nauruan government says those found to be refugees will be allowed to stay for up to 10 years but can apply to resettle in Cambodia now,https://www.theguardian.com/world/2015/oct/07/no-change-in-accommodation-for-nauru-detainees-despite-end-of-detention,https://media.guim.co.uk/383060e98c30bda7494ee42bdb2bee9a36b0d59c/0_38_593_356/500.jpg
08-10-2015,"Chinese hospitals still offering gay 'cure' therapy, film reveals",Channel 4’s Unreported World finds doctors prescribing drugs and electric shocks to gay men and lesbians despite Beijing legalising homosexuality in 1997,https://www.theguardian.com/world/2015/oct/08/chinese-hospitals-still-offering-gay-cure-therapy-documentary-reveals,https://media.guim.co.uk/0d882a7579bd1a80634d667c055e613be16982d4/0_160_3577_2145/500.jpg
09-10-2015,US naval manoeuvres in South China Sea risk clash with Beijing,China expresses concern about reports that the US is preparing to send warships around the disputed Spratly islands ,https://www.theguardian.com/world/2015/oct/09/us-naval-manoeuvres-in-south-china-sea-risk-clash-with-beijing,https://media.guim.co.uk/59b7bc9092679d8a509352f883303a574bfe76fc/0_76_2200_1319/500.jpg
10-10-2015,Detained Chinese lawyer's 16-year-old son disappears while trying to flee to US,"Bao Zhuoxuan, son of human rights lawyer Wang Yu, planned to meet activists in Thailand after slipping out of China across its border with Myanmar",https://www.theguardian.com/world/2015/oct/10/detained-chinese-lawyers-16-year-old-son-disappears-while-trying-to-flee-to-us,https://media.guim.co.uk/d9c0c7c6633d34e6b261237d01d8206315f7d113/0_25_3500_2099/500.jpg
11-10-2015,Turkey terror attack: mourning after scores killed in Ankara blasts,Death toll climbs after blasts in Turkish capital during protests against conflict between state and Kurdish militants,https://www.theguardian.com/world/2015/oct/10/turkey-suicide-bomb-killed-in-ankara,https://media.guim.co.uk/761373b881e5b82789ae65f1d1149c1aaec082e2/0_148_3500_2102/500.jpg
12-10-2015,Somali refugee raped on Nauru brought to Australia for pregnancy termination,"The 23-year-old woman, who had for several weeks been requesting transfer but had been refused, was flown to Brisbane late on Sunday",https://www.theguardian.com/world/2015/oct/12/somali-refugee-raped-on-nauru-brought-to-australia-for-pregnancy-termination,https://media.guim.co.uk/0a7b5c058a65f0259685a2c5b99e77856ce15138/0_384_5760_3456/500.jpg
13-10-2015,UN: lack of whistleblower protection has 'chilling' effect on exposing wrongdoing,"Report by UN special rapporteur David Kaye says, unlike Edward Snowden, many national-security whistleblowers ‘struggle for attention and response’",https://www.theguardian.com/world/2015/oct/13/un-lack-of-whistleblower-protection-has-chilling-effect-on-exposing-wrongdoing,https://media.guim.co.uk/0427888a4c829af524c7241913c96610b3a2bd1c/0_0_3000_1802/500.jpg
14-10-2015,Australia writes to Morrissey and Brigitte Bardot to defend plan to kill cats,"Letter to singer, who called the plan ‘idiocy’ and actor, who said it was ‘animal genocide’, says feral cats have caused the extinction of 27 native species",https://www.theguardian.com/world/2015/oct/14/australia-writes-morrissey-brigitte-bardot-defend-cull-feral-cats,https://media.guim.co.uk/da9c89ffb9c534c49fb81394df977f13fef39069/0_629_2608_1565/500.jpg
15-10-2015,Stephen Harper: master manipulator | Nick Davies,"<strong>The long read:</strong> Despite several scandals worthy of Watergate over the past decade, Stephen Harper could win a fourth Canadian election next week. Can the master manipulator work his dark magic?",https://www.theguardian.com/world/2015/oct/15/stephen-harper-master-manipulator,https://media.guim.co.uk/2ef985b28969f59bc8664e23299a93d755be605f/0_402_3598_2158/500.jpg
16-10-2015,Fears for Angolan rapper on hunger strike as health deteriorates,"In an interview before his arrest, Luaty Beirão railed against President Dos Santos and called for urgent change ahead of the 40th anniversary of independence ",https://www.theguardian.com/world/2015/oct/16/angola-rapper-hunger-strike-luaty-beirao-interview,https://media.guim.co.uk/b26ed10b4ba6609e5b881563ac829d7d0d1fa498/0_54_4705_2823/500.jpg
17-10-2015,Tensions high in Israel after attacks on Joseph's Tomb and soldier,Israel expands east Jerusalem checkpoints as UN security council prepares to meet at Jordan’s request to discuss recent violence,https://www.theguardian.com/world/2015/oct/16/israel-tensions-high-josephs-tomb-fire-solder-stabbed,https://media.guim.co.uk/e546a20c7cb11293e10af914adfa02c9daa9c5e6/0_187_5184_3108/500.jpg
18-10-2015,Canada elections: Stephen Harper rallies diehards in final poll push,"In Toronto’s ‘Harperland’ suburbs, the prime minister is hoping that his record on the economy will be enough to hold off his Liberal challenger",https://www.theguardian.com/world/2015/oct/18/canada-elections-stephen-harper-rallies-diehards-in-final-poll-push,https://media.guim.co.uk/27b184ac12ed2af069e0dc71e12e06f7ff63f392/131_131_2794_1676/500.jpg
19-10-2015,"Battle for Aleppo threatens to create fresh refugee exodus, says Turkish PM","Germany prepared to accelerate Turkey’s EU membership process in exchange for help as Slovenia cuts refugee intake, creating bottlenecks along route",https://www.theguardian.com/world/2015/oct/18/battle-aleppo-refugee-exodus-says-turkish-pm-merkel-germany-membership-eu,https://media.guim.co.uk/2959baf418e531876f7803bd361f982250f6753a/0_22_1531_919/500.jpg
20-10-2015,The view from China: 'golden friendship' with UK not yet a love affair,"As President Xi Jinping arrives in London for a state visit, Chinese media warn the diplomatic freeze has not entirely thawed",https://www.theguardian.com/world/2015/oct/20/view-from-china-golden-friendship-uk-not-yet-love-affair-xi-jinping,https://media.guim.co.uk/91eefb1d7ac6f7c2f32e4f096cbad19e3f1b5e53/0_0_3500_2100/500.jpg
21-10-2015,Government withdraws funding offer for Bjørn Lomborg centre,Education minister Simon Birmingham tells Senate estimates the decision was taken by predecessor Christopher Pyne ,https://www.theguardian.com/world/2015/oct/21/government-withdraws-funding-lomborg-centre-university,https://media.guim.co.uk/87df14096e49dfe62bd982f8fe217f29f9f91118/0_0_1950_1170/500.jpg
22-10-2015,Police carry out more raids on Save the Children staff at Nauru detention centre,"Laptops, phones and computers searched by Nauruan police at detention centre",https://www.theguardian.com/world/2015/oct/22/police-carry-out-more-raids-on-save-the-children-staff-at-nauru-detention-centre,https://media.guim.co.uk/fc4bb9785b40a2ae1b6af4c6f775095574b23869/490_0_1601_961/500.jpg
23-10-2015,A principled but uncertain man: the life of Iran's 'Dissident Mullah',"A new biography of Ayatollah Montazeri stands on its own merits, says <strong>Gareth Smyth</strong>, as February’s election for the body that elects the supreme leader looms",https://www.theguardian.com/world/iran-blog/2015/oct/23/iran-grand-ayatollah-montazeri-dissident-mullah-supreme-leader,https://static.guim.co.uk/sys-images/Guardian/Pix/pictures/2015/10/19/1445251642150/355ec266-c322-4ed0-89f1-c80d3e9ebef3-460x276.jpeg
24-10-2015,Justin Trudeau: Canada's new prime minister faces great expectations,"Win signaled a political dynasty voters could believe in, yet the new PM’s career has been met with Liberal detractors and feeling the weight of a country",https://www.theguardian.com/world/2015/oct/24/justin-trudeau-canada-prime-minister-great-expectation,https://media.guim.co.uk/038d9b77f3e904242cf59222f5301bfdf9862a9f/0_13_2598_1558/500.jpg
25-10-2015,Underwear thief used custom-made fishing rod to steal more than 285 bras,"Chinese man also amassed 185 worn panties and 102 other pieces of clothing in his three-year spree, enough for police to launch a criminal case ",https://www.theguardian.com/world/2015/oct/25/china-underwear-thief-custom-made-fishing-rod-steal-285-bras,https://static.guim.co.uk/sys-images/Guardian/Pix/pictures/2015/10/25/1445737267087/c0dbf3cb-46e5-4ba0-b45d-f0eb70030eb1-460x276.jpeg
26-10-2015,Argentina's presidential election headed for second round after no clear winner,"Preliminary results put ruling coalition’s Daniel Scioli and opposition candidate, Mauricio Macri, neck and neck<br>",https://www.theguardian.com/world/2015/oct/26/argentinas-presidential-election-headed-for-second-round-after-no-clear-winner,https://media.guim.co.uk/70146d296488dfd876845298d81ad653d77bbbe6/0_0_2214_1328/500.jpg
27-10-2015,"Australians should limit but not stop eating red meat, say experts","World Health Organisation finds processed meats such as sausages and ham carry an increased risk of bowel cancer, and red meat ‘probably’ does too",https://www.theguardian.com/world/2015/oct/27/australians-should-moderate-but-not-banish-red-meat-intake-say-experts,https://media.guim.co.uk/f3dfe09312277c3bed5451c47b236b6b570d2a54/0_0_3718_2232/500.jpg
28-10-2015,California edging back towards executions with lethal injection plan,Prison officials draw up single-drug protocol but death penalty has not been carried out since 2006 and public support is in decline,https://www.theguardian.com/world/2015/oct/28/california-edging-back-towards-executions-with-lethal-injection-plan,https://static.guim.co.uk/sys-images/Guardian/Pix/pictures/2015/10/27/1445990226899/52b1d812-af47-4f52-8b3e-4c03f14abaab-460x276.jpeg
29-10-2015,Arab states pose 'critical' risk of defence corruption,Watchdog says Middle Eastern governments involved in arms dealing are continuing threat to regional security and stability,https://www.theguardian.com/world/2015/oct/29/arab-states-critical-risk-defence-corruption-arms-dealing,https://media.guim.co.uk/10752aaa6a9133f08d30d9185ea33283366a439f/0_57_3500_2101/500.jpg
30-10-2015,China warns US it could spark war with 'provocative acts' in South China Sea,Beijing’s top admiral issues the warning during teleconference talks with his US counterpart aimed at defusing tension in the region,https://www.theguardian.com/world/2015/oct/30/us-and-china-agree-to-cooperate-despite-tensions-over-south-china-sea,https://media.guim.co.uk/73df69d1a27d9843ac234f9326a97fa8e3eb64c5/599_0_3483_2091/500.jpg
31-10-2015,Dozens killed in fireworks accident at Bucharest nightclub,At least 27 people died and another 180 were injured after pyrotechnic display sparked blaze during concert at Colectiv venue in Romanian capital,https://www.theguardian.com/world/2015/oct/30/dozens-killed-explosion-bucharest-nightclub,https://media.guim.co.uk/a2c4e94ec1792722de3ddd1b25e93617087125b4/0_135_3500_2099/500.jpg
01-11-2015,Britain’s fawning over China is shameful and utterly cynical | letters,How cheaply the British government throws away its beliefs in human rights and democracy,https://www.theguardian.com/theobserver/2015/nov/01/letters-china-xi-jinping-britain-visit,https://media.guim.co.uk/56938328f05fe03e633ba2f5734d38c1c72acd5e/0_124_2837_1704/500.jpg
02-11-2015,"UK and German economies 'the beating heart of Europe', says George Osborne",Chancellor praises western economies before talks with German finance minister ,https://www.theguardian.com/world/2015/nov/02/uk-and-german-economies-are-the-beating-heart-of-europe-says-osborne,https://media.guim.co.uk/384bfe2e2ef40aeb07a10c09101b631f00159412/43_125_3530_2119/500.jpg
03-11-2015,Three-legged tiger bites woman who broke into Nebraska zoo to pat it,A reportedly drunk woman suffers serious hand injury after sneaking into Henry Doorly Zoo and reaching into tiger enclosure,https://www.theguardian.com/world/2015/nov/03/three-legged-tiger-bites-woman-who-broke-into-nebraska-zoo-to-pat-it,https://media.guim.co.uk/c1da8428f538c30036cd0a24b176a1f607b92138/1085_490_914_549/500.jpg
04-11-2015,"Gender pay gap plans fail women over 40, says former equalities minister",Maria Miller launches inquiry into unequal pay that promises to ‘fill the gap in government thinking’ and ‘tackle the gender pay gap where it hits the hardest’,https://www.theguardian.com/world/2015/nov/04/gender-pay-gap-measures-women-over-40-equalities-minister,https://media.guim.co.uk/bee03314069000ecfa42fd3fbce8abc03ec320b0/0_129_3500_2099/500.jpg
05-11-2015,"Russian plane crash in Egypt may have been result of bomb, US and UK say – as it happened",Live updates as British government grounds Sharm el-Sheikh flights<br>Statement came from Downing Street ahead of visit by Egyptian president<br>Follow live updates<br>,https://www.theguardian.com/world/live/2015/nov/04/russian-plane-crash-may-have-been-caused-by-explosive-devcice-uk-says-live,https://media.guim.co.uk/1e3f9ea588c89bc3b5e4dec75981bd9995716464/0_161_3500_2101/500.jpg
06-11-2015,Libyan faction demands explanation from UN over envoy,"Islamist-backed government complains about UAE’s hiring of Bernardino León as head of state-backed thinktank, which ‘casts doubt on his credibility’ <br>",https://www.theguardian.com/world/2015/nov/06/libyan-faction-demands-explanation-from-un-over-envoy,https://static.guim.co.uk/sys-images/Guardian/Pix/pictures/2015/11/6/1446770268457/aa3eca91-0b7b-4a17-97a8-d47707c58054-460x276.jpeg
07-11-2015,Aung San Suu Kyi looks to Myanmar poll victory at climax of lifelong campaign,"NLD is expected to sweep to power this weekend, but she is barred from the presidency – and may not carry the same love she did 25 years ago",https://www.theguardian.com/world/2015/nov/07/aung-san-suu-kyi-myanmar-poll-campaign-election,https://media.guim.co.uk/ec82f1aa853d142cb9e51fd8344958db6b9e5aa2/0_0_1951_1171/500.jpg
08-11-2015,Labour MPs ‘would defy Corbyn’ on Syria action after Egypt air crash,Senior MP claims most colleagues would back plans to deploy troops in response to feared terrorist attack on Russian airliner,https://www.theguardian.com/world/2015/nov/07/labour-mps-ready-to-defy-corbyn-over-syria-troops,https://media.guim.co.uk/c78c10177890de8bcf4127bc835bbe65f8a4bb08/0_199_3500_2100/500.jpg
09-11-2015,Airpocalypse now: China pollution reaching record levels,In some areas level of harmful particles in the air were 56 times the levels considered safe by the World Health Organisation,https://www.theguardian.com/world/2015/nov/09/airpocalypse-now-china-pollution-reaching-record-levels,https://media.guim.co.uk/4ec7bebeac69b832701ac8247ab1fcf79bdb8124/0_75_4256_2555/500.jpg
10-11-2015,"UK surveillance bill could bring 'very dire consequences', warns Apple chief","‘Any back door is a back door for everyone,’ says Tim Cook of proposals to allow authorities to track citizens’ internet use without requiring warrant",https://www.theguardian.com/world/2015/nov/10/surveillance-bill-dire-consequences-apple-tim-cook,https://media.guim.co.uk/6531a38aa7f03a832e668cb4bc8c78bd27d56d90/0_88_4096_2458/500.jpg
11-11-2015,Calls for investigation into Saudi Arabia's actions in Yemen,Philip Hammond says UK will stop supplying weapons if kingdom is found to have breached humanitarian laws,https://www.theguardian.com/world/2015/nov/11/calls-for-investigation-into-saudi-arabias-actions-in-yemen,https://media.guim.co.uk/1333c0b67ff0d3ea9cb6b557a1feae0a9d03bb49/0_81_3500_2099/500.jpg
12-11-2015,Ebola nurse Pauline Cafferkey returns to Glasgow,"Royal Free hospital says Cafferkey has made full recovery and is no longer infectious, as nurse returns to hospital in Glasgow",https://www.theguardian.com/world/2015/nov/12/ebola-nurse-pauline-cafferkey-glasgow,https://media.guim.co.uk/c48e0a42b347a80666ade3d7254d46df90f3350d/210_134_2842_1704/500.jpg
13-11-2015,Victoria close to enforcing safe access zones at abortion clinics,Bill is passed 69 to 13 in the lower house and is expected to be debated in the Legislative Council before the end of the year ,https://www.theguardian.com/world/2015/nov/13/victoria-close-to-enforcing-safe-access-zones-at-abortion-clinics,https://media.guim.co.uk/50f9b1c7412a6a81ee21a9806230afc946e3f8e1/2132_483_1633_979/500.jpg
14-11-2015,Witness accounts from across Paris: 'I saw my final hour unfurl before me',"Amid reports that scores of people had been killed in Paris, witnesses spoke to journalists and wrote on social media about what they saw",https://www.theguardian.com/world/2015/nov/13/eyewitness-accounts-paris-attacks,https://media.guim.co.uk/7a36203ea2d983e7b745462d96af77359459790e/0_155_4096_2457/500.jpg
15-11-2015,The Syrian women fighting to save their city,A documentary maker from Aleppo has filmed the story of female activists facing the twin enemies of Assad and Isis,https://www.theguardian.com/world/2015/nov/15/syrian-women-fighting-to-save-aleppo,https://media.guim.co.uk/bc08370fab6de17cf415b56c6c53259f4d84f36e/0_0_4750_2851/500.jpg
22-11-2015,"Paris stories: the trauma expert, the rescuer, the victims, the survivor, the heroine","From ordinary people’s extraordinary acts of bravery to the experts taken aback by the savagery in Paris, we hear of those who were there, those who are dealing with the aftermath - and those who died",https://www.theguardian.com/world/2015/nov/22/paris-attack-stories-trauma-expert-police-rescuer-victims-survivor-heroine,https://media.guim.co.uk/f0645031506e48e0a195b73b5513488a61e65686/0_0_5760_3455/500.jpg
23-11-2015,Manchester airport passenger numbers reach record levels,Airport handles 23 million passengers in year for first time despite plane numbers falling since controversial runway built,https://www.theguardian.com/world/2015/nov/23/manchester-airport-passenger-numbers-reach-record-levels,https://media.guim.co.uk/2e74be2c49ae532fc3a8851906a61d68afd9a1ed/232_0_3045_1827/500.jpg
24-11-2015,Mining waste reaches Brazilian coast two weeks after BHP dam collapse,"Tide is expected to spread along a 5.5-mile stretch of coastline, threatening a nature reserve after killing plants and animals along 400 miles of the Rio Doce",https://www.theguardian.com/world/2015/nov/23/brazil-dam-collapse-mining-waste-reaches-ocean-rio-doce,https://media.guim.co.uk/1412b40a167fce47be20176ee79f83a58061a89b/0_10_3500_2101/500.jpg
25-11-2015,Last-minute reprieve for disabled man facing hanging in Pakistan,"Execution of Abdul Basit, who lost the use of his legs after contracting meningitis in prison, postponed as Pakistan nears 300 hangings a year<br>",https://www.theguardian.com/world/2015/nov/25/last-minute-reprieve-abdul-basit-disabled-man-hanging-pakistan,https://media.guim.co.uk/f4df6273f233d316b8b80687d60f7d117850a41e/42_16_1784_1070/500.jpg
26-11-2015,Broker's home searched after €20m fraud against Franciscan friars,"Friars Minor, an 800-year-old religious order, last year announced their coffers had been emptied",https://www.theguardian.com/world/2015/nov/26/brokers-home-searched-20m-franciscan-friars,https://media.guim.co.uk/4f1f488fe7512ae4b24396fb4c50a0f9582d59cf/0_147_1514_908/500.jpg
27-11-2015,Nick Xenophon urges inquiry into bugging of Timor-Leste oil and gas treaty talks,Independent senator says royal commission ‘only way to get to the truth’ of allegations Australia bugged Timor-Leste’s cabinet room during trade talks,https://www.theguardian.com/world/2015/nov/27/nick-xenophon-urges-inquiry-into-bugging-of-timor-leste-oil-and-gas-treaty-talks,https://media.guim.co.uk/d7a0ebae66034a072882c746ede6ec2930fcc2e8/0_64_4500_2702/500.jpg
28-11-2015,Beijing residents told to stay inside as smog levels soar,Air pollution in the Chinese capital has reached more than 15 times the safe level as smog engulfs large parts of the country,https://www.theguardian.com/world/2015/nov/28/beijing-residents-told-to-stay-inside-as-smog-levels-soar,https://media.guim.co.uk/3781301b5f1ce625bbdf9f30b5196d03ce3ff74a/0_164_3179_1907/500.jpg
29-11-2015,"George Galloway, Mark Rylance and Brian Eno join London protest over Syria airstrikes",Musician Eno tells ‘disappointingly small’ crowd that Britain will ‘dig itself into a deeper hole’,https://www.theguardian.com/world/2015/nov/29/london-dont-bomb-syria-protest-celebrities,https://media.guim.co.uk/8c2529a9874073c72e054402dceac27cfcdd2c62/0_0_3500_2101/500.jpg
30-11-2015,New portrait of Malala Yousafzai to go on show in Birmingham,"Standing three metres high, the scale of the painting is intended to reflect the huge impact Yousafzai has had on the world",https://www.theguardian.com/world/2015/nov/30/new-portrait-of-malala-yousafzai-to-go-on-show-in-birmingham,https://media.guim.co.uk/704ecdaf0a52413cfaeed697170d6615a6bc4031/447_705_3164_1899/500.jpg
01-12-2015,Welcome to Isis – have an avocado! Australian region stands by its name,"Isis district councillor says there are no plans to change the name of the Queensland district or its rugby league football team, the Isis Devils ",https://www.theguardian.com/world/2015/dec/01/welcome-to-isis-the-australian-region-that-wont-change-its-name-for-anyone,https://media.guim.co.uk/b6ff84cf75fce99e9e454a086c1869bdd205f0cf/50_87_1069_641/500.jpg
02-12-2015,Coca-Cola under fire over ad showing Coke handout to indigenous people," Campaign groups call for ban on promotional video, saying it attacks the dignity of native communities that have serious health and obesity problems",https://www.theguardian.com/world/2015/dec/02/coca-cola-under-fire-over-ad-showing-coke-handout-to-indigenous-people,https://media.guim.co.uk/284033d46ba4ce82857d170f417582f1ac94c643/69_0_533_320/500.jpg
03-12-2015,MH370: Australia believes it is looking in the right place,"Analysis confirms ‘highest probability’ search is on the right track, as deputy PM Warren Truss says three-quarters of ‘hot spot’ area has been scoured",https://www.theguardian.com/world/2015/dec/03/mh370-australia-believes-searching-right-place,https://media.guim.co.uk/edfb630c1399a8ff02d7ee13ad8ad94ca530dea5/163_197_1797_1079/500.jpg
04-12-2015,Protests in Ecuador as lawmakers approve unlimited presidential terms,Street demonstrations erupt as National Assembly passes constitutional amendment that paves way for Rafael Correa to be re-elected indefinitely,https://www.theguardian.com/world/2015/dec/04/protests-in-ecuador-as-lawmakers-approve-unlimited-presidential-terms,https://media.guim.co.uk/3a03f2190ebb90f3b53c28dee4ae6eddadbbc51f/0_239_3892_2334/500.jpg
05-12-2015,Italian wedding industry adapts to changing tastes as marriage rate falls,"Fewer Italians are getting married, in part because of the financial crisis, and experts say weddings are becoming less stuffy affairs",https://www.theguardian.com/world/2015/dec/05/italian-wedding-industry-adapts-to-changing-tastes-as-marriage-rate-falls,https://media.guim.co.uk/fdb6df4aef3e8d3bb380ff10e02b13e04a6e96c5/0_343_5123_3073/500.jpg
06-12-2015,Warplanes in Libyan skies may signal next major battle in fight to contain Islamic State,"Jihadis in Libya are seizing control of greater chunks of the fractured nation’s territory and imposing a rule of terror. As another strategic city, Ajdabiya, comes under Isis attack, military planners across Europe are preparing the way for Nato forces to intervene",https://www.theguardian.com/world/2015/dec/06/warplanes-libya-next-battlefront-isis-nato,https://media.guim.co.uk/8db8554cc0a64ab8f884866f0756c84b8b8c00f2/19_6_1112_667/500.jpg
07-12-2015,"Coronation of next monarch should reflect 'less Christian' Britain, report says",Commission identifies coronation and House of Lords as institutions that must adapt to reflect more secular and diverse values,https://www.theguardian.com/world/2015/dec/07/key-symbols-of-the-establishment-must-reflect-modern-britain-says-report,https://media.guim.co.uk/022853cf361bc803ccbbc4fb959d634465b300e9/47_97_3553_2132/500.jpg
08-12-2015,Gui Minhai: the strange disappearance of a publisher who riled China's elite,"A high profile book publisher is missing, raising questions over a deepening relationship between China and Thailand’s military junta",https://www.theguardian.com/world/2015/dec/08/gui-minhai-the-strange-disappearance-of-a-publisher-who-riled-chinas-elite,https://media.guim.co.uk/5fd6719885f9638f99cf7d011f6152e9129d43c5/0_0_5280_3168/500.jpg
09-12-2015,Cronulla riot rally injunction hearing delayed to give organiser more time,Party for Freedom’s Nick Folkes attends court dressed in white robe he describes as ‘Islamic garb’ – and judge agrees to stand matter down until later in week,https://www.theguardian.com/world/2015/dec/09/cronulla-riot-rally-injunction-hearing-delayed-to-give-organiser-more-time,https://media.guim.co.uk/2135d0f230b0892699ec6f7e774b3354495b0e19/33_195_2435_1462/500.jpg
10-12-2015,Airport straddles Mexican border with passenger bridge straight into US, Travellers hail ability to cross quickly between terminals in Tijuana and San Diego rather than spending hours at congested border posts,https://www.theguardian.com/world/2015/dec/10/airport-straddles-mexican-border-with-passenger-bridge-straight-into-us,https://media.guim.co.uk/c3a528313085e1b557165d1e31d1f2f0e530e8fe/153_0_3298_1978/500.jpg
11-12-2015,Naval veterans’ families invited to Battle of Jutland ceremony,Relatives of sailors who fought in the biggest naval battle of the first world war offered chance to attend centennial event in Orkney next year ,https://www.theguardian.com/world/2015/dec/11/naval-veterans-families-invited-to-battle-of-jutland-ceremony,https://media.guim.co.uk/2b4d8d68ff7962e2f84a50cdf46b64ac3458504c/83_204_5063_3040/500.jpg
12-12-2015,"The Gambia now an Islamic republic, says President Yahya Jammeh",Leader who quit Commonwealth in 2013 says Muslim-majority state will still respect others citizens’ faiths but he wants to shake off ‘colonial legacy’,https://www.theguardian.com/world/2015/dec/12/gambia-now-an-islamic-republic-says-president-yahya-jammeh,https://media.guim.co.uk/6f222c43283d7b796586b39d8e677c8889d2ebc8/1352_521_1821_1092/500.jpg
13-12-2015,"The luxury hotel, the family of the top Moscow prosecutor and Russia’s most notorious gang",Video by anti-corruption campaigner Alexei Navalny links family of general prosecutor Yuri Chaika with wife of mobster behind notorious massacre,https://www.theguardian.com/world/2015/dec/13/alexei-navalny-yuri-chaika,https://media.guim.co.uk/e5dd3bf16c572fb61ff11b0420ac6e0a2562196f/0_61_2500_1500/500.jpg
14-12-2015,Washington Post bids farewell to office where it broke Watergate,Journalists gather for ceremony to mark decommissioning of building where newspaper uncovered political scandal that forced Nixon to resign,https://www.theguardian.com/world/2015/dec/14/washington-post-bids-farewell-to-office-where-it-broke-watergate,https://media.guim.co.uk/9e4fb3a35f4fb5b552c1e9d978ac972b9dd44767/0_127_3121_1874/500.jpg
15-12-2015,TE Lawrence's Dorset cottage given extra protection,Government upgrades first world war hero’s simple Clouds Hill cottage – which has no electric lighting or bathroom – to Grade II* status,https://www.theguardian.com/world/2015/dec/15/te-lawrence-dorset-cottage-clouds-hill-listed-status,https://media.guim.co.uk/bbdb82b04d7e4f36f084a68fb18710afa316e282/0_39_4888_2933/500.jpg
16-12-2015,Brazilian police raid home of speaker Cunha and other senior politicians,"Lower house ethics committee announces investigation into Eduardo Cunha, a leading opponent of Dilma Rousseff, amid claims he lied about bank accounts",https://www.theguardian.com/world/2015/dec/15/brazilian-police-raid-homes-of-senior-politicians-as-corruption-inquiry-widens,https://media.guim.co.uk/1ca729b8056955ca1b1b439558797c34ff60b4bd/0_0_3500_2102/500.jpg
17-12-2015,"UK fuelling Yemen civil war with arms sales to Saudi Arabia, says Amnesty","UK government breaches arms trade treaty by selling arms while Yemeni civilians being hit by Saudi-led coalition, say lawyers",https://www.theguardian.com/world/2015/dec/17/uk-yemen-civil-war-arms-sales-saudi-arabia,https://media.guim.co.uk/02e3d1a3fdcc5d6f917194cb1132359fb78e4368/0_99_4096_2460/500.jpg
18-12-2015,Models in France must provide doctor's note to work,"Bill passed by French MPs says models must have medical certificate to prove they are a healthy weight, and magazines must label Photoshopped images",https://www.theguardian.com/world/2015/dec/18/models-doctors-note-prove-not-too-thin-france,https://media.guim.co.uk/6874f0d7e37c9732ca04cab3ce45f1a684b05f73/0_122_2934_1759/500.jpg
19-12-2015,"Hitler really did have only one testicle, German researcher claims","Analysis of long-lost medical notes seems to confirm that Nazi leader suffered from cryptorchidism, or an undescended right testicle",https://www.theguardian.com/world/2015/dec/19/hitler-really-did-have-only-one-testicle-german-researcher-claims,https://media.guim.co.uk/41027b8f50764e49c1fd322940034800e8eb40ff/0_0_4092_2455/500.jpg
20-12-2015,Jeb Bush dubs Donald Trump ‘a jerk’  at New Hampshire rally,Former Florida governor fights back after rival called him ‘dumb as a rock’ on Twitter,https://www.theguardian.com/world/2015/dec/20/jeb-bush-calls-donald-trump-a-jerk-at-rally,https://media.guim.co.uk/f2fed3c4ccae976ca3dd88c73dfcf0dd7fac1b4d/0_412_4826_2894/500.jpg
21-12-2015,Government considers allowing learner drivers on motorways,Department for Transport proposals would allow driving instructors to supervise novice drivers on motorways,https://www.theguardian.com/world/2015/dec/21/learner-drivers-motorways-department-for-transport,https://media.guim.co.uk/6a4ffe7a282b3b7a4f7825142b29d8c2ee84a09e/0_0_2567_1541/500.jpg
22-12-2015,"Isis seeking to set up 'distant caliphate' in Indonesia, George Brandis warns",Australian attorney general says jihadist group ‘has ambitions to elevate its presence and level of activity in Indonesia’,https://www.theguardian.com/world/2015/dec/22/isis-seeking-to-set-up-distant-caliphate-in-indonesia-george-brandis-warns,https://media.guim.co.uk/ee7948dead22a33d97c4c0acdf73e8486b26804f/0_325_4243_2546/500.jpg
23-12-2015,Facebook users solve mystery of 'ancient' relic unearthed in Jerusalem,"Israel’s Antiquities Authority spent six months trying to identify the object. Within hours, Facebook users had named it as a New Age ‘energy harmoniser’",https://www.theguardian.com/world/2015/dec/23/facebook-users-solve-mystery-ancient-relic-unearthed-jerusalem,https://media.guim.co.uk/162ef516db63d60c48a1b1f021f861fd245d9c69/0_0_960_576/500.jpg
24-12-2015,Soldier's letters bring first world war Christmas truce to life,"Pte Frederick Davies of the Royal Welsh Fusiliers wrote home about life on the western Front, in correspondence donated to the Imperial War Museum",https://www.theguardian.com/world/2015/dec/24/soldiers-letters-bring-first-world-war-christmas-truce-to-life,https://media.guim.co.uk/b46ea3cc5d4dcc175d3e524ebad07c5273ae9e12/0_356_2256_1352/500.jpg
25-12-2015,Pope Francis attacks consumerist society in midnight mass at Vatican,Pontiff tells Catholic faithful to reject hedonism but makes no mention of refugee crisis in homily at St Peter’s Basilica,https://www.theguardian.com/world/2015/dec/25/pope-francis-midnight-mass-vatican-catholic,https://media.guim.co.uk/fd0a6e0a2c349d2c17d1445505d6e7e6fd0f5cee/0_235_4000_2399/500.jpg
26-12-2015,Married gay priest Jeremy Davies: ‘The bishops say we’re not modelling teachings of the church. Yes we are’,"Waitrose customers, opera enthusiasts, coffee drinkers: Jeremy Davies and his partner Simon McEnery are an utterly conventional middle class couple. But, thanks to Davies’s position as a clergyman barred from conducting some services because of their marriage, they are also quiet radicals. So how does a marriage flourish under the weight of holy orders?",https://www.theguardian.com/world/2015/dec/26/married-gay-priest-jeremy-davies-the-bishops-say-were-not-modelling-teachings-of-the-church-yes-we-are,https://media.guim.co.uk/4fe518e0611c1aef805838a17c3d127faf92b947/0_33_3500_2100/500.jpg
27-12-2015,From mafia city to a haven for refugees: Palermo moves on from its criminal past,"Mayor of Sicilian capital insists it is a place of tolerance, in spite of high-profile criticism by singer Roberto Vecchioni",https://www.theguardian.com/world/2015/dec/27/palermo-rejects-mafia-safe-haven-refugees-sicily-mayor-leoluca-orlando,https://media.guim.co.uk/47da16cbad3ae7247d50daab5996f40629a8daf0/0_0_5118_3069/500.jpg
28-12-2015,Ethnic minorities 'face higher barriers in jobs market',"Resolution Foundation wants issues preventing black, Asian and minority ethnic people from entering or staying in work addressed",https://www.theguardian.com/world/2015/dec/28/ethnic-minority-people-face-higher-barriers-in-jobs-market,https://media.guim.co.uk/1fa974b1d67c9b3918fda9fdd95a913bcb8bdfd9/0_0_3500_2105/500.jpg
29-12-2015,Switzerland has warmest December ever as average temperatures rise 3.4C,The country that founded winter tourism has seen the mildest end to the year since records began 150 years ago with ski resort owners set to suffer,https://www.theguardian.com/world/2015/dec/29/switzerland-has-warmest-december-ever-as-average-temperatures-rise-34c,https://media.guim.co.uk/dbd156937609ad4875b42a6602474baa424f850b/0_270_4672_2806/500.jpg
30-12-2015,Priest suspended for riding hoverboard up aisles during Christmas Eve mass,Congregation in Philippines split after Catholic diocese condemns priest’s behaviour as an attempt to ‘capriciously introduce something to get the attention of the people’,https://www.theguardian.com/world/2015/dec/30/priest-suspended-for-riding-hoverboard-up-aisles-during-christmas-eve-mass,https://media.guim.co.uk/0ca7f0907e97de45d4efcb38ec3f5cc67d0fa0be/0_39_430_258/430.jpg
31-12-2015,What will happen in 2016?,"Space explorers, genetic scientists, US voters, terrorists and hackers look set to dominate our world next year – but don’t rule out the odd pleasant surprise",https://www.theguardian.com/world/2015/dec/31/what-will-happen-in-2016-predictions,https://media.guim.co.uk/ebc02dfb5773e8d39a39b260cae6a9b7b56c113c/0_303_5616_3369/500.jpg
