date (dd-mm-yyyy),webTitle,short_description,webUrl,imageUrl
01-01-2016,Justin Welby to call on public to show refugees generosity and love,Archbishop of Canterbury to appeal to UK’s ‘long-established tradition of warmth and hospitality in new year message,https://www.theguardian.com/world/2016/jan/01/archbishop-of-canterbury-justin-welby-refugees-generosity-love,https://media.guim.co.uk/ee86eb7724cccd2e1a589f7b22a3930308691130/0_286_4928_2956/500.jpg
02-01-2016,Saudi execution of Shia cleric sparks outrage in Middle East,Iranian government and religious leaders say killing of Sheikh Nimr al-Nimr will have serious repercussions for royal family<br>,https://www.theguardian.com/world/2016/jan/02/saudi-execution-of-shia-cleric-sparks-outrage-in-middle-east,https://media.guim.co.uk/f07acd3f84d7cbee33e682135366042aafd3e931/0_234_4096_2458/500.jpg
03-01-2016,Ireland prepares to mark Easter Rising centenary amid fears old tensions may resurface,Anniversary could be used to claim that 1916 Irish rebellion is ‘unfinished business’,https://www.theguardian.com/world/2016/jan/03/easter-rising-1916-centernary-peace-process,https://media.guim.co.uk/1653119e3c8153a8fab9c22352c6a42a5a212001/0_250_2728_1637/500.jpg
04-01-2016,Rome seals off roads caked with droppings from birds that binged on olives,"Heavy rain over the weekend washed bird droppings from trees that line the Tiber onto the streets, creating hazardous conditions",https://www.theguardian.com/world/2016/jan/04/rome-seals-off-roads-caked-with-droppings-from-birds-that-binged-on-olives,https://media.guim.co.uk/133180bd571411042d519d2b5840cf93e3523e52/0_0_3000_1800/500.jpg
05-01-2016,"Guatemala's Volcano of Fire erupts, sending ash 7km into the sky", The active Fuego volcano near Guatemala City has been spewing lava and sending ash raining down on towns in its vicinity,https://www.theguardian.com/world/2016/jan/05/lt--guatemala-volcano-erupts,https://media.guim.co.uk/d32cde85cce24a83a78ae49b1aa44bcd0260560b/0_0_4096_2459/500.jpg
06-01-2016,Six-year-old refugee allegedly sexually assaulted on Nauru,"Perpetrator, who was caught in the act by the girl’s parents on 29 December, still yet to be arrested or charged",https://www.theguardian.com/world/2016/jan/06/six-year-old-refugee-allegedly-sexually-assaulted-on-nauru,https://media.guim.co.uk/001fde1295b0352c1bb91247a3915952aacd515e/0_74_1575_945/500.jpg
07-01-2016,Julie Bishop urges China to pressure North Korea over suspected nuclear test,"Australia’s foreign affairs minister says as North Korea’s ‘closest ally, its only friend’ China can encourage the regime to rein in its ‘provocative behaviour’",https://www.theguardian.com/world/2016/jan/07/julie-bishop-urges-china-to-pressure-north-korea-over-suspected-nuclear-test,https://media.guim.co.uk/dc39609b891d547cfc11d2f871e739535a714233/0_240_4416_2650/500.jpg
08-01-2016,Congressmen push to strip Bill Cosby of presidential medal of freedom,Congressman Paul Gosar drafted bill to give Obama unprecendented power to revoke highest US civilian honour from Cosby in wake of sexual assault charges,https://www.theguardian.com/world/2016/jan/07/bill-cosby-presidential-medal-of-freedom-congress-obama,https://media.guim.co.uk/35e4d8a0c922ef5fc4fd0f0ab9a6a592c79777d0/0_169_3000_1801/500.jpg
09-01-2016,"If drug cartel kingpin El Chapo stays in Mexico, 'absolutely nothing' will change","His time in prison made little difference to the quantity of drugs entering the US or on his power, and experts say he is likely to maintain that dominance",https://www.theguardian.com/world/2016/jan/08/drug-cartel-kingpin-el-chapo-mexico-us-prison-escape-recapture,https://media.guim.co.uk/1cd5a875a9e5804e812bfa923084514b0832ddeb/0_375_1500_901/500.jpg
10-01-2016,The Saudi execution of a Shia cleric has deepened Islam's sectarian rift. Where does that leave the west?,The beheading of a spiritual leader by Riyadh has unleashed a torrent of anger from Tehran and brought the two nations to the edge of open conflict,https://www.theguardian.com/world/2016/jan/10/iran-saudi-arabia-middle-east-war-nimr-al-nimr-execution,http://media.guim.co.uk/c9f6aa7d974a14619d5be8f75b84ab4a36f66f5b/0_490_7360_4418/500.jpg
11-01-2016,Wife of Chinese human rights lawyer missing for six months tells of despair,Li Heping was taken from his home in July and has not been seen since along with dozens of other attorneys amid a crackdown on dissidents,https://www.theguardian.com/world/2016/jan/11/wife-of-chinese-human-rights-lawyer-missing-for-six-months-tells-of-despair,http://media.guim.co.uk/8ca997f926d5aa98e1f8b7fbfd717880cb6fa284/0_0_512_308/500.jpg
12-01-2016,Man accused of being captain of capsized migrant ship on trial in Italy,Tunisian Mohammed Ali Malek one of just 28 survivors after boat he allegedly comanded collided with another ship leaving up to 800 people dead,https://www.theguardian.com/world/2016/jan/12/man-accused-of-being-captain-of-capsized-migrant-ship-on-trial-in-italy,http://media.guim.co.uk/b0a8b2148692ca12d4f34aeb9c22101da43d154e/100_254_3400_2038/500.jpg
13-01-2016,China's love hotel boom shows nation's changing attitudes to sex,Hundreds of short-stay rooms are opening as entrepreneurs see opportunties with shift in sexual mores,https://www.theguardian.com/world/2016/jan/13/chinas-love-hotel-boom-shows-nations-changing-attitudes-to-sex,http://media.guim.co.uk/385433d272a2afe2c3452a02d1ce6fa5b644507f/0_371_5760_3456/500.jpg
14-01-2016,Turkey police headquarters hit by fatal car bomb attack,Five reportedly killed and 39 injured after bomb and rocket attack in Diyarbakir province blamed on PKK rebels,https://www.theguardian.com/world/2016/jan/14/turkey-police-headquarters-hit-by-car-bomb-attack-reports,http://media.guim.co.uk/14263facc183f132c6ca50cafce4bb2b35b3efe9/11_157_1013_608/500.jpg
15-01-2016,Mermaid-tail swimsuits banned by New Zealand city of Auckland over safety risk,"The lycra suits, which encase the swimmer’s legs and end in a flared fish tail, have raised concerns after children struggled to keep afloat",https://www.theguardian.com/world/2016/jan/15/mermaid-tail-swimsuits-banned-by-new-zealand-city-of-auckland-over-safety-risk,http://media.guim.co.uk/94324a0b730a677b01011cac51c7b635249478c2/0_99_3344_2010/500.jpg
16-01-2016,Wild boar on loose in Hong Kong financial district evades police,Technology worker streams four hours of pursuit on Periscope as police armed with riot shields fail to drive boar into net or coax it out with food,https://www.theguardian.com/world/2016/jan/15/wild-boar-on-loose-in-hong-kong-financial-district-evades-police,http://media.guim.co.uk/1eadf18e57998ad0114931cbe8d89563e809ae80/0_14_313_188/313.jpg
17-01-2016,Peru’s rainbow barrio clings to its ideals as a nation drifts to the right,"Villa El Salvador, founded by Andean refugees as a vision of co-operative living, faces a changing future as elections approach",https://www.theguardian.com/world/2016/jan/17/peru-rainbow-barrio-ideals-nation-right-villa-el-salvador,http://media.guim.co.uk/5e36b2b62b263f2a1742dcc041d7166c737a580d/0_0_5616_3371/500.jpg
18-01-2016,China must end its intimidation and detention of human rights lawyers | Letters,"<strong>Letter:</strong> We fear that without legal representation of their own free choice or other legal protections, these people are at high risk of torture or other cruel and inhuman treatment",https://www.theguardian.com/world/2016/jan/18/china-must-end-its-intimidation-and-detention-of-human-rights-lawyers,http://media.guim.co.uk/d9c0c7c6633d34e6b261237d01d8206315f7d113/0_203_3500_2101/500.jpg
19-01-2016,Channel 4 to show unseen footage of suspected British Isis killer,"The Jihadi Next Door will feature Abu Rumaysah, the London Muslim convert thought to have overseen the murder of five men ",https://www.theguardian.com/world/2016/jan/19/channel-4-show-unseen-footage-suspected-british-isis-killer-abu-rumaysah,http://media.guim.co.uk/e6bec2a296b242f1cbd8ab30416d49e73e94865d/244_43_2255_1353/500.jpg
20-01-2016,"Military power in Asia 'shifting against' the US, major report warns","The study, which calls for America to flex its military muscle in the region, will likely be seized on by Republicans who accuse Obama of weak leadership",https://www.theguardian.com/world/2016/jan/19/obama-us-military-power-pivot-to-asia,http://media.guim.co.uk/8257090bfed4c51b3f2d7542414b859795385a8e/0_0_3500_2101/500.jpg
21-01-2016,EU investigators to decide on Thai fishing industry ban over slave labour,Thailand’s failure to combat illegal fishing practises could end exports to the European market ,https://www.theguardian.com/world/2016/jan/21/eu-investigators-to-decide-on-thai-fishing-industry-ban-over-slave-labour,http://media.guim.co.uk/5529d294929f714cf050ae052cdedc13117f5bcd/0_274_4094_2458/500.jpg
22-01-2016,Flock of sheep helps police end 90-minute car chase in New Zealand,Flock owned by a local policeman blocks entire road forcing runaway car to stop and suspects to be arrested,https://www.theguardian.com/world/2016/jan/22/flock-of-sheep-helps-police-end-90-minute-car-chase-in-new-zealand,http://media.guim.co.uk/ec75ddcabe1056151c21d5830baa046e6952670f/0_355_4608_2766/500.jpg
23-01-2016,Six Arizona students who wore T-shirts spelling racial slur to be disciplined,"In the image circulating on social media, girls from a high school in Phoenix, Arizona, were lined up so that their shirts spelled out the N-word",https://www.theguardian.com/world/2016/jan/22/phoenix-arizona-high-school-racist-shirts,http://media.guim.co.uk/3effafc66a51225920fa15d8f434d9b6cb0476e5/26_0_1056_634/500.jpg
24-01-2016,‘Masud should not have died like this. This must be changed’,Family of teenager who died trying to reach the UK add voice to calls for change,https://www.theguardian.com/world/2016/jan/24/masud-should-not-have-died,http://media.guim.co.uk/d627b9e28419f71d846bf180a253d7285714b2ae/0_260_4256_2553/500.jpg
25-01-2016,"Britain's slow response to Ebola crisis cost lives, MPs' report says","Science and technology committee says government failures contributed to deaths of more than 11,000 people ",https://www.theguardian.com/world/2016/jan/25/britains-slow-response-to-ebola-crisis-cost-lives-mps-report-says,http://media.guim.co.uk/67e12642bddba1edb8091962d8f3d5b8127058a5/0_69_5692_3416/500.jpg
26-01-2016,Canada shooting suspect in court as First Nations call for share in prosperity,Top indigenous leader laments ‘travesty of this quality of life’ as 17-year-old from La Loche is indicted on charges of killing two brothers and two teachers,https://www.theguardian.com/world/2016/jan/26/canada-shooting-suspect-in-court-as-first-nations-call-for-share-in-prosperity,http://media.guim.co.uk/e8226ee628be9372eb3ad04594bb8b5f654b3d29/0_375_7007_4205/500.jpg
27-01-2016,"One in four in UK have seen racial hate crime this year, survey finds",Don’t walk on by is the message of this year’s Holocaust Memorial Day as two survivors of recent genocide tell of their debt to bystanders who stepped in ,https://www.theguardian.com/world/2016/jan/27/one-in-four-uk-seen-racial-hate-this-year-holocaust-memorial-day-survey-finds,http://media.guim.co.uk/37766aa16036279591c94309f8bde8c043e574af/0_30_2792_1675/500.jpg
28-01-2016,John Madigan says agency that oversees doctors can't be trusted with metadata,Australian Health Practitioner Regulation Agency previously used doctors’ phone and web data to investigate doctors who have sex with their patients,https://www.theguardian.com/world/2016/jan/28/john-madigan-says-agency-that-oversees-doctors-cant-be-trusted-with-metadata,http://media.guim.co.uk/b833740413039b8e5811e776fa301611c4a07325/0_177_4315_2589/500.jpg
29-01-2016,California private school suspends 14 students after party with racist theme,They were suspended once the Jesuit school in San Francisco discovered through social media that the students went to a party with ‘wigger’ theme,https://www.theguardian.com/world/2016/jan/28/st-ignatius-college-preparatory-jesuit-school-students-suspended-racist-party,http://media.guim.co.uk/d7fd014f8c9c82f8af52c209994ef43b2c5c57c0/0_98_2400_1440/500.jpg
30-01-2016,Justin Trudeau praises residents of indigenous town after shooting,"Canada’s prime minister flew to isolated town and met with victims’ families, first responders, and community leaders a week after four were killed",https://www.theguardian.com/world/2016/jan/29/justin-trudeau-canada-shooting-la-loche,http://media.guim.co.uk/1563f7e4a4a993c802f7f2731ec0ba9a1b39d21f/0_30_3000_1800/500.jpg
31-01-2016,Grandparents can gain much from taking in refugee children | letters,We have the time and the experience and many of us could give the security of a loving home,https://www.theguardian.com/theobserver/2016/jan/31/letters-old-people-grandparents-offer-homes-refugee-children,http://media.guim.co.uk/6b350bec7a2ce3c776596a8972e9ccb5e63fe9b4/0_0_4096_2460/500.jpg
01-02-2016,Economists to Cameron: refugee crisis response 'morally unacceptable',"In open letter to PM, more than 120 leading economists including former UN and World Bank officials say UK can do far more",https://www.theguardian.com/world/2016/feb/01/economists-david-cameron-open-letter-refugee-crisis-response-morally-unacceptable,http://media.guim.co.uk/352cf7c613cdcbe0296d2a6d5b8e229caf660659/0_22_3500_2100/500.jpg
02-02-2016,Malaysia accuses Switzerland of 'misinformation' over stolen 1MDB billions,<strong>Exclusive:</strong> Malaysian cabinet minister tells the Guardian the Swiss attorney general got his facts wrong in US$4bn corruption allegations,https://www.theguardian.com/world/2016/feb/02/malaysia-accuses-switzerland-of-misinformation-over-stolen-1mbd-billions,http://media.guim.co.uk/53a13511b36aa7e8af9a81cb7e99265739c8ac96/0_0_2887_1732/500.jpg
03-02-2016,Bill Cosby's lawyers call former prosecutor as witness in assault case,Legal team argues in Pennsylvania court that sexual assault charges from 2004 incident should be dropped because DA declined to prosecute him in the past,https://www.theguardian.com/world/2016/feb/02/bill-cosbys-lawyers-call-prosecutorwitness-assault-case,http://media.guim.co.uk/359617ce96100a629fd223bc7a14b6d40285bcc6/0_90_2880_1727/500.jpg
04-02-2016,Zika virus: Rousseff tells all Brazilians to stamp out mosquito breeding grounds,"‘It needs the engagement of everybody,’ president tells nation in televised address, urging individuals to check water tanks, vases, pools and gutters",https://www.theguardian.com/world/2016/feb/04/zika-virus-rousseff-brazilians-stamp-out-mosquito-breeding-grounds,http://media.guim.co.uk/d73f3af8aafd4381c702f76b1a01a2e86a67bda4/0_0_3000_1801/500.jpg
05-02-2016,Pope's commission to protect children watch Oscar-nominated Spotlight,17 commission members watch film about Boston Globe’s investigation into sex abuse by clergy as Pope Francis pressured to do more to combat abuse,https://www.theguardian.com/world/2016/feb/05/pope-commission-protect-children-watch-oscar-nominated-spotlight,http://media.guim.co.uk/1d199e3902673113ecbe71f3fe5f06bcfd4219ac/244_361_2980_1788/500.jpg
06-02-2016,Concern grows at Catholic church's silence over Zika virus crisis,Critics draw comparison with church view on Aids/HIV as proscription remains on artificial contraception and abortion despite virus’s links with birth defects,https://www.theguardian.com/world/2016/feb/04/concern-grows-over-catholic-churchs-silence-over-zika-virus-crisis-abortion-contraception,http://media.guim.co.uk/d80a5a2ea395673ba56b590b5be04a386d8ed855/0_0_3500_2101/500.jpg
07-02-2016,Brazil’s sprawling favelas bear the brunt of Zika,Efforts to stamp out the mosquito that carries the virus are undermined by poverty in the most vulnerable areas,https://www.theguardian.com/world/2016/feb/07/brazil-rich-zika-virus-poor,http://media.guim.co.uk/fc2cb9af2176b6d4af8f283463f41d9662ee4133/0_194_4000_2400/500.jpg
08-02-2016,South Korean navy fires warning shots at North Korean patrol boat,Tensions rise further after North Korean patrol boat strays over disputed maritime border one day after rocket launch,https://www.theguardian.com/world/2016/feb/08/south-korean-navy-fires-warning-shots-at-north-korean-patrol-boat,http://media.guim.co.uk/fb6c310776c7c86455b6dd69f2afb537d3288375/0_0_3000_1800/500.jpg
09-02-2016,Isis widow charged for her role in the death of hostage Kayla Mueller,"Umm Sayyaff could face life in prison for conspiring in the death of American aid worker Kayla Mueller, who was abused and raped by Isis leader ",https://www.theguardian.com/world/2016/feb/08/isis-widow-charged-for-her-role-in-the-death-of-hostage-kayla-meuller,http://media.guim.co.uk/29e2fd930e8d03f10a7277bb3917ac9202780b1e/0_51_2000_1201/500.jpg
10-02-2016,North Korea making bomb fuel as sanctions evaded or ignored – experts,"US intelligence chief says regime has restarted plutonium reactor, while UN panel warns of member states failing to enforce bans on nuclear programme",https://www.theguardian.com/world/2016/feb/10/north-korea-making-bomb-fuel-as-sanctions-evaded-or-ignored-experts,http://media.guim.co.uk/a7a5ef2ba155b0ce43b38a881d7470c8714cabb8/0_192_2899_1741/500.jpg
11-02-2016,Report on Syria conflict finds 11.5% of population killed or injured,"<strong>Exclusive</strong> Syrian Centre for Policy Research says 470,000 deaths is twice UN’s figure with ‘human development ruined’ after 45% of population is displaced",https://www.theguardian.com/world/2016/feb/11/report-on-syria-conflict-finds-115-of-population-killed-or-injured,http://media.guim.co.uk/b54b35c6ca3066235476a54b5ead7e06ed7c14d5/634_229_2451_1471/500.jpg
12-02-2016,Pregnant woman in Victoria diagnosed with Zika virus after overseas travel,"State’s health minister, Jill Hennessy, says the diagnosis is ‘very concerning’ but did not disclose which country the woman had travelled to",https://www.theguardian.com/world/2016/feb/12/pregnant-woman-in-victoria-diagnosed-with-zika-virus-after-overseas-travel,http://media.guim.co.uk/080321fd822d185a24f6a8aee9b71b7116a1cb40/0_0_3500_2100/500.jpg
13-02-2016,"150,000 penguins die after giant iceberg renders colony landlocked",Penguins of Cape Denison in Antarctica effectively trapped by iceberg the size of Rome and face 120km round trip to feed,https://www.theguardian.com/world/2016/feb/13/150000-penguins-killed-after-giant-iceberg-renders-colony-landlocked,http://media.guim.co.uk/eb5bab00114f26fedf2d118850cc7d8aeb62b882/0_0_5100_3059/500.jpg
14-02-2016,Polish move to strip Holocaust expert of award sparks protests,Princeton University professor Jan Tomasz Gross faces losing Order of Merit over comments Polish villagers were complicit in massacre of Jews,https://www.theguardian.com/world/2016/feb/14/academics-defend-historian-over-polish-jew-killings-claims,http://media.guim.co.uk/e3e89026cac5be0448d32c750b830c7dc0371192/0_66_3774_2264/500.jpg
15-02-2016,Japan's economy shrinks again as Abenomics is blown off course,Economy shrank at an annualised rate of 1.4% in the last quarter of 2015 – a contraction that was more severe than many had forecast,https://www.theguardian.com/world/2016/feb/15/japans-economy-shrinks-again-as-shinzo-abe-kickstart-plan-is-blown-off-course,http://media.guim.co.uk/26282074520483ef7fda9cad4f8203513176918c/0_0_4928_2959/500.jpg
16-02-2016,"Airstrikes hit two Syrian hospitals, with Turkey condemning 'obvious war crime'",Airstrikes on hospitals in two locations in north of country are latest in series of attacks on medical facilities,https://www.theguardian.com/world/2016/feb/15/airstrike-destroys-msf-clinic-northern-syria,http://media.guim.co.uk/c5d13699578205e487c5c49a4dc828a238b33a69/0_212_3648_2191/500.jpg
17-02-2016,China warns Australia over challenge to South China Sea activities,Foreign affairs minister’s stance in support of Philippines prompts warning from Beijing that Australia ‘should adopt an objective and unbiased attitude’ to territorial dispute,https://www.theguardian.com/world/2016/feb/17/australia-to-challenge-china-over-south-china-sea-activities,http://media.guim.co.uk/2f4eab4870d5e492b5d83668b3e73df301af4422/0_64_4291_2576/500.jpg
18-02-2016,Turkey attacks: a timeline,"The car bomb in Ankara is the latest in a string of attacks in Turkey, which began in Diyarbakır last June",https://www.theguardian.com/world/2016/feb/18/turkey-attacks-a-timeline,http://media.guim.co.uk/9eefbd38c62d15ea13e886bf5a65d5004b50e257/0_19_4928_2958/500.jpg
19-02-2016,Obama on Black Lives Matter: they are 'much better organizers than I was',Activists meet with president at White House to discuss efforts to reform the US criminal justice system but panel reveals divide within movement,https://www.theguardian.com/us-news/2016/feb/18/black-lives-matter-meet-president-obama-white-house-justice-system,http://media.guim.co.uk/d7ee9d40222ba0b67a1452ba82cab6dc233f83a3/0_130_5097_3060/500.jpg
20-02-2016,Angela Merkel: UK's EU deal demanded a lot of willingness for compromise,"Greek prime minster Alexis Tsipras, meanwhile, said the real test for the EU was not the UK’s in/out referendum, but the handling of the refugee crisis",https://www.theguardian.com/world/2016/feb/20/angela-merkel-uk-eu-deal-willingness-compromise-david-cameron,http://media.guim.co.uk/ad84549c473b3d3eb653c545c70ae5cefa6d0c1d/186_183_2985_1791/500.jpg
21-02-2016,Why are the lost tribes now emerging from the Amazon?,Film-maker Angus Macqueen had extraordinary access to one of the last uncontacted indigenous peoples for his new documentary. Here he tells of the struggles they now face on the border of Brazil and Peru,https://www.theguardian.com/world/2016/feb/21/amazon-lost-tribes-emerge-rainforest-brazil-peru,http://media.guim.co.uk/5852db6603c5e25b78030a4e622e13cecf5005f3/0_0_5184_3110/500.jpg
22-02-2016,Egyptian anti-torture group vows to defy government move to shut it down,The Nadeem centre for the rehabilitation of victims of violence and torture says closure is a ‘political decision’ and part of a crackdown on dissent,https://www.theguardian.com/world/2016/feb/22/egyptian-anti-torture-group-vows-to-defy-government-move-to-shut-it-down,http://media.guim.co.uk/6e74b9bf6f0f28a2d6462dccce0d7a4f501636a0/0_150_2628_1578/500.jpg
23-02-2016,Vienna police fine man €70 for 'loud belch',Edin Mehic to appeal against fine for offending public decency with burp blamed on excess onion in kebab,https://www.theguardian.com/world/2016/feb/23/vienna-police-fine-man-70-for-loud-belch,http://media.guim.co.uk/deb107254e4c866a393651c7d4c3b387abcae726/0_110_2222_1333/500.jpg
24-02-2016,Democracy warning as Canadian media outlets merge and papers close,Federal minister convenes talks as union calls for action over increasingly centralised ownership and publishers warn of threat to public interest journalism ,https://www.theguardian.com/world/2016/feb/24/democracy-warning-as-canadian-media-outlets-merge-and-papers-close,http://media.guim.co.uk/77e0e85ec55710f79e843f02d5c95ad600c3c2f3/0_0_5000_3001/500.jpg
25-02-2016,'Gay-conversion therapy' faces new legal challenge in Virginia,"Coalition of LGBT and human rights groups take on People Can Change, which says it can ‘minimize or eliminate’ men’s sexual attraction to men",https://www.theguardian.com/world/2016/feb/24/gay-conversion-therapy-legal-challenge-virginia,http://media.guim.co.uk/7ad69ce5baec1a9a9bd71995842c92cbccd32e5b/0_18_4200_2521/500.jpg
26-02-2016,China expresses 'dissatisfaction' at Australia's defence white paper,Foreign ministry spokeswoman makes clear Beijing’s displeasure at document that noted ‘a number of points of friction’ including over the South China Sea,https://www.theguardian.com/world/2016/feb/26/china-expresses-dissatisfaction-at-australias-defence-white-paper,http://media.guim.co.uk/017e90f8f548b190b5683b77d09a7a3990c14bc6/0_0_5444_3266/500.jpg
27-02-2016,Berlin museums' refugee guides scheme fosters meeting of minds,Syrian and Iraqi refugees to provide tours for emigrants to make cultural connections between Germany and their own ,https://www.theguardian.com/world/2016/feb/27/berlin-museums-refugee-guides-scheme-fosters-meeting-of-minds,http://media.guim.co.uk/2f081a14253cebfc033d73a3345e38b0a5a694ab/0_216_5550_3331/500.jpg
28-02-2016,Irish election: Enda Kenny plans to form government despite losing voters,Rival party Fianna Fáil celebrates comeback but dismisses option of ‘grand coalition’ with taoiseach’s Fine Gael,https://www.theguardian.com/world/2016/feb/28/irish-election-enda-kenny-plans-to-form-government-despite-losing-voters,http://media.guim.co.uk/b35e1dbdcfb5d3a5fdc2f8c7787fd1e379435f6f/278_0_3068_1842/500.jpg
29-02-2016,"We can't allow refugee crisis to plunge Greece into chaos, says Merkel",German chancellor defends her stance on migrants and says continent must find a ‘collective way’ ,https://www.theguardian.com/world/2016/feb/29/we-cant-allow-refugee-crisis-to-plunge-greece-into-chaos-says-merkel,http://media.guim.co.uk/1ef1767db1fce2ae7dc951f0eb94bf843bb09fc2/0_156_4928_2956/500.jpg
01-03-2016,Dissident republican dies in Dublin gang war,"Man named locally as Vinny Ryan dies in hospital after latest shooting, in Finglas area of Irish capital ",https://www.theguardian.com/world/2016/mar/01/dissident-republican-dies-apparent-escalation-dublin-gang-war,http://media.guim.co.uk/d778868ed1145c76186100ad6ebdd3dd4c735aa6/0_307_4252_2550/500.jpg
02-03-2016,Alberto Nisman: testimony of ex-spy chief swings case towards murder,Argentinian judge refers prosecutor’s death to higher court as a likely homicide after hearing evidence from ex-intelligence chief Antonio Stiuso,https://www.theguardian.com/world/2016/mar/01/argentina-judge-passes-case-of-alberto-nisman-death-to-federal-court,http://media.guim.co.uk/8a9c90a6dd31482073aa94d5f7f9aa8b85803f9c/0_91_3500_2100/500.jpg
03-03-2016,MH370: possible debris found in Mozambique being examined,Malaysian minister says there is ‘high possibility’ that piece comes from Boeing 777 but warns against ‘undue speculation’,https://www.theguardian.com/world/2016/mar/02/mh370-search-debris-found-in-mozambique-belongs-to-a-boeing-777,http://media.guim.co.uk/8fbbe844ef722b058ad8ae81368e68816f0bd278/0_541_4708_2825/500.jpg
04-03-2016,"Germany's refugee response not guilt-driven, says Wolfgang Schäuble",Finance minister says history played part in forming answer to crisis but main factor was saving ‘Europe’s honour’,https://www.theguardian.com/world/2016/mar/04/germanys-refugee-response-not-guilt-driven-says-wolfgang-schauble,http://media.guim.co.uk/d8b476568692d383e76829e7fd63fbe32c64a66d/74_0_3872_2327/500.jpg
05-03-2016,'Your whole life is the Holocaust!' The woman who was born in Auschwitz,"Angela Orosz gave evidence in the trial of a Nazi guard: ‘I was so malnourished, I was unable to cry. That saved me.’ ",https://www.theguardian.com/world/2016/mar/05/woman-tells-of-her-birth-in-barracks-of-auschwitz-birkenau,http://media.guim.co.uk/968d0f42fa20310ba0b1a53a5928901d7307e2cb/0_190_4095_2459/500.jpg
06-03-2016,Second 'missing' Hong Kong bookseller returns from China,"Cheung Chi-ping arrives back home two days after authorities released his boss, Lui Por, but three publishers remain on the mainland",https://www.theguardian.com/world/2016/mar/06/second-missing-hong-kong-bookseller-returns-from-china,http://media.guim.co.uk/da37173819017205cff014f287765b0e09a782d2/0_319_4759_2854/500.jpg
07-03-2016,France awards Legion d’Honneur to Saudi prince 'for terror fight',Francois Hollande faces sharp criticism for giving country’s top award to Mohammed bin Nayef despite human rights failures,https://www.theguardian.com/world/2016/mar/07/france-awards-legion-dhonneur-to-saudi-prince-for-terror-fight,http://media.guim.co.uk/34bf6d94908032d75bb4e1b74e154ae2f233beed/261_0_2801_1681/500.jpg
08-03-2016,Seven in 10 women face sexual comments in public - poll,Survey for Women of the World festival also reveals half of women receive unwanted sexual contact or advances,https://www.theguardian.com/world/2016/mar/08/international-womens-day-seven-in-10-women-get-unwanted-sexual-comments-in-public-places-poll,http://media.guim.co.uk/5488aa752aa8d5850765791d9e883d63e0a6d9b6/151_0_2622_1574/500.jpg
09-03-2016,Brazil corruption scandal claims scalp as top industrialist jailed for 19 years,"Construction boss Marcelo Odebrecht, guilty of 11 counts of bribery and 40 of money laundering, was ‘mastermind’ of scheme, says judge",https://www.theguardian.com/world/2016/mar/08/brazil-corruption-scandal-marcelo-odebrecht-jailed,http://media.guim.co.uk/2bce7be504536b13e4424ecfb40fcf64e18c3fd2/0_47_4014_2410/500.jpg
10-03-2016,Peter Falconio case: parole plan raises hopes British backpacker's body will be found,John Bradley Murdoch would be denied parole under Northern Territory proposal unless he reveals location of body,https://www.theguardian.com/world/2016/mar/10/peter-falconio-case-parole-plan-raises-hopes-british-backpackers-body-will-be-found,http://media.guim.co.uk/dcc4675c09d0d1df4e249a72875358a000483e4a/0_0_2190_1314/500.jpg
11-03-2016,"More nuclear tests, urges North Korean leader Kim Jong-un",Dictator says country must ‘continue nuclear explosion tests to improve attack capability’ after previously ordering that missiles be readied to fire ‘at any time’,https://www.theguardian.com/world/2016/mar/11/more-nuclear-tests-urges-north-korean-leader-kim-jong-un,http://media.guim.co.uk/13a4e7925777e9dc11afd78457ad9dde2e603d93/2_157_2498_1499/500.jpg
12-03-2016,Paris attackers 'listed on cache of Islamic State documents',German media reports that documents reveal names and movements of people linked to November’s terror attacks in French capital,https://www.theguardian.com/world/2016/mar/12/paris-attackers-listed-on-cache-of-islamic-state-documents,http://media.guim.co.uk/2154b3386c1055c34020f747d9f627f1268d41fa/0_100_4096_2457/500.jpg
13-03-2016,Angela Merkel: enigmatic leader of a divided land | profile,"Only recently, the most powerful woman in Europe seemed unassailable. Now, with crucial elections today, the German chancellor faces a growing reaction to her policies as the refugee crisis fuels an angry radicalisation",https://www.theguardian.com/world/2016/mar/13/profile-angela-merkel,http://media.guim.co.uk/ece2ae5dfc8255d49c14b5893f0f238a7be3f894/0_0_2269_1361/500.jpg
14-03-2016,Future of Bashar al-Assad remains 'red line' as Syria peace talks begin,"Syrian officials refuse to discuss future of presidency, in stance criticised by western governments as a ‘provocation’ ",https://www.theguardian.com/world/2016/mar/14/future-of-bashar-al-assad-remains-red-line-as-syria-peace-talks-begin,http://media.guim.co.uk/119b9fd0a3ce392065e6cd67e0ab51afc1c33d2f/0_233_3500_2100/500.jpg
15-03-2016,Arrest after double stabbing at Canadian military office in Toronto, Police say terrorism being considered as possible motive after man walked into recruitment centre and attacked two Canadian Forces members,https://www.theguardian.com/world/2016/mar/15/arrest-after-double-stabbing-at-canadian-military-office-in-toronto,http://media.guim.co.uk/cc575d2d9dde45ece480477cc41b590b953819d8/2_43_2198_1318/500.jpg
16-03-2016,Nauru election monitors 'would need to be invited',Pacific Islands Forum says it is in consultation with government after former presidents called on it to send observers,https://www.theguardian.com/world/2016/mar/16/nauru-election-monitors-would-need-to-be-invited,http://media.guim.co.uk/7e52fa52a86b13ed17d5073603027ab8df1caf7a/0_162_5097_3060/500.jpg
17-03-2016,US urges immediate release of student sentenced to hard labor in North Korea,"Punishment of Otto Warmbier is ‘unduly harsh’, says state department as experts decry ‘kangaroo court’ and political motivations",https://www.theguardian.com/world/2016/mar/16/us-student-15-years-hard-labor-north-korea-kangaroo-court,http://media.guim.co.uk/53d375adc5d02c61c9f688eb37f927b8edad2ab1/0_0_3500_2101/500.jpg
18-03-2016,Brazil protests: Rousseff and Lula supporters rally amid corruption claims,Factions backing president and her predecessor to put on show of strength in face of mass protests and moves towards impeachment,https://www.theguardian.com/world/2016/mar/18/brazil-protests-rousseff-lula-supporters-rally-amid-corruption-claims,http://media.guim.co.uk/818e1ed91bc07ffeebcb8685487038d65f36d2e2/0_0_3500_2101/500.jpg
19-03-2016,"Nestora Salgado, community leader battling Mexican cartels, freed from jail","Kidnapping charges against Salgado, who led a community police force cracking down on criminals in the violent Mexican state of Guerrero, have been dropped",https://www.theguardian.com/world/2016/mar/18/nestora-salgado-mexico-freed-jail-charges-dropped-guerrero,http://media.guim.co.uk/3fc3b224642f75266893ff316726ed31024c4b2d/0_352_3267_1960/500.jpg
20-03-2016,Brazil in crisis as Dilma Rousseff fights to stave off impeachment threat,Even the revered former president Luiz Inácio Lula da Silva – Lula – has been dragged into a long-running corruption probe that is dividing Brazilians,https://www.theguardian.com/world/2016/mar/20/brazil-corruption-impeachment-probe,http://media.guim.co.uk/8958bfaca7376d88dd23724fdc4bb9676cf5e323/0_145_4962_2978/500.jpg
21-03-2016,Student dorm named after war crimes suspect Radovan Karadžić,Plaque unveiled in Bosnian Serb stronghold as UN tribunal prepares to release its verdict on the former Serbian leader’s role in the 1990s conflict ,https://www.theguardian.com/world/2016/mar/21/student-dorm-named-after-war-crimes-suspect-radovan-karadzic,http://media.guim.co.uk/90abedd4b8c91bc6cd7c0836f52fcca78fe684d4/0_88_3000_1801/500.jpg
22-03-2016,John Kerry holds unprecedented peace talks with Colombian Farc rebels,US secretary of state says meetings in Havana with guerrillas still on Washington’s list of terrorist groups and Colombian government ‘encouraging’,https://www.theguardian.com/world/2016/mar/22/john-kerry-unprecedented-peace-talks-colombia-farc-rebels-havana,http://media.guim.co.uk/5a8c0cf098361b0fef82fad18a66893b2dad410e/0_121_3500_2101/500.jpg
23-03-2016,Brussels explosions: injured Mormon missionary also survived Boston attack,"Mason Wells, 19, was among three missionaries from Utah wounded in the bombing at Zaventem airport",https://www.theguardian.com/world/2016/mar/23/brussels-explosions-mormon-missionary-injured-after-surviving-boston-and-paris-attacks,http://media.guim.co.uk/8804b329deb8a4fbd264cff662d9ed9a581b2bdc/0_12_3000_1801/500.jpg
24-03-2016,Associate of Gerry ‘the Monk’ Hutch shot dead in County Meath,Victim in his 50s was a known to police and an associate of Gerry Hutch who has been linked to the February shootings at the Regency hotel in Dublin ,https://www.theguardian.com/world/2016/mar/24/associate-gerry-the-monk-hutch-shot-dead-county-meath,http://media.guim.co.uk/4f9132c33bdb4a870c24b38cb9eb8c4ac3e86b9c/0_197_4928_2959/500.jpg
25-03-2016,UK must do more to help reunite Syrian families separated in the refugee crisis | Letters,<strong>Letters:</strong> Across Europe thousands of refugee children are still stranded without hope or support,https://www.theguardian.com/world/2016/mar/25/uk-must-do-more-to-help-reunite-syrian-families-separated-in-the-refugee-crisis,https://media.guim.co.uk/3cfb259e3be67d50bd62ee3a64e551092f07dd43/0_60_4000_2402/500.jpg
26-03-2016,Taiji legal battle: court backs activist over baby dolphin kept in aquarium,"Victory for animal rights after Japanese court awards Australian activist 110,000 yen after museum refused her entry to check on captive bottlenose",https://www.theguardian.com/world/2016/mar/26/taiji-legal-battle-court-backs-activist-over-baby-dolphin-kept-in-aquarium,http://media.guim.co.uk/1d09bc8ffb2056e7619d436d0aea7a90addc9568/0_173_3264_1958/500.jpg
27-03-2016,Guy Martin attempts to beat wall of death speed record on live TV,Channel 4 to screen daredevil’s bid on Easter Monday,https://www.theguardian.com/world/2016/mar/27/guy-martin-wall-of-death-world-speed-record,http://media.guim.co.uk/01f2ffd6da118909400a28a26edc95d1026dbf27/42_184_2782_1669/500.jpg
28-03-2016,Palmyra after Isis: images taken following Syrian recapture offer hope amid ruins,Some parts of the ancient citadel seem to have survived occupation by Islamic State and escaped its desire to destroy important archaeological sites,https://www.theguardian.com/world/2016/mar/28/palmyra-after-isis-images-taken-following-syrian-recapture-offer-hope-amid-ruins,http://media.guim.co.uk/461872d39a594add0ff413fbc93cf86b4112b076/0_249_4000_2399/500.jpg
29-03-2016,British tourist rescued after trying to swim back to cruise ship in Atlantic,Susan Brown was plucked from the water suffering from hypothermia four hours after she ‘threw herself into the sea’ following a fight with her husband,https://www.theguardian.com/world/2016/mar/29/british-tourist-rescued-after-trying-to-swim-back-to-cruise-ship-in-atlantic,https://media.guim.co.uk/40a07018b8380206c4101d9a0e737bde82449917/0_0_2200_1321/500.jpg
30-03-2016,Singing Xi's praises: chorus of Chinese pop songs celebrate president,"Hits hold Xi Jinping up as an ideal leader, and husband, but observers see attempts to build a Mao-like personality cult",https://www.theguardian.com/world/2016/mar/30/xi-jinping-chorus-of-chinese-pop-songs-celebrate-president,http://media.guim.co.uk/9299a570c2c59bf24256aa09f24f36d6464369b8/0_0_2370_1423/500.jpg
31-03-2016,Chief of Libya's new UN-backed government arrives in Tripoli,"Fayez al-Sarraj says he will work for a nationwide ceasefire, the return of displaced people and will seek to confront Islamic State",https://www.theguardian.com/world/2016/mar/30/chief-libyas-un-backed-government-fayez-sarraj-arrives-tripoli,http://media.guim.co.uk/85d15511319883a5412f42f500759801a73987e5/360_364_2566_1538/500.jpg
01-04-2016,Turkish journalists in clashes with bodyguards during Erdoğan’s US visit,Reporters covering a speech by Turkish president Recep Tayyip Erdoğan in Washington DC say they were excluded and physically attacked,https://www.theguardian.com/world/2016/mar/31/turkish-president-erdogan-washington-dc-brookings,http://media.guim.co.uk/d2e2cfd05fb0786cdba3bf0714bb6d6ddcf0705b/0_51_3500_2101/500.jpg
02-04-2016,"EU-Turkey refugee plan could be illegal, says UN official",Senior UN figure says deporting people without considering their asylum applications would break international law,https://www.theguardian.com/world/2016/apr/02/eu-turkey-refugee-plan-could-be-illegal-says-un-official,https://media.guim.co.uk/2fe35764acf4250e1331989784f3fc5a9a646648/0_0_3543_2124/500.jpg
03-04-2016,Greece on brink of chaos as refugees riot over forced return to Turkey,Rival ethnic groups clash in Piraeus and 800 break out of detention centre on Chios as EU deal brings desperation,https://www.theguardian.com/world/2016/apr/02/greece-violence-refugees-riot-forced-return-to-turkey,http://media.guim.co.uk/a3c30d794789ee759011e7f0451b1745df6e64b4/0_204_3453_2073/500.jpg
04-04-2016,"Ronald Mulkearns, bishop accused of child sex abuse cover up, dies",Royal commission heard Mulkearns knew paedophile priest Gerald Francis Ridsdale and others were sexually abusing children,https://www.theguardian.com/world/2016/apr/04/ronald-mulkearns-bishop-accused-of-child-sex-abuse-cover-up-dies,http://media.guim.co.uk/428327afcf840f51c714ccb48012634d153b77d0/610_215_3890_2337/500.jpg
05-04-2016,Police believe former Australian soldier joined Taliban and is now in Syria,Documents obtained under freedom of information show the federal police sought an arrest warrant for Mathew Stewart in November,https://www.theguardian.com/world/2016/apr/05/police-believe-former-australian-soldier-joined-taliban-now-in-syria,http://media.guim.co.uk/5698fba4ec127f6677a4d5bd324dfb141ddb181d/0_0_787_472/500.jpg
06-04-2016,Foot and hand fetish scam leads to police warning in New Zealand,Internet watchdog warns ears and elbows could be next as young people are being duped into sending pictures of body parts to fetish websites ,https://www.theguardian.com/world/2016/apr/06/foot-and-hand-fetish-scam-leads-to-police-warning-in-new-zealand,http://media.guim.co.uk/9909f08ee1c82d79e56a951c4006efe737a86220/0_185_4000_2400/500.jpg
07-04-2016,"More than 1,000 people detained during G20 summit in Toronto can sue police",Ontario’s top court gave go-ahead to two suits alleging civil rights abuses and noted the role legal action could play in forcing police to change behaviour,https://www.theguardian.com/world/2016/apr/06/toronto-g20-summit-police-lawsuit-civil-rights-abuses,http://media.guim.co.uk/c14f35951ce03a0745b17b11370f7949159e0aeb/0_153_3000_1800/500.jpg
08-04-2016,Purge at Poland's renowned stud farms pits politicians against rich and famous,Spate of sackings at state-run enterprises have endangered the reputation of Poland’s globally revered horsebreeding industry,https://www.theguardian.com/world/2016/apr/08/purge-at-polands-renowned-stud-farms-pits-politicians-against-rich-and-famous,https://media.guim.co.uk/60353877762214380acf986bab2c1da37dbe0dad/3_289_4173_2506/500.jpg
09-04-2016,Shunned for saying they're Muslims: life for Ahmadis after Asad Shah's murder,"The Glasgow shopkeeper was a member of the Islamic sect persecuted in Pakistan for decades. How did the arcane but deadly tensions, rooted in the theological history of the region, surface in the UK?",https://www.theguardian.com/world/2016/apr/09/shunned-for-saying-theyre-muslims-life-for-ahmadis-after-asad-shahs,https://media.guim.co.uk/139504f288dc29bc6136571ab46d5fbab3381a8a/0_232_3500_2101/500.jpg
10-04-2016,Cuba running low on beer as thirsty US tourists descend,Shortages prompt island’s main brewer to consider opening a new plant and importing beer from outside the country to keep pace with growing demand ,https://www.theguardian.com/world/2016/apr/10/cuba-running-low-on-beer-as-thirsty-us-tourists-descend,https://media.guim.co.uk/ade584c353ce3980551c435f2fb31a4f10841d81/10_384_6556_3934/500.jpg
11-04-2016,State of emergency declared over suicide epidemic in Canadian First Nation community,Authorities in the Ontario community of Attawapiskat describe ‘rolling nightmare’ as 11 people attempt suicide on one day,https://www.theguardian.com/world/2016/apr/11/state-of-emergency-declared-over-suicide-epidemic-in-canadas-first-nation-community,https://media.guim.co.uk/74f203bcfe45c5c42f67af4f1104408f4ecbee02/0_92_3500_2101/500.jpg
12-04-2016,Brazil's congressional committee votes in favour of impeaching Dilma Rousseff,President suffers damaging setback as committee sets stage for full vote in lower house of Congress later this week,https://www.theguardian.com/world/2016/apr/12/brazilian-congressional-committee-votes-to-impeach-dilma-rousseff,https://media.guim.co.uk/993e5eb5cdd28e703fe98f9532f11ff55003aab0/0_297_5184_3110/500.jpg
13-04-2016,The great escape: Inky the octopus legs it to freedom from aquarium,Staff believe the common New Zealand octopus fled its enclosure when the lid was left ajar and headed to freedom down a pipe that leads to the sea,https://www.theguardian.com/world/2016/apr/13/the-great-escape-inky-the-octopus-legs-it-to-freedom-from-new-zealand-aquarium,https://media.guim.co.uk/2ffb4e91d6d6589da8e4680b6c94228a14c550e7/0_127_4400_2640/500.jpg
14-04-2016,Federal police admit seeking access to reporter's metadata without warrant,AFP asked for ‘subscriber checks’ relating to Guardian Australia journalist Paul Farrell in attempt to identify his sources,https://www.theguardian.com/world/2016/apr/14/federal-police-admit-seeking-access-to-reporters-metadata-without-warrant,https://media.guim.co.uk/a61afdadacfaf49a8f46d8fc5d813ffd9776f1b2/0_0_3334_2001/500.jpg
15-04-2016,Nauru calls report Westpac has cut ties with it 'politically motivated fabrication',Government posts Twitter response to report bank will cease doing business with it and its entities and that accounts will close at end of month,https://www.theguardian.com/world/2016/apr/15/nauru-calls-report-westpac-has-cut-ties-with-it-politically-motivated-fabrication,https://media.guim.co.uk/f2d70d1736ca9db9747cbb07d44d3f1c3c9bdb52/67_0_3831_2300/500.jpg
16-04-2016,Life on Lesbos: residents tell us what it's really like,"For many, the Greek island brings to mind the refugee crisis, but another everyday life exists behind the headlines<br>",https://www.theguardian.com/world/2016/apr/16/life-on-lesbos-residents-tell-us-what-its-really-like,https://media.guim.co.uk/28d5ff534c61ee0cd5f675d0a9a92e12408e1e16/528_0_1586_952/500.jpg
17-04-2016,Al-Qaida in the Arabian Peninsula video said to show Australians killed by drones,Fighters identified as Abu Salma al Australi and Abu Suhaib al Australi in video released by militant group,https://www.theguardian.com/world/2016/apr/17/al-qaida-in-the-arabian-peninsula-video-said-to-show-australians-killed-by-drones,https://media.guim.co.uk/6fcef1c3b0c3d788881b576d402fa281ae3badef/151_118_2764_1657/500.jpg
18-04-2016,Meet the woman who makes fake fingers for Japan's reformed gangsters,Yukako Fukushima crafts lifelike pinkies to help yakuza criminals who severed fingers as a mark of contrition begin a new life,https://www.theguardian.com/world/2016/apr/18/woman-makes-fake-fingers-yakuza-japan-reformed-gangsters,https://media.guim.co.uk/29ac834d5c4e8d2220b8ab11ba0d0ea0f29de10d/0_0_2500_1500/500.jpg
19-04-2016,"Thirteen Australians in Islamic State leaks, says counter-terrorism analysis","The figure, published by the Combating Terrorism Centre at West Point, is six more Australians than previously reported",https://www.theguardian.com/world/2016/apr/19/thirteen-australians-in-islamic-state-leaks-says-us-analysis,https://media.guim.co.uk/3c004607c0d03bf6be38cbaf0a2d797be1f6d31d/0_0_1876_1125/500.jpg
20-04-2016,Influx of morality police to patrol the streets of Tehran,"As many as 7,000 agents in the Iranian capital will be targeting women with ‘bad hijab’, but a new police-spotting app may give fashion rebels the edge",https://www.theguardian.com/world/2016/apr/20/influx-of-morality-police-to-patrol-the-streets-of-tehran,https://media.guim.co.uk/4a523477362aa0aa94c5dad712a584ec00bdcd98/0_91_2180_1308/500.jpg
21-04-2016,New Zealand's largest bus company to retrofit fleet with electric engines,"Significant part of 1,000-strong fleet will have combustion engines removed and be refitted with an electric motor, battery pack and gas turbine generator",https://www.theguardian.com/world/2016/apr/21/new-zealands-largest-bus-company-to-retrofit-fleet-with-electric-engines,https://media.guim.co.uk/77db46aa6c057765bae500207c62919263e23273/0_127_5184_3110/500.jpg
22-04-2016,Mexico's president proposes legalising medical marijuana,"Enrique Peña Nieto says laws would stop ‘criminalising consumption’ and<br>the initiative signals a shift for the president, who has opposed legalisation",https://www.theguardian.com/world/2016/apr/21/mexico-president-proposes-legal-medical-marijuana,https://media.guim.co.uk/5514c410b4b8ce1d2982fe954fe729555c77d114/0_24_3500_2101/500.jpg
23-04-2016,Dilma Rousseff in New York declares no grounds for impeachment,Embattled Brazilian president tells foreign media she is the innocent victim of a ‘coup’ and will only leave office if voted out by the electorate,https://www.theguardian.com/world/2016/apr/23/dilma-rousseff-in-new-york-declaring-no-grounds-for-impeachment,https://media.guim.co.uk/41097ca25ed3f53e05bb14266b067091cef94f41/0_195_3500_2100/500.jpg
24-04-2016,"Harriet Tubman: the woman, the myth, the legend muddied by $20 bill plaudits","Exaggerations and outright falsehoods have proliferated, with some arguing the knotted history of slavery and capitalism makes the decision inappropriate",https://www.theguardian.com/world/2016/apr/24/harriet-tubman-20-bill-myths-freed-slaves-quotes,https://media.guim.co.uk/c2cc8367bf188ab7565772f72eef247f8539467f/0_24_3054_1833/500.jpg
25-04-2016,Obama's Hanover talks unlikely to yield new line on vexed issues,"US president expected to discuss Syria, Isis, the refugee crisis and Libya with French, German, Italian and British leaders<br>",https://www.theguardian.com/world/2016/apr/25/obams-hanover-talks-unlikely-yield-new-line-vexed-issues,https://media.guim.co.uk/72e8ec83b9c44d993fe14079d543108303bdb990/0_38_1280_768/500.jpg
26-04-2016,Pakistan: mother of paraplegic death row inmate Abdul Basit pleads for pardon,"Stay of execution expires for Basit, who uses a wheelchair after contracting meningitis in prison",https://www.theguardian.com/world/2016/apr/26/pakistan-mother-of-paraplegic-death-row-inmate-abdul-basit-pleads-for-pardon,https://media.guim.co.uk/f4df6273f233d316b8b80687d60f7d117850a41e/42_16_1784_1070/500.jpg
27-04-2016,Strong sign of North Korean nuclear test as regime calls 6 May party congress,Further banned detonation expected to mark first such summit in 36 years with Kim Jong-un’s bid for nuclear weapons to become a formal national goal,https://www.theguardian.com/world/2016/apr/27/north-korea-confirms-6-may-party-congress-as-nuclear-test-predicted,https://media.guim.co.uk/3f4b5b0b273c8b61972d273392454fb81ab4d8bf/0_0_2500_1499/500.jpg
28-04-2016,Death row in Indonesia: the prisoners who face the firing squad,"As Indonesia prepares for further executions, one year after it put eight men to death, what do we know about others sentenced to die? ",https://www.theguardian.com/world/ng-interactive/2016/apr/28/death-row-indonesia-prisoners-firing-squad,https://media.guim.co.uk/1a42efce7e26368a6826d2711771207c3275982b/0_0_2500_1500/500.jpg
29-04-2016,"Father, 91, pleads for return of aid worker daughter abducted in Afghanistan","Brian Wilson says he is extremely worried for daughter, named as Katherine Jane Wilson, who was reportedly kidnapped by armed men in Jalalabad ",https://www.theguardian.com/world/2016/apr/29/father-pleads-return-aid-worker-daughter-abducted-afghanistan,https://media.guim.co.uk/0cdccbeeb9396fa2f45c31bfade119e0a38db89b/0_13_638_383/500.jpg
30-04-2016,Rescuers search for dozens missing after giant Guatemala rubbish heap collapses,At least four people died and 24 are missing after the huge pile of garbage in the capital caved in on itself,https://www.theguardian.com/world/2016/apr/30/rescuers-search-for-dozens-missing-after-giant-guatemala-rubbish-heap-collapses,https://media.guim.co.uk/af5f4129a86f48392b028cbfc99b43229ec27f90/0_35_2880_1728/500.jpg
01-05-2016,British man who died in Norway helicopter crash named,"Iain Stuart, 41, from Scotland, was killed with 12 others off Norwegian coast, where he had been working for Halliburton",https://www.theguardian.com/weather/2016/may/01/norway-helicopter-crash-british-man-died-named-iain-stuart,https://media.guim.co.uk/7424ae95e7030016319d1478f8f27c1817fb9974/104_245_1642_985/500.jpg
02-05-2016,Hoverboard world record broken with 2km flight,Franky Zapata used the jet-powered device to fly above the waters of the Mediterranean for more than two kilometres,https://www.theguardian.com/world/2016/may/02/hoverboard-world-record-broken-with-2km-flight,https://media.guim.co.uk/42de451ad4de19ea5481edfd533087e5b5812f5d/0_205_3500_2100/500.jpg
03-05-2016,Spain's left must unite to steer country on road to recovery,"In December voters asked for a coalition, but have been ignored despite the need for cross-party deals to tackle Spain’s problems",https://www.theguardian.com/world/2016/may/03/solar-tax-forming-government-spanish-politics-voters-coalition-spain,https://media.guim.co.uk/7187f8f76fbd2a9ae897c5035883c44b5c3ab5a0/0_141_4096_2458/500.jpg
04-05-2016,Angélique Kidjo honoured with Amnesty International top human rights award,"The Grammy-winning musician shares the prize with three African youth activist movements, who show ‘exceptional courage’ standing up to injustice",https://www.theguardian.com/world/2016/may/04/angelique-kidjo-honoured-with-amnesty-international-top-human-rights-award,https://media.guim.co.uk/4c5a79b9ec26ce7128d6acf17deba1b82e62e496/0_303_4573_2745/500.jpg
05-05-2016,Holocaust survivors 'dying in poverty while awaiting compensation',Campaigners call on 47 countries to honour pledge made seven years ago to ensure restitution for theft of property,https://www.theguardian.com/world/2016/may/05/holocaust-survivors-dying-poverty-waiting-restitution-compensation,https://media.guim.co.uk/ad66cd9c0cce1a30345f75546e0a74d8ed9944db/0_0_2000_1200/500.jpg
06-05-2016,Jeremy Corbyn on West Papua: UK Labour leader calls for independence vote,Opposition leader says human rights and justice should be ‘cornerstone’ of UK Labour party’s foreign policy,https://www.theguardian.com/world/2016/may/06/jeremy-corbyn-on-west-papua-uk-labour-leader-calls-for-independence-vote,https://media.guim.co.uk/42fc08c4fb5d24b8660f856fdaa23bffa97cd34c/0_39_2992_1794/500.jpg
07-05-2016,Should David Cameron’s U-turn on unaccompanied child refugees be celebrated?,Councils are willing to help but will be reluctant until it is clear who will pay for the extra school places and private foster care required,https://www.theguardian.com/world/2016/may/07/should-david-camerons-u-turn-on-unaccompanied-child-refugees-be-celebrated,https://media.guim.co.uk/7bc53636b2d22dbd790c6ad735578a5fbfa67e53/146_229_3206_1924/500.jpg
08-05-2016,"North Korea will not use nuclear weapons first, says Kim Jong-un",The country’s dictator tells the first party congress in 36 years that he is willing to normalise relations with ‘hostile states’,https://www.theguardian.com/world/2016/may/08/north-korea-will-only-use-nuclear-weapons-if-sovereignty-is-threatened,https://media.guim.co.uk/67b48eb48e9db4f9a34077ae7d5a7d80ffb40021/0_134_3500_2100/500.jpg
09-05-2016,'I have to be taller': the unregulated world of India's limb-lengthening industry,"Young Indians are paying for complex, painful procedures despite the absence of medical oversight in the race to improve career and marriage prospects",https://www.theguardian.com/world/2016/may/09/i-have-to-be-taller-the-unregulated-world-of-indias-limb-lengthening-industry,https://media.guim.co.uk/8a0305f89a67b7569fa1211e6b6ae17dc91d874d/0_104_3000_1800/500.jpg
10-05-2016,"Senior Islamic State leader in Iraq, Abu Wahib, 'killed' by US airstrike","Former Al-Qaida fighter was killed with three other militants when his vehicle was struck in Rutba, western Iraq",https://www.theguardian.com/world/2016/may/10/senior-islamic-state-leader-in-iraq-abu-wahib-killed-by-us-airstrike,https://media.guim.co.uk/8a7e18aea2c5d77ac6ace117e1cf230cb7404c65/0_97_800_480/500.jpg
11-05-2016,Fort McMurray wildfire cuts Canada's oil output by a third,Blaze that partly destroyed city has temporarily shut down Alberta’s oil sands production – a mainstay of the country’s petroleum industry,https://www.theguardian.com/world/2016/may/11/fort-mcmurray-wildfire-cuts-canadas-oil-output-by-a-third,https://media.guim.co.uk/3137196d1c21afb86ee52796bd5ca4b632e9b84a/0_154_2953_1772/500.jpg
12-05-2016,Couple whose three children died in MH17 crash welcome new baby Violet,"‘We will continue to love all four of our children equally,’ say Australians Anthony Maslin and Marite Norris. ‘Violet brings some hope and joy for us’",https://www.theguardian.com/world/2016/may/12/couple-whose-three-children-died-in-mh17-crash-welcome-new-baby-violet,https://media.guim.co.uk/3559b7e844cf7a3fc32230d55f5fa30aec60cbb2/0_938_2448_1469/500.jpg
13-05-2016,Brazil's suspended president Dilma Rousseff condemns impeachment 'coup' – as it happened,First female president of Brazil suspended after senate votes to put her on trial for illegal financing,https://www.theguardian.com/world/live/2016/may/11/dilma-rousseff-impeachment-brazil-senate-vote,https://media.guim.co.uk/51251875c1c5296e33c4f8e394f2eb3347dd956b/0_269_4928_2957/500.jpg
14-05-2016,Travel agency cancels offer to fly with Tokyo student in 'book of beautiful girls',Japan’s H.I.S. Co halts promotion after online backlash criticising offer to pick a woman to ‘sit next to you for a fun flight’,https://www.theguardian.com/world/2016/may/14/japan-travel-agency-cancels-promotion-fly-with-tokyo-student-book-beautiful-girls,https://media.guim.co.uk/c7b526bc3274c996fe7ea504d54202de170db71a/617_378_2883_1730/500.jpg
15-05-2016,'Clergy must be retrained to deal with sex abuse disclosures',"Sarah Mullally’s plan follows inquiry into Church of England’s handling of case of ‘Joe’, whose disclosures were not acted on",https://www.theguardian.com/world/2016/may/15/church-of-england-senior-clergy-must-be-retrained-sex-abuse-disclosures-sarah-mullally,https://media.guim.co.uk/9d1684a4c68e4a8e3863f3be76a6fe3c0f6f4fa3/0_224_3500_2100/500.jpg
16-05-2016,Manus Island asylum seekers protest continuing detention,Detainees express anger over what they say is Australia’s refusal to accept Papua New Guinea supreme court decision to close the detention centre,https://www.theguardian.com/world/2016/may/16/manus-island-asylum-seekers-protest-continuing-detention,https://media.guim.co.uk/294cf32ecbb7f865ad9167a11dcc5d1afc1800bd/0_64_1107_664/500.jpg
17-05-2016,Canada to introduce new laws against transgender discrimination,Prime minister Justin Trudeau says country must set example to rest of the world that hate speech and transphobia are ‘simply unacceptable’,https://www.theguardian.com/world/2016/may/17/canada-new-laws-transgender-discrimination,https://media.guim.co.uk/83692e765296f56bdfef424e4c8bbd10c2306212/0_0_3500_2099/500.jpg
18-05-2016,Australian charity worker killed defusing Isis bomb in Iraq,Man was working for landmine clearance organisation Swiss Foundation for Mine Action in Daquq when he was killed ,https://www.theguardian.com/world/2016/may/17/australian-charity-worker-killed-defusing-isis-bomb-iraq,https://media.guim.co.uk/ee7948dead22a33d97c4c0acdf73e8486b26804f/0_154_4243_2547/500.jpg
19-05-2016,"Chinese, Germans and Britons most welcoming to refugees, says report",Global poll finds 10% would take in refugee – rising to 29% in UK – with Australia fifth on Amnesty index despite hardline policies,https://www.theguardian.com/world/2016/may/19/refugee-crisis-china-germany-uk-most-welcoming-countries-amnesty-international,https://media.guim.co.uk/95cc3aaece84819103ff30d38775e7876d30e089/0_153_3000_1800/500.jpg
20-05-2016,Japan 'outraged' after US airbase worker arrested in murder case,Kenneth Franklin Shinzato suspected of murdering and disposing body of Rina Shimabukuro on Okinawa where US air force’s Kadena military base is located,https://www.theguardian.com/world/2016/may/19/japan-us-air-base-worker-arrest-murder,https://media.guim.co.uk/63d49ce61a1ea33dd47666f3aa952eeb45212387/376_964_2326_1396/500.jpg
21-05-2016,EgyptAir flight MS804: plane sent alarm messages before crash - as it happened,"Egyptian military says debris from plane found in Mediterranean, after EgyptAir rowed back on announcement that wreckage had been spotted ",https://www.theguardian.com/world/live/2016/may/20/egyptair-flight-ms804-search-for-crash-wreckage-intensifies-live,https://media.guim.co.uk/97d877a37fbf063ab62f5961f4056d7d670548c4/34_0_1800_1080/500.jpg
22-05-2016,Everest triumph and tragedy as Australian teen summits but compatriot dies,"Alyssa Azar, 19, becomes youngest Australian to climb highest mountain but Melbourne academic Dr Maria Strydom dies of altitude sickness",https://www.theguardian.com/world/2016/may/22/australian-woman-and-dutch-man-die-on-everest-as-queensland-teen-reaches-summit,https://media.guim.co.uk/8e8854338b3186c2d6b93e8cb00d66f48453fd21/0_184_2766_1660/500.jpg
23-05-2016,'No Muslims allowed': how nationalism is rising in Aung San Suu Kyi's Myanmar,Concerns grow that Buddhist extremism may flourish unless country’s new democratic leaders counter discrimination against minorities,https://www.theguardian.com/world/2016/may/23/no-muslims-allowed-how-nationalism-is-rising-in-aung-san-suu-kyis-myanmar,https://media.guim.co.uk/55341d7a98720e665e48ba9f896aff5b3d9528e8/0_116_3500_2101/500.jpg
24-05-2016,No country for academics: Chinese crackdown forces intellectuals abroad,Political scientists and law experts flee to America as Beijing’s grip on freedoms in China intensifies under President Xi Jinping<br>,https://www.theguardian.com/world/2016/may/24/academics-china-crackdown-forces-intellectuals-abroad,https://media.guim.co.uk/b9ded685fc5f7201105e28346f76711dceaf078a/311_161_1710_1027/500.jpg
25-05-2016,"Man mauled by lions in Chilean zoo is recovering, say authorities",Metropolitan Zoo in Santiago fends off criticism for shooting two lions as details emerge of its poor safety record and delusions of man who stripped naked in pen,https://www.theguardian.com/world/2016/may/25/man-mauled-by-lions-in-chilean-zoo-is-recovering-say-authorities,https://media.guim.co.uk/82bfc7aa1b81ce60a82ceb243b53a2353e4fa7cb/0_116_870_522/500.jpg
26-05-2016,Serbs rally against shady demolitions after masked crew 'tied up witnesses',Storm of protest against officials after buildings were knocked down in the middle of the night for Belgrade Waterfront project and onlooker later died,https://www.theguardian.com/world/2016/may/26/serbs-rally-against-shady-demolitions-after-masked-crew-tied-up-witnesses,https://media.guim.co.uk/ded5cd1d279bc0ed573dafeccfef234afbe081de/0_200_3000_1800/500.jpg
27-05-2016,Hope and hype of Hiroshima can’t conceal Obama’s dismal record on nuclear disarmament,Australia must stop defending the possession of nuclear weapons simply out of deference to its ally,https://www.theguardian.com/world/commentisfree/2016/may/27/hope-and-hype-of-hiroshima-cant-conceal-obamas-dismal-record-on-nuclear-disarmament,https://media.guim.co.uk/00e9bd865aaae9bc9eb8a356469407c4bcca82cb/0_2162_3084_1848/500.jpg
28-05-2016,Three missing journalists freed by Colombia rebel group,"The government had demanded the National Liberation Army release three journalists, including El Mundo correspondent Salud Hernández",https://www.theguardian.com/world/2016/may/27/colombia-missing-journalists-national-liberation-army,https://media.guim.co.uk/5a159eb5f98ec430992c1bfd66a36147cae7f52e/0_107_3921_2352/500.jpg
29-05-2016,Nauru decriminalises homosexuality and suicide,New laws replace those based on 1899 Queensland code and follow a spate of suicide attempts by refugees on the island,https://www.theguardian.com/world/2016/may/29/nauru-decriminalises-homosexuality-and-suicide,https://media.guim.co.uk/e99108ee7935584b4d09a99af400728ddcacc3c2/83_0_1500_900/500.jpg
30-05-2016,'Stealth gospel' music aims to shake up North Korea's songs of praise,Project records tunes that secretly replace adoring references to Kim dynasty with mentions of Jesus and the Holy Spirit,https://www.theguardian.com/world/2016/may/30/stealth-gospel-music-shake-up-north-korea-songs-of-praise,https://media.guim.co.uk/8a81a901f18228498fa1baf79f83ead9363cdf6a/0_0_3052_1832/500.jpg
31-05-2016,Mexican football star Alan Pulido disarmed kidnapper in daring escape,"State prosecutor says Olympiakos striker taken on Saturday night escaped, then called authorities with captor’s phone",https://www.theguardian.com/world/2016/may/30/mexican-football-star-alan-pulido-rescued-after-kidnapping,https://media.guim.co.uk/e31941f8c5610c8b22b2a84e7f86764f0678077e/251_5_1077_646/500.jpg
01-06-2016,New Zealand's Labour and Greens sign pact to fight National party in election,Historic memorandum of understanding pledges rivals will ‘work together in good faith’ towards defeating John Key’s conservatives,https://www.theguardian.com/world/2016/jun/01/new-zealands-labour-greens-pact-agreement-nationals-election,https://media.guim.co.uk/108994dcb97bc14872870fc3b5bae33a3ef53bca/0_201_4298_2580/500.jpg
02-06-2016,Australian academic Roz Ward suspended for calling country's flag 'racist',"Ward, who manages a controversial scheme to reduce bullying of LBGTI pupils in schools, told her comments undermine confidence in the program",https://www.theguardian.com/world/2016/jun/02/australian-academic-roz-ward-suspended-for-calling-countrys-flag-racist,https://media.guim.co.uk/6464608e3b3b8abab2bc681c6c1294a1c3217751/0_226_5760_3456/500.jpg
03-06-2016,Australia installs pavement traffic lights for mobile phone distracted pedestrians,New ‘in-ground traffic-light technology’ system to be trialled in Sydney in the hope of cutting down on accidents ,https://www.theguardian.com/world/2016/jun/03/australia-pavement-traffic-lights-mobile-phone-pedestrians,https://media.guim.co.uk/8bf72b1e9fdd173d5138429720b2049acdc02d4e/0_161_3000_1801/500.jpg
04-06-2016,Paris floods: 'There's something terrifying about it',"As roads and walkways are submerged by floods, life goes on in Paris and beyond",https://www.theguardian.com/world/2016/jun/03/paris-river-seine-floods,https://media.guim.co.uk/c80bc510bc465fa8ce835a1acfe9bf5f19ae6d47/0_53_4096_2458/500.jpg
05-06-2016,Mount Everest:  total of six dead as families mourn Indian climbers,"Subhash Paul, Paresh Nath and Goutam Ghosh continued towards summit despite advice time had run out, says Sherpa",https://www.theguardian.com/world/2016/jun/05/mount-everest-six-dead-families-mourn-indian-climbers,https://media.guim.co.uk/5365ee737883fa25c2fba297e13420b7e220b2aa/0_751_1715_1029/500.jpg
06-06-2016,Hangover cure: New Zealand's 'morning-after maids' clean up post-party mess,Startup company claims to have been inundated after launching a service to clear up after parties – including bringing painkillers,https://www.theguardian.com/world/2016/jun/06/morning-after-maids-new-zealand-clean-up-party-mess-hangover,https://media.guim.co.uk/1ceb5d51407181f3f6f4875a76cc568e30229917/0_120_5292_3174/500.jpg
07-06-2016,"North Korea's Yongbyon plutonium plant back online, say nuclear inspectors",International Atomic Energy Agency says reactor for bomb fuel appears to have been restarted while uranium centrifuge facilities are being expanded,https://www.theguardian.com/world/2016/jun/07/north-koreas-yongbyon-plutonium-plant-back-online-say-nuclear-inspectors,https://media.guim.co.uk/edfa290416476b8bac96e945a14b98f50befcfc1/0_0_4558_2734/500.jpg
08-06-2016,Papua New Guinea: four students reported dead after police open fire on march,Police reportedly shoot dead at least four students in Port Moresby after blocking their attempts to march on parliament ,https://www.theguardian.com/world/2016/jun/08/papua-new-guinea-police-shoot-at-students-during-march,https://media.guim.co.uk/73a0baca44c90db6ade5fe30df7d57913f14ec9f/0_86_1721_1032/500.jpg
09-06-2016,The disappeared: faces of human rights activists China wants to silence,"Chinese security forces have launched an unprecedented crackdown on the country’s human rights movement. More than 300 people have been interrogated or detained. Today, almost a year since that crackdown began, more than 20 lawyers and activists remain in custody facing political subversion charges. Click on the photographs below to read profiles of 16 who remain in some form of detention. ",https://www.theguardian.com/world/ng-interactive/2016/jun/09/the-disappeared-faces-human-rights-activists-china-silence,https://media.guim.co.uk/6b3e53bf31eedb319d6baa90bc55f2a0d6f510a3/88_26_2327_1396/500.jpg
10-06-2016,Morbid Symptoms: Relapse in the Arab Uprising by Gilbert Achcar,"Progressive forces failed to deal with twin threats from dictatorial regimes and reactionary Islamists, argues a bleak new assessment of regional mayhem",https://www.theguardian.com/world/on-the-middle-east/2016/jun/10/morbid-symptoms-relapse-in-the-arab-uprising-by-gilbert-achcar,https://media.guim.co.uk/5277ae00ed0db0a4062eaf1edafe4aa30a7d6728/0_88_3500_2100/500.jpg
11-06-2016,Revealed: Cambodia's vast medieval cities hidden beneath the jungle,<strong>Exclusive:</strong> Laser technology reveals cities concealed under the earth which would have made up the world’s largest empire in 12th century<br>,https://www.theguardian.com/world/2016/jun/11/lost-city-medieval-discovered-hidden-beneath-cambodian-jungle,https://media.guim.co.uk/9c069974bbd3ba25bae4cc259b88ccf5bd9570a3/0_81_2400_1440/500.jpg
12-06-2016,'Got caught sleeping on Air Force One': the lavish lifestyle of New Zealand PM's son,Instagram account of 21-year-old Max Key showcases a stream of luxurious properties and extravagant purchases,https://www.theguardian.com/world/2016/jun/12/got-caught-sleeping-on-air-force-one-the-lavish-lifestyle-of-new-zealand-pms-son,https://media.guim.co.uk/c23536cb8ccc4b357d73240936d66655c2f60826/0_14_980_588/500.jpg
13-06-2016,Oscar Pistorius: case that obsessed a nation and captured its reflection,Former South African athlete to find out this week how long he is to spend in prison for murdering girlfriend Reeva Steenkamp,https://www.theguardian.com/world/2016/jun/13/oscar-pistorius-case-south-africa-athlete-prison-murder-girlfriend-reeva-steenkamp,https://media.guim.co.uk/bd75906973dd6d7676ac81b0a991de296c1aae31/0_90_2700_1620/500.jpg
14-06-2016,China's Bordeaux: winemakers in 'gold rush' to turn desert into vineyards,International wine giants and the super-rich are ploughing their fortunes into an arid corner of Ningxia region,https://www.theguardian.com/world/2016/jun/14/china-bordeaux-wine-region-desert-ningxia-vineyards-gold-rush,https://media.guim.co.uk/feb8c63820c4798b2400c8b0019a6cf4612717c3/0_27_3264_1958/500.jpg
15-06-2016,Brexit is a 'huge negative' for Japanese companies in the UK,"With Japanese companies employing 140,000 people in the UK, business chiefs from Hitachi, Fujitsu and Nissan are united in warning against leave ",https://www.theguardian.com/world/2016/jun/15/brexit-is-a-huge-negative-for-japanese-companies-in-the-uk,https://media.guim.co.uk/8b40e2baafa9421d9696452878cabe9cb3084300/0_243_3201_1921/500.jpg
16-06-2016,Middle Kingdom v Magic Kingdom: Disney prepares to open first park in China,Thousands of people are expected to stream down Mickey Avenue for the opening of Shanghai Disney resort on Thursday,https://www.theguardian.com/world/2016/jun/16/shanghai-disney-middle-kingdom-vs-magic-kingdom-first-park-china,https://media.guim.co.uk/37cf0675f16ad29a7bedff23da058da4635edfcf/0_273_4096_2459/500.jpg
17-06-2016,Labor calls for independent animal welfare agency after live cattle bludgeoning,"Cattle industry suspends trade with three Vietnamese abattoirs after shocking slaughter footage, but Coalition and Labor rule out banning live cattle trade",https://www.theguardian.com/world/2016/jun/17/labor-calls-for-new-animal-welfare-agency-after-live-cattle-bludgeon,https://media.guim.co.uk/e583b560b93e28f77d9f52375a7e8c584aa6739c/16_0_1248_749/500.jpg
18-06-2016,China bans news coverage of Hong Kong bookseller abduction,Censors order removal of editorial and ‘related reports’ amid uproar over Lam Wing-kee’s account of his disappearance,https://www.theguardian.com/world/2016/jun/18/china-bans-news-coverage-of-hong-kong-bookseller-abduction,https://media.guim.co.uk/0877d74fcf8ae73cea6c9ad819c454c9f4c6b128/0_316_4760_2857/500.jpg
19-06-2016,Virginia Raggi faces five key tests if she becomes Rome mayor,Five Star Movement candidate will have to deal with several challenges if elected as Italian capital’s first female mayor<br>,https://www.theguardian.com/world/2016/jun/19/virginia-raggi-faces-five-key-tests-if-rome-mayor-five-star-movement,https://media.guim.co.uk/18a9c75f9aef7a4a057d31ce733fc857fd8bec09/0_323_4928_2957/500.jpg
20-06-2016,World's oldest professional footballer sets new goal record,Kazuyoshi Miura is still playing in Japan’s football league at the age of 49 and marked up another landmark with a headed goal ,https://www.theguardian.com/world/2016/jun/20/worlds-oldest-professional-footballer-new-goal-record-japan,https://media.guim.co.uk/704dc15fdcbaf94f986ddaa5fbc362df7da43a4c/0_89_3921_2353/500.jpg
21-06-2016,Only cub of beloved grizzly bear killed by a car in Wyoming,"The death of the young animal, known as ‘Snowy’ for its ‘notably white face’, comes at a fraught time for grizzly bears and their advocates ",https://www.theguardian.com/world/2016/jun/20/grizzly-bear-399-cub-killed-car-wyoming-grand-teton-national-park,https://media.guim.co.uk/bd4cfaab561c2a8ef0a3be0cb01aa75175b1c8de/0_474_4985_2991/500.jpg
22-06-2016,Peugeot-Citroen back on the road in Iran with deal to build cars,"Lifting of sanctions allows French carmaker PSA to resume partnership with Tehran-based Iran Khodro, while Boeing confirms contract for airliners",https://www.theguardian.com/world/2016/jun/22/peugeot-citroen-back-on-the-road-in-iran-with-deal-to-build-cars,https://media.guim.co.uk/d7f2aa7840636aa0a95c932c44e87c99721d4bb6/0_157_4000_2400/500.jpg
23-06-2016,Oscar Pistorius: Reeva wouldn't want me to waste my life behind bars,Former Paralympian tells ITV he ‘saw the pain’ he had caused by shooting Reeva Steenkamp but denies it was premeditated,https://www.theguardian.com/world/2016/jun/23/oscar-pistorius-reeva-wouldnt-want-me-to-waste-my-life-behind-bars,https://media.guim.co.uk/1d436c3fe43f9faa93ede76c0d7d665c5e31883a/726_84_2087_1253/500.jpg
24-06-2016,"Beijing has fallen: China's capital sinking by 11cm a year, satellite study warns","Pumping of groundwater blamed for causing soil to collapse as development roars ahead above, with railways among infrastructure at risk, say scientists ",https://www.theguardian.com/world/2016/jun/24/beijing-has-fallen-chinas-capital-sinking-by-11cm-a-year-satellite-study-warns,https://media.guim.co.uk/3161ef5d5cb153fd2a1fa0d3f92c69e919213cbf/0_307_2048_1229/500.jpg
25-06-2016,"Britons showed 'losing mindset', say Chinese media in swipe at leave vote","The Chinese people will ‘watch the consequence of Britain’s embracing of a “democratic” referendum’, says Communist party-run Global Times",https://www.theguardian.com/world/2016/jun/25/britons-showed-losing-mindset-say-chinese-media-in-swipe-at-leave-vote,https://media.guim.co.uk/3905e92cf151467930efe265c618b9acb94c1227/0_183_3000_1800/500.jpg
26-06-2016,"Nicaragua suppresses opposition to ensure one-party election, critics say",Daniel Ortega almost certain to win presidential re-election after court ruling ousted main opposition leader and government cracks down on civil liberties,https://www.theguardian.com/world/2016/jun/26/nicaragua-opposition-daniel-ortega-presidential-election,https://media.guim.co.uk/443d08e6818fa51c26989e5f63a9fb9bec164344/0_76_4096_2457/500.jpg
27-06-2016,Singapore Airlines plane catches fire while making emergency landing,Flight SQ368 from Changi to Milan turned back to Singapore two hours into journey after reported engine problem,https://www.theguardian.com/world/2016/jun/27/singapore-airlines-plane-catches-fire-while-making-emergency-landing,https://media.guim.co.uk/f57f2faa5d28ef1943455c4bef85e70aa03e7187/0_10_579_347/500.jpg
28-06-2016,China activist to stand trial after visiting Tiananmen victim's grave,"Chen Yunfei, a veteran campaigner from Sichuan province, faces 10 years in prison after travelling to the resting place of Wu Guofeng",https://www.theguardian.com/world/2016/jun/28/chinese-activist-arrested-for-visiting-grave-of-man-killed-in-tiananmen-massacre-to-stand-trial,https://media.guim.co.uk/8e3a278ef47cdc133df787d928f46e9d940f72c8/0_394_3248_1948/500.png
29-06-2016,Tiny New Zealand town with 'too many jobs' launches drive to recruit outsiders,"Kaitangata, in South Island, offers attractively priced house and land packages in hope of tempting city-dwellers to relocate",https://www.theguardian.com/world/2016/jun/29/tiny-new-zealand-town-with-too-many-jobs-launches-drive-to-recruit-outsiders,https://media.guim.co.uk/bf87347ef58285fce27f8141a2320f7adb9f2e8d/0_0_3072_1843/500.jpg
30-06-2016,China's internet censorship chief steps down,"Lu Wei, who cracked down on internet freedom and made Time’s 100 most influential people list, has been replaced",https://www.theguardian.com/world/2016/jun/30/china-internet-censorship-chief-steps-down,https://media.guim.co.uk/507a041b530f6577f863a2822c501f7a601c8e9f/1239_207_1159_695/500.jpg
01-07-2016,Philippines president Rodrigo Duterte urges people to kill drug addicts,"Duterte, 71, won power in a landslide after a campaign dominated by threats to kill tens of thousands in a war on crime",https://www.theguardian.com/world/2016/jul/01/philippines-president-rodrigo-duterte-urges-people-to-kill-drug-addicts,https://media.guim.co.uk/f614812080d6ce319cc10fff1d80a290f9412f6f/0_83_2572_1543/500.jpg
02-07-2016,The Somme: small objects that carry great significance,"On the centenary of the first day of the battle of the Somme, descendants of soldiers who were there share their mementos ",https://www.theguardian.com/world/2016/jul/02/the-somme-small-objects-that-carry-great-significance,https://media.guim.co.uk/aeba461eb61b395e263746e989b04e21683e6b39/413_416_5552_3331/500.jpg
03-07-2016,Nicolas Sarkozy confirms return bid for French presidency,"Leader of conservative Les Republicains party announces he will step down as its head, paving the way to enter primaries ahead of 2017 contest",https://www.theguardian.com/world/2016/jul/03/nicolas-sarkozy-confirms-return-bid-for-french-presidency,https://media.guim.co.uk/2994883acf82fa36789e9843e4f2e4fb82f37719/0_0_5995_3596/500.jpg
04-07-2016,UAE tells citizens to leave robes at home after businessman held as Isis suspect in US,"Deputy ambassador apologises after Ohio receptionist calls 911 on man in formal dress, thinking he was a member of Isis",https://www.theguardian.com/world/2016/jul/04/uae-tells-citizens-not-wear-robes-businessman-held-isis-suspect-in-us,https://media.guim.co.uk/a5bb7ba163fc06eedd5b60774f58fe28fa23593c/481_766_3468_2081/500.jpg
05-07-2016,South China Sea: Beijing begins military drills ahead of key territorial ruling,Destroyers and frigates understood to be taking part in exercises around Paracel Islands before international tribunal gives verdict on disputed seas,https://www.theguardian.com/world/2016/jul/05/south-china-sea-beijing-begins-military-drills-ahead-of-key-territorial-ruling,https://media.guim.co.uk/702d0ff797f348b26b45bab545db8eaae200827b/0_0_3000_1801/500.jpg
06-07-2016,The fatal hike that became a Nazi propaganda coup | Kate Connolly,"<strong>The Long Read:</strong> In 1936, a school group from south London went on a hike in the Black Forest. Despite the heroic rescue attempts of German villagers, five boys died. Eighty years on, locals are still asking how it happened",https://www.theguardian.com/world/2016/jul/06/fatal-hike-became-nazi-propaganda-coup,https://media.guim.co.uk/190dcc2204bd1d074a68cb78f1a4cbcd41ca8615/0_0_3193_1916/500.jpg
07-07-2016,Shanshan's Year: anguish of jailed lawyers' families laid bare in Chinese film,"‘They are put through the worst imaginable things,’ says Ai Xiaoming, whose documentary was sparked by Communist party’s year-old ‘war on law’",https://www.theguardian.com/world/2016/jul/07/shanshans-year-anguish-of-jailed-lawyers-families-laid-bare-in-chinese-film,https://media.guim.co.uk/c34a90a3c2bbd50b42529459fc57dd5d67f4b556/0_58_1280_768/500.jpg
08-07-2016,Super typhoon Nepartak causes devastation across Taiwan's coastline,Cars overturned and roofs torn off as first major storm of the season hits eastern coast with winds of up to 234km/h ,https://www.theguardian.com/world/2016/jul/08/super-typhoon-nepartak-landfall-taiwan-china,https://media.guim.co.uk/3302a7e73125dd8283452994cc3e4b028b5ad490/0_0_562_337/500.jpg
09-07-2016,New Zealand: Maori pop song with serious message knocks Justin Timberlake off No 1,Maimoatia<em> – </em>which means Cherish It – <em></em>features Maori singers asking Kiwis to talk and sing in their native tongue to save it,https://www.theguardian.com/world/2016/jul/09/new-zealand-maori-pop-song-with-serious-message-knocks-justin-timberlake-off-no-1,https://media.guim.co.uk/bfc800c5a2a9ba376e91055d79e36359b9cc4017/103_0_603_362/500.jpg
10-07-2016,Briton ‘tortured’ in Sri Lanka returns to UK,Velauthapillai Renukaruban says he was accused of being involved in Tamil Tigers and beaten with sticks and a metal bar,https://www.theguardian.com/world/2016/jul/10/briton-says-tortured-sri-lanka-velauthapillai-renukaruban-returns-to-uk,https://media.guim.co.uk/59aab5d005650e525ecdebbff2e76580ded088dc/356_223_4570_2742/500.jpg
11-07-2016,Ninja boom: how Japan's secret warriors swapped the shadows for the spotlight,Japan is exploiting a global craze for ninjas as the 2019 Rugby World Cup and the Olympics approach,https://www.theguardian.com/world/2016/jul/11/ninja-boom-how-japans-secret-warriors-swapped-the-shadows-for-the-spotlight,https://media.guim.co.uk/fa278c0b28a0f0a81e5377eb8cced92d998ef952/0_349_2048_1229/500.jpg
12-07-2016,"Takeaway owner, confronted by armed robber, serves another customer instead","Said Ahmed tells how he ignored pistol-wielding masked man, continued making a large chicken souvlaki for someone else, then turned and walked away",https://www.theguardian.com/world/2016/jul/12/takeaway-shop-owner-ignores-armed-robber-new-zealand-video,https://media.guim.co.uk/6cd9219b4715509cb4397ef10145120b34a289cd/156_146_1231_738/500.jpg
13-07-2016,Making meth: how New Zealand's knack for 'P' turned into a homebaked disaster,"Geographic isolation helped shield New Zealand from hard drug trafficking for years – but a strong DIY culture and the advent of easily hidden, highly mobile methamphetamine labs are having serious consequences <br>",https://www.theguardian.com/world/2016/jul/13/making-meth-how-new-zealands-knack-for-p-turned-into-a-homebaked-disaster,https://media.guim.co.uk/280a64deed63e2442659c0659f1ed6e82ffa4fb1/0_0_3600_2161/500.jpg
14-07-2016,Isis admits 'minister for war' Omar the Chechen is dead,"Pentagon and Syrian monitor announced in March that Abu Omar al-Shishani was killed in a US air strike in Syria, but Islamic State says he died near Mosul",https://www.theguardian.com/world/2016/jul/14/isis-admits-minister-for-war-omar-the-chechen-is-dead,https://media.guim.co.uk/edffc3f80195ac89a5d44f99ae33b2a2326b6c84/0_96_987_592/500.jpg
15-07-2016,From Charlie Hebdo to Bastille Day: France reels after new deadly attack,"Scores run down amid beachfront celebrations, after France has faced months of heightened security alerts ",https://www.theguardian.com/world/2016/jul/15/charlie-hebdo-bastille-day-france-reels-after-deadly-nice-attack,https://media.guim.co.uk/697ec47af2e74d63e8fff9afd7367da75ac7d87b/0_402_3500_2100/500.jpg
16-07-2016,Bosnian Serbs to hold referendum on divisive anniversary celebrations,Decision by the Serb Republika Srpska parliament risks deepening ethnic divisions in Bosnia-Herzegovina,https://www.theguardian.com/world/2016/jul/16/bosnian-serbs-to-hold-referendum-on-divisive-anniversary-celebrations,https://media.guim.co.uk/90abedd4b8c91bc6cd7c0836f52fcca78fe684d4/0_88_3000_1801/500.jpg
17-07-2016,Nice attack: French police arrest two more people with ties to attacker,Interior minister says initial signs are that Mohamed Lahouaiej-Bouhlel was radicalised very quickly before carrying out ‘a new kind of terror attack’<br>,https://www.theguardian.com/world/2016/jul/16/bastille-day-truck-attack-nice-france-islamic-state,https://media.guim.co.uk/5cb4238d8aab320fb597fdab06cf8d7bc69104fb/0_2_4200_2520/500.jpg
18-07-2016,Malaysia Airlines settles families' MH17 damages claims on two-year anniversary,Deals emerge after memorials were held in Ukraine and Netherlands to remember victims of plane shot down in 2014,https://www.theguardian.com/world/2016/jul/18/malaysia-airlines-mh17-damages-claims-families-memorials,https://media.guim.co.uk/7621f1c2aefbd3a2b33db4de6a84633de850095f/0_384_5760_3456/500.jpg
19-07-2016,North Korea launches three more ballistic missiles,Latest launches come a week after South Korea and US revealed plans to deploy Thaad missile defence shield,https://www.theguardian.com/world/2016/jul/19/north-korea-launches-three-more-ballistic-missiles,https://media.guim.co.uk/bc9dbd01b420bf097af51414a3a36d01528f90b1/0_179_4096_2458/500.jpg
20-07-2016,"Papua New Guinea prime minister Peter O'Neill must resign, say former leaders"," Sir Michael Somare, Sir Julius Chan and Sir Mekere Morauta pledge support to opposition in a vote of no confidence",https://www.theguardian.com/world/2016/jul/20/papua-new-guinea-prime-minister-peter-oneill-must-resign-say-three-former-leaders,https://media.guim.co.uk/bd8d2216955fe2491f9d82814e5a88cc2f7f1d22/0_0_3612_2168/500.jpg
21-07-2016,"Wolf of Wall Street film linked to money 'stolen from Malaysian fund', US claims","Justice department traces money from 1MDB fund to $1bn worth of assets such as Beverly Hills property, a Monet and production of DiCaprio movie",https://www.theguardian.com/world/2016/jul/20/us-justice-department-1mdb-fund-seizure-fraud-investigation,https://media.guim.co.uk/15737ee83ebc207fb2df9c02bafdd089f42fa1e2/0_73_3072_1844/500.jpg
22-07-2016,Turkey state of emergency worries EU as Erdoğan promises 'fresh blood' in military,President decries intelligence failures ahead of coup attempt and promises swift military restructure ,https://www.theguardian.com/world/2016/jul/22/turkey-state-of-emergency-worries-eu-as-erdogan-promises-fresh-blood-in-military,https://media.guim.co.uk/45908066abfd1752f8c9d61633a5c4ea7816e0d2/0_98_3500_2100/500.jpg
23-07-2016,Jaffas and daredevils: life on the world's steepest street,"Baldwin Street, in the New Zealand city of Dunedin, is attracting tens of thousands of tourists and a few people bent on danger",https://www.theguardian.com/world/2016/jul/23/jaffas-and-daredevils-life-on-the-worlds-steepest-street,https://media.guim.co.uk/764f77dcb34c4873c909cb36de8ef65f96046087/309_3_2480_1489/500.jpg
24-07-2016,Thailand: police charge eight-year-olds with obstruction in run-up to referendum,Children who tore down voter lists because they liked the pink paper charged by authorities as tensions mounts in weeks before controversial vote,https://www.theguardian.com/world/2016/jul/24/thailand-police-charge-eight-year-olds-with-obstruction-in-run-up-to-referendum,https://media.guim.co.uk/cbda9aaac9d35b7f9e7e5b1a51d398453acd6289/0_104_4893_2936/500.jpg
25-07-2016,Indonesia executions loom as convict Merri Utami is sent to prison island,Woman convicted of smuggling heroin in 2003 has been moved to execution site Nusa Kambangan despite claims she is yet to seeks clemency,https://www.theguardian.com/world/2016/jul/25/indonesia-executions--convict-merry-utami-sent-nusa-kambangan,https://media.guim.co.uk/ee8ab88ea14860aef013a2c1790954bf7c11fbc4/333_0_3154_1892/500.jpg
26-07-2016,China seeks to eradicate 'vile effect' of independent journalism,Online portals permitted to publish stories on sensitive topics only if sourced from government-controlled news agencies,https://www.theguardian.com/world/2016/jul/26/china-seeks-to-eradicate-vile-effect-of-independent-journalism,https://media.guim.co.uk/328cdd0cb2c31386c8bfe158833eafb577584549/0_158_4368_2621/500.jpg
27-07-2016,Australia's grand mufti denounces murder of French priest by Isis,Dr Ibrahim Abu Mohamed calls Islamic State ‘an evil organisation’ that has betrayed the Islamic faith,https://www.theguardian.com/world/2016/jul/27/australias-grand-mufti-denounces-of-french-priest-by-isis,https://media.guim.co.uk/7cdc37b3e297b0dcd930792be2dd9451aa51b8bb/0_93_3419_2051/500.jpg
28-07-2016,"US and Mexico's mass deportations have fueled humanitarian crisis, report says",Tide of vulnerable people fleeing violence in Central America preyed upon by criminals and corrupt officials in part due to inadequate asylum procedures,https://www.theguardian.com/world/2016/jul/27/us-mexico-mass-deportations-refugees-central-america,https://media.guim.co.uk/a2fbeef7d7da308f696f495ea046d7c7cf2cc910/0_153_4942_2964/500.jpg
29-07-2016,Indonesia kills four prisoners in first executions in a year,"Four people, all convicted of drug offences, were killed by firing squad in the early hours of Friday morning, despite international condemnation",https://www.theguardian.com/world/2016/jul/28/indonesia-mass-execution-prisoners,https://media.guim.co.uk/b8614751afa4c08dfe2990acb2597e56e9bd9ed9/0_41_3000_1800/500.jpg
30-07-2016,New Zealand schoolgirls skip class because they can't afford sanitary items,"Girls from low-income families forced to use phonebooks, newspapers and rags to make-do during menstruation",https://www.theguardian.com/world/2016/jul/30/new-zealand-schoolgirls-skip-class-because-they-cant-afford-sanitary-items,https://media.guim.co.uk/bb301974b38966f75219c2776ac63d657fe58f95/0_203_3216_1930/500.jpg
31-07-2016,Captain Cook statues defaced in NZ amid calls for Maori chiefs to take his place,Social media posts describe explorer as a ‘murderer’ and ‘crooked Cook’ as 250-year anniversary of his landing in New Zealand approaches,https://www.theguardian.com/world/2016/jul/31/captain-cook-statues-defaced-in-nz-amid-calls-for-maori-chiefs-to-take-his-place,https://media.guim.co.uk/93fb0b9e85def660e1104d67c41da772e24a8df3/0_256_1520_911/500.jpg
01-08-2016,Baby killer whale fights for life in New Zealand harbour,"The orca, nicknamed Bob, has been swimming in a harbour on the east coast of the North Island for two weeks after becoming separated from his pod",https://www.theguardian.com/world/2016/aug/01/baby-killer-whale-fights-for-life-in-new-zealand-harbour,https://media.guim.co.uk/576b545a50438d1618c1ad88bf22c5d6265ab507/0_15_1325_795/500.jpg
02-08-2016,Security brought in to prevent sideline abuse at children’s rugby games in New Zealand,Move follows reports that police plan to send community officers to patrol children’s rugby matches in Auckland in ‘Operation Footy Cops’,https://www.theguardian.com/world/2016/aug/02/abuse-new-zealand-club-policeman-childrens-matches-sport,https://media.guim.co.uk/79121ad3c28b691d8fe534a861a9cc6b525967f0/0_258_2127_1276/500.jpg
03-08-2016,François Hollande says Donald Trump 'makes you want to retch',French president warns victory by the Republican candidate could herald rightwing shift in world politics,https://www.theguardian.com/world/2016/aug/03/francois-hollande-says-donald-trump-makes-you-want-to-retch,https://media.guim.co.uk/a69fc5bc864d4cd292be6bab1b6c7a604eef68fc/734_397_3416_2051/500.jpg
04-08-2016,Former Afghan president Hamid Karzai criticises foreign-led combat against Taliban,Hamid Karzai says commanders fighting Taliban who ask US military ‘to bomb Afghanistan are not representing the Afghan people’,https://www.theguardian.com/world/2016/aug/04/former-afghan-president-criticises-foreign-led-combat-against-taliban,https://media.guim.co.uk/a52dc9be816981d54f3f7308c4299efbe58d68c6/360_242_5386_3231/500.jpg
05-08-2016,Syrian refugees design app for navigating German bureaucracy,The developers behind Bureaucrazy want to help natives and newcomers who share their bewilderment at the nation’s red tape,https://www.theguardian.com/world/2016/aug/05/syrian-refugees-app-navigating-german-bureacracy-bureaucrazy,https://media.guim.co.uk/45829491d86620bad1b2dac7a54b4bbf1c020e27/0_129_3264_1958/500.jpg
06-08-2016,"Risqué business: first Mr Gay China shows new, more public face of LGBT","Meng Fanyu has been voted China’s first ever Mr Gay, after a previous attempt to hold the competition in 2010 was shut down",https://www.theguardian.com/world/2016/aug/06/risque-business-first-mr-gay-china-shows-new-more-public-face-of-lgbt,https://media.guim.co.uk/89e3685e0f5d05fee52d0ac50cc6a74fa989f0b5/309_119_1781_1069/500.jpg
07-08-2016,Rodrigo Duterte links 150 judges and politicians to drugs trade,Philippine president fires police and military officers named in nationally televised speech on Sunday,https://www.theguardian.com/world/2016/aug/07/rodrigo-duterte-links-150-judges-and-politicians-to-drugs-trade,https://media.guim.co.uk/6bed7108c6a0d6558c851f8df57d4fbd8ca3a91a/0_80_2937_1763/500.jpg
08-08-2016,Africa calling: mobile phone revolution to transform democracies,Explosive growth in mobile broadband use across the continent is improving transparency and giving a voice to citizens,https://www.theguardian.com/world/2016/aug/08/africa-calling-mobile-phone-broadband-revolution-transform-democracies,https://media.guim.co.uk/0c5d013cc16bb5f2333d52c9b6ff4918a033600d/0_205_6144_3688/500.jpg
09-08-2016,Modern life doesn't have to be rubbish: helping Mumbai clean up its act,On a suburban beach scores of volunteers take on mountains of waste and years of apathy in India’s most populous city,https://www.theguardian.com/world/2016/aug/09/modern-life-rubbish-helping-mumbai-clean-up-beach-india-city,https://media.guim.co.uk/431d64be783fef5725ebc28b252b49954b4c73ee/139_0_4941_2965/500.jpg
10-08-2016,Opinion pollsters mistaken for thieves abducted and beaten by Mexican mob, Latest violent case of mistaken vigilantism comes after two doorknockers doing a survey about tortilla consumption were killed and their bodies burned,https://www.theguardian.com/world/2016/aug/10/opinion-pollsters-abducted-and-beaten-by-mexican-mob,https://media.guim.co.uk/ba8d5e0f84891ef7c4607feec2cb2bb43c83f6c6/0_103_3240_1944/500.jpg
11-08-2016,"'This is who I am', says first female MP to wear Māori facial tattoo in NZ parliament","Move by Nanaia Mahuta hailed as a gesture of rangatiratanga, or self-determination, dissuaded during colonial era",https://www.theguardian.com/world/2016/aug/11/first-woman-mp-maori-facial-tattoo-nz-parliament-moko-kauae,https://media.guim.co.uk/45b7d2086dd60545cbd372bccb3db9499b5c1a8a/0_76_640_384/500.jpg
12-08-2016,Panama Papers: Iceland calls elections six months early in wake of scandal,Parliamentary poll follows tax haven revelations that led to protests and prompted prime minister to quit ,https://www.theguardian.com/world/2016/aug/12/panama-papers-iceland-calls-elections-six-months-early-in-wake-of-scandal,https://media.guim.co.uk/e746eb49fa8f9198e1ecff9e3a4abc4bee99dda6/0_367_3500_2100/500.jpg
13-08-2016,What are government bonds?,"The government has restarted its quantitive easing programme, printing money to buy its own bonds back from City firms. But what exactly are bonds, and why did the Bank run into the trouble buying them this week?",https://www.theguardian.com/world/2016/aug/13/what-are-government-bonds,https://media.guim.co.uk/e23f453530948d2122d0bbb6b53b899c4cbcb84d/0_82_4500_2700/500.jpg
14-08-2016,The Greek crisis will flare up again. And why should it not?,"With ongoing austerity and low demand, Greece was never going to manage any sort of growth or budget surplus",https://www.theguardian.com/world/2016/aug/14/greece-crisis-bailout-austerity-recession,https://media.guim.co.uk/6b04447f79f104bdf86d174e242dd87dc4dcde96/0_161_4928_2957/500.jpg
15-08-2016,Faeces linked to gastroenteritis outbreak that hit thousands in New Zealand town,Residents of Havelock North on the North Island suffering from vomiting and diarrhoea after water supply contaminated,https://www.theguardian.com/world/2016/aug/15/faeces-linked-to-gastroenteritis-outbreak-that-hit-thousands-in-new-zealand-town,https://media.guim.co.uk/bb240dd0639c0934c727f3511d71894e4fe54b55/0_13_4096_2459/500.jpg
16-08-2016,New Zealand's most shameful secret: 'We have normalised child poverty',"One-third of the country’s children, or 300,000, now live below the poverty line – 45,000 more than a year ago",https://www.theguardian.com/world/2016/aug/16/new-zealands-most-shameful-secret-we-have-normalised-child-poverty,https://media.guim.co.uk/7aa6c7a1c43a669b359cd8dccb613ae7f79f9839/0_346_5184_3110/500.jpg
17-08-2016,Atauro Island: scientists discover the most biodiverse waters in the world,"Conservation International finds 643 species around Timor-Leste island, some of which are believed to be entirely new",https://www.theguardian.com/world/2016/aug/17/atauro-island-timor-leste-the-push-to-protect-the-most-biodiverse-waters-in-the-world,https://media.guim.co.uk/d74c986d8744d2b9d8503f6828f011e4f7f81d62/0_0_3852_2312/500.jpg
18-08-2016,Fiji to keep union jack on its flag,"Prime minister says cost of changing the flag, removing British colonial symbol, was too great and should be directed at cyclone recovery work",https://www.theguardian.com/world/2016/aug/18/fiji-to-keep-union-jack-flag-british,https://media.guim.co.uk/53afbd1b9aca30692af8b0a7671a568d62da429d/0_0_2560_1536/500.jpg
19-08-2016,Pirates chased away from British freighter by Nigerian warship,"‘Superior firepower’ forced hijackers to abandon their raid on the MT Vectis Osprey, says Nigeria’s navy, as it navigated waters where piracy has flared",https://www.theguardian.com/world/2016/aug/19/pirates-chased-away-from-british-freighter-by-nigerian-warship,https://media.guim.co.uk/00980c3878628e29599c1050d74898616a7b3bee/0_4_638_383/500.jpg
20-08-2016,Irish woman live-tweets journey for abortion in Great Britain,Woman and a friend thank everyone for their support on @TwoWomenTravel before beginning trip at dawn on Saturday,https://www.theguardian.com/world/2016/aug/20/irish-woman-live-tweets-journey-for-abortion-in-britain,https://media.guim.co.uk/e70e66382b46ee31b7c3308f66c0bacc1df322a3/20_240_3480_2089/500.jpg
21-08-2016,Australia attempts to derail UN plan to ban nuclear weapons,Diplomats force a vote on a report to begin negotiations on a ban in 2017 that had been expected to pass unanimously,https://www.theguardian.com/world/2016/aug/21/australia-attempts-to-derail-un-plan-to-ban-nuclear-weapons,https://media.guim.co.uk/030452885f1a58bda638f2c984ee985c174eef2d/0_163_4096_2458/500.jpg
22-08-2016,Brexit sparks rush for New Zealand as emigration inquiries hit record high,NZ government’s website records huge spike in queries from British nationals in the wake of referendum vote,https://www.theguardian.com/world/2016/aug/22/brexit-sparks-rush-for-new-zealand-as-emigration-inquiries-hit-record-high,https://media.guim.co.uk/ebbc80fe0db72acec8961f27154cfa27d1f58bd9/0_373_5604_3362/500.jpg
23-08-2016,Nine bears killed in Canadian town of Revelstoke after raiding the garbage,Conservation officer voices frustration at having to shoot bears that came close to humans while hunting an ‘easy meal’ from unsecured trash and fruit trees,https://www.theguardian.com/world/2016/aug/23/nine-bears-killed-in-canadian-city-of-revelstoke-after-raiding-the-garbage,https://media.guim.co.uk/0a294f4865ea89b44a6ce4c4fb53c007987c5eb2/0_375_2559_1534/500.jpg
24-08-2016,Fisherman hands in giant pearl he kept under the bed for 10 years,"Enormous pearl thought to have come from a giant clam could be the biggest in the world and, if authenticated, is estimated to be worth more than $100m",https://www.theguardian.com/world/2016/aug/24/fisherman-hands-in-giant-pearl-he-tossed-under-the-bed-10-years-ago,https://media.guim.co.uk/375c6bc360dfac24d037502acfc9e41d7f8455a3/0_64_2048_1229/500.jpg
25-08-2016,American University attack: at least 12 dead and 44 injured in Afghanistan,Students in Kabul were trapped in classrooms amid explosions and automatic gunfire as militants attacked the university,https://www.theguardian.com/world/2016/aug/24/american-university-afghanistan-attacked-kabul,https://media.guim.co.uk/39cfd3b33de4cfc2b70e5becd0ecd7410752eb24/0_124_2880_1728/500.jpg
26-08-2016,Czech tourist reveals how she survived 30-day ordeal in New Zealand mountains,"Pavlina Pižova tells of enduring the death of her partner, sleeping three nights in the open and how attempts to walk back to safety were thwarted by poor weather and avalanches",https://www.theguardian.com/world/2016/aug/26/czech-tourist-reveals-how-she-survived-30-day-ordeal-in-new-zealand-mountains,https://media.guim.co.uk/d535e43a4f0acf868440c3de7afeba59d1814bb9/0_65_5000_3002/500.jpg
27-08-2016,"Isis video appears to show children, including Briton, killing captives",Footage shows five boys holding pistols behind row of men who are apparently Kurdish fighters<br>,https://www.theguardian.com/world/2016/aug/27/isis-video-appears-to-show-children-including-briton-killing-captives,https://media.guim.co.uk/0bed894279fb6d55b83b61be1524db92db95c156/0_197_3000_1800/500.jpg
28-08-2016,Sydney's 'Rose of Tralee' shakes up Irish pageant with abortion rights speech,Brianna Parkins’s comments open up a debate in Ireland about repealing part of its constitution that curtails women’s right to choose,https://www.theguardian.com/world/2016/aug/28/sydneys-rose-of-tralee-shakes-up-irish-pageant-with-abortion-rights-speech,https://media.guim.co.uk/0b36536df3953b767ab42780f10333b03d62e47d/0_54_904_542/500.jpg
29-08-2016,"Burkini ban would be 'unconstitutional', says French minister",Bernard Cazeneuve says law prohibiting the full-body swimwear would stoke tensions when the country needs ‘healing’,https://www.theguardian.com/world/2016/aug/29/burkini-ban-would-be-unconstitutional-says-french-minister,https://media.guim.co.uk/ebc263b71320edb2be753fa2c0ba1276f3bbf994/0_0_2582_1550/500.jpg
30-08-2016,How an ordinary New Zealand town became steampunk capital of the world,Farming community of Oamaru attracts visitors from around the globe after community embraced subculture where wrought iron meets science fiction,https://www.theguardian.com/world/2016/aug/30/new-zealand-town-oamaru-steampunk-capital-of-the-world,https://media.guim.co.uk/041214f888ec457eaf1fa5e7d222fe4a95faee1a/192_0_3000_1800/500.jpg
31-08-2016,'Paradise on earth': China's Hangzhou gets propaganda facelift for G20 summit,"World leaders, including Barack Obama and Theresa May, will jet into a city that is having a multi-billion dollar makeover ",https://www.theguardian.com/world/2016/aug/31/china-hangzhou-propaganda-facelift-g20-summit,https://media.guim.co.uk/025c71e2750e7d108e4b86b798713001e91df5e6/0_238_4000_2400/500.jpg
01-09-2016,Libya hands over last stockpile of chemical weapon ingredients,World watchdog says international coalition removed hundreds of tonnes of toxic substances at request of Tripoli unity government,https://www.theguardian.com/world/2016/sep/01/libya-hands-over-last-stockpile-of-chemical-weapon-ingredients,https://media.guim.co.uk/ccedadaaff95e79e06062acf836f40f0b8f702a1/0_0_3300_1980/500.jpg
02-09-2016,"Trying to atone, Georgetown University accused of excluding slave descendants","The descendants of 272 slaves sold in 1838 say they have been left out of the process, and told the school’s president: ‘Nothing about us without us’",https://www.theguardian.com/world/2016/sep/01/georgetown-university-atonement-slavery-descendants,https://media.guim.co.uk/fc0f0d61c7f4d6a6e82724f17b719e9d74d4650b/0_107_3500_2100/500.jpg
03-09-2016,World's longest glass bridge closes for maintenance two weeks after opening,Officials said the popularity of the tourist attraction in central Hunan meant urgent improvements were needed,https://www.theguardian.com/world/2016/sep/03/worlds-longest-glass-bridge-closes-for-maintenance-two-weeks-after-opening,https://media.guim.co.uk/7f39768e5e261402cdbb796b74f874bfe52c33c4/0_471_3908_2346/500.jpg
04-09-2016,Fourteen gay Anglican priests urge bishops to take lead on inclusion,Gay and lesbian clergy write to bishops asking them to be bold about ‘what you know to be the direction of travel’,https://www.theguardian.com/world/2016/sep/03/conservative-anglicans-appointment-of-gay-bishop-a-major-error,https://media.guim.co.uk/cf4ecfedf8977961106a173375ae13fa91946fd4/0_146_4368_2621/500.jpg
05-09-2016,Chinese newspaper claims western media 'hyped up' Obama G20 snub,The Global Times says treatment of the US president and his entourage at Hangzhou airport and the ‘tense atmosphere’ has been overblown,https://www.theguardian.com/world/2016/sep/05/g20-chinese-newspaper-claims-western-media-hyped-up-obama-snub,https://media.guim.co.uk/b9fc5e238ec5a54c079190443c5d5da82e1e1973/0_105_3465_2080/500.jpg
06-09-2016,Urthboy speaks out against sexism with Father's Day release,"‘I wanted my shows to be the kind of place that my daughter would feel safe at,’ the Australian rapper says",https://www.theguardian.com/world/2016/sep/06/urthboy-speaks-out-against-sexism-with-fathers-day-release,https://media.guim.co.uk/2364e4ab3e893a078fa799a9d0c196508fcdcf21/0_559_3169_1901/500.jpg
07-09-2016,"Six-year-old girl tries to stop axe-wielding robber, shop CCTV shows","Sarah Patel is hailed ‘the bravest girl’ after armed gang raids family shop in Auckland, New Zealand",https://www.theguardian.com/world/2016/sep/07/six-year-old-girl-tries-stop-axe-robber-shop-cctv-nz,https://media.guim.co.uk/80f3047ca06efa77b8b17ed44793b5406c2425b4/167_0_1616_969/500.png
08-09-2016,"Great Helmsman or ruinous dictator? China remembers Mao, 40 years after death",Small but vocal group of neo-Maoists dismiss western focus on famine and chaos to praise the republic’s founder on anniversary of passing,https://www.theguardian.com/world/2016/sep/08/great-helmsman-dictator-china-anniversary-mao-40-years-after-death,https://media.guim.co.uk/32cacea915dfe993940d62bd09b2a6fabdc91596/0_128_3500_2100/500.jpg
09-09-2016,"Conditions for Greece's migrant children shocking, says Human Rights Watch","They are being made to live in filthy, bug-and-vermin-infested cells, sometimes without mattresses or access to showers, claims report",https://www.theguardian.com/world/2016/sep/09/conditions-for-greeces-migrant-children-shocking-says-human-rights-watch,https://media.guim.co.uk/af0eea75bdc68a7c7359f7eba7871a3ca5dc117b/0_159_4791_2876/500.jpg
10-09-2016,North Korea accused of 'maniacal recklessness' after nuclear test triggers earthquake,UN security council agrees to begin work on further sanctions as Japanese PM Shinzo Abe warns of grave threat,https://www.theguardian.com/world/2016/sep/09/north-korea-nuclear-test-earthquake,https://media.guim.co.uk/5c56bca0fee87360595c0d4896b0d10572479839/0_0_990_594/500.jpg
11-09-2016,‘Kindertransport’ Britons help today’s child refugees in Calais,"Their parents and grandparents were rescued from Nazi Germany, now they are raising money to rescue unaccompanied minors in ‘the Jungle’",https://www.theguardian.com/world/2016/sep/11/refugees-calais-children-kindertransport-britain-migrants,https://media.guim.co.uk/06d50b5480f636956afb62eeffa116aa9974257d/0_613_5408_3245/500.jpg
12-09-2016,Seizure of Libyan oil terminals prompts call for military action,Internationally backed government calls on forces to protect ports against ‘flagrant aggression’ by rival administration,https://www.theguardian.com/world/2016/sep/12/key-libya-oil-terminals-seized-by-rival-government-sparking-call-for-military-action,https://media.guim.co.uk/052d7248b2da40d9c4e728862cdd0f61e7445253/0_335_5026_3016/500.jpg
13-09-2016,Reclaiming 'butch': 'It’s surprising how much of a taboo it still is',"‘People use “butch” as a way of insulting queer women,’ says Esther Godoy. Her new publication aims to change that",https://www.theguardian.com/world/2016/sep/13/reclaiming-butch-its-surprising-how-much-of-a-taboo-it-still-is,https://media.guim.co.uk/8859e810c10b8f2b530b6319b414e02259af188f/0_1152_2008_1205/500.jpg
14-09-2016,Miloš Zeman: the hardline Czech leader fanning hostility to refugees,"President’s anti-Muslim rhetoric and criticism of EU has won him plaudits at home and in neighbouring countries, but raises questions for rest of Europe",https://www.theguardian.com/world/2016/sep/14/milos-zeman-czech-leader-refugees,https://media.guim.co.uk/e946785424501a555f41a100a1ddd0119964f567/275_87_2725_1635/500.jpg
15-09-2016,'Dreadnoughts of the trenches': ​100 years since tanks first appeared on the battlefield,A look at how the Guardian and Observer reacted to the emergence of tanks in the first world war<br>,https://www.theguardian.com/world/from-the-archive-blog/2016/sep/15/first-world-war-tanks-1916,https://media.guim.co.uk/a026a1de884b4fa74074900ca3b33d91084e96d0/0_91_2805_1683/500.jpg
16-09-2016,MH370: debris found in Madagascar in June still not collected by Malaysia,Independent investigator Blaine Gibson says six pieces remain with island authorities and have not yet been analysed for links to missing aircraft,https://www.theguardian.com/world/2016/sep/16/mh370-debris-madagascar-malaysia-not-collected,https://media.guim.co.uk/71d36eee448e072d450be1eb7ce9dd9a9bc74963/0_31_1386_832/500.jpg
17-09-2016,Berlin elections threaten to deliver fresh blow to Merkel's ailing party,"After a string of defeats this year, a setback for the CDU in Angela Merkel’s backyard could revive questions over her leadership",https://www.theguardian.com/world/2016/sep/17/berlin-elections-angela-merkel-christian-democrats-cdu-leadership,https://media.guim.co.uk/442982b63796cd6f2c9d2503d785db3aedd32b28/95_0_3360_2016/500.jpg
18-09-2016,Nauru refugee denied emergency evacuation after suspected heart attack,Australia not classing Afghan man’s case as an emergency but doctors say he is suffering from acute coronary syndrome and ‘requires urgent medical evacuation’,https://www.theguardian.com/world/2016/sep/18/nauru-refugee-denied-emergency-evacuation-after-suspected-heart-attack,https://media.guim.co.uk/fe927d456d93b63308ca3042e7a8e48059871a12/0_0_2048_1229/500.jpg
19-09-2016,Denise Ho: the Cantopop Queen on a crusade against China's Communist party,"She has been labelled ‘Hong Kong poison’ by Beijing, which has also called for her to be boycotted, but the singer is determined to spread her message",https://www.theguardian.com/world/2016/sep/19/denise-ho-cantopop-queen-hong-kong-chinas-communist-party,https://media.guim.co.uk/cf18c998d64c22767d00df9be48413e0e276cb2b/0_428_4839_2905/500.jpg
20-09-2016,French hitchhiker 'goes berserk' in New Zealand after four days stuck without a lift,Traveller arrested in tiny town of Punakaiki after allegedly attacking road signs and abusing locals following almost a week without a ride,https://www.theguardian.com/world/2016/sep/20/french-hitchhiker-goes-beserk-new-zealand-four-days-stuck-without-a-lift,https://media.guim.co.uk/0bee9a95188417b0af267b64f7a94a51648d4110/0_337_5200_3121/500.jpg
21-09-2016,"New Zealand kea, the world's only alpine parrot, faces extinction","The intelligent, playful birds are under threat from non-native predators and also from farmers who see them as pests ",https://www.theguardian.com/world/2016/sep/21/new-zealand-kea-the-worlds-only-alpine-parrot-faces-extinction,https://media.guim.co.uk/431b3885b7e58f9bb84c0030282ec8783762534f/0_15_700_420/500.jpg
22-09-2016,Cat flap: taxidermist defends selling handbag made from dead ginger tomcat,Animal lovers attack New Zealander Claire Third for fashioning the accessory out of a runover cat and selling it online for NZ$500 ,https://www.theguardian.com/world/2016/sep/22/cat-flap-taxidermist-defends-selling-handbag-made-from-dead-ginger-tomcat,https://media.guim.co.uk/18eb464ddfa8a3f8299691657c311e209ee5e887/0_8_620_372/500.jpg
23-09-2016,China should be proud of Wang Quanzhang - instead it persecutes him,The human rights lawyer has been detained on baseless charges. Beijing should drop them and uphold the rule of law,https://www.theguardian.com/world/commentisfree/2016/sep/23/china-should-be-proud-of-wang-quanzhang-instead-it-persecutes-him,https://media.guim.co.uk/33e49c00b1547d1f9b79df9c7c984b97f70984b2/0_167_3000_1801/500.jpg
24-09-2016,Gabon court rules president Ali Bongo rightful winner of September election,Consitutional court says it retallied votes but could not recount them because all ballots were burned immediately after counting,https://www.theguardian.com/world/2016/sep/24/gabon-court-rules-president-ali-bongo-rightful-winner-of-september-election,https://media.guim.co.uk/ef923547fb1e20962e8b0a416f2fe60f94a3a453/0_0_5472_3283/500.jpg
25-09-2016,UN security council to meet on Syria as Assad’s troops tighten grip on Aleppo,"A siege of the Syrian city has intensified after the end of the weeklong ceasefire, and now nearly 2 million are without water",https://www.theguardian.com/world/2016/sep/24/aleppo-siege-tighten-bashar-al-assad-water-two-million,https://media.guim.co.uk/2bb41a810ddbb90151b12e4e97062ffe0885ac96/0_28_5000_2999/500.jpg
26-09-2016,No five: Prince George refuses greeting from Canada's Justin Trudeau,"Royal toddler repeatedly demurs when Canadian prime minister offers him a low five, high five and handshake at the airport in British Columbia",https://www.theguardian.com/world/2016/sep/26/no-five-prince-george-refuses-greeting-from-canadas-justin-trudeau,https://media.guim.co.uk/f529ba1bd5b89e6d119d9f6ea463905b0c2576fa/1247_1262_3001_1801/500.jpg
27-09-2016,'The horrible night has ceased': Colombia peace deal resounds in Farc's heartland,"‘I can’t believe this is really happening. This is a great day for Colombia,’ says Alonso Cardoza from the remote town of Uribe where the Revolutionary Armed Forces of Colombia formally took its name",https://www.theguardian.com/world/2016/sep/27/colombia-farc-peace-deal-resounds-homeland-uribe,https://media.guim.co.uk/c942592576165ce747889ff85140ab81b4174720/0_165_2360_1415/500.jpg
28-09-2016,‘Independence is not an option’: meet the star of Hong Kong's pro-Beijing party,"Holden Chow, an unapologetic supporter of one-party China, names Tony Blair as an inspiration and says Beijing is becoming more open-minded",https://www.theguardian.com/world/2016/sep/28/hong-kong-pro-beijing-party-holden-chow,https://media.guim.co.uk/5f99991c2b0362273f555bbec35338bf5c792854/89_4_2853_1712/500.jpg
29-09-2016,"MH17 'killers' will be brought to justice, says Australian PM Malcolm Turnbull",Turnbull says Australia will continue to pursue Russia after two-year investigation found Malaysian Airlines plane was downed by missile from Russia,https://www.theguardian.com/world/2016/sep/29/mh17-killers-will-be-brought-to-justice-says-australian-pm-malcolm-turnbull,https://media.guim.co.uk/93b6a24782360d36eb4a4af9f5cd5e8874dd426a/0_63_4000_2400/500.jpg
30-09-2016,"Nightmare before Christmas: Siberia plans to cull 250,000 reindeer amid anthrax fears",One third of world’s largest reindeer herd could be killed in an effort to prevent the spread of the ‘zombie’ disease in the Russian tundra,https://www.theguardian.com/world/2016/sep/30/nightmare-before-christmas-siberia-plans-to-cull-250000-reindeer-amid-anthrax-fears,https://media.guim.co.uk/d3fc6ec71b83946d16af96a8c9d0184e079f3011/0_130_5572_3346/500.jpg
01-10-2016,Rodrigo Duterte vows to kill 3 million drug addicts and likens himself to Hitler,"‘If Germany had Hitler, the Philippines would have ...,’ the president said, pointing to himself",https://www.theguardian.com/world/2016/sep/30/rodrigo-duterte-vows-to-kill-3-million-drug-addicts-and-likens-himself-to-hitler,https://media.guim.co.uk/bdfb2767412f24216b3507b4530566e394cd5679/0_0_3500_2100/500.jpg
02-10-2016,Julie Bishop says Australia could pursue those behind MH17 with Lockerbie-style case,"Foreign minister says Russia will likely veto moves for UN action, but other legal avenues will be considered",https://www.theguardian.com/world/2016/oct/02/julie-bishop-says-australia-could-pursue-those-behind-mh17-with-lockerbie-style-case,https://media.guim.co.uk/a0cd24f1c8842a80603164d926730aa6aa2de19e/0_273_4096_2459/500.jpg
03-10-2016,Ethiopia: many dead in anti-government protest at religious festival,Opposition party says stampede kills at least 50 people in chaotic scenes in restive Oromiya region,https://www.theguardian.com/world/2016/oct/02/ethiopia-many-dead-anti-government-protest-religious-festival,https://media.guim.co.uk/7f3d046a1dd31be4e7e691f63bcd836b21a6d427/0_64_3500_2100/500.jpg
04-10-2016,Philippines secret death squads: officer claims police teams behind wave of killings,"<strong>Exclusive:</strong> Thousands of people have been killed since Rodrigo Duterte became president and, according to one officer, secret police teams are partly responsible ",https://www.theguardian.com/world/2016/oct/04/philippines-secret-death-squads-police-officer-teams-behind-killings,https://media.guim.co.uk/ee1d60ddbf3ca69b0d21ef6fe2eca1a7f3eca9a5/0_207_4000_2401/500.jpg
05-10-2016,Hong Kong activist Joshua Wong detained in Thailand 'at China's request' – reports,"Territory’s ‘face of protest’ reportedly held in Bangkok, underlining closer ties between Thailand’s military regime and China’s Communist rulers",https://www.theguardian.com/world/2016/oct/05/hong-kong-activist-joshua-wong-detained-thailand-china-deportation,https://media.guim.co.uk/3e9238cd0938bc33c0fc1cbda9248660847ba0dd/0_154_5000_3001/500.jpg
06-10-2016,‘What about our human rights?’: Kurds feel force of Turkey’s crackdown,"Kurds believe their harsh treatment by the Turkish state, particularly since July’s failed coup, is being ignored by the outside world",https://www.theguardian.com/world/2016/oct/06/what-about-our-human-rights-kurds-feel-force-turkeys-crackdown,https://media.guim.co.uk/237605abe384a91387c63958b3428fca87ac8630/0_0_3500_2100/500.jpg
07-10-2016,Florida governor warns Hurricane Matthew 'is going to kill people',"Storm starts lashing Florida coast and is expected to approach Palm Beach with wind gusts of up to 165mph, as death toll in Haiti climbs to more than 100",https://www.theguardian.com/world/2016/oct/06/hurricane-matthew-florida-preparations-evacuation,https://media.guim.co.uk/8774e7b3403cbececb683e2249a439934794e7f2/0_40_3720_2232/500.jpg
08-10-2016,Yahoo email spying claims prompt warning from UN rights tsar,"David Kaye, special rapporteur on freedom of expression, says government monitoring of digital communications undermines individual privacy online",https://www.theguardian.com/world/2016/oct/08/yahoo-email-spying-claims-prompt-warning-from-un-rights-tsar,https://media.guim.co.uk/24614fbc0f1840c3354a2b220c30476de9681edd/0_292_3500_2101/500.jpg
09-10-2016,"‘Call me a racist, but don’t say I’m a Buddhist’: America's alt right","They present themselves as modern thinkers of extremism. But the US far right, discovers Sanjiv Bhattacharya, have the same white supremacist obsessions",https://www.theguardian.com/world/2016/oct/09/call-me-a-racist-but-dont-say-im-a-buddhist-meet-the-alt-right,https://media.guim.co.uk/73f4681152b50164624240594348c5d2e0e2a2b8/0_164_4164_2498/500.jpg
10-10-2016,Ethiopia declares state of emergency as deadly protests continue, Rights groups claim 500 people have died in unrest sparked by development plans in the region around Addis Ababa,https://www.theguardian.com/world/2016/oct/10/ethiopia-declares-state-of-emergency-as-deadly-protests-continue,https://media.guim.co.uk/38b578dbc8ec823a73b13127695f57b401a4ccaa/0_20_3500_2101/500.jpg
11-10-2016,"China's 'extinct' dolphin may have returned to Yangtze river, say conservationists",Amateur expedition team claims it spotted the baiji – known as the ‘goddess of the Yangtze’ – in a stretch of Asia’s longest river,https://www.theguardian.com/world/2016/oct/11/china-extinct-dolphin-returned-yangtze-river-baiji,https://media.guim.co.uk/7ffbea886951cdb7a34f801f934142d8b879af2c/0_59_2500_1500/500.jpg
12-10-2016,Lee Hsien Loong references US-China tensions in speech to Australian parliament,Singapore’s PM calls for an ‘open and inclusive regional order’ and says Beijing and Washington both have roles to play ,https://www.theguardian.com/world/2016/oct/12/lee-hsien-loong-references-us-china-tensions-in-speech-to-australian-parliament,https://media.guim.co.uk/1fc44aa56b7bdc7f4edb5168c6aa13b336c9feab/0_0_3951_2370/500.jpg
13-10-2016,Thai PM returns to Bangkok as concerns grow for king's health,"Prayuth Chan-ocha meets heir apparent Maha Vajiralongkorn while King Bhumibol Adulyadej, 88, is in hospital",https://www.theguardian.com/world/2016/oct/12/thai-prime-minister-prayuth-chan-ocha-returns-to-bangkok-as-concerns-grow-for-kings-health,https://media.guim.co.uk/d67c03a8afb503c7305a2f7660ec8422a6200570/0_211_3500_2100/500.jpg
14-10-2016,"Aleppo must be 'cleaned', declares Assad, amid outcry over bloody siege",Syrian president gives unrepentant interview vowing to use shattered city as ‘springboard to push terrorists back to Turkey or kill them’,https://www.theguardian.com/world/2016/oct/14/aleppo-must-be-cleaned-declares-assad-amid-outcry-over-bloody-siege,https://media.guim.co.uk/0e54603ec3e7fd95208dbbff5540a4a364bfa17b/0_0_5472_3282/500.jpg
15-10-2016,Libya coup attempt as Tripoli militias seek to topple UN-backed government,Government of National Accord orders arrest of coup leaders who pledged to ‘rescue Libya’ after taking key buildings and a TV station ,https://www.theguardian.com/world/2016/oct/15/libya-coup-attempt-as-tripoli-militias-seek-to-topple-un-backed-government,https://media.guim.co.uk/d6b6a17233e3dccf6b8a1bfd890371a35f1717bb/0_32_2787_1673/500.jpg
16-10-2016,Stampede in India kills more than 20 at religious ceremony,Fatal crush on bridge at Hindu ceremony near northern city of Varanasi on Saturday also injures 20 people,https://www.theguardian.com/world/2016/oct/16/stampede-in-india-kills-more-than-20-at-religious-ceremony,https://media.guim.co.uk/b4cc016010cbf0a0dab50dab9ffea915add042f1/0_257_4204_2523/500.jpg
17-10-2016,Family First senator Bob Day quits after business collapses,The senator confirmed he would be quitting parliament after his building company went into liquidation ,https://www.theguardian.com/world/2016/oct/17/family-first-senator-bob-day-quits-after-business-collapses,https://media.guim.co.uk/7accaa1b4f975f5a635cbda2810c3a43a286711b/0_42_4500_2700/500.jpg
18-10-2016,ABC and Nauru government clash over Four Corners exposé of offshore detention,Nauru government accuses corporation of coaching children for interviews but broadcaster defends ‘important story of obvious public interest’,https://www.theguardian.com/world/2016/oct/18/abc-and-nauru-government-clash-over-four-corners-expose-of-offshore-detention,https://media.guim.co.uk/75412ddd73d59827e6aa8b360e279bf8b058478f/0_0_720_432/500.jpg
19-10-2016,Outrage over actor Rahama Sadau's hug highlights Nigeria's divisions,"An actor’s brief embrace in a rap video has caused outrage in the country’s Muslim north. Meanwhile in the Christian south, films show middle-aged women chasing affairs and students seducing teachers",https://www.theguardian.com/world/2016/oct/19/rahama-sadau-ban-nigeria-religious-divides-rap-video-i-love-you-classiq,https://media.guim.co.uk/9a8519435ae19d3eaf4194bfd54162374807c4b2/33_0_618_371/500.jpg
20-10-2016,Argentina's women joined across South America in marches against violence,Ni Una Menos demonstrations spurred by rape and killing of 16-year-old Lucía Pérez as thousands of protesters call for action on crimes against women,https://www.theguardian.com/world/2016/oct/20/argentina-women-south-america-marches-violence-ni-una-menos,https://media.guim.co.uk/c27cc57f5f99c941201c28ccb073881c3e768716/0_25_5760_3456/500.jpg
21-10-2016,Czech Republic claims propaganda war by Russia and sets up counter-effort,Interior minister says pro-Moscow disinformation network has sprung up on Czech soil and ‘we want to get into every smartphone’ to defeat it,https://www.theguardian.com/world/2016/oct/21/czech-republic-claims-propaganda-war-by-russia-and-sets-up-counter-effort,https://media.guim.co.uk/e33edd628f35920034d39eb35ea8087685921332/0_138_3000_1800/500.jpg
22-10-2016,Isis kills dozens and seizes hostages in counter-attack on Kirkuk,Islamic State tries to relieve pressure on besieged stronghold of Mosul with surprise pre-dawn raid on city 60 miles away ,https://www.theguardian.com/world/2016/oct/21/isis-kill-dozens-and-seize-hundreds-in-counter-attack-on-kirkuk,https://media.guim.co.uk/a0e9b08849ea6fa8b747cb7ae767bd14fd7fb285/28_0_2053_1232/500.jpg
23-10-2016,More than 50 child refugees arrive in Britain as Calais camp faces destruction,Girls first to be brought to UK under the Dubs amendment – potentially opening the door for the arrival of hundreds more unaccompanied child refugees,https://www.theguardian.com/world/2016/oct/22/lone-child-refugees-unaccompanied-dubs-amendment-arrive-uk-calais,https://media.guim.co.uk/36b817e97cad76a3cdd98f11bad31d70c45dbf8f/601_79_2894_1736/500.jpg
24-10-2016,Philippines senator calls for Duterte to face crimes against humanity inquiry,Leila de Lima tells the Guardian she fears for her own life after challenging president on a mission to wipe out drug dealers,https://www.theguardian.com/world/2016/oct/24/philippines-senator-calls-for-duterte-to-face-crimes-against-humanity-inquiry,https://media.guim.co.uk/35c3be712c8a104d6b71545f5abecf6bf6c1f5f9/0_181_4298_2578/500.jpg
25-10-2016,Labor presses Coalition to rule out accepting Bob Day vote on ABCC bill,Bob Day may not resign until after votes on the industrial relations bills if Family First picks Robert Brokenshire to replace him,https://www.theguardian.com/world/2016/oct/25/labor-presses-coalition-to-rule-out-accepting-bob-day-vote-on-abcc-bill,https://media.guim.co.uk/f2e1c3fda8a59c1de455f664175c60ebca698529/814_190_1291_775/500.jpg
26-10-2016,"Mormon and gay: church says you can be both, but activists say it isn't enough","Despite a shift in messaging there have been no changes in policy, with a new website reiterating that marriage is ‘between a man and a woman’<br>",https://www.theguardian.com/world/2016/oct/25/mormon-church-gay-lgbt-transgender-policy-website,https://media.guim.co.uk/85399ff32a25afd59255653e3b2b5a49b9f1ae26/0_32_3500_2101/500.jpg
27-10-2016,UK deploys hundreds of troops and aircraft to eastern Europe,UK joins biggest post-cold war buildup of Nato forces as Russian military engages in series of high-profile manoeuvres,https://www.theguardian.com/world/2016/oct/27/uk-to-deploy-hundreds-of-troops-and-aircraft-to-eastern-europe,https://media.guim.co.uk/f4e69dd106fab49da4eee9c1ea70f5c445895164/0_135_2000_1200/500.jpg
28-10-2016,UN votes to start negotiating treaty to ban nuclear weapons,"Australia votes with major nuclear powers against the resolution – including US, Russia and Israel – but 123 nations vote in favour",https://www.theguardian.com/world/2016/oct/28/un-votes-to-start-negotiating-treaty-to-ban-nuclear-weapons,https://media.guim.co.uk/8a183c5e2365238de5217f6d6d3253f9cf41374d/0_157_1398_838/500.jpg
29-10-2016,'Trust can be restored': Icelanders on their parliamentary election,We asked people in Iceland what hopes they have for Saturday’s vote and what the country’s politicians must do to regain their trust,https://www.theguardian.com/world/2016/oct/29/trust-can-be-restored-icelanders-on-their-parliamentary-election,https://media.guim.co.uk/494c1d908161ec8b2d5f3a42204f56b4b4af1083/0_0_3000_1800/500.jpg
30-10-2016,Iceland election: tight race to form government as counting begins,Early tallying shows ruling coalition led by Independence party vying to hold on to power against challenge from Pirate alliance,https://www.theguardian.com/world/2016/oct/29/iceland-election-voting-begins-with-opposition-parties-ahead-in-polls-pirate-party,https://media.guim.co.uk/e0c88924262c14ddc055bf7a769241d879da93cc/0_0_4185_2512/500.jpg
31-10-2016,Mark Carney ​may end speculation about future ​this week,Financial Times reports that the Bank of England governor wants to serve his full eight-year term despite criticism of his handling of Brexit by Tory MPs,https://www.theguardian.com/business/2016/oct/30/mark-carney-may-announce-decision-to-quit-thursday-bank-of-england,https://media.guim.co.uk/71ba98554ca4c860d689c9f91928a684c0b808d6/203_124_2918_1751/500.jpg
01-11-2016,Catholic church updates medieval 'guide to dying well' for 21st century,"Revamp of 15th century woodcuts, called The Art of Dying Well, includes animations and interviews with terminally ill people",https://www.theguardian.com/world/2016/nov/01/catholic-church-releases-art-of-dying-well,https://media.guim.co.uk/338d1d03aa81442337c8098536bf0ab895927608/55_0_1800_1080/500.jpg
02-11-2016,'What did you know and when?': Labor wants government answers on Bob Day fiasco,Former senator says there was no conflict of interest over his constituency HQ but says government has been advised that he was ineligible for office,https://www.theguardian.com/world/2016/nov/02/what-did-you-know-and-when-labor-wants-government-answers-on-bob-day-fiasco,https://media.guim.co.uk/8fc9ed9bd076d7716898fab21dba32f1e445f0e5/0_187_3797_2279/500.jpg
03-11-2016,"EU policy leading to abuse of migrants in Italy, claims Amnesty",Research shows ‘hotspot’ system has stretched frontline resources and resulted in alleged torture and human rights violations,https://www.theguardian.com/world/2016/nov/03/eu-migrants--torture-beatings-illegal-deportations-testimony,https://media.guim.co.uk/34394b1489d38af54c9622ad6bb369000b4c98e8/0_88_3000_1800/500.jpg
04-11-2016,Tearful South Korean president says scandal of friend's influence is 'all my fault',Park Guen-hye tells the nation that she was careless and had ‘allowed her guard to drop’ with Choi Soon-sil ,https://www.theguardian.com/world/2016/nov/04/tearful-south-korean-president-says-scandal-of-friends-influence-is-all-my-fault,https://media.guim.co.uk/fed004309f9adde7b70584d0434a4d0ea414c05a/0_14_2048_1229/500.jpg
05-11-2016,Riverside encounter with an otter and her young,"<strong>Country diary: Newcastle Emlyn, West Wales </strong>Even in the fading light I could pick out every detail of them: the small rounded ears, the luxurious whiskers, the broad muzzle and their wonderful strangeness",https://www.theguardian.com/world/2016/nov/05/riverside-encounter-otter-young-country-diary,https://media.guim.co.uk/5980f93c4a8863f2e71a64dadb3f462ba5a2cb44/0_120_5190_3115/500.jpg
06-11-2016,Syrian family’s journey from Isis jail to audience with the pope,Syrian Catholic Martin Tamras and his sons were held for ransom for a year by Isis,https://www.theguardian.com/world/2016/nov/06/from-isis-jail-to-audience-with-pope,https://media.guim.co.uk/7dd1dd86b6a1da19b158d9829495d81cf7eaae58/0_151_3497_2099/500.jpg
07-11-2016,UK's Muslim Brotherhood policy 'undermined by ties with Saudi Arabia',MPs say appointment of ambassador to Arab state to lead review into Islamist organisation compromised its impartiality,https://www.theguardian.com/world/2016/nov/07/uks-muslim-brotherhood-policy-undermined-by-ties-with-saudi-arabia,https://media.guim.co.uk/ae520650c61c7e3743de55650fe5e1cb56a6eff1/101_39_1627_977/500.jpg
08-11-2016,Huge sinkhole opens up in Japanese city: 'I heard a loud boom',"Street collapses outside main railway station in south-western city of Fukuoka shortly after 5am, causing chaos and evacuations",https://www.theguardian.com/world/2016/nov/08/huge-sinkhole-japanese-city-fukuoka-railway-station,https://media.guim.co.uk/8f49eb83e5a302b6b4a0446d5d0995a3e307e6f8/0_0_2531_1518/500.jpg
09-11-2016,Canada's immigration website crashes as Trump's election lead grows,Data from Google suggests searches for ‘move to Canada’ spiked significantly during the night as Trump victories unfolded in key battleground states,https://www.theguardian.com/world/2016/nov/09/canadas-immigration-website-crashes-as-donald-trumps-us-election-lead-grows,https://media.guim.co.uk/57e3ae46f2c5c384724ce30bddfea440401f753d/0_66_2200_1320/500.jpg
10-11-2016,Move to New Zealand? US migration inquiries rise 24-fold after election day,Immigration website takes strain as thousands of Americans explore their options away from a country that will be led by Donald Trump,https://www.theguardian.com/world/2016/nov/10/move-to-new-zealand-us-migration-inquiries-rise-24-fold-after-election-day,https://media.guim.co.uk/5287de722d53d13d456dc06cbb1498688cbb6dc1/0_0_5139_3084/500.jpg
11-11-2016,Russia's remote observatory hosts art show,"Show, perched in mountains of Karachay-Cherkess republic, features contemporary work from seven Russian and three Austrian artists",https://www.theguardian.com/world/2016/nov/11/russias-remote-observatory-hosts-art-show,https://media.guim.co.uk/f9eed6b22fbd8c03d503d4593aa0d6254d3166ca/0_349_7096_4257/500.jpg
12-11-2016,Weak sterling puts Irish mushroom farmers in the shade,Producers dependent on UK supermarkets fear for the future with one in 10 farmers in the Republic out of business since Brexit vote,https://www.theguardian.com/business/2016/nov/12/plunging-pound-puts-irish-mushroom-farmers-in-the-shade,https://media.guim.co.uk/368ca626779ab75dc7ce17c2e38dab6e79c214d6/0_323_4928_2957/500.jpg
13-11-2016,Magnificent men and women to race flying machines across Africa,Vintage Air Rally will challenge entrants to fly from Cairo to the Cape in 35 days,https://www.theguardian.com/world/2016/nov/13/vintage-air-rally-cairo-cape-35-days,https://media.guim.co.uk/e2f2c2d49cb5124377191857c744b28ef65a5759/35_1178_6036_3622/500.jpg
14-11-2016,Kaikoura: state of emergency declared in town cut off by New Zealand earthquake,Strong aftershocks and looming severe weather hamper efforts to reach communities stranded by disaster,https://www.theguardian.com/world/2016/nov/13/new-zealand-earthquake-two-dead-as-tsunami-alert-issued,https://media.guim.co.uk/2044c3a2da0093ff428ce10e0690b3cc035d5a2c/0_55_1024_614/500.jpg
15-11-2016,Trump and China: fears that deal-making will consign human rights to political 'roadkill',New US president could be preparing an extreme makeover of US–China ties that would ditch status quo and broker an audacious deal with Beijing,https://www.theguardian.com/world/2016/nov/15/trump-and-china-fears-deal-making-consign-human-rights-to-political-roadkill,https://media.guim.co.uk/1ee3afc5b869e46dbbfece0dac364e8b0bb4646a/0_563_3500_2100/500.jpg
16-11-2016,"Ethnic minorities more likely to be jailed for some crimes, report finds","Study headed by Labour MP David Lammy reveals racial disparities at arrest, charging, prosecution and imprisonment ",https://www.theguardian.com/world/2016/nov/16/ethnic-minorities-more-likely-to-be-jailed-for-some-crimes-report-finds,https://media.guim.co.uk/6ad5f579ea509f19954ce9d9b3fc851ef71b328c/0_8_3424_2055/500.jpg
17-11-2016,New Zealand earthquake: first relief trucks sent to Kaikoura as road opens,"Army convoy brings supplies for stricken South Island town, while navy ship berths in Christchurch carrying hundreds of evacuees",https://www.theguardian.com/world/2016/nov/17/new-zealand-earthquake-first-relief-trucks-sent-to-kaikoura-as-road-opens,https://media.guim.co.uk/52b90387dbd06dc10ad842e46be9ed1f22d70969/0_0_2766_1660/500.jpg
18-11-2016,Vancouver hopes to cool off housing market with a tax on empty homes,"City approves 1% tax on homes that are not principal residences and are empty for more than six months a year, which data suggests could number 20,000",https://www.theguardian.com/world/2016/nov/17/vancouver-empty-homes-tax,https://media.guim.co.uk/77870ebe45880ae3b5e2f821fa7aabc50277421f/52_0_5159_3096/500.jpg
19-11-2016,Quebec election shooter given life sentence for 2012 killing,Richard Henry Bain shouted ‘the Anglophones are waking up’ after opening fire at victory rally for the separatist Parti Quebecois,https://www.theguardian.com/world/2016/nov/19/quebec-election-shooter-given-life-sentence-for-2012-killing,https://media.guim.co.uk/5d5ede43e5f3ebbada7c83b252ea248eb17b9dea/0_358_3500_2101/500.jpg
20-11-2016,Boko Haram’s forgotten victims return to a humanitarian disaster,"Three million people fled their villages during northern Nigeria’s insurgency. Two years later, they are going back",https://www.theguardian.com/world/2016/nov/20/boko-haram-forgotten-victimd-humanitarian,https://media.guim.co.uk/5360aa90d5e4bab43f045a442fb2bbf8cdc395f6/0_300_4000_2400/500.jpg
21-11-2016,Monkey attack in Libya sparks tribal clashes that kill more than a dozen,"Three men turn a pet monkey loose on a schoolgirl, prompting retaliation that escalates into use of tanks and mortars",https://www.theguardian.com/world/2016/nov/21/monkey-attack-in-libya-sparks-tribal-clashes-that-kill-more-than-a-dozen,https://media.guim.co.uk/9e2191b224ab65e49e435945ed9923dd46710ca7/0_70_2930_1759/500.jpg
22-11-2016,Cyprus reunification: leaders leave Switzerland without deal,Two sides struggling with boundaries for a future federation consisting of Greek-speaking and Turkish-speaking states,https://www.theguardian.com/world/2016/nov/22/cyprus-reunification-leaders-leave-switzerland-without-deal,https://media.guim.co.uk/2dfc856917590bcc6e27272ad81e1c544a5abaad/0_0_3500_2101/500.jpg
23-11-2016,Church of England appoints Lord Carlile to review George Bell claim,"Peer to conduct independent investigation into church’s settlement of sexual abuse claim last year, which led to protests ",https://www.theguardian.com/world/2016/nov/23/church-of-england-appoints-lord-carlile-to-review-george-bell-claim,https://media.guim.co.uk/ce30bb087a5a858bdd3cd5d2710dbb53a860af93/22_340_5292_3175/500.jpg
24-11-2016,Hammond seeks productivity boost with £2.6bn for transport,Road and rail links between Oxford and Cambridge among infrastructure projects announced by chancellor,https://www.theguardian.com/world/2016/nov/24/hammond-seeks-productivity-boost-with-26bn-for-transport,https://media.guim.co.uk/b6e949b4b4e92c08ab2db3dea38881d2846e5257/259_64_3303_1982/500.jpg
25-11-2016,Sikhs in UK are 'invisible to government' despite hate crime increase,Sikh Federation says public bodies ignore community as survey finds 20% of Sikhs faced public discrimination last year,https://www.theguardian.com/world/2016/nov/25/sikhs-in-uk-are-invisible-to-government-despite-hate-increase,https://media.guim.co.uk/c4c881bed89be9c899d533a72f6de8ffe8c080b2/0_65_4672_2803/500.jpg
26-11-2016,"The new Hawaii? Surfers flock to Taiwan, an island nation that fears the sea",Typhoon swell and a host of surf spots have put a fishing village on the pro-circuit – a big change for a culture whose unease with China created an aversion to the ocean,https://www.theguardian.com/world/2016/nov/26/surfers-flock-to-taiwan-island-nation-fears-sea,https://media.guim.co.uk/22200615e56a48bf37bcd0091ca7f1c3e807c9be/0_195_4000_2401/500.jpg
27-11-2016,"Welcome to skyr, the Viking ‘superfood’ waking up Britain","One of Iceland’s top exports, worth £6.4bn a year globally, is now made in Yorkshire",https://www.theguardian.com/world/2016/nov/27/skyr-viking-superfood-waking-up-britain,https://media.guim.co.uk/39e1c924382a3c8e26a7e340709a7c85990a46b2/30_190_795_477/500.jpg
28-11-2016,UK commander in Iraq calls for patience over retaking Mosul from Isis,Maj-Gen Rupert Jones’s remarks contrast with Donald Trump’s apparent ideas for US strategy against Islamic State,https://www.theguardian.com/world/2016/nov/28/top-uk-commander-calls-for-patience-retaking-mosul-isis-donald-trump-us-strategy-islamic-state,https://media.guim.co.uk/882f8c473c366ee7619b26aa1276a0dd794e7e7d/0_156_5568_3341/500.jpg
29-11-2016,"Swap driving licence for cheap noodles, Japan urges older motorists",Country tries to fight worrying rise in accidents caused by over-75s by offering discounts on ramen if they give up driving,https://www.theguardian.com/world/2016/nov/29/swap-driving-licence-cheap-noodles-discount-japan-older-motorists,https://media.guim.co.uk/b559a0a2f175aaf2eab5586af3a3b77e9c422e07/0_189_4405_2643/500.jpg
30-11-2016,"Many parents of children with learning disability fear public reaction, poll finds",Mencap poll finds 70% of parents of children with learning disability have felt unwelcome in public,https://www.theguardian.com/society/2016/nov/30/many-parents-of-children-with-learning-disability-fear-public-reaction-poll-finds,https://media.guim.co.uk/ab22d7f04d5b3350efe86ff1d62e3ed4f3f650a6/0_192_5760_3456/500.jpg
01-12-2016,"Poland earthquake killed eight underground miners, says owner",Magnitude 3.4 quake caused rockfalls hundreds of metres below the surface at Europe’s largest copper mine ,https://www.theguardian.com/world/2016/dec/01/poland-earthquake-killed-eight-underground-miners-says-owner,https://media.guim.co.uk/f7759825632972aedf229f52b0983dc1da8ac729/0_0_3500_2101/500.jpg
02-12-2016,Money from Nigeria laundered in UK 'should go to helping starving children',"Save the Children say £950m is needed by those affected by Boko Haram, with tens of thousands of children at risk of death in areas held by the group",https://www.theguardian.com/world/2016/dec/02/money-from-nigeria-laundered-in-uk-should-go-to-helping-starving-children,https://media.guim.co.uk/e28d037ed38ce54358ba07f83b0a55fadb872ea1/0_236_3600_2159/500.jpg
03-12-2016,"Fiji PM endorses InstaCharge, the app its creators claim can recharge your phone",PM Frank Bainimarama wants to make Fiji a telecoms hub but experts say phone app breaks the laws of thermodynamics,https://www.theguardian.com/world/2016/dec/03/fiji-pm-endorses-instacharge-app-that-claims-to-recharge,https://media.guim.co.uk/d0c3bb04794bd014af9d25ea7d45cf9c9d2de39e/1912_401_1685_1011/500.jpg
04-12-2016,Three generations of Cubans united by gratitude to Fidel Castro,"After the eulogies and denunciations, the Torres family supplies a more nuanced perspective on Cuba’s revolutionary leader",https://www.theguardian.com/world/2016/dec/04/cuba-fidel-castro-three-generations,https://media.guim.co.uk/11273203a484a8838971770020e6b6ef578ddb2f/0_36_1280_768/500.jpg
05-12-2016,British arms companies buck global trend with increase in sales,BAE Systems – the UK’s biggest arms maker – sees sales rise to $25.5bn partly because of aircraft exports to Saudi Arabia,https://www.theguardian.com/world/2016/dec/05/british-arms-companies-buck-global-trend-and-see-increase-in-sales,https://media.guim.co.uk/f4e69dd106fab49da4eee9c1ea70f5c445895164/0_67_2000_1200/500.jpg
06-12-2016,John Key's pick for New Zealand's next prime minister faces party challengers,"Bill English confirms he will stand in next week’s leadership election, but will need to beat National colleagues Jonathan Coleman and Judith Collins",https://www.theguardian.com/world/2016/dec/06/john-key-new-zealand-next-prime-minister-bill-english,https://media.guim.co.uk/8f6a79b58877fb78b71fcaa901b2190c4ccd08ad/0_0_5000_3001/500.jpg
07-12-2016,China asks US to block Taiwan president trip after talk of Donald Trump meeting,Claims emerge lobbyist Bob Dole spent six months setting up controversial phone call between US president-elect and Tsai Ing-wen,https://www.theguardian.com/world/2016/dec/07/china-us-taiwan-president-donald-trump-meeting,https://media.guim.co.uk/dff99cabb0f483d9803ba4221237227549607983/0_62_2800_1680/500.jpg
08-12-2016,Revealed: Rio Tinto's plan to use drones to monitor workers' private lives,<strong>Exclusive:</strong> Privacy campaigners express alarm after company contracts Sodexo to ‘capture individual insights’ from staff in Western Australian mining camps ,https://www.theguardian.com/world/2016/dec/08/revealedrio-tinto-surveillance-station-plans-to-use-drones-to-monitors-staffs-private-lives,https://media.guim.co.uk/a7d59aa0f1114ba858a0de98f467082e5734a1db/0_92_3000_1801/500.jpg
09-12-2016,Justin Trudeau under pressure amid cash-for-access fundraising claims,Dream run ends for Canada’s governing Liberal party after reports that rich donors got privileged access to prime minister and cabinet members at events,https://www.theguardian.com/world/2016/dec/09/justin-trudeau-under-pressure-amid-cash-for-access-fundraising-claims,https://media.guim.co.uk/efc28758de2166d64ccb45f167c1846e486cba51/0_77_3500_2101/500.jpg
10-12-2016,"Time for China to release writers, journalists and activists | Letters","<strong>Letters:</strong> Today our Pen International community of writers, readers, activists and publishers condemn the Chinese authorities’ attack on free expression",https://www.theguardian.com/world/2016/dec/10/time-for-china-to-release-writers-journalists-and-activists,https://media.guim.co.uk/5d51bfc1c83584b151c1ea9e4f4c84372adee62b/90_0_1370_822/500.jpg
11-12-2016,Has Africa had its fill of ‘strongmen’?,"After 38 years during which his family has hoarded wealth and power, Angola’s leader José Eduardo dos Santos is quitting. Is this more evidence of a continent in the process of transition?",https://www.theguardian.com/world/2016/dec/11/africa-strongmen-angola-dos-santos-zimbabwe-mugabe-uganda-sudan,https://media.guim.co.uk/19d59c32f41fcf81013012f07e02bf761536d992/0_187_5526_3316/500.jpg
12-12-2016,Jakarta governor Ahok's blasphemy trial: all you need to know,"Ahok, a Christian of Chinese descent, has angered Indonesia’s religious conservatives by referencing a verse from the Islamic holy book on the campaign trail",https://www.theguardian.com/world/2016/dec/12/jakarta-governor-ahoks-blasphemy-trial-all-you-need-to-know,https://media.guim.co.uk/2bfcd1e76d1e4c60ce757f2775768c94c299ad90/0_273_4096_2459/500.jpg
13-12-2016,Iran and Turkey's secret talks on Syria revealed,"Plan envisaged ceasefire, national unity government and elections under UN supervision but collapsed over worries about Assad’s role, says report",https://www.theguardian.com/world/2016/dec/13/iran-and-turkey-held-secret-talks-on-syria-peace-proposals-in-2013-and-2016,https://media.guim.co.uk/4adf054a084917236da90ae26906911dd24fb9af/0_24_2835_1701/500.jpg
14-12-2016,"Don't spread 'straight-man cancer', China feminist warns Trump","‘Big Rabbit’ Zheng Churan, who was arrested for her activism in 2015, tells president-elect: ‘Feminists worldwide are speaking, and we are watching you’",https://www.theguardian.com/world/2016/dec/14/dont-spread-straight-man-cancer-china-feminist-warns-trump,https://media.guim.co.uk/fa266538b5282a3bc6bb7d083cb2f405bb912f40/0_396_6144_3686/500.jpg
15-12-2016,Campaign begins to counter 'all white' Christmas,Woman hopes to increase number of images of black and ethnic minority families enjoying Christmas after noticing white families predominated<br>,https://www.theguardian.com/world/2016/dec/15/campaign-begins-against-all-white-christmas,https://media.guim.co.uk/276cbd37a9bc7a534ed005fe81dfb09f59f008b2/20_118_1462_877/500.jpg
16-12-2016,EU leaders try to salvage Ukraine deal,Guarantees offered to voters in the Netherlands after they reject trade and political deal approved by rest of the bloc,https://www.theguardian.com/world/2016/dec/15/ukraine-will-not-join-eu-dutch-are-promised-in-effort-to-save-treaty,https://media.guim.co.uk/2293f7dfccc63a57e504b101e7141a4e4c5aa349/66_0_4587_2753/500.jpg
17-12-2016,Beijing smog: pollution red alert declared in China capital and 21 other cities,"Authorities issue five-day warning and order schools to close, residents to stay indoors and heavy industry to slow or halt production",https://www.theguardian.com/world/2016/dec/17/beijing-smog-pollution-red-alert-declared-in-china-capital-and-21-other-cities,https://media.guim.co.uk/0dcae1477d524c62a7c234eed127abc26f987597/0_93_4096_2458/500.jpg
18-12-2016,UN’s ban on child labour is a ‘damaging mistake’,Academics say policy ignores benefits and reflects western prejudice,https://www.theguardian.com/world/2016/dec/18/child-labour-un-ban-damaging-mistake,https://media.guim.co.uk/750428f1337ec31f7bb634a2aea350dfb2e8380e/0_137_4096_2458/500.jpg
19-12-2016,Jordan security forces storm castle to free captured tourists,Tourists trapped by armed men in medieval building in the city of Karak after shootouts with police killed at least nine people,https://www.theguardian.com/world/2016/dec/18/canadian-tourist-five-killed-gunmen-jordan-karak,https://media.guim.co.uk/e06dbc2908b0709beee63ff439204d350315c541/0_117_3500_2101/500.jpg
20-12-2016,Christine Lagarde damaged but able to limp on at IMF,Washington-based organisation’s board had little appetite for what would be a fraught process to pick replacement managing director,https://www.theguardian.com/world/2016/dec/20/christine-lagarde-damaged-but-able-to-limp-on-at-imf,https://media.guim.co.uk/16baa2f3faa01b5a755c690859297fca5bdf0bc5/0_154_2969_1781/500.jpg
21-12-2016,Australia's 10 most dangerous stretches of highway revealed,Australian Automobile Association road safety report examined more than 900 deaths between 2010 and 2014,https://www.theguardian.com/world/2016/dec/21/australias-10-most-dangerous-stretches-of-highway-revealed,https://media.guim.co.uk/a58f457b9d18aef8b632838894ff00bf46a2a55b/0_146_4762_2859/500.jpg
22-12-2016,YouTube star allegedly kicked off Delta flight 'for speaking Arabic' is known for pranks,"Adam Saleh, whose videos have drawn millions of followers, recorded himself being escorted from plane after ‘people felt uncomfortable’, he told the Guardian",https://www.theguardian.com/world/2016/dec/21/adam-saleh-delta-flight-arabic,https://media.guim.co.uk/0de102eb438905718f53ec9e63a24d762865179c/0_182_5472_3283/500.jpg
23-12-2016,'It's not inevitable': sudden rise in road deaths prompts search for answers,"After decades of decline, the number of deaths and injuries on Australia’s roads has risen in the past two years. The reasons are unclear, but experts warn we are taking up new safety technology too slowly",https://www.theguardian.com/world/2016/dec/23/not-inevitable-sudden-rise-road-deaths-search-answers,https://media.guim.co.uk/559b2e9ddbf0f64fbbdc19aa195538b232ec0bc0/0_294_3968_2381/500.jpg
24-12-2016,Cruise liner abandons search for British woman who fell overboard,"The 74-year-old woman was reported missing on Friday morning, 100 nautical miles off the US coast",https://www.theguardian.com/world/2016/dec/24/cruise-liner-abandons-search-for-british-woman-who-fell-overboard,https://media.guim.co.uk/da7cc4e464182a8aa839fb79a45db96c32a5bd41/0_0_3500_2100/500.jpg
25-12-2016,Christian leaders' end-of-year messages focus on uncertainty and fear,Archbishop of Canterbury to say world at end of 2016 is now less predictable and people’s values are in the wrong place,https://www.theguardian.com/world/2016/dec/25/christian-leaders-2016-messages-archbishop-canterbury,https://media.guim.co.uk/977ebd205bc7b26d0aa96dfe192beefc4a4746d9/0_45_4710_2826/500.jpg
26-12-2016,"No fame, no fuss: eight heroes of 2016","From the man who tackled the Nice truck killer to the women who opened their homes to those in peril, there are plenty of good people out there",https://www.theguardian.com/world/2016/dec/26/eight-who-made-the-world-a-better-place-in-2016,https://media.guim.co.uk/5e1ec87076ce528ade2bfd6582f43af3df6f71ef/0_386_5084_3051/500.jpg
27-12-2016,"Hong Kong, where history has become a battleground for Beijing",Residents of the city are being encouraged to engage with their past – warts and all – and not allow it to be airbrushed ,https://www.theguardian.com/world/2016/dec/27/hong-kong-history-battleground-beijing,https://media.guim.co.uk/8bd400c1fd035969847f7ce5756ad2bcd5cb16cb/0_159_6016_3610/500.jpg
28-12-2016,Bike-sharing revolution aims to put China back on two wheels,"From Shanghai to Sichuan, schemes are being rolled out to slash congestion, cut air pollution – and spin a profit",https://www.theguardian.com/world/2016/dec/28/bike-sharing-revolution-aims-to-put-china-back-on-two-wheels,https://media.guim.co.uk/51e439d95e3feff134bc672e9d6e3ed1514119ae/0_224_3500_2100/500.jpg
29-12-2016,Anger as Japanese minister visits 'war crimes' shrine after Pearl Harbor trip,"South Korea protests as Tomomi Inada, Japan’s defence minister, pays homage at Yasukuni memorial where those honoured include leaders of wartime atrocities",https://www.theguardian.com/world/2016/dec/29/anger-as-japanese-minister-visits-war-crimes-shrine-after-pearl-harbor-trip,https://media.guim.co.uk/752297b008f6abe1977c8862b4df0d0f7ac0f2b5/0_89_2086_1252/500.jpg
30-12-2016,"After 130 years of obscurity, Myanmar's forgotten royals make a comeback",The descendants of exiled King Thibaw sense a revival and hope to bring his body home a century after he died in India ,https://www.theguardian.com/world/2016/dec/30/myanmar-burma-royal-family-monarchy-king-thibaw-comeback,https://media.guim.co.uk/fe0e3738a6f7d7dd7fef4f6ed46b45c079540428/0_21_1280_768/500.png
31-12-2016,"Allow married Catholic priests to halt decline in Ireland, says clergyman",Father Brendan Hoban predicts ‘huge eucharistic famine’ amid falling numbers and warns of rising depression and suicide,https://www.theguardian.com/world/2016/dec/31/allow-married-catholic-priests-to-halt-decline-in-ireland-says-clergyman,https://media.guim.co.uk/a6eb172a9cbe9facf84169314e54b419e0fc7307/0_27_5112_3067/500.jpg
