{"event_time": "2025-10-02T22:02:57.861884", "where": "sanity", "level": "info", "message": "Starting spotify_sanity_check", "data": null}
{"event_time": "2025-10-02T22:02:58.206349", "where": "sanity", "level": "info", "message": "spotify_sanity_check result: ok=True, msg=ok", "data": null}
{"event_time": "2025-10-02T22:02:58.206565", "where": "sanity", "level": "info", "message": "Starting discogs_sanity_check", "data": null}
{"event_time": "2025-10-02T22:02:58.452610", "where": "sanity", "level": "info", "message": "discogs_sanity_check result: ok=True, msg=ok", "data": null}
{"event_time": "2025-10-02T22:02:58.475063", "where": "enrichment", "level": "info", "message": "Starting run_all()", "data": null}
{"event_time": "2025-10-02T22:03:21.841680", "where": "spotify:shows", "level": "info", "message": "Fetched 9 shows", "data": null}
{"event_time": "2025-10-02T22:03:21.952509", "where": "enrichment", "level": "error", "message": "Exception in background_enrich: cannot access local variable 'titles' where it is not associated with a value", "data": null}
{"event_time": "2025-10-02T22:03:46.736790", "where": "sanity", "level": "info", "message": "Starting spotify_sanity_check", "data": null}
{"event_time": "2025-10-02T22:03:46.968513", "where": "sanity", "level": "info", "message": "spotify_sanity_check result: ok=True, msg=ok", "data": null}
{"event_time": "2025-10-02T22:03:46.968720", "where": "sanity", "level": "info", "message": "Starting discogs_sanity_check", "data": null}
{"event_time": "2025-10-02T22:03:47.171498", "where": "sanity", "level": "info", "message": "discogs_sanity_check result: ok=True, msg=ok", "data": null}
{"event_time": "2025-10-02T22:03:47.212375", "where": "enrichment", "level": "info", "message": "Starting run_all()", "data": null}
{"event_time": "2025-10-02T22:04:13.281629", "where": "spotify:shows", "level": "info", "message": "Fetched 9 shows", "data": null}
{"event_time": "2025-10-02T22:04:13.398723", "where": "enrichment", "level": "error", "message": "Exception in background_enrich: cannot access local variable 'titles' where it is not associated with a value", "data": null}
{"event_time": "2025-10-02T22:04:17.949951", "where": "sanity", "level": "info", "message": "Starting spotify_sanity_check", "data": null}
{"event_time": "2025-10-02T22:04:18.176194", "where": "sanity", "level": "info", "message": "spotify_sanity_check result: ok=True, msg=ok", "data": null}
{"event_time": "2025-10-02T22:04:18.176420", "where": "sanity", "level": "info", "message": "Starting discogs_sanity_check", "data": null}
{"event_time": "2025-10-02T22:04:18.382011", "where": "sanity", "level": "info", "message": "discogs_sanity_check result: ok=True, msg=ok", "data": null}
{"event_time": "2025-10-02T22:04:18.417376", "where": "enrichment", "level": "info", "message": "Starting run_all()", "data": null}
{"event_time": "2025-10-02T22:04:21.390991", "where": "local_test", "level": "info", "message": "starting run_local_enrichment_test", "data": null}
{"event_time": "2025-10-02T22:05:01.208740", "where": "spotify:shows", "level": "info", "message": "Fetched 9 shows", "data": null}
{"event_time": "2025-10-02T22:05:01.393730", "where": "enrichment", "level": "error", "message": "Exception in background_enrich: cannot access local variable 'titles' where it is not associated with a value", "data": null}
{"event_time": "2025-10-02T22:05:04.050345", "where": "spotify:shows", "level": "info", "message": "Fetched 9 shows", "data": null}
{"event_time": "2025-10-02T22:12:58.566188", "where": "sanity", "level": "info", "message": "Starting spotify_sanity_check", "data": null}
{"event_time": "2025-10-02T22:13:00.886433", "where": "sanity", "level": "info", "message": "spotify_sanity_check result: ok=True, msg=ok", "data": null}
{"event_time": "2025-10-02T22:13:00.887351", "where": "sanity", "level": "info", "message": "Starting discogs_sanity_check", "data": null}
{"event_time": "2025-10-02T22:13:01.104226", "where": "sanity", "level": "info", "message": "discogs_sanity_check result: ok=True, msg=ok", "data": null}
{"event_time": "2025-10-02T22:13:01.126927", "where": "enrichment", "level": "info", "message": "Starting run_all()", "data": null}
{"event_time": "2025-10-02T22:13:22.936842", "where": "spotify:shows", "level": "info", "message": "Fetched 9 shows", "data": null}
{"event_time": "2025-10-02T22:13:23.057574", "where": "enrichment", "level": "error", "message": "Exception in background_enrich: cannot access local variable 'titles' where it is not associated with a value", "data": null}
{"event_time": "2025-10-02T22:14:39.033571", "where": "sanity", "level": "info", "message": "Starting spotify_sanity_check", "data": null}
{"event_time": "2025-10-02T22:14:39.328574", "where": "sanity", "level": "info", "message": "spotify_sanity_check result: ok=True, msg=ok", "data": null}
{"event_time": "2025-10-02T22:14:39.328842", "where": "sanity", "level": "info", "message": "Starting discogs_sanity_check", "data": null}
{"event_time": "2025-10-02T22:14:39.541698", "where": "sanity", "level": "info", "message": "discogs_sanity_check result: ok=True, msg=ok", "data": null}
{"event_time": "2025-10-02T22:14:39.575275", "where": "enrichment", "level": "info", "message": "Starting run_all()", "data": null}
{"event_time": "2025-10-02T22:15:01.811256", "where": "spotify:shows", "level": "info", "message": "Fetched 9 shows", "data": null}
{"event_time": "2025-10-02T22:15:01.926171", "where": "enrichment", "level": "error", "message": "Exception in background_enrich: cannot access local variable 'titles' where it is not associated with a value", "data": null}
{"event_time": "2025-10-02T22:18:46.597056", "where": "sanity", "level": "info", "message": "Starting spotify_sanity_check", "data": null}
{"event_time": "2025-10-02T22:18:46.857465", "where": "sanity", "level": "info", "message": "spotify_sanity_check result: ok=True, msg=ok", "data": null}
{"event_time": "2025-10-02T22:18:46.857703", "where": "sanity", "level": "info", "message": "Starting discogs_sanity_check", "data": null}
{"event_time": "2025-10-02T22:18:47.075582", "where": "sanity", "level": "info", "message": "discogs_sanity_check result: ok=True, msg=ok", "data": null}
{"event_time": "2025-10-02T22:18:47.108389", "where": "enrichment", "level": "info", "message": "Starting run_all()", "data": null}
{"event_time": "2025-10-02T22:19:08.998209", "where": "spotify:shows", "level": "info", "message": "Fetched 9 shows", "data": null}
{"event_time": "2025-10-02T22:19:13.733801", "where": "spotify:audiobooks", "level": "info", "message": "Fetched 10 audiobooks", "data": null}
{"event_time": "2025-10-02T22:19:16.455590", "where": "spotify:shows", "level": "info", "message": "Fetched 18 shows", "data": null}
{"event_time": "2025-10-02T22:19:18.294243", "where": "spotify:audiobooks", "level": "info", "message": "Fetched 3 audiobooks", "data": null}
{"event_time": "2025-10-02T22:19:18.959056", "where": "spotify:tracks", "level": "info", "message": "Fetched 50 tracks", "data": null}
{"event_time": "2025-10-02T22:19:19.893911", "where": "spotify:albums", "level": "info", "message": "Fetched 20 albums", "data": null}
{"event_time": "2025-10-02T22:19:20.812308", "where": "spotify:albums", "level": "info", "message": "Fetched 20 albums", "data": null}
{"event_time": "2025-10-02T22:19:21.325569", "where": "spotify:albums", "level": "info", "message": "Fetched 8 albums", "data": null}
{"event_time": "2025-10-02T22:19:21.823582", "where": "spotify:tracks", "level": "info", "message": "Fetched 50 tracks", "data": null}
{"event_time": "2025-10-02T22:19:22.658357", "where": "spotify:albums", "level": "info", "message": "Fetched 20 albums", "data": null}
{"event_time": "2025-10-02T22:19:23.744718", "where": "spotify:albums", "level": "info", "message": "Fetched 20 albums", "data": null}
{"event_time": "2025-10-02T22:19:24.263472", "where": "spotify:albums", "level": "info", "message": "Fetched 10 albums", "data": null}
{"event_time": "2025-10-02T22:19:24.631494", "where": "spotify:tracks", "level": "info", "message": "Fetched 50 tracks", "data": null}
{"event_time": "2025-10-02T22:19:25.939680", "where": "spotify:albums", "level": "info", "message": "Fetched 20 albums", "data": null}
{"event_time": "2025-10-02T22:19:26.855817", "where": "spotify:albums", "level": "info", "message": "Fetched 20 albums", "data": null}
{"event_time": "2025-10-02T22:19:27.667787", "where": "spotify:albums", "level": "info", "message": "Fetched 10 albums", "data": null}
{"event_time": "2025-10-02T22:19:28.110436", "where": "spotify:tracks", "level": "info", "message": "Fetched 50 tracks", "data": null}
{"event_time": "2025-10-02T22:19:29.110631", "where": "spotify:albums", "level": "info", "message": "Fetched 20 albums", "data": null}
{"event_time": "2025-10-02T22:19:30.141114", "where": "spotify:albums", "level": "info", "message": "Fetched 20 albums", "data": null}
{"event_time": "2025-10-02T22:19:30.697881", "where": "spotify:albums", "level": "info", "message": "Fetched 9 albums", "data": null}
{"event_time": "2025-10-02T22:19:31.231976", "where": "spotify:tracks", "level": "info", "message": "Fetched 50 tracks", "data": null}
{"event_time": "2025-10-02T22:19:31.443222", "where": "spotify:tracks", "level": "info", "message": "Fetched 2 tracks", "data": null}
{"event_time": "2025-10-02T22:19:32.700786", "where": "spotify:albums", "level": "info", "message": "Fetched 20 albums", "data": null}
{"event_time": "2025-10-02T22:19:33.920279", "where": "spotify:albums", "level": "info", "message": "Fetched 20 albums", "data": null}
{"event_time": "2025-10-02T22:19:34.232219", "where": "spotify:albums", "level": "info", "message": "Fetched 3 albums", "data": null}
{"event_time": "2025-10-02T22:19:34.725853", "where": "spotify:tracks", "level": "info", "message": "Fetched 50 tracks", "data": null}
{"event_time": "2025-10-02T22:19:35.040871", "where": "spotify:tracks", "level": "info", "message": "Fetched 1 tracks", "data": null}
{"event_time": "2025-10-02T22:19:35.973763", "where": "spotify:albums", "level": "info", "message": "Fetched 20 albums", "data": null}
{"event_time": "2025-10-02T22:19:37.200717", "where": "spotify:albums", "level": "info", "message": "Fetched 20 albums", "data": null}
{"event_time": "2025-10-02T22:19:37.725134", "where": "spotify:albums", "level": "info", "message": "Fetched 7 albums", "data": null}
{"event_time": "2025-10-02T22:19:38.057176", "where": "spotify:tracks", "level": "info", "message": "Fetched 49 tracks", "data": null}
{"event_time": "2025-10-02T22:19:39.452233", "where": "spotify:albums", "level": "info", "message": "Fetched 20 albums", "data": null}
{"event_time": "2025-10-02T22:19:40.793105", "where": "spotify:albums", "level": "info", "message": "Fetched 20 albums", "data": null}
{"event_time": "2025-10-02T22:19:41.247796", "where": "spotify:albums", "level": "info", "message": "Fetched 8 albums", "data": null}
{"event_time": "2025-10-02T22:19:41.691830", "where": "spotify:tracks", "level": "info", "message": "Fetched 50 tracks", "data": null}
{"event_time": "2025-10-02T22:19:42.517519", "where": "spotify:albums", "level": "info", "message": "Fetched 20 albums", "data": null}
{"event_time": "2025-10-02T22:19:43.556048", "where": "spotify:albums", "level": "info", "message": "Fetched 20 albums", "data": null}
{"event_time": "2025-10-02T22:19:44.320190", "where": "spotify:albums", "level": "info", "message": "Fetched 10 albums", "data": null}
{"event_time": "2025-10-02T22:19:44.765313", "where": "spotify:tracks", "level": "info", "message": "Fetched 50 tracks", "data": null}
{"event_time": "2025-10-02T22:19:45.721717", "where": "spotify:albums", "level": "info", "message": "Fetched 20 albums", "data": null}
{"event_time": "2025-10-02T22:19:46.574891", "where": "spotify:albums", "level": "info", "message": "Fetched 20 albums", "data": null}
{"event_time": "2025-10-02T22:19:47.191078", "where": "spotify:albums", "level": "info", "message": "Fetched 10 albums", "data": null}
{"event_time": "2025-10-02T22:19:47.834142", "where": "spotify:tracks", "level": "info", "message": "Fetched 50 tracks", "data": null}
{"event_time": "2025-10-02T22:19:48.778035", "where": "spotify:albums", "level": "info", "message": "Fetched 20 albums", "data": null}
{"event_time": "2025-10-02T22:19:49.904435", "where": "spotify:albums", "level": "info", "message": "Fetched 20 albums", "data": null}
{"event_time": "2025-10-02T22:19:50.275672", "where": "spotify:albums", "level": "info", "message": "Fetched 8 albums", "data": null}
{"event_time": "2025-10-02T22:19:50.803858", "where": "spotify:tracks", "level": "info", "message": "Fetched 50 tracks", "data": null}
{"event_time": "2025-10-02T22:19:50.980757", "where": "spotify:tracks", "level": "info", "message": "Fetched 1 tracks", "data": null}
{"event_time": "2025-10-02T22:19:51.847319", "where": "spotify:albums", "level": "info", "message": "Fetched 20 albums", "data": null}
{"event_time": "2025-10-02T22:19:52.863584", "where": "spotify:albums", "level": "info", "message": "Fetched 20 albums", "data": null}
{"event_time": "2025-10-02T22:19:53.232582", "where": "spotify:albums", "level": "info", "message": "Fetched 8 albums", "data": null}
{"event_time": "2025-10-02T22:19:53.769996", "where": "spotify:tracks", "level": "info", "message": "Fetched 50 tracks", "data": null}
{"event_time": "2025-10-02T22:19:54.507917", "where": "spotify:albums", "level": "info", "message": "Fetched 20 albums", "data": null}
{"event_time": "2025-10-02T22:19:55.003761", "where": "spotify:albums", "level": "info", "message": "Fetched 9 albums", "data": null}
{"event_time": "2025-10-02T22:19:55.390014", "where": "spotify:tracks", "level": "info", "message": "Fetched 50 tracks", "data": null}
{"event_time": "2025-10-02T22:19:56.370067", "where": "spotify:albums", "level": "info", "message": "Fetched 20 albums", "data": null}
{"event_time": "2025-10-02T22:19:57.194569", "where": "spotify:albums", "level": "info", "message": "Fetched 20 albums", "data": null}
{"event_time": "2025-10-02T22:19:57.656748", "where": "spotify:albums", "level": "info", "message": "Fetched 9 albums", "data": null}
{"event_time": "2025-10-02T22:19:58.072619", "where": "spotify:tracks", "level": "info", "message": "Fetched 50 tracks", "data": null}
{"event_time": "2025-10-02T22:19:58.914737", "where": "spotify:albums", "level": "info", "message": "Fetched 20 albums", "data": null}
{"event_time": "2025-10-02T22:20:00.142892", "where": "spotify:albums", "level": "info", "message": "Fetched 20 albums", "data": null}
{"event_time": "2025-10-02T22:20:01.047376", "where": "spotify:albums", "level": "info", "message": "Fetched 9 albums", "data": null}
{"event_time": "2025-10-02T22:20:01.558814", "where": "spotify:tracks", "level": "info", "message": "Fetched 49 tracks", "data": null}
{"event_time": "2025-10-02T22:20:02.799931", "where": "spotify:albums", "level": "info", "message": "Fetched 20 albums", "data": null}
{"event_time": "2025-10-02T22:20:03.727430", "where": "spotify:albums", "level": "info", "message": "Fetched 20 albums", "data": null}
{"event_time": "2025-10-02T22:20:04.214694", "where": "spotify:albums", "level": "info", "message": "Fetched 9 albums", "data": null}
{"event_time": "2025-10-02T22:20:04.727994", "where": "spotify:tracks", "level": "info", "message": "Fetched 50 tracks", "data": null}
{"event_time": "2025-10-02T22:20:04.917509", "where": "spotify:tracks", "level": "info", "message": "Fetched 1 tracks", "data": null}
{"event_time": "2025-10-02T22:20:06.196139", "where": "spotify:albums", "level": "info", "message": "Fetched 20 albums", "data": null}
{"event_time": "2025-10-02T22:20:07.199054", "where": "spotify:albums", "level": "info", "message": "Fetched 20 albums", "data": null}
{"event_time": "2025-10-02T22:20:07.704345", "where": "spotify:albums", "level": "info", "message": "Fetched 8 albums", "data": null}
{"event_time": "2025-10-02T22:20:08.072306", "where": "spotify:tracks", "level": "info", "message": "Fetched 50 tracks", "data": null}
{"event_time": "2025-10-02T22:20:09.275984", "where": "spotify:albums", "level": "info", "message": "Fetched 20 albums", "data": null}
{"event_time": "2025-10-02T22:20:10.492472", "where": "spotify:albums", "level": "info", "message": "Fetched 20 albums", "data": null}
{"event_time": "2025-10-02T22:20:10.953513", "where": "spotify:albums", "level": "info", "message": "Fetched 9 albums", "data": null}
{"event_time": "2025-10-02T22:20:11.350153", "where": "spotify:tracks", "level": "info", "message": "Fetched 50 tracks", "data": null}
{"event_time": "2025-10-02T22:20:12.371076", "where": "spotify:albums", "level": "info", "message": "Fetched 20 albums", "data": null}
{"event_time": "2025-10-02T22:20:13.450328", "where": "spotify:albums", "level": "info", "message": "Fetched 20 albums", "data": null}
{"event_time": "2025-10-02T22:20:14.118047", "where": "spotify:albums", "level": "info", "message": "Fetched 10 albums", "data": null}
{"event_time": "2025-10-02T22:20:14.454716", "where": "spotify:tracks", "level": "info", "message": "Fetched 50 tracks", "data": null}
{"event_time": "2025-10-02T22:20:15.190402", "where": "spotify:albums", "level": "info", "message": "Fetched 20 albums", "data": null}
{"event_time": "2025-10-02T22:20:16.418203", "where": "spotify:albums", "level": "info", "message": "Fetched 20 albums", "data": null}
{"event_time": "2025-10-02T22:20:16.772046", "where": "spotify:albums", "level": "info", "message": "Fetched 7 albums", "data": null}
{"event_time": "2025-10-02T22:20:17.312178", "where": "spotify:tracks", "level": "info", "message": "Fetched 50 tracks", "data": null}
{"event_time": "2025-10-02T22:20:17.504004", "where": "spotify:tracks", "level": "info", "message": "Fetched 1 tracks", "data": null}
{"event_time": "2025-10-02T22:20:18.302958", "where": "spotify:albums", "level": "info", "message": "Fetched 20 albums", "data": null}
{"event_time": "2025-10-02T22:20:19.090099", "where": "spotify:albums", "level": "info", "message": "Fetched 20 albums", "data": null}
{"event_time": "2025-10-02T22:20:19.775923", "where": "spotify:albums", "level": "info", "message": "Fetched 9 albums", "data": null}
{"event_time": "2025-10-02T22:20:20.186599", "where": "spotify:tracks", "level": "info", "message": "Fetched 50 tracks", "data": null}
{"event_time": "2025-10-02T22:20:21.269674", "where": "spotify:albums", "level": "info", "message": "Fetched 20 albums", "data": null}
{"event_time": "2025-10-02T22:20:22.280173", "where": "spotify:albums", "level": "info", "message": "Fetched 20 albums", "data": null}
{"event_time": "2025-10-02T22:20:23.064035", "where": "spotify:albums", "level": "info", "message": "Fetched 9 albums", "data": null}
{"event_time": "2025-10-02T22:20:23.429591", "where": "spotify:tracks", "level": "info", "message": "Fetched 50 tracks", "data": null}
{"event_time": "2025-10-02T22:20:24.822565", "where": "spotify:albums", "level": "info", "message": "Fetched 20 albums", "data": null}
{"event_time": "2025-10-02T22:20:25.683329", "where": "spotify:albums", "level": "info", "message": "Fetched 20 albums", "data": null}
{"event_time": "2025-10-02T22:20:25.973907", "where": "spotify:albums", "level": "info", "message": "Fetched 6 albums", "data": null}
{"event_time": "2025-10-02T22:20:26.436488", "where": "spotify:tracks", "level": "info", "message": "Fetched 50 tracks", "data": null}
{"event_time": "2025-10-02T22:20:27.193550", "where": "spotify:albums", "level": "info", "message": "Fetched 20 albums", "data": null}
{"event_time": "2025-10-02T22:20:27.899464", "where": "spotify:albums", "level": "info", "message": "Fetched 20 albums", "data": null}
{"event_time": "2025-10-02T22:20:28.404733", "where": "spotify:albums", "level": "info", "message": "Fetched 9 albums", "data": null}
{"event_time": "2025-10-02T22:20:29.003095", "where": "spotify:tracks", "level": "info", "message": "Fetched 50 tracks", "data": null}
{"event_time": "2025-10-02T22:20:29.731208", "where": "spotify:albums", "level": "info", "message": "Fetched 20 albums", "data": null}
{"event_time": "2025-10-02T22:20:30.860268", "where": "spotify:albums", "level": "info", "message": "Fetched 20 albums", "data": null}
{"event_time": "2025-10-02T22:20:31.272091", "where": "spotify:albums", "level": "info", "message": "Fetched 7 albums", "data": null}
{"event_time": "2025-10-02T22:20:31.869284", "where": "spotify:tracks", "level": "info", "message": "Fetched 50 tracks", "data": null}
{"event_time": "2025-10-02T22:20:33.008316", "where": "spotify:albums", "level": "info", "message": "Fetched 20 albums", "data": null}
{"event_time": "2025-10-02T22:20:33.829408", "where": "spotify:albums", "level": "info", "message": "Fetched 20 albums", "data": null}
{"event_time": "2025-10-02T22:20:34.329624", "where": "spotify:albums", "level": "info", "message": "Fetched 7 albums", "data": null}
{"event_time": "2025-10-02T22:20:34.838812", "where": "spotify:tracks", "level": "info", "message": "Fetched 50 tracks", "data": null}
{"event_time": "2025-10-02T22:20:35.674673", "where": "spotify:albums", "level": "info", "message": "Fetched 20 albums", "data": null}
{"event_time": "2025-10-02T22:20:36.901292", "where": "spotify:albums", "level": "info", "message": "Fetched 20 albums", "data": null}
{"event_time": "2025-10-02T22:20:37.809852", "where": "spotify:albums", "level": "info", "message": "Fetched 9 albums", "data": null}
{"event_time": "2025-10-02T22:20:38.276932", "where": "spotify:tracks", "level": "info", "message": "Fetched 50 tracks", "data": null}
{"event_time": "2025-10-02T22:20:39.215720", "where": "spotify:albums", "level": "info", "message": "Fetched 20 albums", "data": null}
{"event_time": "2025-10-02T22:20:40.600551", "where": "spotify:albums", "level": "info", "message": "Fetched 20 albums", "data": null}
{"event_time": "2025-10-02T22:20:41.210076", "where": "spotify:albums", "level": "info", "message": "Fetched 8 albums", "data": null}
{"event_time": "2025-10-02T22:20:41.801863", "where": "spotify:tracks", "level": "info", "message": "Fetched 50 tracks", "data": null}
{"event_time": "2025-10-02T22:20:42.729276", "where": "spotify:albums", "level": "info", "message": "Fetched 20 albums", "data": null}
{"event_time": "2025-10-02T22:20:44.078489", "where": "spotify:albums", "level": "info", "message": "Fetched 20 albums", "data": null}
{"event_time": "2025-10-02T22:20:44.568991", "where": "spotify:albums", "level": "info", "message": "Fetched 8 albums", "data": null}
{"event_time": "2025-10-02T22:20:44.933507", "where": "spotify:tracks", "level": "info", "message": "Fetched 50 tracks", "data": null}
{"event_time": "2025-10-02T22:20:46.025262", "where": "spotify:albums", "level": "info", "message": "Fetched 20 albums", "data": null}
{"event_time": "2025-10-02T22:20:47.270783", "where": "spotify:albums", "level": "info", "message": "Fetched 20 albums", "data": null}
{"event_time": "2025-10-02T22:20:47.784819", "where": "spotify:albums", "level": "info", "message": "Fetched 9 albums", "data": null}
{"event_time": "2025-10-02T22:20:48.163747", "where": "spotify:tracks", "level": "info", "message": "Fetched 50 tracks", "data": null}
{"event_time": "2025-10-02T22:20:48.981438", "where": "spotify:albums", "level": "info", "message": "Fetched 20 albums", "data": null}
{"event_time": "2025-10-02T22:20:49.799975", "where": "spotify:albums", "level": "info", "message": "Fetched 20 albums", "data": null}
{"event_time": "2025-10-02T22:20:50.278460", "where": "spotify:albums", "level": "info", "message": "Fetched 10 albums", "data": null}
{"event_time": "2025-10-02T22:20:50.813433", "where": "spotify:tracks", "level": "info", "message": "Fetched 50 tracks", "data": null}
{"event_time": "2025-10-02T22:20:51.528369", "where": "spotify:albums", "level": "info", "message": "Fetched 20 albums", "data": null}
{"event_time": "2025-10-02T22:20:52.669017", "where": "spotify:albums", "level": "info", "message": "Fetched 20 albums", "data": null}
{"event_time": "2025-10-02T22:20:53.221610", "where": "spotify:albums", "level": "info", "message": "Fetched 10 albums", "data": null}
{"event_time": "2025-10-02T22:20:53.783847", "where": "spotify:tracks", "level": "info", "message": "Fetched 49 tracks", "data": null}
{"event_time": "2025-10-02T22:20:55.202951", "where": "spotify:albums", "level": "info", "message": "Fetched 20 albums", "data": null}
{"event_time": "2025-10-02T22:20:55.953157", "where": "spotify:albums", "level": "info", "message": "Fetched 20 albums", "data": null}
{"event_time": "2025-10-02T22:20:56.653086", "where": "spotify:albums", "level": "info", "message": "Fetched 7 albums", "data": null}
{"event_time": "2025-10-02T22:20:57.160950", "where": "spotify:tracks", "level": "info", "message": "Fetched 50 tracks", "data": null}
{"event_time": "2025-10-02T22:20:58.194971", "where": "spotify:albums", "level": "info", "message": "Fetched 20 albums", "data": null}
{"event_time": "2025-10-02T22:20:59.264320", "where": "spotify:albums", "level": "info", "message": "Fetched 20 albums", "data": null}
{"event_time": "2025-10-02T22:20:59.933305", "where": "spotify:albums", "level": "info", "message": "Fetched 10 albums", "data": null}
{"event_time": "2025-10-02T22:21:00.371385", "where": "spotify:tracks", "level": "info", "message": "Fetched 50 tracks", "data": null}
{"event_time": "2025-10-02T22:21:01.167399", "where": "spotify:albums", "level": "info", "message": "Fetched 20 albums", "data": null}
{"event_time": "2025-10-02T22:21:02.097949", "where": "spotify:albums", "level": "info", "message": "Fetched 20 albums", "data": null}
{"event_time": "2025-10-02T22:21:02.698642", "where": "spotify:albums", "level": "info", "message": "Fetched 10 albums", "data": null}
{"event_time": "2025-10-02T22:21:03.216032", "where": "spotify:tracks", "level": "info", "message": "Fetched 50 tracks", "data": null}
{"event_time": "2025-10-02T22:21:04.036717", "where": "spotify:albums", "level": "info", "message": "Fetched 20 albums", "data": null}
{"event_time": "2025-10-02T22:21:04.852877", "where": "spotify:albums", "level": "info", "message": "Fetched 20 albums", "data": null}
{"event_time": "2025-10-02T22:21:05.342597", "where": "spotify:albums", "level": "info", "message": "Fetched 7 albums", "data": null}
{"event_time": "2025-10-02T22:21:05.871688", "where": "spotify:tracks", "level": "info", "message": "Fetched 50 tracks", "data": null}
{"event_time": "2025-10-02T22:21:06.746915", "where": "spotify:albums", "level": "info", "message": "Fetched 20 albums", "data": null}
{"event_time": "2025-10-02T22:21:07.727754", "where": "spotify:albums", "level": "info", "message": "Fetched 20 albums", "data": null}
{"event_time": "2025-10-02T22:21:08.062343", "where": "spotify:albums", "level": "info", "message": "Fetched 6 albums", "data": null}
{"event_time": "2025-10-02T22:21:08.413567", "where": "spotify:tracks", "level": "info", "message": "Fetched 50 tracks", "data": null}
{"event_time": "2025-10-02T22:21:09.278140", "where": "spotify:albums", "level": "info", "message": "Fetched 20 albums", "data": null}
{"event_time": "2025-10-02T22:21:10.088235", "where": "spotify:albums", "level": "info", "message": "Fetched 20 albums", "data": null}
{"event_time": "2025-10-02T22:21:10.781420", "where": "spotify:albums", "level": "info", "message": "Fetched 6 albums", "data": null}
{"event_time": "2025-10-02T22:21:11.271334", "where": "spotify:tracks", "level": "info", "message": "Fetched 50 tracks", "data": null}
{"event_time": "2025-10-02T22:21:13.048992", "where": "spotify:albums", "level": "info", "message": "Fetched 20 albums", "data": null}
{"event_time": "2025-10-02T22:21:14.070037", "where": "spotify:albums", "level": "info", "message": "Fetched 20 albums", "data": null}
{"event_time": "2025-10-02T22:21:14.781941", "where": "spotify:albums", "level": "info", "message": "Fetched 9 albums", "data": null}
{"event_time": "2025-10-02T22:21:15.203226", "where": "spotify:tracks", "level": "info", "message": "Fetched 50 tracks", "data": null}
{"event_time": "2025-10-02T22:21:15.428407", "where": "spotify:tracks", "level": "info", "message": "Fetched 1 tracks", "data": null}
{"event_time": "2025-10-02T22:21:16.302195", "where": "spotify:albums", "level": "info", "message": "Fetched 20 albums", "data": null}
{"event_time": "2025-10-02T22:21:17.456656", "where": "spotify:albums", "level": "info", "message": "Fetched 20 albums", "data": null}
{"event_time": "2025-10-02T22:21:17.950521", "where": "spotify:albums", "level": "info", "message": "Fetched 9 albums", "data": null}
{"event_time": "2025-10-02T22:21:18.563919", "where": "spotify:tracks", "level": "info", "message": "Fetched 50 tracks", "data": null}
{"event_time": "2025-10-02T22:21:19.706302", "where": "spotify:albums", "level": "info", "message": "Fetched 20 albums", "data": null}
{"event_time": "2025-10-02T22:21:20.750930", "where": "spotify:albums", "level": "info", "message": "Fetched 20 albums", "data": null}
{"event_time": "2025-10-02T22:21:21.394629", "where": "spotify:albums", "level": "info", "message": "Fetched 10 albums", "data": null}
{"event_time": "2025-10-02T22:21:22.151425", "where": "spotify:tracks", "level": "info", "message": "Fetched 50 tracks", "data": null}
{"event_time": "2025-10-02T22:21:26.323289", "where": "spotify:albums", "level": "info", "message": "Fetched 20 albums", "data": null}
{"event_time": "2025-10-02T22:21:27.318550", "where": "spotify:albums", "level": "info", "message": "Fetched 20 albums", "data": null}
{"event_time": "2025-10-02T22:21:27.887725", "where": "spotify:albums", "level": "info", "message": "Fetched 9 albums", "data": null}
{"event_time": "2025-10-02T22:21:28.362209", "where": "spotify:tracks", "level": "info", "message": "Fetched 50 tracks", "data": null}
{"event_time": "2025-10-02T22:21:29.047265", "where": "spotify:albums", "level": "info", "message": "Fetched 20 albums", "data": null}
{"event_time": "2025-10-02T22:21:29.937316", "where": "spotify:albums", "level": "info", "message": "Fetched 20 albums", "data": null}
{"event_time": "2025-10-02T22:21:30.367973", "where": "spotify:albums", "level": "info", "message": "Fetched 10 albums", "data": null}
{"event_time": "2025-10-02T22:21:30.853450", "where": "spotify:tracks", "level": "info", "message": "Fetched 50 tracks", "data": null}
{"event_time": "2025-10-02T22:21:31.899753", "where": "spotify:albums", "level": "info", "message": "Fetched 20 albums", "data": null}
{"event_time": "2025-10-02T22:21:33.018851", "where": "spotify:albums", "level": "info", "message": "Fetched 20 albums", "data": null}
{"event_time": "2025-10-02T22:21:33.375120", "where": "spotify:albums", "level": "info", "message": "Fetched 9 albums", "data": null}
{"event_time": "2025-10-02T22:21:33.824237", "where": "spotify:tracks", "level": "info", "message": "Fetched 49 tracks", "data": null}
{"event_time": "2025-10-02T22:21:34.963647", "where": "spotify:albums", "level": "info", "message": "Fetched 20 albums", "data": null}
{"event_time": "2025-10-02T22:21:36.196539", "where": "spotify:albums", "level": "info", "message": "Fetched 20 albums", "data": null}
{"event_time": "2025-10-02T22:21:36.798179", "where": "spotify:albums", "level": "info", "message": "Fetched 8 albums", "data": null}
{"event_time": "2025-10-02T22:21:37.211761", "where": "spotify:tracks", "level": "info", "message": "Fetched 50 tracks", "data": null}
{"event_time": "2025-10-02T22:21:37.597981", "where": "spotify:tracks", "level": "info", "message": "Fetched 1 tracks", "data": null}
{"event_time": "2025-10-02T22:21:38.204044", "where": "spotify:albums", "level": "info", "message": "Fetched 20 albums", "data": null}
{"event_time": "2025-10-02T22:21:39.176965", "where": "spotify:albums", "level": "info", "message": "Fetched 20 albums", "data": null}
{"event_time": "2025-10-02T22:21:39.622829", "where": "spotify:albums", "level": "info", "message": "Fetched 9 albums", "data": null}
{"event_time": "2025-10-02T22:21:40.070961", "where": "spotify:tracks", "level": "info", "message": "Fetched 50 tracks", "data": null}
{"event_time": "2025-10-02T22:21:40.266128", "where": "spotify:tracks", "level": "info", "message": "Fetched 1 tracks", "data": null}
{"event_time": "2025-10-02T22:21:40.900166", "where": "spotify:albums", "level": "info", "message": "Fetched 20 albums", "data": null}
{"event_time": "2025-10-02T22:21:42.044209", "where": "spotify:albums", "level": "info", "message": "Fetched 20 albums", "data": null}
{"event_time": "2025-10-02T22:21:42.630790", "where": "spotify:albums", "level": "info", "message": "Fetched 7 albums", "data": null}
{"event_time": "2025-10-02T22:21:43.302908", "where": "spotify:tracks", "level": "info", "message": "Fetched 50 tracks", "data": null}
{"event_time": "2025-10-02T22:21:44.182312", "where": "spotify:albums", "level": "info", "message": "Fetched 20 albums", "data": null}
{"event_time": "2025-10-02T22:21:44.893014", "where": "spotify:albums", "level": "info", "message": "Fetched 20 albums", "data": null}
{"event_time": "2025-10-02T22:21:45.621106", "where": "spotify:albums", "level": "info", "message": "Fetched 7 albums", "data": null}
{"event_time": "2025-10-02T22:21:46.111283", "where": "spotify:tracks", "level": "info", "message": "Fetched 50 tracks", "data": null}
{"event_time": "2025-10-02T22:21:46.941159", "where": "spotify:albums", "level": "info", "message": "Fetched 20 albums", "data": null}
{"event_time": "2025-10-02T22:21:47.868483", "where": "spotify:albums", "level": "info", "message": "Fetched 20 albums", "data": null}
{"event_time": "2025-10-02T22:21:48.312022", "where": "spotify:albums", "level": "info", "message": "Fetched 10 albums", "data": null}
{"event_time": "2025-10-02T22:21:48.774138", "where": "spotify:tracks", "level": "info", "message": "Fetched 50 tracks", "data": null}
{"event_time": "2025-10-02T22:21:49.000520", "where": "spotify:tracks", "level": "info", "message": "Fetched 1 tracks", "data": null}
{"event_time": "2025-10-02T22:21:49.991259", "where": "spotify:albums", "level": "info", "message": "Fetched 20 albums", "data": null}
{"event_time": "2025-10-02T22:21:50.950553", "where": "spotify:albums", "level": "info", "message": "Fetched 20 albums", "data": null}
{"event_time": "2025-10-02T22:21:51.526595", "where": "spotify:albums", "level": "info", "message": "Fetched 7 albums", "data": null}
{"event_time": "2025-10-02T22:21:51.983409", "where": "spotify:tracks", "level": "info", "message": "Fetched 50 tracks", "data": null}
{"event_time": "2025-10-02T22:21:53.284856", "where": "spotify:albums", "level": "info", "message": "Fetched 20 albums", "data": null}
{"event_time": "2025-10-02T22:21:54.620515", "where": "spotify:albums", "level": "info", "message": "Fetched 20 albums", "data": null}
{"event_time": "2025-10-02T22:21:55.234727", "where": "spotify:albums", "level": "info", "message": "Fetched 7 albums", "data": null}
{"event_time": "2025-10-02T22:21:55.838708", "where": "spotify:tracks", "level": "info", "message": "Fetched 50 tracks", "data": null}
{"event_time": "2025-10-02T22:21:56.985285", "where": "spotify:albums", "level": "info", "message": "Fetched 20 albums", "data": null}
{"event_time": "2025-10-02T22:21:57.907558", "where": "spotify:albums", "level": "info", "message": "Fetched 20 albums", "data": null}
{"event_time": "2025-10-02T22:21:58.326783", "where": "spotify:albums", "level": "info", "message": "Fetched 5 albums", "data": null}
{"event_time": "2025-10-02T22:21:58.686342", "where": "spotify:tracks", "level": "info", "message": "Fetched 49 tracks", "data": null}
{"event_time": "2025-10-02T22:21:59.670001", "where": "spotify:albums", "level": "info", "message": "Fetched 20 albums", "data": null}
{"event_time": "2025-10-02T22:22:00.956528", "where": "spotify:albums", "level": "info", "message": "Fetched 20 albums", "data": null}
{"event_time": "2025-10-02T22:22:01.474446", "where": "spotify:albums", "level": "info", "message": "Fetched 9 albums", "data": null}
{"event_time": "2025-10-02T22:22:01.966750", "where": "spotify:tracks", "level": "info", "message": "Fetched 50 tracks", "data": null}
{"event_time": "2025-10-02T22:22:03.130486", "where": "spotify:albums", "level": "info", "message": "Fetched 20 albums", "data": null}
{"event_time": "2025-10-02T22:22:04.272899", "where": "spotify:albums", "level": "info", "message": "Fetched 20 albums", "data": null}
{"event_time": "2025-10-02T22:22:04.975719", "where": "spotify:albums", "level": "info", "message": "Fetched 10 albums", "data": null}
{"event_time": "2025-10-02T22:22:05.563894", "where": "spotify:tracks", "level": "info", "message": "Fetched 50 tracks", "data": null}
{"event_time": "2025-10-02T22:22:07.124485", "where": "spotify:albums", "level": "info", "message": "Fetched 20 albums", "data": null}
{"event_time": "2025-10-02T22:22:08.284938", "where": "spotify:albums", "level": "info", "message": "Fetched 20 albums", "data": null}
{"event_time": "2025-10-02T22:22:08.845765", "where": "spotify:albums", "level": "info", "message": "Fetched 5 albums", "data": null}
{"event_time": "2025-10-02T22:22:09.317332", "where": "spotify:tracks", "level": "info", "message": "Fetched 49 tracks", "data": null}
{"event_time": "2025-10-02T22:22:10.717101", "where": "spotify:albums", "level": "info", "message": "Fetched 20 albums", "data": null}
{"event_time": "2025-10-02T22:22:11.669900", "where": "spotify:albums", "level": "info", "message": "Fetched 20 albums", "data": null}
{"event_time": "2025-10-02T22:22:12.335026", "where": "spotify:albums", "level": "info", "message": "Fetched 8 albums", "data": null}
{"event_time": "2025-10-02T22:22:12.724698", "where": "spotify:tracks", "level": "info", "message": "Fetched 50 tracks", "data": null}
{"event_time": "2025-10-02T22:22:13.677899", "where": "spotify:albums", "level": "info", "message": "Fetched 20 albums", "data": null}
{"event_time": "2025-10-02T22:22:14.703816", "where": "spotify:albums", "level": "info", "message": "Fetched 20 albums", "data": null}
{"event_time": "2025-10-02T22:22:15.502367", "where": "spotify:albums", "level": "info", "message": "Fetched 8 albums", "data": null}
{"event_time": "2025-10-02T22:22:16.014306", "where": "spotify:tracks", "level": "info", "message": "Fetched 50 tracks", "data": null}
{"event_time": "2025-10-02T22:22:16.637666", "where": "spotify:albums", "level": "info", "message": "Fetched 20 albums", "data": null}
{"event_time": "2025-10-02T22:22:17.564006", "where": "spotify:albums", "level": "info", "message": "Fetched 20 albums", "data": null}
{"event_time": "2025-10-02T22:22:18.164850", "where": "spotify:albums", "level": "info", "message": "Fetched 8 albums", "data": null}
{"event_time": "2025-10-02T22:22:18.530396", "where": "spotify:tracks", "level": "info", "message": "Fetched 50 tracks", "data": null}
{"event_time": "2025-10-02T22:22:19.621785", "where": "spotify:albums", "level": "info", "message": "Fetched 20 albums", "data": null}
{"event_time": "2025-10-02T22:22:20.760280", "where": "spotify:albums", "level": "info", "message": "Fetched 20 albums", "data": null}
{"event_time": "2025-10-02T22:22:21.650984", "where": "spotify:albums", "level": "info", "message": "Fetched 8 albums", "data": null}
{"event_time": "2025-10-02T22:22:22.184329", "where": "spotify:tracks", "level": "info", "message": "Fetched 50 tracks", "data": null}
{"event_time": "2025-10-02T22:22:23.247823", "where": "spotify:albums", "level": "info", "message": "Fetched 20 albums", "data": null}
{"event_time": "2025-10-02T22:22:24.344306", "where": "spotify:albums", "level": "info", "message": "Fetched 20 albums", "data": null}
{"event_time": "2025-10-02T22:22:24.713541", "where": "spotify:albums", "level": "info", "message": "Fetched 10 albums", "data": null}
{"event_time": "2025-10-02T22:22:25.179451", "where": "spotify:tracks", "level": "info", "message": "Fetched 38 tracks", "data": null}
{"event_time": "2025-10-02T22:22:25.960620", "where": "spotify:albums", "level": "info", "message": "Fetched 20 albums", "data": null}
{"event_time": "2025-10-02T22:22:26.882935", "where": "spotify:albums", "level": "info", "message": "Fetched 18 albums", "data": null}
{"event_time": "2025-10-02T22:22:27.091067", "where": "enrichment", "level": "error", "message": "Exception in background_enrich: datetime64 type does not support sum operations", "data": null}
{"event_time": "2025-10-02T22:24:30.246880", "where": "sanity", "level": "info", "message": "Starting spotify_sanity_check", "data": null}
{"event_time": "2025-10-02T22:24:30.502309", "where": "sanity", "level": "info", "message": "spotify_sanity_check result: ok=True, msg=ok", "data": null}
{"event_time": "2025-10-02T22:24:30.502542", "where": "sanity", "level": "info", "message": "Starting discogs_sanity_check", "data": null}
{"event_time": "2025-10-02T22:24:30.735195", "where": "sanity", "level": "info", "message": "discogs_sanity_check result: ok=True, msg=ok", "data": null}
{"event_time": "2025-10-02T22:24:30.769875", "where": "enrichment", "level": "info", "message": "Starting run_all()", "data": null}
{"event_time": "2025-10-02T22:24:52.253771", "where": "spotify:shows", "level": "info", "message": "Fetched 9 shows", "data": null}
{"event_time": "2025-10-02T22:24:56.069655", "where": "spotify:audiobooks", "level": "info", "message": "Fetched 10 audiobooks", "data": null}
{"event_time": "2025-10-02T22:24:58.307049", "where": "spotify:shows", "level": "info", "message": "Fetched 18 shows", "data": null}
{"event_time": "2025-10-02T22:24:59.834884", "where": "spotify:audiobooks", "level": "info", "message": "Fetched 3 audiobooks", "data": null}
{"event_time": "2025-10-02T22:25:00.525614", "where": "spotify:tracks", "level": "info", "message": "Fetched 50 tracks", "data": null}
{"event_time": "2025-10-02T22:25:01.368542", "where": "spotify:albums", "level": "info", "message": "Fetched 20 albums", "data": null}
{"event_time": "2025-10-02T22:25:02.199840", "where": "spotify:albums", "level": "info", "message": "Fetched 20 albums", "data": null}
{"event_time": "2025-10-02T22:25:02.733845", "where": "spotify:albums", "level": "info", "message": "Fetched 8 albums", "data": null}
{"event_time": "2025-10-02T22:25:03.117426", "where": "spotify:tracks", "level": "info", "message": "Fetched 50 tracks", "data": null}
{"event_time": "2025-10-02T22:25:04.182074", "where": "spotify:albums", "level": "info", "message": "Fetched 20 albums", "data": null}
{"event_time": "2025-10-02T22:25:05.201442", "where": "spotify:albums", "level": "info", "message": "Fetched 20 albums", "data": null}
{"event_time": "2025-10-02T22:25:05.904227", "where": "spotify:albums", "level": "info", "message": "Fetched 10 albums", "data": null}
{"event_time": "2025-10-02T22:25:06.336958", "where": "spotify:tracks", "level": "info", "message": "Fetched 50 tracks", "data": null}
{"event_time": "2025-10-02T22:25:07.353287", "where": "spotify:albums", "level": "info", "message": "Fetched 20 albums", "data": null}
{"event_time": "2025-10-02T22:25:08.208396", "where": "spotify:albums", "level": "info", "message": "Fetched 20 albums", "data": null}
{"event_time": "2025-10-02T22:25:08.874396", "where": "spotify:albums", "level": "info", "message": "Fetched 10 albums", "data": null}
{"event_time": "2025-10-02T22:25:09.331274", "where": "spotify:tracks", "level": "info", "message": "Fetched 50 tracks", "data": null}
{"event_time": "2025-10-02T22:25:10.211362", "where": "spotify:albums", "level": "info", "message": "Fetched 20 albums", "data": null}
{"event_time": "2025-10-02T22:25:11.138857", "where": "spotify:albums", "level": "info", "message": "Fetched 20 albums", "data": null}
{"event_time": "2025-10-02T22:25:11.843307", "where": "spotify:albums", "level": "info", "message": "Fetched 9 albums", "data": null}
{"event_time": "2025-10-02T22:25:12.326487", "where": "spotify:tracks", "level": "info", "message": "Fetched 50 tracks", "data": null}
{"event_time": "2025-10-02T22:25:12.586395", "where": "spotify:tracks", "level": "info", "message": "Fetched 2 tracks", "data": null}
{"event_time": "2025-10-02T22:25:14.108067", "where": "spotify:albums", "level": "info", "message": "Fetched 20 albums", "data": null}
{"event_time": "2025-10-02T22:25:14.910185", "where": "spotify:albums", "level": "info", "message": "Fetched 20 albums", "data": null}
{"event_time": "2025-10-02T22:25:15.178959", "where": "spotify:albums", "level": "info", "message": "Fetched 3 albums", "data": null}
{"event_time": "2025-10-02T22:25:15.832082", "where": "spotify:tracks", "level": "info", "message": "Fetched 50 tracks", "data": null}
{"event_time": "2025-10-02T22:25:16.035113", "where": "spotify:tracks", "level": "info", "message": "Fetched 1 tracks", "data": null}
{"event_time": "2025-10-02T22:25:16.979161", "where": "spotify:albums", "level": "info", "message": "Fetched 20 albums", "data": null}
{"event_time": "2025-10-02T22:25:18.218777", "where": "spotify:albums", "level": "info", "message": "Fetched 20 albums", "data": null}
{"event_time": "2025-10-02T22:25:18.734075", "where": "spotify:albums", "level": "info", "message": "Fetched 7 albums", "data": null}
{"event_time": "2025-10-02T22:25:19.174423", "where": "spotify:tracks", "level": "info", "message": "Fetched 49 tracks", "data": null}
{"event_time": "2025-10-02T22:25:20.327851", "where": "spotify:albums", "level": "info", "message": "Fetched 20 albums", "data": null}
{"event_time": "2025-10-02T22:25:21.593077", "where": "spotify:albums", "level": "info", "message": "Fetched 20 albums", "data": null}
{"event_time": "2025-10-02T22:25:22.083517", "where": "spotify:albums", "level": "info", "message": "Fetched 8 albums", "data": null}
{"event_time": "2025-10-02T22:25:22.589976", "where": "spotify:tracks", "level": "info", "message": "Fetched 50 tracks", "data": null}
{"event_time": "2025-10-02T22:25:23.217072", "where": "spotify:albums", "level": "info", "message": "Fetched 20 albums", "data": null}
{"event_time": "2025-10-02T22:25:24.276865", "where": "spotify:albums", "level": "info", "message": "Fetched 20 albums", "data": null}
{"event_time": "2025-10-02T22:25:24.955119", "where": "spotify:albums", "level": "info", "message": "Fetched 10 albums", "data": null}
{"event_time": "2025-10-02T22:25:25.579897", "where": "spotify:tracks", "level": "info", "message": "Fetched 50 tracks", "data": null}
{"event_time": "2025-10-02T22:25:26.641474", "where": "spotify:albums", "level": "info", "message": "Fetched 20 albums", "data": null}
{"event_time": "2025-10-02T22:25:27.730690", "where": "spotify:albums", "level": "info", "message": "Fetched 20 albums", "data": null}
{"event_time": "2025-10-02T22:25:28.330755", "where": "spotify:albums", "level": "info", "message": "Fetched 10 albums", "data": null}
{"event_time": "2025-10-02T22:25:28.944203", "where": "spotify:tracks", "level": "info", "message": "Fetched 50 tracks", "data": null}
{"event_time": "2025-10-02T22:25:29.871820", "where": "spotify:albums", "level": "info", "message": "Fetched 20 albums", "data": null}
{"event_time": "2025-10-02T22:25:30.704357", "where": "spotify:albums", "level": "info", "message": "Fetched 20 albums", "data": null}
{"event_time": "2025-10-02T22:25:31.183721", "where": "spotify:albums", "level": "info", "message": "Fetched 8 albums", "data": null}
{"event_time": "2025-10-02T22:25:31.555446", "where": "spotify:tracks", "level": "info", "message": "Fetched 50 tracks", "data": null}
{"event_time": "2025-10-02T22:25:31.766408", "where": "spotify:tracks", "level": "info", "message": "Fetched 1 tracks", "data": null}
{"event_time": "2025-10-02T22:25:32.648486", "where": "spotify:albums", "level": "info", "message": "Fetched 20 albums", "data": null}
{"event_time": "2025-10-02T22:25:33.560935", "where": "spotify:albums", "level": "info", "message": "Fetched 20 albums", "data": null}
{"event_time": "2025-10-02T22:25:33.880653", "where": "spotify:albums", "level": "info", "message": "Fetched 8 albums", "data": null}
{"event_time": "2025-10-02T22:25:35.497826", "where": "spotify:tracks", "level": "info", "message": "Fetched 50 tracks", "data": null}
{"event_time": "2025-10-02T22:25:36.374548", "where": "spotify:albums", "level": "info", "message": "Fetched 20 albums", "data": null}
{"event_time": "2025-10-02T22:25:36.788669", "where": "spotify:albums", "level": "info", "message": "Fetched 9 albums", "data": null}
{"event_time": "2025-10-02T22:25:37.136894", "where": "spotify:tracks", "level": "info", "message": "Fetched 50 tracks", "data": null}
{"event_time": "2025-10-02T22:25:38.096544", "where": "spotify:albums", "level": "info", "message": "Fetched 20 albums", "data": null}
{"event_time": "2025-10-02T22:25:38.952490", "where": "spotify:albums", "level": "info", "message": "Fetched 20 albums", "data": null}
{"event_time": "2025-10-02T22:25:39.402855", "where": "spotify:albums", "level": "info", "message": "Fetched 9 albums", "data": null}
{"event_time": "2025-10-02T22:25:39.807548", "where": "spotify:tracks", "level": "info", "message": "Fetched 50 tracks", "data": null}
{"event_time": "2025-10-02T22:25:40.650784", "where": "spotify:albums", "level": "info", "message": "Fetched 20 albums", "data": null}
{"event_time": "2025-10-02T22:25:41.409300", "where": "spotify:albums", "level": "info", "message": "Fetched 20 albums", "data": null}
{"event_time": "2025-10-02T22:25:41.947928", "where": "spotify:albums", "level": "info", "message": "Fetched 9 albums", "data": null}
{"event_time": "2025-10-02T22:25:42.519821", "where": "spotify:tracks", "level": "info", "message": "Fetched 49 tracks", "data": null}
{"event_time": "2025-10-02T22:25:43.664458", "where": "spotify:albums", "level": "info", "message": "Fetched 20 albums", "data": null}
{"event_time": "2025-10-02T22:25:44.386610", "where": "spotify:albums", "level": "info", "message": "Fetched 20 albums", "data": null}
{"event_time": "2025-10-02T22:25:44.919178", "where": "spotify:albums", "level": "info", "message": "Fetched 9 albums", "data": null}
{"event_time": "2025-10-02T22:25:45.331055", "where": "spotify:tracks", "level": "info", "message": "Fetched 50 tracks", "data": null}
{"event_time": "2025-10-02T22:25:45.567404", "where": "spotify:tracks", "level": "info", "message": "Fetched 1 tracks", "data": null}
{"event_time": "2025-10-02T22:25:46.551979", "where": "spotify:albums", "level": "info", "message": "Fetched 20 albums", "data": null}
{"event_time": "2025-10-02T22:25:47.504348", "where": "spotify:albums", "level": "info", "message": "Fetched 20 albums", "data": null}
{"event_time": "2025-10-02T22:25:48.183770", "where": "spotify:albums", "level": "info", "message": "Fetched 8 albums", "data": null}
{"event_time": "2025-10-02T22:25:48.600195", "where": "spotify:tracks", "level": "info", "message": "Fetched 50 tracks", "data": null}
{"event_time": "2025-10-02T22:25:49.296001", "where": "spotify:albums", "level": "info", "message": "Fetched 20 albums", "data": null}
{"event_time": "2025-10-02T22:25:50.667679", "where": "spotify:albums", "level": "info", "message": "Fetched 20 albums", "data": null}
{"event_time": "2025-10-02T22:25:51.153055", "where": "spotify:albums", "level": "info", "message": "Fetched 9 albums", "data": null}
{"event_time": "2025-10-02T22:25:51.546952", "where": "spotify:tracks", "level": "info", "message": "Fetched 50 tracks", "data": null}
{"event_time": "2025-10-02T22:25:52.541350", "where": "spotify:albums", "level": "info", "message": "Fetched 20 albums", "data": null}
{"event_time": "2025-10-02T22:25:53.573107", "where": "spotify:albums", "level": "info", "message": "Fetched 20 albums", "data": null}
{"event_time": "2025-10-02T22:25:54.119137", "where": "spotify:albums", "level": "info", "message": "Fetched 10 albums", "data": null}
{"event_time": "2025-10-02T22:25:54.483840", "where": "spotify:tracks", "level": "info", "message": "Fetched 50 tracks", "data": null}
{"event_time": "2025-10-02T22:25:55.475805", "where": "spotify:albums", "level": "info", "message": "Fetched 20 albums", "data": null}
{"event_time": "2025-10-02T22:25:56.282747", "where": "spotify:albums", "level": "info", "message": "Fetched 20 albums", "data": null}
{"event_time": "2025-10-02T22:25:56.590493", "where": "spotify:albums", "level": "info", "message": "Fetched 7 albums", "data": null}
{"event_time": "2025-10-02T22:25:57.110152", "where": "spotify:tracks", "level": "info", "message": "Fetched 50 tracks", "data": null}
{"event_time": "2025-10-02T22:25:57.286599", "where": "spotify:tracks", "level": "info", "message": "Fetched 1 tracks", "data": null}
{"event_time": "2025-10-02T22:25:58.248785", "where": "spotify:albums", "level": "info", "message": "Fetched 20 albums", "data": null}
{"event_time": "2025-10-02T22:25:58.995608", "where": "spotify:albums", "level": "info", "message": "Fetched 20 albums", "data": null}
{"event_time": "2025-10-02T22:25:59.669602", "where": "spotify:albums", "level": "info", "message": "Fetched 9 albums", "data": null}
{"event_time": "2025-10-02T22:26:00.178418", "where": "spotify:tracks", "level": "info", "message": "Fetched 50 tracks", "data": null}
{"event_time": "2025-10-02T22:26:01.128032", "where": "spotify:albums", "level": "info", "message": "Fetched 20 albums", "data": null}
{"event_time": "2025-10-02T22:26:02.249282", "where": "spotify:albums", "level": "info", "message": "Fetched 20 albums", "data": null}
{"event_time": "2025-10-02T22:26:02.941800", "where": "spotify:albums", "level": "info", "message": "Fetched 9 albums", "data": null}
{"event_time": "2025-10-02T22:26:03.549302", "where": "spotify:tracks", "level": "info", "message": "Fetched 50 tracks", "data": null}
{"event_time": "2025-10-02T22:26:04.593691", "where": "spotify:albums", "level": "info", "message": "Fetched 20 albums", "data": null}
{"event_time": "2025-10-02T22:26:05.646491", "where": "spotify:albums", "level": "info", "message": "Fetched 20 albums", "data": null}
{"event_time": "2025-10-02T22:26:05.959003", "where": "spotify:albums", "level": "info", "message": "Fetched 6 albums", "data": null}
{"event_time": "2025-10-02T22:26:06.299050", "where": "spotify:tracks", "level": "info", "message": "Fetched 50 tracks", "data": null}
{"event_time": "2025-10-02T22:26:07.150517", "where": "spotify:albums", "level": "info", "message": "Fetched 20 albums", "data": null}
{"event_time": "2025-10-02T22:26:07.879749", "where": "spotify:albums", "level": "info", "message": "Fetched 20 albums", "data": null}
{"event_time": "2025-10-02T22:26:08.675751", "where": "spotify:albums", "level": "info", "message": "Fetched 9 albums", "data": null}
{"event_time": "2025-10-02T22:26:09.013940", "where": "spotify:tracks", "level": "info", "message": "Fetched 50 tracks", "data": null}
{"event_time": "2025-10-02T22:26:09.818760", "where": "spotify:albums", "level": "info", "message": "Fetched 20 albums", "data": null}
{"event_time": "2025-10-02T22:26:10.689607", "where": "spotify:albums", "level": "info", "message": "Fetched 20 albums", "data": null}
{"event_time": "2025-10-02T22:26:11.080427", "where": "spotify:albums", "level": "info", "message": "Fetched 7 albums", "data": null}
{"event_time": "2025-10-02T22:26:11.503849", "where": "spotify:tracks", "level": "info", "message": "Fetched 50 tracks", "data": null}
{"event_time": "2025-10-02T22:26:12.664222", "where": "spotify:albums", "level": "info", "message": "Fetched 20 albums", "data": null}
{"event_time": "2025-10-02T22:26:13.503103", "where": "spotify:albums", "level": "info", "message": "Fetched 20 albums", "data": null}
{"event_time": "2025-10-02T22:26:14.101972", "where": "spotify:albums", "level": "info", "message": "Fetched 7 albums", "data": null}
{"event_time": "2025-10-02T22:26:14.717975", "where": "spotify:tracks", "level": "info", "message": "Fetched 50 tracks", "data": null}
{"event_time": "2025-10-02T22:26:15.651873", "where": "spotify:albums", "level": "info", "message": "Fetched 20 albums", "data": null}
{"event_time": "2025-10-02T22:26:16.771342", "where": "spotify:albums", "level": "info", "message": "Fetched 20 albums", "data": null}
{"event_time": "2025-10-02T22:26:17.480278", "where": "spotify:albums", "level": "info", "message": "Fetched 9 albums", "data": null}
{"event_time": "2025-10-02T22:26:17.922448", "where": "spotify:tracks", "level": "info", "message": "Fetched 50 tracks", "data": null}
{"event_time": "2025-10-02T22:26:18.897453", "where": "spotify:albums", "level": "info", "message": "Fetched 20 albums", "data": null}
{"event_time": "2025-10-02T22:26:19.963795", "where": "spotify:albums", "level": "info", "message": "Fetched 20 albums", "data": null}
{"event_time": "2025-10-02T22:26:20.673735", "where": "spotify:albums", "level": "info", "message": "Fetched 8 albums", "data": null}
{"event_time": "2025-10-02T22:26:21.068692", "where": "spotify:tracks", "level": "info", "message": "Fetched 50 tracks", "data": null}
{"event_time": "2025-10-02T22:26:22.002423", "where": "spotify:albums", "level": "info", "message": "Fetched 20 albums", "data": null}
{"event_time": "2025-10-02T22:26:23.239042", "where": "spotify:albums", "level": "info", "message": "Fetched 20 albums", "data": null}
{"event_time": "2025-10-02T22:26:23.552049", "where": "spotify:albums", "level": "info", "message": "Fetched 8 albums", "data": null}
{"event_time": "2025-10-02T22:26:24.139131", "where": "spotify:tracks", "level": "info", "message": "Fetched 50 tracks", "data": null}
{"event_time": "2025-10-02T22:26:24.966575", "where": "spotify:albums", "level": "info", "message": "Fetched 20 albums", "data": null}
{"event_time": "2025-10-02T22:26:26.298696", "where": "spotify:albums", "level": "info", "message": "Fetched 20 albums", "data": null}
{"event_time": "2025-10-02T22:26:26.902378", "where": "spotify:albums", "level": "info", "message": "Fetched 9 albums", "data": null}
{"event_time": "2025-10-02T22:26:27.292100", "where": "spotify:tracks", "level": "info", "message": "Fetched 50 tracks", "data": null}
{"event_time": "2025-10-02T22:26:28.041286", "where": "spotify:albums", "level": "info", "message": "Fetched 20 albums", "data": null}
{"event_time": "2025-10-02T22:26:28.677029", "where": "spotify:albums", "level": "info", "message": "Fetched 20 albums", "data": null}
{"event_time": "2025-10-02T22:26:29.299398", "where": "spotify:albums", "level": "info", "message": "Fetched 10 albums", "data": null}
{"event_time": "2025-10-02T22:26:29.770821", "where": "spotify:tracks", "level": "info", "message": "Fetched 50 tracks", "data": null}
{"event_time": "2025-10-02T22:26:30.601739", "where": "spotify:albums", "level": "info", "message": "Fetched 20 albums", "data": null}
{"event_time": "2025-10-02T22:26:31.526922", "where": "spotify:albums", "level": "info", "message": "Fetched 20 albums", "data": null}
{"event_time": "2025-10-02T22:26:32.187720", "where": "spotify:albums", "level": "info", "message": "Fetched 10 albums", "data": null}
{"event_time": "2025-10-02T22:26:32.736424", "where": "spotify:tracks", "level": "info", "message": "Fetched 49 tracks", "data": null}
{"event_time": "2025-10-02T22:26:34.197246", "where": "spotify:albums", "level": "info", "message": "Fetched 20 albums", "data": null}
{"event_time": "2025-10-02T22:26:35.005910", "where": "spotify:albums", "level": "info", "message": "Fetched 20 albums", "data": null}
{"event_time": "2025-10-02T22:26:35.610324", "where": "spotify:albums", "level": "info", "message": "Fetched 7 albums", "data": null}
{"event_time": "2025-10-02T22:26:36.017138", "where": "spotify:tracks", "level": "info", "message": "Fetched 50 tracks", "data": null}
{"event_time": "2025-10-02T22:26:36.912178", "where": "spotify:albums", "level": "info", "message": "Fetched 20 albums", "data": null}
{"event_time": "2025-10-02T22:26:37.566699", "where": "spotify:albums", "level": "info", "message": "Fetched 20 albums", "data": null}
{"event_time": "2025-10-02T22:26:38.190951", "where": "spotify:albums", "level": "info", "message": "Fetched 10 albums", "data": null}
{"event_time": "2025-10-02T22:26:38.782579", "where": "spotify:tracks", "level": "info", "message": "Fetched 50 tracks", "data": null}
{"event_time": "2025-10-02T22:26:39.604291", "where": "spotify:albums", "level": "info", "message": "Fetched 20 albums", "data": null}
{"event_time": "2025-10-02T22:26:40.669057", "where": "spotify:albums", "level": "info", "message": "Fetched 20 albums", "data": null}
{"event_time": "2025-10-02T22:26:41.254729", "where": "spotify:albums", "level": "info", "message": "Fetched 10 albums", "data": null}
{"event_time": "2025-10-02T22:26:41.849253", "where": "spotify:tracks", "level": "info", "message": "Fetched 50 tracks", "data": null}
{"event_time": "2025-10-02T22:26:42.585575", "where": "spotify:albums", "level": "info", "message": "Fetched 20 albums", "data": null}
{"event_time": "2025-10-02T22:26:43.187119", "where": "spotify:albums", "level": "info", "message": "Fetched 20 albums", "data": null}
{"event_time": "2025-10-02T22:26:43.802247", "where": "spotify:albums", "level": "info", "message": "Fetched 7 albums", "data": null}
{"event_time": "2025-10-02T22:26:44.245352", "where": "spotify:tracks", "level": "info", "message": "Fetched 50 tracks", "data": null}
{"event_time": "2025-10-02T22:26:45.044644", "where": "spotify:albums", "level": "info", "message": "Fetched 20 albums", "data": null}
{"event_time": "2025-10-02T22:26:45.864870", "where": "spotify:albums", "level": "info", "message": "Fetched 20 albums", "data": null}
{"event_time": "2025-10-02T22:26:46.180076", "where": "spotify:albums", "level": "info", "message": "Fetched 6 albums", "data": null}
{"event_time": "2025-10-02T22:26:46.664483", "where": "spotify:tracks", "level": "info", "message": "Fetched 50 tracks", "data": null}
{"event_time": "2025-10-02T22:26:47.504912", "where": "spotify:albums", "level": "info", "message": "Fetched 20 albums", "data": null}
{"event_time": "2025-10-02T22:26:48.531567", "where": "spotify:albums", "level": "info", "message": "Fetched 20 albums", "data": null}
{"event_time": "2025-10-02T22:26:48.919051", "where": "spotify:albums", "level": "info", "message": "Fetched 6 albums", "data": null}
{"event_time": "2025-10-02T22:26:49.325354", "where": "spotify:tracks", "level": "info", "message": "Fetched 50 tracks", "data": null}
{"event_time": "2025-10-02T22:26:50.681366", "where": "spotify:albums", "level": "info", "message": "Fetched 20 albums", "data": null}
{"event_time": "2025-10-02T22:26:51.307751", "where": "spotify:albums", "level": "info", "message": "Fetched 20 albums", "data": null}
{"event_time": "2025-10-02T22:26:51.896148", "where": "spotify:albums", "level": "info", "message": "Fetched 9 albums", "data": null}
{"event_time": "2025-10-02T22:26:52.290177", "where": "spotify:tracks", "level": "info", "message": "Fetched 50 tracks", "data": null}
{"event_time": "2025-10-02T22:26:52.530381", "where": "spotify:tracks", "level": "info", "message": "Fetched 1 tracks", "data": null}
{"event_time": "2025-10-02T22:26:53.655077", "where": "spotify:albums", "level": "info", "message": "Fetched 20 albums", "data": null}
{"event_time": "2025-10-02T22:26:54.559395", "where": "spotify:albums", "level": "info", "message": "Fetched 20 albums", "data": null}
{"event_time": "2025-10-02T22:26:54.961527", "where": "spotify:albums", "level": "info", "message": "Fetched 9 albums", "data": null}
{"event_time": "2025-10-02T22:26:55.370894", "where": "spotify:tracks", "level": "info", "message": "Fetched 50 tracks", "data": null}
{"event_time": "2025-10-02T22:26:56.342553", "where": "spotify:albums", "level": "info", "message": "Fetched 20 albums", "data": null}
{"event_time": "2025-10-02T22:26:57.268413", "where": "spotify:albums", "level": "info", "message": "Fetched 20 albums", "data": null}
{"event_time": "2025-10-02T22:26:57.938565", "where": "spotify:albums", "level": "info", "message": "Fetched 10 albums", "data": null}
{"event_time": "2025-10-02T22:26:58.647640", "where": "spotify:tracks", "level": "info", "message": "Fetched 50 tracks", "data": null}
{"event_time": "2025-10-02T22:26:59.584626", "where": "spotify:albums", "level": "info", "message": "Fetched 20 albums", "data": null}
{"event_time": "2025-10-02T22:27:00.276550", "where": "spotify:albums", "level": "info", "message": "Fetched 20 albums", "data": null}
{"event_time": "2025-10-02T22:27:00.901802", "where": "spotify:albums", "level": "info", "message": "Fetched 9 albums", "data": null}
{"event_time": "2025-10-02T22:27:01.320594", "where": "spotify:tracks", "level": "info", "message": "Fetched 50 tracks", "data": null}
{"event_time": "2025-10-02T22:27:02.140332", "where": "spotify:albums", "level": "info", "message": "Fetched 20 albums", "data": null}
{"event_time": "2025-10-02T22:27:02.864526", "where": "spotify:albums", "level": "info", "message": "Fetched 20 albums", "data": null}
{"event_time": "2025-10-02T22:27:03.567745", "where": "spotify:albums", "level": "info", "message": "Fetched 10 albums", "data": null}
{"event_time": "2025-10-02T22:27:04.071939", "where": "spotify:tracks", "level": "info", "message": "Fetched 50 tracks", "data": null}
{"event_time": "2025-10-02T22:27:05.311586", "where": "spotify:albums", "level": "info", "message": "Fetched 20 albums", "data": null}
{"event_time": "2025-10-02T22:27:06.300515", "where": "spotify:albums", "level": "info", "message": "Fetched 20 albums", "data": null}
{"event_time": "2025-10-02T22:27:06.781629", "where": "spotify:albums", "level": "info", "message": "Fetched 9 albums", "data": null}
{"event_time": "2025-10-02T22:27:07.231692", "where": "spotify:tracks", "level": "info", "message": "Fetched 49 tracks", "data": null}
{"event_time": "2025-10-02T22:27:08.697751", "where": "spotify:albums", "level": "info", "message": "Fetched 20 albums", "data": null}
{"event_time": "2025-10-02T22:27:10.033981", "where": "spotify:albums", "level": "info", "message": "Fetched 20 albums", "data": null}
{"event_time": "2025-10-02T22:27:10.412096", "where": "spotify:albums", "level": "info", "message": "Fetched 8 albums", "data": null}
{"event_time": "2025-10-02T22:27:10.833708", "where": "spotify:tracks", "level": "info", "message": "Fetched 50 tracks", "data": null}
{"event_time": "2025-10-02T22:27:11.078904", "where": "spotify:tracks", "level": "info", "message": "Fetched 1 tracks", "data": null}
{"event_time": "2025-10-02T22:27:11.869006", "where": "spotify:albums", "level": "info", "message": "Fetched 20 albums", "data": null}
{"event_time": "2025-10-02T22:27:12.947593", "where": "spotify:albums", "level": "info", "message": "Fetched 20 albums", "data": null}
{"event_time": "2025-10-02T22:27:13.365064", "where": "spotify:albums", "level": "info", "message": "Fetched 9 albums", "data": null}
{"event_time": "2025-10-02T22:27:13.905184", "where": "spotify:tracks", "level": "info", "message": "Fetched 50 tracks", "data": null}
{"event_time": "2025-10-02T22:27:14.152038", "where": "spotify:tracks", "level": "info", "message": "Fetched 1 tracks", "data": null}
{"event_time": "2025-10-02T22:27:14.943067", "where": "spotify:albums", "level": "info", "message": "Fetched 20 albums", "data": null}
{"event_time": "2025-10-02T22:27:16.184547", "where": "spotify:albums", "level": "info", "message": "Fetched 20 albums", "data": null}
{"event_time": "2025-10-02T22:27:16.777610", "where": "spotify:albums", "level": "info", "message": "Fetched 7 albums", "data": null}
{"event_time": "2025-10-02T22:27:17.221152", "where": "spotify:tracks", "level": "info", "message": "Fetched 50 tracks", "data": null}
{"event_time": "2025-10-02T22:27:18.351296", "where": "spotify:albums", "level": "info", "message": "Fetched 20 albums", "data": null}
{"event_time": "2025-10-02T22:27:19.199503", "where": "spotify:albums", "level": "info", "message": "Fetched 20 albums", "data": null}
{"event_time": "2025-10-02T22:27:19.745713", "where": "spotify:albums", "level": "info", "message": "Fetched 7 albums", "data": null}
{"event_time": "2025-10-02T22:27:20.185084", "where": "spotify:tracks", "level": "info", "message": "Fetched 50 tracks", "data": null}
{"event_time": "2025-10-02T22:27:20.891011", "where": "spotify:albums", "level": "info", "message": "Fetched 20 albums", "data": null}
{"event_time": "2025-10-02T22:27:21.912907", "where": "spotify:albums", "level": "info", "message": "Fetched 20 albums", "data": null}
{"event_time": "2025-10-02T22:27:22.290564", "where": "spotify:albums", "level": "info", "message": "Fetched 10 albums", "data": null}
{"event_time": "2025-10-02T22:27:22.777238", "where": "spotify:tracks", "level": "info", "message": "Fetched 50 tracks", "data": null}
{"event_time": "2025-10-02T22:27:22.957102", "where": "spotify:tracks", "level": "info", "message": "Fetched 1 tracks", "data": null}
{"event_time": "2025-10-02T22:27:23.648702", "where": "spotify:albums", "level": "info", "message": "Fetched 20 albums", "data": null}
{"event_time": "2025-10-02T22:27:24.462164", "where": "spotify:albums", "level": "info", "message": "Fetched 20 albums", "data": null}
{"event_time": "2025-10-02T22:27:25.075610", "where": "spotify:albums", "level": "info", "message": "Fetched 7 albums", "data": null}
{"event_time": "2025-10-02T22:27:25.574773", "where": "spotify:tracks", "level": "info", "message": "Fetched 50 tracks", "data": null}
{"event_time": "2025-10-02T22:27:26.835436", "where": "spotify:albums", "level": "info", "message": "Fetched 20 albums", "data": null}
{"event_time": "2025-10-02T22:27:28.154001", "where": "spotify:albums", "level": "info", "message": "Fetched 20 albums", "data": null}
{"event_time": "2025-10-02T22:27:28.854826", "where": "spotify:albums", "level": "info", "message": "Fetched 7 albums", "data": null}
{"event_time": "2025-10-02T22:27:29.244950", "where": "spotify:tracks", "level": "info", "message": "Fetched 50 tracks", "data": null}
{"event_time": "2025-10-02T22:27:30.109417", "where": "spotify:albums", "level": "info", "message": "Fetched 20 albums", "data": null}
{"event_time": "2025-10-02T22:27:31.030603", "where": "spotify:albums", "level": "info", "message": "Fetched 20 albums", "data": null}
{"event_time": "2025-10-02T22:27:31.336081", "where": "spotify:albums", "level": "info", "message": "Fetched 5 albums", "data": null}
{"event_time": "2025-10-02T22:27:31.821643", "where": "spotify:tracks", "level": "info", "message": "Fetched 49 tracks", "data": null}
{"event_time": "2025-10-02T22:27:32.900690", "where": "spotify:albums", "level": "info", "message": "Fetched 20 albums", "data": null}
{"event_time": "2025-10-02T22:27:34.399215", "where": "spotify:albums", "level": "info", "message": "Fetched 20 albums", "data": null}
{"event_time": "2025-10-02T22:27:34.952136", "where": "spotify:albums", "level": "info", "message": "Fetched 9 albums", "data": null}
{"event_time": "2025-10-02T22:27:35.369383", "where": "spotify:tracks", "level": "info", "message": "Fetched 50 tracks", "data": null}
{"event_time": "2025-10-02T22:27:37.045034", "where": "spotify:albums", "level": "info", "message": "Fetched 20 albums", "data": null}
{"event_time": "2025-10-02T22:27:38.265322", "where": "spotify:albums", "level": "info", "message": "Fetched 20 albums", "data": null}
{"event_time": "2025-10-02T22:27:38.794175", "where": "spotify:albums", "level": "info", "message": "Fetched 10 albums", "data": null}
{"event_time": "2025-10-02T22:27:39.236410", "where": "spotify:tracks", "level": "info", "message": "Fetched 50 tracks", "data": null}
{"event_time": "2025-10-02T22:27:40.432858", "where": "spotify:albums", "level": "info", "message": "Fetched 20 albums", "data": null}
{"event_time": "2025-10-02T22:27:41.782876", "where": "spotify:albums", "level": "info", "message": "Fetched 20 albums", "data": null}
{"event_time": "2025-10-02T22:27:42.380056", "where": "spotify:albums", "level": "info", "message": "Fetched 5 albums", "data": null}
{"event_time": "2025-10-02T22:27:42.862910", "where": "spotify:tracks", "level": "info", "message": "Fetched 49 tracks", "data": null}
{"event_time": "2025-10-02T22:27:44.549613", "where": "spotify:albums", "level": "info", "message": "Fetched 20 albums", "data": null}
{"event_time": "2025-10-02T22:27:45.363856", "where": "spotify:albums", "level": "info", "message": "Fetched 20 albums", "data": null}
{"event_time": "2025-10-02T22:27:46.064895", "where": "spotify:albums", "level": "info", "message": "Fetched 8 albums", "data": null}
{"event_time": "2025-10-02T22:27:46.420679", "where": "spotify:tracks", "level": "info", "message": "Fetched 50 tracks", "data": null}
{"event_time": "2025-10-02T22:27:47.518365", "where": "spotify:albums", "level": "info", "message": "Fetched 20 albums", "data": null}
{"event_time": "2025-10-02T22:27:48.646888", "where": "spotify:albums", "level": "info", "message": "Fetched 20 albums", "data": null}
{"event_time": "2025-10-02T22:27:48.985593", "where": "spotify:albums", "level": "info", "message": "Fetched 8 albums", "data": null}
{"event_time": "2025-10-02T22:27:49.438572", "where": "spotify:tracks", "level": "info", "message": "Fetched 50 tracks", "data": null}
{"event_time": "2025-10-02T22:27:50.169629", "where": "spotify:albums", "level": "info", "message": "Fetched 20 albums", "data": null}
{"event_time": "2025-10-02T22:27:51.186900", "where": "spotify:albums", "level": "info", "message": "Fetched 20 albums", "data": null}
{"event_time": "2025-10-02T22:27:51.690944", "where": "spotify:albums", "level": "info", "message": "Fetched 8 albums", "data": null}
{"event_time": "2025-10-02T22:27:52.187229", "where": "spotify:tracks", "level": "info", "message": "Fetched 50 tracks", "data": null}
{"event_time": "2025-10-02T22:27:53.242707", "where": "spotify:albums", "level": "info", "message": "Fetched 20 albums", "data": null}
{"event_time": "2025-10-02T22:27:54.163170", "where": "spotify:albums", "level": "info", "message": "Fetched 20 albums", "data": null}
{"event_time": "2025-10-02T22:27:54.978662", "where": "spotify:albums", "level": "info", "message": "Fetched 8 albums", "data": null}
{"event_time": "2025-10-02T22:27:55.585565", "where": "spotify:tracks", "level": "info", "message": "Fetched 50 tracks", "data": null}
{"event_time": "2025-10-02T22:27:56.625651", "where": "spotify:albums", "level": "info", "message": "Fetched 20 albums", "data": null}
{"event_time": "2025-10-02T22:27:57.581231", "where": "spotify:albums", "level": "info", "message": "Fetched 20 albums", "data": null}
{"event_time": "2025-10-02T22:27:57.878662", "where": "spotify:albums", "level": "info", "message": "Fetched 10 albums", "data": null}
{"event_time": "2025-10-02T22:27:58.275592", "where": "spotify:tracks", "level": "info", "message": "Fetched 38 tracks", "data": null}
{"event_time": "2025-10-02T22:27:58.965085", "where": "spotify:albums", "level": "info", "message": "Fetched 20 albums", "data": null}
{"event_time": "2025-10-02T22:27:59.780819", "where": "spotify:albums", "level": "info", "message": "Fetched 18 albums", "data": null}
{"event_time": "2025-10-02T22:28:00.751855", "where": "spotify:artists", "level": "info", "message": "Fetched 50 artists", "data": null}
{"event_time": "2025-10-02T22:28:09.963835", "where": "spotify:artists", "level": "info", "message": "Fetched 50 artists", "data": null}
{"event_time": "2025-10-02T22:28:17.443715", "where": "spotify:artists", "level": "info", "message": "Fetched 50 artists", "data": null}
{"event_time": "2025-10-02T22:28:27.609990", "where": "spotify:artists", "level": "info", "message": "Fetched 50 artists", "data": null}
{"event_time": "2025-10-02T22:28:34.685349", "where": "spotify:artists", "level": "info", "message": "Fetched 50 artists", "data": null}
{"event_time": "2025-10-02T22:28:42.914766", "where": "spotify:artists", "level": "info", "message": "Fetched 50 artists", "data": null}
{"event_time": "2025-10-02T22:28:50.030437", "where": "spotify:artists", "level": "info", "message": "Fetched 50 artists", "data": null}
{"event_time": "2025-10-02T22:28:59.244792", "where": "spotify:artists", "level": "info", "message": "Fetched 50 artists", "data": null}
{"event_time": "2025-10-02T22:29:11.614780", "where": "spotify:shows", "level": "info", "message": "Fetched 5 shows", "data": null}
{"event_time": "2025-10-02T22:29:12.513546", "where": "spotify:shows", "level": "info", "message": "Fetched 2 shows", "data": null}
{"event_time": "2025-10-02T22:29:15.532148", "where": "spotify:audiobooks", "level": "info", "message": "Fetched 5 audiobooks", "data": null}
{"event_time": "2025-10-02T22:29:16.194027", "where": "spotify:artists", "level": "info", "message": "Fetched 50 artists", "data": null}
{"event_time": "2025-10-02T22:29:27.490732", "where": "spotify:artists", "level": "info", "message": "Fetched 50 artists", "data": null}
{"event_time": "2025-10-02T22:29:35.573423", "where": "spotify:artists", "level": "info", "message": "Fetched 50 artists", "data": null}
{"event_time": "2025-10-02T22:29:43.599638", "where": "spotify:artists", "level": "info", "message": "Fetched 50 artists", "data": null}
{"event_time": "2025-10-02T22:29:50.914834", "where": "spotify:artists", "level": "info", "message": "Fetched 50 artists", "data": null}
{"event_time": "2025-10-02T22:29:57.851294", "where": "spotify:artists", "level": "info", "message": "Fetched 50 artists", "data": null}
{"event_time": "2025-10-02T22:30:01.832203", "where": "spotify:artists", "level": "info", "message": "Fetched 50 artists", "data": null}
{"event_time": "2025-10-02T22:30:08.077679", "where": "spotify:artists", "level": "info", "message": "Fetched 50 artists", "data": null}
{"event_time": "2025-10-02T22:30:17.151519", "where": "spotify:artists", "level": "info", "message": "Fetched 50 artists", "data": null}
{"event_time": "2025-10-02T22:30:31.806295", "where": "spotify:artists", "level": "info", "message": "Fetched 50 artists", "data": null}
{"event_time": "2025-10-02T22:30:35.086258", "where": "spotify:artists", "level": "info", "message": "Fetched 50 artists", "data": null}
{"event_time": "2025-10-02T22:30:48.367443", "where": "spotify:artists", "level": "info", "message": "Fetched 50 artists", "data": null}
{"event_time": "2025-10-02T22:30:57.317796", "where": "spotify:artists", "level": "info", "message": "Fetched 50 artists", "data": null}
{"event_time": "2025-10-02T22:31:07.542396", "where": "spotify:artists", "level": "info", "message": "Fetched 50 artists", "data": null}
{"event_time": "2025-10-02T22:31:15.569888", "where": "spotify:artists", "level": "info", "message": "Fetched 50 artists", "data": null}
{"event_time": "2025-10-02T22:31:20.542557", "where": "spotify:artists", "level": "info", "message": "Fetched 50 artists", "data": null}
{"event_time": "2025-10-02T22:31:30.769297", "where": "spotify:artists", "level": "info", "message": "Fetched 50 artists", "data": null}
{"event_time": "2025-10-02T22:31:49.942298", "where": "spotify:artists", "level": "info", "message": "Fetched 50 artists", "data": null}
{"event_time": "2025-10-02T22:32:03.503635", "where": "spotify:artists", "level": "info", "message": "Fetched 50 artists", "data": null}
{"event_time": "2025-10-02T22:32:18.092740", "where": "spotify:artists", "level": "info", "message": "Fetched 50 artists", "data": null}
{"event_time": "2025-10-02T22:32:30.300870", "where": "spotify:artists", "level": "info", "message": "Fetched 50 artists", "data": null}
{"event_time": "2025-10-02T22:32:39.292783", "where": "spotify:artists", "level": "info", "message": "Fetched 50 artists", "data": null}
{"event_time": "2025-10-02T22:32:50.456817", "where": "spotify:artists", "level": "info", "message": "Fetched 50 artists", "data": null}
{"event_time": "2025-10-02T22:32:58.489694", "where": "spotify:artists", "level": "info", "message": "Fetched 50 artists", "data": null}
{"event_time": "2025-10-02T22:33:12.539885", "where": "spotify:artists", "level": "info", "message": "Fetched 50 artists", "data": null}
{"event_time": "2025-10-02T22:33:23.919759", "where": "spotify:artists", "level": "info", "message": "Fetched 50 artists", "data": null}
{"event_time": "2025-10-02T22:33:31.254658", "where": "spotify:artists", "level": "info", "message": "Fetched 50 artists", "data": null}
{"event_time": "2025-10-02T22:33:42.722608", "where": "spotify:artists", "level": "info", "message": "Fetched 50 artists", "data": null}
{"event_time": "2025-10-02T22:33:50.084709", "where": "spotify:artists", "level": "info", "message": "Fetched 50 artists", "data": null}
{"event_time": "2025-10-02T22:34:05.358648", "where": "spotify:artists", "level": "info", "message": "Fetched 50 artists", "data": null}
{"event_time": "2025-10-02T22:34:14.471775", "where": "spotify:artists", "level": "info", "message": "Fetched 50 artists", "data": null}
{"event_time": "2025-10-02T22:34:30.821230", "where": "spotify:artists", "level": "info", "message": "Fetched 50 artists", "data": null}
{"event_time": "2025-10-02T22:34:38.047411", "where": "spotify:artists", "level": "info", "message": "Fetched 50 artists", "data": null}
{"event_time": "2025-10-02T22:34:53.608512", "where": "spotify:artists", "level": "info", "message": "Fetched 50 artists", "data": null}
{"event_time": "2025-10-02T22:35:04.955861", "where": "spotify:artists", "level": "info", "message": "Fetched 50 artists", "data": null}
{"event_time": "2025-10-02T22:35:22.036785", "where": "spotify:artists", "level": "info", "message": "Fetched 50 artists", "data": null}
{"event_time": "2025-10-02T22:35:28.178391", "where": "spotify:artists", "level": "info", "message": "Fetched 50 artists", "data": null}
{"event_time": "2025-10-02T22:35:34.257218", "where": "spotify:artists", "level": "info", "message": "Fetched 50 artists", "data": null}
{"event_time": "2025-10-02T22:35:43.916887", "where": "spotify:artists", "level": "info", "message": "Fetched 50 artists", "data": null}
{"event_time": "2025-10-02T22:35:54.867716", "where": "spotify:artists", "level": "info", "message": "Fetched 50 artists", "data": null}
{"event_time": "2025-10-02T22:36:06.082904", "where": "spotify:artists", "level": "info", "message": "Fetched 50 artists", "data": null}
{"event_time": "2025-10-02T22:36:29.117295", "where": "spotify:artists", "level": "info", "message": "Fetched 50 artists", "data": null}
{"event_time": "2025-10-02T22:36:33.198967", "where": "spotify:artists", "level": "info", "message": "Fetched 50 artists", "data": null}
{"event_time": "2025-10-02T22:36:51.463688", "where": "spotify:artists", "level": "info", "message": "Fetched 50 artists", "data": null}
{"event_time": "2025-10-02T22:36:58.597967", "where": "spotify:artists", "level": "info", "message": "Fetched 50 artists", "data": null}
{"event_time": "2025-10-02T22:37:15.221568", "where": "spotify:artists", "level": "info", "message": "Fetched 50 artists", "data": null}
{"event_time": "2025-10-02T22:37:24.271213", "where": "spotify:artists", "level": "info", "message": "Fetched 50 artists", "data": null}
{"event_time": "2025-10-02T22:37:32.379839", "where": "spotify:artists", "level": "info", "message": "Fetched 50 artists", "data": null}
{"event_time": "2025-10-02T22:37:44.361914", "where": "spotify:artists", "level": "info", "message": "Fetched 1 artists", "data": null}
{"event_time": "2025-10-02T22:37:45.196733", "where": "spotify:artists", "level": "info", "message": "Fetched 50 artists", "data": null}
{"event_time": "2025-10-02T22:37:51.241823", "where": "spotify:artists", "level": "info", "message": "Fetched 50 artists", "data": null}
{"event_time": "2025-10-02T22:38:01.186891", "where": "spotify:artists", "level": "info", "message": "Fetched 50 artists", "data": null}
{"event_time": "2025-10-02T22:38:14.437137", "where": "spotify:artists", "level": "info", "message": "Fetched 50 artists", "data": null}
{"event_time": "2025-10-02T22:38:22.080740", "where": "spotify:artists", "level": "info", "message": "Fetched 50 artists", "data": null}
{"event_time": "2025-10-02T22:38:34.851922", "where": "spotify:artists", "level": "info", "message": "Fetched 50 artists", "data": null}
{"event_time": "2025-10-02T22:38:44.833017", "where": "spotify:artists", "level": "info", "message": "Fetched 50 artists", "data": null}
{"event_time": "2025-10-02T22:40:16.866270", "where": "sanity", "level": "info", "message": "Starting spotify_sanity_check", "data": null}
{"event_time": "2025-10-02T22:40:17.096611", "where": "sanity", "level": "info", "message": "spotify_sanity_check result: ok=True, msg=ok", "data": null}
{"event_time": "2025-10-02T22:40:17.096798", "where": "sanity", "level": "info", "message": "Starting discogs_sanity_check", "data": null}
{"event_time": "2025-10-02T22:40:17.327228", "where": "sanity", "level": "info", "message": "discogs_sanity_check result: ok=True, msg=ok", "data": null}
{"event_time": "2025-10-02T22:40:17.360807", "where": "enrichment", "level": "info", "message": "Starting run_all()", "data": null}
{"event_time": "2025-10-02T22:40:39.438434", "where": "spotify:shows", "level": "info", "message": "Fetched 9 shows", "data": null}
{"event_time": "2025-10-02T22:40:44.023260", "where": "spotify:audiobooks", "level": "info", "message": "Fetched 10 audiobooks", "data": null}
{"event_time": "2025-10-02T22:40:46.301197", "where": "spotify:shows", "level": "info", "message": "Fetched 18 shows", "data": null}
{"event_time": "2025-10-02T22:40:47.803850", "where": "spotify:audiobooks", "level": "info", "message": "Fetched 3 audiobooks", "data": null}
{"event_time": "2025-10-02T22:40:48.625027", "where": "spotify:tracks", "level": "info", "message": "Fetched 50 tracks", "data": null}
{"event_time": "2025-10-02T22:40:49.411009", "where": "spotify:albums", "level": "info", "message": "Fetched 20 albums", "data": null}
{"event_time": "2025-10-02T22:40:50.399322", "where": "spotify:albums", "level": "info", "message": "Fetched 20 albums", "data": null}
{"event_time": "2025-10-02T22:40:50.987683", "where": "spotify:albums", "level": "info", "message": "Fetched 8 albums", "data": null}
{"event_time": "2025-10-02T22:40:51.393714", "where": "spotify:tracks", "level": "info", "message": "Fetched 50 tracks", "data": null}
{"event_time": "2025-10-02T22:40:52.249362", "where": "spotify:albums", "level": "info", "message": "Fetched 20 albums", "data": null}
{"event_time": "2025-10-02T22:40:53.134888", "where": "spotify:albums", "level": "info", "message": "Fetched 20 albums", "data": null}
{"event_time": "2025-10-02T22:40:54.192181", "where": "spotify:albums", "level": "info", "message": "Fetched 10 albums", "data": null}
{"event_time": "2025-10-02T22:40:54.669843", "where": "spotify:tracks", "level": "info", "message": "Fetched 50 tracks", "data": null}
{"event_time": "2025-10-02T22:40:56.137133", "where": "spotify:albums", "level": "info", "message": "Fetched 20 albums", "data": null}
{"event_time": "2025-10-02T22:40:57.207211", "where": "spotify:albums", "level": "info", "message": "Fetched 20 albums", "data": null}
{"event_time": "2025-10-02T22:40:57.956904", "where": "spotify:albums", "level": "info", "message": "Fetched 10 albums", "data": null}
{"event_time": "2025-10-02T22:40:58.348632", "where": "spotify:tracks", "level": "info", "message": "Fetched 50 tracks", "data": null}
{"event_time": "2025-10-02T22:40:59.206350", "where": "spotify:albums", "level": "info", "message": "Fetched 20 albums", "data": null}
{"event_time": "2025-10-02T22:41:00.210475", "where": "spotify:albums", "level": "info", "message": "Fetched 20 albums", "data": null}
{"event_time": "2025-10-02T22:41:00.717799", "where": "spotify:albums", "level": "info", "message": "Fetched 9 albums", "data": null}
{"event_time": "2025-10-02T22:41:01.194584", "where": "spotify:tracks", "level": "info", "message": "Fetched 50 tracks", "data": null}
{"event_time": "2025-10-02T22:41:01.409703", "where": "spotify:tracks", "level": "info", "message": "Fetched 2 tracks", "data": null}
{"event_time": "2025-10-02T22:41:02.887963", "where": "spotify:albums", "level": "info", "message": "Fetched 20 albums", "data": null}
{"event_time": "2025-10-02T22:41:04.103877", "where": "spotify:albums", "level": "info", "message": "Fetched 20 albums", "data": null}
{"event_time": "2025-10-02T22:41:04.406092", "where": "spotify:albums", "level": "info", "message": "Fetched 3 albums", "data": null}
{"event_time": "2025-10-02T22:41:04.911312", "where": "spotify:tracks", "level": "info", "message": "Fetched 50 tracks", "data": null}
{"event_time": "2025-10-02T22:41:05.110786", "where": "spotify:tracks", "level": "info", "message": "Fetched 1 tracks", "data": null}
{"event_time": "2025-10-02T22:41:05.853711", "where": "spotify:albums", "level": "info", "message": "Fetched 20 albums", "data": null}
{"event_time": "2025-10-02T22:41:07.192239", "where": "spotify:albums", "level": "info", "message": "Fetched 20 albums", "data": null}
{"event_time": "2025-10-02T22:41:08.085123", "where": "spotify:albums", "level": "info", "message": "Fetched 7 albums", "data": null}
{"event_time": "2025-10-02T22:41:08.425846", "where": "spotify:tracks", "level": "info", "message": "Fetched 49 tracks", "data": null}
{"event_time": "2025-10-02T22:41:09.730291", "where": "spotify:albums", "level": "info", "message": "Fetched 20 albums", "data": null}
{"event_time": "2025-10-02T22:41:11.080232", "where": "spotify:albums", "level": "info", "message": "Fetched 20 albums", "data": null}
{"event_time": "2025-10-02T22:41:12.021226", "where": "spotify:albums", "level": "info", "message": "Fetched 8 albums", "data": null}
{"event_time": "2025-10-02T22:41:12.593411", "where": "spotify:tracks", "level": "info", "message": "Fetched 50 tracks", "data": null}
{"event_time": "2025-10-02T22:41:13.256862", "where": "spotify:albums", "level": "info", "message": "Fetched 20 albums", "data": null}
{"event_time": "2025-10-02T22:41:14.306168", "where": "spotify:albums", "level": "info", "message": "Fetched 20 albums", "data": null}
{"event_time": "2025-10-02T22:41:14.985103", "where": "spotify:albums", "level": "info", "message": "Fetched 10 albums", "data": null}
{"event_time": "2025-10-02T22:41:15.373605", "where": "spotify:tracks", "level": "info", "message": "Fetched 50 tracks", "data": null}
{"event_time": "2025-10-02T22:41:16.231308", "where": "spotify:albums", "level": "info", "message": "Fetched 20 albums", "data": null}
{"event_time": "2025-10-02T22:41:17.354527", "where": "spotify:albums", "level": "info", "message": "Fetched 20 albums", "data": null}
{"event_time": "2025-10-02T22:41:18.194954", "where": "spotify:albums", "level": "info", "message": "Fetched 10 albums", "data": null}
{"event_time": "2025-10-02T22:41:18.737408", "where": "spotify:tracks", "level": "info", "message": "Fetched 50 tracks", "data": null}
{"event_time": "2025-10-02T22:41:19.525119", "where": "spotify:albums", "level": "info", "message": "Fetched 20 albums", "data": null}
{"event_time": "2025-10-02T22:41:20.700441", "where": "spotify:albums", "level": "info", "message": "Fetched 20 albums", "data": null}
{"event_time": "2025-10-02T22:41:21.189248", "where": "spotify:albums", "level": "info", "message": "Fetched 8 albums", "data": null}
{"event_time": "2025-10-02T22:41:21.551459", "where": "spotify:tracks", "level": "info", "message": "Fetched 50 tracks", "data": null}
{"event_time": "2025-10-02T22:41:21.729326", "where": "spotify:tracks", "level": "info", "message": "Fetched 1 tracks", "data": null}
{"event_time": "2025-10-02T22:41:22.744564", "where": "spotify:albums", "level": "info", "message": "Fetched 20 albums", "data": null}
{"event_time": "2025-10-02T22:41:23.770979", "where": "spotify:albums", "level": "info", "message": "Fetched 20 albums", "data": null}
{"event_time": "2025-10-02T22:41:24.051082", "where": "spotify:albums", "level": "info", "message": "Fetched 8 albums", "data": null}
{"event_time": "2025-10-02T22:41:24.409352", "where": "spotify:tracks", "level": "info", "message": "Fetched 50 tracks", "data": null}
{"event_time": "2025-10-02T22:41:25.201501", "where": "spotify:albums", "level": "info", "message": "Fetched 20 albums", "data": null}
{"event_time": "2025-10-02T22:41:25.592362", "where": "spotify:albums", "level": "info", "message": "Fetched 9 albums", "data": null}
{"event_time": "2025-10-02T22:41:25.980541", "where": "spotify:tracks", "level": "info", "message": "Fetched 50 tracks", "data": null}
{"event_time": "2025-10-02T22:41:27.066450", "where": "spotify:albums", "level": "info", "message": "Fetched 20 albums", "data": null}
{"event_time": "2025-10-02T22:41:27.965170", "where": "spotify:albums", "level": "info", "message": "Fetched 20 albums", "data": null}
{"event_time": "2025-10-02T22:41:28.298296", "where": "spotify:albums", "level": "info", "message": "Fetched 9 albums", "data": null}
{"event_time": "2025-10-02T22:41:28.635585", "where": "spotify:tracks", "level": "info", "message": "Fetched 50 tracks", "data": null}
{"event_time": "2025-10-02T22:41:29.612087", "where": "spotify:albums", "level": "info", "message": "Fetched 20 albums", "data": null}
{"event_time": "2025-10-02T22:41:30.461280", "where": "spotify:albums", "level": "info", "message": "Fetched 20 albums", "data": null}
{"event_time": "2025-10-02T22:41:31.027408", "where": "spotify:albums", "level": "info", "message": "Fetched 9 albums", "data": null}
{"event_time": "2025-10-02T22:41:31.383751", "where": "spotify:tracks", "level": "info", "message": "Fetched 49 tracks", "data": null}
{"event_time": "2025-10-02T22:41:33.085660", "where": "spotify:albums", "level": "info", "message": "Fetched 20 albums", "data": null}
{"event_time": "2025-10-02T22:41:34.113670", "where": "spotify:albums", "level": "info", "message": "Fetched 20 albums", "data": null}
{"event_time": "2025-10-02T22:41:34.613232", "where": "spotify:albums", "level": "info", "message": "Fetched 9 albums", "data": null}
{"event_time": "2025-10-02T22:41:35.124403", "where": "spotify:tracks", "level": "info", "message": "Fetched 50 tracks", "data": null}
{"event_time": "2025-10-02T22:41:35.320509", "where": "spotify:tracks", "level": "info", "message": "Fetched 1 tracks", "data": null}
{"event_time": "2025-10-02T22:41:36.687873", "where": "spotify:albums", "level": "info", "message": "Fetched 20 albums", "data": null}
{"event_time": "2025-10-02T22:41:37.783725", "where": "spotify:albums", "level": "info", "message": "Fetched 20 albums", "data": null}
{"event_time": "2025-10-02T22:41:38.191390", "where": "spotify:albums", "level": "info", "message": "Fetched 8 albums", "data": null}
{"event_time": "2025-10-02T22:41:38.701532", "where": "spotify:tracks", "level": "info", "message": "Fetched 50 tracks", "data": null}
{"event_time": "2025-10-02T22:41:39.534913", "where": "spotify:albums", "level": "info", "message": "Fetched 20 albums", "data": null}
{"event_time": "2025-10-02T22:41:40.685898", "where": "spotify:albums", "level": "info", "message": "Fetched 20 albums", "data": null}
{"event_time": "2025-10-02T22:41:41.027293", "where": "spotify:albums", "level": "info", "message": "Fetched 9 albums", "data": null}
{"event_time": "2025-10-02T22:41:41.443791", "where": "spotify:tracks", "level": "info", "message": "Fetched 50 tracks", "data": null}
{"event_time": "2025-10-02T22:41:42.207100", "where": "spotify:albums", "level": "info", "message": "Fetched 20 albums", "data": null}
{"event_time": "2025-10-02T22:41:43.126967", "where": "spotify:albums", "level": "info", "message": "Fetched 20 albums", "data": null}
{"event_time": "2025-10-02T22:41:43.730010", "where": "spotify:albums", "level": "info", "message": "Fetched 10 albums", "data": null}
{"event_time": "2025-10-02T22:41:44.193890", "where": "spotify:tracks", "level": "info", "message": "Fetched 50 tracks", "data": null}
{"event_time": "2025-10-02T22:41:45.201630", "where": "spotify:albums", "level": "info", "message": "Fetched 20 albums", "data": null}
{"event_time": "2025-10-02T22:41:45.991251", "where": "spotify:albums", "level": "info", "message": "Fetched 20 albums", "data": null}
{"event_time": "2025-10-02T22:41:46.382347", "where": "spotify:albums", "level": "info", "message": "Fetched 7 albums", "data": null}
{"event_time": "2025-10-02T22:41:46.797182", "where": "spotify:tracks", "level": "info", "message": "Fetched 50 tracks", "data": null}
{"event_time": "2025-10-02T22:41:46.978186", "where": "spotify:tracks", "level": "info", "message": "Fetched 1 tracks", "data": null}
{"event_time": "2025-10-02T22:41:48.145932", "where": "spotify:albums", "level": "info", "message": "Fetched 20 albums", "data": null}
{"event_time": "2025-10-02T22:41:49.068874", "where": "spotify:albums", "level": "info", "message": "Fetched 20 albums", "data": null}
{"event_time": "2025-10-02T22:41:49.773177", "where": "spotify:albums", "level": "info", "message": "Fetched 9 albums", "data": null}
{"event_time": "2025-10-02T22:41:50.367578", "where": "spotify:tracks", "level": "info", "message": "Fetched 50 tracks", "data": null}
{"event_time": "2025-10-02T22:41:51.568821", "where": "spotify:albums", "level": "info", "message": "Fetched 20 albums", "data": null}
{"event_time": "2025-10-02T22:41:52.964929", "where": "spotify:albums", "level": "info", "message": "Fetched 20 albums", "data": null}
{"event_time": "2025-10-02T22:41:53.553500", "where": "spotify:albums", "level": "info", "message": "Fetched 9 albums", "data": null}
{"event_time": "2025-10-02T22:41:54.187420", "where": "spotify:tracks", "level": "info", "message": "Fetched 50 tracks", "data": null}
{"event_time": "2025-10-02T22:41:55.205165", "where": "spotify:albums", "level": "info", "message": "Fetched 20 albums", "data": null}
{"event_time": "2025-10-02T22:41:56.034732", "where": "spotify:albums", "level": "info", "message": "Fetched 20 albums", "data": null}
{"event_time": "2025-10-02T22:41:56.456592", "where": "spotify:albums", "level": "info", "message": "Fetched 6 albums", "data": null}
{"event_time": "2025-10-02T22:41:56.881936", "where": "spotify:tracks", "level": "info", "message": "Fetched 50 tracks", "data": null}
{"event_time": "2025-10-02T22:41:57.672003", "where": "spotify:albums", "level": "info", "message": "Fetched 20 albums", "data": null}
{"event_time": "2025-10-02T22:41:58.406042", "where": "spotify:albums", "level": "info", "message": "Fetched 20 albums", "data": null}
{"event_time": "2025-10-02T22:41:58.985878", "where": "spotify:albums", "level": "info", "message": "Fetched 9 albums", "data": null}
{"event_time": "2025-10-02T22:41:59.598635", "where": "spotify:tracks", "level": "info", "message": "Fetched 50 tracks", "data": null}
{"event_time": "2025-10-02T22:42:00.224684", "where": "spotify:albums", "level": "info", "message": "Fetched 20 albums", "data": null}
{"event_time": "2025-10-02T22:42:01.053375", "where": "spotify:albums", "level": "info", "message": "Fetched 20 albums", "data": null}
{"event_time": "2025-10-02T22:42:01.644702", "where": "spotify:albums", "level": "info", "message": "Fetched 7 albums", "data": null}
{"event_time": "2025-10-02T22:42:02.158601", "where": "spotify:tracks", "level": "info", "message": "Fetched 50 tracks", "data": null}
{"event_time": "2025-10-02T22:42:03.103789", "where": "spotify:albums", "level": "info", "message": "Fetched 20 albums", "data": null}
{"event_time": "2025-10-02T22:42:04.019598", "where": "spotify:albums", "level": "info", "message": "Fetched 20 albums", "data": null}
{"event_time": "2025-10-02T22:42:04.617808", "where": "spotify:albums", "level": "info", "message": "Fetched 7 albums", "data": null}
{"event_time": "2025-10-02T22:42:05.189170", "where": "spotify:tracks", "level": "info", "message": "Fetched 50 tracks", "data": null}
{"event_time": "2025-10-02T22:42:07.201168", "where": "spotify:albums", "level": "info", "message": "Fetched 20 albums", "data": null}
{"event_time": "2025-10-02T22:42:08.157358", "where": "spotify:albums", "level": "info", "message": "Fetched 20 albums", "data": null}
{"event_time": "2025-10-02T22:42:09.034038", "where": "spotify:albums", "level": "info", "message": "Fetched 9 albums", "data": null}
{"event_time": "2025-10-02T22:42:09.464856", "where": "spotify:tracks", "level": "info", "message": "Fetched 50 tracks", "data": null}
{"event_time": "2025-10-02T22:42:10.612525", "where": "spotify:albums", "level": "info", "message": "Fetched 20 albums", "data": null}
{"event_time": "2025-10-02T22:42:11.649773", "where": "spotify:albums", "level": "info", "message": "Fetched 20 albums", "data": null}
{"event_time": "2025-10-02T22:42:12.179384", "where": "spotify:albums", "level": "info", "message": "Fetched 8 albums", "data": null}
{"event_time": "2025-10-02T22:42:12.603059", "where": "spotify:tracks", "level": "info", "message": "Fetched 50 tracks", "data": null}
{"event_time": "2025-10-02T22:42:13.429521", "where": "spotify:albums", "level": "info", "message": "Fetched 20 albums", "data": null}
{"event_time": "2025-10-02T22:42:14.770792", "where": "spotify:albums", "level": "info", "message": "Fetched 20 albums", "data": null}
{"event_time": "2025-10-02T22:42:15.086078", "where": "spotify:albums", "level": "info", "message": "Fetched 8 albums", "data": null}
{"event_time": "2025-10-02T22:42:15.879499", "where": "spotify:tracks", "level": "info", "message": "Fetched 50 tracks", "data": null}
{"event_time": "2025-10-02T22:42:16.817208", "where": "spotify:albums", "level": "info", "message": "Fetched 20 albums", "data": null}
{"event_time": "2025-10-02T22:42:18.205796", "where": "spotify:albums", "level": "info", "message": "Fetched 20 albums", "data": null}
{"event_time": "2025-10-02T22:42:18.748867", "where": "spotify:albums", "level": "info", "message": "Fetched 9 albums", "data": null}
{"event_time": "2025-10-02T22:42:19.226213", "where": "spotify:tracks", "level": "info", "message": "Fetched 50 tracks", "data": null}
{"event_time": "2025-10-02T22:42:19.990478", "where": "spotify:albums", "level": "info", "message": "Fetched 20 albums", "data": null}
{"event_time": "2025-10-02T22:42:20.909180", "where": "spotify:albums", "level": "info", "message": "Fetched 20 albums", "data": null}
{"event_time": "2025-10-02T22:42:21.515283", "where": "spotify:albums", "level": "info", "message": "Fetched 10 albums", "data": null}
{"event_time": "2025-10-02T22:42:22.126663", "where": "spotify:tracks", "level": "info", "message": "Fetched 50 tracks", "data": null}
{"event_time": "2025-10-02T22:42:23.061094", "where": "spotify:albums", "level": "info", "message": "Fetched 20 albums", "data": null}
{"event_time": "2025-10-02T22:42:23.994810", "where": "spotify:albums", "level": "info", "message": "Fetched 20 albums", "data": null}
{"event_time": "2025-10-02T22:42:24.560156", "where": "spotify:albums", "level": "info", "message": "Fetched 10 albums", "data": null}
{"event_time": "2025-10-02T22:42:25.007464", "where": "spotify:tracks", "level": "info", "message": "Fetched 49 tracks", "data": null}
{"event_time": "2025-10-02T22:42:26.327162", "where": "spotify:albums", "level": "info", "message": "Fetched 20 albums", "data": null}
{"event_time": "2025-10-02T22:42:27.055834", "where": "spotify:albums", "level": "info", "message": "Fetched 20 albums", "data": null}
{"event_time": "2025-10-02T22:42:27.554557", "where": "spotify:albums", "level": "info", "message": "Fetched 7 albums", "data": null}
{"event_time": "2025-10-02T22:42:27.894208", "where": "spotify:tracks", "level": "info", "message": "Fetched 50 tracks", "data": null}
{"event_time": "2025-10-02T22:42:28.696152", "where": "spotify:albums", "level": "info", "message": "Fetched 20 albums", "data": null}
{"event_time": "2025-10-02T22:42:29.302708", "where": "spotify:albums", "level": "info", "message": "Fetched 20 albums", "data": null}
{"event_time": "2025-10-02T22:42:29.911434", "where": "spotify:albums", "level": "info", "message": "Fetched 10 albums", "data": null}
{"event_time": "2025-10-02T22:42:30.354059", "where": "spotify:tracks", "level": "info", "message": "Fetched 50 tracks", "data": null}
{"event_time": "2025-10-02T22:42:31.198830", "where": "spotify:albums", "level": "info", "message": "Fetched 20 albums", "data": null}
{"event_time": "2025-10-02T22:42:32.143104", "where": "spotify:albums", "level": "info", "message": "Fetched 20 albums", "data": null}
{"event_time": "2025-10-02T22:42:32.609589", "where": "spotify:albums", "level": "info", "message": "Fetched 10 albums", "data": null}
{"event_time": "2025-10-02T22:42:33.083429", "where": "spotify:tracks", "level": "info", "message": "Fetched 50 tracks", "data": null}
{"event_time": "2025-10-02T22:42:33.815045", "where": "spotify:albums", "level": "info", "message": "Fetched 20 albums", "data": null}
{"event_time": "2025-10-02T22:42:34.530888", "where": "spotify:albums", "level": "info", "message": "Fetched 20 albums", "data": null}
{"event_time": "2025-10-02T22:42:35.002362", "where": "spotify:albums", "level": "info", "message": "Fetched 7 albums", "data": null}
{"event_time": "2025-10-02T22:42:35.540257", "where": "spotify:tracks", "level": "info", "message": "Fetched 50 tracks", "data": null}
{"event_time": "2025-10-02T22:42:36.363790", "where": "spotify:albums", "level": "info", "message": "Fetched 20 albums", "data": null}
{"event_time": "2025-10-02T22:42:37.447990", "where": "spotify:albums", "level": "info", "message": "Fetched 20 albums", "data": null}
{"event_time": "2025-10-02T22:42:37.750252", "where": "spotify:albums", "level": "info", "message": "Fetched 6 albums", "data": null}
{"event_time": "2025-10-02T22:42:38.363382", "where": "spotify:tracks", "level": "info", "message": "Fetched 50 tracks", "data": null}
{"event_time": "2025-10-02T22:42:39.227198", "where": "spotify:albums", "level": "info", "message": "Fetched 20 albums", "data": null}
{"event_time": "2025-10-02T22:42:40.231184", "where": "spotify:albums", "level": "info", "message": "Fetched 20 albums", "data": null}
{"event_time": "2025-10-02T22:42:40.663299", "where": "spotify:albums", "level": "info", "message": "Fetched 6 albums", "data": null}
{"event_time": "2025-10-02T22:42:41.174420", "where": "spotify:tracks", "level": "info", "message": "Fetched 50 tracks", "data": null}
{"event_time": "2025-10-02T22:42:42.319450", "where": "spotify:albums", "level": "info", "message": "Fetched 20 albums", "data": null}
{"event_time": "2025-10-02T22:42:43.024993", "where": "spotify:albums", "level": "info", "message": "Fetched 20 albums", "data": null}
{"event_time": "2025-10-02T22:42:43.638356", "where": "spotify:albums", "level": "info", "message": "Fetched 9 albums", "data": null}
{"event_time": "2025-10-02T22:42:44.185879", "where": "spotify:tracks", "level": "info", "message": "Fetched 50 tracks", "data": null}
{"event_time": "2025-10-02T22:42:44.460793", "where": "spotify:tracks", "level": "info", "message": "Fetched 1 tracks", "data": null}
{"event_time": "2025-10-02T22:42:45.271238", "where": "spotify:albums", "level": "info", "message": "Fetched 20 albums", "data": null}
{"event_time": "2025-10-02T22:42:46.203619", "where": "spotify:albums", "level": "info", "message": "Fetched 20 albums", "data": null}
{"event_time": "2025-10-02T22:42:46.806882", "where": "spotify:albums", "level": "info", "message": "Fetched 9 albums", "data": null}
{"event_time": "2025-10-02T22:42:47.218298", "where": "spotify:tracks", "level": "info", "message": "Fetched 50 tracks", "data": null}
{"event_time": "2025-10-02T22:42:47.979148", "where": "spotify:albums", "level": "info", "message": "Fetched 20 albums", "data": null}
{"event_time": "2025-10-02T22:42:48.978377", "where": "spotify:albums", "level": "info", "message": "Fetched 20 albums", "data": null}
{"event_time": "2025-10-02T22:42:49.514901", "where": "spotify:albums", "level": "info", "message": "Fetched 10 albums", "data": null}
{"event_time": "2025-10-02T22:42:49.882989", "where": "spotify:tracks", "level": "info", "message": "Fetched 50 tracks", "data": null}
{"event_time": "2025-10-02T22:42:50.918250", "where": "spotify:albums", "level": "info", "message": "Fetched 20 albums", "data": null}
{"event_time": "2025-10-02T22:42:51.838406", "where": "spotify:albums", "level": "info", "message": "Fetched 20 albums", "data": null}
{"event_time": "2025-10-02T22:42:52.211013", "where": "spotify:albums", "level": "info", "message": "Fetched 9 albums", "data": null}
{"event_time": "2025-10-02T22:42:52.707542", "where": "spotify:tracks", "level": "info", "message": "Fetched 50 tracks", "data": null}
{"event_time": "2025-10-02T22:42:53.580315", "where": "spotify:albums", "level": "info", "message": "Fetched 20 albums", "data": null}
{"event_time": "2025-10-02T22:42:54.494886", "where": "spotify:albums", "level": "info", "message": "Fetched 20 albums", "data": null}
{"event_time": "2025-10-02T22:42:55.104760", "where": "spotify:albums", "level": "info", "message": "Fetched 10 albums", "data": null}
{"event_time": "2025-10-02T22:42:55.612785", "where": "spotify:tracks", "level": "info", "message": "Fetched 50 tracks", "data": null}
{"event_time": "2025-10-02T22:42:56.466367", "where": "spotify:albums", "level": "info", "message": "Fetched 20 albums", "data": null}
{"event_time": "2025-10-02T22:42:57.560450", "where": "spotify:albums", "level": "info", "message": "Fetched 20 albums", "data": null}
{"event_time": "2025-10-02T22:42:58.056348", "where": "spotify:albums", "level": "info", "message": "Fetched 9 albums", "data": null}
{"event_time": "2025-10-02T22:42:58.591249", "where": "spotify:tracks", "level": "info", "message": "Fetched 49 tracks", "data": null}
{"event_time": "2025-10-02T22:42:59.865810", "where": "spotify:albums", "level": "info", "message": "Fetched 20 albums", "data": null}
{"event_time": "2025-10-02T22:43:00.859000", "where": "spotify:albums", "level": "info", "message": "Fetched 20 albums", "data": null}
{"event_time": "2025-10-02T22:43:01.299708", "where": "spotify:albums", "level": "info", "message": "Fetched 8 albums", "data": null}
{"event_time": "2025-10-02T22:43:01.794513", "where": "spotify:tracks", "level": "info", "message": "Fetched 50 tracks", "data": null}
{"event_time": "2025-10-02T22:43:01.985516", "where": "spotify:tracks", "level": "info", "message": "Fetched 1 tracks", "data": null}
{"event_time": "2025-10-02T22:43:02.596759", "where": "spotify:albums", "level": "info", "message": "Fetched 20 albums", "data": null}
{"event_time": "2025-10-02T22:43:04.038561", "where": "spotify:albums", "level": "info", "message": "Fetched 20 albums", "data": null}
{"event_time": "2025-10-02T22:43:04.521544", "where": "spotify:albums", "level": "info", "message": "Fetched 9 albums", "data": null}
{"event_time": "2025-10-02T22:43:04.887276", "where": "spotify:tracks", "level": "info", "message": "Fetched 50 tracks", "data": null}
{"event_time": "2025-10-02T22:43:05.170964", "where": "spotify:tracks", "level": "info", "message": "Fetched 1 tracks", "data": null}
{"event_time": "2025-10-02T22:43:06.184759", "where": "spotify:albums", "level": "info", "message": "Fetched 20 albums", "data": null}
{"event_time": "2025-10-02T22:43:07.234087", "where": "spotify:albums", "level": "info", "message": "Fetched 20 albums", "data": null}
{"event_time": "2025-10-02T22:43:07.900435", "where": "spotify:albums", "level": "info", "message": "Fetched 7 albums", "data": null}
{"event_time": "2025-10-02T22:43:08.311449", "where": "spotify:tracks", "level": "info", "message": "Fetched 50 tracks", "data": null}
{"event_time": "2025-10-02T22:43:09.202613", "where": "spotify:albums", "level": "info", "message": "Fetched 20 albums", "data": null}
{"event_time": "2025-10-02T22:43:09.793442", "where": "spotify:albums", "level": "info", "message": "Fetched 20 albums", "data": null}
{"event_time": "2025-10-02T22:43:10.372999", "where": "spotify:albums", "level": "info", "message": "Fetched 7 albums", "data": null}
{"event_time": "2025-10-02T22:43:10.736030", "where": "spotify:tracks", "level": "info", "message": "Fetched 50 tracks", "data": null}
{"event_time": "2025-10-02T22:43:11.503793", "where": "spotify:albums", "level": "info", "message": "Fetched 20 albums", "data": null}
{"event_time": "2025-10-02T22:43:12.254733", "where": "spotify:albums", "level": "info", "message": "Fetched 20 albums", "data": null}
{"event_time": "2025-10-02T22:43:12.654385", "where": "spotify:albums", "level": "info", "message": "Fetched 10 albums", "data": null}
{"event_time": "2025-10-02T22:43:13.188128", "where": "spotify:tracks", "level": "info", "message": "Fetched 50 tracks", "data": null}
{"event_time": "2025-10-02T22:43:13.433838", "where": "spotify:tracks", "level": "info", "message": "Fetched 1 tracks", "data": null}
{"event_time": "2025-10-02T22:43:14.379025", "where": "spotify:albums", "level": "info", "message": "Fetched 20 albums", "data": null}
{"event_time": "2025-10-02T22:43:15.706381", "where": "spotify:albums", "level": "info", "message": "Fetched 20 albums", "data": null}
{"event_time": "2025-10-02T22:43:16.249860", "where": "spotify:albums", "level": "info", "message": "Fetched 7 albums", "data": null}
{"event_time": "2025-10-02T22:43:16.804822", "where": "spotify:tracks", "level": "info", "message": "Fetched 50 tracks", "data": null}
{"event_time": "2025-10-02T22:43:17.949688", "where": "spotify:albums", "level": "info", "message": "Fetched 20 albums", "data": null}
{"event_time": "2025-10-02T22:43:19.076216", "where": "spotify:albums", "level": "info", "message": "Fetched 20 albums", "data": null}
{"event_time": "2025-10-02T22:43:19.577945", "where": "spotify:albums", "level": "info", "message": "Fetched 7 albums", "data": null}
{"event_time": "2025-10-02T22:43:19.944898", "where": "spotify:tracks", "level": "info", "message": "Fetched 50 tracks", "data": null}
{"event_time": "2025-10-02T22:43:21.131135", "where": "spotify:albums", "level": "info", "message": "Fetched 20 albums", "data": null}
{"event_time": "2025-10-02T22:43:21.952278", "where": "spotify:albums", "level": "info", "message": "Fetched 20 albums", "data": null}
{"event_time": "2025-10-02T22:43:22.279547", "where": "spotify:albums", "level": "info", "message": "Fetched 5 albums", "data": null}
{"event_time": "2025-10-02T22:43:22.841467", "where": "spotify:tracks", "level": "info", "message": "Fetched 49 tracks", "data": null}
{"event_time": "2025-10-02T22:43:23.777519", "where": "spotify:albums", "level": "info", "message": "Fetched 20 albums", "data": null}
{"event_time": "2025-10-02T22:43:25.195636", "where": "spotify:albums", "level": "info", "message": "Fetched 20 albums", "data": null}
{"event_time": "2025-10-02T22:43:25.725411", "where": "spotify:albums", "level": "info", "message": "Fetched 9 albums", "data": null}
{"event_time": "2025-10-02T22:43:26.189861", "where": "spotify:tracks", "level": "info", "message": "Fetched 50 tracks", "data": null}
{"event_time": "2025-10-02T22:43:27.694361", "where": "spotify:albums", "level": "info", "message": "Fetched 20 albums", "data": null}
{"event_time": "2025-10-02T22:43:28.815965", "where": "spotify:albums", "level": "info", "message": "Fetched 20 albums", "data": null}
{"event_time": "2025-10-02T22:43:29.514012", "where": "spotify:albums", "level": "info", "message": "Fetched 10 albums", "data": null}
{"event_time": "2025-10-02T22:43:29.947878", "where": "spotify:tracks", "level": "info", "message": "Fetched 50 tracks", "data": null}
{"event_time": "2025-10-02T22:43:31.359224", "where": "spotify:albums", "level": "info", "message": "Fetched 20 albums", "data": null}
{"event_time": "2025-10-02T22:43:32.733519", "where": "spotify:albums", "level": "info", "message": "Fetched 20 albums", "data": null}
{"event_time": "2025-10-02T22:43:33.248676", "where": "spotify:albums", "level": "info", "message": "Fetched 5 albums", "data": null}
{"event_time": "2025-10-02T22:43:33.620948", "where": "spotify:tracks", "level": "info", "message": "Fetched 49 tracks", "data": null}
{"event_time": "2025-10-02T22:43:36.175696", "where": "spotify:albums", "level": "info", "message": "Fetched 20 albums", "data": null}
{"event_time": "2025-10-02T22:43:37.198505", "where": "spotify:albums", "level": "info", "message": "Fetched 20 albums", "data": null}
{"event_time": "2025-10-02T22:43:37.809940", "where": "spotify:albums", "level": "info", "message": "Fetched 8 albums", "data": null}
{"event_time": "2025-10-02T22:43:38.190112", "where": "spotify:tracks", "level": "info", "message": "Fetched 50 tracks", "data": null}
{"event_time": "2025-10-02T22:43:38.945075", "where": "spotify:albums", "level": "info", "message": "Fetched 20 albums", "data": null}
{"event_time": "2025-10-02T22:43:39.853879", "where": "spotify:albums", "level": "info", "message": "Fetched 20 albums", "data": null}
{"event_time": "2025-10-02T22:43:40.265778", "where": "spotify:albums", "level": "info", "message": "Fetched 8 albums", "data": null}
{"event_time": "2025-10-02T22:43:40.768343", "where": "spotify:tracks", "level": "info", "message": "Fetched 50 tracks", "data": null}
{"event_time": "2025-10-02T22:43:41.435735", "where": "spotify:albums", "level": "info", "message": "Fetched 20 albums", "data": null}
{"event_time": "2025-10-02T22:43:42.258727", "where": "spotify:albums", "level": "info", "message": "Fetched 20 albums", "data": null}
{"event_time": "2025-10-02T22:43:42.818752", "where": "spotify:albums", "level": "info", "message": "Fetched 8 albums", "data": null}
{"event_time": "2025-10-02T22:43:43.175207", "where": "spotify:tracks", "level": "info", "message": "Fetched 50 tracks", "data": null}
{"event_time": "2025-10-02T22:43:44.071211", "where": "spotify:albums", "level": "info", "message": "Fetched 20 albums", "data": null}
{"event_time": "2025-10-02T22:43:44.883502", "where": "spotify:albums", "level": "info", "message": "Fetched 20 albums", "data": null}
{"event_time": "2025-10-02T22:43:45.610402", "where": "spotify:albums", "level": "info", "message": "Fetched 8 albums", "data": null}
{"event_time": "2025-10-02T22:43:45.974211", "where": "spotify:tracks", "level": "info", "message": "Fetched 50 tracks", "data": null}
{"event_time": "2025-10-02T22:43:46.939462", "where": "spotify:albums", "level": "info", "message": "Fetched 20 albums", "data": null}
{"event_time": "2025-10-02T22:43:48.165365", "where": "spotify:albums", "level": "info", "message": "Fetched 20 albums", "data": null}
{"event_time": "2025-10-02T22:43:48.656507", "where": "spotify:albums", "level": "info", "message": "Fetched 10 albums", "data": null}
{"event_time": "2025-10-02T22:43:49.023541", "where": "spotify:tracks", "level": "info", "message": "Fetched 38 tracks", "data": null}
{"event_time": "2025-10-02T22:43:49.903772", "where": "spotify:albums", "level": "info", "message": "Fetched 20 albums", "data": null}
{"event_time": "2025-10-02T22:43:50.587844", "where": "spotify:albums", "level": "info", "message": "Fetched 18 albums", "data": null}
{"event_time": "2025-10-02T22:43:51.422145", "where": "spotify:artists", "level": "info", "message": "Fetched 1 artists", "data": null}
{"event_time": "2025-10-02T22:43:52.829669", "where": "spotify:artists", "level": "info", "message": "Fetched 50 artists", "data": null}
{"event_time": "2025-10-02T22:44:00.858499", "where": "spotify:artists", "level": "info", "message": "Fetched 50 artists", "data": null}
{"event_time": "2025-10-02T22:44:12.446609", "where": "spotify:artists", "level": "info", "message": "Fetched 50 artists", "data": null}
{"event_time": "2025-10-02T22:44:23.096390", "where": "spotify:artists", "level": "info", "message": "Fetched 50 artists", "data": null}
{"event_time": "2025-10-02T22:44:30.241532", "where": "spotify:artists", "level": "info", "message": "Fetched 50 artists", "data": null}
{"event_time": "2025-10-02T22:44:42.297045", "where": "spotify:artists", "level": "info", "message": "Fetched 50 artists", "data": null}
{"event_time": "2025-10-02T22:44:59.950838", "where": "spotify:artists", "level": "info", "message": "Fetched 50 artists", "data": null}
{"event_time": "2025-10-02T22:45:08.924486", "where": "spotify:shows", "level": "info", "message": "Fetched 5 shows", "data": null}
{"event_time": "2025-10-02T22:45:09.366191", "where": "spotify:shows", "level": "info", "message": "Fetched 2 shows", "data": null}
{"event_time": "2025-10-02T22:45:12.017164", "where": "spotify:audiobooks", "level": "info", "message": "Fetched 5 audiobooks", "data": null}
{"event_time": "2025-10-02T22:45:12.938296", "where": "spotify:artists", "level": "info", "message": "Fetched 50 artists", "data": null}
{"event_time": "2025-10-02T22:45:21.942462", "where": "spotify:artists", "level": "info", "message": "Fetched 50 artists", "data": null}
{"event_time": "2025-10-02T22:45:38.630288", "where": "spotify:artists", "level": "info", "message": "Fetched 50 artists", "data": null}
{"event_time": "2025-10-02T22:45:55.937211", "where": "spotify:artists", "level": "info", "message": "Fetched 50 artists", "data": null}
{"event_time": "2025-10-02T22:46:08.859371", "where": "spotify:artists", "level": "info", "message": "Fetched 50 artists", "data": null}
{"event_time": "2025-10-02T22:46:20.384562", "where": "spotify:artists", "level": "info", "message": "Fetched 50 artists", "data": null}
{"event_time": "2025-10-02T22:46:41.412868", "where": "spotify:artists", "level": "info", "message": "Fetched 50 artists", "data": null}
{"event_time": "2025-10-02T22:47:36.086036", "where": "spotify:artists", "level": "info", "message": "Fetched 50 artists", "data": null}
{"event_time": "2025-10-02T22:47:42.311966", "where": "spotify:artists", "level": "info", "message": "Fetched 50 artists", "data": null}
{"event_time": "2025-10-02T22:47:57.075146", "where": "spotify:artists", "level": "info", "message": "Fetched 50 artists", "data": null}
{"event_time": "2025-10-02T22:48:11.263867", "where": "spotify:artists", "level": "info", "message": "Fetched 50 artists", "data": null}
{"event_time": "2025-10-02T22:48:20.123873", "where": "spotify:artists", "level": "info", "message": "Fetched 50 artists", "data": null}
{"event_time": "2025-10-02T22:48:29.482824", "where": "spotify:artists", "level": "info", "message": "Fetched 50 artists", "data": null}
{"event_time": "2025-10-02T22:48:46.849702", "where": "spotify:artists", "level": "info", "message": "Fetched 50 artists", "data": null}
{"event_time": "2025-10-02T22:48:59.188111", "where": "spotify:artists", "level": "info", "message": "Fetched 50 artists", "data": null}
{"event_time": "2025-10-02T22:49:11.334134", "where": "spotify:artists", "level": "info", "message": "Fetched 50 artists", "data": null}
{"event_time": "2025-10-02T22:49:32.364091", "where": "spotify:artists", "level": "info", "message": "Fetched 50 artists", "data": null}
{"event_time": "2025-10-02T22:49:49.531931", "where": "spotify:artists", "level": "info", "message": "Fetched 50 artists", "data": null}
{"event_time": "2025-10-02T22:49:57.740005", "where": "spotify:artists", "level": "info", "message": "Fetched 50 artists", "data": null}
{"event_time": "2025-10-02T22:50:04.944989", "where": "spotify:artists", "level": "info", "message": "Fetched 50 artists", "data": null}
{"event_time": "2025-10-02T22:50:20.356085", "where": "spotify:artists", "level": "info", "message": "Fetched 50 artists", "data": null}
{"event_time": "2025-10-02T22:50:38.014637", "where": "spotify:artists", "level": "info", "message": "Fetched 50 artists", "data": null}
{"event_time": "2025-10-02T22:50:50.803436", "where": "spotify:artists", "level": "info", "message": "Fetched 50 artists", "data": null}
{"event_time": "2025-10-02T22:51:01.393978", "where": "spotify:artists", "level": "info", "message": "Fetched 50 artists", "data": null}
{"event_time": "2025-10-02T22:51:21.470710", "where": "spotify:artists", "level": "info", "message": "Fetched 50 artists", "data": null}
{"event_time": "2025-10-02T22:51:42.788980", "where": "spotify:artists", "level": "info", "message": "Fetched 50 artists", "data": null}
{"event_time": "2025-10-02T22:51:54.478104", "where": "spotify:artists", "level": "info", "message": "Fetched 50 artists", "data": null}
{"event_time": "2025-10-02T22:52:04.637049", "where": "spotify:artists", "level": "info", "message": "Fetched 50 artists", "data": null}
{"event_time": "2025-10-02T22:52:13.903816", "where": "spotify:artists", "level": "info", "message": "Fetched 50 artists", "data": null}
{"event_time": "2025-10-02T22:52:30.401087", "where": "spotify:artists", "level": "info", "message": "Fetched 50 artists", "data": null}
{"event_time": "2025-10-02T22:52:46.987097", "where": "spotify:artists", "level": "info", "message": "Fetched 50 artists", "data": null}
{"event_time": "2025-10-02T22:52:59.191953", "where": "spotify:artists", "level": "info", "message": "Fetched 50 artists", "data": null}
{"event_time": "2025-10-02T22:53:12.257049", "where": "spotify:artists", "level": "info", "message": "Fetched 50 artists", "data": null}
{"event_time": "2025-10-02T22:53:23.396561", "where": "spotify:artists", "level": "info", "message": "Fetched 50 artists", "data": null}
{"event_time": "2025-10-02T22:53:36.038057", "where": "spotify:artists", "level": "info", "message": "Fetched 50 artists", "data": null}
{"event_time": "2025-10-02T22:53:49.951651", "where": "spotify:artists", "level": "info", "message": "Fetched 50 artists", "data": null}
{"event_time": "2025-10-02T22:53:57.054285", "where": "spotify:artists", "level": "info", "message": "Fetched 50 artists", "data": null}
{"event_time": "2025-10-02T22:54:16.699086", "where": "spotify:artists", "level": "info", "message": "Fetched 50 artists", "data": null}
{"event_time": "2025-10-02T22:54:33.617881", "where": "spotify:artists", "level": "info", "message": "Fetched 50 artists", "data": null}
{"event_time": "2025-10-02T22:54:42.899189", "where": "spotify:artists", "level": "info", "message": "Fetched 50 artists", "data": null}
{"event_time": "2025-10-02T22:54:59.977889", "where": "spotify:artists", "level": "info", "message": "Fetched 50 artists", "data": null}
{"event_time": "2025-10-02T22:55:14.432061", "where": "spotify:artists", "level": "info", "message": "Fetched 50 artists", "data": null}
{"event_time": "2025-10-02T22:55:27.863341", "where": "spotify:artists", "level": "info", "message": "Fetched 50 artists", "data": null}
{"event_time": "2025-10-02T22:55:44.523165", "where": "spotify:artists", "level": "info", "message": "Fetched 50 artists", "data": null}
{"event_time": "2025-10-02T22:55:57.107722", "where": "spotify:artists", "level": "info", "message": "Fetched 50 artists", "data": null}
{"event_time": "2025-10-02T22:56:09.179209", "where": "spotify:artists", "level": "info", "message": "Fetched 50 artists", "data": null}
{"event_time": "2025-10-02T22:56:24.736261", "where": "spotify:artists", "level": "info", "message": "Fetched 50 artists", "data": null}
{"event_time": "2025-10-02T22:56:45.933718", "where": "spotify:artists", "level": "info", "message": "Fetched 50 artists", "data": null}
{"event_time": "2025-10-02T22:56:55.622463", "where": "spotify:artists", "level": "info", "message": "Fetched 50 artists", "data": null}
{"event_time": "2025-10-03T11:54:29.969811", "where": "sanity", "level": "info", "message": "Starting spotify_sanity_check", "data": null}
{"event_time": "2025-10-03T11:54:30.410565", "where": "sanity", "level": "info", "message": "spotify_sanity_check result: ok=True, msg=ok", "data": null}
{"event_time": "2025-10-03T11:54:30.411314", "where": "sanity", "level": "info", "message": "Starting discogs_sanity_check", "data": null}
{"event_time": "2025-10-03T11:54:30.760331", "where": "sanity", "level": "info", "message": "discogs_sanity_check result: ok=True, msg=ok", "data": null}
{"event_time": "2025-10-03T11:54:30.798008", "where": "enrichment", "level": "info", "message": "Starting run_all()", "data": null}
{"event_time": "2025-10-03T11:54:55.083455", "where": "spotify:shows", "level": "info", "message": "Fetched 9 shows", "data": null}
{"event_time": "2025-10-03T11:55:00.448063", "where": "spotify:audiobooks", "level": "info", "message": "Fetched 10 audiobooks", "data": null}
{"event_time": "2025-10-03T11:55:03.505569", "where": "spotify:shows", "level": "info", "message": "Fetched 18 shows", "data": null}
{"event_time": "2025-10-03T11:55:05.547838", "where": "spotify:audiobooks", "level": "info", "message": "Fetched 3 audiobooks", "data": null}
{"event_time": "2025-10-03T11:55:06.378461", "where": "spotify:tracks", "level": "info", "message": "Fetched 50 tracks", "data": null}
{"event_time": "2025-10-03T11:55:07.546321", "where": "spotify:albums", "level": "info", "message": "Fetched 20 albums", "data": null}
{"event_time": "2025-10-03T11:55:08.467191", "where": "spotify:albums", "level": "info", "message": "Fetched 20 albums", "data": null}
{"event_time": "2025-10-03T11:55:09.033633", "where": "spotify:albums", "level": "info", "message": "Fetched 8 albums", "data": null}
{"event_time": "2025-10-03T11:55:09.469369", "where": "spotify:tracks", "level": "info", "message": "Fetched 50 tracks", "data": null}
{"event_time": "2025-10-03T11:55:10.570583", "where": "spotify:albums", "level": "info", "message": "Fetched 20 albums", "data": null}
{"event_time": "2025-10-03T11:55:11.471639", "where": "spotify:albums", "level": "info", "message": "Fetched 20 albums", "data": null}
{"event_time": "2025-10-03T11:55:12.321059", "where": "spotify:albums", "level": "info", "message": "Fetched 10 albums", "data": null}
{"event_time": "2025-10-03T11:55:12.976792", "where": "spotify:tracks", "level": "info", "message": "Fetched 50 tracks", "data": null}
{"event_time": "2025-10-03T11:55:14.157017", "where": "spotify:albums", "level": "info", "message": "Fetched 20 albums", "data": null}
{"event_time": "2025-10-03T11:55:15.082766", "where": "spotify:albums", "level": "info", "message": "Fetched 20 albums", "data": null}
{"event_time": "2025-10-03T11:55:16.055282", "where": "spotify:albums", "level": "info", "message": "Fetched 10 albums", "data": null}
{"event_time": "2025-10-03T11:55:16.607236", "where": "spotify:tracks", "level": "info", "message": "Fetched 50 tracks", "data": null}
{"event_time": "2025-10-03T11:55:17.583477", "where": "spotify:albums", "level": "info", "message": "Fetched 20 albums", "data": null}
{"event_time": "2025-10-03T11:55:18.800489", "where": "spotify:albums", "level": "info", "message": "Fetched 20 albums", "data": null}
{"event_time": "2025-10-03T11:55:19.445717", "where": "spotify:albums", "level": "info", "message": "Fetched 9 albums", "data": null}
{"event_time": "2025-10-03T11:55:19.975787", "where": "spotify:tracks", "level": "info", "message": "Fetched 50 tracks", "data": null}
{"event_time": "2025-10-03T11:55:20.204161", "where": "spotify:tracks", "level": "info", "message": "Fetched 2 tracks", "data": null}
{"event_time": "2025-10-03T11:55:21.464777", "where": "spotify:albums", "level": "info", "message": "Fetched 20 albums", "data": null}
{"event_time": "2025-10-03T11:55:22.466753", "where": "spotify:albums", "level": "info", "message": "Fetched 20 albums", "data": null}
{"event_time": "2025-10-03T11:55:22.830470", "where": "spotify:albums", "level": "info", "message": "Fetched 3 albums", "data": null}
{"event_time": "2025-10-03T11:55:23.458062", "where": "spotify:tracks", "level": "info", "message": "Fetched 50 tracks", "data": null}
{"event_time": "2025-10-03T11:55:23.662141", "where": "spotify:tracks", "level": "info", "message": "Fetched 1 tracks", "data": null}
{"event_time": "2025-10-03T11:55:24.599142", "where": "spotify:albums", "level": "info", "message": "Fetched 20 albums", "data": null}
{"event_time": "2025-10-03T11:55:25.920015", "where": "spotify:albums", "level": "info", "message": "Fetched 20 albums", "data": null}
{"event_time": "2025-10-03T11:55:26.513988", "where": "spotify:albums", "level": "info", "message": "Fetched 7 albums", "data": null}
{"event_time": "2025-10-03T11:55:27.005976", "where": "spotify:tracks", "level": "info", "message": "Fetched 49 tracks", "data": null}
{"event_time": "2025-10-03T11:55:28.395960", "where": "spotify:albums", "level": "info", "message": "Fetched 20 albums", "data": null}
{"event_time": "2025-10-03T11:55:29.477115", "where": "spotify:albums", "level": "info", "message": "Fetched 20 albums", "data": null}
{"event_time": "2025-10-03T11:55:29.922897", "where": "spotify:albums", "level": "info", "message": "Fetched 8 albums", "data": null}
{"event_time": "2025-10-03T11:55:30.526154", "where": "spotify:tracks", "level": "info", "message": "Fetched 50 tracks", "data": null}
{"event_time": "2025-10-03T11:55:31.471735", "where": "spotify:albums", "level": "info", "message": "Fetched 20 albums", "data": null}
{"event_time": "2025-10-03T11:55:32.623203", "where": "spotify:albums", "level": "info", "message": "Fetched 20 albums", "data": null}
{"event_time": "2025-10-03T11:55:33.403795", "where": "spotify:albums", "level": "info", "message": "Fetched 10 albums", "data": null}
{"event_time": "2025-10-03T11:55:33.826581", "where": "spotify:tracks", "level": "info", "message": "Fetched 50 tracks", "data": null}
{"event_time": "2025-10-03T11:55:34.829074", "where": "spotify:albums", "level": "info", "message": "Fetched 20 albums", "data": null}
{"event_time": "2025-10-03T11:55:36.017878", "where": "spotify:albums", "level": "info", "message": "Fetched 20 albums", "data": null}
{"event_time": "2025-10-03T11:55:36.767635", "where": "spotify:albums", "level": "info", "message": "Fetched 10 albums", "data": null}
{"event_time": "2025-10-03T11:55:37.287008", "where": "spotify:tracks", "level": "info", "message": "Fetched 50 tracks", "data": null}
{"event_time": "2025-10-03T11:55:38.199967", "where": "spotify:albums", "level": "info", "message": "Fetched 20 albums", "data": null}
{"event_time": "2025-10-03T11:55:39.362703", "where": "spotify:albums", "level": "info", "message": "Fetched 20 albums", "data": null}
{"event_time": "2025-10-03T11:55:39.992188", "where": "spotify:albums", "level": "info", "message": "Fetched 8 albums", "data": null}
{"event_time": "2025-10-03T11:55:40.413863", "where": "spotify:tracks", "level": "info", "message": "Fetched 50 tracks", "data": null}
{"event_time": "2025-10-03T11:55:40.739020", "where": "spotify:tracks", "level": "info", "message": "Fetched 1 tracks", "data": null}
{"event_time": "2025-10-03T11:55:41.833433", "where": "spotify:albums", "level": "info", "message": "Fetched 20 albums", "data": null}
{"event_time": "2025-10-03T11:55:42.630299", "where": "spotify:albums", "level": "info", "message": "Fetched 20 albums", "data": null}
{"event_time": "2025-10-03T11:55:43.013730", "where": "spotify:albums", "level": "info", "message": "Fetched 8 albums", "data": null}
{"event_time": "2025-10-03T11:55:43.483942", "where": "spotify:tracks", "level": "info", "message": "Fetched 50 tracks", "data": null}
{"event_time": "2025-10-03T11:55:44.464151", "where": "spotify:albums", "level": "info", "message": "Fetched 20 albums", "data": null}
{"event_time": "2025-10-03T11:55:44.991950", "where": "spotify:albums", "level": "info", "message": "Fetched 9 albums", "data": null}
{"event_time": "2025-10-03T11:55:45.503253", "where": "spotify:tracks", "level": "info", "message": "Fetched 50 tracks", "data": null}
{"event_time": "2025-10-03T11:55:46.752592", "where": "spotify:albums", "level": "info", "message": "Fetched 20 albums", "data": null}
{"event_time": "2025-10-03T11:55:47.805041", "where": "spotify:albums", "level": "info", "message": "Fetched 20 albums", "data": null}
{"event_time": "2025-10-03T11:55:48.430108", "where": "spotify:albums", "level": "info", "message": "Fetched 9 albums", "data": null}
{"event_time": "2025-10-03T11:55:48.844714", "where": "spotify:tracks", "level": "info", "message": "Fetched 50 tracks", "data": null}
{"event_time": "2025-10-03T11:55:49.906005", "where": "spotify:albums", "level": "info", "message": "Fetched 20 albums", "data": null}
{"event_time": "2025-10-03T11:55:51.031644", "where": "spotify:albums", "level": "info", "message": "Fetched 20 albums", "data": null}
{"event_time": "2025-10-03T11:55:51.544518", "where": "spotify:albums", "level": "info", "message": "Fetched 9 albums", "data": null}
{"event_time": "2025-10-03T11:55:51.984385", "where": "spotify:tracks", "level": "info", "message": "Fetched 49 tracks", "data": null}
{"event_time": "2025-10-03T11:55:53.209871", "where": "spotify:albums", "level": "info", "message": "Fetched 20 albums", "data": null}
{"event_time": "2025-10-03T11:55:54.205835", "where": "spotify:albums", "level": "info", "message": "Fetched 20 albums", "data": null}
{"event_time": "2025-10-03T11:55:54.785645", "where": "spotify:albums", "level": "info", "message": "Fetched 9 albums", "data": null}
{"event_time": "2025-10-03T11:55:55.291517", "where": "spotify:tracks", "level": "info", "message": "Fetched 50 tracks", "data": null}
{"event_time": "2025-10-03T11:55:55.510422", "where": "spotify:tracks", "level": "info", "message": "Fetched 1 tracks", "data": null}
{"event_time": "2025-10-03T11:55:56.787834", "where": "spotify:albums", "level": "info", "message": "Fetched 20 albums", "data": null}
{"event_time": "2025-10-03T11:55:57.827069", "where": "spotify:albums", "level": "info", "message": "Fetched 20 albums", "data": null}
{"event_time": "2025-10-03T11:55:58.372051", "where": "spotify:albums", "level": "info", "message": "Fetched 8 albums", "data": null}
{"event_time": "2025-10-03T11:55:58.880857", "where": "spotify:tracks", "level": "info", "message": "Fetched 50 tracks", "data": null}
{"event_time": "2025-10-03T11:55:59.851639", "where": "spotify:albums", "level": "info", "message": "Fetched 20 albums", "data": null}
{"event_time": "2025-10-03T11:56:01.026741", "where": "spotify:albums", "level": "info", "message": "Fetched 20 albums", "data": null}
{"event_time": "2025-10-03T11:56:01.490172", "where": "spotify:albums", "level": "info", "message": "Fetched 9 albums", "data": null}
{"event_time": "2025-10-03T11:56:01.950994", "where": "spotify:tracks", "level": "info", "message": "Fetched 50 tracks", "data": null}
{"event_time": "2025-10-03T11:56:02.796116", "where": "spotify:albums", "level": "info", "message": "Fetched 20 albums", "data": null}
{"event_time": "2025-10-03T11:56:03.813983", "where": "spotify:albums", "level": "info", "message": "Fetched 20 albums", "data": null}
{"event_time": "2025-10-03T11:56:04.615954", "where": "spotify:albums", "level": "info", "message": "Fetched 10 albums", "data": null}
{"event_time": "2025-10-03T11:56:05.083436", "where": "spotify:tracks", "level": "info", "message": "Fetched 50 tracks", "data": null}
{"event_time": "2025-10-03T11:56:05.854280", "where": "spotify:albums", "level": "info", "message": "Fetched 20 albums", "data": null}
{"event_time": "2025-10-03T11:56:06.785033", "where": "spotify:albums", "level": "info", "message": "Fetched 20 albums", "data": null}
{"event_time": "2025-10-03T11:56:07.231186", "where": "spotify:albums", "level": "info", "message": "Fetched 7 albums", "data": null}
{"event_time": "2025-10-03T11:56:07.723464", "where": "spotify:tracks", "level": "info", "message": "Fetched 50 tracks", "data": null}
{"event_time": "2025-10-03T11:56:07.926317", "where": "spotify:tracks", "level": "info", "message": "Fetched 1 tracks", "data": null}
{"event_time": "2025-10-03T11:56:09.033087", "where": "spotify:albums", "level": "info", "message": "Fetched 20 albums", "data": null}
{"event_time": "2025-10-03T11:56:09.944651", "where": "spotify:albums", "level": "info", "message": "Fetched 20 albums", "data": null}
{"event_time": "2025-10-03T11:56:10.793031", "where": "spotify:albums", "level": "info", "message": "Fetched 9 albums", "data": null}
{"event_time": "2025-10-03T11:56:11.369655", "where": "spotify:tracks", "level": "info", "message": "Fetched 50 tracks", "data": null}
{"event_time": "2025-10-03T11:56:12.406354", "where": "spotify:albums", "level": "info", "message": "Fetched 20 albums", "data": null}
{"event_time": "2025-10-03T11:56:13.752795", "where": "spotify:albums", "level": "info", "message": "Fetched 20 albums", "data": null}
{"event_time": "2025-10-03T11:56:14.550205", "where": "spotify:albums", "level": "info", "message": "Fetched 9 albums", "data": null}
{"event_time": "2025-10-03T11:56:15.048966", "where": "spotify:tracks", "level": "info", "message": "Fetched 50 tracks", "data": null}
{"event_time": "2025-10-03T11:56:16.226211", "where": "spotify:albums", "level": "info", "message": "Fetched 20 albums", "data": null}
{"event_time": "2025-10-03T11:56:17.241660", "where": "spotify:albums", "level": "info", "message": "Fetched 20 albums", "data": null}
{"event_time": "2025-10-03T11:56:17.695308", "where": "spotify:albums", "level": "info", "message": "Fetched 6 albums", "data": null}
{"event_time": "2025-10-03T11:56:18.224144", "where": "spotify:tracks", "level": "info", "message": "Fetched 50 tracks", "data": null}
{"event_time": "2025-10-03T11:56:19.058244", "where": "spotify:albums", "level": "info", "message": "Fetched 20 albums", "data": null}
{"event_time": "2025-10-03T11:56:20.005214", "where": "spotify:albums", "level": "info", "message": "Fetched 20 albums", "data": null}
{"event_time": "2025-10-03T11:56:20.494112", "where": "spotify:albums", "level": "info", "message": "Fetched 9 albums", "data": null}
{"event_time": "2025-10-03T11:56:20.990615", "where": "spotify:tracks", "level": "info", "message": "Fetched 50 tracks", "data": null}
{"event_time": "2025-10-03T11:56:21.929653", "where": "spotify:albums", "level": "info", "message": "Fetched 20 albums", "data": null}
{"event_time": "2025-10-03T11:56:22.882990", "where": "spotify:albums", "level": "info", "message": "Fetched 20 albums", "data": null}
{"event_time": "2025-10-03T11:56:23.323086", "where": "spotify:albums", "level": "info", "message": "Fetched 7 albums", "data": null}
{"event_time": "2025-10-03T11:56:23.969501", "where": "spotify:tracks", "level": "info", "message": "Fetched 50 tracks", "data": null}
{"event_time": "2025-10-03T11:56:25.226809", "where": "spotify:albums", "level": "info", "message": "Fetched 20 albums", "data": null}
{"event_time": "2025-10-03T11:56:26.129623", "where": "spotify:albums", "level": "info", "message": "Fetched 20 albums", "data": null}
{"event_time": "2025-10-03T11:56:26.827795", "where": "spotify:albums", "level": "info", "message": "Fetched 7 albums", "data": null}
{"event_time": "2025-10-03T11:56:27.441570", "where": "spotify:tracks", "level": "info", "message": "Fetched 50 tracks", "data": null}
{"event_time": "2025-10-03T11:56:28.485659", "where": "spotify:albums", "level": "info", "message": "Fetched 20 albums", "data": null}
{"event_time": "2025-10-03T11:56:29.440491", "where": "spotify:albums", "level": "info", "message": "Fetched 20 albums", "data": null}
{"event_time": "2025-10-03T11:56:30.059894", "where": "spotify:albums", "level": "info", "message": "Fetched 9 albums", "data": null}
{"event_time": "2025-10-03T11:56:30.601947", "where": "spotify:tracks", "level": "info", "message": "Fetched 50 tracks", "data": null}
{"event_time": "2025-10-03T11:56:31.813696", "where": "spotify:albums", "level": "info", "message": "Fetched 20 albums", "data": null}
{"event_time": "2025-10-03T11:56:33.247358", "where": "spotify:albums", "level": "info", "message": "Fetched 20 albums", "data": null}
{"event_time": "2025-10-03T11:56:33.995755", "where": "spotify:albums", "level": "info", "message": "Fetched 8 albums", "data": null}
{"event_time": "2025-10-03T11:56:34.425331", "where": "spotify:tracks", "level": "info", "message": "Fetched 50 tracks", "data": null}
{"event_time": "2025-10-03T11:56:35.456447", "where": "spotify:albums", "level": "info", "message": "Fetched 20 albums", "data": null}
{"event_time": "2025-10-03T11:56:36.845538", "where": "spotify:albums", "level": "info", "message": "Fetched 20 albums", "data": null}
{"event_time": "2025-10-03T11:56:37.369796", "where": "spotify:albums", "level": "info", "message": "Fetched 8 albums", "data": null}
{"event_time": "2025-10-03T11:56:37.871044", "where": "spotify:tracks", "level": "info", "message": "Fetched 50 tracks", "data": null}
{"event_time": "2025-10-03T11:56:38.719205", "where": "spotify:albums", "level": "info", "message": "Fetched 20 albums", "data": null}
{"event_time": "2025-10-03T11:56:40.126438", "where": "spotify:albums", "level": "info", "message": "Fetched 20 albums", "data": null}
{"event_time": "2025-10-03T11:56:40.765440", "where": "spotify:albums", "level": "info", "message": "Fetched 9 albums", "data": null}
{"event_time": "2025-10-03T11:56:41.365310", "where": "spotify:tracks", "level": "info", "message": "Fetched 50 tracks", "data": null}
{"event_time": "2025-10-03T11:56:42.303947", "where": "spotify:albums", "level": "info", "message": "Fetched 20 albums", "data": null}
{"event_time": "2025-10-03T11:56:43.028673", "where": "spotify:albums", "level": "info", "message": "Fetched 20 albums", "data": null}
{"event_time": "2025-10-03T11:56:43.709050", "where": "spotify:albums", "level": "info", "message": "Fetched 10 albums", "data": null}
{"event_time": "2025-10-03T11:56:44.413830", "where": "spotify:tracks", "level": "info", "message": "Fetched 50 tracks", "data": null}
{"event_time": "2025-10-03T11:56:45.272442", "where": "spotify:albums", "level": "info", "message": "Fetched 20 albums", "data": null}
{"event_time": "2025-10-03T11:56:46.392059", "where": "spotify:albums", "level": "info", "message": "Fetched 20 albums", "data": null}
{"event_time": "2025-10-03T11:56:47.007092", "where": "spotify:albums", "level": "info", "message": "Fetched 10 albums", "data": null}
{"event_time": "2025-10-03T11:56:47.472289", "where": "spotify:tracks", "level": "info", "message": "Fetched 49 tracks", "data": null}
{"event_time": "2025-10-03T11:56:48.849416", "where": "spotify:albums", "level": "info", "message": "Fetched 20 albums", "data": null}
{"event_time": "2025-10-03T11:56:49.778739", "where": "spotify:albums", "level": "info", "message": "Fetched 20 albums", "data": null}
{"event_time": "2025-10-03T11:56:50.381661", "where": "spotify:albums", "level": "info", "message": "Fetched 7 albums", "data": null}
{"event_time": "2025-10-03T11:56:50.833999", "where": "spotify:tracks", "level": "info", "message": "Fetched 50 tracks", "data": null}
{"event_time": "2025-10-03T11:56:52.038498", "where": "spotify:albums", "level": "info", "message": "Fetched 20 albums", "data": null}
{"event_time": "2025-10-03T11:56:52.852542", "where": "spotify:albums", "level": "info", "message": "Fetched 20 albums", "data": null}
{"event_time": "2025-10-03T11:56:53.436709", "where": "spotify:albums", "level": "info", "message": "Fetched 10 albums", "data": null}
{"event_time": "2025-10-03T11:56:53.990805", "where": "spotify:tracks", "level": "info", "message": "Fetched 50 tracks", "data": null}
{"event_time": "2025-10-03T11:56:55.076819", "where": "spotify:albums", "level": "info", "message": "Fetched 20 albums", "data": null}
{"event_time": "2025-10-03T11:56:56.050917", "where": "spotify:albums", "level": "info", "message": "Fetched 20 albums", "data": null}
{"event_time": "2025-10-03T11:56:56.813755", "where": "spotify:albums", "level": "info", "message": "Fetched 10 albums", "data": null}
{"event_time": "2025-10-03T11:56:58.279009", "where": "spotify:tracks", "level": "info", "message": "Fetched 50 tracks", "data": null}
{"event_time": "2025-10-03T11:56:59.085271", "where": "spotify:albums", "level": "info", "message": "Fetched 20 albums", "data": null}
{"event_time": "2025-10-03T11:56:59.903600", "where": "spotify:albums", "level": "info", "message": "Fetched 20 albums", "data": null}
{"event_time": "2025-10-03T11:57:00.486944", "where": "spotify:albums", "level": "info", "message": "Fetched 7 albums", "data": null}
{"event_time": "2025-10-03T11:57:00.966313", "where": "spotify:tracks", "level": "info", "message": "Fetched 50 tracks", "data": null}
{"event_time": "2025-10-03T11:57:02.019365", "where": "spotify:albums", "level": "info", "message": "Fetched 20 albums", "data": null}
{"event_time": "2025-10-03T11:57:03.015631", "where": "spotify:albums", "level": "info", "message": "Fetched 20 albums", "data": null}
{"event_time": "2025-10-03T11:57:03.311428", "where": "spotify:albums", "level": "info", "message": "Fetched 6 albums", "data": null}
{"event_time": "2025-10-03T11:57:03.862198", "where": "spotify:tracks", "level": "info", "message": "Fetched 50 tracks", "data": null}
{"event_time": "2025-10-03T11:57:04.723110", "where": "spotify:albums", "level": "info", "message": "Fetched 20 albums", "data": null}
{"event_time": "2025-10-03T11:57:05.854274", "where": "spotify:albums", "level": "info", "message": "Fetched 20 albums", "data": null}
{"event_time": "2025-10-03T11:57:06.282095", "where": "spotify:albums", "level": "info", "message": "Fetched 6 albums", "data": null}
{"event_time": "2025-10-03T11:57:06.829746", "where": "spotify:tracks", "level": "info", "message": "Fetched 50 tracks", "data": null}
{"event_time": "2025-10-03T11:57:08.467909", "where": "spotify:albums", "level": "info", "message": "Fetched 20 albums", "data": null}
{"event_time": "2025-10-03T11:57:09.255904", "where": "spotify:albums", "level": "info", "message": "Fetched 20 albums", "data": null}
{"event_time": "2025-10-03T11:57:10.082652", "where": "spotify:albums", "level": "info", "message": "Fetched 9 albums", "data": null}
{"event_time": "2025-10-03T11:57:10.598636", "where": "spotify:tracks", "level": "info", "message": "Fetched 50 tracks", "data": null}
{"event_time": "2025-10-03T11:57:10.811131", "where": "spotify:tracks", "level": "info", "message": "Fetched 1 tracks", "data": null}
{"event_time": "2025-10-03T11:57:11.796846", "where": "spotify:albums", "level": "info", "message": "Fetched 20 albums", "data": null}
{"event_time": "2025-10-03T11:57:12.870291", "where": "spotify:albums", "level": "info", "message": "Fetched 20 albums", "data": null}
{"event_time": "2025-10-03T11:57:13.437877", "where": "spotify:albums", "level": "info", "message": "Fetched 9 albums", "data": null}
{"event_time": "2025-10-03T11:57:13.839115", "where": "spotify:tracks", "level": "info", "message": "Fetched 50 tracks", "data": null}
{"event_time": "2025-10-03T11:57:14.744961", "where": "spotify:albums", "level": "info", "message": "Fetched 20 albums", "data": null}
{"event_time": "2025-10-03T11:57:15.884868", "where": "spotify:albums", "level": "info", "message": "Fetched 20 albums", "data": null}
{"event_time": "2025-10-03T11:57:16.482140", "where": "spotify:albums", "level": "info", "message": "Fetched 10 albums", "data": null}
{"event_time": "2025-10-03T11:57:17.036430", "where": "spotify:tracks", "level": "info", "message": "Fetched 50 tracks", "data": null}
{"event_time": "2025-10-03T11:57:18.029520", "where": "spotify:albums", "level": "info", "message": "Fetched 20 albums", "data": null}
{"event_time": "2025-10-03T11:57:19.018767", "where": "spotify:albums", "level": "info", "message": "Fetched 20 albums", "data": null}
{"event_time": "2025-10-03T11:57:19.624574", "where": "spotify:albums", "level": "info", "message": "Fetched 9 albums", "data": null}
{"event_time": "2025-10-03T11:57:20.020561", "where": "spotify:tracks", "level": "info", "message": "Fetched 50 tracks", "data": null}
{"event_time": "2025-10-03T11:57:20.880360", "where": "spotify:albums", "level": "info", "message": "Fetched 20 albums", "data": null}
{"event_time": "2025-10-03T11:57:21.999142", "where": "spotify:albums", "level": "info", "message": "Fetched 20 albums", "data": null}
{"event_time": "2025-10-03T11:57:22.498731", "where": "spotify:albums", "level": "info", "message": "Fetched 10 albums", "data": null}
{"event_time": "2025-10-03T11:57:22.995927", "where": "spotify:tracks", "level": "info", "message": "Fetched 50 tracks", "data": null}
{"event_time": "2025-10-03T11:57:24.300773", "where": "spotify:albums", "level": "info", "message": "Fetched 20 albums", "data": null}
{"event_time": "2025-10-03T11:57:25.691659", "where": "spotify:albums", "level": "info", "message": "Fetched 20 albums", "data": null}
{"event_time": "2025-10-03T11:57:26.197140", "where": "spotify:albums", "level": "info", "message": "Fetched 9 albums", "data": null}
{"event_time": "2025-10-03T11:57:26.651593", "where": "spotify:tracks", "level": "info", "message": "Fetched 49 tracks", "data": null}
{"event_time": "2025-10-03T11:57:27.838650", "where": "spotify:albums", "level": "info", "message": "Fetched 20 albums", "data": null}
{"event_time": "2025-10-03T11:57:28.859453", "where": "spotify:albums", "level": "info", "message": "Fetched 20 albums", "data": null}
{"event_time": "2025-10-03T11:57:29.330953", "where": "spotify:albums", "level": "info", "message": "Fetched 8 albums", "data": null}
{"event_time": "2025-10-03T11:57:29.860449", "where": "spotify:tracks", "level": "info", "message": "Fetched 50 tracks", "data": null}
{"event_time": "2025-10-03T11:57:30.086408", "where": "spotify:tracks", "level": "info", "message": "Fetched 1 tracks", "data": null}
{"event_time": "2025-10-03T11:57:30.798383", "where": "spotify:albums", "level": "info", "message": "Fetched 20 albums", "data": null}
{"event_time": "2025-10-03T11:57:31.963042", "where": "spotify:albums", "level": "info", "message": "Fetched 20 albums", "data": null}
{"event_time": "2025-10-03T11:57:32.633679", "where": "spotify:albums", "level": "info", "message": "Fetched 9 albums", "data": null}
{"event_time": "2025-10-03T11:57:33.114873", "where": "spotify:tracks", "level": "info", "message": "Fetched 50 tracks", "data": null}
{"event_time": "2025-10-03T11:57:33.320608", "where": "spotify:tracks", "level": "info", "message": "Fetched 1 tracks", "data": null}
{"event_time": "2025-10-03T11:57:34.210991", "where": "spotify:albums", "level": "info", "message": "Fetched 20 albums", "data": null}
{"event_time": "2025-10-03T11:57:35.526366", "where": "spotify:albums", "level": "info", "message": "Fetched 20 albums", "data": null}
{"event_time": "2025-10-03T11:57:36.112156", "where": "spotify:albums", "level": "info", "message": "Fetched 7 albums", "data": null}
{"event_time": "2025-10-03T11:57:39.770996", "where": "spotify:tracks", "level": "info", "message": "Fetched 50 tracks", "data": null}
{"event_time": "2025-10-03T11:57:40.736395", "where": "spotify:albums", "level": "info", "message": "Fetched 20 albums", "data": null}
{"event_time": "2025-10-03T11:57:41.479393", "where": "spotify:albums", "level": "info", "message": "Fetched 20 albums", "data": null}
{"event_time": "2025-10-03T11:57:42.090455", "where": "spotify:albums", "level": "info", "message": "Fetched 7 albums", "data": null}
{"event_time": "2025-10-03T11:57:42.752997", "where": "spotify:tracks", "level": "info", "message": "Fetched 50 tracks", "data": null}
{"event_time": "2025-10-03T11:57:43.601861", "where": "spotify:albums", "level": "info", "message": "Fetched 20 albums", "data": null}
{"event_time": "2025-10-03T11:57:45.029316", "where": "spotify:albums", "level": "info", "message": "Fetched 20 albums", "data": null}
{"event_time": "2025-10-03T11:57:45.713556", "where": "spotify:albums", "level": "info", "message": "Fetched 10 albums", "data": null}
{"event_time": "2025-10-03T11:57:46.226795", "where": "spotify:tracks", "level": "info", "message": "Fetched 50 tracks", "data": null}
{"event_time": "2025-10-03T11:57:46.524267", "where": "spotify:tracks", "level": "info", "message": "Fetched 1 tracks", "data": null}
{"event_time": "2025-10-03T11:57:47.261030", "where": "spotify:albums", "level": "info", "message": "Fetched 20 albums", "data": null}
{"event_time": "2025-10-03T11:57:48.512214", "where": "spotify:albums", "level": "info", "message": "Fetched 20 albums", "data": null}
{"event_time": "2025-10-03T11:57:49.504833", "where": "spotify:albums", "level": "info", "message": "Fetched 7 albums", "data": null}
{"event_time": "2025-10-03T11:57:50.073401", "where": "spotify:tracks", "level": "info", "message": "Fetched 50 tracks", "data": null}
{"event_time": "2025-10-03T11:57:51.190807", "where": "spotify:albums", "level": "info", "message": "Fetched 20 albums", "data": null}
{"event_time": "2025-10-03T11:57:52.481658", "where": "spotify:albums", "level": "info", "message": "Fetched 20 albums", "data": null}
{"event_time": "2025-10-03T11:57:52.975331", "where": "spotify:albums", "level": "info", "message": "Fetched 7 albums", "data": null}
{"event_time": "2025-10-03T11:57:53.353763", "where": "spotify:tracks", "level": "info", "message": "Fetched 50 tracks", "data": null}
{"event_time": "2025-10-03T11:57:54.344159", "where": "spotify:albums", "level": "info", "message": "Fetched 20 albums", "data": null}
{"event_time": "2025-10-03T11:57:55.406771", "where": "spotify:albums", "level": "info", "message": "Fetched 20 albums", "data": null}
{"event_time": "2025-10-03T11:57:55.743456", "where": "spotify:albums", "level": "info", "message": "Fetched 5 albums", "data": null}
{"event_time": "2025-10-03T11:57:56.249753", "where": "spotify:tracks", "level": "info", "message": "Fetched 49 tracks", "data": null}
{"event_time": "2025-10-03T11:57:57.514447", "where": "spotify:albums", "level": "info", "message": "Fetched 20 albums", "data": null}
{"event_time": "2025-10-03T11:57:59.202472", "where": "spotify:albums", "level": "info", "message": "Fetched 20 albums", "data": null}
{"event_time": "2025-10-03T11:57:59.782178", "where": "spotify:albums", "level": "info", "message": "Fetched 9 albums", "data": null}
{"event_time": "2025-10-03T11:58:00.340546", "where": "spotify:tracks", "level": "info", "message": "Fetched 50 tracks", "data": null}
{"event_time": "2025-10-03T11:58:01.649772", "where": "spotify:albums", "level": "info", "message": "Fetched 20 albums", "data": null}
{"event_time": "2025-10-03T11:58:02.819589", "where": "spotify:albums", "level": "info", "message": "Fetched 20 albums", "data": null}
{"event_time": "2025-10-03T11:58:03.515076", "where": "spotify:albums", "level": "info", "message": "Fetched 10 albums", "data": null}
{"event_time": "2025-10-03T11:58:03.974498", "where": "spotify:tracks", "level": "info", "message": "Fetched 50 tracks", "data": null}
{"event_time": "2025-10-03T11:58:05.512691", "where": "spotify:albums", "level": "info", "message": "Fetched 20 albums", "data": null}
{"event_time": "2025-10-03T11:58:06.546877", "where": "spotify:albums", "level": "info", "message": "Fetched 20 albums", "data": null}
{"event_time": "2025-10-03T11:58:07.046572", "where": "spotify:albums", "level": "info", "message": "Fetched 5 albums", "data": null}
{"event_time": "2025-10-03T11:58:07.461006", "where": "spotify:tracks", "level": "info", "message": "Fetched 49 tracks", "data": null}
{"event_time": "2025-10-03T11:58:09.001906", "where": "spotify:albums", "level": "info", "message": "Fetched 20 albums", "data": null}
{"event_time": "2025-10-03T11:58:09.909529", "where": "spotify:albums", "level": "info", "message": "Fetched 20 albums", "data": null}
{"event_time": "2025-10-03T11:58:10.515967", "where": "spotify:albums", "level": "info", "message": "Fetched 8 albums", "data": null}
{"event_time": "2025-10-03T11:58:11.148777", "where": "spotify:tracks", "level": "info", "message": "Fetched 50 tracks", "data": null}
{"event_time": "2025-10-03T11:58:12.010470", "where": "spotify:albums", "level": "info", "message": "Fetched 20 albums", "data": null}
{"event_time": "2025-10-03T11:58:13.033912", "where": "spotify:albums", "level": "info", "message": "Fetched 20 albums", "data": null}
{"event_time": "2025-10-03T11:58:13.549262", "where": "spotify:albums", "level": "info", "message": "Fetched 8 albums", "data": null}
{"event_time": "2025-10-03T11:58:13.969839", "where": "spotify:tracks", "level": "info", "message": "Fetched 50 tracks", "data": null}
{"event_time": "2025-10-03T11:58:14.621413", "where": "spotify:albums", "level": "info", "message": "Fetched 20 albums", "data": null}
{"event_time": "2025-10-03T11:58:15.643484", "where": "spotify:albums", "level": "info", "message": "Fetched 20 albums", "data": null}
{"event_time": "2025-10-03T11:58:16.313814", "where": "spotify:albums", "level": "info", "message": "Fetched 8 albums", "data": null}
{"event_time": "2025-10-03T11:58:16.973560", "where": "spotify:tracks", "level": "info", "message": "Fetched 50 tracks", "data": null}
{"event_time": "2025-10-03T11:58:18.209764", "where": "spotify:albums", "level": "info", "message": "Fetched 20 albums", "data": null}
{"event_time": "2025-10-03T11:58:19.093655", "where": "spotify:albums", "level": "info", "message": "Fetched 20 albums", "data": null}
{"event_time": "2025-10-03T11:58:19.830837", "where": "spotify:albums", "level": "info", "message": "Fetched 8 albums", "data": null}
{"event_time": "2025-10-03T11:58:20.403955", "where": "spotify:tracks", "level": "info", "message": "Fetched 50 tracks", "data": null}
{"event_time": "2025-10-03T11:58:21.381711", "where": "spotify:albums", "level": "info", "message": "Fetched 20 albums", "data": null}
{"event_time": "2025-10-03T11:58:22.384965", "where": "spotify:albums", "level": "info", "message": "Fetched 20 albums", "data": null}
{"event_time": "2025-10-03T11:58:22.973790", "where": "spotify:albums", "level": "info", "message": "Fetched 10 albums", "data": null}
{"event_time": "2025-10-03T11:58:23.375609", "where": "spotify:tracks", "level": "info", "message": "Fetched 38 tracks", "data": null}
{"event_time": "2025-10-03T11:58:24.185764", "where": "spotify:albums", "level": "info", "message": "Fetched 20 albums", "data": null}
{"event_time": "2025-10-03T11:58:25.173874", "where": "spotify:albums", "level": "info", "message": "Fetched 18 albums", "data": null}
{"event_time": "2025-10-03T11:58:28.338273", "where": "enrichment", "level": "error", "message": "Exception in background_enrich: 'track_id'", "data": null}
{"event_time": "2025-10-03T12:20:30.667390", "where": "sanity", "level": "info", "message": "Starting spotify_sanity_check", "data": null}
{"event_time": "2025-10-03T12:20:31.073806", "where": "sanity", "level": "info", "message": "spotify_sanity_check result: ok=True, msg=ok", "data": null}
{"event_time": "2025-10-03T12:20:31.074133", "where": "sanity", "level": "info", "message": "Starting discogs_sanity_check", "data": null}
{"event_time": "2025-10-03T12:20:34.479412", "where": "sanity", "level": "info", "message": "discogs_sanity_check result: ok=True, msg=ok", "data": null}
{"event_time": "2025-10-03T12:20:34.519007", "where": "enrichment", "level": "info", "message": "Starting run_all()", "data": null}
{"event_time": "2025-10-03T12:20:55.372448", "where": "spotify:shows", "level": "info", "message": "Fetched 3 shows", "data": null}
{"event_time": "2025-10-03T12:20:56.027716", "where": "spotify:audiobooks", "level": "info", "message": "Fetched 1 audiobooks", "data": null}
{"event_time": "2025-10-03T12:20:57.392943", "where": "spotify:shows", "level": "info", "message": "Fetched 2 shows", "data": null}
{"event_time": "2025-10-03T12:20:58.785641", "where": "spotify:audiobooks", "level": "info", "message": "Fetched 2 audiobooks", "data": null}
{"event_time": "2025-10-03T12:20:59.516742", "where": "spotify:tracks", "level": "info", "message": "Fetched 50 tracks", "data": null}
{"event_time": "2025-10-03T12:21:00.361187", "where": "spotify:albums", "level": "info", "message": "Fetched 20 albums", "data": null}
{"event_time": "2025-10-03T12:21:01.499085", "where": "spotify:albums", "level": "info", "message": "Fetched 20 albums", "data": null}
{"event_time": "2025-10-03T12:21:01.914864", "where": "spotify:albums", "level": "info", "message": "Fetched 8 albums", "data": null}
{"event_time": "2025-10-03T12:21:02.478057", "where": "spotify:tracks", "level": "info", "message": "Fetched 50 tracks", "data": null}
{"event_time": "2025-10-03T12:21:03.534063", "where": "spotify:albums", "level": "info", "message": "Fetched 20 albums", "data": null}
{"event_time": "2025-10-03T12:21:04.751437", "where": "spotify:albums", "level": "info", "message": "Fetched 20 albums", "data": null}
{"event_time": "2025-10-03T12:21:05.547299", "where": "spotify:albums", "level": "info", "message": "Fetched 10 albums", "data": null}
{"event_time": "2025-10-03T12:21:05.954567", "where": "spotify:tracks", "level": "info", "message": "Fetched 50 tracks", "data": null}
{"event_time": "2025-10-03T12:21:07.107073", "where": "spotify:albums", "level": "info", "message": "Fetched 20 albums", "data": null}
{"event_time": "2025-10-03T12:21:08.067738", "where": "spotify:albums", "level": "info", "message": "Fetched 20 albums", "data": null}
{"event_time": "2025-10-03T12:21:08.718183", "where": "spotify:albums", "level": "info", "message": "Fetched 10 albums", "data": null}
{"event_time": "2025-10-03T12:21:09.113987", "where": "spotify:tracks", "level": "info", "message": "Fetched 50 tracks", "data": null}
{"event_time": "2025-10-03T12:21:09.994311", "where": "spotify:albums", "level": "info", "message": "Fetched 20 albums", "data": null}
{"event_time": "2025-10-03T12:21:11.026525", "where": "spotify:albums", "level": "info", "message": "Fetched 20 albums", "data": null}
{"event_time": "2025-10-03T12:21:11.694889", "where": "spotify:albums", "level": "info", "message": "Fetched 9 albums", "data": null}
{"event_time": "2025-10-03T12:21:12.287417", "where": "spotify:tracks", "level": "info", "message": "Fetched 50 tracks", "data": null}
{"event_time": "2025-10-03T12:21:12.508648", "where": "spotify:tracks", "level": "info", "message": "Fetched 2 tracks", "data": null}
{"event_time": "2025-10-03T12:21:13.779414", "where": "spotify:albums", "level": "info", "message": "Fetched 20 albums", "data": null}
{"event_time": "2025-10-03T12:21:14.635578", "where": "spotify:albums", "level": "info", "message": "Fetched 20 albums", "data": null}
{"event_time": "2025-10-03T12:21:15.067626", "where": "spotify:albums", "level": "info", "message": "Fetched 3 albums", "data": null}
{"event_time": "2025-10-03T12:21:15.488184", "where": "spotify:tracks", "level": "info", "message": "Fetched 50 tracks", "data": null}
{"event_time": "2025-10-03T12:21:15.766928", "where": "spotify:tracks", "level": "info", "message": "Fetched 1 tracks", "data": null}
{"event_time": "2025-10-03T12:21:16.620848", "where": "spotify:albums", "level": "info", "message": "Fetched 20 albums", "data": null}
{"event_time": "2025-10-03T12:21:17.853030", "where": "spotify:albums", "level": "info", "message": "Fetched 20 albums", "data": null}
{"event_time": "2025-10-03T12:21:18.478875", "where": "spotify:albums", "level": "info", "message": "Fetched 7 albums", "data": null}
{"event_time": "2025-10-03T12:21:18.968584", "where": "spotify:tracks", "level": "info", "message": "Fetched 49 tracks", "data": null}
{"event_time": "2025-10-03T12:21:20.313165", "where": "spotify:albums", "level": "info", "message": "Fetched 20 albums", "data": null}
{"event_time": "2025-10-03T12:21:21.341868", "where": "spotify:albums", "level": "info", "message": "Fetched 20 albums", "data": null}
{"event_time": "2025-10-03T12:21:21.746940", "where": "spotify:albums", "level": "info", "message": "Fetched 8 albums", "data": null}
{"event_time": "2025-10-03T12:21:22.323176", "where": "spotify:tracks", "level": "info", "message": "Fetched 50 tracks", "data": null}
{"event_time": "2025-10-03T12:21:22.968650", "where": "spotify:albums", "level": "info", "message": "Fetched 20 albums", "data": null}
{"event_time": "2025-10-03T12:21:23.992646", "where": "spotify:albums", "level": "info", "message": "Fetched 20 albums", "data": null}
{"event_time": "2025-10-03T12:21:24.899424", "where": "spotify:albums", "level": "info", "message": "Fetched 10 albums", "data": null}
{"event_time": "2025-10-03T12:21:25.495507", "where": "spotify:tracks", "level": "info", "message": "Fetched 50 tracks", "data": null}
{"event_time": "2025-10-03T12:21:26.648479", "where": "spotify:albums", "level": "info", "message": "Fetched 20 albums", "data": null}
{"event_time": "2025-10-03T12:21:27.675994", "where": "spotify:albums", "level": "info", "message": "Fetched 20 albums", "data": null}
{"event_time": "2025-10-03T12:21:28.366610", "where": "spotify:albums", "level": "info", "message": "Fetched 10 albums", "data": null}
{"event_time": "2025-10-03T12:21:28.867106", "where": "spotify:tracks", "level": "info", "message": "Fetched 50 tracks", "data": null}
{"event_time": "2025-10-03T12:21:29.717124", "where": "spotify:albums", "level": "info", "message": "Fetched 20 albums", "data": null}
{"event_time": "2025-10-03T12:21:30.631460", "where": "spotify:albums", "level": "info", "message": "Fetched 20 albums", "data": null}
{"event_time": "2025-10-03T12:21:31.035519", "where": "spotify:albums", "level": "info", "message": "Fetched 8 albums", "data": null}
{"event_time": "2025-10-03T12:21:31.632449", "where": "spotify:tracks", "level": "info", "message": "Fetched 50 tracks", "data": null}
{"event_time": "2025-10-03T12:21:31.864910", "where": "spotify:tracks", "level": "info", "message": "Fetched 1 tracks", "data": null}
{"event_time": "2025-10-03T12:21:32.792659", "where": "spotify:albums", "level": "info", "message": "Fetched 20 albums", "data": null}
{"event_time": "2025-10-03T12:21:33.691617", "where": "spotify:albums", "level": "info", "message": "Fetched 20 albums", "data": null}
{"event_time": "2025-10-03T12:21:34.075228", "where": "spotify:albums", "level": "info", "message": "Fetched 8 albums", "data": null}
{"event_time": "2025-10-03T12:21:34.594527", "where": "spotify:tracks", "level": "info", "message": "Fetched 50 tracks", "data": null}
{"event_time": "2025-10-03T12:21:35.557720", "where": "spotify:albums", "level": "info", "message": "Fetched 20 albums", "data": null}
{"event_time": "2025-10-03T12:21:36.003407", "where": "spotify:albums", "level": "info", "message": "Fetched 9 albums", "data": null}
{"event_time": "2025-10-03T12:21:36.554042", "where": "spotify:tracks", "level": "info", "message": "Fetched 50 tracks", "data": null}
{"event_time": "2025-10-03T12:21:37.832234", "where": "spotify:albums", "level": "info", "message": "Fetched 20 albums", "data": null}
{"event_time": "2025-10-03T12:21:38.624453", "where": "spotify:albums", "level": "info", "message": "Fetched 20 albums", "data": null}
{"event_time": "2025-10-03T12:21:39.097248", "where": "spotify:albums", "level": "info", "message": "Fetched 9 albums", "data": null}
{"event_time": "2025-10-03T12:21:39.509475", "where": "spotify:tracks", "level": "info", "message": "Fetched 50 tracks", "data": null}
{"event_time": "2025-10-03T12:21:40.481777", "where": "spotify:albums", "level": "info", "message": "Fetched 20 albums", "data": null}
{"event_time": "2025-10-03T12:21:41.491044", "where": "spotify:albums", "level": "info", "message": "Fetched 20 albums", "data": null}
{"event_time": "2025-10-03T12:21:41.988576", "where": "spotify:albums", "level": "info", "message": "Fetched 9 albums", "data": null}
{"event_time": "2025-10-03T12:21:42.594690", "where": "spotify:tracks", "level": "info", "message": "Fetched 49 tracks", "data": null}
{"event_time": "2025-10-03T12:21:43.925250", "where": "spotify:albums", "level": "info", "message": "Fetched 20 albums", "data": null}
{"event_time": "2025-10-03T12:21:44.988068", "where": "spotify:albums", "level": "info", "message": "Fetched 20 albums", "data": null}
{"event_time": "2025-10-03T12:21:45.587247", "where": "spotify:albums", "level": "info", "message": "Fetched 9 albums", "data": null}
{"event_time": "2025-10-03T12:21:46.059022", "where": "spotify:tracks", "level": "info", "message": "Fetched 50 tracks", "data": null}
{"event_time": "2025-10-03T12:21:46.279625", "where": "spotify:tracks", "level": "info", "message": "Fetched 1 tracks", "data": null}
{"event_time": "2025-10-03T12:21:47.397648", "where": "spotify:albums", "level": "info", "message": "Fetched 20 albums", "data": null}
{"event_time": "2025-10-03T12:21:48.654893", "where": "spotify:albums", "level": "info", "message": "Fetched 20 albums", "data": null}
{"event_time": "2025-10-03T12:21:49.243632", "where": "spotify:albums", "level": "info", "message": "Fetched 8 albums", "data": null}
{"event_time": "2025-10-03T12:21:49.636714", "where": "spotify:tracks", "level": "info", "message": "Fetched 50 tracks", "data": null}
{"event_time": "2025-10-03T12:21:50.500782", "where": "spotify:albums", "level": "info", "message": "Fetched 20 albums", "data": null}
{"event_time": "2025-10-03T12:21:51.813437", "where": "spotify:albums", "level": "info", "message": "Fetched 20 albums", "data": null}
{"event_time": "2025-10-03T12:21:52.399080", "where": "spotify:albums", "level": "info", "message": "Fetched 9 albums", "data": null}
{"event_time": "2025-10-03T12:21:52.920625", "where": "spotify:tracks", "level": "info", "message": "Fetched 50 tracks", "data": null}
{"event_time": "2025-10-03T12:21:54.016993", "where": "spotify:albums", "level": "info", "message": "Fetched 20 albums", "data": null}
{"event_time": "2025-10-03T12:21:54.880945", "where": "spotify:albums", "level": "info", "message": "Fetched 20 albums", "data": null}
{"event_time": "2025-10-03T12:21:55.493467", "where": "spotify:albums", "level": "info", "message": "Fetched 10 albums", "data": null}
{"event_time": "2025-10-03T12:21:55.929493", "where": "spotify:tracks", "level": "info", "message": "Fetched 50 tracks", "data": null}
{"event_time": "2025-10-03T12:21:56.985889", "where": "spotify:albums", "level": "info", "message": "Fetched 20 albums", "data": null}
{"event_time": "2025-10-03T12:21:57.747003", "where": "spotify:albums", "level": "info", "message": "Fetched 20 albums", "data": null}
{"event_time": "2025-10-03T12:21:58.083471", "where": "spotify:albums", "level": "info", "message": "Fetched 7 albums", "data": null}
{"event_time": "2025-10-03T12:21:58.544189", "where": "spotify:tracks", "level": "info", "message": "Fetched 50 tracks", "data": null}
{"event_time": "2025-10-03T12:21:58.739220", "where": "spotify:tracks", "level": "info", "message": "Fetched 1 tracks", "data": null}
{"event_time": "2025-10-03T12:21:59.896431", "where": "spotify:albums", "level": "info", "message": "Fetched 20 albums", "data": null}
{"event_time": "2025-10-03T12:22:01.015314", "where": "spotify:albums", "level": "info", "message": "Fetched 20 albums", "data": null}
{"event_time": "2025-10-03T12:22:01.638642", "where": "spotify:albums", "level": "info", "message": "Fetched 9 albums", "data": null}
{"event_time": "2025-10-03T12:22:02.085913", "where": "spotify:tracks", "level": "info", "message": "Fetched 50 tracks", "data": null}
{"event_time": "2025-10-03T12:22:03.588159", "where": "spotify:albums", "level": "info", "message": "Fetched 20 albums", "data": null}
{"event_time": "2025-10-03T12:22:04.961310", "where": "spotify:albums", "level": "info", "message": "Fetched 20 albums", "data": null}
{"event_time": "2025-10-03T12:22:05.820773", "where": "spotify:albums", "level": "info", "message": "Fetched 9 albums", "data": null}
{"event_time": "2025-10-03T12:22:06.299737", "where": "spotify:tracks", "level": "info", "message": "Fetched 50 tracks", "data": null}
{"event_time": "2025-10-03T12:22:07.259208", "where": "spotify:albums", "level": "info", "message": "Fetched 20 albums", "data": null}
{"event_time": "2025-10-03T12:22:08.218056", "where": "spotify:albums", "level": "info", "message": "Fetched 20 albums", "data": null}
{"event_time": "2025-10-03T12:22:08.568100", "where": "spotify:albums", "level": "info", "message": "Fetched 6 albums", "data": null}
{"event_time": "2025-10-03T12:22:08.968535", "where": "spotify:tracks", "level": "info", "message": "Fetched 50 tracks", "data": null}
{"event_time": "2025-10-03T12:22:09.832934", "where": "spotify:albums", "level": "info", "message": "Fetched 20 albums", "data": null}
{"event_time": "2025-10-03T12:22:10.654231", "where": "spotify:albums", "level": "info", "message": "Fetched 20 albums", "data": null}
{"event_time": "2025-10-03T12:22:11.139763", "where": "spotify:albums", "level": "info", "message": "Fetched 9 albums", "data": null}
{"event_time": "2025-10-03T12:22:11.592037", "where": "spotify:tracks", "level": "info", "message": "Fetched 50 tracks", "data": null}
{"event_time": "2025-10-03T12:22:12.388684", "where": "spotify:albums", "level": "info", "message": "Fetched 20 albums", "data": null}
{"event_time": "2025-10-03T12:22:13.139866", "where": "spotify:albums", "level": "info", "message": "Fetched 20 albums", "data": null}
{"event_time": "2025-10-03T12:22:13.652688", "where": "spotify:albums", "level": "info", "message": "Fetched 7 albums", "data": null}
{"event_time": "2025-10-03T12:22:14.220670", "where": "spotify:tracks", "level": "info", "message": "Fetched 50 tracks", "data": null}
{"event_time": "2025-10-03T12:22:15.565950", "where": "spotify:albums", "level": "info", "message": "Fetched 20 albums", "data": null}
{"event_time": "2025-10-03T12:22:16.369980", "where": "spotify:albums", "level": "info", "message": "Fetched 20 albums", "data": null}
{"event_time": "2025-10-03T12:22:16.988930", "where": "spotify:albums", "level": "info", "message": "Fetched 7 albums", "data": null}
{"event_time": "2025-10-03T12:22:17.459415", "where": "spotify:tracks", "level": "info", "message": "Fetched 50 tracks", "data": null}
{"event_time": "2025-10-03T12:22:18.512634", "where": "spotify:albums", "level": "info", "message": "Fetched 20 albums", "data": null}
{"event_time": "2025-10-03T12:22:19.512561", "where": "spotify:albums", "level": "info", "message": "Fetched 20 albums", "data": null}
{"event_time": "2025-10-03T12:22:20.148891", "where": "spotify:albums", "level": "info", "message": "Fetched 9 albums", "data": null}
{"event_time": "2025-10-03T12:22:20.724198", "where": "spotify:tracks", "level": "info", "message": "Fetched 50 tracks", "data": null}
{"event_time": "2025-10-03T12:22:21.852086", "where": "spotify:albums", "level": "info", "message": "Fetched 20 albums", "data": null}
{"event_time": "2025-10-03T12:22:22.958067", "where": "spotify:albums", "level": "info", "message": "Fetched 20 albums", "data": null}
{"event_time": "2025-10-03T12:22:23.735115", "where": "spotify:albums", "level": "info", "message": "Fetched 8 albums", "data": null}
{"event_time": "2025-10-03T12:22:24.197811", "where": "spotify:tracks", "level": "info", "message": "Fetched 50 tracks", "data": null}
{"event_time": "2025-10-03T12:22:25.832185", "where": "spotify:albums", "level": "info", "message": "Fetched 20 albums", "data": null}
{"event_time": "2025-10-03T12:22:27.150700", "where": "spotify:albums", "level": "info", "message": "Fetched 20 albums", "data": null}
{"event_time": "2025-10-03T12:22:27.490640", "where": "spotify:albums", "level": "info", "message": "Fetched 8 albums", "data": null}
{"event_time": "2025-10-03T12:22:27.949905", "where": "spotify:tracks", "level": "info", "message": "Fetched 50 tracks", "data": null}
{"event_time": "2025-10-03T12:22:28.800947", "where": "spotify:albums", "level": "info", "message": "Fetched 20 albums", "data": null}
{"event_time": "2025-10-03T12:22:30.033105", "where": "spotify:albums", "level": "info", "message": "Fetched 20 albums", "data": null}
{"event_time": "2025-10-03T12:22:30.802891", "where": "spotify:albums", "level": "info", "message": "Fetched 9 albums", "data": null}
{"event_time": "2025-10-03T12:22:31.407495", "where": "spotify:tracks", "level": "info", "message": "Fetched 50 tracks", "data": null}
{"event_time": "2025-10-03T12:22:32.181799", "where": "spotify:albums", "level": "info", "message": "Fetched 20 albums", "data": null}
{"event_time": "2025-10-03T12:22:32.963729", "where": "spotify:albums", "level": "info", "message": "Fetched 20 albums", "data": null}
{"event_time": "2025-10-03T12:22:33.618225", "where": "spotify:albums", "level": "info", "message": "Fetched 10 albums", "data": null}
{"event_time": "2025-10-03T12:22:34.084116", "where": "spotify:tracks", "level": "info", "message": "Fetched 50 tracks", "data": null}
{"event_time": "2025-10-03T12:22:34.992968", "where": "spotify:albums", "level": "info", "message": "Fetched 20 albums", "data": null}
{"event_time": "2025-10-03T12:22:36.311047", "where": "spotify:albums", "level": "info", "message": "Fetched 20 albums", "data": null}
{"event_time": "2025-10-03T12:22:36.949074", "where": "spotify:albums", "level": "info", "message": "Fetched 10 albums", "data": null}
{"event_time": "2025-10-03T12:22:37.550006", "where": "spotify:tracks", "level": "info", "message": "Fetched 49 tracks", "data": null}
{"event_time": "2025-10-03T12:22:38.913613", "where": "spotify:albums", "level": "info", "message": "Fetched 20 albums", "data": null}
{"event_time": "2025-10-03T12:22:40.018862", "where": "spotify:albums", "level": "info", "message": "Fetched 20 albums", "data": null}
{"event_time": "2025-10-03T12:22:40.636522", "where": "spotify:albums", "level": "info", "message": "Fetched 7 albums", "data": null}
{"event_time": "2025-10-03T12:22:41.040409", "where": "spotify:tracks", "level": "info", "message": "Fetched 50 tracks", "data": null}
{"event_time": "2025-10-03T12:22:42.159800", "where": "spotify:albums", "level": "info", "message": "Fetched 20 albums", "data": null}
{"event_time": "2025-10-03T12:22:43.087531", "where": "spotify:albums", "level": "info", "message": "Fetched 20 albums", "data": null}
{"event_time": "2025-10-03T12:22:43.700785", "where": "spotify:albums", "level": "info", "message": "Fetched 10 albums", "data": null}
{"event_time": "2025-10-03T12:22:44.158130", "where": "spotify:tracks", "level": "info", "message": "Fetched 50 tracks", "data": null}
{"event_time": "2025-10-03T12:22:45.072294", "where": "spotify:albums", "level": "info", "message": "Fetched 20 albums", "data": null}
{"event_time": "2025-10-03T12:22:46.176384", "where": "spotify:albums", "level": "info", "message": "Fetched 20 albums", "data": null}
{"event_time": "2025-10-03T12:22:46.973777", "where": "spotify:albums", "level": "info", "message": "Fetched 10 albums", "data": null}
{"event_time": "2025-10-03T12:22:47.695265", "where": "spotify:tracks", "level": "info", "message": "Fetched 50 tracks", "data": null}
{"event_time": "2025-10-03T12:22:48.670125", "where": "spotify:albums", "level": "info", "message": "Fetched 20 albums", "data": null}
{"event_time": "2025-10-03T12:22:49.646891", "where": "spotify:albums", "level": "info", "message": "Fetched 20 albums", "data": null}
{"event_time": "2025-10-03T12:22:50.271121", "where": "spotify:albums", "level": "info", "message": "Fetched 7 albums", "data": null}
{"event_time": "2025-10-03T12:22:50.766021", "where": "spotify:tracks", "level": "info", "message": "Fetched 50 tracks", "data": null}
{"event_time": "2025-10-03T12:22:51.714019", "where": "spotify:albums", "level": "info", "message": "Fetched 20 albums", "data": null}
{"event_time": "2025-10-03T12:22:52.526727", "where": "spotify:albums", "level": "info", "message": "Fetched 20 albums", "data": null}
{"event_time": "2025-10-03T12:22:52.836233", "where": "spotify:albums", "level": "info", "message": "Fetched 6 albums", "data": null}
{"event_time": "2025-10-03T12:22:53.297331", "where": "spotify:tracks", "level": "info", "message": "Fetched 50 tracks", "data": null}
{"event_time": "2025-10-03T12:22:54.190772", "where": "spotify:albums", "level": "info", "message": "Fetched 20 albums", "data": null}
{"event_time": "2025-10-03T12:22:55.232671", "where": "spotify:albums", "level": "info", "message": "Fetched 20 albums", "data": null}
{"event_time": "2025-10-03T12:22:55.862664", "where": "spotify:albums", "level": "info", "message": "Fetched 6 albums", "data": null}
{"event_time": "2025-10-03T12:22:56.466273", "where": "spotify:tracks", "level": "info", "message": "Fetched 50 tracks", "data": null}
{"event_time": "2025-10-03T12:22:58.363826", "where": "spotify:albums", "level": "info", "message": "Fetched 20 albums", "data": null}
{"event_time": "2025-10-03T12:22:59.244118", "where": "spotify:albums", "level": "info", "message": "Fetched 20 albums", "data": null}
{"event_time": "2025-10-03T12:22:59.858930", "where": "spotify:albums", "level": "info", "message": "Fetched 9 albums", "data": null}
{"event_time": "2025-10-03T12:23:00.454544", "where": "spotify:tracks", "level": "info", "message": "Fetched 50 tracks", "data": null}
{"event_time": "2025-10-03T12:23:00.666220", "where": "spotify:tracks", "level": "info", "message": "Fetched 1 tracks", "data": null}
{"event_time": "2025-10-03T12:23:01.638201", "where": "spotify:albums", "level": "info", "message": "Fetched 20 albums", "data": null}
{"event_time": "2025-10-03T12:23:02.848503", "where": "spotify:albums", "level": "info", "message": "Fetched 20 albums", "data": null}
{"event_time": "2025-10-03T12:23:03.441629", "where": "spotify:albums", "level": "info", "message": "Fetched 9 albums", "data": null}
{"event_time": "2025-10-03T12:23:03.938280", "where": "spotify:tracks", "level": "info", "message": "Fetched 50 tracks", "data": null}
{"event_time": "2025-10-03T12:23:05.053111", "where": "spotify:albums", "level": "info", "message": "Fetched 20 albums", "data": null}
{"event_time": "2025-10-03T12:23:06.204178", "where": "spotify:albums", "level": "info", "message": "Fetched 20 albums", "data": null}
{"event_time": "2025-10-03T12:23:06.915137", "where": "spotify:albums", "level": "info", "message": "Fetched 10 albums", "data": null}
{"event_time": "2025-10-03T12:23:07.558316", "where": "spotify:tracks", "level": "info", "message": "Fetched 50 tracks", "data": null}
{"event_time": "2025-10-03T12:23:08.790260", "where": "spotify:albums", "level": "info", "message": "Fetched 20 albums", "data": null}
{"event_time": "2025-10-03T12:23:09.604695", "where": "spotify:albums", "level": "info", "message": "Fetched 20 albums", "data": null}
{"event_time": "2025-10-03T12:23:10.092126", "where": "spotify:albums", "level": "info", "message": "Fetched 9 albums", "data": null}
{"event_time": "2025-10-03T12:23:10.751930", "where": "spotify:tracks", "level": "info", "message": "Fetched 50 tracks", "data": null}
{"event_time": "2025-10-03T12:23:11.634490", "where": "spotify:albums", "level": "info", "message": "Fetched 20 albums", "data": null}
{"event_time": "2025-10-03T12:23:12.569937", "where": "spotify:albums", "level": "info", "message": "Fetched 20 albums", "data": null}
{"event_time": "2025-10-03T12:23:13.156981", "where": "spotify:albums", "level": "info", "message": "Fetched 10 albums", "data": null}
{"event_time": "2025-10-03T12:23:13.713842", "where": "spotify:tracks", "level": "info", "message": "Fetched 50 tracks", "data": null}
{"event_time": "2025-10-03T12:23:14.831452", "where": "spotify:albums", "level": "info", "message": "Fetched 20 albums", "data": null}
{"event_time": "2025-10-03T12:23:15.956844", "where": "spotify:albums", "level": "info", "message": "Fetched 20 albums", "data": null}
{"event_time": "2025-10-03T12:23:16.634979", "where": "spotify:albums", "level": "info", "message": "Fetched 9 albums", "data": null}
{"event_time": "2025-10-03T12:23:17.102472", "where": "spotify:tracks", "level": "info", "message": "Fetched 49 tracks", "data": null}
{"event_time": "2025-10-03T12:23:18.393243", "where": "spotify:albums", "level": "info", "message": "Fetched 20 albums", "data": null}
{"event_time": "2025-10-03T12:23:19.957597", "where": "spotify:albums", "level": "info", "message": "Fetched 20 albums", "data": null}
{"event_time": "2025-10-03T12:23:20.573032", "where": "spotify:albums", "level": "info", "message": "Fetched 8 albums", "data": null}
{"event_time": "2025-10-03T12:23:21.092379", "where": "spotify:tracks", "level": "info", "message": "Fetched 50 tracks", "data": null}
{"event_time": "2025-10-03T12:23:21.366406", "where": "spotify:tracks", "level": "info", "message": "Fetched 1 tracks", "data": null}
{"event_time": "2025-10-03T12:23:22.150701", "where": "spotify:albums", "level": "info", "message": "Fetched 20 albums", "data": null}
{"event_time": "2025-10-03T12:23:23.353447", "where": "spotify:albums", "level": "info", "message": "Fetched 20 albums", "data": null}
{"event_time": "2025-10-03T12:23:23.972293", "where": "spotify:albums", "level": "info", "message": "Fetched 9 albums", "data": null}
{"event_time": "2025-10-03T12:23:24.622166", "where": "spotify:tracks", "level": "info", "message": "Fetched 50 tracks", "data": null}
{"event_time": "2025-10-03T12:23:24.862256", "where": "spotify:tracks", "level": "info", "message": "Fetched 1 tracks", "data": null}
{"event_time": "2025-10-03T12:23:26.675993", "where": "spotify:albums", "level": "info", "message": "Fetched 20 albums", "data": null}
{"event_time": "2025-10-03T12:23:27.840711", "where": "spotify:albums", "level": "info", "message": "Fetched 20 albums", "data": null}
{"event_time": "2025-10-03T12:23:28.335917", "where": "spotify:albums", "level": "info", "message": "Fetched 7 albums", "data": null}
{"event_time": "2025-10-03T12:23:32.250388", "where": "spotify:tracks", "level": "info", "message": "Fetched 50 tracks", "data": null}
{"event_time": "2025-10-03T12:23:33.133522", "where": "spotify:albums", "level": "info", "message": "Fetched 20 albums", "data": null}
{"event_time": "2025-10-03T12:23:33.867190", "where": "spotify:albums", "level": "info", "message": "Fetched 20 albums", "data": null}
{"event_time": "2025-10-03T12:23:34.552113", "where": "spotify:albums", "level": "info", "message": "Fetched 7 albums", "data": null}
{"event_time": "2025-10-03T12:23:35.008089", "where": "spotify:tracks", "level": "info", "message": "Fetched 50 tracks", "data": null}
{"event_time": "2025-10-03T12:23:35.898826", "where": "spotify:albums", "level": "info", "message": "Fetched 20 albums", "data": null}
{"event_time": "2025-10-03T12:23:37.014456", "where": "spotify:albums", "level": "info", "message": "Fetched 20 albums", "data": null}
{"event_time": "2025-10-03T12:23:37.626518", "where": "spotify:albums", "level": "info", "message": "Fetched 10 albums", "data": null}
{"event_time": "2025-10-03T12:23:38.078233", "where": "spotify:tracks", "level": "info", "message": "Fetched 50 tracks", "data": null}
{"event_time": "2025-10-03T12:23:38.294236", "where": "spotify:tracks", "level": "info", "message": "Fetched 1 tracks", "data": null}
{"event_time": "2025-10-03T12:23:39.016920", "where": "spotify:albums", "level": "info", "message": "Fetched 20 albums", "data": null}
{"event_time": "2025-10-03T12:23:40.010884", "where": "spotify:albums", "level": "info", "message": "Fetched 20 albums", "data": null}
{"event_time": "2025-10-03T12:23:40.696741", "where": "spotify:albums", "level": "info", "message": "Fetched 7 albums", "data": null}
{"event_time": "2025-10-03T12:23:41.147844", "where": "spotify:tracks", "level": "info", "message": "Fetched 50 tracks", "data": null}
{"event_time": "2025-10-03T12:23:42.353496", "where": "spotify:albums", "level": "info", "message": "Fetched 20 albums", "data": null}
{"event_time": "2025-10-03T12:23:43.259604", "where": "spotify:albums", "level": "info", "message": "Fetched 20 albums", "data": null}
{"event_time": "2025-10-03T12:23:43.867416", "where": "spotify:albums", "level": "info", "message": "Fetched 7 albums", "data": null}
{"event_time": "2025-10-03T12:23:44.388490", "where": "spotify:tracks", "level": "info", "message": "Fetched 50 tracks", "data": null}
{"event_time": "2025-10-03T12:23:45.430255", "where": "spotify:albums", "level": "info", "message": "Fetched 20 albums", "data": null}
{"event_time": "2025-10-03T12:23:46.291030", "where": "spotify:albums", "level": "info", "message": "Fetched 20 albums", "data": null}
{"event_time": "2025-10-03T12:23:46.809653", "where": "spotify:albums", "level": "info", "message": "Fetched 5 albums", "data": null}
{"event_time": "2025-10-03T12:23:47.185114", "where": "spotify:tracks", "level": "info", "message": "Fetched 49 tracks", "data": null}
{"event_time": "2025-10-03T12:23:48.391662", "where": "spotify:albums", "level": "info", "message": "Fetched 20 albums", "data": null}
{"event_time": "2025-10-03T12:23:49.942132", "where": "spotify:albums", "level": "info", "message": "Fetched 20 albums", "data": null}
{"event_time": "2025-10-03T12:23:50.520008", "where": "spotify:albums", "level": "info", "message": "Fetched 9 albums", "data": null}
{"event_time": "2025-10-03T12:23:51.022896", "where": "spotify:tracks", "level": "info", "message": "Fetched 50 tracks", "data": null}
{"event_time": "2025-10-03T12:23:52.613703", "where": "spotify:albums", "level": "info", "message": "Fetched 20 albums", "data": null}
{"event_time": "2025-10-03T12:23:53.839803", "where": "spotify:albums", "level": "info", "message": "Fetched 20 albums", "data": null}
{"event_time": "2025-10-03T12:23:54.623944", "where": "spotify:albums", "level": "info", "message": "Fetched 10 albums", "data": null}
{"event_time": "2025-10-03T12:23:55.324724", "where": "spotify:tracks", "level": "info", "message": "Fetched 50 tracks", "data": null}
{"event_time": "2025-10-03T12:23:56.593743", "where": "spotify:albums", "level": "info", "message": "Fetched 20 albums", "data": null}
{"event_time": "2025-10-03T12:23:57.797225", "where": "spotify:albums", "level": "info", "message": "Fetched 20 albums", "data": null}
{"event_time": "2025-10-03T12:23:58.278409", "where": "spotify:albums", "level": "info", "message": "Fetched 5 albums", "data": null}
{"event_time": "2025-10-03T12:23:58.792643", "where": "spotify:tracks", "level": "info", "message": "Fetched 49 tracks", "data": null}
{"event_time": "2025-10-03T12:24:00.488200", "where": "spotify:albums", "level": "info", "message": "Fetched 20 albums", "data": null}
{"event_time": "2025-10-03T12:24:01.682974", "where": "spotify:albums", "level": "info", "message": "Fetched 20 albums", "data": null}
{"event_time": "2025-10-03T12:24:03.174667", "where": "spotify:albums", "level": "info", "message": "Fetched 8 albums", "data": null}
{"event_time": "2025-10-03T12:24:03.707259", "where": "spotify:tracks", "level": "info", "message": "Fetched 50 tracks", "data": null}
{"event_time": "2025-10-03T12:24:04.674969", "where": "spotify:albums", "level": "info", "message": "Fetched 20 albums", "data": null}
{"event_time": "2025-10-03T12:24:06.054406", "where": "spotify:albums", "level": "info", "message": "Fetched 20 albums", "data": null}
{"event_time": "2025-10-03T12:24:06.669861", "where": "spotify:albums", "level": "info", "message": "Fetched 8 albums", "data": null}
{"event_time": "2025-10-03T12:24:07.115284", "where": "spotify:tracks", "level": "info", "message": "Fetched 50 tracks", "data": null}
{"event_time": "2025-10-03T12:24:07.856674", "where": "spotify:albums", "level": "info", "message": "Fetched 20 albums", "data": null}
{"event_time": "2025-10-03T12:24:08.963274", "where": "spotify:albums", "level": "info", "message": "Fetched 20 albums", "data": null}
{"event_time": "2025-10-03T12:24:09.641822", "where": "spotify:albums", "level": "info", "message": "Fetched 8 albums", "data": null}
{"event_time": "2025-10-03T12:24:10.181982", "where": "spotify:tracks", "level": "info", "message": "Fetched 50 tracks", "data": null}
{"event_time": "2025-10-03T12:24:11.189873", "where": "spotify:albums", "level": "info", "message": "Fetched 20 albums", "data": null}
{"event_time": "2025-10-03T12:24:12.031352", "where": "spotify:albums", "level": "info", "message": "Fetched 20 albums", "data": null}
{"event_time": "2025-10-03T12:24:12.838946", "where": "spotify:albums", "level": "info", "message": "Fetched 8 albums", "data": null}
{"event_time": "2025-10-03T12:24:13.335697", "where": "spotify:tracks", "level": "info", "message": "Fetched 50 tracks", "data": null}
{"event_time": "2025-10-03T12:24:14.296052", "where": "spotify:albums", "level": "info", "message": "Fetched 20 albums", "data": null}
{"event_time": "2025-10-03T12:24:15.319164", "where": "spotify:albums", "level": "info", "message": "Fetched 20 albums", "data": null}
{"event_time": "2025-10-03T12:24:15.658483", "where": "spotify:albums", "level": "info", "message": "Fetched 10 albums", "data": null}
{"event_time": "2025-10-03T12:24:16.052776", "where": "spotify:tracks", "level": "info", "message": "Fetched 38 tracks", "data": null}
{"event_time": "2025-10-03T12:24:16.924935", "where": "spotify:albums", "level": "info", "message": "Fetched 20 albums", "data": null}
{"event_time": "2025-10-03T12:24:17.769569", "where": "spotify:albums", "level": "info", "message": "Fetched 18 albums", "data": null}
{"event_time": "2025-10-03T12:24:18.306143", "where": "spotify:tracks", "level": "info", "message": "Fetched 50 tracks", "data": null}
{"event_time": "2025-10-03T12:24:18.863291", "where": "spotify:tracks", "level": "info", "message": "Fetched 50 tracks", "data": null}
{"event_time": "2025-10-03T12:24:19.461914", "where": "spotify:tracks", "level": "info", "message": "Fetched 50 tracks", "data": null}
{"event_time": "2025-10-03T12:24:20.074576", "where": "spotify:tracks", "level": "info", "message": "Fetched 50 tracks", "data": null}
{"event_time": "2025-10-03T12:24:20.742860", "where": "spotify:tracks", "level": "info", "message": "Fetched 50 tracks", "data": null}
{"event_time": "2025-10-03T12:24:21.244967", "where": "spotify:tracks", "level": "info", "message": "Fetched 50 tracks", "data": null}
{"event_time": "2025-10-03T12:24:21.744423", "where": "spotify:tracks", "level": "info", "message": "Fetched 50 tracks", "data": null}
{"event_time": "2025-10-03T12:24:22.320966", "where": "spotify:tracks", "level": "info", "message": "Fetched 50 tracks", "data": null}
{"event_time": "2025-10-03T12:24:22.817201", "where": "spotify:tracks", "level": "info", "message": "Fetched 50 tracks", "data": null}
{"event_time": "2025-10-03T12:24:23.391811", "where": "spotify:tracks", "level": "info", "message": "Fetched 50 tracks", "data": null}
{"event_time": "2025-10-03T12:24:23.980660", "where": "spotify:tracks", "level": "info", "message": "Fetched 50 tracks", "data": null}
{"event_time": "2025-10-03T12:24:24.569823", "where": "spotify:tracks", "level": "info", "message": "Fetched 50 tracks", "data": null}
{"event_time": "2025-10-03T12:24:25.065479", "where": "spotify:tracks", "level": "info", "message": "Fetched 50 tracks", "data": null}
{"event_time": "2025-10-03T12:24:25.531539", "where": "spotify:tracks", "level": "info", "message": "Fetched 50 tracks", "data": null}
{"event_time": "2025-10-03T12:24:25.964845", "where": "spotify:tracks", "level": "info", "message": "Fetched 50 tracks", "data": null}
{"event_time": "2025-10-03T12:24:26.446924", "where": "spotify:tracks", "level": "info", "message": "Fetched 50 tracks", "data": null}
{"event_time": "2025-10-03T12:24:29.983101", "where": "enrichment", "level": "error", "message": "Exception in background_enrich: MetadataEnricher.run_phase_breadth_first_years_remaining() missing 3 required positional arguments: 'per_art', 'per_show', and 'per_book'", "data": null}
{"event_time": "2025-10-03T12:55:36.330783", "where": "sanity", "level": "info", "message": "Starting spotify_sanity_check", "data": null}
{"event_time": "2025-10-03T12:55:36.753540", "where": "sanity", "level": "info", "message": "spotify_sanity_check result: ok=True, msg=ok", "data": null}
{"event_time": "2025-10-03T12:55:36.753992", "where": "sanity", "level": "info", "message": "Starting discogs_sanity_check", "data": null}
{"event_time": "2025-10-03T12:55:37.002132", "where": "sanity", "level": "info", "message": "discogs_sanity_check result: ok=True, msg=ok", "data": null}
{"event_time": "2025-10-03T12:55:37.038888", "where": "enrichment", "level": "info", "message": "Starting run_all()", "data": null}
{"event_time": "2025-10-03T12:55:57.940127", "where": "spotify:shows", "level": "info", "message": "Fetched 3 shows", "data": null}
{"event_time": "2025-10-03T12:55:58.675898", "where": "spotify:audiobooks", "level": "info", "message": "Fetched 1 audiobooks", "data": null}
{"event_time": "2025-10-03T12:55:59.885187", "where": "spotify:shows", "level": "info", "message": "Fetched 2 shows", "data": null}
{"event_time": "2025-10-03T12:56:00.910810", "where": "spotify:audiobooks", "level": "info", "message": "Fetched 2 audiobooks", "data": null}
{"event_time": "2025-10-03T12:56:01.641894", "where": "spotify:tracks", "level": "info", "message": "Fetched 50 tracks", "data": null}
{"event_time": "2025-10-03T12:56:02.457725", "where": "spotify:albums", "level": "info", "message": "Fetched 20 albums", "data": null}
{"event_time": "2025-10-03T12:56:03.371480", "where": "spotify:albums", "level": "info", "message": "Fetched 20 albums", "data": null}
{"event_time": "2025-10-03T12:56:03.757541", "where": "spotify:albums", "level": "info", "message": "Fetched 8 albums", "data": null}
{"event_time": "2025-10-03T12:56:04.264729", "where": "spotify:tracks", "level": "info", "message": "Fetched 50 tracks", "data": null}
{"event_time": "2025-10-03T12:56:05.063211", "where": "spotify:albums", "level": "info", "message": "Fetched 20 albums", "data": null}
{"event_time": "2025-10-03T12:56:06.153222", "where": "spotify:albums", "level": "info", "message": "Fetched 20 albums", "data": null}
{"event_time": "2025-10-03T12:56:06.726070", "where": "spotify:albums", "level": "info", "message": "Fetched 10 albums", "data": null}
{"event_time": "2025-10-03T12:56:07.232554", "where": "spotify:tracks", "level": "info", "message": "Fetched 50 tracks", "data": null}
{"event_time": "2025-10-03T12:56:08.398342", "where": "spotify:albums", "level": "info", "message": "Fetched 20 albums", "data": null}
{"event_time": "2025-10-03T12:56:09.299494", "where": "spotify:albums", "level": "info", "message": "Fetched 20 albums", "data": null}
{"event_time": "2025-10-03T12:56:09.923887", "where": "spotify:albums", "level": "info", "message": "Fetched 10 albums", "data": null}
{"event_time": "2025-10-03T12:56:10.402839", "where": "spotify:tracks", "level": "info", "message": "Fetched 50 tracks", "data": null}
{"event_time": "2025-10-03T12:56:11.331722", "where": "spotify:albums", "level": "info", "message": "Fetched 20 albums", "data": null}
{"event_time": "2025-10-03T12:56:12.150386", "where": "spotify:albums", "level": "info", "message": "Fetched 20 albums", "data": null}
{"event_time": "2025-10-03T12:56:12.777188", "where": "spotify:albums", "level": "info", "message": "Fetched 9 albums", "data": null}
{"event_time": "2025-10-03T12:56:13.377532", "where": "spotify:tracks", "level": "info", "message": "Fetched 50 tracks", "data": null}
{"event_time": "2025-10-03T12:56:13.579004", "where": "spotify:tracks", "level": "info", "message": "Fetched 2 tracks", "data": null}
{"event_time": "2025-10-03T12:56:14.748438", "where": "spotify:albums", "level": "info", "message": "Fetched 20 albums", "data": null}
{"event_time": "2025-10-03T12:56:15.639002", "where": "spotify:albums", "level": "info", "message": "Fetched 20 albums", "data": null}
{"event_time": "2025-10-03T12:56:15.979515", "where": "spotify:albums", "level": "info", "message": "Fetched 3 albums", "data": null}
{"event_time": "2025-10-03T12:56:16.433031", "where": "spotify:tracks", "level": "info", "message": "Fetched 50 tracks", "data": null}
{"event_time": "2025-10-03T12:56:16.695430", "where": "spotify:tracks", "level": "info", "message": "Fetched 1 tracks", "data": null}
{"event_time": "2025-10-03T12:56:17.593158", "where": "spotify:albums", "level": "info", "message": "Fetched 20 albums", "data": null}
{"event_time": "2025-10-03T12:56:18.821248", "where": "spotify:albums", "level": "info", "message": "Fetched 20 albums", "data": null}
{"event_time": "2025-10-03T12:56:19.513048", "where": "spotify:albums", "level": "info", "message": "Fetched 7 albums", "data": null}
{"event_time": "2025-10-03T12:56:20.007964", "where": "spotify:tracks", "level": "info", "message": "Fetched 49 tracks", "data": null}
{"event_time": "2025-10-03T12:56:21.264815", "where": "spotify:albums", "level": "info", "message": "Fetched 20 albums", "data": null}
{"event_time": "2025-10-03T12:56:22.634605", "where": "spotify:albums", "level": "info", "message": "Fetched 20 albums", "data": null}
{"event_time": "2025-10-03T12:56:23.030154", "where": "spotify:albums", "level": "info", "message": "Fetched 8 albums", "data": null}
{"event_time": "2025-10-03T12:56:23.554020", "where": "spotify:tracks", "level": "info", "message": "Fetched 50 tracks", "data": null}
{"event_time": "2025-10-03T12:56:24.243808", "where": "spotify:albums", "level": "info", "message": "Fetched 20 albums", "data": null}
{"event_time": "2025-10-03T12:56:25.263632", "where": "spotify:albums", "level": "info", "message": "Fetched 20 albums", "data": null}
{"event_time": "2025-10-03T12:56:25.975736", "where": "spotify:albums", "level": "info", "message": "Fetched 10 albums", "data": null}
{"event_time": "2025-10-03T12:56:26.462069", "where": "spotify:tracks", "level": "info", "message": "Fetched 50 tracks", "data": null}
{"event_time": "2025-10-03T12:56:27.409692", "where": "spotify:albums", "level": "info", "message": "Fetched 20 albums", "data": null}
{"event_time": "2025-10-03T12:56:28.649892", "where": "spotify:albums", "level": "info", "message": "Fetched 20 albums", "data": null}
{"event_time": "2025-10-03T12:56:29.355604", "where": "spotify:albums", "level": "info", "message": "Fetched 10 albums", "data": null}
{"event_time": "2025-10-03T12:56:29.911484", "where": "spotify:tracks", "level": "info", "message": "Fetched 50 tracks", "data": null}
{"event_time": "2025-10-03T12:56:31.006106", "where": "spotify:albums", "level": "info", "message": "Fetched 20 albums", "data": null}
{"event_time": "2025-10-03T12:56:32.010553", "where": "spotify:albums", "level": "info", "message": "Fetched 20 albums", "data": null}
{"event_time": "2025-10-03T12:56:32.420762", "where": "spotify:albums", "level": "info", "message": "Fetched 8 albums", "data": null}
{"event_time": "2025-10-03T12:56:32.826805", "where": "spotify:tracks", "level": "info", "message": "Fetched 50 tracks", "data": null}
{"event_time": "2025-10-03T12:56:33.056187", "where": "spotify:tracks", "level": "info", "message": "Fetched 1 tracks", "data": null}
{"event_time": "2025-10-03T12:56:33.970871", "where": "spotify:albums", "level": "info", "message": "Fetched 20 albums", "data": null}
{"event_time": "2025-10-03T12:56:34.771551", "where": "spotify:albums", "level": "info", "message": "Fetched 20 albums", "data": null}
{"event_time": "2025-10-03T12:56:35.161644", "where": "spotify:albums", "level": "info", "message": "Fetched 8 albums", "data": null}
{"event_time": "2025-10-03T12:56:35.774543", "where": "spotify:tracks", "level": "info", "message": "Fetched 50 tracks", "data": null}
{"event_time": "2025-10-03T12:56:36.631739", "where": "spotify:albums", "level": "info", "message": "Fetched 20 albums", "data": null}
{"event_time": "2025-10-03T12:56:37.129794", "where": "spotify:albums", "level": "info", "message": "Fetched 9 albums", "data": null}
{"event_time": "2025-10-03T12:56:37.643395", "where": "spotify:tracks", "level": "info", "message": "Fetched 50 tracks", "data": null}
{"event_time": "2025-10-03T12:56:38.913253", "where": "spotify:albums", "level": "info", "message": "Fetched 20 albums", "data": null}
{"event_time": "2025-10-03T12:56:39.978883", "where": "spotify:albums", "level": "info", "message": "Fetched 20 albums", "data": null}
{"event_time": "2025-10-03T12:56:40.685257", "where": "spotify:albums", "level": "info", "message": "Fetched 9 albums", "data": null}
{"event_time": "2025-10-03T12:56:41.303293", "where": "spotify:tracks", "level": "info", "message": "Fetched 50 tracks", "data": null}
{"event_time": "2025-10-03T12:56:42.469411", "where": "spotify:albums", "level": "info", "message": "Fetched 20 albums", "data": null}
{"event_time": "2025-10-03T12:56:43.312159", "where": "spotify:albums", "level": "info", "message": "Fetched 20 albums", "data": null}
{"event_time": "2025-10-03T12:56:43.916811", "where": "spotify:albums", "level": "info", "message": "Fetched 9 albums", "data": null}
{"event_time": "2025-10-03T12:56:44.548051", "where": "spotify:tracks", "level": "info", "message": "Fetched 49 tracks", "data": null}
{"event_time": "2025-10-03T12:56:45.974316", "where": "spotify:albums", "level": "info", "message": "Fetched 20 albums", "data": null}
{"event_time": "2025-10-03T12:56:46.960915", "where": "spotify:albums", "level": "info", "message": "Fetched 20 albums", "data": null}
{"event_time": "2025-10-03T12:56:47.562619", "where": "spotify:albums", "level": "info", "message": "Fetched 9 albums", "data": null}
{"event_time": "2025-10-03T12:56:48.101618", "where": "spotify:tracks", "level": "info", "message": "Fetched 50 tracks", "data": null}
{"event_time": "2025-10-03T12:56:48.332325", "where": "spotify:tracks", "level": "info", "message": "Fetched 1 tracks", "data": null}
{"event_time": "2025-10-03T12:56:49.680102", "where": "spotify:albums", "level": "info", "message": "Fetched 20 albums", "data": null}
{"event_time": "2025-10-03T12:56:50.804837", "where": "spotify:albums", "level": "info", "message": "Fetched 20 albums", "data": null}
{"event_time": "2025-10-03T12:56:51.286277", "where": "spotify:albums", "level": "info", "message": "Fetched 8 albums", "data": null}
{"event_time": "2025-10-03T12:56:51.775447", "where": "spotify:tracks", "level": "info", "message": "Fetched 50 tracks", "data": null}
{"event_time": "2025-10-03T12:56:52.644041", "where": "spotify:albums", "level": "info", "message": "Fetched 20 albums", "data": null}
{"event_time": "2025-10-03T12:56:54.068332", "where": "spotify:albums", "level": "info", "message": "Fetched 20 albums", "data": null}
{"event_time": "2025-10-03T12:56:54.515481", "where": "spotify:albums", "level": "info", "message": "Fetched 9 albums", "data": null}
{"event_time": "2025-10-03T12:56:55.052158", "where": "spotify:tracks", "level": "info", "message": "Fetched 50 tracks", "data": null}
{"event_time": "2025-10-03T12:56:56.008997", "where": "spotify:albums", "level": "info", "message": "Fetched 20 albums", "data": null}
{"event_time": "2025-10-03T12:56:56.959807", "where": "spotify:albums", "level": "info", "message": "Fetched 20 albums", "data": null}
{"event_time": "2025-10-03T12:56:57.710174", "where": "spotify:albums", "level": "info", "message": "Fetched 10 albums", "data": null}
{"event_time": "2025-10-03T12:56:58.238745", "where": "spotify:tracks", "level": "info", "message": "Fetched 50 tracks", "data": null}
{"event_time": "2025-10-03T12:56:59.245516", "where": "spotify:albums", "level": "info", "message": "Fetched 20 albums", "data": null}
{"event_time": "2025-10-03T12:57:00.217058", "where": "spotify:albums", "level": "info", "message": "Fetched 20 albums", "data": null}
{"event_time": "2025-10-03T12:57:00.576956", "where": "spotify:albums", "level": "info", "message": "Fetched 7 albums", "data": null}
{"event_time": "2025-10-03T12:57:01.269136", "where": "spotify:tracks", "level": "info", "message": "Fetched 50 tracks", "data": null}
{"event_time": "2025-10-03T12:57:01.527645", "where": "spotify:tracks", "level": "info", "message": "Fetched 1 tracks", "data": null}
{"event_time": "2025-10-03T12:57:02.858671", "where": "spotify:albums", "level": "info", "message": "Fetched 20 albums", "data": null}
{"event_time": "2025-10-03T12:57:03.688347", "where": "spotify:albums", "level": "info", "message": "Fetched 20 albums", "data": null}
{"event_time": "2025-10-03T12:57:04.425801", "where": "spotify:albums", "level": "info", "message": "Fetched 9 albums", "data": null}
{"event_time": "2025-10-03T12:57:04.980753", "where": "spotify:tracks", "level": "info", "message": "Fetched 50 tracks", "data": null}
{"event_time": "2025-10-03T12:57:06.559559", "where": "spotify:albums", "level": "info", "message": "Fetched 20 albums", "data": null}
{"event_time": "2025-10-03T12:57:07.765412", "where": "spotify:albums", "level": "info", "message": "Fetched 20 albums", "data": null}
{"event_time": "2025-10-03T12:57:08.461575", "where": "spotify:albums", "level": "info", "message": "Fetched 9 albums", "data": null}
{"event_time": "2025-10-03T12:57:08.872102", "where": "spotify:tracks", "level": "info", "message": "Fetched 50 tracks", "data": null}
{"event_time": "2025-10-03T12:57:09.931398", "where": "spotify:albums", "level": "info", "message": "Fetched 20 albums", "data": null}
{"event_time": "2025-10-03T12:57:10.937615", "where": "spotify:albums", "level": "info", "message": "Fetched 20 albums", "data": null}
{"event_time": "2025-10-03T12:57:11.284694", "where": "spotify:albums", "level": "info", "message": "Fetched 6 albums", "data": null}
{"event_time": "2025-10-03T12:57:11.913751", "where": "spotify:tracks", "level": "info", "message": "Fetched 50 tracks", "data": null}
{"event_time": "2025-10-03T12:57:12.864197", "where": "spotify:albums", "level": "info", "message": "Fetched 20 albums", "data": null}
{"event_time": "2025-10-03T12:57:13.825821", "where": "spotify:albums", "level": "info", "message": "Fetched 20 albums", "data": null}
{"event_time": "2025-10-03T12:57:14.379722", "where": "spotify:albums", "level": "info", "message": "Fetched 9 albums", "data": null}
{"event_time": "2025-10-03T12:57:14.770286", "where": "spotify:tracks", "level": "info", "message": "Fetched 50 tracks", "data": null}
{"event_time": "2025-10-03T12:57:15.829676", "where": "spotify:albums", "level": "info", "message": "Fetched 20 albums", "data": null}
{"event_time": "2025-10-03T12:57:16.740539", "where": "spotify:albums", "level": "info", "message": "Fetched 20 albums", "data": null}
{"event_time": "2025-10-03T12:57:17.253600", "where": "spotify:albums", "level": "info", "message": "Fetched 7 albums", "data": null}
{"event_time": "2025-10-03T12:57:17.778998", "where": "spotify:tracks", "level": "info", "message": "Fetched 50 tracks", "data": null}
{"event_time": "2025-10-03T12:57:19.070360", "where": "spotify:albums", "level": "info", "message": "Fetched 20 albums", "data": null}
{"event_time": "2025-10-03T12:57:20.050900", "where": "spotify:albums", "level": "info", "message": "Fetched 20 albums", "data": null}
{"event_time": "2025-10-03T12:57:20.711136", "where": "spotify:albums", "level": "info", "message": "Fetched 7 albums", "data": null}
{"event_time": "2025-10-03T12:57:21.191805", "where": "spotify:tracks", "level": "info", "message": "Fetched 50 tracks", "data": null}
{"event_time": "2025-10-03T12:57:22.194245", "where": "spotify:albums", "level": "info", "message": "Fetched 20 albums", "data": null}
{"event_time": "2025-10-03T12:57:23.302815", "where": "spotify:albums", "level": "info", "message": "Fetched 20 albums", "data": null}
{"event_time": "2025-10-03T12:57:23.862750", "where": "spotify:albums", "level": "info", "message": "Fetched 9 albums", "data": null}
{"event_time": "2025-10-03T12:57:24.309157", "where": "spotify:tracks", "level": "info", "message": "Fetched 50 tracks", "data": null}
{"event_time": "2025-10-03T12:57:25.343318", "where": "spotify:albums", "level": "info", "message": "Fetched 20 albums", "data": null}
{"event_time": "2025-10-03T12:57:26.635985", "where": "spotify:albums", "level": "info", "message": "Fetched 20 albums", "data": null}
{"event_time": "2025-10-03T12:57:27.364496", "where": "spotify:albums", "level": "info", "message": "Fetched 8 albums", "data": null}
{"event_time": "2025-10-03T12:57:27.875405", "where": "spotify:tracks", "level": "info", "message": "Fetched 50 tracks", "data": null}
{"event_time": "2025-10-03T12:57:28.728659", "where": "spotify:albums", "level": "info", "message": "Fetched 20 albums", "data": null}
{"event_time": "2025-10-03T12:57:30.011169", "where": "spotify:albums", "level": "info", "message": "Fetched 20 albums", "data": null}
{"event_time": "2025-10-03T12:57:30.407612", "where": "spotify:albums", "level": "info", "message": "Fetched 8 albums", "data": null}
{"event_time": "2025-10-03T12:57:30.840158", "where": "spotify:tracks", "level": "info", "message": "Fetched 50 tracks", "data": null}
{"event_time": "2025-10-03T12:57:31.954476", "where": "spotify:albums", "level": "info", "message": "Fetched 20 albums", "data": null}
{"event_time": "2025-10-03T12:57:33.089986", "where": "spotify:albums", "level": "info", "message": "Fetched 20 albums", "data": null}
{"event_time": "2025-10-03T12:57:33.704628", "where": "spotify:albums", "level": "info", "message": "Fetched 9 albums", "data": null}
{"event_time": "2025-10-03T12:57:34.168855", "where": "spotify:tracks", "level": "info", "message": "Fetched 50 tracks", "data": null}
{"event_time": "2025-10-03T12:57:35.051945", "where": "spotify:albums", "level": "info", "message": "Fetched 20 albums", "data": null}
{"event_time": "2025-10-03T12:57:35.821380", "where": "spotify:albums", "level": "info", "message": "Fetched 20 albums", "data": null}
{"event_time": "2025-10-03T12:57:36.406975", "where": "spotify:albums", "level": "info", "message": "Fetched 10 albums", "data": null}
{"event_time": "2025-10-03T12:57:38.578941", "where": "spotify:tracks", "level": "info", "message": "Fetched 50 tracks", "data": null}
{"event_time": "2025-10-03T12:57:39.351451", "where": "spotify:albums", "level": "info", "message": "Fetched 20 albums", "data": null}
{"event_time": "2025-10-03T12:57:40.503082", "where": "spotify:albums", "level": "info", "message": "Fetched 20 albums", "data": null}
{"event_time": "2025-10-03T12:57:41.288463", "where": "spotify:albums", "level": "info", "message": "Fetched 10 albums", "data": null}
{"event_time": "2025-10-03T12:57:41.873862", "where": "spotify:tracks", "level": "info", "message": "Fetched 49 tracks", "data": null}
{"event_time": "2025-10-03T12:57:43.456597", "where": "spotify:albums", "level": "info", "message": "Fetched 20 albums", "data": null}
{"event_time": "2025-10-03T12:57:44.310653", "where": "spotify:albums", "level": "info", "message": "Fetched 20 albums", "data": null}
{"event_time": "2025-10-03T12:57:44.865295", "where": "spotify:albums", "level": "info", "message": "Fetched 7 albums", "data": null}
{"event_time": "2025-10-03T12:57:45.328608", "where": "spotify:tracks", "level": "info", "message": "Fetched 50 tracks", "data": null}
{"event_time": "2025-10-03T12:57:46.289548", "where": "spotify:albums", "level": "info", "message": "Fetched 20 albums", "data": null}
{"event_time": "2025-10-03T12:57:47.056497", "where": "spotify:albums", "level": "info", "message": "Fetched 20 albums", "data": null}
{"event_time": "2025-10-03T12:57:47.676377", "where": "spotify:albums", "level": "info", "message": "Fetched 10 albums", "data": null}
{"event_time": "2025-10-03T12:57:48.123500", "where": "spotify:tracks", "level": "info", "message": "Fetched 50 tracks", "data": null}
{"event_time": "2025-10-03T12:57:49.097450", "where": "spotify:albums", "level": "info", "message": "Fetched 20 albums", "data": null}
{"event_time": "2025-10-03T12:57:50.244809", "where": "spotify:albums", "level": "info", "message": "Fetched 20 albums", "data": null}
{"event_time": "2025-10-03T12:57:50.974162", "where": "spotify:albums", "level": "info", "message": "Fetched 10 albums", "data": null}
{"event_time": "2025-10-03T12:57:51.510318", "where": "spotify:tracks", "level": "info", "message": "Fetched 50 tracks", "data": null}
{"event_time": "2025-10-03T12:57:52.247378", "where": "spotify:albums", "level": "info", "message": "Fetched 20 albums", "data": null}
{"event_time": "2025-10-03T12:57:52.940959", "where": "spotify:albums", "level": "info", "message": "Fetched 20 albums", "data": null}
{"event_time": "2025-10-03T12:57:53.589318", "where": "spotify:albums", "level": "info", "message": "Fetched 7 albums", "data": null}
{"event_time": "2025-10-03T12:57:54.067890", "where": "spotify:tracks", "level": "info", "message": "Fetched 50 tracks", "data": null}
{"event_time": "2025-10-03T12:57:55.135174", "where": "spotify:albums", "level": "info", "message": "Fetched 20 albums", "data": null}
{"event_time": "2025-10-03T12:57:56.053112", "where": "spotify:albums", "level": "info", "message": "Fetched 20 albums", "data": null}
{"event_time": "2025-10-03T12:57:56.711877", "where": "spotify:albums", "level": "info", "message": "Fetched 6 albums", "data": null}
{"event_time": "2025-10-03T12:57:57.241356", "where": "spotify:tracks", "level": "info", "message": "Fetched 50 tracks", "data": null}
{"event_time": "2025-10-03T12:57:58.157358", "where": "spotify:albums", "level": "info", "message": "Fetched 20 albums", "data": null}
{"event_time": "2025-10-03T12:57:59.031725", "where": "spotify:albums", "level": "info", "message": "Fetched 20 albums", "data": null}
{"event_time": "2025-10-03T12:57:59.445733", "where": "spotify:albums", "level": "info", "message": "Fetched 6 albums", "data": null}
{"event_time": "2025-10-03T12:57:59.846071", "where": "spotify:tracks", "level": "info", "message": "Fetched 50 tracks", "data": null}
{"event_time": "2025-10-03T12:58:01.449613", "where": "spotify:albums", "level": "info", "message": "Fetched 20 albums", "data": null}
{"event_time": "2025-10-03T12:58:02.266793", "where": "spotify:albums", "level": "info", "message": "Fetched 20 albums", "data": null}
{"event_time": "2025-10-03T12:58:03.088945", "where": "spotify:albums", "level": "info", "message": "Fetched 9 albums", "data": null}
{"event_time": "2025-10-03T12:58:03.551468", "where": "spotify:tracks", "level": "info", "message": "Fetched 50 tracks", "data": null}
{"event_time": "2025-10-03T12:58:03.846565", "where": "spotify:tracks", "level": "info", "message": "Fetched 1 tracks", "data": null}
{"event_time": "2025-10-03T12:58:04.846092", "where": "spotify:albums", "level": "info", "message": "Fetched 20 albums", "data": null}
{"event_time": "2025-10-03T12:58:06.317694", "where": "spotify:albums", "level": "info", "message": "Fetched 20 albums", "data": null}
{"event_time": "2025-10-03T12:58:06.863042", "where": "spotify:albums", "level": "info", "message": "Fetched 9 albums", "data": null}
{"event_time": "2025-10-03T12:58:07.377852", "where": "spotify:tracks", "level": "info", "message": "Fetched 50 tracks", "data": null}
{"event_time": "2025-10-03T12:58:08.204232", "where": "spotify:albums", "level": "info", "message": "Fetched 20 albums", "data": null}
{"event_time": "2025-10-03T12:58:09.133058", "where": "spotify:albums", "level": "info", "message": "Fetched 20 albums", "data": null}
{"event_time": "2025-10-03T12:58:09.694004", "where": "spotify:albums", "level": "info", "message": "Fetched 10 albums", "data": null}
{"event_time": "2025-10-03T12:58:10.235982", "where": "spotify:tracks", "level": "info", "message": "Fetched 50 tracks", "data": null}
{"event_time": "2025-10-03T12:58:11.319952", "where": "spotify:albums", "level": "info", "message": "Fetched 20 albums", "data": null}
{"event_time": "2025-10-03T12:58:12.322445", "where": "spotify:albums", "level": "info", "message": "Fetched 20 albums", "data": null}
{"event_time": "2025-10-03T12:58:12.904049", "where": "spotify:albums", "level": "info", "message": "Fetched 9 albums", "data": null}
{"event_time": "2025-10-03T12:58:13.597078", "where": "spotify:tracks", "level": "info", "message": "Fetched 50 tracks", "data": null}
{"event_time": "2025-10-03T12:58:14.447499", "where": "spotify:albums", "level": "info", "message": "Fetched 20 albums", "data": null}
{"event_time": "2025-10-03T12:58:15.272837", "where": "spotify:albums", "level": "info", "message": "Fetched 20 albums", "data": null}
{"event_time": "2025-10-03T12:58:15.780114", "where": "spotify:albums", "level": "info", "message": "Fetched 10 albums", "data": null}
{"event_time": "2025-10-03T12:58:16.388782", "where": "spotify:tracks", "level": "info", "message": "Fetched 50 tracks", "data": null}
{"event_time": "2025-10-03T12:58:17.743527", "where": "spotify:albums", "level": "info", "message": "Fetched 20 albums", "data": null}
{"event_time": "2025-10-03T12:58:18.802237", "where": "spotify:albums", "level": "info", "message": "Fetched 20 albums", "data": null}
{"event_time": "2025-10-03T12:58:19.453724", "where": "spotify:albums", "level": "info", "message": "Fetched 9 albums", "data": null}
{"event_time": "2025-10-03T12:58:19.976731", "where": "spotify:tracks", "level": "info", "message": "Fetched 49 tracks", "data": null}
{"event_time": "2025-10-03T12:58:21.420975", "where": "spotify:albums", "level": "info", "message": "Fetched 20 albums", "data": null}
{"event_time": "2025-10-03T12:58:22.451986", "where": "spotify:albums", "level": "info", "message": "Fetched 20 albums", "data": null}
{"event_time": "2025-10-03T12:58:23.002297", "where": "spotify:albums", "level": "info", "message": "Fetched 8 albums", "data": null}
{"event_time": "2025-10-03T12:58:23.637450", "where": "spotify:tracks", "level": "info", "message": "Fetched 50 tracks", "data": null}
{"event_time": "2025-10-03T12:58:23.856512", "where": "spotify:tracks", "level": "info", "message": "Fetched 1 tracks", "data": null}
{"event_time": "2025-10-03T12:58:24.586292", "where": "spotify:albums", "level": "info", "message": "Fetched 20 albums", "data": null}
{"event_time": "2025-10-03T12:58:25.656833", "where": "spotify:albums", "level": "info", "message": "Fetched 20 albums", "data": null}
{"event_time": "2025-10-03T12:58:26.193482", "where": "spotify:albums", "level": "info", "message": "Fetched 9 albums", "data": null}
{"event_time": "2025-10-03T12:58:26.702312", "where": "spotify:tracks", "level": "info", "message": "Fetched 50 tracks", "data": null}
{"event_time": "2025-10-03T12:58:26.946268", "where": "spotify:tracks", "level": "info", "message": "Fetched 1 tracks", "data": null}
{"event_time": "2025-10-03T12:58:27.940447", "where": "spotify:albums", "level": "info", "message": "Fetched 20 albums", "data": null}
{"event_time": "2025-10-03T12:58:29.408309", "where": "spotify:albums", "level": "info", "message": "Fetched 20 albums", "data": null}
{"event_time": "2025-10-03T12:58:30.024930", "where": "spotify:albums", "level": "info", "message": "Fetched 7 albums", "data": null}
{"event_time": "2025-10-03T12:58:33.551769", "where": "spotify:tracks", "level": "info", "message": "Fetched 50 tracks", "data": null}
{"event_time": "2025-10-03T12:58:34.421067", "where": "spotify:albums", "level": "info", "message": "Fetched 20 albums", "data": null}
{"event_time": "2025-10-03T12:58:35.109664", "where": "spotify:albums", "level": "info", "message": "Fetched 20 albums", "data": null}
{"event_time": "2025-10-03T12:58:35.717475", "where": "spotify:albums", "level": "info", "message": "Fetched 7 albums", "data": null}
{"event_time": "2025-10-03T12:58:36.220786", "where": "spotify:tracks", "level": "info", "message": "Fetched 50 tracks", "data": null}
{"event_time": "2025-10-03T12:58:36.951922", "where": "spotify:albums", "level": "info", "message": "Fetched 20 albums", "data": null}
{"event_time": "2025-10-03T12:58:38.054776", "where": "spotify:albums", "level": "info", "message": "Fetched 20 albums", "data": null}
{"event_time": "2025-10-03T12:58:38.664395", "where": "spotify:albums", "level": "info", "message": "Fetched 10 albums", "data": null}
{"event_time": "2025-10-03T12:58:39.120115", "where": "spotify:tracks", "level": "info", "message": "Fetched 50 tracks", "data": null}
{"event_time": "2025-10-03T12:58:39.356733", "where": "spotify:tracks", "level": "info", "message": "Fetched 1 tracks", "data": null}
{"event_time": "2025-10-03T12:58:40.167887", "where": "spotify:albums", "level": "info", "message": "Fetched 20 albums", "data": null}
{"event_time": "2025-10-03T12:58:41.374341", "where": "spotify:albums", "level": "info", "message": "Fetched 20 albums", "data": null}
{"event_time": "2025-10-03T12:58:42.005724", "where": "spotify:albums", "level": "info", "message": "Fetched 7 albums", "data": null}
{"event_time": "2025-10-03T12:58:42.412573", "where": "spotify:tracks", "level": "info", "message": "Fetched 50 tracks", "data": null}
{"event_time": "2025-10-03T12:58:43.872299", "where": "spotify:albums", "level": "info", "message": "Fetched 20 albums", "data": null}
{"event_time": "2025-10-03T12:58:44.935691", "where": "spotify:albums", "level": "info", "message": "Fetched 20 albums", "data": null}
{"event_time": "2025-10-03T12:58:45.441437", "where": "spotify:albums", "level": "info", "message": "Fetched 7 albums", "data": null}
{"event_time": "2025-10-03T12:58:45.907203", "where": "spotify:tracks", "level": "info", "message": "Fetched 50 tracks", "data": null}
{"event_time": "2025-10-03T12:58:46.768121", "where": "spotify:albums", "level": "info", "message": "Fetched 20 albums", "data": null}
{"event_time": "2025-10-03T12:58:47.906982", "where": "spotify:albums", "level": "info", "message": "Fetched 20 albums", "data": null}
{"event_time": "2025-10-03T12:58:48.236203", "where": "spotify:albums", "level": "info", "message": "Fetched 5 albums", "data": null}
{"event_time": "2025-10-03T12:58:48.670420", "where": "spotify:tracks", "level": "info", "message": "Fetched 49 tracks", "data": null}
{"event_time": "2025-10-03T12:58:49.887027", "where": "spotify:albums", "level": "info", "message": "Fetched 20 albums", "data": null}
{"event_time": "2025-10-03T12:58:51.321559", "where": "spotify:albums", "level": "info", "message": "Fetched 20 albums", "data": null}
{"event_time": "2025-10-03T12:58:51.920995", "where": "spotify:albums", "level": "info", "message": "Fetched 9 albums", "data": null}
{"event_time": "2025-10-03T12:58:52.580905", "where": "spotify:tracks", "level": "info", "message": "Fetched 50 tracks", "data": null}
{"event_time": "2025-10-03T12:58:53.794863", "where": "spotify:albums", "level": "info", "message": "Fetched 20 albums", "data": null}
{"event_time": "2025-10-03T12:58:55.154151", "where": "spotify:albums", "level": "info", "message": "Fetched 20 albums", "data": null}
{"event_time": "2025-10-03T12:58:55.735518", "where": "spotify:albums", "level": "info", "message": "Fetched 10 albums", "data": null}
{"event_time": "2025-10-03T12:58:56.271896", "where": "spotify:tracks", "level": "info", "message": "Fetched 50 tracks", "data": null}
{"event_time": "2025-10-03T12:58:57.546182", "where": "spotify:albums", "level": "info", "message": "Fetched 20 albums", "data": null}
{"event_time": "2025-10-03T12:58:58.550057", "where": "spotify:albums", "level": "info", "message": "Fetched 20 albums", "data": null}
{"event_time": "2025-10-03T12:58:59.055185", "where": "spotify:albums", "level": "info", "message": "Fetched 5 albums", "data": null}
{"event_time": "2025-10-03T12:58:59.546804", "where": "spotify:tracks", "level": "info", "message": "Fetched 49 tracks", "data": null}
{"event_time": "2025-10-03T12:59:01.063779", "where": "spotify:albums", "level": "info", "message": "Fetched 20 albums", "data": null}
{"event_time": "2025-10-03T12:59:01.958882", "where": "spotify:albums", "level": "info", "message": "Fetched 20 albums", "data": null}
{"event_time": "2025-10-03T12:59:02.684250", "where": "spotify:albums", "level": "info", "message": "Fetched 8 albums", "data": null}
{"event_time": "2025-10-03T12:59:03.227005", "where": "spotify:tracks", "level": "info", "message": "Fetched 50 tracks", "data": null}
{"event_time": "2025-10-03T12:59:04.019288", "where": "spotify:albums", "level": "info", "message": "Fetched 20 albums", "data": null}
{"event_time": "2025-10-03T12:59:04.940620", "where": "spotify:albums", "level": "info", "message": "Fetched 20 albums", "data": null}
{"event_time": "2025-10-03T12:59:05.412679", "where": "spotify:albums", "level": "info", "message": "Fetched 8 albums", "data": null}
{"event_time": "2025-10-03T12:59:05.807360", "where": "spotify:tracks", "level": "info", "message": "Fetched 50 tracks", "data": null}
{"event_time": "2025-10-03T12:59:06.441822", "where": "spotify:albums", "level": "info", "message": "Fetched 20 albums", "data": null}
{"event_time": "2025-10-03T12:59:07.385737", "where": "spotify:albums", "level": "info", "message": "Fetched 20 albums", "data": null}
{"event_time": "2025-10-03T12:59:07.868900", "where": "spotify:albums", "level": "info", "message": "Fetched 8 albums", "data": null}
{"event_time": "2025-10-03T12:59:08.405175", "where": "spotify:tracks", "level": "info", "message": "Fetched 50 tracks", "data": null}
{"event_time": "2025-10-03T12:59:09.295878", "where": "spotify:albums", "level": "info", "message": "Fetched 20 albums", "data": null}
{"event_time": "2025-10-03T12:59:10.150147", "where": "spotify:albums", "level": "info", "message": "Fetched 20 albums", "data": null}
{"event_time": "2025-10-03T12:59:10.989426", "where": "spotify:albums", "level": "info", "message": "Fetched 8 albums", "data": null}
{"event_time": "2025-10-03T12:59:11.386325", "where": "spotify:tracks", "level": "info", "message": "Fetched 50 tracks", "data": null}
{"event_time": "2025-10-03T12:59:12.223301", "where": "spotify:albums", "level": "info", "message": "Fetched 20 albums", "data": null}
{"event_time": "2025-10-03T12:59:13.396272", "where": "spotify:albums", "level": "info", "message": "Fetched 20 albums", "data": null}
{"event_time": "2025-10-03T12:59:13.774271", "where": "spotify:albums", "level": "info", "message": "Fetched 10 albums", "data": null}
{"event_time": "2025-10-03T12:59:14.138755", "where": "spotify:tracks", "level": "info", "message": "Fetched 38 tracks", "data": null}
{"event_time": "2025-10-03T12:59:15.074416", "where": "spotify:albums", "level": "info", "message": "Fetched 20 albums", "data": null}
{"event_time": "2025-10-03T12:59:15.890540", "where": "spotify:albums", "level": "info", "message": "Fetched 18 albums", "data": null}
{"event_time": "2025-10-03T12:59:19.184184", "where": "enrichment", "level": "error", "message": "Exception in background_enrich: 'minutes_played'", "data": null}
{"event_time": "2025-10-03T13:40:16.422044", "where": "sanity", "level": "info", "message": "Starting spotify_sanity_check", "data": null}
{"event_time": "2025-10-03T13:40:16.991799", "where": "sanity", "level": "info", "message": "spotify_sanity_check result: ok=True, msg=ok", "data": null}
{"event_time": "2025-10-03T13:40:16.992522", "where": "sanity", "level": "info", "message": "Starting discogs_sanity_check", "data": null}
{"event_time": "2025-10-03T13:40:17.245187", "where": "sanity", "level": "info", "message": "discogs_sanity_check result: ok=True, msg=ok", "data": null}
{"event_time": "2025-10-03T13:40:17.284879", "where": "enrichment", "level": "info", "message": "Starting run_all()", "data": null}
{"event_time": "2025-10-03T13:40:39.030156", "where": "spotify:shows", "level": "info", "message": "Fetched 3 shows", "data": null}
{"event_time": "2025-10-03T13:40:39.902942", "where": "spotify:audiobooks", "level": "info", "message": "Fetched 1 audiobooks", "data": null}
{"event_time": "2025-10-03T13:40:41.663309", "where": "spotify:shows", "level": "info", "message": "Fetched 2 shows", "data": null}
{"event_time": "2025-10-03T13:40:42.988408", "where": "spotify:audiobooks", "level": "info", "message": "Fetched 2 audiobooks", "data": null}
{"event_time": "2025-10-03T13:40:43.797987", "where": "spotify:tracks", "level": "info", "message": "Fetched 50 tracks", "data": null}
{"event_time": "2025-10-03T13:40:44.678013", "where": "spotify:albums", "level": "info", "message": "Fetched 20 albums", "data": null}
{"event_time": "2025-10-03T13:40:45.999143", "where": "spotify:albums", "level": "info", "message": "Fetched 20 albums", "data": null}
{"event_time": "2025-10-03T13:40:46.481823", "where": "spotify:albums", "level": "info", "message": "Fetched 8 albums", "data": null}
{"event_time": "2025-10-03T13:40:46.865169", "where": "spotify:tracks", "level": "info", "message": "Fetched 50 tracks", "data": null}
{"event_time": "2025-10-03T13:40:47.971546", "where": "spotify:albums", "level": "info", "message": "Fetched 20 albums", "data": null}
{"event_time": "2025-10-03T13:40:48.927629", "where": "spotify:albums", "level": "info", "message": "Fetched 20 albums", "data": null}
{"event_time": "2025-10-03T13:40:49.514898", "where": "spotify:albums", "level": "info", "message": "Fetched 10 albums", "data": null}
{"event_time": "2025-10-03T13:40:50.046952", "where": "spotify:tracks", "level": "info", "message": "Fetched 50 tracks", "data": null}
{"event_time": "2025-10-03T13:40:51.432736", "where": "spotify:albums", "level": "info", "message": "Fetched 20 albums", "data": null}
{"event_time": "2025-10-03T13:40:52.338920", "where": "spotify:albums", "level": "info", "message": "Fetched 20 albums", "data": null}
{"event_time": "2025-10-03T13:40:53.269339", "where": "spotify:albums", "level": "info", "message": "Fetched 10 albums", "data": null}
{"event_time": "2025-10-03T13:40:53.833770", "where": "spotify:tracks", "level": "info", "message": "Fetched 50 tracks", "data": null}
{"event_time": "2025-10-03T13:40:54.793657", "where": "spotify:albums", "level": "info", "message": "Fetched 20 albums", "data": null}
{"event_time": "2025-10-03T13:40:55.713998", "where": "spotify:albums", "level": "info", "message": "Fetched 20 albums", "data": null}
{"event_time": "2025-10-03T13:40:56.392985", "where": "spotify:albums", "level": "info", "message": "Fetched 9 albums", "data": null}
{"event_time": "2025-10-03T13:40:56.890186", "where": "spotify:tracks", "level": "info", "message": "Fetched 50 tracks", "data": null}
{"event_time": "2025-10-03T13:40:57.124163", "where": "spotify:tracks", "level": "info", "message": "Fetched 2 tracks", "data": null}
{"event_time": "2025-10-03T13:40:58.517125", "where": "spotify:albums", "level": "info", "message": "Fetched 20 albums", "data": null}
{"event_time": "2025-10-03T13:40:59.509446", "where": "spotify:albums", "level": "info", "message": "Fetched 20 albums", "data": null}
{"event_time": "2025-10-03T13:40:59.892322", "where": "spotify:albums", "level": "info", "message": "Fetched 3 albums", "data": null}
{"event_time": "2025-10-03T13:41:00.377676", "where": "spotify:tracks", "level": "info", "message": "Fetched 50 tracks", "data": null}
{"event_time": "2025-10-03T13:41:00.587201", "where": "spotify:tracks", "level": "info", "message": "Fetched 1 tracks", "data": null}
{"event_time": "2025-10-03T13:41:01.658379", "where": "spotify:albums", "level": "info", "message": "Fetched 20 albums", "data": null}
{"event_time": "2025-10-03T13:41:02.648646", "where": "spotify:albums", "level": "info", "message": "Fetched 20 albums", "data": null}
{"event_time": "2025-10-03T13:41:03.242619", "where": "spotify:albums", "level": "info", "message": "Fetched 7 albums", "data": null}
{"event_time": "2025-10-03T13:41:03.680715", "where": "spotify:tracks", "level": "info", "message": "Fetched 49 tracks", "data": null}
{"event_time": "2025-10-03T13:41:05.313440", "where": "spotify:albums", "level": "info", "message": "Fetched 20 albums", "data": null}
{"event_time": "2025-10-03T13:41:06.510993", "where": "spotify:albums", "level": "info", "message": "Fetched 20 albums", "data": null}
{"event_time": "2025-10-03T13:41:07.111820", "where": "spotify:albums", "level": "info", "message": "Fetched 8 albums", "data": null}
{"event_time": "2025-10-03T13:41:07.559036", "where": "spotify:tracks", "level": "info", "message": "Fetched 50 tracks", "data": null}
{"event_time": "2025-10-03T13:41:08.499935", "where": "spotify:albums", "level": "info", "message": "Fetched 20 albums", "data": null}
{"event_time": "2025-10-03T13:41:09.619496", "where": "spotify:albums", "level": "info", "message": "Fetched 20 albums", "data": null}
{"event_time": "2025-10-03T13:41:10.456681", "where": "spotify:albums", "level": "info", "message": "Fetched 10 albums", "data": null}
{"event_time": "2025-10-03T13:41:10.961215", "where": "spotify:tracks", "level": "info", "message": "Fetched 50 tracks", "data": null}
{"event_time": "2025-10-03T13:41:12.442746", "where": "spotify:albums", "level": "info", "message": "Fetched 20 albums", "data": null}
{"event_time": "2025-10-03T13:41:13.920459", "where": "spotify:albums", "level": "info", "message": "Fetched 20 albums", "data": null}
{"event_time": "2025-10-03T13:41:14.907440", "where": "spotify:albums", "level": "info", "message": "Fetched 10 albums", "data": null}
{"event_time": "2025-10-03T13:41:15.418657", "where": "spotify:tracks", "level": "info", "message": "Fetched 50 tracks", "data": null}
{"event_time": "2025-10-03T13:41:16.416386", "where": "spotify:albums", "level": "info", "message": "Fetched 20 albums", "data": null}
{"event_time": "2025-10-03T13:41:17.389734", "where": "spotify:albums", "level": "info", "message": "Fetched 20 albums", "data": null}
{"event_time": "2025-10-03T13:41:17.815713", "where": "spotify:albums", "level": "info", "message": "Fetched 8 albums", "data": null}
{"event_time": "2025-10-03T13:41:18.396793", "where": "spotify:tracks", "level": "info", "message": "Fetched 50 tracks", "data": null}
{"event_time": "2025-10-03T13:41:18.642153", "where": "spotify:tracks", "level": "info", "message": "Fetched 1 tracks", "data": null}
{"event_time": "2025-10-03T13:41:19.623710", "where": "spotify:albums", "level": "info", "message": "Fetched 20 albums", "data": null}
{"event_time": "2025-10-03T13:41:20.453195", "where": "spotify:albums", "level": "info", "message": "Fetched 20 albums", "data": null}
{"event_time": "2025-10-03T13:41:20.867722", "where": "spotify:albums", "level": "info", "message": "Fetched 8 albums", "data": null}
{"event_time": "2025-10-03T13:41:21.240624", "where": "spotify:tracks", "level": "info", "message": "Fetched 50 tracks", "data": null}
{"event_time": "2025-10-03T13:41:22.184917", "where": "spotify:albums", "level": "info", "message": "Fetched 20 albums", "data": null}
{"event_time": "2025-10-03T13:41:22.576494", "where": "spotify:albums", "level": "info", "message": "Fetched 9 albums", "data": null}
{"event_time": "2025-10-03T13:41:23.116227", "where": "spotify:tracks", "level": "info", "message": "Fetched 50 tracks", "data": null}
{"event_time": "2025-10-03T13:41:24.503289", "where": "spotify:albums", "level": "info", "message": "Fetched 20 albums", "data": null}
{"event_time": "2025-10-03T13:41:25.475353", "where": "spotify:albums", "level": "info", "message": "Fetched 20 albums", "data": null}
{"event_time": "2025-10-03T13:41:25.907170", "where": "spotify:albums", "level": "info", "message": "Fetched 9 albums", "data": null}
{"event_time": "2025-10-03T13:41:26.357775", "where": "spotify:tracks", "level": "info", "message": "Fetched 50 tracks", "data": null}
{"event_time": "2025-10-03T13:41:27.414147", "where": "spotify:albums", "level": "info", "message": "Fetched 20 albums", "data": null}
{"event_time": "2025-10-03T13:41:28.259680", "where": "spotify:albums", "level": "info", "message": "Fetched 20 albums", "data": null}
{"event_time": "2025-10-03T13:41:28.839380", "where": "spotify:albums", "level": "info", "message": "Fetched 9 albums", "data": null}
{"event_time": "2025-10-03T13:41:29.336107", "where": "spotify:tracks", "level": "info", "message": "Fetched 49 tracks", "data": null}
{"event_time": "2025-10-03T13:41:30.695621", "where": "spotify:albums", "level": "info", "message": "Fetched 20 albums", "data": null}
{"event_time": "2025-10-03T13:41:31.821891", "where": "spotify:albums", "level": "info", "message": "Fetched 20 albums", "data": null}
{"event_time": "2025-10-03T13:41:32.510234", "where": "spotify:albums", "level": "info", "message": "Fetched 9 albums", "data": null}
{"event_time": "2025-10-03T13:41:32.983384", "where": "spotify:tracks", "level": "info", "message": "Fetched 50 tracks", "data": null}
{"event_time": "2025-10-03T13:41:33.221042", "where": "spotify:tracks", "level": "info", "message": "Fetched 1 tracks", "data": null}
{"event_time": "2025-10-03T13:41:34.480321", "where": "spotify:albums", "level": "info", "message": "Fetched 20 albums", "data": null}
{"event_time": "2025-10-03T13:41:35.827371", "where": "spotify:albums", "level": "info", "message": "Fetched 20 albums", "data": null}
{"event_time": "2025-10-03T13:41:36.398621", "where": "spotify:albums", "level": "info", "message": "Fetched 8 albums", "data": null}
{"event_time": "2025-10-03T13:41:36.906355", "where": "spotify:tracks", "level": "info", "message": "Fetched 50 tracks", "data": null}
{"event_time": "2025-10-03T13:41:37.762265", "where": "spotify:albums", "level": "info", "message": "Fetched 20 albums", "data": null}
{"event_time": "2025-10-03T13:41:38.899825", "where": "spotify:albums", "level": "info", "message": "Fetched 20 albums", "data": null}
{"event_time": "2025-10-03T13:41:39.267977", "where": "spotify:albums", "level": "info", "message": "Fetched 9 albums", "data": null}
{"event_time": "2025-10-03T13:41:39.773461", "where": "spotify:tracks", "level": "info", "message": "Fetched 50 tracks", "data": null}
{"event_time": "2025-10-03T13:41:40.633205", "where": "spotify:albums", "level": "info", "message": "Fetched 20 albums", "data": null}
{"event_time": "2025-10-03T13:41:41.529604", "where": "spotify:albums", "level": "info", "message": "Fetched 20 albums", "data": null}
{"event_time": "2025-10-03T13:41:42.345872", "where": "spotify:albums", "level": "info", "message": "Fetched 10 albums", "data": null}
{"event_time": "2025-10-03T13:41:42.833794", "where": "spotify:tracks", "level": "info", "message": "Fetched 50 tracks", "data": null}
{"event_time": "2025-10-03T13:41:43.686815", "where": "spotify:albums", "level": "info", "message": "Fetched 20 albums", "data": null}
{"event_time": "2025-10-03T13:41:44.592164", "where": "spotify:albums", "level": "info", "message": "Fetched 20 albums", "data": null}
{"event_time": "2025-10-03T13:41:45.009367", "where": "spotify:albums", "level": "info", "message": "Fetched 7 albums", "data": null}
{"event_time": "2025-10-03T13:41:45.608164", "where": "spotify:tracks", "level": "info", "message": "Fetched 50 tracks", "data": null}
{"event_time": "2025-10-03T13:41:45.795265", "where": "spotify:tracks", "level": "info", "message": "Fetched 1 tracks", "data": null}
{"event_time": "2025-10-03T13:41:46.935045", "where": "spotify:albums", "level": "info", "message": "Fetched 20 albums", "data": null}
{"event_time": "2025-10-03T13:41:47.893308", "where": "spotify:albums", "level": "info", "message": "Fetched 20 albums", "data": null}
{"event_time": "2025-10-03T13:41:48.590888", "where": "spotify:albums", "level": "info", "message": "Fetched 9 albums", "data": null}
{"event_time": "2025-10-03T13:41:49.051478", "where": "spotify:tracks", "level": "info", "message": "Fetched 50 tracks", "data": null}
{"event_time": "2025-10-03T13:41:50.255171", "where": "spotify:albums", "level": "info", "message": "Fetched 20 albums", "data": null}
{"event_time": "2025-10-03T13:41:51.490371", "where": "spotify:albums", "level": "info", "message": "Fetched 20 albums", "data": null}
{"event_time": "2025-10-03T13:41:52.151732", "where": "spotify:albums", "level": "info", "message": "Fetched 9 albums", "data": null}
{"event_time": "2025-10-03T13:41:52.658461", "where": "spotify:tracks", "level": "info", "message": "Fetched 50 tracks", "data": null}
{"event_time": "2025-10-03T13:41:53.732133", "where": "spotify:albums", "level": "info", "message": "Fetched 20 albums", "data": null}
{"event_time": "2025-10-03T13:41:54.766695", "where": "spotify:albums", "level": "info", "message": "Fetched 20 albums", "data": null}
{"event_time": "2025-10-03T13:41:55.112155", "where": "spotify:albums", "level": "info", "message": "Fetched 6 albums", "data": null}
{"event_time": "2025-10-03T13:41:55.649737", "where": "spotify:tracks", "level": "info", "message": "Fetched 50 tracks", "data": null}
{"event_time": "2025-10-03T13:41:56.499148", "where": "spotify:albums", "level": "info", "message": "Fetched 20 albums", "data": null}
{"event_time": "2025-10-03T13:41:57.477507", "where": "spotify:albums", "level": "info", "message": "Fetched 20 albums", "data": null}
{"event_time": "2025-10-03T13:41:58.013051", "where": "spotify:albums", "level": "info", "message": "Fetched 9 albums", "data": null}
{"event_time": "2025-10-03T13:41:58.514497", "where": "spotify:tracks", "level": "info", "message": "Fetched 50 tracks", "data": null}
{"event_time": "2025-10-03T13:41:59.238159", "where": "spotify:albums", "level": "info", "message": "Fetched 20 albums", "data": null}
{"event_time": "2025-10-03T13:42:00.393731", "where": "spotify:albums", "level": "info", "message": "Fetched 20 albums", "data": null}
{"event_time": "2025-10-03T13:42:00.905388", "where": "spotify:albums", "level": "info", "message": "Fetched 7 albums", "data": null}
{"event_time": "2025-10-03T13:42:01.486911", "where": "spotify:tracks", "level": "info", "message": "Fetched 50 tracks", "data": null}
{"event_time": "2025-10-03T13:42:02.674742", "where": "spotify:albums", "level": "info", "message": "Fetched 20 albums", "data": null}
{"event_time": "2025-10-03T13:42:03.651340", "where": "spotify:albums", "level": "info", "message": "Fetched 20 albums", "data": null}
{"event_time": "2025-10-03T13:42:04.228926", "where": "spotify:albums", "level": "info", "message": "Fetched 7 albums", "data": null}
{"event_time": "2025-10-03T13:42:04.746392", "where": "spotify:tracks", "level": "info", "message": "Fetched 50 tracks", "data": null}
{"event_time": "2025-10-03T13:42:05.735696", "where": "spotify:albums", "level": "info", "message": "Fetched 20 albums", "data": null}
{"event_time": "2025-10-03T13:42:06.913317", "where": "spotify:albums", "level": "info", "message": "Fetched 20 albums", "data": null}
{"event_time": "2025-10-03T13:42:07.473717", "where": "spotify:albums", "level": "info", "message": "Fetched 9 albums", "data": null}
{"event_time": "2025-10-03T13:42:07.938084", "where": "spotify:tracks", "level": "info", "message": "Fetched 50 tracks", "data": null}
{"event_time": "2025-10-03T13:42:09.411874", "where": "spotify:albums", "level": "info", "message": "Fetched 20 albums", "data": null}
{"event_time": "2025-10-03T13:42:10.931060", "where": "spotify:albums", "level": "info", "message": "Fetched 20 albums", "data": null}
{"event_time": "2025-10-03T13:42:11.737871", "where": "spotify:albums", "level": "info", "message": "Fetched 8 albums", "data": null}
{"event_time": "2025-10-03T13:42:12.323594", "where": "spotify:tracks", "level": "info", "message": "Fetched 50 tracks", "data": null}
{"event_time": "2025-10-03T13:42:13.442570", "where": "spotify:albums", "level": "info", "message": "Fetched 20 albums", "data": null}
{"event_time": "2025-10-03T13:42:14.604881", "where": "spotify:albums", "level": "info", "message": "Fetched 20 albums", "data": null}
{"event_time": "2025-10-03T13:42:15.035571", "where": "spotify:albums", "level": "info", "message": "Fetched 8 albums", "data": null}
{"event_time": "2025-10-03T13:42:15.512305", "where": "spotify:tracks", "level": "info", "message": "Fetched 50 tracks", "data": null}
{"event_time": "2025-10-03T13:42:16.449544", "where": "spotify:albums", "level": "info", "message": "Fetched 20 albums", "data": null}
{"event_time": "2025-10-03T13:42:17.853097", "where": "spotify:albums", "level": "info", "message": "Fetched 20 albums", "data": null}
{"event_time": "2025-10-03T13:42:18.444892", "where": "spotify:albums", "level": "info", "message": "Fetched 9 albums", "data": null}
{"event_time": "2025-10-03T13:42:18.930362", "where": "spotify:tracks", "level": "info", "message": "Fetched 50 tracks", "data": null}
{"event_time": "2025-10-03T13:42:19.672648", "where": "spotify:albums", "level": "info", "message": "Fetched 20 albums", "data": null}
{"event_time": "2025-10-03T13:42:20.448763", "where": "spotify:albums", "level": "info", "message": "Fetched 20 albums", "data": null}
{"event_time": "2025-10-03T13:42:21.101530", "where": "spotify:albums", "level": "info", "message": "Fetched 10 albums", "data": null}
{"event_time": "2025-10-03T13:42:21.628449", "where": "spotify:tracks", "level": "info", "message": "Fetched 50 tracks", "data": null}
{"event_time": "2025-10-03T13:42:22.463901", "where": "spotify:albums", "level": "info", "message": "Fetched 20 albums", "data": null}
{"event_time": "2025-10-03T13:42:23.321537", "where": "spotify:albums", "level": "info", "message": "Fetched 20 albums", "data": null}
{"event_time": "2025-10-03T13:42:23.962151", "where": "spotify:albums", "level": "info", "message": "Fetched 10 albums", "data": null}
{"event_time": "2025-10-03T13:42:24.479665", "where": "spotify:tracks", "level": "info", "message": "Fetched 49 tracks", "data": null}
{"event_time": "2025-10-03T13:42:25.858943", "where": "spotify:albums", "level": "info", "message": "Fetched 20 albums", "data": null}
{"event_time": "2025-10-03T13:42:26.892489", "where": "spotify:albums", "level": "info", "message": "Fetched 20 albums", "data": null}
{"event_time": "2025-10-03T13:42:27.573858", "where": "spotify:albums", "level": "info", "message": "Fetched 7 albums", "data": null}
{"event_time": "2025-10-03T13:42:27.998703", "where": "spotify:tracks", "level": "info", "message": "Fetched 50 tracks", "data": null}
{"event_time": "2025-10-03T13:42:28.934004", "where": "spotify:albums", "level": "info", "message": "Fetched 20 albums", "data": null}
{"event_time": "2025-10-03T13:42:29.749179", "where": "spotify:albums", "level": "info", "message": "Fetched 20 albums", "data": null}
{"event_time": "2025-10-03T13:42:30.337477", "where": "spotify:albums", "level": "info", "message": "Fetched 10 albums", "data": null}
{"event_time": "2025-10-03T13:42:30.888816", "where": "spotify:tracks", "level": "info", "message": "Fetched 50 tracks", "data": null}
{"event_time": "2025-10-03T13:42:31.935052", "where": "spotify:albums", "level": "info", "message": "Fetched 20 albums", "data": null}
{"event_time": "2025-10-03T13:42:32.938839", "where": "spotify:albums", "level": "info", "message": "Fetched 20 albums", "data": null}
{"event_time": "2025-10-03T13:42:33.569752", "where": "spotify:albums", "level": "info", "message": "Fetched 10 albums", "data": null}
{"event_time": "2025-10-03T13:42:33.972613", "where": "spotify:tracks", "level": "info", "message": "Fetched 50 tracks", "data": null}
{"event_time": "2025-10-03T13:42:34.640836", "where": "spotify:albums", "level": "info", "message": "Fetched 20 albums", "data": null}
{"event_time": "2025-10-03T13:42:35.662339", "where": "spotify:albums", "level": "info", "message": "Fetched 20 albums", "data": null}
{"event_time": "2025-10-03T13:42:36.470074", "where": "spotify:albums", "level": "info", "message": "Fetched 7 albums", "data": null}
{"event_time": "2025-10-03T13:42:36.905998", "where": "spotify:tracks", "level": "info", "message": "Fetched 50 tracks", "data": null}
{"event_time": "2025-10-03T13:42:37.626893", "where": "spotify:albums", "level": "info", "message": "Fetched 20 albums", "data": null}
{"event_time": "2025-10-03T13:42:38.530206", "where": "spotify:albums", "level": "info", "message": "Fetched 20 albums", "data": null}
{"event_time": "2025-10-03T13:42:38.912206", "where": "spotify:albums", "level": "info", "message": "Fetched 6 albums", "data": null}
{"event_time": "2025-10-03T13:42:39.440495", "where": "spotify:tracks", "level": "info", "message": "Fetched 50 tracks", "data": null}
{"event_time": "2025-10-03T13:42:40.483292", "where": "spotify:albums", "level": "info", "message": "Fetched 20 albums", "data": null}
{"event_time": "2025-10-03T13:42:41.334407", "where": "spotify:albums", "level": "info", "message": "Fetched 20 albums", "data": null}
{"event_time": "2025-10-03T13:42:41.896698", "where": "spotify:albums", "level": "info", "message": "Fetched 6 albums", "data": null}
{"event_time": "2025-10-03T13:42:42.410979", "where": "spotify:tracks", "level": "info", "message": "Fetched 50 tracks", "data": null}
{"event_time": "2025-10-03T13:42:44.205010", "where": "spotify:albums", "level": "info", "message": "Fetched 20 albums", "data": null}
{"event_time": "2025-10-03T13:42:44.924431", "where": "spotify:albums", "level": "info", "message": "Fetched 20 albums", "data": null}
{"event_time": "2025-10-03T13:42:45.703504", "where": "spotify:albums", "level": "info", "message": "Fetched 9 albums", "data": null}
{"event_time": "2025-10-03T13:42:46.078256", "where": "spotify:tracks", "level": "info", "message": "Fetched 50 tracks", "data": null}
{"event_time": "2025-10-03T13:42:46.280091", "where": "spotify:tracks", "level": "info", "message": "Fetched 1 tracks", "data": null}
{"event_time": "2025-10-03T13:42:47.341024", "where": "spotify:albums", "level": "info", "message": "Fetched 20 albums", "data": null}
{"event_time": "2025-10-03T13:42:48.358397", "where": "spotify:albums", "level": "info", "message": "Fetched 20 albums", "data": null}
{"event_time": "2025-10-03T13:42:48.910281", "where": "spotify:albums", "level": "info", "message": "Fetched 9 albums", "data": null}
{"event_time": "2025-10-03T13:42:49.318707", "where": "spotify:tracks", "level": "info", "message": "Fetched 50 tracks", "data": null}
{"event_time": "2025-10-03T13:42:50.311451", "where": "spotify:albums", "level": "info", "message": "Fetched 20 albums", "data": null}
{"event_time": "2025-10-03T13:42:51.256202", "where": "spotify:albums", "level": "info", "message": "Fetched 20 albums", "data": null}
{"event_time": "2025-10-03T13:42:51.891029", "where": "spotify:albums", "level": "info", "message": "Fetched 10 albums", "data": null}
{"event_time": "2025-10-03T13:42:52.434874", "where": "spotify:tracks", "level": "info", "message": "Fetched 50 tracks", "data": null}
{"event_time": "2025-10-03T13:42:53.507641", "where": "spotify:albums", "level": "info", "message": "Fetched 20 albums", "data": null}
{"event_time": "2025-10-03T13:42:54.425141", "where": "spotify:albums", "level": "info", "message": "Fetched 20 albums", "data": null}
{"event_time": "2025-10-03T13:42:54.921703", "where": "spotify:albums", "level": "info", "message": "Fetched 9 albums", "data": null}
{"event_time": "2025-10-03T13:42:55.396378", "where": "spotify:tracks", "level": "info", "message": "Fetched 50 tracks", "data": null}
{"event_time": "2025-10-03T13:42:56.599966", "where": "spotify:albums", "level": "info", "message": "Fetched 20 albums", "data": null}
{"event_time": "2025-10-03T13:42:57.556268", "where": "spotify:albums", "level": "info", "message": "Fetched 20 albums", "data": null}
{"event_time": "2025-10-03T13:42:58.131849", "where": "spotify:albums", "level": "info", "message": "Fetched 10 albums", "data": null}
{"event_time": "2025-10-03T13:42:58.587062", "where": "spotify:tracks", "level": "info", "message": "Fetched 50 tracks", "data": null}
{"event_time": "2025-10-03T13:42:59.649278", "where": "spotify:albums", "level": "info", "message": "Fetched 20 albums", "data": null}
{"event_time": "2025-10-03T13:43:00.960993", "where": "spotify:albums", "level": "info", "message": "Fetched 20 albums", "data": null}
{"event_time": "2025-10-03T13:43:01.441584", "where": "spotify:albums", "level": "info", "message": "Fetched 9 albums", "data": null}
{"event_time": "2025-10-03T13:43:01.928992", "where": "spotify:tracks", "level": "info", "message": "Fetched 49 tracks", "data": null}
{"event_time": "2025-10-03T13:43:03.498257", "where": "spotify:albums", "level": "info", "message": "Fetched 20 albums", "data": null}
{"event_time": "2025-10-03T13:43:04.750936", "where": "spotify:albums", "level": "info", "message": "Fetched 20 albums", "data": null}
{"event_time": "2025-10-03T13:43:05.323013", "where": "spotify:albums", "level": "info", "message": "Fetched 8 albums", "data": null}
{"event_time": "2025-10-03T13:43:05.839543", "where": "spotify:tracks", "level": "info", "message": "Fetched 50 tracks", "data": null}
{"event_time": "2025-10-03T13:43:06.089631", "where": "spotify:tracks", "level": "info", "message": "Fetched 1 tracks", "data": null}
{"event_time": "2025-10-03T13:43:06.769616", "where": "spotify:albums", "level": "info", "message": "Fetched 20 albums", "data": null}
{"event_time": "2025-10-03T13:43:08.231083", "where": "spotify:albums", "level": "info", "message": "Fetched 20 albums", "data": null}
{"event_time": "2025-10-03T13:43:08.698878", "where": "spotify:albums", "level": "info", "message": "Fetched 9 albums", "data": null}
{"event_time": "2025-10-03T13:43:09.205463", "where": "spotify:tracks", "level": "info", "message": "Fetched 50 tracks", "data": null}
{"event_time": "2025-10-03T13:43:09.437269", "where": "spotify:tracks", "level": "info", "message": "Fetched 1 tracks", "data": null}
{"event_time": "2025-10-03T13:43:10.041659", "where": "spotify:albums", "level": "info", "message": "Fetched 20 albums", "data": null}
{"event_time": "2025-10-03T13:43:11.293141", "where": "spotify:albums", "level": "info", "message": "Fetched 20 albums", "data": null}
{"event_time": "2025-10-03T13:43:12.006091", "where": "spotify:albums", "level": "info", "message": "Fetched 7 albums", "data": null}
{"event_time": "2025-10-03T13:43:15.486119", "where": "spotify:tracks", "level": "info", "message": "Fetched 50 tracks", "data": null}
{"event_time": "2025-10-03T13:43:16.959468", "where": "spotify:albums", "level": "info", "message": "Fetched 20 albums", "data": null}
{"event_time": "2025-10-03T13:43:17.916170", "where": "spotify:albums", "level": "info", "message": "Fetched 20 albums", "data": null}
{"event_time": "2025-10-03T13:43:18.508184", "where": "spotify:albums", "level": "info", "message": "Fetched 7 albums", "data": null}
{"event_time": "2025-10-03T13:43:18.961325", "where": "spotify:tracks", "level": "info", "message": "Fetched 50 tracks", "data": null}
{"event_time": "2025-10-03T13:43:19.774706", "where": "spotify:albums", "level": "info", "message": "Fetched 20 albums", "data": null}
{"event_time": "2025-10-03T13:43:20.693555", "where": "spotify:albums", "level": "info", "message": "Fetched 20 albums", "data": null}
{"event_time": "2025-10-03T13:43:21.199004", "where": "spotify:albums", "level": "info", "message": "Fetched 10 albums", "data": null}
{"event_time": "2025-10-03T13:43:21.897950", "where": "spotify:tracks", "level": "info", "message": "Fetched 50 tracks", "data": null}
{"event_time": "2025-10-03T13:43:22.202724", "where": "spotify:tracks", "level": "info", "message": "Fetched 1 tracks", "data": null}
{"event_time": "2025-10-03T13:43:23.031827", "where": "spotify:albums", "level": "info", "message": "Fetched 20 albums", "data": null}
{"event_time": "2025-10-03T13:43:24.296632", "where": "spotify:albums", "level": "info", "message": "Fetched 20 albums", "data": null}
{"event_time": "2025-10-03T13:43:24.941743", "where": "spotify:albums", "level": "info", "message": "Fetched 7 albums", "data": null}
{"event_time": "2025-10-03T13:43:25.326542", "where": "spotify:tracks", "level": "info", "message": "Fetched 50 tracks", "data": null}
{"event_time": "2025-10-03T13:43:26.520368", "where": "spotify:albums", "level": "info", "message": "Fetched 20 albums", "data": null}
{"event_time": "2025-10-03T13:43:27.780620", "where": "spotify:albums", "level": "info", "message": "Fetched 20 albums", "data": null}
{"event_time": "2025-10-03T13:43:28.756776", "where": "spotify:albums", "level": "info", "message": "Fetched 7 albums", "data": null}
{"event_time": "2025-10-03T13:43:29.165736", "where": "spotify:tracks", "level": "info", "message": "Fetched 50 tracks", "data": null}
{"event_time": "2025-10-03T13:43:30.075424", "where": "spotify:albums", "level": "info", "message": "Fetched 20 albums", "data": null}
{"event_time": "2025-10-03T13:43:30.943179", "where": "spotify:albums", "level": "info", "message": "Fetched 20 albums", "data": null}
{"event_time": "2025-10-03T13:43:31.505385", "where": "spotify:albums", "level": "info", "message": "Fetched 5 albums", "data": null}
{"event_time": "2025-10-03T13:43:31.874815", "where": "spotify:tracks", "level": "info", "message": "Fetched 49 tracks", "data": null}
{"event_time": "2025-10-03T13:43:33.077272", "where": "spotify:albums", "level": "info", "message": "Fetched 20 albums", "data": null}
{"event_time": "2025-10-03T13:43:34.962620", "where": "spotify:albums", "level": "info", "message": "Fetched 20 albums", "data": null}
{"event_time": "2025-10-03T13:43:35.849884", "where": "spotify:albums", "level": "info", "message": "Fetched 9 albums", "data": null}
{"event_time": "2025-10-03T13:43:36.427485", "where": "spotify:tracks", "level": "info", "message": "Fetched 50 tracks", "data": null}
{"event_time": "2025-10-03T13:43:37.636241", "where": "spotify:albums", "level": "info", "message": "Fetched 20 albums", "data": null}
{"event_time": "2025-10-03T13:43:38.888987", "where": "spotify:albums", "level": "info", "message": "Fetched 20 albums", "data": null}
{"event_time": "2025-10-03T13:43:39.503040", "where": "spotify:albums", "level": "info", "message": "Fetched 10 albums", "data": null}
{"event_time": "2025-10-03T13:43:39.967777", "where": "spotify:tracks", "level": "info", "message": "Fetched 50 tracks", "data": null}
{"event_time": "2025-10-03T13:43:41.513478", "where": "spotify:albums", "level": "info", "message": "Fetched 20 albums", "data": null}
{"event_time": "2025-10-03T13:43:42.833902", "where": "spotify:albums", "level": "info", "message": "Fetched 20 albums", "data": null}
{"event_time": "2025-10-03T13:43:43.375817", "where": "spotify:albums", "level": "info", "message": "Fetched 5 albums", "data": null}
{"event_time": "2025-10-03T13:43:43.900454", "where": "spotify:tracks", "level": "info", "message": "Fetched 49 tracks", "data": null}
{"event_time": "2025-10-03T13:43:45.584675", "where": "spotify:albums", "level": "info", "message": "Fetched 20 albums", "data": null}
{"event_time": "2025-10-03T13:43:46.685495", "where": "spotify:albums", "level": "info", "message": "Fetched 20 albums", "data": null}
{"event_time": "2025-10-03T13:43:47.522568", "where": "spotify:albums", "level": "info", "message": "Fetched 8 albums", "data": null}
{"event_time": "2025-10-03T13:43:48.087614", "where": "spotify:tracks", "level": "info", "message": "Fetched 50 tracks", "data": null}
{"event_time": "2025-10-03T13:43:49.050121", "where": "spotify:albums", "level": "info", "message": "Fetched 20 albums", "data": null}
{"event_time": "2025-10-03T13:43:50.298950", "where": "spotify:albums", "level": "info", "message": "Fetched 20 albums", "data": null}
{"event_time": "2025-10-03T13:43:50.853667", "where": "spotify:albums", "level": "info", "message": "Fetched 8 albums", "data": null}
{"event_time": "2025-10-03T13:43:51.362460", "where": "spotify:tracks", "level": "info", "message": "Fetched 50 tracks", "data": null}
{"event_time": "2025-10-03T13:43:52.058471", "where": "spotify:albums", "level": "info", "message": "Fetched 20 albums", "data": null}
{"event_time": "2025-10-03T13:43:53.160648", "where": "spotify:albums", "level": "info", "message": "Fetched 20 albums", "data": null}
{"event_time": "2025-10-03T13:43:53.625645", "where": "spotify:albums", "level": "info", "message": "Fetched 8 albums", "data": null}
{"event_time": "2025-10-03T13:43:54.030907", "where": "spotify:tracks", "level": "info", "message": "Fetched 50 tracks", "data": null}
{"event_time": "2025-10-03T13:43:55.140499", "where": "spotify:albums", "level": "info", "message": "Fetched 20 albums", "data": null}
{"event_time": "2025-10-03T13:43:56.079488", "where": "spotify:albums", "level": "info", "message": "Fetched 20 albums", "data": null}
{"event_time": "2025-10-03T13:43:57.780670", "where": "spotify:albums", "level": "info", "message": "Fetched 8 albums", "data": null}
{"event_time": "2025-10-03T13:43:58.228282", "where": "spotify:tracks", "level": "info", "message": "Fetched 50 tracks", "data": null}
{"event_time": "2025-10-03T13:43:59.305024", "where": "spotify:albums", "level": "info", "message": "Fetched 20 albums", "data": null}
{"event_time": "2025-10-03T13:44:00.367183", "where": "spotify:albums", "level": "info", "message": "Fetched 20 albums", "data": null}
{"event_time": "2025-10-03T13:44:00.872881", "where": "spotify:albums", "level": "info", "message": "Fetched 10 albums", "data": null}
{"event_time": "2025-10-03T13:44:01.250879", "where": "spotify:tracks", "level": "info", "message": "Fetched 38 tracks", "data": null}
{"event_time": "2025-10-03T13:44:02.015123", "where": "spotify:albums", "level": "info", "message": "Fetched 20 albums", "data": null}
{"event_time": "2025-10-03T13:44:03.087292", "where": "spotify:albums", "level": "info", "message": "Fetched 18 albums", "data": null}
{"event_time": "2025-10-03T14:22:03.406356", "where": "sanity", "level": "info", "message": "Starting spotify_sanity_check", "data": null}
{"event_time": "2025-10-03T14:22:03.987009", "where": "sanity", "level": "info", "message": "spotify_sanity_check result: ok=True, msg=ok", "data": null}
{"event_time": "2025-10-03T14:22:03.987992", "where": "sanity", "level": "info", "message": "Starting discogs_sanity_check", "data": null}
{"event_time": "2025-10-03T14:22:04.392957", "where": "sanity", "level": "info", "message": "discogs_sanity_check result: ok=True, msg=ok", "data": null}
{"event_time": "2025-10-03T14:22:04.430195", "where": "enrichment", "level": "info", "message": "Starting run_all()", "data": null}
{"event_time": "2025-10-03T14:22:24.294993", "where": "enrichment", "level": "error", "message": "Exception in background_enrich: 'MetadataEnricher' object has no attribute 'fetch_and_save_shows'", "data": null}
{"event_time": "2025-10-03T15:00:51.334764", "where": "sanity", "level": "info", "message": "Starting spotify_sanity_check", "data": null}
{"event_time": "2025-10-03T15:00:51.679363", "where": "sanity", "level": "info", "message": "spotify_sanity_check result: ok=True, msg=ok", "data": null}
{"event_time": "2025-10-03T15:00:51.679615", "where": "sanity", "level": "info", "message": "Starting discogs_sanity_check", "data": null}
{"event_time": "2025-10-03T15:00:51.914097", "where": "sanity", "level": "info", "message": "discogs_sanity_check result: ok=True, msg=ok", "data": null}
{"event_time": "2025-10-03T15:00:51.952646", "where": "enrichment", "level": "info", "message": "Starting run_all()", "data": null}
{"event_time": "2025-10-03T15:01:13.798656", "where": "spotify:shows", "level": "info", "message": "Fetched 3 shows", "data": null}
{"event_time": "2025-10-03T15:01:15.006138", "where": "spotify:audiobooks", "level": "info", "message": "Fetched 1 audiobooks", "data": null}
{"event_time": "2025-10-03T15:01:16.642025", "where": "spotify:shows", "level": "info", "message": "Fetched 2 shows", "data": null}
{"event_time": "2025-10-03T15:01:17.683060", "where": "spotify:audiobooks", "level": "info", "message": "Fetched 2 audiobooks", "data": null}
{"event_time": "2025-10-03T15:01:18.494913", "where": "spotify:tracks", "level": "info", "message": "Fetched 50 tracks", "data": null}
{"event_time": "2025-10-03T15:01:19.283809", "where": "spotify:albums", "level": "info", "message": "Fetched 20 albums", "data": null}
{"event_time": "2025-10-03T15:01:20.293218", "where": "spotify:albums", "level": "info", "message": "Fetched 20 albums", "data": null}
{"event_time": "2025-10-03T15:01:20.852502", "where": "spotify:albums", "level": "info", "message": "Fetched 8 albums", "data": null}
{"event_time": "2025-10-03T15:01:21.363934", "where": "spotify:tracks", "level": "info", "message": "Fetched 50 tracks", "data": null}
{"event_time": "2025-10-03T15:01:22.504556", "where": "spotify:albums", "level": "info", "message": "Fetched 20 albums", "data": null}
{"event_time": "2025-10-03T15:01:23.529331", "where": "spotify:albums", "level": "info", "message": "Fetched 20 albums", "data": null}
{"event_time": "2025-10-03T15:01:24.027445", "where": "spotify:albums", "level": "info", "message": "Fetched 10 albums", "data": null}
{"event_time": "2025-10-03T15:01:24.640261", "where": "spotify:tracks", "level": "info", "message": "Fetched 50 tracks", "data": null}
{"event_time": "2025-10-03T15:01:25.681755", "where": "spotify:albums", "level": "info", "message": "Fetched 20 albums", "data": null}
{"event_time": "2025-10-03T15:01:26.597945", "where": "spotify:albums", "level": "info", "message": "Fetched 20 albums", "data": null}
{"event_time": "2025-10-03T15:01:27.147034", "where": "spotify:albums", "level": "info", "message": "Fetched 10 albums", "data": null}
{"event_time": "2025-10-03T15:01:27.716048", "where": "spotify:tracks", "level": "info", "message": "Fetched 50 tracks", "data": null}
{"event_time": "2025-10-03T15:01:28.699673", "where": "spotify:albums", "level": "info", "message": "Fetched 20 albums", "data": null}
{"event_time": "2025-10-03T15:01:29.984527", "where": "spotify:albums", "level": "info", "message": "Fetched 20 albums", "data": null}
{"event_time": "2025-10-03T15:01:30.786949", "where": "spotify:albums", "level": "info", "message": "Fetched 9 albums", "data": null}
{"event_time": "2025-10-03T15:01:31.225329", "where": "spotify:tracks", "level": "info", "message": "Fetched 50 tracks", "data": null}
{"event_time": "2025-10-03T15:01:31.439817", "where": "spotify:tracks", "level": "info", "message": "Fetched 2 tracks", "data": null}
{"event_time": "2025-10-03T15:01:32.549591", "where": "spotify:albums", "level": "info", "message": "Fetched 20 albums", "data": null}
{"event_time": "2025-10-03T15:01:33.656670", "where": "spotify:albums", "level": "info", "message": "Fetched 20 albums", "data": null}
{"event_time": "2025-10-03T15:01:34.172047", "where": "spotify:albums", "level": "info", "message": "Fetched 3 albums", "data": null}
{"event_time": "2025-10-03T15:01:34.880573", "where": "spotify:tracks", "level": "info", "message": "Fetched 50 tracks", "data": null}
{"event_time": "2025-10-03T15:01:35.149129", "where": "spotify:tracks", "level": "info", "message": "Fetched 1 tracks", "data": null}
{"event_time": "2025-10-03T15:01:36.018506", "where": "spotify:albums", "level": "info", "message": "Fetched 20 albums", "data": null}
{"event_time": "2025-10-03T15:01:37.140621", "where": "spotify:albums", "level": "info", "message": "Fetched 20 albums", "data": null}
{"event_time": "2025-10-03T15:01:37.730150", "where": "spotify:albums", "level": "info", "message": "Fetched 7 albums", "data": null}
{"event_time": "2025-10-03T15:01:38.310772", "where": "spotify:tracks", "level": "info", "message": "Fetched 49 tracks", "data": null}
{"event_time": "2025-10-03T15:01:39.703968", "where": "spotify:albums", "level": "info", "message": "Fetched 20 albums", "data": null}
{"event_time": "2025-10-03T15:01:41.009214", "where": "spotify:albums", "level": "info", "message": "Fetched 20 albums", "data": null}
{"event_time": "2025-10-03T15:01:41.540099", "where": "spotify:albums", "level": "info", "message": "Fetched 8 albums", "data": null}
{"event_time": "2025-10-03T15:01:42.154079", "where": "spotify:tracks", "level": "info", "message": "Fetched 50 tracks", "data": null}
{"event_time": "2025-10-03T15:01:42.773118", "where": "spotify:albums", "level": "info", "message": "Fetched 20 albums", "data": null}
{"event_time": "2025-10-03T15:01:43.903370", "where": "spotify:albums", "level": "info", "message": "Fetched 20 albums", "data": null}
{"event_time": "2025-10-03T15:01:44.819207", "where": "spotify:albums", "level": "info", "message": "Fetched 10 albums", "data": null}
{"event_time": "2025-10-03T15:01:45.312748", "where": "spotify:tracks", "level": "info", "message": "Fetched 50 tracks", "data": null}
{"event_time": "2025-10-03T15:01:46.234985", "where": "spotify:albums", "level": "info", "message": "Fetched 20 albums", "data": null}
{"event_time": "2025-10-03T15:01:47.384434", "where": "spotify:albums", "level": "info", "message": "Fetched 20 albums", "data": null}
{"event_time": "2025-10-03T15:01:48.127333", "where": "spotify:albums", "level": "info", "message": "Fetched 10 albums", "data": null}
{"event_time": "2025-10-03T15:01:48.602453", "where": "spotify:tracks", "level": "info", "message": "Fetched 50 tracks", "data": null}
{"event_time": "2025-10-03T15:01:49.850436", "where": "spotify:albums", "level": "info", "message": "Fetched 20 albums", "data": null}
{"event_time": "2025-10-03T15:01:50.869378", "where": "spotify:albums", "level": "info", "message": "Fetched 20 albums", "data": null}
{"event_time": "2025-10-03T15:01:51.297173", "where": "spotify:albums", "level": "info", "message": "Fetched 8 albums", "data": null}
{"event_time": "2025-10-03T15:01:51.779961", "where": "spotify:tracks", "level": "info", "message": "Fetched 50 tracks", "data": null}
{"event_time": "2025-10-03T15:01:53.191580", "where": "spotify:tracks", "level": "info", "message": "Fetched 1 tracks", "data": null}
{"event_time": "2025-10-03T15:01:54.192079", "where": "spotify:albums", "level": "info", "message": "Fetched 20 albums", "data": null}
{"event_time": "2025-10-03T15:01:55.187615", "where": "spotify:albums", "level": "info", "message": "Fetched 20 albums", "data": null}
{"event_time": "2025-10-03T15:01:55.551172", "where": "spotify:albums", "level": "info", "message": "Fetched 8 albums", "data": null}
{"event_time": "2025-10-03T15:01:55.958579", "where": "spotify:tracks", "level": "info", "message": "Fetched 50 tracks", "data": null}
{"event_time": "2025-10-03T15:01:57.015629", "where": "spotify:albums", "level": "info", "message": "Fetched 20 albums", "data": null}
{"event_time": "2025-10-03T15:01:57.616049", "where": "spotify:albums", "level": "info", "message": "Fetched 9 albums", "data": null}
{"event_time": "2025-10-03T15:01:58.171039", "where": "spotify:tracks", "level": "info", "message": "Fetched 50 tracks", "data": null}
{"event_time": "2025-10-03T15:01:59.694493", "where": "spotify:albums", "level": "info", "message": "Fetched 20 albums", "data": null}
{"event_time": "2025-10-03T15:02:00.592609", "where": "spotify:albums", "level": "info", "message": "Fetched 20 albums", "data": null}
{"event_time": "2025-10-03T15:02:01.119047", "where": "spotify:albums", "level": "info", "message": "Fetched 9 albums", "data": null}
{"event_time": "2025-10-03T15:02:01.910199", "where": "spotify:tracks", "level": "info", "message": "Fetched 50 tracks", "data": null}
{"event_time": "2025-10-03T15:02:02.968368", "where": "spotify:albums", "level": "info", "message": "Fetched 20 albums", "data": null}
{"event_time": "2025-10-03T15:02:03.769577", "where": "spotify:albums", "level": "info", "message": "Fetched 20 albums", "data": null}
{"event_time": "2025-10-03T15:02:04.226090", "where": "spotify:albums", "level": "info", "message": "Fetched 9 albums", "data": null}
{"event_time": "2025-10-03T15:02:04.604906", "where": "spotify:tracks", "level": "info", "message": "Fetched 49 tracks", "data": null}
{"event_time": "2025-10-03T15:02:06.128422", "where": "spotify:albums", "level": "info", "message": "Fetched 20 albums", "data": null}
{"event_time": "2025-10-03T15:02:07.237611", "where": "spotify:albums", "level": "info", "message": "Fetched 20 albums", "data": null}
{"event_time": "2025-10-03T15:02:07.856580", "where": "spotify:albums", "level": "info", "message": "Fetched 9 albums", "data": null}
{"event_time": "2025-10-03T15:02:08.470401", "where": "spotify:tracks", "level": "info", "message": "Fetched 50 tracks", "data": null}
{"event_time": "2025-10-03T15:02:08.768006", "where": "spotify:tracks", "level": "info", "message": "Fetched 1 tracks", "data": null}
{"event_time": "2025-10-03T15:02:10.017716", "where": "spotify:albums", "level": "info", "message": "Fetched 20 albums", "data": null}
{"event_time": "2025-10-03T15:02:11.305816", "where": "spotify:albums", "level": "info", "message": "Fetched 20 albums", "data": null}
{"event_time": "2025-10-03T15:02:11.849043", "where": "spotify:albums", "level": "info", "message": "Fetched 8 albums", "data": null}
{"event_time": "2025-10-03T15:02:12.308998", "where": "spotify:tracks", "level": "info", "message": "Fetched 50 tracks", "data": null}
{"event_time": "2025-10-03T15:02:13.264671", "where": "spotify:albums", "level": "info", "message": "Fetched 20 albums", "data": null}
{"event_time": "2025-10-03T15:02:14.954707", "where": "spotify:albums", "level": "info", "message": "Fetched 20 albums", "data": null}
{"event_time": "2025-10-03T15:02:15.432745", "where": "spotify:albums", "level": "info", "message": "Fetched 9 albums", "data": null}
{"event_time": "2025-10-03T15:02:15.907143", "where": "spotify:tracks", "level": "info", "message": "Fetched 50 tracks", "data": null}
{"event_time": "2025-10-03T15:02:16.883099", "where": "spotify:albums", "level": "info", "message": "Fetched 20 albums", "data": null}
{"event_time": "2025-10-03T15:02:18.103763", "where": "spotify:albums", "level": "info", "message": "Fetched 20 albums", "data": null}
{"event_time": "2025-10-03T15:02:18.807395", "where": "spotify:albums", "level": "info", "message": "Fetched 10 albums", "data": null}
{"event_time": "2025-10-03T15:02:19.429473", "where": "spotify:tracks", "level": "info", "message": "Fetched 50 tracks", "data": null}
{"event_time": "2025-10-03T15:02:20.361227", "where": "spotify:albums", "level": "info", "message": "Fetched 20 albums", "data": null}
{"event_time": "2025-10-03T15:02:21.249840", "where": "spotify:albums", "level": "info", "message": "Fetched 20 albums", "data": null}
{"event_time": "2025-10-03T15:02:21.679260", "where": "spotify:albums", "level": "info", "message": "Fetched 7 albums", "data": null}
{"event_time": "2025-10-03T15:02:22.253719", "where": "spotify:tracks", "level": "info", "message": "Fetched 50 tracks", "data": null}
{"event_time": "2025-10-03T15:02:22.574945", "where": "spotify:tracks", "level": "info", "message": "Fetched 1 tracks", "data": null}
{"event_time": "2025-10-03T15:02:23.751049", "where": "spotify:albums", "level": "info", "message": "Fetched 20 albums", "data": null}
{"event_time": "2025-10-03T15:02:24.665525", "where": "spotify:albums", "level": "info", "message": "Fetched 20 albums", "data": null}
{"event_time": "2025-10-03T15:02:25.285743", "where": "spotify:albums", "level": "info", "message": "Fetched 9 albums", "data": null}
{"event_time": "2025-10-03T15:02:25.880997", "where": "spotify:tracks", "level": "info", "message": "Fetched 50 tracks", "data": null}
{"event_time": "2025-10-03T15:02:27.144370", "where": "spotify:albums", "level": "info", "message": "Fetched 20 albums", "data": null}
{"event_time": "2025-10-03T15:02:28.966554", "where": "spotify:albums", "level": "info", "message": "Fetched 20 albums", "data": null}
{"event_time": "2025-10-03T15:02:29.670912", "where": "spotify:albums", "level": "info", "message": "Fetched 9 albums", "data": null}
{"event_time": "2025-10-03T15:02:30.242540", "where": "spotify:tracks", "level": "info", "message": "Fetched 50 tracks", "data": null}
{"event_time": "2025-10-03T15:02:31.250798", "where": "spotify:albums", "level": "info", "message": "Fetched 20 albums", "data": null}
{"event_time": "2025-10-03T15:02:32.452821", "where": "spotify:albums", "level": "info", "message": "Fetched 20 albums", "data": null}
{"event_time": "2025-10-03T15:02:32.796002", "where": "spotify:albums", "level": "info", "message": "Fetched 6 albums", "data": null}
{"event_time": "2025-10-03T15:02:33.194132", "where": "spotify:tracks", "level": "info", "message": "Fetched 50 tracks", "data": null}
{"event_time": "2025-10-03T15:02:34.262710", "where": "spotify:albums", "level": "info", "message": "Fetched 20 albums", "data": null}
{"event_time": "2025-10-03T15:02:35.134299", "where": "spotify:albums", "level": "info", "message": "Fetched 20 albums", "data": null}
{"event_time": "2025-10-03T15:02:35.926138", "where": "spotify:albums", "level": "info", "message": "Fetched 9 albums", "data": null}
{"event_time": "2025-10-03T15:02:36.286250", "where": "spotify:tracks", "level": "info", "message": "Fetched 50 tracks", "data": null}
{"event_time": "2025-10-03T15:02:37.050835", "where": "spotify:albums", "level": "info", "message": "Fetched 20 albums", "data": null}
{"event_time": "2025-10-03T15:02:38.316034", "where": "spotify:albums", "level": "info", "message": "Fetched 20 albums", "data": null}
{"event_time": "2025-10-03T15:02:38.884541", "where": "spotify:albums", "level": "info", "message": "Fetched 7 albums", "data": null}
{"event_time": "2025-10-03T15:02:39.465051", "where": "spotify:tracks", "level": "info", "message": "Fetched 50 tracks", "data": null}
{"event_time": "2025-10-03T15:02:40.743989", "where": "spotify:albums", "level": "info", "message": "Fetched 20 albums", "data": null}
{"event_time": "2025-10-03T15:02:41.867331", "where": "spotify:albums", "level": "info", "message": "Fetched 20 albums", "data": null}
{"event_time": "2025-10-03T15:02:42.571898", "where": "spotify:albums", "level": "info", "message": "Fetched 7 albums", "data": null}
{"event_time": "2025-10-03T15:02:43.122420", "where": "spotify:tracks", "level": "info", "message": "Fetched 50 tracks", "data": null}
{"event_time": "2025-10-03T15:02:44.183278", "where": "spotify:albums", "level": "info", "message": "Fetched 20 albums", "data": null}
{"event_time": "2025-10-03T15:02:45.105923", "where": "spotify:albums", "level": "info", "message": "Fetched 20 albums", "data": null}
{"event_time": "2025-10-03T15:02:45.670975", "where": "spotify:albums", "level": "info", "message": "Fetched 9 albums", "data": null}
{"event_time": "2025-10-03T15:02:46.213716", "where": "spotify:tracks", "level": "info", "message": "Fetched 50 tracks", "data": null}
{"event_time": "2025-10-03T15:02:47.277276", "where": "spotify:albums", "level": "info", "message": "Fetched 20 albums", "data": null}
{"event_time": "2025-10-03T15:02:48.626114", "where": "spotify:albums", "level": "info", "message": "Fetched 20 albums", "data": null}
{"event_time": "2025-10-03T15:02:49.219839", "where": "spotify:albums", "level": "info", "message": "Fetched 8 albums", "data": null}
{"event_time": "2025-10-03T15:02:49.576939", "where": "spotify:tracks", "level": "info", "message": "Fetched 50 tracks", "data": null}
{"event_time": "2025-10-03T15:02:50.576208", "where": "spotify:albums", "level": "info", "message": "Fetched 20 albums", "data": null}
{"event_time": "2025-10-03T15:02:51.910405", "where": "spotify:albums", "level": "info", "message": "Fetched 20 albums", "data": null}
{"event_time": "2025-10-03T15:02:52.401070", "where": "spotify:albums", "level": "info", "message": "Fetched 8 albums", "data": null}
{"event_time": "2025-10-03T15:02:52.816710", "where": "spotify:tracks", "level": "info", "message": "Fetched 50 tracks", "data": null}
{"event_time": "2025-10-03T15:02:53.649867", "where": "spotify:albums", "level": "info", "message": "Fetched 20 albums", "data": null}
{"event_time": "2025-10-03T15:02:54.880119", "where": "spotify:albums", "level": "info", "message": "Fetched 20 albums", "data": null}
{"event_time": "2025-10-03T15:02:55.452502", "where": "spotify:albums", "level": "info", "message": "Fetched 9 albums", "data": null}
{"event_time": "2025-10-03T15:02:56.084103", "where": "spotify:tracks", "level": "info", "message": "Fetched 50 tracks", "data": null}
{"event_time": "2025-10-03T15:02:56.909437", "where": "spotify:albums", "level": "info", "message": "Fetched 20 albums", "data": null}
{"event_time": "2025-10-03T15:02:57.632163", "where": "spotify:albums", "level": "info", "message": "Fetched 20 albums", "data": null}
{"event_time": "2025-10-03T15:02:58.445777", "where": "spotify:albums", "level": "info", "message": "Fetched 10 albums", "data": null}
{"event_time": "2025-10-03T15:02:58.942470", "where": "spotify:tracks", "level": "info", "message": "Fetched 50 tracks", "data": null}
{"event_time": "2025-10-03T15:02:59.701326", "where": "spotify:albums", "level": "info", "message": "Fetched 20 albums", "data": null}
{"event_time": "2025-10-03T15:03:00.820294", "where": "spotify:albums", "level": "info", "message": "Fetched 20 albums", "data": null}
{"event_time": "2025-10-03T15:03:01.414317", "where": "spotify:albums", "level": "info", "message": "Fetched 10 albums", "data": null}
{"event_time": "2025-10-03T15:03:01.787748", "where": "spotify:tracks", "level": "info", "message": "Fetched 49 tracks", "data": null}
{"event_time": "2025-10-03T15:03:03.268426", "where": "spotify:albums", "level": "info", "message": "Fetched 20 albums", "data": null}
{"event_time": "2025-10-03T15:03:04.089141", "where": "spotify:albums", "level": "info", "message": "Fetched 20 albums", "data": null}
{"event_time": "2025-10-03T15:03:04.553978", "where": "spotify:albums", "level": "info", "message": "Fetched 7 albums", "data": null}
{"event_time": "2025-10-03T15:03:05.107050", "where": "spotify:tracks", "level": "info", "message": "Fetched 50 tracks", "data": null}
{"event_time": "2025-10-03T15:03:05.997175", "where": "spotify:albums", "level": "info", "message": "Fetched 20 albums", "data": null}
{"event_time": "2025-10-03T15:03:06.855259", "where": "spotify:albums", "level": "info", "message": "Fetched 20 albums", "data": null}
{"event_time": "2025-10-03T15:03:07.397767", "where": "spotify:albums", "level": "info", "message": "Fetched 10 albums", "data": null}
{"event_time": "2025-10-03T15:03:07.863751", "where": "spotify:tracks", "level": "info", "message": "Fetched 50 tracks", "data": null}
{"event_time": "2025-10-03T15:03:08.775680", "where": "spotify:albums", "level": "info", "message": "Fetched 20 albums", "data": null}
{"event_time": "2025-10-03T15:03:10.068628", "where": "spotify:albums", "level": "info", "message": "Fetched 20 albums", "data": null}
{"event_time": "2025-10-03T15:03:10.632998", "where": "spotify:albums", "level": "info", "message": "Fetched 10 albums", "data": null}
{"event_time": "2025-10-03T15:03:11.124174", "where": "spotify:tracks", "level": "info", "message": "Fetched 50 tracks", "data": null}
{"event_time": "2025-10-03T15:03:12.071372", "where": "spotify:albums", "level": "info", "message": "Fetched 20 albums", "data": null}
{"event_time": "2025-10-03T15:03:12.989775", "where": "spotify:albums", "level": "info", "message": "Fetched 20 albums", "data": null}
{"event_time": "2025-10-03T15:03:13.486817", "where": "spotify:albums", "level": "info", "message": "Fetched 7 albums", "data": null}
{"event_time": "2025-10-03T15:03:13.908330", "where": "spotify:tracks", "level": "info", "message": "Fetched 50 tracks", "data": null}
{"event_time": "2025-10-03T15:03:14.740649", "where": "spotify:albums", "level": "info", "message": "Fetched 20 albums", "data": null}
{"event_time": "2025-10-03T15:03:15.659308", "where": "spotify:albums", "level": "info", "message": "Fetched 20 albums", "data": null}
{"event_time": "2025-10-03T15:03:16.119471", "where": "spotify:albums", "level": "info", "message": "Fetched 6 albums", "data": null}
{"event_time": "2025-10-03T15:03:16.569427", "where": "spotify:tracks", "level": "info", "message": "Fetched 50 tracks", "data": null}
{"event_time": "2025-10-03T15:03:17.505802", "where": "spotify:albums", "level": "info", "message": "Fetched 20 albums", "data": null}
{"event_time": "2025-10-03T15:03:18.423523", "where": "spotify:albums", "level": "info", "message": "Fetched 20 albums", "data": null}
{"event_time": "2025-10-03T15:03:19.027295", "where": "spotify:albums", "level": "info", "message": "Fetched 6 albums", "data": null}
{"event_time": "2025-10-03T15:03:19.539587", "where": "spotify:tracks", "level": "info", "message": "Fetched 50 tracks", "data": null}
{"event_time": "2025-10-03T15:03:20.986609", "where": "spotify:albums", "level": "info", "message": "Fetched 20 albums", "data": null}
{"event_time": "2025-10-03T15:03:21.699075", "where": "spotify:albums", "level": "info", "message": "Fetched 20 albums", "data": null}
{"event_time": "2025-10-03T15:03:22.411148", "where": "spotify:albums", "level": "info", "message": "Fetched 9 albums", "data": null}
{"event_time": "2025-10-03T15:03:22.994078", "where": "spotify:tracks", "level": "info", "message": "Fetched 50 tracks", "data": null}
{"event_time": "2025-10-03T15:03:23.185200", "where": "spotify:tracks", "level": "info", "message": "Fetched 1 tracks", "data": null}
{"event_time": "2025-10-03T15:03:24.286134", "where": "spotify:albums", "level": "info", "message": "Fetched 20 albums", "data": null}
{"event_time": "2025-10-03T15:03:25.214658", "where": "spotify:albums", "level": "info", "message": "Fetched 20 albums", "data": null}
{"event_time": "2025-10-03T15:03:25.784360", "where": "spotify:albums", "level": "info", "message": "Fetched 9 albums", "data": null}
{"event_time": "2025-10-03T15:03:26.220001", "where": "spotify:tracks", "level": "info", "message": "Fetched 50 tracks", "data": null}
{"event_time": "2025-10-03T15:03:27.088247", "where": "spotify:albums", "level": "info", "message": "Fetched 20 albums", "data": null}
{"event_time": "2025-10-03T15:03:28.136126", "where": "spotify:albums", "level": "info", "message": "Fetched 20 albums", "data": null}
{"event_time": "2025-10-03T15:03:28.762637", "where": "spotify:albums", "level": "info", "message": "Fetched 10 albums", "data": null}
{"event_time": "2025-10-03T15:03:29.268354", "where": "spotify:tracks", "level": "info", "message": "Fetched 50 tracks", "data": null}
{"event_time": "2025-10-03T15:03:30.218943", "where": "spotify:albums", "level": "info", "message": "Fetched 20 albums", "data": null}
{"event_time": "2025-10-03T15:03:31.025627", "where": "spotify:albums", "level": "info", "message": "Fetched 20 albums", "data": null}
{"event_time": "2025-10-03T15:03:31.727392", "where": "spotify:albums", "level": "info", "message": "Fetched 9 albums", "data": null}
{"event_time": "2025-10-03T15:03:32.174158", "where": "spotify:tracks", "level": "info", "message": "Fetched 50 tracks", "data": null}
{"event_time": "2025-10-03T15:03:33.177977", "where": "spotify:albums", "level": "info", "message": "Fetched 20 albums", "data": null}
{"event_time": "2025-10-03T15:03:34.153653", "where": "spotify:albums", "level": "info", "message": "Fetched 20 albums", "data": null}
{"event_time": "2025-10-03T15:03:34.597860", "where": "spotify:albums", "level": "info", "message": "Fetched 10 albums", "data": null}
{"event_time": "2025-10-03T15:03:35.182797", "where": "spotify:tracks", "level": "info", "message": "Fetched 50 tracks", "data": null}
{"event_time": "2025-10-03T15:03:36.332271", "where": "spotify:albums", "level": "info", "message": "Fetched 20 albums", "data": null}
{"event_time": "2025-10-03T15:03:37.580541", "where": "spotify:albums", "level": "info", "message": "Fetched 20 albums", "data": null}
{"event_time": "2025-10-03T15:03:38.070336", "where": "spotify:albums", "level": "info", "message": "Fetched 9 albums", "data": null}
{"event_time": "2025-10-03T15:03:38.587346", "where": "spotify:tracks", "level": "info", "message": "Fetched 49 tracks", "data": null}
{"event_time": "2025-10-03T15:03:39.728026", "where": "spotify:albums", "level": "info", "message": "Fetched 20 albums", "data": null}
{"event_time": "2025-10-03T15:03:40.854737", "where": "spotify:albums", "level": "info", "message": "Fetched 20 albums", "data": null}
{"event_time": "2025-10-03T15:03:41.452078", "where": "spotify:albums", "level": "info", "message": "Fetched 8 albums", "data": null}
{"event_time": "2025-10-03T15:03:42.067796", "where": "spotify:tracks", "level": "info", "message": "Fetched 50 tracks", "data": null}
{"event_time": "2025-10-03T15:03:42.279768", "where": "spotify:tracks", "level": "info", "message": "Fetched 1 tracks", "data": null}
{"event_time": "2025-10-03T15:03:43.221242", "where": "spotify:albums", "level": "info", "message": "Fetched 20 albums", "data": null}
{"event_time": "2025-10-03T15:03:44.343383", "where": "spotify:albums", "level": "info", "message": "Fetched 20 albums", "data": null}
{"event_time": "2025-10-03T15:03:44.836589", "where": "spotify:albums", "level": "info", "message": "Fetched 9 albums", "data": null}
{"event_time": "2025-10-03T15:03:45.235792", "where": "spotify:tracks", "level": "info", "message": "Fetched 50 tracks", "data": null}
{"event_time": "2025-10-03T15:03:45.424655", "where": "spotify:tracks", "level": "info", "message": "Fetched 1 tracks", "data": null}
{"event_time": "2025-10-03T15:03:46.099459", "where": "spotify:albums", "level": "info", "message": "Fetched 20 albums", "data": null}
{"event_time": "2025-10-03T15:03:47.193465", "where": "spotify:albums", "level": "info", "message": "Fetched 20 albums", "data": null}
{"event_time": "2025-10-03T15:03:47.702640", "where": "spotify:albums", "level": "info", "message": "Fetched 7 albums", "data": null}
{"event_time": "2025-10-03T15:03:51.269007", "where": "spotify:tracks", "level": "info", "message": "Fetched 50 tracks", "data": null}
{"event_time": "2025-10-03T15:03:52.138370", "where": "spotify:albums", "level": "info", "message": "Fetched 20 albums", "data": null}
{"event_time": "2025-10-03T15:03:52.827737", "where": "spotify:albums", "level": "info", "message": "Fetched 20 albums", "data": null}
{"event_time": "2025-10-03T15:03:53.541387", "where": "spotify:albums", "level": "info", "message": "Fetched 7 albums", "data": null}
{"event_time": "2025-10-03T15:03:53.952479", "where": "spotify:tracks", "level": "info", "message": "Fetched 50 tracks", "data": null}
{"event_time": "2025-10-03T15:03:54.879144", "where": "spotify:albums", "level": "info", "message": "Fetched 20 albums", "data": null}
{"event_time": "2025-10-03T15:03:56.510300", "where": "spotify:albums", "level": "info", "message": "Fetched 20 albums", "data": null}
{"event_time": "2025-10-03T15:03:57.120523", "where": "spotify:albums", "level": "info", "message": "Fetched 10 albums", "data": null}
{"event_time": "2025-10-03T15:03:57.532246", "where": "spotify:tracks", "level": "info", "message": "Fetched 50 tracks", "data": null}
{"event_time": "2025-10-03T15:03:57.731945", "where": "spotify:tracks", "level": "info", "message": "Fetched 1 tracks", "data": null}
{"event_time": "2025-10-03T15:03:58.562998", "where": "spotify:albums", "level": "info", "message": "Fetched 20 albums", "data": null}
{"event_time": "2025-10-03T15:03:59.613368", "where": "spotify:albums", "level": "info", "message": "Fetched 20 albums", "data": null}
{"event_time": "2025-10-03T15:04:00.192512", "where": "spotify:albums", "level": "info", "message": "Fetched 7 albums", "data": null}
{"event_time": "2025-10-03T15:04:00.804654", "where": "spotify:tracks", "level": "info", "message": "Fetched 50 tracks", "data": null}
{"event_time": "2025-10-03T15:04:02.050716", "where": "spotify:albums", "level": "info", "message": "Fetched 20 albums", "data": null}
{"event_time": "2025-10-03T15:04:03.064263", "where": "spotify:albums", "level": "info", "message": "Fetched 20 albums", "data": null}
{"event_time": "2025-10-03T15:04:03.596200", "where": "spotify:albums", "level": "info", "message": "Fetched 7 albums", "data": null}
{"event_time": "2025-10-03T15:04:04.123502", "where": "spotify:tracks", "level": "info", "message": "Fetched 50 tracks", "data": null}
{"event_time": "2025-10-03T15:04:05.149496", "where": "spotify:albums", "level": "info", "message": "Fetched 20 albums", "data": null}
{"event_time": "2025-10-03T15:04:06.020296", "where": "spotify:albums", "level": "info", "message": "Fetched 20 albums", "data": null}
{"event_time": "2025-10-03T15:04:06.384167", "where": "spotify:albums", "level": "info", "message": "Fetched 5 albums", "data": null}
{"event_time": "2025-10-03T15:04:06.845477", "where": "spotify:tracks", "level": "info", "message": "Fetched 49 tracks", "data": null}
{"event_time": "2025-10-03T15:04:08.415502", "where": "spotify:albums", "level": "info", "message": "Fetched 20 albums", "data": null}
{"event_time": "2025-10-03T15:04:10.144674", "where": "spotify:albums", "level": "info", "message": "Fetched 20 albums", "data": null}
{"event_time": "2025-10-03T15:04:10.744393", "where": "spotify:albums", "level": "info", "message": "Fetched 9 albums", "data": null}
{"event_time": "2025-10-03T15:04:11.254958", "where": "spotify:tracks", "level": "info", "message": "Fetched 50 tracks", "data": null}
{"event_time": "2025-10-03T15:04:12.508743", "where": "spotify:albums", "level": "info", "message": "Fetched 20 albums", "data": null}
{"event_time": "2025-10-03T15:04:13.730906", "where": "spotify:albums", "level": "info", "message": "Fetched 20 albums", "data": null}
{"event_time": "2025-10-03T15:04:14.430658", "where": "spotify:albums", "level": "info", "message": "Fetched 10 albums", "data": null}
{"event_time": "2025-10-03T15:04:14.941886", "where": "spotify:tracks", "level": "info", "message": "Fetched 50 tracks", "data": null}
{"event_time": "2025-10-03T15:04:16.242383", "where": "spotify:albums", "level": "info", "message": "Fetched 20 albums", "data": null}
{"event_time": "2025-10-03T15:04:17.245649", "where": "spotify:albums", "level": "info", "message": "Fetched 20 albums", "data": null}
{"event_time": "2025-10-03T15:04:17.910726", "where": "spotify:albums", "level": "info", "message": "Fetched 5 albums", "data": null}
{"event_time": "2025-10-03T15:04:18.358635", "where": "spotify:tracks", "level": "info", "message": "Fetched 49 tracks", "data": null}
{"event_time": "2025-10-03T15:04:20.007091", "where": "spotify:albums", "level": "info", "message": "Fetched 20 albums", "data": null}
{"event_time": "2025-10-03T15:04:20.968980", "where": "spotify:albums", "level": "info", "message": "Fetched 20 albums", "data": null}
{"event_time": "2025-10-03T15:04:21.906129", "where": "spotify:albums", "level": "info", "message": "Fetched 8 albums", "data": null}
{"event_time": "2025-10-03T15:04:22.581234", "where": "spotify:tracks", "level": "info", "message": "Fetched 50 tracks", "data": null}
{"event_time": "2025-10-03T15:04:23.433652", "where": "spotify:albums", "level": "info", "message": "Fetched 20 albums", "data": null}
{"event_time": "2025-10-03T15:04:24.418437", "where": "spotify:albums", "level": "info", "message": "Fetched 20 albums", "data": null}
{"event_time": "2025-10-03T15:04:24.874475", "where": "spotify:albums", "level": "info", "message": "Fetched 8 albums", "data": null}
{"event_time": "2025-10-03T15:04:25.315489", "where": "spotify:tracks", "level": "info", "message": "Fetched 50 tracks", "data": null}
{"event_time": "2025-10-03T15:04:25.995135", "where": "spotify:albums", "level": "info", "message": "Fetched 20 albums", "data": null}
{"event_time": "2025-10-03T15:04:27.130876", "where": "spotify:albums", "level": "info", "message": "Fetched 20 albums", "data": null}
{"event_time": "2025-10-03T15:04:27.567749", "where": "spotify:albums", "level": "info", "message": "Fetched 8 albums", "data": null}
{"event_time": "2025-10-03T15:04:28.057315", "where": "spotify:tracks", "level": "info", "message": "Fetched 50 tracks", "data": null}
{"event_time": "2025-10-03T15:04:28.879450", "where": "spotify:albums", "level": "info", "message": "Fetched 20 albums", "data": null}
{"event_time": "2025-10-03T15:04:29.722257", "where": "spotify:albums", "level": "info", "message": "Fetched 20 albums", "data": null}
{"event_time": "2025-10-03T15:04:30.613897", "where": "spotify:albums", "level": "info", "message": "Fetched 8 albums", "data": null}
{"event_time": "2025-10-03T15:04:31.052047", "where": "spotify:tracks", "level": "info", "message": "Fetched 50 tracks", "data": null}
{"event_time": "2025-10-03T15:04:32.180069", "where": "spotify:albums", "level": "info", "message": "Fetched 20 albums", "data": null}
{"event_time": "2025-10-03T15:04:33.101776", "where": "spotify:albums", "level": "info", "message": "Fetched 20 albums", "data": null}
{"event_time": "2025-10-03T15:04:33.522220", "where": "spotify:albums", "level": "info", "message": "Fetched 10 albums", "data": null}
{"event_time": "2025-10-03T15:04:33.976775", "where": "spotify:tracks", "level": "info", "message": "Fetched 38 tracks", "data": null}
{"event_time": "2025-10-03T15:04:34.874581", "where": "spotify:albums", "level": "info", "message": "Fetched 20 albums", "data": null}
{"event_time": "2025-10-03T15:04:35.941283", "where": "spotify:albums", "level": "info", "message": "Fetched 18 albums", "data": null}
{"event_time": "2025-10-03T15:04:36.484660", "where": "spotify:tracks", "level": "info", "message": "Fetched 50 tracks", "data": null}
{"event_time": "2025-10-03T15:04:37.125673", "where": "spotify:tracks", "level": "info", "message": "Fetched 50 tracks", "data": null}
{"event_time": "2025-10-03T15:04:37.670932", "where": "spotify:tracks", "level": "info", "message": "Fetched 50 tracks", "data": null}
{"event_time": "2025-10-03T15:04:38.491576", "where": "spotify:tracks", "level": "info", "message": "Fetched 50 tracks", "data": null}
{"event_time": "2025-10-03T15:04:39.107127", "where": "spotify:tracks", "level": "info", "message": "Fetched 50 tracks", "data": null}
{"event_time": "2025-10-03T15:04:39.923147", "where": "spotify:tracks", "level": "info", "message": "Fetched 50 tracks", "data": null}
{"event_time": "2025-10-03T15:04:40.577469", "where": "spotify:tracks", "level": "info", "message": "Fetched 50 tracks", "data": null}
{"event_time": "2025-10-03T15:04:41.210194", "where": "spotify:tracks", "level": "info", "message": "Fetched 50 tracks", "data": null}
{"event_time": "2025-10-03T15:04:41.834262", "where": "spotify:tracks", "level": "info", "message": "Fetched 50 tracks", "data": null}
{"event_time": "2025-10-03T15:04:42.411136", "where": "spotify:tracks", "level": "info", "message": "Fetched 50 tracks", "data": null}
{"event_time": "2025-10-03T15:04:43.137457", "where": "spotify:tracks", "level": "info", "message": "Fetched 50 tracks", "data": null}
{"event_time": "2025-10-03T15:04:43.703327", "where": "spotify:tracks", "level": "info", "message": "Fetched 50 tracks", "data": null}
{"event_time": "2025-10-03T15:04:44.241623", "where": "spotify:tracks", "level": "info", "message": "Fetched 50 tracks", "data": null}
{"event_time": "2025-10-03T15:04:44.698245", "where": "spotify:tracks", "level": "info", "message": "Fetched 50 tracks", "data": null}
{"event_time": "2025-10-03T15:04:45.307264", "where": "spotify:tracks", "level": "info", "message": "Fetched 50 tracks", "data": null}
{"event_time": "2025-10-03T15:04:45.783276", "where": "spotify:tracks", "level": "info", "message": "Fetched 50 tracks", "data": null}
{"event_time": "2025-10-03T15:25:30.735254", "where": "sanity", "level": "info", "message": "Starting spotify_sanity_check", "data": null}
{"event_time": "2025-10-03T15:25:31.032805", "where": "sanity", "level": "info", "message": "spotify_sanity_check result: ok=True, msg=ok", "data": null}
{"event_time": "2025-10-03T15:25:31.033025", "where": "sanity", "level": "info", "message": "Starting discogs_sanity_check", "data": null}
{"event_time": "2025-10-03T15:25:31.246749", "where": "sanity", "level": "info", "message": "discogs_sanity_check result: ok=True, msg=ok", "data": null}
{"event_time": "2025-10-03T15:25:31.286646", "where": "enrichment", "level": "info", "message": "Starting run_all()", "data": null}
{"event_time": "2025-10-03T15:25:53.033978", "where": "spotify:shows", "level": "info", "message": "Fetched 3 shows", "data": null}
{"event_time": "2025-10-03T15:25:54.003685", "where": "spotify:audiobooks", "level": "info", "message": "Fetched 1 audiobooks", "data": null}
{"event_time": "2025-10-03T15:25:55.830590", "where": "spotify:shows", "level": "info", "message": "Fetched 2 shows", "data": null}
{"event_time": "2025-10-03T15:25:56.874792", "where": "spotify:audiobooks", "level": "info", "message": "Fetched 2 audiobooks", "data": null}
{"event_time": "2025-10-03T15:25:57.559340", "where": "spotify:tracks", "level": "info", "message": "Fetched 50 tracks", "data": null}
{"event_time": "2025-10-03T15:25:58.566817", "where": "spotify:albums", "level": "info", "message": "Fetched 20 albums", "data": null}
{"event_time": "2025-10-03T15:25:59.317313", "where": "spotify:albums", "level": "info", "message": "Fetched 20 albums", "data": null}
{"event_time": "2025-10-03T15:25:59.782476", "where": "spotify:albums", "level": "info", "message": "Fetched 8 albums", "data": null}
{"event_time": "2025-10-03T15:26:00.255932", "where": "spotify:tracks", "level": "info", "message": "Fetched 50 tracks", "data": null}
{"event_time": "2025-10-03T15:26:01.182278", "where": "spotify:albums", "level": "info", "message": "Fetched 20 albums", "data": null}
{"event_time": "2025-10-03T15:26:02.059676", "where": "spotify:albums", "level": "info", "message": "Fetched 20 albums", "data": null}
{"event_time": "2025-10-03T15:26:02.751556", "where": "spotify:albums", "level": "info", "message": "Fetched 10 albums", "data": null}
{"event_time": "2025-10-03T15:26:03.468860", "where": "spotify:tracks", "level": "info", "message": "Fetched 50 tracks", "data": null}
{"event_time": "2025-10-03T15:26:04.711023", "where": "spotify:albums", "level": "info", "message": "Fetched 20 albums", "data": null}
{"event_time": "2025-10-03T15:26:05.729811", "where": "spotify:albums", "level": "info", "message": "Fetched 20 albums", "data": null}
{"event_time": "2025-10-03T15:26:06.404106", "where": "spotify:albums", "level": "info", "message": "Fetched 10 albums", "data": null}
{"event_time": "2025-10-03T15:26:06.786114", "where": "spotify:tracks", "level": "info", "message": "Fetched 50 tracks", "data": null}
{"event_time": "2025-10-03T15:26:07.783394", "where": "spotify:albums", "level": "info", "message": "Fetched 20 albums", "data": null}
{"event_time": "2025-10-03T15:26:08.856992", "where": "spotify:albums", "level": "info", "message": "Fetched 20 albums", "data": null}
{"event_time": "2025-10-03T15:26:09.359033", "where": "spotify:albums", "level": "info", "message": "Fetched 9 albums", "data": null}
{"event_time": "2025-10-03T15:26:09.821077", "where": "spotify:tracks", "level": "info", "message": "Fetched 50 tracks", "data": null}
{"event_time": "2025-10-03T15:26:10.023769", "where": "spotify:tracks", "level": "info", "message": "Fetched 2 tracks", "data": null}
{"event_time": "2025-10-03T15:26:11.181340", "where": "spotify:albums", "level": "info", "message": "Fetched 20 albums", "data": null}
{"event_time": "2025-10-03T15:26:12.083520", "where": "spotify:albums", "level": "info", "message": "Fetched 20 albums", "data": null}
{"event_time": "2025-10-03T15:26:12.577041", "where": "spotify:albums", "level": "info", "message": "Fetched 3 albums", "data": null}
{"event_time": "2025-10-03T15:26:13.338077", "where": "spotify:tracks", "level": "info", "message": "Fetched 50 tracks", "data": null}
{"event_time": "2025-10-03T15:26:13.516162", "where": "spotify:tracks", "level": "info", "message": "Fetched 1 tracks", "data": null}
{"event_time": "2025-10-03T15:26:14.348056", "where": "spotify:albums", "level": "info", "message": "Fetched 20 albums", "data": null}
{"event_time": "2025-10-03T15:26:15.675185", "where": "spotify:albums", "level": "info", "message": "Fetched 20 albums", "data": null}
{"event_time": "2025-10-03T15:26:16.255258", "where": "spotify:albums", "level": "info", "message": "Fetched 7 albums", "data": null}
{"event_time": "2025-10-03T15:26:16.714736", "where": "spotify:tracks", "level": "info", "message": "Fetched 49 tracks", "data": null}
{"event_time": "2025-10-03T15:26:18.533078", "where": "spotify:albums", "level": "info", "message": "Fetched 20 albums", "data": null}
{"event_time": "2025-10-03T15:26:19.975894", "where": "spotify:albums", "level": "info", "message": "Fetched 20 albums", "data": null}
{"event_time": "2025-10-03T15:26:20.679287", "where": "spotify:albums", "level": "info", "message": "Fetched 8 albums", "data": null}
{"event_time": "2025-10-03T15:26:21.046969", "where": "spotify:tracks", "level": "info", "message": "Fetched 50 tracks", "data": null}
{"event_time": "2025-10-03T15:26:21.807787", "where": "spotify:albums", "level": "info", "message": "Fetched 20 albums", "data": null}
{"event_time": "2025-10-03T15:26:23.184525", "where": "spotify:albums", "level": "info", "message": "Fetched 20 albums", "data": null}
{"event_time": "2025-10-03T15:26:24.164616", "where": "spotify:albums", "level": "info", "message": "Fetched 10 albums", "data": null}
{"event_time": "2025-10-03T15:26:24.592220", "where": "spotify:tracks", "level": "info", "message": "Fetched 50 tracks", "data": null}
{"event_time": "2025-10-03T15:26:25.607649", "where": "spotify:albums", "level": "info", "message": "Fetched 20 albums", "data": null}
{"event_time": "2025-10-03T15:26:26.634818", "where": "spotify:albums", "level": "info", "message": "Fetched 20 albums", "data": null}
{"event_time": "2025-10-03T15:26:27.192091", "where": "spotify:albums", "level": "info", "message": "Fetched 10 albums", "data": null}
{"event_time": "2025-10-03T15:26:27.636709", "where": "spotify:tracks", "level": "info", "message": "Fetched 50 tracks", "data": null}
{"event_time": "2025-10-03T15:26:28.677592", "where": "spotify:albums", "level": "info", "message": "Fetched 20 albums", "data": null}
{"event_time": "2025-10-03T15:26:29.594135", "where": "spotify:albums", "level": "info", "message": "Fetched 20 albums", "data": null}
{"event_time": "2025-10-03T15:26:30.261243", "where": "spotify:albums", "level": "info", "message": "Fetched 8 albums", "data": null}
{"event_time": "2025-10-03T15:26:31.016585", "where": "spotify:tracks", "level": "info", "message": "Fetched 50 tracks", "data": null}
{"event_time": "2025-10-03T15:26:31.262543", "where": "spotify:tracks", "level": "info", "message": "Fetched 1 tracks", "data": null}
{"event_time": "2025-10-03T15:26:32.157606", "where": "spotify:albums", "level": "info", "message": "Fetched 20 albums", "data": null}
{"event_time": "2025-10-03T15:26:32.939392", "where": "spotify:albums", "level": "info", "message": "Fetched 20 albums", "data": null}
{"event_time": "2025-10-03T15:26:33.258638", "where": "spotify:albums", "level": "info", "message": "Fetched 8 albums", "data": null}
{"event_time": "2025-10-03T15:26:33.777373", "where": "spotify:tracks", "level": "info", "message": "Fetched 50 tracks", "data": null}
{"event_time": "2025-10-03T15:26:34.723147", "where": "spotify:albums", "level": "info", "message": "Fetched 20 albums", "data": null}
{"event_time": "2025-10-03T15:26:35.155291", "where": "spotify:albums", "level": "info", "message": "Fetched 9 albums", "data": null}
{"event_time": "2025-10-03T15:26:35.830686", "where": "spotify:tracks", "level": "info", "message": "Fetched 50 tracks", "data": null}
{"event_time": "2025-10-03T15:26:37.212363", "where": "spotify:albums", "level": "info", "message": "Fetched 20 albums", "data": null}
{"event_time": "2025-10-03T15:26:38.236027", "where": "spotify:albums", "level": "info", "message": "Fetched 20 albums", "data": null}
{"event_time": "2025-10-03T15:26:38.768655", "where": "spotify:albums", "level": "info", "message": "Fetched 9 albums", "data": null}
{"event_time": "2025-10-03T15:26:39.288444", "where": "spotify:tracks", "level": "info", "message": "Fetched 50 tracks", "data": null}
{"event_time": "2025-10-03T15:26:40.156311", "where": "spotify:albums", "level": "info", "message": "Fetched 20 albums", "data": null}
{"event_time": "2025-10-03T15:26:41.073621", "where": "spotify:albums", "level": "info", "message": "Fetched 20 albums", "data": null}
{"event_time": "2025-10-03T15:26:41.667153", "where": "spotify:albums", "level": "info", "message": "Fetched 9 albums", "data": null}
{"event_time": "2025-10-03T15:26:42.087968", "where": "spotify:tracks", "level": "info", "message": "Fetched 49 tracks", "data": null}
{"event_time": "2025-10-03T15:26:43.261658", "where": "spotify:albums", "level": "info", "message": "Fetched 20 albums", "data": null}
{"event_time": "2025-10-03T15:26:44.202856", "where": "spotify:albums", "level": "info", "message": "Fetched 20 albums", "data": null}
{"event_time": "2025-10-03T15:26:44.739890", "where": "spotify:albums", "level": "info", "message": "Fetched 9 albums", "data": null}
{"event_time": "2025-10-03T15:26:45.185810", "where": "spotify:tracks", "level": "info", "message": "Fetched 50 tracks", "data": null}
{"event_time": "2025-10-03T15:26:45.496669", "where": "spotify:tracks", "level": "info", "message": "Fetched 1 tracks", "data": null}
{"event_time": "2025-10-03T15:26:46.312692", "where": "spotify:albums", "level": "info", "message": "Fetched 20 albums", "data": null}
{"event_time": "2025-10-03T15:26:47.517834", "where": "spotify:albums", "level": "info", "message": "Fetched 20 albums", "data": null}
{"event_time": "2025-10-03T15:26:47.959562", "where": "spotify:albums", "level": "info", "message": "Fetched 8 albums", "data": null}
{"event_time": "2025-10-03T15:26:48.474689", "where": "spotify:tracks", "level": "info", "message": "Fetched 50 tracks", "data": null}
{"event_time": "2025-10-03T15:26:49.216714", "where": "spotify:albums", "level": "info", "message": "Fetched 20 albums", "data": null}
{"event_time": "2025-10-03T15:26:50.401546", "where": "spotify:albums", "level": "info", "message": "Fetched 20 albums", "data": null}
{"event_time": "2025-10-03T15:26:50.713781", "where": "spotify:albums", "level": "info", "message": "Fetched 9 albums", "data": null}
{"event_time": "2025-10-03T15:26:51.199159", "where": "spotify:tracks", "level": "info", "message": "Fetched 50 tracks", "data": null}
{"event_time": "2025-10-03T15:26:52.128052", "where": "spotify:albums", "level": "info", "message": "Fetched 20 albums", "data": null}
{"event_time": "2025-10-03T15:26:52.999329", "where": "spotify:albums", "level": "info", "message": "Fetched 20 albums", "data": null}
{"event_time": "2025-10-03T15:26:53.603941", "where": "spotify:albums", "level": "info", "message": "Fetched 10 albums", "data": null}
{"event_time": "2025-10-03T15:26:54.099734", "where": "spotify:tracks", "level": "info", "message": "Fetched 50 tracks", "data": null}
{"event_time": "2025-10-03T15:26:54.888260", "where": "spotify:albums", "level": "info", "message": "Fetched 20 albums", "data": null}
{"event_time": "2025-10-03T15:26:55.808751", "where": "spotify:albums", "level": "info", "message": "Fetched 20 albums", "data": null}
{"event_time": "2025-10-03T15:26:56.248929", "where": "spotify:albums", "level": "info", "message": "Fetched 7 albums", "data": null}
{"event_time": "2025-10-03T15:26:56.719999", "where": "spotify:tracks", "level": "info", "message": "Fetched 50 tracks", "data": null}
{"event_time": "2025-10-03T15:26:56.955069", "where": "spotify:tracks", "level": "info", "message": "Fetched 1 tracks", "data": null}
{"event_time": "2025-10-03T15:26:57.965239", "where": "spotify:albums", "level": "info", "message": "Fetched 20 albums", "data": null}
{"event_time": "2025-10-03T15:26:58.864114", "where": "spotify:albums", "level": "info", "message": "Fetched 20 albums", "data": null}
{"event_time": "2025-10-03T15:26:59.764951", "where": "spotify:albums", "level": "info", "message": "Fetched 9 albums", "data": null}
{"event_time": "2025-10-03T15:27:00.209231", "where": "spotify:tracks", "level": "info", "message": "Fetched 50 tracks", "data": null}
{"event_time": "2025-10-03T15:27:01.104281", "where": "spotify:albums", "level": "info", "message": "Fetched 20 albums", "data": null}
{"event_time": "2025-10-03T15:27:02.164554", "where": "spotify:albums", "level": "info", "message": "Fetched 20 albums", "data": null}
{"event_time": "2025-10-03T15:27:02.767358", "where": "spotify:albums", "level": "info", "message": "Fetched 9 albums", "data": null}
{"event_time": "2025-10-03T15:27:03.164046", "where": "spotify:tracks", "level": "info", "message": "Fetched 50 tracks", "data": null}
{"event_time": "2025-10-03T15:27:04.087736", "where": "spotify:albums", "level": "info", "message": "Fetched 20 albums", "data": null}
{"event_time": "2025-10-03T15:27:05.031938", "where": "spotify:albums", "level": "info", "message": "Fetched 20 albums", "data": null}
{"event_time": "2025-10-03T15:27:05.521486", "where": "spotify:albums", "level": "info", "message": "Fetched 6 albums", "data": null}
{"event_time": "2025-10-03T15:27:05.932266", "where": "spotify:tracks", "level": "info", "message": "Fetched 50 tracks", "data": null}
{"event_time": "2025-10-03T15:27:06.730263", "where": "spotify:albums", "level": "info", "message": "Fetched 20 albums", "data": null}
{"event_time": "2025-10-03T15:27:07.466237", "where": "spotify:albums", "level": "info", "message": "Fetched 20 albums", "data": null}
{"event_time": "2025-10-03T15:27:07.987221", "where": "spotify:albums", "level": "info", "message": "Fetched 9 albums", "data": null}
{"event_time": "2025-10-03T15:27:08.497605", "where": "spotify:tracks", "level": "info", "message": "Fetched 50 tracks", "data": null}
{"event_time": "2025-10-03T15:27:09.250032", "where": "spotify:albums", "level": "info", "message": "Fetched 20 albums", "data": null}
{"event_time": "2025-10-03T15:27:10.153972", "where": "spotify:albums", "level": "info", "message": "Fetched 20 albums", "data": null}
{"event_time": "2025-10-03T15:27:10.646519", "where": "spotify:albums", "level": "info", "message": "Fetched 7 albums", "data": null}
{"event_time": "2025-10-03T15:27:11.179746", "where": "spotify:tracks", "level": "info", "message": "Fetched 50 tracks", "data": null}
{"event_time": "2025-10-03T15:27:12.192764", "where": "spotify:albums", "level": "info", "message": "Fetched 20 albums", "data": null}
{"event_time": "2025-10-03T15:27:12.972553", "where": "spotify:albums", "level": "info", "message": "Fetched 20 albums", "data": null}
{"event_time": "2025-10-03T15:27:13.514416", "where": "spotify:albums", "level": "info", "message": "Fetched 7 albums", "data": null}
{"event_time": "2025-10-03T15:27:14.028234", "where": "spotify:tracks", "level": "info", "message": "Fetched 50 tracks", "data": null}
{"event_time": "2025-10-03T15:27:15.016321", "where": "spotify:albums", "level": "info", "message": "Fetched 20 albums", "data": null}
{"event_time": "2025-10-03T15:27:16.085397", "where": "spotify:albums", "level": "info", "message": "Fetched 20 albums", "data": null}
{"event_time": "2025-10-03T15:27:16.697154", "where": "spotify:albums", "level": "info", "message": "Fetched 9 albums", "data": null}
{"event_time": "2025-10-03T15:27:17.263221", "where": "spotify:tracks", "level": "info", "message": "Fetched 50 tracks", "data": null}
{"event_time": "2025-10-03T15:27:18.279119", "where": "spotify:albums", "level": "info", "message": "Fetched 20 albums", "data": null}
{"event_time": "2025-10-03T15:27:19.867933", "where": "spotify:albums", "level": "info", "message": "Fetched 20 albums", "data": null}
{"event_time": "2025-10-03T15:27:20.391986", "where": "spotify:albums", "level": "info", "message": "Fetched 8 albums", "data": null}
{"event_time": "2025-10-03T15:27:20.786437", "where": "spotify:tracks", "level": "info", "message": "Fetched 50 tracks", "data": null}
{"event_time": "2025-10-03T15:27:21.933504", "where": "spotify:albums", "level": "info", "message": "Fetched 20 albums", "data": null}
{"event_time": "2025-10-03T15:27:23.265136", "where": "spotify:albums", "level": "info", "message": "Fetched 20 albums", "data": null}
{"event_time": "2025-10-03T15:27:23.601486", "where": "spotify:albums", "level": "info", "message": "Fetched 8 albums", "data": null}
{"event_time": "2025-10-03T15:27:24.158991", "where": "spotify:tracks", "level": "info", "message": "Fetched 50 tracks", "data": null}
{"event_time": "2025-10-03T15:27:25.223110", "where": "spotify:albums", "level": "info", "message": "Fetched 20 albums", "data": null}
{"event_time": "2025-10-03T15:27:26.348393", "where": "spotify:albums", "level": "info", "message": "Fetched 20 albums", "data": null}
{"event_time": "2025-10-03T15:27:27.032212", "where": "spotify:albums", "level": "info", "message": "Fetched 9 albums", "data": null}
{"event_time": "2025-10-03T15:27:27.541417", "where": "spotify:tracks", "level": "info", "message": "Fetched 50 tracks", "data": null}
{"event_time": "2025-10-03T15:27:28.474459", "where": "spotify:albums", "level": "info", "message": "Fetched 20 albums", "data": null}
{"event_time": "2025-10-03T15:27:29.217852", "where": "spotify:albums", "level": "info", "message": "Fetched 20 albums", "data": null}
{"event_time": "2025-10-03T15:27:29.800115", "where": "spotify:albums", "level": "info", "message": "Fetched 10 albums", "data": null}
{"event_time": "2025-10-03T15:27:30.234288", "where": "spotify:tracks", "level": "info", "message": "Fetched 50 tracks", "data": null}
{"event_time": "2025-10-03T15:27:31.755738", "where": "spotify:albums", "level": "info", "message": "Fetched 20 albums", "data": null}
{"event_time": "2025-10-03T15:27:32.783498", "where": "spotify:albums", "level": "info", "message": "Fetched 20 albums", "data": null}
{"event_time": "2025-10-03T15:27:33.680951", "where": "spotify:albums", "level": "info", "message": "Fetched 10 albums", "data": null}
{"event_time": "2025-10-03T15:27:34.160739", "where": "spotify:tracks", "level": "info", "message": "Fetched 49 tracks", "data": null}
{"event_time": "2025-10-03T15:27:35.646220", "where": "spotify:albums", "level": "info", "message": "Fetched 20 albums", "data": null}
{"event_time": "2025-10-03T15:27:36.395568", "where": "spotify:albums", "level": "info", "message": "Fetched 20 albums", "data": null}
{"event_time": "2025-10-03T15:27:36.966470", "where": "spotify:albums", "level": "info", "message": "Fetched 7 albums", "data": null}
{"event_time": "2025-10-03T15:27:37.475937", "where": "spotify:tracks", "level": "info", "message": "Fetched 50 tracks", "data": null}
{"event_time": "2025-10-03T15:27:38.359481", "where": "spotify:albums", "level": "info", "message": "Fetched 20 albums", "data": null}
{"event_time": "2025-10-03T15:27:39.379213", "where": "spotify:albums", "level": "info", "message": "Fetched 20 albums", "data": null}
{"event_time": "2025-10-03T15:27:39.942623", "where": "spotify:albums", "level": "info", "message": "Fetched 10 albums", "data": null}
{"event_time": "2025-10-03T15:27:40.323623", "where": "spotify:tracks", "level": "info", "message": "Fetched 50 tracks", "data": null}
{"event_time": "2025-10-03T15:27:41.483598", "where": "spotify:albums", "level": "info", "message": "Fetched 20 albums", "data": null}
{"event_time": "2025-10-03T15:27:42.818031", "where": "spotify:albums", "level": "info", "message": "Fetched 20 albums", "data": null}
{"event_time": "2025-10-03T15:27:43.627328", "where": "spotify:albums", "level": "info", "message": "Fetched 10 albums", "data": null}
{"event_time": "2025-10-03T15:27:44.132519", "where": "spotify:tracks", "level": "info", "message": "Fetched 50 tracks", "data": null}
{"event_time": "2025-10-03T15:27:44.964540", "where": "spotify:albums", "level": "info", "message": "Fetched 20 albums", "data": null}
{"event_time": "2025-10-03T15:27:45.885563", "where": "spotify:albums", "level": "info", "message": "Fetched 20 albums", "data": null}
{"event_time": "2025-10-03T15:27:46.494847", "where": "spotify:albums", "level": "info", "message": "Fetched 7 albums", "data": null}
{"event_time": "2025-10-03T15:27:47.003976", "where": "spotify:tracks", "level": "info", "message": "Fetched 50 tracks", "data": null}
{"event_time": "2025-10-03T15:27:48.039370", "where": "spotify:albums", "level": "info", "message": "Fetched 20 albums", "data": null}
{"event_time": "2025-10-03T15:27:48.858463", "where": "spotify:albums", "level": "info", "message": "Fetched 20 albums", "data": null}
{"event_time": "2025-10-03T15:27:49.158450", "where": "spotify:albums", "level": "info", "message": "Fetched 6 albums", "data": null}
{"event_time": "2025-10-03T15:27:49.661956", "where": "spotify:tracks", "level": "info", "message": "Fetched 50 tracks", "data": null}
{"event_time": "2025-10-03T15:27:50.517971", "where": "spotify:albums", "level": "info", "message": "Fetched 20 albums", "data": null}
{"event_time": "2025-10-03T15:27:51.285463", "where": "spotify:albums", "level": "info", "message": "Fetched 20 albums", "data": null}
{"event_time": "2025-10-03T15:27:51.915673", "where": "spotify:albums", "level": "info", "message": "Fetched 6 albums", "data": null}
{"event_time": "2025-10-03T15:27:52.348494", "where": "spotify:tracks", "level": "info", "message": "Fetched 50 tracks", "data": null}
{"event_time": "2025-10-03T15:27:53.775452", "where": "spotify:albums", "level": "info", "message": "Fetched 20 albums", "data": null}
{"event_time": "2025-10-03T15:27:54.484856", "where": "spotify:albums", "level": "info", "message": "Fetched 20 albums", "data": null}
{"event_time": "2025-10-03T15:27:55.176701", "where": "spotify:albums", "level": "info", "message": "Fetched 9 albums", "data": null}
{"event_time": "2025-10-03T15:27:55.543427", "where": "spotify:tracks", "level": "info", "message": "Fetched 50 tracks", "data": null}
{"event_time": "2025-10-03T15:27:55.800112", "where": "spotify:tracks", "level": "info", "message": "Fetched 1 tracks", "data": null}
{"event_time": "2025-10-03T15:27:56.651494", "where": "spotify:albums", "level": "info", "message": "Fetched 20 albums", "data": null}
{"event_time": "2025-10-03T15:27:57.557146", "where": "spotify:albums", "level": "info", "message": "Fetched 20 albums", "data": null}
{"event_time": "2025-10-03T15:27:58.060318", "where": "spotify:albums", "level": "info", "message": "Fetched 9 albums", "data": null}
{"event_time": "2025-10-03T15:27:58.569027", "where": "spotify:tracks", "level": "info", "message": "Fetched 50 tracks", "data": null}
{"event_time": "2025-10-03T15:27:59.398453", "where": "spotify:albums", "level": "info", "message": "Fetched 20 albums", "data": null}
{"event_time": "2025-10-03T15:28:00.140463", "where": "spotify:albums", "level": "info", "message": "Fetched 20 albums", "data": null}
{"event_time": "2025-10-03T15:28:00.933026", "where": "spotify:albums", "level": "info", "message": "Fetched 10 albums", "data": null}
{"event_time": "2025-10-03T15:28:01.436661", "where": "spotify:tracks", "level": "info", "message": "Fetched 50 tracks", "data": null}
{"event_time": "2025-10-03T15:28:02.422084", "where": "spotify:albums", "level": "info", "message": "Fetched 20 albums", "data": null}
{"event_time": "2025-10-03T15:28:03.360776", "where": "spotify:albums", "level": "info", "message": "Fetched 20 albums", "data": null}
{"event_time": "2025-10-03T15:28:03.899540", "where": "spotify:albums", "level": "info", "message": "Fetched 9 albums", "data": null}
{"event_time": "2025-10-03T15:28:04.406362", "where": "spotify:tracks", "level": "info", "message": "Fetched 50 tracks", "data": null}
{"event_time": "2025-10-03T15:28:05.845594", "where": "spotify:albums", "level": "info", "message": "Fetched 20 albums", "data": null}
{"event_time": "2025-10-03T15:28:06.764219", "where": "spotify:albums", "level": "info", "message": "Fetched 20 albums", "data": null}
{"event_time": "2025-10-03T15:28:07.258813", "where": "spotify:albums", "level": "info", "message": "Fetched 10 albums", "data": null}
{"event_time": "2025-10-03T15:28:07.787947", "where": "spotify:tracks", "level": "info", "message": "Fetched 50 tracks", "data": null}
{"event_time": "2025-10-03T15:28:08.858681", "where": "spotify:albums", "level": "info", "message": "Fetched 20 albums", "data": null}
{"event_time": "2025-10-03T15:28:09.862443", "where": "spotify:albums", "level": "info", "message": "Fetched 20 albums", "data": null}
{"event_time": "2025-10-03T15:28:10.311145", "where": "spotify:albums", "level": "info", "message": "Fetched 9 albums", "data": null}
{"event_time": "2025-10-03T15:28:10.855158", "where": "spotify:tracks", "level": "info", "message": "Fetched 49 tracks", "data": null}
{"event_time": "2025-10-03T15:28:12.080916", "where": "spotify:albums", "level": "info", "message": "Fetched 20 albums", "data": null}
{"event_time": "2025-10-03T15:28:13.261408", "where": "spotify:albums", "level": "info", "message": "Fetched 20 albums", "data": null}
{"event_time": "2025-10-03T15:28:13.832851", "where": "spotify:albums", "level": "info", "message": "Fetched 8 albums", "data": null}
{"event_time": "2025-10-03T15:28:14.288347", "where": "spotify:tracks", "level": "info", "message": "Fetched 50 tracks", "data": null}
{"event_time": "2025-10-03T15:28:14.501473", "where": "spotify:tracks", "level": "info", "message": "Fetched 1 tracks", "data": null}
{"event_time": "2025-10-03T15:28:15.275708", "where": "spotify:albums", "level": "info", "message": "Fetched 20 albums", "data": null}
{"event_time": "2025-10-03T15:28:16.410505", "where": "spotify:albums", "level": "info", "message": "Fetched 20 albums", "data": null}
{"event_time": "2025-10-03T15:28:16.901385", "where": "spotify:albums", "level": "info", "message": "Fetched 9 albums", "data": null}
{"event_time": "2025-10-03T15:28:17.345029", "where": "spotify:tracks", "level": "info", "message": "Fetched 50 tracks", "data": null}
{"event_time": "2025-10-03T15:28:17.651500", "where": "spotify:tracks", "level": "info", "message": "Fetched 1 tracks", "data": null}
{"event_time": "2025-10-03T15:28:18.299837", "where": "spotify:albums", "level": "info", "message": "Fetched 20 albums", "data": null}
{"event_time": "2025-10-03T15:28:19.588034", "where": "spotify:albums", "level": "info", "message": "Fetched 20 albums", "data": null}
{"event_time": "2025-10-03T15:28:20.209773", "where": "spotify:albums", "level": "info", "message": "Fetched 7 albums", "data": null}
{"event_time": "2025-10-03T15:28:23.866506", "where": "spotify:tracks", "level": "info", "message": "Fetched 50 tracks", "data": null}
{"event_time": "2025-10-03T15:28:25.006348", "where": "spotify:albums", "level": "info", "message": "Fetched 20 albums", "data": null}
{"event_time": "2025-10-03T15:28:25.721246", "where": "spotify:albums", "level": "info", "message": "Fetched 20 albums", "data": null}
{"event_time": "2025-10-03T15:28:26.259581", "where": "spotify:albums", "level": "info", "message": "Fetched 7 albums", "data": null}
{"event_time": "2025-10-03T15:28:26.833669", "where": "spotify:tracks", "level": "info", "message": "Fetched 50 tracks", "data": null}
{"event_time": "2025-10-03T15:28:27.873436", "where": "spotify:albums", "level": "info", "message": "Fetched 20 albums", "data": null}
{"event_time": "2025-10-03T15:28:28.696480", "where": "spotify:albums", "level": "info", "message": "Fetched 20 albums", "data": null}
{"event_time": "2025-10-03T15:28:29.170255", "where": "spotify:albums", "level": "info", "message": "Fetched 10 albums", "data": null}
{"event_time": "2025-10-03T15:28:29.804222", "where": "spotify:tracks", "level": "info", "message": "Fetched 50 tracks", "data": null}
{"event_time": "2025-10-03T15:28:29.974389", "where": "spotify:tracks", "level": "info", "message": "Fetched 1 tracks", "data": null}
{"event_time": "2025-10-03T15:28:30.943416", "where": "spotify:albums", "level": "info", "message": "Fetched 20 albums", "data": null}
{"event_time": "2025-10-03T15:28:32.072835", "where": "spotify:albums", "level": "info", "message": "Fetched 20 albums", "data": null}
{"event_time": "2025-10-03T15:28:32.782616", "where": "spotify:albums", "level": "info", "message": "Fetched 7 albums", "data": null}
{"event_time": "2025-10-03T15:28:33.216308", "where": "spotify:tracks", "level": "info", "message": "Fetched 50 tracks", "data": null}
{"event_time": "2025-10-03T15:28:34.296326", "where": "spotify:albums", "level": "info", "message": "Fetched 20 albums", "data": null}
{"event_time": "2025-10-03T15:28:35.233595", "where": "spotify:albums", "level": "info", "message": "Fetched 20 albums", "data": null}
{"event_time": "2025-10-03T15:28:35.748788", "where": "spotify:albums", "level": "info", "message": "Fetched 7 albums", "data": null}
{"event_time": "2025-10-03T15:28:36.138206", "where": "spotify:tracks", "level": "info", "message": "Fetched 50 tracks", "data": null}
{"event_time": "2025-10-03T15:28:37.093713", "where": "spotify:albums", "level": "info", "message": "Fetched 20 albums", "data": null}
{"event_time": "2025-10-03T15:28:38.116599", "where": "spotify:albums", "level": "info", "message": "Fetched 20 albums", "data": null}
{"event_time": "2025-10-03T15:28:38.606858", "where": "spotify:albums", "level": "info", "message": "Fetched 5 albums", "data": null}
{"event_time": "2025-10-03T15:28:39.017824", "where": "spotify:tracks", "level": "info", "message": "Fetched 49 tracks", "data": null}
{"event_time": "2025-10-03T15:28:40.384691", "where": "spotify:albums", "level": "info", "message": "Fetched 20 albums", "data": null}
{"event_time": "2025-10-03T15:28:41.607465", "where": "spotify:albums", "level": "info", "message": "Fetched 20 albums", "data": null}
{"event_time": "2025-10-03T15:28:42.157394", "where": "spotify:albums", "level": "info", "message": "Fetched 9 albums", "data": null}
{"event_time": "2025-10-03T15:28:42.606225", "where": "spotify:tracks", "level": "info", "message": "Fetched 50 tracks", "data": null}
{"event_time": "2025-10-03T15:28:44.060598", "where": "spotify:albums", "level": "info", "message": "Fetched 20 albums", "data": null}
{"event_time": "2025-10-03T15:28:45.196066", "where": "spotify:albums", "level": "info", "message": "Fetched 20 albums", "data": null}
{"event_time": "2025-10-03T15:28:45.987327", "where": "spotify:albums", "level": "info", "message": "Fetched 10 albums", "data": null}
{"event_time": "2025-10-03T15:28:46.624011", "where": "spotify:tracks", "level": "info", "message": "Fetched 50 tracks", "data": null}
{"event_time": "2025-10-03T15:28:47.849858", "where": "spotify:albums", "level": "info", "message": "Fetched 20 albums", "data": null}
{"event_time": "2025-10-03T15:28:49.077052", "where": "spotify:albums", "level": "info", "message": "Fetched 20 albums", "data": null}
{"event_time": "2025-10-03T15:28:49.771656", "where": "spotify:albums", "level": "info", "message": "Fetched 5 albums", "data": null}
{"event_time": "2025-10-03T15:28:50.320938", "where": "spotify:tracks", "level": "info", "message": "Fetched 49 tracks", "data": null}
{"event_time": "2025-10-03T15:28:52.204877", "where": "spotify:albums", "level": "info", "message": "Fetched 20 albums", "data": null}
{"event_time": "2025-10-03T15:28:53.167124", "where": "spotify:albums", "level": "info", "message": "Fetched 20 albums", "data": null}
{"event_time": "2025-10-03T15:28:53.875149", "where": "spotify:albums", "level": "info", "message": "Fetched 8 albums", "data": null}
{"event_time": "2025-10-03T15:28:54.331722", "where": "spotify:tracks", "level": "info", "message": "Fetched 50 tracks", "data": null}
{"event_time": "2025-10-03T15:28:55.173060", "where": "spotify:albums", "level": "info", "message": "Fetched 20 albums", "data": null}
{"event_time": "2025-10-03T15:28:56.149622", "where": "spotify:albums", "level": "info", "message": "Fetched 20 albums", "data": null}
{"event_time": "2025-10-03T15:28:56.638555", "where": "spotify:albums", "level": "info", "message": "Fetched 8 albums", "data": null}
{"event_time": "2025-10-03T15:28:57.102263", "where": "spotify:tracks", "level": "info", "message": "Fetched 50 tracks", "data": null}
{"event_time": "2025-10-03T15:28:57.772228", "where": "spotify:albums", "level": "info", "message": "Fetched 20 albums", "data": null}
{"event_time": "2025-10-03T15:28:58.702921", "where": "spotify:albums", "level": "info", "message": "Fetched 20 albums", "data": null}
{"event_time": "2025-10-03T15:28:59.116202", "where": "spotify:albums", "level": "info", "message": "Fetched 8 albums", "data": null}
{"event_time": "2025-10-03T15:28:59.605682", "where": "spotify:tracks", "level": "info", "message": "Fetched 50 tracks", "data": null}
{"event_time": "2025-10-03T15:29:00.585437", "where": "spotify:albums", "level": "info", "message": "Fetched 20 albums", "data": null}
{"event_time": "2025-10-03T15:29:01.404007", "where": "spotify:albums", "level": "info", "message": "Fetched 20 albums", "data": null}
{"event_time": "2025-10-03T15:29:02.159133", "where": "spotify:albums", "level": "info", "message": "Fetched 8 albums", "data": null}
{"event_time": "2025-10-03T15:29:02.700732", "where": "spotify:tracks", "level": "info", "message": "Fetched 50 tracks", "data": null}
{"event_time": "2025-10-03T15:29:03.589752", "where": "spotify:albums", "level": "info", "message": "Fetched 20 albums", "data": null}
{"event_time": "2025-10-03T15:29:04.604205", "where": "spotify:albums", "level": "info", "message": "Fetched 20 albums", "data": null}
{"event_time": "2025-10-03T15:29:04.955371", "where": "spotify:albums", "level": "info", "message": "Fetched 10 albums", "data": null}
{"event_time": "2025-10-03T15:29:05.282082", "where": "spotify:tracks", "level": "info", "message": "Fetched 38 tracks", "data": null}
{"event_time": "2025-10-03T15:29:06.341592", "where": "spotify:albums", "level": "info", "message": "Fetched 20 albums", "data": null}
{"event_time": "2025-10-03T15:29:07.046845", "where": "spotify:albums", "level": "info", "message": "Fetched 18 albums", "data": null}
{"event_time": "2025-10-03T15:29:07.561732", "where": "spotify:tracks", "level": "info", "message": "Fetched 50 tracks", "data": null}
{"event_time": "2025-10-03T15:29:08.232422", "where": "spotify:tracks", "level": "info", "message": "Fetched 50 tracks", "data": null}
{"event_time": "2025-10-03T15:29:08.735683", "where": "spotify:tracks", "level": "info", "message": "Fetched 50 tracks", "data": null}
{"event_time": "2025-10-03T15:29:09.277133", "where": "spotify:tracks", "level": "info", "message": "Fetched 50 tracks", "data": null}
{"event_time": "2025-10-03T15:29:09.913952", "where": "spotify:tracks", "level": "info", "message": "Fetched 50 tracks", "data": null}
{"event_time": "2025-10-03T15:29:10.663700", "where": "spotify:tracks", "level": "info", "message": "Fetched 50 tracks", "data": null}
{"event_time": "2025-10-03T15:29:11.397739", "where": "spotify:tracks", "level": "info", "message": "Fetched 50 tracks", "data": null}
{"event_time": "2025-10-03T15:29:11.967951", "where": "spotify:tracks", "level": "info", "message": "Fetched 50 tracks", "data": null}
{"event_time": "2025-10-03T15:29:12.604067", "where": "spotify:tracks", "level": "info", "message": "Fetched 50 tracks", "data": null}
{"event_time": "2025-10-03T15:29:13.153805", "where": "spotify:tracks", "level": "info", "message": "Fetched 50 tracks", "data": null}
{"event_time": "2025-10-03T15:29:13.586006", "where": "spotify:tracks", "level": "info", "message": "Fetched 50 tracks", "data": null}
{"event_time": "2025-10-03T15:29:14.212195", "where": "spotify:tracks", "level": "info", "message": "Fetched 50 tracks", "data": null}
{"event_time": "2025-10-03T15:29:14.759413", "where": "spotify:tracks", "level": "info", "message": "Fetched 50 tracks", "data": null}
{"event_time": "2025-10-03T15:29:15.204222", "where": "spotify:tracks", "level": "info", "message": "Fetched 50 tracks", "data": null}
{"event_time": "2025-10-03T15:29:15.883302", "where": "spotify:tracks", "level": "info", "message": "Fetched 50 tracks", "data": null}
{"event_time": "2025-10-03T15:29:16.596148", "where": "spotify:tracks", "level": "info", "message": "Fetched 50 tracks", "data": null}
{"event_time": "2025-10-03T15:38:45.026316", "where": "sanity", "level": "info", "message": "Starting spotify_sanity_check", "data": null}
{"event_time": "2025-10-03T15:38:45.309344", "where": "sanity", "level": "info", "message": "spotify_sanity_check result: ok=True, msg=ok", "data": null}
{"event_time": "2025-10-03T15:38:45.309556", "where": "sanity", "level": "info", "message": "Starting discogs_sanity_check", "data": null}
{"event_time": "2025-10-03T15:38:45.529263", "where": "sanity", "level": "info", "message": "discogs_sanity_check result: ok=True, msg=ok", "data": null}
{"event_time": "2025-10-03T15:38:45.566055", "where": "enrichment", "level": "info", "message": "Starting run_all()", "data": null}
{"event_time": "2025-10-03T15:45:37.300898", "where": "sanity", "level": "info", "message": "Starting spotify_sanity_check", "data": null}
{"event_time": "2025-10-03T15:45:38.044725", "where": "sanity", "level": "info", "message": "spotify_sanity_check result: ok=True, msg=ok", "data": null}
{"event_time": "2025-10-03T15:45:38.045686", "where": "sanity", "level": "info", "message": "Starting discogs_sanity_check", "data": null}
{"event_time": "2025-10-03T15:45:38.355274", "where": "sanity", "level": "info", "message": "discogs_sanity_check result: ok=True, msg=ok", "data": null}
{"event_time": "2025-10-03T15:45:38.392148", "where": "enrichment", "level": "info", "message": "Starting run_all()", "data": null}
{"event_time": "2025-10-03T15:58:38.500519", "where": "sanity", "level": "info", "message": "Starting spotify_sanity_check", "data": null}
{"event_time": "2025-10-03T15:58:38.769587", "where": "sanity", "level": "info", "message": "spotify_sanity_check result: ok=True, msg=ok", "data": null}
{"event_time": "2025-10-03T15:58:38.769831", "where": "sanity", "level": "info", "message": "Starting discogs_sanity_check", "data": null}
{"event_time": "2025-10-03T15:58:39.027059", "where": "sanity", "level": "info", "message": "discogs_sanity_check result: ok=True, msg=ok", "data": null}
{"event_time": "2025-10-03T15:58:39.063032", "where": "enrichment", "level": "info", "message": "Starting run_all()", "data": null}
{"event_time": "2025-10-03T15:58:55.055341", "where": "sanity", "level": "info", "message": "Starting spotify_sanity_check", "data": null}
{"event_time": "2025-10-03T15:58:55.349516", "where": "sanity", "level": "info", "message": "spotify_sanity_check result: ok=True, msg=ok", "data": null}
{"event_time": "2025-10-03T15:58:55.349732", "where": "sanity", "level": "info", "message": "Starting discogs_sanity_check", "data": null}
{"event_time": "2025-10-03T15:58:55.556439", "where": "sanity", "level": "info", "message": "discogs_sanity_check result: ok=True, msg=ok", "data": null}
{"event_time": "2025-10-03T15:58:55.579416", "where": "enrichment", "level": "info", "message": "Starting run_all()", "data": null}
{"event_time": "2025-10-03T16:02:27.790994", "where": "sanity", "level": "info", "message": "Starting spotify_sanity_check", "data": null}
{"event_time": "2025-10-03T16:02:28.287007", "where": "sanity", "level": "info", "message": "spotify_sanity_check result: ok=True, msg=ok", "data": null}
{"event_time": "2025-10-03T16:02:28.287576", "where": "sanity", "level": "info", "message": "Starting discogs_sanity_check", "data": null}
{"event_time": "2025-10-03T16:02:28.675539", "where": "sanity", "level": "info", "message": "discogs_sanity_check result: ok=True, msg=ok", "data": null}
{"event_time": "2025-10-03T16:02:28.714333", "where": "enrichment", "level": "info", "message": "Starting run_all()", "data": null}
{"event_time": "2025-10-03T16:02:46.248404", "where": "sanity", "level": "info", "message": "Starting spotify_sanity_check", "data": null}
{"event_time": "2025-10-03T16:02:46.604384", "where": "sanity", "level": "info", "message": "spotify_sanity_check result: ok=True, msg=ok", "data": null}
{"event_time": "2025-10-03T16:02:46.604603", "where": "sanity", "level": "info", "message": "Starting discogs_sanity_check", "data": null}
{"event_time": "2025-10-03T16:02:46.821599", "where": "sanity", "level": "info", "message": "discogs_sanity_check result: ok=True, msg=ok", "data": null}
{"event_time": "2025-10-03T16:02:46.858319", "where": "enrichment", "level": "info", "message": "Starting run_all()", "data": null}
{"event_time": "2025-10-03T16:19:02.870264", "where": "sanity", "level": "info", "message": "Starting spotify_sanity_check", "data": null}
{"event_time": "2025-10-03T16:19:03.181749", "where": "sanity", "level": "info", "message": "spotify_sanity_check result: ok=True, msg=ok", "data": null}
{"event_time": "2025-10-03T16:19:03.182010", "where": "sanity", "level": "info", "message": "Starting discogs_sanity_check", "data": null}
{"event_time": "2025-10-03T16:19:03.398706", "where": "sanity", "level": "info", "message": "discogs_sanity_check result: ok=True, msg=ok", "data": null}
{"event_time": "2025-10-03T16:19:03.432955", "where": "enrichment", "level": "info", "message": "Starting run_all()", "data": null}
{"event_time": "2025-10-03T16:19:24.893879", "where": "spotify:shows", "level": "info", "message": "Fetched 3 shows", "data": null}
{"event_time": "2025-10-03T16:19:25.657058", "where": "spotify:audiobooks", "level": "info", "message": "Fetched 1 audiobooks", "data": null}
{"event_time": "2025-10-03T16:19:26.884694", "where": "spotify:shows", "level": "info", "message": "Fetched 2 shows", "data": null}
{"event_time": "2025-10-03T16:19:28.071569", "where": "spotify:audiobooks", "level": "info", "message": "Fetched 2 audiobooks", "data": null}
{"event_time": "2025-10-03T16:19:28.897581", "where": "spotify:tracks", "level": "info", "message": "Fetched 50 tracks", "data": null}
{"event_time": "2025-10-03T16:19:29.826839", "where": "spotify:albums", "level": "info", "message": "Fetched 20 albums", "data": null}
{"event_time": "2025-10-03T16:19:30.641305", "where": "spotify:albums", "level": "info", "message": "Fetched 20 albums", "data": null}
{"event_time": "2025-10-03T16:19:31.054550", "where": "spotify:albums", "level": "info", "message": "Fetched 8 albums", "data": null}
{"event_time": "2025-10-03T16:19:31.465697", "where": "spotify:tracks", "level": "info", "message": "Fetched 50 tracks", "data": null}
{"event_time": "2025-10-03T16:19:32.286203", "where": "spotify:albums", "level": "info", "message": "Fetched 20 albums", "data": null}
{"event_time": "2025-10-03T16:19:33.132085", "where": "spotify:albums", "level": "info", "message": "Fetched 20 albums", "data": null}
{"event_time": "2025-10-03T16:19:33.888388", "where": "spotify:albums", "level": "info", "message": "Fetched 10 albums", "data": null}
{"event_time": "2025-10-03T16:19:34.365879", "where": "spotify:tracks", "level": "info", "message": "Fetched 50 tracks", "data": null}
{"event_time": "2025-10-03T16:19:35.363903", "where": "spotify:albums", "level": "info", "message": "Fetched 20 albums", "data": null}
{"event_time": "2025-10-03T16:19:36.379879", "where": "spotify:albums", "level": "info", "message": "Fetched 20 albums", "data": null}
{"event_time": "2025-10-03T16:19:36.963524", "where": "spotify:albums", "level": "info", "message": "Fetched 10 albums", "data": null}
{"event_time": "2025-10-03T16:19:37.365438", "where": "spotify:tracks", "level": "info", "message": "Fetched 50 tracks", "data": null}
{"event_time": "2025-10-03T16:19:38.224268", "where": "spotify:albums", "level": "info", "message": "Fetched 20 albums", "data": null}
{"event_time": "2025-10-03T16:19:39.255016", "where": "spotify:albums", "level": "info", "message": "Fetched 20 albums", "data": null}
{"event_time": "2025-10-03T16:19:39.856976", "where": "spotify:albums", "level": "info", "message": "Fetched 9 albums", "data": null}
{"event_time": "2025-10-03T16:19:40.357762", "where": "spotify:tracks", "level": "info", "message": "Fetched 50 tracks", "data": null}
{"event_time": "2025-10-03T16:19:40.549826", "where": "spotify:tracks", "level": "info", "message": "Fetched 2 tracks", "data": null}
{"event_time": "2025-10-03T16:19:41.713505", "where": "spotify:albums", "level": "info", "message": "Fetched 20 albums", "data": null}
{"event_time": "2025-10-03T16:19:42.731472", "where": "spotify:albums", "level": "info", "message": "Fetched 20 albums", "data": null}
{"event_time": "2025-10-03T16:19:43.017099", "where": "spotify:albums", "level": "info", "message": "Fetched 3 albums", "data": null}
{"event_time": "2025-10-03T16:19:43.401074", "where": "spotify:tracks", "level": "info", "message": "Fetched 50 tracks", "data": null}
{"event_time": "2025-10-03T16:19:43.615388", "where": "spotify:tracks", "level": "info", "message": "Fetched 1 tracks", "data": null}
{"event_time": "2025-10-03T16:19:44.378204", "where": "spotify:albums", "level": "info", "message": "Fetched 20 albums", "data": null}
{"event_time": "2025-10-03T16:19:45.373372", "where": "spotify:albums", "level": "info", "message": "Fetched 20 albums", "data": null}
{"event_time": "2025-10-03T16:19:46.101341", "where": "spotify:albums", "level": "info", "message": "Fetched 7 albums", "data": null}
{"event_time": "2025-10-03T16:19:46.543806", "where": "spotify:tracks", "level": "info", "message": "Fetched 49 tracks", "data": null}
{"event_time": "2025-10-03T16:19:47.643137", "where": "spotify:albums", "level": "info", "message": "Fetched 20 albums", "data": null}
{"event_time": "2025-10-03T16:19:49.295076", "where": "spotify:albums", "level": "info", "message": "Fetched 20 albums", "data": null}
{"event_time": "2025-10-03T16:19:49.891694", "where": "spotify:albums", "level": "info", "message": "Fetched 8 albums", "data": null}
{"event_time": "2025-10-03T16:19:50.364570", "where": "spotify:tracks", "level": "info", "message": "Fetched 50 tracks", "data": null}
{"event_time": "2025-10-03T16:19:51.124971", "where": "spotify:albums", "level": "info", "message": "Fetched 20 albums", "data": null}
{"event_time": "2025-10-03T16:19:52.361716", "where": "spotify:albums", "level": "info", "message": "Fetched 20 albums", "data": null}
{"event_time": "2025-10-03T16:19:53.169528", "where": "spotify:albums", "level": "info", "message": "Fetched 10 albums", "data": null}
{"event_time": "2025-10-03T16:19:53.783699", "where": "spotify:tracks", "level": "info", "message": "Fetched 50 tracks", "data": null}
{"event_time": "2025-10-03T16:19:54.818655", "where": "spotify:albums", "level": "info", "message": "Fetched 20 albums", "data": null}
{"event_time": "2025-10-03T16:19:56.051739", "where": "spotify:albums", "level": "info", "message": "Fetched 20 albums", "data": null}
{"event_time": "2025-10-03T16:19:56.754459", "where": "spotify:albums", "level": "info", "message": "Fetched 10 albums", "data": null}
{"event_time": "2025-10-03T16:19:57.263066", "where": "spotify:tracks", "level": "info", "message": "Fetched 50 tracks", "data": null}
{"event_time": "2025-10-03T16:19:58.129967", "where": "spotify:albums", "level": "info", "message": "Fetched 20 albums", "data": null}
{"event_time": "2025-10-03T16:19:59.046633", "where": "spotify:albums", "level": "info", "message": "Fetched 20 albums", "data": null}
{"event_time": "2025-10-03T16:19:59.679606", "where": "spotify:albums", "level": "info", "message": "Fetched 8 albums", "data": null}
{"event_time": "2025-10-03T16:20:00.246887", "where": "spotify:tracks", "level": "info", "message": "Fetched 50 tracks", "data": null}
{"event_time": "2025-10-03T16:20:00.424148", "where": "spotify:tracks", "level": "info", "message": "Fetched 1 tracks", "data": null}
{"event_time": "2025-10-03T16:20:01.463646", "where": "spotify:albums", "level": "info", "message": "Fetched 20 albums", "data": null}
{"event_time": "2025-10-03T16:20:02.289705", "where": "spotify:albums", "level": "info", "message": "Fetched 20 albums", "data": null}
{"event_time": "2025-10-03T16:20:02.688657", "where": "spotify:albums", "level": "info", "message": "Fetched 8 albums", "data": null}
{"event_time": "2025-10-03T16:20:03.096388", "where": "spotify:tracks", "level": "info", "message": "Fetched 50 tracks", "data": null}
{"event_time": "2025-10-03T16:20:04.009261", "where": "spotify:albums", "level": "info", "message": "Fetched 20 albums", "data": null}
{"event_time": "2025-10-03T16:20:04.637862", "where": "spotify:albums", "level": "info", "message": "Fetched 9 albums", "data": null}
{"event_time": "2025-10-03T16:20:05.185724", "where": "spotify:tracks", "level": "info", "message": "Fetched 50 tracks", "data": null}
{"event_time": "2025-10-03T16:20:06.475311", "where": "spotify:albums", "level": "info", "message": "Fetched 20 albums", "data": null}
{"event_time": "2025-10-03T16:20:07.310590", "where": "spotify:albums", "level": "info", "message": "Fetched 20 albums", "data": null}
{"event_time": "2025-10-03T16:20:07.805660", "where": "spotify:albums", "level": "info", "message": "Fetched 9 albums", "data": null}
{"event_time": "2025-10-03T16:20:08.301058", "where": "spotify:tracks", "level": "info", "message": "Fetched 50 tracks", "data": null}
{"event_time": "2025-10-03T16:20:09.365261", "where": "spotify:albums", "level": "info", "message": "Fetched 20 albums", "data": null}
{"event_time": "2025-10-03T16:20:10.434239", "where": "spotify:albums", "level": "info", "message": "Fetched 20 albums", "data": null}
{"event_time": "2025-10-03T16:20:10.983380", "where": "spotify:albums", "level": "info", "message": "Fetched 9 albums", "data": null}
{"event_time": "2025-10-03T16:20:11.495650", "where": "spotify:tracks", "level": "info", "message": "Fetched 49 tracks", "data": null}
{"event_time": "2025-10-03T16:20:12.734082", "where": "spotify:albums", "level": "info", "message": "Fetched 20 albums", "data": null}
{"event_time": "2025-10-03T16:20:13.761758", "where": "spotify:albums", "level": "info", "message": "Fetched 20 albums", "data": null}
{"event_time": "2025-10-03T16:20:14.260357", "where": "spotify:albums", "level": "info", "message": "Fetched 9 albums", "data": null}
{"event_time": "2025-10-03T16:20:14.821828", "where": "spotify:tracks", "level": "info", "message": "Fetched 50 tracks", "data": null}
{"event_time": "2025-10-03T16:20:15.015303", "where": "spotify:tracks", "level": "info", "message": "Fetched 1 tracks", "data": null}
{"event_time": "2025-10-03T16:20:16.227169", "where": "spotify:albums", "level": "info", "message": "Fetched 20 albums", "data": null}
{"event_time": "2025-10-03T16:20:17.570025", "where": "spotify:albums", "level": "info", "message": "Fetched 20 albums", "data": null}
{"event_time": "2025-10-03T16:20:18.155300", "where": "spotify:albums", "level": "info", "message": "Fetched 8 albums", "data": null}
{"event_time": "2025-10-03T16:20:18.554907", "where": "spotify:tracks", "level": "info", "message": "Fetched 50 tracks", "data": null}
{"event_time": "2025-10-03T16:20:19.694167", "where": "spotify:albums", "level": "info", "message": "Fetched 20 albums", "data": null}
{"event_time": "2025-10-03T16:20:21.153686", "where": "spotify:albums", "level": "info", "message": "Fetched 20 albums", "data": null}
{"event_time": "2025-10-03T16:20:21.727975", "where": "spotify:albums", "level": "info", "message": "Fetched 9 albums", "data": null}
{"event_time": "2025-10-03T16:20:22.254312", "where": "spotify:tracks", "level": "info", "message": "Fetched 50 tracks", "data": null}
{"event_time": "2025-10-03T16:20:23.700070", "where": "spotify:albums", "level": "info", "message": "Fetched 20 albums", "data": null}
{"event_time": "2025-10-03T16:20:24.552264", "where": "spotify:albums", "level": "info", "message": "Fetched 20 albums", "data": null}
{"event_time": "2025-10-03T16:20:25.205308", "where": "spotify:albums", "level": "info", "message": "Fetched 10 albums", "data": null}
{"event_time": "2025-10-03T16:20:25.759837", "where": "spotify:tracks", "level": "info", "message": "Fetched 50 tracks", "data": null}
{"event_time": "2025-10-03T16:20:26.551346", "where": "spotify:albums", "level": "info", "message": "Fetched 20 albums", "data": null}
{"event_time": "2025-10-03T16:20:27.485966", "where": "spotify:albums", "level": "info", "message": "Fetched 20 albums", "data": null}
{"event_time": "2025-10-03T16:20:27.962139", "where": "spotify:albums", "level": "info", "message": "Fetched 7 albums", "data": null}
{"event_time": "2025-10-03T16:20:28.484480", "where": "spotify:tracks", "level": "info", "message": "Fetched 50 tracks", "data": null}
{"event_time": "2025-10-03T16:20:28.677060", "where": "spotify:tracks", "level": "info", "message": "Fetched 1 tracks", "data": null}
{"event_time": "2025-10-03T16:20:29.674233", "where": "spotify:albums", "level": "info", "message": "Fetched 20 albums", "data": null}
{"event_time": "2025-10-03T16:20:30.773137", "where": "spotify:albums", "level": "info", "message": "Fetched 20 albums", "data": null}
{"event_time": "2025-10-03T16:20:31.455025", "where": "spotify:albums", "level": "info", "message": "Fetched 9 albums", "data": null}
{"event_time": "2025-10-03T16:20:31.965455", "where": "spotify:tracks", "level": "info", "message": "Fetched 50 tracks", "data": null}
{"event_time": "2025-10-03T16:20:33.197212", "where": "spotify:albums", "level": "info", "message": "Fetched 20 albums", "data": null}
{"event_time": "2025-10-03T16:20:34.481068", "where": "spotify:albums", "level": "info", "message": "Fetched 20 albums", "data": null}
{"event_time": "2025-10-03T16:20:35.355385", "where": "spotify:albums", "level": "info", "message": "Fetched 9 albums", "data": null}
{"event_time": "2025-10-03T16:20:36.064637", "where": "spotify:tracks", "level": "info", "message": "Fetched 50 tracks", "data": null}
{"event_time": "2025-10-03T16:20:37.212984", "where": "spotify:albums", "level": "info", "message": "Fetched 20 albums", "data": null}
{"event_time": "2025-10-03T16:20:38.133784", "where": "spotify:albums", "level": "info", "message": "Fetched 20 albums", "data": null}
{"event_time": "2025-10-03T16:20:38.436208", "where": "spotify:albums", "level": "info", "message": "Fetched 6 albums", "data": null}
{"event_time": "2025-10-03T16:20:38.819294", "where": "spotify:tracks", "level": "info", "message": "Fetched 50 tracks", "data": null}
{"event_time": "2025-10-03T16:20:39.576431", "where": "spotify:albums", "level": "info", "message": "Fetched 20 albums", "data": null}
{"event_time": "2025-10-03T16:20:40.290265", "where": "spotify:albums", "level": "info", "message": "Fetched 20 albums", "data": null}
{"event_time": "2025-10-03T16:20:41.089553", "where": "spotify:albums", "level": "info", "message": "Fetched 9 albums", "data": null}
{"event_time": "2025-10-03T16:20:41.460385", "where": "spotify:tracks", "level": "info", "message": "Fetched 50 tracks", "data": null}
{"event_time": "2025-10-03T16:20:42.225033", "where": "spotify:albums", "level": "info", "message": "Fetched 20 albums", "data": null}
{"event_time": "2025-10-03T16:20:43.152523", "where": "spotify:albums", "level": "info", "message": "Fetched 20 albums", "data": null}
{"event_time": "2025-10-03T16:20:43.648230", "where": "spotify:albums", "level": "info", "message": "Fetched 7 albums", "data": null}
{"event_time": "2025-10-03T16:20:44.261094", "where": "spotify:tracks", "level": "info", "message": "Fetched 50 tracks", "data": null}
{"event_time": "2025-10-03T16:20:45.221185", "where": "spotify:albums", "level": "info", "message": "Fetched 20 albums", "data": null}
{"event_time": "2025-10-03T16:20:46.098162", "where": "spotify:albums", "level": "info", "message": "Fetched 20 albums", "data": null}
{"event_time": "2025-10-03T16:20:46.724549", "where": "spotify:albums", "level": "info", "message": "Fetched 7 albums", "data": null}
{"event_time": "2025-10-03T16:20:47.335715", "where": "spotify:tracks", "level": "info", "message": "Fetched 50 tracks", "data": null}
{"event_time": "2025-10-03T16:20:48.505875", "where": "spotify:albums", "level": "info", "message": "Fetched 20 albums", "data": null}
{"event_time": "2025-10-03T16:20:49.452895", "where": "spotify:albums", "level": "info", "message": "Fetched 20 albums", "data": null}
{"event_time": "2025-10-03T16:20:50.205663", "where": "spotify:albums", "level": "info", "message": "Fetched 9 albums", "data": null}
{"event_time": "2025-10-03T16:20:50.716708", "where": "spotify:tracks", "level": "info", "message": "Fetched 50 tracks", "data": null}
{"event_time": "2025-10-03T16:20:52.063812", "where": "spotify:albums", "level": "info", "message": "Fetched 20 albums", "data": null}
{"event_time": "2025-10-03T16:20:53.699264", "where": "spotify:albums", "level": "info", "message": "Fetched 20 albums", "data": null}
{"event_time": "2025-10-03T16:20:54.354092", "where": "spotify:albums", "level": "info", "message": "Fetched 8 albums", "data": null}
{"event_time": "2025-10-03T16:20:54.783493", "where": "spotify:tracks", "level": "info", "message": "Fetched 50 tracks", "data": null}
{"event_time": "2025-10-03T16:20:55.586791", "where": "spotify:albums", "level": "info", "message": "Fetched 20 albums", "data": null}
{"event_time": "2025-10-03T16:20:56.979736", "where": "spotify:albums", "level": "info", "message": "Fetched 20 albums", "data": null}
{"event_time": "2025-10-03T16:20:57.383735", "where": "spotify:albums", "level": "info", "message": "Fetched 8 albums", "data": null}
{"event_time": "2025-10-03T16:20:57.782120", "where": "spotify:tracks", "level": "info", "message": "Fetched 50 tracks", "data": null}
{"event_time": "2025-10-03T16:20:58.677187", "where": "spotify:albums", "level": "info", "message": "Fetched 20 albums", "data": null}
{"event_time": "2025-10-03T16:20:59.954886", "where": "spotify:albums", "level": "info", "message": "Fetched 20 albums", "data": null}
{"event_time": "2025-10-03T16:21:00.393302", "where": "spotify:albums", "level": "info", "message": "Fetched 9 albums", "data": null}
{"event_time": "2025-10-03T16:21:00.854017", "where": "spotify:tracks", "level": "info", "message": "Fetched 50 tracks", "data": null}
{"event_time": "2025-10-03T16:21:01.678592", "where": "spotify:albums", "level": "info", "message": "Fetched 20 albums", "data": null}
{"event_time": "2025-10-03T16:21:02.392308", "where": "spotify:albums", "level": "info", "message": "Fetched 20 albums", "data": null}
{"event_time": "2025-10-03T16:21:03.075416", "where": "spotify:albums", "level": "info", "message": "Fetched 10 albums", "data": null}
{"event_time": "2025-10-03T16:21:03.560043", "where": "spotify:tracks", "level": "info", "message": "Fetched 50 tracks", "data": null}
{"event_time": "2025-10-03T16:21:04.371373", "where": "spotify:albums", "level": "info", "message": "Fetched 20 albums", "data": null}
{"event_time": "2025-10-03T16:21:05.375599", "where": "spotify:albums", "level": "info", "message": "Fetched 20 albums", "data": null}
{"event_time": "2025-10-03T16:21:05.975787", "where": "spotify:albums", "level": "info", "message": "Fetched 10 albums", "data": null}
{"event_time": "2025-10-03T16:21:06.370111", "where": "spotify:tracks", "level": "info", "message": "Fetched 49 tracks", "data": null}
{"event_time": "2025-10-03T16:21:07.566897", "where": "spotify:albums", "level": "info", "message": "Fetched 20 albums", "data": null}
{"event_time": "2025-10-03T16:21:08.360057", "where": "spotify:albums", "level": "info", "message": "Fetched 20 albums", "data": null}
{"event_time": "2025-10-03T16:21:08.947148", "where": "spotify:albums", "level": "info", "message": "Fetched 7 albums", "data": null}
{"event_time": "2025-10-03T16:21:09.361764", "where": "spotify:tracks", "level": "info", "message": "Fetched 50 tracks", "data": null}
{"event_time": "2025-10-03T16:21:10.439538", "where": "spotify:albums", "level": "info", "message": "Fetched 20 albums", "data": null}
{"event_time": "2025-10-03T16:21:11.311652", "where": "spotify:albums", "level": "info", "message": "Fetched 20 albums", "data": null}
{"event_time": "2025-10-03T16:21:11.920290", "where": "spotify:albums", "level": "info", "message": "Fetched 10 albums", "data": null}
{"event_time": "2025-10-03T16:21:12.364489", "where": "spotify:tracks", "level": "info", "message": "Fetched 50 tracks", "data": null}
{"event_time": "2025-10-03T16:21:13.314896", "where": "spotify:albums", "level": "info", "message": "Fetched 20 albums", "data": null}
{"event_time": "2025-10-03T16:21:14.530450", "where": "spotify:albums", "level": "info", "message": "Fetched 20 albums", "data": null}
{"event_time": "2025-10-03T16:21:15.368678", "where": "spotify:albums", "level": "info", "message": "Fetched 10 albums", "data": null}
{"event_time": "2025-10-03T16:21:16.010557", "where": "spotify:tracks", "level": "info", "message": "Fetched 50 tracks", "data": null}
{"event_time": "2025-10-03T16:21:16.783709", "where": "spotify:albums", "level": "info", "message": "Fetched 20 albums", "data": null}
{"event_time": "2025-10-03T16:21:17.596570", "where": "spotify:albums", "level": "info", "message": "Fetched 20 albums", "data": null}
{"event_time": "2025-10-03T16:21:18.123684", "where": "spotify:albums", "level": "info", "message": "Fetched 7 albums", "data": null}
{"event_time": "2025-10-03T16:21:18.469031", "where": "spotify:tracks", "level": "info", "message": "Fetched 50 tracks", "data": null}
{"event_time": "2025-10-03T16:21:19.292875", "where": "spotify:albums", "level": "info", "message": "Fetched 20 albums", "data": null}
{"event_time": "2025-10-03T16:21:20.009641", "where": "spotify:albums", "level": "info", "message": "Fetched 20 albums", "data": null}
{"event_time": "2025-10-03T16:21:20.287166", "where": "spotify:albums", "level": "info", "message": "Fetched 6 albums", "data": null}
{"event_time": "2025-10-03T16:21:20.824511", "where": "spotify:tracks", "level": "info", "message": "Fetched 50 tracks", "data": null}
{"event_time": "2025-10-03T16:21:21.655142", "where": "spotify:albums", "level": "info", "message": "Fetched 20 albums", "data": null}
{"event_time": "2025-10-03T16:21:22.535696", "where": "spotify:albums", "level": "info", "message": "Fetched 20 albums", "data": null}
{"event_time": "2025-10-03T16:21:22.960820", "where": "spotify:albums", "level": "info", "message": "Fetched 6 albums", "data": null}
{"event_time": "2025-10-03T16:21:23.376078", "where": "spotify:tracks", "level": "info", "message": "Fetched 50 tracks", "data": null}
{"event_time": "2025-10-03T16:21:24.566088", "where": "spotify:albums", "level": "info", "message": "Fetched 20 albums", "data": null}
{"event_time": "2025-10-03T16:21:25.557299", "where": "spotify:albums", "level": "info", "message": "Fetched 20 albums", "data": null}
{"event_time": "2025-10-03T16:21:26.093116", "where": "spotify:albums", "level": "info", "message": "Fetched 9 albums", "data": null}
{"event_time": "2025-10-03T16:21:26.532408", "where": "spotify:tracks", "level": "info", "message": "Fetched 50 tracks", "data": null}
{"event_time": "2025-10-03T16:21:26.731467", "where": "spotify:tracks", "level": "info", "message": "Fetched 1 tracks", "data": null}
{"event_time": "2025-10-03T16:21:27.696056", "where": "spotify:albums", "level": "info", "message": "Fetched 20 albums", "data": null}
{"event_time": "2025-10-03T16:21:28.819813", "where": "spotify:albums", "level": "info", "message": "Fetched 20 albums", "data": null}
{"event_time": "2025-10-03T16:21:29.376536", "where": "spotify:albums", "level": "info", "message": "Fetched 9 albums", "data": null}
{"event_time": "2025-10-03T16:21:29.932376", "where": "spotify:tracks", "level": "info", "message": "Fetched 50 tracks", "data": null}
{"event_time": "2025-10-03T16:21:31.155467", "where": "spotify:albums", "level": "info", "message": "Fetched 20 albums", "data": null}
{"event_time": "2025-10-03T16:21:32.025696", "where": "spotify:albums", "level": "info", "message": "Fetched 20 albums", "data": null}
{"event_time": "2025-10-03T16:21:32.840738", "where": "spotify:albums", "level": "info", "message": "Fetched 10 albums", "data": null}
{"event_time": "2025-10-03T16:21:33.312990", "where": "spotify:tracks", "level": "info", "message": "Fetched 50 tracks", "data": null}
{"event_time": "2025-10-03T16:21:34.433487", "where": "spotify:albums", "level": "info", "message": "Fetched 20 albums", "data": null}
{"event_time": "2025-10-03T16:21:35.542775", "where": "spotify:albums", "level": "info", "message": "Fetched 20 albums", "data": null}
{"event_time": "2025-10-03T16:21:36.187821", "where": "spotify:albums", "level": "info", "message": "Fetched 9 albums", "data": null}
{"event_time": "2025-10-03T16:21:37.099891", "where": "spotify:tracks", "level": "info", "message": "Fetched 50 tracks", "data": null}
{"event_time": "2025-10-03T16:21:37.937802", "where": "spotify:albums", "level": "info", "message": "Fetched 20 albums", "data": null}
{"event_time": "2025-10-03T16:21:38.852586", "where": "spotify:albums", "level": "info", "message": "Fetched 20 albums", "data": null}
{"event_time": "2025-10-03T16:21:39.382597", "where": "spotify:albums", "level": "info", "message": "Fetched 10 albums", "data": null}
{"event_time": "2025-10-03T16:21:39.869752", "where": "spotify:tracks", "level": "info", "message": "Fetched 50 tracks", "data": null}
{"event_time": "2025-10-03T16:21:41.010020", "where": "spotify:albums", "level": "info", "message": "Fetched 20 albums", "data": null}
{"event_time": "2025-10-03T16:21:42.116931", "where": "spotify:albums", "level": "info", "message": "Fetched 20 albums", "data": null}
{"event_time": "2025-10-03T16:21:42.736546", "where": "spotify:albums", "level": "info", "message": "Fetched 9 albums", "data": null}
{"event_time": "2025-10-03T16:21:43.350650", "where": "spotify:tracks", "level": "info", "message": "Fetched 49 tracks", "data": null}
{"event_time": "2025-10-03T16:21:44.429308", "where": "spotify:albums", "level": "info", "message": "Fetched 20 albums", "data": null}
{"event_time": "2025-10-03T16:21:45.465600", "where": "spotify:albums", "level": "info", "message": "Fetched 20 albums", "data": null}
{"event_time": "2025-10-03T16:21:45.911634", "where": "spotify:albums", "level": "info", "message": "Fetched 8 albums", "data": null}
{"event_time": "2025-10-03T16:21:46.321446", "where": "spotify:tracks", "level": "info", "message": "Fetched 50 tracks", "data": null}
{"event_time": "2025-10-03T16:21:46.502909", "where": "spotify:tracks", "level": "info", "message": "Fetched 1 tracks", "data": null}
{"event_time": "2025-10-03T16:21:47.244201", "where": "spotify:albums", "level": "info", "message": "Fetched 20 albums", "data": null}
{"event_time": "2025-10-03T16:21:48.553520", "where": "spotify:albums", "level": "info", "message": "Fetched 20 albums", "data": null}
{"event_time": "2025-10-03T16:21:49.085881", "where": "spotify:albums", "level": "info", "message": "Fetched 9 albums", "data": null}
{"event_time": "2025-10-03T16:21:49.700746", "where": "spotify:tracks", "level": "info", "message": "Fetched 50 tracks", "data": null}
{"event_time": "2025-10-03T16:21:49.938363", "where": "spotify:tracks", "level": "info", "message": "Fetched 1 tracks", "data": null}
{"event_time": "2025-10-03T16:21:50.728969", "where": "spotify:albums", "level": "info", "message": "Fetched 20 albums", "data": null}
{"event_time": "2025-10-03T16:21:51.865425", "where": "spotify:albums", "level": "info", "message": "Fetched 20 albums", "data": null}
{"event_time": "2025-10-03T16:21:52.384408", "where": "spotify:albums", "level": "info", "message": "Fetched 7 albums", "data": null}
{"event_time": "2025-10-03T16:21:56.044566", "where": "spotify:tracks", "level": "info", "message": "Fetched 50 tracks", "data": null}
{"event_time": "2025-10-03T16:21:57.153950", "where": "spotify:albums", "level": "info", "message": "Fetched 20 albums", "data": null}
{"event_time": "2025-10-03T16:21:57.899458", "where": "spotify:albums", "level": "info", "message": "Fetched 20 albums", "data": null}
{"event_time": "2025-10-03T16:21:58.531392", "where": "spotify:albums", "level": "info", "message": "Fetched 7 albums", "data": null}
{"event_time": "2025-10-03T16:21:59.030621", "where": "spotify:tracks", "level": "info", "message": "Fetched 50 tracks", "data": null}
{"event_time": "2025-10-03T16:21:59.846341", "where": "spotify:albums", "level": "info", "message": "Fetched 20 albums", "data": null}
{"event_time": "2025-10-03T16:22:00.872495", "where": "spotify:albums", "level": "info", "message": "Fetched 20 albums", "data": null}
{"event_time": "2025-10-03T16:22:01.275929", "where": "spotify:albums", "level": "info", "message": "Fetched 10 albums", "data": null}
{"event_time": "2025-10-03T16:22:01.835626", "where": "spotify:tracks", "level": "info", "message": "Fetched 50 tracks", "data": null}
{"event_time": "2025-10-03T16:22:02.096764", "where": "spotify:tracks", "level": "info", "message": "Fetched 1 tracks", "data": null}
{"event_time": "2025-10-03T16:22:02.818151", "where": "spotify:albums", "level": "info", "message": "Fetched 20 albums", "data": null}
{"event_time": "2025-10-03T16:22:03.738522", "where": "spotify:albums", "level": "info", "message": "Fetched 20 albums", "data": null}
{"event_time": "2025-10-03T16:22:04.425293", "where": "spotify:albums", "level": "info", "message": "Fetched 7 albums", "data": null}
{"event_time": "2025-10-03T16:22:04.826708", "where": "spotify:tracks", "level": "info", "message": "Fetched 50 tracks", "data": null}
{"event_time": "2025-10-03T16:22:06.095443", "where": "spotify:albums", "level": "info", "message": "Fetched 20 albums", "data": null}
{"event_time": "2025-10-03T16:22:07.375469", "where": "spotify:albums", "level": "info", "message": "Fetched 20 albums", "data": null}
{"event_time": "2025-10-03T16:22:07.931698", "where": "spotify:albums", "level": "info", "message": "Fetched 7 albums", "data": null}
{"event_time": "2025-10-03T16:22:08.362431", "where": "spotify:tracks", "level": "info", "message": "Fetched 50 tracks", "data": null}
{"event_time": "2025-10-03T16:22:09.378696", "where": "spotify:albums", "level": "info", "message": "Fetched 20 albums", "data": null}
{"event_time": "2025-10-03T16:22:10.527159", "where": "spotify:albums", "level": "info", "message": "Fetched 20 albums", "data": null}
{"event_time": "2025-10-03T16:22:10.842934", "where": "spotify:albums", "level": "info", "message": "Fetched 5 albums", "data": null}
{"event_time": "2025-10-03T16:22:11.359756", "where": "spotify:tracks", "level": "info", "message": "Fetched 49 tracks", "data": null}
{"event_time": "2025-10-03T16:22:12.510763", "where": "spotify:albums", "level": "info", "message": "Fetched 20 albums", "data": null}
{"event_time": "2025-10-03T16:22:14.195044", "where": "spotify:albums", "level": "info", "message": "Fetched 20 albums", "data": null}
{"event_time": "2025-10-03T16:22:14.894805", "where": "spotify:albums", "level": "info", "message": "Fetched 9 albums", "data": null}
{"event_time": "2025-10-03T16:22:15.381430", "where": "spotify:tracks", "level": "info", "message": "Fetched 50 tracks", "data": null}
{"event_time": "2025-10-03T16:22:16.748598", "where": "spotify:albums", "level": "info", "message": "Fetched 20 albums", "data": null}
{"event_time": "2025-10-03T16:22:17.876044", "where": "spotify:albums", "level": "info", "message": "Fetched 20 albums", "data": null}
{"event_time": "2025-10-03T16:22:18.541332", "where": "spotify:albums", "level": "info", "message": "Fetched 10 albums", "data": null}
{"event_time": "2025-10-03T16:22:19.089380", "where": "spotify:tracks", "level": "info", "message": "Fetched 50 tracks", "data": null}
{"event_time": "2025-10-03T16:22:20.448955", "where": "spotify:albums", "level": "info", "message": "Fetched 20 albums", "data": null}
{"event_time": "2025-10-03T16:22:21.585073", "where": "spotify:albums", "level": "info", "message": "Fetched 20 albums", "data": null}
{"event_time": "2025-10-03T16:22:21.983273", "where": "spotify:albums", "level": "info", "message": "Fetched 5 albums", "data": null}
{"event_time": "2025-10-03T16:22:22.385152", "where": "spotify:tracks", "level": "info", "message": "Fetched 49 tracks", "data": null}
{"event_time": "2025-10-03T16:22:24.018652", "where": "spotify:albums", "level": "info", "message": "Fetched 20 albums", "data": null}
{"event_time": "2025-10-03T16:22:24.899661", "where": "spotify:albums", "level": "info", "message": "Fetched 20 albums", "data": null}
{"event_time": "2025-10-03T16:22:25.468768", "where": "spotify:albums", "level": "info", "message": "Fetched 8 albums", "data": null}
{"event_time": "2025-10-03T16:22:25.893342", "where": "spotify:tracks", "level": "info", "message": "Fetched 50 tracks", "data": null}
{"event_time": "2025-10-03T16:22:26.683458", "where": "spotify:albums", "level": "info", "message": "Fetched 20 albums", "data": null}
{"event_time": "2025-10-03T16:22:27.707581", "where": "spotify:albums", "level": "info", "message": "Fetched 20 albums", "data": null}
{"event_time": "2025-10-03T16:22:28.203990", "where": "spotify:albums", "level": "info", "message": "Fetched 8 albums", "data": null}
{"event_time": "2025-10-03T16:22:28.710354", "where": "spotify:tracks", "level": "info", "message": "Fetched 50 tracks", "data": null}
{"event_time": "2025-10-03T16:22:29.335181", "where": "spotify:albums", "level": "info", "message": "Fetched 20 albums", "data": null}
{"event_time": "2025-10-03T16:22:30.264811", "where": "spotify:albums", "level": "info", "message": "Fetched 20 albums", "data": null}
{"event_time": "2025-10-03T16:22:30.763485", "where": "spotify:albums", "level": "info", "message": "Fetched 8 albums", "data": null}
{"event_time": "2025-10-03T16:22:31.182539", "where": "spotify:tracks", "level": "info", "message": "Fetched 50 tracks", "data": null}
{"event_time": "2025-10-03T16:22:32.077059", "where": "spotify:albums", "level": "info", "message": "Fetched 20 albums", "data": null}
{"event_time": "2025-10-03T16:22:33.467779", "where": "spotify:albums", "level": "info", "message": "Fetched 20 albums", "data": null}
{"event_time": "2025-10-03T16:22:34.245051", "where": "spotify:albums", "level": "info", "message": "Fetched 8 albums", "data": null}
{"event_time": "2025-10-03T16:22:34.759572", "where": "spotify:tracks", "level": "info", "message": "Fetched 50 tracks", "data": null}
{"event_time": "2025-10-03T16:22:35.795901", "where": "spotify:albums", "level": "info", "message": "Fetched 20 albums", "data": null}
{"event_time": "2025-10-03T16:22:36.810246", "where": "spotify:albums", "level": "info", "message": "Fetched 20 albums", "data": null}
{"event_time": "2025-10-03T16:22:37.177960", "where": "spotify:albums", "level": "info", "message": "Fetched 10 albums", "data": null}
{"event_time": "2025-10-03T16:22:37.540188", "where": "spotify:tracks", "level": "info", "message": "Fetched 38 tracks", "data": null}
{"event_time": "2025-10-03T16:22:38.242904", "where": "spotify:albums", "level": "info", "message": "Fetched 20 albums", "data": null}
{"event_time": "2025-10-03T16:22:39.178705", "where": "spotify:albums", "level": "info", "message": "Fetched 18 albums", "data": null}
{"event_time": "2025-10-03T16:22:39.874697", "where": "spotify:tracks", "level": "info", "message": "Fetched 50 tracks", "data": null}
{"event_time": "2025-10-03T16:22:40.414502", "where": "spotify:tracks", "level": "info", "message": "Fetched 50 tracks", "data": null}
{"event_time": "2025-10-03T16:22:40.905033", "where": "spotify:tracks", "level": "info", "message": "Fetched 50 tracks", "data": null}
{"event_time": "2025-10-03T16:22:41.476182", "where": "spotify:tracks", "level": "info", "message": "Fetched 50 tracks", "data": null}
{"event_time": "2025-10-03T16:22:42.136797", "where": "spotify:tracks", "level": "info", "message": "Fetched 50 tracks", "data": null}
{"event_time": "2025-10-03T16:22:42.841933", "where": "spotify:tracks", "level": "info", "message": "Fetched 50 tracks", "data": null}
{"event_time": "2025-10-03T16:22:43.364411", "where": "spotify:tracks", "level": "info", "message": "Fetched 50 tracks", "data": null}
{"event_time": "2025-10-03T16:22:44.009344", "where": "spotify:tracks", "level": "info", "message": "Fetched 50 tracks", "data": null}
{"event_time": "2025-10-03T16:22:44.643652", "where": "spotify:tracks", "level": "info", "message": "Fetched 50 tracks", "data": null}
{"event_time": "2025-10-03T16:22:45.304853", "where": "spotify:tracks", "level": "info", "message": "Fetched 50 tracks", "data": null}
{"event_time": "2025-10-03T16:22:45.819925", "where": "spotify:tracks", "level": "info", "message": "Fetched 50 tracks", "data": null}
{"event_time": "2025-10-03T16:22:46.268210", "where": "spotify:tracks", "level": "info", "message": "Fetched 50 tracks", "data": null}
{"event_time": "2025-10-03T16:22:46.864319", "where": "spotify:tracks", "level": "info", "message": "Fetched 50 tracks", "data": null}
{"event_time": "2025-10-03T16:22:47.257104", "where": "spotify:tracks", "level": "info", "message": "Fetched 50 tracks", "data": null}
{"event_time": "2025-10-03T16:22:47.866244", "where": "spotify:tracks", "level": "info", "message": "Fetched 50 tracks", "data": null}
{"event_time": "2025-10-03T16:22:48.354875", "where": "spotify:tracks", "level": "info", "message": "Fetched 50 tracks", "data": null}
