{"event_time": "2025-10-06T14:10:19.442734", "where": "sanity", "level": "info", "message": "Starting spotify_sanity_check", "data": null}
{"event_time": "2025-10-06T14:10:20.025844", "where": "sanity", "level": "info", "message": "spotify_sanity_check result: ok=True, msg=ok", "data": null}
{"event_time": "2025-10-06T14:10:20.026285", "where": "sanity", "level": "info", "message": "Starting discogs_sanity_check", "data": null}
{"event_time": "2025-10-06T14:10:20.447226", "where": "sanity", "level": "info", "message": "discogs_sanity_check result: ok=True, msg=ok", "data": null}
{"event_time": "2025-10-06T14:10:20.472242", "where": "enrichment", "level": "info", "message": "Starting run_all()", "data": null}
{"event_time": "2025-10-06T14:10:35.035401", "where": "spotify:artists", "level": "info", "message": "Fetched 5 artists", "data": null}
{"event_time": "2025-10-06T14:10:39.702703", "where": "spotify:shows", "level": "info", "message": "Fetched 10 shows", "data": null}
{"event_time": "2025-10-06T14:10:40.413887", "where": "spotify:artists", "level": "info", "message": "Fetched 24 artists", "data": null}
{"event_time": "2025-10-06T14:10:57.526934", "where": "spotify:artists", "level": "info", "message": "Fetched 3 artists", "data": null}
{"event_time": "2025-10-06T14:11:00.366664", "where": "spotify:shows", "level": "info", "message": "Fetched 7 shows", "data": null}
{"event_time": "2025-10-06T14:11:03.050212", "where": "enrichment", "level": "error", "message": "Exception in background_enrich: 'year'", "data": null}
{"event_time": "2025-10-06T17:01:27.921319", "where": "sanity", "level": "info", "message": "Starting spotify_sanity_check", "data": null}
{"event_time": "2025-10-06T17:01:31.440777", "where": "sanity", "level": "info", "message": "spotify_sanity_check result: ok=True, msg=ok", "data": null}
{"event_time": "2025-10-06T17:01:31.441805", "where": "sanity", "level": "info", "message": "Starting discogs_sanity_check", "data": null}
{"event_time": "2025-10-06T17:01:31.801469", "where": "sanity", "level": "info", "message": "discogs_sanity_check result: ok=True, msg=ok", "data": null}
{"event_time": "2025-10-06T17:01:31.845105", "where": "enrichment", "level": "info", "message": "Starting run_all()", "data": null}
{"event_time": "2025-10-06T17:01:48.226322", "where": "spotify:shows", "level": "info", "message": "Fetched 5 shows", "data": null}
{"event_time": "2025-10-06T17:01:49.895442", "where": "spotify:shows", "level": "info", "message": "Fetched 2 shows", "data": null}
{"event_time": "2025-10-06T17:01:50.952052", "where": "enrichment", "level": "error", "message": "Exception in background_enrich: 'year'", "data": null}
{"event_time": "2025-10-06T17:56:46.051935", "where": "sanity", "level": "info", "message": "Starting spotify_sanity_check", "data": null}
{"event_time": "2025-10-06T17:56:46.399655", "where": "sanity", "level": "info", "message": "spotify_sanity_check result: ok=True, msg=ok", "data": null}
{"event_time": "2025-10-06T17:56:46.399850", "where": "sanity", "level": "info", "message": "Starting discogs_sanity_check", "data": null}
{"event_time": "2025-10-06T17:56:46.649216", "where": "sanity", "level": "info", "message": "discogs_sanity_check result: ok=True, msg=ok", "data": null}
{"event_time": "2025-10-06T17:56:46.693524", "where": "enrichment", "level": "info", "message": "Starting run_all()", "data": null}
{"event_time": "2025-10-06T17:57:02.706666", "where": "spotify:shows", "level": "info", "message": "Fetched 5 shows", "data": null}
{"event_time": "2025-10-06T17:57:03.927993", "where": "spotify:shows", "level": "info", "message": "Fetched 2 shows", "data": null}
{"event_time": "2025-10-06T17:57:04.793592", "where": "enrichment", "level": "error", "message": "Exception in background_enrich: 'year'", "data": null}
{"event_time": "2025-10-06T18:04:09.935863", "where": "sanity", "level": "info", "message": "Starting spotify_sanity_check", "data": null}
{"event_time": "2025-10-06T18:04:13.410630", "where": "sanity", "level": "info", "message": "spotify_sanity_check result: ok=True, msg=ok", "data": null}
{"event_time": "2025-10-06T18:04:13.411596", "where": "sanity", "level": "info", "message": "Starting discogs_sanity_check", "data": null}
{"event_time": "2025-10-06T18:04:13.656981", "where": "sanity", "level": "info", "message": "discogs_sanity_check result: ok=True, msg=ok", "data": null}
{"event_time": "2025-10-06T18:04:13.702483", "where": "enrichment", "level": "info", "message": "Starting run_all()", "data": null}
{"event_time": "2025-10-06T18:04:29.893313", "where": "spotify:shows", "level": "info", "message": "Fetched 5 shows", "data": null}
{"event_time": "2025-10-06T18:04:31.505030", "where": "spotify:shows", "level": "info", "message": "Fetched 2 shows", "data": null}
{"event_time": "2025-10-06T18:04:32.253557", "where": "spotify:tracks", "level": "info", "message": "Fetched 50 tracks", "data": null}
{"event_time": "2025-10-06T18:04:33.151840", "where": "spotify:albums", "level": "info", "message": "Fetched 20 albums", "data": null}
{"event_time": "2025-10-06T18:04:33.994183", "where": "spotify:albums", "level": "info", "message": "Fetched 20 albums", "data": null}
{"event_time": "2025-10-06T18:04:34.363262", "where": "spotify:albums", "level": "info", "message": "Fetched 10 albums", "data": null}
{"event_time": "2025-10-06T18:04:34.812001", "where": "spotify:tracks", "level": "info", "message": "Fetched 49 tracks", "data": null}
{"event_time": "2025-10-06T18:04:35.846067", "where": "spotify:albums", "level": "info", "message": "Fetched 20 albums", "data": null}
{"event_time": "2025-10-06T18:04:36.755766", "where": "spotify:albums", "level": "info", "message": "Fetched 20 albums", "data": null}
{"event_time": "2025-10-06T18:04:37.040126", "where": "spotify:albums", "level": "info", "message": "Fetched 9 albums", "data": null}
{"event_time": "2025-10-06T18:04:37.576434", "where": "spotify:tracks", "level": "info", "message": "Fetched 50 tracks", "data": null}
{"event_time": "2025-10-06T18:04:38.115698", "where": "spotify:albums", "level": "info", "message": "Fetched 20 albums", "data": null}
{"event_time": "2025-10-06T18:04:38.767593", "where": "spotify:albums", "level": "info", "message": "Fetched 20 albums", "data": null}
{"event_time": "2025-10-06T18:04:39.162557", "where": "spotify:albums", "level": "info", "message": "Fetched 9 albums", "data": null}
{"event_time": "2025-10-06T18:04:39.615885", "where": "spotify:tracks", "level": "info", "message": "Fetched 50 tracks", "data": null}
{"event_time": "2025-10-06T18:04:39.938074", "where": "spotify:albums", "level": "info", "message": "Fetched 20 albums", "data": null}
{"event_time": "2025-10-06T18:04:40.336420", "where": "spotify:albums", "level": "info", "message": "Fetched 20 albums", "data": null}
{"event_time": "2025-10-06T18:04:40.775747", "where": "spotify:albums", "level": "info", "message": "Fetched 10 albums", "data": null}
{"event_time": "2025-10-06T18:04:41.369049", "where": "spotify:tracks", "level": "info", "message": "Fetched 50 tracks", "data": null}
{"event_time": "2025-10-06T18:04:41.984209", "where": "spotify:albums", "level": "info", "message": "Fetched 20 albums", "data": null}
{"event_time": "2025-10-06T18:04:42.707789", "where": "spotify:albums", "level": "info", "message": "Fetched 20 albums", "data": null}
{"event_time": "2025-10-06T18:04:43.197080", "where": "spotify:albums", "level": "info", "message": "Fetched 10 albums", "data": null}
{"event_time": "2025-10-06T18:04:43.676889", "where": "spotify:tracks", "level": "info", "message": "Fetched 50 tracks", "data": null}
{"event_time": "2025-10-06T18:04:44.192671", "where": "spotify:albums", "level": "info", "message": "Fetched 20 albums", "data": null}
{"event_time": "2025-10-06T18:04:44.691029", "where": "spotify:albums", "level": "info", "message": "Fetched 20 albums", "data": null}
{"event_time": "2025-10-06T18:04:45.120489", "where": "spotify:albums", "level": "info", "message": "Fetched 10 albums", "data": null}
{"event_time": "2025-10-06T18:04:45.640432", "where": "spotify:tracks", "level": "info", "message": "Fetched 50 tracks", "data": null}
{"event_time": "2025-10-06T18:04:46.243457", "where": "spotify:albums", "level": "info", "message": "Fetched 20 albums", "data": null}
{"event_time": "2025-10-06T18:04:46.761840", "where": "spotify:albums", "level": "info", "message": "Fetched 20 albums", "data": null}
{"event_time": "2025-10-06T18:04:47.001773", "where": "spotify:albums", "level": "info", "message": "Fetched 10 albums", "data": null}
{"event_time": "2025-10-06T18:04:47.521291", "where": "spotify:tracks", "level": "info", "message": "Fetched 50 tracks", "data": null}
{"event_time": "2025-10-06T18:04:48.181316", "where": "spotify:albums", "level": "info", "message": "Fetched 20 albums", "data": null}
{"event_time": "2025-10-06T18:04:48.803328", "where": "spotify:albums", "level": "info", "message": "Fetched 20 albums", "data": null}
{"event_time": "2025-10-06T18:04:49.229014", "where": "spotify:albums", "level": "info", "message": "Fetched 10 albums", "data": null}
{"event_time": "2025-10-06T18:04:49.715910", "where": "spotify:tracks", "level": "info", "message": "Fetched 50 tracks", "data": null}
{"event_time": "2025-10-06T18:04:50.207843", "where": "spotify:albums", "level": "info", "message": "Fetched 20 albums", "data": null}
{"event_time": "2025-10-06T18:04:50.827948", "where": "spotify:albums", "level": "info", "message": "Fetched 20 albums", "data": null}
{"event_time": "2025-10-06T18:04:51.450239", "where": "spotify:albums", "level": "info", "message": "Fetched 10 albums", "data": null}
{"event_time": "2025-10-06T18:04:51.902445", "where": "spotify:tracks", "level": "info", "message": "Fetched 49 tracks", "data": null}
{"event_time": "2025-10-06T18:04:53.885761", "where": "spotify:albums", "level": "info", "message": "Fetched 20 albums", "data": null}
{"event_time": "2025-10-06T18:04:54.402242", "where": "spotify:albums", "level": "info", "message": "Fetched 20 albums", "data": null}
{"event_time": "2025-10-06T18:04:54.775467", "where": "spotify:albums", "level": "info", "message": "Fetched 10 albums", "data": null}
{"event_time": "2025-10-06T18:04:55.414804", "where": "spotify:tracks", "level": "info", "message": "Fetched 50 tracks", "data": null}
{"event_time": "2025-10-06T18:04:56.540376", "where": "spotify:albums", "level": "info", "message": "Fetched 20 albums", "data": null}
{"event_time": "2025-10-06T18:04:57.681082", "where": "spotify:albums", "level": "info", "message": "Fetched 20 albums", "data": null}
{"event_time": "2025-10-06T18:04:58.574024", "where": "spotify:albums", "level": "info", "message": "Fetched 10 albums", "data": null}
{"event_time": "2025-10-06T18:04:59.039762", "where": "spotify:tracks", "level": "info", "message": "Fetched 50 tracks", "data": null}
{"event_time": "2025-10-06T18:04:59.659973", "where": "spotify:albums", "level": "info", "message": "Fetched 20 albums", "data": null}
{"event_time": "2025-10-06T18:05:00.298230", "where": "spotify:albums", "level": "info", "message": "Fetched 20 albums", "data": null}
{"event_time": "2025-10-06T18:05:01.029671", "where": "spotify:albums", "level": "info", "message": "Fetched 10 albums", "data": null}
{"event_time": "2025-10-06T18:05:01.553915", "where": "spotify:tracks", "level": "info", "message": "Fetched 50 tracks", "data": null}
{"event_time": "2025-10-06T18:05:02.234211", "where": "spotify:albums", "level": "info", "message": "Fetched 20 albums", "data": null}
{"event_time": "2025-10-06T18:05:02.737564", "where": "spotify:albums", "level": "info", "message": "Fetched 20 albums", "data": null}
{"event_time": "2025-10-06T18:05:03.148668", "where": "spotify:albums", "level": "info", "message": "Fetched 10 albums", "data": null}
{"event_time": "2025-10-06T18:05:03.552668", "where": "spotify:tracks", "level": "info", "message": "Fetched 50 tracks", "data": null}
{"event_time": "2025-10-06T18:05:04.176600", "where": "spotify:albums", "level": "info", "message": "Fetched 20 albums", "data": null}
{"event_time": "2025-10-06T18:05:04.692274", "where": "spotify:albums", "level": "info", "message": "Fetched 20 albums", "data": null}
{"event_time": "2025-10-06T18:05:05.318238", "where": "spotify:albums", "level": "info", "message": "Fetched 10 albums", "data": null}
{"event_time": "2025-10-06T18:05:05.806709", "where": "spotify:tracks", "level": "info", "message": "Fetched 50 tracks", "data": null}
{"event_time": "2025-10-06T18:05:06.204219", "where": "spotify:albums", "level": "info", "message": "Fetched 20 albums", "data": null}
{"event_time": "2025-10-06T18:05:06.634432", "where": "spotify:albums", "level": "info", "message": "Fetched 20 albums", "data": null}
{"event_time": "2025-10-06T18:05:06.957912", "where": "spotify:albums", "level": "info", "message": "Fetched 10 albums", "data": null}
{"event_time": "2025-10-06T18:05:07.653698", "where": "spotify:tracks", "level": "info", "message": "Fetched 50 tracks", "data": null}
{"event_time": "2025-10-06T18:05:08.178921", "where": "spotify:albums", "level": "info", "message": "Fetched 20 albums", "data": null}
{"event_time": "2025-10-06T18:05:09.807824", "where": "spotify:albums", "level": "info", "message": "Fetched 20 albums", "data": null}
{"event_time": "2025-10-06T18:05:10.079624", "where": "spotify:albums", "level": "info", "message": "Fetched 10 albums", "data": null}
{"event_time": "2025-10-06T18:05:10.500246", "where": "spotify:tracks", "level": "info", "message": "Fetched 50 tracks", "data": null}
{"event_time": "2025-10-06T18:05:11.149653", "where": "spotify:albums", "level": "info", "message": "Fetched 20 albums", "data": null}
{"event_time": "2025-10-06T18:05:11.695100", "where": "spotify:albums", "level": "info", "message": "Fetched 20 albums", "data": null}
{"event_time": "2025-10-06T18:05:12.153787", "where": "spotify:albums", "level": "info", "message": "Fetched 10 albums", "data": null}
{"event_time": "2025-10-06T18:05:12.682950", "where": "spotify:tracks", "level": "info", "message": "Fetched 50 tracks", "data": null}
{"event_time": "2025-10-06T18:05:13.384373", "where": "spotify:albums", "level": "info", "message": "Fetched 20 albums", "data": null}
{"event_time": "2025-10-06T18:05:13.838101", "where": "spotify:albums", "level": "info", "message": "Fetched 20 albums", "data": null}
{"event_time": "2025-10-06T18:05:14.180033", "where": "spotify:albums", "level": "info", "message": "Fetched 10 albums", "data": null}
{"event_time": "2025-10-06T18:05:14.648670", "where": "spotify:tracks", "level": "info", "message": "Fetched 50 tracks", "data": null}
{"event_time": "2025-10-06T18:05:15.329535", "where": "spotify:albums", "level": "info", "message": "Fetched 20 albums", "data": null}
{"event_time": "2025-10-06T18:05:15.698509", "where": "spotify:albums", "level": "info", "message": "Fetched 20 albums", "data": null}
{"event_time": "2025-10-06T18:05:16.030613", "where": "spotify:albums", "level": "info", "message": "Fetched 10 albums", "data": null}
{"event_time": "2025-10-06T18:05:16.488144", "where": "spotify:tracks", "level": "info", "message": "Fetched 50 tracks", "data": null}
{"event_time": "2025-10-06T18:05:17.083453", "where": "spotify:albums", "level": "info", "message": "Fetched 20 albums", "data": null}
{"event_time": "2025-10-06T18:05:17.802337", "where": "spotify:albums", "level": "info", "message": "Fetched 20 albums", "data": null}
{"event_time": "2025-10-06T18:05:18.373800", "where": "spotify:albums", "level": "info", "message": "Fetched 10 albums", "data": null}
{"event_time": "2025-10-06T18:05:18.785579", "where": "spotify:tracks", "level": "info", "message": "Fetched 50 tracks", "data": null}
{"event_time": "2025-10-06T18:05:19.516776", "where": "spotify:albums", "level": "info", "message": "Fetched 20 albums", "data": null}
{"event_time": "2025-10-06T18:05:20.039124", "where": "spotify:albums", "level": "info", "message": "Fetched 20 albums", "data": null}
{"event_time": "2025-10-06T18:05:20.445726", "where": "spotify:albums", "level": "info", "message": "Fetched 10 albums", "data": null}
{"event_time": "2025-10-06T18:05:20.958260", "where": "spotify:tracks", "level": "info", "message": "Fetched 50 tracks", "data": null}
{"event_time": "2025-10-06T18:05:21.421865", "where": "spotify:albums", "level": "info", "message": "Fetched 20 albums", "data": null}
{"event_time": "2025-10-06T18:05:22.104919", "where": "spotify:albums", "level": "info", "message": "Fetched 20 albums", "data": null}
{"event_time": "2025-10-06T18:05:22.647711", "where": "spotify:albums", "level": "info", "message": "Fetched 10 albums", "data": null}
{"event_time": "2025-10-06T18:05:23.309679", "where": "spotify:tracks", "level": "info", "message": "Fetched 50 tracks", "data": null}
{"event_time": "2025-10-06T18:05:23.901257", "where": "spotify:albums", "level": "info", "message": "Fetched 20 albums", "data": null}
{"event_time": "2025-10-06T18:05:24.417459", "where": "spotify:albums", "level": "info", "message": "Fetched 20 albums", "data": null}
{"event_time": "2025-10-06T18:05:24.732951", "where": "spotify:albums", "level": "info", "message": "Fetched 10 albums", "data": null}
{"event_time": "2025-10-06T18:05:25.180670", "where": "spotify:tracks", "level": "info", "message": "Fetched 50 tracks", "data": null}
{"event_time": "2025-10-06T18:05:25.810887", "where": "spotify:albums", "level": "info", "message": "Fetched 20 albums", "data": null}
{"event_time": "2025-10-06T18:05:26.390658", "where": "spotify:albums", "level": "info", "message": "Fetched 20 albums", "data": null}
{"event_time": "2025-10-06T18:05:27.017146", "where": "spotify:albums", "level": "info", "message": "Fetched 10 albums", "data": null}
{"event_time": "2025-10-06T18:05:27.590951", "where": "spotify:tracks", "level": "info", "message": "Fetched 50 tracks", "data": null}
{"event_time": "2025-10-06T18:05:28.220009", "where": "spotify:albums", "level": "info", "message": "Fetched 20 albums", "data": null}
{"event_time": "2025-10-06T18:05:29.060361", "where": "spotify:albums", "level": "info", "message": "Fetched 20 albums", "data": null}
{"event_time": "2025-10-06T18:05:29.467072", "where": "spotify:albums", "level": "info", "message": "Fetched 10 albums", "data": null}
{"event_time": "2025-10-06T18:05:29.990516", "where": "spotify:tracks", "level": "info", "message": "Fetched 50 tracks", "data": null}
{"event_time": "2025-10-06T18:05:30.597395", "where": "spotify:albums", "level": "info", "message": "Fetched 20 albums", "data": null}
{"event_time": "2025-10-06T18:05:31.088109", "where": "spotify:albums", "level": "info", "message": "Fetched 20 albums", "data": null}
{"event_time": "2025-10-06T18:05:31.561417", "where": "spotify:albums", "level": "info", "message": "Fetched 10 albums", "data": null}
{"event_time": "2025-10-06T18:05:32.115944", "where": "spotify:tracks", "level": "info", "message": "Fetched 50 tracks", "data": null}
{"event_time": "2025-10-06T18:05:32.622468", "where": "spotify:albums", "level": "info", "message": "Fetched 20 albums", "data": null}
{"event_time": "2025-10-06T18:05:33.243670", "where": "spotify:albums", "level": "info", "message": "Fetched 20 albums", "data": null}
{"event_time": "2025-10-06T18:05:33.600763", "where": "spotify:albums", "level": "info", "message": "Fetched 10 albums", "data": null}
{"event_time": "2025-10-06T18:05:34.169361", "where": "spotify:tracks", "level": "info", "message": "Fetched 50 tracks", "data": null}
{"event_time": "2025-10-06T18:05:34.642125", "where": "spotify:albums", "level": "info", "message": "Fetched 20 albums", "data": null}
{"event_time": "2025-10-06T18:05:35.322774", "where": "spotify:albums", "level": "info", "message": "Fetched 20 albums", "data": null}
{"event_time": "2025-10-06T18:05:36.324854", "where": "spotify:albums", "level": "info", "message": "Fetched 10 albums", "data": null}
{"event_time": "2025-10-06T18:05:36.834012", "where": "spotify:tracks", "level": "info", "message": "Fetched 49 tracks", "data": null}
{"event_time": "2025-10-06T18:05:37.865945", "where": "spotify:albums", "level": "info", "message": "Fetched 20 albums", "data": null}
{"event_time": "2025-10-06T18:05:38.551396", "where": "spotify:albums", "level": "info", "message": "Fetched 20 albums", "data": null}
{"event_time": "2025-10-06T18:05:38.853855", "where": "spotify:albums", "level": "info", "message": "Fetched 9 albums", "data": null}
{"event_time": "2025-10-06T18:05:39.385939", "where": "spotify:tracks", "level": "info", "message": "Fetched 50 tracks", "data": null}
{"event_time": "2025-10-06T18:05:40.009766", "where": "spotify:albums", "level": "info", "message": "Fetched 20 albums", "data": null}
{"event_time": "2025-10-06T18:05:40.573977", "where": "spotify:albums", "level": "info", "message": "Fetched 20 albums", "data": null}
{"event_time": "2025-10-06T18:05:41.118385", "where": "spotify:albums", "level": "info", "message": "Fetched 10 albums", "data": null}
{"event_time": "2025-10-06T18:05:41.632930", "where": "spotify:tracks", "level": "info", "message": "Fetched 50 tracks", "data": null}
{"event_time": "2025-10-06T18:05:42.275510", "where": "spotify:albums", "level": "info", "message": "Fetched 20 albums", "data": null}
{"event_time": "2025-10-06T18:05:42.912917", "where": "spotify:albums", "level": "info", "message": "Fetched 20 albums", "data": null}
{"event_time": "2025-10-06T18:05:43.340272", "where": "spotify:albums", "level": "info", "message": "Fetched 10 albums", "data": null}
{"event_time": "2025-10-06T18:05:43.847337", "where": "spotify:tracks", "level": "info", "message": "Fetched 50 tracks", "data": null}
{"event_time": "2025-10-06T18:05:44.515496", "where": "spotify:albums", "level": "info", "message": "Fetched 20 albums", "data": null}
{"event_time": "2025-10-06T18:05:45.175170", "where": "spotify:albums", "level": "info", "message": "Fetched 20 albums", "data": null}
{"event_time": "2025-10-06T18:05:45.668309", "where": "spotify:albums", "level": "info", "message": "Fetched 10 albums", "data": null}
{"event_time": "2025-10-06T18:05:46.155212", "where": "spotify:tracks", "level": "info", "message": "Fetched 50 tracks", "data": null}
{"event_time": "2025-10-06T18:05:46.590030", "where": "spotify:albums", "level": "info", "message": "Fetched 20 albums", "data": null}
{"event_time": "2025-10-06T18:05:47.211376", "where": "spotify:albums", "level": "info", "message": "Fetched 20 albums", "data": null}
{"event_time": "2025-10-06T18:05:50.689471", "where": "spotify:albums", "level": "info", "message": "Fetched 10 albums", "data": null}
{"event_time": "2025-10-06T18:05:51.359319", "where": "spotify:tracks", "level": "info", "message": "Fetched 50 tracks", "data": null}
{"event_time": "2025-10-06T18:05:51.778489", "where": "spotify:albums", "level": "info", "message": "Fetched 20 albums", "data": null}
{"event_time": "2025-10-06T18:05:52.138978", "where": "spotify:albums", "level": "info", "message": "Fetched 20 albums", "data": null}
{"event_time": "2025-10-06T18:05:52.526874", "where": "spotify:albums", "level": "info", "message": "Fetched 10 albums", "data": null}
{"event_time": "2025-10-06T18:05:53.011387", "where": "spotify:tracks", "level": "info", "message": "Fetched 50 tracks", "data": null}
{"event_time": "2025-10-06T18:05:53.952452", "where": "spotify:albums", "level": "info", "message": "Fetched 20 albums", "data": null}
{"event_time": "2025-10-06T18:05:54.432368", "where": "spotify:albums", "level": "info", "message": "Fetched 20 albums", "data": null}
{"event_time": "2025-10-06T18:05:54.952474", "where": "spotify:albums", "level": "info", "message": "Fetched 10 albums", "data": null}
{"event_time": "2025-10-06T18:05:55.388316", "where": "spotify:tracks", "level": "info", "message": "Fetched 49 tracks", "data": null}
{"event_time": "2025-10-06T18:05:55.979537", "where": "spotify:albums", "level": "info", "message": "Fetched 20 albums", "data": null}
{"event_time": "2025-10-06T18:05:56.619503", "where": "spotify:albums", "level": "info", "message": "Fetched 20 albums", "data": null}
{"event_time": "2025-10-06T18:05:57.101754", "where": "spotify:albums", "level": "info", "message": "Fetched 9 albums", "data": null}
{"event_time": "2025-10-06T18:05:57.514685", "where": "spotify:tracks", "level": "info", "message": "Fetched 50 tracks", "data": null}
{"event_time": "2025-10-06T18:05:58.036749", "where": "spotify:albums", "level": "info", "message": "Fetched 20 albums", "data": null}
{"event_time": "2025-10-06T18:05:58.576718", "where": "spotify:albums", "level": "info", "message": "Fetched 20 albums", "data": null}
{"event_time": "2025-10-06T18:05:59.155862", "where": "spotify:albums", "level": "info", "message": "Fetched 10 albums", "data": null}
{"event_time": "2025-10-06T18:05:59.665518", "where": "spotify:tracks", "level": "info", "message": "Fetched 50 tracks", "data": null}
{"event_time": "2025-10-06T18:06:00.297414", "where": "spotify:albums", "level": "info", "message": "Fetched 20 albums", "data": null}
{"event_time": "2025-10-06T18:06:00.771451", "where": "spotify:albums", "level": "info", "message": "Fetched 20 albums", "data": null}
{"event_time": "2025-10-06T18:06:01.197923", "where": "spotify:albums", "level": "info", "message": "Fetched 10 albums", "data": null}
{"event_time": "2025-10-06T18:06:01.718439", "where": "spotify:tracks", "level": "info", "message": "Fetched 49 tracks", "data": null}
{"event_time": "2025-10-06T18:06:02.951116", "where": "spotify:albums", "level": "info", "message": "Fetched 20 albums", "data": null}
{"event_time": "2025-10-06T18:06:03.398046", "where": "spotify:albums", "level": "info", "message": "Fetched 20 albums", "data": null}
{"event_time": "2025-10-06T18:06:03.668606", "where": "spotify:albums", "level": "info", "message": "Fetched 9 albums", "data": null}
{"event_time": "2025-10-06T18:06:04.085057", "where": "spotify:tracks", "level": "info", "message": "Fetched 50 tracks", "data": null}
{"event_time": "2025-10-06T18:06:04.611525", "where": "spotify:albums", "level": "info", "message": "Fetched 20 albums", "data": null}
{"event_time": "2025-10-06T18:06:05.318095", "where": "spotify:albums", "level": "info", "message": "Fetched 20 albums", "data": null}
{"event_time": "2025-10-06T18:06:05.989651", "where": "spotify:albums", "level": "info", "message": "Fetched 10 albums", "data": null}
{"event_time": "2025-10-06T18:06:06.512370", "where": "spotify:tracks", "level": "info", "message": "Fetched 50 tracks", "data": null}
{"event_time": "2025-10-06T18:06:07.247595", "where": "spotify:albums", "level": "info", "message": "Fetched 20 albums", "data": null}
{"event_time": "2025-10-06T18:06:08.296495", "where": "spotify:albums", "level": "info", "message": "Fetched 20 albums", "data": null}
{"event_time": "2025-10-06T18:06:08.633460", "where": "spotify:albums", "level": "info", "message": "Fetched 10 albums", "data": null}
{"event_time": "2025-10-06T18:06:09.345778", "where": "spotify:tracks", "level": "info", "message": "Fetched 50 tracks", "data": null}
{"event_time": "2025-10-06T18:06:09.876000", "where": "spotify:albums", "level": "info", "message": "Fetched 20 albums", "data": null}
{"event_time": "2025-10-06T18:06:10.428885", "where": "spotify:albums", "level": "info", "message": "Fetched 20 albums", "data": null}
{"event_time": "2025-10-06T18:06:11.037144", "where": "spotify:albums", "level": "info", "message": "Fetched 10 albums", "data": null}
{"event_time": "2025-10-06T18:06:11.511549", "where": "spotify:tracks", "level": "info", "message": "Fetched 50 tracks", "data": null}
{"event_time": "2025-10-06T18:06:11.951849", "where": "spotify:albums", "level": "info", "message": "Fetched 20 albums", "data": null}
{"event_time": "2025-10-06T18:06:12.365809", "where": "spotify:albums", "level": "info", "message": "Fetched 20 albums", "data": null}
{"event_time": "2025-10-06T18:06:12.680911", "where": "spotify:albums", "level": "info", "message": "Fetched 10 albums", "data": null}
{"event_time": "2025-10-06T18:06:13.220978", "where": "spotify:tracks", "level": "info", "message": "Fetched 50 tracks", "data": null}
{"event_time": "2025-10-06T18:06:14.262669", "where": "spotify:albums", "level": "info", "message": "Fetched 20 albums", "data": null}
{"event_time": "2025-10-06T18:06:14.671625", "where": "spotify:albums", "level": "info", "message": "Fetched 20 albums", "data": null}
{"event_time": "2025-10-06T18:06:14.949259", "where": "spotify:albums", "level": "info", "message": "Fetched 10 albums", "data": null}
{"event_time": "2025-10-06T18:06:15.379427", "where": "spotify:tracks", "level": "info", "message": "Fetched 49 tracks", "data": null}
{"event_time": "2025-10-06T18:06:16.392436", "where": "spotify:albums", "level": "info", "message": "Fetched 20 albums", "data": null}
{"event_time": "2025-10-06T18:06:16.841670", "where": "spotify:albums", "level": "info", "message": "Fetched 20 albums", "data": null}
{"event_time": "2025-10-06T18:06:17.062569", "where": "spotify:albums", "level": "info", "message": "Fetched 9 albums", "data": null}
{"event_time": "2025-10-06T18:06:17.477388", "where": "spotify:tracks", "level": "info", "message": "Fetched 50 tracks", "data": null}
{"event_time": "2025-10-06T18:06:17.895757", "where": "spotify:albums", "level": "info", "message": "Fetched 20 albums", "data": null}
{"event_time": "2025-10-06T18:06:18.565440", "where": "spotify:albums", "level": "info", "message": "Fetched 20 albums", "data": null}
{"event_time": "2025-10-06T18:06:18.892667", "where": "spotify:albums", "level": "info", "message": "Fetched 10 albums", "data": null}
{"event_time": "2025-10-06T18:06:19.404896", "where": "spotify:tracks", "level": "info", "message": "Fetched 50 tracks", "data": null}
{"event_time": "2025-10-06T18:06:19.944978", "where": "spotify:albums", "level": "info", "message": "Fetched 20 albums", "data": null}
{"event_time": "2025-10-06T18:06:20.356305", "where": "spotify:albums", "level": "info", "message": "Fetched 20 albums", "data": null}
{"event_time": "2025-10-06T18:06:20.656998", "where": "spotify:albums", "level": "info", "message": "Fetched 10 albums", "data": null}
{"event_time": "2025-10-06T18:06:21.267321", "where": "spotify:tracks", "level": "info", "message": "Fetched 50 tracks", "data": null}
{"event_time": "2025-10-06T18:06:21.852322", "where": "spotify:albums", "level": "info", "message": "Fetched 20 albums", "data": null}
{"event_time": "2025-10-06T18:06:22.541651", "where": "spotify:albums", "level": "info", "message": "Fetched 20 albums", "data": null}
{"event_time": "2025-10-06T18:06:23.012617", "where": "spotify:albums", "level": "info", "message": "Fetched 10 albums", "data": null}
{"event_time": "2025-10-06T18:06:29.691259", "where": "spotify:tracks", "level": "info", "message": "Fetched 50 tracks", "data": null}
{"event_time": "2025-10-06T18:06:30.097542", "where": "spotify:albums", "level": "info", "message": "Fetched 20 albums", "data": null}
{"event_time": "2025-10-06T18:06:30.723528", "where": "spotify:albums", "level": "info", "message": "Fetched 20 albums", "data": null}
{"event_time": "2025-10-06T18:06:31.392348", "where": "spotify:albums", "level": "info", "message": "Fetched 10 albums", "data": null}
{"event_time": "2025-10-06T18:06:32.027820", "where": "spotify:tracks", "level": "info", "message": "Fetched 50 tracks", "data": null}
{"event_time": "2025-10-06T18:06:32.527879", "where": "spotify:albums", "level": "info", "message": "Fetched 20 albums", "data": null}
{"event_time": "2025-10-06T18:06:33.159084", "where": "spotify:albums", "level": "info", "message": "Fetched 20 albums", "data": null}
{"event_time": "2025-10-06T18:06:33.776460", "where": "spotify:albums", "level": "info", "message": "Fetched 10 albums", "data": null}
{"event_time": "2025-10-06T18:06:34.281456", "where": "spotify:tracks", "level": "info", "message": "Fetched 50 tracks", "data": null}
{"event_time": "2025-10-06T18:06:34.793913", "where": "spotify:albums", "level": "info", "message": "Fetched 20 albums", "data": null}
{"event_time": "2025-10-06T18:06:35.402904", "where": "spotify:albums", "level": "info", "message": "Fetched 20 albums", "data": null}
{"event_time": "2025-10-06T18:06:35.815280", "where": "spotify:albums", "level": "info", "message": "Fetched 10 albums", "data": null}
{"event_time": "2025-10-06T18:06:36.380049", "where": "spotify:tracks", "level": "info", "message": "Fetched 50 tracks", "data": null}
{"event_time": "2025-10-06T18:06:37.055847", "where": "spotify:albums", "level": "info", "message": "Fetched 20 albums", "data": null}
{"event_time": "2025-10-06T18:06:37.537581", "where": "spotify:albums", "level": "info", "message": "Fetched 20 albums", "data": null}
{"event_time": "2025-10-06T18:06:37.965293", "where": "spotify:albums", "level": "info", "message": "Fetched 10 albums", "data": null}
{"event_time": "2025-10-06T18:06:38.493766", "where": "spotify:tracks", "level": "info", "message": "Fetched 50 tracks", "data": null}
{"event_time": "2025-10-06T18:06:38.990608", "where": "spotify:albums", "level": "info", "message": "Fetched 20 albums", "data": null}
{"event_time": "2025-10-06T18:06:39.714803", "where": "spotify:albums", "level": "info", "message": "Fetched 20 albums", "data": null}
{"event_time": "2025-10-06T18:06:40.217966", "where": "spotify:albums", "level": "info", "message": "Fetched 10 albums", "data": null}
{"event_time": "2025-10-06T18:06:40.600520", "where": "spotify:tracks", "level": "info", "message": "Fetched 50 tracks", "data": null}
{"event_time": "2025-10-06T18:06:41.409181", "where": "spotify:albums", "level": "info", "message": "Fetched 20 albums", "data": null}
{"event_time": "2025-10-06T18:06:42.172910", "where": "spotify:albums", "level": "info", "message": "Fetched 20 albums", "data": null}
{"event_time": "2025-10-06T18:06:42.577719", "where": "spotify:albums", "level": "info", "message": "Fetched 10 albums", "data": null}
{"event_time": "2025-10-06T18:06:43.188335", "where": "spotify:tracks", "level": "info", "message": "Fetched 50 tracks", "data": null}
{"event_time": "2025-10-06T18:06:43.699352", "where": "spotify:albums", "level": "info", "message": "Fetched 20 albums", "data": null}
{"event_time": "2025-10-06T18:06:44.181008", "where": "spotify:albums", "level": "info", "message": "Fetched 20 albums", "data": null}
{"event_time": "2025-10-06T18:06:44.527164", "where": "spotify:albums", "level": "info", "message": "Fetched 10 albums", "data": null}
{"event_time": "2025-10-06T18:06:45.013668", "where": "spotify:tracks", "level": "info", "message": "Fetched 50 tracks", "data": null}
{"event_time": "2025-10-06T18:06:45.713358", "where": "spotify:albums", "level": "info", "message": "Fetched 20 albums", "data": null}
{"event_time": "2025-10-06T18:06:46.216196", "where": "spotify:albums", "level": "info", "message": "Fetched 20 albums", "data": null}
{"event_time": "2025-10-06T18:06:46.568080", "where": "spotify:albums", "level": "info", "message": "Fetched 10 albums", "data": null}
{"event_time": "2025-10-06T18:06:47.081481", "where": "spotify:tracks", "level": "info", "message": "Fetched 50 tracks", "data": null}
{"event_time": "2025-10-06T18:06:47.449155", "where": "spotify:albums", "level": "info", "message": "Fetched 20 albums", "data": null}
{"event_time": "2025-10-06T18:06:48.050250", "where": "spotify:albums", "level": "info", "message": "Fetched 20 albums", "data": null}
{"event_time": "2025-10-06T18:06:48.510018", "where": "spotify:albums", "level": "info", "message": "Fetched 9 albums", "data": null}
{"event_time": "2025-10-06T18:06:49.028252", "where": "spotify:tracks", "level": "info", "message": "Fetched 50 tracks", "data": null}
{"event_time": "2025-10-06T18:06:49.503776", "where": "spotify:albums", "level": "info", "message": "Fetched 20 albums", "data": null}
{"event_time": "2025-10-06T18:06:49.932355", "where": "spotify:albums", "level": "info", "message": "Fetched 20 albums", "data": null}
{"event_time": "2025-10-06T18:06:50.377102", "where": "spotify:albums", "level": "info", "message": "Fetched 9 albums", "data": null}
{"event_time": "2025-10-06T18:06:50.818758", "where": "spotify:tracks", "level": "info", "message": "Fetched 50 tracks", "data": null}
{"event_time": "2025-10-06T18:06:51.279622", "where": "spotify:albums", "level": "info", "message": "Fetched 20 albums", "data": null}
{"event_time": "2025-10-06T18:06:52.087817", "where": "spotify:albums", "level": "info", "message": "Fetched 20 albums", "data": null}
{"event_time": "2025-10-06T18:06:52.496284", "where": "spotify:albums", "level": "info", "message": "Fetched 10 albums", "data": null}
{"event_time": "2025-10-06T18:06:53.020576", "where": "spotify:tracks", "level": "info", "message": "Fetched 49 tracks", "data": null}
{"event_time": "2025-10-06T18:06:53.847254", "where": "spotify:albums", "level": "info", "message": "Fetched 20 albums", "data": null}
{"event_time": "2025-10-06T18:06:54.386079", "where": "spotify:albums", "level": "info", "message": "Fetched 20 albums", "data": null}
{"event_time": "2025-10-06T18:06:54.817561", "where": "spotify:albums", "level": "info", "message": "Fetched 9 albums", "data": null}
{"event_time": "2025-10-06T18:06:55.274448", "where": "spotify:tracks", "level": "info", "message": "Fetched 50 tracks", "data": null}
{"event_time": "2025-10-06T18:06:56.100901", "where": "spotify:albums", "level": "info", "message": "Fetched 20 albums", "data": null}
{"event_time": "2025-10-06T18:06:56.574434", "where": "spotify:albums", "level": "info", "message": "Fetched 20 albums", "data": null}
{"event_time": "2025-10-06T18:06:57.015966", "where": "spotify:albums", "level": "info", "message": "Fetched 10 albums", "data": null}
{"event_time": "2025-10-06T18:06:57.730396", "where": "spotify:tracks", "level": "info", "message": "Fetched 50 tracks", "data": null}
{"event_time": "2025-10-06T18:06:58.346694", "where": "spotify:albums", "level": "info", "message": "Fetched 20 albums", "data": null}
{"event_time": "2025-10-06T18:06:58.855406", "where": "spotify:albums", "level": "info", "message": "Fetched 20 albums", "data": null}
{"event_time": "2025-10-06T18:06:59.144119", "where": "spotify:albums", "level": "info", "message": "Fetched 10 albums", "data": null}
{"event_time": "2025-10-06T18:06:59.679600", "where": "spotify:tracks", "level": "info", "message": "Fetched 50 tracks", "data": null}
{"event_time": "2025-10-06T18:07:00.657039", "where": "spotify:albums", "level": "info", "message": "Fetched 20 albums", "data": null}
{"event_time": "2025-10-06T18:07:01.223249", "where": "spotify:albums", "level": "info", "message": "Fetched 20 albums", "data": null}
{"event_time": "2025-10-06T18:07:01.749350", "where": "spotify:albums", "level": "info", "message": "Fetched 10 albums", "data": null}
{"event_time": "2025-10-06T18:07:02.379557", "where": "spotify:tracks", "level": "info", "message": "Fetched 50 tracks", "data": null}
{"event_time": "2025-10-06T18:07:02.850841", "where": "spotify:albums", "level": "info", "message": "Fetched 20 albums", "data": null}
{"event_time": "2025-10-06T18:07:03.389096", "where": "spotify:albums", "level": "info", "message": "Fetched 20 albums", "data": null}
{"event_time": "2025-10-06T18:07:03.866093", "where": "spotify:albums", "level": "info", "message": "Fetched 10 albums", "data": null}
{"event_time": "2025-10-06T18:07:04.344899", "where": "spotify:tracks", "level": "info", "message": "Fetched 50 tracks", "data": null}
{"event_time": "2025-10-06T18:07:05.007428", "where": "spotify:albums", "level": "info", "message": "Fetched 20 albums", "data": null}
{"event_time": "2025-10-06T18:07:05.600734", "where": "spotify:albums", "level": "info", "message": "Fetched 20 albums", "data": null}
{"event_time": "2025-10-06T18:07:05.994751", "where": "spotify:albums", "level": "info", "message": "Fetched 10 albums", "data": null}
{"event_time": "2025-10-06T18:07:06.422312", "where": "spotify:tracks", "level": "info", "message": "Fetched 50 tracks", "data": null}
{"event_time": "2025-10-06T18:07:07.066346", "where": "spotify:albums", "level": "info", "message": "Fetched 20 albums", "data": null}
{"event_time": "2025-10-06T18:07:07.862544", "where": "spotify:albums", "level": "info", "message": "Fetched 20 albums", "data": null}
{"event_time": "2025-10-06T18:07:08.244701", "where": "spotify:albums", "level": "info", "message": "Fetched 10 albums", "data": null}
{"event_time": "2025-10-06T18:07:08.710484", "where": "spotify:tracks", "level": "info", "message": "Fetched 50 tracks", "data": null}
{"event_time": "2025-10-06T18:07:09.388976", "where": "spotify:albums", "level": "info", "message": "Fetched 20 albums", "data": null}
{"event_time": "2025-10-06T18:07:10.081547", "where": "spotify:albums", "level": "info", "message": "Fetched 20 albums", "data": null}
{"event_time": "2025-10-06T18:07:10.466246", "where": "spotify:albums", "level": "info", "message": "Fetched 10 albums", "data": null}
{"event_time": "2025-10-06T18:07:11.048457", "where": "spotify:tracks", "level": "info", "message": "Fetched 50 tracks", "data": null}
{"event_time": "2025-10-06T18:07:11.732871", "where": "spotify:albums", "level": "info", "message": "Fetched 20 albums", "data": null}
{"event_time": "2025-10-06T18:07:12.370111", "where": "spotify:albums", "level": "info", "message": "Fetched 20 albums", "data": null}
{"event_time": "2025-10-06T18:07:13.026554", "where": "spotify:albums", "level": "info", "message": "Fetched 10 albums", "data": null}
{"event_time": "2025-10-06T18:07:13.550000", "where": "spotify:tracks", "level": "info", "message": "Fetched 50 tracks", "data": null}
{"event_time": "2025-10-06T18:07:14.468291", "where": "spotify:albums", "level": "info", "message": "Fetched 20 albums", "data": null}
{"event_time": "2025-10-06T18:07:15.220345", "where": "spotify:albums", "level": "info", "message": "Fetched 20 albums", "data": null}
{"event_time": "2025-10-06T18:07:15.752806", "where": "spotify:albums", "level": "info", "message": "Fetched 10 albums", "data": null}
{"event_time": "2025-10-06T18:07:16.253040", "where": "spotify:tracks", "level": "info", "message": "Fetched 50 tracks", "data": null}
{"event_time": "2025-10-06T18:07:16.719290", "where": "spotify:albums", "level": "info", "message": "Fetched 20 albums", "data": null}
{"event_time": "2025-10-06T18:07:17.572384", "where": "spotify:albums", "level": "info", "message": "Fetched 20 albums", "data": null}
{"event_time": "2025-10-06T18:07:18.093531", "where": "spotify:albums", "level": "info", "message": "Fetched 10 albums", "data": null}
{"event_time": "2025-10-06T18:07:18.647840", "where": "spotify:tracks", "level": "info", "message": "Fetched 49 tracks", "data": null}
{"event_time": "2025-10-06T18:07:19.711929", "where": "spotify:albums", "level": "info", "message": "Fetched 20 albums", "data": null}
{"event_time": "2025-10-06T18:07:20.366154", "where": "spotify:albums", "level": "info", "message": "Fetched 20 albums", "data": null}
{"event_time": "2025-10-06T18:07:20.805447", "where": "spotify:albums", "level": "info", "message": "Fetched 9 albums", "data": null}
{"event_time": "2025-10-06T18:07:21.440529", "where": "spotify:tracks", "level": "info", "message": "Fetched 50 tracks", "data": null}
{"event_time": "2025-10-06T18:09:17.259873", "where": "spotify:albums", "level": "info", "message": "Fetched 20 albums", "data": null}
{"event_time": "2025-10-06T18:09:17.974854", "where": "spotify:albums", "level": "info", "message": "Fetched 20 albums", "data": null}
{"event_time": "2025-10-06T18:09:18.657827", "where": "spotify:albums", "level": "info", "message": "Fetched 10 albums", "data": null}
{"event_time": "2025-10-06T18:09:19.367364", "where": "spotify:tracks", "level": "info", "message": "Fetched 50 tracks", "data": null}
{"event_time": "2025-10-06T18:09:20.021881", "where": "spotify:albums", "level": "info", "message": "Fetched 20 albums", "data": null}
{"event_time": "2025-10-06T18:09:20.625620", "where": "spotify:albums", "level": "info", "message": "Fetched 20 albums", "data": null}
{"event_time": "2025-10-06T18:09:21.069916", "where": "spotify:albums", "level": "info", "message": "Fetched 10 albums", "data": null}
{"event_time": "2025-10-06T18:09:21.686397", "where": "spotify:tracks", "level": "info", "message": "Fetched 50 tracks", "data": null}
{"event_time": "2025-10-06T18:09:22.573339", "where": "spotify:albums", "level": "info", "message": "Fetched 20 albums", "data": null}
{"event_time": "2025-10-06T18:09:23.282355", "where": "spotify:albums", "level": "info", "message": "Fetched 20 albums", "data": null}
{"event_time": "2025-10-06T18:09:23.780884", "where": "spotify:albums", "level": "info", "message": "Fetched 10 albums", "data": null}
{"event_time": "2025-10-06T18:24:32.773805", "where": "spotify:tracks", "level": "info", "message": "Fetched 50 tracks", "data": null}
{"event_time": "2025-10-06T18:24:33.312295", "where": "spotify:albums", "level": "info", "message": "Fetched 20 albums", "data": null}
{"event_time": "2025-10-06T18:24:33.822224", "where": "spotify:albums", "level": "info", "message": "Fetched 20 albums", "data": null}
{"event_time": "2025-10-06T18:24:34.139237", "where": "spotify:albums", "level": "info", "message": "Fetched 10 albums", "data": null}
{"event_time": "2025-10-06T18:24:34.630389", "where": "spotify:tracks", "level": "info", "message": "Fetched 50 tracks", "data": null}
{"event_time": "2025-10-06T18:24:35.032387", "where": "spotify:albums", "level": "info", "message": "Fetched 20 albums", "data": null}
{"event_time": "2025-10-06T18:24:35.494582", "where": "spotify:albums", "level": "info", "message": "Fetched 20 albums", "data": null}
{"event_time": "2025-10-06T18:24:35.835758", "where": "spotify:albums", "level": "info", "message": "Fetched 10 albums", "data": null}
{"event_time": "2025-10-06T18:24:36.297332", "where": "spotify:tracks", "level": "info", "message": "Fetched 50 tracks", "data": null}
{"event_time": "2025-10-06T18:24:36.670772", "where": "spotify:albums", "level": "info", "message": "Fetched 20 albums", "data": null}
{"event_time": "2025-10-06T18:24:37.374916", "where": "spotify:albums", "level": "info", "message": "Fetched 20 albums", "data": null}
{"event_time": "2025-10-06T18:24:37.685832", "where": "spotify:albums", "level": "info", "message": "Fetched 10 albums", "data": null}
{"event_time": "2025-10-06T18:24:38.203062", "where": "spotify:tracks", "level": "info", "message": "Fetched 50 tracks", "data": null}
{"event_time": "2025-10-06T18:24:38.725902", "where": "spotify:albums", "level": "info", "message": "Fetched 20 albums", "data": null}
{"event_time": "2025-10-06T18:24:39.341213", "where": "spotify:albums", "level": "info", "message": "Fetched 20 albums", "data": null}
{"event_time": "2025-10-06T18:24:39.963475", "where": "spotify:albums", "level": "info", "message": "Fetched 10 albums", "data": null}
{"event_time": "2025-10-06T18:24:40.466522", "where": "spotify:tracks", "level": "info", "message": "Fetched 50 tracks", "data": null}
{"event_time": "2025-10-06T18:24:41.026651", "where": "spotify:albums", "level": "info", "message": "Fetched 20 albums", "data": null}
{"event_time": "2025-10-06T18:24:41.539034", "where": "spotify:albums", "level": "info", "message": "Fetched 20 albums", "data": null}
{"event_time": "2025-10-06T18:24:41.875206", "where": "spotify:albums", "level": "info", "message": "Fetched 10 albums", "data": null}
{"event_time": "2025-10-06T18:24:42.433446", "where": "spotify:tracks", "level": "info", "message": "Fetched 50 tracks", "data": null}
{"event_time": "2025-10-06T18:24:42.826863", "where": "spotify:albums", "level": "info", "message": "Fetched 20 albums", "data": null}
{"event_time": "2025-10-06T18:24:43.635507", "where": "spotify:albums", "level": "info", "message": "Fetched 20 albums", "data": null}
{"event_time": "2025-10-06T18:24:44.051220", "where": "spotify:albums", "level": "info", "message": "Fetched 10 albums", "data": null}
{"event_time": "2025-10-06T18:24:44.612450", "where": "spotify:tracks", "level": "info", "message": "Fetched 50 tracks", "data": null}
{"event_time": "2025-10-06T18:24:45.189844", "where": "spotify:albums", "level": "info", "message": "Fetched 20 albums", "data": null}
{"event_time": "2025-10-06T18:24:45.806659", "where": "spotify:albums", "level": "info", "message": "Fetched 20 albums", "data": null}
{"event_time": "2025-10-06T18:24:46.326754", "where": "spotify:albums", "level": "info", "message": "Fetched 10 albums", "data": null}
{"event_time": "2025-10-06T18:24:46.847202", "where": "spotify:tracks", "level": "info", "message": "Fetched 50 tracks", "data": null}
{"event_time": "2025-10-06T18:24:47.634817", "where": "spotify:albums", "level": "info", "message": "Fetched 20 albums", "data": null}
{"event_time": "2025-10-06T18:24:48.043045", "where": "spotify:albums", "level": "info", "message": "Fetched 20 albums", "data": null}
{"event_time": "2025-10-06T18:24:48.468241", "where": "spotify:albums", "level": "info", "message": "Fetched 10 albums", "data": null}
{"event_time": "2025-10-06T18:24:49.077012", "where": "spotify:tracks", "level": "info", "message": "Fetched 50 tracks", "data": null}
{"event_time": "2025-10-06T18:24:49.804993", "where": "spotify:albums", "level": "info", "message": "Fetched 20 albums", "data": null}
{"event_time": "2025-10-06T18:24:50.207288", "where": "spotify:albums", "level": "info", "message": "Fetched 20 albums", "data": null}
{"event_time": "2025-10-06T18:24:50.548740", "where": "spotify:albums", "level": "info", "message": "Fetched 10 albums", "data": null}
{"event_time": "2025-10-06T18:24:51.044563", "where": "spotify:tracks", "level": "info", "message": "Fetched 50 tracks", "data": null}
{"event_time": "2025-10-06T18:24:51.441126", "where": "spotify:albums", "level": "info", "message": "Fetched 20 albums", "data": null}
{"event_time": "2025-10-06T18:24:51.883101", "where": "spotify:albums", "level": "info", "message": "Fetched 20 albums", "data": null}
{"event_time": "2025-10-06T18:24:52.525040", "where": "spotify:albums", "level": "info", "message": "Fetched 10 albums", "data": null}
{"event_time": "2025-10-06T18:24:53.069470", "where": "spotify:tracks", "level": "info", "message": "Fetched 50 tracks", "data": null}
{"event_time": "2025-10-06T18:24:53.728610", "where": "spotify:albums", "level": "info", "message": "Fetched 20 albums", "data": null}
{"event_time": "2025-10-06T18:24:54.592369", "where": "spotify:albums", "level": "info", "message": "Fetched 20 albums", "data": null}
{"event_time": "2025-10-06T18:24:54.904104", "where": "spotify:albums", "level": "info", "message": "Fetched 10 albums", "data": null}
{"event_time": "2025-10-06T18:24:55.367614", "where": "spotify:tracks", "level": "info", "message": "Fetched 50 tracks", "data": null}
{"event_time": "2025-10-06T18:24:56.213259", "where": "spotify:albums", "level": "info", "message": "Fetched 20 albums", "data": null}
{"event_time": "2025-10-06T18:24:56.741712", "where": "spotify:albums", "level": "info", "message": "Fetched 20 albums", "data": null}
{"event_time": "2025-10-06T18:24:57.125601", "where": "spotify:albums", "level": "info", "message": "Fetched 10 albums", "data": null}
{"event_time": "2025-10-06T18:24:57.620725", "where": "spotify:tracks", "level": "info", "message": "Fetched 50 tracks", "data": null}
{"event_time": "2025-10-06T18:24:58.157706", "where": "spotify:albums", "level": "info", "message": "Fetched 20 albums", "data": null}
{"event_time": "2025-10-06T18:24:58.802984", "where": "spotify:albums", "level": "info", "message": "Fetched 20 albums", "data": null}
{"event_time": "2025-10-06T18:24:59.241645", "where": "spotify:albums", "level": "info", "message": "Fetched 10 albums", "data": null}
{"event_time": "2025-10-06T18:24:59.621618", "where": "spotify:tracks", "level": "info", "message": "Fetched 50 tracks", "data": null}
{"event_time": "2025-10-06T18:25:00.041512", "where": "spotify:albums", "level": "info", "message": "Fetched 20 albums", "data": null}
{"event_time": "2025-10-06T18:25:00.566048", "where": "spotify:albums", "level": "info", "message": "Fetched 20 albums", "data": null}
{"event_time": "2025-10-06T18:25:00.838664", "where": "spotify:albums", "level": "info", "message": "Fetched 10 albums", "data": null}
{"event_time": "2025-10-06T18:25:01.275123", "where": "spotify:tracks", "level": "info", "message": "Fetched 50 tracks", "data": null}
{"event_time": "2025-10-06T18:25:01.998373", "where": "spotify:albums", "level": "info", "message": "Fetched 20 albums", "data": null}
{"event_time": "2025-10-06T18:25:02.484430", "where": "spotify:albums", "level": "info", "message": "Fetched 20 albums", "data": null}
{"event_time": "2025-10-06T18:25:03.115525", "where": "spotify:albums", "level": "info", "message": "Fetched 10 albums", "data": null}
{"event_time": "2025-10-06T18:25:03.575374", "where": "spotify:tracks", "level": "info", "message": "Fetched 50 tracks", "data": null}
{"event_time": "2025-10-06T18:25:04.055509", "where": "spotify:albums", "level": "info", "message": "Fetched 20 albums", "data": null}
{"event_time": "2025-10-06T18:25:04.501160", "where": "spotify:albums", "level": "info", "message": "Fetched 20 albums", "data": null}
{"event_time": "2025-10-06T18:25:04.835300", "where": "spotify:albums", "level": "info", "message": "Fetched 10 albums", "data": null}
{"event_time": "2025-10-06T18:25:05.293306", "where": "spotify:tracks", "level": "info", "message": "Fetched 50 tracks", "data": null}
{"event_time": "2025-10-06T18:25:05.893267", "where": "spotify:albums", "level": "info", "message": "Fetched 20 albums", "data": null}
{"event_time": "2025-10-06T18:25:06.457242", "where": "spotify:albums", "level": "info", "message": "Fetched 20 albums", "data": null}
{"event_time": "2025-10-06T18:25:06.799816", "where": "spotify:albums", "level": "info", "message": "Fetched 10 albums", "data": null}
{"event_time": "2025-10-06T18:25:07.319103", "where": "spotify:tracks", "level": "info", "message": "Fetched 50 tracks", "data": null}
{"event_time": "2025-10-06T18:25:08.042593", "where": "spotify:albums", "level": "info", "message": "Fetched 20 albums", "data": null}
{"event_time": "2025-10-06T18:25:08.443359", "where": "spotify:albums", "level": "info", "message": "Fetched 20 albums", "data": null}
{"event_time": "2025-10-06T18:25:08.687921", "where": "spotify:albums", "level": "info", "message": "Fetched 10 albums", "data": null}
{"event_time": "2025-10-06T18:25:09.162420", "where": "spotify:tracks", "level": "info", "message": "Fetched 50 tracks", "data": null}
{"event_time": "2025-10-06T18:25:09.597097", "where": "spotify:albums", "level": "info", "message": "Fetched 20 albums", "data": null}
{"event_time": "2025-10-06T18:25:10.195954", "where": "spotify:albums", "level": "info", "message": "Fetched 20 albums", "data": null}
{"event_time": "2025-10-06T18:25:10.802245", "where": "spotify:albums", "level": "info", "message": "Fetched 10 albums", "data": null}
{"event_time": "2025-10-06T18:25:11.315886", "where": "spotify:tracks", "level": "info", "message": "Fetched 50 tracks", "data": null}
{"event_time": "2025-10-06T18:25:11.613716", "where": "spotify:albums", "level": "info", "message": "Fetched 20 albums", "data": null}
{"event_time": "2025-10-06T18:25:12.138319", "where": "spotify:albums", "level": "info", "message": "Fetched 20 albums", "data": null}
{"event_time": "2025-10-06T18:25:12.852203", "where": "spotify:albums", "level": "info", "message": "Fetched 10 albums", "data": null}
{"event_time": "2025-10-06T18:25:13.407703", "where": "spotify:tracks", "level": "info", "message": "Fetched 50 tracks", "data": null}
{"event_time": "2025-10-06T18:25:14.275270", "where": "spotify:albums", "level": "info", "message": "Fetched 20 albums", "data": null}
{"event_time": "2025-10-06T18:25:15.110977", "where": "spotify:albums", "level": "info", "message": "Fetched 20 albums", "data": null}
{"event_time": "2025-10-06T18:25:15.552592", "where": "spotify:albums", "level": "info", "message": "Fetched 10 albums", "data": null}
{"event_time": "2025-10-06T18:25:16.026896", "where": "spotify:tracks", "level": "info", "message": "Fetched 50 tracks", "data": null}
{"event_time": "2025-10-06T18:26:40.501868", "where": "spotify:albums", "level": "info", "message": "Fetched 20 albums", "data": null}
{"event_time": "2025-10-06T18:34:35.347572", "where": "spotify:albums", "level": "info", "message": "Fetched 20 albums", "data": null}
{"event_time": "2025-10-06T18:34:35.681863", "where": "spotify:albums", "level": "info", "message": "Fetched 10 albums", "data": null}
{"event_time": "2025-10-06T18:34:36.135794", "where": "spotify:tracks", "level": "info", "message": "Fetched 50 tracks", "data": null}
{"event_time": "2025-10-06T18:34:36.773164", "where": "spotify:albums", "level": "info", "message": "Fetched 20 albums", "data": null}
{"event_time": "2025-10-06T18:34:37.395512", "where": "spotify:albums", "level": "info", "message": "Fetched 20 albums", "data": null}
{"event_time": "2025-10-06T18:34:37.732093", "where": "spotify:albums", "level": "info", "message": "Fetched 10 albums", "data": null}
{"event_time": "2025-10-06T18:34:38.194437", "where": "spotify:tracks", "level": "info", "message": "Fetched 50 tracks", "data": null}
{"event_time": "2025-10-06T18:34:38.608691", "where": "spotify:albums", "level": "info", "message": "Fetched 20 albums", "data": null}
{"event_time": "2025-10-06T18:34:39.159093", "where": "spotify:albums", "level": "info", "message": "Fetched 20 albums", "data": null}
{"event_time": "2025-10-06T18:34:39.593730", "where": "spotify:albums", "level": "info", "message": "Fetched 10 albums", "data": null}
{"event_time": "2025-10-06T18:34:50.331487", "where": "spotify:tracks", "level": "info", "message": "Fetched 50 tracks", "data": null}
{"event_time": "2025-10-06T18:36:21.709167", "where": "spotify:albums", "level": "info", "message": "Fetched 20 albums", "data": null}
{"event_time": "2025-10-06T18:36:22.136527", "where": "spotify:albums", "level": "info", "message": "Fetched 20 albums", "data": null}
{"event_time": "2025-10-06T18:36:22.437782", "where": "spotify:albums", "level": "info", "message": "Fetched 10 albums", "data": null}
{"event_time": "2025-10-06T18:36:22.990113", "where": "spotify:tracks", "level": "info", "message": "Fetched 50 tracks", "data": null}
{"event_time": "2025-10-06T18:36:23.744538", "where": "spotify:albums", "level": "info", "message": "Fetched 20 albums", "data": null}
{"event_time": "2025-10-06T18:36:24.122744", "where": "spotify:albums", "level": "info", "message": "Fetched 20 albums", "data": null}
{"event_time": "2025-10-06T18:36:24.523898", "where": "spotify:albums", "level": "info", "message": "Fetched 10 albums", "data": null}
{"event_time": "2025-10-06T18:36:25.070090", "where": "spotify:tracks", "level": "info", "message": "Fetched 50 tracks", "data": null}
{"event_time": "2025-10-06T18:36:25.582743", "where": "spotify:albums", "level": "info", "message": "Fetched 20 albums", "data": null}
{"event_time": "2025-10-06T18:36:26.164313", "where": "spotify:albums", "level": "info", "message": "Fetched 20 albums", "data": null}
{"event_time": "2025-10-06T18:36:26.513479", "where": "spotify:albums", "level": "info", "message": "Fetched 10 albums", "data": null}
{"event_time": "2025-10-06T18:36:27.003655", "where": "spotify:tracks", "level": "info", "message": "Fetched 50 tracks", "data": null}
{"event_time": "2025-10-06T18:36:27.495878", "where": "spotify:albums", "level": "info", "message": "Fetched 20 albums", "data": null}
{"event_time": "2025-10-06T18:36:28.077439", "where": "spotify:albums", "level": "info", "message": "Fetched 20 albums", "data": null}
{"event_time": "2025-10-06T18:36:28.601780", "where": "spotify:albums", "level": "info", "message": "Fetched 10 albums", "data": null}
{"event_time": "2025-10-06T18:36:29.120548", "where": "spotify:tracks", "level": "info", "message": "Fetched 49 tracks", "data": null}
{"event_time": "2025-10-06T18:36:29.956888", "where": "spotify:albums", "level": "info", "message": "Fetched 20 albums", "data": null}
{"event_time": "2025-10-06T18:36:30.469915", "where": "spotify:albums", "level": "info", "message": "Fetched 20 albums", "data": null}
{"event_time": "2025-10-06T18:36:30.981782", "where": "spotify:albums", "level": "info", "message": "Fetched 9 albums", "data": null}
{"event_time": "2025-10-06T18:36:31.493141", "where": "spotify:tracks", "level": "info", "message": "Fetched 50 tracks", "data": null}
{"event_time": "2025-10-06T18:36:32.213676", "where": "spotify:albums", "level": "info", "message": "Fetched 20 albums", "data": null}
{"event_time": "2025-10-06T18:36:33.037964", "where": "spotify:albums", "level": "info", "message": "Fetched 20 albums", "data": null}
{"event_time": "2025-10-06T18:36:33.336139", "where": "spotify:albums", "level": "info", "message": "Fetched 10 albums", "data": null}
{"event_time": "2025-10-06T18:36:33.847000", "where": "spotify:tracks", "level": "info", "message": "Fetched 50 tracks", "data": null}
{"event_time": "2025-10-06T18:36:34.254449", "where": "spotify:albums", "level": "info", "message": "Fetched 20 albums", "data": null}
{"event_time": "2025-10-06T18:36:34.575052", "where": "spotify:albums", "level": "info", "message": "Fetched 20 albums", "data": null}
{"event_time": "2025-10-06T18:36:34.833009", "where": "spotify:albums", "level": "info", "message": "Fetched 10 albums", "data": null}
{"event_time": "2025-10-06T18:36:35.306689", "where": "spotify:tracks", "level": "info", "message": "Fetched 50 tracks", "data": null}
{"event_time": "2025-10-06T18:36:35.512270", "where": "spotify:tracks", "level": "info", "message": "Fetched 1 tracks", "data": null}
{"event_time": "2025-10-06T18:36:36.101715", "where": "spotify:albums", "level": "info", "message": "Fetched 20 albums", "data": null}
{"event_time": "2025-10-06T18:36:36.782854", "where": "spotify:albums", "level": "info", "message": "Fetched 20 albums", "data": null}
{"event_time": "2025-10-06T18:36:37.077254", "where": "spotify:albums", "level": "info", "message": "Fetched 10 albums", "data": null}
{"event_time": "2025-10-06T18:36:37.706958", "where": "spotify:tracks", "level": "info", "message": "Fetched 50 tracks", "data": null}
{"event_time": "2025-10-06T18:36:38.460987", "where": "spotify:albums", "level": "info", "message": "Fetched 20 albums", "data": null}
{"event_time": "2025-10-06T18:36:38.971769", "where": "spotify:albums", "level": "info", "message": "Fetched 20 albums", "data": null}
{"event_time": "2025-10-06T18:36:39.576239", "where": "spotify:albums", "level": "info", "message": "Fetched 9 albums", "data": null}
{"event_time": "2025-10-06T18:36:40.092737", "where": "spotify:tracks", "level": "info", "message": "Fetched 50 tracks", "data": null}
{"event_time": "2025-10-06T18:36:40.864909", "where": "spotify:albums", "level": "info", "message": "Fetched 20 albums", "data": null}
{"event_time": "2025-10-06T18:36:41.424379", "where": "spotify:albums", "level": "info", "message": "Fetched 20 albums", "data": null}
{"event_time": "2025-10-06T18:36:41.838539", "where": "spotify:albums", "level": "info", "message": "Fetched 10 albums", "data": null}
{"event_time": "2025-10-06T18:36:42.514227", "where": "spotify:tracks", "level": "info", "message": "Fetched 50 tracks", "data": null}
{"event_time": "2025-10-06T18:36:43.210223", "where": "spotify:albums", "level": "info", "message": "Fetched 20 albums", "data": null}
{"event_time": "2025-10-06T18:36:43.719375", "where": "spotify:albums", "level": "info", "message": "Fetched 20 albums", "data": null}
{"event_time": "2025-10-06T18:36:44.230795", "where": "spotify:albums", "level": "info", "message": "Fetched 10 albums", "data": null}
{"event_time": "2025-10-06T18:36:44.926283", "where": "spotify:tracks", "level": "info", "message": "Fetched 50 tracks", "data": null}
{"event_time": "2025-10-06T18:36:45.793927", "where": "spotify:albums", "level": "info", "message": "Fetched 20 albums", "data": null}
{"event_time": "2025-10-06T18:36:46.685272", "where": "spotify:albums", "level": "info", "message": "Fetched 20 albums", "data": null}
{"event_time": "2025-10-06T18:36:47.388638", "where": "spotify:albums", "level": "info", "message": "Fetched 10 albums", "data": null}
{"event_time": "2025-10-06T18:36:47.877253", "where": "spotify:tracks", "level": "info", "message": "Fetched 50 tracks", "data": null}
{"event_time": "2025-10-06T18:36:48.392332", "where": "spotify:albums", "level": "info", "message": "Fetched 20 albums", "data": null}
{"event_time": "2025-10-06T18:36:48.906869", "where": "spotify:albums", "level": "info", "message": "Fetched 20 albums", "data": null}
{"event_time": "2025-10-06T18:36:49.519117", "where": "spotify:albums", "level": "info", "message": "Fetched 10 albums", "data": null}
{"event_time": "2025-10-06T18:36:50.028670", "where": "spotify:tracks", "level": "info", "message": "Fetched 49 tracks", "data": null}
{"event_time": "2025-10-06T18:36:51.056584", "where": "spotify:albums", "level": "info", "message": "Fetched 20 albums", "data": null}
{"event_time": "2025-10-06T18:36:51.566974", "where": "spotify:albums", "level": "info", "message": "Fetched 20 albums", "data": null}
{"event_time": "2025-10-06T18:36:52.283558", "where": "spotify:albums", "level": "info", "message": "Fetched 9 albums", "data": null}
{"event_time": "2025-10-06T18:36:52.680617", "where": "spotify:tracks", "level": "info", "message": "Fetched 50 tracks", "data": null}
{"event_time": "2025-10-06T18:36:53.201614", "where": "spotify:albums", "level": "info", "message": "Fetched 20 albums", "data": null}
{"event_time": "2025-10-06T18:36:53.572895", "where": "spotify:albums", "level": "info", "message": "Fetched 20 albums", "data": null}
{"event_time": "2025-10-06T18:36:54.019318", "where": "spotify:albums", "level": "info", "message": "Fetched 10 albums", "data": null}
{"event_time": "2025-10-06T18:36:54.593937", "where": "spotify:tracks", "level": "info", "message": "Fetched 50 tracks", "data": null}
{"event_time": "2025-10-06T18:36:55.154821", "where": "spotify:albums", "level": "info", "message": "Fetched 20 albums", "data": null}
{"event_time": "2025-10-06T18:36:55.694075", "where": "spotify:albums", "level": "info", "message": "Fetched 20 albums", "data": null}
{"event_time": "2025-10-06T18:36:56.379619", "where": "spotify:albums", "level": "info", "message": "Fetched 10 albums", "data": null}
{"event_time": "2025-10-06T18:36:56.859477", "where": "spotify:tracks", "level": "info", "message": "Fetched 50 tracks", "data": null}
{"event_time": "2025-10-06T18:36:57.584092", "where": "spotify:albums", "level": "info", "message": "Fetched 20 albums", "data": null}
{"event_time": "2025-10-06T18:36:58.225968", "where": "spotify:albums", "level": "info", "message": "Fetched 20 albums", "data": null}
{"event_time": "2025-10-06T18:36:58.498228", "where": "spotify:albums", "level": "info", "message": "Fetched 10 albums", "data": null}
{"event_time": "2025-10-06T18:36:59.035793", "where": "spotify:tracks", "level": "info", "message": "Fetched 50 tracks", "data": null}
{"event_time": "2025-10-06T18:36:59.654602", "where": "spotify:albums", "level": "info", "message": "Fetched 20 albums", "data": null}
{"event_time": "2025-10-06T18:37:00.346310", "where": "spotify:albums", "level": "info", "message": "Fetched 20 albums", "data": null}
{"event_time": "2025-10-06T18:37:00.670838", "where": "spotify:albums", "level": "info", "message": "Fetched 9 albums", "data": null}
{"event_time": "2025-10-06T18:37:01.116485", "where": "spotify:tracks", "level": "info", "message": "Fetched 49 tracks", "data": null}
{"event_time": "2025-10-06T18:37:01.815699", "where": "spotify:albums", "level": "info", "message": "Fetched 20 albums", "data": null}
{"event_time": "2025-10-06T18:37:02.312725", "where": "spotify:albums", "level": "info", "message": "Fetched 20 albums", "data": null}
{"event_time": "2025-10-06T18:37:02.625430", "where": "spotify:albums", "level": "info", "message": "Fetched 9 albums", "data": null}
{"event_time": "2025-10-06T18:37:03.030490", "where": "spotify:tracks", "level": "info", "message": "Fetched 50 tracks", "data": null}
{"event_time": "2025-10-06T18:37:03.363404", "where": "spotify:albums", "level": "info", "message": "Fetched 20 albums", "data": null}
{"event_time": "2025-10-06T18:37:03.767444", "where": "spotify:albums", "level": "info", "message": "Fetched 20 albums", "data": null}
{"event_time": "2025-10-06T18:37:04.089546", "where": "spotify:albums", "level": "info", "message": "Fetched 10 albums", "data": null}
{"event_time": "2025-10-06T18:37:04.653492", "where": "spotify:tracks", "level": "info", "message": "Fetched 50 tracks", "data": null}
{"event_time": "2025-10-06T18:37:05.174943", "where": "spotify:albums", "level": "info", "message": "Fetched 20 albums", "data": null}
{"event_time": "2025-10-06T18:37:05.578482", "where": "spotify:albums", "level": "info", "message": "Fetched 20 albums", "data": null}
{"event_time": "2025-10-06T18:37:05.820667", "where": "spotify:albums", "level": "info", "message": "Fetched 10 albums", "data": null}
{"event_time": "2025-10-06T18:52:36.066167", "where": "spotify:tracks", "level": "info", "message": "Fetched 50 tracks", "data": null}
{"event_time": "2025-10-06T18:52:36.471474", "where": "spotify:albums", "level": "info", "message": "Fetched 20 albums", "data": null}
{"event_time": "2025-10-06T18:52:37.159693", "where": "spotify:albums", "level": "info", "message": "Fetched 20 albums", "data": null}
{"event_time": "2025-10-06T18:52:37.581049", "where": "spotify:albums", "level": "info", "message": "Fetched 10 albums", "data": null}
{"event_time": "2025-10-06T18:52:38.085249", "where": "spotify:tracks", "level": "info", "message": "Fetched 50 tracks", "data": null}
{"event_time": "2025-10-06T18:52:38.455174", "where": "spotify:albums", "level": "info", "message": "Fetched 20 albums", "data": null}
{"event_time": "2025-10-06T18:52:38.798799", "where": "spotify:albums", "level": "info", "message": "Fetched 20 albums", "data": null}
{"event_time": "2025-10-06T18:52:39.207737", "where": "spotify:albums", "level": "info", "message": "Fetched 10 albums", "data": null}
{"event_time": "2025-10-06T18:52:39.681030", "where": "spotify:tracks", "level": "info", "message": "Fetched 49 tracks", "data": null}
{"event_time": "2025-10-06T18:52:40.592997", "where": "spotify:albums", "level": "info", "message": "Fetched 20 albums", "data": null}
{"event_time": "2025-10-06T18:52:41.161449", "where": "spotify:albums", "level": "info", "message": "Fetched 20 albums", "data": null}
{"event_time": "2025-10-06T18:52:41.495977", "where": "spotify:albums", "level": "info", "message": "Fetched 10 albums", "data": null}
{"event_time": "2025-10-06T18:52:41.970445", "where": "spotify:tracks", "level": "info", "message": "Fetched 50 tracks", "data": null}
{"event_time": "2025-10-06T18:52:42.329984", "where": "spotify:albums", "level": "info", "message": "Fetched 20 albums", "data": null}
{"event_time": "2025-10-06T18:52:42.795578", "where": "spotify:albums", "level": "info", "message": "Fetched 20 albums", "data": null}
{"event_time": "2025-10-06T18:52:43.131545", "where": "spotify:albums", "level": "info", "message": "Fetched 10 albums", "data": null}
{"event_time": "2025-10-06T18:52:43.716646", "where": "spotify:tracks", "level": "info", "message": "Fetched 50 tracks", "data": null}
{"event_time": "2025-10-06T18:52:44.338383", "where": "spotify:albums", "level": "info", "message": "Fetched 20 albums", "data": null}
{"event_time": "2025-10-06T18:52:44.950844", "where": "spotify:albums", "level": "info", "message": "Fetched 20 albums", "data": null}
{"event_time": "2025-10-06T18:52:45.285043", "where": "spotify:albums", "level": "info", "message": "Fetched 10 albums", "data": null}
{"event_time": "2025-10-06T18:52:45.762348", "where": "spotify:tracks", "level": "info", "message": "Fetched 50 tracks", "data": null}
{"event_time": "2025-10-06T18:52:45.979329", "where": "spotify:tracks", "level": "info", "message": "Fetched 1 tracks", "data": null}
{"event_time": "2025-10-06T18:52:46.508965", "where": "spotify:albums", "level": "info", "message": "Fetched 20 albums", "data": null}
{"event_time": "2025-10-06T18:52:47.013818", "where": "spotify:albums", "level": "info", "message": "Fetched 20 albums", "data": null}
{"event_time": "2025-10-06T18:52:47.325749", "where": "spotify:albums", "level": "info", "message": "Fetched 10 albums", "data": null}
{"event_time": "2025-10-06T18:52:47.699871", "where": "spotify:tracks", "level": "info", "message": "Fetched 50 tracks", "data": null}
{"event_time": "2025-10-06T18:52:48.422110", "where": "spotify:albums", "level": "info", "message": "Fetched 20 albums", "data": null}
{"event_time": "2025-10-06T18:52:49.049592", "where": "spotify:albums", "level": "info", "message": "Fetched 20 albums", "data": null}
{"event_time": "2025-10-06T18:52:49.407491", "where": "spotify:albums", "level": "info", "message": "Fetched 10 albums", "data": null}
{"event_time": "2025-10-06T18:52:49.859974", "where": "spotify:tracks", "level": "info", "message": "Fetched 50 tracks", "data": null}
{"event_time": "2025-10-06T18:52:50.276256", "where": "spotify:albums", "level": "info", "message": "Fetched 20 albums", "data": null}
{"event_time": "2025-10-06T18:52:50.788419", "where": "spotify:albums", "level": "info", "message": "Fetched 20 albums", "data": null}
{"event_time": "2025-10-06T18:52:51.393747", "where": "spotify:albums", "level": "info", "message": "Fetched 10 albums", "data": null}
{"event_time": "2025-10-06T19:09:59.966083", "where": "enrichment", "level": "error", "message": "Exception in background_enrich: 401 Client Error: Unauthorized for url: https://api.spotify.com/v1/tracks?ids=3Sn261HsKEFyvy7LwZIRaZ,54QYrNV5gYFCX0W5qTAY7g,114dObD3zadi3zHZWolNLX,54m73M5ubIsGKtDHPe734h,05GFUnsmn6M6EgzCsYzhEi,2bdCde0hpFNrC6xePlcum3,3PiHAaEJGog9L83X59m3bT,38FrHbjMrQIL2g3bdahF1C,50HVMznftzJCRN2J260jXk,1HnhAq4YHOzJhXUt5jtiJz,705Y77F4JwzqnhnioqRFJq,6yNVVGfGQWwJA2xPeUYJUx,1kFlDnWmBTvCBxxeGDpIdp,2nVjezSyBFTLwrkKE7scxq,6tXhBS9c2WHIesWcJvFXyX,5awXJ7gr2qnEBIUmWieewJ,1gdqB5tWYPawR85YjjNRTf,3fH4KjXFYMmljxrcGrbPj9,3T1zjWwiad1Zo8VlH1Kpi0,1UnhbU72XFssFpsJAdn22z,1g46POPGzZVj0LW6bs1qxF,1n2R4hxilQKRNEKFIk1d1Y,1RDhEvDz3HUtmgzrmIGuQ6,3Bta5fiBIoHBXYvKEy2fCa,1yk1qEejCS5T9pOvPvSvke,2yyKxcCKYjUVbUZNPYnOrO,0OYaERdyt3K8zvAhx7CWB2,77JodaDBrSXLGBMsNJN1wn,63BNGz21SvLvqmcPLXPDqr,1BegERSHwiGC5RmWg9Q0Yn,5lTwOxpUGNS5ckpkxNk9Wo,5LKXxwgll43fxe1lPF7sze,15hQDO74LAH1lXyqUDVNc4,1jC4rFGFCNK1CqODO7xe3i,5xif8DSxBw2sYROjNbXYVE,5LuXEmya3JlX3ZfdudPAbO,1lE0XQXVC4Qjz93TReBev3,3AVE9qpiII7fyKjENTN8YI,24KUvSg9QsX6FWsOmN0ZxP,0jdit0IB5OJbDmPRqadZbs,7IITbM93TjfDQYP7wT6E9G,6XrTwqp0vMc2Z3m4ttoyRe,3aROTIlJEYc90xE8hlm4Be,6hP0Atx4wBdVsSQtXY09hb,1HpaKY7ReQtgK0JZmhTgVc,031rzMIwZATyYYOPC2EYva,0Kara2MMQvv32k9fD4lQmW,1koJb6WebShjpVPtx7XoqN,04js3pBP9ytpLsT2bXtLbk,6ympV1do7RL16Ae32op8nq", "data": null}
{"event_time": "2025-10-06T23:53:56.657385", "where": "sanity", "level": "info", "message": "Starting spotify_sanity_check", "data": null}
{"event_time": "2025-10-06T23:53:56.932758", "where": "sanity", "level": "info", "message": "spotify_sanity_check result: ok=True, msg=ok", "data": null}
{"event_time": "2025-10-06T23:53:56.935315", "where": "sanity", "level": "info", "message": "Starting discogs_sanity_check", "data": null}
{"event_time": "2025-10-06T23:53:57.254350", "where": "sanity", "level": "info", "message": "discogs_sanity_check result: ok=True, msg=ok", "data": null}
{"event_time": "2025-10-06T23:53:57.299016", "where": "enrichment", "level": "info", "message": "Starting run_all()", "data": null}
{"event_time": "2025-10-06T23:54:12.925287", "where": "spotify:shows", "level": "info", "message": "Fetched 5 shows", "data": null}
{"event_time": "2025-10-06T23:54:14.046815", "where": "spotify:shows", "level": "info", "message": "Fetched 2 shows", "data": null}
{"event_time": "2025-10-06T23:54:14.636592", "where": "spotify:tracks", "level": "info", "message": "Fetched 49 tracks", "data": null}
{"event_time": "2025-10-06T23:54:15.713914", "where": "spotify:albums", "level": "info", "message": "Fetched 20 albums", "data": null}
{"event_time": "2025-10-06T23:54:16.523161", "where": "spotify:albums", "level": "info", "message": "Fetched 20 albums", "data": null}
{"event_time": "2025-10-06T23:54:16.983622", "where": "spotify:albums", "level": "info", "message": "Fetched 5 albums", "data": null}
{"event_time": "2025-10-06T23:54:17.387976", "where": "spotify:tracks", "level": "info", "message": "Fetched 49 tracks", "data": null}
{"event_time": "2025-10-06T23:54:18.780168", "where": "spotify:albums", "level": "info", "message": "Fetched 20 albums", "data": null}
{"event_time": "2025-10-06T23:54:19.495615", "where": "spotify:albums", "level": "info", "message": "Fetched 20 albums", "data": null}
{"event_time": "2025-10-06T23:54:19.957578", "where": "spotify:albums", "level": "info", "message": "Fetched 9 albums", "data": null}
{"event_time": "2025-10-06T23:54:20.413775", "where": "spotify:tracks", "level": "info", "message": "Fetched 50 tracks", "data": null}
{"event_time": "2025-10-06T23:54:21.042717", "where": "spotify:albums", "level": "info", "message": "Fetched 20 albums", "data": null}
{"event_time": "2025-10-06T23:54:21.885100", "where": "spotify:albums", "level": "info", "message": "Fetched 20 albums", "data": null}
{"event_time": "2025-10-06T23:54:22.372819", "where": "spotify:albums", "level": "info", "message": "Fetched 10 albums", "data": null}
{"event_time": "2025-10-06T23:54:22.867009", "where": "spotify:tracks", "level": "info", "message": "Fetched 49 tracks", "data": null}
{"event_time": "2025-10-06T23:54:23.907968", "where": "spotify:albums", "level": "info", "message": "Fetched 20 albums", "data": null}
{"event_time": "2025-10-06T23:54:24.511645", "where": "spotify:albums", "level": "info", "message": "Fetched 20 albums", "data": null}
{"event_time": "2025-10-06T23:54:24.840555", "where": "spotify:albums", "level": "info", "message": "Fetched 7 albums", "data": null}
{"event_time": "2025-10-06T23:54:25.259212", "where": "spotify:tracks", "level": "info", "message": "Fetched 49 tracks", "data": null}
{"event_time": "2025-10-06T23:54:26.659711", "where": "spotify:albums", "level": "info", "message": "Fetched 20 albums", "data": null}
{"event_time": "2025-10-06T23:54:27.380737", "where": "spotify:albums", "level": "info", "message": "Fetched 20 albums", "data": null}
{"event_time": "2025-10-06T23:54:27.592972", "where": "spotify:albums", "level": "info", "message": "Fetched 8 albums", "data": null}
{"event_time": "2025-10-06T23:54:28.056555", "where": "spotify:tracks", "level": "info", "message": "Fetched 50 tracks", "data": null}
{"event_time": "2025-10-06T23:54:28.812394", "where": "spotify:albums", "level": "info", "message": "Fetched 20 albums", "data": null}
{"event_time": "2025-10-06T23:54:29.736055", "where": "spotify:albums", "level": "info", "message": "Fetched 20 albums", "data": null}
{"event_time": "2025-10-06T23:54:30.343780", "where": "spotify:albums", "level": "info", "message": "Fetched 10 albums", "data": null}
{"event_time": "2025-10-06T23:54:30.857440", "where": "spotify:tracks", "level": "info", "message": "Fetched 50 tracks", "data": null}
{"event_time": "2025-10-06T23:54:31.884488", "where": "spotify:albums", "level": "info", "message": "Fetched 20 albums", "data": null}
{"event_time": "2025-10-06T23:54:32.502174", "where": "spotify:albums", "level": "info", "message": "Fetched 20 albums", "data": null}
{"event_time": "2025-10-06T23:54:32.888487", "where": "spotify:albums", "level": "info", "message": "Fetched 7 albums", "data": null}
{"event_time": "2025-10-06T23:54:33.417202", "where": "spotify:tracks", "level": "info", "message": "Fetched 49 tracks", "data": null}
{"event_time": "2025-10-06T23:54:34.451292", "where": "spotify:albums", "level": "info", "message": "Fetched 20 albums", "data": null}
{"event_time": "2025-10-06T23:54:35.158223", "where": "spotify:albums", "level": "info", "message": "Fetched 20 albums", "data": null}
{"event_time": "2025-10-06T23:54:35.715810", "where": "spotify:albums", "level": "info", "message": "Fetched 8 albums", "data": null}
{"event_time": "2025-10-06T23:54:36.075970", "where": "spotify:tracks", "level": "info", "message": "Fetched 49 tracks", "data": null}
{"event_time": "2025-10-06T23:54:37.069509", "where": "spotify:albums", "level": "info", "message": "Fetched 20 albums", "data": null}
{"event_time": "2025-10-06T23:54:37.889137", "where": "spotify:albums", "level": "info", "message": "Fetched 20 albums", "data": null}
{"event_time": "2025-10-06T23:54:38.175533", "where": "spotify:albums", "level": "info", "message": "Fetched 8 albums", "data": null}
{"event_time": "2025-10-06T23:54:38.640546", "where": "spotify:tracks", "level": "info", "message": "Fetched 50 tracks", "data": null}
{"event_time": "2025-10-06T23:54:39.568566", "where": "spotify:albums", "level": "info", "message": "Fetched 20 albums", "data": null}
{"event_time": "2025-10-06T23:54:40.285050", "where": "spotify:albums", "level": "info", "message": "Fetched 20 albums", "data": null}
{"event_time": "2025-10-06T23:54:40.791802", "where": "spotify:albums", "level": "info", "message": "Fetched 9 albums", "data": null}
{"event_time": "2025-10-06T23:54:41.318444", "where": "spotify:tracks", "level": "info", "message": "Fetched 50 tracks", "data": null}
{"event_time": "2025-10-06T23:54:41.912828", "where": "spotify:albums", "level": "info", "message": "Fetched 20 albums", "data": null}
{"event_time": "2025-10-06T23:54:42.533742", "where": "spotify:albums", "level": "info", "message": "Fetched 20 albums", "data": null}
{"event_time": "2025-10-06T23:54:42.909900", "where": "spotify:albums", "level": "info", "message": "Fetched 10 albums", "data": null}
{"event_time": "2025-10-06T23:54:43.349714", "where": "spotify:tracks", "level": "info", "message": "Fetched 50 tracks", "data": null}
{"event_time": "2025-10-06T23:54:44.065316", "where": "spotify:albums", "level": "info", "message": "Fetched 20 albums", "data": null}
{"event_time": "2025-10-06T23:54:44.910756", "where": "spotify:albums", "level": "info", "message": "Fetched 20 albums", "data": null}
{"event_time": "2025-10-06T23:54:45.259596", "where": "spotify:albums", "level": "info", "message": "Fetched 10 albums", "data": null}
{"event_time": "2025-10-06T23:54:45.662955", "where": "spotify:tracks", "level": "info", "message": "Fetched 49 tracks", "data": null}
{"event_time": "2025-10-06T23:54:46.558995", "where": "spotify:albums", "level": "info", "message": "Fetched 20 albums", "data": null}
{"event_time": "2025-10-06T23:54:47.353846", "where": "spotify:albums", "level": "info", "message": "Fetched 20 albums", "data": null}
{"event_time": "2025-10-06T23:54:47.753404", "where": "spotify:albums", "level": "info", "message": "Fetched 9 albums", "data": null}
{"event_time": "2025-10-06T23:54:48.260811", "where": "spotify:tracks", "level": "info", "message": "Fetched 49 tracks", "data": null}
{"event_time": "2025-10-06T23:54:49.398051", "where": "spotify:albums", "level": "info", "message": "Fetched 20 albums", "data": null}
{"event_time": "2025-10-06T23:54:50.219564", "where": "spotify:albums", "level": "info", "message": "Fetched 20 albums", "data": null}
{"event_time": "2025-10-06T23:54:50.614790", "where": "spotify:albums", "level": "info", "message": "Fetched 7 albums", "data": null}
{"event_time": "2025-10-06T23:54:51.043324", "where": "spotify:tracks", "level": "info", "message": "Fetched 49 tracks", "data": null}
{"event_time": "2025-10-06T23:54:52.059275", "where": "spotify:albums", "level": "info", "message": "Fetched 20 albums", "data": null}
{"event_time": "2025-10-06T23:54:52.671333", "where": "spotify:albums", "level": "info", "message": "Fetched 20 albums", "data": null}
{"event_time": "2025-10-06T23:54:52.969408", "where": "spotify:albums", "level": "info", "message": "Fetched 8 albums", "data": null}
{"event_time": "2025-10-06T23:54:53.331637", "where": "spotify:tracks", "level": "info", "message": "Fetched 50 tracks", "data": null}
{"event_time": "2025-10-06T23:54:53.509672", "where": "spotify:tracks", "level": "info", "message": "Fetched 1 tracks", "data": null}
{"event_time": "2025-10-06T23:54:54.521058", "where": "spotify:albums", "level": "info", "message": "Fetched 20 albums", "data": null}
{"event_time": "2025-10-06T23:54:55.027429", "where": "spotify:albums", "level": "info", "message": "Fetched 20 albums", "data": null}
{"event_time": "2025-10-06T23:54:55.289716", "where": "spotify:albums", "level": "info", "message": "Fetched 9 albums", "data": null}
{"event_time": "2025-10-06T23:54:55.761279", "where": "spotify:tracks", "level": "info", "message": "Fetched 50 tracks", "data": null}
{"event_time": "2025-10-06T23:54:56.187654", "where": "spotify:albums", "level": "info", "message": "Fetched 20 albums", "data": null}
{"event_time": "2025-10-06T23:54:56.479316", "where": "spotify:albums", "level": "info", "message": "Fetched 20 albums", "data": null}
{"event_time": "2025-10-06T23:54:56.714515", "where": "spotify:albums", "level": "info", "message": "Fetched 10 albums", "data": null}
{"event_time": "2025-10-06T23:54:57.068567", "where": "spotify:tracks", "level": "info", "message": "Fetched 50 tracks", "data": null}
{"event_time": "2025-10-06T23:54:57.376238", "where": "spotify:albums", "level": "info", "message": "Fetched 20 albums", "data": null}
{"event_time": "2025-10-06T23:54:57.871241", "where": "spotify:albums", "level": "info", "message": "Fetched 20 albums", "data": null}
{"event_time": "2025-10-06T23:54:58.293349", "where": "spotify:albums", "level": "info", "message": "Fetched 10 albums", "data": null}
{"event_time": "2025-10-06T23:54:58.704602", "where": "spotify:tracks", "level": "info", "message": "Fetched 50 tracks", "data": null}
{"event_time": "2025-10-06T23:54:59.532935", "where": "spotify:albums", "level": "info", "message": "Fetched 20 albums", "data": null}
{"event_time": "2025-10-06T23:54:59.942656", "where": "spotify:albums", "level": "info", "message": "Fetched 20 albums", "data": null}
{"event_time": "2025-10-06T23:55:00.192518", "where": "spotify:albums", "level": "info", "message": "Fetched 10 albums", "data": null}
{"event_time": "2025-10-06T23:55:00.650249", "where": "spotify:tracks", "level": "info", "message": "Fetched 50 tracks", "data": null}
{"event_time": "2025-10-06T23:55:01.006409", "where": "spotify:albums", "level": "info", "message": "Fetched 20 albums", "data": null}
{"event_time": "2025-10-06T23:55:01.578710", "where": "spotify:albums", "level": "info", "message": "Fetched 20 albums", "data": null}
{"event_time": "2025-10-06T23:55:01.824191", "where": "spotify:albums", "level": "info", "message": "Fetched 10 albums", "data": null}
{"event_time": "2025-10-06T23:55:02.288831", "where": "spotify:tracks", "level": "info", "message": "Fetched 50 tracks", "data": null}
{"event_time": "2025-10-06T23:55:02.698311", "where": "spotify:albums", "level": "info", "message": "Fetched 20 albums", "data": null}
{"event_time": "2025-10-06T23:55:03.310303", "where": "spotify:albums", "level": "info", "message": "Fetched 20 albums", "data": null}
{"event_time": "2025-10-06T23:55:03.549960", "where": "spotify:albums", "level": "info", "message": "Fetched 10 albums", "data": null}
{"event_time": "2025-10-06T23:55:04.236732", "where": "spotify:tracks", "level": "info", "message": "Fetched 50 tracks", "data": null}
{"event_time": "2025-10-06T23:55:04.849704", "where": "spotify:albums", "level": "info", "message": "Fetched 20 albums", "data": null}
{"event_time": "2025-10-06T23:55:05.270124", "where": "spotify:albums", "level": "info", "message": "Fetched 20 albums", "data": null}
{"event_time": "2025-10-06T23:55:05.583267", "where": "spotify:albums", "level": "info", "message": "Fetched 10 albums", "data": null}
{"event_time": "2025-10-06T23:55:05.989310", "where": "spotify:tracks", "level": "info", "message": "Fetched 50 tracks", "data": null}
{"event_time": "2025-10-06T23:55:06.337602", "where": "spotify:albums", "level": "info", "message": "Fetched 20 albums", "data": null}
{"event_time": "2025-10-06T23:55:06.820522", "where": "spotify:albums", "level": "info", "message": "Fetched 20 albums", "data": null}
{"event_time": "2025-10-06T23:55:07.317234", "where": "spotify:albums", "level": "info", "message": "Fetched 10 albums", "data": null}
{"event_time": "2025-10-06T23:55:07.681912", "where": "spotify:tracks", "level": "info", "message": "Fetched 50 tracks", "data": null}
{"event_time": "2025-10-06T23:55:08.093583", "where": "spotify:albums", "level": "info", "message": "Fetched 20 albums", "data": null}
{"event_time": "2025-10-06T23:55:08.535153", "where": "spotify:albums", "level": "info", "message": "Fetched 20 albums", "data": null}
{"event_time": "2025-10-06T23:55:08.864761", "where": "spotify:albums", "level": "info", "message": "Fetched 10 albums", "data": null}
{"event_time": "2025-10-06T23:55:09.245559", "where": "spotify:tracks", "level": "info", "message": "Fetched 50 tracks", "data": null}
{"event_time": "2025-10-06T23:55:09.768080", "where": "spotify:albums", "level": "info", "message": "Fetched 20 albums", "data": null}
{"event_time": "2025-10-06T23:55:10.279533", "where": "spotify:albums", "level": "info", "message": "Fetched 20 albums", "data": null}
{"event_time": "2025-10-06T23:55:10.877981", "where": "spotify:albums", "level": "info", "message": "Fetched 10 albums", "data": null}
{"event_time": "2025-10-06T23:55:11.405083", "where": "spotify:tracks", "level": "info", "message": "Fetched 49 tracks", "data": null}
{"event_time": "2025-10-06T23:55:12.261282", "where": "spotify:albums", "level": "info", "message": "Fetched 20 albums", "data": null}
{"event_time": "2025-10-06T23:55:12.848765", "where": "spotify:albums", "level": "info", "message": "Fetched 20 albums", "data": null}
{"event_time": "2025-10-06T23:55:13.282335", "where": "spotify:albums", "level": "info", "message": "Fetched 10 albums", "data": null}
{"event_time": "2025-10-06T23:55:13.756910", "where": "spotify:tracks", "level": "info", "message": "Fetched 50 tracks", "data": null}
{"event_time": "2025-10-06T23:55:14.380927", "where": "spotify:albums", "level": "info", "message": "Fetched 20 albums", "data": null}
{"event_time": "2025-10-06T23:55:14.973181", "where": "spotify:albums", "level": "info", "message": "Fetched 20 albums", "data": null}
{"event_time": "2025-10-06T23:55:15.607567", "where": "spotify:albums", "level": "info", "message": "Fetched 10 albums", "data": null}
{"event_time": "2025-10-06T23:55:15.955748", "where": "spotify:tracks", "level": "info", "message": "Fetched 50 tracks", "data": null}
{"event_time": "2025-10-06T23:55:16.871467", "where": "spotify:albums", "level": "info", "message": "Fetched 20 albums", "data": null}
{"event_time": "2025-10-06T23:55:17.349401", "where": "spotify:albums", "level": "info", "message": "Fetched 20 albums", "data": null}
{"event_time": "2025-10-06T23:55:17.758600", "where": "spotify:albums", "level": "info", "message": "Fetched 10 albums", "data": null}
{"event_time": "2025-10-06T23:55:18.186965", "where": "spotify:tracks", "level": "info", "message": "Fetched 50 tracks", "data": null}
{"event_time": "2025-10-06T23:55:18.987335", "where": "spotify:albums", "level": "info", "message": "Fetched 20 albums", "data": null}
{"event_time": "2025-10-06T23:55:19.810211", "where": "spotify:albums", "level": "info", "message": "Fetched 20 albums", "data": null}
{"event_time": "2025-10-06T23:55:20.208441", "where": "spotify:albums", "level": "info", "message": "Fetched 10 albums", "data": null}
{"event_time": "2025-10-06T23:55:20.721926", "where": "spotify:tracks", "level": "info", "message": "Fetched 49 tracks", "data": null}
{"event_time": "2025-10-06T23:55:21.657419", "where": "spotify:albums", "level": "info", "message": "Fetched 20 albums", "data": null}
{"event_time": "2025-10-06T23:55:22.264485", "where": "spotify:albums", "level": "info", "message": "Fetched 20 albums", "data": null}
{"event_time": "2025-10-06T23:55:22.580375", "where": "spotify:albums", "level": "info", "message": "Fetched 9 albums", "data": null}
{"event_time": "2025-10-06T23:55:23.047455", "where": "spotify:tracks", "level": "info", "message": "Fetched 50 tracks", "data": null}
{"event_time": "2025-10-06T23:55:23.698710", "where": "spotify:albums", "level": "info", "message": "Fetched 20 albums", "data": null}
{"event_time": "2025-10-06T23:55:24.307976", "where": "spotify:albums", "level": "info", "message": "Fetched 20 albums", "data": null}
{"event_time": "2025-10-06T23:55:24.578145", "where": "spotify:albums", "level": "info", "message": "Fetched 10 albums", "data": null}
{"event_time": "2025-10-06T23:55:24.941036", "where": "spotify:tracks", "level": "info", "message": "Fetched 50 tracks", "data": null}
{"event_time": "2025-10-06T23:55:25.380135", "where": "spotify:albums", "level": "info", "message": "Fetched 20 albums", "data": null}
{"event_time": "2025-10-06T23:55:25.916745", "where": "spotify:albums", "level": "info", "message": "Fetched 20 albums", "data": null}
{"event_time": "2025-10-06T23:55:26.186063", "where": "spotify:albums", "level": "info", "message": "Fetched 10 albums", "data": null}
{"event_time": "2025-10-06T23:55:26.659402", "where": "spotify:tracks", "level": "info", "message": "Fetched 50 tracks", "data": null}
{"event_time": "2025-10-06T23:55:27.067782", "where": "spotify:albums", "level": "info", "message": "Fetched 20 albums", "data": null}
{"event_time": "2025-10-06T23:55:27.485855", "where": "spotify:albums", "level": "info", "message": "Fetched 20 albums", "data": null}
{"event_time": "2025-10-06T23:55:27.868949", "where": "spotify:albums", "level": "info", "message": "Fetched 10 albums", "data": null}
{"event_time": "2025-10-06T23:55:28.314326", "where": "spotify:tracks", "level": "info", "message": "Fetched 50 tracks", "data": null}
{"event_time": "2025-10-06T23:55:28.859708", "where": "spotify:albums", "level": "info", "message": "Fetched 20 albums", "data": null}
{"event_time": "2025-10-06T23:55:29.324656", "where": "spotify:albums", "level": "info", "message": "Fetched 20 albums", "data": null}
{"event_time": "2025-10-06T23:55:29.642978", "where": "spotify:albums", "level": "info", "message": "Fetched 10 albums", "data": null}
{"event_time": "2025-10-06T23:55:30.038710", "where": "spotify:tracks", "level": "info", "message": "Fetched 50 tracks", "data": null}
{"event_time": "2025-10-06T23:55:30.487399", "where": "spotify:albums", "level": "info", "message": "Fetched 20 albums", "data": null}
{"event_time": "2025-10-06T23:55:31.014170", "where": "spotify:albums", "level": "info", "message": "Fetched 20 albums", "data": null}
{"event_time": "2025-10-06T23:55:31.320670", "where": "spotify:albums", "level": "info", "message": "Fetched 10 albums", "data": null}
{"event_time": "2025-10-06T23:55:31.696184", "where": "spotify:tracks", "level": "info", "message": "Fetched 50 tracks", "data": null}
{"event_time": "2025-10-06T23:55:32.195084", "where": "spotify:albums", "level": "info", "message": "Fetched 20 albums", "data": null}
{"event_time": "2025-10-06T23:55:32.518336", "where": "spotify:albums", "level": "info", "message": "Fetched 20 albums", "data": null}
{"event_time": "2025-10-06T23:55:32.808326", "where": "spotify:albums", "level": "info", "message": "Fetched 10 albums", "data": null}
{"event_time": "2025-10-06T23:55:33.321459", "where": "spotify:tracks", "level": "info", "message": "Fetched 50 tracks", "data": null}
{"event_time": "2025-10-06T23:55:33.725993", "where": "spotify:albums", "level": "info", "message": "Fetched 20 albums", "data": null}
{"event_time": "2025-10-06T23:55:34.247989", "where": "spotify:albums", "level": "info", "message": "Fetched 20 albums", "data": null}
{"event_time": "2025-10-06T23:55:34.560921", "where": "spotify:albums", "level": "info", "message": "Fetched 10 albums", "data": null}
{"event_time": "2025-10-06T23:55:34.944558", "where": "spotify:tracks", "level": "info", "message": "Fetched 50 tracks", "data": null}
{"event_time": "2025-10-06T23:55:35.378406", "where": "spotify:albums", "level": "info", "message": "Fetched 20 albums", "data": null}
{"event_time": "2025-10-06T23:55:35.762674", "where": "spotify:albums", "level": "info", "message": "Fetched 20 albums", "data": null}
{"event_time": "2025-10-06T23:55:36.182979", "where": "spotify:albums", "level": "info", "message": "Fetched 10 albums", "data": null}
{"event_time": "2025-10-06T23:55:36.793488", "where": "spotify:tracks", "level": "info", "message": "Fetched 50 tracks", "data": null}
{"event_time": "2025-10-06T23:55:37.316128", "where": "spotify:albums", "level": "info", "message": "Fetched 20 albums", "data": null}
{"event_time": "2025-10-06T23:55:37.829788", "where": "spotify:albums", "level": "info", "message": "Fetched 20 albums", "data": null}
{"event_time": "2025-10-06T23:55:38.339406", "where": "spotify:albums", "level": "info", "message": "Fetched 10 albums", "data": null}
{"event_time": "2025-10-06T23:55:39.058140", "where": "spotify:tracks", "level": "info", "message": "Fetched 50 tracks", "data": null}
{"event_time": "2025-10-06T23:55:39.421228", "where": "spotify:albums", "level": "info", "message": "Fetched 20 albums", "data": null}
{"event_time": "2025-10-06T23:55:39.769751", "where": "spotify:albums", "level": "info", "message": "Fetched 20 albums", "data": null}
{"event_time": "2025-10-06T23:55:40.176054", "where": "spotify:albums", "level": "info", "message": "Fetched 10 albums", "data": null}
{"event_time": "2025-10-06T23:55:40.590185", "where": "spotify:tracks", "level": "info", "message": "Fetched 50 tracks", "data": null}
{"event_time": "2025-10-06T23:55:41.069396", "where": "spotify:albums", "level": "info", "message": "Fetched 20 albums", "data": null}
{"event_time": "2025-10-06T23:55:41.394679", "where": "spotify:albums", "level": "info", "message": "Fetched 20 albums", "data": null}
{"event_time": "2025-10-06T23:55:41.679051", "where": "spotify:albums", "level": "info", "message": "Fetched 10 albums", "data": null}
{"event_time": "2025-10-06T23:55:42.055271", "where": "spotify:tracks", "level": "info", "message": "Fetched 50 tracks", "data": null}
{"event_time": "2025-10-06T23:55:42.533856", "where": "spotify:albums", "level": "info", "message": "Fetched 20 albums", "data": null}
{"event_time": "2025-10-06T23:55:43.148125", "where": "spotify:albums", "level": "info", "message": "Fetched 20 albums", "data": null}
{"event_time": "2025-10-06T23:55:43.482575", "where": "spotify:albums", "level": "info", "message": "Fetched 10 albums", "data": null}
{"event_time": "2025-10-06T23:55:44.000146", "where": "spotify:tracks", "level": "info", "message": "Fetched 50 tracks", "data": null}
{"event_time": "2025-10-06T23:55:44.353549", "where": "spotify:albums", "level": "info", "message": "Fetched 20 albums", "data": null}
{"event_time": "2025-10-06T23:55:44.728963", "where": "spotify:albums", "level": "info", "message": "Fetched 20 albums", "data": null}
{"event_time": "2025-10-06T23:55:45.140319", "where": "spotify:albums", "level": "info", "message": "Fetched 10 albums", "data": null}
{"event_time": "2025-10-06T23:55:45.709242", "where": "spotify:tracks", "level": "info", "message": "Fetched 50 tracks", "data": null}
{"event_time": "2025-10-06T23:55:46.223791", "where": "spotify:albums", "level": "info", "message": "Fetched 20 albums", "data": null}
{"event_time": "2025-10-06T23:55:46.556208", "where": "spotify:albums", "level": "info", "message": "Fetched 20 albums", "data": null}
{"event_time": "2025-10-06T23:55:46.843184", "where": "spotify:albums", "level": "info", "message": "Fetched 10 albums", "data": null}
{"event_time": "2025-10-06T23:55:47.346282", "where": "spotify:tracks", "level": "info", "message": "Fetched 50 tracks", "data": null}
{"event_time": "2025-10-06T23:55:47.753439", "where": "spotify:albums", "level": "info", "message": "Fetched 20 albums", "data": null}
{"event_time": "2025-10-06T23:55:48.256095", "where": "spotify:albums", "level": "info", "message": "Fetched 20 albums", "data": null}
{"event_time": "2025-10-06T23:55:48.529725", "where": "spotify:albums", "level": "info", "message": "Fetched 10 albums", "data": null}
{"event_time": "2025-10-06T23:55:48.821312", "where": "spotify:tracks", "level": "info", "message": "Fetched 32 tracks", "data": null}
{"event_time": "2025-10-06T23:55:49.124532", "where": "spotify:albums", "level": "info", "message": "Fetched 20 albums", "data": null}
{"event_time": "2025-10-06T23:55:49.391187", "where": "spotify:albums", "level": "info", "message": "Fetched 12 albums", "data": null}
{"event_time": "2025-10-06T23:55:49.882994", "where": "spotify:tracks", "level": "info", "message": "Fetched 50 tracks", "data": null}
{"event_time": "2025-10-06T23:55:50.520384", "where": "spotify:tracks", "level": "info", "message": "Fetched 50 tracks", "data": null}
{"event_time": "2025-10-06T23:55:51.036579", "where": "spotify:tracks", "level": "info", "message": "Fetched 50 tracks", "data": null}
{"event_time": "2025-10-06T23:55:51.581300", "where": "spotify:tracks", "level": "info", "message": "Fetched 50 tracks", "data": null}
{"event_time": "2025-10-06T23:55:59.940372", "where": "spotify:tracks", "level": "info", "message": "Fetched 50 tracks", "data": null}
{"event_time": "2025-10-06T23:56:00.454123", "where": "spotify:tracks", "level": "info", "message": "Fetched 49 tracks", "data": null}
{"event_time": "2025-10-06T23:56:01.005190", "where": "spotify:tracks", "level": "info", "message": "Fetched 50 tracks", "data": null}
{"event_time": "2025-10-06T23:56:01.581243", "where": "spotify:tracks", "level": "info", "message": "Fetched 49 tracks", "data": null}
{"event_time": "2025-10-06T23:56:02.297108", "where": "spotify:tracks", "level": "info", "message": "Fetched 50 tracks", "data": null}
{"event_time": "2025-10-06T23:56:02.808918", "where": "spotify:tracks", "level": "info", "message": "Fetched 49 tracks", "data": null}
{"event_time": "2025-10-06T23:56:03.424103", "where": "spotify:tracks", "level": "info", "message": "Fetched 50 tracks", "data": null}
{"event_time": "2025-10-06T23:56:03.882678", "where": "spotify:tracks", "level": "info", "message": "Fetched 50 tracks", "data": null}
{"event_time": "2025-10-06T23:56:04.336615", "where": "spotify:tracks", "level": "info", "message": "Fetched 50 tracks", "data": null}
{"event_time": "2025-10-06T23:56:04.944032", "where": "spotify:tracks", "level": "info", "message": "Fetched 50 tracks", "data": null}
{"event_time": "2025-10-07T00:05:22.692993", "where": "sanity", "level": "info", "message": "Starting spotify_sanity_check", "data": null}
{"event_time": "2025-10-07T00:05:22.995930", "where": "sanity", "level": "info", "message": "spotify_sanity_check result: ok=True, msg=ok", "data": null}
{"event_time": "2025-10-07T00:05:22.998540", "where": "sanity", "level": "info", "message": "Starting discogs_sanity_check", "data": null}
{"event_time": "2025-10-07T00:05:23.288358", "where": "sanity", "level": "info", "message": "discogs_sanity_check result: ok=True, msg=ok", "data": null}
{"event_time": "2025-10-07T00:05:23.328336", "where": "enrichment", "level": "info", "message": "Starting run_all()", "data": null}
{"event_time": "2025-10-07T00:05:39.047384", "where": "spotify:shows", "level": "info", "message": "Fetched 5 shows", "data": null}
{"event_time": "2025-10-07T00:05:40.090627", "where": "spotify:shows", "level": "info", "message": "Fetched 2 shows", "data": null}
{"event_time": "2025-10-07T00:05:40.777873", "where": "spotify:tracks", "level": "info", "message": "Fetched 49 tracks", "data": null}
{"event_time": "2025-10-07T00:05:41.995841", "where": "spotify:albums", "level": "info", "message": "Fetched 20 albums", "data": null}
{"event_time": "2025-10-07T00:05:42.726617", "where": "spotify:albums", "level": "info", "message": "Fetched 20 albums", "data": null}
{"event_time": "2025-10-07T00:05:43.233496", "where": "spotify:albums", "level": "info", "message": "Fetched 5 albums", "data": null}
{"event_time": "2025-10-07T00:05:43.742989", "where": "spotify:tracks", "level": "info", "message": "Fetched 49 tracks", "data": null}
{"event_time": "2025-10-07T00:05:45.081614", "where": "spotify:albums", "level": "info", "message": "Fetched 20 albums", "data": null}
{"event_time": "2025-10-07T00:05:45.801333", "where": "spotify:albums", "level": "info", "message": "Fetched 20 albums", "data": null}
{"event_time": "2025-10-07T00:05:46.198406", "where": "spotify:albums", "level": "info", "message": "Fetched 9 albums", "data": null}
{"event_time": "2025-10-07T00:05:46.711528", "where": "spotify:tracks", "level": "info", "message": "Fetched 50 tracks", "data": null}
{"event_time": "2025-10-07T00:05:47.439206", "where": "spotify:albums", "level": "info", "message": "Fetched 20 albums", "data": null}
{"event_time": "2025-10-07T00:05:48.367122", "where": "spotify:albums", "level": "info", "message": "Fetched 20 albums", "data": null}
{"event_time": "2025-10-07T00:05:48.900938", "where": "spotify:albums", "level": "info", "message": "Fetched 10 albums", "data": null}
{"event_time": "2025-10-07T00:05:49.482108", "where": "spotify:tracks", "level": "info", "message": "Fetched 49 tracks", "data": null}
{"event_time": "2025-10-07T00:05:50.616872", "where": "spotify:albums", "level": "info", "message": "Fetched 20 albums", "data": null}
{"event_time": "2025-10-07T00:05:51.329386", "where": "spotify:albums", "level": "info", "message": "Fetched 20 albums", "data": null}
{"event_time": "2025-10-07T00:05:51.737588", "where": "spotify:albums", "level": "info", "message": "Fetched 7 albums", "data": null}
{"event_time": "2025-10-07T00:05:52.237576", "where": "spotify:tracks", "level": "info", "message": "Fetched 49 tracks", "data": null}
{"event_time": "2025-10-07T00:05:53.678439", "where": "spotify:albums", "level": "info", "message": "Fetched 20 albums", "data": null}
{"event_time": "2025-10-07T00:05:54.605893", "where": "spotify:albums", "level": "info", "message": "Fetched 20 albums", "data": null}
{"event_time": "2025-10-07T00:05:54.808310", "where": "spotify:albums", "level": "info", "message": "Fetched 8 albums", "data": null}
{"event_time": "2025-10-07T00:05:55.248934", "where": "spotify:tracks", "level": "info", "message": "Fetched 50 tracks", "data": null}
{"event_time": "2025-10-07T00:05:56.010937", "where": "spotify:albums", "level": "info", "message": "Fetched 20 albums", "data": null}
{"event_time": "2025-10-07T00:05:57.162797", "where": "spotify:albums", "level": "info", "message": "Fetched 20 albums", "data": null}
{"event_time": "2025-10-07T00:05:57.667655", "where": "spotify:albums", "level": "info", "message": "Fetched 10 albums", "data": null}
{"event_time": "2025-10-07T00:05:58.003865", "where": "spotify:tracks", "level": "info", "message": "Fetched 50 tracks", "data": null}
{"event_time": "2025-10-07T00:05:58.807092", "where": "spotify:albums", "level": "info", "message": "Fetched 20 albums", "data": null}
{"event_time": "2025-10-07T00:05:59.324605", "where": "spotify:albums", "level": "info", "message": "Fetched 20 albums", "data": null}
{"event_time": "2025-10-07T00:05:59.691627", "where": "spotify:albums", "level": "info", "message": "Fetched 7 albums", "data": null}
{"event_time": "2025-10-07T00:06:00.331740", "where": "spotify:tracks", "level": "info", "message": "Fetched 49 tracks", "data": null}
{"event_time": "2025-10-07T00:06:01.565169", "where": "spotify:albums", "level": "info", "message": "Fetched 20 albums", "data": null}
{"event_time": "2025-10-07T00:06:02.283962", "where": "spotify:albums", "level": "info", "message": "Fetched 20 albums", "data": null}
{"event_time": "2025-10-07T00:06:02.786845", "where": "spotify:albums", "level": "info", "message": "Fetched 8 albums", "data": null}
{"event_time": "2025-10-07T00:06:03.299388", "where": "spotify:tracks", "level": "info", "message": "Fetched 49 tracks", "data": null}
{"event_time": "2025-10-07T00:06:04.573192", "where": "spotify:albums", "level": "info", "message": "Fetched 20 albums", "data": null}
{"event_time": "2025-10-07T00:06:05.223558", "where": "spotify:albums", "level": "info", "message": "Fetched 20 albums", "data": null}
{"event_time": "2025-10-07T00:06:05.509063", "where": "spotify:albums", "level": "info", "message": "Fetched 7 albums", "data": null}
{"event_time": "2025-10-07T00:06:05.912331", "where": "spotify:tracks", "level": "info", "message": "Fetched 50 tracks", "data": null}
{"event_time": "2025-10-07T00:06:06.512362", "where": "spotify:albums", "level": "info", "message": "Fetched 20 albums", "data": null}
{"event_time": "2025-10-07T00:06:07.201574", "where": "spotify:albums", "level": "info", "message": "Fetched 20 albums", "data": null}
{"event_time": "2025-10-07T00:06:07.708957", "where": "spotify:albums", "level": "info", "message": "Fetched 9 albums", "data": null}
{"event_time": "2025-10-07T00:06:08.322763", "where": "spotify:tracks", "level": "info", "message": "Fetched 50 tracks", "data": null}
{"event_time": "2025-10-07T00:06:09.040799", "where": "spotify:albums", "level": "info", "message": "Fetched 20 albums", "data": null}
{"event_time": "2025-10-07T00:06:09.656144", "where": "spotify:albums", "level": "info", "message": "Fetched 20 albums", "data": null}
{"event_time": "2025-10-07T00:06:09.914471", "where": "spotify:albums", "level": "info", "message": "Fetched 10 albums", "data": null}
{"event_time": "2025-10-07T00:06:10.469382", "where": "spotify:tracks", "level": "info", "message": "Fetched 50 tracks", "data": null}
{"event_time": "2025-10-07T00:06:11.148238", "where": "spotify:albums", "level": "info", "message": "Fetched 20 albums", "data": null}
{"event_time": "2025-10-07T00:06:11.878620", "where": "spotify:albums", "level": "info", "message": "Fetched 20 albums", "data": null}
{"event_time": "2025-10-07T00:06:12.175138", "where": "spotify:albums", "level": "info", "message": "Fetched 10 albums", "data": null}
{"event_time": "2025-10-07T00:06:12.573480", "where": "spotify:tracks", "level": "info", "message": "Fetched 49 tracks", "data": null}
{"event_time": "2025-10-07T00:06:13.651086", "where": "spotify:albums", "level": "info", "message": "Fetched 20 albums", "data": null}
{"event_time": "2025-10-07T00:06:14.574695", "where": "spotify:albums", "level": "info", "message": "Fetched 20 albums", "data": null}
{"event_time": "2025-10-07T00:06:14.945152", "where": "spotify:albums", "level": "info", "message": "Fetched 9 albums", "data": null}
{"event_time": "2025-10-07T00:06:15.334255", "where": "spotify:tracks", "level": "info", "message": "Fetched 49 tracks", "data": null}
{"event_time": "2025-10-07T00:06:16.623980", "where": "spotify:albums", "level": "info", "message": "Fetched 20 albums", "data": null}
{"event_time": "2025-10-07T00:06:17.441855", "where": "spotify:albums", "level": "info", "message": "Fetched 20 albums", "data": null}
{"event_time": "2025-10-07T00:06:17.832962", "where": "spotify:albums", "level": "info", "message": "Fetched 7 albums", "data": null}
{"event_time": "2025-10-07T00:06:18.354756", "where": "spotify:tracks", "level": "info", "message": "Fetched 49 tracks", "data": null}
{"event_time": "2025-10-07T00:06:19.392095", "where": "spotify:albums", "level": "info", "message": "Fetched 20 albums", "data": null}
{"event_time": "2025-10-07T00:06:19.999931", "where": "spotify:albums", "level": "info", "message": "Fetched 20 albums", "data": null}
{"event_time": "2025-10-07T00:06:20.266046", "where": "spotify:albums", "level": "info", "message": "Fetched 7 albums", "data": null}
{"event_time": "2025-10-07T00:06:20.812047", "where": "spotify:tracks", "level": "info", "message": "Fetched 50 tracks", "data": null}
{"event_time": "2025-10-07T00:06:21.000450", "where": "spotify:tracks", "level": "info", "message": "Fetched 1 tracks", "data": null}
{"event_time": "2025-10-07T00:06:21.793858", "where": "spotify:albums", "level": "info", "message": "Fetched 20 albums", "data": null}
{"event_time": "2025-10-07T00:06:22.561897", "where": "spotify:albums", "level": "info", "message": "Fetched 20 albums", "data": null}
{"event_time": "2025-10-07T00:06:23.025021", "where": "spotify:albums", "level": "info", "message": "Fetched 9 albums", "data": null}
{"event_time": "2025-10-07T00:06:23.474316", "where": "spotify:tracks", "level": "info", "message": "Fetched 49 tracks", "data": null}
{"event_time": "2025-10-07T00:06:24.405270", "where": "spotify:albums", "level": "info", "message": "Fetched 20 albums", "data": null}
{"event_time": "2025-10-07T00:06:25.126735", "where": "spotify:albums", "level": "info", "message": "Fetched 20 albums", "data": null}
{"event_time": "2025-10-07T00:06:25.619771", "where": "spotify:albums", "level": "info", "message": "Fetched 9 albums", "data": null}
{"event_time": "2025-10-07T00:06:26.055785", "where": "spotify:tracks", "level": "info", "message": "Fetched 49 tracks", "data": null}
{"event_time": "2025-10-07T00:06:27.378861", "where": "spotify:albums", "level": "info", "message": "Fetched 20 albums", "data": null}
{"event_time": "2025-10-07T00:06:28.299727", "where": "spotify:albums", "level": "info", "message": "Fetched 20 albums", "data": null}
{"event_time": "2025-10-07T00:06:28.582624", "where": "spotify:albums", "level": "info", "message": "Fetched 9 albums", "data": null}
{"event_time": "2025-10-07T00:06:28.967774", "where": "spotify:tracks", "level": "info", "message": "Fetched 50 tracks", "data": null}
{"event_time": "2025-10-07T00:06:29.627158", "where": "spotify:albums", "level": "info", "message": "Fetched 20 albums", "data": null}
{"event_time": "2025-10-07T00:06:30.444566", "where": "spotify:albums", "level": "info", "message": "Fetched 20 albums", "data": null}
{"event_time": "2025-10-07T00:06:30.895062", "where": "spotify:albums", "level": "info", "message": "Fetched 6 albums", "data": null}
{"event_time": "2025-10-07T00:06:31.184043", "where": "spotify:tracks", "level": "info", "message": "Fetched 21 tracks", "data": null}
{"event_time": "2025-10-07T00:06:31.773559", "where": "spotify:albums", "level": "info", "message": "Fetched 20 albums", "data": null}
{"event_time": "2025-10-07T00:06:31.940971", "where": "spotify:albums", "level": "info", "message": "Fetched 1 albums", "data": null}
{"event_time": "2025-10-07T22:43:02.954740", "where": "sanity", "level": "info", "message": "Starting spotify_sanity_check", "data": null}
{"event_time": "2025-10-07T22:43:03.400636", "where": "sanity", "level": "info", "message": "spotify_sanity_check result: ok=True, msg=ok", "data": null}
{"event_time": "2025-10-07T22:43:03.401496", "where": "sanity", "level": "info", "message": "Starting discogs_sanity_check", "data": null}
{"event_time": "2025-10-07T22:43:03.758647", "where": "sanity", "level": "info", "message": "discogs_sanity_check result: ok=True, msg=ok", "data": null}
{"event_time": "2025-10-07T22:43:03.796295", "where": "enrichment", "level": "info", "message": "Starting run_all()", "data": null}
{"event_time": "2025-10-07T22:43:22.683436", "where": "spotify:shows", "level": "info", "message": "Fetched 5 shows", "data": null}
{"event_time": "2025-10-07T22:43:24.353179", "where": "spotify:shows", "level": "info", "message": "Fetched 2 shows", "data": null}
{"event_time": "2025-10-07T22:43:25.047419", "where": "spotify:tracks", "level": "info", "message": "Fetched 49 tracks", "data": null}
{"event_time": "2025-10-07T22:43:26.131642", "where": "spotify:albums", "level": "info", "message": "Fetched 20 albums", "data": null}
{"event_time": "2025-10-07T22:43:26.813817", "where": "spotify:albums", "level": "info", "message": "Fetched 20 albums", "data": null}
{"event_time": "2025-10-07T22:43:27.356393", "where": "spotify:albums", "level": "info", "message": "Fetched 5 albums", "data": null}
{"event_time": "2025-10-07T22:43:27.894591", "where": "spotify:tracks", "level": "info", "message": "Fetched 49 tracks", "data": null}
{"event_time": "2025-10-07T22:43:29.294410", "where": "spotify:albums", "level": "info", "message": "Fetched 20 albums", "data": null}
{"event_time": "2025-10-07T22:43:29.873274", "where": "spotify:albums", "level": "info", "message": "Fetched 20 albums", "data": null}
{"event_time": "2025-10-07T22:43:30.285897", "where": "spotify:albums", "level": "info", "message": "Fetched 9 albums", "data": null}
{"event_time": "2025-10-07T22:43:30.736892", "where": "spotify:tracks", "level": "info", "message": "Fetched 50 tracks", "data": null}
{"event_time": "2025-10-07T22:43:31.638752", "where": "spotify:albums", "level": "info", "message": "Fetched 20 albums", "data": null}
{"event_time": "2025-10-07T22:43:32.693406", "where": "spotify:albums", "level": "info", "message": "Fetched 20 albums", "data": null}
{"event_time": "2025-10-07T22:43:33.770656", "where": "spotify:albums", "level": "info", "message": "Fetched 10 albums", "data": null}
{"event_time": "2025-10-07T22:43:34.380501", "where": "spotify:tracks", "level": "info", "message": "Fetched 49 tracks", "data": null}
{"event_time": "2025-10-07T22:43:35.540393", "where": "spotify:albums", "level": "info", "message": "Fetched 20 albums", "data": null}
{"event_time": "2025-10-07T22:43:36.347562", "where": "spotify:albums", "level": "info", "message": "Fetched 20 albums", "data": null}
{"event_time": "2025-10-07T22:43:36.789224", "where": "spotify:albums", "level": "info", "message": "Fetched 7 albums", "data": null}
{"event_time": "2025-10-07T22:43:37.369096", "where": "spotify:tracks", "level": "info", "message": "Fetched 49 tracks", "data": null}
{"event_time": "2025-10-07T22:43:38.731817", "where": "spotify:albums", "level": "info", "message": "Fetched 20 albums", "data": null}
{"event_time": "2025-10-07T22:43:39.587922", "where": "spotify:albums", "level": "info", "message": "Fetched 20 albums", "data": null}
{"event_time": "2025-10-07T22:43:39.829181", "where": "spotify:albums", "level": "info", "message": "Fetched 8 albums", "data": null}
{"event_time": "2025-10-07T22:43:40.335457", "where": "spotify:tracks", "level": "info", "message": "Fetched 50 tracks", "data": null}
{"event_time": "2025-10-07T22:43:41.311130", "where": "spotify:albums", "level": "info", "message": "Fetched 20 albums", "data": null}
{"event_time": "2025-10-07T22:43:42.348652", "where": "spotify:albums", "level": "info", "message": "Fetched 20 albums", "data": null}
{"event_time": "2025-10-07T22:43:42.826638", "where": "spotify:albums", "level": "info", "message": "Fetched 10 albums", "data": null}
{"event_time": "2025-10-07T22:43:43.236448", "where": "spotify:tracks", "level": "info", "message": "Fetched 50 tracks", "data": null}
{"event_time": "2025-10-07T22:43:44.776625", "where": "spotify:albums", "level": "info", "message": "Fetched 20 albums", "data": null}
{"event_time": "2025-10-07T22:43:45.513285", "where": "spotify:albums", "level": "info", "message": "Fetched 20 albums", "data": null}
{"event_time": "2025-10-07T22:43:46.121198", "where": "spotify:albums", "level": "info", "message": "Fetched 7 albums", "data": null}
{"event_time": "2025-10-07T22:43:46.600739", "where": "spotify:tracks", "level": "info", "message": "Fetched 49 tracks", "data": null}
{"event_time": "2025-10-07T22:43:47.780386", "where": "spotify:albums", "level": "info", "message": "Fetched 20 albums", "data": null}
{"event_time": "2025-10-07T22:43:48.684620", "where": "spotify:albums", "level": "info", "message": "Fetched 20 albums", "data": null}
{"event_time": "2025-10-07T22:43:49.226005", "where": "spotify:albums", "level": "info", "message": "Fetched 8 albums", "data": null}
{"event_time": "2025-10-07T22:43:49.669164", "where": "spotify:tracks", "level": "info", "message": "Fetched 49 tracks", "data": null}
{"event_time": "2025-10-07T22:43:50.863496", "where": "spotify:albums", "level": "info", "message": "Fetched 20 albums", "data": null}
{"event_time": "2025-10-07T22:43:51.709279", "where": "spotify:albums", "level": "info", "message": "Fetched 20 albums", "data": null}
{"event_time": "2025-10-07T22:43:52.280502", "where": "spotify:albums", "level": "info", "message": "Fetched 7 albums", "data": null}
{"event_time": "2025-10-07T22:43:52.689476", "where": "spotify:tracks", "level": "info", "message": "Fetched 50 tracks", "data": null}
{"event_time": "2025-10-07T22:43:53.631001", "where": "spotify:albums", "level": "info", "message": "Fetched 20 albums", "data": null}
{"event_time": "2025-10-07T22:43:54.458948", "where": "spotify:albums", "level": "info", "message": "Fetched 20 albums", "data": null}
{"event_time": "2025-10-07T22:43:55.090026", "where": "spotify:albums", "level": "info", "message": "Fetched 9 albums", "data": null}
{"event_time": "2025-10-07T22:43:55.678788", "where": "spotify:tracks", "level": "info", "message": "Fetched 50 tracks", "data": null}
{"event_time": "2025-10-07T22:43:56.495969", "where": "spotify:albums", "level": "info", "message": "Fetched 20 albums", "data": null}
{"event_time": "2025-10-07T22:43:57.579136", "where": "spotify:albums", "level": "info", "message": "Fetched 20 albums", "data": null}
{"event_time": "2025-10-07T22:43:57.940745", "where": "spotify:albums", "level": "info", "message": "Fetched 10 albums", "data": null}
{"event_time": "2025-10-07T22:43:58.394217", "where": "spotify:tracks", "level": "info", "message": "Fetched 50 tracks", "data": null}
{"event_time": "2025-10-07T22:43:59.169898", "where": "spotify:albums", "level": "info", "message": "Fetched 20 albums", "data": null}
{"event_time": "2025-10-07T22:44:00.074067", "where": "spotify:albums", "level": "info", "message": "Fetched 20 albums", "data": null}
{"event_time": "2025-10-07T22:44:00.562224", "where": "spotify:albums", "level": "info", "message": "Fetched 10 albums", "data": null}
{"event_time": "2025-10-07T22:44:01.092286", "where": "spotify:tracks", "level": "info", "message": "Fetched 49 tracks", "data": null}
{"event_time": "2025-10-07T22:44:02.233466", "where": "spotify:albums", "level": "info", "message": "Fetched 20 albums", "data": null}
{"event_time": "2025-10-07T22:44:03.366716", "where": "spotify:albums", "level": "info", "message": "Fetched 20 albums", "data": null}
{"event_time": "2025-10-07T22:44:04.062487", "where": "spotify:albums", "level": "info", "message": "Fetched 9 albums", "data": null}
{"event_time": "2025-10-07T22:44:04.672921", "where": "spotify:tracks", "level": "info", "message": "Fetched 49 tracks", "data": null}
{"event_time": "2025-10-07T22:44:05.828956", "where": "spotify:albums", "level": "info", "message": "Fetched 20 albums", "data": null}
{"event_time": "2025-10-07T22:44:06.637840", "where": "spotify:albums", "level": "info", "message": "Fetched 20 albums", "data": null}
{"event_time": "2025-10-07T22:44:07.032725", "where": "spotify:albums", "level": "info", "message": "Fetched 7 albums", "data": null}
{"event_time": "2025-10-07T22:44:07.656170", "where": "spotify:tracks", "level": "info", "message": "Fetched 49 tracks", "data": null}
{"event_time": "2025-10-07T22:44:09.100606", "where": "spotify:albums", "level": "info", "message": "Fetched 20 albums", "data": null}
{"event_time": "2025-10-07T22:44:09.687352", "where": "spotify:albums", "level": "info", "message": "Fetched 20 albums", "data": null}
{"event_time": "2025-10-07T22:44:10.164727", "where": "spotify:albums", "level": "info", "message": "Fetched 7 albums", "data": null}
{"event_time": "2025-10-07T22:44:10.712724", "where": "spotify:tracks", "level": "info", "message": "Fetched 50 tracks", "data": null}
{"event_time": "2025-10-07T22:44:10.954774", "where": "spotify:tracks", "level": "info", "message": "Fetched 1 tracks", "data": null}
{"event_time": "2025-10-07T22:44:11.705887", "where": "spotify:albums", "level": "info", "message": "Fetched 20 albums", "data": null}
{"event_time": "2025-10-07T22:44:12.493974", "where": "spotify:albums", "level": "info", "message": "Fetched 20 albums", "data": null}
{"event_time": "2025-10-07T22:44:12.952594", "where": "spotify:albums", "level": "info", "message": "Fetched 9 albums", "data": null}
{"event_time": "2025-10-07T22:44:13.493980", "where": "spotify:tracks", "level": "info", "message": "Fetched 49 tracks", "data": null}
{"event_time": "2025-10-07T22:44:14.522994", "where": "spotify:albums", "level": "info", "message": "Fetched 20 albums", "data": null}
{"event_time": "2025-10-07T22:44:15.337296", "where": "spotify:albums", "level": "info", "message": "Fetched 20 albums", "data": null}
{"event_time": "2025-10-07T22:44:15.755103", "where": "spotify:albums", "level": "info", "message": "Fetched 9 albums", "data": null}
{"event_time": "2025-10-07T22:44:16.228391", "where": "spotify:tracks", "level": "info", "message": "Fetched 49 tracks", "data": null}
{"event_time": "2025-10-07T22:44:17.737923", "where": "spotify:albums", "level": "info", "message": "Fetched 20 albums", "data": null}
{"event_time": "2025-10-07T22:44:18.774427", "where": "spotify:albums", "level": "info", "message": "Fetched 20 albums", "data": null}
{"event_time": "2025-10-07T22:44:19.148350", "where": "spotify:albums", "level": "info", "message": "Fetched 9 albums", "data": null}
{"event_time": "2025-10-07T22:44:19.608803", "where": "spotify:tracks", "level": "info", "message": "Fetched 50 tracks", "data": null}
{"event_time": "2025-10-07T22:44:20.391896", "where": "spotify:albums", "level": "info", "message": "Fetched 20 albums", "data": null}
{"event_time": "2025-10-07T22:44:21.280765", "where": "spotify:albums", "level": "info", "message": "Fetched 20 albums", "data": null}
{"event_time": "2025-10-07T22:44:21.742897", "where": "spotify:albums", "level": "info", "message": "Fetched 6 albums", "data": null}
{"event_time": "2025-10-07T22:44:22.139251", "where": "spotify:tracks", "level": "info", "message": "Fetched 21 tracks", "data": null}
{"event_time": "2025-10-07T22:44:22.751426", "where": "spotify:albums", "level": "info", "message": "Fetched 20 albums", "data": null}
{"event_time": "2025-10-07T22:44:22.967027", "where": "spotify:albums", "level": "info", "message": "Fetched 1 albums", "data": null}
{"event_time": "2025-10-07T22:44:31.227732", "where": "enrichment", "level": "error", "message": "Exception in background_enrich: 'MetadataEnricher' object has no attribute 'dao'", "data": null}
{"event_time": "2025-10-07T23:08:28.055903", "where": "sanity", "level": "info", "message": "Starting spotify_sanity_check", "data": null}
{"event_time": "2025-10-07T23:08:28.460277", "where": "sanity", "level": "info", "message": "spotify_sanity_check result: ok=True, msg=ok", "data": null}
{"event_time": "2025-10-07T23:08:28.460517", "where": "sanity", "level": "info", "message": "Starting discogs_sanity_check", "data": null}
{"event_time": "2025-10-07T23:08:28.702342", "where": "sanity", "level": "info", "message": "discogs_sanity_check result: ok=True, msg=ok", "data": null}
{"event_time": "2025-10-07T23:08:28.750580", "where": "enrichment", "level": "info", "message": "Starting run_all()", "data": null}
{"event_time": "2025-10-07T23:08:44.271117", "where": "spotify:shows", "level": "info", "message": "Fetched 5 shows", "data": null}
{"event_time": "2025-10-07T23:08:45.469233", "where": "spotify:shows", "level": "info", "message": "Fetched 2 shows", "data": null}
{"event_time": "2025-10-07T23:08:46.399868", "where": "spotify:tracks", "level": "info", "message": "Fetched 49 tracks", "data": null}
{"event_time": "2025-10-07T23:08:47.731015", "where": "spotify:albums", "level": "info", "message": "Fetched 20 albums", "data": null}
{"event_time": "2025-10-07T23:08:48.370723", "where": "spotify:albums", "level": "info", "message": "Fetched 20 albums", "data": null}
{"event_time": "2025-10-07T23:08:48.968578", "where": "spotify:albums", "level": "info", "message": "Fetched 5 albums", "data": null}
{"event_time": "2025-10-07T23:08:49.512388", "where": "spotify:tracks", "level": "info", "message": "Fetched 49 tracks", "data": null}
{"event_time": "2025-10-07T23:08:50.967068", "where": "spotify:albums", "level": "info", "message": "Fetched 20 albums", "data": null}
{"event_time": "2025-10-07T23:08:51.869403", "where": "spotify:albums", "level": "info", "message": "Fetched 20 albums", "data": null}
{"event_time": "2025-10-07T23:08:52.363363", "where": "spotify:albums", "level": "info", "message": "Fetched 9 albums", "data": null}
{"event_time": "2025-10-07T23:08:52.876713", "where": "spotify:tracks", "level": "info", "message": "Fetched 50 tracks", "data": null}
{"event_time": "2025-10-07T23:08:53.819676", "where": "spotify:albums", "level": "info", "message": "Fetched 20 albums", "data": null}
{"event_time": "2025-10-07T23:08:55.076668", "where": "spotify:albums", "level": "info", "message": "Fetched 20 albums", "data": null}
{"event_time": "2025-10-07T23:08:55.873109", "where": "spotify:albums", "level": "info", "message": "Fetched 10 albums", "data": null}
{"event_time": "2025-10-07T23:08:56.614830", "where": "spotify:tracks", "level": "info", "message": "Fetched 49 tracks", "data": null}
{"event_time": "2025-10-07T23:08:57.782958", "where": "spotify:albums", "level": "info", "message": "Fetched 20 albums", "data": null}
{"event_time": "2025-10-07T23:08:58.468536", "where": "spotify:albums", "level": "info", "message": "Fetched 20 albums", "data": null}
{"event_time": "2025-10-07T23:08:58.924860", "where": "spotify:albums", "level": "info", "message": "Fetched 7 albums", "data": null}
{"event_time": "2025-10-07T23:08:59.357922", "where": "spotify:tracks", "level": "info", "message": "Fetched 49 tracks", "data": null}
{"event_time": "2025-10-07T23:09:00.928354", "where": "spotify:albums", "level": "info", "message": "Fetched 20 albums", "data": null}
{"event_time": "2025-10-07T23:09:01.823086", "where": "spotify:albums", "level": "info", "message": "Fetched 20 albums", "data": null}
{"event_time": "2025-10-07T23:09:02.080157", "where": "spotify:albums", "level": "info", "message": "Fetched 8 albums", "data": null}
{"event_time": "2025-10-07T23:09:02.857869", "where": "spotify:tracks", "level": "info", "message": "Fetched 50 tracks", "data": null}
{"event_time": "2025-10-07T23:09:03.848071", "where": "spotify:albums", "level": "info", "message": "Fetched 20 albums", "data": null}
{"event_time": "2025-10-07T23:09:04.703837", "where": "spotify:albums", "level": "info", "message": "Fetched 20 albums", "data": null}
{"event_time": "2025-10-07T23:09:05.413953", "where": "spotify:albums", "level": "info", "message": "Fetched 10 albums", "data": null}
{"event_time": "2025-10-07T23:09:06.085643", "where": "spotify:tracks", "level": "info", "message": "Fetched 50 tracks", "data": null}
{"event_time": "2025-10-07T23:09:07.251024", "where": "spotify:albums", "level": "info", "message": "Fetched 20 albums", "data": null}
{"event_time": "2025-10-07T23:09:08.077286", "where": "spotify:albums", "level": "info", "message": "Fetched 20 albums", "data": null}
{"event_time": "2025-10-07T23:09:08.494220", "where": "spotify:albums", "level": "info", "message": "Fetched 7 albums", "data": null}
{"event_time": "2025-10-07T23:09:09.048551", "where": "spotify:tracks", "level": "info", "message": "Fetched 49 tracks", "data": null}
{"event_time": "2025-10-07T23:09:10.437533", "where": "spotify:albums", "level": "info", "message": "Fetched 20 albums", "data": null}
{"event_time": "2025-10-07T23:09:11.420842", "where": "spotify:albums", "level": "info", "message": "Fetched 20 albums", "data": null}
{"event_time": "2025-10-07T23:09:12.223159", "where": "spotify:albums", "level": "info", "message": "Fetched 8 albums", "data": null}
{"event_time": "2025-10-07T23:09:12.874826", "where": "spotify:tracks", "level": "info", "message": "Fetched 49 tracks", "data": null}
{"event_time": "2025-10-07T23:09:14.756039", "where": "spotify:albums", "level": "info", "message": "Fetched 20 albums", "data": null}
{"event_time": "2025-10-07T23:09:15.639087", "where": "spotify:albums", "level": "info", "message": "Fetched 20 albums", "data": null}
{"event_time": "2025-10-07T23:09:16.167049", "where": "spotify:albums", "level": "info", "message": "Fetched 7 albums", "data": null}
{"event_time": "2025-10-07T23:09:16.849351", "where": "spotify:tracks", "level": "info", "message": "Fetched 50 tracks", "data": null}
{"event_time": "2025-10-07T23:09:17.768888", "where": "spotify:albums", "level": "info", "message": "Fetched 20 albums", "data": null}
{"event_time": "2025-10-07T23:09:18.562652", "where": "spotify:albums", "level": "info", "message": "Fetched 20 albums", "data": null}
{"event_time": "2025-10-07T23:09:19.086998", "where": "spotify:albums", "level": "info", "message": "Fetched 9 albums", "data": null}
{"event_time": "2025-10-07T23:09:19.797041", "where": "spotify:tracks", "level": "info", "message": "Fetched 50 tracks", "data": null}
{"event_time": "2025-10-07T23:09:20.938886", "where": "spotify:albums", "level": "info", "message": "Fetched 20 albums", "data": null}
{"event_time": "2025-10-07T23:09:21.547938", "where": "spotify:albums", "level": "info", "message": "Fetched 20 albums", "data": null}
{"event_time": "2025-10-07T23:09:21.867442", "where": "spotify:albums", "level": "info", "message": "Fetched 10 albums", "data": null}
{"event_time": "2025-10-07T23:09:22.361077", "where": "spotify:tracks", "level": "info", "message": "Fetched 50 tracks", "data": null}
{"event_time": "2025-10-07T23:09:22.981117", "where": "spotify:albums", "level": "info", "message": "Fetched 20 albums", "data": null}
{"event_time": "2025-10-07T23:09:23.903382", "where": "spotify:albums", "level": "info", "message": "Fetched 20 albums", "data": null}
{"event_time": "2025-10-07T23:09:24.338626", "where": "spotify:albums", "level": "info", "message": "Fetched 10 albums", "data": null}
{"event_time": "2025-10-07T23:09:24.711794", "where": "spotify:tracks", "level": "info", "message": "Fetched 49 tracks", "data": null}
{"event_time": "2025-10-07T23:09:26.063848", "where": "spotify:albums", "level": "info", "message": "Fetched 20 albums", "data": null}
{"event_time": "2025-10-07T23:09:26.896753", "where": "spotify:albums", "level": "info", "message": "Fetched 20 albums", "data": null}
{"event_time": "2025-10-07T23:09:27.417549", "where": "spotify:albums", "level": "info", "message": "Fetched 9 albums", "data": null}
{"event_time": "2025-10-07T23:09:27.860390", "where": "spotify:tracks", "level": "info", "message": "Fetched 49 tracks", "data": null}
{"event_time": "2025-10-07T23:09:29.245657", "where": "spotify:albums", "level": "info", "message": "Fetched 20 albums", "data": null}
{"event_time": "2025-10-07T23:09:30.050024", "where": "spotify:albums", "level": "info", "message": "Fetched 20 albums", "data": null}
{"event_time": "2025-10-07T23:09:30.412553", "where": "spotify:albums", "level": "info", "message": "Fetched 7 albums", "data": null}
{"event_time": "2025-10-07T23:09:30.952483", "where": "spotify:tracks", "level": "info", "message": "Fetched 49 tracks", "data": null}
{"event_time": "2025-10-07T23:09:32.106149", "where": "spotify:albums", "level": "info", "message": "Fetched 20 albums", "data": null}
{"event_time": "2025-10-07T23:09:32.938344", "where": "spotify:albums", "level": "info", "message": "Fetched 20 albums", "data": null}
{"event_time": "2025-10-07T23:09:33.384676", "where": "spotify:albums", "level": "info", "message": "Fetched 7 albums", "data": null}
{"event_time": "2025-10-07T23:09:33.914215", "where": "spotify:tracks", "level": "info", "message": "Fetched 50 tracks", "data": null}
{"event_time": "2025-10-07T23:09:34.289174", "where": "spotify:tracks", "level": "info", "message": "Fetched 1 tracks", "data": null}
{"event_time": "2025-10-07T23:09:35.157871", "where": "spotify:albums", "level": "info", "message": "Fetched 20 albums", "data": null}
{"event_time": "2025-10-07T23:09:35.989039", "where": "spotify:albums", "level": "info", "message": "Fetched 20 albums", "data": null}
{"event_time": "2025-10-07T23:09:36.443029", "where": "spotify:albums", "level": "info", "message": "Fetched 9 albums", "data": null}
{"event_time": "2025-10-07T23:09:37.088296", "where": "spotify:tracks", "level": "info", "message": "Fetched 49 tracks", "data": null}
{"event_time": "2025-10-07T23:09:38.348973", "where": "spotify:albums", "level": "info", "message": "Fetched 20 albums", "data": null}
{"event_time": "2025-10-07T23:09:39.404832", "where": "spotify:albums", "level": "info", "message": "Fetched 20 albums", "data": null}
{"event_time": "2025-10-07T23:09:40.053467", "where": "spotify:albums", "level": "info", "message": "Fetched 9 albums", "data": null}
{"event_time": "2025-10-07T23:09:40.498938", "where": "spotify:tracks", "level": "info", "message": "Fetched 49 tracks", "data": null}
{"event_time": "2025-10-07T23:09:41.964296", "where": "spotify:albums", "level": "info", "message": "Fetched 20 albums", "data": null}
{"event_time": "2025-10-07T23:09:43.067307", "where": "spotify:albums", "level": "info", "message": "Fetched 20 albums", "data": null}
{"event_time": "2025-10-07T23:09:43.639587", "where": "spotify:albums", "level": "info", "message": "Fetched 9 albums", "data": null}
{"event_time": "2025-10-07T23:09:44.302966", "where": "spotify:tracks", "level": "info", "message": "Fetched 50 tracks", "data": null}
{"event_time": "2025-10-07T23:09:45.288259", "where": "spotify:albums", "level": "info", "message": "Fetched 20 albums", "data": null}
{"event_time": "2025-10-07T23:09:45.999735", "where": "spotify:albums", "level": "info", "message": "Fetched 20 albums", "data": null}
{"event_time": "2025-10-07T23:09:46.504174", "where": "spotify:albums", "level": "info", "message": "Fetched 6 albums", "data": null}
{"event_time": "2025-10-07T23:09:46.887126", "where": "spotify:tracks", "level": "info", "message": "Fetched 21 tracks", "data": null}
{"event_time": "2025-10-07T23:09:47.521182", "where": "spotify:albums", "level": "info", "message": "Fetched 20 albums", "data": null}
{"event_time": "2025-10-07T23:09:47.756801", "where": "spotify:albums", "level": "info", "message": "Fetched 1 albums", "data": null}
{"event_time": "2025-10-07T23:58:14.452327", "where": "sanity", "level": "info", "message": "Starting spotify_sanity_check", "data": null}
{"event_time": "2025-10-07T23:58:14.865976", "where": "sanity", "level": "info", "message": "spotify_sanity_check result: ok=True, msg=ok", "data": null}
{"event_time": "2025-10-07T23:58:14.866638", "where": "sanity", "level": "info", "message": "Starting discogs_sanity_check", "data": null}
{"event_time": "2025-10-07T23:58:15.182609", "where": "sanity", "level": "info", "message": "discogs_sanity_check result: ok=True, msg=ok", "data": null}
{"event_time": "2025-10-07T23:58:15.252358", "where": "enrichment", "level": "info", "message": "Starting run_all()", "data": null}
{"event_time": "2025-10-07T23:58:31.098883", "where": "spotify:shows", "level": "info", "message": "Fetched 5 shows", "data": null}
{"event_time": "2025-10-07T23:58:32.314881", "where": "spotify:shows", "level": "info", "message": "Fetched 2 shows", "data": null}
{"event_time": "2025-10-07T23:58:33.065268", "where": "spotify:tracks", "level": "info", "message": "Fetched 49 tracks", "data": null}
{"event_time": "2025-10-07T23:58:34.811267", "where": "spotify:albums", "level": "info", "message": "Fetched 20 albums", "data": null}
{"event_time": "2025-10-07T23:58:35.565858", "where": "spotify:albums", "level": "info", "message": "Fetched 20 albums", "data": null}
{"event_time": "2025-10-07T23:58:36.052937", "where": "spotify:albums", "level": "info", "message": "Fetched 5 albums", "data": null}
{"event_time": "2025-10-07T23:58:36.660658", "where": "spotify:tracks", "level": "info", "message": "Fetched 49 tracks", "data": null}
{"event_time": "2025-10-07T23:58:38.069041", "where": "spotify:albums", "level": "info", "message": "Fetched 20 albums", "data": null}
{"event_time": "2025-10-07T23:58:38.900850", "where": "spotify:albums", "level": "info", "message": "Fetched 20 albums", "data": null}
{"event_time": "2025-10-07T23:58:39.395465", "where": "spotify:albums", "level": "info", "message": "Fetched 9 albums", "data": null}
{"event_time": "2025-10-07T23:58:39.941398", "where": "spotify:tracks", "level": "info", "message": "Fetched 50 tracks", "data": null}
{"event_time": "2025-10-07T23:58:40.923421", "where": "spotify:albums", "level": "info", "message": "Fetched 20 albums", "data": null}
{"event_time": "2025-10-07T23:58:41.958589", "where": "spotify:albums", "level": "info", "message": "Fetched 20 albums", "data": null}
{"event_time": "2025-10-07T23:58:42.499162", "where": "spotify:albums", "level": "info", "message": "Fetched 10 albums", "data": null}
{"event_time": "2025-10-07T23:58:43.115760", "where": "spotify:tracks", "level": "info", "message": "Fetched 49 tracks", "data": null}
{"event_time": "2025-10-07T23:58:44.558104", "where": "spotify:albums", "level": "info", "message": "Fetched 20 albums", "data": null}
{"event_time": "2025-10-07T23:58:45.225562", "where": "spotify:albums", "level": "info", "message": "Fetched 20 albums", "data": null}
{"event_time": "2025-10-07T23:58:45.615567", "where": "spotify:albums", "level": "info", "message": "Fetched 7 albums", "data": null}
{"event_time": "2025-10-07T23:58:46.046721", "where": "spotify:tracks", "level": "info", "message": "Fetched 49 tracks", "data": null}
{"event_time": "2025-10-07T23:58:47.732230", "where": "spotify:albums", "level": "info", "message": "Fetched 20 albums", "data": null}
{"event_time": "2025-10-07T23:58:48.547070", "where": "spotify:albums", "level": "info", "message": "Fetched 20 albums", "data": null}
{"event_time": "2025-10-07T23:58:48.772199", "where": "spotify:albums", "level": "info", "message": "Fetched 8 albums", "data": null}
{"event_time": "2025-10-07T23:58:49.177308", "where": "spotify:tracks", "level": "info", "message": "Fetched 50 tracks", "data": null}
{"event_time": "2025-10-07T23:58:50.208629", "where": "spotify:albums", "level": "info", "message": "Fetched 20 albums", "data": null}
{"event_time": "2025-10-07T23:58:51.083542", "where": "spotify:albums", "level": "info", "message": "Fetched 20 albums", "data": null}
{"event_time": "2025-10-07T23:58:51.677871", "where": "spotify:albums", "level": "info", "message": "Fetched 10 albums", "data": null}
{"event_time": "2025-10-07T23:58:52.094484", "where": "spotify:tracks", "level": "info", "message": "Fetched 50 tracks", "data": null}
{"event_time": "2025-10-07T23:58:53.236506", "where": "spotify:albums", "level": "info", "message": "Fetched 20 albums", "data": null}
{"event_time": "2025-10-07T23:58:53.818901", "where": "spotify:albums", "level": "info", "message": "Fetched 20 albums", "data": null}
{"event_time": "2025-10-07T23:58:54.378607", "where": "spotify:albums", "level": "info", "message": "Fetched 7 albums", "data": null}
{"event_time": "2025-10-07T23:58:55.012653", "where": "spotify:tracks", "level": "info", "message": "Fetched 49 tracks", "data": null}
{"event_time": "2025-10-07T23:58:56.186648", "where": "spotify:albums", "level": "info", "message": "Fetched 20 albums", "data": null}
{"event_time": "2025-10-07T23:58:57.183858", "where": "spotify:albums", "level": "info", "message": "Fetched 20 albums", "data": null}
{"event_time": "2025-10-07T23:58:57.750236", "where": "spotify:albums", "level": "info", "message": "Fetched 8 albums", "data": null}
{"event_time": "2025-10-07T23:58:58.456847", "where": "spotify:tracks", "level": "info", "message": "Fetched 49 tracks", "data": null}
{"event_time": "2025-10-07T23:59:00.220997", "where": "spotify:albums", "level": "info", "message": "Fetched 20 albums", "data": null}
{"event_time": "2025-10-07T23:59:01.170096", "where": "spotify:albums", "level": "info", "message": "Fetched 20 albums", "data": null}
{"event_time": "2025-10-07T23:59:01.619644", "where": "spotify:albums", "level": "info", "message": "Fetched 7 albums", "data": null}
{"event_time": "2025-10-07T23:59:02.076109", "where": "spotify:tracks", "level": "info", "message": "Fetched 50 tracks", "data": null}
{"event_time": "2025-10-07T23:59:02.877304", "where": "spotify:albums", "level": "info", "message": "Fetched 20 albums", "data": null}
{"event_time": "2025-10-07T23:59:03.518507", "where": "spotify:albums", "level": "info", "message": "Fetched 20 albums", "data": null}
{"event_time": "2025-10-07T23:59:04.155874", "where": "spotify:albums", "level": "info", "message": "Fetched 9 albums", "data": null}
{"event_time": "2025-10-07T23:59:04.813019", "where": "spotify:tracks", "level": "info", "message": "Fetched 50 tracks", "data": null}
{"event_time": "2025-10-07T23:59:05.666893", "where": "spotify:albums", "level": "info", "message": "Fetched 20 albums", "data": null}
{"event_time": "2025-10-07T23:59:06.560243", "where": "spotify:albums", "level": "info", "message": "Fetched 20 albums", "data": null}
{"event_time": "2025-10-07T23:59:06.941651", "where": "spotify:albums", "level": "info", "message": "Fetched 10 albums", "data": null}
{"event_time": "2025-10-07T23:59:07.319075", "where": "spotify:tracks", "level": "info", "message": "Fetched 50 tracks", "data": null}
{"event_time": "2025-10-07T23:59:08.095320", "where": "spotify:albums", "level": "info", "message": "Fetched 20 albums", "data": null}
{"event_time": "2025-10-07T23:59:08.820466", "where": "spotify:albums", "level": "info", "message": "Fetched 20 albums", "data": null}
{"event_time": "2025-10-07T23:59:09.315813", "where": "spotify:albums", "level": "info", "message": "Fetched 10 albums", "data": null}
{"event_time": "2025-10-07T23:59:09.926904", "where": "spotify:tracks", "level": "info", "message": "Fetched 49 tracks", "data": null}
{"event_time": "2025-10-07T23:59:11.068597", "where": "spotify:albums", "level": "info", "message": "Fetched 20 albums", "data": null}
{"event_time": "2025-10-07T23:59:11.892804", "where": "spotify:albums", "level": "info", "message": "Fetched 20 albums", "data": null}
{"event_time": "2025-10-07T23:59:12.398151", "where": "spotify:albums", "level": "info", "message": "Fetched 9 albums", "data": null}
{"event_time": "2025-10-07T23:59:12.810091", "where": "spotify:tracks", "level": "info", "message": "Fetched 49 tracks", "data": null}
{"event_time": "2025-10-07T23:59:13.991704", "where": "spotify:albums", "level": "info", "message": "Fetched 20 albums", "data": null}
{"event_time": "2025-10-07T23:59:14.982606", "where": "spotify:albums", "level": "info", "message": "Fetched 20 albums", "data": null}
{"event_time": "2025-10-07T23:59:15.538172", "where": "spotify:albums", "level": "info", "message": "Fetched 7 albums", "data": null}
{"event_time": "2025-10-07T23:59:16.058092", "where": "spotify:tracks", "level": "info", "message": "Fetched 49 tracks", "data": null}
{"event_time": "2025-10-07T23:59:17.066032", "where": "spotify:albums", "level": "info", "message": "Fetched 20 albums", "data": null}
{"event_time": "2025-10-07T23:59:17.612587", "where": "spotify:albums", "level": "info", "message": "Fetched 20 albums", "data": null}
{"event_time": "2025-10-07T23:59:17.973090", "where": "spotify:albums", "level": "info", "message": "Fetched 7 albums", "data": null}
{"event_time": "2025-10-07T23:59:18.519094", "where": "spotify:tracks", "level": "info", "message": "Fetched 50 tracks", "data": null}
{"event_time": "2025-10-07T23:59:18.713273", "where": "spotify:tracks", "level": "info", "message": "Fetched 1 tracks", "data": null}
{"event_time": "2025-10-07T23:59:19.667958", "where": "spotify:albums", "level": "info", "message": "Fetched 20 albums", "data": null}
{"event_time": "2025-10-07T23:59:20.620870", "where": "spotify:albums", "level": "info", "message": "Fetched 20 albums", "data": null}
{"event_time": "2025-10-07T23:59:21.272467", "where": "spotify:albums", "level": "info", "message": "Fetched 9 albums", "data": null}
{"event_time": "2025-10-07T23:59:21.921048", "where": "spotify:tracks", "level": "info", "message": "Fetched 49 tracks", "data": null}
{"event_time": "2025-10-07T23:59:23.073404", "where": "spotify:albums", "level": "info", "message": "Fetched 20 albums", "data": null}
{"event_time": "2025-10-07T23:59:23.952195", "where": "spotify:albums", "level": "info", "message": "Fetched 20 albums", "data": null}
{"event_time": "2025-10-07T23:59:24.440106", "where": "spotify:albums", "level": "info", "message": "Fetched 9 albums", "data": null}
{"event_time": "2025-10-07T23:59:24.917785", "where": "spotify:tracks", "level": "info", "message": "Fetched 49 tracks", "data": null}
{"event_time": "2025-10-07T23:59:26.332473", "where": "spotify:albums", "level": "info", "message": "Fetched 20 albums", "data": null}
{"event_time": "2025-10-07T23:59:27.217472", "where": "spotify:albums", "level": "info", "message": "Fetched 20 albums", "data": null}
{"event_time": "2025-10-07T23:59:27.777222", "where": "spotify:albums", "level": "info", "message": "Fetched 9 albums", "data": null}
{"event_time": "2025-10-07T23:59:28.337966", "where": "spotify:tracks", "level": "info", "message": "Fetched 50 tracks", "data": null}
{"event_time": "2025-10-07T23:59:29.189397", "where": "spotify:albums", "level": "info", "message": "Fetched 20 albums", "data": null}
{"event_time": "2025-10-07T23:59:30.075484", "where": "spotify:albums", "level": "info", "message": "Fetched 20 albums", "data": null}
{"event_time": "2025-10-07T23:59:30.684967", "where": "spotify:albums", "level": "info", "message": "Fetched 6 albums", "data": null}
{"event_time": "2025-10-07T23:59:31.021243", "where": "spotify:tracks", "level": "info", "message": "Fetched 21 tracks", "data": null}
{"event_time": "2025-10-07T23:59:31.736064", "where": "spotify:albums", "level": "info", "message": "Fetched 20 albums", "data": null}
{"event_time": "2025-10-07T23:59:32.007454", "where": "spotify:albums", "level": "info", "message": "Fetched 1 albums", "data": null}
{"event_time": "2025-10-07T23:59:32.596730", "where": "spotify:tracks", "level": "info", "message": "Fetched 50 tracks", "data": null}
{"event_time": "2025-10-07T23:59:33.206693", "where": "spotify:tracks", "level": "info", "message": "Fetched 50 tracks", "data": null}
{"event_time": "2025-10-07T23:59:33.751318", "where": "spotify:tracks", "level": "info", "message": "Fetched 50 tracks", "data": null}
{"event_time": "2025-10-07T23:59:34.311838", "where": "spotify:tracks", "level": "info", "message": "Fetched 50 tracks", "data": null}
{"event_time": "2025-10-07T23:59:34.879596", "where": "spotify:tracks", "level": "info", "message": "Fetched 50 tracks", "data": null}
{"event_time": "2025-10-07T23:59:35.596157", "where": "spotify:tracks", "level": "info", "message": "Fetched 50 tracks", "data": null}
{"event_time": "2025-10-07T23:59:36.128953", "where": "spotify:tracks", "level": "info", "message": "Fetched 50 tracks", "data": null}
{"event_time": "2025-10-07T23:59:36.722622", "where": "spotify:tracks", "level": "info", "message": "Fetched 50 tracks", "data": null}
{"event_time": "2025-10-07T23:59:37.250916", "where": "spotify:tracks", "level": "info", "message": "Fetched 50 tracks", "data": null}
{"event_time": "2025-10-07T23:59:37.846903", "where": "spotify:tracks", "level": "info", "message": "Fetched 50 tracks", "data": null}
{"event_time": "2025-10-07T23:59:38.462420", "where": "spotify:tracks", "level": "info", "message": "Fetched 50 tracks", "data": null}
{"event_time": "2025-10-07T23:59:38.818660", "where": "spotify:tracks", "level": "info", "message": "Fetched 12 tracks", "data": null}
