{"event_time": "2025-10-03T21:38:49.873916", "where": "sanity", "level": "info", "message": "Starting spotify_sanity_check", "data": null}
{"event_time": "2025-10-03T21:38:50.164034", "where": "sanity", "level": "info", "message": "spotify_sanity_check result: ok=True, msg=ok", "data": null}
{"event_time": "2025-10-03T21:38:50.164235", "where": "sanity", "level": "info", "message": "Starting discogs_sanity_check", "data": null}
{"event_time": "2025-10-03T21:38:50.483133", "where": "sanity", "level": "info", "message": "discogs_sanity_check result: ok=True, msg=ok", "data": null}
{"event_time": "2025-10-03T21:38:50.504336", "where": "enrichment", "level": "info", "message": "Starting run_all()", "data": null}
{"event_time": "2025-10-03T21:39:06.413281", "where": "spotify:artists", "level": "info", "message": "Fetched 3 artists", "data": null}
{"event_time": "2025-10-03T21:39:09.520380", "where": "spotify:shows", "level": "info", "message": "Fetched 10 shows", "data": null}
{"event_time": "2025-10-03T21:39:14.845934", "where": "spotify:audiobooks", "level": "info", "message": "Fetched 10 audiobooks", "data": null}
{"event_time": "2025-10-03T21:39:15.391083", "where": "spotify:artists", "level": "info", "message": "Fetched 20 artists", "data": null}
{"event_time": "2025-10-03T21:39:23.323845", "where": "spotify:artists", "level": "info", "message": "Fetched 9 artists", "data": null}
{"event_time": "2025-10-03T21:39:25.125524", "where": "spotify:artists", "level": "info", "message": "Fetched 17 artists", "data": null}
{"event_time": "2025-10-03T21:39:35.416227", "where": "spotify:shows", "level": "info", "message": "Fetched 28 shows", "data": null}
{"event_time": "2025-10-03T21:39:37.407601", "where": "spotify:audiobooks", "level": "info", "message": "Fetched 4 audiobooks", "data": null}
{"event_time": "2025-10-03T21:39:38.000079", "where": "spotify:tracks", "level": "info", "message": "Fetched 26 tracks", "data": null}
{"event_time": "2025-10-03T21:39:38.802016", "where": "spotify:albums", "level": "info", "message": "Fetched 20 albums", "data": null}
{"event_time": "2025-10-03T21:39:39.251557", "where": "spotify:albums", "level": "info", "message": "Fetched 6 albums", "data": null}
{"event_time": "2025-10-03T21:39:39.641277", "where": "spotify:tracks", "level": "info", "message": "Fetched 24 tracks", "data": null}
{"event_time": "2025-10-03T21:39:40.298591", "where": "spotify:albums", "level": "info", "message": "Fetched 20 albums", "data": null}
{"event_time": "2025-10-03T21:39:40.666315", "where": "spotify:albums", "level": "info", "message": "Fetched 4 albums", "data": null}
{"event_time": "2025-10-03T21:39:41.356999", "where": "spotify:tracks", "level": "info", "message": "Fetched 50 tracks", "data": null}
{"event_time": "2025-10-03T21:39:41.762433", "where": "spotify:albums", "level": "info", "message": "Fetched 20 albums", "data": null}
{"event_time": "2025-10-03T21:39:42.377743", "where": "spotify:albums", "level": "info", "message": "Fetched 20 albums", "data": null}
{"event_time": "2025-10-03T21:39:42.816157", "where": "spotify:albums", "level": "info", "message": "Fetched 10 albums", "data": null}
{"event_time": "2025-10-03T21:39:43.244661", "where": "spotify:tracks", "level": "info", "message": "Fetched 50 tracks", "data": null}
{"event_time": "2025-10-03T21:39:43.936762", "where": "spotify:albums", "level": "info", "message": "Fetched 20 albums", "data": null}
{"event_time": "2025-10-03T21:39:44.500696", "where": "spotify:albums", "level": "info", "message": "Fetched 20 albums", "data": null}
{"event_time": "2025-10-03T21:39:45.045360", "where": "spotify:albums", "level": "info", "message": "Fetched 10 albums", "data": null}
{"event_time": "2025-10-03T21:39:45.578586", "where": "spotify:tracks", "level": "info", "message": "Fetched 50 tracks", "data": null}
{"event_time": "2025-10-03T21:39:46.289117", "where": "spotify:albums", "level": "info", "message": "Fetched 20 albums", "data": null}
{"event_time": "2025-10-03T21:39:47.311291", "where": "spotify:albums", "level": "info", "message": "Fetched 20 albums", "data": null}
{"event_time": "2025-10-03T21:39:47.778371", "where": "spotify:albums", "level": "info", "message": "Fetched 10 albums", "data": null}
{"event_time": "2025-10-03T21:39:48.229857", "where": "spotify:tracks", "level": "info", "message": "Fetched 50 tracks", "data": null}
{"event_time": "2025-10-03T21:39:48.943044", "where": "spotify:albums", "level": "info", "message": "Fetched 20 albums", "data": null}
{"event_time": "2025-10-03T21:39:49.660394", "where": "spotify:albums", "level": "info", "message": "Fetched 20 albums", "data": null}
{"event_time": "2025-10-03T21:39:50.076433", "where": "spotify:albums", "level": "info", "message": "Fetched 9 albums", "data": null}
{"event_time": "2025-10-03T21:39:50.541550", "where": "spotify:tracks", "level": "info", "message": "Fetched 50 tracks", "data": null}
{"event_time": "2025-10-03T21:39:51.200170", "where": "spotify:albums", "level": "info", "message": "Fetched 20 albums", "data": null}
{"event_time": "2025-10-03T21:39:51.975432", "where": "spotify:albums", "level": "info", "message": "Fetched 20 albums", "data": null}
{"event_time": "2025-10-03T21:39:52.339775", "where": "spotify:albums", "level": "info", "message": "Fetched 10 albums", "data": null}
{"event_time": "2025-10-03T21:39:52.784175", "where": "spotify:tracks", "level": "info", "message": "Fetched 50 tracks", "data": null}
{"event_time": "2025-10-03T21:39:53.294161", "where": "spotify:albums", "level": "info", "message": "Fetched 20 albums", "data": null}
{"event_time": "2025-10-03T21:39:54.099815", "where": "spotify:albums", "level": "info", "message": "Fetched 20 albums", "data": null}
{"event_time": "2025-10-03T21:39:54.791514", "where": "spotify:albums", "level": "info", "message": "Fetched 10 albums", "data": null}
{"event_time": "2025-10-03T21:39:55.332841", "where": "spotify:tracks", "level": "info", "message": "Fetched 50 tracks", "data": null}
{"event_time": "2025-10-03T21:39:55.972453", "where": "spotify:albums", "level": "info", "message": "Fetched 20 albums", "data": null}
{"event_time": "2025-10-03T21:39:56.521305", "where": "spotify:albums", "level": "info", "message": "Fetched 20 albums", "data": null}
{"event_time": "2025-10-03T21:39:56.857675", "where": "spotify:albums", "level": "info", "message": "Fetched 10 albums", "data": null}
{"event_time": "2025-10-03T21:39:57.260010", "where": "spotify:tracks", "level": "info", "message": "Fetched 50 tracks", "data": null}
{"event_time": "2025-10-03T21:39:58.267158", "where": "spotify:albums", "level": "info", "message": "Fetched 20 albums", "data": null}
{"event_time": "2025-10-03T21:39:58.947377", "where": "spotify:albums", "level": "info", "message": "Fetched 20 albums", "data": null}
{"event_time": "2025-10-03T21:39:59.855569", "where": "spotify:albums", "level": "info", "message": "Fetched 10 albums", "data": null}
{"event_time": "2025-10-03T21:40:00.495061", "where": "spotify:tracks", "level": "info", "message": "Fetched 50 tracks", "data": null}
{"event_time": "2025-10-03T21:40:01.593985", "where": "spotify:albums", "level": "info", "message": "Fetched 20 albums", "data": null}
{"event_time": "2025-10-03T21:40:02.258084", "where": "spotify:albums", "level": "info", "message": "Fetched 20 albums", "data": null}
{"event_time": "2025-10-03T21:40:02.669711", "where": "spotify:albums", "level": "info", "message": "Fetched 10 albums", "data": null}
{"event_time": "2025-10-03T21:40:03.281902", "where": "spotify:tracks", "level": "info", "message": "Fetched 50 tracks", "data": null}
{"event_time": "2025-10-03T21:40:04.503478", "where": "spotify:albums", "level": "info", "message": "Fetched 20 albums", "data": null}
{"event_time": "2025-10-03T21:40:05.237686", "where": "spotify:albums", "level": "info", "message": "Fetched 20 albums", "data": null}
{"event_time": "2025-10-03T21:40:06.038818", "where": "spotify:albums", "level": "info", "message": "Fetched 10 albums", "data": null}
{"event_time": "2025-10-03T21:40:06.570416", "where": "spotify:tracks", "level": "info", "message": "Fetched 50 tracks", "data": null}
{"event_time": "2025-10-03T21:40:06.746280", "where": "spotify:tracks", "level": "info", "message": "Fetched 1 tracks", "data": null}
{"event_time": "2025-10-03T21:40:07.414755", "where": "spotify:albums", "level": "info", "message": "Fetched 20 albums", "data": null}
{"event_time": "2025-10-03T21:40:08.446416", "where": "spotify:albums", "level": "info", "message": "Fetched 20 albums", "data": null}
{"event_time": "2025-10-03T21:40:08.847018", "where": "spotify:albums", "level": "info", "message": "Fetched 10 albums", "data": null}
{"event_time": "2025-10-03T21:40:09.229946", "where": "spotify:tracks", "level": "info", "message": "Fetched 50 tracks", "data": null}
{"event_time": "2025-10-03T21:40:09.840189", "where": "spotify:albums", "level": "info", "message": "Fetched 20 albums", "data": null}
{"event_time": "2025-10-03T21:40:10.492368", "where": "spotify:albums", "level": "info", "message": "Fetched 20 albums", "data": null}
{"event_time": "2025-10-03T21:40:10.952873", "where": "spotify:albums", "level": "info", "message": "Fetched 10 albums", "data": null}
{"event_time": "2025-10-03T21:40:11.488248", "where": "spotify:tracks", "level": "info", "message": "Fetched 50 tracks", "data": null}
{"event_time": "2025-10-03T21:40:12.359316", "where": "spotify:albums", "level": "info", "message": "Fetched 20 albums", "data": null}
{"event_time": "2025-10-03T21:40:13.118689", "where": "spotify:albums", "level": "info", "message": "Fetched 20 albums", "data": null}
{"event_time": "2025-10-03T21:40:13.558590", "where": "spotify:albums", "level": "info", "message": "Fetched 10 albums", "data": null}
{"event_time": "2025-10-03T21:40:14.132506", "where": "spotify:tracks", "level": "info", "message": "Fetched 50 tracks", "data": null}
{"event_time": "2025-10-03T21:40:14.730587", "where": "spotify:albums", "level": "info", "message": "Fetched 20 albums", "data": null}
{"event_time": "2025-10-03T21:40:15.262138", "where": "spotify:albums", "level": "info", "message": "Fetched 20 albums", "data": null}
{"event_time": "2025-10-03T21:40:15.634420", "where": "spotify:albums", "level": "info", "message": "Fetched 10 albums", "data": null}
{"event_time": "2025-10-03T21:40:15.983258", "where": "spotify:tracks", "level": "info", "message": "Fetched 50 tracks", "data": null}
{"event_time": "2025-10-03T21:40:16.549591", "where": "spotify:albums", "level": "info", "message": "Fetched 20 albums", "data": null}
{"event_time": "2025-10-03T21:40:17.310781", "where": "spotify:albums", "level": "info", "message": "Fetched 20 albums", "data": null}
{"event_time": "2025-10-03T21:40:17.820537", "where": "spotify:albums", "level": "info", "message": "Fetched 10 albums", "data": null}
{"event_time": "2025-10-03T21:40:18.185630", "where": "spotify:tracks", "level": "info", "message": "Fetched 50 tracks", "data": null}
{"event_time": "2025-10-03T21:40:18.621742", "where": "spotify:albums", "level": "info", "message": "Fetched 20 albums", "data": null}
{"event_time": "2025-10-03T21:40:19.154650", "where": "spotify:albums", "level": "info", "message": "Fetched 20 albums", "data": null}
{"event_time": "2025-10-03T21:40:19.609082", "where": "spotify:albums", "level": "info", "message": "Fetched 10 albums", "data": null}
{"event_time": "2025-10-03T21:40:20.170768", "where": "spotify:tracks", "level": "info", "message": "Fetched 50 tracks", "data": null}
{"event_time": "2025-10-03T21:40:20.668885", "where": "spotify:albums", "level": "info", "message": "Fetched 20 albums", "data": null}
{"event_time": "2025-10-03T21:40:21.500113", "where": "spotify:albums", "level": "info", "message": "Fetched 20 albums", "data": null}
{"event_time": "2025-10-03T21:40:21.910131", "where": "spotify:albums", "level": "info", "message": "Fetched 10 albums", "data": null}
{"event_time": "2025-10-03T21:40:22.253180", "where": "spotify:tracks", "level": "info", "message": "Fetched 50 tracks", "data": null}
{"event_time": "2025-10-03T21:40:22.675176", "where": "spotify:albums", "level": "info", "message": "Fetched 20 albums", "data": null}
{"event_time": "2025-10-03T21:40:23.252142", "where": "spotify:albums", "level": "info", "message": "Fetched 20 albums", "data": null}
{"event_time": "2025-10-03T21:40:23.666614", "where": "spotify:albums", "level": "info", "message": "Fetched 10 albums", "data": null}
{"event_time": "2025-10-03T21:40:24.278244", "where": "spotify:tracks", "level": "info", "message": "Fetched 50 tracks", "data": null}
{"event_time": "2025-10-03T21:40:24.889549", "where": "spotify:albums", "level": "info", "message": "Fetched 20 albums", "data": null}
{"event_time": "2025-10-03T21:40:25.497359", "where": "spotify:albums", "level": "info", "message": "Fetched 20 albums", "data": null}
{"event_time": "2025-10-03T21:40:25.985198", "where": "spotify:albums", "level": "info", "message": "Fetched 10 albums", "data": null}
{"event_time": "2025-10-03T21:40:26.490940", "where": "spotify:tracks", "level": "info", "message": "Fetched 50 tracks", "data": null}
{"event_time": "2025-10-03T21:40:27.352334", "where": "spotify:albums", "level": "info", "message": "Fetched 20 albums", "data": null}
{"event_time": "2025-10-03T21:40:27.958934", "where": "spotify:albums", "level": "info", "message": "Fetched 20 albums", "data": null}
{"event_time": "2025-10-03T21:40:28.429466", "where": "spotify:albums", "level": "info", "message": "Fetched 10 albums", "data": null}
{"event_time": "2025-10-03T21:40:28.990451", "where": "spotify:tracks", "level": "info", "message": "Fetched 50 tracks", "data": null}
{"event_time": "2025-10-03T21:40:29.912948", "where": "spotify:albums", "level": "info", "message": "Fetched 20 albums", "data": null}
{"event_time": "2025-10-03T21:40:30.549513", "where": "spotify:albums", "level": "info", "message": "Fetched 20 albums", "data": null}
{"event_time": "2025-10-03T21:40:31.028661", "where": "spotify:albums", "level": "info", "message": "Fetched 10 albums", "data": null}
{"event_time": "2025-10-03T21:40:31.505809", "where": "spotify:tracks", "level": "info", "message": "Fetched 50 tracks", "data": null}
{"event_time": "2025-10-03T21:40:32.243410", "where": "spotify:albums", "level": "info", "message": "Fetched 20 albums", "data": null}
{"event_time": "2025-10-03T21:40:33.155177", "where": "spotify:albums", "level": "info", "message": "Fetched 20 albums", "data": null}
{"event_time": "2025-10-03T21:40:33.411306", "where": "spotify:albums", "level": "info", "message": "Fetched 10 albums", "data": null}
{"event_time": "2025-10-03T21:40:33.920163", "where": "spotify:tracks", "level": "info", "message": "Fetched 50 tracks", "data": null}
{"event_time": "2025-10-03T21:40:34.366976", "where": "spotify:albums", "level": "info", "message": "Fetched 20 albums", "data": null}
{"event_time": "2025-10-03T21:40:34.995823", "where": "spotify:albums", "level": "info", "message": "Fetched 20 albums", "data": null}
{"event_time": "2025-10-03T21:40:35.464768", "where": "spotify:albums", "level": "info", "message": "Fetched 9 albums", "data": null}
{"event_time": "2025-10-03T21:40:35.875539", "where": "spotify:tracks", "level": "info", "message": "Fetched 50 tracks", "data": null}
{"event_time": "2025-10-03T21:40:36.560919", "where": "spotify:albums", "level": "info", "message": "Fetched 20 albums", "data": null}
{"event_time": "2025-10-03T21:40:37.288027", "where": "spotify:albums", "level": "info", "message": "Fetched 20 albums", "data": null}
{"event_time": "2025-10-03T21:40:37.967396", "where": "spotify:albums", "level": "info", "message": "Fetched 10 albums", "data": null}
{"event_time": "2025-10-03T21:40:38.451530", "where": "spotify:tracks", "level": "info", "message": "Fetched 50 tracks", "data": null}
{"event_time": "2025-10-03T21:40:39.121522", "where": "spotify:albums", "level": "info", "message": "Fetched 20 albums", "data": null}
{"event_time": "2025-10-03T21:40:39.944091", "where": "spotify:albums", "level": "info", "message": "Fetched 20 albums", "data": null}
{"event_time": "2025-10-03T21:40:40.334468", "where": "spotify:albums", "level": "info", "message": "Fetched 10 albums", "data": null}
{"event_time": "2025-10-03T21:40:40.751133", "where": "spotify:tracks", "level": "info", "message": "Fetched 50 tracks", "data": null}
{"event_time": "2025-10-03T21:40:41.482448", "where": "spotify:albums", "level": "info", "message": "Fetched 20 albums", "data": null}
{"event_time": "2025-10-03T21:40:42.134558", "where": "spotify:albums", "level": "info", "message": "Fetched 20 albums", "data": null}
{"event_time": "2025-10-03T21:40:42.799343", "where": "spotify:albums", "level": "info", "message": "Fetched 10 albums", "data": null}
{"event_time": "2025-10-03T21:40:43.314012", "where": "spotify:tracks", "level": "info", "message": "Fetched 50 tracks", "data": null}
{"event_time": "2025-10-03T21:40:44.036128", "where": "spotify:albums", "level": "info", "message": "Fetched 20 albums", "data": null}
{"event_time": "2025-10-03T21:40:45.069107", "where": "spotify:albums", "level": "info", "message": "Fetched 20 albums", "data": null}
{"event_time": "2025-10-03T21:40:45.462019", "where": "spotify:albums", "level": "info", "message": "Fetched 10 albums", "data": null}
{"event_time": "2025-10-03T21:40:45.861616", "where": "spotify:tracks", "level": "info", "message": "Fetched 50 tracks", "data": null}
{"event_time": "2025-10-03T21:40:46.496014", "where": "spotify:albums", "level": "info", "message": "Fetched 20 albums", "data": null}
{"event_time": "2025-10-03T21:40:47.007738", "where": "spotify:albums", "level": "info", "message": "Fetched 20 albums", "data": null}
{"event_time": "2025-10-03T21:40:47.490513", "where": "spotify:albums", "level": "info", "message": "Fetched 10 albums", "data": null}
{"event_time": "2025-10-03T21:40:47.846997", "where": "spotify:tracks", "level": "info", "message": "Fetched 50 tracks", "data": null}
{"event_time": "2025-10-03T21:40:48.793658", "where": "spotify:albums", "level": "info", "message": "Fetched 20 albums", "data": null}
{"event_time": "2025-10-03T21:40:49.470107", "where": "spotify:albums", "level": "info", "message": "Fetched 20 albums", "data": null}
{"event_time": "2025-10-03T21:40:49.778690", "where": "spotify:albums", "level": "info", "message": "Fetched 10 albums", "data": null}
{"event_time": "2025-10-03T21:40:50.378529", "where": "spotify:tracks", "level": "info", "message": "Fetched 50 tracks", "data": null}
{"event_time": "2025-10-03T21:40:51.048161", "where": "spotify:albums", "level": "info", "message": "Fetched 20 albums", "data": null}
{"event_time": "2025-10-03T21:40:51.560213", "where": "spotify:albums", "level": "info", "message": "Fetched 20 albums", "data": null}
{"event_time": "2025-10-03T21:40:51.890740", "where": "spotify:albums", "level": "info", "message": "Fetched 10 albums", "data": null}
{"event_time": "2025-10-03T21:40:52.387463", "where": "spotify:tracks", "level": "info", "message": "Fetched 50 tracks", "data": null}
{"event_time": "2025-10-03T21:40:52.899863", "where": "spotify:albums", "level": "info", "message": "Fetched 20 albums", "data": null}
{"event_time": "2025-10-03T21:40:53.771336", "where": "spotify:albums", "level": "info", "message": "Fetched 20 albums", "data": null}
{"event_time": "2025-10-03T21:40:54.097800", "where": "spotify:albums", "level": "info", "message": "Fetched 10 albums", "data": null}
{"event_time": "2025-10-03T21:40:54.483322", "where": "spotify:tracks", "level": "info", "message": "Fetched 50 tracks", "data": null}
{"event_time": "2025-10-03T21:40:55.096380", "where": "spotify:albums", "level": "info", "message": "Fetched 20 albums", "data": null}
{"event_time": "2025-10-03T21:40:55.687016", "where": "spotify:albums", "level": "info", "message": "Fetched 20 albums", "data": null}
{"event_time": "2025-10-03T21:40:55.987782", "where": "spotify:albums", "level": "info", "message": "Fetched 10 albums", "data": null}
{"event_time": "2025-10-03T21:40:56.426445", "where": "spotify:tracks", "level": "info", "message": "Fetched 50 tracks", "data": null}
{"event_time": "2025-10-03T21:40:57.045746", "where": "spotify:albums", "level": "info", "message": "Fetched 20 albums", "data": null}
{"event_time": "2025-10-03T21:40:57.855510", "where": "spotify:albums", "level": "info", "message": "Fetched 20 albums", "data": null}
{"event_time": "2025-10-03T21:40:58.371154", "where": "spotify:albums", "level": "info", "message": "Fetched 10 albums", "data": null}
{"event_time": "2025-10-03T21:40:58.838883", "where": "spotify:tracks", "level": "info", "message": "Fetched 50 tracks", "data": null}
{"event_time": "2025-10-03T21:40:59.399028", "where": "spotify:albums", "level": "info", "message": "Fetched 20 albums", "data": null}
{"event_time": "2025-10-03T21:41:00.226159", "where": "spotify:albums", "level": "info", "message": "Fetched 20 albums", "data": null}
{"event_time": "2025-10-03T21:41:00.834441", "where": "spotify:albums", "level": "info", "message": "Fetched 10 albums", "data": null}
{"event_time": "2025-10-03T21:41:01.437438", "where": "spotify:tracks", "level": "info", "message": "Fetched 50 tracks", "data": null}
{"event_time": "2025-10-03T21:41:02.415986", "where": "spotify:albums", "level": "info", "message": "Fetched 20 albums", "data": null}
{"event_time": "2025-10-03T21:41:03.132951", "where": "spotify:albums", "level": "info", "message": "Fetched 20 albums", "data": null}
{"event_time": "2025-10-03T21:41:03.461589", "where": "spotify:albums", "level": "info", "message": "Fetched 9 albums", "data": null}
{"event_time": "2025-10-03T21:41:03.884142", "where": "spotify:tracks", "level": "info", "message": "Fetched 50 tracks", "data": null}
{"event_time": "2025-10-03T21:41:04.702436", "where": "spotify:albums", "level": "info", "message": "Fetched 20 albums", "data": null}
{"event_time": "2025-10-03T21:41:05.515796", "where": "spotify:albums", "level": "info", "message": "Fetched 20 albums", "data": null}
{"event_time": "2025-10-03T21:41:05.924353", "where": "spotify:albums", "level": "info", "message": "Fetched 9 albums", "data": null}
{"event_time": "2025-10-03T21:41:06.357987", "where": "spotify:tracks", "level": "info", "message": "Fetched 50 tracks", "data": null}
{"event_time": "2025-10-03T21:41:07.078180", "where": "spotify:albums", "level": "info", "message": "Fetched 20 albums", "data": null}
{"event_time": "2025-10-03T21:41:07.900400", "where": "spotify:albums", "level": "info", "message": "Fetched 20 albums", "data": null}
{"event_time": "2025-10-03T21:41:08.407658", "where": "spotify:albums", "level": "info", "message": "Fetched 10 albums", "data": null}
{"event_time": "2025-10-03T21:41:08.879857", "where": "spotify:tracks", "level": "info", "message": "Fetched 50 tracks", "data": null}
{"event_time": "2025-10-03T21:41:09.624657", "where": "spotify:albums", "level": "info", "message": "Fetched 20 albums", "data": null}
{"event_time": "2025-10-03T21:41:10.269333", "where": "spotify:albums", "level": "info", "message": "Fetched 20 albums", "data": null}
{"event_time": "2025-10-03T21:41:10.817822", "where": "spotify:albums", "level": "info", "message": "Fetched 9 albums", "data": null}
{"event_time": "2025-10-03T21:41:11.369767", "where": "spotify:tracks", "level": "info", "message": "Fetched 50 tracks", "data": null}
{"event_time": "2025-10-03T21:41:11.775999", "where": "spotify:tracks", "level": "info", "message": "Fetched 1 tracks", "data": null}
{"event_time": "2025-10-03T21:41:12.364554", "where": "spotify:albums", "level": "info", "message": "Fetched 20 albums", "data": null}
{"event_time": "2025-10-03T21:41:13.022770", "where": "spotify:albums", "level": "info", "message": "Fetched 20 albums", "data": null}
{"event_time": "2025-10-03T21:41:13.492110", "where": "spotify:albums", "level": "info", "message": "Fetched 10 albums", "data": null}
{"event_time": "2025-10-03T21:41:14.035128", "where": "spotify:tracks", "level": "info", "message": "Fetched 50 tracks", "data": null}
{"event_time": "2025-10-03T21:41:15.073357", "where": "spotify:albums", "level": "info", "message": "Fetched 20 albums", "data": null}
{"event_time": "2025-10-03T21:41:15.889306", "where": "spotify:albums", "level": "info", "message": "Fetched 20 albums", "data": null}
{"event_time": "2025-10-03T21:41:16.489900", "where": "spotify:albums", "level": "info", "message": "Fetched 10 albums", "data": null}
{"event_time": "2025-10-03T21:41:22.283130", "where": "spotify:tracks", "level": "info", "message": "Fetched 50 tracks", "data": null}
{"event_time": "2025-10-03T21:41:22.743531", "where": "spotify:albums", "level": "info", "message": "Fetched 20 albums", "data": null}
{"event_time": "2025-10-03T21:41:24.087518", "where": "spotify:albums", "level": "info", "message": "Fetched 20 albums", "data": null}
{"event_time": "2025-10-03T21:41:24.899359", "where": "spotify:albums", "level": "info", "message": "Fetched 10 albums", "data": null}
{"event_time": "2025-10-03T21:41:25.353446", "where": "spotify:tracks", "level": "info", "message": "Fetched 50 tracks", "data": null}
{"event_time": "2025-10-03T21:41:26.129523", "where": "spotify:albums", "level": "info", "message": "Fetched 20 albums", "data": null}
{"event_time": "2025-10-03T21:41:26.566962", "where": "spotify:albums", "level": "info", "message": "Fetched 20 albums", "data": null}
{"event_time": "2025-10-03T21:41:27.142101", "where": "spotify:albums", "level": "info", "message": "Fetched 10 albums", "data": null}
{"event_time": "2025-10-03T21:41:27.859331", "where": "spotify:tracks", "level": "info", "message": "Fetched 50 tracks", "data": null}
{"event_time": "2025-10-03T21:41:28.628892", "where": "spotify:albums", "level": "info", "message": "Fetched 20 albums", "data": null}
{"event_time": "2025-10-03T21:41:29.409911", "where": "spotify:albums", "level": "info", "message": "Fetched 20 albums", "data": null}
{"event_time": "2025-10-03T21:41:29.761023", "where": "spotify:albums", "level": "info", "message": "Fetched 9 albums", "data": null}
{"event_time": "2025-10-03T21:41:30.315987", "where": "spotify:tracks", "level": "info", "message": "Fetched 50 tracks", "data": null}
{"event_time": "2025-10-03T21:41:31.042752", "where": "spotify:albums", "level": "info", "message": "Fetched 20 albums", "data": null}
{"event_time": "2025-10-03T21:41:31.778796", "where": "spotify:albums", "level": "info", "message": "Fetched 20 albums", "data": null}
{"event_time": "2025-10-03T21:41:32.262747", "where": "spotify:albums", "level": "info", "message": "Fetched 10 albums", "data": null}
{"event_time": "2025-10-03T21:41:32.647945", "where": "spotify:tracks", "level": "info", "message": "Fetched 50 tracks", "data": null}
{"event_time": "2025-10-03T21:41:33.290064", "where": "spotify:albums", "level": "info", "message": "Fetched 20 albums", "data": null}
{"event_time": "2025-10-03T21:41:33.923390", "where": "spotify:albums", "level": "info", "message": "Fetched 20 albums", "data": null}
{"event_time": "2025-10-03T21:41:34.502488", "where": "spotify:albums", "level": "info", "message": "Fetched 10 albums", "data": null}
{"event_time": "2025-10-03T21:41:35.027072", "where": "spotify:tracks", "level": "info", "message": "Fetched 50 tracks", "data": null}
{"event_time": "2025-10-03T21:41:35.683429", "where": "spotify:albums", "level": "info", "message": "Fetched 20 albums", "data": null}
{"event_time": "2025-10-03T21:41:36.155388", "where": "spotify:albums", "level": "info", "message": "Fetched 20 albums", "data": null}
{"event_time": "2025-10-03T21:41:36.665605", "where": "spotify:albums", "level": "info", "message": "Fetched 10 albums", "data": null}
{"event_time": "2025-10-03T21:41:37.177211", "where": "spotify:tracks", "level": "info", "message": "Fetched 50 tracks", "data": null}
{"event_time": "2025-10-03T21:41:37.687362", "where": "spotify:albums", "level": "info", "message": "Fetched 20 albums", "data": null}
{"event_time": "2025-10-03T21:41:38.063483", "where": "spotify:albums", "level": "info", "message": "Fetched 20 albums", "data": null}
{"event_time": "2025-10-03T21:41:38.350369", "where": "spotify:albums", "level": "info", "message": "Fetched 10 albums", "data": null}
{"event_time": "2025-10-03T21:41:38.799404", "where": "spotify:tracks", "level": "info", "message": "Fetched 50 tracks", "data": null}
{"event_time": "2025-10-03T21:41:39.229810", "where": "spotify:albums", "level": "info", "message": "Fetched 20 albums", "data": null}
{"event_time": "2025-10-03T21:41:39.948790", "where": "spotify:albums", "level": "info", "message": "Fetched 20 albums", "data": null}
{"event_time": "2025-10-03T21:41:40.460396", "where": "spotify:albums", "level": "info", "message": "Fetched 10 albums", "data": null}
{"event_time": "2025-10-03T21:41:40.862700", "where": "spotify:tracks", "level": "info", "message": "Fetched 50 tracks", "data": null}
{"event_time": "2025-10-03T21:41:41.491499", "where": "spotify:albums", "level": "info", "message": "Fetched 20 albums", "data": null}
{"event_time": "2025-10-03T21:41:42.412501", "where": "spotify:albums", "level": "info", "message": "Fetched 20 albums", "data": null}
{"event_time": "2025-10-03T21:41:43.058767", "where": "spotify:albums", "level": "info", "message": "Fetched 10 albums", "data": null}
{"event_time": "2025-10-03T21:41:43.481612", "where": "spotify:tracks", "level": "info", "message": "Fetched 50 tracks", "data": null}
{"event_time": "2025-10-03T21:41:44.357085", "where": "spotify:albums", "level": "info", "message": "Fetched 20 albums", "data": null}
{"event_time": "2025-10-03T21:41:45.069844", "where": "spotify:albums", "level": "info", "message": "Fetched 20 albums", "data": null}
{"event_time": "2025-10-03T21:41:45.493284", "where": "spotify:albums", "level": "info", "message": "Fetched 10 albums", "data": null}
{"event_time": "2025-10-03T21:41:45.872878", "where": "spotify:tracks", "level": "info", "message": "Fetched 50 tracks", "data": null}
{"event_time": "2025-10-03T21:41:46.640754", "where": "spotify:albums", "level": "info", "message": "Fetched 20 albums", "data": null}
{"event_time": "2025-10-03T21:41:47.205603", "where": "spotify:albums", "level": "info", "message": "Fetched 20 albums", "data": null}
{"event_time": "2025-10-03T21:41:47.928580", "where": "spotify:albums", "level": "info", "message": "Fetched 10 albums", "data": null}
{"event_time": "2025-10-03T21:41:48.372130", "where": "spotify:tracks", "level": "info", "message": "Fetched 50 tracks", "data": null}
{"event_time": "2025-10-03T21:41:48.897126", "where": "spotify:albums", "level": "info", "message": "Fetched 20 albums", "data": null}
{"event_time": "2025-10-03T21:41:49.494023", "where": "spotify:albums", "level": "info", "message": "Fetched 20 albums", "data": null}
{"event_time": "2025-10-03T21:41:50.087919", "where": "spotify:albums", "level": "info", "message": "Fetched 10 albums", "data": null}
{"event_time": "2025-10-03T21:41:50.593786", "where": "spotify:tracks", "level": "info", "message": "Fetched 50 tracks", "data": null}
{"event_time": "2025-10-03T21:41:51.361365", "where": "spotify:albums", "level": "info", "message": "Fetched 20 albums", "data": null}
{"event_time": "2025-10-03T21:41:52.140506", "where": "spotify:albums", "level": "info", "message": "Fetched 20 albums", "data": null}
{"event_time": "2025-10-03T21:41:52.563428", "where": "spotify:albums", "level": "info", "message": "Fetched 10 albums", "data": null}
{"event_time": "2025-10-03T21:41:52.989793", "where": "spotify:tracks", "level": "info", "message": "Fetched 50 tracks", "data": null}
{"event_time": "2025-10-03T21:41:54.189941", "where": "spotify:albums", "level": "info", "message": "Fetched 20 albums", "data": null}
{"event_time": "2025-10-03T21:41:54.962733", "where": "spotify:albums", "level": "info", "message": "Fetched 20 albums", "data": null}
{"event_time": "2025-10-03T21:41:55.523979", "where": "spotify:albums", "level": "info", "message": "Fetched 10 albums", "data": null}
{"event_time": "2025-10-03T21:41:56.024312", "where": "spotify:tracks", "level": "info", "message": "Fetched 50 tracks", "data": null}
{"event_time": "2025-10-03T21:41:57.055416", "where": "spotify:albums", "level": "info", "message": "Fetched 20 albums", "data": null}
{"event_time": "2025-10-03T21:41:57.879772", "where": "spotify:albums", "level": "info", "message": "Fetched 20 albums", "data": null}
{"event_time": "2025-10-03T21:41:58.377312", "where": "spotify:albums", "level": "info", "message": "Fetched 10 albums", "data": null}
{"event_time": "2025-10-03T21:41:58.761392", "where": "spotify:tracks", "level": "info", "message": "Fetched 50 tracks", "data": null}
{"event_time": "2025-10-03T21:41:59.499041", "where": "spotify:albums", "level": "info", "message": "Fetched 20 albums", "data": null}
{"event_time": "2025-10-03T21:41:59.916722", "where": "spotify:albums", "level": "info", "message": "Fetched 20 albums", "data": null}
{"event_time": "2025-10-03T21:42:00.188953", "where": "spotify:albums", "level": "info", "message": "Fetched 10 albums", "data": null}
{"event_time": "2025-10-03T21:42:00.666612", "where": "spotify:tracks", "level": "info", "message": "Fetched 50 tracks", "data": null}
{"event_time": "2025-10-03T21:42:01.250401", "where": "spotify:albums", "level": "info", "message": "Fetched 20 albums", "data": null}
{"event_time": "2025-10-03T21:42:01.860752", "where": "spotify:albums", "level": "info", "message": "Fetched 20 albums", "data": null}
{"event_time": "2025-10-03T21:42:02.365937", "where": "spotify:albums", "level": "info", "message": "Fetched 10 albums", "data": null}
{"event_time": "2025-10-03T21:42:02.791809", "where": "spotify:tracks", "level": "info", "message": "Fetched 50 tracks", "data": null}
{"event_time": "2025-10-03T21:42:03.502276", "where": "spotify:albums", "level": "info", "message": "Fetched 20 albums", "data": null}
{"event_time": "2025-10-03T21:42:04.004582", "where": "spotify:albums", "level": "info", "message": "Fetched 20 albums", "data": null}
{"event_time": "2025-10-03T21:42:04.298866", "where": "spotify:albums", "level": "info", "message": "Fetched 10 albums", "data": null}
{"event_time": "2025-10-03T21:42:04.825993", "where": "spotify:tracks", "level": "info", "message": "Fetched 49 tracks", "data": null}
{"event_time": "2025-10-03T21:42:05.845846", "where": "spotify:albums", "level": "info", "message": "Fetched 20 albums", "data": null}
{"event_time": "2025-10-03T21:42:06.535932", "where": "spotify:albums", "level": "info", "message": "Fetched 20 albums", "data": null}
{"event_time": "2025-10-03T21:42:06.980942", "where": "spotify:albums", "level": "info", "message": "Fetched 9 albums", "data": null}
{"event_time": "2025-10-03T21:42:07.360086", "where": "spotify:tracks", "level": "info", "message": "Fetched 50 tracks", "data": null}
{"event_time": "2025-10-03T21:42:08.031657", "where": "spotify:albums", "level": "info", "message": "Fetched 20 albums", "data": null}
{"event_time": "2025-10-03T21:42:08.571887", "where": "spotify:albums", "level": "info", "message": "Fetched 20 albums", "data": null}
{"event_time": "2025-10-03T21:42:09.130483", "where": "spotify:albums", "level": "info", "message": "Fetched 10 albums", "data": null}
{"event_time": "2025-10-03T21:42:09.617551", "where": "spotify:tracks", "level": "info", "message": "Fetched 50 tracks", "data": null}
{"event_time": "2025-10-03T21:42:10.476607", "where": "spotify:albums", "level": "info", "message": "Fetched 20 albums", "data": null}
{"event_time": "2025-10-03T21:42:11.198009", "where": "spotify:albums", "level": "info", "message": "Fetched 20 albums", "data": null}
{"event_time": "2025-10-03T21:42:11.635757", "where": "spotify:albums", "level": "info", "message": "Fetched 10 albums", "data": null}
{"event_time": "2025-10-03T21:42:12.200277", "where": "spotify:tracks", "level": "info", "message": "Fetched 50 tracks", "data": null}
{"event_time": "2025-10-03T21:42:12.953695", "where": "spotify:albums", "level": "info", "message": "Fetched 20 albums", "data": null}
{"event_time": "2025-10-03T21:42:13.978711", "where": "spotify:albums", "level": "info", "message": "Fetched 20 albums", "data": null}
{"event_time": "2025-10-03T21:42:14.505231", "where": "spotify:albums", "level": "info", "message": "Fetched 10 albums", "data": null}
{"event_time": "2025-10-03T21:42:14.962451", "where": "spotify:tracks", "level": "info", "message": "Fetched 50 tracks", "data": null}
{"event_time": "2025-10-03T21:42:15.783612", "where": "spotify:albums", "level": "info", "message": "Fetched 20 albums", "data": null}
{"event_time": "2025-10-03T21:42:16.919917", "where": "spotify:albums", "level": "info", "message": "Fetched 20 albums", "data": null}
{"event_time": "2025-10-03T21:42:17.424786", "where": "spotify:albums", "level": "info", "message": "Fetched 10 albums", "data": null}
{"event_time": "2025-10-03T21:42:17.932474", "where": "spotify:tracks", "level": "info", "message": "Fetched 50 tracks", "data": null}
{"event_time": "2025-10-03T21:42:18.666182", "where": "spotify:albums", "level": "info", "message": "Fetched 20 albums", "data": null}
{"event_time": "2025-10-03T21:42:19.892024", "where": "spotify:albums", "level": "info", "message": "Fetched 20 albums", "data": null}
{"event_time": "2025-10-03T21:42:20.399744", "where": "spotify:albums", "level": "info", "message": "Fetched 10 albums", "data": null}
{"event_time": "2025-10-03T21:42:20.906364", "where": "spotify:tracks", "level": "info", "message": "Fetched 50 tracks", "data": null}
{"event_time": "2025-10-03T21:42:21.613195", "where": "spotify:albums", "level": "info", "message": "Fetched 20 albums", "data": null}
{"event_time": "2025-10-03T21:42:22.274370", "where": "spotify:albums", "level": "info", "message": "Fetched 20 albums", "data": null}
{"event_time": "2025-10-03T21:42:22.965195", "where": "spotify:albums", "level": "info", "message": "Fetched 9 albums", "data": null}
{"event_time": "2025-10-03T21:42:23.427039", "where": "spotify:tracks", "level": "info", "message": "Fetched 50 tracks", "data": null}
{"event_time": "2025-10-03T21:42:24.289058", "where": "spotify:albums", "level": "info", "message": "Fetched 20 albums", "data": null}
{"event_time": "2025-10-03T21:42:25.215420", "where": "spotify:albums", "level": "info", "message": "Fetched 20 albums", "data": null}
{"event_time": "2025-10-03T21:42:25.821402", "where": "spotify:albums", "level": "info", "message": "Fetched 10 albums", "data": null}
{"event_time": "2025-10-03T21:42:26.169484", "where": "spotify:tracks", "level": "info", "message": "Fetched 50 tracks", "data": null}
{"event_time": "2025-10-03T21:42:26.643011", "where": "spotify:albums", "level": "info", "message": "Fetched 20 albums", "data": null}
{"event_time": "2025-10-03T21:42:27.157481", "where": "spotify:albums", "level": "info", "message": "Fetched 20 albums", "data": null}
{"event_time": "2025-10-03T21:42:27.510216", "where": "spotify:albums", "level": "info", "message": "Fetched 10 albums", "data": null}
{"event_time": "2025-10-03T21:42:27.980261", "where": "spotify:tracks", "level": "info", "message": "Fetched 50 tracks", "data": null}
{"event_time": "2025-10-03T21:42:28.611686", "where": "spotify:albums", "level": "info", "message": "Fetched 20 albums", "data": null}
{"event_time": "2025-10-03T21:42:29.413286", "where": "spotify:albums", "level": "info", "message": "Fetched 20 albums", "data": null}
{"event_time": "2025-10-03T21:42:29.711558", "where": "spotify:albums", "level": "info", "message": "Fetched 10 albums", "data": null}
{"event_time": "2025-10-03T21:42:30.112137", "where": "spotify:tracks", "level": "info", "message": "Fetched 50 tracks", "data": null}
{"event_time": "2025-10-03T21:42:30.682180", "where": "spotify:albums", "level": "info", "message": "Fetched 20 albums", "data": null}
{"event_time": "2025-10-03T21:42:31.497207", "where": "spotify:albums", "level": "info", "message": "Fetched 20 albums", "data": null}
{"event_time": "2025-10-03T21:42:31.961715", "where": "spotify:albums", "level": "info", "message": "Fetched 10 albums", "data": null}
{"event_time": "2025-10-03T21:42:32.476901", "where": "spotify:tracks", "level": "info", "message": "Fetched 50 tracks", "data": null}
{"event_time": "2025-10-03T21:42:33.183369", "where": "spotify:albums", "level": "info", "message": "Fetched 20 albums", "data": null}
{"event_time": "2025-10-03T21:42:33.756700", "where": "spotify:albums", "level": "info", "message": "Fetched 20 albums", "data": null}
{"event_time": "2025-10-03T21:42:34.026789", "where": "spotify:albums", "level": "info", "message": "Fetched 9 albums", "data": null}
{"event_time": "2025-10-03T21:42:34.420873", "where": "spotify:tracks", "level": "info", "message": "Fetched 50 tracks", "data": null}
{"event_time": "2025-10-03T21:42:35.153141", "where": "spotify:albums", "level": "info", "message": "Fetched 20 albums", "data": null}
{"event_time": "2025-10-03T21:42:35.648261", "where": "spotify:albums", "level": "info", "message": "Fetched 20 albums", "data": null}
{"event_time": "2025-10-03T21:42:35.990984", "where": "spotify:albums", "level": "info", "message": "Fetched 10 albums", "data": null}
{"event_time": "2025-10-03T21:42:36.418485", "where": "spotify:tracks", "level": "info", "message": "Fetched 50 tracks", "data": null}
{"event_time": "2025-10-03T21:42:36.843971", "where": "spotify:albums", "level": "info", "message": "Fetched 20 albums", "data": null}
{"event_time": "2025-10-03T21:42:37.234251", "where": "spotify:albums", "level": "info", "message": "Fetched 20 albums", "data": null}
{"event_time": "2025-10-03T21:42:37.687813", "where": "spotify:albums", "level": "info", "message": "Fetched 10 albums", "data": null}
{"event_time": "2025-10-03T21:42:38.193972", "where": "spotify:tracks", "level": "info", "message": "Fetched 50 tracks", "data": null}
{"event_time": "2025-10-03T21:42:38.816435", "where": "spotify:albums", "level": "info", "message": "Fetched 20 albums", "data": null}
{"event_time": "2025-10-03T21:42:39.537185", "where": "spotify:albums", "level": "info", "message": "Fetched 20 albums", "data": null}
{"event_time": "2025-10-03T21:42:39.899037", "where": "spotify:albums", "level": "info", "message": "Fetched 10 albums", "data": null}
{"event_time": "2025-10-03T21:42:40.370555", "where": "spotify:tracks", "level": "info", "message": "Fetched 50 tracks", "data": null}
{"event_time": "2025-10-03T21:42:40.557015", "where": "spotify:tracks", "level": "info", "message": "Fetched 1 tracks", "data": null}
{"event_time": "2025-10-03T21:42:41.495407", "where": "spotify:albums", "level": "info", "message": "Fetched 20 albums", "data": null}
{"event_time": "2025-10-03T21:42:42.149501", "where": "spotify:albums", "level": "info", "message": "Fetched 20 albums", "data": null}
{"event_time": "2025-10-03T21:42:42.543851", "where": "spotify:albums", "level": "info", "message": "Fetched 10 albums", "data": null}
{"event_time": "2025-10-03T21:42:43.129569", "where": "spotify:tracks", "level": "info", "message": "Fetched 50 tracks", "data": null}
{"event_time": "2025-10-03T21:42:43.828805", "where": "spotify:albums", "level": "info", "message": "Fetched 20 albums", "data": null}
{"event_time": "2025-10-03T21:42:44.985357", "where": "spotify:albums", "level": "info", "message": "Fetched 20 albums", "data": null}
{"event_time": "2025-10-03T21:42:45.334542", "where": "spotify:albums", "level": "info", "message": "Fetched 10 albums", "data": null}
{"event_time": "2025-10-03T21:42:45.790775", "where": "spotify:tracks", "level": "info", "message": "Fetched 50 tracks", "data": null}
{"event_time": "2025-10-03T21:42:46.302219", "where": "spotify:albums", "level": "info", "message": "Fetched 20 albums", "data": null}
{"event_time": "2025-10-03T21:42:47.538821", "where": "spotify:albums", "level": "info", "message": "Fetched 20 albums", "data": null}
{"event_time": "2025-10-03T21:42:48.039599", "where": "spotify:albums", "level": "info", "message": "Fetched 10 albums", "data": null}
{"event_time": "2025-10-03T21:42:48.500367", "where": "spotify:tracks", "level": "info", "message": "Fetched 50 tracks", "data": null}
{"event_time": "2025-10-03T21:42:48.987844", "where": "spotify:albums", "level": "info", "message": "Fetched 20 albums", "data": null}
{"event_time": "2025-10-03T21:42:49.614633", "where": "spotify:albums", "level": "info", "message": "Fetched 20 albums", "data": null}
{"event_time": "2025-10-03T21:42:50.059179", "where": "spotify:albums", "level": "info", "message": "Fetched 10 albums", "data": null}
{"event_time": "2025-10-03T21:42:50.515872", "where": "spotify:tracks", "level": "info", "message": "Fetched 50 tracks", "data": null}
{"event_time": "2025-10-03T21:42:51.327275", "where": "spotify:albums", "level": "info", "message": "Fetched 20 albums", "data": null}
{"event_time": "2025-10-03T21:42:52.148218", "where": "spotify:albums", "level": "info", "message": "Fetched 20 albums", "data": null}
{"event_time": "2025-10-03T21:42:52.462488", "where": "spotify:albums", "level": "info", "message": "Fetched 10 albums", "data": null}
{"event_time": "2025-10-03T21:42:52.960014", "where": "spotify:tracks", "level": "info", "message": "Fetched 50 tracks", "data": null}
{"event_time": "2025-10-03T21:42:53.472672", "where": "spotify:albums", "level": "info", "message": "Fetched 20 albums", "data": null}
{"event_time": "2025-10-03T21:42:54.726364", "where": "spotify:albums", "level": "info", "message": "Fetched 20 albums", "data": null}
{"event_time": "2025-10-03T21:42:55.288442", "where": "spotify:albums", "level": "info", "message": "Fetched 10 albums", "data": null}
{"event_time": "2025-10-03T21:42:55.738828", "where": "spotify:tracks", "level": "info", "message": "Fetched 50 tracks", "data": null}
{"event_time": "2025-10-03T21:42:56.579614", "where": "spotify:albums", "level": "info", "message": "Fetched 20 albums", "data": null}
{"event_time": "2025-10-03T21:42:57.369229", "where": "spotify:albums", "level": "info", "message": "Fetched 20 albums", "data": null}
{"event_time": "2025-10-03T21:42:57.973763", "where": "spotify:albums", "level": "info", "message": "Fetched 10 albums", "data": null}
{"event_time": "2025-10-03T21:42:58.404625", "where": "spotify:tracks", "level": "info", "message": "Fetched 50 tracks", "data": null}
{"event_time": "2025-10-03T21:42:59.048815", "where": "spotify:albums", "level": "info", "message": "Fetched 20 albums", "data": null}
{"event_time": "2025-10-03T21:43:00.040734", "where": "spotify:albums", "level": "info", "message": "Fetched 20 albums", "data": null}
{"event_time": "2025-10-03T21:43:00.491587", "where": "spotify:albums", "level": "info", "message": "Fetched 10 albums", "data": null}
{"event_time": "2025-10-03T21:43:00.946265", "where": "spotify:tracks", "level": "info", "message": "Fetched 50 tracks", "data": null}
{"event_time": "2025-10-03T21:43:01.891595", "where": "spotify:albums", "level": "info", "message": "Fetched 20 albums", "data": null}
{"event_time": "2025-10-03T21:43:02.504065", "where": "spotify:albums", "level": "info", "message": "Fetched 20 albums", "data": null}
{"event_time": "2025-10-03T21:43:02.990928", "where": "spotify:albums", "level": "info", "message": "Fetched 9 albums", "data": null}
{"event_time": "2025-10-03T21:43:03.401886", "where": "spotify:tracks", "level": "info", "message": "Fetched 50 tracks", "data": null}
{"event_time": "2025-10-03T21:43:04.019144", "where": "spotify:albums", "level": "info", "message": "Fetched 20 albums", "data": null}
{"event_time": "2025-10-03T21:43:04.647130", "where": "spotify:albums", "level": "info", "message": "Fetched 20 albums", "data": null}
{"event_time": "2025-10-03T21:43:05.146440", "where": "spotify:albums", "level": "info", "message": "Fetched 10 albums", "data": null}
{"event_time": "2025-10-03T21:43:05.554485", "where": "spotify:tracks", "level": "info", "message": "Fetched 50 tracks", "data": null}
{"event_time": "2025-10-03T21:43:06.499148", "where": "spotify:albums", "level": "info", "message": "Fetched 20 albums", "data": null}
{"event_time": "2025-10-03T21:43:07.369338", "where": "spotify:albums", "level": "info", "message": "Fetched 20 albums", "data": null}
{"event_time": "2025-10-03T21:43:07.817190", "where": "spotify:albums", "level": "info", "message": "Fetched 10 albums", "data": null}
{"event_time": "2025-10-03T21:43:08.185944", "where": "spotify:tracks", "level": "info", "message": "Fetched 50 tracks", "data": null}
{"event_time": "2025-10-03T21:43:08.636221", "where": "spotify:albums", "level": "info", "message": "Fetched 20 albums", "data": null}
{"event_time": "2025-10-03T21:43:09.244965", "where": "spotify:albums", "level": "info", "message": "Fetched 20 albums", "data": null}
{"event_time": "2025-10-03T21:43:09.855597", "where": "spotify:albums", "level": "info", "message": "Fetched 10 albums", "data": null}
{"event_time": "2025-10-03T21:43:10.362827", "where": "spotify:tracks", "level": "info", "message": "Fetched 50 tracks", "data": null}
{"event_time": "2025-10-03T21:43:10.565498", "where": "spotify:tracks", "level": "info", "message": "Fetched 1 tracks", "data": null}
{"event_time": "2025-10-03T21:43:11.499524", "where": "spotify:albums", "level": "info", "message": "Fetched 20 albums", "data": null}
{"event_time": "2025-10-03T21:43:12.322327", "where": "spotify:albums", "level": "info", "message": "Fetched 20 albums", "data": null}
{"event_time": "2025-10-03T21:43:12.931968", "where": "spotify:albums", "level": "info", "message": "Fetched 10 albums", "data": null}
{"event_time": "2025-10-03T21:43:13.309332", "where": "spotify:tracks", "level": "info", "message": "Fetched 49 tracks", "data": null}
{"event_time": "2025-10-03T21:43:14.267400", "where": "spotify:albums", "level": "info", "message": "Fetched 20 albums", "data": null}
{"event_time": "2025-10-03T21:43:14.986674", "where": "spotify:albums", "level": "info", "message": "Fetched 20 albums", "data": null}
{"event_time": "2025-10-03T21:43:15.354157", "where": "spotify:albums", "level": "info", "message": "Fetched 9 albums", "data": null}
{"event_time": "2025-10-03T21:43:15.892680", "where": "spotify:tracks", "level": "info", "message": "Fetched 50 tracks", "data": null}
{"event_time": "2025-10-03T21:43:16.495921", "where": "spotify:albums", "level": "info", "message": "Fetched 20 albums", "data": null}
{"event_time": "2025-10-03T21:43:17.128865", "where": "spotify:albums", "level": "info", "message": "Fetched 20 albums", "data": null}
{"event_time": "2025-10-03T21:43:17.602311", "where": "spotify:albums", "level": "info", "message": "Fetched 10 albums", "data": null}
{"event_time": "2025-10-03T21:43:17.981397", "where": "spotify:tracks", "level": "info", "message": "Fetched 50 tracks", "data": null}
{"event_time": "2025-10-03T21:43:18.639070", "where": "spotify:albums", "level": "info", "message": "Fetched 20 albums", "data": null}
{"event_time": "2025-10-03T21:43:19.492930", "where": "spotify:albums", "level": "info", "message": "Fetched 20 albums", "data": null}
{"event_time": "2025-10-03T21:43:19.969451", "where": "spotify:albums", "level": "info", "message": "Fetched 10 albums", "data": null}
{"event_time": "2025-10-03T21:43:20.311581", "where": "spotify:tracks", "level": "info", "message": "Fetched 50 tracks", "data": null}
{"event_time": "2025-10-03T21:43:20.917958", "where": "spotify:albums", "level": "info", "message": "Fetched 20 albums", "data": null}
{"event_time": "2025-10-03T21:43:21.498018", "where": "spotify:albums", "level": "info", "message": "Fetched 20 albums", "data": null}
{"event_time": "2025-10-03T21:43:21.817082", "where": "spotify:albums", "level": "info", "message": "Fetched 10 albums", "data": null}
{"event_time": "2025-10-03T21:43:26.606916", "where": "spotify:tracks", "level": "info", "message": "Fetched 50 tracks", "data": null}
{"event_time": "2025-10-03T21:43:27.271221", "where": "spotify:albums", "level": "info", "message": "Fetched 20 albums", "data": null}
{"event_time": "2025-10-03T21:43:28.295848", "where": "spotify:albums", "level": "info", "message": "Fetched 20 albums", "data": null}
{"event_time": "2025-10-03T21:43:28.837039", "where": "spotify:albums", "level": "info", "message": "Fetched 10 albums", "data": null}
{"event_time": "2025-10-03T21:43:29.233233", "where": "spotify:tracks", "level": "info", "message": "Fetched 50 tracks", "data": null}
{"event_time": "2025-10-03T21:43:29.893329", "where": "spotify:albums", "level": "info", "message": "Fetched 20 albums", "data": null}
{"event_time": "2025-10-03T21:43:30.437003", "where": "spotify:albums", "level": "info", "message": "Fetched 20 albums", "data": null}
{"event_time": "2025-10-03T21:43:30.765287", "where": "spotify:albums", "level": "info", "message": "Fetched 10 albums", "data": null}
{"event_time": "2025-10-03T21:43:31.252816", "where": "spotify:tracks", "level": "info", "message": "Fetched 50 tracks", "data": null}
{"event_time": "2025-10-03T21:43:31.769234", "where": "spotify:albums", "level": "info", "message": "Fetched 20 albums", "data": null}
{"event_time": "2025-10-03T21:43:32.220058", "where": "spotify:albums", "level": "info", "message": "Fetched 20 albums", "data": null}
{"event_time": "2025-10-03T21:43:32.572415", "where": "spotify:albums", "level": "info", "message": "Fetched 10 albums", "data": null}
{"event_time": "2025-10-03T21:43:32.934425", "where": "spotify:tracks", "level": "info", "message": "Fetched 50 tracks", "data": null}
{"event_time": "2025-10-03T21:43:33.441616", "where": "spotify:albums", "level": "info", "message": "Fetched 20 albums", "data": null}
{"event_time": "2025-10-03T21:43:34.126734", "where": "spotify:albums", "level": "info", "message": "Fetched 20 albums", "data": null}
{"event_time": "2025-10-03T21:43:34.484924", "where": "spotify:albums", "level": "info", "message": "Fetched 10 albums", "data": null}
{"event_time": "2025-10-03T21:43:34.998641", "where": "spotify:tracks", "level": "info", "message": "Fetched 50 tracks", "data": null}
{"event_time": "2025-10-03T21:43:35.489074", "where": "spotify:albums", "level": "info", "message": "Fetched 20 albums", "data": null}
{"event_time": "2025-10-03T21:43:36.072709", "where": "spotify:albums", "level": "info", "message": "Fetched 20 albums", "data": null}
{"event_time": "2025-10-03T21:43:36.383495", "where": "spotify:albums", "level": "info", "message": "Fetched 10 albums", "data": null}
{"event_time": "2025-10-03T21:43:36.752407", "where": "spotify:tracks", "level": "info", "message": "Fetched 50 tracks", "data": null}
{"event_time": "2025-10-03T21:43:37.303016", "where": "spotify:albums", "level": "info", "message": "Fetched 20 albums", "data": null}
{"event_time": "2025-10-03T21:43:38.263921", "where": "spotify:albums", "level": "info", "message": "Fetched 20 albums", "data": null}
{"event_time": "2025-10-03T21:43:38.579590", "where": "spotify:albums", "level": "info", "message": "Fetched 10 albums", "data": null}
{"event_time": "2025-10-03T21:43:38.952714", "where": "spotify:tracks", "level": "info", "message": "Fetched 50 tracks", "data": null}
{"event_time": "2025-10-03T21:43:39.500834", "where": "spotify:albums", "level": "info", "message": "Fetched 20 albums", "data": null}
{"event_time": "2025-10-03T21:43:40.170482", "where": "spotify:albums", "level": "info", "message": "Fetched 20 albums", "data": null}
{"event_time": "2025-10-03T21:43:40.779832", "where": "spotify:albums", "level": "info", "message": "Fetched 10 albums", "data": null}
{"event_time": "2025-10-03T21:43:41.292247", "where": "spotify:tracks", "level": "info", "message": "Fetched 50 tracks", "data": null}
{"event_time": "2025-10-03T21:43:42.013582", "where": "spotify:albums", "level": "info", "message": "Fetched 20 albums", "data": null}
{"event_time": "2025-10-03T21:43:42.464048", "where": "spotify:albums", "level": "info", "message": "Fetched 20 albums", "data": null}
{"event_time": "2025-10-03T21:43:43.026688", "where": "spotify:albums", "level": "info", "message": "Fetched 10 albums", "data": null}
{"event_time": "2025-10-03T21:43:43.399272", "where": "spotify:tracks", "level": "info", "message": "Fetched 50 tracks", "data": null}
{"event_time": "2025-10-03T21:43:44.101320", "where": "spotify:albums", "level": "info", "message": "Fetched 20 albums", "data": null}
{"event_time": "2025-10-03T21:43:44.643808", "where": "spotify:albums", "level": "info", "message": "Fetched 20 albums", "data": null}
{"event_time": "2025-10-03T21:43:45.043228", "where": "spotify:albums", "level": "info", "message": "Fetched 10 albums", "data": null}
{"event_time": "2025-10-03T21:43:45.487604", "where": "spotify:tracks", "level": "info", "message": "Fetched 50 tracks", "data": null}
{"event_time": "2025-10-03T21:43:46.006641", "where": "spotify:albums", "level": "info", "message": "Fetched 20 albums", "data": null}
{"event_time": "2025-10-03T21:43:46.679637", "where": "spotify:albums", "level": "info", "message": "Fetched 20 albums", "data": null}
{"event_time": "2025-10-03T21:43:47.115896", "where": "spotify:albums", "level": "info", "message": "Fetched 10 albums", "data": null}
{"event_time": "2025-10-03T21:43:47.579397", "where": "spotify:tracks", "level": "info", "message": "Fetched 50 tracks", "data": null}
{"event_time": "2025-10-03T21:43:48.263015", "where": "spotify:albums", "level": "info", "message": "Fetched 20 albums", "data": null}
{"event_time": "2025-10-03T21:43:49.795327", "where": "spotify:albums", "level": "info", "message": "Fetched 20 albums", "data": null}
{"event_time": "2025-10-03T21:43:50.493837", "where": "spotify:albums", "level": "info", "message": "Fetched 10 albums", "data": null}
{"event_time": "2025-10-03T21:43:51.123314", "where": "spotify:tracks", "level": "info", "message": "Fetched 50 tracks", "data": null}
{"event_time": "2025-10-03T21:43:51.693294", "where": "spotify:albums", "level": "info", "message": "Fetched 20 albums", "data": null}
{"event_time": "2025-10-03T21:43:52.353996", "where": "spotify:albums", "level": "info", "message": "Fetched 20 albums", "data": null}
{"event_time": "2025-10-03T21:43:52.642793", "where": "spotify:albums", "level": "info", "message": "Fetched 10 albums", "data": null}
{"event_time": "2025-10-03T21:43:53.171321", "where": "spotify:tracks", "level": "info", "message": "Fetched 50 tracks", "data": null}
{"event_time": "2025-10-03T21:43:53.582845", "where": "spotify:albums", "level": "info", "message": "Fetched 20 albums", "data": null}
{"event_time": "2025-10-03T21:43:54.308355", "where": "spotify:albums", "level": "info", "message": "Fetched 20 albums", "data": null}
{"event_time": "2025-10-03T21:43:55.132881", "where": "spotify:albums", "level": "info", "message": "Fetched 10 albums", "data": null}
{"event_time": "2025-10-03T21:43:55.834618", "where": "spotify:tracks", "level": "info", "message": "Fetched 50 tracks", "data": null}
{"event_time": "2025-10-03T21:43:56.604058", "where": "spotify:albums", "level": "info", "message": "Fetched 20 albums", "data": null}
{"event_time": "2025-10-03T21:43:57.481521", "where": "spotify:albums", "level": "info", "message": "Fetched 20 albums", "data": null}
{"event_time": "2025-10-03T21:43:58.129487", "where": "spotify:albums", "level": "info", "message": "Fetched 10 albums", "data": null}
{"event_time": "2025-10-03T21:43:58.512894", "where": "spotify:tracks", "level": "info", "message": "Fetched 50 tracks", "data": null}
{"event_time": "2025-10-03T21:43:59.016007", "where": "spotify:albums", "level": "info", "message": "Fetched 20 albums", "data": null}
{"event_time": "2025-10-03T21:43:59.692597", "where": "spotify:albums", "level": "info", "message": "Fetched 20 albums", "data": null}
{"event_time": "2025-10-03T21:44:00.271265", "where": "spotify:albums", "level": "info", "message": "Fetched 10 albums", "data": null}
{"event_time": "2025-10-03T21:44:00.847024", "where": "spotify:tracks", "level": "info", "message": "Fetched 50 tracks", "data": null}
{"event_time": "2025-10-03T21:44:01.469100", "where": "spotify:albums", "level": "info", "message": "Fetched 20 albums", "data": null}
{"event_time": "2025-10-03T21:44:02.294707", "where": "spotify:albums", "level": "info", "message": "Fetched 20 albums", "data": null}
{"event_time": "2025-10-03T21:44:02.793719", "where": "spotify:albums", "level": "info", "message": "Fetched 10 albums", "data": null}
{"event_time": "2025-10-03T21:44:03.207213", "where": "spotify:tracks", "level": "info", "message": "Fetched 50 tracks", "data": null}
{"event_time": "2025-10-03T21:44:03.426794", "where": "spotify:tracks", "level": "info", "message": "Fetched 1 tracks", "data": null}
{"event_time": "2025-10-03T21:44:03.927230", "where": "spotify:albums", "level": "info", "message": "Fetched 20 albums", "data": null}
{"event_time": "2025-10-03T21:44:04.508722", "where": "spotify:albums", "level": "info", "message": "Fetched 20 albums", "data": null}
{"event_time": "2025-10-03T21:44:05.160231", "where": "spotify:albums", "level": "info", "message": "Fetched 10 albums", "data": null}
{"event_time": "2025-10-03T21:44:05.537629", "where": "spotify:tracks", "level": "info", "message": "Fetched 50 tracks", "data": null}
{"event_time": "2025-10-03T21:44:05.750745", "where": "spotify:tracks", "level": "info", "message": "Fetched 2 tracks", "data": null}
{"event_time": "2025-10-03T21:44:07.019610", "where": "spotify:albums", "level": "info", "message": "Fetched 20 albums", "data": null}
{"event_time": "2025-10-03T21:44:07.769235", "where": "spotify:albums", "level": "info", "message": "Fetched 20 albums", "data": null}
{"event_time": "2025-10-03T21:44:09.463916", "where": "spotify:albums", "level": "info", "message": "Fetched 10 albums", "data": null}
{"event_time": "2025-10-03T21:44:09.940409", "where": "spotify:tracks", "level": "info", "message": "Fetched 50 tracks", "data": null}
{"event_time": "2025-10-03T21:44:11.107608", "where": "spotify:albums", "level": "info", "message": "Fetched 20 albums", "data": null}
{"event_time": "2025-10-03T21:44:11.921782", "where": "spotify:albums", "level": "info", "message": "Fetched 20 albums", "data": null}
{"event_time": "2025-10-03T21:44:12.344536", "where": "spotify:albums", "level": "info", "message": "Fetched 10 albums", "data": null}
{"event_time": "2025-10-03T21:44:12.933729", "where": "spotify:tracks", "level": "info", "message": "Fetched 50 tracks", "data": null}
{"event_time": "2025-10-03T21:44:13.620870", "where": "spotify:albums", "level": "info", "message": "Fetched 20 albums", "data": null}
{"event_time": "2025-10-03T21:44:15.298715", "where": "spotify:albums", "level": "info", "message": "Fetched 20 albums", "data": null}
{"event_time": "2025-10-03T21:44:15.678361", "where": "spotify:albums", "level": "info", "message": "Fetched 10 albums", "data": null}
{"event_time": "2025-10-03T21:44:16.107695", "where": "spotify:tracks", "level": "info", "message": "Fetched 50 tracks", "data": null}
{"event_time": "2025-10-03T21:44:17.143689", "where": "spotify:albums", "level": "info", "message": "Fetched 20 albums", "data": null}
{"event_time": "2025-10-03T21:44:18.019732", "where": "spotify:albums", "level": "info", "message": "Fetched 20 albums", "data": null}
{"event_time": "2025-10-03T21:44:18.672736", "where": "spotify:albums", "level": "info", "message": "Fetched 10 albums", "data": null}
{"event_time": "2025-10-03T21:44:19.175147", "where": "spotify:tracks", "level": "info", "message": "Fetched 50 tracks", "data": null}
{"event_time": "2025-10-03T21:44:19.803234", "where": "spotify:albums", "level": "info", "message": "Fetched 20 albums", "data": null}
{"event_time": "2025-10-03T21:44:20.411770", "where": "spotify:albums", "level": "info", "message": "Fetched 20 albums", "data": null}
{"event_time": "2025-10-03T21:44:20.748142", "where": "spotify:albums", "level": "info", "message": "Fetched 10 albums", "data": null}
{"event_time": "2025-10-03T21:44:21.433957", "where": "spotify:tracks", "level": "info", "message": "Fetched 50 tracks", "data": null}
{"event_time": "2025-10-03T21:44:21.948586", "where": "spotify:albums", "level": "info", "message": "Fetched 20 albums", "data": null}
{"event_time": "2025-10-03T21:44:23.295194", "where": "spotify:albums", "level": "info", "message": "Fetched 20 albums", "data": null}
{"event_time": "2025-10-03T21:44:23.892800", "where": "spotify:albums", "level": "info", "message": "Fetched 10 albums", "data": null}
{"event_time": "2025-10-03T21:44:24.254911", "where": "spotify:tracks", "level": "info", "message": "Fetched 50 tracks", "data": null}
{"event_time": "2025-10-03T21:44:25.026864", "where": "spotify:albums", "level": "info", "message": "Fetched 20 albums", "data": null}
{"event_time": "2025-10-03T21:44:25.845686", "where": "spotify:albums", "level": "info", "message": "Fetched 20 albums", "data": null}
{"event_time": "2025-10-03T21:44:26.452660", "where": "spotify:albums", "level": "info", "message": "Fetched 10 albums", "data": null}
{"event_time": "2025-10-03T21:44:26.972828", "where": "spotify:tracks", "level": "info", "message": "Fetched 50 tracks", "data": null}
{"event_time": "2025-10-03T21:44:27.479772", "where": "spotify:albums", "level": "info", "message": "Fetched 20 albums", "data": null}
{"event_time": "2025-10-03T21:44:28.385655", "where": "spotify:albums", "level": "info", "message": "Fetched 20 albums", "data": null}
{"event_time": "2025-10-03T21:44:28.912677", "where": "spotify:albums", "level": "info", "message": "Fetched 10 albums", "data": null}
{"event_time": "2025-10-03T21:44:29.289983", "where": "spotify:tracks", "level": "info", "message": "Fetched 50 tracks", "data": null}
{"event_time": "2025-10-03T21:44:29.661578", "where": "spotify:tracks", "level": "info", "message": "Fetched 1 tracks", "data": null}
{"event_time": "2025-10-03T21:44:30.344947", "where": "spotify:albums", "level": "info", "message": "Fetched 20 albums", "data": null}
{"event_time": "2025-10-03T21:44:31.785776", "where": "spotify:albums", "level": "info", "message": "Fetched 20 albums", "data": null}
{"event_time": "2025-10-03T21:44:32.283591", "where": "spotify:albums", "level": "info", "message": "Fetched 10 albums", "data": null}
{"event_time": "2025-10-03T21:44:32.797296", "where": "spotify:tracks", "level": "info", "message": "Fetched 50 tracks", "data": null}
{"event_time": "2025-10-03T21:44:33.488377", "where": "spotify:albums", "level": "info", "message": "Fetched 20 albums", "data": null}
{"event_time": "2025-10-03T21:44:34.342920", "where": "spotify:albums", "level": "info", "message": "Fetched 20 albums", "data": null}
{"event_time": "2025-10-03T21:44:34.811775", "where": "spotify:albums", "level": "info", "message": "Fetched 10 albums", "data": null}
{"event_time": "2025-10-03T21:44:35.253380", "where": "spotify:tracks", "level": "info", "message": "Fetched 50 tracks", "data": null}
{"event_time": "2025-10-03T21:44:35.977624", "where": "spotify:albums", "level": "info", "message": "Fetched 20 albums", "data": null}
{"event_time": "2025-10-03T21:44:36.383499", "where": "spotify:albums", "level": "info", "message": "Fetched 20 albums", "data": null}
{"event_time": "2025-10-03T21:44:36.688968", "where": "spotify:albums", "level": "info", "message": "Fetched 10 albums", "data": null}
{"event_time": "2025-10-03T21:44:37.198854", "where": "spotify:tracks", "level": "info", "message": "Fetched 50 tracks", "data": null}
{"event_time": "2025-10-03T21:44:37.824873", "where": "spotify:albums", "level": "info", "message": "Fetched 20 albums", "data": null}
{"event_time": "2025-10-03T21:44:38.611278", "where": "spotify:albums", "level": "info", "message": "Fetched 20 albums", "data": null}
{"event_time": "2025-10-03T21:44:39.141165", "where": "spotify:albums", "level": "info", "message": "Fetched 10 albums", "data": null}
{"event_time": "2025-10-03T21:44:39.546440", "where": "spotify:tracks", "level": "info", "message": "Fetched 50 tracks", "data": null}
{"event_time": "2025-10-03T21:44:40.524282", "where": "spotify:albums", "level": "info", "message": "Fetched 20 albums", "data": null}
{"event_time": "2025-10-03T21:44:41.199671", "where": "spotify:albums", "level": "info", "message": "Fetched 20 albums", "data": null}
{"event_time": "2025-10-03T21:44:41.575446", "where": "spotify:albums", "level": "info", "message": "Fetched 10 albums", "data": null}
{"event_time": "2025-10-03T21:44:41.925249", "where": "spotify:tracks", "level": "info", "message": "Fetched 50 tracks", "data": null}
{"event_time": "2025-10-03T21:44:42.425469", "where": "spotify:albums", "level": "info", "message": "Fetched 20 albums", "data": null}
{"event_time": "2025-10-03T21:44:42.941698", "where": "spotify:albums", "level": "info", "message": "Fetched 20 albums", "data": null}
{"event_time": "2025-10-03T21:44:43.253294", "where": "spotify:albums", "level": "info", "message": "Fetched 10 albums", "data": null}
{"event_time": "2025-10-03T21:44:43.856772", "where": "spotify:tracks", "level": "info", "message": "Fetched 50 tracks", "data": null}
{"event_time": "2025-10-03T21:44:44.481691", "where": "spotify:albums", "level": "info", "message": "Fetched 20 albums", "data": null}
{"event_time": "2025-10-03T21:44:44.807961", "where": "spotify:albums", "level": "info", "message": "Fetched 20 albums", "data": null}
{"event_time": "2025-10-03T21:44:45.211398", "where": "spotify:albums", "level": "info", "message": "Fetched 10 albums", "data": null}
{"event_time": "2025-10-03T21:44:45.802617", "where": "spotify:tracks", "level": "info", "message": "Fetched 50 tracks", "data": null}
{"event_time": "2025-10-03T21:44:46.383919", "where": "spotify:albums", "level": "info", "message": "Fetched 20 albums", "data": null}
{"event_time": "2025-10-03T21:44:46.974963", "where": "spotify:albums", "level": "info", "message": "Fetched 20 albums", "data": null}
{"event_time": "2025-10-03T21:44:47.439889", "where": "spotify:albums", "level": "info", "message": "Fetched 10 albums", "data": null}
{"event_time": "2025-10-03T21:44:48.059449", "where": "spotify:tracks", "level": "info", "message": "Fetched 50 tracks", "data": null}
{"event_time": "2025-10-03T21:44:48.684672", "where": "spotify:albums", "level": "info", "message": "Fetched 20 albums", "data": null}
{"event_time": "2025-10-03T21:44:49.184049", "where": "spotify:albums", "level": "info", "message": "Fetched 20 albums", "data": null}
{"event_time": "2025-10-03T21:44:49.622847", "where": "spotify:albums", "level": "info", "message": "Fetched 10 albums", "data": null}
{"event_time": "2025-10-03T21:44:50.205333", "where": "spotify:tracks", "level": "info", "message": "Fetched 50 tracks", "data": null}
{"event_time": "2025-10-03T21:44:51.034655", "where": "spotify:albums", "level": "info", "message": "Fetched 20 albums", "data": null}
{"event_time": "2025-10-03T21:44:51.531771", "where": "spotify:albums", "level": "info", "message": "Fetched 20 albums", "data": null}
{"event_time": "2025-10-03T21:44:51.945981", "where": "spotify:albums", "level": "info", "message": "Fetched 10 albums", "data": null}
{"event_time": "2025-10-03T21:44:52.486760", "where": "spotify:tracks", "level": "info", "message": "Fetched 50 tracks", "data": null}
{"event_time": "2025-10-03T21:44:53.078622", "where": "spotify:albums", "level": "info", "message": "Fetched 20 albums", "data": null}
{"event_time": "2025-10-03T21:44:53.800420", "where": "spotify:albums", "level": "info", "message": "Fetched 20 albums", "data": null}
{"event_time": "2025-10-03T21:44:54.403895", "where": "spotify:albums", "level": "info", "message": "Fetched 10 albums", "data": null}
{"event_time": "2025-10-03T21:44:54.772609", "where": "spotify:tracks", "level": "info", "message": "Fetched 50 tracks", "data": null}
{"event_time": "2025-10-03T21:44:55.432161", "where": "spotify:albums", "level": "info", "message": "Fetched 20 albums", "data": null}
{"event_time": "2025-10-03T21:44:56.000376", "where": "spotify:albums", "level": "info", "message": "Fetched 20 albums", "data": null}
{"event_time": "2025-10-03T21:44:56.457074", "where": "spotify:albums", "level": "info", "message": "Fetched 10 albums", "data": null}
{"event_time": "2025-10-03T21:44:57.073209", "where": "spotify:tracks", "level": "info", "message": "Fetched 50 tracks", "data": null}
{"event_time": "2025-10-03T21:44:57.795409", "where": "spotify:albums", "level": "info", "message": "Fetched 20 albums", "data": null}
{"event_time": "2025-10-03T21:44:58.820480", "where": "spotify:albums", "level": "info", "message": "Fetched 20 albums", "data": null}
{"event_time": "2025-10-03T21:44:59.150056", "where": "spotify:albums", "level": "info", "message": "Fetched 9 albums", "data": null}
{"event_time": "2025-10-03T21:44:59.724897", "where": "spotify:tracks", "level": "info", "message": "Fetched 50 tracks", "data": null}
{"event_time": "2025-10-03T21:45:00.578637", "where": "spotify:albums", "level": "info", "message": "Fetched 20 albums", "data": null}
{"event_time": "2025-10-03T21:45:01.380408", "where": "spotify:albums", "level": "info", "message": "Fetched 20 albums", "data": null}
{"event_time": "2025-10-03T21:45:01.875864", "where": "spotify:albums", "level": "info", "message": "Fetched 10 albums", "data": null}
{"event_time": "2025-10-03T21:45:02.484771", "where": "spotify:tracks", "level": "info", "message": "Fetched 50 tracks", "data": null}
{"event_time": "2025-10-03T21:45:03.250129", "where": "spotify:albums", "level": "info", "message": "Fetched 20 albums", "data": null}
{"event_time": "2025-10-03T21:45:03.936254", "where": "spotify:albums", "level": "info", "message": "Fetched 20 albums", "data": null}
{"event_time": "2025-10-03T21:45:04.442218", "where": "spotify:albums", "level": "info", "message": "Fetched 10 albums", "data": null}
{"event_time": "2025-10-03T21:45:04.950283", "where": "spotify:tracks", "level": "info", "message": "Fetched 50 tracks", "data": null}
{"event_time": "2025-10-03T21:45:05.532555", "where": "spotify:albums", "level": "info", "message": "Fetched 20 albums", "data": null}
{"event_time": "2025-10-03T21:45:06.094085", "where": "spotify:albums", "level": "info", "message": "Fetched 20 albums", "data": null}
{"event_time": "2025-10-03T21:45:06.481631", "where": "spotify:albums", "level": "info", "message": "Fetched 10 albums", "data": null}
{"event_time": "2025-10-03T21:45:06.883531", "where": "spotify:tracks", "level": "info", "message": "Fetched 50 tracks", "data": null}
{"event_time": "2025-10-03T21:45:07.506391", "where": "spotify:albums", "level": "info", "message": "Fetched 20 albums", "data": null}
{"event_time": "2025-10-03T21:45:08.199306", "where": "spotify:albums", "level": "info", "message": "Fetched 20 albums", "data": null}
{"event_time": "2025-10-03T21:45:08.612088", "where": "spotify:albums", "level": "info", "message": "Fetched 10 albums", "data": null}
{"event_time": "2025-10-03T21:45:09.144890", "where": "spotify:tracks", "level": "info", "message": "Fetched 50 tracks", "data": null}
{"event_time": "2025-10-03T21:45:10.145315", "where": "spotify:albums", "level": "info", "message": "Fetched 20 albums", "data": null}
{"event_time": "2025-10-03T21:45:11.002797", "where": "spotify:albums", "level": "info", "message": "Fetched 20 albums", "data": null}
{"event_time": "2025-10-03T21:45:11.493177", "where": "spotify:albums", "level": "info", "message": "Fetched 10 albums", "data": null}
{"event_time": "2025-10-03T21:45:12.017466", "where": "spotify:tracks", "level": "info", "message": "Fetched 50 tracks", "data": null}
{"event_time": "2025-10-03T21:45:12.677365", "where": "spotify:albums", "level": "info", "message": "Fetched 20 albums", "data": null}
{"event_time": "2025-10-03T21:45:13.245961", "where": "spotify:albums", "level": "info", "message": "Fetched 20 albums", "data": null}
{"event_time": "2025-10-03T21:45:14.070370", "where": "spotify:albums", "level": "info", "message": "Fetched 10 albums", "data": null}
{"event_time": "2025-10-03T21:45:14.489026", "where": "spotify:tracks", "level": "info", "message": "Fetched 50 tracks", "data": null}
{"event_time": "2025-10-03T21:45:15.307354", "where": "spotify:albums", "level": "info", "message": "Fetched 20 albums", "data": null}
{"event_time": "2025-10-03T21:45:15.779369", "where": "spotify:albums", "level": "info", "message": "Fetched 20 albums", "data": null}
{"event_time": "2025-10-03T21:45:16.557957", "where": "spotify:albums", "level": "info", "message": "Fetched 10 albums", "data": null}
{"event_time": "2025-10-03T21:45:17.143296", "where": "spotify:tracks", "level": "info", "message": "Fetched 49 tracks", "data": null}
{"event_time": "2025-10-03T21:45:18.624520", "where": "spotify:albums", "level": "info", "message": "Fetched 20 albums", "data": null}
{"event_time": "2025-10-03T21:45:19.495327", "where": "spotify:albums", "level": "info", "message": "Fetched 20 albums", "data": null}
{"event_time": "2025-10-03T21:45:20.003584", "where": "spotify:albums", "level": "info", "message": "Fetched 9 albums", "data": null}
{"event_time": "2025-10-03T21:45:20.403292", "where": "spotify:tracks", "level": "info", "message": "Fetched 50 tracks", "data": null}
{"event_time": "2025-10-03T21:45:21.238072", "where": "spotify:albums", "level": "info", "message": "Fetched 20 albums", "data": null}
{"event_time": "2025-10-03T21:45:21.751817", "where": "spotify:albums", "level": "info", "message": "Fetched 20 albums", "data": null}
{"event_time": "2025-10-03T21:45:22.464342", "where": "spotify:albums", "level": "info", "message": "Fetched 10 albums", "data": null}
{"event_time": "2025-10-03T21:45:22.972788", "where": "spotify:tracks", "level": "info", "message": "Fetched 50 tracks", "data": null}
{"event_time": "2025-10-03T21:45:23.549179", "where": "spotify:albums", "level": "info", "message": "Fetched 20 albums", "data": null}
{"event_time": "2025-10-03T21:45:24.029120", "where": "spotify:albums", "level": "info", "message": "Fetched 20 albums", "data": null}
{"event_time": "2025-10-03T21:45:24.685158", "where": "spotify:albums", "level": "info", "message": "Fetched 10 albums", "data": null}
{"event_time": "2025-10-03T21:45:25.040787", "where": "spotify:tracks", "level": "info", "message": "Fetched 50 tracks", "data": null}
{"event_time": "2025-10-03T21:45:25.686238", "where": "spotify:albums", "level": "info", "message": "Fetched 20 albums", "data": null}
{"event_time": "2025-10-03T21:45:26.470363", "where": "spotify:albums", "level": "info", "message": "Fetched 20 albums", "data": null}
{"event_time": "2025-10-03T21:45:27.068785", "where": "spotify:albums", "level": "info", "message": "Fetched 10 albums", "data": null}
{"event_time": "2025-10-03T21:45:27.539059", "where": "spotify:tracks", "level": "info", "message": "Fetched 50 tracks", "data": null}
{"event_time": "2025-10-03T21:45:28.012241", "where": "spotify:albums", "level": "info", "message": "Fetched 20 albums", "data": null}
{"event_time": "2025-10-03T21:45:28.692442", "where": "spotify:albums", "level": "info", "message": "Fetched 20 albums", "data": null}
{"event_time": "2025-10-03T21:45:29.214985", "where": "spotify:albums", "level": "info", "message": "Fetched 10 albums", "data": null}
{"event_time": "2025-10-03T21:45:34.443663", "where": "spotify:tracks", "level": "info", "message": "Fetched 50 tracks", "data": null}
{"event_time": "2025-10-03T21:45:35.162831", "where": "spotify:albums", "level": "info", "message": "Fetched 20 albums", "data": null}
{"event_time": "2025-10-03T21:45:36.002816", "where": "spotify:albums", "level": "info", "message": "Fetched 20 albums", "data": null}
{"event_time": "2025-10-03T21:45:36.602904", "where": "spotify:albums", "level": "info", "message": "Fetched 10 albums", "data": null}
{"event_time": "2025-10-03T21:45:37.109578", "where": "spotify:tracks", "level": "info", "message": "Fetched 50 tracks", "data": null}
{"event_time": "2025-10-03T21:45:37.612511", "where": "spotify:albums", "level": "info", "message": "Fetched 20 albums", "data": null}
{"event_time": "2025-10-03T21:45:38.394312", "where": "spotify:albums", "level": "info", "message": "Fetched 20 albums", "data": null}
{"event_time": "2025-10-03T21:45:38.862192", "where": "spotify:albums", "level": "info", "message": "Fetched 10 albums", "data": null}
{"event_time": "2025-10-03T21:45:39.461146", "where": "spotify:tracks", "level": "info", "message": "Fetched 50 tracks", "data": null}
{"event_time": "2025-10-03T21:45:40.087695", "where": "spotify:albums", "level": "info", "message": "Fetched 20 albums", "data": null}
{"event_time": "2025-10-03T21:45:40.907980", "where": "spotify:albums", "level": "info", "message": "Fetched 20 albums", "data": null}
{"event_time": "2025-10-03T21:45:41.307835", "where": "spotify:albums", "level": "info", "message": "Fetched 9 albums", "data": null}
{"event_time": "2025-10-03T21:45:41.816173", "where": "spotify:tracks", "level": "info", "message": "Fetched 50 tracks", "data": null}
{"event_time": "2025-10-03T21:45:42.496772", "where": "spotify:albums", "level": "info", "message": "Fetched 20 albums", "data": null}
{"event_time": "2025-10-03T21:45:42.804746", "where": "spotify:albums", "level": "info", "message": "Fetched 20 albums", "data": null}
{"event_time": "2025-10-03T21:45:43.114606", "where": "spotify:albums", "level": "info", "message": "Fetched 10 albums", "data": null}
{"event_time": "2025-10-03T21:45:43.622823", "where": "spotify:tracks", "level": "info", "message": "Fetched 50 tracks", "data": null}
{"event_time": "2025-10-03T21:45:44.492043", "where": "spotify:albums", "level": "info", "message": "Fetched 20 albums", "data": null}
{"event_time": "2025-10-03T21:45:45.222665", "where": "spotify:albums", "level": "info", "message": "Fetched 20 albums", "data": null}
{"event_time": "2025-10-03T21:45:45.814552", "where": "spotify:albums", "level": "info", "message": "Fetched 10 albums", "data": null}
{"event_time": "2025-10-03T21:45:46.325558", "where": "spotify:tracks", "level": "info", "message": "Fetched 50 tracks", "data": null}
{"event_time": "2025-10-03T21:45:47.256748", "where": "spotify:albums", "level": "info", "message": "Fetched 20 albums", "data": null}
{"event_time": "2025-10-03T21:45:47.864159", "where": "spotify:albums", "level": "info", "message": "Fetched 20 albums", "data": null}
{"event_time": "2025-10-03T21:45:48.266982", "where": "spotify:albums", "level": "info", "message": "Fetched 10 albums", "data": null}
{"event_time": "2025-10-03T21:45:48.646941", "where": "spotify:tracks", "level": "info", "message": "Fetched 50 tracks", "data": null}
{"event_time": "2025-10-03T21:45:49.146207", "where": "spotify:albums", "level": "info", "message": "Fetched 20 albums", "data": null}
{"event_time": "2025-10-03T21:45:49.920275", "where": "spotify:albums", "level": "info", "message": "Fetched 20 albums", "data": null}
{"event_time": "2025-10-03T21:45:50.492370", "where": "spotify:albums", "level": "info", "message": "Fetched 10 albums", "data": null}
{"event_time": "2025-10-03T21:45:51.036339", "where": "spotify:tracks", "level": "info", "message": "Fetched 50 tracks", "data": null}
{"event_time": "2025-10-03T21:45:51.661473", "where": "spotify:albums", "level": "info", "message": "Fetched 20 albums", "data": null}
{"event_time": "2025-10-03T21:45:52.376219", "where": "spotify:albums", "level": "info", "message": "Fetched 20 albums", "data": null}
{"event_time": "2025-10-03T21:45:53.193008", "where": "spotify:albums", "level": "info", "message": "Fetched 10 albums", "data": null}
{"event_time": "2025-10-03T21:45:53.642787", "where": "spotify:tracks", "level": "info", "message": "Fetched 50 tracks", "data": null}
{"event_time": "2025-10-03T21:45:54.426808", "where": "spotify:albums", "level": "info", "message": "Fetched 20 albums", "data": null}
{"event_time": "2025-10-03T21:45:55.142329", "where": "spotify:albums", "level": "info", "message": "Fetched 20 albums", "data": null}
{"event_time": "2025-10-03T21:45:55.509315", "where": "spotify:albums", "level": "info", "message": "Fetched 9 albums", "data": null}
{"event_time": "2025-10-03T21:45:55.988796", "where": "spotify:tracks", "level": "info", "message": "Fetched 50 tracks", "data": null}
{"event_time": "2025-10-03T21:45:56.515644", "where": "spotify:albums", "level": "info", "message": "Fetched 20 albums", "data": null}
{"event_time": "2025-10-03T21:45:57.491380", "where": "spotify:albums", "level": "info", "message": "Fetched 20 albums", "data": null}
{"event_time": "2025-10-03T21:45:57.969729", "where": "spotify:albums", "level": "info", "message": "Fetched 9 albums", "data": null}
{"event_time": "2025-10-03T21:45:58.475300", "where": "spotify:tracks", "level": "info", "message": "Fetched 50 tracks", "data": null}
{"event_time": "2025-10-03T21:45:59.297381", "where": "spotify:albums", "level": "info", "message": "Fetched 20 albums", "data": null}
{"event_time": "2025-10-03T21:45:59.685005", "where": "spotify:albums", "level": "info", "message": "Fetched 20 albums", "data": null}
{"event_time": "2025-10-03T21:46:00.143544", "where": "spotify:albums", "level": "info", "message": "Fetched 9 albums", "data": null}
{"event_time": "2025-10-03T21:46:00.571071", "where": "spotify:tracks", "level": "info", "message": "Fetched 50 tracks", "data": null}
{"event_time": "2025-10-03T21:46:01.278992", "where": "spotify:albums", "level": "info", "message": "Fetched 20 albums", "data": null}
{"event_time": "2025-10-03T21:46:02.000329", "where": "spotify:albums", "level": "info", "message": "Fetched 20 albums", "data": null}
{"event_time": "2025-10-03T21:46:02.404646", "where": "spotify:albums", "level": "info", "message": "Fetched 10 albums", "data": null}
{"event_time": "2025-10-03T21:46:02.911451", "where": "spotify:tracks", "level": "info", "message": "Fetched 50 tracks", "data": null}
{"event_time": "2025-10-03T21:46:03.422284", "where": "spotify:albums", "level": "info", "message": "Fetched 20 albums", "data": null}
{"event_time": "2025-10-03T21:46:03.850211", "where": "spotify:albums", "level": "info", "message": "Fetched 20 albums", "data": null}
{"event_time": "2025-10-03T21:46:04.136105", "where": "spotify:albums", "level": "info", "message": "Fetched 10 albums", "data": null}
{"event_time": "2025-10-03T21:46:04.601624", "where": "spotify:tracks", "level": "info", "message": "Fetched 50 tracks", "data": null}
{"event_time": "2025-10-03T21:46:04.944346", "where": "spotify:albums", "level": "info", "message": "Fetched 20 albums", "data": null}
{"event_time": "2025-10-03T21:46:05.480292", "where": "spotify:albums", "level": "info", "message": "Fetched 20 albums", "data": null}
{"event_time": "2025-10-03T21:46:05.830385", "where": "spotify:albums", "level": "info", "message": "Fetched 10 albums", "data": null}
{"event_time": "2025-10-03T21:46:06.303415", "where": "spotify:tracks", "level": "info", "message": "Fetched 50 tracks", "data": null}
{"event_time": "2025-10-03T21:46:07.020368", "where": "spotify:albums", "level": "info", "message": "Fetched 20 albums", "data": null}
{"event_time": "2025-10-03T21:46:07.486964", "where": "spotify:albums", "level": "info", "message": "Fetched 20 albums", "data": null}
{"event_time": "2025-10-03T21:46:07.914603", "where": "spotify:albums", "level": "info", "message": "Fetched 10 albums", "data": null}
{"event_time": "2025-10-03T21:46:08.386180", "where": "spotify:tracks", "level": "info", "message": "Fetched 50 tracks", "data": null}
{"event_time": "2025-10-03T21:46:09.095056", "where": "spotify:albums", "level": "info", "message": "Fetched 20 albums", "data": null}
{"event_time": "2025-10-03T21:46:09.999996", "where": "spotify:albums", "level": "info", "message": "Fetched 20 albums", "data": null}
{"event_time": "2025-10-03T21:46:10.484468", "where": "spotify:albums", "level": "info", "message": "Fetched 10 albums", "data": null}
{"event_time": "2025-10-03T21:46:10.898811", "where": "spotify:tracks", "level": "info", "message": "Fetched 50 tracks", "data": null}
{"event_time": "2025-10-03T21:46:11.417379", "where": "spotify:albums", "level": "info", "message": "Fetched 20 albums", "data": null}
{"event_time": "2025-10-03T21:46:12.364311", "where": "spotify:albums", "level": "info", "message": "Fetched 20 albums", "data": null}
{"event_time": "2025-10-03T21:46:12.844222", "where": "spotify:albums", "level": "info", "message": "Fetched 10 albums", "data": null}
{"event_time": "2025-10-03T21:46:13.457293", "where": "spotify:tracks", "level": "info", "message": "Fetched 49 tracks", "data": null}
{"event_time": "2025-10-03T21:46:14.386639", "where": "spotify:albums", "level": "info", "message": "Fetched 20 albums", "data": null}
{"event_time": "2025-10-03T21:46:15.212932", "where": "spotify:albums", "level": "info", "message": "Fetched 20 albums", "data": null}
{"event_time": "2025-10-03T21:46:15.822863", "where": "spotify:albums", "level": "info", "message": "Fetched 9 albums", "data": null}
{"event_time": "2025-10-03T21:46:16.293577", "where": "spotify:tracks", "level": "info", "message": "Fetched 50 tracks", "data": null}
{"event_time": "2025-10-03T21:46:16.949526", "where": "spotify:albums", "level": "info", "message": "Fetched 20 albums", "data": null}
{"event_time": "2025-10-03T21:46:17.551929", "where": "spotify:albums", "level": "info", "message": "Fetched 20 albums", "data": null}
{"event_time": "2025-10-03T21:46:17.964457", "where": "spotify:albums", "level": "info", "message": "Fetched 10 albums", "data": null}
{"event_time": "2025-10-03T21:46:18.338018", "where": "spotify:tracks", "level": "info", "message": "Fetched 50 tracks", "data": null}
{"event_time": "2025-10-03T21:46:18.994365", "where": "spotify:albums", "level": "info", "message": "Fetched 20 albums", "data": null}
{"event_time": "2025-10-03T21:46:19.617098", "where": "spotify:albums", "level": "info", "message": "Fetched 20 albums", "data": null}
{"event_time": "2025-10-03T21:46:20.113080", "where": "spotify:albums", "level": "info", "message": "Fetched 10 albums", "data": null}
{"event_time": "2025-10-03T21:46:20.933940", "where": "spotify:tracks", "level": "info", "message": "Fetched 50 tracks", "data": null}
{"event_time": "2025-10-03T21:46:21.492463", "where": "spotify:albums", "level": "info", "message": "Fetched 20 albums", "data": null}
{"event_time": "2025-10-03T21:46:22.379552", "where": "spotify:albums", "level": "info", "message": "Fetched 20 albums", "data": null}
{"event_time": "2025-10-03T21:46:22.636041", "where": "spotify:albums", "level": "info", "message": "Fetched 10 albums", "data": null}
{"event_time": "2025-10-03T21:46:23.085734", "where": "spotify:tracks", "level": "info", "message": "Fetched 50 tracks", "data": null}
{"event_time": "2025-10-03T21:46:23.638430", "where": "spotify:albums", "level": "info", "message": "Fetched 20 albums", "data": null}
{"event_time": "2025-10-03T21:46:24.315052", "where": "spotify:albums", "level": "info", "message": "Fetched 20 albums", "data": null}
{"event_time": "2025-10-03T21:46:24.662925", "where": "spotify:albums", "level": "info", "message": "Fetched 10 albums", "data": null}
{"event_time": "2025-10-03T21:46:25.134434", "where": "spotify:tracks", "level": "info", "message": "Fetched 50 tracks", "data": null}
{"event_time": "2025-10-03T21:46:25.501915", "where": "spotify:albums", "level": "info", "message": "Fetched 20 albums", "data": null}
{"event_time": "2025-10-03T21:46:26.058688", "where": "spotify:albums", "level": "info", "message": "Fetched 20 albums", "data": null}
{"event_time": "2025-10-03T21:46:26.285213", "where": "spotify:albums", "level": "info", "message": "Fetched 10 albums", "data": null}
{"event_time": "2025-10-03T21:46:26.807358", "where": "spotify:tracks", "level": "info", "message": "Fetched 50 tracks", "data": null}
{"event_time": "2025-10-03T21:46:27.487654", "where": "spotify:albums", "level": "info", "message": "Fetched 20 albums", "data": null}
{"event_time": "2025-10-03T21:46:28.177352", "where": "spotify:albums", "level": "info", "message": "Fetched 20 albums", "data": null}
{"event_time": "2025-10-03T21:46:28.550580", "where": "spotify:albums", "level": "info", "message": "Fetched 10 albums", "data": null}
{"event_time": "2025-10-03T21:46:29.122311", "where": "spotify:tracks", "level": "info", "message": "Fetched 50 tracks", "data": null}
{"event_time": "2025-10-03T21:46:29.299223", "where": "spotify:tracks", "level": "info", "message": "Fetched 1 tracks", "data": null}
{"event_time": "2025-10-03T21:46:30.159397", "where": "spotify:albums", "level": "info", "message": "Fetched 20 albums", "data": null}
{"event_time": "2025-10-03T21:46:30.842116", "where": "spotify:albums", "level": "info", "message": "Fetched 20 albums", "data": null}
{"event_time": "2025-10-03T21:46:31.272710", "where": "spotify:albums", "level": "info", "message": "Fetched 10 albums", "data": null}
{"event_time": "2025-10-03T21:46:31.723779", "where": "spotify:tracks", "level": "info", "message": "Fetched 50 tracks", "data": null}
{"event_time": "2025-10-03T21:46:32.312057", "where": "spotify:albums", "level": "info", "message": "Fetched 20 albums", "data": null}
{"event_time": "2025-10-03T21:46:33.130997", "where": "spotify:albums", "level": "info", "message": "Fetched 20 albums", "data": null}
{"event_time": "2025-10-03T21:46:33.680884", "where": "spotify:albums", "level": "info", "message": "Fetched 10 albums", "data": null}
{"event_time": "2025-10-03T21:46:34.241544", "where": "spotify:tracks", "level": "info", "message": "Fetched 50 tracks", "data": null}
{"event_time": "2025-10-03T21:46:34.766435", "where": "spotify:albums", "level": "info", "message": "Fetched 20 albums", "data": null}
{"event_time": "2025-10-03T21:46:35.387066", "where": "spotify:albums", "level": "info", "message": "Fetched 20 albums", "data": null}
{"event_time": "2025-10-03T21:46:35.883857", "where": "spotify:albums", "level": "info", "message": "Fetched 10 albums", "data": null}
{"event_time": "2025-10-03T21:46:36.315118", "where": "spotify:tracks", "level": "info", "message": "Fetched 50 tracks", "data": null}
{"event_time": "2025-10-03T21:46:36.913751", "where": "spotify:albums", "level": "info", "message": "Fetched 20 albums", "data": null}
{"event_time": "2025-10-03T21:46:37.653666", "where": "spotify:albums", "level": "info", "message": "Fetched 20 albums", "data": null}
{"event_time": "2025-10-03T21:46:38.303388", "where": "spotify:albums", "level": "info", "message": "Fetched 10 albums", "data": null}
{"event_time": "2025-10-03T21:46:38.664722", "where": "spotify:tracks", "level": "info", "message": "Fetched 50 tracks", "data": null}
{"event_time": "2025-10-03T21:46:39.641404", "where": "spotify:albums", "level": "info", "message": "Fetched 20 albums", "data": null}
{"event_time": "2025-10-03T21:46:40.393960", "where": "spotify:albums", "level": "info", "message": "Fetched 20 albums", "data": null}
{"event_time": "2025-10-03T21:46:40.848791", "where": "spotify:albums", "level": "info", "message": "Fetched 10 albums", "data": null}
{"event_time": "2025-10-03T21:46:41.473063", "where": "spotify:tracks", "level": "info", "message": "Fetched 50 tracks", "data": null}
{"event_time": "2025-10-03T21:46:42.242259", "where": "spotify:albums", "level": "info", "message": "Fetched 20 albums", "data": null}
{"event_time": "2025-10-03T21:46:43.001500", "where": "spotify:albums", "level": "info", "message": "Fetched 20 albums", "data": null}
{"event_time": "2025-10-03T21:46:43.543447", "where": "spotify:albums", "level": "info", "message": "Fetched 10 albums", "data": null}
{"event_time": "2025-10-03T21:46:44.021330", "where": "spotify:tracks", "level": "info", "message": "Fetched 50 tracks", "data": null}
{"event_time": "2025-10-03T21:46:44.484317", "where": "spotify:albums", "level": "info", "message": "Fetched 20 albums", "data": null}
{"event_time": "2025-10-03T21:46:44.994430", "where": "spotify:albums", "level": "info", "message": "Fetched 20 albums", "data": null}
{"event_time": "2025-10-03T21:46:45.340632", "where": "spotify:albums", "level": "info", "message": "Fetched 10 albums", "data": null}
{"event_time": "2025-10-03T21:46:45.873562", "where": "spotify:tracks", "level": "info", "message": "Fetched 50 tracks", "data": null}
{"event_time": "2025-10-03T21:46:46.442583", "where": "spotify:albums", "level": "info", "message": "Fetched 20 albums", "data": null}
{"event_time": "2025-10-03T21:46:46.799509", "where": "spotify:albums", "level": "info", "message": "Fetched 20 albums", "data": null}
{"event_time": "2025-10-03T21:46:47.338630", "where": "spotify:albums", "level": "info", "message": "Fetched 10 albums", "data": null}
{"event_time": "2025-10-03T21:46:47.767803", "where": "spotify:tracks", "level": "info", "message": "Fetched 50 tracks", "data": null}
{"event_time": "2025-10-03T21:46:48.412705", "where": "spotify:albums", "level": "info", "message": "Fetched 20 albums", "data": null}
{"event_time": "2025-10-03T21:46:49.201463", "where": "spotify:albums", "level": "info", "message": "Fetched 20 albums", "data": null}
{"event_time": "2025-10-03T21:46:49.460203", "where": "spotify:albums", "level": "info", "message": "Fetched 10 albums", "data": null}
{"event_time": "2025-10-03T21:46:49.913349", "where": "spotify:tracks", "level": "info", "message": "Fetched 50 tracks", "data": null}
{"event_time": "2025-10-03T21:46:50.351199", "where": "spotify:albums", "level": "info", "message": "Fetched 20 albums", "data": null}
{"event_time": "2025-10-03T21:46:50.945794", "where": "spotify:albums", "level": "info", "message": "Fetched 20 albums", "data": null}
{"event_time": "2025-10-03T21:46:51.487061", "where": "spotify:albums", "level": "info", "message": "Fetched 10 albums", "data": null}
{"event_time": "2025-10-03T21:46:51.960704", "where": "spotify:tracks", "level": "info", "message": "Fetched 50 tracks", "data": null}
{"event_time": "2025-10-03T21:46:52.484011", "where": "spotify:albums", "level": "info", "message": "Fetched 20 albums", "data": null}
{"event_time": "2025-10-03T21:46:53.097289", "where": "spotify:albums", "level": "info", "message": "Fetched 20 albums", "data": null}
{"event_time": "2025-10-03T21:46:53.484592", "where": "spotify:albums", "level": "info", "message": "Fetched 10 albums", "data": null}
{"event_time": "2025-10-03T21:46:54.014084", "where": "spotify:tracks", "level": "info", "message": "Fetched 50 tracks", "data": null}
{"event_time": "2025-10-03T21:46:54.623936", "where": "spotify:albums", "level": "info", "message": "Fetched 20 albums", "data": null}
{"event_time": "2025-10-03T21:46:55.354713", "where": "spotify:albums", "level": "info", "message": "Fetched 20 albums", "data": null}
{"event_time": "2025-10-03T21:46:55.963231", "where": "spotify:albums", "level": "info", "message": "Fetched 10 albums", "data": null}
{"event_time": "2025-10-03T21:46:56.494619", "where": "spotify:tracks", "level": "info", "message": "Fetched 50 tracks", "data": null}
{"event_time": "2025-10-03T21:46:57.401339", "where": "spotify:albums", "level": "info", "message": "Fetched 20 albums", "data": null}
{"event_time": "2025-10-03T21:46:58.323438", "where": "spotify:albums", "level": "info", "message": "Fetched 20 albums", "data": null}
{"event_time": "2025-10-03T21:46:58.724689", "where": "spotify:albums", "level": "info", "message": "Fetched 10 albums", "data": null}
{"event_time": "2025-10-03T21:46:59.331446", "where": "spotify:tracks", "level": "info", "message": "Fetched 50 tracks", "data": null}
{"event_time": "2025-10-03T21:46:59.953710", "where": "spotify:albums", "level": "info", "message": "Fetched 20 albums", "data": null}
{"event_time": "2025-10-03T21:47:00.780217", "where": "spotify:albums", "level": "info", "message": "Fetched 20 albums", "data": null}
{"event_time": "2025-10-03T21:47:01.381234", "where": "spotify:albums", "level": "info", "message": "Fetched 10 albums", "data": null}
{"event_time": "2025-10-03T21:47:01.900469", "where": "spotify:tracks", "level": "info", "message": "Fetched 50 tracks", "data": null}
{"event_time": "2025-10-03T21:47:02.702773", "where": "spotify:albums", "level": "info", "message": "Fetched 20 albums", "data": null}
{"event_time": "2025-10-03T21:47:04.167502", "where": "spotify:albums", "level": "info", "message": "Fetched 20 albums", "data": null}
{"event_time": "2025-10-03T21:47:04.641410", "where": "spotify:albums", "level": "info", "message": "Fetched 10 albums", "data": null}
{"event_time": "2025-10-03T21:47:05.173059", "where": "spotify:tracks", "level": "info", "message": "Fetched 50 tracks", "data": null}
{"event_time": "2025-10-03T21:47:06.206604", "where": "spotify:albums", "level": "info", "message": "Fetched 20 albums", "data": null}
{"event_time": "2025-10-03T21:47:06.821585", "where": "spotify:albums", "level": "info", "message": "Fetched 20 albums", "data": null}
{"event_time": "2025-10-03T21:47:07.278399", "where": "spotify:albums", "level": "info", "message": "Fetched 10 albums", "data": null}
{"event_time": "2025-10-03T21:47:07.733481", "where": "spotify:tracks", "level": "info", "message": "Fetched 50 tracks", "data": null}
{"event_time": "2025-10-03T21:47:08.269035", "where": "spotify:albums", "level": "info", "message": "Fetched 20 albums", "data": null}
{"event_time": "2025-10-03T21:47:08.876463", "where": "spotify:albums", "level": "info", "message": "Fetched 20 albums", "data": null}
{"event_time": "2025-10-03T21:47:09.223681", "where": "spotify:albums", "level": "info", "message": "Fetched 10 albums", "data": null}
{"event_time": "2025-10-03T21:47:09.658988", "where": "spotify:tracks", "level": "info", "message": "Fetched 50 tracks", "data": null}
{"event_time": "2025-10-03T21:47:09.923134", "where": "spotify:tracks", "level": "info", "message": "Fetched 1 tracks", "data": null}
{"event_time": "2025-10-03T21:47:10.520538", "where": "spotify:albums", "level": "info", "message": "Fetched 20 albums", "data": null}
{"event_time": "2025-10-03T21:47:11.327696", "where": "spotify:albums", "level": "info", "message": "Fetched 20 albums", "data": null}
{"event_time": "2025-10-03T21:47:12.150018", "where": "spotify:albums", "level": "info", "message": "Fetched 9 albums", "data": null}
{"event_time": "2025-10-03T21:47:12.550811", "where": "spotify:tracks", "level": "info", "message": "Fetched 50 tracks", "data": null}
{"event_time": "2025-10-03T21:47:13.515929", "where": "spotify:albums", "level": "info", "message": "Fetched 20 albums", "data": null}
{"event_time": "2025-10-03T21:47:14.293688", "where": "spotify:albums", "level": "info", "message": "Fetched 20 albums", "data": null}
{"event_time": "2025-10-03T21:47:15.126097", "where": "spotify:albums", "level": "info", "message": "Fetched 10 albums", "data": null}
{"event_time": "2025-10-03T21:47:15.517459", "where": "spotify:tracks", "level": "info", "message": "Fetched 50 tracks", "data": null}
{"event_time": "2025-10-03T21:47:16.239423", "where": "spotify:albums", "level": "info", "message": "Fetched 20 albums", "data": null}
{"event_time": "2025-10-03T21:47:17.167001", "where": "spotify:albums", "level": "info", "message": "Fetched 20 albums", "data": null}
{"event_time": "2025-10-03T21:47:17.692104", "where": "spotify:albums", "level": "info", "message": "Fetched 10 albums", "data": null}
{"event_time": "2025-10-03T21:47:18.282557", "where": "spotify:tracks", "level": "info", "message": "Fetched 50 tracks", "data": null}
{"event_time": "2025-10-03T21:47:18.882661", "where": "spotify:albums", "level": "info", "message": "Fetched 20 albums", "data": null}
{"event_time": "2025-10-03T21:47:19.827874", "where": "spotify:albums", "level": "info", "message": "Fetched 20 albums", "data": null}
{"event_time": "2025-10-03T21:47:20.435754", "where": "spotify:albums", "level": "info", "message": "Fetched 10 albums", "data": null}
{"event_time": "2025-10-03T21:47:21.043328", "where": "spotify:tracks", "level": "info", "message": "Fetched 50 tracks", "data": null}
{"event_time": "2025-10-03T21:47:21.510360", "where": "spotify:albums", "level": "info", "message": "Fetched 20 albums", "data": null}
{"event_time": "2025-10-03T21:47:22.245767", "where": "spotify:albums", "level": "info", "message": "Fetched 20 albums", "data": null}
{"event_time": "2025-10-03T21:47:22.735829", "where": "spotify:albums", "level": "info", "message": "Fetched 10 albums", "data": null}
{"event_time": "2025-10-03T21:47:23.296650", "where": "spotify:tracks", "level": "info", "message": "Fetched 50 tracks", "data": null}
{"event_time": "2025-10-03T21:47:24.023360", "where": "spotify:albums", "level": "info", "message": "Fetched 20 albums", "data": null}
{"event_time": "2025-10-03T21:47:24.843582", "where": "spotify:albums", "level": "info", "message": "Fetched 20 albums", "data": null}
{"event_time": "2025-10-03T21:47:25.180859", "where": "spotify:albums", "level": "info", "message": "Fetched 10 albums", "data": null}
{"event_time": "2025-10-03T21:47:25.754670", "where": "spotify:tracks", "level": "info", "message": "Fetched 50 tracks", "data": null}
{"event_time": "2025-10-03T21:47:26.274784", "where": "spotify:albums", "level": "info", "message": "Fetched 20 albums", "data": null}
{"event_time": "2025-10-03T21:47:26.788308", "where": "spotify:albums", "level": "info", "message": "Fetched 20 albums", "data": null}
{"event_time": "2025-10-03T21:47:27.391973", "where": "spotify:albums", "level": "info", "message": "Fetched 10 albums", "data": null}
{"event_time": "2025-10-03T21:47:27.801412", "where": "spotify:tracks", "level": "info", "message": "Fetched 50 tracks", "data": null}
{"event_time": "2025-10-03T21:47:28.321760", "where": "spotify:albums", "level": "info", "message": "Fetched 20 albums", "data": null}
{"event_time": "2025-10-03T21:47:28.661229", "where": "spotify:albums", "level": "info", "message": "Fetched 20 albums", "data": null}
{"event_time": "2025-10-03T21:47:29.038823", "where": "spotify:albums", "level": "info", "message": "Fetched 10 albums", "data": null}
{"event_time": "2025-10-03T21:47:29.502509", "where": "spotify:tracks", "level": "info", "message": "Fetched 50 tracks", "data": null}
{"event_time": "2025-10-03T21:47:30.138664", "where": "spotify:albums", "level": "info", "message": "Fetched 20 albums", "data": null}
{"event_time": "2025-10-03T21:47:30.883159", "where": "spotify:albums", "level": "info", "message": "Fetched 20 albums", "data": null}
{"event_time": "2025-10-03T21:47:31.175005", "where": "spotify:albums", "level": "info", "message": "Fetched 10 albums", "data": null}
{"event_time": "2025-10-03T21:47:36.814356", "where": "spotify:tracks", "level": "info", "message": "Fetched 50 tracks", "data": null}
{"event_time": "2025-10-03T21:47:37.436443", "where": "spotify:albums", "level": "info", "message": "Fetched 20 albums", "data": null}
{"event_time": "2025-10-03T21:47:38.000927", "where": "spotify:albums", "level": "info", "message": "Fetched 20 albums", "data": null}
{"event_time": "2025-10-03T21:47:38.508068", "where": "spotify:albums", "level": "info", "message": "Fetched 10 albums", "data": null}
{"event_time": "2025-10-03T21:47:38.931910", "where": "spotify:tracks", "level": "info", "message": "Fetched 50 tracks", "data": null}
{"event_time": "2025-10-03T21:47:39.491709", "where": "spotify:albums", "level": "info", "message": "Fetched 20 albums", "data": null}
{"event_time": "2025-10-03T21:47:39.992344", "where": "spotify:albums", "level": "info", "message": "Fetched 20 albums", "data": null}
{"event_time": "2025-10-03T21:47:40.466234", "where": "spotify:albums", "level": "info", "message": "Fetched 10 albums", "data": null}
{"event_time": "2025-10-03T21:47:41.011383", "where": "spotify:tracks", "level": "info", "message": "Fetched 50 tracks", "data": null}
{"event_time": "2025-10-03T21:47:41.683291", "where": "spotify:albums", "level": "info", "message": "Fetched 20 albums", "data": null}
{"event_time": "2025-10-03T21:47:42.245218", "where": "spotify:albums", "level": "info", "message": "Fetched 20 albums", "data": null}
{"event_time": "2025-10-03T21:47:42.614166", "where": "spotify:albums", "level": "info", "message": "Fetched 10 albums", "data": null}
{"event_time": "2025-10-03T21:47:43.168051", "where": "spotify:tracks", "level": "info", "message": "Fetched 50 tracks", "data": null}
{"event_time": "2025-10-03T21:47:43.645058", "where": "spotify:albums", "level": "info", "message": "Fetched 20 albums", "data": null}
{"event_time": "2025-10-03T21:47:44.500238", "where": "spotify:albums", "level": "info", "message": "Fetched 20 albums", "data": null}
{"event_time": "2025-10-03T21:47:45.109598", "where": "spotify:albums", "level": "info", "message": "Fetched 10 albums", "data": null}
{"event_time": "2025-10-03T21:47:45.512905", "where": "spotify:tracks", "level": "info", "message": "Fetched 50 tracks", "data": null}
{"event_time": "2025-10-03T21:47:46.240352", "where": "spotify:albums", "level": "info", "message": "Fetched 20 albums", "data": null}
{"event_time": "2025-10-03T21:47:47.064307", "where": "spotify:albums", "level": "info", "message": "Fetched 20 albums", "data": null}
{"event_time": "2025-10-03T21:47:47.473985", "where": "spotify:albums", "level": "info", "message": "Fetched 10 albums", "data": null}
{"event_time": "2025-10-03T21:47:47.912089", "where": "spotify:tracks", "level": "info", "message": "Fetched 50 tracks", "data": null}
{"event_time": "2025-10-03T21:47:48.333258", "where": "spotify:albums", "level": "info", "message": "Fetched 20 albums", "data": null}
{"event_time": "2025-10-03T21:47:48.750717", "where": "spotify:albums", "level": "info", "message": "Fetched 20 albums", "data": null}
{"event_time": "2025-10-03T21:47:49.200588", "where": "spotify:albums", "level": "info", "message": "Fetched 10 albums", "data": null}
{"event_time": "2025-10-03T21:47:49.628593", "where": "spotify:tracks", "level": "info", "message": "Fetched 50 tracks", "data": null}
{"event_time": "2025-10-03T21:47:50.512204", "where": "spotify:albums", "level": "info", "message": "Fetched 20 albums", "data": null}
{"event_time": "2025-10-03T21:47:51.408914", "where": "spotify:albums", "level": "info", "message": "Fetched 20 albums", "data": null}
{"event_time": "2025-10-03T21:47:51.854383", "where": "spotify:albums", "level": "info", "message": "Fetched 10 albums", "data": null}
{"event_time": "2025-10-03T21:47:52.307621", "where": "spotify:tracks", "level": "info", "message": "Fetched 50 tracks", "data": null}
{"event_time": "2025-10-03T21:47:52.748247", "where": "spotify:albums", "level": "info", "message": "Fetched 20 albums", "data": null}
{"event_time": "2025-10-03T21:47:53.520008", "where": "spotify:albums", "level": "info", "message": "Fetched 20 albums", "data": null}
{"event_time": "2025-10-03T21:47:53.850551", "where": "spotify:albums", "level": "info", "message": "Fetched 10 albums", "data": null}
{"event_time": "2025-10-03T21:47:54.314684", "where": "spotify:tracks", "level": "info", "message": "Fetched 50 tracks", "data": null}
{"event_time": "2025-10-03T21:47:54.943203", "where": "spotify:albums", "level": "info", "message": "Fetched 20 albums", "data": null}
{"event_time": "2025-10-03T21:47:55.341870", "where": "spotify:albums", "level": "info", "message": "Fetched 20 albums", "data": null}
{"event_time": "2025-10-03T21:47:55.627943", "where": "spotify:albums", "level": "info", "message": "Fetched 10 albums", "data": null}
{"event_time": "2025-10-03T21:47:56.018110", "where": "spotify:tracks", "level": "info", "message": "Fetched 50 tracks", "data": null}
{"event_time": "2025-10-03T21:47:56.784009", "where": "spotify:albums", "level": "info", "message": "Fetched 20 albums", "data": null}
{"event_time": "2025-10-03T21:47:57.533684", "where": "spotify:albums", "level": "info", "message": "Fetched 20 albums", "data": null}
{"event_time": "2025-10-03T21:47:58.318400", "where": "spotify:albums", "level": "info", "message": "Fetched 10 albums", "data": null}
{"event_time": "2025-10-03T21:47:58.825867", "where": "spotify:tracks", "level": "info", "message": "Fetched 50 tracks", "data": null}
{"event_time": "2025-10-03T21:47:59.340834", "where": "spotify:albums", "level": "info", "message": "Fetched 20 albums", "data": null}
{"event_time": "2025-10-03T21:48:00.162947", "where": "spotify:albums", "level": "info", "message": "Fetched 20 albums", "data": null}
{"event_time": "2025-10-03T21:48:00.460309", "where": "spotify:albums", "level": "info", "message": "Fetched 10 albums", "data": null}
{"event_time": "2025-10-03T21:48:00.975226", "where": "spotify:tracks", "level": "info", "message": "Fetched 50 tracks", "data": null}
{"event_time": "2025-10-03T21:48:01.669303", "where": "spotify:albums", "level": "info", "message": "Fetched 20 albums", "data": null}
{"event_time": "2025-10-03T21:48:02.311383", "where": "spotify:albums", "level": "info", "message": "Fetched 20 albums", "data": null}
{"event_time": "2025-10-03T21:48:02.919677", "where": "spotify:albums", "level": "info", "message": "Fetched 10 albums", "data": null}
{"event_time": "2025-10-03T21:48:03.428283", "where": "spotify:tracks", "level": "info", "message": "Fetched 49 tracks", "data": null}
{"event_time": "2025-10-03T21:48:04.426278", "where": "spotify:albums", "level": "info", "message": "Fetched 20 albums", "data": null}
{"event_time": "2025-10-03T21:48:05.085112", "where": "spotify:albums", "level": "info", "message": "Fetched 20 albums", "data": null}
{"event_time": "2025-10-03T21:48:05.391382", "where": "spotify:albums", "level": "info", "message": "Fetched 9 albums", "data": null}
{"event_time": "2025-10-03T21:48:05.837349", "where": "spotify:tracks", "level": "info", "message": "Fetched 50 tracks", "data": null}
{"event_time": "2025-10-03T21:48:06.687870", "where": "spotify:albums", "level": "info", "message": "Fetched 20 albums", "data": null}
{"event_time": "2025-10-03T21:48:07.749252", "where": "spotify:albums", "level": "info", "message": "Fetched 20 albums", "data": null}
{"event_time": "2025-10-03T21:48:08.195700", "where": "spotify:albums", "level": "info", "message": "Fetched 10 albums", "data": null}
{"event_time": "2025-10-03T21:48:08.835314", "where": "spotify:tracks", "level": "info", "message": "Fetched 50 tracks", "data": null}
{"event_time": "2025-10-03T21:48:09.482418", "where": "spotify:albums", "level": "info", "message": "Fetched 20 albums", "data": null}
{"event_time": "2025-10-03T21:48:10.097162", "where": "spotify:albums", "level": "info", "message": "Fetched 20 albums", "data": null}
{"event_time": "2025-10-03T21:48:10.864132", "where": "spotify:albums", "level": "info", "message": "Fetched 10 albums", "data": null}
{"event_time": "2025-10-03T21:48:11.331167", "where": "spotify:tracks", "level": "info", "message": "Fetched 50 tracks", "data": null}
{"event_time": "2025-10-03T21:48:11.938464", "where": "spotify:albums", "level": "info", "message": "Fetched 20 albums", "data": null}
{"event_time": "2025-10-03T21:48:12.456775", "where": "spotify:albums", "level": "info", "message": "Fetched 20 albums", "data": null}
{"event_time": "2025-10-03T21:48:13.058526", "where": "spotify:albums", "level": "info", "message": "Fetched 10 albums", "data": null}
{"event_time": "2025-10-03T21:48:13.469497", "where": "spotify:tracks", "level": "info", "message": "Fetched 50 tracks", "data": null}
{"event_time": "2025-10-03T21:48:14.288911", "where": "spotify:albums", "level": "info", "message": "Fetched 20 albums", "data": null}
{"event_time": "2025-10-03T21:48:14.960800", "where": "spotify:albums", "level": "info", "message": "Fetched 20 albums", "data": null}
{"event_time": "2025-10-03T21:48:15.207448", "where": "spotify:albums", "level": "info", "message": "Fetched 10 albums", "data": null}
{"event_time": "2025-10-03T21:48:15.823267", "where": "spotify:tracks", "level": "info", "message": "Fetched 50 tracks", "data": null}
{"event_time": "2025-10-03T21:48:16.336523", "where": "spotify:albums", "level": "info", "message": "Fetched 20 albums", "data": null}
{"event_time": "2025-10-03T21:48:16.962909", "where": "spotify:albums", "level": "info", "message": "Fetched 20 albums", "data": null}
{"event_time": "2025-10-03T21:48:17.358651", "where": "spotify:albums", "level": "info", "message": "Fetched 10 albums", "data": null}
{"event_time": "2025-10-03T21:48:17.842737", "where": "spotify:tracks", "level": "info", "message": "Fetched 50 tracks", "data": null}
{"event_time": "2025-10-03T21:48:18.683601", "where": "spotify:albums", "level": "info", "message": "Fetched 20 albums", "data": null}
{"event_time": "2025-10-03T21:48:19.208381", "where": "spotify:albums", "level": "info", "message": "Fetched 20 albums", "data": null}
{"event_time": "2025-10-03T21:48:19.531939", "where": "spotify:albums", "level": "info", "message": "Fetched 10 albums", "data": null}
{"event_time": "2025-10-03T21:48:20.021187", "where": "spotify:tracks", "level": "info", "message": "Fetched 50 tracks", "data": null}
{"event_time": "2025-10-03T21:48:20.974562", "where": "spotify:albums", "level": "info", "message": "Fetched 20 albums", "data": null}
{"event_time": "2025-10-03T21:48:21.485507", "where": "spotify:albums", "level": "info", "message": "Fetched 20 albums", "data": null}
{"event_time": "2025-10-03T21:48:21.798916", "where": "spotify:albums", "level": "info", "message": "Fetched 10 albums", "data": null}
{"event_time": "2025-10-03T21:48:22.274044", "where": "spotify:tracks", "level": "info", "message": "Fetched 50 tracks", "data": null}
{"event_time": "2025-10-03T21:48:22.700658", "where": "spotify:albums", "level": "info", "message": "Fetched 20 albums", "data": null}
{"event_time": "2025-10-03T21:48:23.339964", "where": "spotify:albums", "level": "info", "message": "Fetched 20 albums", "data": null}
{"event_time": "2025-10-03T21:48:23.920723", "where": "spotify:albums", "level": "info", "message": "Fetched 10 albums", "data": null}
{"event_time": "2025-10-03T21:48:24.501103", "where": "spotify:tracks", "level": "info", "message": "Fetched 50 tracks", "data": null}
{"event_time": "2025-10-03T21:48:25.045888", "where": "spotify:albums", "level": "info", "message": "Fetched 20 albums", "data": null}
{"event_time": "2025-10-03T21:48:26.077365", "where": "spotify:albums", "level": "info", "message": "Fetched 20 albums", "data": null}
{"event_time": "2025-10-03T21:48:26.786300", "where": "spotify:albums", "level": "info", "message": "Fetched 10 albums", "data": null}
{"event_time": "2025-10-03T21:48:27.155513", "where": "spotify:tracks", "level": "info", "message": "Fetched 50 tracks", "data": null}
{"event_time": "2025-10-03T21:48:27.920810", "where": "spotify:albums", "level": "info", "message": "Fetched 20 albums", "data": null}
{"event_time": "2025-10-03T21:48:28.453722", "where": "spotify:albums", "level": "info", "message": "Fetched 20 albums", "data": null}
{"event_time": "2025-10-03T21:48:28.919445", "where": "spotify:albums", "level": "info", "message": "Fetched 10 albums", "data": null}
{"event_time": "2025-10-03T21:48:29.490235", "where": "spotify:tracks", "level": "info", "message": "Fetched 50 tracks", "data": null}
{"event_time": "2025-10-03T21:48:30.227397", "where": "spotify:albums", "level": "info", "message": "Fetched 20 albums", "data": null}
{"event_time": "2025-10-03T21:48:31.203574", "where": "spotify:albums", "level": "info", "message": "Fetched 20 albums", "data": null}
{"event_time": "2025-10-03T21:48:31.902777", "where": "spotify:albums", "level": "info", "message": "Fetched 10 albums", "data": null}
{"event_time": "2025-10-03T21:48:32.411005", "where": "spotify:tracks", "level": "info", "message": "Fetched 50 tracks", "data": null}
{"event_time": "2025-10-03T21:48:32.956586", "where": "spotify:albums", "level": "info", "message": "Fetched 20 albums", "data": null}
{"event_time": "2025-10-03T21:48:33.857811", "where": "spotify:albums", "level": "info", "message": "Fetched 20 albums", "data": null}
{"event_time": "2025-10-03T21:48:34.588810", "where": "spotify:albums", "level": "info", "message": "Fetched 10 albums", "data": null}
{"event_time": "2025-10-03T21:48:35.033510", "where": "spotify:tracks", "level": "info", "message": "Fetched 50 tracks", "data": null}
{"event_time": "2025-10-03T21:48:35.593432", "where": "spotify:albums", "level": "info", "message": "Fetched 20 albums", "data": null}
{"event_time": "2025-10-03T21:48:36.311352", "where": "spotify:albums", "level": "info", "message": "Fetched 20 albums", "data": null}
{"event_time": "2025-10-03T21:48:37.025605", "where": "spotify:albums", "level": "info", "message": "Fetched 10 albums", "data": null}
{"event_time": "2025-10-03T21:48:37.395883", "where": "spotify:tracks", "level": "info", "message": "Fetched 50 tracks", "data": null}
{"event_time": "2025-10-03T21:48:37.978016", "where": "spotify:albums", "level": "info", "message": "Fetched 20 albums", "data": null}
{"event_time": "2025-10-03T21:48:38.697891", "where": "spotify:albums", "level": "info", "message": "Fetched 20 albums", "data": null}
{"event_time": "2025-10-03T21:48:39.064848", "where": "spotify:albums", "level": "info", "message": "Fetched 10 albums", "data": null}
{"event_time": "2025-10-03T21:48:39.551978", "where": "spotify:tracks", "level": "info", "message": "Fetched 50 tracks", "data": null}
{"event_time": "2025-10-03T21:48:40.096348", "where": "spotify:albums", "level": "info", "message": "Fetched 20 albums", "data": null}
{"event_time": "2025-10-03T21:48:41.227823", "where": "spotify:albums", "level": "info", "message": "Fetched 20 albums", "data": null}
{"event_time": "2025-10-03T21:48:41.830811", "where": "spotify:albums", "level": "info", "message": "Fetched 9 albums", "data": null}
{"event_time": "2025-10-03T21:48:42.446559", "where": "spotify:tracks", "level": "info", "message": "Fetched 50 tracks", "data": null}
{"event_time": "2025-10-03T21:48:43.488157", "where": "spotify:albums", "level": "info", "message": "Fetched 20 albums", "data": null}
{"event_time": "2025-10-03T21:48:44.296359", "where": "spotify:albums", "level": "info", "message": "Fetched 20 albums", "data": null}
{"event_time": "2025-10-03T21:48:44.766024", "where": "spotify:albums", "level": "info", "message": "Fetched 10 albums", "data": null}
{"event_time": "2025-10-03T21:48:45.086513", "where": "spotify:tracks", "level": "info", "message": "Fetched 50 tracks", "data": null}
{"event_time": "2025-10-03T21:48:45.811126", "where": "spotify:albums", "level": "info", "message": "Fetched 20 albums", "data": null}
{"event_time": "2025-10-03T21:48:46.562886", "where": "spotify:albums", "level": "info", "message": "Fetched 20 albums", "data": null}
{"event_time": "2025-10-03T21:48:47.163948", "where": "spotify:albums", "level": "info", "message": "Fetched 9 albums", "data": null}
{"event_time": "2025-10-03T21:48:47.771446", "where": "spotify:tracks", "level": "info", "message": "Fetched 50 tracks", "data": null}
{"event_time": "2025-10-03T21:48:48.888877", "where": "spotify:albums", "level": "info", "message": "Fetched 20 albums", "data": null}
{"event_time": "2025-10-03T21:48:49.412991", "where": "spotify:albums", "level": "info", "message": "Fetched 20 albums", "data": null}
{"event_time": "2025-10-03T21:48:50.031467", "where": "spotify:albums", "level": "info", "message": "Fetched 10 albums", "data": null}
{"event_time": "2025-10-03T21:48:50.434192", "where": "spotify:tracks", "level": "info", "message": "Fetched 50 tracks", "data": null}
{"event_time": "2025-10-03T21:48:51.169874", "where": "spotify:albums", "level": "info", "message": "Fetched 20 albums", "data": null}
{"event_time": "2025-10-03T21:48:52.394179", "where": "spotify:albums", "level": "info", "message": "Fetched 20 albums", "data": null}
{"event_time": "2025-10-03T21:48:52.817456", "where": "spotify:albums", "level": "info", "message": "Fetched 10 albums", "data": null}
{"event_time": "2025-10-03T21:48:53.175164", "where": "spotify:tracks", "level": "info", "message": "Fetched 50 tracks", "data": null}
{"event_time": "2025-10-03T21:48:53.775338", "where": "spotify:albums", "level": "info", "message": "Fetched 20 albums", "data": null}
{"event_time": "2025-10-03T21:48:54.434059", "where": "spotify:albums", "level": "info", "message": "Fetched 20 albums", "data": null}
{"event_time": "2025-10-03T21:48:54.830668", "where": "spotify:albums", "level": "info", "message": "Fetched 10 albums", "data": null}
{"event_time": "2025-10-03T21:48:55.277634", "where": "spotify:tracks", "level": "info", "message": "Fetched 50 tracks", "data": null}
{"event_time": "2025-10-03T21:48:55.973134", "where": "spotify:albums", "level": "info", "message": "Fetched 20 albums", "data": null}
{"event_time": "2025-10-03T21:48:56.595869", "where": "spotify:albums", "level": "info", "message": "Fetched 20 albums", "data": null}
{"event_time": "2025-10-03T21:48:57.137971", "where": "spotify:albums", "level": "info", "message": "Fetched 10 albums", "data": null}
{"event_time": "2025-10-03T21:48:57.558348", "where": "spotify:tracks", "level": "info", "message": "Fetched 50 tracks", "data": null}
{"event_time": "2025-10-03T21:48:58.382640", "where": "spotify:albums", "level": "info", "message": "Fetched 20 albums", "data": null}
{"event_time": "2025-10-03T21:48:59.147025", "where": "spotify:albums", "level": "info", "message": "Fetched 20 albums", "data": null}
{"event_time": "2025-10-03T21:48:59.401062", "where": "spotify:albums", "level": "info", "message": "Fetched 9 albums", "data": null}
{"event_time": "2025-10-03T21:48:59.773113", "where": "spotify:tracks", "level": "info", "message": "Fetched 50 tracks", "data": null}
{"event_time": "2025-10-03T21:49:00.372699", "where": "spotify:albums", "level": "info", "message": "Fetched 20 albums", "data": null}
{"event_time": "2025-10-03T21:49:01.097937", "where": "spotify:albums", "level": "info", "message": "Fetched 20 albums", "data": null}
{"event_time": "2025-10-03T21:49:01.403004", "where": "spotify:albums", "level": "info", "message": "Fetched 9 albums", "data": null}
{"event_time": "2025-10-03T21:49:01.843525", "where": "spotify:tracks", "level": "info", "message": "Fetched 50 tracks", "data": null}
{"event_time": "2025-10-03T21:49:02.471887", "where": "spotify:albums", "level": "info", "message": "Fetched 20 albums", "data": null}
{"event_time": "2025-10-03T21:49:03.187110", "where": "spotify:albums", "level": "info", "message": "Fetched 20 albums", "data": null}
{"event_time": "2025-10-03T21:49:03.598861", "where": "spotify:albums", "level": "info", "message": "Fetched 10 albums", "data": null}
{"event_time": "2025-10-03T21:49:04.042457", "where": "spotify:tracks", "level": "info", "message": "Fetched 50 tracks", "data": null}
{"event_time": "2025-10-03T21:49:04.692170", "where": "spotify:albums", "level": "info", "message": "Fetched 20 albums", "data": null}
{"event_time": "2025-10-03T21:49:05.391905", "where": "spotify:albums", "level": "info", "message": "Fetched 20 albums", "data": null}
{"event_time": "2025-10-03T21:49:05.718940", "where": "spotify:albums", "level": "info", "message": "Fetched 8 albums", "data": null}
{"event_time": "2025-10-03T21:49:06.152061", "where": "spotify:tracks", "level": "info", "message": "Fetched 50 tracks", "data": null}
{"event_time": "2025-10-03T21:49:06.806338", "where": "spotify:albums", "level": "info", "message": "Fetched 20 albums", "data": null}
{"event_time": "2025-10-03T21:49:07.409226", "where": "spotify:albums", "level": "info", "message": "Fetched 20 albums", "data": null}
{"event_time": "2025-10-03T21:49:07.826560", "where": "spotify:albums", "level": "info", "message": "Fetched 10 albums", "data": null}
{"event_time": "2025-10-03T21:49:08.370265", "where": "spotify:tracks", "level": "info", "message": "Fetched 50 tracks", "data": null}
{"event_time": "2025-10-03T21:49:09.121852", "where": "spotify:albums", "level": "info", "message": "Fetched 20 albums", "data": null}
{"event_time": "2025-10-03T21:49:09.895500", "where": "spotify:albums", "level": "info", "message": "Fetched 20 albums", "data": null}
{"event_time": "2025-10-03T21:49:10.487956", "where": "spotify:albums", "level": "info", "message": "Fetched 10 albums", "data": null}
{"event_time": "2025-10-03T21:49:10.914667", "where": "spotify:tracks", "level": "info", "message": "Fetched 50 tracks", "data": null}
{"event_time": "2025-10-03T21:49:11.536587", "where": "spotify:albums", "level": "info", "message": "Fetched 20 albums", "data": null}
{"event_time": "2025-10-03T21:49:12.258298", "where": "spotify:albums", "level": "info", "message": "Fetched 20 albums", "data": null}
{"event_time": "2025-10-03T21:49:12.862357", "where": "spotify:albums", "level": "info", "message": "Fetched 10 albums", "data": null}
{"event_time": "2025-10-03T21:49:13.372199", "where": "spotify:tracks", "level": "info", "message": "Fetched 50 tracks", "data": null}
{"event_time": "2025-10-03T21:49:14.558505", "where": "spotify:albums", "level": "info", "message": "Fetched 20 albums", "data": null}
{"event_time": "2025-10-03T21:49:15.247909", "where": "spotify:albums", "level": "info", "message": "Fetched 20 albums", "data": null}
{"event_time": "2025-10-03T21:49:15.556442", "where": "spotify:albums", "level": "info", "message": "Fetched 10 albums", "data": null}
{"event_time": "2025-10-03T21:49:16.033585", "where": "spotify:tracks", "level": "info", "message": "Fetched 50 tracks", "data": null}
{"event_time": "2025-10-03T21:49:16.676354", "where": "spotify:albums", "level": "info", "message": "Fetched 20 albums", "data": null}
{"event_time": "2025-10-03T21:49:17.169194", "where": "spotify:albums", "level": "info", "message": "Fetched 20 albums", "data": null}
{"event_time": "2025-10-03T21:49:17.488870", "where": "spotify:albums", "level": "info", "message": "Fetched 10 albums", "data": null}
{"event_time": "2025-10-03T21:49:17.958159", "where": "spotify:tracks", "level": "info", "message": "Fetched 50 tracks", "data": null}
{"event_time": "2025-10-03T21:49:18.672098", "where": "spotify:albums", "level": "info", "message": "Fetched 20 albums", "data": null}
{"event_time": "2025-10-03T21:49:19.219315", "where": "spotify:albums", "level": "info", "message": "Fetched 20 albums", "data": null}
{"event_time": "2025-10-03T21:49:19.527794", "where": "spotify:albums", "level": "info", "message": "Fetched 10 albums", "data": null}
{"event_time": "2025-10-03T21:49:20.027871", "where": "spotify:tracks", "level": "info", "message": "Fetched 50 tracks", "data": null}
{"event_time": "2025-10-03T21:49:20.589988", "where": "spotify:albums", "level": "info", "message": "Fetched 20 albums", "data": null}
{"event_time": "2025-10-03T21:49:21.371084", "where": "spotify:albums", "level": "info", "message": "Fetched 20 albums", "data": null}
{"event_time": "2025-10-03T21:49:21.642689", "where": "spotify:albums", "level": "info", "message": "Fetched 10 albums", "data": null}
{"event_time": "2025-10-03T21:49:22.178764", "where": "spotify:tracks", "level": "info", "message": "Fetched 50 tracks", "data": null}
{"event_time": "2025-10-03T21:49:22.904096", "where": "spotify:albums", "level": "info", "message": "Fetched 20 albums", "data": null}
{"event_time": "2025-10-03T21:49:23.638120", "where": "spotify:albums", "level": "info", "message": "Fetched 20 albums", "data": null}
{"event_time": "2025-10-03T21:49:24.239578", "where": "spotify:albums", "level": "info", "message": "Fetched 10 albums", "data": null}
{"event_time": "2025-10-03T21:49:24.683851", "where": "spotify:tracks", "level": "info", "message": "Fetched 50 tracks", "data": null}
{"event_time": "2025-10-03T21:49:25.777428", "where": "spotify:albums", "level": "info", "message": "Fetched 20 albums", "data": null}
{"event_time": "2025-10-03T21:49:27.012173", "where": "spotify:albums", "level": "info", "message": "Fetched 20 albums", "data": null}
{"event_time": "2025-10-03T21:49:27.926135", "where": "spotify:albums", "level": "info", "message": "Fetched 10 albums", "data": null}
{"event_time": "2025-10-03T21:49:28.396925", "where": "spotify:tracks", "level": "info", "message": "Fetched 50 tracks", "data": null}
{"event_time": "2025-10-03T21:49:29.259300", "where": "spotify:albums", "level": "info", "message": "Fetched 20 albums", "data": null}
{"event_time": "2025-10-03T21:49:30.183823", "where": "spotify:albums", "level": "info", "message": "Fetched 20 albums", "data": null}
{"event_time": "2025-10-03T21:49:30.492296", "where": "spotify:albums", "level": "info", "message": "Fetched 9 albums", "data": null}
{"event_time": "2025-10-03T21:49:30.982966", "where": "spotify:tracks", "level": "info", "message": "Fetched 50 tracks", "data": null}
{"event_time": "2025-10-03T21:49:31.485991", "where": "spotify:albums", "level": "info", "message": "Fetched 20 albums", "data": null}
{"event_time": "2025-10-03T21:49:32.015447", "where": "spotify:albums", "level": "info", "message": "Fetched 20 albums", "data": null}
{"event_time": "2025-10-03T21:49:32.489639", "where": "spotify:albums", "level": "info", "message": "Fetched 10 albums", "data": null}
{"event_time": "2025-10-03T21:49:33.016740", "where": "spotify:tracks", "level": "info", "message": "Fetched 50 tracks", "data": null}
{"event_time": "2025-10-03T21:49:33.770497", "where": "spotify:albums", "level": "info", "message": "Fetched 20 albums", "data": null}
{"event_time": "2025-10-03T21:49:34.526092", "where": "spotify:albums", "level": "info", "message": "Fetched 20 albums", "data": null}
{"event_time": "2025-10-03T21:49:35.183082", "where": "spotify:albums", "level": "info", "message": "Fetched 9 albums", "data": null}
{"event_time": "2025-10-03T21:49:41.430090", "where": "spotify:tracks", "level": "info", "message": "Fetched 50 tracks", "data": null}
{"event_time": "2025-10-03T21:49:42.051665", "where": "spotify:albums", "level": "info", "message": "Fetched 20 albums", "data": null}
{"event_time": "2025-10-03T21:49:42.715738", "where": "spotify:albums", "level": "info", "message": "Fetched 20 albums", "data": null}
{"event_time": "2025-10-03T21:49:43.380587", "where": "spotify:albums", "level": "info", "message": "Fetched 10 albums", "data": null}
{"event_time": "2025-10-03T21:49:43.887652", "where": "spotify:tracks", "level": "info", "message": "Fetched 50 tracks", "data": null}
{"event_time": "2025-10-03T21:49:44.186844", "where": "spotify:albums", "level": "info", "message": "Fetched 20 albums", "data": null}
{"event_time": "2025-10-03T21:49:44.650632", "where": "spotify:albums", "level": "info", "message": "Fetched 20 albums", "data": null}
{"event_time": "2025-10-03T21:49:44.978037", "where": "spotify:albums", "level": "info", "message": "Fetched 10 albums", "data": null}
{"event_time": "2025-10-03T21:49:45.423886", "where": "spotify:tracks", "level": "info", "message": "Fetched 50 tracks", "data": null}
{"event_time": "2025-10-03T21:49:45.919155", "where": "spotify:albums", "level": "info", "message": "Fetched 20 albums", "data": null}
{"event_time": "2025-10-03T21:49:46.455473", "where": "spotify:albums", "level": "info", "message": "Fetched 20 albums", "data": null}
{"event_time": "2025-10-03T21:49:46.733153", "where": "spotify:albums", "level": "info", "message": "Fetched 10 albums", "data": null}
{"event_time": "2025-10-03T21:49:47.265886", "where": "spotify:tracks", "level": "info", "message": "Fetched 50 tracks", "data": null}
{"event_time": "2025-10-03T21:49:47.778852", "where": "spotify:albums", "level": "info", "message": "Fetched 20 albums", "data": null}
{"event_time": "2025-10-03T21:49:48.296697", "where": "spotify:albums", "level": "info", "message": "Fetched 20 albums", "data": null}
{"event_time": "2025-10-03T21:49:48.617285", "where": "spotify:albums", "level": "info", "message": "Fetched 10 albums", "data": null}
{"event_time": "2025-10-03T21:49:48.930671", "where": "spotify:tracks", "level": "info", "message": "Fetched 50 tracks", "data": null}
{"event_time": "2025-10-03T21:49:49.419121", "where": "spotify:albums", "level": "info", "message": "Fetched 20 albums", "data": null}
{"event_time": "2025-10-03T21:49:49.826772", "where": "spotify:albums", "level": "info", "message": "Fetched 20 albums", "data": null}
{"event_time": "2025-10-03T21:49:50.100111", "where": "spotify:albums", "level": "info", "message": "Fetched 10 albums", "data": null}
{"event_time": "2025-10-03T21:49:50.610113", "where": "spotify:tracks", "level": "info", "message": "Fetched 50 tracks", "data": null}
{"event_time": "2025-10-03T21:49:50.929401", "where": "spotify:albums", "level": "info", "message": "Fetched 20 albums", "data": null}
{"event_time": "2025-10-03T21:49:51.469680", "where": "spotify:albums", "level": "info", "message": "Fetched 20 albums", "data": null}
{"event_time": "2025-10-03T21:49:51.976302", "where": "spotify:albums", "level": "info", "message": "Fetched 10 albums", "data": null}
{"event_time": "2025-10-03T21:49:52.511687", "where": "spotify:tracks", "level": "info", "message": "Fetched 50 tracks", "data": null}
{"event_time": "2025-10-03T21:49:52.978895", "where": "spotify:albums", "level": "info", "message": "Fetched 20 albums", "data": null}
{"event_time": "2025-10-03T21:49:53.426010", "where": "spotify:albums", "level": "info", "message": "Fetched 20 albums", "data": null}
{"event_time": "2025-10-03T21:49:53.750774", "where": "spotify:albums", "level": "info", "message": "Fetched 10 albums", "data": null}
{"event_time": "2025-10-03T21:49:54.232861", "where": "spotify:tracks", "level": "info", "message": "Fetched 50 tracks", "data": null}
{"event_time": "2025-10-03T21:49:54.509720", "where": "spotify:albums", "level": "info", "message": "Fetched 20 albums", "data": null}
{"event_time": "2025-10-03T21:49:55.161183", "where": "spotify:albums", "level": "info", "message": "Fetched 20 albums", "data": null}
{"event_time": "2025-10-03T21:49:55.516013", "where": "spotify:albums", "level": "info", "message": "Fetched 10 albums", "data": null}
{"event_time": "2025-10-03T21:49:55.821135", "where": "spotify:tracks", "level": "info", "message": "Fetched 50 tracks", "data": null}
{"event_time": "2025-10-03T21:49:56.439821", "where": "spotify:albums", "level": "info", "message": "Fetched 20 albums", "data": null}
{"event_time": "2025-10-03T21:49:56.762029", "where": "spotify:albums", "level": "info", "message": "Fetched 20 albums", "data": null}
{"event_time": "2025-10-03T21:49:57.198433", "where": "spotify:albums", "level": "info", "message": "Fetched 10 albums", "data": null}
{"event_time": "2025-10-03T21:49:57.693512", "where": "spotify:tracks", "level": "info", "message": "Fetched 50 tracks", "data": null}
{"event_time": "2025-10-03T21:49:58.051529", "where": "spotify:albums", "level": "info", "message": "Fetched 20 albums", "data": null}
{"event_time": "2025-10-03T21:49:58.415084", "where": "spotify:albums", "level": "info", "message": "Fetched 20 albums", "data": null}
{"event_time": "2025-10-03T21:49:58.735044", "where": "spotify:albums", "level": "info", "message": "Fetched 10 albums", "data": null}
{"event_time": "2025-10-03T21:49:59.148494", "where": "spotify:tracks", "level": "info", "message": "Fetched 50 tracks", "data": null}
{"event_time": "2025-10-03T21:49:59.612667", "where": "spotify:albums", "level": "info", "message": "Fetched 20 albums", "data": null}
{"event_time": "2025-10-03T21:50:00.073052", "where": "spotify:albums", "level": "info", "message": "Fetched 20 albums", "data": null}
{"event_time": "2025-10-03T21:50:00.488900", "where": "spotify:albums", "level": "info", "message": "Fetched 10 albums", "data": null}
{"event_time": "2025-10-03T21:50:00.991407", "where": "spotify:tracks", "level": "info", "message": "Fetched 50 tracks", "data": null}
{"event_time": "2025-10-03T21:50:01.397047", "where": "spotify:albums", "level": "info", "message": "Fetched 20 albums", "data": null}
{"event_time": "2025-10-03T21:50:02.018917", "where": "spotify:albums", "level": "info", "message": "Fetched 20 albums", "data": null}
{"event_time": "2025-10-03T21:50:02.544569", "where": "spotify:albums", "level": "info", "message": "Fetched 10 albums", "data": null}
{"event_time": "2025-10-03T21:50:03.137484", "where": "spotify:tracks", "level": "info", "message": "Fetched 41 tracks", "data": null}
{"event_time": "2025-10-03T21:50:03.762109", "where": "spotify:albums", "level": "info", "message": "Fetched 20 albums", "data": null}
{"event_time": "2025-10-03T21:50:04.599743", "where": "spotify:albums", "level": "info", "message": "Fetched 20 albums", "data": null}
{"event_time": "2025-10-03T21:50:04.889453", "where": "spotify:albums", "level": "info", "message": "Fetched 1 albums", "data": null}
{"event_time": "2025-10-03T21:50:05.481654", "where": "spotify:tracks", "level": "info", "message": "Fetched 50 tracks", "data": null}
{"event_time": "2025-10-03T21:50:06.113507", "where": "spotify:tracks", "level": "info", "message": "Fetched 49 tracks", "data": null}
{"event_time": "2025-10-03T21:50:06.659324", "where": "spotify:tracks", "level": "info", "message": "Fetched 50 tracks", "data": null}
{"event_time": "2025-10-03T21:50:07.344461", "where": "spotify:tracks", "level": "info", "message": "Fetched 49 tracks", "data": null}
{"event_time": "2025-10-03T21:50:07.804960", "where": "spotify:tracks", "level": "info", "message": "Fetched 50 tracks", "data": null}
{"event_time": "2025-10-03T21:50:08.363170", "where": "spotify:tracks", "level": "info", "message": "Fetched 48 tracks", "data": null}
{"event_time": "2025-10-03T21:50:08.972962", "where": "spotify:tracks", "level": "info", "message": "Fetched 50 tracks", "data": null}
{"event_time": "2025-10-03T21:50:09.474875", "where": "spotify:tracks", "level": "info", "message": "Fetched 50 tracks", "data": null}
{"event_time": "2025-10-03T21:50:10.038656", "where": "spotify:tracks", "level": "info", "message": "Fetched 50 tracks", "data": null}
{"event_time": "2025-10-03T21:50:10.678676", "where": "spotify:tracks", "level": "info", "message": "Fetched 50 tracks", "data": null}
{"event_time": "2025-10-03T21:50:11.283381", "where": "spotify:tracks", "level": "info", "message": "Fetched 50 tracks", "data": null}
{"event_time": "2025-10-03T21:50:11.849544", "where": "spotify:tracks", "level": "info", "message": "Fetched 50 tracks", "data": null}
{"event_time": "2025-10-03T21:50:12.386390", "where": "spotify:tracks", "level": "info", "message": "Fetched 50 tracks", "data": null}
{"event_time": "2025-10-03T21:50:12.885065", "where": "spotify:tracks", "level": "info", "message": "Fetched 49 tracks", "data": null}
{"event_time": "2025-10-03T21:50:13.345291", "where": "spotify:tracks", "level": "info", "message": "Fetched 50 tracks", "data": null}
{"event_time": "2025-10-03T21:50:13.998930", "where": "spotify:tracks", "level": "info", "message": "Fetched 49 tracks", "data": null}
{"event_time": "2025-10-03T21:50:14.415930", "where": "spotify:tracks", "level": "info", "message": "Fetched 50 tracks", "data": null}
{"event_time": "2025-10-03T21:50:14.845444", "where": "spotify:tracks", "level": "info", "message": "Fetched 50 tracks", "data": null}
{"event_time": "2025-10-03T21:50:15.327710", "where": "spotify:tracks", "level": "info", "message": "Fetched 50 tracks", "data": null}
{"event_time": "2025-10-03T21:50:15.943158", "where": "spotify:tracks", "level": "info", "message": "Fetched 50 tracks", "data": null}
{"event_time": "2025-10-03T21:50:16.524910", "where": "spotify:tracks", "level": "info", "message": "Fetched 11 tracks", "data": null}
{"event_time": "2025-10-03T21:50:16.977298", "where": "spotify:tracks", "level": "info", "message": "Fetched 50 tracks", "data": null}
{"event_time": "2025-10-03T21:50:17.470421", "where": "spotify:tracks", "level": "info", "message": "Fetched 50 tracks", "data": null}
{"event_time": "2025-10-03T21:50:17.955403", "where": "spotify:tracks", "level": "info", "message": "Fetched 50 tracks", "data": null}
{"event_time": "2025-10-03T21:50:18.351390", "where": "spotify:tracks", "level": "info", "message": "Fetched 50 tracks", "data": null}
{"event_time": "2025-10-03T21:50:18.831787", "where": "spotify:tracks", "level": "info", "message": "Fetched 50 tracks", "data": null}
{"event_time": "2025-10-03T21:50:19.213636", "where": "spotify:tracks", "level": "info", "message": "Fetched 50 tracks", "data": null}
{"event_time": "2025-10-03T21:50:19.557880", "where": "spotify:tracks", "level": "info", "message": "Fetched 9 tracks", "data": null}
{"event_time": "2025-10-08T00:03:58.704996", "where": "sanity", "level": "info", "message": "Starting spotify_sanity_check", "data": null}
{"event_time": "2025-10-08T00:03:59.097856", "where": "sanity", "level": "info", "message": "spotify_sanity_check result: ok=True, msg=ok", "data": null}
{"event_time": "2025-10-08T00:03:59.098329", "where": "sanity", "level": "info", "message": "Starting discogs_sanity_check", "data": null}
{"event_time": "2025-10-08T00:03:59.376841", "where": "sanity", "level": "info", "message": "discogs_sanity_check result: ok=True, msg=ok", "data": null}
{"event_time": "2025-10-08T00:03:59.410927", "where": "enrichment", "level": "info", "message": "Starting run_all()", "data": null}
{"event_time": "2025-10-08T00:04:17.644925", "where": "spotify:audiobooks", "level": "info", "message": "Fetched 8 audiobooks", "data": null}
{"event_time": "2025-10-08T00:04:18.349900", "where": "spotify:audiobooks", "level": "info", "message": "Fetched 1 audiobooks", "data": null}
{"event_time": "2025-10-08T00:04:19.035308", "where": "spotify:tracks", "level": "info", "message": "Fetched 50 tracks", "data": null}
{"event_time": "2025-10-08T00:04:19.980537", "where": "spotify:albums", "level": "info", "message": "Fetched 20 albums", "data": null}
{"event_time": "2025-10-08T00:04:21.078674", "where": "spotify:albums", "level": "info", "message": "Fetched 20 albums", "data": null}
{"event_time": "2025-10-08T00:04:21.719233", "where": "spotify:albums", "level": "info", "message": "Fetched 8 albums", "data": null}
{"event_time": "2025-10-08T00:04:22.136450", "where": "spotify:tracks", "level": "info", "message": "Fetched 50 tracks", "data": null}
{"event_time": "2025-10-08T00:04:22.410864", "where": "spotify:tracks", "level": "info", "message": "Fetched 1 tracks", "data": null}
{"event_time": "2025-10-08T00:04:23.346080", "where": "spotify:albums", "level": "info", "message": "Fetched 20 albums", "data": null}
{"event_time": "2025-10-08T00:04:24.624609", "where": "spotify:albums", "level": "info", "message": "Fetched 20 albums", "data": null}
{"event_time": "2025-10-08T00:04:25.234849", "where": "spotify:albums", "level": "info", "message": "Fetched 9 albums", "data": null}
{"event_time": "2025-10-08T00:04:25.682179", "where": "spotify:tracks", "level": "info", "message": "Fetched 50 tracks", "data": null}
{"event_time": "2025-10-08T00:04:25.868607", "where": "spotify:tracks", "level": "info", "message": "Fetched 1 tracks", "data": null}
{"event_time": "2025-10-08T00:04:26.999351", "where": "spotify:albums", "level": "info", "message": "Fetched 20 albums", "data": null}
{"event_time": "2025-10-08T00:04:27.883170", "where": "spotify:albums", "level": "info", "message": "Fetched 20 albums", "data": null}
{"event_time": "2025-10-08T00:04:28.218049", "where": "spotify:albums", "level": "info", "message": "Fetched 9 albums", "data": null}
{"event_time": "2025-10-08T00:04:28.679752", "where": "spotify:tracks", "level": "info", "message": "Fetched 50 tracks", "data": null}
{"event_time": "2025-10-08T00:04:29.600221", "where": "spotify:albums", "level": "info", "message": "Fetched 20 albums", "data": null}
{"event_time": "2025-10-08T00:04:30.355587", "where": "spotify:albums", "level": "info", "message": "Fetched 20 albums", "data": null}
{"event_time": "2025-10-08T00:04:30.699210", "where": "spotify:albums", "level": "info", "message": "Fetched 6 albums", "data": null}
{"event_time": "2025-10-08T00:04:31.068636", "where": "spotify:tracks", "level": "info", "message": "Fetched 50 tracks", "data": null}
{"event_time": "2025-10-08T00:04:31.905390", "where": "spotify:albums", "level": "info", "message": "Fetched 20 albums", "data": null}
{"event_time": "2025-10-08T00:04:32.598091", "where": "spotify:albums", "level": "info", "message": "Fetched 20 albums", "data": null}
{"event_time": "2025-10-08T00:04:33.065573", "where": "spotify:albums", "level": "info", "message": "Fetched 9 albums", "data": null}
{"event_time": "2025-10-08T00:04:33.563730", "where": "spotify:tracks", "level": "info", "message": "Fetched 50 tracks", "data": null}
{"event_time": "2025-10-08T00:04:34.409065", "where": "spotify:albums", "level": "info", "message": "Fetched 20 albums", "data": null}
{"event_time": "2025-10-08T00:04:35.406729", "where": "spotify:albums", "level": "info", "message": "Fetched 20 albums", "data": null}
{"event_time": "2025-10-08T00:04:35.960839", "where": "spotify:albums", "level": "info", "message": "Fetched 10 albums", "data": null}
{"event_time": "2025-10-08T00:04:36.471892", "where": "spotify:tracks", "level": "info", "message": "Fetched 50 tracks", "data": null}
{"event_time": "2025-10-08T00:04:36.696715", "where": "spotify:tracks", "level": "info", "message": "Fetched 1 tracks", "data": null}
{"event_time": "2025-10-08T00:04:37.926575", "where": "spotify:albums", "level": "info", "message": "Fetched 20 albums", "data": null}
{"event_time": "2025-10-08T00:04:38.751395", "where": "spotify:albums", "level": "info", "message": "Fetched 20 albums", "data": null}
{"event_time": "2025-10-08T00:04:39.098727", "where": "spotify:albums", "level": "info", "message": "Fetched 8 albums", "data": null}
{"event_time": "2025-10-08T00:04:39.533686", "where": "spotify:tracks", "level": "info", "message": "Fetched 50 tracks", "data": null}
{"event_time": "2025-10-08T00:04:40.623848", "where": "spotify:albums", "level": "info", "message": "Fetched 20 albums", "data": null}
{"event_time": "2025-10-08T00:04:42.050432", "where": "spotify:albums", "level": "info", "message": "Fetched 20 albums", "data": null}
{"event_time": "2025-10-08T00:04:42.436409", "where": "spotify:albums", "level": "info", "message": "Fetched 8 albums", "data": null}
{"event_time": "2025-10-08T00:04:42.821137", "where": "spotify:tracks", "level": "info", "message": "Fetched 50 tracks", "data": null}
{"event_time": "2025-10-08T00:04:43.766141", "where": "spotify:albums", "level": "info", "message": "Fetched 20 albums", "data": null}
{"event_time": "2025-10-08T00:04:44.784641", "where": "spotify:albums", "level": "info", "message": "Fetched 20 albums", "data": null}
{"event_time": "2025-10-08T00:04:45.337508", "where": "spotify:albums", "level": "info", "message": "Fetched 10 albums", "data": null}
{"event_time": "2025-10-08T00:04:45.706852", "where": "spotify:tracks", "level": "info", "message": "Fetched 50 tracks", "data": null}
{"event_time": "2025-10-08T00:04:46.823100", "where": "spotify:albums", "level": "info", "message": "Fetched 20 albums", "data": null}
{"event_time": "2025-10-08T00:04:48.018228", "where": "spotify:albums", "level": "info", "message": "Fetched 20 albums", "data": null}
{"event_time": "2025-10-08T00:04:48.502236", "where": "spotify:albums", "level": "info", "message": "Fetched 9 albums", "data": null}
{"event_time": "2025-10-08T00:04:49.018131", "where": "spotify:tracks", "level": "info", "message": "Fetched 49 tracks", "data": null}
{"event_time": "2025-10-08T00:04:50.155346", "where": "spotify:albums", "level": "info", "message": "Fetched 20 albums", "data": null}
{"event_time": "2025-10-08T00:04:51.113759", "where": "spotify:albums", "level": "info", "message": "Fetched 20 albums", "data": null}
{"event_time": "2025-10-08T00:04:51.730047", "where": "spotify:albums", "level": "info", "message": "Fetched 9 albums", "data": null}
{"event_time": "2025-10-08T00:04:52.253800", "where": "spotify:tracks", "level": "info", "message": "Fetched 50 tracks", "data": null}
{"event_time": "2025-10-08T00:04:53.155937", "where": "spotify:albums", "level": "info", "message": "Fetched 20 albums", "data": null}
{"event_time": "2025-10-08T00:04:54.199741", "where": "spotify:albums", "level": "info", "message": "Fetched 20 albums", "data": null}
{"event_time": "2025-10-08T00:04:55.008030", "where": "spotify:albums", "level": "info", "message": "Fetched 10 albums", "data": null}
{"event_time": "2025-10-08T00:04:55.605488", "where": "spotify:tracks", "level": "info", "message": "Fetched 50 tracks", "data": null}
{"event_time": "2025-10-08T00:04:56.545469", "where": "spotify:albums", "level": "info", "message": "Fetched 20 albums", "data": null}
{"event_time": "2025-10-08T00:04:57.488758", "where": "spotify:albums", "level": "info", "message": "Fetched 20 albums", "data": null}
{"event_time": "2025-10-08T00:04:58.147349", "where": "spotify:albums", "level": "info", "message": "Fetched 9 albums", "data": null}
{"event_time": "2025-10-08T00:04:58.774170", "where": "spotify:tracks", "level": "info", "message": "Fetched 50 tracks", "data": null}
{"event_time": "2025-10-08T00:04:59.630801", "where": "spotify:albums", "level": "info", "message": "Fetched 20 albums", "data": null}
{"event_time": "2025-10-08T00:05:00.549090", "where": "spotify:albums", "level": "info", "message": "Fetched 20 albums", "data": null}
{"event_time": "2025-10-08T00:05:01.050180", "where": "spotify:albums", "level": "info", "message": "Fetched 8 albums", "data": null}
{"event_time": "2025-10-08T00:05:01.538276", "where": "spotify:tracks", "level": "info", "message": "Fetched 50 tracks", "data": null}
{"event_time": "2025-10-08T00:05:01.740054", "where": "spotify:tracks", "level": "info", "message": "Fetched 1 tracks", "data": null}
{"event_time": "2025-10-08T00:05:02.590409", "where": "spotify:albums", "level": "info", "message": "Fetched 20 albums", "data": null}
{"event_time": "2025-10-08T00:05:03.966886", "where": "spotify:albums", "level": "info", "message": "Fetched 20 albums", "data": null}
{"event_time": "2025-10-08T00:05:04.606508", "where": "spotify:albums", "level": "info", "message": "Fetched 9 albums", "data": null}
{"event_time": "2025-10-08T00:05:05.012334", "where": "spotify:tracks", "level": "info", "message": "Fetched 50 tracks", "data": null}
{"event_time": "2025-10-08T00:05:06.577023", "where": "spotify:albums", "level": "info", "message": "Fetched 20 albums", "data": null}
{"event_time": "2025-10-08T00:05:07.520391", "where": "spotify:albums", "level": "info", "message": "Fetched 20 albums", "data": null}
{"event_time": "2025-10-08T00:05:08.347920", "where": "spotify:albums", "level": "info", "message": "Fetched 9 albums", "data": null}
{"event_time": "2025-10-08T00:05:09.928852", "where": "spotify:tracks", "level": "info", "message": "Fetched 50 tracks", "data": null}
{"event_time": "2025-10-08T00:05:10.251723", "where": "spotify:tracks", "level": "info", "message": "Fetched 1 tracks", "data": null}
{"event_time": "2025-10-08T00:05:11.168656", "where": "spotify:albums", "level": "info", "message": "Fetched 20 albums", "data": null}
{"event_time": "2025-10-08T00:05:12.108419", "where": "spotify:albums", "level": "info", "message": "Fetched 20 albums", "data": null}
{"event_time": "2025-10-08T00:05:12.808085", "where": "spotify:albums", "level": "info", "message": "Fetched 9 albums", "data": null}
{"event_time": "2025-10-08T00:05:13.391123", "where": "spotify:tracks", "level": "info", "message": "Fetched 50 tracks", "data": null}
{"event_time": "2025-10-08T00:05:14.565504", "where": "spotify:albums", "level": "info", "message": "Fetched 20 albums", "data": null}
{"event_time": "2025-10-08T00:05:15.584702", "where": "spotify:albums", "level": "info", "message": "Fetched 20 albums", "data": null}
{"event_time": "2025-10-08T00:05:16.113321", "where": "spotify:albums", "level": "info", "message": "Fetched 8 albums", "data": null}
{"event_time": "2025-10-08T00:05:16.609974", "where": "spotify:tracks", "level": "info", "message": "Fetched 50 tracks", "data": null}
{"event_time": "2025-10-08T00:05:17.536730", "where": "spotify:albums", "level": "info", "message": "Fetched 20 albums", "data": null}
{"event_time": "2025-10-08T00:05:18.149505", "where": "spotify:albums", "level": "info", "message": "Fetched 20 albums", "data": null}
{"event_time": "2025-10-08T00:05:18.731091", "where": "spotify:albums", "level": "info", "message": "Fetched 8 albums", "data": null}
{"event_time": "2025-10-08T00:05:19.175540", "where": "spotify:tracks", "level": "info", "message": "Fetched 50 tracks", "data": null}
{"event_time": "2025-10-08T00:05:19.979953", "where": "spotify:albums", "level": "info", "message": "Fetched 20 albums", "data": null}
{"event_time": "2025-10-08T00:05:21.091500", "where": "spotify:albums", "level": "info", "message": "Fetched 20 albums", "data": null}
{"event_time": "2025-10-08T00:05:21.804995", "where": "spotify:albums", "level": "info", "message": "Fetched 9 albums", "data": null}
{"event_time": "2025-10-08T00:05:22.457440", "where": "spotify:tracks", "level": "info", "message": "Fetched 50 tracks", "data": null}
{"event_time": "2025-10-08T00:05:22.651319", "where": "spotify:tracks", "level": "info", "message": "Fetched 3 tracks", "data": null}
{"event_time": "2025-10-08T00:05:23.686326", "where": "spotify:albums", "level": "info", "message": "Fetched 20 albums", "data": null}
{"event_time": "2025-10-08T00:05:24.389111", "where": "spotify:albums", "level": "info", "message": "Fetched 20 albums", "data": null}
{"event_time": "2025-10-08T00:05:24.912675", "where": "spotify:albums", "level": "info", "message": "Fetched 8 albums", "data": null}
{"event_time": "2025-10-08T00:05:25.490779", "where": "spotify:tracks", "level": "info", "message": "Fetched 50 tracks", "data": null}
{"event_time": "2025-10-08T00:05:25.679475", "where": "spotify:tracks", "level": "info", "message": "Fetched 1 tracks", "data": null}
{"event_time": "2025-10-08T00:05:26.660572", "where": "spotify:albums", "level": "info", "message": "Fetched 20 albums", "data": null}
{"event_time": "2025-10-08T00:05:27.797239", "where": "spotify:albums", "level": "info", "message": "Fetched 20 albums", "data": null}
{"event_time": "2025-10-08T00:05:28.205154", "where": "spotify:albums", "level": "info", "message": "Fetched 8 albums", "data": null}
{"event_time": "2025-10-08T00:05:28.580106", "where": "spotify:tracks", "level": "info", "message": "Fetched 50 tracks", "data": null}
{"event_time": "2025-10-08T00:05:29.580685", "where": "spotify:albums", "level": "info", "message": "Fetched 20 albums", "data": null}
{"event_time": "2025-10-08T00:05:30.980617", "where": "spotify:albums", "level": "info", "message": "Fetched 20 albums", "data": null}
{"event_time": "2025-10-08T00:05:31.564834", "where": "spotify:albums", "level": "info", "message": "Fetched 10 albums", "data": null}
{"event_time": "2025-10-08T00:05:32.029776", "where": "spotify:tracks", "level": "info", "message": "Fetched 50 tracks", "data": null}
{"event_time": "2025-10-08T00:05:33.164296", "where": "spotify:albums", "level": "info", "message": "Fetched 20 albums", "data": null}
{"event_time": "2025-10-08T00:05:34.288152", "where": "spotify:albums", "level": "info", "message": "Fetched 20 albums", "data": null}
{"event_time": "2025-10-08T00:05:34.832003", "where": "spotify:albums", "level": "info", "message": "Fetched 10 albums", "data": null}
{"event_time": "2025-10-08T00:05:35.299661", "where": "spotify:tracks", "level": "info", "message": "Fetched 50 tracks", "data": null}
{"event_time": "2025-10-08T00:05:36.656161", "where": "spotify:albums", "level": "info", "message": "Fetched 20 albums", "data": null}
{"event_time": "2025-10-08T00:05:37.674645", "where": "spotify:albums", "level": "info", "message": "Fetched 20 albums", "data": null}
{"event_time": "2025-10-08T00:05:38.129690", "where": "spotify:albums", "level": "info", "message": "Fetched 10 albums", "data": null}
{"event_time": "2025-10-08T00:05:38.589233", "where": "spotify:tracks", "level": "info", "message": "Fetched 50 tracks", "data": null}
{"event_time": "2025-10-08T00:05:39.423391", "where": "spotify:albums", "level": "info", "message": "Fetched 20 albums", "data": null}
{"event_time": "2025-10-08T00:05:40.383132", "where": "spotify:albums", "level": "info", "message": "Fetched 20 albums", "data": null}
{"event_time": "2025-10-08T00:05:40.755478", "where": "spotify:albums", "level": "info", "message": "Fetched 9 albums", "data": null}
{"event_time": "2025-10-08T00:05:41.197978", "where": "spotify:tracks", "level": "info", "message": "Fetched 50 tracks", "data": null}
{"event_time": "2025-10-08T00:05:42.283026", "where": "spotify:albums", "level": "info", "message": "Fetched 20 albums", "data": null}
{"event_time": "2025-10-08T00:05:43.420462", "where": "spotify:albums", "level": "info", "message": "Fetched 20 albums", "data": null}
{"event_time": "2025-10-08T00:05:44.020577", "where": "spotify:albums", "level": "info", "message": "Fetched 10 albums", "data": null}
{"event_time": "2025-10-08T00:05:44.516489", "where": "spotify:tracks", "level": "info", "message": "Fetched 50 tracks", "data": null}
{"event_time": "2025-10-08T00:05:45.298097", "where": "spotify:albums", "level": "info", "message": "Fetched 20 albums", "data": null}
{"event_time": "2025-10-08T00:05:46.152372", "where": "spotify:albums", "level": "info", "message": "Fetched 20 albums", "data": null}
{"event_time": "2025-10-08T00:05:46.668853", "where": "spotify:albums", "level": "info", "message": "Fetched 9 albums", "data": null}
{"event_time": "2025-10-08T00:05:47.054823", "where": "spotify:tracks", "level": "info", "message": "Fetched 50 tracks", "data": null}
{"event_time": "2025-10-08T00:05:48.528805", "where": "spotify:albums", "level": "info", "message": "Fetched 20 albums", "data": null}
{"event_time": "2025-10-08T00:05:49.757655", "where": "spotify:albums", "level": "info", "message": "Fetched 20 albums", "data": null}
{"event_time": "2025-10-08T00:05:50.267754", "where": "spotify:albums", "level": "info", "message": "Fetched 10 albums", "data": null}
{"event_time": "2025-10-08T00:05:50.749879", "where": "spotify:tracks", "level": "info", "message": "Fetched 50 tracks", "data": null}
{"event_time": "2025-10-08T00:05:52.106620", "where": "spotify:albums", "level": "info", "message": "Fetched 20 albums", "data": null}
{"event_time": "2025-10-08T00:05:52.949311", "where": "spotify:albums", "level": "info", "message": "Fetched 20 albums", "data": null}
{"event_time": "2025-10-08T00:05:53.428212", "where": "spotify:albums", "level": "info", "message": "Fetched 5 albums", "data": null}
{"event_time": "2025-10-08T00:05:53.935457", "where": "spotify:tracks", "level": "info", "message": "Fetched 49 tracks", "data": null}
{"event_time": "2025-10-08T00:05:55.020474", "where": "spotify:albums", "level": "info", "message": "Fetched 20 albums", "data": null}
{"event_time": "2025-10-08T00:05:56.144518", "where": "spotify:albums", "level": "info", "message": "Fetched 20 albums", "data": null}
{"event_time": "2025-10-08T00:05:56.602506", "where": "spotify:albums", "level": "info", "message": "Fetched 7 albums", "data": null}
{"event_time": "2025-10-08T00:05:57.141081", "where": "spotify:tracks", "level": "info", "message": "Fetched 50 tracks", "data": null}
{"event_time": "2025-10-08T00:05:58.083992", "where": "spotify:albums", "level": "info", "message": "Fetched 20 albums", "data": null}
{"event_time": "2025-10-08T00:05:58.863010", "where": "spotify:albums", "level": "info", "message": "Fetched 20 albums", "data": null}
{"event_time": "2025-10-08T00:05:59.566037", "where": "spotify:albums", "level": "info", "message": "Fetched 8 albums", "data": null}
{"event_time": "2025-10-08T00:06:00.016355", "where": "spotify:tracks", "level": "info", "message": "Fetched 50 tracks", "data": null}
{"event_time": "2025-10-08T00:06:00.933346", "where": "spotify:albums", "level": "info", "message": "Fetched 20 albums", "data": null}
{"event_time": "2025-10-08T00:06:02.110779", "where": "spotify:albums", "level": "info", "message": "Fetched 20 albums", "data": null}
{"event_time": "2025-10-08T00:06:02.641439", "where": "spotify:albums", "level": "info", "message": "Fetched 9 albums", "data": null}
{"event_time": "2025-10-08T00:06:03.026038", "where": "spotify:tracks", "level": "info", "message": "Fetched 50 tracks", "data": null}
{"event_time": "2025-10-08T00:06:03.777785", "where": "spotify:albums", "level": "info", "message": "Fetched 20 albums", "data": null}
{"event_time": "2025-10-08T00:06:04.602329", "where": "spotify:albums", "level": "info", "message": "Fetched 20 albums", "data": null}
{"event_time": "2025-10-08T00:06:04.937866", "where": "spotify:albums", "level": "info", "message": "Fetched 5 albums", "data": null}
{"event_time": "2025-10-08T00:06:05.646774", "where": "spotify:tracks", "level": "info", "message": "Fetched 50 tracks", "data": null}
{"event_time": "2025-10-08T00:06:06.999711", "where": "spotify:albums", "level": "info", "message": "Fetched 20 albums", "data": null}
{"event_time": "2025-10-08T00:06:08.023705", "where": "spotify:albums", "level": "info", "message": "Fetched 20 albums", "data": null}
{"event_time": "2025-10-08T00:06:08.675894", "where": "spotify:albums", "level": "info", "message": "Fetched 10 albums", "data": null}
{"event_time": "2025-10-08T00:06:09.495825", "where": "spotify:tracks", "level": "info", "message": "Fetched 50 tracks", "data": null}
{"event_time": "2025-10-08T00:06:10.645009", "where": "spotify:albums", "level": "info", "message": "Fetched 20 albums", "data": null}
{"event_time": "2025-10-08T00:06:11.671329", "where": "spotify:albums", "level": "info", "message": "Fetched 20 albums", "data": null}
{"event_time": "2025-10-08T00:06:12.326363", "where": "spotify:albums", "level": "info", "message": "Fetched 7 albums", "data": null}
{"event_time": "2025-10-08T00:06:12.736739", "where": "spotify:tracks", "level": "info", "message": "Fetched 50 tracks", "data": null}
{"event_time": "2025-10-08T00:06:13.741140", "where": "spotify:albums", "level": "info", "message": "Fetched 20 albums", "data": null}
{"event_time": "2025-10-08T00:06:14.739187", "where": "spotify:albums", "level": "info", "message": "Fetched 20 albums", "data": null}
{"event_time": "2025-10-08T00:06:15.190413", "where": "spotify:albums", "level": "info", "message": "Fetched 10 albums", "data": null}
{"event_time": "2025-10-08T00:06:15.734243", "where": "spotify:tracks", "level": "info", "message": "Fetched 50 tracks", "data": null}
{"event_time": "2025-10-08T00:06:16.681263", "where": "spotify:albums", "level": "info", "message": "Fetched 20 albums", "data": null}
{"event_time": "2025-10-08T00:06:17.490201", "where": "spotify:albums", "level": "info", "message": "Fetched 20 albums", "data": null}
{"event_time": "2025-10-08T00:06:18.260645", "where": "spotify:albums", "level": "info", "message": "Fetched 10 albums", "data": null}
{"event_time": "2025-10-08T00:06:18.740451", "where": "spotify:tracks", "level": "info", "message": "Fetched 50 tracks", "data": null}
{"event_time": "2025-10-08T00:06:20.159365", "where": "spotify:albums", "level": "info", "message": "Fetched 20 albums", "data": null}
{"event_time": "2025-10-08T00:06:20.999713", "where": "spotify:albums", "level": "info", "message": "Fetched 20 albums", "data": null}
{"event_time": "2025-10-08T00:06:21.576520", "where": "spotify:albums", "level": "info", "message": "Fetched 9 albums", "data": null}
{"event_time": "2025-10-08T00:06:22.103494", "where": "spotify:tracks", "level": "info", "message": "Fetched 49 tracks", "data": null}
{"event_time": "2025-10-08T00:06:23.549710", "where": "spotify:albums", "level": "info", "message": "Fetched 20 albums", "data": null}
{"event_time": "2025-10-08T00:06:24.461630", "where": "spotify:albums", "level": "info", "message": "Fetched 20 albums", "data": null}
{"event_time": "2025-10-08T00:06:24.931650", "where": "spotify:albums", "level": "info", "message": "Fetched 8 albums", "data": null}
{"event_time": "2025-10-08T00:06:25.441683", "where": "spotify:tracks", "level": "info", "message": "Fetched 50 tracks", "data": null}
{"event_time": "2025-10-08T00:06:53.728428", "where": "spotify:albums", "level": "info", "message": "Fetched 20 albums", "data": null}
{"event_time": "2025-10-08T00:06:54.657584", "where": "spotify:albums", "level": "info", "message": "Fetched 20 albums", "data": null}
{"event_time": "2025-10-08T00:06:55.330441", "where": "spotify:albums", "level": "info", "message": "Fetched 10 albums", "data": null}
{"event_time": "2025-10-08T00:06:55.837627", "where": "spotify:tracks", "level": "info", "message": "Fetched 50 tracks", "data": null}
{"event_time": "2025-10-08T00:06:56.595131", "where": "spotify:albums", "level": "info", "message": "Fetched 20 albums", "data": null}
{"event_time": "2025-10-08T00:06:57.614004", "where": "spotify:albums", "level": "info", "message": "Fetched 20 albums", "data": null}
{"event_time": "2025-10-08T00:06:58.105818", "where": "spotify:albums", "level": "info", "message": "Fetched 7 albums", "data": null}
{"event_time": "2025-10-08T00:06:58.452217", "where": "spotify:tracks", "level": "info", "message": "Fetched 50 tracks", "data": null}
{"event_time": "2025-10-08T00:06:59.373425", "where": "spotify:albums", "level": "info", "message": "Fetched 20 albums", "data": null}
{"event_time": "2025-10-08T00:07:00.397288", "where": "spotify:albums", "level": "info", "message": "Fetched 20 albums", "data": null}
{"event_time": "2025-10-08T00:07:00.815180", "where": "spotify:albums", "level": "info", "message": "Fetched 7 albums", "data": null}
{"event_time": "2025-10-08T00:07:01.215836", "where": "spotify:tracks", "level": "info", "message": "Fetched 50 tracks", "data": null}
{"event_time": "2025-10-08T00:07:02.136709", "where": "spotify:albums", "level": "info", "message": "Fetched 20 albums", "data": null}
{"event_time": "2025-10-08T00:07:02.893414", "where": "spotify:albums", "level": "info", "message": "Fetched 20 albums", "data": null}
{"event_time": "2025-10-08T00:07:03.237331", "where": "spotify:albums", "level": "info", "message": "Fetched 6 albums", "data": null}
{"event_time": "2025-10-08T00:07:03.723479", "where": "spotify:tracks", "level": "info", "message": "Fetched 50 tracks", "data": null}
{"event_time": "2025-10-08T00:07:03.925850", "where": "spotify:tracks", "level": "info", "message": "Fetched 1 tracks", "data": null}
{"event_time": "2025-10-08T00:07:04.886244", "where": "spotify:albums", "level": "info", "message": "Fetched 20 albums", "data": null}
{"event_time": "2025-10-08T00:07:05.822767", "where": "spotify:albums", "level": "info", "message": "Fetched 20 albums", "data": null}
{"event_time": "2025-10-08T00:07:06.392708", "where": "spotify:albums", "level": "info", "message": "Fetched 9 albums", "data": null}
{"event_time": "2025-10-08T00:07:06.909252", "where": "spotify:tracks", "level": "info", "message": "Fetched 49 tracks", "data": null}
{"event_time": "2025-10-08T00:07:08.021031", "where": "spotify:albums", "level": "info", "message": "Fetched 20 albums", "data": null}
{"event_time": "2025-10-08T00:07:08.999358", "where": "spotify:albums", "level": "info", "message": "Fetched 20 albums", "data": null}
{"event_time": "2025-10-08T00:07:09.463667", "where": "spotify:albums", "level": "info", "message": "Fetched 7 albums", "data": null}
{"event_time": "2025-10-08T00:07:09.880325", "where": "spotify:tracks", "level": "info", "message": "Fetched 50 tracks", "data": null}
{"event_time": "2025-10-08T00:07:10.739875", "where": "spotify:albums", "level": "info", "message": "Fetched 20 albums", "data": null}
{"event_time": "2025-10-08T00:07:11.321367", "where": "spotify:albums", "level": "info", "message": "Fetched 20 albums", "data": null}
{"event_time": "2025-10-08T00:07:11.879156", "where": "spotify:albums", "level": "info", "message": "Fetched 5 albums", "data": null}
{"event_time": "2025-10-08T00:07:12.158636", "where": "spotify:tracks", "level": "info", "message": "Fetched 6 tracks", "data": null}
{"event_time": "2025-10-08T00:07:12.632792", "where": "spotify:albums", "level": "info", "message": "Fetched 6 albums", "data": null}
{"event_time": "2025-10-08T00:07:20.507093", "where": "spotify:tracks", "level": "info", "message": "Fetched 50 tracks", "data": null}
{"event_time": "2025-10-08T00:07:21.089374", "where": "spotify:tracks", "level": "info", "message": "Fetched 50 tracks", "data": null}
{"event_time": "2025-10-08T00:07:21.592732", "where": "spotify:tracks", "level": "info", "message": "Fetched 50 tracks", "data": null}
{"event_time": "2025-10-08T00:07:22.233412", "where": "spotify:tracks", "level": "info", "message": "Fetched 50 tracks", "data": null}
{"event_time": "2025-10-08T00:07:22.852096", "where": "spotify:tracks", "level": "info", "message": "Fetched 50 tracks", "data": null}
{"event_time": "2025-10-08T00:07:23.479516", "where": "spotify:tracks", "level": "info", "message": "Fetched 50 tracks", "data": null}
{"event_time": "2025-10-08T00:07:23.951719", "where": "spotify:tracks", "level": "info", "message": "Fetched 50 tracks", "data": null}
{"event_time": "2025-10-08T00:07:24.500260", "where": "spotify:tracks", "level": "info", "message": "Fetched 50 tracks", "data": null}
{"event_time": "2025-10-08T00:07:25.107658", "where": "spotify:tracks", "level": "info", "message": "Fetched 50 tracks", "data": null}
{"event_time": "2025-10-08T00:07:25.725561", "where": "spotify:tracks", "level": "info", "message": "Fetched 50 tracks", "data": null}
{"event_time": "2025-10-08T00:07:26.331997", "where": "spotify:tracks", "level": "info", "message": "Fetched 50 tracks", "data": null}
{"event_time": "2025-10-08T00:07:26.944822", "where": "spotify:tracks", "level": "info", "message": "Fetched 50 tracks", "data": null}
{"event_time": "2025-10-08T00:07:27.576826", "where": "spotify:tracks", "level": "info", "message": "Fetched 50 tracks", "data": null}
{"event_time": "2025-10-08T00:07:28.149752", "where": "spotify:tracks", "level": "info", "message": "Fetched 50 tracks", "data": null}
{"event_time": "2025-10-08T00:07:28.693852", "where": "spotify:tracks", "level": "info", "message": "Fetched 50 tracks", "data": null}
{"event_time": "2025-10-08T00:07:29.311431", "where": "spotify:tracks", "level": "info", "message": "Fetched 50 tracks", "data": null}
{"event_time": "2025-10-08T00:07:29.923428", "where": "spotify:tracks", "level": "info", "message": "Fetched 50 tracks", "data": null}
{"event_time": "2025-10-08T00:07:30.529378", "where": "spotify:tracks", "level": "info", "message": "Fetched 50 tracks", "data": null}
{"event_time": "2025-10-08T00:07:31.169965", "where": "spotify:tracks", "level": "info", "message": "Fetched 50 tracks", "data": null}
{"event_time": "2025-10-08T00:07:31.700103", "where": "spotify:tracks", "level": "info", "message": "Fetched 50 tracks", "data": null}
{"event_time": "2025-10-08T00:07:32.163445", "where": "spotify:tracks", "level": "info", "message": "Fetched 50 tracks", "data": null}
{"event_time": "2025-10-08T00:07:32.714599", "where": "spotify:tracks", "level": "info", "message": "Fetched 50 tracks", "data": null}
{"event_time": "2025-10-08T00:07:33.290578", "where": "spotify:tracks", "level": "info", "message": "Fetched 50 tracks", "data": null}
{"event_time": "2025-10-08T00:07:33.799875", "where": "spotify:tracks", "level": "info", "message": "Fetched 50 tracks", "data": null}
{"event_time": "2025-10-08T00:07:34.213031", "where": "spotify:tracks", "level": "info", "message": "Fetched 16 tracks", "data": null}
{"event_time": "2025-10-08T15:19:48.413454", "where": "sanity", "level": "info", "message": "Starting spotify_sanity_check", "data": null}
{"event_time": "2025-10-08T15:19:48.760119", "where": "sanity", "level": "info", "message": "spotify_sanity_check result: ok=True, msg=ok", "data": null}
{"event_time": "2025-10-08T15:19:48.760320", "where": "sanity", "level": "info", "message": "Starting discogs_sanity_check", "data": null}
{"event_time": "2025-10-08T15:19:49.069495", "where": "sanity", "level": "info", "message": "discogs_sanity_check result: ok=True, msg=ok", "data": null}
{"event_time": "2025-10-08T15:19:49.101962", "where": "enrichment", "level": "info", "message": "Starting run_all()", "data": null}
{"event_time": "2025-10-08T15:20:07.722250", "where": "spotify:audiobooks", "level": "info", "message": "Fetched 8 audiobooks", "data": null}
{"event_time": "2025-10-08T15:20:08.630488", "where": "spotify:audiobooks", "level": "info", "message": "Fetched 1 audiobooks", "data": null}
{"event_time": "2025-10-08T15:20:09.460133", "where": "spotify:tracks", "level": "info", "message": "Fetched 50 tracks", "data": null}
{"event_time": "2025-10-08T15:20:10.698624", "where": "spotify:albums", "level": "info", "message": "Fetched 20 albums", "data": null}
{"event_time": "2025-10-08T15:20:11.513113", "where": "spotify:albums", "level": "info", "message": "Fetched 20 albums", "data": null}
{"event_time": "2025-10-08T15:20:11.948655", "where": "spotify:albums", "level": "info", "message": "Fetched 8 albums", "data": null}
{"event_time": "2025-10-08T15:20:12.428746", "where": "spotify:tracks", "level": "info", "message": "Fetched 50 tracks", "data": null}
{"event_time": "2025-10-08T15:20:12.632642", "where": "spotify:tracks", "level": "info", "message": "Fetched 1 tracks", "data": null}
{"event_time": "2025-10-08T15:20:13.901296", "where": "spotify:albums", "level": "info", "message": "Fetched 20 albums", "data": null}
{"event_time": "2025-10-08T15:20:15.629394", "where": "spotify:albums", "level": "info", "message": "Fetched 20 albums", "data": null}
{"event_time": "2025-10-08T15:20:16.431780", "where": "spotify:albums", "level": "info", "message": "Fetched 9 albums", "data": null}
{"event_time": "2025-10-08T15:20:17.012175", "where": "spotify:tracks", "level": "info", "message": "Fetched 50 tracks", "data": null}
{"event_time": "2025-10-08T15:20:17.211309", "where": "spotify:tracks", "level": "info", "message": "Fetched 1 tracks", "data": null}
{"event_time": "2025-10-08T15:20:18.393929", "where": "spotify:albums", "level": "info", "message": "Fetched 20 albums", "data": null}
{"event_time": "2025-10-08T15:20:19.398011", "where": "spotify:albums", "level": "info", "message": "Fetched 20 albums", "data": null}
{"event_time": "2025-10-08T15:20:19.905117", "where": "spotify:albums", "level": "info", "message": "Fetched 9 albums", "data": null}
{"event_time": "2025-10-08T15:20:20.421727", "where": "spotify:tracks", "level": "info", "message": "Fetched 50 tracks", "data": null}
{"event_time": "2025-10-08T15:20:21.391473", "where": "spotify:albums", "level": "info", "message": "Fetched 20 albums", "data": null}
{"event_time": "2025-10-08T15:20:22.322481", "where": "spotify:albums", "level": "info", "message": "Fetched 20 albums", "data": null}
{"event_time": "2025-10-08T15:20:22.771860", "where": "spotify:albums", "level": "info", "message": "Fetched 6 albums", "data": null}
{"event_time": "2025-10-08T15:20:23.288870", "where": "spotify:tracks", "level": "info", "message": "Fetched 50 tracks", "data": null}
{"event_time": "2025-10-08T15:20:24.144194", "where": "spotify:albums", "level": "info", "message": "Fetched 20 albums", "data": null}
{"event_time": "2025-10-08T15:20:25.059964", "where": "spotify:albums", "level": "info", "message": "Fetched 20 albums", "data": null}
{"event_time": "2025-10-08T15:20:25.641807", "where": "spotify:albums", "level": "info", "message": "Fetched 9 albums", "data": null}
{"event_time": "2025-10-08T15:20:26.109245", "where": "spotify:tracks", "level": "info", "message": "Fetched 50 tracks", "data": null}
{"event_time": "2025-10-08T15:20:26.888964", "where": "spotify:albums", "level": "info", "message": "Fetched 20 albums", "data": null}
{"event_time": "2025-10-08T15:20:27.817143", "where": "spotify:albums", "level": "info", "message": "Fetched 20 albums", "data": null}
{"event_time": "2025-10-08T15:20:28.714009", "where": "spotify:albums", "level": "info", "message": "Fetched 10 albums", "data": null}
{"event_time": "2025-10-08T15:20:29.117627", "where": "spotify:tracks", "level": "info", "message": "Fetched 50 tracks", "data": null}
{"event_time": "2025-10-08T15:20:29.294380", "where": "spotify:tracks", "level": "info", "message": "Fetched 1 tracks", "data": null}
{"event_time": "2025-10-08T15:20:30.577862", "where": "spotify:albums", "level": "info", "message": "Fetched 20 albums", "data": null}
{"event_time": "2025-10-08T15:20:31.480834", "where": "spotify:albums", "level": "info", "message": "Fetched 20 albums", "data": null}
{"event_time": "2025-10-08T15:20:32.005157", "where": "spotify:albums", "level": "info", "message": "Fetched 8 albums", "data": null}
{"event_time": "2025-10-08T15:20:32.602546", "where": "spotify:tracks", "level": "info", "message": "Fetched 50 tracks", "data": null}
{"event_time": "2025-10-08T15:20:33.563741", "where": "spotify:albums", "level": "info", "message": "Fetched 20 albums", "data": null}
{"event_time": "2025-10-08T15:20:34.829792", "where": "spotify:albums", "level": "info", "message": "Fetched 20 albums", "data": null}
{"event_time": "2025-10-08T15:20:35.367025", "where": "spotify:albums", "level": "info", "message": "Fetched 8 albums", "data": null}
{"event_time": "2025-10-08T15:20:35.942399", "where": "spotify:tracks", "level": "info", "message": "Fetched 50 tracks", "data": null}
{"event_time": "2025-10-08T15:20:37.222776", "where": "spotify:albums", "level": "info", "message": "Fetched 20 albums", "data": null}
{"event_time": "2025-10-08T15:20:38.348273", "where": "spotify:albums", "level": "info", "message": "Fetched 20 albums", "data": null}
{"event_time": "2025-10-08T15:20:39.079023", "where": "spotify:albums", "level": "info", "message": "Fetched 10 albums", "data": null}
{"event_time": "2025-10-08T15:20:39.528939", "where": "spotify:tracks", "level": "info", "message": "Fetched 50 tracks", "data": null}
{"event_time": "2025-10-08T15:20:40.494116", "where": "spotify:albums", "level": "info", "message": "Fetched 20 albums", "data": null}
{"event_time": "2025-10-08T15:20:41.692123", "where": "spotify:albums", "level": "info", "message": "Fetched 20 albums", "data": null}
{"event_time": "2025-10-08T15:20:42.554150", "where": "spotify:albums", "level": "info", "message": "Fetched 9 albums", "data": null}
{"event_time": "2025-10-08T15:20:43.126897", "where": "spotify:tracks", "level": "info", "message": "Fetched 49 tracks", "data": null}
{"event_time": "2025-10-08T15:20:44.317156", "where": "spotify:albums", "level": "info", "message": "Fetched 20 albums", "data": null}
{"event_time": "2025-10-08T15:20:45.114152", "where": "spotify:albums", "level": "info", "message": "Fetched 20 albums", "data": null}
{"event_time": "2025-10-08T15:20:45.714215", "where": "spotify:albums", "level": "info", "message": "Fetched 9 albums", "data": null}
{"event_time": "2025-10-08T15:20:46.222747", "where": "spotify:tracks", "level": "info", "message": "Fetched 50 tracks", "data": null}
{"event_time": "2025-10-08T15:20:47.483158", "where": "spotify:albums", "level": "info", "message": "Fetched 20 albums", "data": null}
{"event_time": "2025-10-08T15:20:48.957241", "where": "spotify:albums", "level": "info", "message": "Fetched 20 albums", "data": null}
{"event_time": "2025-10-08T15:20:49.706239", "where": "spotify:albums", "level": "info", "message": "Fetched 10 albums", "data": null}
{"event_time": "2025-10-08T15:20:50.241376", "where": "spotify:tracks", "level": "info", "message": "Fetched 50 tracks", "data": null}
{"event_time": "2025-10-08T15:20:51.186598", "where": "spotify:albums", "level": "info", "message": "Fetched 20 albums", "data": null}
{"event_time": "2025-10-08T15:20:52.311426", "where": "spotify:albums", "level": "info", "message": "Fetched 20 albums", "data": null}
{"event_time": "2025-10-08T15:20:53.128136", "where": "spotify:albums", "level": "info", "message": "Fetched 9 albums", "data": null}
{"event_time": "2025-10-08T15:20:53.690839", "where": "spotify:tracks", "level": "info", "message": "Fetched 50 tracks", "data": null}
{"event_time": "2025-10-08T15:20:54.640225", "where": "spotify:albums", "level": "info", "message": "Fetched 20 albums", "data": null}
{"event_time": "2025-10-08T15:20:55.834743", "where": "spotify:albums", "level": "info", "message": "Fetched 20 albums", "data": null}
{"event_time": "2025-10-08T15:20:56.364299", "where": "spotify:albums", "level": "info", "message": "Fetched 8 albums", "data": null}
{"event_time": "2025-10-08T15:20:56.947549", "where": "spotify:tracks", "level": "info", "message": "Fetched 50 tracks", "data": null}
{"event_time": "2025-10-08T15:20:57.142407", "where": "spotify:tracks", "level": "info", "message": "Fetched 1 tracks", "data": null}
{"event_time": "2025-10-08T15:20:58.029442", "where": "spotify:albums", "level": "info", "message": "Fetched 20 albums", "data": null}
{"event_time": "2025-10-08T15:20:59.152615", "where": "spotify:albums", "level": "info", "message": "Fetched 20 albums", "data": null}
{"event_time": "2025-10-08T15:20:59.950546", "where": "spotify:albums", "level": "info", "message": "Fetched 9 albums", "data": null}
{"event_time": "2025-10-08T15:21:00.670078", "where": "spotify:tracks", "level": "info", "message": "Fetched 50 tracks", "data": null}
{"event_time": "2025-10-08T15:21:02.014285", "where": "spotify:albums", "level": "info", "message": "Fetched 20 albums", "data": null}
{"event_time": "2025-10-08T15:21:03.184109", "where": "spotify:albums", "level": "info", "message": "Fetched 20 albums", "data": null}
{"event_time": "2025-10-08T15:21:04.058069", "where": "spotify:albums", "level": "info", "message": "Fetched 9 albums", "data": null}
{"event_time": "2025-10-08T15:21:04.654101", "where": "spotify:tracks", "level": "info", "message": "Fetched 50 tracks", "data": null}
{"event_time": "2025-10-08T15:21:04.983644", "where": "spotify:tracks", "level": "info", "message": "Fetched 1 tracks", "data": null}
{"event_time": "2025-10-08T15:21:05.802814", "where": "spotify:albums", "level": "info", "message": "Fetched 20 albums", "data": null}
{"event_time": "2025-10-08T15:21:07.058206", "where": "spotify:albums", "level": "info", "message": "Fetched 20 albums", "data": null}
{"event_time": "2025-10-08T15:21:07.630274", "where": "spotify:albums", "level": "info", "message": "Fetched 9 albums", "data": null}
{"event_time": "2025-10-08T15:21:08.087771", "where": "spotify:tracks", "level": "info", "message": "Fetched 50 tracks", "data": null}
{"event_time": "2025-10-08T15:21:09.173634", "where": "spotify:albums", "level": "info", "message": "Fetched 20 albums", "data": null}
{"event_time": "2025-10-08T15:21:09.979831", "where": "spotify:albums", "level": "info", "message": "Fetched 20 albums", "data": null}
{"event_time": "2025-10-08T15:21:10.504334", "where": "spotify:albums", "level": "info", "message": "Fetched 8 albums", "data": null}
{"event_time": "2025-10-08T15:21:10.962643", "where": "spotify:tracks", "level": "info", "message": "Fetched 50 tracks", "data": null}
{"event_time": "2025-10-08T15:21:11.805221", "where": "spotify:albums", "level": "info", "message": "Fetched 20 albums", "data": null}
{"event_time": "2025-10-08T15:21:12.762120", "where": "spotify:albums", "level": "info", "message": "Fetched 20 albums", "data": null}
{"event_time": "2025-10-08T15:21:13.258139", "where": "spotify:albums", "level": "info", "message": "Fetched 8 albums", "data": null}
{"event_time": "2025-10-08T15:21:13.771385", "where": "spotify:tracks", "level": "info", "message": "Fetched 50 tracks", "data": null}
{"event_time": "2025-10-08T15:21:14.808716", "where": "spotify:albums", "level": "info", "message": "Fetched 20 albums", "data": null}
{"event_time": "2025-10-08T15:21:15.732185", "where": "spotify:albums", "level": "info", "message": "Fetched 20 albums", "data": null}
{"event_time": "2025-10-08T15:21:16.374495", "where": "spotify:albums", "level": "info", "message": "Fetched 9 albums", "data": null}
{"event_time": "2025-10-08T15:21:16.842947", "where": "spotify:tracks", "level": "info", "message": "Fetched 50 tracks", "data": null}
{"event_time": "2025-10-08T15:21:17.200067", "where": "spotify:tracks", "level": "info", "message": "Fetched 3 tracks", "data": null}
{"event_time": "2025-10-08T15:21:18.299713", "where": "spotify:albums", "level": "info", "message": "Fetched 20 albums", "data": null}
{"event_time": "2025-10-08T15:21:19.313003", "where": "spotify:albums", "level": "info", "message": "Fetched 20 albums", "data": null}
{"event_time": "2025-10-08T15:21:20.101001", "where": "spotify:albums", "level": "info", "message": "Fetched 8 albums", "data": null}
{"event_time": "2025-10-08T15:21:20.632337", "where": "spotify:tracks", "level": "info", "message": "Fetched 50 tracks", "data": null}
{"event_time": "2025-10-08T15:21:20.825564", "where": "spotify:tracks", "level": "info", "message": "Fetched 1 tracks", "data": null}
{"event_time": "2025-10-08T15:21:22.299377", "where": "spotify:albums", "level": "info", "message": "Fetched 20 albums", "data": null}
{"event_time": "2025-10-08T15:21:23.719066", "where": "spotify:albums", "level": "info", "message": "Fetched 20 albums", "data": null}
{"event_time": "2025-10-08T15:21:24.149789", "where": "spotify:albums", "level": "info", "message": "Fetched 8 albums", "data": null}
{"event_time": "2025-10-08T15:21:24.803441", "where": "spotify:tracks", "level": "info", "message": "Fetched 50 tracks", "data": null}
{"event_time": "2025-10-08T15:21:25.724461", "where": "spotify:albums", "level": "info", "message": "Fetched 20 albums", "data": null}
{"event_time": "2025-10-08T15:21:26.992533", "where": "spotify:albums", "level": "info", "message": "Fetched 20 albums", "data": null}
{"event_time": "2025-10-08T15:21:27.710841", "where": "spotify:albums", "level": "info", "message": "Fetched 10 albums", "data": null}
{"event_time": "2025-10-08T15:21:28.121190", "where": "spotify:tracks", "level": "info", "message": "Fetched 50 tracks", "data": null}
{"event_time": "2025-10-08T15:21:29.058343", "where": "spotify:albums", "level": "info", "message": "Fetched 20 albums", "data": null}
{"event_time": "2025-10-08T15:21:30.007521", "where": "spotify:albums", "level": "info", "message": "Fetched 20 albums", "data": null}
{"event_time": "2025-10-08T15:21:30.574237", "where": "spotify:albums", "level": "info", "message": "Fetched 10 albums", "data": null}
{"event_time": "2025-10-08T15:21:31.011783", "where": "spotify:tracks", "level": "info", "message": "Fetched 50 tracks", "data": null}
{"event_time": "2025-10-08T15:21:32.732155", "where": "spotify:albums", "level": "info", "message": "Fetched 20 albums", "data": null}
{"event_time": "2025-10-08T15:21:33.744415", "where": "spotify:albums", "level": "info", "message": "Fetched 20 albums", "data": null}
{"event_time": "2025-10-08T15:21:34.252568", "where": "spotify:albums", "level": "info", "message": "Fetched 10 albums", "data": null}
{"event_time": "2025-10-08T15:21:34.761806", "where": "spotify:tracks", "level": "info", "message": "Fetched 50 tracks", "data": null}
{"event_time": "2025-10-08T15:21:35.818457", "where": "spotify:albums", "level": "info", "message": "Fetched 20 albums", "data": null}
{"event_time": "2025-10-08T15:21:36.975225", "where": "spotify:albums", "level": "info", "message": "Fetched 20 albums", "data": null}
{"event_time": "2025-10-08T15:21:37.397950", "where": "spotify:albums", "level": "info", "message": "Fetched 9 albums", "data": null}
{"event_time": "2025-10-08T15:21:38.152086", "where": "spotify:tracks", "level": "info", "message": "Fetched 50 tracks", "data": null}
{"event_time": "2025-10-08T15:21:39.834672", "where": "spotify:albums", "level": "info", "message": "Fetched 20 albums", "data": null}
{"event_time": "2025-10-08T15:21:40.966332", "where": "spotify:albums", "level": "info", "message": "Fetched 20 albums", "data": null}
{"event_time": "2025-10-08T15:21:41.725918", "where": "spotify:albums", "level": "info", "message": "Fetched 10 albums", "data": null}
{"event_time": "2025-10-08T15:21:42.240092", "where": "spotify:tracks", "level": "info", "message": "Fetched 50 tracks", "data": null}
{"event_time": "2025-10-08T15:21:43.135517", "where": "spotify:albums", "level": "info", "message": "Fetched 20 albums", "data": null}
{"event_time": "2025-10-08T15:21:44.172494", "where": "spotify:albums", "level": "info", "message": "Fetched 20 albums", "data": null}
{"event_time": "2025-10-08T15:21:44.798991", "where": "spotify:albums", "level": "info", "message": "Fetched 9 albums", "data": null}
{"event_time": "2025-10-08T15:21:45.577592", "where": "spotify:tracks", "level": "info", "message": "Fetched 50 tracks", "data": null}
{"event_time": "2025-10-08T15:21:46.562771", "where": "spotify:albums", "level": "info", "message": "Fetched 20 albums", "data": null}
{"event_time": "2025-10-08T15:21:47.735319", "where": "spotify:albums", "level": "info", "message": "Fetched 20 albums", "data": null}
{"event_time": "2025-10-08T15:21:48.324354", "where": "spotify:albums", "level": "info", "message": "Fetched 10 albums", "data": null}
{"event_time": "2025-10-08T15:21:48.957517", "where": "spotify:tracks", "level": "info", "message": "Fetched 50 tracks", "data": null}
{"event_time": "2025-10-08T15:21:49.928835", "where": "spotify:albums", "level": "info", "message": "Fetched 20 albums", "data": null}
{"event_time": "2025-10-08T15:21:50.910515", "where": "spotify:albums", "level": "info", "message": "Fetched 20 albums", "data": null}
{"event_time": "2025-10-08T15:21:51.343020", "where": "spotify:albums", "level": "info", "message": "Fetched 5 albums", "data": null}
{"event_time": "2025-10-08T15:21:51.739308", "where": "spotify:tracks", "level": "info", "message": "Fetched 49 tracks", "data": null}
{"event_time": "2025-10-08T15:21:53.067788", "where": "spotify:albums", "level": "info", "message": "Fetched 20 albums", "data": null}
{"event_time": "2025-10-08T15:21:54.545020", "where": "spotify:albums", "level": "info", "message": "Fetched 20 albums", "data": null}
{"event_time": "2025-10-08T15:21:55.036112", "where": "spotify:albums", "level": "info", "message": "Fetched 7 albums", "data": null}
{"event_time": "2025-10-08T15:21:55.550684", "where": "spotify:tracks", "level": "info", "message": "Fetched 50 tracks", "data": null}
{"event_time": "2025-10-08T15:21:56.707775", "where": "spotify:albums", "level": "info", "message": "Fetched 20 albums", "data": null}
{"event_time": "2025-10-08T15:21:57.920323", "where": "spotify:albums", "level": "info", "message": "Fetched 20 albums", "data": null}
{"event_time": "2025-10-08T15:21:58.542583", "where": "spotify:albums", "level": "info", "message": "Fetched 8 albums", "data": null}
{"event_time": "2025-10-08T15:21:59.076194", "where": "spotify:tracks", "level": "info", "message": "Fetched 50 tracks", "data": null}
{"event_time": "2025-10-08T15:22:00.394685", "where": "spotify:albums", "level": "info", "message": "Fetched 20 albums", "data": null}
{"event_time": "2025-10-08T15:22:01.379303", "where": "spotify:albums", "level": "info", "message": "Fetched 20 albums", "data": null}
{"event_time": "2025-10-08T15:22:02.027557", "where": "spotify:albums", "level": "info", "message": "Fetched 9 albums", "data": null}
{"event_time": "2025-10-08T15:22:02.515901", "where": "spotify:tracks", "level": "info", "message": "Fetched 50 tracks", "data": null}
{"event_time": "2025-10-08T15:22:03.965744", "where": "spotify:albums", "level": "info", "message": "Fetched 20 albums", "data": null}
{"event_time": "2025-10-08T15:22:04.783259", "where": "spotify:albums", "level": "info", "message": "Fetched 20 albums", "data": null}
{"event_time": "2025-10-08T15:22:05.370349", "where": "spotify:albums", "level": "info", "message": "Fetched 5 albums", "data": null}
{"event_time": "2025-10-08T15:22:05.803955", "where": "spotify:tracks", "level": "info", "message": "Fetched 50 tracks", "data": null}
{"event_time": "2025-10-08T15:22:07.131391", "where": "spotify:albums", "level": "info", "message": "Fetched 20 albums", "data": null}
{"event_time": "2025-10-08T15:22:08.271516", "where": "spotify:albums", "level": "info", "message": "Fetched 20 albums", "data": null}
{"event_time": "2025-10-08T15:22:09.010888", "where": "spotify:albums", "level": "info", "message": "Fetched 10 albums", "data": null}
{"event_time": "2025-10-08T15:22:09.579577", "where": "spotify:tracks", "level": "info", "message": "Fetched 50 tracks", "data": null}
{"event_time": "2025-10-08T15:22:10.837391", "where": "spotify:albums", "level": "info", "message": "Fetched 20 albums", "data": null}
{"event_time": "2025-10-08T15:22:11.952493", "where": "spotify:albums", "level": "info", "message": "Fetched 20 albums", "data": null}
{"event_time": "2025-10-08T15:22:12.445270", "where": "spotify:albums", "level": "info", "message": "Fetched 7 albums", "data": null}
{"event_time": "2025-10-08T15:22:12.971732", "where": "spotify:tracks", "level": "info", "message": "Fetched 50 tracks", "data": null}
{"event_time": "2025-10-08T15:22:13.992844", "where": "spotify:albums", "level": "info", "message": "Fetched 20 albums", "data": null}
{"event_time": "2025-10-08T15:22:14.815441", "where": "spotify:albums", "level": "info", "message": "Fetched 20 albums", "data": null}
{"event_time": "2025-10-08T15:22:15.456477", "where": "spotify:albums", "level": "info", "message": "Fetched 10 albums", "data": null}
{"event_time": "2025-10-08T15:22:15.897836", "where": "spotify:tracks", "level": "info", "message": "Fetched 50 tracks", "data": null}
{"event_time": "2025-10-08T15:22:16.663140", "where": "spotify:albums", "level": "info", "message": "Fetched 20 albums", "data": null}
{"event_time": "2025-10-08T15:22:17.708808", "where": "spotify:albums", "level": "info", "message": "Fetched 20 albums", "data": null}
{"event_time": "2025-10-08T15:22:18.387675", "where": "spotify:albums", "level": "info", "message": "Fetched 10 albums", "data": null}
{"event_time": "2025-10-08T15:22:18.818102", "where": "spotify:tracks", "level": "info", "message": "Fetched 50 tracks", "data": null}
{"event_time": "2025-10-08T15:22:19.940648", "where": "spotify:albums", "level": "info", "message": "Fetched 20 albums", "data": null}
{"event_time": "2025-10-08T15:22:20.742384", "where": "spotify:albums", "level": "info", "message": "Fetched 20 albums", "data": null}
{"event_time": "2025-10-08T15:22:21.262244", "where": "spotify:albums", "level": "info", "message": "Fetched 9 albums", "data": null}
{"event_time": "2025-10-08T15:22:21.664334", "where": "spotify:tracks", "level": "info", "message": "Fetched 49 tracks", "data": null}
{"event_time": "2025-10-08T15:22:22.979795", "where": "spotify:albums", "level": "info", "message": "Fetched 20 albums", "data": null}
{"event_time": "2025-10-08T15:22:24.052599", "where": "spotify:albums", "level": "info", "message": "Fetched 20 albums", "data": null}
{"event_time": "2025-10-08T15:22:24.605818", "where": "spotify:albums", "level": "info", "message": "Fetched 8 albums", "data": null}
{"event_time": "2025-10-08T15:22:25.021662", "where": "spotify:tracks", "level": "info", "message": "Fetched 50 tracks", "data": null}
{"event_time": "2025-10-08T15:22:26.086220", "where": "spotify:albums", "level": "info", "message": "Fetched 20 albums", "data": null}
{"event_time": "2025-10-08T15:22:27.205847", "where": "spotify:albums", "level": "info", "message": "Fetched 20 albums", "data": null}
{"event_time": "2025-10-08T15:22:27.857495", "where": "spotify:albums", "level": "info", "message": "Fetched 10 albums", "data": null}
{"event_time": "2025-10-08T15:22:28.313731", "where": "spotify:tracks", "level": "info", "message": "Fetched 50 tracks", "data": null}
{"event_time": "2025-10-08T15:22:29.127362", "where": "spotify:albums", "level": "info", "message": "Fetched 20 albums", "data": null}
{"event_time": "2025-10-08T15:22:30.122309", "where": "spotify:albums", "level": "info", "message": "Fetched 20 albums", "data": null}
{"event_time": "2025-10-08T15:22:30.779463", "where": "spotify:albums", "level": "info", "message": "Fetched 7 albums", "data": null}
{"event_time": "2025-10-08T15:22:31.319329", "where": "spotify:tracks", "level": "info", "message": "Fetched 50 tracks", "data": null}
{"event_time": "2025-10-08T15:22:32.202017", "where": "spotify:albums", "level": "info", "message": "Fetched 20 albums", "data": null}
{"event_time": "2025-10-08T15:22:33.442707", "where": "spotify:albums", "level": "info", "message": "Fetched 20 albums", "data": null}
{"event_time": "2025-10-08T15:22:33.987174", "where": "spotify:albums", "level": "info", "message": "Fetched 7 albums", "data": null}
{"event_time": "2025-10-08T15:22:34.460313", "where": "spotify:tracks", "level": "info", "message": "Fetched 50 tracks", "data": null}
{"event_time": "2025-10-08T15:22:35.804936", "where": "spotify:albums", "level": "info", "message": "Fetched 20 albums", "data": null}
{"event_time": "2025-10-08T15:22:37.145352", "where": "spotify:albums", "level": "info", "message": "Fetched 20 albums", "data": null}
{"event_time": "2025-10-08T15:22:37.502837", "where": "spotify:albums", "level": "info", "message": "Fetched 6 albums", "data": null}
{"event_time": "2025-10-08T15:22:38.092270", "where": "spotify:tracks", "level": "info", "message": "Fetched 50 tracks", "data": null}
{"event_time": "2025-10-08T15:22:38.319408", "where": "spotify:tracks", "level": "info", "message": "Fetched 1 tracks", "data": null}
{"event_time": "2025-10-08T15:22:39.497712", "where": "spotify:albums", "level": "info", "message": "Fetched 20 albums", "data": null}
{"event_time": "2025-10-08T15:22:40.620297", "where": "spotify:albums", "level": "info", "message": "Fetched 20 albums", "data": null}
{"event_time": "2025-10-08T15:22:43.240387", "where": "spotify:albums", "level": "info", "message": "Fetched 9 albums", "data": null}
{"event_time": "2025-10-08T15:22:43.888165", "where": "spotify:tracks", "level": "info", "message": "Fetched 49 tracks", "data": null}
{"event_time": "2025-10-08T15:22:45.521907", "where": "spotify:albums", "level": "info", "message": "Fetched 20 albums", "data": null}
{"event_time": "2025-10-08T15:22:46.732669", "where": "spotify:albums", "level": "info", "message": "Fetched 20 albums", "data": null}
{"event_time": "2025-10-08T15:22:47.880274", "where": "spotify:albums", "level": "info", "message": "Fetched 7 albums", "data": null}
{"event_time": "2025-10-08T15:22:48.537281", "where": "spotify:tracks", "level": "info", "message": "Fetched 50 tracks", "data": null}
{"event_time": "2025-10-08T15:22:49.753606", "where": "spotify:albums", "level": "info", "message": "Fetched 20 albums", "data": null}
{"event_time": "2025-10-08T15:22:50.462858", "where": "spotify:albums", "level": "info", "message": "Fetched 20 albums", "data": null}
{"event_time": "2025-10-08T15:22:50.951306", "where": "spotify:albums", "level": "info", "message": "Fetched 5 albums", "data": null}
{"event_time": "2025-10-08T15:22:51.223562", "where": "spotify:tracks", "level": "info", "message": "Fetched 6 tracks", "data": null}
{"event_time": "2025-10-08T15:22:51.721574", "where": "spotify:albums", "level": "info", "message": "Fetched 6 albums", "data": null}
{"event_time": "2025-10-08T15:22:59.301379", "where": "spotify:tracks", "level": "info", "message": "Fetched 1 tracks", "data": null}
