artist_id,artist_name,artist_popularity,artist_image,primary_genre,supergenre
1cwNKCIuq12wLqAAsC1Zyi,Jevon,30,https://i.scdn.co/image/ab6761610000e5eb0cad90e0a21bb14c3ae94f36,uk r&b,Unlisted
3QgSmABpItIdj908ek80n5,Morphine,52,https://i.scdn.co/image/80d6bb0b980dcf3043465c9bfaa49ca0edeb167a,Rock,Rock
6jF345xlOryBwNKDbuAyN3,Memory Tapes,31,https://i.scdn.co/image/1ef66af15ce9393e2300278caa01d23fc275234f,chillwave,Ambient & Experimental Electronic
50KLYZQtZLrR2gGa5oHJEF,Rolf Harris,29,https://i.scdn.co/image/ab67616d0000b273301071221a3521866b391738,Pop,Pop
1Jqk46QvzUn7SnwmTGX6Cw,Jo Stafford,49,https://i.scdn.co/image/8e86114be76f1cb4fb5d73607768d41d894ddf8b,adult standards,Pop
2CIMQHirSU0MQqyYHq0eOx,deadmau5,69,https://i.scdn.co/image/ab6761610000e5eb89ffabe57a25cedeca3309e7,edm,House & EDM
6eXZu6O7nAUA5z6vLV8NKI,Little Simz,69,https://i.scdn.co/image/ab6761610000e5eba22264dfbad2d96ffc6ee2e0,Hip Hop,Hip Hop/Rap
0FIagKn8Ibj8ikj5VvTXto,Matt Berry,52,https://i.scdn.co/image/ab6761610000e5eb814c339af58ac58b5f4c3df0,acid jazz,Jazz
6UmdRN4VAfN58ZCLYGGBDE,Suspect OTB,33,https://i.scdn.co/image/ab6761610000e5eb15646b02ddcf0d546f42a007,grime,Bass Music
5sD7Cf3SaTVcrg81GQi1Xk,Piero Umiliani,57,https://i.scdn.co/image/ae6a50a9dd32105aa92685fe365813e62da397a0,exotica,Pop
5zJ1ZAAqbVsllw4pCzlK3T,De Leon,23,https://i.scdn.co/image/ab67616d0000b273524e44481a06833a7b9edc15,trance,Techno & Trance
66BH8Jnv0yD9okIXPWR5vZ,Apeman Spaceman,0,https://i.scdn.co/image/ab6761610000e5ebb4fcb5913fdef3f89bb3eb88,Rock,Rock
01Jsi7Q2a1GdLvNShahaj1,Royal Headache,34,https://i.scdn.co/image/ab6761610000e5eb0ed7d71fde428b89bc39636c,garage rock,Rock
0RCrYBRfaQE2LRIydaUODb,DJ Rashad & Chi Boogie,0,,Electronic,House & EDM
7gRH7pJQJaAvrwvi8STYEl,Matt Duncan,53,https://i.scdn.co/image/ab6761610000e5eb03b92d64606dd4b50c056eaf,retro soul,R&B/Soul
3WbeZvDk1COiO2dEokZqn7,Roy Ayers Ubiquity,54,https://i.scdn.co/image/ab6772690000c46cce17bb88489d99b88d3dca0d,jazz funk,Jazz
7JFtD8KnbAADBBDleIMuH7,The Lone Bellow,47,https://i.scdn.co/image/ab6761610000e5ebb5bcd30d7f6b8b51f1a4d6ad,americana,Country/Americana
0jU1Tdr7ONlgk0Ey9JgXra,Manga Saint Hilare,35,https://i.scdn.co/image/ab6761610000e5eba258b1c3a3c425d5f44ef35a,grime,Bass Music
4z8y2MjTFwLa73dABYP1io,Gabber Modus Operandi,20,https://i.scdn.co/image/ab6761610000e5eb886ff71bdf95fdd060c5ddfc,gabber,Garage & Breaks
7K78lVZ8XzkjfRSI7570FF,José Feliciano,64,https://i.scdn.co/image/ab6761610000e5eb5f8c900bf430e6bfae9ec7c2,christmas,Jazz
6mMCSCuTbGU6kNr4303LwH,The Flashbulb,44,https://i.scdn.co/image/ab6761610000e5eb6fa976a8d7829935db6a2b74,idm,Ambient & Experimental Electronic
6Bfy6QzadCXS92y0T8dDZF,Eddie Floyd,45,https://i.scdn.co/image/a2d13492200ed858f8e54b48fa584adde3aca222,motown,R&B/Soul
5MpELOfAiq7aIBTij30phD,Harry James,54,https://i.scdn.co/image/ab6761610000e5eba939797f5630c78721831c23,big band,Jazz
7m7gr3M1p4S92xuwXvorEH,deathcrash,21,https://i.scdn.co/image/ab6761610000e5eb825f1219f1373b5afafb95b9,slowcore,Alternative/Indie
1zmrmtMHh44pQ9WrBVEe80,King Pleasure,23,https://i.scdn.co/image/ab67616d0000b27380c39a5dbbe2eace9fafaf33,vocal jazz,Jazz
514E8BkpbcVjYCEp8zZGcc,DJ Yung Tellem,1,,footwork,Bass Music
1YAtBHWaWzZnkaoSFHGTBV,Guy Mitchell,42,https://i.scdn.co/image/ab6761610000e5eb566ab71989d2afeb1b7e1c61,Pop,Pop
2RLpFsSPsiB1LKXcDVac4Q,Casa Loma Orchestra,26,https://i.scdn.co/image/ab67616d0000b27350b7b96d4b107b291e4fd025,big band,Jazz
3nohf4qILMr5aUSOsolwxB,Jona Lewie,36,https://i.scdn.co/image/ab6761610000e5eb8052942f8278eb35263fbecf,christmas,Jazz
5M3H5rlwjT6rYaJ3es55jN,Taz & Meeks,10,,Electronic,House & EDM
5hz0XLWG5j118Uy7spHRS9,DJ Solo,6,https://i.scdn.co/image/ab67616d0000b27363c3123f24772f229d448757,footwork,Bass Music
1Z4Erxt5wSXH0gbOsVJUMv,Crocodiles,28,https://i.scdn.co/image/917142fbe25f287124360b4a02e48eff3ba8de22,space rock,Rock
2tPR06hLUvH5aIY3JXNIxY,dutchavelli,53,https://i.scdn.co/image/ab6761610000e5eb8b48da1cfde8ffbde6c7d7d3,uk drill,Hip Hop/Rap
0TxAbj3qE2NdYzg0SVG09Q,Justin Hinds & The Dominoes,31,https://i.scdn.co/image/ab67616d0000b273b3e15c9166cbd927017cf49c,rocksteady,Reggae/Caribbean
6h2bWHWTJL38N8dqocVaif,Jon Bon Jovi,57,https://i.scdn.co/image/ab6772690000c46ce43c15ff363e19d54bfac8ed,Rock,Rock
6Th7POyVfZgiHJQ64ddV5Y,Rodriguez Jr.,51,https://i.scdn.co/image/ab6761610000e5eb373ce18183e6c92bb1bd330f,melodic techno,Techno & Trance
0hh1N707d2q6xRvhnvraIK,Dan Hicks & His Hot Licks,29,https://i.scdn.co/image/614ffb044d9c72b4fe6c2aa202653e07f3523b7b,"Folk, World, & Country",Folk/Acoustic
22WZ7M8sxp5THdruNY3gXt,The Doors,75,https://i.scdn.co/image/ab6761610000e5eb440959e022afc20e819050bd,psychedelic rock,Rock
5WSlKTn8XCAH31eAVaJ4Wj,Dogleg,33,https://i.scdn.co/image/ab6761610000e5ebff96afe754f57e84dd13b7f4,midwest emo,Punk/Hardcore
49rIehT663IKJuA3c16OkI,Ruth Etting,34,https://i.scdn.co/image/ab67616d0000b27381915b71de216adb8cb5edf7,ragtime,Jazz
5o8E07TcYqIefZpDejymAd,The Pied Pipers,51,https://i.scdn.co/image/ab67616d0000b2738ef6ee60afff7a544e92a3c8,big band,Jazz
1gqScLJ95gthFQ3TavIKSk,TISM,35,https://i.scdn.co/image/ab6761610000e5ebac0a61f04595ca5a0cb1195d,alternative dance,House & EDM
4CSqr95TKzLmNeClcDr219,The Pioneers,40,https://i.scdn.co/image/ab6761610000e5eb110c2e4217e723d24fbe29ad,rocksteady,Reggae/Caribbean
5W10uJRsbt9bROJDKoI1Wn,Moses Sumney,53,https://i.scdn.co/image/ab6761610000e5eb8ac06858a76bdd513da17bed,art pop,Pop
4PcLkq6IefIYiRWLXOfwKA,Porter Wagoner,44,https://i.scdn.co/image/ab6772690000c46c61de67dc9659fad3f0d929d4,classic country,Country/Americana
67BqBdApdbZ0onglFqRoTg,Barbara Mandrell,46,https://i.scdn.co/image/ab6761610000e5eb6224b9c8452fe62f5cbfef1f,classic country,Country/Americana
6HVKYA2Sps9WekIhqnfKe4,Marshall Chipped,0,https://i.scdn.co/image/ab6761610000e5eb4143c727eb261d170698aba0,,Unlisted
5SeE35VSqbsfb85cjFHAA7,Yung AOL,0,,Electronic,House & EDM
1BuUb23HHRYDgvSLnllUJS,Lau,27,https://i.scdn.co/image/ab6761610000e5eb42f5217ce1a04b947b67ae90,folk,Folk/Acoustic
6veTV9sF06FBf2KN0xAdvo,The Go! Team,42,https://i.scdn.co/image/ab6761610000e5eb489801561b7b713e67c44c5f,alternative dance,House & EDM
5IcRvSiReLydKCr56ObWuX,Steve Spacek,31,https://i.scdn.co/image/ab6761610000e5eb4b57f73fcf85225e024cc6ec,indie jazz,Jazz
0FGRzlRQuT0pMkb3XxTiCe,Funk D'void,18,https://i.scdn.co/image/c6490fa8ad6c68769f7fe6a4997f4df83bcbfec8,Electronic,House & EDM
5UMQV83wwZCCvRSQCVjZw6,Mission Of Burma,35,https://i.scdn.co/image/ab6772690000c46c98dec3e7cb9cf5345cf8e750,post-punk,Rock
2GZIkd7QPKtg5c3alf8rYt,Jade Imagine,13,https://i.scdn.co/image/ab6761610000e5ebeba8cb83b8821d07227d6877,lo-fi indie,Alternative/Indie
5oOhM2DFWab8XhSdQiITry,Tycho,59,https://i.scdn.co/image/ab6761610000e5eb86e6efcd925f506fbc7620cb,chillwave,Ambient & Experimental Electronic
63Ak1sAwkeayps8R3N3JJu,Italian Traditional bagpipe musicians,0,https://i.scdn.co/image/ab67616d0000b273949f1e297569a6dd1d601eee,,Unlisted
2UyhhfLOvfLs7ZhzsAaNC3,Mount Sims,24,https://i.scdn.co/image/ab67616d0000b273b07c5c0cb2593a633e8fbc72,electroclash,House & EDM
4NxevFKr3yFvhjmHzx9LiC,YOURCODENAMEIS:MILO,11,https://i.scdn.co/image/ab67616d0000b273d19e5bef15dc1a57816fe2d7,post-hardcore,Punk/Hardcore
3O3qPC1hmSp7442HYefx5w,Lords Of Acid,40,https://i.scdn.co/image/ab6761610000e5eb644ea1818508879ee67d30bb,industrial,Alternative/Indie
0IFabaHypEH0hMgkx0Gw56,Theon Cross,32,https://i.scdn.co/image/ab6761610000e5eb1f09e7b09df508b16f2c1400,nu jazz,Jazz
10i2EcIs7arfaaELM2cH5k,Jessica Lauren,16,https://i.scdn.co/image/ab67616d0000b27355b5cf95dab7bae509bfbbda,acid jazz,Jazz
1cfzKTd2Dvx7RPurzdyAeR,Milroy’s of Soho,0,,,Unlisted
4YeITwoqeIks45gELm488B,NOIXES,47,https://i.scdn.co/image/ab6761610000e5eb79176580686fbef816dff21b,edm trap,Unlisted
3NfJ6VPVz0lf3jWy5F1N7g,Tag Team,48,https://i.scdn.co/image/d23c22c5899cc885c64a8c3ae06c12408a3d0175,miami bass,Hip Hop/Rap
7tYKF4w9nC0nq9CsPZTHyP,SZA,91,https://i.scdn.co/image/ab6761610000e5ebfd0a9fb6c252a3ba44079acf,r&b,R&B/Soul
1qYevKJUnSHORUkRvnROUx,Big Bang,8,https://i.scdn.co/image/ab67616d0000b273bda426241633765cdebb959f,big beat,House & EDM
1PTEiCpkzNkLNgMi1LL8JR,Laurence Guy,48,https://i.scdn.co/image/ab6761610000e5eba705bfc35be2d8d768f851cc,jazz house,House & EDM
2wqWxxwnJHTRMEst9OsREa,Drew Gehling,42,,musicals,Unlisted
1KIT43QU793ZmRpuuQYrpy,Pete Heller's Big Love,42,https://i.scdn.co/image/ab67616d0000b2736446833ac24b480bf4967e36,disco house,House & EDM
1JdeDdujDbS6ZeSlkXqx3a,Loreena McKennitt,56,https://i.scdn.co/image/ab6761610000e5ebffb74fd192468f66efeb9431,celtic,Folk/Acoustic
370nbSkMB9kDWyTypwWYak,Haruomi Hosono,47,https://i.scdn.co/image/ab6761610000e5eb8d091ac8003ece788424d86d,city pop,Pop
3t7V2omc5R2ODZswIwcmFJ,Hysteresis,1,https://i.scdn.co/image/ab67616d0000b2736cbba6dd7c96ba54a3d1e0bf,noise music,Unlisted
5PB4q8DMiGL17Jdo4k6TOy,Malibu Ken,32,https://i.scdn.co/image/ab67616d0000b273944d11572d8104b437d2f964,experimental hip hop,Hip Hop/Rap
7p8pvTPkEM4Y5ZCPHEUWbf,Mat Maneri,19,https://i.scdn.co/image/ab6772690000c46cc36f3755501254e8568c3713,free jazz,Jazz
2CdjCDLB5fDLsF8fRwk6Pm,Avatism,13,https://i.scdn.co/image/7331e5f2940980f80b47ad4cefe24d3af59f7d95,Electronic,House & EDM
2JP4wnF672IGLoUCBVoGfT,Celtic Music Voyages,21,https://i.scdn.co/image/ab67616d0000b273495b84e89d6013bec83a6d75,celtic,Folk/Acoustic
0NyzfcGDZZ6GM25EBG9BYK,Ray Parker Jr.,59,https://i.scdn.co/image/112bf0d1817b5cffc0874ff8f147d7b6ba2b9cc3,Funk / Soul,Funk/Disco
1dc9cp32VYdNZ1C6nmAmwa,Naphta,2,https://i.scdn.co/image/ab6761610000e5eb27dc6fb741befdcddfdeb432,Electronic,House & EDM
1KCSPY1glIKqW2TotWuXOR,P!nk,82,https://i.scdn.co/image/ab6761610000e5eb7bbad89a61061304ec842588,Electronic,House & EDM
0a03X57i18eG1yBzpmhZAs,Louis La Roche,46,https://i.scdn.co/image/ab6761610000e5eb1e6983bfd555de6d1969d462,nu disco,Funk/Disco
4q3ewBCX7sLwd24euuV69X,Bad Bunny,99,https://i.scdn.co/image/ab6761610000e5eb81f47f44084e0a09b5f0fa13,reggaeton,Latin
24iyMncLWykfuMpJZcIjgn,Munk,31,https://i.scdn.co/image/ab6761610000e5ebe408554b63c63275a120ef69,nu disco,Funk/Disco
58QNei6HY9fAmKKUeTOneM,Tenka,21,https://i.scdn.co/image/ab6761610000e5eb08000357f3ed3be4ac10514e,edm trap,Unlisted
5AbLpsnTQVNB3OEadYiVrK,Yxng Bane,57,https://i.scdn.co/image/ab6761610000e5eb1f103be3db95d934e6df604d,afroswing,Hip Hop/Rap
1ix1aDOd7GSOeT9iqNh5KO,Pharmakon,21,https://i.scdn.co/image/ab6761610000e5ebcce9227d4bdb2ddb7b0e3e64,industrial,Alternative/Indie
0ZJawgIaZUuyLq4jE9pM1C,Dora Bliggen,0,,christian alternative rock,Rock
7lAXQoh0m9Xffn9L0LGg0r,Romen Jewels,17,https://i.scdn.co/image/ab6761610000e5eb522b2352dfd5afcf786d76a3,future bass,Bass Music
4IPgYadxyrcxSMJwUE0q1X,Puzique,6,https://i.scdn.co/image/ab67616d0000b2732781adeab176ac7c0ea5d589,french house,House & EDM
42uH4r4LvmWlHvlQTwucAu,Fabio Florido,15,https://i.scdn.co/image/ab6761610000e5eb9ea5c862374739e5e3e6569f,techno,Techno & Trance
5jevkWdPouBhKNpJu1DOyO,Lizzy Mercier Descloux,33,https://i.scdn.co/image/ce4ea6a133985262f9dc407d10ce68e45137f018,post-punk,Rock
47yvARr7dCOKqvjDVwfbf3,Gong,36,https://i.scdn.co/image/ab6761610000e5eb5a0069e1fbc0e15bf454cd86,space rock,Rock
4qWTqOdDnH56Qak9UjmpKz,The Clancy Brothers,43,https://i.scdn.co/image/49f450d87679ee0d7b79cd235878dabf15955fb8,celtic,Folk/Acoustic
2AFQojTf9JepkWGDWtWZjx,Deep Zen Pill,0,,,Unlisted
1dDTkRz9WVOQr63enjJ1Yd,Sascha Funke,39,https://i.scdn.co/image/ab6761610000e5ebc673456b1c8a702ef9a60df7,minimal techno,Techno & Trance
42gTqApv7di4ocvt2gjYZB,GBX,46,https://i.scdn.co/image/ab6761610000e5eb87109a05f7639d8af3f37d83,Electronic,House & EDM
77luFktbVItUaR7CoE3vlW,Agent Provocateur,17,,big beat,House & EDM
3OsRAKCvk37zwYcnzRf5XF,Moby,72,https://i.scdn.co/image/ab6761610000e5eb51998989b51d8bda6a7486f2,downtempo,Ambient & Experimental Electronic
6Zdgg1gWL3d6aRmjeSVOrf,K'A,0,https://i.scdn.co/image/ab6761610000e5ebf7997dee9caccad718a260a3,Electronic,House & EDM
4WmMnGO1nLIsE85XwcBAZE,Orgone,40,https://i.scdn.co/image/ab6761610000e5eb0ce7f74a6668eee410c5a244,funk,Funk/Disco
2ScJcQTQRabLsAENCJd9b5,Bass Society,18,https://i.scdn.co/image/ab67616d0000b2737ee096720496a6ea00d92443,bass music,Bass Music
34barrxpXhXrFSJXWKogMO,Plumtree,39,https://i.scdn.co/image/ab67616d0000b27354727bf10d84f12515c46366,Rock,Rock
6bR0cgMtkCVpm0I5yrDNzO,Big Mama Thornton,43,https://i.scdn.co/image/ab67616d0000b273797e51a364c3b0882732238d,blues,Blues
49ttCh41vxv6R4r8S2YwXv,The Crew Cuts,45,https://i.scdn.co/image/ab67616d0000b273369a68e6ed077c6eba9e4b9a,doo-wop,R&B/Soul
1LJR81mjpmBkowZy1MPwQg,Zebbler Encanti Experience,25,https://i.scdn.co/image/ab6761610000e5eb9bcdc43aef81fa9d1a5ba59f,glitch,Ambient & Experimental Electronic
7rikNLN4AV6SQn9ryQFaMw,Le$,46,https://i.scdn.co/image/ab6761610000e5eb7443b26325a547e118bde412,Electronic,House & EDM
0NkyXWGxE3WTFixDSJ39PK,Rosemary Clooney,46,https://i.scdn.co/image/5974256cb22557291dcc9c71640bcd47a8c879d8,vocal jazz,Jazz
0tJCNteqwm7LmRZ6KWr8GT,Chip,56,https://i.scdn.co/image/ab6761610000e5ebaf1e7488ff6a294e7ac97564,grime,Bass Music
2mqC5o8LPha55XSqfVkT8r,Mindi Dickstein,37,https://i.scdn.co/image/ab67616d0000b27389425c11e34b033cf97875b5,musicals,Unlisted
0i5Q9hs2h9xoQxpyK5Tu7t,Bliss Signal,5,https://i.scdn.co/image/ab6761610000e5eb0326d96cfd568afacfc93fa3,drone,Ambient & Experimental Electronic
3DgcBA7P0ji5co7Z1Gfp2Q,Kristin Chenoweth,62,https://i.scdn.co/image/ab6761610000e5eb48124fc43f870ed4501093e5,musicals,Unlisted
3l4KRYpmsVgAvXxjo7SF1b,Veterinary Street Jazz Band,11,https://i.scdn.co/image/ab67616d0000b2734db4c904d6990510d15205ed,ragtime,Jazz
1YuknfkSYTTbolRpwZBOv4,George Gershwin,50,https://i.scdn.co/image/0031f27d5c6ee70820cb6e115b19f846d2fab31b,ragtime,Jazz
7aExFIr0IHWO5aFjMrGwKw,Charley Patton,30,https://i.scdn.co/image/1a676d0656947978521eda21e20ea16410f5880e,country blues,Blues
0xGKzZ3narAei6wzYhMp1Q,KURUPT FM,43,https://i.scdn.co/image/ab6761610000e5ebbdf5cf48d1e1523f40050dc9,uk garage,Garage & Breaks
0V7uVrIYr4FwFvUN9S4kYr,Nick Waterhouse,52,https://i.scdn.co/image/ab6761610000e5eb38642e6e2cc283240b97dc47,Rock,Rock
1ZzqxDkqNDAJVaNO1xue3P,Fabiana Palladino,29,https://i.scdn.co/image/ab6761610000e5eb7c8179ff3a69e7facdc8078b,Electronic,House & EDM
3rfgbfpPSfXY40lzRK7Syt,Barry White,69,https://i.scdn.co/image/c00b771ca8b6241bcfe316f8e8a11072714e79ef,disco,Funk/Disco
72CKLon8DF1pjBs8PBJNdp,Jeff Bowen,12,https://i.scdn.co/image/ab67616d0000b273dd002249a81838d4e483ca7f,musicals,Unlisted
1xCRJ0XrcQKEkjk50ILWbt,Hakim,54,https://i.scdn.co/image/ab6761610000e5eb4a64c616124866952c71dcd3,egyptian shaabi,Unlisted
39iRwJEhPG25CU7LYdNkQ2,SadGirl,36,https://i.scdn.co/image/ab6761610000e5ebc61ba5083e9e86fa81a7fcdf,surf rock,Rock
1KHydwFySZY3YcWyo2q2dF,Neurosis,35,https://i.scdn.co/image/ab6761610000e5ebc2135fad8004178c27a96a82,sludge metal,Metal
6XGJvNG372fPJ2TV2OoN0Z,Classics IV,43,https://i.scdn.co/image/0bf18a0775e63d373363c818cac2744299c9072d,Rock,Rock
4SPws2VXOmZIiRTp75mzsb,Charlie Barnet,30,https://i.scdn.co/image/ab67616d0000b273a6a5f7308b268b96225ac01c,big band,Jazz
3S0tlB4fE7ChxI2pWz8Xip,Giggs,63,https://i.scdn.co/image/ab6761610000e5ebbb2efc4fc976f6aae6a4291b,grime,Bass Music
0ihBDeJlIlXo4LFfAllsGm,The Sea and Cake,35,https://i.scdn.co/image/d41c8955a7536978522b82f4b38cfd2a3836d087,post-rock,Alternative/Indie
66tdbpspqaHM1cPkBTC0WU,25th Annual Putnam County Spelling Bee Original Cast,41,,musicals,Unlisted
6bwkMlweHsBCpI2a0C5nnN,D Double E,61,https://i.scdn.co/image/ab6761610000e5eb8535d86470d6147986ca93c7,grime,Bass Music
0qt6QSruHshcWT9QOzyfZp,Mark Kozelek,35,https://i.scdn.co/image/b8edf3604d4eb99b644b4e16a08e7f3a047e8655,slowcore,Alternative/Indie
4sZOhQx74ddUAkCHIDdXZp,Christmas Hits,15,https://i.scdn.co/image/ab6761610000e5eb32bb76f3d1693bbf0e8ef12f,christmas,Jazz
0qGFARKf4pfodYjZbj5N4v,Ella Mae Morse,34,https://i.scdn.co/image/ab67616d0000b27318c516f01f1a27ae7ab3dd12,boogie-woogie,Jazz
6bOYtKnpLPQSfMpS2ilotK,Bobby Vinton,53,https://i.scdn.co/image/84a23af9ce6d6dcaf761e4cdd7833a4785d691bf,doo-wop,R&B/Soul
5hrUVXJsPParZB87QtAz1R,Shirley Caesar,45,https://i.scdn.co/image/ab6761610000e5eb462119660d07447a7f88ce65,gospel,R&B/Soul
2wQyX5625x6IGls8zLLHMB,Barbara Lynn,46,https://i.scdn.co/image/f1dc82bd74a3b41a392012232688c688b6f4f4c6,northern soul,R&B/Soul
6ivVgdQ8qi5Tu2pc1zeVKP,Cameron Graves,11,https://i.scdn.co/image/ab6761610000e5eb6703f459d7edff2042e5f70b,jazz fusion,Jazz
4vOWGtkwkFHPi4091LuTtk,Phenam,1,https://i.scdn.co/image/ab6761610000e5ebdae83a9b04afb30ded292487,,Unlisted
4fXkvh05wFhuH77MfD4m9o,St. Paul & The Broken Bones,59,https://i.scdn.co/image/ab6761610000e5ebe25488bca4236e5ae6d5feb8,retro soul,R&B/Soul
07d5etnpjriczFBB8pxmRe,BJ The Chicago Kid,62,https://i.scdn.co/image/ab6761610000e5eb5c57299410c9b68fee2ed781,Funk / Soul,Funk/Disco
10XMe12TQkDF6o4QPJlZFJ,The Delmore Brothers,31,https://i.scdn.co/image/ab67616d0000b2738f59a2365e6f252ec2b18033,traditional country,Country/Americana
1ZvF4Sgnre3Rk2CpiNy077,Sega Bodega,49,https://i.scdn.co/image/ab6761610000e5ebff8d6cd8e07b46ee63497dbe,hyperpop,Pop
2loYllWFfoWpoxC5YrJKc4,Dion & The Belmonts,53,https://i.scdn.co/image/ab67616d0000b2737a609132064a415169a915cc,doo-wop,R&B/Soul
6FTONkEJQsCSpoDHqaAP1V,Pissed Jeans,31,https://i.scdn.co/image/ab6761610000e5ebcc5a0354fe8293ec4e0e0f5d,noise rock,Alternative/Indie
62OfrERsnZFWXyaruPhOh7,Clarence Ashley,23,https://i.scdn.co/image/6412e2051d4f9bffae7e6ebf233facc9bd0c2c79,traditional folk,Folk/Acoustic
09uiV7tS73jX4EOO1HSQy2,Freddie Keppard's Jazz Cardinals,1,https://i.scdn.co/image/ab67616d0000b273fc996d534b88110d84200046,ragtime,Jazz
5DaAbWGJ5ILH0fsddL8Smi,Wild Bill,19,https://i.scdn.co/image/ab6761610000e5ebd91d86003bc7f3df82f91305,"Folk, World, & Country",Folk/Acoustic
4EJP6Qhk6l18LumCcpEfLw,Eddie Redmayne,50,https://i.scdn.co/image/2f27b88be41ed8e21e7db0cf192385c14736f8a0,musicals,Unlisted
2JFljHPanIjYy2QqfNYvC0,Chon,48,https://i.scdn.co/image/ab6761610000e5eb77585e787d20e88c7e5fbc8c,math rock,Alternative/Indie
7ia4FaCVsbXvhVwagCJk7l,The Orwells,42,https://i.scdn.co/image/ab6761610000e5eb3bb81e8c384243ba1e3535cc,garage rock,Rock
4KGNjRvBeqS7wDrExXVN8a,Lethal Bizzle,46,https://i.scdn.co/image/ab6761610000e5eb5888e85cf6ef199b09d37109,grime,Bass Music
1hMTiRk0z0lsiH5GawNGdO,Cross Jordan Singers,0,https://i.scdn.co/image/ab67616d0000b273152652fbc83dd05a1a91e65a,Funk / Soul,Funk/Disco
4M0tHpURzEDN5CerMKmQnB,Lee Sexton,5,,traditional folk,Folk/Acoustic
0BhFfJmScFj7OzqVaDqnSv,Hank Jones,41,https://i.scdn.co/image/43fb6d9d1dd6833c998cb8809ec95b06868c7550,jazz,Jazz
4V7mPDwAcAguZIa2PGeEcx,Spivak,28,https://i.scdn.co/image/ab6761610000e5eb2ab16cdeff409ccfff79123d,Electronic,House & EDM
7FGREdEAUNWBlLvNx72DAT,Blossom Toes,15,https://i.scdn.co/image/ab67616d0000b2738b8a7a00e983edecdc04f84a,psychedelic rock,Rock
5fNpYM94eu7714oNfE7C0c,Kay Hak,0,,,Unlisted
7DCTgrI6aDK3nBRZm5RUKT,Cedar Walton,37,https://i.scdn.co/image/cc482689cd9930d30148e8a2cb40c9bd66b59521,hard bop,Jazz
1F0PC7yMVn5o7T3LW7aDDP,Folkal Point,15,https://i.scdn.co/image/ab67616d0000b2734766e481fa21e32d34f8b73b,traditional folk,Folk/Acoustic
6xeFne1rkxMhKSW3ipvkdV,Toploader,65,https://i.scdn.co/image/ab6761610000e5eb21a50649eca85229bfd21c82,Rock,Rock
4Nu0EL8c5d2vFHPOcNjlBP,The Pastels,35,https://i.scdn.co/image/ab6772690000c46c5b29a85ebfee557520aa1382,jangle pop,Pop
2Hn9fch2OLB5jZuEAVjTCe,Count Basie Orchestra,36,https://i.scdn.co/image/fea5fe6314f2ff5bf21089e5815626b69d459a16,big band,Jazz
1WGb8nCPGJA0RyriSDIQfC,Say She She,48,https://i.scdn.co/image/ab6761610000e5eb886e9e28013866be94a6f992,retro soul,R&B/Soul
0R0T3YQyl3cLMBB02lawSc,The Rhythm Tramps,0,https://i.scdn.co/image/ab67616d0000b27325d9af500b3525810d75be37,Rock,Rock
58JzaTbARHUNHnKoyKNr4P,The Koobas,7,https://i.scdn.co/image/ab67616d0000b273498a8c53a7cf60b228708d8b,acid rock,Rock
1M9AXZkNPdOd1IPEsQsXnT,Léo Delibes,55,https://i.scdn.co/image/c12a6d385c87030706a0f36dd8798deb299c87a4,classical,Classical/Orchestral
6e6GkaF6uiSEFuTrlvDJUF,The Twilight Sad,42,https://i.scdn.co/image/ab6761610000e5ebf884def13483d4ee971436b0,shoegaze,Alternative/Indie
4eAUhDLhyLx5HGMKyRsNBU,Body-San,20,https://i.scdn.co/image/ab6761610000e5eb6c6aed1be6583dc0714eb7f4,lo-fi house,House & EDM
2Kx7MNY7cI1ENniW7vT30N,Norah Jones,75,https://i.scdn.co/image/ab6761610000e5ebed83d3ea063d87ce7e708f00,Jazz,Jazz
6AtkRnMQyGsdt9aldrc0dx,Boom Bip,31,https://i.scdn.co/image/ab6761610000e5eb4c945b047b5a7b1a15be727b,idm,Ambient & Experimental Electronic
0bUGoPJdCrDnuIQNLxsnBb,Marshall Hain,34,https://i.scdn.co/image/ab67616d0000b273750bcf0e47b1a74cd2217d90,Electronic,House & EDM
66SqnH24eOjN0IEwWjmMyQ,Rex Allen,36,https://i.scdn.co/image/fe0c2451ed78fe0462306e33ddd9ab26956cc2fe,traditional country,Country/Americana
26LmRGHptm85F27BZwOSt7,Vic Dana,39,https://i.scdn.co/image/ab67616d0000b2739566a375ea84d1e06c2b5a5c,adult standards,Pop
4lv2xmPO66BBqk1gAq5YRs,Kid Canaveral,4,https://i.scdn.co/image/ab6761610000e5eba642224ee74500305946e43e,Rock,Rock
1aHiF3ESIMQtH7PGzhi6fl,Neil Cowley Trio,40,https://i.scdn.co/image/ab6761610000e5eb11a4cec9b31a69511e7b4084,nu jazz,Jazz
6sI7SYupv4f5Jh6RD2nJlw,Charlie Hope,57,https://i.scdn.co/image/ab67616d0000b273b4e5698fa44b6933d9e724d2,children's music,Novelty/Spoken Word
070RPr7Euzwf3yboA9Xp2U,Bombay Dub Orchestra,33,https://i.scdn.co/image/667d72f08f78aa2c31cfd346697d55a4d8ec1506,Electronic,House & EDM
2LKrAJVB1842xPDvx4uuwU,Bros,38,https://i.scdn.co/image/07b26671e20d790ac68dda62025c23f2baa2ec85,Electronic,House & EDM
2Ml28rNbho6SW1Gx7vEDgA,Great Buildings,5,https://i.scdn.co/image/ab67616d0000b273ff245aabb78f7a6dfc100efe,power pop,Rock
0yvEf1tqWWPiZu4ZbjyKGs,Woody Shaw,27,https://i.scdn.co/image/d2306837fce005aec1c726ec834bf6391e3a2d8a,hard bop,Jazz
6s8JAb4h3UjN5r3BgRhUhQ,Jonnine,21,https://i.scdn.co/image/ab6761610000e5ebf3a2bb7682f5dd2268319e89,Electronic,House & EDM
59aYVQd0YHXqoOBf3pmxqs,The Innocents,12,https://i.scdn.co/image/ab67616d0000b2734a564af693f58e9aaceb5a61,power pop,Rock
21pMSs2JHWwwy2kp1QIIVB,Sister Nancy,57,https://i.scdn.co/image/ab67616d0000b273b9912837ccb3d87d9158bb1f,reggae,Reggae/Caribbean
478peoEkoKPsTgRiVzkvPl,Glasvegas,37,https://i.scdn.co/image/ab6761610000e5ebb3dbb43cd2d7d8cb3f49c6a9,Rock,Rock
3GDnlbIfCwWTAgv42tZshC,Animals on Wheels,14,https://i.scdn.co/image/ab6772690000c46c64c54938990d4d7a5f1dddc5,idm,Ambient & Experimental Electronic
5HintvHxi0uDBgNaRKWZOt,STR4TA,31,https://i.scdn.co/image/ab6761610000e5eb1091678968dccd572e5aa171,jazz funk,Jazz
30TgkkBf0juP46UUwEYawn,SL2,37,https://i.scdn.co/image/ab6761610000e5eb4da71f6d229437e7fd827880,acid house,House & EDM
6jg1EbpTL27toPdfzveorJ,Ken Boothe,48,https://i.scdn.co/image/ab67616d0000b2737717fa00155bf149b3ac4b44,rocksteady,Reggae/Caribbean
7FxMjqH6DH056sdsstGeVl,Debbie Harry,42,https://i.scdn.co/image/ab6761610000e5eb2937e5c342435090d2458b5a,Jazz,Jazz
3CVDnjIPKEN8xYJ2kIpq4t,Ural Thomas and the Pain,31,https://i.scdn.co/image/ab6761610000e5eba2c3d8e646e0fbf73bff319a,retro soul,R&B/Soul
5XnIjshjqYVE2eDVgSt9Ro,Mel & Kim,19,https://i.scdn.co/image/ab67616d0000b2737fa7d2bd1cacde382f81e7f4,christmas,Jazz
5LnQQtqRgtvMCaxDNxWQEV,#.19.21.3.11.21.20,0,,dub techno,Techno & Trance
1pgtr4nhBQjp9oCUBPyYWh,Fountains Of Wayne,61,https://i.scdn.co/image/fe75e6f4ba0b2e75e97e3505f9daa112a606977f,power pop,Rock
3gsBHfj2Ps8IiXEPSexY0Z,Flyying Colours,31,https://i.scdn.co/image/ab6761610000e5eb10a5e4da25cf451b821d2bdb,shoegaze,Alternative/Indie
1PrFsWVNcI16jsB84oYbAM,Sons And Daughters,21,https://i.scdn.co/image/ab6772690000c46cd9848a8fb5bf316cb66670e4,Rock,Rock
02ZCVD3nqfqNId8lvpvCBb,BOP,38,https://i.scdn.co/image/ab6761610000e5ebd4bdf79d16cbe52cec4fac55,liquid funk,Bass Music
5rSXSAkZ67PYJSvpUpkOr7,Backstreet Boys,81,https://i.scdn.co/image/ab6761610000e5eb7b3634864a78ab6bd1d77c36,Rock,Rock
1gpe3l1VsbKu6qbFIj5ArO,Lennart Altgenug,46,https://i.scdn.co/image/ab6761610000e5ebc839083a79be4680b6c2ac89,neoclassical,Classical/Orchestral
4sbB4Yy6Qig51pKCIKSLw3,Jaheim,59,https://i.scdn.co/image/f6a163462d7ef7edf6a3050d9b9a5f8d6e475306,r&b,R&B/Soul
5C0gCCG8N5Dh5dZytIgzLX,Os Mutantes,48,https://i.scdn.co/image/ab6761610000e5eb9864aff8c135cd013fb758c3,mpb,Latin
4HttgOXydeewsSHPPF22tb,Bokito,4,https://i.scdn.co/image/ab6761610000e5ebd13d4d254e37fd7818effe38,Electronic,House & EDM
1btv9qmIpbp7q1ixCYNdHu,Adam Beyer,56,https://i.scdn.co/image/ab6761610000e5eb82a9264914ccc2cb7bf8d991,techno,Techno & Trance
3FJ6fErQn48ILQel1yaRbv,Bachelorette,11,https://i.scdn.co/image/60e45e1df177ecf8c5556119c8e39f0589e86b79,Electronic,House & EDM
628K1eY2Nq24SbQE5q92VY,Victor Silvester,35,https://i.scdn.co/image/ab6761610000e5ebff2eae7fe220a4c4c2cc0ac3,orchestral,Unlisted
2gsggkzM5R49q6jpPvazou,Jessie J,75,https://i.scdn.co/image/ab6761610000e5eb92b8a2548ec8c91bb5ef418e,Hip Hop,Hip Hop/Rap
4UXqAaa6dQYAk18Lv7PEgX,Fall Out Boy,81,https://i.scdn.co/image/ab6761610000e5eb362011ebe6064c38e97e9aac,emo,Punk/Hardcore
1TzTCIO1wQ36W4yPISkxB8,Nic TVG,4,https://i.scdn.co/image/ab67616d0000b27363edc33c21aa97345a6173e3,jungle,Bass Music
4bUu22hsY40JUvqwA4dkDE,Oscar Browne,8,https://i.scdn.co/image/ab6761610000e5ebe967b012ab5525a60ac7eaf7,Pop,Pop
3BUpv2goO0OTzcj7yYkRZJ,JJUUJJUU,20,https://i.scdn.co/image/ab6761610000e5eb7baba3b919b7e07e2ea732c0,neo-psychedelic,Rock
5DsWmqdGmwQnticIxppXuQ,Simon and Milo,21,https://i.scdn.co/image/4c4990ec64389dcdad84297fcd5f5b3b7f99607f,Electronic,House & EDM
1B8AXU6gIIafpyLEpbcv1u,Edwin Starr,51,https://i.scdn.co/image/d2de194d27ca66e6a5bd892f54173bef7b60bdb7,northern soul,R&B/Soul
4jb0q4RYiHNHyN9QYOgvDe,The Units,20,https://i.scdn.co/image/ab67616d0000b27324ce2b4c091c3c2312c0571e,Rock,Rock
3I8R11HYhjJIKERAUSNXM0,Chrissy Zebby Tembo,24,https://i.scdn.co/image/ab67616d0000b2731d01bee2a6e4a80f35a948a5,Rock,Rock
5hoqqYuJtD3clexwJn5wWW,Brennen Leigh,34,https://i.scdn.co/image/ab6761610000e5eb6f1b9c2d6a780462347662c3,americana,Country/Americana
5PvxHyYKtHsyyI5XjdqnD9,Tristan Arp,20,https://i.scdn.co/image/ab6761610000e5eba223f9d9ebcc26d384be550c,idm,Ambient & Experimental Electronic
6bLvlTSqMrL6C2eFeAx0BY,The Re-Stoned,36,https://i.scdn.co/image/ab67616d0000b273bae396cb5efde433410e0e1a,space rock,Rock
4T795JhhCZMWM01DLcX98p,Michel Delpech,53,https://i.scdn.co/image/ab6761610000e5eb080aefa65a57d165c90923da,variété française,Unlisted
1H502J47oobZHittRAr3Rg,Joanna Pacitti,37,,Rock,Rock
40uK7RAJlyEALdLWZ1qNmb,Fuzzy Sun,23,https://i.scdn.co/image/ab6761610000e5eb16561db8853f71db3ff539a5,Rock,Rock
0t85REHE5k1LBHLDongFNq,Didier Barbelivien,42,https://i.scdn.co/image/ab6761610000e5eb76a9877e2b6871de02c7b214,chanson,Pop
2sJLswTuwPwm9Y1tMC4erf,Left Lane Cruiser,41,https://i.scdn.co/image/ab6761610000e5eb7492c0f21949b37764615aec,blues rock,Blues
0h1dIjLACuc4yDLePjLT42,Riddy Arman,21,https://i.scdn.co/image/ab6761610000e5eb8d46013c827f338fe730158b,americana,Country/Americana
6IHWyt3xvS4MdmXg8hSd6T,Billy Merrin,0,,swing music,Jazz
1SUV6BR0W4CCRMRuKOmwkf,舒眠频率,26,https://i.scdn.co/image/ab67616d0000b2730526200451711a087950e385,space music,Unlisted
3WPt7OfKDirWGEDH9kHahw,Boyscott,48,https://i.scdn.co/image/ab6761610000e5ebd9eb67119b0dce57e02b3438,surf rock,Rock
1GSLjV7vq6pSsNAEFwWSbn,Dana Gavanski,23,https://i.scdn.co/image/ab6761610000e5ebf534272c0b49f91b6d25c64f,art pop,Pop
2p4aN0Uxkk3iT3HK0cJ2cJ,Tokischa,73,https://i.scdn.co/image/ab6761610000e5ebef5f39dfc3f133ab974dbf3b,dembow,Latin
4JSWO1Pf2zV991fq64uAce,Jean-Philippe Rameau,56,https://i.scdn.co/image/f1e0eb85efe201fb8ab57cd4fda8ce684f1e912c,classical,Classical/Orchestral
66GWpx9iLxrvvfhDsG9STP,Inspiral Carpets,44,https://i.scdn.co/image/ab6761610000e5eb8b31d01780356c0f38e6c445,madchester,Rock
25NQNriVT2YbSW80ILRWJa,Faith Hill,64,https://i.scdn.co/image/ab6761610000e5ebfcf4aca895932122a66211bf,country,Country/Americana
0tDaLHgoNT53Kr4OQ6XG7J,STIFF RICHARDS,41,https://i.scdn.co/image/ab6761610000e5eb06b6d335d16d69ad64857f97,egg punk,Punk/Hardcore
5338fdSzGNOFD4cxAxDTeq,Aaron Carter,44,https://i.scdn.co/image/ab6761610000e5eb7282180bad17abc8b83495f0,bubblegum pop,Pop
46auOkH1pk28rWrSoUNhLo,Orville Peck,57,https://i.scdn.co/image/ab6761610000e5eb6e4a8c4569f94c3e04d14f72,alt country,Country/Americana
6XaCAvPb5u2IxWpnGugxVc,Vince Guaraldi Quintet,35,https://i.scdn.co/image/ab67616d0000b273d31e0758f667f63ac85d42cb,Jazz,Jazz
5wj6rtWtoMYXEppT7Hq07V,Spiral Drive,40,https://i.scdn.co/image/ab6761610000e5eb1bf9bc8e091fdfd39d2c5396,neo-psychedelic,Rock
6RwBVkrxTbbtS4bwxYQXcp,Buddy Miller,45,https://i.scdn.co/image/ab6761610000e5eb3f53c34dcb3a43c9ccbc069b,alt country,Country/Americana
4FpWLDzdJjx5kjgdvacqmY,Lalaine,7,https://i.scdn.co/image/ab67616d0000b273f035a2dd5a8b7ce071633eda,Pop,Pop
09Wl9YiRr5l1rChWktQD4o,NoSo,42,https://i.scdn.co/image/ab6761610000e5ebb3edddb148d96daa24ebe89b,Rock,Rock
5IFUbcd4w9UlVpsMNfY4FT,Poppy Fusée,31,https://i.scdn.co/image/ab6761610000e5ebbbf11b8220f09878973d52e7,french indie pop,Pop
5fbhwqYYh4YwUoEs582mq5,The Spinners,63,https://i.scdn.co/image/ab6761610000e5ebc973e7f9d1a3be98df8b8dbc,philly soul,R&B/Soul
38vt0CiehYk43Nu6xcfKXk,Beyond Extinction,20,https://i.scdn.co/image/ab6761610000e5eb9055959dde62151f91eb107f,deathcore,Metal
3zmfs9cQwzJl575W1ZYXeT,Men I Trust,73,https://i.scdn.co/image/ab6761610000e5ebfd30ebd7e80dad6b2383aab0,bedroom pop,Pop
0KLYG2K4OPlNYtIhvSTmBl,Jack Harris,0,https://i.scdn.co/image/ab6761610000e5eb2a2305345b9077a6934ff632,swing music,Jazz
4gYKVizj3uSquuZvokYgZm,Flako,35,https://i.scdn.co/image/ab6761610000e5eba96b4b204769cf707cb87ff0,Funk / Soul,Funk/Disco
58nJeJQCASGZeLBeyfxRQc,Roy Fox,17,https://i.scdn.co/image/ab67616d0000b2731ac2a90efc6dd48939c600bb,big band,Jazz
5LfGQac0EIXyAN8aUwmNAQ,The Offspring,80,https://i.scdn.co/image/ab6761610000e5ebffb1ffb7c417745cdad67b88,punk,Punk/Hardcore
0BNlCKQPbiGIRTVnzKfJgy,Anders Miolin,25,https://i.scdn.co/image/ab6761610000e5eb9f5d188f2eb2277cdffcab2f,Classical,Classical/Orchestral
6JL8zeS1NmiOftqZTRgdTz,Meghan Trainor,78,https://i.scdn.co/image/ab6761610000e5eb365984489dac7a79eac204e3,Reggae,Reggae/Caribbean
2ddxtfC0oS8LoktXUHE7YL,Ashley Tisdale,54,https://i.scdn.co/image/ab6761610000e5ebf9205905ea9befd6398fdc34,Electronic,House & EDM
7g8fMHhsjLE4d5ItdVjdVQ,Lucas de Mulder,34,https://i.scdn.co/image/ab6761610000e5eb2ac20908441125287df60111,jazz funk,Jazz
1rEYhXObwdsvFq7di6k4ua,Slimmah Sound,32,https://i.scdn.co/image/ab67616d0000b273a59e7e486e801366e45b03e2,dub,Reggae/Caribbean
5C8l1IzNtFsYqI3jHNmWWr,OCHERii,2,https://i.scdn.co/image/ab6761610000e5eb4f9c600b54a0ee1d41ae4ee1,Electronic,House & EDM
6zWJfH1TTmIqEi7EV35HGr,Pip Blom,34,https://i.scdn.co/image/ab6761610000e5eb389fec1e185ce1659104f20d,Rock,Rock
35uD3ZeLUoniBBQhiWQGCu,Bush Babees,36,https://i.scdn.co/image/ab6761610000e5ebe95ba7520176f4453d5be07d,boom bap,Hip Hop/Rap
05YVYeV4HxYp5rrWalvuE1,"Grover Washington, Jr.",64,https://i.scdn.co/image/40f39e48362c76c3c794a28466922e0f405d7b4a,soul jazz,Jazz
3Y3xIwWyq5wnNHPp5gPjOW,Kenny Loggins,69,https://i.scdn.co/image/ab6761610000e5ebe5ade0d346536449c7a75b48,yacht rock,Rock
61AuimKILFw6yaMHOwwfTh,Claire Hastings,23,https://i.scdn.co/image/ab6761610000e5ebb00ce44ea6976a91f670c7b9,celtic,Folk/Acoustic
2lGHQf7rzLMpTqlfGwIE9O,Jackie Lomax,15,https://i.scdn.co/image/72af6e5dbef888e66c93de4a0c0adb0d4dbcc0cb,Rock,Rock
0HB3DYw6dUNqE9wFm6edkT,E. Live,37,https://i.scdn.co/image/ab6761610000e5eb8632baf1ff85a0abef8552b4,nu disco,Funk/Disco
6Xfb61LiBt1zevrkP7TJlh,Arthel Lane Watson,17,,,Unlisted
36Yy1qwyYR7DGWw12XVzaf,Unidentified prisoners,13,,traditional folk,Folk/Acoustic
3CI0BdDDxe6D21RmqTB5fn,Fightstar,42,https://i.scdn.co/image/ab6761610000e5eb1cbe438208c188ca6493752d,post-hardcore,Punk/Hardcore
2Dcqwokizs4vSMXCVFqfQs,Kirk Degiorgio,9,https://i.scdn.co/image/ab6761610000e5eb82f26952dd3b19e6095d97cf,dub techno,Techno & Trance
36zSkwftotDHslP3KUQpew,MED,48,https://i.scdn.co/image/9862cc0877c4cc169d89d0a792a441edc6e0bd78,alternative hip hop,Hip Hop/Rap
3xYNGCooNIzKMAtJYKSOyq,Electronic,43,https://i.scdn.co/image/bff753651fffafa6c87f63d5200add3864e897c5,madchester,Rock
5lbM4g6bhxjNX7R5QHP2nD,Xavier Rudd,64,https://i.scdn.co/image/ab6761610000e5eb0c898fe5227b012ee8e39e87,Rock,Rock
5A4ebXQf38xWIq0xSWLhsS,Godflesh,38,https://i.scdn.co/image/ab6761610000e5eb3e617b802484514cfdbc7b1b,industrial metal,Metal
5XMyhVhi5ZN2pi0Qwi1zXS,Joy Crookes,64,https://i.scdn.co/image/ab6761610000e5ebf7ea53cd2207d81a415efe7b,alternative r&b,R&B/Soul
42qLC3FgtazA9AvaIoiP62,Ms. Dynamite,49,https://i.scdn.co/image/ab6772690000c46c2dd2270168195c07ca4906a5,uk garage,Garage & Breaks
4OihBPCQzR4GfbzqOY69Xm,Jacques Offenbach,56,https://i.scdn.co/image/397c307dfd4e9aec9fe266ead8de89a28408ca99,classical,Classical/Orchestral
0COowzoUpH3tACzy2w1CJG,Polecat Creek,3,https://i.scdn.co/image/ab67616d0000b2738db7ea7b3fd4855be24ae60d,bluegrass,Country/Americana
1M5wLoT4Yub4wWOZAcj7z0,Pino Donaggio,43,https://i.scdn.co/image/ab67616d0000b2737795a5fb973bb50f173684b3,Stage & Screen,Soundtrack/Instrumental
5OKhN5AURco1pBqba3CbnS,Marion Brown,22,https://i.scdn.co/image/ab6772690000c46c9d936ef8e333cf3f5919b8af,free jazz,Jazz
3mv2eHwrIONSkviASDMRMa,Califone,30,https://i.scdn.co/image/ab6761610000e5ebed168730518f7d44055c329a,alt country,Country/Americana
3E2PKHxfpNa2R6N3RIpa8S,Lizzie Esau,29,https://i.scdn.co/image/ab6761610000e5eb9d47d75bd305db0623b258a6,Pop,Pop
1dUvwL9aCbVrB2UMFAHp0i,Pete Jolly,26,https://i.scdn.co/image/ab67616d0000b273ed2426690b1a07288d8f1811,cool jazz,Jazz
0XZC3xSQstfXyXnYQKvjef,Blahzay Blahzay,36,https://i.scdn.co/image/ab6761610000e5eb6f97108e23a1785bbff37c92,east coast hip hop,Hip Hop/Rap
1QYMj6ouUhi6yis1HE8M68,Urban Cookie Collective,46,https://i.scdn.co/image/ab6761610000e5eb11c8631d29488a38fb9bd1eb,eurodance,House & EDM
1Z2KInfSmPOzAIYyiaXeti,Youth Lagoon,45,https://i.scdn.co/image/ab6761610000e5eb80ffcc90627f708b01a549f1,dream pop,Alternative/Indie
5kpZHJtnWFKx8bvyvVgDdS,Sharon Brown,20,https://i.scdn.co/image/ab67616d0000b2733427d16d36d8986d601e6488,post-disco,Funk/Disco
0N0d3kjwdY2h7UVuTdJGfp,Cascada,70,https://i.scdn.co/image/ab6761610000e5eb7977be627e6c9e8018ad7831,europop,Pop
5cXJERCnv50nZBXCk8Zq9X,Jack Kittel,46,https://i.scdn.co/image/ab67616d0000b2731510b0f0766b4966c5bee794,Pop,Pop
3JJR0ExBP5G8uyhcViM14W,Gianni Brezzo,44,https://i.scdn.co/image/ab6761610000e5ebe97f777e854173df1a81da85,nu jazz,Jazz
1nIUhcKHnK6iyumRyoV68C,Ennio Morricone,69,https://i.scdn.co/image/ab6761610000e5ebd0430d67cd189b4b54dcf6f9,Pop,Pop
1bdAJUX6JPsnYHbTl5jbk6,Joan Armatrading,51,https://i.scdn.co/image/ab6761610000e5eba4f5e2f801a142e2b462b241,singer-songwriter,Folk/Acoustic
36qxqKuaIzIOC8tLgTy02Z,Doc Severinsen,33,https://i.scdn.co/image/0aabd2800fefb51bf16ecac4245be89a247a86b0,big band,Jazz
1n5YEhuNLUQG4fyhft986d,Field Report,17,https://i.scdn.co/image/ab6761610000e5ebdb0650b49c767b29d8de0ee5,Rock,Rock
6be16MaIl9wPCInWd7KpQr,James Shorter,2,,northern soul,R&B/Soul
7C26wQyStqkNFW94iutvVD,Renato Cohen,33,https://i.scdn.co/image/ab6761610000e5eb6cc805d95900831878010da3,indie dance,Unlisted
2LwlVrqI7U4WS448GpAozT,The Umlauts,9,https://i.scdn.co/image/ab6761610000e5eb508c3137a64c5aa10d99fe59,Electronic,House & EDM
4ZrzdbajcxLidPJDPZomzz,Christoph De Babalon,25,https://i.scdn.co/image/ab67616d0000b27360971810a9735d46eed8310c,breakcore,Bass Music
4iAX0hXhpXUTHhnskcMQqS,Karl Hector,1,https://i.scdn.co/image/ab6761610000e5ebf03b8e715331084e53136b92,jazz funk,Jazz
0tncOz6MVpy67IphfE6VHZ,Buddy Greco,38,https://i.scdn.co/image/ab67616d0000b2732eab8b87c8e6a2ae827148ce,adult standards,Pop
30pW8ZsjaeU6vcnWayUwof,Barbara & Ernie,17,https://i.scdn.co/image/ab67616d0000b27383650407c98adb8b8c837836,Rock,Rock
1cT5HMubEoFMfZco00oO1t,Aubrey Atwater,4,https://i.scdn.co/image/ab67616d0000b2738519ecfb1aad5275ff24b81a,southern gothic,country/Americana
0iui2Be5CP8EWxvHYsVspL,Breakbot,57,https://i.scdn.co/image/ab6761610000e5eb6d38086452e28cd10f9c6c5a,french house,House & EDM
5cVLuEqb7aOHuzwssXHzWI,The Amboy Dukes,30,https://i.scdn.co/image/ab67616d0000b273d317ce2d8ae5b8121da75055,acid rock,Rock
1zgNpeHQe8GulzfVkYP2VK,The Trammps,55,https://i.scdn.co/image/ab6761610000e5eb935fdca6a20fa45518c1a844,disco,Funk/Disco
4Tvos0a5rRrBu4Oodu5f79,Julian Lennon,43,https://i.scdn.co/image/ab6761610000e5eb5e9eb9cd9c7fe28bf800ab66,Rock,Rock
6I96egIonnFBY26MprKYKb,Masters Of Reality,39,https://i.scdn.co/image/ab6761610000e5eb9071c59b108ec01c8d12841f,stoner rock,Rock
0oOmVBBL9JieZXycYfjZXT,Phil Everly,26,https://i.scdn.co/image/07e83b90b8529b9e6a5207c551e9ae9d88229d48,Rock,Rock
7eFNDfeRSsRCcUGLBVZZB3,Red Tail Ring,21,https://i.scdn.co/image/ab6761610000e5ebd6a0f8217dae36ee624ac40a,bluegrass,Country/Americana
3NmdKZUM96z7NGvL35g5PC,The Rentals,34,https://i.scdn.co/image/ab6761610000e5ebfcfd0252a24dc899a56556eb,power pop,Rock
5xOij09NdE9HMecIAgmuaE,Nots,11,https://i.scdn.co/image/ab6772690000c46cde165206b98eac60d79b1060,egg punk,Punk/Hardcore
2qsc1hUhG2UrNZhByveJ6x,Danny Wilson,42,https://i.scdn.co/image/cabd8dc86a8d6405915452360e0dd6ebeae0fc74,Electronic,House & EDM
4EHaaarutllY8ByHlJ7MZv,Battlefield Band,27,https://i.scdn.co/image/de588b90166fba599b2f82ce0d23f16d3181361c,celtic,Folk/Acoustic
2l7DkzVuYJW700mR7r43un,Palace Music,34,https://i.scdn.co/image/ab6761610000e5ebb76cfea26565d94f93141de4,slowcore,Alternative/Indie
34E3csCxpXunPGEkOVVX2g,Albert Hammond,57,https://i.scdn.co/image/ab6761610000e5ebd17ed8020a7dbfb9410ff3ca,Rock,Rock
08Zx5pufnilNAjm28CauiH,The Limeliters,32,https://i.scdn.co/image/ab67616d0000b273e8ab306e2a7cadb1541f162a,traditional folk,Folk/Acoustic
0PN0fbe41KbuzlRYnoajNm,Antonio Aguilar,74,https://i.scdn.co/image/ab6761610000e5eb8bc8c8d13db4c3600c8d7549,ranchera,Latin
6RxvPZHJL1V9kWWvzM0APg,Martine McCutcheon,29,https://i.scdn.co/image/ab6761610000e5eb9a7cc843240b56e4b96458bc,Pop,Pop
2jYMYP2SVifgmzNRQJx3SJ,Modeselektor,48,https://i.scdn.co/image/ab6761610000e5eb0b96e26a874aaee817f94a92,idm,Ambient & Experimental Electronic
0oGtixfxP0ukNPM6KVuwC1,Lucy Liyou,19,https://i.scdn.co/image/ab6761610000e5eb6acc368197027e3ad90fcc1f,ambient,Ambient & Experimental Electronic
0qZlB7IX5lWPhlxsayt31p,Lola Beltrán,54,https://i.scdn.co/image/ab6761610000e5ebd1ecfe99d596874a6688d548,ranchera,Latin
099toTcKJoywTosZr2hHjy,Langhorne Slim,51,https://i.scdn.co/image/ab6761610000e5ebc8b12cbdf3dad56897700d80,anti-folk,Folk/Acoustic
2uF8KZ5iEKsGdxfX2mhzFf,Edyth,8,https://i.scdn.co/image/ab6761610000e5eb7159f41bc317c00c7d9b7e35,idm,Ambient & Experimental Electronic
3CEdEF8RsuL3hAFJaujvr0,Etta Jones,52,https://i.scdn.co/image/ab6761610000e5eb51a1987b4a9b8975ebdb82e3,vocal jazz,Jazz
3LuF7P74RidHXKY2b1BkAs,Jake Holmes,20,https://i.scdn.co/image/ab67616d0000b273b1dec7cf8d5bce10be5146c7,baroque pop,Pop
4mmMtabvFCKA6HfmVmitNH,Jodi Benson,57,https://i.scdn.co/image/ab6761610000e5eb583a4cf451be21040cfaa0a4,Children's,Novelty/Spoken Word
6CQrZZn0g2ZNfIcXbi4pdo,Mason Jennings,41,https://i.scdn.co/image/ab6761610000e5ebe9d0d5c81f48fc9596eefc03,Rock,Rock
22DqYr3VzrlKqTY54Jo20d,GospelbeacH,13,https://i.scdn.co/image/ab6761610000e5eb5dffd0a7d5a1601451e7c15c,power pop,Rock
5t81Dbcvlm5J7YP7cI2kae,Son Of Dave,36,https://i.scdn.co/image/ab6761610000e5ebf4b48d6411c9902362baf575,modern blues,Blues
5tG5dl5mS2wB5w72YBpsyg,Herbert Grönemeyer,63,https://i.scdn.co/image/ab6761610000e5eb760440fea70b384c97925c71,neue deutsche welle,Pop
73N7cGNNww6Uod1d3IiBKP,Do Nothing,32,https://i.scdn.co/image/ab6761610000e5eba0827b10a2734f6ca3818b56,post-punk,Rock
7eB5JF3AiAaG4eyKqgmIeo,Tiziano Popoli,3,https://i.scdn.co/image/ab67616d0000b2737e9876ab2bedffe090408d9f,minimalism,Classical/Orchestral
3RyJG8xp58XSmsiuIySzUj,Adam Green,36,https://i.scdn.co/image/ab6761610000e5eb615d26cb73ecd63546b93eed,anti-folk,Folk/Acoustic
0WP1sO0RYZHeJyd8PLSRBp,Brian Bennett,36,https://i.scdn.co/image/ab67616d0000b27391f92391d528ef3222d2fe26,Jazz,Jazz
5zhn89Em2jWUUWdpcLO3YL,Sea Power,51,https://i.scdn.co/image/ab6761610000e5eb3c1d3e35641a11455c8454b8,Rock,Rock
4HXtFN7bAZUp0GtsRRpzW2,Sarah McKenzie,41,https://i.scdn.co/image/ab6761610000e5eb91b0cabd49282eb047461eb8,vocal jazz,Jazz
76Gi1qoWLrIerL5FcL0TZb,Gretchen Parlato,36,https://i.scdn.co/image/ab6761610000e5eb7bd418488914add35a86401b,vocal jazz,Jazz
5BLgMlT6LTidk2KkfheS4p,Happy Ol'McWeasel,29,https://i.scdn.co/image/ab6761610000e5ebfa5b8523ffabf2416d99f658,celtic punk,Punk/Hardcore
2WkDGNlrAN48YIOi18jpEE,Maura O'Connell,32,https://i.scdn.co/image/4e466ac0c5403e1df0f3eddb8f22facfc61f2e84,celtic,Folk/Acoustic
2YbV1TIoIl1Un54MmSvZ3V,Deadboy,15,https://i.scdn.co/image/ab6761610000e5eb57799d3b8679571a54a1b733,uk funky,Bass Music
4MTSrVgHNfGtYV9pek8vY5,The Blue Aeroplanes,27,https://i.scdn.co/image/69679b876084689ac93a8f426708b2aec2965645,jangle pop,Pop
5slSOLb4CcoPOgptg4tsxo,Michael Chapman,30,https://i.scdn.co/image/ab6761610000e5eb1c495748ac5fcb6c81fe3968,folk rock,Folk/Acoustic
4rxXqaQUe5udkRsGRDDDIY,Tom Verlaine,25,https://i.scdn.co/image/b885515a1c856f3be5332c11b62fae58e20b757c,proto-punk,Punk/Hardcore
5IwJGm5Jfhst8xUNFX8z7h,Ali Horn,3,https://i.scdn.co/image/ab6761610000e5eb49eb59d30fc8012b36e436f9,space rock,Rock
3dH7ZRgXMUUsJrhHeDPftx,Willie Wright,35,https://i.scdn.co/image/ab6761610000e5ebf2421ee8084e87fac812cf05,Funk / Soul,Funk/Disco
218kRJZ7FJs0hWIk8Ynzhz,Charlie Rich,51,https://i.scdn.co/image/eae6b35a8a4765d6f5c85e4bae299df1f3c8ceb5,classic country,Country/Americana
4BTcOR2hEQZQQL5AMo5u10,Rusko,46,https://i.scdn.co/image/ab6761610000e5eb8e8d07525e1f72d4420d0d56,dubstep,Bass Music
4mplweFSgMgpH03ruEMEMv,The Cats,52,https://i.scdn.co/image/921f8e9ee94617e73705c1432da6bbd30f57baa8,nederpop,Pop
6Hf2g14O2TP25JUNZuvIgn,Alicia Villarreal,64,https://i.scdn.co/image/ab6761610000e5ebd2aec51e633a3537708b1393,mariachi,Latin
78L0GCvVF5ee0XqDHH2D2J,Earlham Mystics,12,https://i.scdn.co/image/ab67616d0000b2738992403b5a5f51595c55707b,Electronic,House & EDM
4HCubdy7diarb4KZo8etrq,The Go-Betweens,42,https://i.scdn.co/image/ab6772690000c46c1e121f1a16dead651b2157f3,jangle pop,Pop
32GAlFg8ZU34WZLFjAUAGQ,Stelvio Cipriani,52,https://i.scdn.co/image/ab6761610000e5eb7d25f45905679c42aa714fd5,Stage & Screen,Soundtrack/Instrumental
3bhCWiE3xoIbH70zy0nj7c,Gail Ann Dorsey,34,https://i.scdn.co/image/ab6761610000e5ebcb5c9e43c582c8e47a10650b,Jazz,Jazz
6SsTlCsuCYleNza6xGwynu,Agnes,58,https://i.scdn.co/image/ab6761610000e5eb4de98562247d90e966134d78,swedish pop,Pop
2JJiKj9j7wPS8vz8UlAO9X,Don Harper,21,https://i.scdn.co/image/ab67616d0000b273d07e2408c135f8aea550f3bd,Funk / Soul,Funk/Disco
1XjkajTCuInbWYxcxPvFtP,Liam Clancy,39,https://i.scdn.co/image/49a877baad0565754106f1f4819accbe1c81c970,celtic,Folk/Acoustic
5BJ7GXyi2tVyoKMQM7cSpM,Stelios Kazantzidis,52,https://i.scdn.co/image/ab67616d0000b273f949bbb05b4d6752c00530d8,laïko,Unlisted
1sAkg8871iPVI0wPbOfIZa,Fairground Attraction,43,https://i.scdn.co/image/ab6761610000e5eb4e41cb0b90dd55eb76881fdd,Rock,Rock
16R5esBHEkxTw1QO9dnWM5,Patricia Barber,37,https://i.scdn.co/image/85ed9e23eddd73e6b56d5a7979cd301f79e2b409,vocal jazz,Jazz
4llklDtTTyMYMY2LfFOkTI,Domenico Modugno,53,https://i.scdn.co/image/ab6761610000e5eb5ad2b161e1a68bc601e293ee,italian singer-songwriter,Unlisted
40iUcsx6LWJ0DEPryPmU30,Sneaks,38,https://i.scdn.co/image/ab6761610000e5ebc68e7ac4b92016719f6c2d47,egg punk,Punk/Hardcore
10uwDZEuXM1HzOeDlrybCS,Eden Ahbez,31,https://i.scdn.co/image/ab6761610000e5ebc977137b8fb5a3ad980225cd,exotica,Pop
5b2OzvLaL6nyxw5pbVbSdy,Skeeter Davis,52,https://i.scdn.co/image/b446003150396108601f69db1a0ca4039e30b8ef,Pop,Pop
2RQuyY0nQqKOtzhBhghSGu,Henrik Freischlader,42,https://i.scdn.co/image/ab6761610000e5eb6f48c5b3d7efcf16589a4deb,blues,Blues
0mO8aKj6nYryzzlEdPYAPb,Hopeton Lewis,39,https://i.scdn.co/image/ab67616d0000b273853ddebd9613f2d9094bf6a7,rocksteady,Reggae/Caribbean
1SBU4DvQapOFCnxMzENUkp,Good Shoes,31,https://i.scdn.co/image/ab6761610000e5ebfb1eb936e8acea7834aa7de5,new rave,House & EDM
4aMeIY7MkJoZg7O91cmDDd,Adrian Younge,44,https://i.scdn.co/image/ab6761610000e5eb892bfa72a0cd8e4907eded3c,Jazz,Jazz
6yzuBFtT6dK2aQMZJZtcB1,Dehd,44,https://i.scdn.co/image/ab6761610000e5eb82caefda4a9fd8055709c6be,Pop,Pop
7tguHMzv83NjmVpNjT4FpS,Palm,26,https://i.scdn.co/image/ab6761610000e5ebbac615ae838e48e65e8b26a5,math rock,Alternative/Indie
4J69yWrKwWJgjv3DKTZcGo,Big Brother & The Holding Company,56,https://i.scdn.co/image/ab6761610000e5eba3c19f64ce2e9252b4c643f7,psychedelic rock,Rock
6FP6ynzSPeBFX46vkI1OsW,Katie Gately,10,https://i.scdn.co/image/ab6761610000e5ebf56c229a9460ffba1a246764,art pop,Pop
2PlLrStX2yK6CzyRi3TKnO,Guerilla Toss,40,https://i.scdn.co/image/ab6761610000e5eb79eea01f968c61198f7bbade,noise rock,Alternative/Indie
5dM7jA0PXh0Ozz8LT2YOCB,Ann Peebles,50,https://i.scdn.co/image/68fc1febe9afa222cc8d0c5a3b20a67c4cfb4f7b,soul,R&B/Soul
4xcYVPssil6vbG6tq3W43S,Don Gibson,42,https://i.scdn.co/image/0103280aa67c4058e80b437fd2283948adfc1376,classic country,Country/Americana
35ovEjDArUFMwwr0hqb7Uh,Gold Rush Studio Orchestra,20,https://i.scdn.co/image/ab67616d0000b27366c489b1b4d977fdf9d81071,,Unlisted
0fVfcPcdnLfSeH0ZAAEeCQ,Okkyung Lee,28,https://i.scdn.co/image/ab6761610000e5eb8e6fca46d16939ba4d2add62,avant-garde,Ambient & Experimental Electronic
1q4zY8qzOsCqIypqC5iQnd,Phil Gerus,27,https://i.scdn.co/image/ab6761610000e5ebb32fa1e21677a4040f370ad3,vaporwave,Ambient & Experimental Electronic
7heUyuJw3gZftFZRa1rV6M,Roy Acuff,34,https://i.scdn.co/image/f7bcbb84a4b6ae33207e273cb755066a06c099a4,classic country,Country/Americana
70KxVbV7gh93sBzl1XhZz4,New Skin,7,https://i.scdn.co/image/ab67616d0000b2738d54a1339c6e226f8789090b,gothic rock,Rock
1ARZrF9nU4zgdDHuBIfqMq,Webb Pierce,41,https://i.scdn.co/image/ab6761610000e5ebe969c89e7fc8fe42e37c5efd,classic country,Country/Americana
6VJZYivuYJGCrPuOAnI7Qo,ANOHNI,49,https://i.scdn.co/image/ab6761610000e5eb1146b3c841aa8cb3a8658181,art pop,Pop
7FL6vuQ7VGJvOiZUukHAcK,Lord Kitchener,31,https://i.scdn.co/image/ab67616d0000b273dced9082a8e63d627b3391df,calypso,Reggae/Caribbean
2o0ypB7FfdIX9xnjSeAKi6,Jimmie Noone,16,https://i.scdn.co/image/ab6761610000e5eb93fdfa3a40499e57594ae512,ragtime,Jazz
7ewJCECkpkh56w0Y4VWzSY,Los Bravos,44,https://i.scdn.co/image/ab6761610000e5eb83940d211d2d91a534e81711,Rock,Rock
3Ek1EdkcbRFvSDJj9j5JXQ,The Baseballs,47,https://i.scdn.co/image/ab6761610000e5eb84370c42d5b8e3a120fc14e0,rockabilly,Rock
02CDSrcHflWRx5Wj7RMoB3,Susan Cadogan,36,https://i.scdn.co/image/ab6761610000e5eb3f37f9ae84b30eece61d82e8,lovers rock,Reggae/Caribbean
5jX7X3kRkfJTRqAdT7RcHk,Cass Elliot,57,https://i.scdn.co/image/ab6761610000e5ebe910dbd1a3501f59d32b8e2e,Rock,Rock
1GbZUOowT6BhrI9QVoUniG,Ikonika,18,https://i.scdn.co/image/ab6761610000e5eb5a23fa1660f12cd005df1ebd,uk funky,Bass Music
2qtARFvBzCjOuGbXFAF0iX,System Olympia,41,https://i.scdn.co/image/ab6761610000e5eb69e8aa49b4c66f4df20c480e,Electronic,House & EDM
4lYtGx5NZQJHsMyhHc5iz3,The Cramps,60,https://i.scdn.co/image/fc6b731da9ccf21380f2c32a37a825b8b6e41fc8,psychobilly,Rock
5ehQsvqbiNAVZADhzHy5JO,Harry McClintock,43,https://i.scdn.co/image/ab67616d0000b2733b21a8bdca36c2e6a9f89c80,bluegrass,Country/Americana
1ZAzXgj5wuSw3oKrFdpNiH,Computer Says No,6,https://i.scdn.co/image/ab67616d0000b273f5e247b94cdaa91e0261699b,Electronic,House & EDM
12SPNXi0aDpFt0rMVbmLrr,Jay Hardway,46,https://i.scdn.co/image/ab6761610000e5ebe4804bc66a14042eabc594b0,big room,House & EDM
6uroJGQr7oAzc4z1P7p7Rr,Santa Ana Players,4,https://i.scdn.co/image/ab67616d0000b2731b49850e5438233c37e02931,christmas,Jazz
3GBPw9NK25X1Wt2OUvOwY3,Jack Johnson,78,https://i.scdn.co/image/ab6761610000e5eb9555a0b3231117c8cde1fca7,surf rock,Rock
2qn4hIXsvRUyFoboMi31XB,Rolf Zuckowski,59,https://i.scdn.co/image/75bd1069be2255fd43367a6eadc4866baee2c32e,christmas,Jazz
5XduRGfkKVRVqyEJ0D9trw,Supreme Jubilees,36,https://i.scdn.co/image/40e830011ce72f90af8b716559ee98b9a4f452df,classic soul,R&B/Soul
4YIP5hX9ZJdXyC1yD69MWD,N.Y House'n Authroity,7,,,Unlisted
1WFsBUAgQmrGQQEUyFKS60,Savages,30,https://i.scdn.co/image/80fabaa57072b59c748dcaac612d177d40f48b0e,post-punk,Rock
4ZZnndm8YgzLlG05uSmQOG,Reese,19,https://i.scdn.co/image/ab67616d0000b2738eaf0721fbbe6a0be7ddc583,chicago house,House & EDM
2jToqK8MU3rtt0DYrgCIXM,Oliver Coates,44,https://i.scdn.co/image/ab6761610000e5eb0edcdb461a0c8928f64720a8,Electronic,House & EDM
2ELk72EFgeLu9RsIPmwCOS,Baby Dodds,8,https://i.scdn.co/image/ab67616d0000b273f8faebd74bd6dabd83a5d3a7,ragtime,Jazz
1WrqUPWlHN5FXCRcQgrkas,Lucius,56,https://i.scdn.co/image/ab6761610000e5ebfdd4d03de3b76fc49af39c7b,Funk / Soul,Funk/Disco
3yPK9pFJZZN43e7HbnREpo,Watching Airplanes,12,https://i.scdn.co/image/ab67616d0000b273fb20b9673a16cfc29362e060,idm,Ambient & Experimental Electronic
6nrFqkvRs71iJWGnHJHa2O,Scott Matthews,32,https://i.scdn.co/image/ab6761610000e5eb26e73c9a7011dbc670f5aaa8,indie folk,Folk/Acoustic
1Uwe1MbiKnPHAFh3qMWuNp,Portrayal of Guilt,34,https://i.scdn.co/image/ab6761610000e5eb424f2a70e205d172478c54e9,screamo,Punk/Hardcore
2CmaKO2zEGJ1NWpS1yfVGz,Falling In Reverse,78,https://i.scdn.co/image/ab6761610000e5eb4a733f510df96652c3bea05b,emo,Punk/Hardcore
1lPnbIoKFt1RolCn7qAFNm,Big-E-D,0,,grime,Bass Music
3sHkYrW1ZXf3juwNvnxQO6,Robert Armani,36,https://i.scdn.co/image/ab6761610000e5eb3db4da4b490bf45fc5cda481,chicago house,House & EDM
2yJwXpWAQOOl5XFzbCxLs9,Bad Religion,63,https://i.scdn.co/image/ab6761610000e5eb785d6af86b16c8747ff61e42,punk,Punk/Hardcore
0MPCXpk3pfNCmUdzDlHX2f,Axile,21,https://i.scdn.co/image/ab6761610000e5ebde51ad0ce9c9ce1a0155c158,,Unlisted
6IELx6XGZcbJE8uNDPO3PP,Arkana,36,https://i.scdn.co/image/ab6761610000e5ebf468c12dd205d92d668d9c48,Electronic,House & EDM
7ixDtqtITfqx5lZQGh5gKe,Nicole Moudaber,49,https://i.scdn.co/image/ab6761610000e5ebfd68272202f6de461d1f7f08,techno,Techno & Trance
37SofF6rHmWJudegF3hBUH,The Jeff Steinberg Jazz Ensemble,46,https://i.scdn.co/image/ab6761610000e5eb9a69657e03e681b6d9f8184f,jazz,Jazz
0MQ6vXx5EpG7uahKwX2712,White House,0,https://i.scdn.co/image/ab67616d0000b273ba833ab06e0cbfc5f2aa63bd,bluegrass,Country/Americana
55UOywvWbUD9c6C3NSGdft,Mike Dunn,46,https://i.scdn.co/image/ab6761610000e5eb00d347cfc20a85cc599a1589,chicago house,House & EDM
7xoTSPGUr9u8FWR4G8AWoS,Joseph Shabason,37,https://i.scdn.co/image/69403f8de8ec6786d6a5890f8b595f9dc14c22eb,ambient,Ambient & Experimental Electronic
5QmSXHYzeGwtS31wYV8Ury,Massive Sounds,0,,Electronic,House & EDM
5yGoMjmASLRvhNL7jZndxG,Radikal Guru,32,https://i.scdn.co/image/ab6761610000e5ebb3c35eed5277d23acb1fd932,dub,Reggae/Caribbean
0LthCv77K8NqLKr8B6266a,Freak Nasty,42,https://i.scdn.co/image/ab6761610000e5eb84871c3351c73543e3ad9dc5,miami bass,Hip Hop/Rap
0HPVHsbV2yIYPp2Pk4kdHe,Droid Bishop,37,https://i.scdn.co/image/ab6761610000e5ebab6c6c90e035c148b884701d,synthwave,Pop
6sq7prp0tj9Abn89khmfja,Dead Can Dance,52,https://i.scdn.co/image/ab6761610000e5eb78778cb912b8e423c58dcca4,darkwave,Ambient & Experimental Electronic
10exVja0key0uqUkk6LJRT,Vance Joy,78,https://i.scdn.co/image/ab6761610000e5eb4be87c6d504aa62024a87f48,folk pop,Unlisted
4WOaecAM3RMMmrbZzNx0vu,Tocotronic,44,https://i.scdn.co/image/ab6761610000e5eb9d8aea07581f71d05b05c357,german indie,Alternative/Indie
7qPISKHhhKDLZTmYcX7bWd,Stylo G,51,https://i.scdn.co/image/ab6761610000e5eb911d54f20442e3ab0598fa29,dancehall,Reggae/Caribbean
57YVY9QP1mhqc51WqHln0e,Tom Robinson Band,38,https://i.scdn.co/image/5df93e9f78f6139dde2cbf09d893bcf195722591,glam rock,Rock
6NoeYD2nC44Y3Of11HJl4b,Sidechains,0,https://i.scdn.co/image/ab67616d0000b273b1193f322e395bcd77847e9b,french house,House & EDM
3PJ5IQEl5ZNkSXkYwm8fEP,Mate Peter,18,https://i.scdn.co/image/ab67616d0000b2737183e6d9c3afb3f63230a4a4,Pop,Pop
2mV8aJphiSHYJf43DxL7Gt,Chromeo,59,https://i.scdn.co/image/ab6761610000e5eb017399838e5064b16f01e4c1,nu disco,Funk/Disco
1nXlbKMRiXyiI6Rg1wnDOZ,Ladybird,22,https://i.scdn.co/image/ab6761610000e5eba8aaac769b05458ed1f86590,acid house,House & EDM
1ysHnRqLx1sIFxUlahQftx,Kyson,51,https://i.scdn.co/image/ab6761610000e5eb6bfeddfa14836b1e81baa525,Electronic,House & EDM
7zYJsSA3SfPKvFyP80zLmL,Aidan Moffat,17,https://i.scdn.co/image/d0855cf33aa8f71149ad1a7e261bd6fdc57adec3,spoken word,Novelty/Spoken Word
3mNygoyrEKLgo6sx0MzwOL,Ali Farka Touré,51,https://i.scdn.co/image/0d183847042a7c6e27c04f21fbe2273d63d03e50,gnawa,World/Traditional
4u1nYxjl132D6rcMeYQ6Zz,Rival,54,https://i.scdn.co/image/ab6761610000e5eb57adf89ecede255149f43ef5,Rock,Rock
6d9SnuHI2bRer7c76d8sLq,Bro Safari,39,https://i.scdn.co/image/ab6761610000e5eb5fe8b9aacd8743d1cbb66871,moombahton,Bass Music
1i8SpTcr7yvPOmcqrbnVXY,Ozuna,89,https://i.scdn.co/image/ab6761610000e5eb463e10d5f1a533ddd6eb9a04,reggaeton,Latin
1hQuWl1dueM7ChRUZRn05z,Opus III,49,https://i.scdn.co/image/ab6761610000e5eb23fbcd9120b5ad3e95895fbc,Electronic,House & EDM
63Bilw49Uv4s2wnovytDVU,Boubacar Traoré,36,https://i.scdn.co/image/ab6761610000e5ebb65295f68ea56f319531cf1f,"Folk, World, & Country",Folk/Acoustic
46urSPEzIrRVqKqciwOq2f,Jim O'Rourke,27,https://i.scdn.co/image/ab02ba6c5148b4ea7b7c1587cd24b1dd9e2fbeab,free jazz,Jazz
24Hb4GKFYquK73R8mTyInu,KLOUD,36,https://i.scdn.co/image/ab6761610000e5eb9d71ce1b4190744a1123c3f6,hard techno,Techno & Trance
2MBVm6ftlzhoyLKctyIEt6,Caspar Leopard,0,https://i.scdn.co/image/ab6761610000e5eb9bf83f01c5ce7dbc736193a0,Electronic,House & EDM
5oDtp2FC8VqBjTx1aT4P5j,SHY FX,59,https://i.scdn.co/image/ab6761610000e5eb3acff250ba4f544c12bb0bbd,jungle,Bass Music
3cYI92lguu78EDY6Gk98Bv,Margo Integer,0,,,Unlisted
0nbaBQTlGxUPLQ07N7onwv,The Rezillos,35,https://i.scdn.co/image/b18e47b71d8f4a6793c1bccc7c185a01491aa4dc,punk,Punk/Hardcore
5wY9R35VmZOg7NxQvKJXdH,DJ Deeon,47,https://i.scdn.co/image/ab6761610000e5ebb1f816a6acfcd523f0b32c78,footwork,Bass Music
07lbidCU8ZwtNCUrmaO0QU,Bizarre Inc,38,https://i.scdn.co/image/532156a01e17a5044468dc4921157dddcc457743,acid house,House & EDM
1BRpMOjIH52Y93hbROTMXc,Shades of Rhythm,32,https://i.scdn.co/image/ab6761610000e5eb42984bcad063d1b6e28c1d13,acid house,House & EDM
65CKKZilbcSKkAPC9a5Mvh,Oumou Sangaré,50,https://i.scdn.co/image/ab6761610000e5eb701aa97a73c93843574f63ee,afropop,World/Traditional
0xgdNNa5mIbnJKp8AG8S4z,Victor Ruiz,45,https://i.scdn.co/image/ab6761610000e5eb0db04e173bf275a10cbcae63,techno,Techno & Trance
5dHt1vcEm9qb8fCyLcB3HL,A$AP Ferg,72,https://i.scdn.co/image/ab6761610000e5eb11b1fd4dfaa772c272ac98ec,rap,Hip Hop/Rap
2MUENaxB93ZPNclZIDEMMV,Kalabrese,44,https://i.scdn.co/image/ab6761610000e5ebc995e9703d343f9905596572,Electronic,House & EDM
1SWGyp2nxNSyQkRX1eqoUp,DJ Kool,48,https://i.scdn.co/image/ab67616d0000b27374cacf1617408f745cad3ca1,go-go,Funk/Disco
3ipn9JLAPI5GUEo4y4jcoi,Ludacris,80,https://i.scdn.co/image/adcc1cb654e89f2e404688ae0d1bbc942ce02e5d,southern hip hop,Hip Hop/Rap
1HCdPZB0ypEcpDo4T55sMi,Hanni El Khatib,39,https://i.scdn.co/image/ab6761610000e5eb8852f0840a21c5bbead90dfa,garage rock,Rock
4Kxlr1PRlDKEB0ekOCyHgX,BIGBANG,73,https://i.scdn.co/image/ab6761610000e5eb597a4257d0022e2ac837fa7d,k-pop,Pop
4K5Dosv1aTGnVJzfv6QilI,Lemon D,25,https://i.scdn.co/image/ab67616d0000b273dd416daf6b7c558409f31066,jungle,Bass Music
0he5qSKLuYoGL223KSWjXJ,Stilz,37,https://i.scdn.co/image/ab6761610000e5eba529594d58fae0fe8408d599,synthwave,Pop
5ef7ha77ippshsIdZzGnaN,BoyPanda,39,https://i.scdn.co/image/ab6761610000e5eb12ba49ac05260455334547d3,Electronic,House & EDM
6FhgYlYyt9GFpcnS13nA4C,Sdms,37,https://i.scdn.co/image/ab6761610000e5eb7cb3dd580df3e30db757e748,edm trap,Unlisted
6HC9gScXpsScEq3Cgq5UvZ,James Mason,23,https://i.scdn.co/image/ab67616d0000b273e086bf25c486481e9159230a,jazz funk,Jazz
6ommlbuccgdiKSgjvVlQ4W,Diet Cig,31,https://i.scdn.co/image/ab6761610000e5eb9a0962323fbf23d1e625f3d1,indie punk,Punk/Hardcore
1gl0S9pS0Zw0qfa14rDD3D,Surf Curse,71,https://i.scdn.co/image/ab6761610000e5eb7fabcff4fe07270f07039355,indie,Alternative/Indie
0BwRrZKiv4NIiVcLgONuOh,LoneLady,16,https://i.scdn.co/image/ab6761610000e5eb9bf03df030b2ce79d177f12c,Rock,Rock
4hdk9wzdbUtIY8VRG7ZWYA,New Orleans Rhythm Kings,16,https://i.scdn.co/image/ab6761610000e5eb4fabafe2b1270f6033b0fee0,ragtime,Jazz
54Bjxn26WsjfslQbNVtSCm,The Get Up Kids,45,https://i.scdn.co/image/ab6761610000e5eb6aa6e0755c6b9899d9deeb17,emo,Punk/Hardcore
7LCDnUQYE07fnKbo46SVLB,Iglooghost,43,https://i.scdn.co/image/ab6761610000e5ebc25aae4b8e48acf1de6d2a11,idm,Ambient & Experimental Electronic
4Pq4q4prafRtMOXeSImXJC,New Orleans Rhythm Kings as Friars Society Orchestra,0,,,Unlisted
2G3moO7hc1jXWYKkW5ZYw4,Dimzy,43,https://i.scdn.co/image/ab6761610000e5eb7f7189256d27137127765719,uk drill,Hip Hop/Rap
1hCkSJcXREhrodeIHQdav8,Ramin Djawadi,69,https://i.scdn.co/image/ab6761610000e5eb91e7dd670bc7d3ec7d1cbc6f,soundtrack,Soundtrack/Instrumental
7CajNmpbOovFoOoasH2HaY,Calvin Harris,88,https://i.scdn.co/image/ab6761610000e5eb1e4bcd2bef1896648762dd6b,edm,House & EDM
1HO6dUh3pea34OKnmsmjQx,Charles Strouse,43,https://i.scdn.co/image/dc284592d0b3e3de0aaefaee1a9648c2ecf83140,musicals,Unlisted
4aaBjq7VqqQvpSF69GglvO,Moloko,58,https://i.scdn.co/image/da34856608ab863451a8492546cf589b8267493c,trip hop,Ambient & Experimental Electronic
2Z2NTQYSGd9jFJawGmH8Y2,Heorge Garrison,1,https://i.scdn.co/image/ab67616d0000b2733c42cb7d34cbb78a02fd8a57,idm,Ambient & Experimental Electronic
32CX6E72MHFiHgv2TehrZd,Michael Cox,11,https://i.scdn.co/image/ab67616d0000b273ecc579b9f2fbcc58d9a4ed03,chamber music,Classical/Orchestral
3QcGV278a6mmLRTOK29WBP,Robby Benson,45,https://i.scdn.co/image/ab6761610000e5eb4dc932abd84f977a7bd80d42,Rock,Rock
2bsUHxwa7PnTKjU6xAngbH,Dos Attack,1,https://i.scdn.co/image/ab67616d0000b27323289ed30efebcd6d66b0c74,dub techno,Techno & Trance
31TPClRtHm23RisEBtV3X7,Justin Timberlake,85,https://i.scdn.co/image/ab6761610000e5eb7a5cfe2597665a3d160e805e,Electronic,House & EDM
2Mn5YxJ8YfFCU6h2Ypr8NI,Silkie,20,https://i.scdn.co/image/ab6761610000e5eb170ab3d0abbd278965502d16,dubstep,Bass Music
73QsiQamRFjnlYxHjl0pLP,Joseph Marinetti,1,https://i.scdn.co/image/ab6761610000e5eb8a8e944e45371d6f3c7f37d4,hyperpop,Pop
0tEpMx1r2UhJNf6yMvVBLG,Maxine Sullivan,28,https://i.scdn.co/image/ab67616d0000b2734199693185fcea55202a737f,vocal jazz,Jazz
3g4YzG9zXMXivUfh9xASEU,Nasty Bits,8,,Rock,Rock
4Tnc4g8mubYvBJW2WK7zYx,Inkke,3,https://i.scdn.co/image/ab6761610000e5eb4daa352e4a8d8ce6c00444ac,grime,Bass Music
5zfEatKLDdRkgbw6sdLBAQ,Octavian,51,https://i.scdn.co/image/ab6761610000e5ebbc876d99c33473e8e055792e,grime,Bass Music
1eSFjbv86usit5ZF5ywtLf,808INK,34,https://i.scdn.co/image/ab6761610000e5eb1e246404146b49a540566bd4,Hip Hop,Hip Hop/Rap
3uPWecBPNXAChysw1uOJwI,Don Cherry,33,https://i.scdn.co/image/ab6772690000c46c4c7d1d0e8d4416f47381e7c5,free jazz,Jazz
4cPiC4QGglnfB5kRwsxj9j,Melissa Swingle,0,,southern gothic,country/Americana
1Qy5cXiRHxH8VrxeQeI2VV,Trim,21,https://i.scdn.co/image/ab6761610000e5eb2f0e4752c4e8fffad4564cb2,grime,Bass Music
6TC6ZeVdvCuBSn32h5Msul,DJ Screw,49,https://i.scdn.co/image/ab6761610000e5ebd595760c4e95bd70b7831bac,southern hip hop,Hip Hop/Rap
3Mu2l8569zdLBzvvGYLBxa,Duke Ellington & His Famous Orchestra;Adelaide Hall,0,,,Unlisted
0unydCSm9ARiINdrNqugDg,Hannah Williams,52,https://i.scdn.co/image/ab6761610000e5eb9ad967db623ef135f45e2f3a,retro soul,R&B/Soul
4O1s9iVG46lSn1mD9ek1ES,K-Klass,45,https://i.scdn.co/image/ab6761610000e5eb60b1a6e9bf9a30e28851ee68,acid house,House & EDM
2wpskShaCrgkVcET4JzTAV,Wilson Jermaine Heredia,37,https://i.scdn.co/image/05adc7d24f0cb475402d4b92e8a22d1bb7b47ce8,musicals,Unlisted
6Vb8yGTdhnyIbGS5evBxbF,Eddy Howard,23,https://i.scdn.co/image/ab6761610000e5ebdc6e5c9ae590f03028ab3ee3,big band,Jazz
0NHSh9S0VQiFfsEFbvhRXN,Moby Grape,30,https://i.scdn.co/image/7ce5ac340ae5d75410634e1bab33ba75f4e94bf5,psychedelic rock,Rock
4nJDI5Dkd8D4hy04RoMhzy,Q2T,28,https://i.scdn.co/image/ab6761610000e5eb81524eee7cf2f80a990b4dec,uk drill,Hip Hop/Rap
2mknvtcck8i82nKxDPDibv,MFSB,41,https://i.scdn.co/image/ab6761610000e5ebad2f0dc4cfe75ef9cc946122,philly soul,R&B/Soul
3oYQrBzEQNpxnjWXP54B4n,Brian D'Arcy James,50,https://i.scdn.co/image/ab67616d0000b27312db32f7e08a1bfb4ace303b,musicals,Unlisted
2eUDx7ujygr0L7H2c5SdmS,George Lewis' Jazz Band,0,https://i.scdn.co/image/ab67616d0000b273a5f63c5e3ee191df4e2d31dc,ragtime,Jazz
55DHRcQ9oxUu76VNuQz48P,Chita Rivera,27,https://i.scdn.co/image/60aaf344ed818bb4a670f1039bc9f57c57b1f55e,musicals,Unlisted
1Op9Sm2626KPktm4byurjd,Stephen Bruton,11,https://i.scdn.co/image/acb7ec599395763ef0aaa4e64f2fb63329aaa0c9,americana,Country/Americana
5RtVtFkrk7Teybt7WGZDGK,Mars89,7,https://i.scdn.co/image/ab6761610000e5ebd58b28b8e5176fe202ae3dd6,Electronic,House & EDM
7u6LfVyYpEzMpHLL7jTyvU,Dwele,70,https://i.scdn.co/image/aa89f602bf1630354e7e43a977492634e1f77814,neo soul,R&B/Soul
0WJc0VDtzsLIk33XRB20Dy,Fionn Regan,45,https://i.scdn.co/image/ab6761610000e5eb53a37549e57023347857f785,Rock,Rock
462IZGRdyi5i2yThvgmzIB,Papa Bue's Viking Jazzband,28,https://i.scdn.co/image/ab67616d0000b273a3db60b56e49c3e5e1b19f6d,dansktop,Pop
4RYJS653eJmGN2DRm1LcCA,Harry Crews,0,,Rock,Rock
74FtMGqsZm74eumHo8Fi3V,Arpy Brown,26,https://i.scdn.co/image/ab6761610000e5eb16cc1ef27173e09b812063e0,lo-fi house,House & EDM
5r8m3GwWfD0PaqEIGwLUqm,Earsley Young,1,,,Unlisted
4mxWe1mtYIYfP040G38yvS,Alan Jackson,76,https://i.scdn.co/image/ab6772690000c46c1dce50b93ca0b1e2f459d9e6,country,Country/Americana
5NbhCycHGgUKZM6qg1DXj2,Cabbage,22,https://i.scdn.co/image/ab6761610000e5eba5c79083a88f780df5412b19,Electronic,House & EDM
1789Un2gEvELbBTnHoS9Rl,Molly Drake,35,https://i.scdn.co/image/83e02935a38a48b49ab11cea406cb9bf979122dd,"Folk, World, & Country",Folk/Acoustic
3ZUZYvTkSr7kJQyAXVpqaL,Donald Byrd,51,https://i.scdn.co/image/ab6761610000e5eb2834a7a5ab9df5219a18ca3f,hard bop,Jazz
3zIIUxcnIoUMouVQdphkeC,Showaddywaddy,42,https://i.scdn.co/image/ab6761610000e5ebd7d8453972e23b20a414bb34,glam rock,Rock
7KMddxPqjqv0fiucwg0c3D,DJ Pied Piper & The Masters Of Ceremonies,39,https://i.scdn.co/image/ab67616d0000b2738139be10efea076378e61090,uk garage,Garage & Breaks
78gqgxLFWiVkLEq60KfToZ,Slapp Happy,27,https://i.scdn.co/image/ab6772690000c46cbbeeaf6cd4735b8757243344,krautrock,Alternative/Indie
2idymNTKUdnTxforkb12Mw,Matthew Sweet,41,https://i.scdn.co/image/ab6761610000e5eb3aae2c02fba2299b23fdebaf,power pop,Rock
28kkIX5npKFkG9becBQMyb,The Skygreen Leopards,8,https://i.scdn.co/image/fdfae8cf4c053d7b67b282199de054f16edbbd01,jangle pop,Pop
2HcZuUtnktqMHm4H1R9gAR,Great Lake Swimmers,48,https://i.scdn.co/image/ab6761610000e5ebad248a0fe209b06fd96381c6,indie folk,Folk/Acoustic
42Sq7zMUa14pEDAIod4byg,C.P.Smith,0,https://i.scdn.co/image/ab67616d0000b2735f08fc282760423d39ddd9bb,idm,Ambient & Experimental Electronic
7BnikuGfXRWkGLJCWS1y9P,The Plimsouls,34,https://i.scdn.co/image/9b14d54540ee4787dbf566869c900828fb516beb,power pop,Rock
5FnJ6kvqUvtCLEbrvtn95Z,Pig Rider,0,https://i.scdn.co/image/ab67616d0000b27359a5e629dc7bde437e92cdca,Electronic,House & EDM
7HkpufNaf4f69MkyBhUJ5d,Bizhiki,8,https://i.scdn.co/image/ab6761610000e5ebed1605ae5a89378a14ac0687,indie folk,Folk/Acoustic
6nPiCm3jwXHrOsMbTDoc4E,Danilo Perez,20,https://i.scdn.co/image/ab6761610000e5eb4badccef7514223d7435f4cc,latin jazz,Jazz
4wavWMHhIiUXxwCuWsHzXo,The Delgados,29,https://i.scdn.co/image/ab6761610000e5eb03c84d9e97f828c81adb1b01,Rock,Rock
2yrbLiuBmc9j81lTX3XUuI,The Jacksons,62,https://i.scdn.co/image/ab6761610000e5ebf1bfe2ad0c6fb9743556c584,disco,Funk/Disco
383Yhi82VDOiVeSUkmStTK,Christopher Rau,18,https://i.scdn.co/image/ab6761610000e5eb9006932831d6172bb49665dd,lo-fi house,House & EDM
6pKJqozqp0jdugOsyFRGMx,BAUGRUPPE90,37,https://i.scdn.co/image/ab6761610000e5ebd150df129c2309d4f883da66,hard house,House & EDM
4dUMhhUjQ2YcNTvab29hYF,Elvin Jones,34,https://i.scdn.co/image/ab6761610000e5eb0c8dde49a60862fe98a5dc8d,hard bop,Jazz
2qcMbfpQ7bUpUwN73vIQXn,Malicorne,26,https://i.scdn.co/image/ab67616d0000b273b0ed32ae3c23e9bc214603db,celtic,Folk/Acoustic
5IDs1CK15HegSAhGEbSYXo,Billy Ocean,66,https://i.scdn.co/image/ab6761610000e5eb32077f76ce695c7dfa2686aa,yacht rock,Rock
3Hf08nPu2dPY3sdngyHQei,Howard Blake,32,https://i.scdn.co/image/dd8c925087a736d3c411933f5d064a011a92c1eb,christmas,Jazz
2TdzGitZtbe3Zw3BB4SFEH,Big Youth,41,https://i.scdn.co/image/ab67616d0000b2732816758632a4f41a502dd9e9,roots reggae,Reggae/Caribbean
5T0e5poGvNw2PmFOiMfwCO,Beauts,19,https://i.scdn.co/image/ab6761610000e5eb020c633a14369782f5e72ae8,Rock,Rock
6v8lYzIVcmeuPkoobFl7Dx,Close Lobsters,29,https://i.scdn.co/image/ab6772690000c46c032948c764f66703d5c1406b,jangle pop,Pop
0ZXEk4WDiPwEkjG6pQ408i,Ella Fitzgerald & Louis Armstrong,26,https://i.scdn.co/image/ab67616d0000b273d8f498883e0b07424d30318e,swing music,Jazz
1RpHbIW5eeEBs693nyrhSa,Jeremiah Chiu,38,https://i.scdn.co/image/ab6761610000e5ebead5e9760adecd9cbb545e03,ambient,Ambient & Experimental Electronic
2n4u9CWqXeYdpW9Zct4hmk,Hayden Thompson,24,https://i.scdn.co/image/ab6761610000e5eba1013b5d8fa67872cb788d84,rockabilly,Rock
7ysDgZ3JkblCgOsDTJWttt,Mark Keali'i Ho'omalu,62,https://i.scdn.co/image/ab67616d0000b273fcb883c0548863da71e7306b,"Folk, World, & Country",Folk/Acoustic
2eUMWLKLpPyMWuTgoMgEG6,Tommy Steele,29,https://i.scdn.co/image/ab67616d0000b273e1800a65cc032aecfac6891f,rock and roll,Unlisted
6fVcDUckTwxqg56qNsEvUr,Frightened Rabbit,49,https://i.scdn.co/image/afd7243238cf01ead6832811d65504409f9cd874,indie rock,Alternative/Indie
6csA2rxNLkQJXeEa7lyGXn,Mis-Teeq,50,https://i.scdn.co/image/ab6761610000e5eb01604c583eee95123e61098c,uk garage,Garage & Breaks
7dl9xeD8jLQYMQyCfpK8TE,BMX Bandits,17,https://i.scdn.co/image/ab6761610000e5eb78ef7b3ad53c6558c5821188,jangle pop,Pop
1TaKbrkFRAq5YJoMieIMPR,Lavia 6,55,https://i.scdn.co/image/ab67616d0000b2739d7753b33cf9523703788443,,Unlisted
41Q0HrwWBtuUkJc7C1Rp6K,311,66,https://i.scdn.co/image/ab6761610000e5eb16b06f19229dc1ceb654a250,reggae rock,Rock
7N2ukNg3vSS0LE1xqSaO2j,Tahiti 80,35,https://i.scdn.co/image/ab6761610000e5eb8f33c44e82faf92d1d3ca901,french indie pop,Pop
3YQdlHhWbhvV46g0bDtaFN,Mhaol,33,https://i.scdn.co/image/ab6761610000e5eb7a3fb28229223e29407b723e,post-punk,Rock
2D90eAxzLfSL7KkvptyUtF,Denis Solee,50,https://i.scdn.co/image/ab6761610000e5eb357fb341364f324c6cf83517,jazz,Jazz
0w7HLMvZOHatWVbAKee1zF,Redbone,67,https://i.scdn.co/image/ab6761610000e5ebeb9c771371e6e5d14588963d,native american music,Unlisted
7Kkx4dACo6kFSeT9wjfVA5,Raspberries,48,https://i.scdn.co/image/677cfa9f5de2862dc30673e4065f79734fe1a23f,power pop,Rock
2dvvGdLX5oPd1Dx7T6cNFC,The Open Mind,19,https://i.scdn.co/image/ab67616d0000b273d45bd16d49bc11b7a2da22f7,acid rock,Rock
3YDAsaNoDCLPEoBc59T62m,Doug Thomas,23,https://i.scdn.co/image/ab6761610000e5ebb26e53536a82e6136abd8bc8,neoclassical,Classical/Orchestral
399t4qwl1M9sMlOtlxVP7e,The Dining Rooms,45,https://i.scdn.co/image/ab6761610000e5eb73d42337e57da710089068d6,trip hop,Ambient & Experimental Electronic
1RDE3HwlzmToPqWk4cIDEg,Baptiste Herbin,31,https://i.scdn.co/image/ab67616d0000b273636584ea8d9b78ace0512b46,french jazz,Jazz
5XYkn9RTuaZ86cnKGES9kv,RUPERT’S PEOPLE,8,https://i.scdn.co/image/ab6761610000e5ebd00403d7efeb09b70c87a93b,acid rock,Rock
3p2pMpzDerhMR4w2xZyHWg,Rosenfeld,54,https://i.scdn.co/image/ab6761610000e5eb268f79a38ef7bf37e0531f0a,dark r&b,Unlisted
51hRQLOySCpDBsBL6C03IZ,The Detroit Emeralds,29,https://i.scdn.co/image/ab67616d0000b2733f6cd3d6393c0e84c73c9ec3,northern soul,R&B/Soul
0shWQ9M3KOAHMv2W9lMecN,Drone,27,https://i.scdn.co/image/ab6761610000e5eb74ac5a3cec9a13204e18664b,dubstep,Bass Music
2FQgnKHydnhSnRS17BSy28,The Symposium,49,https://i.scdn.co/image/ab6761610000e5eb3257f733c7c42f576c616fa4,Rock,Rock
24uSD486ywQ4VJ2OMDXv8y,Motherlode,23,https://i.scdn.co/image/ab67616d0000b2735d612c52047b3d5bfda206da,Rock,Rock
2cxi12PeZmsDkSlJi1slRp,Admiral Fallow,30,https://i.scdn.co/image/ab6761610000e5eb064b08d97faec6c1eb8afcf1,indie folk,Folk/Acoustic
4LLrhUqUv2Mi1NhHz0pjXd,Le Motel,43,https://i.scdn.co/image/ab6761610000e5ebe27b9b3b6f3838a470c08b92,french rap,Unlisted
2EcamGZpmbBz5SqPiy2ZEQ,Bert Ambrose,19,https://i.scdn.co/image/ab67616d0000b27395aa917c8abd46a0e5c9a4be,electro swing,Funk/Disco
4V9KFnehXmCaeMWJS3p0MM,Jan Driver,16,https://i.scdn.co/image/ab6761610000e5eb716ee337ca82044712fef367,acid house,House & EDM
7BMR0fwtEvzGtK4rNGdoiQ,Nia Archives,60,https://i.scdn.co/image/ab6761610000e5eb55888ad142d602809ce631f8,jungle,Bass Music
1gitvozvRIt6HisVREf3Hy,Volaris,34,https://i.scdn.co/image/ab6761610000e5eb2556d665a36802913587a621,melodic techno,Techno & Trance
2ARO60gI5do88ho6azmzab,Django Django,43,https://i.scdn.co/image/ab6761610000e5eb4a1eea3559fa5e3708c4a81d,Electronic,House & EDM
11EZGTWr2pY0VZPlWokAbl,The Originals,42,https://i.scdn.co/image/ab67616d0000b273d12c40e9c2140939ac4ba130,northern soul,R&B/Soul
7sPZakwiHQUWkG1teFE8zv,The Greenhornes,41,https://i.scdn.co/image/ab67616d0000b273f4614504564d381a84852766,garage rock,Rock
5bnYTU5FQf68nmt4Fk5qxi,Geraldo,10,https://i.scdn.co/image/ab6761610000e5ebcafbdecc760394c924320d22,big band,Jazz
5UExdZdyiChMTvMm0nATlp,Raffertie,44,https://i.scdn.co/image/ab6761610000e5ebbbb08a00c83c996777485d2d,Electronic,House & EDM
6ADpAfFsO5dJadJoBKv3nz,Thomas Dutronc,49,https://i.scdn.co/image/ab6761610000e5ebd74793f2d5dbc56899c5b46b,french jazz,Jazz
7L12TqJ0fbwtFljTbwfwRI,Samantha Mumba,47,https://i.scdn.co/image/ab6761610000e5eb8c8bddfbf81e06d80b8b4c6a,Electronic,House & EDM
6AfbDYupHV5e6nse9W6tKG,Stéphane Grappelli,46,https://i.scdn.co/image/58152aee0039fcbad8323d2a8487c3294cdc2302,french jazz,Jazz
0fshYD6SO4222BXVPfGBgG,Killer Boogie,18,https://i.scdn.co/image/51d4b17bbf865bdf0332e7e64da3a75aa9e4d7dd,stoner rock,Rock
0kuEP1E9k3WBEwMKwEmp9u,Willa Ford,37,https://i.scdn.co/image/b09f364edaa45845f99d754de30a36183a797d2f,Pop,Pop
4og9jrin5xH5JiFPbeGUPb,The Skatalites,49,https://i.scdn.co/image/ab6761610000e5ebe0fef57d6f79ba40f1e93a33,ska,Reggae/Caribbean
46uINlifg8d4d1sNVe3AoE,Shy Layers,8,https://i.scdn.co/image/ab6761610000e5eb59cb49fac1b7aeeca1270a19,Electronic,House & EDM
1XIifqPXfWSoTQfrcuXXtX,Paddy Reilly,40,https://i.scdn.co/image/ab6761610000e5eb81e228e096570e93af06cbca,celtic,Folk/Acoustic
0tHDVpPzMs1JqKTAuGQkQR,Harmonia,29,https://i.scdn.co/image/46808ae1f518723667585ae1d9d26ab4bb1678d2,krautrock,Alternative/Indie
4bQQkZffejJRWxQ5ddezgC,Dennis Scott,35,https://i.scdn.co/image/ab6761610000e5ebd683f828dc200b9c8f294cd9,children's music,Novelty/Spoken Word
4To1Px6Ab8Q3z9C3L49dY5,Sleepcaster,0,,,Unlisted
37r3ZUhErh0QPJENMsAPBG,Salvatore Adamo,54,https://i.scdn.co/image/ab6761610000e5eba5a741150a5b4c1973990d92,chanson,Pop
5gQB55Wng31KUOSUFQHkBM,Earl Johnson,7,https://i.scdn.co/image/ab6761610000e5ebffd746839088a4500b8a857e,bluegrass,Country/Americana
4fPl9Aa0FMkATDiA7AnBNM,Wine Lips,40,https://i.scdn.co/image/ab6761610000e5eb91d313ba1fdc658eb6267a67,egg punk,Punk/Hardcore
5AH3J6o4zTwo2tADpRiQRZ,Mitch Rowland,32,https://i.scdn.co/image/ab6761610000e5ebaf44cceec3bad5903b3930d7,Rock,Rock
5LoctxpMh3qfgcTjbtdR39,Brolin,33,https://i.scdn.co/image/ab6761610000e5eb3ffdd75a0e488771a750e9a8,Electronic,House & EDM
4aa8e2k6EG6znuh0Iew4IN,Vito Ricci,13,https://i.scdn.co/image/ab67616d0000b2738c7af18f0b37e86b8fb7c595,ambient,Ambient & Experimental Electronic
5zQhRSqJxTbROSMJtGCXYN,Francis Lung,20,https://i.scdn.co/image/ab6761610000e5eb49eca03aeb431c1f2fb50812,Rock,Rock
3a9qv6NLHnsVxJUtKOMHvD,The Glitch Mob,60,https://i.scdn.co/image/ab6761610000e5eb9b7ecb09bae3c89fde4cfbc7,glitch,Ambient & Experimental Electronic
0701Axu6yvUIoctaKMbDIZ,Freda Payne,40,https://i.scdn.co/image/ab6761610000e5eba0c337d5c9220e7a2107d4cc,northern soul,R&B/Soul
2KWOkrj19TKU1ik6tugH4y,Naked Raygun,31,https://i.scdn.co/image/ab6761610000e5eb97dbef04570a83d37f1e1b5f,punk,Punk/Hardcore
3mC1KCuZZSOlN8Z0M56VsV,Dobie Gray,53,https://i.scdn.co/image/6c0e887c5535b9143565e1e13186326b1a62cd16,northern soul,R&B/Soul
2xVsrAmTyLeCvOvPqTo767,Jaydee,42,https://i.scdn.co/image/ab6761610000e5ebdbba229fc4047103a7dc1218,acid house,House & EDM
4h5NL4qMX8cHrfbUT1j99U,Luis Villegas,38,https://i.scdn.co/image/ab6761610000e5eb73ba5f9dc75c054ad7bfbbb4,flamenco,World/Traditional
63j31XAxmf2q9zK4qCCD0u,SW,22,https://i.scdn.co/image/ab67616d0000b273f196d1b058ef0e18614c92ae,Electronic,House & EDM
0emf9Ah5yNpbvhS49Bl3zt,Christopher Bear,40,https://i.scdn.co/image/ab6761610000e5eb0e226952d5af85bce633f737,,Unlisted
2UqjDAXnDxejEyE0CzfUrZ,Robert Schumann,65,https://i.scdn.co/image/795f15e4d860456a306055ccc995075c5dad9fa6,classical piano,Classical/Orchestral
3qwabfaWewpfli7hMNM3O8,Róisín Murphy,56,https://i.scdn.co/image/ab6761610000e5eb3e8c7567d63a90e8e5546e00,art pop,Pop
2qRCCNXQcF3aZofRrCPozH,Tyra Banks,20,https://i.scdn.co/image/ab67616d0000b273b7da3093934ee07bb0138d99,Pop,Pop
65FVZ7Q3XOY9BXxJo9FUy9,Frank Anderson,7,,rocksteady,Reggae/Caribbean
1FpQePOviBLxEaMUfwd3AV,George Wilkins,26,https://i.scdn.co/image/ab67616d0000b273a0ff7838b97edb8a80de4485,Classical,Classical/Orchestral
2qnpHrOzdmOo1S4ox3j17x,Turnstile,71,https://i.scdn.co/image/ab6761610000e5eba4c3fd0017b42344516dc16c,hardcore punk,Punk/Hardcore
5BDD88TGgMwxXsNtWj9QKE,Maurice Winnick,10,https://i.scdn.co/image/ab67616d0000b273457f3a59c8b43648fa624c55,Jazz,Jazz
72eP0W3rIhkxd0NHGg4w4u,B*Witched,49,https://i.scdn.co/image/ab6761610000e5ebaf22f1ffb0c210b85d7f45ba,Pop,Pop
0LA9sr6AOIE7Gpo6HTrRQt,Barbara Stant,12,https://i.scdn.co/image/ab6761610000e5ebadc96cc1b119c91d3cfdaa0e,northern soul,R&B/Soul
7ctAOUlIAs7yuMODWE2Fyz,John Barry,60,https://i.scdn.co/image/a342b5af4a422d347860dc581714131f16f9c900,Stage & Screen,Soundtrack/Instrumental
5onPoueRGS17tA2CcceUiz,"The Reds, Pinks and Purples",29,https://i.scdn.co/image/ab6761610000e5ebaac1ad37930857eabe75c63e,jangle pop,Pop
1YRBRIN8d5Xa6vU1OKUc4t,Reigning Sound,29,https://i.scdn.co/image/ab6761610000e5eb025fc5ed7f9247c6d049ed2e,garage rock,Rock
19PcAMFuV5N5B5aj6I8CiU,The Rouse Brothers,7,https://i.scdn.co/image/ab67616d0000b2736ab8ac9a13711bdee5784907,bluegrass,Country/Americana
7LOW1cB3NuRxZsxIo7g05p,Jon Bap,23,https://i.scdn.co/image/ab6761610000e5eb6160b6329788bf7fc89ad0fb,bedroom pop,Pop
2LzGweG3iEJCni35tLQnL5,Martin Hayes Quartet,32,https://i.scdn.co/image/ab6761610000e5eb5fb78829f99806726489cdb8,celtic,Folk/Acoustic
3oAbjWINfcTSAuVUlXXMty,Steve Forbert,46,https://i.scdn.co/image/ab6761610000e5eb435c0c8dbd72af2a4c632d47,singer-songwriter,Folk/Acoustic
28TWIpfM0tJzuNBWeUvTvt,Karin Krog,23,https://i.scdn.co/image/ab6772690000c46ccc89bcb0f6601e04167412a9,vocal jazz,Jazz
2fLCjXwadBsnYmn05uxFpi,Wideboys,44,https://i.scdn.co/image/ab6761610000e5eb8d19eb96087cbace3b99ab36,uk garage,Garage & Breaks
3LQBqEwmSfckkUPUAtvyCE,Android,3,https://i.scdn.co/image/ab67616d0000b273f119e976b2e0782671760550,acid techno,Techno & Trance
7aahKjnlKdFO5pnKUyQ9lt,Frank Proffitt,23,https://i.scdn.co/image/ab67616d0000b2732fc6389e1cd586567be05f68,traditional folk,Folk/Acoustic
4eKCPGIfkLJDtPS0FI47Ob,"Julie Driscoll, Brian Auger & The Trinity",23,https://i.scdn.co/image/ab67616d0000b27334494e383908e79e3f2bf6d6,acid rock,Rock
1ZJlXFkFDBsjSuYyjVcMkk,Chali 2na,52,https://i.scdn.co/image/ab6761610000e5eb6131b2a2e2603da3c5b17a65,Hip Hop,Hip Hop/Rap
0anA8vLvAey7MO0uVx93ch,Christian Smith and John Selway,0,,dub techno,Techno & Trance
3VNITwohbvU5Wuy5PC6dsI,Kool & The Gang,71,https://i.scdn.co/image/ab6761610000e5eb69287c3f1b150bbead642499,disco,Funk/Disco
5OYSHHotjwf4mRVjtoDL6Q,Sensational Saints,17,https://i.scdn.co/image/ab6761610000e5eb305c1027dd8f7d115b1ad44c,Funk / Soul,Funk/Disco
3IunaFjvNKj98JW89JYv9u,The Japanese House,63,https://i.scdn.co/image/ab6761610000e5eb8de9980dfb508eede9e2fc46,Electronic,House & EDM
2ayLcJ3HBefNHlPrFQnp8t,White Magic,17,https://i.scdn.co/image/ab6772690000c46cc9e0236fce5da4739b2336e1,Rock,Rock
3jrgftS3TYbNxcPt5itKhz,Robbie Dupree,50,https://i.scdn.co/image/cd92039e46c27141172de070dc596470badc756c,yacht rock,Rock
2jW8DcJLujtIgktWhDcB4L,Freddy Fresh,19,https://i.scdn.co/image/ab6761610000e5ebba7a33b186f3d48a40aafbdd,big beat,House & EDM
71uGKB11tJQ1uuLLppcHDj,Hiroshi Sato,37,https://i.scdn.co/image/ab67616d0000b273cee7dad256352b487691471e,city pop,Pop
0IF46mUS8NXjgHabxk2MCM,Kelis,69,https://i.scdn.co/image/ab6761610000e5ebd1222863c4217cf03dde3613,Electronic,House & EDM
3LPgSuOiE17GPcZ4ACDwlL,Spike Jones & His City Slickers,19,https://i.scdn.co/image/ab67616d0000b273260c844af4325aaa0b08570e,comedy,Novelty/Spoken Word
6jdObwsrIjSRnBbMw6lPBj,Seals and Crofts,60,https://i.scdn.co/image/7e0eb81433b92ae11894a35a53aa870be824d772,yacht rock,Rock
1Z2j4RL5TKaBAZAsAmsf6H,Leslie Phillips,26,https://i.scdn.co/image/ab67616d0000b2737c155d96273d508b61631612,ccm,R&B/Soul
3U0XKbJ77cRnBqD8dfo7EI,Wells Fargo,25,https://i.scdn.co/image/eec9b08e36f6f79cf980be0e812268e697969993,Rock,Rock
49gaZqfow2v8EEQmjGyEIw,Todd Terje,47,https://i.scdn.co/image/ab6772690000c46cee826f3090c979fb0772e925,nu disco,Funk/Disco
7buoKEq79bx7gcdUADGTn7,The Social Harp Singers,2,https://i.scdn.co/image/ab67616d0000b273352a6bb05bc2044cb419097e,traditional folk,Folk/Acoustic
3p0pyIg0BCyTXdrKueDeA5,Tchan-Tchou Vidal,34,https://i.scdn.co/image/ab67616d0000b273bced3d999944351fc7b4f812,french jazz,Jazz
1Bl6wpkWCQ4KVgnASpvzzA,BROCKHAMPTON,65,https://i.scdn.co/image/ab6761610000e5eb5685a95f87c28ae5efc5ba48,Hip Hop,Hip Hop/Rap
0GLjY74A6lDzGCGg2J73aq,The Dukes Of Dixieland,27,https://i.scdn.co/image/ab67616d0000b27398910d894159bd27b68cbd67,ragtime,Jazz
7dB5TtNG9BHNj4QCfS0SQg,L'objectif,19,https://i.scdn.co/image/ab6761610000e5eb5d26eac0decf7230eb2b5a0c,Rock,Rock
4GNC7GD6oZMSxPGyXy4MNB,Lewis Capaldi,83,https://i.scdn.co/image/ab6761610000e5ebdc9e707b0d0e591e08d3f549,soft pop,Unlisted
4NMkJqM1SsQP3gk81cqk6K,The Strangeloves,28,https://i.scdn.co/image/ab67616d0000b2736d7a257b43b32f1144f14752,garage rock,Rock
5PRWbPr1SH9b9zqud4vM63,MC Det,25,https://i.scdn.co/image/ab6761610000e5eb894b5dd3f6c20ae19c540e09,drum and bass,Bass Music
0faVPXr9Sui0OWJl2hRDQT,33EMYBW,12,https://i.scdn.co/image/ab67616d0000b27377291772a21defba29e2edc1,experimental,Ambient & Experimental Electronic
2ovLtXUsz5S36A6c05aZK7,Alicja Haney,0,,,Unlisted
2q0Rkp6Ud5XxPTCkCCdbYr,Eduardo di Capua,47,https://i.scdn.co/image/ab67616d0000b273f80bbaeba06d02e8d3c12d99,canzone napoletana,World/Traditional
1wAvVTxYw932BnBO5JhrXJ,Josef K,22,https://i.scdn.co/image/ab6772690000c46cd9703d5767268ce7c25194e1,post-punk,Rock
4fOmK4wC7JC2WxlXYEJEAb,Adam Mcfarlane,0,,,Unlisted
2xJ2HMpwwLY36bkjT6sJkD,Don Byron,27,https://i.scdn.co/image/0a72c1ea4911d8555bfba7d83f274a73c53dde26,free jazz,Jazz
0bAeQmINDYmRHqKB0qZF6Z,Riley Baugus,21,https://i.scdn.co/image/ab67616d0000b2737bd8c20681433e27106d7caa,bluegrass,Country/Americana
7JjgGzq5j7CBkglcvQ48vq,Best Friends Club,22,https://i.scdn.co/image/ab6761610000e5eb2d4bee43cffed38abf4ed49a,lo-fi house,House & EDM
4fn1yImBiyeSyGflDiNKpU,Amy Annelle,25,https://i.scdn.co/image/ab6761610000e5eb9e8753df3f878d28d1c96725,Rock,Rock
5TZNvC6pnkFTjNpJWlfwdU,Dead Fingers,14,https://i.scdn.co/image/ab67616d0000b273d30fc54ef5f42313f8f738f1,Rock,Rock
12Nel57d8Ix24ACCvYuCT0,Brad Leftwich & The Humdingers,6,https://i.scdn.co/image/ab6761610000e5ebea558be130344e9c92b6fdf5,bluegrass,Country/Americana
2tEwhtbQ13QvuhsFPMmd6G,spreadsheets,6,https://i.scdn.co/image/ab6761610000e5eb7406b616e3ed8d97c3ff9f76,Electronic,House & EDM
6AQxkjJQfz7CNjwZ5CTqJX,The Mystery Lights,52,https://i.scdn.co/image/ab6761610000e5eb9a9e0a262e60bca57ef67113,neo-psychedelic,Rock
1rvnJJghrxl1xakJZct08m,Sam Ryder,54,https://i.scdn.co/image/ab6761610000e5eb70dc1c601e7e1067525869f5,Pop,Pop
48elQHSJ3DmffHQpf89jxX,Group Home,45,https://i.scdn.co/image/ab67616d0000b27350a8b929d44ff747f193dd6d,east coast hip hop,Hip Hop/Rap
5o8Wylae9k23IEJMIiwd8s,The Antlers,44,https://i.scdn.co/image/ab6761610000e5ebc895bab272e6094a48046817,Rock,Rock
3X7yeRPAqw2O76f84A2r9U,Frederick Knight,22,https://i.scdn.co/image/ab67616d0000b273587ab64e04b22b8abf8a71ab,classic soul,R&B/Soul
2PJEagPIxaBugeMjIyKVXF,Aitch,68,https://i.scdn.co/image/ab6761610000e5eb810b2386d4b453cfd653d802,grime,Bass Music
2HrnWNplSXSbwjlRdcDQkB,Susan Christie,26,https://i.scdn.co/image/ab67616d0000b2735cb48bc44828011ea33fa583,Rock,Rock
1aLfVgwt8eBrpvHcutWmqe,The Nor'easters,30,https://i.scdn.co/image/ab6761610000e5eb8c4a9d4a5f8004ad4d0195aa,,Unlisted
7Ji05Hs29f7TP7DctMkm1d,Vilhelm Bromander,13,https://i.scdn.co/image/ab6761610000e5eb6f84f591485e09659c5b6855,free jazz,Jazz
5s52J0wTa9B4YFG39iqXny,Eddie Fowlkes,15,https://i.scdn.co/image/ab6761610000e5eb6c96a9edf5ae9e0523bab05b,techno,Techno & Trance
1eIplU9Tirv31ciSwMlPrl,Siobhan Miller,44,https://i.scdn.co/image/ab6761610000e5eb13ecdcb64d8dd07b49d68dfa,celtic,Folk/Acoustic
3s6o8vxtYJ1utkWl8EXxUp,Nels Cline,32,https://i.scdn.co/image/ab6761610000e5eb668616149c985a50019fb6d1,free jazz,Jazz
0XfcR8jVPEm77dOJEN9tvq,Cooly G,15,https://i.scdn.co/image/ab6761610000e5eb2a2ce20ac99fdf714893219e,uk funky,Bass Music
7ei2hgJmSk49f16vx2bM8J,Silver Disco Explosion,27,https://i.scdn.co/image/ab67616d0000b273b872325c3dc9936410b53011,disco,Funk/Disco
14UQmxJzeKtmgYzJ1sEJdi,Oblivians,26,https://i.scdn.co/image/ab67616d0000b27391bd4d054d5bcec4cedccf37,garage rock,Rock
5F5FJHv7sDl2R1mmbIMNMM,Electric Groove Machine,15,https://i.scdn.co/image/ab67616d0000b273f74707e27b2396a1ef6c89a6,northern soul,R&B/Soul
1n02UdnML6G4wR162YsSRi,Nikki Yanofsky,39,https://i.scdn.co/image/ab6761610000e5eb9ed74ac39e4cb991108b4ee9,vocal jazz,Jazz
6XpaIBNiVzIetEPCWDvAFP,Whitney Houston,79,https://i.scdn.co/image/ab6761610000e5ebcd9f60ab57585bf3b77ecc51,Electronic,House & EDM
5hfOHpGMsi8O3DA0ROLGqF,James Gang,48,https://i.scdn.co/image/b7accd8373ed5f6b920ef11d6c1609761cc8ac60,classic rock,Rock
6b5Hxvp7SWlJY5uUrRlzx4,The Heptones,44,https://i.scdn.co/image/ab67616d0000b27384b3e8b3833feb5f34332f71,rocksteady,Reggae/Caribbean
2k55GlZ4XckJwuYEQ4HJAO,7038634357,31,https://i.scdn.co/image/ab6761610000e5eb5c6558412f17afb4686bff30,experimental,Ambient & Experimental Electronic
00tVTdpEhQQw1bqdu8RCx2,Blue Öyster Cult,66,https://i.scdn.co/image/ab6761610000e5eba50ccc99f741a7899654bc16,classic rock,Rock
7mGAKHKhaFI5lq2EQVh48F,Prettiest Eyes,11,https://i.scdn.co/image/ab6761610000e5eb6312ce2871358c8988849b37,egg punk,Punk/Hardcore
5HS4BCPnb2zYSwsmXunf8d,The Golden Dregs,27,https://i.scdn.co/image/ab6761610000e5ebd36647794b2edc20cc8fd6a6,Rock,Rock
6neRQxL2y2KKIrOCt7x5NQ,Ex-Cult,15,https://i.scdn.co/image/3736a6c6d95e13b62b96e144d54d040b9e8a22a1,egg punk,Punk/Hardcore
5bt1p0ybrvQPJwt4YINGTF,Renato Carosone,51,https://i.scdn.co/image/4cff151c8cd1ea59968eda52f72feb9a54c4eeca,canzone napoletana,World/Traditional
2hgCDEv4mfDuEkr9M3wLaV,The Creation,30,https://i.scdn.co/image/ab6761610000e5eb527f581355d57e67af01b96b,proto-punk,Punk/Hardcore
7y33enVLfDvft6HGNmcxdV,Pedro Infante,67,https://i.scdn.co/image/ab6761610000e5eb3783f1a7b601a7421915ebce,ranchera,Latin
4kgIlus6ToyP9mUHoIvLtc,Tiny Vipers,16,https://i.scdn.co/image/ab6761610000e5ebb6ed7b1fee09be16798b3c2c,slowcore,Alternative/Indie
1oDbLbJSRUBBOp9SU6NOjI,Count Von Count,42,https://i.scdn.co/image/ab6761610000e5eb3c440e8ded13dd10533a22fa,children's music,Novelty/Spoken Word
1mC0FqPLboQUFfxYuthfdn,Jozef Van Wissem,36,https://i.scdn.co/image/ab6761610000e5ebd1214a3f8a1632f9ebc928e4,Electronic,House & EDM
7JFC5MXXlrT7sSX7vst4Vf,Hot Lunch,20,https://i.scdn.co/image/ab67616d0000b273bfaf60d80223b3920631adfe,stoner rock,Rock
1baJfj5CCxPO9VEzlGSBLm,Grigoris Bithikotsis,44,https://i.scdn.co/image/ab67616d0000b27318b865b213af4ddeef00d208,laïko,Unlisted
4fEkbug6kZzzJ8eYX6Kbbp,KK,81,https://i.scdn.co/image/ab6761610000e5ebb09a31f853166e721d4d46b2,bollywood,Soundtrack/Instrumental
5j2d5CS0sh2LTpFsrKAFcW,Marisa Anderson,38,https://i.scdn.co/image/ab6761610000e5eb64e119174afcdee0196bd144,ambient folk,Folk/Acoustic
7nrxbXekCLrFwmF4J3pz7o,Rocket Juice & The Moon,31,https://i.scdn.co/image/f68bc2a706c56b0ee5b24e9beb82d9b4d4b70618,azonto,World/Traditional
30orN5PtRhj9fN2Myr8HKV,Harry Simeone Chorale,33,https://i.scdn.co/image/ab67616d0000b273a9704a090d7c0675f9c67977,christmas,Jazz
5c4wQaXkNDqSOTjqX4ExAu,Jenni Rivera,71,https://i.scdn.co/image/ab6761610000e5ebe5450f0fac6cd3b3d83dd8b6,banda,Latin
1giPBWN0VDXGhXEIROGhvM,Linda Perhacs,46,https://i.scdn.co/image/c3c303686b9bad23900b3ff5dd5ab1a107dbc601,Pop,Pop
5dlzTgw97q5k5ws89Ww1UK,Gaelic Storm,45,https://i.scdn.co/image/ab6761610000e5eb876bc171739ace0bca6089c6,celtic,Folk/Acoustic
4zOw0E0NA7B4lIYyc3XNt5,Kingswood,41,https://i.scdn.co/image/ab6761610000e5eb2ed445fdbc99c127f4a9ef7b,Rock,Rock
51SJkIsJQ3UFQRT3zcwYIx,Duncan Browne,25,https://i.scdn.co/image/adccefb43cf79c3cc269cb86b86db0be82006ec2,baroque pop,Pop
69qhRLDvsWJOhWGXXQ0lQQ,Helado Negro,48,https://i.scdn.co/image/ab6761610000e5eb1e34a267ce2fe4f089db71ec,latin alternative,Latin
4O8NcI06slOnzcloI95qfe,John Phillips,14,https://i.scdn.co/image/e9567079da04bf962c608d5a66b905b40457a878,Rock,Rock
1TA2u2QNYt7wxULMk9uPnZ,Ike Bennett & The Crystalites,12,,rocksteady,Reggae/Caribbean
3pBRcbWKXI0PmYQ42GxPCk,The Jewish Starlight Orchestra,39,https://i.scdn.co/image/ab67616d0000b273d4626a41ee23bdb49d89d56b,traditional music,Unlisted
2aSQWCI5yCT8lHd7Mf9irY,Compulsive Gamblers,23,https://i.scdn.co/image/ab67616d0000b2737d0cfcf82d60e4c38662c0e9,garage rock,Rock
4Qz9OgdlxVjgUPFHT2oGzR,Hooded Fang,27,https://i.scdn.co/image/d2969b11199e15403e28311eb7126351d6c406ad,garage rock,Rock
6IE6z7DcZIT4Ml3Fh5Ivch,Selena,73,https://i.scdn.co/image/ab6761610000e5eba124102446e58b6eb0027a3d,tejano,Latin
74NBPbyyftqJ4SpDZ4c1Ed,Tom Morello,67,https://i.scdn.co/image/ab6761610000e5eba824aca6e278acca89bc406b,Rock,Rock
77xJf67Cuu7UPJgJoClESG,The Pink Stones,29,https://i.scdn.co/image/ab6761610000e5ebeb0f050479c99d65047b2516,alt country,Country/Americana
63T2P0nIRzAj4rCSwnSC8J,The Lively Ones,41,https://i.scdn.co/image/ab67616d0000b273b731d61e7e5f230c706a06f0,surf rock,Rock
2rDxtYUzTAYJJE3Bl3Z5IN,Jeff Tweedy,55,https://i.scdn.co/image/ab6761610000e5eb734c4de65b3a168dada1388f,alt country,Country/Americana
6I8C4iLc0yInhVMtRjGc1U,Anastasia Avra,15,https://i.scdn.co/image/ab67616d0000b27374e92d21530e0dda72ea5174,entehno,World/Traditional
6n7nd5iceYpXVwcx8VPpxF,Antonín Dvořák,63,https://i.scdn.co/image/f1cd0eea7fb3b75bfad16a10af1dc0dd0763efba,classical,Classical/Orchestral
4HQfLwDN0RuR9rK7Q0Pwtc,Len Stevens,7,https://i.scdn.co/image/ab67616d0000b273c2fb763f78c44c5a924d718b,Stage & Screen,Soundtrack/Instrumental
6iDI0sHLIeFIkZk6BKJBVQ,Maximum Love,43,https://i.scdn.co/image/ab6761610000e5eb5d9ed3c71d3cce077b9501a2,synthwave,Pop
36vHa15dnO4N8mizPr1uj1,The Knights of Forty First Street,2,,retro soul,R&B/Soul
2VIoWte1HPDbZ2WqHd2La7,The Turtles,61,https://i.scdn.co/image/1065764f6bfae289f03651c9927dbd84eabae766,Rock,Rock
3mSAqBoXQgdlpwzWsIgBzL,Merle Haggard & The Strangers,53,https://i.scdn.co/image/ab67616d0000b273915793347f4c2890b967552c,classic country,Country/Americana
6CHwWy11LFSXNXnuxS6RnJ,Sunforest,29,https://i.scdn.co/image/ab67616d0000b273a9e318dea9cb6ad3b608eebc,medieval,Classical/Orchestral
7gQNLR8mykA1KjGClbPYHe,MNDR,44,https://i.scdn.co/image/ab6761610000e5eb9b6658185724a92cb2ddc4dc,Electronic,House & EDM
7sz6bDQFBV3wCdidLrfev1,hamma,15,https://i.scdn.co/image/ab6761610000e5ebf0b9911e4e7a173d9928260d,j-rap,Hip Hop/Rap
0RwXnFrEoI8tltFvYpJgP6,Confidence Man,58,https://i.scdn.co/image/ab6761610000e5eb8cb8fe9483451962ad649d16,Electronic,House & EDM
32jrK8iaARJvXrYarVcvZK,Rashad,13,https://i.scdn.co/image/ab6761610000e5ebd3e7b46c4fd41063f8eb1b19,Hip Hop,Hip Hop/Rap
6YWdHD3R863Apw1hkx3BwC,Dan Auerbach,57,https://i.scdn.co/image/ab6761610000e5eb5c5f8eacedce9594b33ea8d3,blues rock,Blues
5gYc0WysYnrX6D98zEcEAb,Rupert Clervaux,10,https://i.scdn.co/image/ab6761610000e5eb6aef1b6409bd521644b3a518,glitch,Ambient & Experimental Electronic
4IVlorYhuVoIUWg6HVx6DK,Stefano Noferini,31,https://i.scdn.co/image/ab6761610000e5eb2a84fc39b94d311d29b3a77c,tech house,House & EDM
05eY3BZrosgFI2WMWpRoUs,D'Marc Cantu,7,https://i.scdn.co/image/ab67616d0000b273150df784564687962cdf5dd2,acid house,House & EDM
0NrVrf231eji48nhNUJTXe,Laura Misch,37,https://i.scdn.co/image/ab6761610000e5ebed2fc3b829ded900a52196b5,indie jazz,Jazz
6XcJCz7dqlBOyZ0b57SyQp,Infinity Frequencies,50,https://i.scdn.co/image/ab6761610000e5ebd4f36f383f9c9c3851872f19,vaporwave,Ambient & Experimental Electronic
4nts0oxMT67lVUoi5Kjxrb,Solomon Burke,58,https://i.scdn.co/image/ab6772690000c46c032ff716cd74e4faeba42330,soul,R&B/Soul
7LO9JgJitsPExiZcDyVzm1,Binker Golding,23,https://i.scdn.co/image/ab6761610000e5eb7f305f7c07b782765d60969b,free jazz,Jazz
75AtW19Qf04ndoOTrwvxeo,Sd Laika,19,https://i.scdn.co/image/410b996bb1dc2b9ea0463d20612931ade9952b73,idm,Ambient & Experimental Electronic
4Ol9S3QuVEVdbXfSjM6ZdQ,The Shouting Matches,31,https://i.scdn.co/image/ab6772690000c46cb694401d19da4bc1da0584e4,blues rock,Blues
0sN4enVJwylJKEXZlSbgsm,Mose Allison,41,https://i.scdn.co/image/ab6772690000c46c7c44852bb5f6cb05561efcca,vocal jazz,Jazz
19tV4gcKz3Yu2stM1v5mvt,The Abstract Eye,8,https://i.scdn.co/image/ab6761610000e5eb214620fb3ec6a8a64acfb0a3,Electronic,House & EDM
1ZUMNqd7GkMq58qxvEzRSo,Roy of the Ravers,23,https://i.scdn.co/image/ab67616d0000b273e26f8d017ab72e1fd2241402,acid house,House & EDM
6ihLfpY3cmdGyWEnItn30w,257ers,56,https://i.scdn.co/image/ab6761610000e5eb2080a8b99835d7253d3e0b33,german hip hop,Hip Hop/Rap
50zRydJXfkLzGIOj9mITfy,Jan Hammer,50,https://i.scdn.co/image/357006def28d46afdb2fcff31bf8f6b69f2fdc32,jazz fusion,Jazz
0aeLcja6hKzb7Uz2ou7ulP,Noah And The Whale,59,https://i.scdn.co/image/76ea79b6425f380ffe66f1665881529a15213a5d,Rock,Rock
1qHR9DMfOJQjvWLEfMZQlG,Beat Happening,32,https://i.scdn.co/image/ab6772690000c46c63c481923f952e4212eef648,jangle pop,Pop
73MDShZzdL4vUGMkmXOG6X,Haley Heynderickx,56,https://i.scdn.co/image/ab6761610000e5ebfc16d138f217def8c931ffda,"Folk, World, & Country",Folk/Acoustic
61JrslREXq98hurYL2hYoc,Lata Mangeshkar,80,https://i.scdn.co/image/ab6761610000e5eba0199b159c0c5a9f62333d32,ghazal,World/Traditional
5ydFZ5oZLBnFy6WLQ4QKA6,Superheart,27,https://i.scdn.co/image/ab6761610000e5eb4f8b03aafe4091da3c9e8e87,,Unlisted
3VwKSHAfgzV1DOHV0aANCI,TOKiMONSTA,52,https://i.scdn.co/image/ab6761610000e5ebbecc71dfce49dd7304261813,Electronic,House & EDM
7CfyXrIeIEd05s0nEPvjW1,Bola Johnson,28,https://i.scdn.co/image/91669ac50a81cc06b8f7a9df427e512a91a55287,highlife,World/Traditional
6jTnpaDjHOi356p7xEKSOp,Maxi Curnow,4,https://i.scdn.co/image/ab6761610000e5eb52d424dfeaee3d0b0ebe1d52,djent,Metal
1PWbiGBEBaiLJI0Lvhnoha,Doug Carn,20,https://i.scdn.co/image/ab67616d0000b273e3b714e84e046d0963d5b7bf,jazz funk,Jazz
08jywfUS0hp8XYlYs0cvz8,Rampa,71,https://i.scdn.co/image/ab6761610000e5eb350efff32f3a579155fe40d2,afro house,House & EDM
3cqmfTtaMptkIbkNHqg20j,Klezmer Nova,1,https://i.scdn.co/image/ab67616d0000b2734c9ae0b41fc7eeaf1046a319,"Folk, World, & Country",Folk/Acoustic
6d7UruACLX6g4noTJZXZhx,S. Moreira,4,https://i.scdn.co/image/ab67616d0000b2738f95fb41ea464ab64f596654,minimal techno,Techno & Trance
3RLTiPRfyM739vR6UnjxaN,Backdraft,2,https://i.scdn.co/image/ab67616d0000b273bf274bea62fd5ad2c840d49e,rockabilly,Rock
7EkKwcqYPySE4sq6H4wjae,Neil Richardson,26,https://i.scdn.co/image/ab67616d0000b2732b5012814484f42c9047fe8b,Pop,Pop
2aJC0GVDp9BwwQgXUjZ65K,Shorty Long,10,https://i.scdn.co/image/ab67616d0000b27311abeaa6b08dcf70b42821b4,Funk / Soul,Funk/Disco
7BIXafmacnax46P30TEzNz,Krishna Das,56,https://i.scdn.co/image/d2e3faa7399d510598224c12c0229f1b68e5fb9b,bhajan,World/Traditional
620OB54yrIruI9dcHX41zT,Sir Spyro,39,https://i.scdn.co/image/ab6761610000e5eba084c14d03db65798e13171f,grime,Bass Music
3dYplmcYMCl0H5ziKtwdIT,Madalyn Merkey,6,https://i.scdn.co/image/ab67616d0000b27329f5bc7081797f6213c08672,Electronic,House & EDM
3xA9AB0f4BVjsSlyQc12iE,Mclusky,36,https://i.scdn.co/image/ab6761610000e5ebcde2e1837bea54007402a4bb,noise rock,Alternative/Indie
5gGclNz3oUzveLp5rT36vq,Workidz,1,https://i.scdn.co/image/ab67616d0000b2730825d7dd6bca88d2f6cbf835,Electronic,House & EDM
6uLY5RJflqxjhRMLLeEsxZ,The Rileys,3,https://i.scdn.co/image/ab67616d0000b2731ba0e1b54a212e089b3eae37,Rock,Rock
2pCXhtV4s2jUNknWTHsKfj,Greece 2000,5,https://i.scdn.co/image/ab67616d0000b2732d63adb78ba6d5b707f40d56,progressive trance,Techno & Trance
2mflSlnegn3rBmzsh08OcN,The Boswell Sisters,34,https://i.scdn.co/image/ab67616d0000b273a15854a2443c0d3df02abd2c,big band,Jazz
6zB02lwP6L6ZH32nggQiJT,They Might Be Giants,59,https://i.scdn.co/image/ab6761610000e5eb58a23d8012a3ae72d73e9d10,Rock,Rock
1e16kiJQtCTveTl7TQnkFN,Scary Pockets,54,https://i.scdn.co/image/ab6761610000e5ebd3768b9a36bf6d375d6919d7,funk,Funk/Disco
2ctwc8mjxxPLK9dbn6jjp6,Puce Mary,20,https://i.scdn.co/image/ab6761610000e5eb9647cacaeeaf4f7f612977b4,experimental,Ambient & Experimental Electronic
3TXQ1ddouwQAI78hV4hXDj,Maceo Plex,51,https://i.scdn.co/image/ab6761610000e5eb29bba14d1313c8a3f5818552,melodic techno,Techno & Trance
073Ep3gcCHjJ3PnRB2nYDJ,Blue Mondays,7,https://i.scdn.co/image/ab6761610000e5eb9d128034f5cd68c04279a693,Electronic,House & EDM
218pLy5tj6iFQ4e6c2ije6,Nicole Mitchell,12,https://i.scdn.co/image/ab6761610000e5eb3b7dcddd6acd8b5ea8b1258f,free jazz,Jazz
0ucLPotcQNI7AViFytdhBz,Ladytron,51,https://i.scdn.co/image/ab6761610000e5ebb948a9242e7ff017fb0d1173,electroclash,House & EDM
3QhNv79NoIvarU6N57GBzL,Miss Kittin,46,https://i.scdn.co/image/ab6761610000e5eb00c5ff6ec17bc11956ee0405,electroclash,House & EDM
3Z7thZHrtFvqp8OpPffPKp,Propellerheads,44,https://i.scdn.co/image/e6b24e7bb959dc4a78c161c390d64ef3430a8c3a,big beat,House & EDM
4EySud7Ww0GNvkwhRYZHLV,Chicks On Speed,32,https://i.scdn.co/image/ab6761610000e5ebae82b6939979ddd244c1b7ac,electroclash,House & EDM
2MS8Aeh2jTfqu1VhRZ4x1P,Les Petits Pilous,12,https://i.scdn.co/image/ab67616d0000b27379ed57a7ba1bdec321e26dad,electroclash,House & EDM
02zMQvIvPXbVOLDdFqbFUn,Les Rythmes Digitales,29,https://i.scdn.co/image/ab67616d0000b27363f70bdd1cc4257c79fa4e46,french house,House & EDM
7f8YjXIXYXMDWaYCICYUUD,Identified Patient,25,https://i.scdn.co/image/ab6761610000e5eb4893e9508a63207a346cac51,ebm,Ambient & Experimental Electronic
4UtxjtibxaFrpvxq6PZ0Yp,Wevie Stonder,13,https://i.scdn.co/image/ab6761610000e5eb988552519785d45ec801d19d,idm,Ambient & Experimental Electronic
6NOvBZrkd83MSD51xkq4on,Elephant Man,55,https://i.scdn.co/image/34d511cb4ddbf32bc882f904255d8d4cda721ecc,dancehall,Reggae/Caribbean
7wU2WGCJ8HxkekHHE2QLul,Fuego,63,https://i.scdn.co/image/ab6761610000e5ebe8cd41c3e80ba7e50a263e9f,trap latino,Latin
0yXl2A6N7MJSsp298PF2pJ,Juan V,3,https://i.scdn.co/image/ab67616d0000b273d57727511e6036d977b2f4dc,Electronic,House & EDM
06h5xeeCDip3usS3go9zjI,The Subs,36,https://i.scdn.co/image/ab6761610000e5eb4fde6da2f485d19d46d74565,Electronic,House & EDM
5rIXueJu7zVE2gDZjUM6g8,Pop Will Eat Itself,38,https://i.scdn.co/image/ab6761610000e5eb4ad6e63a5e2eec64a56825b6,industrial rock,Rock
7fzX8WLEcy00tUB0aIHSMI,Ceasefire,11,https://i.scdn.co/image/ab67616d0000b273872a17d9851c7c19692f1766,big beat,House & EDM
69d3gmnnSi2WPQ9ISplpia,Rich Kids,16,https://i.scdn.co/image/ab67616d0000b27344b9654fa1d27a24a7e5b801,power pop,Rock
7vFpNLbCXbBFs4kFBUlkSl,Zombie Nation,50,https://i.scdn.co/image/ab6772690000c46c1f935db9be39c8816ff49e4a,Electronic,House & EDM
2amyu5pkgYMYdNQZmB3GgY,Dog Blood,36,https://i.scdn.co/image/ab6761610000e5eb23c3bd069a1bee32bbc2225c,bass house,House & EDM
2zrZfs23sjuHDv4E6YRmNf,Kris Kross,53,https://i.scdn.co/image/99b90f147f450c59522dd3d8c70b7f580f96433e,Hip Hop,Hip Hop/Rap
421A23lYymEUE6SozCfWbr,Johnny Thunders,35,https://i.scdn.co/image/049bb203bcd0aeb0f4dc749c03993092d401fb12,proto-punk,Punk/Hardcore
0ZybdCfiOV4Q6Na1BpuYjv,Shadow Dancer,8,https://i.scdn.co/image/ab67616d0000b27309feb221b0cc17f40b4a5b06,acid house,House & EDM
1lszP2VgNvCCzMc9uroSZ4,SHAKED,7,https://i.scdn.co/image/ab6761610000e5ebff878a8a959cdb754c390eed,Electronic,House & EDM
4jX0r7SundGTjmwVqnnWMh,Global Sound System,7,https://i.scdn.co/image/ab67616d0000b273b9c4a6eab9a7fe0e831d3cdf,,Unlisted
4n9uJMGElQs1ZwNJQ4rOa3,Rydims,0,,Electronic,House & EDM
0UF7XLthtbSF2Eur7559oV,Kavinsky,64,https://i.scdn.co/image/ab6761610000e5eb2dc7b3180bad1885c6ee1320,synthwave,Pop
2UHOxilPkRsyFp4EQu8Sq4,Cinnaman,12,https://i.scdn.co/image/ab6761610000e5ebe9227cbfc90cdcd21e85c8fb,Electronic,House & EDM
1YKFD3qeH0TeGJcvVRDSJT,Strip Steve,10,https://i.scdn.co/image/a2225ce3ff4d1683c9b64a014cad268637d450d2,french house,House & EDM
3d1jQ9OG2p2PW3rzzTspDY,Giuseppe Sinopoli,49,https://i.scdn.co/image/6e844b849e1a6fa61b459650905912488e82830a,opera,Classical/Orchestral
0Z2EpubIhxnq4B6PV0I8n3,Christian Smith,33,https://i.scdn.co/image/ab6761610000e5ebb71f28bfe6290bdd26e5c2f4,techno,Techno & Trance
46TYNnrpqzYjm5HjaMBVhj,Solvent,19,https://i.scdn.co/image/3435928191b16152e456fb97d2c329f367f5b73f,electroclash,House & EDM
6lLYZf9GpSq6Pf09g2N2xK,Wreckx-N-Effect,47,https://i.scdn.co/image/ab6772690000c46cdace13e16c98ea9e2eb9f644,new jack swing,R&B/Soul
3hciB8bkQeECakkTWmrPEH,San Proper,18,https://i.scdn.co/image/ab6761610000e5ebeecf2547ccb62e1b29a04123,Electronic,House & EDM
18RkLKfeoUgZflWv9os25W,Miriam Makeba,49,https://i.scdn.co/image/c7a7a8e4429150e1dc141f84772398f33f8efb35,afropop,World/Traditional
6IYhQUa20ru5eYoFYeQurx,Headless Chickens,27,https://i.scdn.co/image/ab67616d0000b27334f29338bd25a1b4b5f13c34,Rock,Rock
12tZvy2xFpWSkuJ3FsfisZ,Weval,56,https://i.scdn.co/image/ab6761610000e5ebebc22c0d21b0e64239896eb6,Electronic,House & EDM
4jRLhvF4a3NHs5TaR1lU3m,AFRODEUTSCHE,8,https://i.scdn.co/image/ab6772690000c46c54fd9634c8490c38458fcc74,idm,Ambient & Experimental Electronic
1pbHrVayIcVpHI9z97u4bK,Bingo Players,59,https://i.scdn.co/image/ab6761610000e5eb13ed6ed33980ae1a5ab19275,big room,House & EDM
0s1ELavwiZMFYDL31VDJpx,Rolando,32,https://i.scdn.co/image/ab67616d0000b2732b3122233d4a6793a01249f9,Pop,Pop
4f2K0RSYyxP4TUyZu1azYB,Popof,39,https://i.scdn.co/image/ab6761610000e5eb1c3b4f9a3f7fd262d89f253c,minimal techno,Techno & Trance
0jyyByk1ca4r8gaqMYVPUI,Dzihan & Kamien,41,https://i.scdn.co/image/ab6761610000e5eba460c311ef95d8efd8251c86,nu jazz,Jazz
04an0WtFSvVqQkGrgIxq1Y,Lost Years,36,https://i.scdn.co/image/ab6761610000e5eb54b8b3e8c20f7c5fcaade7ee,synthwave,Pop
15Tc85pyL5i99s6b4mm9Q7,Stellar Om Source,2,https://i.scdn.co/image/c6871b97be022bef7bb6ae21b221efa372988cf6,drone,Ambient & Experimental Electronic
49CE2ffZ6Z3zeYSDauSKck,Tungevaag,63,https://i.scdn.co/image/ab6761610000e5eb234623bc1c596eb2f3d94180,big room,House & EDM
7EjJWbZz0wsaAAt5zN0DOL,Wally Badarou,17,https://i.scdn.co/image/3fb9123a139f16ff70f2feecb24d513e84d8b6e7,bikutsi,World/Traditional
7j9quQ55VONzS08qHkhGAD,Willie Wonka,0,,Electronic,House & EDM
1GDbiv3spRmZ1XdM1jQbT7,NATTI NATASHA,75,https://i.scdn.co/image/ab6761610000e5eb90f7f9fdc4aace2429df5883,reggaeton,Latin
7dOgHbGIfDl2LXRswVBPOP,Haron,3,https://i.scdn.co/image/ab67616d0000b273956817980955c12b13c0d878,minimalism,Classical/Orchestral
1m4g9lJb3m89G17e487Fqi,Golden Boy,22,https://i.scdn.co/image/ab67616d0000b273b07ba568a3d5b945b0f06f94,electroclash,House & EDM
4B9dGfGFvmCa3TZ5MIxs9X,Mekon,20,https://i.scdn.co/image/52465e65d8d00ba8a1f0f1a0bc957364b0dd4744,big beat,House & EDM
2pVsrxlckd4h2I5CL0oifZ,Jus' Friends,0,,Electronic,House & EDM
1s2OjLtmJ3iwKLtipEi0yc,Dreamdecay,4,https://i.scdn.co/image/ab6761610000e5eb5a92f7164353be0c228de44b,noise rock,Alternative/Indie
2o9hRZ3xI27UQpHT61A4Mm,Kojo Funds,53,https://i.scdn.co/image/ab6761610000e5eba9c413bb196f0a7f4332c86a,afroswing,Hip Hop/Rap
3MqYHtX48uiYNf0gPaNBW2,Noveller,17,https://i.scdn.co/image/ab6772690000c46c7d1d20ebcc650072c5216643,drone,Ambient & Experimental Electronic
20L5MecnuNujUE6imrfK0Q,YORK,55,https://i.scdn.co/image/ab6761610000e5ebbc56ab1ce98504a7d953daed,trance,Techno & Trance
6T3Mq8FiuBg817re8qxJtM,Alex Webb & The Copasetics,15,https://i.scdn.co/image/ab67616d0000b273ee1c92e445a7cc5c4395b967,vocal jazz,Jazz
3TQZvGxO2ZyyW9zlbkgDJO,Mike Berry With The Outlaws,0,,,Unlisted
721LNYldlmaLlKi0IQ5ClK,Little Man Tate,30,https://i.scdn.co/image/ab6761610000e5ebc5734a2299f56f276bd8af70,Rock,Rock
6xTk3EK5T9UzudENVvu9YB,Rancid,60,https://i.scdn.co/image/ab6761610000e5eb9ef1337f472668ab2c5aedcd,punk,Punk/Hardcore
7GiiIIjUWGocnUGoOISAUN,Show Of Hands,30,https://i.scdn.co/image/ab6761610000e5eb9452d6bbf416e63a2a6716c2,folk,Folk/Acoustic
0k7JerPSj4tpf6p7UMF0Yo,Mellow Trax,32,https://i.scdn.co/image/ab6761610000e5eb533877c047487c8501410e31,happy hardcore,Garage & Breaks
4hH4fEXPg3qpTDlmdNOO01,DJ Paypal,22,https://i.scdn.co/image/ab6761610000e5eb47313c3cf9d14df3c3970333,footwork,Bass Music
7w3PQ5symjpCqshjaLvFzA,Alabina,46,https://i.scdn.co/image/ab6761610000e5eb4a2d9b994c6e3a21591252ac,raï,Unlisted
7LQcFUQ3mYCZvLNrE2bOwc,Olimpia Splendid,1,https://i.scdn.co/image/ab6761610000e5ebdfe2f5031266db38a52bbcc3,Rock,Rock
5IQtbBmCk7x6ZJT6iqKZjF,Lake South,9,https://i.scdn.co/image/ab6761610000e5eb780a85c674d278e3780ab1c8,Rock,Rock
5vlwyqtCmDTLEnexaUmSPj,The Family Trio,8,https://i.scdn.co/image/ab67616d0000b273481f1bb1e28406aab0b0af42,"Folk, World, & Country",Folk/Acoustic
1bHYBM8vK4M1znRYvaXxDs,Sam M. Lewis,15,,,Unlisted
0Ya43ZKWHTKkAbkoJJkwIB,The Wombats,66,https://i.scdn.co/image/ab6761610000e5eb4eb9a8e62a4cfcdf61c4a03a,indie,Alternative/Indie
5F1aoppMtU3OMiltO8ymJ2,Hugh Jackman,70,https://i.scdn.co/image/e8f69e48f7ae80c6247fda3bf03d6155ae0d7282,musicals,Unlisted
1rg5kOYYRHiJh0bY6Jg51Z,Panda Gang,0,https://i.scdn.co/image/ab6761610000e5ebdd1af1f80bc350e2fcddf094,Rock,Rock
27LGatz1m8aJ7ZaVVWEphc,Gui Boratto,51,https://i.scdn.co/image/ab6761610000e5ebcb35dcddaf5a8338475044e5,minimal techno,Techno & Trance
7x5WcBs5DBzzNK0qKjxuLI,Uncanny Valley,1,https://i.scdn.co/image/ab6761610000e5eb1078758deb8f8f7b88fb087f,cold wave,Unlisted
6EisZ0NyMR2OZA45Xtam0O,Myers,25,https://i.scdn.co/image/ab6761610000e5ebecce6b5737d486cc28c1edbc,grime,Bass Music
3JWTfcIZq4OUdC6oBunofK,Otis Junior,35,https://i.scdn.co/image/ab6761610000e5ebc930260e87eaf6b7c4ee0d7d,contemporary r&b,R&B/Soul
798u1cHtuNcq085puPII56,Holy Mountain,2,https://i.scdn.co/image/cd2116a08a8d97fd8475da3ab29b038d702e0715,stoner rock,Rock
7LunbFWIm3RPQpywjOSSd8,Zeca Baleiro,60,https://i.scdn.co/image/ab6761610000e5eb8fe11088a1ab3826cec724da,mpb,Latin
3hb2rYbbTMlvmd42CCH3kJ,Christian Forshaw,33,https://i.scdn.co/image/ab6761610000e5ebad3cbf281744a4b1b0e01305,choral,Classical/Orchestral
1hJuGCUpefX24GFmss9bjH,Amy Macdonald,67,https://i.scdn.co/image/ab6761610000e5eb490e326b6e7e3eb9030520bf,Rock,Rock
7kCL98rPFsNKjAHDmWrMac,Nik Kershaw,58,https://i.scdn.co/image/ab6761610000e5eb68a6b441e694ee02110b44a1,Electronic,House & EDM
31xWBejhhuVdm9zRmCQuse,Hailey Tuck,46,https://i.scdn.co/image/ab6761610000e5eb8c214c9abfec1206321c2e8b,vocal jazz,Jazz
23usQJ95w7f95tnN4MJEgy,Jono McCleery,44,https://i.scdn.co/image/ab6761610000e5eb5c61f71e27d3ec4493d20d0f,liquid funk,Bass Music
5abSRg0xN1NV3gLbuvX24M,Amr Diab,74,https://i.scdn.co/image/ab6761610000e5ebab35bf72eb23fa275fdc2dcb,egyptian pop,Pop
5opaQp83cz08Eu8x3sjdIg,Mari,1,https://i.scdn.co/image/ab6761610000e5ebec5c7508ab857d010dc373ec,Pop,Pop
6EcnnY75m5Qd2q8FDZC719,Alan Weekes,0,https://i.scdn.co/image/ab67616d0000b273931cb5d86bbb351da0c04377,lovers rock,Reggae/Caribbean
1HGTHrRQkw0BtevSo1jucU,Richard Ashcroft,56,https://i.scdn.co/image/ab6761610000e5ebe47e49e8274d4b2715b0149e,britpop,Rock
4cHtgM7lauSNaau5uAm5Cc,F.S.Blumm,36,https://i.scdn.co/image/ab6761610000e5eb899d9f9dd815b9d32c5f14c2,neoclassical,Classical/Orchestral
0fOTh9pMw7sCyBhHyRDfj6,Undone,0,https://i.scdn.co/image/ab67616d0000b2736b5bf1007f91ac7a2d1ef0dd,lounge,Pop
6qiGjRyN7TJ1GA2nXF68Hi,Blind Pilot,50,https://i.scdn.co/image/ab6761610000e5eb8026cd414c10c37d78146b97,indie folk,Folk/Acoustic
063xkuRULzZu8fcoPR2rKR,Lou Donaldson,48,https://i.scdn.co/image/ab67616d0000b273d94380c918abb94d55758650,hard bop,Jazz
0saZdCuFtIT5oneC4MhBXW,Blazing Redheads,1,https://i.scdn.co/image/ab67616d0000b2738397f9f6f9d67bb58722bce6,latin jazz,Jazz
2PZsXHKjgpXg7tJoFr1fa6,Jeremiah Clarke,29,https://i.scdn.co/image/ab67616d0000b273169e74175288e1427bb830c4,Classical,Classical/Orchestral
105vC0oJ985P5G3g36EosL,Ufomammut,26,https://i.scdn.co/image/ab6761610000e5eb8af5d2ec1764fec4ec943405,sludge metal,Metal
5Rdhduu4Zo7gs9FOt6YKbo,I'm Blue,32,https://i.scdn.co/image/ab67616d0000b2731c42b93f217c02977ae4c5d0,,Unlisted
0sXhBmVgBTDxkQb8CUbhhR,Coops,42,https://i.scdn.co/image/ab6761610000e5eb35fadba1a92622a618ee895a,jazz rap,Hip Hop/Rap
6UOfJPaEk7LS2lWCMI47VB,R.I.P Productions,26,https://i.scdn.co/image/ab67616d0000b2739af0f1258565f6d0380ef4ca,uk garage,Garage & Breaks
6LufpoVlIYKQCu9Gjpk8B7,Sharon Jones & The Dap-Kings,60,https://i.scdn.co/image/cd0f5585d478bbb91cff3e0b723ed91c6d2046d7,retro soul,R&B/Soul
3trICw5vZHfTbcSOjikzq8,HomeSick,8,https://i.scdn.co/image/ab6761610000e5eb9721a132b26fb20cc59abebe,footwork,Bass Music
0hxOAoLSOTqwXNLvJ5tEYZ,Opus Avantra,6,https://i.scdn.co/image/ab67616d0000b2736f046c0c809e0c4969de6a8f,progressive rock,Rock
7AuBGlcUaHok37yr6u963C,Ehab Tawfik,48,https://i.scdn.co/image/ab6761610000e5eb21473aa966f098ca11afbe18,egyptian pop,Pop
0GQJRlsTD8irKEDcClYiiA,Deaf Center,28,https://i.scdn.co/image/2d64cf53189f7812b411e19f1cee4e78d8df84d6,drone,Ambient & Experimental Electronic
4qKpLkR911SUlnd4HAtF79,Nathaniel Rateliff,59,https://i.scdn.co/image/ab6761610000e5eb1189e3a131cdb8e423422bcc,indie folk,Folk/Acoustic
2g9avxxV6bL767vcBD3bOo,TZX,0,https://i.scdn.co/image/ab6761610000e5ebdc8afe11b6b4dba6d23049fb,Electronic,House & EDM
3xLz7xXbJ4thF9a0sU81Ir,Yamasuki,22,https://i.scdn.co/image/ab67616d0000b2738bbd76c6ed8472592ab9a5c0,Rock,Rock
5ZEAzHE2TzAwUcOj6jMIgf,Donny Osmond,59,https://i.scdn.co/image/ab6761610000e5eb6b9f3c46017f630cb024056a,Rock,Rock
3FlXXv8lfSt3ZWk9epMxe7,Hainbach,30,https://i.scdn.co/image/ab6761610000e5eb9cf66823ea381914e18043df,ambient,Ambient & Experimental Electronic
7pZNp3BIssAHQ9jJZssq3Y,Jaki Byard,25,https://i.scdn.co/image/7bf26d915a2224c91bcea9557828e6313724c73a,hard bop,Jazz
1OcOohHo7T54wkzZhIs6KA,Pink Orbit,53,https://i.scdn.co/image/ab67616d0000b2735a0a84260381d0622a360b50,Electronic,House & EDM
2lirdoVpJHkqTyXzIpS8nI,Minor Gold,27,https://i.scdn.co/image/ab6761610000e5eb231c6e9d4f990afe16426802,"Folk, World, & Country",Folk/Acoustic
2RjXfFzL4Ll88oCtpaXU34,Claude Thornhill & His Orchestra,17,https://i.scdn.co/image/ab67616d0000b273981dd3aba6c4e00c5f463eb3,big band,Jazz
5kskdJ54Y6ZGfxfbz6iHxw,The Wombles,23,https://i.scdn.co/image/484761d45f58396161cf802c1128e0035f39697b,Pop,Pop
0ELtQLNl6HCVGDULwg4wDx,Cliffsight,0,https://i.scdn.co/image/ab6761610000e5eb2b88c3c3f5ea7ea2d927a954,krautrock,Alternative/Indie
70PahNfWLqq5m8R8kJvg1o,Mood Factory,51,https://i.scdn.co/image/ab6761610000e5eb5388c334bd2d5c6216d0f9da,Electronic,House & EDM
1Hwi4HepkRbADl1q6nznXk,Faible Et Lente,48,https://i.scdn.co/image/ab67616d0000b273dc39b02ad3243108e40daf60,,Unlisted
1USc9u5yL4tUaQKhGWNuvj,Redd Kross,32,https://i.scdn.co/image/ab6761610000e5ebb3c648417d50840ca10fb05c,power pop,Rock
4vxeI1WNgRCQVQdmLuA42v,Stanley Holloway,25,https://i.scdn.co/image/ab67616d0000b2733beb021d3c406ab3f8f45481,comedy,Novelty/Spoken Word
2nIdUgXgPRCLqutms15vxx,Gulp,23,https://i.scdn.co/image/ab6761610000e5ebc121d67ffcde5963d56c5181,space rock,Rock
2N2v15qhPA6Hxe3gwCgY0B,Judi Cranston,38,https://i.scdn.co/image/ab6761610000e5eba5ff17ba132d8800bb79befa,children's music,Novelty/Spoken Word
0ShV0veaBj1NvWRORhuwlI,The Rubinoos,26,https://i.scdn.co/image/ab6761610000e5eb751ee2a678f8dcad1b578370,power pop,Rock
5gInJ5P5gQnOKPM3SUEVFt,Camera Obscura,46,https://i.scdn.co/image/ab6761610000e5eb8adc1a99b82ed5d0e0fb4dea,indie pop,Alternative/Indie
6HxyfGirXSxH1uD6GiFiDn,Elisa Waut,18,https://i.scdn.co/image/ab67616d0000b273cb7dad2c4153b33b44ab9f13,cold wave,Unlisted
74AkwPErO7y6jYZwR7ggJA,Alex Reece,37,https://i.scdn.co/image/ab6761610000e5eb63b016d838b6660cc7a430f1,jungle,Bass Music
1K9tLeilo2Rh9kXFTgWlxn,Mike Stuart Span,5,https://i.scdn.co/image/ab67616d0000b2739d534c9c343e557e8861ef19,acid rock,Rock
49b1VNhCJgS0AobrLM0JSb,Wincent Kunth,2,https://i.scdn.co/image/ab67616d0000b27311474f81e5b0ce6f7382625f,Electronic,House & EDM
6rEzedK7cKWjeQWdAYvWVG,Five,57,https://i.scdn.co/image/ab6761610000e5eb634461910bffee33cdaca95b,Rock,Rock
7mEVrXcsq3PjsKT3BXnhp0,Tim Deluxe,52,https://i.scdn.co/image/ab6761610000e5eb2b2c0d10230143d797433a6f,jazz house,House & EDM
6BkLTxrNsXkutKNjGNOG0A,Eric Blowtorch,0,,Jazz,Jazz
1LZEQNv7sE11VDY3SdxQeN,Bee Gees,80,https://i.scdn.co/image/1d5a05673975ba0c378cd280344e000b0b865620,disco,Funk/Disco
1AuuBHlqk32vXrI5E3KAp9,Kmonvish Lawan,7,https://i.scdn.co/image/ab6761610000e5ebf86aec83b120dae06c58e034,experimental,Ambient & Experimental Electronic
6mUkkNOlpYefP8Y2lcWTCp,The Sorrows,16,https://i.scdn.co/image/154367ea5913fcebfa97ce90543f60fa24ad4b7d,garage rock,Rock
0wel071ci7nqjnNT0ywKWq,XKYLAR,48,https://i.scdn.co/image/ab6761610000e5ebb84c5b6963e0b9f023163ff9,Electronic,House & EDM
38unGip4o3KhMfqHdHWB7K,Chas & Dave,39,https://i.scdn.co/image/ab6761610000e5ebb9bc21cb9867dbb480bd3198,Pop,Pop
2jKndvg84LqMjBGFFKaWLC,Dana,36,https://i.scdn.co/image/ab6761610000e5eb2b13812b9cd2d38af1b29d02,christmas,Jazz
5MyXeAWN7mjABNAjZDhQqA,Kids Now,36,https://i.scdn.co/image/ab67616d0000b273c9eed690e260cfe5cd10f5d9,children's music,Novelty/Spoken Word
0wpsjl3phfhUKPNprqUFQc,DJ Surgeon,6,https://i.scdn.co/image/ab67616d0000b273ca833ecd22ff08315dd7aa84,footwork,Bass Music
2gVNzXWvV9cjtohpturGMn,The Greedies,1,https://i.scdn.co/image/ab67616d0000b273c315bed36ca7e64da86b80cf,Rock,Rock
41VxAgbLRHo2ZYZEq5P1mD,Alex Party,43,https://i.scdn.co/image/ab6761610000e5ebfaf725de84add38f19628af1,eurodance,House & EDM
0FINtNGNm6qmigzIeZueVM,Tyrrell,12,https://i.scdn.co/image/ab67616d0000b273539f1f714a70eef84b45bf75,acid house,House & EDM
6wXFUcaG7779tb1Ok72GBn,Herbert,39,https://i.scdn.co/image/ab6761610000e5eb7b70018f1298424a79888c9d,jazz house,House & EDM
7keGfmQR4X5w0two1xKZ7d,Kungs,71,https://i.scdn.co/image/ab6761610000e5eb2ccf430b00cf456b12278de1,Electronic,House & EDM
3oLTaC5QBOH96VbxMAafpZ,Courting,33,https://i.scdn.co/image/ab6761610000e5ebb209ed6550f3bbd43f2dc08c,post-punk,Rock
1cKNtCaFs3dRO88WDOVTeg,Geeshie Wiley,17,https://i.scdn.co/image/ab6761610000e5ebd7cf3eb30735b8224bb8e00d,classic blues,Unlisted
22Zqu1yyebVnbve8FxbJ2g,Rednex,61,https://i.scdn.co/image/ab6761610000e5eb7a95a7ae4ac914732cb755b1,Electronic,House & EDM
0BNTrhhkZLsbcWAidMz98A,The Chocolate Watchband,34,https://i.scdn.co/image/e24fed1e893b31b5ffc10d83706b4373bd5cbede,garage rock,Rock
1RJAuMSQcGTOpu03SKlczF,Jason Crest,11,https://i.scdn.co/image/ab67616d0000b273ab4c646b2b8a21ad188a2721,psychedelic rock,Rock
4xKsjRK2wCjXwamNHK6dMr,Ohota,34,https://i.scdn.co/image/ab6761610000e5eb0e025c55ac6b826522f9bbeb,ebm,Ambient & Experimental Electronic
3bos36ZwyMSw7RdawbsTX3,Southwest F.O.B.,4,https://i.scdn.co/image/ab67616d0000b273adac9ec3ec77b7db4ff65d4b,acid rock,Rock
7bUrX1lUvEJ1NKzQtTDPbW,Bob Chester,6,https://i.scdn.co/image/ab67616d0000b273c00cdb9020e39689459a0571,swing music,Jazz
5DaXk2jDrc8Ohsj4oVXR4B,Soundiescape,50,https://i.scdn.co/image/ab6761610000e5eb8a0a85f89fb9cb777a755834,,Unlisted
2gbT6GPXMis0OAkZbEQCYB,Pinegrove,65,https://i.scdn.co/image/ab6761610000e5eb0089634a4e7964d250223ed6,midwest emo,Punk/Hardcore
1a2ZdtjsHAMD9bnwn7jxaC,TSAR,19,https://i.scdn.co/image/b6782339c7d7e3fb7338c73c46386d524f005f31,power pop,Rock
36MRGLmyxzncxEPHgThdVg,Bloomfeld,0,https://i.scdn.co/image/ab67616d0000b2735edb6c5686318e35484ceb02,lo-fi house,House & EDM
7yueMnPhIREfzbfwZ9rJnu,Marc Poppcke,14,https://i.scdn.co/image/ab6761610000e5eb869c2d408de449c4a32e4790,progressive house,House & EDM
6GmanMVkSuu0Dsn86ZW9lK,Skye Sweetnam,30,https://i.scdn.co/image/55e6563a1e70f53f915f31727b9a18fd13817d74,Rock,Rock
5tTsrGPwQRWUsHR2Xf7Ke9,Natalie Cole,64,https://i.scdn.co/image/a3201f2fbdfa1bfd894e509bd3fbf3faf7da0a00,quiet storm,R&B/Soul
53p9POVxT1ODqyvK5Q5yxx,Sidney Lipton,0,,big band,Jazz
3lKHlBiM6NdmkAOvlpoTyp,Berry,37,https://i.scdn.co/image/ab6761610000e5eb365b26ae9a448ca3046bfa4b,chanson,Pop
02J5vpDqDrV65DkquuPJSX,Boys Of The Lough,17,https://i.scdn.co/image/ea79df45114d8fab833476ea2172a94e369405b4,celtic,Folk/Acoustic
6PIl48ctj6HDmqVM2uIikd,Kelman Duran,26,https://i.scdn.co/image/ab6761610000e5eb68d67d1f2ed1d5c83118f910,neoperreo,Latin
5UdPkKWd8YNR5xGcmqH9QJ,Jason Weaver,63,https://i.scdn.co/image/ab6761610000e5eb8842fd84854c331d60d30d8e,Hip Hop,Hip Hop/Rap
1MD6zD9tUjYIMBxV1qKEIv,Sterling Holloway,26,,Children's,Novelty/Spoken Word
6XrzlClXhN9sVv86ZIoakX,Runar Blesvik,36,https://i.scdn.co/image/ab6761610000e5ebf11b9ee70b66846dac324a79,neoclassical,Classical/Orchestral
64cO7ZH9TrRnOh7MUCfLBJ,The Wild Rover,16,https://i.scdn.co/image/ab67616d0000b273c4ed4f6e18fb061a0b3bc5d3,celtic,Folk/Acoustic
1oYScdotTIXO74h10l8ISA,Redtenbacher's Funkestra,40,https://i.scdn.co/image/ab6761610000e5ebfdd5a74048d9c78e3990326f,jazz funk,Jazz
1LJXQEhFipR0ECM0cVCIGQ,Hubert Cox,9,https://i.scdn.co/image/ab67616d0000b273423e85272875fe9fa0d64080,bluegrass,Country/Americana
5VPq4ZMP8aJF9n9nL9q8Pv,Maxwell Farrington & Le SuperHomard,16,https://i.scdn.co/image/ab6761610000e5eb5642f00f84cb19ae94378879,baroque pop,Pop
4ReoJ2faKfdjI0plizlL56,Sextile,44,https://i.scdn.co/image/ab6761610000e5ebfc8fa59ab6b6f52714feffec,darkwave,Ambient & Experimental Electronic
0FVsUxcFSlxwIM7Qs31s6J,Billy Eichner,47,https://i.scdn.co/image/ab6761610000e5eb2660d94f968e40fb64887f7d,,Unlisted
4xIooHvSmj2aWhQGrniJSu,The Rosenberg Trio,38,https://i.scdn.co/image/ab67616d0000b273611bea56c592c8258e6bfe36,swing music,Jazz
090VebphoycdEyH165iMqc,Shirley Bassey,54,https://i.scdn.co/image/ab6761610000e5ebde2373604d3f33221eda2e64,easy listening,Pop
0KugybhXAdH8ApMHpyTX62,Mafia & Fluxy,35,https://i.scdn.co/image/ab67616d0000b27362349157159d14124e568f05,dub,Reggae/Caribbean
2rxgmguaQSynTMnBKZL73G,Gaussian Curve,37,https://i.scdn.co/image/ab6761610000e5eb1f702c5b023cc38e17a3e447,ambient,Ambient & Experimental Electronic
6JQ08BnZjigBIbhBappHCq,SAHAN,0,https://i.scdn.co/image/ab67616d0000b273fd87fff9a06fcef98d1b7353,"Folk, World, & Country",Folk/Acoustic
2XzmUmKNAMFRpB1SlRm2yK,Alec Schulman,2,https://i.scdn.co/image/ab6761610000e5ebff783e1b95491b506b8940f0,Jazz,Jazz
6e28WiPlKSu1ukkhHCZEnF,Jenifer Lewis,48,,,Unlisted
4Ok1Cm5YX5StCQZgH0r2xF,PEEKABOO,54,https://i.scdn.co/image/ab6761610000e5eb6a00a94a60e66f14368fc957,dubstep,Bass Music
0Ujbx7QA4obzHvEFtaZyie,Sallymacs,14,https://i.scdn.co/image/ab67616d0000b273934445da5a7d7218999890c7,sea shanties,Folk/Acoustic
3b8QkneNDz4JHKKKlLgYZg,Florida Georgia Line,75,https://i.scdn.co/image/ab6761610000e5ebaa2d9bd207a62adc3edf6631,country,Country/Americana
7IFehwNMIwBSIf40iX0gm9,Carroll Gibbons,35,https://i.scdn.co/image/ab67616d0000b273be51ae8b2bc9ca56d2f1caa6,big band,Jazz
6gO9O0Iss2ipZuskVnmA9a,The Valentines,25,https://i.scdn.co/image/ab67616d0000b2732082d635cfd13f2152faa203,doo-wop,R&B/Soul
27CnIh4lLIOW2DqEwO1QIf,Tommy McCook,40,https://i.scdn.co/image/9b624186d515329f063d295dd067f6b23918e6df,rocksteady,Reggae/Caribbean
0LseVZ9pSlpj7yNngxuBgS,PAPAchild,0,,,Unlisted
1qWwC3F5yNAOAftTN61doL,Harry Roy,10,https://i.scdn.co/image/ab67616d0000b273d50ddd344addab3ed1d3fd98,big band,Jazz
1n1k5yFQxYhohOmSWVmTo6,Enrico Macias,50,https://i.scdn.co/image/ab6761610000e5ebc64c84ba8db9beb7a8a7586e,chanson,Pop
15uNxh8omvRvH71kcdIe2r,Renaud,60,https://i.scdn.co/image/ab6761610000e5ebc2c9be6d4869a21ee46d0848,variété française,Unlisted
2MpM5xEOluTLFuXnJ42tS0,Jay Wilbur,5,https://i.scdn.co/image/ab67616d0000b2736a7bdbc16468d1ebaadf0ca7,Pop,Pop
2kjrM4RpZVRBHy3hjgJCr7,Felbm,42,https://i.scdn.co/image/ab6761610000e5eb3127780ea9ab41a65decc69c,Electronic,House & EDM
1DFr97A9HnbV3SKTJFu62M,Motörhead,68,https://i.scdn.co/image/ab6761610000e5eb4994e37b0535a101ff8a8d52,heavy metal,Metal
3Uitc0uNSbhVrqJON4NCMY,Michel Fugain,45,https://i.scdn.co/image/bc345badf4c9d4cccb1f74a0d3a8e9b8ffac8f6d,chanson,Pop
28ot3wh4oNmoFOdVajibBl,NMIXX,67,https://i.scdn.co/image/ab6761610000e5eb8aaf0595187aba8e8f1bd828,k-pop,Pop
2ffhJMXvdEJFZISX76ccQL,Wailing Souls,51,https://i.scdn.co/image/ed69e18658ca135302f70bddb5c928d52f52e63c,roots reggae,Reggae/Caribbean
0QafFu1D0s1WrS4GpgoEvU,Cybe,19,https://i.scdn.co/image/ab6761610000e5eb9e4b065e1d9dfffabefe455d,Electronic,House & EDM
0NAr5zThPfMx26ISgooQK6,John Hartford,41,https://i.scdn.co/image/aafb8bb33b29dc9e3eb83bfec71467e153feeccd,bluegrass,Country/Americana
51Rlwvwkj8L3zakIRr6dUV,Seb Wildblood,49,https://i.scdn.co/image/ab6761610000e5eba733f22a0b527777f0a12cc1,jazz house,House & EDM
0KPSMJaJZl9IpAIVsXkrDz,Klaus Weiss,19,https://i.scdn.co/image/b6439eb7e0bcc4c212a7953ec3be76968b47eee9,krautrock,Alternative/Indie
4uhvChO03V0DFbltw2UQLf,Jack Hylton,21,https://i.scdn.co/image/ab67616d0000b27354b0cca52e005010acaa4d96,ragtime,Jazz
6EKAnJX0ELDyHUq5JBMVRr,The Natural Yogurt Band,28,https://i.scdn.co/image/ab6761610000e5ebd7bcb3ec55731c94dbec7543,jazz funk,Jazz
2Wvz1w08ODKEmew4SfIQDM,Jack Jackson,9,https://i.scdn.co/image/ab67616d0000b273ed2045996851417c06ad986d,swing music,Jazz
762gpacQ6WcT75zlkrc3Ls,Kathryn Beaumont,41,,Children's,Novelty/Spoken Word
6ft7JnxMyZhp7N52qzHymY,Vansire,63,https://i.scdn.co/image/ab6761610000e5ebf44b9228f7c27e00783d1c8d,bedroom pop,Pop
2ugPdplEWBmyU6EcIzlcY1,The Contours,53,https://i.scdn.co/image/ab6761610000e5eb1851d11126e7f64590e1bf05,motown,R&B/Soul
675tsBPpaZtqyiBwEf3ZEP,Watchhouse,64,https://i.scdn.co/image/ab6761610000e5ebd4cf73dc366d37ad8c23b7d0,bluegrass,Country/Americana
1PryMSya1JnSAlcwYawCxp,Menahan Street Band,63,https://i.scdn.co/image/ab6761610000e5eb46dc0fd03399b8a9dfed982d,retro soul,R&B/Soul
4GpIeE34rBNFppvYsWle9c,The Fortunes,44,https://i.scdn.co/image/39c58457040228a05233076f346c28bc531cd794,Rock,Rock
5XHchrkk32VTO05bnCwPeT,Miss Melody,35,https://i.scdn.co/image/ab67616d0000b27319b28a3dfe748eaca9e84ba7,latin house,House & EDM
5QGnprJtpZmk3OiDqspPlB,Anita O'Day,48,https://i.scdn.co/image/0ef63e81d4f92a243a21cb646035e353bd568c03,vocal jazz,Jazz
4pVaQcaBqbvk0ucB4r65e3,Mark Mancina,56,https://i.scdn.co/image/ad418f4e47780da6488907f9e25a8f91c58af0dc,Electronic,House & EDM
5SMVzTJyKFJ7TUb46DglcH,Parliament,52,https://i.scdn.co/image/ab6761610000e5eb6d32e1e62d928ac057284b4c,funk,Funk/Disco
3SblTU11ZKURsHhWGwPpt9,The Tornados,30,https://i.scdn.co/image/ab67616d0000b273e48bbd657e0b2ad785eb7a7a,surf rock,Rock
3F4PBcfdeFdmxjRPS2UdMl,Tweedy,29,https://i.scdn.co/image/e075a2a5d295ffa310020b0b08ea11f8b712a513,alt country,Country/Americana
1BbVOJwvoyVMfOPdl1Oi2x,Jim and Sam,19,https://i.scdn.co/image/ab6761610000e5eb2e5e8c5b87192c9b82807f08,indie folk,Folk/Acoustic
7G351Ho5B279pD4mvmwPk5,Phyllis Robins,13,https://i.scdn.co/image/ab67616d0000b2735e2a27779a78ef73e58cdb3b,Pop,Pop
39uv7qSNwIoaAtWNioWnxp,Stampeders,45,https://i.scdn.co/image/ab6761610000e5ebf007e0688f52b075665b9243,Rock,Rock
4oXaAEofJFedGweFqy5qiv,The Ames Brothers,31,https://i.scdn.co/image/ab67616d0000b2736d030545d0bb6497ed3d7f3e,"Folk, World, & Country",Folk/Acoustic
70UHL8BEGqoUNmXfXi0nGr,PTU,13,https://i.scdn.co/image/ab6761610000e5eb8669d0a8a180400a597a247d,acid techno,Techno & Trance
1Tq4NTchpZlJXE8bVl9Rv5,The Meltones,20,https://i.scdn.co/image/ab67616d0000b273e2956fd23a576044c4fe38b5,surf rock,Rock
3jFTMxWP6at3FioQqFGmjC,David Toop,14,https://i.scdn.co/image/807537bdb74d8256c8fca08e222d609ba8ef064a,experimental,Ambient & Experimental Electronic
0Bv5UsF5yWsRwxwkhDLfSH,Biff Rose,11,https://i.scdn.co/image/21d89ba034b83e077ad0fdf99f4c4f5d5bb9e542,baroque pop,Pop
29cNzWXrkNaGVL74hZK0jU,Gringo,52,https://i.scdn.co/image/ab67616d0000b2733b3bb5c15041546754388fa3,reggaeton,Latin
1NvSijL6TDMyhtyrONEvDD,Malinky,28,https://i.scdn.co/image/ab67616d0000b27367b028562231e9765170dc1f,celtic,Folk/Acoustic
0xRqtLGIVSzXM9yg2wFMLC,Bobby Timmons,43,https://i.scdn.co/image/ab6761610000e5ebb724a6d272499aaf94f8bced,hard bop,Jazz
0NCXrh1XOnHNp4mM0JUFJw,Nicolette Larson,45,https://i.scdn.co/image/7a4c2b7f7b55e0123e58d9555218e53add136736,yacht rock,Rock
0fhv5pwSh099mHYF9b3Cpn,Jimmy Whispers,18,https://i.scdn.co/image/ab6761610000e5eb9ea8be3f80cdecfca9c63d15,Pop,Pop
1IxP1g9VrPzJqXFCsuyHKe,Måns Zelmerlöw,49,https://i.scdn.co/image/ab6761610000e5ebb67b1fcdd65f2199519fa9a5,Electronic,House & EDM
1ZlFYysRdc6YaUH5FkxPl8,The Swingle Singers,29,https://i.scdn.co/image/ab6761610000e5eb267d528bda3042cfe683f576,vocal jazz,Jazz
3ThpOWfEe64K79Zo34fuGp,The Full English,17,https://i.scdn.co/image/ab67616d0000b273610b018b0ef494a3dd5b3fde,traditional folk,Folk/Acoustic
5LLn18vxU1UTY1ypouVGNW,Japanese Television,27,https://i.scdn.co/image/ab6761610000e5ebec8e41fbc28b4215e2fca0e7,krautrock,Alternative/Indie
5hIClg6noTaCzMu2s5wp4f,Carl Perkins,46,https://i.scdn.co/image/98560224c0eb3b218928cc9b1138621d4fb29260,rockabilly,Rock
6LtjPhi4ftPSBetgRKXaHa,Supreme Dicks,14,https://i.scdn.co/image/bd7d86d0755c9e59f645914143aa6cf852e0a126,slowcore,Alternative/Indie
5jzf34Dm3S5hnp9iwPxVBw,Mezzanine,20,https://i.scdn.co/image/ab6761610000e5eb2ed166ecc9911816364177f2,french indie pop,Pop
1v19AoURnbswk6M3Rdy5hv,Brenda Wootton,10,https://i.scdn.co/image/ab67616d0000b273a908a3e37ffef23e80827ae9,traditional folk,Folk/Acoustic
34ogXgGcq0P9njF9n4aVhy,Hoavi,12,https://i.scdn.co/image/ab6761610000e5eb75ab29a661775423e366bff0,dub techno,Techno & Trance
4uJt75N8u4RRQQ6hKYYIaS,Anthony Moore,18,https://i.scdn.co/image/ab6761610000e5ebb514c56323fd241993429808,Electronic,House & EDM
5rWKAmlxinr3muqedXVIHa,Georgie Fame,32,https://i.scdn.co/image/18c7f65bc21efcd6825e8e110887972b86f7b69d,northern soul,R&B/Soul
75VKfyoBlkmrJFDqo1o2VY,Fireboy DML,74,https://i.scdn.co/image/ab6761610000e5ebf0da9bd951adbb3749b40904,afrobeats,Unlisted
36sdQhQWpk9MntF8u7qNGo,Mark Guiliana Jazz Quartet,21,https://i.scdn.co/image/ab6761610000e5ebc02840d8ee0d2565d8553337,jazz,Jazz
3HKbW1X4Aj2RZU6ruh3a0e,Moin,36,https://i.scdn.co/image/ab6761610000e5ebc38bae6ac3e5c14de03428d2,noise rock,Alternative/Indie
53XhwfbYqKCa1cC15pYq2q,Imagine Dragons,89,https://i.scdn.co/image/ab6761610000e5ebab47d8dae2b24f5afe7f9d38,Rock,Rock
3HVdAiMNjYrQIKlOGxoGh5,Rob Zombie,71,https://i.scdn.co/image/ab6761610000e5eb40a6cfc37fa94d54d28aca22,industrial metal,Metal
1JOQXgYdQV2yfrhewqx96o,Giuseppe Verdi,64,https://i.scdn.co/image/29dcc5fb26df65b722073e5246c6a430e9968aa7,opera,Classical/Orchestral
4FNYiwJTOwf4vfyRmE9JHd,Gid Tanner & His Skillet Lickers,3,,bluegrass,Country/Americana
1FnFDLE1iq1L5Md8tm1cXO,Jeremy Blake,11,https://i.scdn.co/image/ab6761610000e5eb446eec808e6bd4c0b143c1b2,Electronic,House & EDM
27j5PRcPefcI6q8as58zWF,Mollono.Bass,49,https://i.scdn.co/image/ab6761610000e5ebf4b7846886e732301f077465,organic house,House & EDM
64oD1nmr26PzBAecbxdBzt,Angelo DeBarre,33,https://i.scdn.co/image/ab6761610000e5eb686c3e76f9b6aefc6aeb3511,swing music,Jazz
6TsDdnJujwhkuAzXkqqsUE,Charlie Spivak & His Orchestra,30,https://i.scdn.co/image/ab67616d0000b273b00c485d0ba5010a331fcf00,big band,Jazz
74l5kLfO33c4T39eAROuEL,Foreign Fields,38,https://i.scdn.co/image/ab6761610000e5eb5be710d3bbf5d99f0f771ae1,ambient folk,Folk/Acoustic
1i4t1dxSeieMHdepbbnRuX,Miles Pratcher,1,,traditional folk,Folk/Acoustic
1XnUwbBjDTUUAABC7cEixy,Youth Sector,26,https://i.scdn.co/image/ab6761610000e5eb729c78bd2b325e196316abc3,Rock,Rock
7J7YRBSoiXpdTmcbkKZL2C,The Honeydrippers,41,https://i.scdn.co/image/ab67616d0000b2734275ec095a72b84743934fce,Rock,Rock
6QdjZOuApe5DjregmD5BLj,Amar,34,https://i.scdn.co/image/ab67616d0000b273891200a4e0f77fd5a5c4d33d,uk garage,Garage & Breaks
4mmEKUZZBwnzg4m6hizPyN,Andre Williams,24,https://i.scdn.co/image/ab6761610000e5eb5f4f3bcf31cb558926d56ede,northern soul,R&B/Soul
2mQkR9H7yBeT3tJ9vaGPjp,Mimi And Richard Fariña,29,https://i.scdn.co/image/ab67616d0000b273f1e49f0775461f81593a020f,folk,Folk/Acoustic
1Y3CPuN46EPIT3wCTDzPZu,Chuck Brown and the Soul Searchers,30,https://i.scdn.co/image/ab67616d0000b273f7df3a0af7ca14690e7578c3,go-go,Funk/Disco
4ZVlnsWbTKXoTcP2CbGHZ6,Litsa Diamanti,38,https://i.scdn.co/image/ab67616d0000b273b6f3a96e6603a64ff61dc9e5,laïko,Unlisted
3b6ysTydbblFCdiMelyLPB,Winds,3,https://i.scdn.co/image/ab6761610000e5eb965fe635c250c0d31ea9dba8,neo-psychedelic,Rock
4ub4MDpNjyo1EhhQ4UarHb,Thee Conductor,2,https://i.scdn.co/image/ab6761610000e5ebfde8ca77de3e58c092ffe343,Rock,Rock
5fKc00Wh60ggl0QptZ2aBx,Rigo Tovar,66,https://i.scdn.co/image/ab67616d0000b273afb64d23ceb1b377a15ad4ca,grupera,Latin
5WS3dnCZR6MuN6m3dTMuwF,Karine Polwart,39,https://i.scdn.co/image/ab6761610000e5ebe1e1d26deb97314c298a5f29,folk,Folk/Acoustic
5N2iWDKEQmLpoXMrAcIabW,Patrick Belaga,10,https://i.scdn.co/image/ab6761610000e5eb629f129218f2f552252f685e,Electronic,House & EDM
2MOeRxQqwrvur6it4B3G3R,Markos Vamvakaris,37,https://i.scdn.co/image/ab67616d0000b273be93231a78a8e43d33eb5b79,laïko,Unlisted
7nXyULtoL8k7wP9l6kg8Ef,Madeleine Peyroux,62,https://i.scdn.co/image/ab6761610000e5ebf878fa1f2dfe15aa758364b3,french jazz,Jazz
6jQ9UtYXqNfVnPkrH1Xxwi,Maxine Nightingale,52,https://i.scdn.co/image/3bcfb3a1efd35b8646b4175df1a69a88e93296ed,Funk / Soul,Funk/Disco
2dXf5lu5iilcaTQJZodce7,Sister Rosetta Tharpe,38,https://i.scdn.co/image/ab67616d0000b273335f00b1e40586a31fb24d33,blues,Blues
1qbwKI8FXh805XrxaOex4P,The Clancy Brothers & Tommy Makem,26,https://i.scdn.co/image/49a877baad0565754106f1f4819accbe1c81c970,celtic,Folk/Acoustic
0OTY72l7CC7ynKzp6N2o5b,Daniel Deluxe,47,https://i.scdn.co/image/ab6761610000e5ebd16bd481fc66faf73a25fe93,synthwave,Pop
2PoiNhvPSC4fivyrDJOoru,Lord Of The Isles,36,https://i.scdn.co/image/ab6772690000c46c463b7f6b1f690b3596b455c9,spoken word,Novelty/Spoken Word
2nszmSgqreHSdJA3zWPyrW,Luis Miguel,86,https://i.scdn.co/image/ab6761610000e5eb6481401e529e475116702a29,mariachi,Latin
3KlE1auvNzJPD27W4hEHjs,Lord Creator,34,https://i.scdn.co/image/ab67616d0000b273d7db968f3edf0eef02bca73b,rocksteady,Reggae/Caribbean
34Xay0uKsALHCrn5LkrYeh,Candy Claws,41,https://i.scdn.co/image/ab6761610000e5eb37105e564207714467a51d62,shoegaze,Alternative/Indie
6mKG3qBCVYOgF6UcpWQnPw,Alexander Joseph,7,https://i.scdn.co/image/ab6761610000e5eb81c6553d4bee15f744528455,Classical,Classical/Orchestral
6CQDYD1vlill49BcSmZ2nj,The Band Of The Scots Guards,24,https://i.scdn.co/image/ab67616d0000b273d94c7cce2cc9b8f9fb6a16e0,celtic,Folk/Acoustic
2ovJLSejirvJybNers2YG6,Fletcher Henderson,31,https://i.scdn.co/image/04c09370aa091cb22840fef784035a4a2f9c4429,big band,Jazz
0czJqnJDu3vWrLHmsbLunu,The Muppets,45,https://i.scdn.co/image/ab6761610000e5eba22fa1a9f9908abebb3d7f19,christmas,Jazz
7DTApEkTcmjUQlXBfQgNPK,PM Warson,17,https://i.scdn.co/image/ab6761610000e5eb9178cd8b15050ff75111dee1,retro soul,R&B/Soul
6rDUd9tXAjOceaW2oc9ISP,Mr. Airplane Man,31,https://i.scdn.co/image/ab67616d0000b2734570366f7786e01bc7d455f4,garage rock,Rock
2DzfwBlRGSLXCXgAKN6EFv,Tiny Little Houses,34,https://i.scdn.co/image/ab6761610000e5eb91dea8d3d69f7230eb30e451,Rock,Rock
1MDw0zSUU0XtI9D5JgEZH5,The Veils,46,https://i.scdn.co/image/ab6761610000e5eb4cd699592049e5b7d9536637,Rock,Rock
2Dv40C26DYmaTgCFGjqlTU,Neil Landstrumm,19,https://i.scdn.co/image/ab6761610000e5eb1cbc21ed590d056d55eeb942,Electronic,House & EDM
1N3288tnOcOQQgfhpBqFsX,Holly Cole,32,https://i.scdn.co/image/ab6761610000e5eb396ed65b346ba7d686036c02,vocal jazz,Jazz
4DFhHyjvGYa9wxdHUjtDkc,A Perfect Circle,66,https://i.scdn.co/image/ab6761610000e5eb41472573351dfea479a4ffba,alternative metal,Metal
7sGhjDpOtxrMLip4lGFU7P,R. Stevie Moore,32,https://i.scdn.co/image/1140ebbf0f39831c5566a13d4db3aac44946b681,power pop,Rock
3r9TXuXfOUxXjgYgAR0fP8,Bay City Rollers,49,https://i.scdn.co/image/ab6761610000e5eb4a0ccebdfd085c487d312199,glam rock,Rock
5dcOK4stT4JDkP6Dqhbz5s,Sheena Easton,60,https://i.scdn.co/image/c89848e407aa02ab2ebfe404843812fe16cad5b7,Pop,Pop
1sXbwvCQLGZnaH0Jp2HTVc,Linda Ronstadt,64,https://i.scdn.co/image/ab6761610000e5eb5f374854cfe4d32df9ddeae4,country rock,Country/Americana
2p2uE4i92Dn4DkThfoKIB9,Igorrr,56,https://i.scdn.co/image/ab6761610000e5ebdb993c56dbacfe91e00d550f,breakcore,Bass Music
0tL1uCP0Xtvhpfi7w2sEup,JJ Sterry,8,https://i.scdn.co/image/ab6761610000e5eb78e555b4c21c34b33530d1d5,,Unlisted
2tcNYcZmhP367Zh0Cgg5YU,Ernesto Villarreal,11,https://i.scdn.co/image/ab6761610000e5ebba49b94afdf527a56542b125,,Unlisted
5cRFFVu55n63SFAByWg112,Holograms,25,https://i.scdn.co/image/ab6761610000e5eb9988bb3443b51d125f9023d9,post-punk,Rock
18lpwfiys4GtdHWNUu9qQr,Ocean Alley,67,https://i.scdn.co/image/ab6761610000e5eb92b004bf56ed88782f46e4a8,surf rock,Rock
4zXEe25IWFWVU48Q0BaK9q,Pottery,19,https://i.scdn.co/image/ab6761610000e5ebc8a097cda7804135deaf33b6,post-punk,Rock
6jJ0s89eD6GaHleKKya26X,Katy Perry,87,https://i.scdn.co/image/ab6761610000e5eb0988562f78810e47a6e3325f,pop,Pop
7lyhSLlB5fWJmU5eB6k84L,Alla Pugacheva,53,https://i.scdn.co/image/ab6761610000e5eb563784cfacaf184e0c4bef5e,,Unlisted
4g2EfgpanE2Z9LG1nQ9zNy,Varg²™,49,https://i.scdn.co/image/ab6761610000e5ebca9f6b619850e90d40bfe616,experimental,Ambient & Experimental Electronic
5LtAyeDVOVcydj65LvgICY,Bass Drum of Death,45,https://i.scdn.co/image/ab6761610000e5eb62a4b98bc97a9b5534cd1321,garage rock,Rock
2Jtmdbs9jPWmKfpdOLd5pB,The Dirty Mac,34,https://i.scdn.co/image/ab6742d3000053b7d806a2c591c20dbf2e54e0c6,Rock,Rock
4pG6hTUl9HhyftfJQQI7np,Maitro,36,https://i.scdn.co/image/ab6761610000e5eb25430bfa1606ead855549d5e,vaporwave,Ambient & Experimental Electronic
2jzYokwEUbqZkLyYN9dHeE,The Surfing Magazines,17,https://i.scdn.co/image/ab6761610000e5eb7791274fa44a113cf8d3c28f,Rock,Rock
0nL6RHsmidBNjoWyebETcq,Tracy Bryant,36,https://i.scdn.co/image/ab6761610000e5eb4f4a8460325057373e364fff,neo-psychedelic,Rock
0uUNzXylqsZdmFDwdxaP1V,B.J. Thomas,55,https://i.scdn.co/image/90e52266d0463ef6215a393d55c4c8604c957d36,Rock,Rock
3P3quzbMWdn5kalJUa6W5J,Art d'Ecco,27,https://i.scdn.co/image/ab6761610000e5eb1f50650b153662cfcb0679e7,glam rock,Rock
5KIyBfTJdvEzz2OxfVvsE6,Lucienne Boyer,30,https://i.scdn.co/image/ab67616d0000b273dd2140adc912931ffa468c69,french jazz,Jazz
1EVj0hmXLRcsy2IfaE0gkD,Vassilis Tsitsanis,34,https://i.scdn.co/image/ab6761610000e5eb9711f3368608201d82b2a8a4,laïko,Unlisted
378dH6EszOLFShpRzAQkVM,Lindsey Stirling,67,https://i.scdn.co/image/ab6761610000e5eb36c6fa1b8ff851988de641f8,Electronic,House & EDM
6iUQpaTq1rzkfcdNo8d62s,Duncan Lamont,32,https://i.scdn.co/image/ab67616d0000b27379af96cd47ab2ac485f9c1a2,Jazz,Jazz
5TfnQ0Ai1cEbKY5katFK14,Ladyhawke,47,https://i.scdn.co/image/ab6761610000e5eb17fb8001500809e04fc16728,Electronic,House & EDM
1ZHk8dteZz6Vi2HFp4hGoM,Abra Cadabra,57,https://i.scdn.co/image/ab6761610000e5eb2b9425c4d20dc2a7939c0fc8,uk drill,Hip Hop/Rap
627IctlWbJbrNfoWpZGHws,Gypsy Caravan,16,https://i.scdn.co/image/ab67616d0000b2736b6f0f9465adab0d10798d5d,"Folk, World, & Country",Folk/Acoustic
0V0TbicIQ6nqAWy13mR4BH,Rolf Løvland,47,https://i.scdn.co/image/ab67616d0000b273f843f634c83ef8066db1d29f,opera,Classical/Orchestral
1JXKfGs594mz23sQepWOWP,Lee Walker,43,https://i.scdn.co/image/ab6761610000e5eb4bc8c8ca0f5fac8eace68693,house,House & EDM
0p4HbDx1JTF3QLaBznAOrU,Colouring,42,https://i.scdn.co/image/ab6761610000e5ebde9c486a8daa85da76086fe0,Electronic,House & EDM
6A3TktZj6p8D0bmbcfZEKE,Kurd Maverick,45,https://i.scdn.co/image/ab6761610000e5eb79fc657e163886d35d4335c3,latin house,House & EDM
2CKaDZ1Yo8YnWega9IeUzB,Booka Shade,54,https://i.scdn.co/image/ab6761610000e5ebf9ed4c855dfca7ca5805d087,minimal techno,Techno & Trance
3Uqu1mEdkUJxPe7s31n1M9,Weyes Blood,60,https://i.scdn.co/image/ab6761610000e5eb3a4a51a2de2f195ae87216e4,art pop,Pop
7M7UXUwtz3Wb25PVS8dwHs,SEU Worship,61,https://i.scdn.co/image/ab6761610000e5ebec3b45dab30f22021ec19f51,worship,R&B/Soul
0ZpOIHGVsM7vMZqPt4i214,Alan Parker,27,https://i.scdn.co/image/ab67616d0000b27360abc811d528358136a0f6ec,"Folk, World, & Country",Folk/Acoustic
09NnhcnFy9QIWWG0bocK4k,Wafa,7,https://i.scdn.co/image/ab67616d0000b273584b5e79bd9d5ff239ddfd1a,Electronic,House & EDM
1qZnWtvzKVV0lJQZBapchU,Jay McShann,29,https://i.scdn.co/image/56aaaf0e800092a3c1cdb8eea5cbe990d0f6e07a,blues,Blues
4d3yvTptO48nOYTPBcPFZC,Eve,71,https://i.scdn.co/image/ab6761610000e5eb62423f0aa64340b1fe57c0a3,Funk / Soul,Funk/Disco
25IG9fa7cbdmCIy3OnuH57,The Chicks,69,https://i.scdn.co/image/ab6761610000e5eb43d9d87bba466538f5c40901,country,Country/Americana
6bmlMHgSheBauioMgKv2tn,Powfu,70,https://i.scdn.co/image/ab6761610000e5eb0440c749b98a38d5ea707d7a,Electronic,House & EDM
3YCKuqpv9nCsIhJ2v8SMix,Elevation Worship,79,https://i.scdn.co/image/ab6761610000e5eb323706538095e6dc3d6392d1,worship,R&B/Soul
1tps7vnKOjlrx5aTe4lNJS,Dj Space,16,https://i.scdn.co/image/ab67616d0000b27364b6c327b9df33243f1ff743,Electronic,House & EDM
6O74knDqdv3XaWtkII7Xjp,Boyz II Men,71,https://i.scdn.co/image/c8b0d67be35852171d04d7309c2cfe1992a8a4eb,new jack swing,R&B/Soul
2h6mB4UBXflTCXkRwSPOzx,Trajixk,0,https://i.scdn.co/image/ab6761610000e5eb9b91944f70e3fb4ae69c426e,afroswing,Hip Hop/Rap
3X6ixxUtf9bJr1aZbhFuia,Vainqueur,23,https://i.scdn.co/image/ab67616d0000b27396078cf30956b9ce86a5883f,dub techno,Techno & Trance
7dNDVPDrG9zmvivt6UMemK,Atlantik,15,https://i.scdn.co/image/ab6761610000e5ebe33500f67827e5a4c6aab1a7,Reggae,Reggae/Caribbean
1tRBmMtER4fGrzrt8O9VpS,Hot Since 82,51,https://i.scdn.co/image/ab6761610000e5ebdb1ac80b1fbda08c55c3e4d9,tech house,House & EDM
0l3luM3co3Jzh8QgBmKOgr,S-File,3,https://i.scdn.co/image/ab6761610000e5ebbe12f1e7e4bb56aff21184ae,acid house,House & EDM
7wmCy21VjfmbP8DznMJe8v,Plastik Funk,48,https://i.scdn.co/image/ab6761610000e5ebfb63727dfcb02f1ba4c323d7,future house,House & EDM
1Tz1kM5vFyBpzD22fHW609,Flunk,40,https://i.scdn.co/image/ab6761610000e5eb0e022e77cb2968a3bdd8c987,trip hop,Ambient & Experimental Electronic
55GgSmZm0TR5qvTRcRwq6B,bastienGOAT,17,https://i.scdn.co/image/ab6761610000e5ebc85c1e3d98f650fc7b11decb,footwork,Bass Music
65WhCsfprtD04AHPxN7FO6,Teams vs. Star Slinger,0,,,Unlisted
7DTZkttLXeUXamkocrRzeh,Union J,31,https://i.scdn.co/image/ab6761610000e5eb306bd889037c95d6f990f6ba,Pop,Pop
5wJK4kQAkVGjqM9x46KQOC,Solomun,63,https://i.scdn.co/image/ab6761610000e5ebbfbacb40dced09ead13a3fa4,melodic techno,Techno & Trance
7iFUYe1KDzmMGlvCSbL6nw,Paris Music,35,https://i.scdn.co/image/ab67616d0000b27377fb9a9dc44e90ec32f4f554,northern soul,R&B/Soul
3T0CG1MKkAu9rxA2ezgyLC,The Soggy Bottom Boys,51,https://i.scdn.co/image/ab6742d3000053b7e41f1033a835a57a92332ead,bluegrass,Country/Americana
7uXjoODYzsFvpgbxnQzqgX,Sister Dora Alexander,12,,cajun,Country/Americana
2JnkjHtuUjz83gkEx8QMS4,Adana Twins,44,https://i.scdn.co/image/ab6761610000e5ebb2398764bf2851eba9d5e33d,melodic techno,Techno & Trance
43Ybg5x9TrGovf70jSMzah,Louis Landon,41,https://i.scdn.co/image/ab6761610000e5eb6dfb43a0f1925744dd10eebc,Classical,Classical/Orchestral
5yih2m7QJPjkycUQIUfJ80,The March Ahead,31,https://i.scdn.co/image/ab6761610000e5ebf84ab5b33bfd4ecab961f845,Rock,Rock
2JW9UTb6ViFLYf7VQxBJqD,Galaxy 2 Galaxy,27,https://i.scdn.co/image/ab67616d0000b273bfb572c775f90a8c96eda02c,acid house,House & EDM
3eyyNHkVEK4Hy9Qnw7i13W,Cinzia & The Eclipse,25,https://i.scdn.co/image/ab6761610000e5ebfda28e11bcf80c0f50b119c3,,Unlisted
3vUQHOe4i9jOZvOkgNUwXl,Tolga Top,0,https://i.scdn.co/image/ab67616d0000b273e6434e942add66489f786ae0,minimal techno,Techno & Trance
0Jb1cpfG4GB6pZfroFhAw0,Ken Ishii,32,https://i.scdn.co/image/ab6761610000e5ebf9bf3ba06b83bb39554d3b38,idm,Ambient & Experimental Electronic
1m0gRTAeSxz164yajYCvri,Michael P. Kramer,20,https://i.scdn.co/image/ab6761610000e5ebe4572adb4e1c91705b417df5,,Unlisted
0k5KeG8St6LiePh5blOwwl,Workout Music Tv,57,https://i.scdn.co/image/ab6761610000e5ebadcc9033f2f9ce2326880a6d,,Unlisted
7orlzf5LTqSnCzURkZFebN,KAS:ST,50,https://i.scdn.co/image/ab6761610000e5ebd31231e66c6ad0dad52c8721,melodic techno,Techno & Trance
0jS6VTFGujWxinY5TSQwOG,Kevin Saunderson,48,https://i.scdn.co/image/ab6761610000e5eb85641acf4b0c40abe470ff13,acid house,House & EDM
3g4Os4LNZvOQUaokeSLCwG,P.J. Proby,25,https://i.scdn.co/image/fcf2a9bb95c157eb161f21f997d79ae4c2a53d7b,Pop,Pop
61u2rGJj9r6d7utXK0J0oS,SoDown,39,https://i.scdn.co/image/ab6761610000e5eb8c24812bd4881e2b684461eb,Electronic,House & EDM
6t35iFxXXHyidk9bp1laYK,Order Substance,3,,,Unlisted
2TzZg302CB0oW5ZMeTW98p,stories,40,https://i.scdn.co/image/ab6761610000e5eb2c591408e2fd98646ac796b5,Rock,Rock
4mwXUEKaW4ftbncf9Hi58l,Tank,58,https://i.scdn.co/image/ab6761610000e5ebc7537d562467571fb30863c7,r&b,R&B/Soul
22680B8sUdq6bL6nQaJfwg,Siriusmo,43,https://i.scdn.co/image/ab6761610000e5eb8210d0a1164f432682c28880,french house,House & EDM
3m5hegxlB80Z2zQb1893pc,Loleatta Holloway,50,https://i.scdn.co/image/0729e1f110b96ac6b9113b4c87998afd40fd06c4,philly soul,R&B/Soul
2DspEsT7UXGKd2VaaedgG4,Alex Rose,73,https://i.scdn.co/image/ab6761610000e5eb3104bfc5142e1b6db1f6b494,trap latino,Latin
619CzMJPPWrCeZwx5qw6ko,Besomorph,62,https://i.scdn.co/image/ab6761610000e5eb189ba595abd44ba18fbcc9d4,slap house,House & EDM
37f9cjf8Ic4t7vYNRYAzI7,Apollo 440,46,https://i.scdn.co/image/5cec5173753e0f09306eb372d6a128b6eae5ecc8,big beat,House & EDM
54ECAJjvSyZGTWUgyt5tqc,Peaking Lights,29,https://i.scdn.co/image/ab6761610000e5eb71b822c7e8b1237b62b34596,space rock,Rock
5E704N5StxMVKpalhaJ5L3,The Shamen,43,https://i.scdn.co/image/ab6761610000e5eb522186207e68712d6f5eaaaf,acid house,House & EDM
0pEvcNZLkhdc4zPMpWllPL,I-Robots,12,https://i.scdn.co/image/ab6761610000e5ebff6029a60ff0bb873fdd0b5f,electroclash,House & EDM
63YnT4fynoWkgFZBwVdjvD,Black Merlin,10,https://i.scdn.co/image/ab6761610000e5eb5299cca24eb46d8ef196e3a9,ebm,Ambient & Experimental Electronic
1gkSl4XpHIHI4I1WQbfXOE,Peaches,49,https://i.scdn.co/image/ab6761610000e5eb8ca297a1b63e3ed008847172,electroclash,House & EDM
5REF3rMSUd6bSRwgV09dzQ,Dj Laz,46,https://i.scdn.co/image/9f14369818a90fe48e7ec5cbcd70070f78cf8148,miami bass,Hip Hop/Rap
2Za6MJDy9CzxcP1NAQiJH9,Dr. Derelict,0,,,Unlisted
04H4Esj5jxaThmH3mcL2Aa,Tim Beeren,28,https://i.scdn.co/image/ab6761610000e5ebb3ccd9641a95b6aa421e5c02,Electronic,House & EDM
3GrokOnyG1LloekRSuNPPM,M.A.D.E.S,33,https://i.scdn.co/image/ab6761610000e5eb826109d96974ef759505a4a7,synthwave,Pop
0yq7sI87s5V3Z461Npd652,Ahmed Fakroun,31,https://i.scdn.co/image/ab6761610000e5eb65e7e87d7d0a33f456b05256,Electronic,House & EDM
3MG5skX8kY7y3ddc9sCjzH,Capone,26,https://i.scdn.co/image/ab6761610000e5ebdfea6eac32be49e2dd4576ec,jungle,Bass Music
0CI4GExvLu9Dna6VTGcwTw,neon cities,17,https://i.scdn.co/image/ab67616d0000b2732bac0d0c13f18043448e392c,synthwave,Pop
01WjpKiWVNurV5hjIadB8C,Filter,58,https://i.scdn.co/image/ab6761610000e5eba65ceef7fe995c88c6c6ada6,industrial rock,Rock
6cEuCEZu7PAE9ZSzLLc2oQ,R3HAB,74,https://i.scdn.co/image/ab6761610000e5eb16410f416adb3f56e67f6852,slap house,House & EDM
0lOCqoXWdPaVWhnryP66pC,Tainted Flavor,26,https://i.scdn.co/image/ab67616d0000b2730126eb9deca37ca8aa6fc482,,Unlisted
0iVrCROxeyon7MZUW3MfzT,Montell Jordan,61,https://i.scdn.co/image/ab6761610000e5eb4c3f0acc0e5ef5b08e54bbb9,new jack swing,R&B/Soul
444YsFpVtU9A20FhDfrX8Q,Dub Poets,0,,Electronic,House & EDM
7jZM5w05mGhw6wTB1okhD9,ATB,66,https://i.scdn.co/image/ab6761610000e5eb44d7cffab76f55289e92914d,trance,Techno & Trance
7oBJEgh7PQKJuxXb1lUEKA,The Wiseguys,37,https://i.scdn.co/image/ab67616d0000b273b48b2b56078e8513b01764c4,big beat,House & EDM
4tlPDFGdI3IwmwpGgW0Aza,"Oscar Brown, Jr.",30,https://i.scdn.co/image/a92a4cb981640c1fb263b62ca740bd6fa46df2f3,vocal jazz,Jazz
1sBkRIssrMs1AbVkOJbc7a,Rick Ross,80,https://i.scdn.co/image/ab6761610000e5eb8196a8109c28a8b8aca28fae,southern hip hop,Hip Hop/Rap
2qGWvRZ9undS1PEp0vmQi5,Akasha,26,https://i.scdn.co/image/ab67616d0000b2736ea855e0f7f93bf25c8f8d01,trip hop,Ambient & Experimental Electronic
07zy0JRDBBP5FMNJQ9aRTv,Blak Twang,20,https://i.scdn.co/image/ab67616d0000b273b42ced345a91ac4886a302c0,Hip Hop,Hip Hop/Rap
6JuRhSfY164psE7nZIXw53,Armando,24,https://i.scdn.co/image/ab67616d0000b273e4cc2b8263ef366102361356,acid house,House & EDM
3EzJinFIq2GkYPmCBDQuVu,E-Klektik,0,,big beat,House & EDM
2ebK4ueGwhVaXUm060m1BS,Captain Beefheart,33,https://i.scdn.co/image/f6effe2c32cbff9e3a4da24e82b2b56653930789,proto-punk,Punk/Hardcore
69GGBxA162lTqCwzJG5jLp,The Chainsmokers,84,https://i.scdn.co/image/ab6761610000e5eb4567279fac84a0375c3d819b,Electronic,House & EDM
6sMlCnG5Ka4O7IyxZZAoOZ,Themroc,2,https://i.scdn.co/image/ab67616d0000b273aac7b6691ee9afa3af252e6a,big beat,House & EDM
25w2vpqq7dYleBAqMx7Ijx,Zoot Woman,36,https://i.scdn.co/image/ab6761610000e5eb9d49106ef80de2b5cb3eb3f9,electroclash,House & EDM
376EkILFaF7BFBHr9Rzn7A,The American Analog Set,43,https://i.scdn.co/image/ab6761610000e5eba435187426c33d2969658b82,slowcore,Alternative/Indie
61uYVpJPgBq9dNrfUy6kTp,Medicine,32,https://i.scdn.co/image/ab6761610000e5ebd3c3cf626af40ff0cc450923,shoegaze,Alternative/Indie
2Los7jf0DpltIz39dDgNen,AfroCubism,40,https://i.scdn.co/image/ab6772690000c46c8a2dd7c05e52cb660733356f,son cubano,Latin
7xtYIeGZVnKdIxPZcSPcEt,Midnight Mike,2,https://i.scdn.co/image/ab67616d0000b273c3df360e4fbee180b57a2dd2,disco house,House & EDM
7EnAgffrVyerTWH628TJ6f,Nitzer Ebb,37,https://i.scdn.co/image/ab6761610000e5eb69b9736846c14a1c3a074933,ebm,Ambient & Experimental Electronic
2RUW6D53228zMHAXjaQI8f,Spragga Benz,43,https://i.scdn.co/image/ab6761610000e5ebcfb43b2c5e569604d660352f,dancehall,Reggae/Caribbean
3DkmShHV6P6CezJN6EPmCJ,Shawn Lee,43,https://i.scdn.co/image/471cb48edc6b2eed3522f5b8af8ab4034fb5ca3c,Electronic,House & EDM
1k8VBufn1nBs8LN9n4snc8,Stereo MC's,53,https://i.scdn.co/image/ab6761610000e5ebc7b519f1a094dfe6c3b6357a,acid jazz,Jazz
3X0gDmx2ZgbRMSVhpvrkwG,The Creators,11,https://i.scdn.co/image/ab67616d0000b273b141cb91b51ccb9ed18036b7,boom bap,Hip Hop/Rap
2YVF0Ou5zIc4mpgtLIlGN0,Robert Miles,66,https://i.scdn.co/image/270333abeb769990ca788d54758ba7eff4488775,trance,Techno & Trance
2wnJCxpnKAagrdBJAvaDrQ,Rozalla,45,https://i.scdn.co/image/ab6761610000e5eb4f8f65a9d8da4c548aabc662,eurodance,House & EDM
5Gd4Rpmwy7Pdi7EACekqUE,Alozade,23,https://i.scdn.co/image/ab6761610000e5eb308853f2578f07f98411f38e,dancehall,Reggae/Caribbean
3kc5AFnL1TQQdNaMdSW2UO,Wayne Wonder,54,https://i.scdn.co/image/ab6761610000e5eb0ea0e4ee372ad94cf9ae724a,dancehall,Reggae/Caribbean
0s9KIyjWtFcsRdKtMECxFp,Shinichi Osawa,35,https://i.scdn.co/image/ab6761610000e5eb0c43d77420e14a92f4a3b450,electroclash,House & EDM
48YxSlb23RAaCd4RyHcV9V,Herman's Hermits,54,https://i.scdn.co/image/661423f5d26a62a4a2947488c2892a6c5c4a5e34,Rock,Rock
28EZh7WvdbWwfOrf5lkvCk,Bentley Rhythm Ace,28,https://i.scdn.co/image/ab67616d0000b2733015d47bc602d470cfad4bca,big beat,House & EDM
3TGa5U9uBpIQXoI2emyXMo,Equinox,25,https://i.scdn.co/image/ab67616d0000b2735e5659a7bb73273dd5b31212,hard house,House & EDM
3e7awlrlDSwF3iM0WBjGMp,Little Mix,76,https://i.scdn.co/image/ab6761610000e5eb08cd53940cbf5813ee5fe565,Funk / Soul,Funk/Disco
4zLjvhhQ5WLRFCKPPgx8q6,Walls,8,https://i.scdn.co/image/48f872ed52777d3a7ebf7d4edc381a8729d3d61d,Electronic,House & EDM
5O7ziOtiFUyRMBJN1J4Tpv,Cathedral,34,https://i.scdn.co/image/ab6761610000e5ebd945e8fd4f823d80e9088828,doom metal,Metal
4JvZfXWJE3cC2lNCOaNlvT,Frédéric Metthé,11,https://i.scdn.co/image/ab67616d0000b2738901fe311948283732fa7669,Classical,Classical/Orchestral
0BkAYxgwF9VQiid4wI07yJ,Clannad,53,https://i.scdn.co/image/ab6761610000e5eb7982107c40011477b42c2fb4,celtic,Folk/Acoustic
4MXUO7sVCaFgFjoTI5ox5c,Sufjan Stevens,74,https://i.scdn.co/image/ab6761610000e5ebd3dfaf556b10df573a5ab1f5,baroque pop,Pop
35nXw4E9MGWTmijZgX2h84,Lisa Carlyna Zumpano,7,,,Unlisted
14H15rElxdGClICOZXEYHP,MoStack,56,https://i.scdn.co/image/ab6761610000e5ebe057461b0628360f58f6785e,grime,Bass Music
2Nrvi6wKKZ0iAaxaBPDBzj,Capitol K,11,https://i.scdn.co/image/ab6761610000e5ebf6d856e0a41a7482f19da35a,idm,Ambient & Experimental Electronic
5gxynDEKwNDgxGJmJjZyte,Steve Winwood,62,https://i.scdn.co/image/ab6761610000e5eb00468f77cbf98e01cfd1be08,yacht rock,Rock
7pww8JMPMj1SxUfJ8wN5Kt,HAERTS,35,https://i.scdn.co/image/ab6761610000e5eb69752d647ee926ddf1f8445c,Rock,Rock
0jW6R8CVyVohuUJVcuweDI,The Piano Guys,64,https://i.scdn.co/image/ab6761610000e5eb347c3f307c796d4945292d48,Pop,Pop
5rlNKRdDVhvxEUCuVpml1o,Sarah Peasall,6,,bluegrass,Country/Americana
7EJDexRo4aTZHZv54cugss,Joyce Ackerson,0,https://i.scdn.co/image/ab67616d0000b273038d568487a08f401d069c6b,,Unlisted
0dCKce6tJJdHvlWnDMwzPW,Village People,62,https://i.scdn.co/image/ab6761610000e5eb60571cd7326957308bad6380,disco,Funk/Disco
1UGAJIJsfFFbkR5t6KMUxt,Geoff Mullen,0,https://i.scdn.co/image/ab67616d0000b2732855668e0334c91fde17306b,drone,Ambient & Experimental Electronic
2AMZYRU9gyPG7OEfSYA8Dr,Field Works,21,https://i.scdn.co/image/ab6761610000e5eb7381d0dc296b95446e545dcb,ambient,Ambient & Experimental Electronic
44Z5ZP2F1omniNpGEdNDdt,Alison Balsom,41,https://i.scdn.co/image/ab6761610000e5ebf7bf811823ed199452a2acd1,classical,Classical/Orchestral
6eOctSpuft4GgCDDBarBak,Mayor,0,https://i.scdn.co/image/ab6761610000e5eb084e972cccdcd53bd837cf1c,Hip Hop,Hip Hop/Rap
4nP1Vg2YuLE0Nbr7uK08SM,Nomad,35,https://i.scdn.co/image/ab67616d0000b27342ba7665d1a6e34d89b0555a,hip house,House & EDM
6YHEMoNPbcheiWS2haGzkn,Michael Bolton,67,https://i.scdn.co/image/ab6761610000e5eb621cbb757dcbf609042f98d8,soft rock,Rock
1C2rCgyUlqHUx1Xm0KXUik,Greg Haines,30,https://i.scdn.co/image/758e187e5075790082630b8a6dc73e1c8456bff9,neoclassical,Classical/Orchestral
286ISF773WEHxLmRRo2BJJ,Charlie Christian Quartet,0,,Jazz,Jazz
5VWK31RnPSWHaJO2gtk2bQ,51 Black Super,0,https://i.scdn.co/image/ab67616d0000b2731723472491a58fca71db3b5e,garage rock,Rock
52Syw7gkGRePCAYvEY2X9D,N-Dubz,54,https://i.scdn.co/image/ab6761610000e5eb54a3ba2a561629077cc505a3,Electronic,House & EDM
1qsa20MWDjV9QI93zn2i2s,Cid Rim,29,https://i.scdn.co/image/ab6761610000e5eb3236615a7a3698d9e7a56e69,Hip Hop,Hip Hop/Rap
2qLU3VUpp3uV2Oyf786FC3,Rogê,45,https://i.scdn.co/image/ab6761610000e5eb768e150381adb3af153ace57,samba,Latin
7CUcJMFBfSARR8js036QOn,Woody Herman & His Orchestra,38,https://i.scdn.co/image/ab67616d0000b273a23f95eaf86820cdd210db31,big band,Jazz
2d3VHzlOEwXvmBdS4pzOPL,LeAnn Rimes,65,https://i.scdn.co/image/ab6761610000e5ebe3cf96c38c8421e7c3a10cc1,"Folk, World, & Country",Folk/Acoustic
17dbJyUCrxh4I7iyUrjaHU,Carl Craig,41,https://i.scdn.co/image/ab6761610000e5eb1e972f7af091d87b2aec15af,idm,Ambient & Experimental Electronic
7MJ1pB5d6Vjmzep2zQlorn,Benjamin Britten,49,https://i.scdn.co/image/40eb3ffb36cd0c98ca76630260d09b0025be373d,classical,Classical/Orchestral
3khg8RDB6nMuw34w1IHS6Y,Jónsi,54,https://i.scdn.co/image/ab6761610000e5ebb918a33f006ee9d457b74ab7,post-rock,Alternative/Indie
2vUpX2Zq1DBdCHuoEnmzkK,Tom Trago,25,https://i.scdn.co/image/ab6761610000e5eb256ed2c2a2f17694439ea6f1,Electronic,House & EDM
1b8kpp4DUwt1hWaxTiWQhD,Gal Costa,66,https://i.scdn.co/image/ab6761610000e5ebce25c56eb261c36e5ebc7864,mpb,Latin
2Z0z8NYUiPyUQxgy1BsOIJ,Bochum Welt_TEST,0,,,Unlisted
4L7TL4CnvDR3iZQuVy6ESm,John Tartaglia,40,https://i.scdn.co/image/ab67616d0000b273bd8ebafdbc2ea4e2461a5d29,musicals,Unlisted
5dP0K6UFJq6UOewk4qIKmL,Iiro Rantala,41,https://i.scdn.co/image/ab6761610000e5eb3289392ca2d8c78b34eda74c,jazz,Jazz
20RWPCGIIeOoQmHmoF8vZR,Gregg Nestor and Dominik Hauser,0,,,Unlisted
1sSUBGud3QgpkiaQ27XDIm,Clock Opera,26,https://i.scdn.co/image/ab6761610000e5eb2f6c1364d4fc4884cf914406,Electronic,House & EDM
6XJPGyxrP66scKvIE9kpPN,Lyn Collins,39,https://i.scdn.co/image/ab67616d0000b273c0bb2637909a442c6467af70,funk,Funk/Disco
0UOrkpzPED604dKzxgfJqg,Rodrigo Amarante,58,https://i.scdn.co/image/ab6761610000e5eb7c73087fcc71226aeffc0290,nova mpb,Latin
1BwHztAQKypBuy5WBEdJnG,Jennifer Warnes,64,https://i.scdn.co/image/64291f4994df9512a925282f6b378dcc407d4d55,Rock,Rock
7giUHu5pv6YTZgSkxxCcgh,Edward Sharpe & The Magnetic Zeros,65,https://i.scdn.co/image/ab6761610000e5eba9557581d591dcb5dbf174df,Rock,Rock
3qnAV28sOSJx6Y0LzDbl65,Eve Gallagher,13,https://i.scdn.co/image/ab6761610000e5eb946af9328f69f51b1b26ae41,acid house,House & EDM
6bETcPKjsI4UE4ZMHtcZCh,Dominica,48,https://i.scdn.co/image/ab67616d0000b2734337c095ea2a9da81280353b,Hip Hop,Hip Hop/Rap
6ScDJaxsDqmtEB0CZY3WAC,Dustin Zahn,25,https://i.scdn.co/image/ab6761610000e5eb5f9d7c133e701f9c85e1f9d4,techno,Techno & Trance
683lE3PgdanngWCkm4za5n,The Peasall Sisters,26,https://i.scdn.co/image/ab67616d0000b2734d488c68b02815257a37eb20,bluegrass,Country/Americana
2QhuuuH8deOoFLzNiiEeLX,Alan O'Bryant,21,,bluegrass,Country/Americana
4ERjBn7uygVdUH4JQSOzzg,Profane,0,https://i.scdn.co/image/ab6761610000e5eb12b4f5fbb68140ec3a7df431,jungle,Bass Music
