  artist_popularity,artist_id,supergenre,primary_genre,artist_name,artist_image
67,7mEIug7XUlQHikrFxjTWes,Unlisted,none,Neil Diamond,https://i.scdn.co/image/f4d0fb18cb338eddee6b482779d946183a743b12
37,4oCcCzMjKNCjQTzxtVlOJT,Unlisted,none,Loma,https://i.scdn.co/image/ab6761610000e5eb158a526ebbf80361d2872616
11,0khLXts50OJxtR5eNOEjnj,Unlisted,none,A Mountain Of One,https://i.scdn.co/image/ab6761610000e5eb85ac311d8d687364505bda8c
13,483bBNsBBCvjAnx2Sc8BHc,Unlisted,none,Gently Tender,https://i.scdn.co/image/ab6761610000e5eb5df59edbfd66bdedc25457d5
33,4IDoKaZIEacb3QncU8RQMp,Unlisted,none,I Am Kloot,https://i.scdn.co/image/38bb974dcf1093e28db0e8a5185b1c574d74d3ee
25,0TwXWZcwzGVVOa1Vdu3UEj,Unlisted,none,Nørbak,https://i.scdn.co/image/ab6761610000e5ebe79c313239d9a3df8c9aabac
22,3UjZDptt2aZDIw2gKixdkM,Unlisted,none,Yoshika Colwell,https://i.scdn.co/image/ab6761610000e5eb8484b9541089cacd67fdc733
28,4Oj1cFCMX4LgHuNsgQJBr8,Unlisted,none,George Formby,https://i.scdn.co/image/ab67616d0000b273697597dfd9b4cae71b990757
6,0saF9MYmdZpH0xNprFZcR9,Unlisted,none,Post War Years,https://i.scdn.co/image/ab67616d0000b2735d44ddcc63ba5ed89951d909
36,5eTBCaRETnQ9fthJD0gfzp,Unlisted,none,Finnegan Tui,https://i.scdn.co/image/ab6761610000e5eb6d2cac8a263f65434b3a71e0
26,1C545778m57qWQwISWGAHD,Unlisted,none,Bodhi,https://i.scdn.co/image/ab6761610000e5eb5df8d71871a4cdd0f0edb7dc
24,0mbhGA9S4pADQEqouZqqgL,Unlisted,none,Makadem,https://i.scdn.co/image/ab6761610000e5eb173452262db6699f636e47ed
54,2uQn9OFibYuvEMqMuH1zaP,Unlisted,none,The Caretaker,https://i.scdn.co/image/ab6761610000e5ebc4942edcbc0cbfd915ea4e75
38,7eiTMbuHYUPjrAMjIhAVDB,Unlisted,none,The Bug Club,https://i.scdn.co/image/ab6761610000e5eb4beed77650c8af0405a716ab
71,1fa0cOhromAZdq2xRA4vv8,Unlisted,none,Simply Red,https://i.scdn.co/image/ab6761610000e5ebdf126340c69932e9c9ff27de
22,3Ld1hAQ5LWFw46Pv8VS5tP,Unlisted,none,Gracie Fields,https://i.scdn.co/image/ab67616d0000b273279e2b6df3d6275b82da77c7
30,47sKkybVg9NVz7IWvTezzy,Unlisted,none,TAXI KEBAB,https://i.scdn.co/image/ab6761610000e5eb3115c824384dfedd8e4ee8a1
42,244fcyNSuyhbRlMGfMbYrO,Unlisted,none,Badly Drawn Boy,https://i.scdn.co/image/ab6761610000e5eb0de568f024be254e54dc4142
15,5ZcSizTG3mmhVdlvEau3TS,Unlisted,none,1morning,https://i.scdn.co/image/ab67616d0000b273b838dec103df2ed031fd1347
30,6dIOTeSQDBSR6gwsL0WB2n,Unlisted,none,Lonnie Donegan,https://i.scdn.co/image/ab67616d0000b273da788959926695cb1c562424
53,3C8RpaI3Go0yFF9whvKoED,Unlisted,none,The Avalanches,https://i.scdn.co/image/ab6761610000e5eb348fb7d638c8f86c675122e2
56,0P0do9GwiSgweSF6Ui3mrv,Unlisted,none,Nathan Lane,https://i.scdn.co/image/ab67616d0000b273ce1fc502ac6683d5d36e3f20
29,1M684BN2C8BO9WwB0xeXJo,Unlisted,none,Wings of Desire,https://i.scdn.co/image/ab6761610000e5ebea6013bc5ac7ddbc6a6b1487
28,46MOKAqmDsUILZl3iXyPmw,Unlisted,none,Du Blonde,https://i.scdn.co/image/ab6761610000e5ebe76d1827002476064584ca6e
34,3MOw1ev3YQ8liIGmHT3eH6,Unlisted,none,The Wurzels,https://i.scdn.co/image/ab67616d0000b2732caa4efe84a0c92d726ec40e
55,6Id8rcDNyBXPcgKQVfQ8rX,Unlisted,none,Samuel E. Wright,
8,0JUTh3GM8SoFZTEyqPCRl5,Unlisted,none,Will Sheff,https://i.scdn.co/image/ab6761610000e5eb84617a7dcc678fcab1590fd5
40,4LhV33vJvXmFGSM3m5RzUR,Unlisted,none,Blake Mills,https://i.scdn.co/image/ab6761610000e5ebde3689a40f0288f48d73c5ac
58,02YLJJnWC7YQVixkjEBRn7,Unlisted,none,Billie Marten,https://i.scdn.co/image/ab6761610000e5eb471e47818223e2beca75e7c7
41,34c3b95E9ZQPMPapPOv8RW,Unlisted,none,Hohnen Ford,https://i.scdn.co/image/ab6761610000e5eb92d55a7be59ea560c90d73a1
27,1hPgyZ5YatVFXQBhsXKTpq,Unlisted,none,Alberta Cross,https://i.scdn.co/image/ab6761610000e5eb9de4dcb020e966903b64db0f
66,2kGBy2WHvF0VdZyqiVCkDT,Unlisted,none,Father John Misty,https://i.scdn.co/image/ab6761610000e5eb8a78e4e37d117b9cc90a6363
13,6XFi04N1Xd2SA208vd3AGU,Unlisted,none,Mark b,https://i.scdn.co/image/ab67616d0000b273462cf0fc1ffa954cb8acf27d
38,64kN9EkSTHYhda2FupL0KI,Unlisted,none,Blawan,https://i.scdn.co/image/ab6761610000e5eb57e2509b54b2d8273fecdeac
21,0ukgSx1gUt5rUihbNh46qy,Unlisted,none,Christopher Owens,https://i.scdn.co/image/ab6761610000e5eb4baec88d8b637d87f734d85e
77,4LEiUm1SRbFMgfqnQTwUbQ,Unlisted,none,Bon Iver,https://i.scdn.co/image/ab6761610000e5eb1a0c1f04c95539fd55ef0ebb
45,0O98jlCaPzvsoei6U5jfEL,Unlisted,none,Damon Albarn,https://i.scdn.co/image/ab6761610000e5eb6f9abbd1438714c5105e2a57
67,7FIoB5PHdrMZVC3q2HE5MS,Unlisted,none,George Harrison,https://i.scdn.co/image/ab6761610000e5eb0d50c5a88d44de4a2dc60dc1
54,01hRNr3yF5bYnPq4wZ88iI,Unlisted,none,Tommy James & The Shondells,https://i.scdn.co/image/ab6761610000e5eb510f182fe0230dc7beacaee0
8,48wMni3Jw152PqRVt9qWV4,Unlisted,none,Ritzi Lee,https://i.scdn.co/image/ab6761610000e5eb960a22e8b3f50d389dbfca23
26,7Cm4VBm1trDn5A3CWbzDVl,Unlisted,none,Max Bygraves,https://i.scdn.co/image/ab67616d0000b273eb2b6d8da972eb86d0b524dc
58,4C50EbCS11M0VbGyH3OfLt,Unlisted,none,Bahamas,https://i.scdn.co/image/ab6761610000e5ebdab93a525f5a0a39ee1df01b
0,7snFSn4FnZ4EGcFb3KdpSV,Unlisted,none,Alan Wass and the Tourniquet,
34,3cePP77CX6XY9b0aigzrqh,Unlisted,none,BC Camplight,https://i.scdn.co/image/ab6761610000e5eb64a52b61e3ee5f67b96fa8cf
65,3IZrrNonYELubLPJmqOci2,Unlisted,none,Nancy Sinatra,https://i.scdn.co/image/ab6761610000e5eb425050048d82a8b7dfd0e4ec
62,4ZfEELHfyKd4odAb6YfDFw,Unlisted,none,White Noise for Babies,https://i.scdn.co/image/ab6761610000e5ebeecdaa477da666dc9222d0ea
49,3NUtpWpGDoffm3RCGhSHtl,Unlisted,none,Mount Kimbie,https://i.scdn.co/image/ab6761610000e5ebbd861e99a069e3a054c58fa7
44,2LMR8u7DOMF0FBseDpTsRa,Unlisted,none,The Beta Band,https://i.scdn.co/image/ab6772690000c46c1ae22273d80ab40c92205b27
31,6XiSck3QPuXk7ho6zlDz3P,Unlisted,none,The Bees,https://i.scdn.co/image/ab6761610000e5eb6bab56bf1addac6c6f4347a5
39,1zrBQvkTNhFFby4V5UiK2L,Unlisted,none,Turin Brakes,https://i.scdn.co/image/ab6761610000e5eb643b6e87e52cb1a31d2ec18c
13,538TUK3KiHnDNHkHLF2yrK,Unlisted,none,Bruce,https://i.scdn.co/image/ab6761610000e5eb61ff7e3364105bc8c14a716e
34,2rnZ3TYlGce0bg2ogrtShe,Unlisted,none,Boris Grebenshikov,https://i.scdn.co/image/ab6761610000e5ebccb21db2456cf83087fd4b95
34,4yrO1N273PlTaixa4BNwBz,Unlisted,none,Avalon Emerson,https://i.scdn.co/image/ab6761610000e5ebcc8bf10ff87b82e4d062fccf
52,0EgHhNmWcjusA7F2heSD0O,Unlisted,none,Baxter Dury,https://i.scdn.co/image/ab6761610000e5eb11ba207f3f083a4788417d25
32,67zR9a98QqWJwpO7wBrGog,Unlisted,none,Sonny & The Sunsets,https://i.scdn.co/image/ab6761610000e5eb1756304376d658cefe7a52a0
33,4zrFO6P7G6EZry0pfxMfKT,Unlisted,none,Wild Beasts,https://i.scdn.co/image/ab6761610000e5eb87607b826497b1e83c1a4c87
30,2We7vKruiEweV984BdrxGA,Unlisted,none,Jerkcurb,https://i.scdn.co/image/ab6761610000e5eb296cbeef8a2fa554f56a0460
48,6mKqFxGMS5TGDZI3XkT5Rt,Unlisted,none,Angel Olsen,https://i.scdn.co/image/ab6761610000e5ebc2529fa7223c4a6190f07820
60,4wyNyxs74Ux8UIDopNjIai,Unlisted,none,King Krule,https://i.scdn.co/image/ab6761610000e5eba15b75a2ee429509f547c3af
44,4nhvb6x9ZhPiYCzrHDNia9,Unlisted,none,Daphni,https://i.scdn.co/image/ab6761610000e5eb64a6f350a866eb6e119a5a6e
54,2wJ4vsxWd7df7dRU4KcoDe,Unlisted,none,Sharon Van Etten,https://i.scdn.co/image/ab6761610000e5eb44bf77f28461ee5d6e10cabe
22,0DEgoO9OsoL2jW9Orh3TNT,Unlisted,none,The Cooper Temple Clause,https://i.scdn.co/image/8615e85ae985fcc0934bb7a09cd61f865d66404a
28,1fVyf1LbeIEE4DUT4dZhHL,Unlisted,none,Josephine Foster,https://i.scdn.co/image/ab6761610000e5eb571cde1325b52c24c47ff589
29,6pdYN3jOHWteVALy9sKGEf,Unlisted,none,Gonjasufi,https://i.scdn.co/image/ab6761610000e5eb2fa1b850ed65703953260dab
46,5SjNVG3L9mgWQPsfp1sFDB,Unlisted,none,Wye Oak,https://i.scdn.co/image/ab6761610000e5eb09d3a19718a94938681c1beb
34,4aFx7q4WkiTWPLJNW5mkKK,Unlisted,none,Nerina Pallot,https://i.scdn.co/image/ab6761610000e5eb1a4955be3b680f82434483cd
34,1jwOuEBcOKq0BeudSarbEM,Unlisted,none,Amen Dunes,https://i.scdn.co/image/ab6761610000e5eb53022d9a3df671aa4fdf8afb
2,2t20OEGMQ88YYSM22lKe5j,Unlisted,none,Blueprint Blue,https://i.scdn.co/image/ab6761610000e5ebdc9b0bf845280060efcb6993
58,4CvTDPKA6W06DRfBnZKrau,Unlisted,none,Thom Yorke,https://i.scdn.co/image/ab6761610000e5ebbe918e48bee898ae236c06a1
7,3FKhFIysDUOzJwTMNIFjpf,Unlisted,none,Rick Simpson,https://i.scdn.co/image/ab6761610000e5ebfa5ee67c56d71da3f717cfcb
18,6YYL5NTuYQMefKMYEPVE6K,Unlisted,none,Tariverdiev,https://i.scdn.co/image/ab67616d0000b273da536d07cb044083bb75eac5
52,5gspAQIAH8nJUrMYgXjCJ2,Unlisted,none,Kurt Vile,https://i.scdn.co/image/ab6761610000e5eb887166f654d7d277ec55aec0
83,3AA28KZvwAUcZuOKwyblJQ,Unlisted,none,Gorillaz,https://i.scdn.co/image/ab6761610000e5ebdd5b57b40cf2aaeccd07835e
54,3u9rbdcmA6CxjxOAkjaeFr,Unlisted,none,Kokoroko,https://i.scdn.co/image/ab6761610000e5eb4195eb7322a35b79fee7d169
51,7I95CM75shzCjHuTzrepjM,Unlisted,none,Nova Twins,https://i.scdn.co/image/ab6761610000e5ebf363f15fd70f3e3e5c8a8e3c
54,1YZEoYFXx4AxVv13OiOPvZ,Unlisted,none,Devendra Banhart,https://i.scdn.co/image/ab6761610000e5eb7d079249b30567c81b006ba8
33,0PiMvUJDkqg4AAfl8CP1Di,Unlisted,none,Flaer,https://i.scdn.co/image/ab6761610000e5eb55d5abeb344b12f9c07f2835
36,1WVGbBnzZ5WLZ2PfesIHik,Unlisted,none,Cassandra Jenkins,https://i.scdn.co/image/ab6761610000e5ebd341eb41ddc7e7315320e955
21,5IVLihKRLMZ5RHzSPa7cAI,Unlisted,none,Mermaid Chunky,https://i.scdn.co/image/ab6761610000e5ebb4253d66d994918bec5e5ade
28,2e1wMFU6VpZkcLil2g7MrF,Unlisted,none,Pony Bravo,https://i.scdn.co/image/ab6761610000e5eb55859e8af1fe28ebc27fe06b
31,0qsb6mnN5e7ut4axY4wofX,Unlisted,none,Noel Coward,https://i.scdn.co/image/ab6761610000e5eb08e428f65a5656cfebb39ff9
64,1T0wRBO0CK0vK8ouUMqEl5,Unlisted,none,Tom Jones,https://i.scdn.co/image/ab6761610000e5eb03dc1982d985027835b2ef60
28,3b0YRaadaoMwK4STNVeHGF,Unlisted,none,Keeley Forsyth,https://i.scdn.co/image/ab6761610000e5eb3368e4fc0712ca30d19e2998
41,0zZHy0tQvwi4L5HNvNq0QY,Unlisted,none,Ora Cogan,https://i.scdn.co/image/ab6761610000e5eb884c9fa973f5e988790b8c05
32,6k8oBFzievbIn6XJK0pDpa,Unlisted,none,Tunng,https://i.scdn.co/image/ab6761610000e5eb7a144507a46569f89a0459fb
28,6Tq3FiTmCxEfA2iEFX8mNi,Unlisted,none,WAR TECH,https://i.scdn.co/image/ab67616d0000b273c7aceb910aeacda67e990a66
42,1T8NnxA0fnU3TQ6aiTNNtw,Unlisted,none,Loco Mía,https://i.scdn.co/image/ab6761610000e5ebf857ae5ca0431dfd3ccfc299
33,0OTZiDBitc9zVFG5hwLBQD,Unlisted,none,Mari Kvien Brunvoll,https://i.scdn.co/image/ab6761610000e5eb96896a2a63ff2d74af7275d0
54,0LtVJXnPR8msCJiE2DjHxy,Unlisted,none,Angela Lansbury,https://i.scdn.co/image/ab67616d0000b273a6d80e2ed079cf1183ade19a
60,3HQyFCFFfJO3KKBlUfZsyW,Unlisted,none,Randy Newman,https://i.scdn.co/image/ab6772690000c46cce7143d8941faa26b2bea7aa
1,0THW14iGdJ8iDza1prq1WX,Unlisted,none,Fe'Male,https://i.scdn.co/image/ab67616d0000b27303917dcf6f2a20e1bef101b4
72,4STHEaNw4mPZ2tzheohgXB,Unlisted,none,Paul McCartney,https://i.scdn.co/image/ab6761610000e5eb03bf2fe26e397122faa3d323
67,3Oim8XBPbznAa8Jj8QzNc8,Unlisted,none,Cults,https://i.scdn.co/image/ab6761610000e5eb92ec52fb43fbd4d2511a9d1d
0,3Nqgz62gAUM5pUkd5ms9GL,Unlisted,none,We Call It Voight-Kampff,https://i.scdn.co/image/ab67616d0000b2735df77bb9872b0d5b99504fbb
5,2GDXx20hz7WhCHcgrzfJ0S,Unlisted,drumstep,Vromm,https://i.scdn.co/image/ab6761610000e5ebd21e94ba60bb12727d289312
60,41pd7r1XBRsvdxY3vHEgib,Unlisted,none,Wunderhorse,https://i.scdn.co/image/ab6761610000e5eb0e05e549428cb38b2f3e7a60
17,4XbegMt5bk2X8R6b8z0vaX,Unlisted,none,Karenn,https://i.scdn.co/image/ab6761610000e5ebba28b07b0849ef154732cc97
53,2tXfeqzziff6xpdcZUVTll,Unlisted,none,Estrellita Dónde Estás,https://i.scdn.co/image/ab6761610000e5eb3462b9e68a5a8c0f1b618769
18,7486WDJNPBwRqww0zDsXHI,Unlisted,none,DRINKS,https://i.scdn.co/image/ab6772690000c46cb1de0cf649efd852cb819877
3,4rzx4iwzF4sCJns8pelK55,Unlisted,none,James Ellis Ford,https://i.scdn.co/image/ab6761610000e5ebd55dd652de89dff86527908d
41,7oJ1EabmX7ejrie3NBzn0p,Unlisted,none,Kacy & Clayton,https://i.scdn.co/image/ab6761610000e5ebe77ee4c3a811d0e6cec9f20f
30,2XddLUPFBmTonCFy8uB3uc,Unlisted,none,Swim Deep,https://i.scdn.co/image/ab6761610000e5ebbad6c3cafd30c347a29e0c29
46,6fLrPFLWLSCrp7gcTZXcKb,Unlisted,none,Twin Shadow,https://i.scdn.co/image/ab6761610000e5ebb2fd051e3d780aa0ab294f06
45,6uIst176jhzooPMetg2rtH,Unlisted,none,Louis Cole,https://i.scdn.co/image/ab6761610000e5eb14037d4859271d8368d3a7f0
71,73Np75Wv2tju61Eo9Zw4IR,Unlisted,musicals,Idina Menzel,https://i.scdn.co/image/ab6761610000e5eb6e39cafa090a7f726177bbf7
86,3fMbdgg4jU18AjLCKBhRSm,Unlisted,none,Michael Jackson,https://i.scdn.co/image/ab6761610000e5eb997cc9a4aec335d46c9481fd
48,2kLa7JZu4Ijdz1Gle2khZh,Unlisted,none,TSHA,https://i.scdn.co/image/ab6761610000e5ebfbd983e58366ccec244435e5
0,6cinIxSY7ulubocBa3sQxs,Unlisted,none,Awale Jant Band,https://i.scdn.co/image/ab6761610000e5eb479069f7afa8b706e609ed68
51,5Va9LuEmaZxnbk1gMnjMD7,Unlisted,none,Arrested Development,https://i.scdn.co/image/ab6761610000e5eb09f1ef3b76da5758e3bd7ad2
17,4j0kkeb3v42Dzdu4r3BrBE,Unlisted,none,Jack Adkins,https://i.scdn.co/image/ab6761610000e5eb1b2f19ba017e4191252c60b4
81,0LcJLqbBmaGUft1e9Mm8HV,Unlisted,none,ABBA,https://i.scdn.co/image/ab6761610000e5eb81a5ec3c9b4a6750440904d8
40,50sSN9E5i4DJzYDclAXlSo,Unlisted,none,Anna Calvi,https://i.scdn.co/image/ab6761610000e5ebf2b1a44faf4617306c2d5bec
27,5gl6pfPwJ1coivVUMZPiS9,Unlisted,none,Dennis Wilson,https://i.scdn.co/image/be4685b5a9fc613afde142972afb3016ff5ce3a1
0,3rIlgkqfgreQxyLrXR2Sln,Unlisted,none,S.O.L Collective,https://i.scdn.co/image/ab67616d0000b2738d5423997a392eac6d91aabd
33,6ho33Vt1tjZyf8m7Z5NZhx,Unlisted,none,Gaz Coombes,https://i.scdn.co/image/ab6761610000e5ebd41ace025de42a3c28e96fe6
27,5KAxF8BtuqO5emnRCjorwk,Unlisted,none,Kit Downes,https://i.scdn.co/image/ab6761610000e5ebe94bb5066da2cabad4d10da1
18,7DfLZTzpQJl5Ni7WhTtAIY,Unlisted,none,Appleton,https://i.scdn.co/image/ab67616d0000b2732cb7fdd0e0e2662f4e922b4d
11,656QlXWNjRtnzAr5YNBEQB,Unlisted,none,Tom Furse,https://i.scdn.co/image/ab6761610000e5ebb273cf5261327618668dc12a
12,1lDMAbbNDbexmdOLHIruyM,Unlisted,none,Steve Bicknell,https://i.scdn.co/image/ab6761610000e5ebedd268853002a715c3cd704e
38,3I3Fz1DeUY0icXFvOjbXm7,Unlisted,none,Methyl Ethel,https://i.scdn.co/image/ab6761610000e5ebbd5927434f8a64b9bb124cb0
34,3jQ8hpdQo3TCEnb5gmOtH5,Unlisted,none,Erol Alkan,https://i.scdn.co/image/ab6761610000e5eba454af2e4ae2cbf2dc7471ae
73,26T3LtbuGT1Fu9m0eRq5X3,Unlisted,none,Cage The Elephant,https://i.scdn.co/image/ab6761610000e5eb766df8f443e0160f7b35545d
4,1DkWFC98CftgO8yYg3z76i,Unlisted,none,R.O.S.H.,https://i.scdn.co/image/ab6761610000e5ebb10e9c31576c49282fe81f16
15,6naGTpITCSx3St2nZgxDuz,Unlisted,none,Merchandise,https://i.scdn.co/image/ab6761610000e5ebf9709bdb2f6f8d6f74b34c49
18,3qFOpjNiYRuQNVl564TGgO,Unlisted,cold wave,Tropic of Cancer,https://i.scdn.co/image/83c9c0c7760102db046aa736b512c5d6212abf1d
66,41qil2VaGbD194gaEcmmyx,Unlisted,none,Will Smith,https://i.scdn.co/image/ab6761610000e5ebdafd166f0fab33d721ff840d
28,6fEO1r9Y9TYL9O4w5kVPmc,Unlisted,none,Jagwar Ma,https://i.scdn.co/image/ab6761610000e5eb50a1873cde4b5c0f6574335a
2,6boiNkzbq1E9P5VlAUNl6a,Unlisted,none,Bass Clef,https://i.scdn.co/image/ab67616d0000b2738bf0a116268277f867290a7b
37,4gk4lhkLjXnM1P7DT0TSuj,Unlisted,none,Scoundrels,https://i.scdn.co/image/ab6761610000e5ebb148ada1118e7e4225235143
64,4UXJsSlnKd7ltsrHebV79Q,Unlisted,none,Nick Cave & The Bad Seeds,https://i.scdn.co/image/ab6761610000e5eb6bc10cacb013806f27aa7700
52,0TJB3EE2efClsYIDQ8V2Jk,Unlisted,none,Elbow,https://i.scdn.co/image/ab6761610000e5eb2dee92c802411c160b1bb6d9
36,53lfoqOxrU2wNl2URzXSo1,Unlisted,none,Insecure Men,https://i.scdn.co/image/ab6761610000e5eb6ab810a684f69381c485213c
82,3PhoLpVuITZKcymswpck5b,Unlisted,none,Elton John,https://i.scdn.co/image/ab6761610000e5eb0dc33a1c53bb58a84b45d6a7
22,3u39r3hiQU2sq7VrV38L6x,Unlisted,none,Ohtis,https://i.scdn.co/image/ab6761610000e5eb8653533036f92e2518260248
20,6xgNzJAeEB8BTOSzcTO1EI,Unlisted,none,Factory Floor,https://i.scdn.co/image/ab6761610000e5ebcaa4c0d85d1b94293308ee58
73,19ra5tSw0tWufvUp8GotLo,Unlisted,none,George Michael,https://i.scdn.co/image/ab6761610000e5eb2113c21548ddabe305961c28
57,5TDVKqW9uhqGjwwwKGuma4,Unlisted,none,All Saints,https://i.scdn.co/image/ab6761610000e5ebd0174a95ad524932ee9432c0
44,1uR7zoLrSRI8bSL43OZ0GY,Unlisted,none,Ezra Furman,https://i.scdn.co/image/ab6761610000e5eb648d083d1e570c228bf98ae4
14,56j0HoH9KmM1I9GjR3skUi,Unlisted,none,The Amazing Snakeheads,https://i.scdn.co/image/e0b9c5882a5281a1dc8687e0176c3762fd939cc2
0,0B5Qd9h24decEhscyxbsNI,Unlisted,none,Klusters,https://i.scdn.co/image/ab6761610000e5eb6d2d00f5c745a085ec960d86
17,2j0a6SKKTAXaaNWU3pl86d,Unlisted,none,Joe Strummer & The Mescaleros,https://i.scdn.co/image/ab6761610000e5eb948d59a04066eee94f31a4a6
7,4PGqDzPCkNhkLPTqCkYRPC,Unlisted,none,Fufanu,https://i.scdn.co/image/ab6761610000e5eb7e4e43d453fac71d41df4674
73,3nnQpaTvKb5jCQabZefACI,Unlisted,none,Jeff Buckley,https://i.scdn.co/image/67779606c7f151618a28f62b1d24fb514d39dacf
4,4bFxhmY56pHx5hox8GK2jP,Unlisted,none,Blood Wine Or Honey,https://i.scdn.co/image/ab6761610000e5eb7f8189973bbaa6e1fa493f20
70,53KwLdlmrlCelAZMaLVZqU,Unlisted,none,James Blake,https://i.scdn.co/image/ab6761610000e5eb93fe5fc8fdb5a98248911a07
70,44NX2ffIYHr6D4n7RaZF7A,Unlisted,none,Van Morrison,https://i.scdn.co/image/ab6761610000e5eb5885f6c2d3ecf8e08bdfa472
46,3W4xM5XYtUp4ifYYPVKVdk,Unlisted,none,Grandaddy,https://i.scdn.co/image/ab6761610000e5eb1e7eb0dfb10ca4d31a72c3e6
18,5Rgh778FK9SlQtBEcNtkqZ,Unlisted,none,Arthur Beatrice,https://i.scdn.co/image/abd0f13ec8c8d3c719bd70286581ce4861721677
33,0IvTgqmNuZwVjEkkjzxLha,Unlisted,none,Henry Wu,https://i.scdn.co/image/ab6761610000e5ebd5ec7066a37ff0b4d3d2cb42
23,4Kgu9tJgtNXTWMjefKahs9,Unlisted,none,Ethel Merman,https://i.scdn.co/image/5daabc4155b1463c88d6dc0abcb1876488284aa2
54,32aUoW94mJ7xTJI7fG0V1G,Unlisted,none,Whitney,https://i.scdn.co/image/ab6761610000e5eb7b4c85d53d77381c6aaa8f8c
30,6eO95BjZhrWHREMfwC4vVN,Unlisted,none,Girls,https://i.scdn.co/image/e142cfa0a151fc9b0113aaa602b2af6295efa80a
16,438TWpixWUH0KLP6ARfymt,Unlisted,none,Parris,https://i.scdn.co/image/ab6761610000e5eb2e284446b885b5b5f8f2114a
31,1QWgx9hFrCazwvkqOGu77C,Unlisted,none,Oisin Leech,https://i.scdn.co/image/ab6761610000e5eb3c675eefb91a3b9113f96962
4,4pKfUzWJMtmMRralg9JPDz,Unlisted,none,Female,https://i.scdn.co/image/ab67616d0000b273be60720a0611c94844d13aa4
66,7dOBabd5O4CvKrg4iriHTM,Unlisted,none,Kid Rock,https://i.scdn.co/image/ab6761610000e5eb2306846cafba63385008dc21
14,3iNbmUx7BVyABcaTB4v2qQ,Unlisted,none,Arthur Askey,https://i.scdn.co/image/ab67616d0000b273a2fb3b629053e8964bda578f
33,6YRqlhH88xZ7h2WOhwNYOb,Unlisted,none,Caoilfhionn Rose,https://i.scdn.co/image/ab6761610000e5ebc0961803d4c0d44bebf84d11
34,5KqOWuKJPySBjp3mGVBWFR,Unlisted,none,Woo,https://i.scdn.co/image/ab6761610000e5ebde0a218c86e9c59a3e03fd29
14,2bJ08i0BSIRp1OwgEL8e66,Unlisted,none,Arkan,https://i.scdn.co/image/ab6761610000e5ebaa7344458aa61ee712358920
35,4UvhuGdFf75Cfan7lEU1J1,Unlisted,none,The Books,https://i.scdn.co/image/79589b1106ca44e882ce766ec0d8cab5e170f03e
16,656cRBmIQevcYvL7rOxKXX,Unlisted,none,Valeria Vix,https://i.scdn.co/image/ab67616d0000b2738c5cda1ffe68046b7ec97d55
25,5moj04MGEjXS0834GF3wK5,Unlisted,none,Freeform Five,https://i.scdn.co/image/ab6761610000e5ebdacc5f69fea8bd300b592619
32,5v8i5bIYoqGgrh9SLpclfd,Unlisted,none,Chimo Bayo,https://i.scdn.co/image/ab67616d0000b27313c834738db07ea93cee6fef
0,2A20zrG7noQCwFMNVqSScu,Unlisted,none,Dopamine,
59,7bPU7cvfoD20ixGD9Qnqki,Unlisted,none,Stealers Wheel,https://i.scdn.co/image/a209aa8215c4c91a321b5293bc6dcb64eff1ed29
40,69zRcOlNdSZ17VfIZe4VU3,Unlisted,none,The Korgis,https://i.scdn.co/image/ab6761610000e5ebeb363b6e5ed6095ba2870285
42,2A09V0kHlETOFfT8Hz8oba,Unlisted,none,Joe Strummer,https://i.scdn.co/image/ab6761610000e5ebb9586ddeb23977ba7d47e037
37,2c2X6dr1PHctH24BxNOjHi,Unlisted,drumstep,Eprom,https://i.scdn.co/image/ab6761610000e5ebd363e6f40951c0fddd00ccbf
0,61jFUXqoInk5vf2Hgh5cC6,Unlisted,none,Jubilee Years,https://i.scdn.co/image/ab67616d0000b2735692a4581634c074f979fff0
69,3rIZMv9rysU7JkLzEaC5Jp,Unlisted,none,Snow Patrol,https://i.scdn.co/image/ab6761610000e5eb9b328846dc38b0a620da1ce2
16,4164ldqgBP6uc3FuA1gA4b,Unlisted,none,Nonkeen,https://i.scdn.co/image/0ed7e3316f8953d8e48650b72fee7470c879f334
8,4dP83PBkCNYonbyLsSQazb,Unlisted,none,Phyxix,https://i.scdn.co/image/ab6761610000e5ebcc8d00a3dfa4f8840cbcba0b
54,6Qm9stX6XO1a4c7BXQDDgc,Unlisted,none,Fruit Bats,https://i.scdn.co/image/ab6761610000e5eba918fc43426faadc65a91552
55,0HNGrIbq1ZNO2mTp3tMW4L,Unlisted,none,S Club,https://i.scdn.co/image/ab6761610000e5eb9628a29f2f8940dc77117e9c
45,5H9IFTRxSICj24uxO15ScU,Unlisted,none,English Teacher,https://i.scdn.co/image/ab6761610000e5ebd43327e0c1199189b09e280c
48,6Lll1MPPak4m4vZKuJB264,Unlisted,none,BRONCHO,https://i.scdn.co/image/ab6761610000e5ebe4cbf08362ba66c4354c0f40
51,1ybAN3utgdoUL1MUCtH4QM,Unlisted,none,Tennis,https://i.scdn.co/image/ab6761610000e5eb1ad3046dcf25e6c643382364
53,4bUqnkrDrb4f7rqmDR9yDu,Unlisted,none,Foy Vance,https://i.scdn.co/image/ab6761610000e5eb46515645d7dc0aa37147190b
34,3160Uht6QdGT17EECSPWAO,Unlisted,none,Alarico,https://i.scdn.co/image/ab6761610000e5eb84abf19be217f0b986ad151d
52,5m7wCUhYhBh7A3A3YMxrbt,Unlisted,musicals,Queen Latifah,https://i.scdn.co/image/ab6772690000c46c2e33b2585d62f51ab9df74e7
20,0MPTLi41EZ3fWi3GYQvHQi,Unlisted,none,Abner Jay,https://i.scdn.co/image/ab6761610000e5eb69a82e2d76ebf10cea55d5d4
7,0HZwzLzbTgaRdQ5icuiyF4,Unlisted,none,Redhead,https://i.scdn.co/image/ab6761610000e5eb8f002a0f4e01f41383f15971
56,4FAEZeJcsYYBkNq2D3KGTV,Unlisted,none,Three Dog Night,https://i.scdn.co/image/aa4bb75d6dff8cbb79e790e370ee27a40b3a6cc9
60,73A3bLnfnz5BoQjb4gNCga,Unlisted,none,BICEP,https://i.scdn.co/image/ab6761610000e5eb5f50134ddc05a12e03b02ca2
78,3eqjTLE0HfPfh78zjh6TqT,Unlisted,none,Bruce Springsteen,https://i.scdn.co/image/ab6761610000e5eb81df2fa2f937029ec986bbb8
34,3OGLZyNTROPbmMMX6oD4Jf,Unlisted,none,ANNĒ,https://i.scdn.co/image/ab6761610000e5eb83c516b863f1a5210d1cb128
47,4dZrt8Ong5t7YYpvbfp0RU,Unlisted,none,Chet Atkins,https://i.scdn.co/image/d1e1442035d8632a3a4e8677ff578f34d81cc228
0,5Ax8UUKFZqi7GRnsIp1IAu,Unlisted,none,Kit Downes Trio,https://i.scdn.co/image/ab67616d0000b273baf286d020d43cba7d84aba1
52,7HGFXtBhRq3g1Ma3nH4Rgv,Unlisted,ethiopian jazz,Mulatu Astatke,https://i.scdn.co/image/ab6761610000e5ebdc685b05724610239ffde90c
48,6fxk3UXHTFYET8qCT9WlBF,Unlisted,none,Kevin Morby,https://i.scdn.co/image/ab6761610000e5eb292b964365b5de1a53216852
41,5BxtbtwwHXC3HA5kAn06sK,Unlisted,none,The Nude Party,https://i.scdn.co/image/ab6761610000e5eb5f137139a1b724f1a9fb52d9
43,3TScZ6zJkavDy0tqoGqiCf,Unlisted,none,John Grant,https://i.scdn.co/image/ab6761610000e5ebd4adb40134d56caee462e5bc
1,2vA9Ql5L0OesHIm0tqtZ7c,Unlisted,none,Matt Valentine,https://i.scdn.co/image/ab6772690000c46cb8d647323211e53a74c088c6
51,3f626JSVauIhTQgatsFcs4,Unlisted,none,Paul Williams,https://i.scdn.co/image/dcb34e63f8e5ae522200543856050a4b52c1d04c
35,40HeNm05FEAxGx8gUOV4my,Unlisted,cold wave,The Soft Moon,https://i.scdn.co/image/ab6761610000e5eb5047df9c06ce685a46e1d37b
22,4bR4Ul1AtneW7Bae9jzNzh,Unlisted,none,Archie Bronson Outfit,https://i.scdn.co/image/9ae60c60f8a06f75d526cfb3e8326aadf9406b08
3,4oco5UuzbHypSHqIBMW0kR,Unlisted,none,Collapsing Scenery,https://i.scdn.co/image/ab6761610000e5eb5aeb95bd298fe65f166d201c
49,247AfC9pLuqwgpH8Mo96oA,Unlisted,none,Connan Mockasin,https://i.scdn.co/image/ab6761610000e5ebf712913195502cae957ac24d
36,0ngUeF0DGpYmPec80MqSi1,Unlisted,none,Against All Logic,https://i.scdn.co/image/ab6761610000e5eb0aab112c87bbb2d36760423a
36,1fN3lF5RILxJeG9H8EhEDo,Unlisted,none,The Grid,https://i.scdn.co/image/ab67616d0000b273a61df3cf3da76957d72862e3
0,53OTkc8EAxU6bZ8cTRgohP,Unlisted,none,Shelley Parker,https://i.scdn.co/image/ab67616d0000b273bf7c983ad988c670fab5da52
34,3TUYqYNCqgqeqkBZVyxEi6,Unlisted,christian country,The Louvin Brothers,https://i.scdn.co/image/1ef802e5684013c00ace96d983e56fa894e909c6
34,06Nby0DKchdevZ349Vmsy8,Unlisted,none,The Rubberbandits,https://i.scdn.co/image/ab67616d0000b2735fcc40fc425fa01541cce686
12,2RPL1YMpEuV6X0SGdwdY6q,Unlisted,none,The Gist,https://i.scdn.co/image/ab67616d0000b273f7da2deaec4ce185a0e3812d
5,2yfkWfvz9H1U5Oaz2BU2o9,Unlisted,none,Lag,https://i.scdn.co/image/ab6761610000e5ebe9a19d74af84611e7092acb4
21,2dSa2lW4FLaQcPlzAcZOTS,Unlisted,none,Organ Tapes,https://i.scdn.co/image/ab6761610000e5eb8a2f61950dc35c828ecc9fe1
8,0iQTkXteVuQWznZ4WJuRLz,Unlisted,new orleans bounce,Lil' Rascals Brass Band,https://i.scdn.co/image/ab67616d0000b273fbb466c1ae2e535017e7c624
1,1ST4mgOYzgGzlCVsx5M3kW,Unlisted,none,Soft Girls & Boys Club,https://i.scdn.co/image/ab6761610000e5eb1cba69816cc7fe479aaf9de5
0,764orTWgcOrgj61Gc1Jw6b,Unlisted,none,DJ Residue,https://i.scdn.co/image/ab67616d0000b27365bdcf901ca9a662ca4dfdc5
42,6uQnHzEj8hj0UZCKjBvTaG,Unlisted,none,Ralph McTell,https://i.scdn.co/image/ab6761610000e5ebc6c63bc25fb9a691f5cb5621
36,5EOPLr73C9nIPYwVEAsiOY,Unlisted,none,Ed Harcourt,https://i.scdn.co/image/ab6761610000e5eb745b1b60c4453d051fe3ef0f
0,6zOV2Yf46F73ZOhDuZyZ0C,Unlisted,none,MTv,https://i.scdn.co/image/ab67616d0000b273b5affd93b3874047381c82bb
36,05l58aTZztZhHZPKDpboWm,Unlisted,none,Maria Arnal,https://i.scdn.co/image/ab6761610000e5ebbb915e1ff303f8cc8ff2552f
8,1mYm4Pf6wKtOxySSzKOhoS,Unlisted,none,WK7,https://i.scdn.co/image/5b2fb699e60107cff03380272da551d1128dd6ff
35,4S05GVttpg3rjOte0SX749,Unlisted,none,Hilary Woods,https://i.scdn.co/image/ab6761610000e5eb3229bc892f16ffb4c6a7c48e
7,2kVPZMqzND6qaYygZHGU8C,Unlisted,none,Harmonious Thelonious,https://i.scdn.co/image/ab6761610000e5eb55a8647c2fbbd67af67f5690
62,4b0WsB47XCa9F83BmwQ7WX,Unlisted,none,The Righteous Brothers,https://i.scdn.co/image/21584a935b760f20b4b08f7f9ddd012c12437798
0,4xlJMRtnHXK4exbkB1eA10,Unlisted,none,Soulwax feat. Nancy Whang,
0,6mKtBhRYKslEujxi811mmw,Unlisted,none,Value Void,https://i.scdn.co/image/ab6761610000e5eb35f95e25a6f9a98c2a7810f1
15,0vscEUhV9isTMclPcVz7zr,Unlisted,indie electronic,John FM,https://i.scdn.co/image/ab6761610000e5ebc3c2102a70bd026d087869bd
17,3xppiQ1WFn0sPv4ZQJjqzO,Unlisted,none,TWR72,https://i.scdn.co/image/ab6761610000e5eb3ad45b7814f3c7de446c9031
42,4r6DXcqtllstKwEx3ndKMj,Unlisted,none,Danny Kaye,https://i.scdn.co/image/ab6761610000e5ebf0116b08cd813376a9381d78
26,00WeoVQbYetdrq9rbkVoLj,Unlisted,none,Exuma,https://i.scdn.co/image/ab67616d0000b273ddad47b8ed3402b7ec3ee048
28,2IPZPCen311aH09425TKpF,Unlisted,none,Kondi Band,https://i.scdn.co/image/ab6761610000e5eba7ac13405e637b028dfc994a
0,2BFRZQE5LBpfMecR3B2ruN,Unlisted,none,Hooknorton,
16,02TVzdrw3UJqIBTo2Rp2sR,Unlisted,none,Le Mans,https://i.scdn.co/image/ab6761610000e5eb3ef0b2ea405ae216a606ea3d
0,0F37afIbeistheUTI3rf2X,Unlisted,none,Grupo Changüí de Guanta,
0,0fWqdDtGatGdZSouTPeiM2,Unlisted,none,El-B,
60,0AuW7OCyKfFrsMbtHrYgIV,Unlisted,none,House Of Pain,https://i.scdn.co/image/8a7bfc19ffcd5384221a81b3394c8b0c4959feaa
69,7290H8m1Dwt8G7jm1y9CQx,Unlisted,none,Chris Isaak,https://i.scdn.co/image/ab6761610000e5ebf0026b72dcfa06ef8fd3c49b
1,4ftElryunpk0RlAptAItVk,Unlisted,none,Steve Warner,https://i.scdn.co/image/ab67616d0000b2735623926c90fbb04bc2514198
8,2Viie9baa0nXWRAAgIadt5,Unlisted,none,Old Fire,https://i.scdn.co/image/ab6761610000e5eb6244a06fac170f09e3b907fe
17,0fNFzSVkQDwZpVJJtVCbmJ,Unlisted,none,Inox Traxx,https://i.scdn.co/image/ab6761610000e5eba68ab92e5cdef33078a7e50e
57,2JXn03fudjyRkQ1Ye9f5rk,Unlisted,none,Los Del Rio,https://i.scdn.co/image/ab6761610000e5eb80db2204010a200f07de58dc
0,3Mrt55eOXsIcW8U7kVK5oT,Unlisted,none,Gatronix,
32,52VfGq3cCGwYsc5UGObOb0,Unlisted,none,Bob The Builder,https://i.scdn.co/image/ab67616d0000b273d7a087be61f0fc5af12a3c9b
55,2vDV0T8sxx2ENnKXds75e5,Unlisted,none,Booker T. & the M.G.'s,https://i.scdn.co/image/386f66b89b4b1ca0e9b5b2d0ffce9ce3a66a7101
24,5ewSUyw8Gl9p38R1uxHuJU,Unlisted,none,Cavolo Nero,https://i.scdn.co/image/ab6761610000e5eb6f7f9e4334a2a7fdbcbd8bbb
40,6SlLXvZvYEGnurxBUpUdri,Unlisted,none,Miguel Atwood-Ferguson,https://i.scdn.co/image/ab6761610000e5eb91d899ea645d38c9cb227f62
41,35YNL4wwv11ZkmeWWL51y7,Unlisted,none,We Are Scientists,https://i.scdn.co/image/ab6761610000e5eb4420dc2f2789339128554a78
59,4J3wzDMI97AlGimdiVcaLb,Unlisted,none,Crazy Frog,https://i.scdn.co/image/ab6761610000e5eb4966e4e381d965b236a4e389
0,45YA14pLFuH7tzNlNFJjXn,Unlisted,none,russian.girls,https://i.scdn.co/image/ab6761610000e5eba7b21e89ca67a6018c5adb4d
63,2S9W9aSAd7e5mp8WqWxN2h,Unlisted,none,Hilary Duff,https://i.scdn.co/image/ab6761610000e5eb1dc7dfa236534cf865ae9a28
47,7L2rePM60cIztWZ7cLlskE,Unlisted,none,Martin Luke Brown,https://i.scdn.co/image/ab6761610000e5eb7252d988bcb5e087e9dcdb21
54,5wugb0kaq0J6nyQ5Xgd17i,Unlisted,none,Aly & AJ,https://i.scdn.co/image/ab6761610000e5eb7e26f7010ee2568a6016dd03
61,20p5D2KrE8CGuOjHtxsyTp,Unlisted,none,Fine Young Cannibals,https://i.scdn.co/image/ab6761610000e5eb61dce24c33b8b4d70fc587b6
27,7dYpljfleToKnSmBFqjqkd,Unlisted,none,Tapir!,https://i.scdn.co/image/ab6761610000e5ebac019d837cadc4d222df4d69
19,2ALx5yXpSTe5aPEF2vLeGa,Unlisted,none,Ninos Du Brasil,https://i.scdn.co/image/ab6761610000e5ebfe874917a47d1f23eed69b68
19,5BJAAE65akcvUYgbrmCwdX,Unlisted,none,Kimara Lovelace,https://i.scdn.co/image/ab67616d0000b273d2182f647cc64e8b5ccdd5af
62,4uN3DsfENc7dp0OLO0FEIb,Unlisted,none,Sugar Ray,https://i.scdn.co/image/ab6761610000e5ebcebc241b0751f4125adfe41d
50,01lz5VBfkMFDteSA9pKJuP,Unlisted,none,The Click Five,https://i.scdn.co/image/ab6761610000e5ebd846e7e95fbda84c719c0bff
39,6gU7qtF5B31WwdgkNwF1XK,Unlisted,none,DJ Harrison,https://i.scdn.co/image/ab6761610000e5ebb4489974aeb72f256085e315
64,3sFhA6G1N0gG1pszb6kk1m,Unlisted,none,Wings,https://i.scdn.co/image/ab6761610000e5ebe2990620300995034db37d79
58,5RdqZVi36tpDPYNPw8jJbO,Unlisted,musicals,Julie Andrews,https://i.scdn.co/image/8547161467c9a6761aa69c65700a23db8f88a946
36,7fSjnDr8tBO37Xbb2UXuYr,Unlisted,none,Richard Swift,https://i.scdn.co/image/ab6761610000e5eb92062f06d866e88234a0cf98
21,7pYL4e0CMHTCiNwoJDMPKS,Unlisted,none,Jeff Cowell,https://i.scdn.co/image/edf8690337aff5a15daeaaf0d11510c5853c664c
11,3QeUcfxQWae16K2zOaagyG,Unlisted,none,Jamie Anderson,https://i.scdn.co/image/ab6761610000e5eb1959ddc13e2fc3732a4494df
13,7waa1nwpi9SqIkGmWZs3s5,Unlisted,traditional music,United Sacred Harp Musical Association,https://i.scdn.co/image/ab67616d0000b273a014c3256a9381d88cbb608f
0,69X5J3BbZT8hbrf2LDRNV2,Unlisted,none,Jack Flanagan,https://i.scdn.co/image/ab6761610000e5ebc830acd23f96eb157cad93ea
19,1kGgLfwxUWUuggbxjF29Ds,Unlisted,none,Charles Stepney,https://i.scdn.co/image/ab6772690000c46ca6b72af85470c9cb6895df61
27,52fhNGn51RhUvjlapHT5T2,Unlisted,none,Prima Queen,https://i.scdn.co/image/ab6761610000e5eb21c9d1fd2250d1fbf6d668c2
57,4HVmeVTQBgvTuvjB1JYwaf,Unlisted,none,Gilbert O'Sullivan,https://i.scdn.co/image/ab6761610000e5eb5bded74a595b36d42732f9a7
15,5VAsNbws6j873uHN1VKEmZ,Unlisted,none,Sandy Bull,https://i.scdn.co/image/96d2a6514029ed978d98b574d378b92e0dff6c96
59,4M1FpEWs2PeYfJe7xxJfhH,Unlisted,none,Freddie Mercury,https://i.scdn.co/image/ab6761610000e5eb1052b77abd7f89485562d797
0,2ubB6bINHNw8zEVHu19Yj1,Unlisted,none,JUCE,
21,4ieS1hHc74D9RXhkyoriDU,Unlisted,none,Steve Mason,https://i.scdn.co/image/ab6761610000e5eb27d3a69b731d28f4c9998a50
29,3mbE8KcHOtqusTu843P6Am,Unlisted,none,Joe Stilgoe,https://i.scdn.co/image/ab6761610000e5eb0cb466d48e6e0ca936bcc415
56,6UlNIFEuWlBqb4TvlVCekq,Unlisted,none,Kirsty MacColl,https://i.scdn.co/image/ab6761610000e5eb90e2c409987c4ff1296a2c90
70,5QdyldG4Fl4TPiOIeMNpBZ,Unlisted,none,Big Thief,https://i.scdn.co/image/ab6761610000e5ebb2be573b9d9ca2bf7f113d92
19,5Q6ahJqmdN5iYXkTujJIkC,Unlisted,none,LA Timpa,https://i.scdn.co/image/ab6761610000e5ebb05a6504b05851990179a0a0
40,7uLXW75DlTRahz2WKJZGeO,Unlisted,none,Steve Gunn,https://i.scdn.co/image/ab6761610000e5ebbf401db358984a1a3a4f8531
1,5belphwHC49z9vB7pXjcux,Unlisted,chinese rock,Head Technician,https://i.scdn.co/image/0a349803338ccb2b3f5156a0b8bde1b79fcae6a9
10,7boRCR8WDzP08XvsiY3ZY8,Unlisted,none,San Scout,https://i.scdn.co/image/ab6761610000e5ebb912ffa4ca0542620d9d871e
46,5eitAUlYmlha3LLWg7aBn5,Unlisted,none,Kelly Lee Owens,https://i.scdn.co/image/ab6761610000e5eb0a3339b0c187b2733cdb1145
73,0qu422H5MOoQxGjd4IzHbS,Unlisted,none,Yves Tumor,https://i.scdn.co/image/ab6761610000e5eb10afe006fe4c3309711f1966
13,7xwbnGpTJA94MgILLAeThK,Unlisted,none,Elsa Hewitt,https://i.scdn.co/image/ab6761610000e5ebbfbdf0f2c3d210a374e92622
60,7A0awCXkE1FtSU8B0qwOJQ,Unlisted,none,Jamie xx,https://i.scdn.co/image/ab6761610000e5eb5b2ba819fa89b17d6ae81567
32,69zPIMRgsZieOHFtHtvnj0,Unlisted,none,Yu Su,https://i.scdn.co/image/ab6761610000e5eb6caa4a0a07f35f86e4bb637c
0,0LMhvCtATq924XRwuy0P7a,Unlisted,none,Pev,https://i.scdn.co/image/ab6761610000e5eb472005ffec1c7f4981ab47fe
12,0Cuhw7pLCK8ViTUqsaGR0W,Unlisted,none,Tomorrow's People,https://i.scdn.co/image/ab67616d0000b2735752c419e092424c4bd58906
0,67znT4w9oHh5dpk4WAHVCM,Unlisted,none,The Dice Man,
27,19h4y2F9duQ776bv1YhQYt,Unlisted,none,Yves Jarvis,https://i.scdn.co/image/ab6761610000e5eb69d843b60169b827abe153d6
31,6rATWMhuTXfhBqtB3IQRWd,Unlisted,cha cha cha,Señor Coconut,https://i.scdn.co/image/ab67616d0000b273beb07c7dc578d637077c436f
89,00FQb4jTyendYWaN8pK0wa,Unlisted,none,Lana Del Rey,https://i.scdn.co/image/ab6761610000e5ebb99cacf8acd5378206767261
8,3Ozlk0QQs9GxlkSlfyIkVs,Unlisted,noise music,Consumer Electronics,https://i.scdn.co/image/ab67616d0000b273d08dff3e31e3e150b2508ad8
62,13ccXrK7AmXb4TddMkE7jy,Unlisted,none,Everything But The Girl,https://i.scdn.co/image/ab6761610000e5eb48b022c3b26b9d1e82a32b3a
29,10NEMYLJwVvYSvtvZn5Ipz,Unlisted,new orleans bounce,The Soul Rebels,https://i.scdn.co/image/ab6761610000e5eb945fac6424e3ba3f8e992d76
4,20uRT4liycb6lyweEo3WHq,Unlisted,none,Jayson Brothers,https://i.scdn.co/image/ab67616d0000b273396630730caf228e2efeabbf
40,0ikiOZC4SDG6OrgHLESydg,Unlisted,none,Peter Doherty,https://i.scdn.co/image/ab6761610000e5eb22827167c7beaa70a0b9a3ce
34,06sdJwlggq0PKOe4LPZWCg,Unlisted,cold wave,HTRK,https://i.scdn.co/image/ab6761610000e5eb400d35deb3406d59ac6e94cd
2,3xVI0gIpNppHLMNwe0Pq1b,Unlisted,none,Moon Balloon,https://i.scdn.co/image/ab6761610000e5ebb8651c8b9128236e0fe50542
56,6ssXMmc5EOUrauZxirM910,Unlisted,none,White Lies,https://i.scdn.co/image/ab6761610000e5ebd8f26933cfdafacb62a48ddf
75,3hv9jJF3adDNsBSIQDqcjp,Unlisted,none,Mark Ronson,https://i.scdn.co/image/ab6761610000e5eb105cc9628c315b29d299fbb4
35,5fu3Po5z59bTfUgbcaE0ay,Unlisted,christian country,The Cox Family,https://i.scdn.co/image/ab6761610000e5ebce1ecaf8f294bc02b928c906
46,2qqZbV6smvvtohQOUgZqKa,Unlisted,none,Alexandra Savior,https://i.scdn.co/image/ab6761610000e5eb08d3632300162eb114a343a8
33,6vcPgFOkMWBoY6Ks6eMEWj,Unlisted,none,Bullion,https://i.scdn.co/image/ab6761610000e5eba4522702bdf45020fa0e3671
15,0GgNchtU9Fst3uEshZ7mV9,Unlisted,none,Josh T. Pearson,https://i.scdn.co/image/ab6761610000e5eb57ab81738829ec6aa0449d0f
51,6e9wIFWhBPHLE9bXK8gtBI,Unlisted,none,Editors,https://i.scdn.co/image/ab6761610000e5eb02f411bd3acd4f49905f2564
49,57kIMCLPgkzQlXjblX7XXP,Unlisted,none,Phosphorescent,https://i.scdn.co/image/ab6761610000e5eb6da6f6a373d1e9ec7992b991
77,1r1uxoy19fzMxunt3ONAkG,Unlisted,none,Phoebe Bridgers,https://i.scdn.co/image/ab6761610000e5eb626686e362d30246e816cc5b
5,2RcpMq2zbPhykuQaE5w2u2,Unlisted,drumstep,Woolymammoth,https://i.scdn.co/image/ab6761610000e5ebad2863488e7fd4e43704fc41
34,36rey1TxHa81Az8CqZpsJ4,Unlisted,italo disco,Lauer,https://i.scdn.co/image/ab6761610000e5eb713ce11c03cde58bdb3c74bb
7,3oyYQkc7HqIdz80my79yq0,Unlisted,none,Sona,https://i.scdn.co/image/ab67616d0000b27344701b3a0532084e59adcf36
57,2rblp9fJo16ZPTcKDtlmKW,Unlisted,none,MC Hammer,https://i.scdn.co/image/af25ffffde1eb2051221017fa0424d906eaf2e94
27,0dl2GgafJKRSnIjhjtxhAW,Unlisted,none,michael holliday,https://i.scdn.co/image/ab67616d0000b273c2ee5cc49bbc81dd90d90bd4
18,7qTQO5XvmJ13VGvxvjtMSr,Unlisted,none,Josh Wink Aka Winx,
28,4nMMOojbg03LrgAN3uOjZF,Unlisted,none,Vincent Gallo,https://i.scdn.co/image/ab67616d0000b273f5f2ae746c3c0f54a89d757c
0,6sFGOHKAcDDDpGqiYnBmkb,Unlisted,none,Kouni Korio,
26,1u2RgFiCSd9phVG5OB51jr,Unlisted,none,Spencer Cullum,https://i.scdn.co/image/ab6761610000e5eb0e9274179b5a9a16bf0259b9
22,10QN7s8TRfhGbjSFadVndu,Unlisted,none,Houston & Dorsey,https://i.scdn.co/image/ab67616d0000b2739750b17195d1c5941dbc471c
48,6kNluNBHa4sh5BKIvyiDgf,Unlisted,none,Domenique Dumont,https://i.scdn.co/image/ab6761610000e5eb9c724154960e76e3e3ab762e
33,45OTuDcvTBxpqMEJZiK4FI,Unlisted,none,Charlie Megira,https://i.scdn.co/image/ab6761610000e5eb14b4f13c38ad2464b9fd0cc3
35,1MSxOmIt7uYgvPydd1tU8F,Unlisted,none,Photay,https://i.scdn.co/image/ab6761610000e5eb615362d8ba5952adec3a237d
42,2ewpXb8jCBlsBscjDCcAG7,Unlisted,none,David Walters,https://i.scdn.co/image/ab6761610000e5eb7e8edaf2466e0aae4429ef96
31,7ljTofQBh5fR5SYfGHRYs8,Unlisted,none,Alan Sparhawk,https://i.scdn.co/image/ab6761610000e5ebe15578762a4713e34f638f9a
29,6XYOjW5wxf5V9hwAR58o4d,Unlisted,none,Auntie Flo,https://i.scdn.co/image/ab6761610000e5eb8a7a7b211128a85daaef0a9e
29,3ZKUFIrYS6aAgIxu5AfTX5,Unlisted,none,Cloth,https://i.scdn.co/image/ab6761610000e5eb8977507a0857c5c06c4ca993
6,1mRzfxrZWqQ43XJ1Vi2wuH,Unlisted,none,Otis the 3rd,https://i.scdn.co/image/ab67616d0000b273f38b3a2f3d17037d136d724b
12,5HMYxA7t2LFthnelsZkbVE,Unlisted,none,Andrew Red Hand,https://i.scdn.co/image/ab6761610000e5eb74b28152ae2af62cc046103d
69,0SD4eZCN4Kr0wQk56hCdh2,Unlisted,none,Bonnie Tyler,https://i.scdn.co/image/ab6761610000e5eb4ca4431cf4b1227eba8288d8
22,7sAXoFldVGlGtZ5LPVtAYD,Unlisted,none,Sean McVerry,https://i.scdn.co/image/ab6761610000e5ebfe7c68aa2fd6ce27a0aa1202
42,2lKVLoBlDFcONGT1XhQsIw,Unlisted,none,Kermit,https://i.scdn.co/image/ab6761610000e5eb60b07e5f41b11070e4bf7a62
85,6vWDO969PvNqNYHIOW5v0m,Unlisted,none,Beyoncé,https://i.scdn.co/image/ab6761610000e5eb7eaa373538359164b843f7c0
34,1Bs9FqmJBHrAJN6DLFIPt1,Unlisted,none,Prem Joshua,https://i.scdn.co/image/ab67616d0000b273d28dc7978655f67a58705668
34,65y3KN9OLgjpVvJikVBHqZ,Unlisted,none,Neal Hefti & his Orchestra and Chorus,https://i.scdn.co/image/ab67616d0000b273fbdd11fc5c3be27892bdc496
32,066i2FQQZzagmCpd4AUBRi,Unlisted,none,Pale Blue Eyes,https://i.scdn.co/image/ab6761610000e5ebc45a49dffbdf08ed6793a862
60,3MM8mtgFzaEJsqbjZBSsHJ,Unlisted,none,Bloc Party,https://i.scdn.co/image/ab6761610000e5eb42712519962b4c8fe48bc4a6
44,5vjTuHApbJQOo9L3Ro2KM8,Unlisted,none,Pino Palladino,https://i.scdn.co/image/ab6761610000e5eb8e4da824f3a48df7b6fa0f06
58,4GITZM5LCR2KcdlgEOrNLD,Unlisted,none,The Foundations,https://i.scdn.co/image/ab6761610000e5eba9ac31bda8fe26b884522422
63,5Vuvs6Py2JRU7WiFDVsI7J,Unlisted,none,Lucky Daye,https://i.scdn.co/image/ab6761610000e5eb59f6672fdf7466d330b815ab
52,2sriRQRt36DnfHtD68zZlj,Unlisted,none,Dorian Concept,https://i.scdn.co/image/ab6761610000e5eb30e216e66e604d163189ded5
56,0tMnuEXTeJeHbslcV8OybJ,Unlisted,none,Drugdealer,https://i.scdn.co/image/ab6761610000e5ebb5a52108516413de7ab2b0fc
3,5e25AjdQhPBKVWCNzqKJ3i,Unlisted,none,Budai & Vic,https://i.scdn.co/image/ab6761610000e5eb555c59cddba56740c0612950
7,3LzcSs2NRqSLncY5QHnKMY,Unlisted,none,SUEP,https://i.scdn.co/image/ab6761610000e5eb920c41d0e57f1c6769e0f0e2
31,1EVRw6us3YBBs2Z01y2LtU,Unlisted,none,Oompa Loompa Cast,
63,2LJxr7Pt3JnP60eLxwbDOu,Unlisted,none,Mandy Moore,https://i.scdn.co/image/ab6761610000e5eb65c99d6d784dc2cabd2a5492
51,4OOlG5eBXSkSAAEeKjJb5Y,Unlisted,none,Courtney Barnett,https://i.scdn.co/image/ab6761610000e5eb18c402325ba93abb367fe404
45,1fUMEn4Yk7ZUloozE0fRLL,Unlisted,none,Jamie Woon,https://i.scdn.co/image/ab6761610000e5ebf753122b73ac107da66fd4c2
52,023YMawCG3OvACmRjWxLWC,Unlisted,none,The Cat Empire,https://i.scdn.co/image/ab6761610000e5eb0d68cfd11584f33655c94244
48,2SdK1QDmZIP2hk94rSaLl9,Unlisted,none,TOPS,https://i.scdn.co/image/ab6761610000e5ebb389e24691a904ff0398abc9
50,4R073T3AVJKqAsbzLmLW9u,Unlisted,cold wave,John Maus,https://i.scdn.co/image/ab6761610000e5ebd7afb37c9883b8ce16447779
3,0yBFPjYypBODQ9d8XUXial,Unlisted,none,Bingo Fury,https://i.scdn.co/image/ab6761610000e5eb0c8b3caacaa674bd8b330c8f
59,5Q81rlcTFh3k6DQJXPdsot,Unlisted,none,Mura Masa,https://i.scdn.co/image/ab6761610000e5eb3aca38c42551f532b6fefc16
46,5zMgvYBz4AW0gFyPtg7fR9,Unlisted,none,A*Teens,https://i.scdn.co/image/ab6761610000e5eb95386a76dbb81362946766ac
14,1z39BS5hTB0I2kL3w8ux5n,Unlisted,none,Cuthead,https://i.scdn.co/image/ab6761610000e5ebda5f7707c6319f902b5ed71e
76,6Q192DXotxtaysaqNPy5yR,Unlisted,none,Amy Winehouse,https://i.scdn.co/image/ab6761610000e5eb2ceb023b10da17590878e88c
4,7JFOnYjnZUmhIGWXA3IKr3,Unlisted,none,Hiroaki Iizuka,https://i.scdn.co/image/ab67616d0000b273880a96bca31218280c051ec1
3,6lFaWkFgac1XZmeRWPo0Bh,Unlisted,none,S.O.L.,https://i.scdn.co/image/ab6761610000e5eb850efee6c0eec695d1b04ddb
48,6DbJi8AcN5ANdtvJcwBSw8,Unlisted,none,Ringo Starr,https://i.scdn.co/image/ab6772690000c46c02ca7e9a545ce12c90e36ba2
19,7KXQ9722SR9VdAY25qKQfE,Unlisted,none,Snorri Helgason,https://i.scdn.co/image/ab6761610000e5eb996d665c0120e19639ec3c64
67,0YsLR3SQd5QTXAhGIGX7cl,Unlisted,none,Del The Funky Homosapien,https://i.scdn.co/image/37ddb345143488175cef180b553253a467ec5362
34,1T3RPiMH711kvoXymKUTYH,Unlisted,none,Sugarloaf,https://i.scdn.co/image/8c1ca308ed250267cc33ce7d946c01c91e905832
14,2Aelm5hqlvbD7jxDGGKToM,Unlisted,none,Elyse Weinberg,https://i.scdn.co/image/ab6761610000e5ebc15311a5b6975950ffbd4424
0,5w8DFdOINv3dMxAI5xjWn8,Unlisted,none,Garp,https://i.scdn.co/image/ab67616d0000b273b110298ba066ff0eabae6ad8
0,6cjrKQXgUoynqHrUXBl4nC,Unlisted,none,Toja,https://i.scdn.co/image/ab67616d0000b273f0e502a95a1031e85c873230
39,0THUMJMWUd5L8os9K6O4FE,Unlisted,none,World Party,https://i.scdn.co/image/ab6761610000e5ebc010c90c1d0bed13136f6a08
4,6jfR9Na2d55xoFOK5mQT1I,Unlisted,none,Slaney Bay,https://i.scdn.co/image/ab6761610000e5ebf751b529465fd91bd74b993e
28,3qIRQKST5KCIIKWgmPTY2M,Unlisted,none,JIMMY EDGAR,https://i.scdn.co/image/ab6761610000e5eb88900bd9e4a394900978ab13
60,320EPCSEezHt1rtbfwH6Ck,Unlisted,none,The Monkees,https://i.scdn.co/image/ab6761610000e5ebbdef7f178c9cf2e8d50cb9b9
4,0dQnGeqpzXsR2qWYBREdpL,Unlisted,none,Yogg,https://i.scdn.co/image/ab6761610000e5eb49c7851daa628c5d31d44953
57,2hO4YtXUFJiUYS2uYFvHNK,Unlisted,none,Traveling Wilburys,https://i.scdn.co/image/ab6761610000e5ebabde33de707730af52c01bb0
52,7u6FSuqT3SWE2kO8rNVjfp,Unlisted,christian country,Tennessee Ernie Ford,https://i.scdn.co/image/4bd427bb9181914d0fa4482a3b01d3977638872a
48,3NKVm2Jedcf6ibJr6pMUVx,Unlisted,none,Jayda G,https://i.scdn.co/image/ab6761610000e5eb99c3e1223f140e5870b6f50c
64,7oZLKL1GjYiaAgssXsLmW8,Unlisted,none,DOPE LEMON,https://i.scdn.co/image/ab6761610000e5eb3c182606276f429540196ba5
27,5JWEBEt8VxHHxYKFmpzjwD,Unlisted,none,The Orielles,https://i.scdn.co/image/ab6761610000e5eb1b8cc75a8115fa3aeb56ab46
45,0OQeMFqoRD5clB0cPYVbxY,Unlisted,none,Ballaké Sissoko,https://i.scdn.co/image/ab6761610000e5eb2dc0dd57b35a5092bf20d363
37,3wrtQM9ICPPeHwoc1GWiyV,Unlisted,none,Teleman,https://i.scdn.co/image/ab6761610000e5eb92851bfe6e9c203a39bd3cbc
0,1oIc6UFndc0KEYAMtbYL0N,Unlisted,none,Black Onassis,https://i.scdn.co/image/ab6761610000e5eb6faf86e56a39e6032517c407
71,6sFIWsNpZYqfjUpaCgueju,Unlisted,none,Carly Rae Jepsen,https://i.scdn.co/image/ab6761610000e5eb8272bf414106646e0e4a89f3
50,6MmRTVIPIe35OsFqWgRKQJ,Unlisted,variété française,Christophe,https://i.scdn.co/image/ab6761610000e5eb33df1c67b32ef77374d46621
46,6d1HqiWNEKV9zFqQM9WeYo,Unlisted,none,Romare,https://i.scdn.co/image/ab6761610000e5eb8aaaa11475b9ada1556ab5ab
40,0ygIgsjUzKivFgxgjQ9iV9,Unlisted,none,Jacques Greene,https://i.scdn.co/image/ab6761610000e5ebc70d224aaece85f329cb0fdf
49,3loflELg7MzgrOyNqERolN,Unlisted,none,The Style Council,https://i.scdn.co/image/c05ebc15af06d7750c149d43b7490db7c1d1b3fc
18,5qcxrZvndwOptgzTElt5bV,Unlisted,none,Mim Suleiman,https://i.scdn.co/image/ab67616d0000b273022492be2fc53e88a0782972
5,184j6PNM7v653KfHzy9R6E,Unlisted,none,Neinzer,https://i.scdn.co/image/ab6761610000e5eb9ce75cb10d909e33b8bf9550
24,4VKbZ8lm0Bm1AbtzAbBdpO,Unlisted,none,Eris Drew,https://i.scdn.co/image/ab6761610000e5eb5f2f702ebec9bb3434a77690
46,5uQyXHg4ph7gNlnZHxt9kX,Unlisted,none,Robert Lester Folsom,https://i.scdn.co/image/ab6772690000c46ca01f7074833e5056ee05e097
47,4YsP5zmteLQ7etNjHAOu30,Unlisted,none,Midlake,https://i.scdn.co/image/ab6761610000e5eb0e6fe78c4272a9a7e23ed704
41,2XHJ36WzMJKpDk6fLl6lMo,Unlisted,none,The Hics,https://i.scdn.co/image/ab6761610000e5ebc2695aaf5f1ec488a70a131a
32,5fpQ5Qt2BKgoVBSMw4Z17Z,Unlisted,none,Songhoy Blues,https://i.scdn.co/image/ab6761610000e5eb07c80ecdd8469cd4bac9bb54
81,6KImCVD70vtIoJWnq6nGn3,Unlisted,none,Harry Styles,https://i.scdn.co/image/ab6761610000e5ebf7db7c8ede90a019c54590bb
0,6lJ30nhm0xLVkxvZhPmLMm,Unlisted,none,Niqab,
25,7EFRvnUHNLWOYVPg8AuI7o,Unlisted,none,The Octopus Project,https://i.scdn.co/image/ab6761610000e5ebbe8747d0f4eb60d183025424
42,4G6HhUUQ1LgyYnA2WJppf8,Unlisted,none,Colin Stetson,https://i.scdn.co/image/ab6761610000e5ebf2a424b6f0e097f03dec8895
66,3plJVWt88EqjvtuB4ZDRV3,Unlisted,none,Ben E. King,https://i.scdn.co/image/809b501cb89a3f6557d5532d983875f4dea1877d
29,3gSfOAPCvsDDVDBeSLl9v6,Unlisted,none,Scout Niblett,https://i.scdn.co/image/ab6772690000c46c3681e65e2dbd1eb30bdc4691
57,7LfRnzGM0wRSyS5mmAwJbv,Unlisted,orchestral,Ray Conniff,https://i.scdn.co/image/ab6761610000e5eb79bf6d80fe0e16c1169dd361
0,6r0FFG3YaRuPT2JvlOwA24,Unlisted,none,Songs: Ohia feat. Scout Niblett,
0,7hw73b5RrwBdFkqP5Yxvdc,Unlisted,none,Songs: Ohia feat. Lawrence Peters,
0,4HYbhQ5pU0nd3LIQmCXfgy,Unlisted,none,Toby Corton & His Band By Chance,https://i.scdn.co/image/ab6761610000e5eb52dab6e726b031affb9a00f3
36,5SP6T04F8Ic9oftMVfdKkp,Unlisted,none,King Creosote,https://i.scdn.co/image/ab6761610000e5eb23c18f1e3c22e8890cf919e7
53,75dQReiBOHN37fQgWQrIAJ,Unlisted,none,Local Natives,https://i.scdn.co/image/ab6761610000e5ebc1d9853f5719d189baf95fe8
49,1kR99O4MgSTasyeJh8UFCg,Unlisted,none,DJ Koze,https://i.scdn.co/image/ab6761610000e5eb34496025459ce3e157da9ea3
73,5IcR3N7QB1j6KBL8eImZ8m,Unlisted,none,ScHoolboy Q,https://i.scdn.co/image/ab6761610000e5eba59f2f483877c8d0142f71f3
21,3ygFnvt1R5sH1eu3eC9hxe,Unlisted,none,Josienne Clarke,https://i.scdn.co/image/ab6761610000e5eb629d68e4091376c45df1f15c
31,31f4Ougr0lpsDrxigwV3TB,Unlisted,none,Cirez D,https://i.scdn.co/image/ab6761610000e5eba6d19b64e4a4fb3b17c54404
62,7daPb40K64rRtF36wd3ZOk,Unlisted,none,Stephen Schwartz,https://i.scdn.co/image/6a9df2fdcda44bc0cd927eb3ad033fb95094751c
39,4GBe6ctpZMwMbaRb9KZrNU,Unlisted,musicals,Jerry Herman,https://i.scdn.co/image/ab67616d0000b273c7f57456a7c701d66cf457fe
36,5RyAbJ3y4yw8EbDcRblB8S,Unlisted,none,Mick Harvey,https://i.scdn.co/image/ab6772690000c46cc9e7c0220ba9180f8b32ead3
51,1KlUwB6uFECMC3zzvFvykx,Unlisted,none,Niia,https://i.scdn.co/image/ab6761610000e5ebcedb6042008e6b7a64402878
46,6kEsKkXuE4olX7m3mNLZkS,Unlisted,none,Art Garfunkel,https://i.scdn.co/image/ab6761610000e5eb367f73339b4a118af1ebb5fc
19,2ojzPG8cXkRdQSd3wQtKwB,Unlisted,none,Daphne & Celeste,https://i.scdn.co/image/ab6761610000e5ebd14335deabfaf3f456c485ae
12,0ZZlysmyFhg3yT6Pupdsff,Unlisted,none,Yesca,https://i.scdn.co/image/ab6761610000e5eb46167829324b27060654ec5f
23,1vpfRUhCqIsLTZyGVf5Gkr,Unlisted,none,Camp Saint Helene,https://i.scdn.co/image/ab6761610000e5eb479dbe77f119382e89f7f28a
32,4ZCux8WXdeKCoARMg1JSok,Unlisted,none,Milan W.,https://i.scdn.co/image/ab6761610000e5ebe5dc9eb0746b944b8b223966
39,6eb2gxfoBSQhmDYkQKz93b,Unlisted,latin indie,Y La Bamba,https://i.scdn.co/image/ab6761610000e5eb1305598f4831be76a1ed2b9e
53,1NUD5By34MFynmuUynCfSj,Unlisted,none,The Real Thing,https://i.scdn.co/image/ab6761610000e5ebe8090057c766d25719d3be89
36,6MrXYlcl32SK12YxMWJWte,Unlisted,italo disco,Magazine 60,https://i.scdn.co/image/ab67616d0000b2737154f1f4db22dfdd83996355
29,6HbDV8AxwOd2lu94TfqAKn,Unlisted,none,Daisy Rickman,https://i.scdn.co/image/ab6761610000e5eb90d529b2b2e394400d675e6e
32,2qSakUn77ILbQV46xnASun,Unlisted,none,Evangelos Papathanassiou,
0,0rn3RFLx0xYCsXfx2CMq4u,Unlisted,none,DJ Nexus,https://i.scdn.co/image/ab67616d0000b273979b3245e4cd90695b88671c
0,6NkxgH31PJnHP4JpvwdLZ1,Unlisted,none,Ella Fitzgerald and Her Famous Orchestra,
34,6LAuSqJCRCwwtITrlfHg41,Unlisted,none,Ron Goodwin,https://i.scdn.co/image/6a8be7f6fc74fb91035f0844469188c9804acfa1
14,6IOqRJfqL3IKF8VkJzA3a3,Unlisted,none,Fashion Club,https://i.scdn.co/image/ab6761610000e5ebcc95a50dda6a8439c3a13caf
12,0fmyOOHjbZc5EJuHBhzYAF,Unlisted,none,Power Druid,https://i.scdn.co/image/ab67616d0000b273aa087a1165c74f3aacf2399d
0,6eQ4tswvGrWCN3FDhfZILu,Unlisted,none,chantssss,https://i.scdn.co/image/ab6761610000e5eb526dcf05877a27d8a225174f
42,1TY8JzETLheB4vm5QblKsF,Unlisted,none,Daniele Luppi,https://i.scdn.co/image/ab6761610000e5eb69a990a24fad7ef7dc02fcbf
30,5VW8qxbvOtQ1PHJGRWAL5Z,Unlisted,none,Spark Rocket,https://i.scdn.co/image/ab67616d0000b273c5b2a9ef8f6d0098f6d96685
10,6R1EIgNzO0hKVOTOXJjjP2,Unlisted,space music,High Skies,https://i.scdn.co/image/ab6761610000e5eb84a2468b6ed788500b04929d
29,2iWb4skzSlf6dMTu1DS18J,Unlisted,none,Pumarosa,https://i.scdn.co/image/ab6761610000e5eb495238c44fbb7228a49ba252
15,2EKdsaI5RaWz8bQqpFdFIN,Unlisted,none,RAMZi,https://i.scdn.co/image/ab67616d0000b273b3489534d95c5de2429e0928
33,2mLgv6MF6Te16Qv6VOqx5p,Unlisted,none,Misha Panfilov,https://i.scdn.co/image/ab6761610000e5eb0f83facff300a5e713f3e8c2
0,2ZCN4dYx1fwLtbHRbMPYFk,Unlisted,none,Tex-Ture,
0,6TgPVtJ27lm42GlzsnjUGW,Unlisted,none,Lewis E,
1,2bKeENyAjucVZS9KfDgGYu,Unlisted,none,Ann Margaret Hogan,https://i.scdn.co/image/ab67616d0000b273f9eb9bc1c413960a118267c9
13,4HjcH8bqJm9TIwHGhvRIC8,Unlisted,none,The Cockney Bar Singers,https://i.scdn.co/image/ab67616d0000b273f44936412fdc328fae02b2f6
63,00sazWvoTLOqg5MFwC68Um,Unlisted,none,Yann Tiersen,https://i.scdn.co/image/ab6761610000e5eb38c055afa566dd9f0c56fec1
32,5rCZAG988apcbAcSyNhEKI,Unlisted,none,Mahna Mahna and The Two Snowths,
26,1buRQJUaOGTgp36hBMda6y,Unlisted,melodic bass,KERO,https://i.scdn.co/image/ab6761610000e5ebb1609c1ba10c54b13b781785
59,2Hjj68yyUPiC0HKEOigcEp,Unlisted,none,Jesse McCartney,https://i.scdn.co/image/ab6761610000e5ebce543969e155b58695a3e42e
44,5T60shnsXD8hlLRDsbvFoO,Unlisted,none,George Bruns,https://i.scdn.co/image/ab67616d0000b273d7554d2b12d4260f9d0c96ee
43,7ftZLBtMuNBXnnDFKbAblK,Unlisted,none,Hoku,https://i.scdn.co/image/ab6761610000e5ebf7dc7d86087648b99396d750
33,7CKkZZW3XtnPmqlwaElmoV,Unlisted,latin indie,Juan Wauters,https://i.scdn.co/image/ab6761610000e5ebbd422b843b20925973e0dc75
28,0RZewmdiKrFtejSJ3jfmGs,Unlisted,none,Uma,https://i.scdn.co/image/ab6761610000e5eb1ddad0464183952070414164
20,47MgVGK1jiCgkj4jbjVqnx,Unlisted,none,Phil Berg,https://i.scdn.co/image/ab6761610000e5eb0d013f969c6876fd00ff326e
46,4vRSocKbGh7PsQrYRDVMEF,Unlisted,none,Lindsay Lohan,https://i.scdn.co/image/ab6761610000e5ebaf2cbd8cdb93a9a6b14a190e
32,0qv1thknD9ItYc1pzAnA2X,Unlisted,none,Oli Julian,https://i.scdn.co/image/ab6761610000e5eb670064d9dc044de62950e181
0,3t4n7U2J418Hd2SQvGTk5E,Unlisted,none,Pitot & Chaminade,
38,5Smb3KB29epOb92Btsxulb,Unlisted,none,isaac gracie,https://i.scdn.co/image/ab6761610000e5eb6f3b9a59f8e776b504cae20a
2,2vhsb5RbUxNcyvV1wQWUIm,Unlisted,none,Strike Under,https://i.scdn.co/image/ab67616d0000b273f4de0188fe3b1df8af650f86
56,5xk0kRuXn1zToTHpHAqpui,Unlisted,none,Joseph Williams,https://i.scdn.co/image/ab6761610000e5eb21f0cc7dc3f69be76f6f7c11
22,4u9ZHrFXFXptM7H68RJbiY,Unlisted,none,Kathy Heideman,https://i.scdn.co/image/ab6761610000e5eb59bb588ae651ed1a96cb3354
60,0QWrMNukfcVOmgEU0FEDyD,Unlisted,none,Jacob Collier,https://i.scdn.co/image/ab6761610000e5eb9cc73a463d6301a1bfc05c7f
32,3SMAz1YMpiHkDbyKkEXDJx,Unlisted,none,Marc Benno,https://i.scdn.co/image/ab67616d0000b2734ba240e8754d2a786694c9a2
17,19f168OQu5y06r89NVmS55,Unlisted,none,Doug Hream Blunt,https://i.scdn.co/image/18d9b6d8ce26fdab777764c6ce83e250aaff45a0
23,6pV4iyF5ocDdbIX3rXffmK,Unlisted,none,Dorothy La Bostrie,
37,70S4sHnxr55YQxZ53H5guq,Unlisted,none,KMD,https://i.scdn.co/image/ab67616d0000b273a049672caf582b864bc98d68
78,67hb7towEyKvt5Z8Bx306c,Unlisted,none,Empire Of The Sun,https://i.scdn.co/image/ab6761610000e5ebc806f3e714afa21861e20248
57,1OwarW4LEHnoep20ixRA0y,Unlisted,none,Robert Plant,https://i.scdn.co/image/ab6761610000e5ebfa79a501274aae1d9de3a201
12,1UW5eP8ZIX1HKGGi5jXSB6,Unlisted,drumstep,Homemade Weapons,https://i.scdn.co/image/ab6761610000e5ebf5baef06bfcfafab7af80d04
54,142YBUGmLWCJigFLzgguf8,Unlisted,none,Gang of Youths,https://i.scdn.co/image/ab6761610000e5eb49cc52e8c14304c5ce368adf
37,1PRH2VLBHk1kMY2BFI0GQW,Unlisted,none,Ÿuma,https://i.scdn.co/image/ab6761610000e5eba4f6647db674598772d7abd7
40,4iVvG04w9XBch3kxXWMuxb,Unlisted,laïko,Bouzouki Kings,https://i.scdn.co/image/ab6761610000e5eb766c8ac41ce531fb70d959c2
2,0NEsjEzTw4HTwfBG57ztlz,Unlisted,none,Harpers,https://i.scdn.co/image/ab6761610000e5eb7218d176caec4a82015f6477
31,5JXvJb6vQkSCFGCh4FCKOI,Unlisted,none,Anthony Newley,https://i.scdn.co/image/465f9428268fb64df48b95e382035e242ce80e4f
20,5vuxY740S6HZLvrrQCAzfG,Unlisted,none,Annette Peacock,https://i.scdn.co/image/ab6772690000c46cff56dde0b7d9422dfc92d1d0
41,4E9w0bms6HcEppFlWjeW2d,Unlisted,none,Bobbie Gentry,https://i.scdn.co/image/00eeaeec05291fb67fb18f3fd459a868642e7594
12,2qFfH4tRlRJtTqPoapoerO,Unlisted,none,Joe Meek,https://i.scdn.co/image/ab67616d0000b273469d9a3dab6fe278f1937dc1
19,42p6gXpB3btdFQWyjY5F6h,Unlisted,none,John Myrtle,https://i.scdn.co/image/ab6761610000e5eb4d57e0345f3bb582dbe527ef
34,5cPYngDFgZ8cOapCBCrs14,Unlisted,none,The Christians,https://i.scdn.co/image/8eba3b9c513610cf14fb35123cf71da12b5cc741
0,59p84SELv8AM2GTkYKOR4B,Unlisted,none,Tescon Pol,https://i.scdn.co/image/ab6761610000e5eb6b72bbcf7e2dc847129edd06
30,4n0gvapwYbRpzU5Ov68B6P,Unlisted,none,The King Khan & BBQ Show,https://i.scdn.co/image/c52c95c28cbf57a5b9b775789799bacadb915292
24,4OogVxC2vWAsXsTYXctXi1,Unlisted,none,Loose Fur,https://i.scdn.co/image/ab6761610000e5eb48f951ffc358bb73d987347e
68,0uq5PttqEjj3IH1bzwcrXF,Unlisted,none,Spice Girls,https://i.scdn.co/image/ab6761610000e5eb2e91ffbba84e8e94bafbc6d7
64,5zaXYwewAXedKNCff45U5l,Unlisted,none,Dusty Springfield,https://i.scdn.co/image/8b2bbbe1dde191c637271fab24ff66fda4faf4fa
21,0LWlgth3CFLC6eD8mtWCOA,Unlisted,none,Melt Yourself Down,https://i.scdn.co/image/ab6761610000e5ebef3c4ff24ac0bb5732754a2c
0,5mGTnJvTkLDN76DgXka5f0,Unlisted,none,WU LYF,https://i.scdn.co/image/ab6761610000e5eba4ebb44a2c60660067a73c6b
47,4YHtIE7FI8ITfekzzN5Jpl,Unlisted,none,Shuggie Otis,https://i.scdn.co/image/7811a1e80b838569427b817331c3687ea2c1ad96
38,1qo9Fb4nYgez0Hpfi2RuiV,Unlisted,none,Dark Sky,https://i.scdn.co/image/ab6761610000e5ebda71d924d3e36f9f9bcbb976
43,1qpR5mURxk3d8f6mww6uKT,Unlisted,none,Shura,https://i.scdn.co/image/ab6761610000e5ebbc56269a1b01b89f2178b1e0
64,1XgFuvRd7r5g0h844A5ZUQ,Unlisted,none,Take That,https://i.scdn.co/image/ab6761610000e5ebf6de04c418fb584509452e24
72,6qgnBH6iDM91ipVXv28OMu,Unlisted,none,KAYTRANADA,https://i.scdn.co/image/ab6761610000e5eb9b9d4fdf5e4cf58e2fa93167
9,0Nz05huPXhsMC0iyVVlqZG,Unlisted,none,Max de Wardener,https://i.scdn.co/image/ab6761610000e5eb3d5c3aad9777ef7f49b186dd
21,0FmzrEmiPcP9Vb3g0ApsPg,Unlisted,none,The Kunts,https://i.scdn.co/image/ab6761610000e5eb4acd096d7c1d3ec4b0871e2b
49,6Q0gMZJNIebNFFaJeonc11,Unlisted,none,Holy Fuck,https://i.scdn.co/image/ab6761610000e5eb181744bdbb964778032f7462
0,7I7oCh2wOF0Y7dFrNiMTKn,Unlisted,none,Terron,https://i.scdn.co/image/ab67616d0000b273aa220c1a279d32302a89416e
40,0QRgfCLzSR9GyCjXboWQTA,Unlisted,none,Chris Montez,https://i.scdn.co/image/ab67616d0000b27325ef06d1b6bb19098016b3db
0,4EX9nxtDjM4DuePXb4ea8c,Unlisted,none,The Nucleus,https://i.scdn.co/image/ab67616d0000b27362ccdcb499b4e6fe1df26732
46,6YROFUbu5zRCHi2xkir5pk,Unlisted,none,Brian Hyland,https://i.scdn.co/image/797a911d6dcad3418494613924dac9af6370070e
0,4ps86RU7WuXt5S4gEK9HbY,Unlisted,none,LATHE,https://i.scdn.co/image/ab67616d0000b273f4f6a672c1b20a4f3a110c78
30,7jtYJOhZBZ9orULC4iIBgo,Unlisted,none,Olefonken,https://i.scdn.co/image/ab6761610000e5eb21da909b06a3eedab719cc38
40,0zdn1nNmOZXHZ9K28FvcFp,Unlisted,none,Matthew Herbert,https://i.scdn.co/image/ab6761610000e5eb08b647e8e3e7360be929e781
22,1ph6inW1HWQbwPSzoD1y0e,Unlisted,none,Gabriel Kahane,https://i.scdn.co/image/ab6761610000e5eb7606c00160fa8af91d48d81b
0,389dEZJtlcNOvOuQNUNOXz,Unlisted,none,Rebecca Phillips,https://i.scdn.co/image/ab6761610000e5ebda7ca1e60edb22c34b7bdc2e
48,3lcbKPLl0ci2mKRdcP5Etf,Unlisted,none,M People,https://i.scdn.co/image/ab6761610000e5eb6b39f52303c25dbf9bbeb30b
28,5PWyKTCk0kzNytmI0NI2JX,Unlisted,none,Pearl Charles,https://i.scdn.co/image/ab6761610000e5eb923d01c4267f4d2d605c772c
0,2TEpGf9ad9YzmXPh9JE0MN,Unlisted,none,White Belt Yellow Tag,https://i.scdn.co/image/ab67616d0000b2735c365376b5138cdfd6537073
22,6T1GNMxXuljv0C0ZRR60CC,Unlisted,none,Rose Elinor Dougall,https://i.scdn.co/image/ab6761610000e5ebdc3070294d75f6ca30ce3a53
79,73sIBHcqh3Z3NyqHKZ7FOL,Unlisted,none,Childish Gambino,https://i.scdn.co/image/ab6761610000e5ebc3dc5429b676b16d451e5f77
21,63FCw1MDrVXmHQ43xfzqU5,Unlisted,none,Tol-Puddle Martyrs,https://i.scdn.co/image/ab67616d0000b2738c02fc74c1eaf739f4a68836
33,1YvN5uOGQkHVUUlZUcnotD,Unlisted,none,John Talabot,https://i.scdn.co/image/ab6772690000c46cfa08d86c1d6f0fe0a1e48ed8
48,5gPEo032lzARtzuVqJIm9o,Unlisted,none,Bobby Goldsboro,https://i.scdn.co/image/06d38d3736c5646927e56769e8a7df965e5643bd
66,7zrkALJ9ayRjzysp4QYoEg,Unlisted,none,Maribou State,https://i.scdn.co/image/ab6761610000e5eb8226ea46d749763f4e650015
44,4asCC4oxQcDzFXhCth2SgQ,Unlisted,none,Gary Puckett & The Union Gap,https://i.scdn.co/image/c4830fcbf9a9a496bca1a58f84aaaf0b2a882579
44,2RWaZohsuqSJX9xWX3p95G,Unlisted,musicals,Sutton Foster,https://i.scdn.co/image/b73adcba423692245bd8a2f6040e42e2890cb2c8
66,3qBKjEOanahMxlRojwCzhI,Unlisted,none,Zacari,https://i.scdn.co/image/ab6761610000e5eb02ae9b510bed2b616706e6a9
79,6tbjWDEIzxoDsBA1FuhfPW,Unlisted,none,Madonna,https://i.scdn.co/image/ab6761610000e5eb6ccc1215f5b205aa6b34b48b
45,3mVWMgLc7bcyCBtL2ymZwK,Unlisted,none,The Arcs,https://i.scdn.co/image/ab6761610000e5ebfd5d2a0d6c50f6586e34eaf5
35,62ZiGUTPhgySJXKhGUpqhn,Unlisted,none,Flanagan & Allen,https://i.scdn.co/image/ab67616d0000b2732f421da1fea9e59a59b400d7
32,5PFXkTaxxM0cd42woXZBvP,Unlisted,none,The BBC Dance Orchestra,https://i.scdn.co/image/ab67616d0000b27339b3bd36a50c860c35ff423d
6,5BycZqMUwovRJJd8o2sA6t,Unlisted,none,Jack Payne Band,https://i.scdn.co/image/ab67616d0000b273dcbcca0f6fde6c7d201305bf
5,2b9ktntykWY7q9PK1RWcvG,Unlisted,none,Charles Coburn,https://i.scdn.co/image/ab67616d0000b273ac41799a63ba2a7d071eeb1f
21,6dFY9Mfn7uV9fOFW7kCqjY,Unlisted,none,The Mike Flowers Pops,https://i.scdn.co/image/ab67616d0000b2736a66ba0b254776dba7a48bc6
21,6p4aQyQz1JHnc4sLdTjgv7,Unlisted,none,Evelyn Knight,https://i.scdn.co/image/ab67616d0000b273a3e5803eeb9511fb34566062
5,7Fx0i1HlXqWt1aP8YvRf6E,Unlisted,none,Jack Cottrell,
0,79Sx58gVjdpkAAHWNNX6hl,Unlisted,none,Chiquita y Chatarra,
5,4IlLIwRcekFJD17BTzo8fq,Unlisted,none,Charles Penrose,
35,1nw8iwDkSSHqn8S343ODcp,Unlisted,none,Chassol,https://i.scdn.co/image/ab6761610000e5ebbffe1bb4500851d61bb94b16
67,5nCi3BB41mBaMH9gfr6Su0,Unlisted,none,fun.,https://i.scdn.co/image/37bc85c957e17d3463ae40da1c8ade6bb5ecd546
8,0uGp39H44YMKv86CNHv7Aa,Unlisted,none,Billy Costello,https://i.scdn.co/image/ab67616d0000b2737f4f8c59873f5afb19458998
63,0GByy3DcfbQwDvXGCWmzv9,Unlisted,none,Pretenders,https://i.scdn.co/image/ab6761610000e5ebe1e579234621464c62c08f63
3,0rZ5F43lMX3mdce3O0uRmu,Unlisted,indie dance,DJ Evan,https://i.scdn.co/image/ab6761610000e5ebaf21eae4655aef7a3b573754
44,49JvZ17o0VaAmXaJv5kZlv,Unlisted,classic blues,Al Kooper,https://i.scdn.co/image/c36de36e231dc3a7d7237d62c7ac100ca850ff67
31,47meGvCz0CZklN50dgzjmL,Unlisted,none,She Drew The Gun,https://i.scdn.co/image/ab6761610000e5eb472d3692de6ea0f8cf69c790
38,5exO2eW84QucBhrRhcK76x,Unlisted,native american music,Buffy Sainte-Marie,https://i.scdn.co/image/ab6761610000e5eb76bf720220b09ebcf3004d80
9,0KUeAybP9GsBasZ0CIE1MZ,Unlisted,none,Castano,https://i.scdn.co/image/ab67616d0000b273ad5767545e8b7fccb756da68
19,0fSThWbCstAGqxZFUftX1F,Unlisted,none,Tara Clerkin Trio,https://i.scdn.co/image/ab6761610000e5eb160b80d0e0dae2cf01120552
71,1Y8cdNmUJH7yBTd9yOvr5i,Unlisted,none,Destiny's Child,https://i.scdn.co/image/ab6761610000e5ebf75e64532704bd6acf0b4e76
70,4tpUmLEVLCGFr93o8hFFIB,Unlisted,none,Blondie,https://i.scdn.co/image/ab6761610000e5eb67dc4da82c968767d994f3c3
89,4gzpq5DPGxSnKTe4SA8HAU,Unlisted,none,Coldplay,https://i.scdn.co/image/ab6761610000e5eb1ba8fc5f5c73e7e9313cc6eb
55,2Tz1DTzVJ5Gyh8ZwVr6ekU,Unlisted,none,STRFKR,https://i.scdn.co/image/ab6761610000e5eb09ba7def3d7c5c14349fb905
57,1TqQi97nqeiuOJrIFv5Sw0,Unlisted,none,Semisonic,https://i.scdn.co/image/ab6761610000e5ebcbac00ef1ac185c67665e970
23,1bB0hKohfWkczaTMQLQdlR,Unlisted,none,Robbie Basho,https://i.scdn.co/image/ab67616d0000b2736f7c30f19c2de2920385c3a7
56,057gc1fxmJ2vkctjQJ7Tal,Unlisted,none,The Buggles,https://i.scdn.co/image/95afb7613d7ab1723ca2a7c952c56bf6143223d0
53,2QmLFuIDtNDmmJY3OtvinN,Unlisted,none,Meredith Brooks,https://i.scdn.co/image/f48fbdbdb7891d93959fa39c4bc65e94c489401d
50,1kx78nQhmITF7OFvivyN4v,Unlisted,none,Rui Da Silva,https://i.scdn.co/image/ab6761610000e5eb78dfaa7dd341eba1faa8f8d9
42,6Pim5E5Lm03COsjHj2aEiK,Unlisted,none,Bess Atwell,https://i.scdn.co/image/ab6761610000e5ebcebaf827ec9c55928b2a2618
54,7qShKycqNUP0GLEiTENDVZ,Unlisted,none,Womack & Womack,https://i.scdn.co/image/3627bd95df407a6397d3e39be2a91e072db8d133
40,5GA6j57yIPCBrWk1lTvF9o,Unlisted,none,Lime Garden,https://i.scdn.co/image/ab6761610000e5eb8e3d10bee92ccdba82fbb9c8
0,5ZWo0P6lqFeoDeoN0okPEL,Unlisted,none,James Laco,https://i.scdn.co/image/ab67616d0000b2733a24bafd88e6da4b7fc33a43
28,0ZeQOKQwmufZih23yBQ2uH,Unlisted,none,Johnny Costa,https://i.scdn.co/image/ab67616d0000b273f322d6b195c5697bd18f2b41
36,6EuVxyAGrWCKJtj5pRSHaw,Unlisted,none,The Texas Gentlemen,https://i.scdn.co/image/ab6761610000e5eb485265d90414cd598b17f741
54,7tHd518aPjJYUgyv9bidBz,Unlisted,none,Judy Kuhn,https://i.scdn.co/image/ab67616d0000b273a41e6a6895c962c689331491
35,4AgusFXPk24LCGMMplX34M,Unlisted,none,Palehound,https://i.scdn.co/image/ab6761610000e5eba3e49b0ad630d4373c7ce8b8
20,5JpFdmGP5YVR80hwTyjhW0,Unlisted,none,Alison Sudol,https://i.scdn.co/image/ab6761610000e5ebc93cdade7ce90e0ef174d85b
48,6XIT5sGHOtxVgqtSnMCYZ6,Unlisted,none,Dick Van Dyke,https://i.scdn.co/image/ab67616d0000b273d6dc8b97a1736a1d356d67c3
36,5glaXGC2Bpd4z4HsVhzhjN,Unlisted,none,Dream,https://i.scdn.co/image/ab67616d0000b27385735357733fc75624edfea2
43,1xD85sp0kecIVuMwUHShxs,Unlisted,none,Twin Peaks,https://i.scdn.co/image/ab6761610000e5eb28101ecae7102233a50d2c2a
63,34me8hAxavRmcDIwhxa3b7,Unlisted,none,Dent May,https://i.scdn.co/image/ab6761610000e5ebd8f96530fb267e1248704004
36,2KofAEA8S0jDDXjSg6a3HR,Unlisted,none,Johnny Jewel,https://i.scdn.co/image/ab6761610000e5eba651dbb7b175aec299eac832
87,699OTQXzgjhIYAHMy9RyPD,Unlisted,rage rap,Playboi Carti,https://i.scdn.co/image/ab6761610000e5ebba50ca67ffc3097f6ea1710a
37,7ACSlU8kTcQIbvpwLWze8E,Unlisted,none,Vetiver,https://i.scdn.co/image/ab6761610000e5ebfec40bc1b1c1beb2e7f296bf
10,0tU9Qf5jG7st9wqMuPwJt9,Unlisted,none,Blackrock,https://i.scdn.co/image/ab67616d0000b273bc2f6b92bb4df7595db77af0
34,6KPWnJouOHhX0ZhscJsIU1,Unlisted,none,Kid Creole And The Coconuts,https://i.scdn.co/image/ab6761610000e5eb3da36ef71e68b480bdb65fa5
33,0X0TajZO1RmY3D8u1JymYq,Unlisted,none,Au Revoir Simone,https://i.scdn.co/image/ab6761610000e5ebd5226701fc34cccb65bc523e
39,4D7jbXC2Jdd9DXG5uZYCCr,Unlisted,musicals,Annalee,https://i.scdn.co/image/ab67616d0000b273355b62b411e70f697aea7e9c
13,1L2vdW5MKTr5mHioN2Ywm8,Unlisted,none,Naomi Neville,
89,6eUKZXaKkcviH0Ku9w2n3V,Unlisted,soft pop,Ed Sheeran,https://i.scdn.co/image/ab6761610000e5ebd55c95ad400aed87da52daec
12,32ese02QryCb75wljJ2LLD,Unlisted,none,The Flat Five,https://i.scdn.co/image/ab6761610000e5ebae5461a5f2c0e1e2bb5474aa
32,2KCB7rHKJ04E2WprsXHGU4,Unlisted,none,The Donkeys,https://i.scdn.co/image/ab6761610000e5eb97c2e4f3521a53640407dc38
1,7mdQavaq3eKjxsS594QK5l,Unlisted,none,Peluché,https://i.scdn.co/image/ab6761610000e5eb2855a8dd586b9b2fa4f4110d
44,0ZUyFEafMwocvApBjTXvdo,Unlisted,none,This Is The Kit,https://i.scdn.co/image/ab6761610000e5eb17e562daddcfa796d07ccfb4
29,1ukEEwzjucRtFTxiw2DrDZ,Unlisted,none,Goat Girl,https://i.scdn.co/image/ab6761610000e5eb1c90369a7fd03d66359cd890
3,4detdPA6rWXtpMSLSlKkwE,Unlisted,none,Le Days,https://i.scdn.co/image/ab6761610000e5eb55712054c4f5ca6746bddc61
50,4oMBP1OWXtmxyDhAj2aRyQ,Unlisted,none,Balthazar,https://i.scdn.co/image/ab6761610000e5eb8c419ff17a8d6809aa6ea44f
9,043WRXguGXwwwPHGnNz20i,Unlisted,native american music,Peter La Farge,https://i.scdn.co/image/ab67616d0000b273a6a0bfcd204eab89339d6469
34,1PokjXeIq2zVosXbTEaNlx,Unlisted,none,J Mascis,https://i.scdn.co/image/ab6761610000e5eb00770498ad0dd14822ccd283
22,2sxI9mdxTPzsbAzZwIP6R7,Unlisted,none,Foamo,https://i.scdn.co/image/ab67616d0000b273217c589833fdfb131b0ea26e
5,5umhcdWLEQWb7l2mAwyV3z,Unlisted,none,Max D,https://i.scdn.co/image/ab67616d0000b273f2569141fd3c99bd35526b5d
44,0CRfAs5qmkRgw9x9etNGqH,Unlisted,none,Octave One,https://i.scdn.co/image/ab6761610000e5eb9a65cdd025256b17afdbcf56
3,1EnzS63A3rt7rOWLctRyG3,Unlisted,none,Marcos Cabral,https://i.scdn.co/image/ab67616d0000b273ee6308b4318285d2e2faa8bf
45,4zVfvSWs6FvSD6B5lQGs2S,Unlisted,none,Peter Andre,https://i.scdn.co/image/809c25f4bc6391b6486f3a07696642a58ee1148b
0,4lB26frjHiyyq7CjSUICed,Unlisted,none,Koehler,https://i.scdn.co/image/ab67616d0000b2735fef5295a87480c0483c7bc9
43,3EnbnmqrrvApHJs6FMvYik,Unlisted,none,Elder Island,https://i.scdn.co/image/ab6761610000e5ebb85d701fb26d806a10c0ff2b
0,5lMhayaiiZAnbsd6Oqpkv0,Unlisted,none,Bandshell,https://i.scdn.co/image/ab67616d0000b273b9e4f69aa4aa7214a9fdc190
25,0TZExq5Dma8hecEIAKwQYA,Unlisted,none,Cindy Lee,https://i.scdn.co/image/ab6772690000c46cfaf192ccd56bb356f0c655d6
47,4w3QqrcmBv8dasemwBXmxf,Unlisted,none,Prefab Sprout,https://i.scdn.co/image/ab6772690000c46c1f272ff8ca78ef4c70e49f70
10,28ljP12QBsgioe7MMMnq8g,Unlisted,none,"Meicio Askanasy, José Prates, Ivan de Paula",https://i.scdn.co/image/ab67616d0000b273cfbf5d54ae6d456b230f65e5
33,3ZHJIsD3uMwwjXlSpDzPtY,Unlisted,none,Kojaque,https://i.scdn.co/image/ab6761610000e5ebd2806be00ba281dd18fff181
7,0duEtz2yf9OQR5vbwqqMo7,Unlisted,música mexicana,Marimba de los Hermanos Paniagua,https://i.scdn.co/image/ab67616d0000b273c03f49672e0624d40803e73e
41,7ooOn6bokl4mGV4CEaUz6A,Unlisted,none,Shakespears Sister,https://i.scdn.co/image/ab6761610000e5eb2c0fb99e3bb121f48c1bedc4
30,6Xx57uhlmBUkH1DOxqTWZM,Unlisted,none,W. H. Lung,https://i.scdn.co/image/ab6761610000e5ebd9757c0be233e5c90eaf6a21
58,08b2PA6eFyugsWAk41eQKZ,Unlisted,none,Lesley Gore,https://i.scdn.co/image/bf28596cedb04fd25304c2bd335c7f91cebffcb0
4,0f3o61UmrJLgvZtNdETT1h,Unlisted,none,TOSHIO MATSUURA GROUP,https://i.scdn.co/image/ab67616d0000b273f9c9041901f61e06b804ed88
59,16GcWuvvybAoaHr0NqT8Eh,Unlisted,none,Alabama Shakes,https://i.scdn.co/image/ab6761610000e5eb8541f518ded01fa4517610c8
16,5nAtXl2yhbQubn2gT9lhIg,Unlisted,none,DJ Bone,https://i.scdn.co/image/003c13cd168587593cbaa39de2a15d19f8035077
34,0yxIUq0WFyaTmYyleG4Uca,Unlisted,none,Kim Jung Mi,https://i.scdn.co/image/ab67616d0000b273c4a28e04dffeb0a3a777ef63
71,5Z1CCuBsyhEHngq3U5IraY,Unlisted,none,Westlife,https://i.scdn.co/image/ab6761610000e5eb7299fecc45211132432d7d8c
52,6X8lhZ7YaRUBlOsOYimlyD,Unlisted,none,Kiasmos,https://i.scdn.co/image/ab6761610000e5eb09b55d86f0b4bddd1d5b010b
0,2SU0Q1mD3Vf207QF6YXV84,Unlisted,none,Benny Ill,
45,6olWbKW2VLhFCHfOi0iEDb,Unlisted,none,Hudson Mohawke,https://i.scdn.co/image/ab6761610000e5eb17a4b9ee72a4d06cb9a8b8c4
59,0dEvJpkqhrcn64d3oI8v79,Unlisted,none,Barenaked Ladies,https://i.scdn.co/image/ab6761610000e5eb6f38e73a455b76c9e84d2e05
29,7wyRA7deGRxozTyBc6QXPe,Unlisted,none,Stephen Malkmus & The Jicks,https://i.scdn.co/image/ab6761610000e5eb7230fd9e05fbc10d5fc54941
37,7wGrLSB3v7jkV3fSsjYwtv,Unlisted,none,Born Ruffians,https://i.scdn.co/image/ab6761610000e5eb067058f8d453fef5239f31aa
59,0g9vAlRPK9Gt3FKCekk4TW,Unlisted,none,Ab-Soul,https://i.scdn.co/image/ab6761610000e5eb53e37d2ad6497c8e5768149a
57,0TcYeHEK9sBtv7xPbKhzHz,Unlisted,none,Chumbawamba,https://i.scdn.co/image/57d60d824eac6f8870011979a6fab6b27b97fa44
47,6FlxhoUGATC40TALMesaFM,Unlisted,italian singer-songwriter,Vinicio Capossela,https://i.scdn.co/image/ab6761610000e5eb1618cd11a9515e175a83ea4e
43,3ap1NzHNV9QA1x1V6z3gSe,Unlisted,none,Gene Pitney,https://i.scdn.co/image/f7945ee09b580668a7e617aebc28c0c17ffeae6e
66,6waa8mKu91GjzD4NlONlNJ,Unlisted,none,The Hollies,https://i.scdn.co/image/722e36849bde408b99330c713ebeb19157eabc89
76,3Z02hBLubJxuFJfhacLSDc,Unlisted,none,Bryan Adams,https://i.scdn.co/image/ab6761610000e5eb9333e218db341b192817db03
54,6jU2Tt13MmXYk0ZBv1KmfO,Unlisted,italo disco,Giorgio Moroder,https://i.scdn.co/image/ae53e43ad044fe30298ac986a606bef7db4617bb
84,2h93pZq0e7k5yf4dywlkpM,Unlisted,none,Frank Ocean,https://i.scdn.co/image/ab6761610000e5ebee3123e593174208f9754fab
0,7EzZtsaDuv0EecScnO7wrh,Unlisted,none,Les Misérables-Original London Cast,
50,2s6JabvZdqVQhfOsaxCSFX,Unlisted,orchestral,Bert Kaempfert,https://i.scdn.co/image/ab6761610000e5eb9d24fe39fd48d3207f901a86
67,5lKZWd6HiSCLfnDGrq9RAm,Unlisted,none,Leona Lewis,https://i.scdn.co/image/ab6761610000e5ebe9cf3862b8027eb5b9f6b831
82,6LuN9FCkKOj5PcnpouEgny,Unlisted,none,Khalid,https://i.scdn.co/image/ab6761610000e5eb8f77c3eddc1869e9542b04bc
45,3LfKt6bEMIfFIEryeai8Mm,Unlisted,none,Alabaster DePlume,https://i.scdn.co/image/ab6761610000e5eb79e7e6483840d0cea31d8c04
55,7krx6UBDKLwE0q3s3fesqF,Unlisted,none,C & C Music Factory,https://i.scdn.co/image/ab6761610000e5ebdbe2d33239c7ea19da857479
2,7FyspPUfiBhVrrbExpkxZ4,Unlisted,none,Boi (OST),https://i.scdn.co/image/ab67616d0000b273d0e671f7c6692a9739001326
11,2HiGvNEcu9p7m32iWUrR7j,Unlisted,none,Lizzyloo,https://i.scdn.co/image/ab6761610000e5eb47fe2be501abb415119abb2e
17,1APkoiZBXf5B3YqPruHouT,Unlisted,none,Terra Twin,https://i.scdn.co/image/ab6761610000e5eb4bb043662d4ef0a0644be2fb
46,3n085fYvqy1xgFEA0gjjFx,Unlisted,none,Redkattseven,https://i.scdn.co/image/ab6761610000e5eb62a09f26b257dd997e76a3c8
0,3644jHpHInKPL22IQYcd9y,Unlisted,none,Eva Curzi,
63,0MlOPi3zIDMVrfA9R04Fe3,Unlisted,none,American Authors,https://i.scdn.co/image/ab6761610000e5eb76fa6126d926bd6302239aba
5,6ZKaSJXezrWbhYulkvWz4r,Unlisted,none,Onyx Midnight,https://i.scdn.co/image/ab67616d0000b273d705756fb580024a02463b8c
43,3oBqUqRBY1Ish0n1fHxeu2,Unlisted,none,Lil Big Stack,https://i.scdn.co/image/ab6761610000e5eb51fa0b096d79ee790938451e
10,6fB2D85hn56JzRBTlCG0nw,Unlisted,none,Rachael Lavelle,https://i.scdn.co/image/ab6761610000e5eb3bfd5efad7843dc298733933
0,7cT0q8ThkSyIzyFDahxxUU,Unlisted,none,DJ MAGIMBU,
68,2eam0iDomRHGBypaDQLwWI,Unlisted,none,Bleachers,https://i.scdn.co/image/ab6761610000e5eb5612e039ce8b2d05e0bac0a9
0,37Yx62YrthR5rgnrnFqNsF,Unlisted,none,Pedro Vera,
43,2KT0mSAPvd9PreXYCiVfVO,Unlisted,none,Just Jack,https://i.scdn.co/image/ab6761610000e5eb8d5a86e0144501e7926251a0
2,7qi4tpeQyNGsme1ZgE1s5f,Unlisted,none,Vesta Victoria,
0,5lCzzDFBEMShuche7yTo4H,Unlisted,none,Run by Electrodes,
8,3fkHK8NOb6RPNbD8WfrLkU,Unlisted,none,Leaders of Technology,https://i.scdn.co/image/ab6761610000e5eb345978e7b91873a6c02ad05c
3,2I0zzJ2qwErkYlOU4LBgml,Unlisted,none,Lab Rat XL,https://i.scdn.co/image/ab67616d0000b273fad7ae8dfc681c2f9f8333ef
5,3r48J3gAlltGN7xQad6J0Q,Unlisted,classic blues,Willie Cobbs,https://i.scdn.co/image/ab67616d0000b273c0e622c39292bb3ebf3ec1ee
37,6ywMpa6AmGJpV5Sbyy58Js,Unlisted,none,Shabaka,https://i.scdn.co/image/ab6761610000e5eb75dce533072197e4f02b630e
30,1JG33GIyUbQa2Rlt9TqVyq,Unlisted,none,Mark Fry,https://i.scdn.co/image/ab67616d0000b2738039ad1dfebabbb82e6b2fc1
52,12EtLdLfJ41vUOoVzPZIUy,Unlisted,none,Girls Aloud,https://i.scdn.co/image/ab6761610000e5eb3462a3f5b8e865e8cc30d957
18,5wuJ6NURpgVnZCt3gLCucs,Unlisted,none,Alek Lee,https://i.scdn.co/image/ab6761610000e5eb2e5fefa31d3730a60db58323
40,7fVp0A6oCMfiQJihMnY0SZ,Unlisted,none,KNOWER,https://i.scdn.co/image/ab6761610000e5eb1a0f934ffc8688946ce9f019
0,6KFNJMheSt8FAYaDPFyacJ,Unlisted,none,Matty Hunt,
20,1xSXnf7mFuxNF0CMyQmpX2,Unlisted,none,Sam Maghett,
67,0lJlKQvuM2Sd9DPPyUXcHg,Unlisted,none,Sixpence None The Richer,https://i.scdn.co/image/ab6761610000e5eb2ebb0ae40f1aa370bbacf74d
24,0w1RQjkLFHpokbFNikYbPN,Unlisted,none,Talaboman,https://i.scdn.co/image/7d659d3da1736b743f1232c2d4437c27829161bb
26,5TGJzOKQ9GbfJ6IZI9ktDn,Unlisted,none,Dream Street,https://i.scdn.co/image/63f2df795ebafad1b322b9e33fa796791e8d12f9
64,2kHxkdiKCSnHMkhIgFBZaI,Unlisted,none,Kristen Bell,https://i.scdn.co/image/4696b636f6be50265a1226814629eea4ed48a8e6
56,1dIdBZaaHRW2bDTkHNfWln,Unlisted,none,The Veronicas,https://i.scdn.co/image/ab6761610000e5eb91bfd068f1e484b1002e3580
13,4JVT1I5OzHwHaQS7DcSclG,Unlisted,none,Dogs Die In Hot Cars,https://i.scdn.co/image/ab6761610000e5eb6467ed52e4052ecd6e3b8540
63,6nDLku5uL3ou60kvCGZorh,Unlisted,none,Bloodhound Gang,https://i.scdn.co/image/ab6761610000e5ebb37fd268f79456bf904d617e
25,1bcztlEOrJIIfLbUIKQY6O,Unlisted,none,Michael Rault,https://i.scdn.co/image/ab6761610000e5ebd1b7e36fadb4850431a6edc1
39,4pzjm2iMtclScYmoJ7q9tD,Unlisted,none,Dan Reeder,https://i.scdn.co/image/ab6761610000e5eb521a0de2066d4a71076fe45d
13,0y0zq3ULRz7HsJTs4eF1G6,Unlisted,none,Zetta Bytes,
48,2tFN9ubMXEhdAQvdQxcsma,Unlisted,none,Jessica Simpson,https://i.scdn.co/image/ab6761610000e5eb761f912c69a45866177c674a
37,0qa4GMXrmylKemymbElIwq,Unlisted,none,Jump5,https://i.scdn.co/image/e401e7cde4be63ef9b45f57664661f1bd752915c
24,5P1tdwsQdI6z9MXXfmYRDS,Unlisted,none,Field Music,https://i.scdn.co/image/ab6761610000e5eb2b711eb656eefd92a43135d0
19,6YTWss7MFcjsJRDgmtqO2l,Unlisted,none,Lake People,https://i.scdn.co/image/ab6761610000e5eb9dc5036531e4b919341faf54
11,5cMtEMr5pDMpBGjY4XXvDh,Unlisted,none,Clockwork,https://i.scdn.co/image/ab67616d0000b273850699cd9e49b6a52935dfd9
38,4eR9k3I0YKCQUvvP2ojptw,Unlisted,none,Joan Shelley,https://i.scdn.co/image/ab6761610000e5eba2825c0d030120a174b48de4
17,6m6rbOfn0fQIVteo1za0wJ,Unlisted,none,Michael Blackwell,https://i.scdn.co/image/ab6761610000e5eb1a183beb979401f23afb2993
50,4ftctxasGrW5Ud5Pbw6kWq,Unlisted,none,Loving,https://i.scdn.co/image/ab6761610000e5eb9ec3495cf5870bfde0f9744d
53,7gRGh8w4G9zaFJSaIYp8HH,Unlisted,folk pop,River Whyless,https://i.scdn.co/image/ab6761610000e5eb7ac1c4db6901f98a6ba470e7
6,1sxHktPJdyFPooHAQteL9k,Unlisted,none,Din,https://i.scdn.co/image/9a6303d87089dc6275e92e40b68198f8a721dc58
19,5zoRUFpHFVDyYfWqUB0p7H,Unlisted,none,Souldynamic,https://i.scdn.co/image/ab6761610000e5eb7a9ec266d0093185034d8aa0
39,3GtvxALXnbuxfxFIo26vC4,Unlisted,musicals,Evadne Baker,
8,7iqeOKRXdtfN4PCu3oCHbZ,Unlisted,none,YANT,https://i.scdn.co/image/ab6761610000e5eb6db72092157f77929940b324
30,680a4iDO5tGb0Mb3IIcrVz,Unlisted,none,Laura Groves,https://i.scdn.co/image/ab6761610000e5eb6b7d55e38d34b347e17a69fa
53,0mvTBNG2hAuAEzUVgTYpQ2,Unlisted,musicals,Charmian Carr,
42,1pf3joSSGlPRxmUoWSsh1W,Unlisted,none,Finley Quaye,https://i.scdn.co/image/ab6761610000e5ebec1c9bc007ef5af8cbda8dc9
36,3qL4moFMePG5zA87tLcCOM,Unlisted,none,Billy J. Kramer,https://i.scdn.co/image/ab6761610000e5eba6fcd2c8c28f83f535dd1237
13,11JxhpXpF2NkGjPsYoyv92,Unlisted,none,Map Of Africa,
20,2hWD9jbxq2spqxPTuNyuVN,Unlisted,none,Johnnie Frierson,https://i.scdn.co/image/088edf71411edc50e7bcfdd7eb6280944eb2aa67
20,50oLNc8Bq2NmKzqTKiyLHd,Unlisted,none,Eddy Duchin & His Orchestra,https://i.scdn.co/image/ab67616d0000b2733db801c8caecafd9a566ce9b
27,5tbEjgs7Twqh89pq5Ef161,Unlisted,space music,Hakobune,https://i.scdn.co/image/ab6761610000e5ebd1839e6d4841fd63383aab19
35,0feWqfqPgKPFPzqDFE4bSf,Unlisted,none,Don Edwards,https://i.scdn.co/image/21ef5118ec1598d62b0b5ded906c0bb55d544dee
0,2TATWDRPSlK3gyTFSo95cM,Unlisted,none,Killawatt,
63,2mLA48B366zkELXYx7hcDN,Unlisted,none,Peggy Gou,https://i.scdn.co/image/ab6761610000e5ebffbd43b1e54eb09a8c824f53
0,2H7Cb9prDGBHL5aeJWIhsl,Unlisted,none,Natalie Bang Bang,https://i.scdn.co/image/ab67616d0000b273002eae0b359d797a24a173da
18,3pOnPfJ9MReuu20YnLFRej,Unlisted,none,J-E-T-S,https://i.scdn.co/image/ab6761610000e5eb329680159e48f02c575e7013
21,4qczpAvtGm4OU2Jz2cXPWq,Unlisted,ethiopian jazz,Salah Ragab,https://i.scdn.co/image/ab67616d0000b2732808aaa3934b83d359a6bf22
2,64LDiTboDiTgyJOcDHi0LJ,Unlisted,none,JW Ridley,https://i.scdn.co/image/ab67616d0000b27314d6c0aece8f6b0941fd1fbd
26,25L7U77b5R5fO5pRjDP1Cj,Unlisted,none,Avision,https://i.scdn.co/image/ab6761610000e5eb20ac632738019bb5a61de1ea
71,2BTZIqw0ntH9MvilQ3ewNY,Unlisted,none,Cyndi Lauper,https://i.scdn.co/image/ab6761610000e5eb7e43679c3022f9310645078b
14,0uuWKORLosOJB3L6D7zplX,Unlisted,none,THE GOA EXPRESS,https://i.scdn.co/image/ab6761610000e5eb881d3b5bb69e2f6f07b380d3
0,76JwlkXcpyVuS3H6hUKUYy,Unlisted,none,Grey Fields,https://i.scdn.co/image/ab6761610000e5ebda7a8638ae7119aab996623f
53,6dgwEwnK0YtDfS9XhRwBTG,Unlisted,none,Broken Bells,https://i.scdn.co/image/ab6761610000e5ebcafd2875af0609eed7b8422e
33,6bxYUbMVzrPTOmzwey8Hgh,Unlisted,none,Boxed In,https://i.scdn.co/image/ab6761610000e5eb2f3dc0f681fa3c16eeb41a39
40,2AEEnr6Le5zHzBwpnlZSmq,Unlisted,none,Emma Bunton,https://i.scdn.co/image/ab6761610000e5ebe30415da9c9ebcad7b968efc
14,5irwGfNb30z0m7UbZvFIcm,Unlisted,none,The Maghreban,https://i.scdn.co/image/ab6761610000e5eb4e27ff4d272564c1ab1659fa
22,2WrVwQi8ez2O1Ds5Q7hLXa,Unlisted,none,Fyfe Dangerfield,https://i.scdn.co/image/ab6761610000e5ebff468a39be93062010ab0250
46,5HHKeO04SOcxUxjruFXf5l,Unlisted,none,Bryce Dessner,https://i.scdn.co/image/ab6761610000e5eb7e18f4b4893538ed49900632
46,3KOHpygRuo1ruQAbEneR3t,Unlisted,none,George FitzGerald,https://i.scdn.co/image/ab6761610000e5eb4bfeba697eaaa18b2edad8f0
34,6U7MOIhacysUEnfJ41WfhC,Unlisted,none,Nathan Micay,https://i.scdn.co/image/ab6761610000e5ebe4ffe2d9dccd6a18f5e4ef7b
45,4lu50np3LdTkRL09T7x8UP,Unlisted,none,Agoria,https://i.scdn.co/image/ab6761610000e5eb0ad36001585e5132373701a5
0,0Ob1aTizyy4v8E8S8b3GBn,Unlisted,none,Connan Mockasins,
0,4ag0DoSIYFW0SgSYC7E8g0,Unlisted,none,Family Sex,
3,3gY33YyX0dYgugN0Smz35w,Unlisted,none,Reckonwrong,https://i.scdn.co/image/0097031671555b8df057e72cf2d152ae79af5115
1,4CSwaQor1zOIE81NFCWHTD,Unlisted,traditional music,Boua Xou Mua,https://i.scdn.co/image/ab67616d0000b27349f053f35bf54f37f59099ba
64,5CzlICF8GCY0pRC82MKrhX,Unlisted,none,Labi Siffre,https://i.scdn.co/image/ab6761610000e5ebbac42447a71cc398fad2efac
37,7adlRX57hqe6Pc4YHrSGG0,Unlisted,none,Runnner,https://i.scdn.co/image/ab6761610000e5ebe45f640d541c8fd86d5d8a31
27,76ox7koAGPytUmTZGU6zWn,Unlisted,new orleans bounce,Earl King,https://i.scdn.co/image/ce39e01cd322252e738417ff2bd3619b030cbf27
0,2QV3ajkOMEqVpdbM4ErO8k,Unlisted,none,Onirico,https://i.scdn.co/image/ab67616d0000b273ccb4ccb294dcb80c57f34139
0,1JkekbWlrILJDEwzpAFYUW,Unlisted,none,MaxM,https://i.scdn.co/image/ab67616d0000b2737a37c57a9f2a672f0033f13a
63,2Sqr0DXoaYABbjBo9HaMkM,Unlisted,none,Sara Bareilles,https://i.scdn.co/image/ab6761610000e5eb83a5e11367a1af10a319a6ac
0,0xqZoTGy2DRcVGY0wiRyMN,Unlisted,none,The Lotus Eaters,https://i.scdn.co/image/8000852f2d165361229dd845d5a6013c7800b12f
21,3dQkx1qvvxbaztrIztQeRL,Unlisted,none,Ratso,https://i.scdn.co/image/ab67616d0000b273b7bac595c5d6076e428685c5
53,09C0xjtosNAIXP36wTnWxd,Unlisted,rock and roll,Fats Domino,https://i.scdn.co/image/ab6761610000e5eb5305958de2ad389172f3cd78
41,3C4Ma6ujXcpDtisnx6RASG,Unlisted,italo disco,P. Lion,https://i.scdn.co/image/ab6761610000e5eb212ce8a2b56564ad73e5bc49
18,2CbeYAeoh6tWJhlJU3fI9c,Unlisted,none,Sandro Perri,https://i.scdn.co/image/ab6761610000e5eb808d482a594896b3b12ce428
36,7ECGnAVeg7U3WRPMjpJa9n,Unlisted,italo disco,Scotch,https://i.scdn.co/image/ab67616d0000b2731cc68e0cff52a48b337b89ec
77,0p4nmQO2msCgU4IF37Wi3j,Unlisted,none,Avril Lavigne,https://i.scdn.co/image/ab6761610000e5ebcea575e8c9519d4367984256
33,5AezOTggHnFTiQ5AiowFBf,Unlisted,indie dance,Musumeci,https://i.scdn.co/image/ab6761610000e5eb6fc1689b347cfd84a7b8d1e3
30,7nwdEDnfgNpPhWQCXX3KSx,Unlisted,none,KH,https://i.scdn.co/image/ab6761610000e5ebbc0c69c07c97fb27383c2443
61,4AA474G2hRfrHyGrfyDseO,Unlisted,none,Mozzy,https://i.scdn.co/image/ab6761610000e5eb32adbe24a9697c362954b2fe
0,6mMJS38TEles0rET0Q4ziz,Unlisted,none,Turbogeist,https://i.scdn.co/image/ab67616d0000b273d739b204192733c78be28328
47,6sqZoZxe9BQwk7Zxh6STfF,Unlisted,none,Kadhja Bonet,https://i.scdn.co/image/ab6761610000e5eb2a6e95fbaa72eea31aab5fdc
26,266j9hfnayXOZhRRi0sTOu,Unlisted,none,Jeff Bridges,https://i.scdn.co/image/6ba9260e8f6546e3dce6c45c3e04c19374d05815
70,28ExwzUQsvgJooOI0X1mr3,Unlisted,none,Jay Rock,https://i.scdn.co/image/ab6761610000e5eb9c48431caf52a2d0f38433ff
0,3q6vKi6feYO8Ag2BOlCQEd,Unlisted,none,Leo Richardson Quartet,
36,3TBfn8PtXr42OrTPaoC3E8,Unlisted,none,The Futureheads,https://i.scdn.co/image/ab6761610000e5ebdc850d067e6bbfbb6409f69a
70,3ycxRkcZ67ALN3GQJ57Vig,Unlisted,none,Masego,https://i.scdn.co/image/ab6761610000e5eba12539a9a66ddf0b498d4d4a
66,5l4nhyz8876RhgE2d18h65,Unlisted,italian singer-songwriter,Vasco Rossi,https://i.scdn.co/image/ab6761610000e5eb6236b31052ab6d32689cd143
28,70gvc4NvTwgBpEB1goYy8z,Unlisted,none,Stuart A. Staples,https://i.scdn.co/image/ab6761610000e5eb3aa66c1cd78014894d4ffea2
72,1CoZyIx7UvdxT5c8UkMzHd,Unlisted,none,Jorja Smith,https://i.scdn.co/image/ab6761610000e5eba6524d02e26778b0b99a33d5
52,3w6zswp5THsSKYLICUbDTZ,Unlisted,none,Gabrielle Aplin,https://i.scdn.co/image/ab6761610000e5ebaac010f3b621faf4d8346ada
20,4fH73bVIwM24QrBqjTrhAA,Unlisted,none,Gilles Peterson,https://i.scdn.co/image/ab6772690000c46c61a1a45500679c03cd78a08f
41,34D8Pqawm29XlTE8445ezO,Unlisted,none,Poopy Man,https://i.scdn.co/image/ab6761610000e5eb976884986f78f6b87710f577
35,1r1k3lYgsOWmBVRYzofkvO,Unlisted,none,Fart Fest,https://i.scdn.co/image/ab67616d0000b2739593376c2cce35fa1b1c6e9f
1,0IwbrUdicuBw6t6hJmuRV7,Unlisted,none,Millape,https://i.scdn.co/image/ab6761610000e5eb8d5468926755401af56f4929
68,7nDsS0l5ZAzMedVRKPP8F1,Unlisted,none,Ella Henderson,https://i.scdn.co/image/ab6761610000e5ebeaec0febbefd0b52023e9425
5,4lT3QEjGrOZyCwqoHPjZES,Unlisted,none,Concrete Husband,https://i.scdn.co/image/ab6761610000e5eb2cb8e2bd304bcc26c53ac10c
46,34Or4SetJBRvrlE8AO1qDO,Unlisted,none,Ye Vagabonds,https://i.scdn.co/image/ab6761610000e5eb2b9a3ae56f414ff410c3bbf0
33,2ueLrjAXRW78olDn1YFrqj,Unlisted,none,DJ Timbo and Friends,https://i.scdn.co/image/ab67616d0000b273b1464157fb50062f9fdb7f25
30,2914JagOufmP5BY9qLDxtF,Unlisted,none,Arto Lindsay,https://i.scdn.co/image/ab6761610000e5eb616bede3fa26023fbd6811dc
48,47V6nyjOrUR98qv6gkYssI,Unlisted,none,Robot Koch,https://i.scdn.co/image/ab6761610000e5eb41e6b0985ff5c097b9cd61fb
22,4LUOGNccPSilRIm4Jcflg2,Unlisted,none,Shaznay Lewis,https://i.scdn.co/image/ab6761610000e5ebec705a9e43d8c467682df8de
0,1Ul8JG7lpSltWsBV9WCBLp,Unlisted,none,Boifrenz,https://i.scdn.co/image/ab67616d0000b273d73ce59f7a30ae9c26598a58
27,5qoP6RyrnQXfrj93gGZUqf,Unlisted,none,Chris Brain,https://i.scdn.co/image/ab6761610000e5ebcba20ce904f12c2a76e84f07
7,3Gul9YJiH5cPauKRIMYo3p,Unlisted,none,Merv Griffin,https://i.scdn.co/image/ab67616d0000b273a800ac5fc5a267078ceeaef2
79,13saZpZnCDWOI9D4IJhp1f,Unlisted,none,Lily Allen,https://i.scdn.co/image/ab6761610000e5eb18ae32afa3fea1e57c168fa3
21,4Kc2fveBGCYTxAmmAzkXDB,Unlisted,none,Devon Thompson,https://i.scdn.co/image/ab6761610000e5ebf3622d3b2076b947187cf92c
0,5NU6tiaELL4UovbZipxzYt,Unlisted,none,Romy B,
22,01liH6TfxmDMkDHrUKDzFp,Unlisted,none,Langkamer,https://i.scdn.co/image/ab6761610000e5eb5e9e138cb4faa932def05d17
32,0XErJwG6aCEj7NpKsEZrrO,Unlisted,classic blues,Magic Sam,https://i.scdn.co/image/71936b2d4ab476c6321e520186845037e3b841d0
52,5Pqx4mXYDGIDcg8E5FYjZ8,Unlisted,none,Carl Douglas,https://i.scdn.co/image/ab6761610000e5ebcea061a1aee40d93206e244c
69,5sWHDYs0csV6RS48xBl0tH,Unlisted,none,Two Feet,https://i.scdn.co/image/ab6761610000e5eb279e4480311a68403f80d698
29,6NeSLvSvSDdcPAFOrZXt5N,Unlisted,none,Ian Astbury,https://i.scdn.co/image/240b740884f662e8bfcee4d88f865ff988ec57b8
19,7jrtCX0BKSn54uZA2bRYB0,Unlisted,indie dance,Optometry,https://i.scdn.co/image/ab6761610000e5eb05e9dd628dc616c5e9c41a97
8,50iEISE8vvc4JChPJhx72u,Unlisted,none,Teddy Chisi,https://i.scdn.co/image/ab67616d0000b273993b89ed1fe34b13c23d38a1
20,5z5jrGRiONDfGvQydFriQh,Unlisted,none,British Lion,https://i.scdn.co/image/ab6761610000e5eb2fae320d3bfca6983119741a
0,0yxNhvP50Hs7uacvrYSXse,Unlisted,none,bassywax,https://i.scdn.co/image/ab6761610000e5ebfa352761ba71286bdb476298
7,3ThruzgFDRXO7rOL6LTG6B,Unlisted,none,BØHM,https://i.scdn.co/image/ab6761610000e5eb8bcd14d106f6bc8ace4a9d71
10,3boYwnYBHT4Ru1x7kfaZF2,Unlisted,none,Alexander Johansson,https://i.scdn.co/image/ab6761610000e5eb74d662c6267693babe2e42b5
9,3RKmmPVKEfB9q22gcPqyRi,Unlisted,none,PUSHMANN,https://i.scdn.co/image/ab67616d0000b2738c9c64443d5f215fe1f66037
35,6yb2PUxafSVe2441W50jbk,Unlisted,none,Cécile Chaminade,https://i.scdn.co/image/3518cce1bd243297a99dc59ee740399fce19950e
1,4cKv83CoOs8r8Yvwck9dGn,Unlisted,none,JLTZ,https://i.scdn.co/image/ab6761610000e5eb84e82e979f3a93e0aae37ff0
1,3xubycQGgdl3JpgxIviNqF,Unlisted,none,SRAMAANA,https://i.scdn.co/image/ab6761610000e5eb7f2e21fdb28c3e79bcf1d2bd
15,69ilUSFj31FA2iLHtegRwi,Unlisted,none,Buzzard Buzzard Buzzard,https://i.scdn.co/image/ab6761610000e5ebcea715f399c6411ebee052d2
21,32iqfoIqrkWugr2LrR8rdN,Unlisted,none,Red Rooms,https://i.scdn.co/image/ab6761610000e5eba07ccfc77da78d5004763122
37,12fRdeKejG8BBzybGf0ygk,Unlisted,none,Terry Reid,https://i.scdn.co/image/d872adc31eec3dd5705d9b6a04eafebd49cb0113
23,1Bhw1NGkIlsdVb8NXOymzk,Unlisted,none,Misstress Barbara,https://i.scdn.co/image/ab6761610000e5eba59ba6e6f54341c98e4f6b18
0,2lMc8kLIzeHOBiqDDcHpus,Unlisted,none,Mac-Talla Nan Creag,https://i.scdn.co/image/ab67616d0000b2734dd2df5a2c7f2d517b507fd6
42,573nSltoBinkbQXk5JSY9U,Unlisted,none,Flash and the Pan,https://i.scdn.co/image/ab67616d0000b2736d333d2964f561a029b97de0
0,2FSUMQQxWUySZIkIHbZpv4,Unlisted,none,Marcelinho CIC,https://i.scdn.co/image/ab67616d0000b27335919a54692fdc12fd18e6e9
10,2WZfCTpqwLC3MTIGmLrzaJ,Unlisted,none,Bessie Turner,https://i.scdn.co/image/ab6761610000e5eb08987678b5062685dd532f0a
28,1yhv5zp6IYFYpboAm7Fdlm,Unlisted,none,Julius La Rosa,https://i.scdn.co/image/ab67616d0000b273cc1959c49d6facfe24046614
67,3CDKmzJu6uwEGnPLLZffpD,Unlisted,none,Frankie Valli,https://i.scdn.co/image/ab6772690000c46cb8af37ba12c1ad7ebcc63c25
40,2HBbky0Z08ZcCKVsXWbNE4,Unlisted,none,The Dave Clark Five,https://i.scdn.co/image/ab6761610000e5ebb66a687d53818e1e9f5cdeb5
0,4457ZLpmT5sl16BBe21J6E,Unlisted,none,Esther Philips,
42,5bdgb81IJMXag724quaNSA,Unlisted,none,Acker Bilk,https://i.scdn.co/image/ab67616d0000b273367fbe451a2c45102d21b6bf
0,5MeE1hQUFjZwFUAwcaRHgu,Unlisted,none,Willis Proctor & the Georgia Sea Island Singers,
17,0ViVShGd52uogfHPUez1cB,Unlisted,none,Ronnie Lane & Slim Chance,https://i.scdn.co/image/368dabceb756c926e58c1d7a49cc82ec5a41eae0
70,2ysnwxxNtSgbb9t1m2Ur4j,Unlisted,none,George Ezra,https://i.scdn.co/image/ab6761610000e5ebbe936a26ceb9cbbdec7df15b
48,5eUda4BaWhUQWWJiP1ml5v,Unlisted,none,Sorry,https://i.scdn.co/image/ab6761610000e5eb9db517d38a22427195de7103
30,1HX7ovHKJG8M8cUoSvH6UB,Unlisted,none,dOP,https://i.scdn.co/image/ab6761610000e5ebe1551897789fc36dd95ee7c3
0,3FQEfbXBOnlQtkdpQkSLJ1,Unlisted,none,Jakob van Domselaer,https://i.scdn.co/image/45e05cc169b9b49b656b3ca039e28fefb9cd8493
64,5RZjpmuD14JKXvB8Ry1G1u,Unlisted,musicals,Amanda Seyfried,https://i.scdn.co/image/ab6761610000e5eb4b66865eed5805ea38b398b4
85,4dpARuHxo51G3z768sgnrY,Unlisted,soft pop,Adele,https://i.scdn.co/image/ab6761610000e5eb68f6e5892075d7f22615bd17
3,2VyZ8gDQLquB1Z84fKoyKo,Unlisted,none,Dao Strom,https://i.scdn.co/image/ab6761610000e5ebc5c31d4c53774ea4086ce930
26,4wIdxySSxqlIirsqE0JKx8,Unlisted,none,Adam Torres,https://i.scdn.co/image/ab6761610000e5eb0a2e7fe5da2c09079a70a7d5
5,4Oap2IENIEz04vq19bn7MV,Unlisted,none,Telegram,https://i.scdn.co/image/8a4b7b7a752c778b4e71dafea1dc660cb4a144fa
34,0ezjYLMcpgQpfRze6ozkLw,Unlisted,none,Kostas Papadopoulos,https://i.scdn.co/image/ab67616d0000b273592a810f4b850471a99b8f8d
17,4UZQ7BPQqC9Kg2iqvbH2x4,Unlisted,none,Stanley Kubrick — A Clockwork Orange,
6,0xLbREzA0im1nSc86Fcmx4,Unlisted,none,"Perfume Genius, Sharon Van Etten & Friends",
7,2BRS07GpiRhGEFkdWIkKKt,Unlisted,none,Motohiko Hamase,https://i.scdn.co/image/ab67616d0000b2739dfae73d505ab9ad09131928
70,1eClJfHLoDI4rZe5HxzBFv,Unlisted,none,INXS,https://i.scdn.co/image/ab6761610000e5eb9bfd44c9bd2aae22edfd99bf
19,1ZiybGr2RZh2389cIOjevy,Unlisted,none,Dogs,https://i.scdn.co/image/ab6761610000e5eba435f03f48e5761e8f86cfaf
19,4reMrexillTAvq1AQr6MzV,Unlisted,none,JASSS,https://i.scdn.co/image/ab6761610000e5eb4a7f2d8beee1ea0d5429090d
36,3HZgaiR960RFqx9d4LPraD,Unlisted,none,The Districts,https://i.scdn.co/image/ab6761610000e5eb9f4013bf7a84aac2e867961d
47,1RM5gp0RFfjpJhCYFPB30p,Unlisted,none,Nick Cave,https://i.scdn.co/image/ab6761610000e5ebb3d85d2a5291498bac66ae26
35,16tbi6bWXBzJ9pOMZ5gIC7,Unlisted,none,Life Without Buildings,https://i.scdn.co/image/ab67616d0000b273f557471eedfbd9a7ab55d75b
46,00OX175uYCsHJPLZOjNJqe,Unlisted,italo disco,Ken Laszlo,https://i.scdn.co/image/ab6761610000e5eba05eb6e2d4a0a73ad4ca171e
24,0xQu8dPPGy8LC2KVPa87CN,Unlisted,japanese indie,Siamese Cats,https://i.scdn.co/image/ab6761610000e5eb23f982831dfd1aba299c0142
24,5IitSBtyiWJjnk6U0jPxut,Unlisted,ethiopian jazz,Lloyd Miller,https://i.scdn.co/image/ab6761610000e5eb5053dce29ce4bb5844da9522
30,3LRldYGJpCAQT5cZKQyi7o,Unlisted,none,Hannah Peel,https://i.scdn.co/image/ab6761610000e5eb2f1a89e94e701afb2744681c
56,6qyi8X6MdP1lu6B1K6yh3h,Unlisted,none,Silversun Pickups,https://i.scdn.co/image/ab6761610000e5eb017bb316b462437ff18c29e1
8,7b3N1nZgikeHVOe5rG0skR,Unlisted,none,Mor Thiam,https://i.scdn.co/image/ab67616d0000b2736e78d6584c238c3f6e702895
40,4Qk0lWGeXydDvfrDufDQ9p,Unlisted,none,Richie Havens,https://i.scdn.co/image/53b2ec36bb497e32f6eda297ed65a54f21114e20
40,5KxKApyBL5ZQaz7bAvGaHR,Unlisted,none,Mundy,https://i.scdn.co/image/ab6761610000e5ebcde8b2a3de47e9994462edb7
39,2ckfYpz65ZueWZa2dB6yXC,Unlisted,none,Sibylle Baier,https://i.scdn.co/image/ab67616d0000b27300b9e955d2b2a0be08152a8c
53,7siPLyFwRFYQkKgWKJ5Sod,Unlisted,none,The Dandy Warhols,https://i.scdn.co/image/ab6761610000e5eb918734ca6f0f14803c7d8922
40,6PBv8t9YTLggA9ZMwpeoqj,Unlisted,none,Joan As Police Woman,https://i.scdn.co/image/ab6761610000e5ebba436305c90fa7b4dd99bb8e
0,7xT4QMaAhAsbnbkF4nr3eS,Unlisted,none,Maurice Joshua with Hot Hands Hula,
45,6IiZemRMna678qNhiRkYI5,Unlisted,none,Bedouine,https://i.scdn.co/image/ab6761610000e5eba726f685330009f17e10613d
25,1gxXzfykdtDuod56hPkYyr,Unlisted,none,Art Brut,https://i.scdn.co/image/ab6761610000e5eb76b30e7f9edda1f47f05db58
22,6t28TiXfX7V14H4hAxBarM,Unlisted,none,The Chapin Sisters,https://i.scdn.co/image/ab6761610000e5ebdc47cd4e389c2f729363df03
8,597yzFFRvWnxCtDInHwciZ,Unlisted,none,Chad VanGaalen,https://i.scdn.co/image/ab6761610000e5eb876e0e329c538887512f5191
29,644PvPeYIyoq0n0eBP5fxG,Unlisted,none,Steffi,https://i.scdn.co/image/ab6761610000e5eb6671d0b9120033dd3aeb847e
63,4mLJ3XfOM5FPjSAWdQ2Jk7,Unlisted,none,Dr. Dog,https://i.scdn.co/image/ab6761610000e5eb40e524c1e6dd57b9946708ed
29,2322gLwXvyJa6PejhOWQEH,Unlisted,none,The Honeycombs,https://i.scdn.co/image/bc0574d539250c5fb80688885e912b62bf016536
69,4frXpPxQQZwbCu3eTGnZEw,Unlisted,none,Thundercat,https://i.scdn.co/image/ab6761610000e5eb6941830307896269157f7dd4
67,68kEuyFKyqrdQQLLsmiatm,Unlisted,none,Vince Staples,https://i.scdn.co/image/ab6761610000e5eb53054f8bc7e0153daefe12cc
31,6XC2sEBXW5xqpPSbYgMnvc,Unlisted,none,Sean Nicholas Savage,https://i.scdn.co/image/ab6761610000e5eb4c72d267930427470594925e
43,7BDI9Iqt24gl4RGdS6hWs9,Unlisted,none,Ray Peterson,https://i.scdn.co/image/ab67616d0000b2736073e4984d74026210725b7f
55,55qiaow2sDYtjqu1mwRua6,Unlisted,none,New Kids On The Block,https://i.scdn.co/image/ab6761610000e5ebafbfd2419f09f43d625c2a3e
63,1ZVACPeq7ccGCoUXwtafUU,Unlisted,none,KNEECAP,https://i.scdn.co/image/ab6761610000e5ebc07b6d26c0ae6faa9a90152f
59,6CWTBjOJK75cTE8Xv8u1kj,Unlisted,none,Feist,https://i.scdn.co/image/ab6761610000e5ebe062176ee3682ca24d6fddd7
7,6JijQtCJQ1jsXZoz2sj53L,Unlisted,none,The Phantom Band,https://i.scdn.co/image/48f8f61937993574eed97526d054254f61983803
3,0bjlQ8Pc4aXv5AUKmen9Zh,Unlisted,none,FAÏG,https://i.scdn.co/image/ab6761610000e5eb7cc2073c30d69fe361b6c09d
0,1oLuIJGoRWhYTfA1h8RM5J,Unlisted,none,Cyborg 95,https://i.scdn.co/image/ab67616d0000b273fe024ecd0a2180c2358e7139
28,3AWprtbEToKCq6Xzz0tTX4,Unlisted,ethiopian jazz,Mamman Sani,https://i.scdn.co/image/ab6761610000e5ebcf7267fa50d01a4a12d1e147
29,2tH4HqwEi0m5fBvB2dB7q7,Unlisted,none,Hertz,https://i.scdn.co/image/ab6761610000e5eb20221f0af97ed29b33a47283
41,0tMr0e1EQZ0Vci7EHz2bM9,Unlisted,none,Shadow Child,https://i.scdn.co/image/ab6761610000e5ebd9fb075b1b0574ec2700af28
16,6ESfWTNHjivRTTAQbYwGjQ,Unlisted,none,Kenji Hina,https://i.scdn.co/image/ab67616d0000b273b4c1b8b81194f0e57081ff12
51,1VfgWum48nwYJcCfdPwWgs,Unlisted,none,Michael Nau,https://i.scdn.co/image/ab6761610000e5ebc60ed235a005c3236adb9d63
21,60HxU5pfO88nduyocuUuYE,Unlisted,none,The Family Rain,https://i.scdn.co/image/ab6761610000e5eb2edf6bb370d659e3142cb7d5
55,19xz1vcuKNjniGEftTOSSH,Unlisted,none,The Weather Girls,https://i.scdn.co/image/ab6761610000e5ebf7fc29b0521026510261b86e
52,2S11VlKvbvSKyyb7Wk4YP1,Unlisted,none,Oracle Sisters,https://i.scdn.co/image/ab6761610000e5ebd1b53e721cb5d8f8adee23ea
37,6mlzYzLXQ7gQrMg3DydrAi,Unlisted,cold wave,Reymour,https://i.scdn.co/image/ab6761610000e5eb1989e83e869603c7d34d50db
24,7u3rioJ6JfINqENIQ67k6A,Unlisted,traditional music,Munir Bashir,https://i.scdn.co/image/ab67616d0000b2738e8fec5992aa9b37e08483f9
36,0470FSE19wkoZe4R06GW9i,Unlisted,none,Jodie Harsh,https://i.scdn.co/image/ab6761610000e5eb4d89aede524995320d8a4634
0,67Qz4pUaFSBwVrv9Ds8Dzj,Unlisted,none,Cathaysia,
55,6JMHws5haIO6V35YNYDnDw,Unlisted,none,Atomic Kitten,https://i.scdn.co/image/ab6761610000e5eb7e5dddc186c7e92b3097b550
0,3iMozaeGTQdXmYiqmYGFr7,Unlisted,none,Eric Sneo & Sascha Kron,https://i.scdn.co/image/ab67616d0000b27337cf5d8aeb3d3ea659dd4294
48,2gzcB4vMIStEDZiQlvywGm,Unlisted,none,The Vernon Spring,https://i.scdn.co/image/ab6761610000e5eb628fdce3732abe63766915c7
0,5l6T8qOBj24gRiXWJnUT5C,Unlisted,none,Harry Edwards,https://i.scdn.co/image/ab6761610000e5ebfea66a2a1feaee0c59e30e77
35,5A7Hbw7DZdPkS0IroRMDpd,Unlisted,none,Myra,https://i.scdn.co/image/ab6761610000e5eb471642b799c8469d261d06ee
9,5tA4s5ONCQUHrBVbR43JV9,Unlisted,none,Ignition Technician,https://i.scdn.co/image/ab67616d0000b27359a3857d35b95e33c2f4eab5
16,0tnTcAhsnXj2AubBJFhnZw,Unlisted,none,Nuke,https://i.scdn.co/image/ab6761610000e5eb9ece6579a9c057a6bfe547f8
21,7k9JXkYLc9TBFynG860BC3,Unlisted,none,Friend & Lover,https://i.scdn.co/image/ab67616d0000b273647fd4f77bee5cf072d7f8cb
3,7aqummHOZtg6QfA7WNLP7O,Unlisted,none,Kitkatone,https://i.scdn.co/image/ab6761610000e5ebd6c921223d2de65eb3474936
18,4MmPhSWzK6ksBGuUNLqSQc,Unlisted,none,Rebekah Del Rio,https://i.scdn.co/image/ab67616d0000b27318a84555441a8749237e2cc3
36,5MmXZQUGs0eXP5PV79iKrB,Unlisted,none,Wendy Carlos,https://i.scdn.co/image/ab67616d0000b2738ae0c52e87b885767e1e91ed
2,2wSYqnT1Cu1oQcFFspe0Ie,Unlisted,none,AMAZONDOTCOM,https://i.scdn.co/image/ab6761610000e5eba62606879a28d69a6891b394
25,1ycAL0HM7ZTCRtM96fFh7C,Unlisted,none,George Butterworth,https://i.scdn.co/image/fd84673d07925928f863eb3a37f479ca0b868d16
18,3JRd5ohHPzQhXuZ0IydpX8,Unlisted,none,TJ Cases feat. Kat Blu,
6,1sfInEFFhENvQrkNx72lRj,Unlisted,none,Chris McCormack,https://i.scdn.co/image/ab6761610000e5eb1553deb37094dd2bde9366a0
8,7qHMZ5SiWzlegFoUqW7xjL,Unlisted,none,Marco Bernardi,https://i.scdn.co/image/ab67616d0000b273bb163d894aad3785561e3543
0,4tMMHQ58Jn6IvUATulcNcw,Unlisted,none,Lamonde,https://i.scdn.co/image/ab67616d0000b273afa84b91cd1e2c6575a5a636
13,4QZoHyDyr61RxbKc6xyjKw,Unlisted,none,Blind Boy Paxton,
37,5ESobCkc6JI4tIMxQttqeg,Unlisted,classic blues,Bessie Smith,https://i.scdn.co/image/5aaabae6a8e5d353ca8ac6b5cc6adfc91c2c5a5e
40,3bCvHtuIXWXPbCMdSYudmZ,Unlisted,none,Cilla Black,https://i.scdn.co/image/ab6761610000e5eb402feaabb951c5b60c200601
0,516GstZDPpbTfcOtC3Ui5x,Unlisted,none,Fishy Tunes,https://i.scdn.co/image/ab67616d0000b273d0efefbac74c8f1d1141dceb
64,3pFCERyEiP5xeN2EsPXhjI,Unlisted,none,Joe Cocker,https://i.scdn.co/image/ab6761610000e5eb97996e2b05450ffbeafe15da
15,5hrKPnGQ95MOsG9SfbnHxO,Unlisted,none,A Sagittariun,https://i.scdn.co/image/ee06317f6f853770dbc6e4e4d11790f0f8413f8d
48,25BObiRSDCMwVrBGIVaLIf,Unlisted,none,james K,https://i.scdn.co/image/ab6761610000e5ebfcda38aee80d5653690eb7a0
0,0j66VnICTYVtWoJhcg1ibC,Unlisted,none,Orphan Swords,https://i.scdn.co/image/ab67616d0000b27314533a6f3a4c58c3247c9fc7
41,1jSaZgaKHmgc7VTgML528r,Unlisted,none,Clap Your Hands Say Yeah,https://i.scdn.co/image/ab6761610000e5eb431a75b6e3131eaea120effe
37,0QJaBD8Piha8IEwKtNpBOB,Unlisted,none,Billy Nomates,https://i.scdn.co/image/ab6761610000e5ebd267a74c7841842b2c7b9008
6,1BeNLywR8HspUtHLYKzs8x,Unlisted,none,Joey Anderson,https://i.scdn.co/image/c3cd0e77df36d024e0a9fbc4ca4bd5d747d780e3
50,0pkLgeB9j465x1QB2kRoy4,Unlisted,none,HAAi,https://i.scdn.co/image/ab6761610000e5ebed5bc85edadb50962f7cb04a
39,5RMLpCv3ic2KtGnqJ7eMG4,Unlisted,none,I. JORDAN,https://i.scdn.co/image/ab6761610000e5eba5e241935ae7da0662462a10
38,4CCjWYtowoZyWAl03Iih5P,Unlisted,none,Sam Wise,https://i.scdn.co/image/ab6761610000e5eb4c421e184beec20de3c18bea
0,5zaaSq5kBeam20iRoCahMj,Unlisted,none,Grey Area 03,https://i.scdn.co/image/ab67616d0000b2738b854c715cb12734db2e496e
0,7vdxkbmmPKwIOeTGOxuSFB,Unlisted,none,JEBS,https://i.scdn.co/image/ab6761610000e5eb0c55c777e1e5ab230439f42f
55,7MDoXA8Kfykq3gkBkDBLtH,Unlisted,none,The Rah Band,https://i.scdn.co/image/ab6761610000e5eb7f584107293d84e00e514ebd
0,4yY8t7B15jpOVwF4256Ft5,Unlisted,none,Clemency,https://i.scdn.co/image/ab6761610000e5eba1ca3337dc79c7ebc8109c38
51,12fRkVfO2fUsz1QHgDAG3g,Unlisted,none,Julia Jacklin,https://i.scdn.co/image/ab6761610000e5eb8ec482c1250cc9d2dfa61c2e
34,4IT7CS5foj1DTNHT7fjFx2,Unlisted,none,The Music,https://i.scdn.co/image/ab6761610000e5ebbebfb7501c6a67e4ee67b5c0
50,2RqrWplViWHSGLzlhmDcbt,Unlisted,none,Yaeji,https://i.scdn.co/image/ab6761610000e5ebaef33b88f5b94d146953650b
45,1kTBhbobT38Dg6tfbHPK91,Unlisted,none,Peppino Gagliardi,https://i.scdn.co/image/ab67616d0000b2735e07beed771db50692d3d631
51,2m1l9MLSslzup4vvokKgvQ,Unlisted,none,Villagers,https://i.scdn.co/image/ab6761610000e5ebb065980decb37f67029b6188
21,5MP66vsL8fKBpZuzJmmj8f,Unlisted,none,Joyce Heath,https://i.scdn.co/image/ab6761610000e5ebc0a2a975e0be5cf416d7da94
26,543QE1sqcqcNAL8JSK4Jzd,Unlisted,ballroom vogue,GAIKA,https://i.scdn.co/image/ab6761610000e5eb038e47f86ff9a1e92582771e
33,45q77VMb6x9mgH5dAMLDJp,Unlisted,none,Sainkho Namtchylak,https://i.scdn.co/image/ab67616d0000b273d73f6d46da36268a7577072b
30,6QDPfX2YaZAGJnhpClg8Jo,Unlisted,none,Pixx,https://i.scdn.co/image/ab6761610000e5ebb395ee237761306627416e6d
25,1C5MZsDbfzAMgDg0mOxCdY,Unlisted,none,Owiny Sigoma Band,https://i.scdn.co/image/936808785c0a644c9ddf818f04796581b8288232
23,0B8PsrzBwDT5sBAJq60HZg,Unlisted,none,Jape,https://i.scdn.co/image/ab6761610000e5ebdb0cf63db27fb4906de81f2f
10,4jm59PnyzdzUkYGJ4bCyPQ,Unlisted,none,Margot,https://i.scdn.co/image/ab6761610000e5eb50cf8182ee46ac15b792805c
27,28y00xccuksu45VpgNVo3E,Unlisted,none,David Kitt,https://i.scdn.co/image/ab6761610000e5eb7cad013751b77039f4408a3a
54,73ZPfpfg1LBVvDEArK4l5B,Unlisted,none,Des'ree,https://i.scdn.co/image/ab6761610000e5eb93b0ecceb2fec8e515bdac37
40,5sdXP8axwZ2P3SZ0firqoL,Unlisted,none,F. J. McMahon,https://i.scdn.co/image/ab6761610000e5eb10bb7aaea227eda0f65f2b08
73,5szilpXHcwOqnyKLqGco5j,Unlisted,none,Faye Webster,https://i.scdn.co/image/ab6761610000e5eb4935804c2a7f4d6a22525607
55,1QxaPWG1POM8Ul6WwsHq4y,Unlisted,none,John Farnham,https://i.scdn.co/image/7e5a691a3458df0b7c5c7371d673f72883d4055f
38,5klp9VmF0Os0ytBwXBy8Tf,Unlisted,none,Lindiwe Mkhize,
49,1D86M7ewUQH1vS0QsXCmI9,Unlisted,ethiopian jazz,Emahoy Tsege Mariam Gebru,https://i.scdn.co/image/ab6761610000e5eb4a6f3766a23e91536d7ee6ed
60,7rZNSLWMjTbwdLNskFbzFf,Unlisted,none,Sugababes,https://i.scdn.co/image/ab6761610000e5ebfe9ff6a5125d2d72e8a77cac
65,4hKkEHkaqCsyxNxXEsszVH,Unlisted,musicals,John Travolta,https://i.scdn.co/image/05b40ccc7a84868fe05d774aac684c24565cec7d
15,0g3j2imizKJ0OEaxwhF0xn,Unlisted,none,Blaire Reinhard,https://i.scdn.co/image/ab67616d0000b273d162a0eff49574365c35456a
45,4cHdzQMvESi5fSYStocJQT,Unlisted,musicals,Annaleigh Ashford,https://i.scdn.co/image/ab67616d0000b2731828473d593f22288c795e5c
7,1SxANW7HqrtnQdPkSSw8oG,Unlisted,none,Radial,https://i.scdn.co/image/ab6761610000e5eb96a1355516f5967f122259fb
33,3frJniZNsChzTgI37gT54C,Unlisted,none,The Quarrymen,https://i.scdn.co/image/ab67616d0000b273b8b1dd5743a38dc5000ae6a4
40,09K1H1DgyIXHsMx2j7KTFX,Unlisted,none,Mystery Jets,https://i.scdn.co/image/ab6761610000e5eb55ad344930217155ff4e15f5
35,1A2zTDBNQAtGRaHX9lISZ5,Unlisted,musicals,Leah Greenhaus,
52,223iUzG0kb5V166FJP9ovD,Unlisted,none,IAMX,https://i.scdn.co/image/ab6761610000e5ebd2146ef951016fe6115b5cbe
47,0jWqALm6pl5CHj5N0eO68G,Unlisted,none,Richard White,https://i.scdn.co/image/ab67616d0000b273d0c7dc63c51d6b24862592e9
50,3UmBeGyNwr4iDWi1vTxWi8,Unlisted,none,Gerry & The Pacemakers,https://i.scdn.co/image/fa6a1c10a86a20e9d244f68dd392f491bfb93ddb
0,75v4Rn3SqXn6dmq2PFrRgN,Unlisted,none,Elysia Crampton,https://i.scdn.co/image/ab6761610000e5eba25a0f7fc0a7a882dcf20f9e
2,2uZiIZt94U6VvsxacxQwXz,Unlisted,norsk rock,Oberst,https://i.scdn.co/image/ab6761610000e5eb82a9d44f17988622c0dedda4
37,2BbwJ8VxAFpJiFr7EHvcCW,Unlisted,none,The Roches,https://i.scdn.co/image/fb80475319e8257f0cb451f0020a388b1eb68dbc
18,2zDEnKW6qy7E4M9A2c2YAZ,Unlisted,latin r&b,Lao,https://i.scdn.co/image/ab6761610000e5ebfb960c78bb48bc529a38aa17
25,21DZF1qKLhIEpKTNvCA3tg,Unlisted,none,Charles Brown,https://i.scdn.co/image/ab6761610000e5eb36038a827012fd6600096617
10,4d8pj7EDYvxiQK1RsmNmVu,Unlisted,none,Nicolas Vogler,https://i.scdn.co/image/ab67616d0000b273b344ba6bf94db5a6db7d3897
19,6YIaekeMYBCVVGdeTaEqUq,Unlisted,none,Lee Tracy,https://i.scdn.co/image/ab67616d0000b273db4a8eba2f6dddf79cb655dd
10,3M262EJKm5CyZnandcAd31,Unlisted,none,Riding The Low,https://i.scdn.co/image/ab6761610000e5eb399ce527cf9ed688fa5de9ba
2,4trACwz9dRGlOnj61iQBNm,Unlisted,none,Museum,https://i.scdn.co/image/ab67616d0000b273c45302e88dd752aed36156e6
0,4oqx9aQJ91bDVitBTieoTX,Unlisted,none,Christoph Schulz,
12,5kf6V58qzjez0DRgmW5Wd7,Unlisted,none,Angel Rada,https://i.scdn.co/image/ab6761610000e5eb08006b14e5e79ff16a5f3930
33,3j7qT7OdjOJBQTkJS5jwtd,Unlisted,none,Volodja Brodsky,https://i.scdn.co/image/ab6761610000e5ebf5511801f0f3bda4f4c54843
0,1JikLOvnTL6LD0AUPSpqAI,Unlisted,none,Begi L,
52,2ISMfPtVzHc9jDDVPUEHDa,Unlisted,none,Phil Harris,https://i.scdn.co/image/ab67616d0000b2738d4e3abaf3eb090cc2a6aa19
15,4uREfx5iqmCCxLSIQwDyd4,Unlisted,none,Salty Dog,https://i.scdn.co/image/ab67616d0000b273e115278857538bfdf22c334c
9,4JbEtjWr7GckhEGUR1Vyk5,Unlisted,none,Fade,https://i.scdn.co/image/ab67616d0000b27399ccf2555ff556337ef5dca7
59,0OdUWJ0sBjDrqHygGUXeCF,Unlisted,none,Band of Horses,https://i.scdn.co/image/ab6761610000e5eb2cb57b092374b2f975ee9adc
36,2JYMUWD8r1jFFjD1V3WcCX,Unlisted,none,LA Priest,https://i.scdn.co/image/ab6761610000e5eb7d1fb35dc77ffd77fe82eb5b
0,2qyeeNPXHdRwjAnDhV4dhZ,Unlisted,none,Azajjin,https://i.scdn.co/image/ab6761610000e5eb3398db45ab74437713e19e9b
23,5Ct1GEDES4Nlkc6cFbZYq0,Unlisted,none,Kaci Brown,https://i.scdn.co/image/ab6761610000e5eba952b424a2b1d807c42760a4
26,7CCrWKLbAto1EXI2eoG9Vu,Unlisted,drumstep,Tsuruda,https://i.scdn.co/image/ab6761610000e5eb54903feb5fd2d35db15e753e
4,7ExhquAll6i4AvNxyTCoGy,Unlisted,none,Ricky Banda,https://i.scdn.co/image/ab67616d0000b2736f3b66987c0cb965da3d7ad0
59,4596e2d3KmYzAeVenjCxfj,Unlisted,none,Free Nationals,https://i.scdn.co/image/ab6761610000e5eb5ef812b9c4f227331fe33120
60,1GlMjIezcLwV3OFlX0uXOv,Unlisted,none,Lea Salonga,https://i.scdn.co/image/191d9c926a51e6d0abc49b7416689b52a2662efc
29,61boQYG7JKM1E48RWon8Lc,Unlisted,none,Geoffrey Landers,https://i.scdn.co/image/ab67616d0000b2736b67e1b828f5936620015626
9,1MgvsJla47xsnYySv4nJU5,Unlisted,none,Larrikin Love,https://i.scdn.co/image/7b69183ddb2e35c01f3ab32d5fdcb3e0304b3e07
1,2QPXJr6p6YbK4KUpBRwYlf,Unlisted,none,The Defoliants,https://i.scdn.co/image/ab67616d0000b27354c47563e50cc08eda56a338
28,3c78RGXMpRW2lwP8NQeUQ2,Unlisted,none,draag me,https://i.scdn.co/image/ab6761610000e5eb547965da11728c310dd97a7c
9,1Tf0PpDLg4A8m7aidHGRG3,Unlisted,none,UMFANG,https://i.scdn.co/image/ab6772690000c46c11a4302841f5ddfad85123e9
14,7z7UoyBoUDLSbBD6hsCgNn,Unlisted,none,Five Revolutions,
0,0UDeZ1A0GFVvk9ddvAnO8U,Unlisted,none,Pette Vaydex,https://i.scdn.co/image/ab67616d0000b273feebe71c3d8024f56f04661c
78,5NGO30tJxFlKixkPSgXcFE,Unlisted,none,The Police,https://i.scdn.co/image/1f73a61faca2942cd5ea29c2143184db8645f0b3
15,0P6KbUhDPKJ4sKGbqejng0,Unlisted,none,Quiet World,https://i.scdn.co/image/ab67616d0000b273d31358ff7458e7e67e510905
26,4DO9uZBipcWHEfMXo87yhS,Unlisted,none,The Lovely Eggs,https://i.scdn.co/image/ab6761610000e5eb26592af991ee61bda7523be3
0,2tIdiDL8wQntDVSpC7K3nu,Unlisted,none,Freak Masters,https://i.scdn.co/image/ab67616d0000b2734d5af8e79e50a0e0ac976e02
1,7puhfzsXw2pi1SEclNHHlq,Unlisted,none,W. Jörg Henze,https://i.scdn.co/image/ab67616d0000b27379c45e5adc7e4e31fc8c7c72
41,1HmcCckVaFw44DHhZKuKgN,Unlisted,musicals,Irwin Kostal,https://i.scdn.co/image/ab67616d0000b2736cbde4fb9f89857ed8d00178
42,6lHC2EQMEMZiEmSfFloarn,Unlisted,none,Peter And Gordon,https://i.scdn.co/image/2afb763c73b7bbf623a484ef19a42c1bec9500cd
49,4sSSkVtrCTzENCgm2vokiY,Unlisted,none,Roots Manuva,https://i.scdn.co/image/5a3dac6d448206c1f9eb8c932fccb8e2cabb8205
22,5IxP9VO2CU1bpPoJoQCBwJ,Unlisted,none,Happy Jawbone Family Band,https://i.scdn.co/image/ab67616d0000b273249b2f9105659ba50fb17bda
85,5WUlDfRSoLAfcVSX1WnrxN,Unlisted,none,Sia,https://i.scdn.co/image/ab6761610000e5eb91c19888fe2fa3d5066199d1
27,1pQ8qfxpuRJKEUFPGrf6Uc,Unlisted,none,ARXX,https://i.scdn.co/image/ab6761610000e5eb4ed834bb38f6024b2829b398
17,2IxxbawIM95Qx605C8to9x,Unlisted,none,Carl Falk,https://i.scdn.co/image/ab67616d0000b273d0af3b7746453a0fa3c915ee
22,5US7hTWfx50MizMOJksHNj,Unlisted,none,The Edge Of Daybreak,https://i.scdn.co/image/ab67616d0000b273d24439db1026cdb313621710
1,6O8PzCcMlm1BJ1bkE9qZlz,Unlisted,none,Box Blaze,https://i.scdn.co/image/ab67616d0000b27365763943f15c0a9ef858c90b
12,4TRWlrXoRqqfC2BkJ6fLa0,Unlisted,none,Metropolis,https://i.scdn.co/image/ab67616d0000b273ffdaf2424e470f531b9d1b42
65,0xOeVMOz2fVg5BJY3N6akT,Unlisted,none,Jaden,https://i.scdn.co/image/ab6761610000e5eb5d8f24eed04df5dac0adecf4
7,632KfGEuTHYlCtveDEXUpP,Unlisted,none,Anika Kunst,https://i.scdn.co/image/ab6761610000e5ebe05babff302cc9f69981489f
50,2lHSlOOSjpb0qKUkrpXT6J,Unlisted,none,Bremer/McCoy,https://i.scdn.co/image/ab6761610000e5eb62457b49f9bcb3c3f760a368
2,6yoR3GxDnUclI3jI8exbvQ,Unlisted,none,Amanda Mussi,https://i.scdn.co/image/ab6761610000e5eb3aee936fe0531d41cd0c7288
13,6oA7ZIJ36hYM0DnXndMlII,Unlisted,none,Cybordelics,https://i.scdn.co/image/ab6761610000e5ebd1c9d2bdacd559c0c5890fd1
31,7DT89nkTjnPsXUijqIxgCu,Unlisted,none,Marina Allen,https://i.scdn.co/image/ab6761610000e5eb08a9b7733afa5dcdf31493df
6,2SfoHHbFQfUI4wX6AGZaCQ,Unlisted,none,Kristian Heikkilä,https://i.scdn.co/image/ab6761610000e5eb8bc2abf7938f7c3761d7b333
42,5gcDZA9xXCOspWgQilUYIu,Unlisted,none,The Preatures,https://i.scdn.co/image/ab6761610000e5eb93b812df38d5d3b160de0f5b
50,5jqKIZLB5WA5KquEihB3ND,Unlisted,none,Deacon Blue,https://i.scdn.co/image/ab6761610000e5eb6e33d824855b6fcf532bce47
63,7J2lZBANizgPNfUzux31PV,Unlisted,none,David Gray,https://i.scdn.co/image/ab6761610000e5ebad195e6f0f6f25b5d072e445
0,6orxWgoYWYZQXoT9i7hlGI,Unlisted,none,Alex Wand,https://i.scdn.co/image/ab6761610000e5eb91a1f70effd93ada2a4ac59d
25,1jeEITLt57dM6g3JjToUmN,Unlisted,none,Toubab Krewe,https://i.scdn.co/image/ab6761610000e5ebcc4e71789aee10cbd4cbc811
48,1ououJVWgWsHWMYDLvT7sH,Unlisted,none,Ball Park Music,https://i.scdn.co/image/ab6761610000e5eb80aa0a97b5bffb4dbb03e51f
79,47zz7sob9NUcODy0BTDvKx,Unlisted,none,Sade,https://i.scdn.co/image/ab6761610000e5eb92883b0e094a36d2f43ad284
13,76DfVm5okud2I5Az7YWvnV,Unlisted,latin folk,Brian Lopez,https://i.scdn.co/image/ab6761610000e5ebe234abfad6ad4ddf209bc66b
47,0dLSQG3IV62UNVhWUe6mx6,Unlisted,none,Gruff Rhys,https://i.scdn.co/image/ab6761610000e5eb2f2a5ec10a31cdf2728047d2
41,2ZqXK2gIDbfE7aOvkNObPW,Unlisted,none,Billie Myers,https://i.scdn.co/image/d9304be7f289f40bcf35c385a18dd21cac058c1a
32,356DaKT7lQvmKRHIOIYQY3,Unlisted,none,Benita Calrado,https://i.scdn.co/image/ab67616d0000b2738958e8515514f9bfce71f4ba
23,2NGHctlXICLazbh2JgBqlw,Unlisted,none,Ambulance LTD,https://i.scdn.co/image/ab6761610000e5eb95cebbc41c8e5a5eb1f77f02
73,7lzordPuZEXxwt9aoVZYmG,Unlisted,none,Billy Idol,https://i.scdn.co/image/ab6761610000e5eb69408d3a9d82c2307dd8699d
39,3ExGDjEKejMhyciAgxPe0B,Unlisted,none,Peter Sarstedt,https://i.scdn.co/image/1e039e26fbcfe766c0def76a8eab63f218fb3d59
57,13y0kncDD4J9wxCyfKr10W,Unlisted,none,Bette Midler,https://i.scdn.co/image/a87715e524d6751a54c70abf7074aaf810ff8a4b
42,53wZLCnhshZKDRs3uopFBc,Unlisted,none,Jai Paul,https://i.scdn.co/image/ab6761610000e5ebc71d105bfc3304a6cd71f5d0
64,65dGLGjkw3UbddUg2GKQoZ,Unlisted,none,BADBADNOTGOOD,https://i.scdn.co/image/ab6761610000e5eb4fbd8eb6ef7f24c18dcb8666
43,3pGgFAbmQ22e2LWjOtv5jH,Unlisted,none,Melanie De Biasio,https://i.scdn.co/image/ab6761610000e5ebf8fdd27f579ca98e876d0663
65,4tvKz56Tr39bkhcQUTO0Xr,Unlisted,none,Angus & Julia Stone,https://i.scdn.co/image/ab6761610000e5eba6bec94f269e61676f2fe977
34,6Ej6u8fvyHFFKn5GaQ5cPn,Unlisted,none,Ted Lucas,https://i.scdn.co/image/ab6761610000e5eb04a99bdef68936e1925dfc0c
62,0GG2cWaonE4JPrjcCCQ1EG,Unlisted,none,SG Lewis,https://i.scdn.co/image/ab6761610000e5eb3e048d910001f75091fd46f3
61,4QTVePrFu1xuGM9K0kNXkk,Unlisted,none,Dexys Midnight Runners,https://i.scdn.co/image/ab6761610000e5eb22b24b0c36be490f043d032a
26,6FVxEgfQsGrJ0BogIOYCd6,Unlisted,none,Carla dal Forno,https://i.scdn.co/image/ab6772690000c46c5c213bd0d456f0aa11da94dc
29,2oTq85rZFxkflPCbDUGs6d,Unlisted,none,Hayden Thorpe,https://i.scdn.co/image/ab6761610000e5ebbd0e578139e269dd935b312f
2,3NLWTwNuFNPJaHEVEWxaqj,Unlisted,none,Matteo Manfredi,https://i.scdn.co/image/ab67616d0000b273cbae20492f585f15eed0fe42
29,4LRsjW7ygBG4oiTRn08gEx,Unlisted,none,Peter Nero,https://i.scdn.co/image/ab67616d0000b273a4cce271cb8c8c6d8a59129b
65,3K2Srho6NCF3o9MswGR76H,Unlisted,none,Bakar,https://i.scdn.co/image/ab6761610000e5ebb66dc2607e5a3376ee4401ca
9,54lOUDySWQlDC4tb81wjDT,Unlisted,none,Co-Fusion,https://i.scdn.co/image/ab6761610000e5eb63627c27a6bff9d51f88ee64
15,6Dn4zuoJoLzVic5rgUseWq,Unlisted,none,Ela Orleans,https://i.scdn.co/image/ab6761610000e5eb7e72b1d40bea8c8362f2140e
33,7cDu9zG1gVQrMdSGBAhzvn,Unlisted,none,Denis Sulta,https://i.scdn.co/image/ab6761610000e5eb2cfbddb9dcb96ee6a9f472b5
39,5IL5awl9gUcb2ez9IgmW26,Unlisted,none,Júníus Meyvant,https://i.scdn.co/image/ab6761610000e5eb7b6195096c61bd073123e6ef
6,4xBSK0hu7wFitcyc1Zjg8U,Unlisted,none,Mammoth Penguins,https://i.scdn.co/image/ab6761610000e5ebb3432622cf061d61b36988a6
42,4JG2Uz00XKYdOZmvcLwrUH,Unlisted,none,A2M,https://i.scdn.co/image/ab67616d0000b273737c534dee320650a8f8f850
36,2E70ENJNHoACgzTkJ3QnO4,Unlisted,none,Bill Ryder-Jones,https://i.scdn.co/image/ab6761610000e5eb90b324d4801e6febe18c23b0
80,5Rl15oVamLq7FbSb0NNBNy,Unlisted,none,5 Seconds of Summer,https://i.scdn.co/image/ab6761610000e5eb87cde49a53cfbdbecf68fe02
35,1lvVzEkQ4u72rrZ7bNUkcD,Unlisted,none,Hot 8 Brass Band,https://i.scdn.co/image/ab6761610000e5ebf4fbebe55e887531bb6b9433
62,1eMmoIprPDWeFdB1FxU6ZV,Unlisted,none,Au/Ra,https://i.scdn.co/image/ab6761610000e5eb5480d340c983b442c3f5fdbe
0,1TQAeD354zdHUoqayn8upT,Unlisted,none,Freddie L. Small,
57,5JsdVATHNPE0XdMFMRoSuf,Unlisted,none,Texas,https://i.scdn.co/image/ab6761610000e5ebb4e5a53f1cf89500bec43ced
28,3M2LPcqyD4PxbOFvtF05R7,Unlisted,newgrass,Chatham County Line,https://i.scdn.co/image/ab6761610000e5ebf97f962edb51bcb2166d57e3
18,007v73u6rZJTbjSxk7kEHv,Unlisted,none,Boco,https://i.scdn.co/image/ab67616d0000b2731d98ef67d8f1fa5d6efa0c48
57,2wrxoZjEVKfJZhxCiqK0ju,Unlisted,none,JayDon,https://i.scdn.co/image/ab6761610000e5eb434390637be142925be488a2
78,67FB4n52MgexGQIG8s0yUH,Unlisted,none,Lola Young,https://i.scdn.co/image/ab6761610000e5eb4831bc7f3017aae35b175d23
75,3KV3p5EY4AvKxOlhGHORLg,Unlisted,none,Jeremih,https://i.scdn.co/image/ab6761610000e5eb8ddeab89a67542470e2631c8
0,7h3tBF9rArchdiDLuLfzd9,Unlisted,none,The Underground Track Master,
42,4PLsMEk2DCRVlVL2a9aZAv,Unlisted,none,SOAK,https://i.scdn.co/image/ab6761610000e5eb94863b9e8d9506c1dd5c1ad4
65,4463nfFMmK1cwAWBQDwT5e,Unlisted,none,Laura Branigan,https://i.scdn.co/image/ab6761610000e5eb28d4ec7f18bcf198b275f015
7,1ghdEIduwzAIwtOj3eHWx6,Unlisted,none,Thomas Simpson,https://i.scdn.co/image/ab67616d0000b273d6fbcf3935788f4f6196f2a6
31,1LtESXjUStRZLNHKASmIv3,Unlisted,none,Lowell George,https://i.scdn.co/image/eebb78fffcb3c08c02271b8a48b16c92ce915584
56,1MPcILKoMCJym9KscdYxuM,Unlisted,none,White Town,https://i.scdn.co/image/ab6761610000e5eb837a062d4b77f700a886fc69
35,2O9XW1nnGRMkMV1wpK8IiS,Unlisted,none,Peace,https://i.scdn.co/image/ab6761610000e5ebe2f0906372b1797cd7b34c56
0,1K7vnfAoxgzS6ZFV9V1AQO,Unlisted,none,Indigo Lo,https://i.scdn.co/image/ab6761610000e5ebbb2d5135b593d536bf4b939c
66,4fwuXg6XQHfdlOdmw36OHa,Unlisted,none,Paloma Faith,https://i.scdn.co/image/ab6761610000e5eb7265a79cf26c2e4b3fed8d66
46,6VsiDFMZJlJ053P1uO4A6h,Unlisted,none,Public Service Broadcasting,https://i.scdn.co/image/ab6761610000e5eb9440e2cf9666848156cda1f9
12,4jLHkoCYfYfZJojYgjo8zz,Unlisted,none,Baseman,https://i.scdn.co/image/ab6761610000e5ebd96423e9f67ddb3ba8c664b9
42,5qQpn0ZokyamZjyKtkKUYD,Unlisted,none,Tony Jay,https://i.scdn.co/image/ab67616d0000b27314dd049936f9d42787c8128d
41,7eZRt08LoDy0nfIS6OwyMP,Unlisted,none,Fatima Yamaha,https://i.scdn.co/image/ab6761610000e5eb6c0d04d15e8509bbb9cdeef7
45,1MhtYlJvUqfd2EgHSQTGK4,Unlisted,none,Jim James,https://i.scdn.co/image/ab6761610000e5eb79370683389d0ff862870bcd
70,1zuJe6b1roixEKMOtyrEak,Unlisted,none,Tina Turner,https://i.scdn.co/image/ab6761610000e5eb22102415297132237b78829d
60,1WvvwcQx0tj6NdDhZZ2zZz,Unlisted,none,Future Islands,https://i.scdn.co/image/ab6761610000e5ebccc1db114a0e4d39231a6e84
42,2DC2KJDKwTf5RGfuWCzAkc,Unlisted,none,Azari & III,https://i.scdn.co/image/32e8bf1de80d92e0a5f7f8a67d0aec9d0fc20481
53,4PpmBoqphQusNFsxuVKb6j,Unlisted,none,Paula Abdul,https://i.scdn.co/image/ab6761610000e5ebee0a8f7e1d62e21b3b61a066
9,0b45g7oDSlWJ6AeYKjJS0v,Unlisted,none,Stanislav Gallin,https://i.scdn.co/image/ab67616d0000b2737fb13ac764f2bca5fc6fddd0
11,2NVtDeFBzHMUFQlzDswS8a,Unlisted,none,Thom LaFond,https://i.scdn.co/image/ab6761610000e5ebd36ca67007dbf8ce8d9bee54
57,24DQLSng7bKZD4GXLIaQbv,Unlisted,orchestral,Percy Faith & His Orchestra,https://i.scdn.co/image/ab6761610000e5eb79058cfc754be16c2f0070aa
3,2KcO6cVg4x4rYGSXLPCmPx,Unlisted,none,De Rosa,https://i.scdn.co/image/ab67616d0000b273e76837aad0a9351cf3c6241e
11,6vegVGmooGxzRFxTD5RPTS,Unlisted,none,Fiedel,https://i.scdn.co/image/ab6761610000e5eb440196a57932a038461e27bf
19,4ypyToB94tFkw2BxF96ZlM,Unlisted,norsk rock,Folque,https://i.scdn.co/image/ab67616d0000b2736b7c1b835b8034b404cfeb3e
21,49EgLhJzWZZMwlCHlL088h,Unlisted,none,Malcolm Middleton,https://i.scdn.co/image/ab6761610000e5eb2220fd32934ebf070d37a767
42,75jU2q0uEWzSIlqRJtedJV,Unlisted,none,Sarah Blasko,https://i.scdn.co/image/ab6761610000e5eb1a1dc351a9cf6837c55d20f0
37,6xBsaFua2lgAUlNv8Yh0nQ,Unlisted,none,Katy J Pearson,https://i.scdn.co/image/ab6761610000e5eb48cfedc946a10b3e97aad20d
72,7o95ZoZt5ZYn31e9z1Hc0a,Unlisted,none,Natasha Bedingfield,https://i.scdn.co/image/ab6761610000e5eb59bb5a8e6b7d6b4df92d32f4
18,6sa5l8ptzi13T7xIlU3XsD,Unlisted,none,Rachael Dadd,https://i.scdn.co/image/ab6761610000e5eb1b5926f0fa49996f91b68552
19,2a8NONYfrGgsdUUORy4rFa,Unlisted,none,Machine Woman,https://i.scdn.co/image/ab6761610000e5eb50389f21d35b3a5115efe3c1
32,0H4Rek6UJ2GpLm5HduQ9uv,Unlisted,none,Land of the Loops,https://i.scdn.co/image/ab67616d0000b2736ba011183f2bcfe2a6950b5e
30,3hZYcnuncZYCJzqO9pwpAK,Unlisted,drumstep,Shades,https://i.scdn.co/image/ab6761610000e5eb44012660746ab8527779032a
64,6mQfAAqZGBzIfrmlZCeaYT,Unlisted,none,Chaka Khan,https://i.scdn.co/image/ab6761610000e5eb87b0c6a4811964bd1b7d701f
20,28GmLYDzZIZWQChkzH1Mgy,Unlisted,none,Cheyenne Kimball,https://i.scdn.co/image/ab6761610000e5eb716c60c78c811f0903a681f7
37,4BO8wK4OAaFsi6PSzs366S,Unlisted,none,Ricky Eat Acid,https://i.scdn.co/image/ab6761610000e5ebb59b71c8e8bf4fdf8b85ce3c
49,6O3ZB5Cz5CNT3wQWouKcNJ,Unlisted,none,Carmen Twillie,https://i.scdn.co/image/f372f0bc303e9ebbcc49227f256428d52961ab9f
30,0AIim12jO78DuyyUYbHfAe,Unlisted,none,Shire T,https://i.scdn.co/image/ab6761610000e5ebf6d1ab4b9a993e2c7af41637
58,72VzFto8DYvKHocaHYNWSi,Unlisted,none,Hot Chocolate,https://i.scdn.co/image/dd72b50e171fb494dcbca05fe8958bcef84144d5
65,1vSN1fsvrzpbttOYGsliDr,Unlisted,none,Tori Kelly,https://i.scdn.co/image/ab6761610000e5ebb8b0504e27b895cca3981a1c
31,6xq7g0E52yq4y8Op9X82Uo,Unlisted,stutter house,TIBASKO,https://i.scdn.co/image/ab6761610000e5eba7e43eec2e40d18bcd69fa81
51,3fCQnw6VSudXBTN5d2QP2z,Unlisted,none,Gary Lightbody,https://i.scdn.co/image/ab6761610000e5eb7ddb04387d61f44573b82959
37,01Ru0hfWYNVxQHtFkvYY7r,Unlisted,none,Floating Action,https://i.scdn.co/image/ab6761610000e5eb67d772cc9fd5847677ec8bcd
0,5a8Y06JGE6jIOgBwCs7RKo,Unlisted,none,RHYS BIBI,https://i.scdn.co/image/ab67616d0000b273df76f301ab93403e963f9260
1,7d1xjDIoghWcgAkCANoCKe,Unlisted,none,Max Bygraves With Archie Andrews,
28,2zpEwiWTHCGrgFlkiepARL,Unlisted,none,Phil Cordell,https://i.scdn.co/image/ab6761610000e5ebc87c74b7e91126089497f14f
6,7IAOR9C0ax7e19MmW4Q8Zk,Unlisted,none,Noah Cline,https://i.scdn.co/image/ab6761610000e5eb39cfa1ba65680c7e0674e46c
10,6zUOCdZl6bwhPde0zG1c1s,Unlisted,none,Bop English,https://i.scdn.co/image/c1a923ec92e9480ed8dad16459ad5c088215bc70
6,6L918QEtLluHUOEoOVOkI7,Unlisted,none,Bryan Cox,https://i.scdn.co/image/ab6761610000e5eba269b773275ceef7203d163d
41,5XoM6cP8fQykllfuK5V5TR,Unlisted,none,The Bobby Fuller Four,https://i.scdn.co/image/ab67616d0000b2737808c94d787cfceb6b28f294
20,7o1ZMKgeiRZ8jDvDtGX7HL,Unlisted,none,Naomie Klaus,https://i.scdn.co/image/ab67616d0000b273a8a732975966054dfed1bf43
49,5670CyWrIOA7702gNjsGMZ,Unlisted,none,Manfred Mann,https://i.scdn.co/image/c06b9e6723a6ec5be9ac73454ef807e3e3e1f27f
44,6iyQYs37mRXLW04Z9NOnNT,Unlisted,none,Maurice Jarre,https://i.scdn.co/image/fa0c5cf8b7cba56919cce22b3b21ddf37f13ec30
2,2MEaD3yPu9VDkLyorJuq7C,Unlisted,none,30drop,https://i.scdn.co/image/ab6761610000e5eb0acd63b8ad068c4922ed600d
15,4suufHyoFCOPWuFgTdQVPz,Unlisted,none,BLACK GIRL / WHITE GIRL,https://i.scdn.co/image/ab6761610000e5eb7b9599d8c2b631fe005cc365
33,4eh3NWjKDBI81nFl9uhWtU,Unlisted,none,Mickey Hart,https://i.scdn.co/image/ab6761610000e5ebdfdb4a34017030af3c0b87c8
62,3K2zB87GZv1krx031en5VA,Unlisted,none,La Roux,https://i.scdn.co/image/ab6761610000e5eb209cc92e50bcfed40a6028e1
6,6oYcn2i1dq34wUi5HBIFCT,Unlisted,none,Oaktree,https://i.scdn.co/image/ab6761610000e5eb5a0b16557afb2b613c32180e
44,1G0Xwj8mza6b03iYkVdzDP,Unlisted,none,The Sugarcubes,https://i.scdn.co/image/a73646308028d5b5cd81d7eb28554a12686fc481
34,3O5v1qkExBx2B6i9WTWhOE,Unlisted,none,The Canadian Tenors,https://i.scdn.co/image/647da0024578eb2855d7576cfd54099f7ff3e055
3,4Vtor2uAebmqnTvLP1vb4p,Unlisted,none,Gaetek,https://i.scdn.co/image/ab6761610000e5ebb530b9412410498b1e72aea6
0,1U0ooypQ59GyKyj1smbLz7,Unlisted,none,Anima & Ennui,https://i.scdn.co/image/ab6761610000e5ebbbc8f63960ec4f0f7cc3ff7a
37,3tKmZgJAXrog8SnYpzWSbe,Unlisted,none,"Dave Dee, Dozy, Beaky, Mick & Tich",https://i.scdn.co/image/ab67616d0000b273bdfd941b38d27b6ddc3e7cd0
46,4iy3JrFlBLHPvXqN1OcQS1,Unlisted,none,Luis Bacalov,https://i.scdn.co/image/a961ac3d889ed95dc1a43991819ba42622147824
41,3gvT4Mc7kn54IUy08Y0Tr5,Unlisted,none,Sam Brown,https://i.scdn.co/image/ab6761610000e5ebd744c7eb0d2e0a922c367f5d
0,1fEDf2uzrvMRpkUifuP2p2,Unlisted,none,Badgerlore,
41,6nKfpz5OosWfOp3CnY0kvy,Unlisted,musicals,Michelle Pfeiffer,
22,43qPWPlDL5noyuCJKPKm6N,Unlisted,drumstep,Deft,https://i.scdn.co/image/ab6761610000e5eb3f140d494bf31bc4659cc021
35,6QNL63YF6rLawrWWhrrhYI,Unlisted,none,Jesse James Solomon,https://i.scdn.co/image/ab6761610000e5ebc1ae32f4a6a69691867a5efd
55,3zunDAtRDg7kflREzWAhxl,Unlisted,none,Eels,https://i.scdn.co/image/ab6761610000e5eb70fc0f8e1eece53e15f1db17
49,5PSWc8Y94zFsAtZlTe7ipI,Unlisted,christian country,The Statler Brothers,https://i.scdn.co/image/cb80bd63d8d6d986cc66292affea75e8bc07cd2f
73,2HcwFjNelS49kFbfvMxQYw,Unlisted,none,Robbie Williams,https://i.scdn.co/image/ab6761610000e5ebec4b5ff594ae3d7c5622cf23
64,7A9yZMTrFZcgEWAX2kBfK6,Unlisted,none,Huey Lewis & The News,https://i.scdn.co/image/ab6761610000e5eb8dfb95eb4902b28206963614
69,7ohlPA8dRBtCf92zaZCaaB,Unlisted,none,Crowded House,https://i.scdn.co/image/ab6761610000e5eb44cb4815148bd49c0a600b89
58,2i1IdHG5w0wiSmJGoqAGlj,Unlisted,none,Minnie Riperton,https://i.scdn.co/image/80230921f3d0c8bd777b39133506f3e103317539
28,0uo6UbyUYXbG4xBT7vBGSx,Unlisted,none,Wilma Archer,https://i.scdn.co/image/ab6761610000e5eb1f5fc794f24911920ad40040
52,7mlge4peaoNgzTsY6M32RB,Unlisted,none,Marianne Faithfull,https://i.scdn.co/image/ab6761610000e5eb4623ecf94362f5b6b28bab5e
74,4aKWmkWAKviFlyvHYPTNQY,Unlisted,none,Adrianne Lenker,https://i.scdn.co/image/ab6761610000e5eb5a7d5278cf9deda53119028c
2,0Qio0rUxu4zfzGDVNQDU5R,Unlisted,none,Leogun,https://i.scdn.co/image/ab67616d0000b273a6f06dfb1b9a52bd2c664e0b
33,24caHjJclAtCI8Ld7Az8l1,Unlisted,none,Jim Ford,https://i.scdn.co/image/0a36b5a160c37e95d883d7ccdc46ac460ca424ce
33,4IYYmybW7zLRFIPnOjBUUO,Unlisted,none,Frank Ifield,https://i.scdn.co/image/01ba128675f08fb0df31c4b449d03e713a651cf6
0,5jtp6zuEEszdXJCrdGx7s8,Unlisted,none,Hugo Moya,
32,0tYc0gVOzssZmLpVO6wh7L,Unlisted,none,The Thrills,https://i.scdn.co/image/604b6f65c9c82bc277768770dcf2b09cd827ef73
0,4523NI6nAmHz7N9IVtvFOJ,Unlisted,none,Turntable Hype,
48,1KeIof0zqga5ojkmOKg88P,Unlisted,none,Plastic Bertrand,https://i.scdn.co/image/ab6761610000e5eba5a2ce029483726a2f855445
28,6ccc2jvU6SYt0OyInCkIbG,Unlisted,none,Paul Robeson,https://i.scdn.co/image/9fd35b061a2df67cbd7bbc7f5520e1f08c016cbf
38,3iBuBivHItWMpdiVmLT0uB,Unlisted,none,The Sandpipers,https://i.scdn.co/image/7028ef2814990e38fee3068a199f51e60d8ed5be
37,52la6ts4higk3sqyFC3aTg,Unlisted,none,Novedades Carminha,https://i.scdn.co/image/ab6761610000e5eb5844bddd5074c1108c0c601c
46,6R6PqKFwzVPIePSH8BCKvf,Unlisted,none,Elia y Elizabeth,https://i.scdn.co/image/595e2921f242f62bd855961c5c3e2eec2e2114fb
0,1oBWYL2vgseWD4sjtypCQ8,Unlisted,none,Kurash Sultan,https://i.scdn.co/image/ab67616d0000b27388ee32daba0107092bf15886
39,6fimwBQkUgYS2HweErgxN5,Unlisted,none,Anika,https://i.scdn.co/image/ab6761610000e5eb098d11648a891cb1a115c650
36,7rtLZcKWGV4eaZsBwSKimf,Unlisted,rock and roll,Billy Fury,https://i.scdn.co/image/ab67616d0000b273c86bd1f140b5d5005544d790
20,1zFFPge0OhBC34dMGOrvcT,Unlisted,none,The Hundred In The Hands,https://i.scdn.co/image/7f110155cf954e19622c1f3aecedccf31bb5fe9f
61,4ULO7IGI3M2bo0Ap7B9h8a,Unlisted,none,Teyana Taylor,https://i.scdn.co/image/ab6761610000e5ebf4cee208869b5b41ddf9c97b
28,5xYs3nRDPg3VZukPlhjAlW,Unlisted,none,Back II Black,https://i.scdn.co/image/ab6761610000e5eb229d4288b9ea3b9e3e16da62
27,7oht1HPKaMDnuALYWZHgtV,Unlisted,none,John Leyton,https://i.scdn.co/image/ab6761610000e5eb7effdf9cfc887f39469c8ffb
15,28GtJHVA8ARidEYFWX0tiG,Unlisted,musicals,Joe Carroll,https://i.scdn.co/image/ab67616d0000b2738145f3afe703233d859d5e7f
61,771qBvjnXOH9Azr6lKy6FB,Unlisted,none,Michael Sembello,https://i.scdn.co/image/f545777994a61365718ca313df3a6b7f754d38ce
14,24CJU16EbtzMYQWicTXNDR,Unlisted,none,Zina Goldrich,
2,1zDGZ8MFqGZ2ET428hd68O,Unlisted,none,The Eccentronic Research Council,https://i.scdn.co/image/ab67616d0000b273766c4ca12c7019da2fcf7d39
48,1gkcZQArk5rV8uBwG8y5FX,Unlisted,none,Amy Adams,https://i.scdn.co/image/eb75e4c21bda45df023d29471e188fb6e9eb0bf2
62,2oQJQUIpJFFnfKvHJA0xBu,Unlisted,orchestral,The City of Prague Philharmonic Orchestra,https://i.scdn.co/image/ab6761610000e5eb8c6007c4950dd2361e50be9a
47,0epidpyARaIPmKpFUwcgnJ,Unlisted,none,Sex Bob-Omb,
82,5YGY8feqx7naU7z4HrwZM6,Unlisted,none,Miley Cyrus,https://i.scdn.co/image/ab6761610000e5ebf4cccd14ec026038d713e353
0,3egGg0DkCVYwuDmtwzIbDs,Unlisted,none,0=0,
49,71wy5iisVKXLZgoPxdFi8A,Unlisted,musicals,Les Misérables Cast,https://i.scdn.co/image/ab67616d0000b273170e79548d280867ef12742b
28,1lrPNYVtvuiB3lmOjbyJc9,Unlisted,musicals,Faith Prince,https://i.scdn.co/image/ab67616d0000b273635ef9e3070c39ccafeb5bbd
37,5Q8gM5SMBT2LAoZ5LzqAvH,Unlisted,none,Frank Black,https://i.scdn.co/image/ab6761610000e5eb073898fc874df2fda5624f89
63,2sd9Q3r0Jhqpe3w9WVuG43,Unlisted,none,Crystal Waters,https://i.scdn.co/image/ab6761610000e5ebf391dcee5336bb3d0e429a7d
50,3UpIbyXfGzmHG6TMH4dJEk,Unlisted,none,Aimee Mann,https://i.scdn.co/image/ab6761610000e5eba7a33e1bce1d8c9b6a173d6a
39,5Rr15NSbi1Xjno1AEP9u21,Unlisted,none,Dan Croll,https://i.scdn.co/image/ab6761610000e5eb7bf2565ac21c50a07050c2e5
0,1Ok9uJhfJ0cOQB3IPHeHYF,Unlisted,traditional music,Tarentule,https://i.scdn.co/image/ab67616d0000b27308536f11cc60480685b18138
41,7m63GptZSke3jGqCxR4rom,Unlisted,none,Brutus,https://i.scdn.co/image/ab6761610000e5eb62e0938cf0822beda02e8477
4,3Vq2jaIAqMDl7bKB3UcHTt,Unlisted,none,My Latest Novel,https://i.scdn.co/image/7249d5b09534e995c3c8852530e317955a28cd9b
22,0ow3Ac8tlahUoDVXbRuaRy,Unlisted,christian country,Jimmie Davis,https://i.scdn.co/image/ab6772690000c46c6a62b3ed4a66784c09ee2e8d
33,6G39Gakqv1r26pZzijSWti,Unlisted,christian country,George Hamilton IV,https://i.scdn.co/image/2b1c6d4461977f2bca2f51fce53cf1aab6708b1c
14,0GkDenXPntgMBSzRZab1JM,Unlisted,none,Loveshadow,https://i.scdn.co/image/ab6761610000e5eba059df10b48d61d07ca0012f
35,6ztZs0FOUv1FqwSxsj11R3,Unlisted,chanson québécoise,Jean-Pierre Ferland,https://i.scdn.co/image/ab6761610000e5eb72930ae8f479f987fe0c24c0
16,17n6UvOtuUQsCeotfPe8KS,Unlisted,none,Meursault,https://i.scdn.co/image/ab67616d0000b273bbad85698155503d9d3fb2da
21,3UaqlbNBzQzIYq0K1RMScu,Unlisted,none,Los Rockets,https://i.scdn.co/image/ab67616d0000b273cf1e0f50d08f84901dd85109
75,4yvcSjfu4PC0CYQyLy4wSq,Unlisted,none,Glass Animals,https://i.scdn.co/image/ab6761610000e5ebeb2cc96b0ed023c5e3675b6f
5,2uiBUFM6ifJQVNkmSGtrPR,Unlisted,none,Th Blisks,https://i.scdn.co/image/ab6761610000e5eb26e868fd2a542cd6e79b8ec6
53,5PHOUKyz1tjA3vaDPIIVE0,Unlisted,none,Armando Trovajoli,https://i.scdn.co/image/7b492a5d583bf56c75835e4cd1d85d18a9e31b22
60,2TzHIUhVpeeDxyJPpQfnV3,Unlisted,none,Katrina & The Waves,https://i.scdn.co/image/733bf3eb9178fd24dbce4a9a5ec64d0c870ea822
42,1tchnux34dr1K8VevCDxPn,Unlisted,none,Guillaume Poncelet,https://i.scdn.co/image/ab6761610000e5eb73fa1705c2e4dcae27d294f9
49,27jRNjIvlUcGN7FBRDnqhp,Unlisted,none,Matt Berninger,https://i.scdn.co/image/ab6761610000e5eb2c1e6ba3faf47eb782ccd497
12,5zgSa1p65tKQvIEAKqwlPg,Unlisted,none,Sir Harry Lauder,https://i.scdn.co/image/ab67616d0000b2736f6b3250666915a7e7713be6
18,2TI0KeX2tlQh8g6urDeufh,Unlisted,none,Blackfoot,
34,0dV9xcjrW5YwkxG3gEBhRx,Unlisted,none,Martin Short,https://i.scdn.co/image/ab67616d0000b273dfad5518182eefd76fcdc556
24,1KKpoCjkEc0b0vAuiMe2uT,Unlisted,latin afrobeats,Alex Figueira,https://i.scdn.co/image/ab6761610000e5eb82b1e5a12449c4d53987d65e
2,4pD9Gun18RljQZ96lrddck,Unlisted,none,Machine Gunners,
33,4o6gglPeg2GgT0FYDtzFeF,Unlisted,none,Clap! Clap!,https://i.scdn.co/image/ab6761610000e5eba6081a1f26d01f0ab4f3d955
36,5Ly0z60jjgsY4rkmjRFtPS,Unlisted,none,Elkka,https://i.scdn.co/image/ab6761610000e5eb4bfea8a1148d4f601dc9aa43
33,7w5cbnOLouZ5bGFvwIF5Ff,Unlisted,none,infinite bisous,https://i.scdn.co/image/ab6761610000e5eb9b6c70d54d39ac29ce7ef7d9
46,0exhrQcReCdr11oPbOh22M,Unlisted,none,Deaf Havana,https://i.scdn.co/image/ab6761610000e5eb4f1ffb95e8bfbb6df8373b7f
34,3LtYMPncqtiugGwOuuLq3h,Unlisted,none,"Baddiel, Skinner & Lightning Seeds",https://i.scdn.co/image/ab6761610000e5eb11e6ef7a8e7a6b79f6ca91e5
23,1PCSZ5DaA1s1gpz2sKmnDr,Unlisted,none,Disney Channel Stars,
10,302BGj6HLRd3ZDZmX0U3Be,Unlisted,none,The Lady Machine,https://i.scdn.co/image/ab67616d0000b2732167069de856c5c503c1f7c3
45,1nSRa2YjjFWJLHGKM07oGQ,Unlisted,none,Blaque,https://i.scdn.co/image/ab6761610000e5eb4cbb82c4bbbbe571d0f0b515
48,3KGQvnOoqUHi3KxKQMZtXr,Unlisted,none,The Box Tops,https://i.scdn.co/image/756148625f8fedb1e713964caf175edd96d504d8
79,6S2OmqARrzebs0tKUEyXyp,Unlisted,none,Demi Lovato,https://i.scdn.co/image/ab6761610000e5eb42d7061876b87861d7c8f3fb
44,3fWTFntAThCp6vaoGjD71D,Unlisted,none,Enfant Sauvage,https://i.scdn.co/image/ab6761610000e5ebcbefd4e8b3fcf1b37a11d5e7
69,6ogn9necmbUdCppmNnGOdi,Unlisted,none,Alanis Morissette,https://i.scdn.co/image/ab6761610000e5ebf6a97342ccd47692b7cdf8c0
37,7y1GT7SdgGiFLWoktv2TSw,Unlisted,none,BBMAK,https://i.scdn.co/image/ab6761610000e5ebe2948aab960eb3f03d7892b3
31,00hKB8cu5lyBE35ilxyP7v,Unlisted,none,Lillix,https://i.scdn.co/image/14449ceb4131a274ce92bf56306356cddea53349
53,4zxH2Yu5AvPNRdEDBz120D,Unlisted,variété française,Véronique Sanson,https://i.scdn.co/image/ab6761610000e5ebfb179ff556140f849efa9ddb
67,4Fgf6RvuWpiwDXSE7Vammx,Unlisted,none,George Martin,https://i.scdn.co/image/5aa5e5e3b2caae03c5a8ebdd2a60d7d717275e46
1,7qN4J9VgDR2OFKJTdEVOqQ,Unlisted,none,Magnet,https://i.scdn.co/image/ab67616d0000b27382ba0a36c7dfdcb4b98826a8
33,2RWgO3s8UmCP8tG1kTFFzF,Unlisted,none,Jimmy Carter and Dallas County Green,https://i.scdn.co/image/ab6761610000e5eb26d7bd98bbcd949b06d70b14
40,5uxkcHbgyNbyzq1nyChvCa,Unlisted,none,Sandie Shaw,https://i.scdn.co/image/ab6761610000e5ebb46e6930003cf283bfe0aec7
24,6DwtKOBE3ubTsXyRX7wiUz,Unlisted,none,Tom Robinson,https://i.scdn.co/image/ab6761610000e5eb2f74248ba07cf80000029fe9
26,7oAhOpIfgNbM7IGlUwkOAV,Unlisted,none,Claudio Simonetti,https://i.scdn.co/image/ab6761610000e5eb7641c13b0c6b3a284a241cd0
21,1dltH13STs72NOVycFeamM,Unlisted,none,Rexy,https://i.scdn.co/image/ab6761610000e5ebd3c39303f5bd573d8ad049aa
8,0rMjC98w4mx0XqSsBt3Vfw,Unlisted,none,SPAZA,https://i.scdn.co/image/ab67616d0000b273811b4fffadb7da710a833ea3
22,2GfwNBU0jeY3MkaxjkoZzo,Unlisted,none,Elvis Costello & The Imposters,https://i.scdn.co/image/ab6772690000c46c6b9db902dcb78f1f70585c42
0,6XDMfPEILvE18HeIbD8H8G,Unlisted,none,Eric Burdon,
13,2UyNtB2SNJhTnCcuLATDXJ,Unlisted,none,J. Roddy Walston,
26,4zDG2kkm3SmF383uO3Hgo8,Unlisted,none,Martin Rev,https://i.scdn.co/image/d6ec13a921da13970b5c61889003658c02def19c
22,2VaniQ30BeId1MM6RzmHNc,Unlisted,none,The Scaffold,https://i.scdn.co/image/ab67616d0000b273d50677cc46d58d47234e2d5a
31,1wCc2Wgga1H8C7u57pcqYk,Unlisted,none,Freddie & The Dreamers,https://i.scdn.co/image/b33fe20077c80ab2fcbed930634eeb8d76a231bc
18,3IQ7smN25mo56K9Xm6YqKj,Unlisted,none,Dominic Harlan,
42,08avsqaGIlK2x3i2Cu7rKH,Unlisted,none,Keith Richards,https://i.scdn.co/image/a13eee07307adc70fe177f0fa73e935cb909afe6
44,1tttI1iC4FsS6BM5l38oe5,Unlisted,none,Marmalade,https://i.scdn.co/image/ab67616d0000b273ab1c33a1fdf13ba70164bb48
68,4EzkuveR9pLvDVFNx6foYD,Unlisted,none,James Bay,https://i.scdn.co/image/ab6761610000e5eb58d57084e75247d33ce25eaf
33,3Ps27dDfvubd75rh5A0wz9,Unlisted,uk r&b,Honeyz,https://i.scdn.co/image/ab6761610000e5eb6b5dd0c5529725e9d17c81d4
43,7Eshpryyi2F9Jg0ixaysNn,Unlisted,none,Kuana Torres Kahele,https://i.scdn.co/image/6b20824818f3a93c91e8e1146623fb2df8ffbf99
30,7xwppARWdjgnJSKLhbGzFc,Unlisted,none,Ryley Walker,https://i.scdn.co/image/ab6761610000e5eb06e83dcf3d80ed38779f55fb
53,2NqgE99Ll5vOTvmbN7O2R6,Unlisted,none,Boy & Bear,https://i.scdn.co/image/ab6761610000e5eb0fe99c60e94cf0fa9e140f88
50,0ap24Mjt6qlze8v667KlaF,Unlisted,none,Ten Sharp,https://i.scdn.co/image/ab6761610000e5eb5c81c079bfb4f6811a78c8f2
52,3ZKyADicHqelBDeADLutiu,Unlisted,none,Flyte,https://i.scdn.co/image/ab6761610000e5eb5aa349a85ed95ae0f5ae37ac
53,1yMYjh77WgOVafRkI50mim,Unlisted,none,Wilson Phillips,https://i.scdn.co/image/9101beb98984fddaf5f65b6e918370ccea6d11da
41,2uxy7shOeojRrRr9EwD2t7,Unlisted,latin indie,Mi Amigo Invencible,https://i.scdn.co/image/ab6761610000e5eb070b9627e21a9b63d18242c9
32,4RozeU8Gb3RQ9qqsEbf3JT,Unlisted,none,Anna Domino,https://i.scdn.co/image/ab6761610000e5ebc54871fd5f9c84b829cdf85d
55,0nIyPY7J7G68WgQEOLHn0x,Unlisted,musicals,Anne Hathaway,https://i.scdn.co/image/09f4a0a499359540e40075f8e912d7c3e94bc4a6
92,6qqNVTkY8uBg9cP3Jd7DAH,Unlisted,none,Billie Eilish,https://i.scdn.co/image/ab6761610000e5eb4a21b4760d2ecb7b0dcdc8da
37,6CLayzfExGy0fSn5IT0aX4,Unlisted,uk r&b,A2,https://i.scdn.co/image/ab6761610000e5eb1f618c021f274f1e2facac22
42,6Nii4K84ZzBZS8X2MP8c9t,Unlisted,cold wave,Black Marble,https://i.scdn.co/image/ab6761610000e5eb8cdcb891fdaf8bf5cd6001c9
46,6XZYAWJLL8UIbxAqjKj3cg,Unlisted,none,SOHN,https://i.scdn.co/image/ab6761610000e5eb4ea5a275c6d5480e20edb4e2
0,3UcqhHuevCjo9XHneXhoiD,Unlisted,none,Michael Olatunji,https://i.scdn.co/image/ab67616d0000b273d49c76ac6d8967b6eca6f7c7
43,59IPo3F7aZifhZtHnoGHbo,Unlisted,none,Heatmiser,https://i.scdn.co/image/ab6761610000e5eb96b0839181282e3ddcb8934a
59,3o1cwVQfiDWafhYA02k13C,Unlisted,italian trap,Crookers,https://i.scdn.co/image/ab6761610000e5eb21e6c818fa5506891944a779
1,3g7CYgIAN21cwqiY48BY50,Unlisted,none,MGUN,https://i.scdn.co/image/005a986996e4f31b0a07f8459b612fd30f5c36e7
28,1pW42WHCsBicnNoBkcbD7i,Unlisted,none,Max Pope,https://i.scdn.co/image/ab6761610000e5eb1613f105cf36e74326f8241f
63,37hAfseJWi0G3Scife12Il,Unlisted,none,City Girls,https://i.scdn.co/image/ab6761610000e5eb5d4891c63de9b0b74a4b7b9e
27,4p8paFuSiFNTvYFXNr5kIr,Unlisted,none,The Sleepy Jackson,https://i.scdn.co/image/f89fe4db332c8f4be68ee1989ae017aab8c2df52
52,71lGEtP9qYXDsSXjfexTqO,Unlisted,none,Sonny & Cher,https://i.scdn.co/image/ad4df17118081886d4b98d847f8e6a4ae3d23417
56,4hf3caW9H8uFwwbv5pFjcg,Unlisted,none,Jake Bugg,https://i.scdn.co/image/ab6761610000e5eb820b99abb2afb55ac00a1ecc
35,1aIozCeQrpKipbEdkGtr0j,Unlisted,none,Paul Heaton,https://i.scdn.co/image/ab6761610000e5ebc599eff48c869816106f87af
35,2gzxBoK71ohENPlxlshHV7,Unlisted,none,Jerry Paper,https://i.scdn.co/image/ab6761610000e5eb051fe6b1ac019719685e86eb
61,3Y10boYzeuFCJ4Qgp53w6o,Unlisted,none,Scissor Sisters,https://i.scdn.co/image/ab6761610000e5eb064aceda61eac4b617a9ad3f
27,0W8ZVf53GqJkTOPRWQaaBq,Unlisted,none,CHLOE (Thévenin),https://i.scdn.co/image/ab6761610000e5eb4e4e54a225a8db107337c3be
12,47ZuSTG3WQaDWkCLc2BhSt,Unlisted,none,Salvador Bacarisse,https://i.scdn.co/image/ab67616d0000b273ccf82409023dc70ed1f86f5e
1,4SqRQprhiFuELVUXfe3Lct,Unlisted,none,Frisky & Mannish,https://i.scdn.co/image/ab6761610000e5ebd6c6d613e9cb416e4f642fb2
80,2uYWxilOVlUdk4oV9DvwqK,Unlisted,none,Mitski,https://i.scdn.co/image/ab6761610000e5eb4bdb3888818637acb71c4a13
31,5nfow6tv4Dtm6K4WHzczBI,Unlisted,none,Catey Shaw,https://i.scdn.co/image/ab6761610000e5eb380eada5d80ba33def8f791b
61,1W4itxt3vwhmrgLEBuVHJ6,Unlisted,none,Vundabar,https://i.scdn.co/image/ab6761610000e5ebedebd091e0dfedc99014eaeb
17,3KC0ek7g2xpRg2ET1gn2nv,Unlisted,none,Dave Davies,https://i.scdn.co/image/ab6761610000e5ebf7ef3e14f119b6551611abf2
12,6FyQbvzBZlMmCliciKIufF,Unlisted,musicals,Christopher J. Hanke,
35,207WozQ2u38q4rRu9quqMU,Unlisted,none,Marcellus Juvann,https://i.scdn.co/image/ab6761610000e5ebd92dd325524283ad84b5b060
55,5rIhaCHkbFVvLJpKHWwOJD,Unlisted,none,Charles & Eddie,https://i.scdn.co/image/ab6761610000e5eb152ed62e8d7fe6c589bc404b
34,3qM2kgxt87sXgP2ytxZZv2,Unlisted,none,Flo Morrissey,https://i.scdn.co/image/1b507f599929d3599f337fc509f6cf3fbfc7e523
0,4eBB5kWqRRjclVVoLHGZol,Unlisted,none,Howard Keel & Brothers,
5,2LmkgfMMLXdQiJQSRRoxKY,Unlisted,none,Louis Prima and His New Orleans,
59,7MoIc5s9KXolCBH1fy9kkw,Unlisted,none,Japanese Breakfast,https://i.scdn.co/image/ab6761610000e5eb679cee0110b7cc128a496431
0,03GwqabFQElK6JBysfXNy0,Unlisted,none,Richard M. Jone's Jazzmen,
37,5UCLo0DwCef9lexQS5bzhb,Unlisted,musicals,Orfeh,https://i.scdn.co/image/ab6761610000e5eba88259eeccace46f252b858b
47,5ukRxzaJiJLe6khkJeIHOn,Unlisted,none,Martin Phipps,https://i.scdn.co/image/ab6761610000e5eb3f0c8c329f1f970291497aad
2,3MKpIxwzJctX6ol1ieC56M,Unlisted,none,Sassieon Dupris,https://i.scdn.co/image/ab6761610000e5ebd663871159d446a07a2493d8
48,7dedWAqd0IKTdCiqiadUrV,Unlisted,none,The Seekers,https://i.scdn.co/image/ab6772690000c46c0634580ab7bf302607d36b08
1,4NZdYuSlqlg56KtQCeTb5W,Unlisted,none,Kid Ory's Sunshine Band,
39,1wUmdemiR9Dxw8A2el365A,Unlisted,none,Stalley,https://i.scdn.co/image/ab6761610000e5ebfd2c7dd9ef0305c04dd9eab7
47,6g4QFMHc4H90YskTtuVItO,Unlisted,none,Touch & Go,https://i.scdn.co/image/ab6761610000e5eb4d4881eac5cefe26365cc528
52,23EA28263XvtIrXuySX6oI,Unlisted,none,Francis and the Lights,https://i.scdn.co/image/ab6761610000e5ebae3a28d94459f6ed7507055d
0,0oNXlOzdoVyXFp4etijOIn,Unlisted,none,Reggie Bonds,https://i.scdn.co/image/ab67616d0000b2730ff20a7fb784c0f81e0494ef
29,79ipwfkZpcwMYwHJdqtGsN,Unlisted,indie dance,Terr,https://i.scdn.co/image/ab6761610000e5ebd7ea8b480feb7ffea9e1356b
0,7JyIYQOPXnpgSxyz2aCcpu,Unlisted,none,SWA Allstars,
48,76KY8JsK3XMQkjDiRZVprS,Unlisted,cha cha cha,Pete Rodriguez,https://i.scdn.co/image/ab6761610000e5ebb7f09acf72108b3f81822a99
11,6xFXNwBs7M1djiUcjYDrnO,Unlisted,none,Voice Stealer,
37,7JFO7bnWWApOFvTMS3NFgh,Unlisted,none,Anchorsong,https://i.scdn.co/image/ab6761610000e5eb67c97e44de3f8d09379d47a0
44,3fwPbUnAOAhzd60TyDfE8t,Unlisted,italo disco,Piano Fantasia,https://i.scdn.co/image/ab6761610000e5eb43e4dc6e373b8fa8e13600ff
20,23OQeyM19S2xgBiTyz3eog,Unlisted,none,Eola,https://i.scdn.co/image/ab67616d0000b2733b1b4bcd7b9c4a9f381b3471
42,3gnrmLahFhVXRI9DA1MImH,Unlisted,none,We Were Promised Jetpacks,https://i.scdn.co/image/ab6761610000e5eb277ade0623b77f8e1a26040b
27,5bcg41eahXhsa30vaMvv0r,Unlisted,none,Sex Week,https://i.scdn.co/image/ab6761610000e5eba8d2209a8862b739d258a630
57,7GXXMm3DB1VswVcuGyInUd,Unlisted,none,Vanilla Ice,https://i.scdn.co/image/ab6761610000e5ebcee70601cac67f2dd7376025
5,3QmghTihReRudKflr4UlTe,Unlisted,none,Mayuko,https://i.scdn.co/image/ab6761610000e5ebf5d25564436eb7d484a6f91e
42,7KGqvFukcZRbQ7YFsYrgPa,Unlisted,none,Donnie & Joe Emerson,https://i.scdn.co/image/ab6761610000e5eb1d8289c5a98c178330f4fc32
0,2Mfoa6NAKX5juqD1xCTcTd,Unlisted,none,Bob Hughes,
34,2yenSHFA1v0ZsCMFWr5N1M,Unlisted,none,Alain Goraguer,https://i.scdn.co/image/ab6772690000c46c9361eab52193e27d57f4167d
32,0tRRrNLQY5rejEDVSjy4w3,Unlisted,cha cha cha,Debelah Morgan,https://i.scdn.co/image/60340e8b4851a24102ded188e328f3a1db6758cf
43,6QRb3jE2lCfMU1iUuVQMaV,Unlisted,none,Jeremy Irons,https://i.scdn.co/image/f18d69d006ccd5bce40592da9c8b244ed5814070
32,1kObei2IODphSwCsUHFQdo,Unlisted,none,LMNT,https://i.scdn.co/image/d582c8c96643ccf8dc16b76d2ed6f91db81f16e4
20,0bEvfTJsHHsTxqpqzWGXDw,Unlisted,chanson québécoise,Stéphanie Lapointe,https://i.scdn.co/image/ab6761610000e5eb8f62e8177c355622757a7285
100,06HL4z0CvFAxyc27GXpf02,Unlisted,none,Taylor Swift,https://i.scdn.co/image/ab6761610000e5ebe2e8e7ff002a4afda1c7147e
55,29PgYEggDV3cDP9QYTogwv,Unlisted,none,Carolina Gaitán - La Gaita,https://i.scdn.co/image/ab6761610000e5ebb8d59d02e63737b0dbaa43e7
69,0TImkz4nPqjegtVSMZnMRq,Unlisted,none,TLC,https://i.scdn.co/image/ab6761610000e5eb7356ae4581e46319f99c813a
59,5rScKX1Sh1U67meeUyTGwk,Unlisted,none,Michelle Branch,https://i.scdn.co/image/ab6761610000e5ebe91d691289f4c1337a665e4f
18,4cDUgsexpRzd4AUvOOvOQh,Unlisted,none,Phi Life Cypher,https://i.scdn.co/image/ab67616d0000b273c35866d36950e6e53ccb9b6e
16,06wmOEVNWtAOfLxNVcnz0V,Unlisted,none,Lionlimb,https://i.scdn.co/image/ab6761610000e5eb181d889f114d658af0a4ec93
70,0cQbJU1aAzvbEmTuljWLlF,Unlisted,none,No Doubt,https://i.scdn.co/image/ab6772690000c46c2bc169ddd09632b994baf3b1
60,1FmxE030Xe2H8Bn9bdv6Pd,Unlisted,variété française,Vanessa Paradis,https://i.scdn.co/image/ab6761610000e5eb0ed21d575f90079f2c7e4117
0,5maTHDye2JCsggBTXFnDB4,Unlisted,none,ferlin debrah,
25,6IFtN53KWskqBgrW1Adf7X,Unlisted,cold wave,Blind Delon,https://i.scdn.co/image/ab6761610000e5eb226f48f36aac50a72f526ff7
24,6yAEs7hWaGAdHPpd5i1tDw,Unlisted,none,Synecdoche Montauk,https://i.scdn.co/image/ab6761610000e5eb06deec05944ebef75567be80
29,4xNHL3jrBgeuntwsTUM8rz,Unlisted,none,Rowland Salley,https://i.scdn.co/image/ab67616d0000b273388163ca0f8bace136e2eee9
38,4Zf0pLGYwNB86Y97kisvkn,Unlisted,musicals,Debbie Reynolds,https://i.scdn.co/image/e9751ab643f1700814009306255b9df1b312284a
41,0gDsjq3Se2YgMBdiJ88j06,Unlisted,none,Jocelyn Pook,https://i.scdn.co/image/7747cbe45728385453ddc970b05d2f8b0d8fd5de
29,6zdwVjGPgGGZ7W5oBcisP2,Unlisted,none,The Long Winters,https://i.scdn.co/image/ab6761610000e5ebfd137b9f7f516e9ce1e17982
51,5bUj39bg0zEbRzjUEISMG9,Unlisted,none,Bernard Herrmann,https://i.scdn.co/image/a051568de86ba3eb09f87e2a4f94478476b33748
31,3GhVFlFT3pagjVkslQPqoJ,Unlisted,none,Quadron,https://i.scdn.co/image/2a1293b7500dce8f3fba2b0caff0edbac5f97fd7
30,2plHc7V92yXf40BD8lQl2x,Unlisted,none,Rozi Plain,https://i.scdn.co/image/ab6761610000e5eba79618566b29231174522dad
1,54mELlas7xPj7gnCCvB1KQ,Unlisted,none,Rachel Eddy & Kristian Herner,https://i.scdn.co/image/ab67616d0000b27365c153d4137e3e7eb6ac82cf
44,24GaH9tRBgZjlvOhpFuKi2,Unlisted,none,"Blood, Sweat & Tears",https://i.scdn.co/image/26a546022a057e325676bef5c32acdccb456adfb
62,4FtSnMlCVxCswABUmdhwpm,Unlisted,none,Carly Simon,https://i.scdn.co/image/ab6761610000e5eb8a121647ac451ef6397d40cd
6,5VCklB2cFK3ofZIMkkDhyW,Unlisted,none,Ailsa Tully,https://i.scdn.co/image/ab6761610000e5eb0c67ece7a873b3947461b6ed
59,3ngKsDXZAssmljeXCvEgOe,Unlisted,none,Eagle-Eye Cherry,https://i.scdn.co/image/ab6761610000e5eb14a2242841c9c7376b19f087
32,0X7vWupejzA2A8bwITrWot,Unlisted,none,Jeffrey Silverstein,https://i.scdn.co/image/ab6761610000e5eb2b12a966f4b19e5bf4087a73
24,6Um25UMHv0fzcEHYGQJPXv,Unlisted,none,Treetop Flyers,https://i.scdn.co/image/ab6761610000e5ebb55611c3fc21bcbc9a5ee052
65,6DoH7ywD5BcQvjloe9OcIj,Unlisted,none,Ray LaMontagne,https://i.scdn.co/image/ab6761610000e5eb44ede429cd4a7a2bda7e6156
13,04JBJKfnSMPBvnH5Va7knE,Unlisted,none,Milt Campbell,
23,37UrMzgmpRLmvVbJwcriPV,Unlisted,none,Aaron Embry,https://i.scdn.co/image/ab6761610000e5eb34e355625640353f7abaab2e
71,72OaDtakiy6yFqkt4TsiFt,Unlisted,none,Cher,https://i.scdn.co/image/ab6761610000e5eb860b5a38a308428c310ee013
51,7FvQR6QFfXmW18dyMqnHvv,Unlisted,none,Tommy Newport,https://i.scdn.co/image/ab6761610000e5eb92faa5432bd2a08155bb7ef6
26,1r3usFuloWo113ldctoDnX,Unlisted,none,William The Conqueror,https://i.scdn.co/image/ab6761610000e5eb2689c49608a63b89e6c3508a
2,04XfL2RkXRmQa2KEyAM0RF,Unlisted,none,Alexander,https://i.scdn.co/image/ab6761610000e5ebb153c97f63c05643a6ab6d7b
45,60yfafz0P3gqaUaOUIddae,Unlisted,none,BRONSON,https://i.scdn.co/image/ab6761610000e5eb8df540d65ffabd15fe4edf1b
41,5KeQyt1QJBjcutJ2AuLNO2,Unlisted,none,Holy Holy,https://i.scdn.co/image/ab6761610000e5eb194473761435806dc0702270
0,73zVj4UIYVIo6ahlOPDEL8,Unlisted,none,Denni Ian,https://i.scdn.co/image/ab6761610000e5ebcd5b898171761b3459915c58
20,3nO1K3saAuSThsVWi1uxGF,Unlisted,none,Marinero,https://i.scdn.co/image/ab6761610000e5eb16001f1e26355c8a984eea03
40,2hkZGvBotqZ7uBBUnBwmLC,Unlisted,none,Les Paul,https://i.scdn.co/image/ab6761610000e5ebcdfdcbefc60f729a39f00eff
62,2aS6jYh7ysTL1ZUsHneNgM,Unlisted,none,Berlin,https://i.scdn.co/image/ab6761610000e5ebfba07dbdca45039f9d20e5bb
20,5lP538RHY8e9KUlut6jVDW,Unlisted,none,Anita Lane,https://i.scdn.co/image/23f9e182ce95f3e5913ef0bb3fc912b6d0caf546
37,5JmiJ0uN4rutaRsDfBUPHl,Unlisted,none,Jimmy Nail,https://i.scdn.co/image/db1a6aad9235ad3088b62056bc66dae5506e353d
24,2t9Wxo7ttElQgyoYZoe9iv,Unlisted,none,Not the King,https://i.scdn.co/image/ab6761610000e5ebea8f9bd16cdbe35d1223fa04
32,0WISkx0PwT6lYWdPqKUJY8,Unlisted,none,Stephen Malkmus,https://i.scdn.co/image/ab6761610000e5eb8f2e7d73904e3d63c391cc3f
2,28ffXAtsOs3aKCBWQ6LQo5,Unlisted,none,D Tiberio,https://i.scdn.co/image/ab6761610000e5eb716f9e0b3b55a084f3aee7dd
64,0dlOr0VIysztGWvU1dpjmP,Unlisted,none,Natalie Imbruglia,https://i.scdn.co/image/ab6761610000e5eb2e023776b822635846e1f5f1
40,06tPmk0aHzCFK0T96YzXnN,Unlisted,none,The Blow Monkeys,https://i.scdn.co/image/ab6761610000e5eb1e240813a607b6fa09857773
65,1gRNBaI4yn6wCCTvRhGWh8,Unlisted,none,Don McLean,https://i.scdn.co/image/ab6761610000e5eb960f33e2e44a53d836dc8ffb
20,2dsuoOdH05Dx4GxAoYscpT,Unlisted,none,All We Are,https://i.scdn.co/image/ab6761610000e5eb8d65bf9def144157d81efd47
36,0pldXaMyJUzrlzYn7uXped,Unlisted,none,KnightsBridge,https://i.scdn.co/image/ab67616d0000b273cbac2cec47683e2338a055eb
73,5gznATMVO85ZcLTkE9ULU7,Unlisted,none,Lenny Kravitz,https://i.scdn.co/image/ab6761610000e5ebe0cf058473839f1c9f49937e
53,4JfFdF9Row7UXtdsKtT6tc,Unlisted,none,Darondo,https://i.scdn.co/image/d50f417de87096c31822c2349cb3534821ac7bec
1,00qXkZH8ggiTZqn3z4ocQ7,Unlisted,none,DEWEY,https://i.scdn.co/image/ab6761610000e5ebc2f16c067d81191cbaa6ef88
46,5GUVj2b1lJ4DolQyHlzyaO,Unlisted,none,Blind Faith,https://i.scdn.co/image/7cb47aa5aba19de14aef71b7b55bdd391a199800
27,1cwNKCIuq12wLqAAsC1Zyi,Unlisted,uk r&b,Jevon,https://i.scdn.co/image/ab6761610000e5eb0cad90e0a21bb14c3ae94f36
51,3QgSmABpItIdj908ek80n5,Unlisted,none,Morphine,https://i.scdn.co/image/80d6bb0b980dcf3043465c9bfaa49ca0edeb167a
27,50KLYZQtZLrR2gGa5oHJEF,Unlisted,none,Rolf Harris,https://i.scdn.co/image/ab67616d0000b273301071221a3521866b391738
66,6eXZu6O7nAUA5z6vLV8NKI,Unlisted,none,Little Simz,https://i.scdn.co/image/ab6761610000e5eba22264dfbad2d96ffc6ee2e0
0,66BH8Jnv0yD9okIXPWR5vZ,Unlisted,none,Apeman Spaceman,https://i.scdn.co/image/ab6761610000e5ebb4fcb5913fdef3f89bb3eb88
0,0RCrYBRfaQE2LRIydaUODb,Unlisted,none,DJ Rashad & Chi Boogie,
40,1YAtBHWaWzZnkaoSFHGTBV,Unlisted,none,Guy Mitchell,https://i.scdn.co/image/ab6761610000e5eb566ab71989d2afeb1b7e1c61
9,5M3H5rlwjT6rYaJ3es55jN,Unlisted,none,Taz & Meeks,
56,6h2bWHWTJL38N8dqocVaif,Unlisted,none,Jon Bon Jovi,https://i.scdn.co/image/ab6772690000c46ce43c15ff363e19d54bfac8ed
26,0hh1N707d2q6xRvhnvraIK,Unlisted,none,Dan Hicks & His Hot Licks,https://i.scdn.co/image/614ffb044d9c72b4fe6c2aa202653e07f3523b7b
0,6HVKYA2Sps9WekIhqnfKe4,Unlisted,none,Marshall Chipped,https://i.scdn.co/image/ab6761610000e5eb4143c727eb261d170698aba0
0,5SeE35VSqbsfb85cjFHAA7,Unlisted,none,Yung AOL,
0,5pBV7UWScXzS6WokzLyfH1,Unlisted,none,The Chemists,https://i.scdn.co/image/ab67616d0000b273e150dc4db305cf1149ec3988
0,5lsZ4muiTXd9hNPdBXHCaS,Unlisted,none,Video Dave,
23,0Kznf00rXvzkXOoAobg59I,Unlisted,none,Lightspeed Champion,https://i.scdn.co/image/ab6772690000c46c5521d140195a01554c813dc9
28,5IcRvSiReLydKCr56ObWuX,Unlisted,none,Steve Spacek,https://i.scdn.co/image/ab6761610000e5eb4b57f73fcf85225e024cc6ec
20,0FGRzlRQuT0pMkb3XxTiCe,Unlisted,none,Funk D'void,https://i.scdn.co/image/c6490fa8ad6c68769f7fe6a4997f4df83bcbfec8
0,63Ak1sAwkeayps8R3N3JJu,Unlisted,none,Italian Traditional bagpipe musicians,https://i.scdn.co/image/ab67616d0000b273949f1e297569a6dd1d601eee
0,1cfzKTd2Dvx7RPurzdyAeR,Unlisted,none,Milroy’s of Soho,
45,4YeITwoqeIks45gELm488B,Unlisted,edm trap,NOIXES,https://i.scdn.co/image/ab6761610000e5eb79176580686fbef816dff21b
40,2wqWxxwnJHTRMEst9OsREa,Unlisted,musicals,Drew Gehling,
1,3t7V2omc5R2ODZswIwcmFJ,Unlisted,noise music,Hysteresis,https://i.scdn.co/image/ab67616d0000b2736cbba6dd7c96ba54a3d1e0bf
10,2CdjCDLB5fDLsF8fRwk6Pm,Unlisted,none,Avatism,https://i.scdn.co/image/7331e5f2940980f80b47ad4cefe24d3af59f7d95
1,1dc9cp32VYdNZ1C6nmAmwa,Unlisted,none,Naphta,https://i.scdn.co/image/ab6761610000e5eb27dc6fb741befdcddfdeb432
62,0NyzfcGDZZ6GM25EBG9BYK,Unlisted,none,Ray Parker Jr.,https://i.scdn.co/image/112bf0d1817b5cffc0874ff8f147d7b6ba2b9cc3
79,1KCSPY1glIKqW2TotWuXOR,Unlisted,none,P!nk,https://i.scdn.co/image/ab6761610000e5eb7bbad89a61061304ec842588
19,58QNei6HY9fAmKKUeTOneM,Unlisted,edm trap,Tenka,https://i.scdn.co/image/ab6761610000e5eb08000357f3ed3be4ac10514e
15,7lAXQoh0m9Xffn9L0LGg0r,Unlisted,none,Romen Jewels,https://i.scdn.co/image/ab6761610000e5eb522b2352dfd5afcf786d76a3
0,2AFQojTf9JepkWGDWtWZjx,Unlisted,none,Deep Zen Pill,
68,6kbR2eL4hecj3rFwGOsYsI,Unlisted,none,BL3SS,https://i.scdn.co/image/ab6761610000e5ebb0b585b9882a2dc5bead2d1d
3,7qcEQOO1jH3vsB7p4Ecnvi,Unlisted,none,Flat Eric,https://i.scdn.co/image/ab6761610000e5ebe0de7a40ffce34e7800f3a8b
37,34barrxpXhXrFSJXWKogMO,Unlisted,none,Plumtree,https://i.scdn.co/image/ab67616d0000b27354727bf10d84f12515c46366
44,7rikNLN4AV6SQn9ryQFaMw,Unlisted,none,Le$,https://i.scdn.co/image/ab6761610000e5eb66368f8e5d9aa58ff269d2b1
34,2mqC5o8LPha55XSqfVkT8r,Unlisted,musicals,Mindi Dickstein,https://i.scdn.co/image/ab67616d0000b27389425c11e34b033cf97875b5
1,0i5Q9hs2h9xoQxpyK5Tu7t,Unlisted,none,Bliss Signal,https://i.scdn.co/image/ab6761610000e5eb0326d96cfd568afacfc93fa3
66,3DgcBA7P0ji5co7Z1Gfp2Q,Unlisted,musicals,Kristin Chenoweth,https://i.scdn.co/image/ab6761610000e5eb48124fc43f870ed4501093e5
49,0V7uVrIYr4FwFvUN9S4kYr,Unlisted,none,Nick Waterhouse,https://i.scdn.co/image/ab6761610000e5eb38642e6e2cc283240b97dc47
26,1ZzqxDkqNDAJVaNO1xue3P,Unlisted,none,Fabiana Palladino,https://i.scdn.co/image/ab6761610000e5eb7c8179ff3a69e7facdc8078b
52,1xCRJ0XrcQKEkjk50ILWbt,Unlisted,egyptian shaabi,Hakim,https://i.scdn.co/image/ab6761610000e5eb4a64c616124866952c71dcd3
11,72CKLon8DF1pjBs8PBJNdp,Unlisted,musicals,Jeff Bowen,https://i.scdn.co/image/ab67616d0000b273dd002249a81838d4e483ca7f
41,6XGJvNG372fPJ2TV2OoN0Z,Unlisted,none,Classics IV,https://i.scdn.co/image/0bf18a0775e63d373363c818cac2744299c9072d
39,66tdbpspqaHM1cPkBTC0WU,Unlisted,musicals,25th Annual Putnam County Spelling Bee Original Cast,
0,4vOWGtkwkFHPi4091LuTtk,Unlisted,none,Phenam,https://i.scdn.co/image/ab6761610000e5ebdae83a9b04afb30ded292487
59,07d5etnpjriczFBB8pxmRe,Unlisted,none,BJ The Chicago Kid,https://i.scdn.co/image/ab6761610000e5eb5c57299410c9b68fee2ed781
11,5DaAbWGJ5ILH0fsddL8Smi,Unlisted,none,Wild Bill,https://i.scdn.co/image/ab6761610000e5ebd91d86003bc7f3df82f91305
48,4EJP6Qhk6l18LumCcpEfLw,Unlisted,musicals,Eddie Redmayne,https://i.scdn.co/image/2f27b88be41ed8e21e7db0cf192385c14736f8a0
0,1fRDjIw7rV2L8ZqQZWs41m,Unlisted,none,"Marc Romboy, KiNK",https://i.scdn.co/image/ab67616d0000b2731b0269a9ebfa5d065b8a612e
14,3E6OqTqiCpUvb8NbAw0OEm,Unlisted,none,Quality Used Cars,https://i.scdn.co/image/ab6761610000e5eb6a508b4cc68b30798be297a4
0,3hfYldW3pHuFSCiZz8qgdm,Unlisted,none,Acid Rezerver,https://i.scdn.co/image/ab6761610000e5ebc0148769d1f3c500bc33e945
15,30RMkmcPNAZPYj3XUSrLh4,Unlisted,none,Suburban Knight,https://i.scdn.co/image/ab67616d0000b2736053dc8465358b9040d1b109
0,0UFGb2HixhB0kXwin2p2jF,Unlisted,none,Black Manual,https://i.scdn.co/image/ab67616d0000b273e3b800187de7911006f09932
45,5bnNgwp3nooah9yHAHsnR4,Unlisted,musicals,Jason Donovan,https://i.scdn.co/image/ab6761610000e5eb56122713b3043100a0cd2d6a
6,5Daol6wA6g00ybXL2XIDDg,Unlisted,none,Bas Jan,https://i.scdn.co/image/ab6761610000e5ebd8c8839f5baa9d7a11d712ee
52,2mbvqMGpwLsakeH45p1Jrb,Unlisted,none,Mungo Jerry,https://i.scdn.co/image/ab6761610000e5eb63d7307f5e3c9f7538af6877
18,2vAtuOqzB1knNn4FEZm0un,Unlisted,space music,Space Art,https://i.scdn.co/image/537056b04cc34d4d60b69bc85b726d76c9a38ac9
25,4V7mPDwAcAguZIa2PGeEcx,Unlisted,none,Spivak,https://i.scdn.co/image/ab6761610000e5eb2ab16cdeff409ccfff79123d
0,5fNpYM94eu7714oNfE7C0c,Unlisted,none,Kay Hak,
62,6xeFne1rkxMhKSW3ipvkdV,Unlisted,none,Toploader,https://i.scdn.co/image/ab6761610000e5eb21a50649eca85229bfd21c82
1,0R0T3YQyl3cLMBB02lawSc,Unlisted,none,The Rhythm Tramps,https://i.scdn.co/image/ab67616d0000b27325d9af500b3525810d75be37
74,2Kx7MNY7cI1ENniW7vT30N,Unlisted,none,Norah Jones,https://i.scdn.co/image/ab6761610000e5ebed83d3ea063d87ce7e708f00
31,0bUGoPJdCrDnuIQNLxsnBb,Unlisted,none,Marshall Hain,https://i.scdn.co/image/ab67616d0000b273750bcf0e47b1a74cd2217d90
3,4lv2xmPO66BBqk1gAq5YRs,Unlisted,none,Kid Canaveral,https://i.scdn.co/image/ab6761610000e5eba642224ee74500305946e43e
32,070RPr7Euzwf3yboA9Xp2U,Unlisted,none,Bombay Dub Orchestra,https://i.scdn.co/image/667d72f08f78aa2c31cfd346697d55a4d8ec1506
16,7Cnz0jA7Cwlj34nLkiWsRg,Unlisted,none,Cherie,https://i.scdn.co/image/0b58387e32b4755df7d496e0e579e66fa190b3fd
73,2gsggkzM5R49q6jpPvazou,Unlisted,none,Jessie J,https://i.scdn.co/image/ab6761610000e5eb92b8a2548ec8c91bb5ef418e
31,628K1eY2Nq24SbQE5q92VY,Unlisted,orchestral,Victor Silvester,https://i.scdn.co/image/ab6761610000e5ebff2eae7fe220a4c4c2cc0ac3
17,5DsWmqdGmwQnticIxppXuQ,Unlisted,none,Simon and Milo,https://i.scdn.co/image/4c4990ec64389dcdad84297fcd5f5b3b7f99607f
6,4bUu22hsY40JUvqwA4dkDE,Unlisted,none,Oscar Browne,https://i.scdn.co/image/ab6761610000e5ebe967b012ab5525a60ac7eaf7
21,3I8R11HYhjJIKERAUSNXM0,Unlisted,none,Chrissy Zebby Tembo,https://i.scdn.co/image/ab67616d0000b2731d01bee2a6e4a80f35a948a5
18,4jb0q4RYiHNHyN9QYOgvDe,Unlisted,none,The Units,https://i.scdn.co/image/ab67616d0000b27324ce2b4c091c3c2312c0571e
51,4T795JhhCZMWM01DLcX98p,Unlisted,variété française,Michel Delpech,https://i.scdn.co/image/ab6761610000e5eb080aefa65a57d165c90923da
35,1H502J47oobZHittRAr3Rg,Unlisted,none,Joanna Pacitti,
40,0t85REHE5k1LBHLDongFNq,Unlisted,variété française,Didier Barbelivien,https://i.scdn.co/image/ab6761610000e5eb76a9877e2b6871de02c7b214
19,40uK7RAJlyEALdLWZ1qNmb,Unlisted,none,Fuzzy Sun,https://i.scdn.co/image/ab6761610000e5eb16561db8853f71db3ff539a5
28,1SUV6BR0W4CCRMRuKOmwkf,Unlisted,space music,舒眠频率,https://i.scdn.co/image/ab67616d0000b2730526200451711a087950e385
54,6XaCAvPb5u2IxWpnGugxVc,Unlisted,none,Vince Guaraldi Quintet,https://i.scdn.co/image/ab67616d0000b273d31e0758f667f63ac85d42cb
6,4FpWLDzdJjx5kjgdvacqmY,Unlisted,none,Lalaine,https://i.scdn.co/image/ab67616d0000b273f035a2dd5a8b7ce071633eda
42,09Wl9YiRr5l1rChWktQD4o,Unlisted,none,NoSo,https://i.scdn.co/image/ab6761610000e5ebb3edddb148d96daa24ebe89b
63,3xs0LEzcPXtgNfMNcHzLIP,Unlisted,none,Rockwell,https://i.scdn.co/image/ab6772690000c46c38e130e4a87d0d8a46912426
38,613dNRsij8cjgiIS6lqSIy,Unlisted,none,Saint Saviour,https://i.scdn.co/image/ab6761610000e5eb6d091c06f60276019930fb6d
13,2lGHQf7rzLMpTqlfGwIE9O,Unlisted,none,Jackie Lomax,https://i.scdn.co/image/72af6e5dbef888e66c93de4a0c0adb0d4dbcc0cb
15,6Xfb61LiBt1zevrkP7TJlh,Unlisted,none,Arthel Lane Watson,
72,0xRXCcSX89eobfrshSVdyu,Unlisted,none,MEDUZA,https://i.scdn.co/image/ab6761610000e5eb3ad617606a561c6837586c32
61,5lbM4g6bhxjNX7R5QHP2nD,Unlisted,none,Xavier Rudd,https://i.scdn.co/image/ab6761610000e5eb0c898fe5227b012ee8e39e87
41,1M5wLoT4Yub4wWOZAcj7z0,Unlisted,none,Pino Donaggio,https://i.scdn.co/image/ab67616d0000b2737795a5fb973bb50f173684b3
27,3E2PKHxfpNa2R6N3RIpa8S,Unlisted,none,Lizzie Esau,https://i.scdn.co/image/ab6761610000e5eb9d47d75bd305db0623b258a6
42,5cXJERCnv50nZBXCk8Zq9X,Unlisted,none,Jack Kittel,https://i.scdn.co/image/ab67616d0000b2731510b0f0766b4966c5bee794
15,1n5YEhuNLUQG4fyhft986d,Unlisted,none,Field Report,https://i.scdn.co/image/ab6761610000e5ebdb0650b49c767b29d8de0ee5
30,7C26wQyStqkNFW94iutvVD,Unlisted,indie dance,Renato Cohen,https://i.scdn.co/image/ab6761610000e5eb6cc805d95900831878010da3
8,2LwlVrqI7U4WS448GpAozT,Unlisted,none,The Umlauts,https://i.scdn.co/image/ab6761610000e5eb508c3137a64c5aa10d99fe59
15,30pW8ZsjaeU6vcnWayUwof,Unlisted,none,Barbara & Ernie,https://i.scdn.co/image/ab67616d0000b27383650407c98adb8b8c837836
18,1MkCtMVtwdvi8G7qfYQUd8,Unlisted,none,Paavoharju,https://i.scdn.co/image/ab6761610000e5eb0942b0ed4c8f6da6081dc41c
39,2qsc1hUhG2UrNZhByveJ6x,Unlisted,none,Danny Wilson,https://i.scdn.co/image/cabd8dc86a8d6405915452360e0dd6ebeae0fc74
54,34E3csCxpXunPGEkOVVX2g,Unlisted,none,Albert Hammond,https://i.scdn.co/image/ab6761610000e5ebd17ed8020a7dbfb9410ff3ca
27,6RxvPZHJL1V9kWWvzM0APg,Unlisted,none,Martine McCutcheon,https://i.scdn.co/image/ab6761610000e5eb9a7cc843240b56e4b96458bc
54,4mmMtabvFCKA6HfmVmitNH,Unlisted,none,Jodi Benson,https://i.scdn.co/image/ab6761610000e5eb583a4cf451be21040cfaa0a4
41,6CQrZZn0g2ZNfIcXbi4pdo,Unlisted,none,Mason Jennings,https://i.scdn.co/image/ab6761610000e5ebe9d0d5c81f48fc9596eefc03
33,0WP1sO0RYZHeJyd8PLSRBp,Unlisted,none,Brian Bennett,https://i.scdn.co/image/ab67616d0000b27391f92391d528ef3222d2fe26
49,5zhn89Em2jWUUWdpcLO3YL,Unlisted,none,Sea Power,https://i.scdn.co/image/ab6761610000e5eb3c1d3e35641a11455c8454b8
33,3dH7ZRgXMUUsJrhHeDPftx,Unlisted,none,Willie Wright,https://i.scdn.co/image/ab6761610000e5ebf2421ee8084e87fac812cf05
10,78L0GCvVF5ee0XqDHH2D2J,Unlisted,none,Earlham Mystics,https://i.scdn.co/image/ab67616d0000b2738992403b5a5f51595c55707b
32,3bhCWiE3xoIbH70zy0nj7c,Unlisted,none,Gail Ann Dorsey,https://i.scdn.co/image/ab6761610000e5ebcb5c9e43c582c8e47a10650b
51,32GAlFg8ZU34WZLFjAUAGQ,Unlisted,none,Stelvio Cipriani,https://i.scdn.co/image/ab6761610000e5eb7d25f45905679c42aa714fd5
18,2JJiKj9j7wPS8vz8UlAO9X,Unlisted,none,Don Harper,https://i.scdn.co/image/ab67616d0000b273d07e2408c135f8aea550f3bd
50,5BJ7GXyi2tVyoKMQM7cSpM,Unlisted,laïko,Stelios Kazantzidis,https://i.scdn.co/image/ab67616d0000b273f949bbb05b4d6752c00530d8
50,5b2OzvLaL6nyxw5pbVbSdy,Unlisted,none,Skeeter Davis,https://i.scdn.co/image/b446003150396108601f69db1a0ca4039e30b8ef
42,4aMeIY7MkJoZg7O91cmDDd,Unlisted,none,Adrian Younge,https://i.scdn.co/image/ab6761610000e5eb892bfa72a0cd8e4907eded3c
40,6yzuBFtT6dK2aQMZJZtcB1,Unlisted,none,Dehd,https://i.scdn.co/image/ab6761610000e5eb82caefda4a9fd8055709c6be
18,35ovEjDArUFMwwr0hqb7Uh,Unlisted,none,Gold Rush Studio Orchestra,https://i.scdn.co/image/ab67616d0000b27366c489b1b4d977fdf9d81071
42,7ewJCECkpkh56w0Y4VWzSY,Unlisted,none,Los Bravos,https://i.scdn.co/image/ab6761610000e5eb83940d211d2d91a534e81711
55,5jX7X3kRkfJTRqAdT7RcHk,Unlisted,none,Cass Elliot,https://i.scdn.co/image/ab6761610000e5ebe910dbd1a3501f59d32b8e2e
41,2qtARFvBzCjOuGbXFAF0iX,Unlisted,none,System Olympia,https://i.scdn.co/image/ab6761610000e5eb69e8aa49b4c66f4df20c480e
5,1ZAzXgj5wuSw3oKrFdpNiH,Unlisted,none,Computer Says No,https://i.scdn.co/image/ab67616d0000b273f5e247b94cdaa91e0261699b
6,4YIP5hX9ZJdXyC1yD69MWD,Unlisted,none,N.Y House'n Authroity,
38,2jToqK8MU3rtt0DYrgCIXM,Unlisted,none,Oliver Coates,https://i.scdn.co/image/ab6761610000e5eb97334ebe0011aa4ec2d62d67
55,1WrqUPWlHN5FXCRcQgrkas,Unlisted,none,Lucius,https://i.scdn.co/image/ab6761610000e5eb91797bc2e5e78c858ee4bc53
0,6Zdgg1gWL3d6aRmjeSVOrf,Unlisted,none,K'A,https://i.scdn.co/image/ab6761610000e5ebf7997dee9caccad718a260a3
18,0MPCXpk3pfNCmUdzDlHX2f,Unlisted,none,Axile,https://i.scdn.co/image/ab6761610000e5ebde51ad0ce9c9ce1a0155c158
34,6IELx6XGZcbJE8uNDPO3PP,Unlisted,none,Arkana,https://i.scdn.co/image/ab6761610000e5ebf468c12dd205d92d668d9c48
0,5QmSXHYzeGwtS31wYV8Ury,Unlisted,none,Massive Sounds,
75,10exVja0key0uqUkk6LJRT,Unlisted,folk pop,Vance Joy,https://i.scdn.co/image/ab6761610000e5eb4be87c6d504aa62024a87f48
15,3PJ5IQEl5ZNkSXkYwm8fEP,Unlisted,none,Mate Peter,https://i.scdn.co/image/ab67616d0000b2737183e6d9c3afb3f63230a4a4
50,1ysHnRqLx1sIFxUlahQftx,Unlisted,none,Kyson,https://i.scdn.co/image/ab6761610000e5eb6bfeddfa14836b1e81baa525
52,4u1nYxjl132D6rcMeYQ6Zz,Unlisted,none,Rival,https://i.scdn.co/image/ab6761610000e5eb57adf89ecede255149f43ef5
47,1hQuWl1dueM7ChRUZRn05z,Unlisted,none,Opus III,https://i.scdn.co/image/ab6761610000e5eb23fbcd9120b5ad3e95895fbc
0,2MBVm6ftlzhoyLKctyIEt6,Unlisted,none,Caspar Leopard,https://i.scdn.co/image/ab6761610000e5eb9bf83f01c5ce7dbc736193a0
0,3cYI92lguu78EDY6Gk98Bv,Unlisted,none,Margo Integer,
42,2MUENaxB93ZPNclZIDEMMV,Unlisted,none,Kalabrese,https://i.scdn.co/image/ab6761610000e5ebc995e9703d343f9905596572
0,1hMTiRk0z0lsiH5GawNGdO,Unlisted,none,Cross Jordan Singers,https://i.scdn.co/image/ab67616d0000b273152652fbc83dd05a1a91e65a
15,0BwRrZKiv4NIiVcLgONuOh,Unlisted,none,LoneLady,https://i.scdn.co/image/ab6761610000e5eb9bf03df030b2ce79d177f12c
0,4Pq4q4prafRtMOXeSImXJC,Unlisted,none,New Orleans Rhythm Kings as Friars Society Orchestra,
41,1HO6dUh3pea34OKnmsmjQx,Unlisted,musicals,Charles Strouse,https://i.scdn.co/image/dc284592d0b3e3de0aaefaee1a9648c2ecf83140
42,3QcGV278a6mmLRTOK29WBP,Unlisted,none,Robby Benson,https://i.scdn.co/image/ab6761610000e5eb4dc932abd84f977a7bd80d42
83,31TPClRtHm23RisEBtV3X7,Unlisted,none,Justin Timberlake,https://i.scdn.co/image/ab6761610000e5eb7a5cfe2597665a3d160e805e
6,3g4YzG9zXMXivUfh9xASEU,Unlisted,none,Nasty Bits,
31,1eSFjbv86usit5ZF5ywtLf,Unlisted,none,808INK,https://i.scdn.co/image/ab6761610000e5eb1e246404146b49a540566bd4
0,3Mu2l8569zdLBzvvGYLBxa,Unlisted,none,Duke Ellington & His Famous Orchestra;Adelaide Hall,
36,2wpskShaCrgkVcET4JzTAV,Unlisted,musicals,Wilson Jermaine Heredia,https://i.scdn.co/image/05adc7d24f0cb475402d4b92e8a22d1bb7b47ce8
48,3oYQrBzEQNpxnjWXP54B4n,Unlisted,musicals,Brian D'Arcy James,https://i.scdn.co/image/ab67616d0000b27312db32f7e08a1bfb4ace303b
25,55DHRcQ9oxUu76VNuQz48P,Unlisted,musicals,Chita Rivera,https://i.scdn.co/image/60aaf344ed818bb4a670f1039bc9f57c57b1f55e
5,5RtVtFkrk7Teybt7WGZDGK,Unlisted,none,Mars89,https://i.scdn.co/image/ab6761610000e5ebd58b28b8e5176fe202ae3dd6
42,0WJc0VDtzsLIk33XRB20Dy,Unlisted,none,Fionn Regan,https://i.scdn.co/image/ab6761610000e5eb53a37549e57023347857f785
0,4RYJS653eJmGN2DRm1LcCA,Unlisted,none,Harry Crews,
36,2LKrAJVB1842xPDvx4uuwU,Unlisted,none,Bros,https://i.scdn.co/image/07b26671e20d790ac68dda62025c23f2baa2ec85
18,6s8JAb4h3UjN5r3BgRhUhQ,Unlisted,none,Jonnine,https://i.scdn.co/image/ab6761610000e5ebf3a2bb7682f5dd2268319e89
36,478peoEkoKPsTgRiVzkvPl,Unlisted,none,Glasvegas,https://i.scdn.co/image/ab6761610000e5ebb3dbb43cd2d7d8cb3f49c6a9
40,7FxMjqH6DH056sdsstGeVl,Unlisted,none,Debbie Harry,https://i.scdn.co/image/ab6761610000e5eb2937e5c342435090d2458b5a
18,1PrFsWVNcI16jsB84oYbAM,Unlisted,none,Sons And Daughters,https://i.scdn.co/image/ab6772690000c46cd9848a8fb5bf316cb66670e4
77,5rSXSAkZ67PYJSvpUpkOr7,Unlisted,none,Backstreet Boys,https://i.scdn.co/image/ab6761610000e5eb7b3634864a78ab6bd1d77c36
3,4HttgOXydeewsSHPPF22tb,Unlisted,none,Bokito,https://i.scdn.co/image/ab6761610000e5ebd13d4d254e37fd7818effe38
9,3FJ6fErQn48ILQel1yaRbv,Unlisted,none,Bachelorette,https://i.scdn.co/image/60e45e1df177ecf8c5556119c8e39f0589e86b79
0,5FnJ6kvqUvtCLEbrvtn95Z,Unlisted,none,Pig Rider,https://i.scdn.co/image/ab67616d0000b27359a5e629dc7bde437e92cdca
26,4wavWMHhIiUXxwCuWsHzXo,Unlisted,none,The Delgados,https://i.scdn.co/image/ab6761610000e5eb03c84d9e97f828c81adb1b01
17,5T0e5poGvNw2PmFOiMfwCO,Unlisted,none,Beauts,https://i.scdn.co/image/ab6761610000e5eb020c633a14369782f5e72ae8
34,4gYKVizj3uSquuZvokYgZm,Unlisted,none,Flako,https://i.scdn.co/image/ab6761610000e5eba96b4b204769cf707cb87ff0
24,0BNlCKQPbiGIRTVnzKfJgy,Unlisted,none,Anders Miolin,https://i.scdn.co/image/ab6761610000e5eb9f5d188f2eb2277cdffcab2f
51,2ddxtfC0oS8LoktXUHE7YL,Unlisted,none,Ashley Tisdale,https://i.scdn.co/image/ab6761610000e5ebf9205905ea9befd6398fdc34
77,6JL8zeS1NmiOftqZTRgdTz,Unlisted,none,Meghan Trainor,https://i.scdn.co/image/ab6761610000e5eb240d44db603d49305d3d7b56
1,5C8l1IzNtFsYqI3jHNmWWr,Unlisted,none,OCHERii,https://i.scdn.co/image/ab6761610000e5eb4f9c600b54a0ee1d41ae4ee1
33,6zWJfH1TTmIqEi7EV35HGr,Unlisted,none,Pip Blom,https://i.scdn.co/image/ab6761610000e5eb389fec1e185ce1659104f20d
41,2ARO60gI5do88ho6azmzab,Unlisted,none,Django Django,https://i.scdn.co/image/ab6761610000e5eb4a1eea3559fa5e3708c4a81d
42,5UExdZdyiChMTvMm0nATlp,Unlisted,none,Raffertie,https://i.scdn.co/image/ab6761610000e5ebbbb08a00c83c996777485d2d
45,7L12TqJ0fbwtFljTbwfwRI,Unlisted,none,Samantha Mumba,https://i.scdn.co/image/ab6761610000e5eb8c8bddfbf81e06d80b8b4c6a
37,0kuEP1E9k3WBEwMKwEmp9u,Unlisted,none,Willa Ford,https://i.scdn.co/image/ab6761610000e5eb8d3245991df065fe51a1b608
6,46uINlifg8d4d1sNVe3AoE,Unlisted,none,Shy Layers,https://i.scdn.co/image/ab6761610000e5eb59cb49fac1b7aeeca1270a19
0,4To1Px6Ab8Q3z9C3L49dY5,Unlisted,none,Sleepcaster,
24,5AH3J6o4zTwo2tADpRiQRZ,Unlisted,none,Mitch Rowland,https://i.scdn.co/image/ab6761610000e5ebaf44cceec3bad5903b3930d7
31,5LoctxpMh3qfgcTjbtdR39,Unlisted,none,Brolin,https://i.scdn.co/image/ab6761610000e5eb3ffdd75a0e488771a750e9a8
17,5zQhRSqJxTbROSMJtGCXYN,Unlisted,none,Francis Lung,https://i.scdn.co/image/ab6761610000e5eb49eca03aeb431c1f2fb50812
18,63j31XAxmf2q9zK4qCCD0u,Unlisted,none,SW,https://i.scdn.co/image/ab67616d0000b273f196d1b058ef0e18614c92ae
39,0emf9Ah5yNpbvhS49Bl3zt,Unlisted,none,Christopher Bear,https://i.scdn.co/image/ab6761610000e5eb0e226952d5af85bce633f737
20,2qRCCNXQcF3aZofRrCPozH,Unlisted,none,Tyra Banks,https://i.scdn.co/image/ab67616d0000b273b7da3093934ee07bb0138d99
22,1FpQePOviBLxEaMUfwd3AV,Unlisted,none,George Wilkins,https://i.scdn.co/image/ab67616d0000b273a0ff7838b97edb8a80de4485
41,4Tvos0a5rRrBu4Oodu5f79,Unlisted,none,Julian Lennon,https://i.scdn.co/image/ab6761610000e5eb5e9eb9cd9c7fe28bf800ab66
25,0oOmVBBL9JieZXycYfjZXT,Unlisted,none,Phil Everly,https://i.scdn.co/image/07e83b90b8529b9e6a5207c551e9ae9d88229d48
50,1ZJlXFkFDBsjSuYyjVcMkk,Unlisted,none,Chali 2na,https://i.scdn.co/image/ab6761610000e5eb6131b2a2e2603da3c5b17a65
15,5OYSHHotjwf4mRVjtoDL6Q,Unlisted,none,Sensational Saints,https://i.scdn.co/image/ab6761610000e5eb305c1027dd8f7d115b1ad44c
60,3IunaFjvNKj98JW89JYv9u,Unlisted,none,The Japanese House,https://i.scdn.co/image/ab6761610000e5eb8de9980dfb508eede9e2fc46
14,2ayLcJ3HBefNHlPrFQnp8t,Unlisted,none,White Magic,https://i.scdn.co/image/ab6772690000c46cc9e0236fce5da4739b2336e1
67,0IF46mUS8NXjgHabxk2MCM,Unlisted,none,Kelis,https://i.scdn.co/image/ab6761610000e5ebd1222863c4217cf03dde3613
22,3U0XKbJ77cRnBqD8dfo7EI,Unlisted,none,Wells Fargo,https://i.scdn.co/image/eec9b08e36f6f79cf980be0e812268e697969993
63,1Bl6wpkWCQ4KVgnASpvzzA,Unlisted,none,BROCKHAMPTON,https://i.scdn.co/image/ab6761610000e5eb5685a95f87c28ae5efc5ba48
15,7dB5TtNG9BHNj4QCfS0SQg,Unlisted,none,L'objectif,https://i.scdn.co/image/ab6761610000e5eb5d26eac0decf7230eb2b5a0c
81,4GNC7GD6oZMSxPGyXy4MNB,Unlisted,soft pop,Lewis Capaldi,https://i.scdn.co/image/ab6761610000e5ebdc9e707b0d0e591e08d3f549
0,2ovLtXUsz5S36A6c05aZK7,Unlisted,none,Alicja Haney,
0,4fOmK4wC7JC2WxlXYEJEAb,Unlisted,none,Adam Mcfarlane,
23,4fn1yImBiyeSyGflDiNKpU,Unlisted,none,Amy Annelle,https://i.scdn.co/image/ab6761610000e5eb9e8753df3f878d28d1c96725
11,5TZNvC6pnkFTjNpJWlfwdU,Unlisted,none,Dead Fingers,https://i.scdn.co/image/ab67616d0000b273d30fc54ef5f42313f8f738f1
4,2tEwhtbQ13QvuhsFPMmd6G,Unlisted,none,spreadsheets,https://i.scdn.co/image/ab6761610000e5eb9ee575adeedce744816eccc5
50,4llklDtTTyMYMY2LfFOkTI,Unlisted,italian singer-songwriter,Domenico Modugno,https://i.scdn.co/image/ab6761610000e5eb5ad2b161e1a68bc601e293ee
40,1sAkg8871iPVI0wPbOfIZa,Unlisted,none,Fairground Attraction,https://i.scdn.co/image/ab6761610000e5eb4e41cb0b90dd55eb76881fdd
12,5s52J0wTa9B4YFG39iqXny,Unlisted,none,Eddie Fowlkes,https://i.scdn.co/image/ab6761610000e5eb6c96a9edf5ae9e0523bab05b
77,6XpaIBNiVzIetEPCWDvAFP,Unlisted,none,Whitney Houston,https://i.scdn.co/image/ab6761610000e5ebcd9f60ab57585bf3b77ecc51
26,5HS4BCPnb2zYSwsmXunf8d,Unlisted,none,The Golden Dregs,https://i.scdn.co/image/ab6761610000e5ebd36647794b2edc20cc8fd6a6
34,1mC0FqPLboQUFfxYuthfdn,Unlisted,none,Jozef Van Wissem,https://i.scdn.co/image/ab6761610000e5ebd1214a3f8a1632f9ebc928e4
42,1baJfj5CCxPO9VEzlGSBLm,Unlisted,laïko,Grigoris Bithikotsis,https://i.scdn.co/image/ab67616d0000b27318b865b213af4ddeef00d208
45,1giPBWN0VDXGhXEIROGhvM,Unlisted,none,Linda Perhacs,https://i.scdn.co/image/c3c303686b9bad23900b3ff5dd5ab1a107dbc601
39,4zOw0E0NA7B4lIYyc3XNt5,Unlisted,none,Kingswood,https://i.scdn.co/image/ab6761610000e5eb2ed445fdbc99c127f4a9ef7b
11,4O8NcI06slOnzcloI95qfe,Unlisted,none,John Phillips,https://i.scdn.co/image/e9567079da04bf962c608d5a66b905b40457a878
37,3pBRcbWKXI0PmYQ42GxPCk,Unlisted,traditional music,The Jewish Starlight Orchestra,https://i.scdn.co/image/ab67616d0000b273d4626a41ee23bdb49d89d56b
64,74NBPbyyftqJ4SpDZ4c1Ed,Unlisted,none,Tom Morello,https://i.scdn.co/image/ab6761610000e5eba824aca6e278acca89bc406b
42,7gQNLR8mykA1KjGClbPYHe,Unlisted,none,MNDR,https://i.scdn.co/image/ab6761610000e5eb9b6658185724a92cb2ddc4dc
55,0RwXnFrEoI8tltFvYpJgP6,Unlisted,none,Confidence Man,https://i.scdn.co/image/ab6761610000e5eb8cb8fe9483451962ad649d16
11,32jrK8iaARJvXrYarVcvZK,Unlisted,none,Rashad,https://i.scdn.co/image/ab6761610000e5ebd3e7b46c4fd41063f8eb1b19
7,19tV4gcKz3Yu2stM1v5mvt,Unlisted,none,The Abstract Eye,https://i.scdn.co/image/ab6761610000e5eb214620fb3ec6a8a64acfb0a3
54,0aeLcja6hKzb7Uz2ou7ulP,Unlisted,none,Noah And The Whale,https://i.scdn.co/image/76ea79b6425f380ffe66f1665881529a15213a5d
57,73MDShZzdL4vUGMkmXOG6X,Unlisted,none,Haley Heynderickx,https://i.scdn.co/image/ab6761610000e5eb7c63fcd03282ec205c37428f
26,5ydFZ5oZLBnFy6WLQ4QKA6,Unlisted,none,Superheart,https://i.scdn.co/image/ab6761610000e5eb4f8b03aafe4091da3c9e8e87
49,3VwKSHAfgzV1DOHV0aANCI,Unlisted,none,TOKiMONSTA,https://i.scdn.co/image/ab6761610000e5ebbecc71dfce49dd7304261813
1,3cqmfTtaMptkIbkNHqg20j,Unlisted,none,Klezmer Nova,https://i.scdn.co/image/ab67616d0000b2734c9ae0b41fc7eeaf1046a319
24,7EkKwcqYPySE4sq6H4wjae,Unlisted,none,Neil Richardson,https://i.scdn.co/image/ab67616d0000b2732b5012814484f42c9047fe8b
8,2aJC0GVDp9BwwQgXUjZ65K,Unlisted,none,Shorty Long,https://i.scdn.co/image/ab67616d0000b27311abeaa6b08dcf70b42821b4
6,3dYplmcYMCl0H5ziKtwdIT,Unlisted,none,Madalyn Merkey,
2,6uLY5RJflqxjhRMLLeEsxZ,Unlisted,none,The Rileys,https://i.scdn.co/image/ab67616d0000b2731ba0e1b54a212e089b3eae37
1,5gGclNz3oUzveLp5rT36vq,Unlisted,none,Workidz,https://i.scdn.co/image/ab67616d0000b2730825d7dd6bca88d2f6cbf835
56,6zB02lwP6L6ZH32nggQiJT,Unlisted,none,They Might Be Giants,https://i.scdn.co/image/ab6761610000e5eb58a23d8012a3ae72d73e9d10
36,5ef7ha77ippshsIdZzGnaN,Unlisted,none,BoyPanda,https://i.scdn.co/image/ab6761610000e5eb12ba49ac05260455334547d3
34,6FhgYlYyt9GFpcnS13nA4C,Unlisted,edm trap,Sdms,https://i.scdn.co/image/ab6761610000e5eb7cb3dd580df3e30db757e748
1,0yXl2A6N7MJSsp298PF2pJ,Unlisted,none,Juan V,https://i.scdn.co/image/ab67616d0000b273d57727511e6036d977b2f4dc
31,06h5xeeCDip3usS3go9zjI,Unlisted,none,The Subs,https://i.scdn.co/image/ab6761610000e5eb4fde6da2f485d19d46d74565
48,7vFpNLbCXbBFs4kFBUlkSl,Unlisted,none,Zombie Nation,https://i.scdn.co/image/ab6772690000c46c1f935db9be39c8816ff49e4a
5,1lszP2VgNvCCzMc9uroSZ4,Unlisted,none,SHAKED,https://i.scdn.co/image/ab6761610000e5ebff878a8a959cdb754c390eed
0,4n9uJMGElQs1ZwNJQ4rOa3,Unlisted,none,Rydims,
51,2zrZfs23sjuHDv4E6YRmNf,Unlisted,none,Kris Kross,https://i.scdn.co/image/99b90f147f450c59522dd3d8c70b7f580f96433e
6,4jX0r7SundGTjmwVqnnWMh,Unlisted,none,Global Sound System,https://i.scdn.co/image/ab67616d0000b273b9c4a6eab9a7fe0e831d3cdf
9,2UHOxilPkRsyFp4EQu8Sq4,Unlisted,none,Cinnaman,https://i.scdn.co/image/ab6761610000e5ebe9227cbfc90cdcd21e85c8fb
24,6IYhQUa20ru5eYoFYeQurx,Unlisted,none,Headless Chickens,https://i.scdn.co/image/ab67616d0000b27334f29338bd25a1b4b5f13c34
15,3hciB8bkQeECakkTWmrPEH,Unlisted,none,San Proper,https://i.scdn.co/image/ab6761610000e5ebeecf2547ccb62e1b29a04123
53,12tZvy2xFpWSkuJ3FsfisZ,Unlisted,none,Weval,https://i.scdn.co/image/ab6761610000e5ebebc22c0d21b0e64239896eb6
29,0s1ELavwiZMFYDL31VDJpx,Unlisted,none,Rolando,https://i.scdn.co/image/ab6761610000e5eb37b3a13edfcb9304913ad6ce
0,7j9quQ55VONzS08qHkhGAD,Unlisted,none,Willie Wonka,
0,5r8m3GwWfD0PaqEIGwLUqm,Unlisted,none,Earsley Young,
20,5NbhCycHGgUKZM6qg1DXj2,Unlisted,none,Cabbage,https://i.scdn.co/image/ab6761610000e5eba5c79083a88f780df5412b19
34,1789Un2gEvELbBTnHoS9Rl,Unlisted,none,Molly Drake,https://i.scdn.co/image/83e02935a38a48b49ab11cea406cb9bf979122dd
0,3TQZvGxO2ZyyW9zlbkgDJO,Unlisted,none,Mike Berry With The Outlaws,
27,721LNYldlmaLlKi0IQ5ClK,Unlisted,none,Little Man Tate,https://i.scdn.co/image/ab6761610000e5ebc5734a2299f56f276bd8af70
44,7w3PQ5symjpCqshjaLvFzA,Unlisted,raï,Alabina,https://i.scdn.co/image/ab6761610000e5eb4a2d9b994c6e3a21591252ac
1,7LQcFUQ3mYCZvLNrE2bOwc,Unlisted,none,Olimpia Splendid,https://i.scdn.co/image/ab6761610000e5ebdfe2f5031266db38a52bbcc3
7,5IQtbBmCk7x6ZJT6iqKZjF,Unlisted,none,Lake South,https://i.scdn.co/image/ab6761610000e5eb780a85c674d278e3780ab1c8
7,5vlwyqtCmDTLEnexaUmSPj,Unlisted,none,The Family Trio,https://i.scdn.co/image/ab67616d0000b273481f1bb1e28406aab0b0af42
13,1bHYBM8vK4M1znRYvaXxDs,Unlisted,none,Sam M. Lewis,
68,5F1aoppMtU3OMiltO8ymJ2,Unlisted,musicals,Hugh Jackman,https://i.scdn.co/image/e8f69e48f7ae80c6247fda3bf03d6155ae0d7282
0,1rg5kOYYRHiJh0bY6Jg51Z,Unlisted,none,Panda Gang,https://i.scdn.co/image/ab6761610000e5ebdd1af1f80bc350e2fcddf094
1,7x5WcBs5DBzzNK0qKjxuLI,Unlisted,cold wave,Uncanny Valley,https://i.scdn.co/image/ab6761610000e5eb1078758deb8f8f7b88fb087f
30,2uEZLTKbjB91a6V1xw65Xn,Unlisted,musicals,Charles Wood,https://i.scdn.co/image/ab67616d0000b2734fd415ba542eb8b39695ac58
65,1hJuGCUpefX24GFmss9bjH,Unlisted,none,Amy Macdonald,https://i.scdn.co/image/ab6761610000e5eb490e326b6e7e3eb9030520bf
55,7kCL98rPFsNKjAHDmWrMac,Unlisted,none,Nik Kershaw,https://i.scdn.co/image/ab6761610000e5eb68a6b441e694ee02110b44a1
0,5opaQp83cz08Eu8x3sjdIg,Unlisted,none,Mari,https://i.scdn.co/image/ab6761610000e5ebec5c7508ab857d010dc373ec
27,2PZsXHKjgpXg7tJoFr1fa6,Unlisted,none,Jeremiah Clarke,https://i.scdn.co/image/ab67616d0000b273169e74175288e1427bb830c4
29,5Rdhduu4Zo7gs9FOt6YKbo,Unlisted,none,I'm Blue,https://i.scdn.co/image/ab67616d0000b2731c42b93f217c02977ae4c5d0
51,1HOeqtP7tHkKNJNLzQ2tnr,Unlisted,none,Everything Everything,https://i.scdn.co/image/ab6761610000e5ebcc2117b88d7eb2f20249efed
83,2FXC3k01G6Gw61bmprjgqS,Unlisted,none,Hozier,https://i.scdn.co/image/ab6761610000e5ebad85a585103dfc2f3439119a
84,3YQKmKGau1PzlVlkL1iodx,Unlisted,none,Twenty One Pilots,https://i.scdn.co/image/ab6761610000e5eb61a7ea26d33ded218cd1e59d
42,3a2kXRGfli8ijGwuMoGjzx,Unlisted,none,Dnd Back,https://i.scdn.co/image/ab67616d0000b273de1510df500d844afb62fad0
39,2kjrM4RpZVRBHy3hjgJCr7,Unlisted,none,Felbm,https://i.scdn.co/image/ab6761610000e5eb3127780ea9ab41a65decc69c
57,6hV6oxGLeLFw17DGjIPkYD,Unlisted,none,Cosmo Sheldrake,https://i.scdn.co/image/ab6761610000e5eb3fb8d97d048bcafe658cf839
33,04nWjOBHWrVkvyjK4PXRNy,Unlisted,none,The Sweet Enoughs,https://i.scdn.co/image/ab6761610000e5eb9a105c78b0115419efbc3e8f
52,530BQdnWKWSFYjg8SKUGbN,Unlisted,none,Smoothe Sounds,https://i.scdn.co/image/ab6761610000e5ebd6de2b336aa54b1b50beb0fe
64,0ukgrNYk51TkMQr0f2Br4Q,Unlisted,none,Maverick Sabre,https://i.scdn.co/image/ab6761610000e5eb8d28bc19f7b2da51e9a07aba
11,5S7kHKrpKHvzpQSYw9SMx1,Unlisted,none,Harald Lassen,https://i.scdn.co/image/ab6761610000e5eb82552ba1f32db75bd119c1a5
71,63MQldklfxkjYDoUE4Tppz,Unlisted,none,M83,https://i.scdn.co/image/ab6761610000e5eb961ef259d6d8101edd2f80c0
24,3tUWjCgBpCvOfNSLIAEh4p,Unlisted,none,Brian Green,https://i.scdn.co/image/ab67616d0000b27376dd07b8b88d5c43be79ceaf
35,02Bl8I5jXlMRfDSL5swBOm,Unlisted,none,Fever the Ghost,https://i.scdn.co/image/ab6761610000e5eb1f410dae774ba4d8f3d99f94
12,2uanrLTaDz0PMCuuO2X9qz,Unlisted,none,90s allstars,https://i.scdn.co/image/ab6761610000e5eb7fff2629abaf89e8fb7be38f
64,6urkHDoIVO1WO8vNIwcJmM,Unlisted,none,Die Antwoord,https://i.scdn.co/image/ab6761610000e5ebde65d63cd6689743aeb6479f
46,4LlDtNr8qFwhrT8eL2wzH4,Unlisted,none,The Hoosiers,https://i.scdn.co/image/ab6761610000e5eb2b4cbd463c1105f3f31b29e3
41,3niqfoc7C6lIeCNVz8iZYE,Unlisted,none,Framing Hanley,https://i.scdn.co/image/ab6761610000e5ebb24e1914e0003ab74fbcacc3
69,0RqtSIYZmd4fiBKVFqyIqD,Unlisted,none,Thirty Seconds To Mars,https://i.scdn.co/image/ab6761610000e5eb5307a8a358283efe769d9c2a
27,0wp7cYNFjMgSHBDdla5aC9,Unlisted,none,The Rock Heroes,https://i.scdn.co/image/ab6761610000e5ebe61d05c2b3969647a1ac2169
9,4GGQ9sWnfMReWopmoSIJvy,Unlisted,none,AVID All Stars,https://i.scdn.co/image/ab67616d0000b273cadbdceabe444bfb0635241a
1,0G16sYbfz4wwNzol28NPek,Unlisted,none,Chrome Dreams - Audio Series,https://i.scdn.co/image/ab67616d0000b2730eb4f7c743b6c554918a52fc
0,080dCBWq5ulciKGB7jIFp5,Unlisted,none,The Derelicks,https://i.scdn.co/image/ab67616d0000b273a2c446d816488774444f4207
57,4lianjyuR1tqf6oUX8kjrZ,Unlisted,italian singer-songwriter,Franco Battiato,https://i.scdn.co/image/5e2670b5f3fc6a2451eddf069e6cedd8844e3c3f
73,5TYxZTjIPqKM8K8NuP9woO,Unlisted,none,C. Tangana,https://i.scdn.co/image/ab6761610000e5ebdfb9d2cb6a43021d9002a10e
76,5Pb27ujIyYb33zBqVysBkj,Unlisted,none,RÜFÜS DU SOL,https://i.scdn.co/image/ab6761610000e5ebdbe0d58f538b7d18e324af5e
50,6pGuw52TrX5SZPdQSxAvgW,Unlisted,none,Vulfmon,https://i.scdn.co/image/ab6761610000e5ebd83e60b900262d1aca819895
91,0du5cEVh5yTK9QJze8zA0C,Unlisted,none,Bruno Mars,https://i.scdn.co/image/ab6761610000e5ebc36dd9eb55fb0db4911f25dd
14,2tv6O8zjBzrhl1DCKcrzXz,Unlisted,none,Tom Sochas,https://i.scdn.co/image/ab6761610000e5ebfeb99e7ba38417cd664d8819
51,2VlmDb05CPERyCZfmZI3x7,Unlisted,none,Dogpark,https://i.scdn.co/image/ab6761610000e5ebc8370c45a235c7f74b813d5e
27,08p5D6BYuwPqGsFuIDLNFr,Unlisted,none,Another Sky,https://i.scdn.co/image/ab6761610000e5ebb68272fc027bef7327f1feb2
78,2qk9voo8llSGYcZ6xrBzKx,Unlisted,none,Kings of Leon,https://i.scdn.co/image/ab6761610000e5eb5e97fb0c8918ed67408f9edc
48,5p00nwfrUcZvA9WbXZeQOk,Unlisted,none,moondoggy,https://i.scdn.co/image/ab6761610000e5ebda5e09e1421fb323d8a974dc
33,6DEkxQm6GxNV26tUMfVf6c,Unlisted,none,Daniela Pes,https://i.scdn.co/image/ab6761610000e5ebd7741e47118f70be04d108c3
53,2FKnkloMDcNrUeLDfQJf8i,Unlisted,none,West 22nd,https://i.scdn.co/image/ab6761610000e5eb04e751498cba739d4c00c018
44,0WmzT6tMLhdST5BfYagbha,Unlisted,none,Mort Garson,https://i.scdn.co/image/ab6772690000c46cdb966fe52d2de3313d8d10e0
49,3pIwImfumJioKb0zHHP61x,Unlisted,none,Joe P,https://i.scdn.co/image/ab6761610000e5eb74e16f9edd5695c91d9e777f
53,4iyP4VOGOLzbt2Vxcyu6zG,Unlisted,none,Winyah,https://i.scdn.co/image/ab6761610000e5eb5237bb6671a351537c465595
81,3wcj11K77LjEY1PkEazffa,Unlisted,afrobeats,Burna Boy,https://i.scdn.co/image/ab6761610000e5ebb4e44d0f4e3e47af2cf06f3f
39,5O1lGG6g24rGOcnDHxyumK,Unlisted,none,HOWL,https://i.scdn.co/image/ab6761610000e5ebae6320735796456a9f45ef19
46,3XrRt4tc8xQk7ANDbJjZsv,Unlisted,jazz beats,Berezy,https://i.scdn.co/image/ab6761610000e5eb0bf743f28056c97f821dd01a
41,6QdTv5ondFNAz1tdwVy3gP,Unlisted,jazz beats,Prime8,https://i.scdn.co/image/ab6761610000e5eb039ef995dcc6c870e925af91
39,0txJ9PYLXPk2Ojegw5Ty9X,Unlisted,jazz beats,DYVN,https://i.scdn.co/image/ab6761610000e5eb1f1289e2194eea32fd3b0d55
41,33FKoUeAEFuzVHGBd9IhcL,Unlisted,lo-fi hip hop,Mindeliq,https://i.scdn.co/image/ab6761610000e5eb9fe31d2f30cedb8208dff594
34,2keywPnpoD1RhMrs2Qrrsj,Unlisted,none,naran ratan,https://i.scdn.co/image/ab6761610000e5eb184028d1cdaff75b7519566d
42,1rf7mhYS4XdsOEQHXhlpbs,Unlisted,none,Stuart Chatwood,https://i.scdn.co/image/ab6761610000e5eba40b5d728b3c4a641988cb4a
58,5Mq7iqCWBzofK39FBqblNc,Unlisted,none,Jessie Ware,https://i.scdn.co/image/ab6761610000e5ebdcbf8b16eaea624592b29a35
33,4hzW2Vlxpq0gQRA6Dbqihj,Unlisted,none,Royal Philharmonic Orchestra conducted by Louis Clark,https://i.scdn.co/image/ab67616d0000b27327f73e733b2c289ab8e52339
15,5i74r8NAl9N4v6S3C9mgcc,Unlisted,none,Stephen Steinbrink,https://i.scdn.co/image/ab6761610000e5eb9bbc8d4d55a615b18b0b2aba
27,3ey9OSASkq8HNPh0u7jjfO,Unlisted,none,Horsey,https://i.scdn.co/image/ab6761610000e5ebc1dabb004889003c5b96962d
64,1hLiboQ98IQWhpKeP9vRFw,Unlisted,none,boygenius,https://i.scdn.co/image/ab6761610000e5eb1a6373c01e8b86e289859f57
56,74gcBzlQza1bSfob90yRhR,Unlisted,none,City and Colour,https://i.scdn.co/image/ab6761610000e5eb6f6ab205b00d577d11283cf7
39,3zcRSyyzkg8qI2WPvXLaek,Unlisted,jazz beats,Matt Wilde,https://i.scdn.co/image/ab6761610000e5eb7467b8d163cfbc96a0cf6dd4
27,3NSm1Gs94hozMxnhPbGPZi,Unlisted,none,Funktown America,https://i.scdn.co/image/ab67616d0000b273d9406e4a2c192d916434384c
53,4fSMtiyC6lF5BUO1tUMWMs,Unlisted,none,Kevin MacLeod,https://i.scdn.co/image/ab6761610000e5eb4dcddba215809727c04aa897
39,4YWdRbOI5cjXB8Ffxf3efA,Unlisted,jazz beats,Erik von Spreckelsen,https://i.scdn.co/image/ab6761610000e5eb13cc2889865a605bd81ff5e4
41,2yS9Ixr0a7wHxb0dpEvc2j,Unlisted,jazz beats,Clifford,https://i.scdn.co/image/ab6761610000e5ebf2cbc78854ce8a2cd193d73d
34,6qTT8S45Tb3MkbEuvuqjwF,Unlisted,lo-fi hip hop,Colombo,https://i.scdn.co/image/ab6761610000e5eba9e40035030f4fefe4411cb5
56,41AbNVba2ccpmcc9QtOJE7,Unlisted,none,Kings of Convenience,https://i.scdn.co/image/ab6761610000e5ebee085e8fca475f2b6a318df9
61,6ignRjbPmLvKdtMLj9a5Xs,Unlisted,japanese indie,Ichiko Aoba,https://i.scdn.co/image/ab6761610000e5eb0492fac92c61b57890860332
95,1Xyo4u8uXC1ZmMpatF05PJ,Unlisted,none,The Weeknd,https://i.scdn.co/image/ab6761610000e5eb9e528993a2820267b97f6aae
16,0Cnm8auC7102ya3P046hg2,Unlisted,none,Laure Chan,https://i.scdn.co/image/ab6761610000e5eb7c29f7f840f68ba115dc9244
22,79jWcvPWYWf0kP8x2lticG,Unlisted,none,Demian Dorelli,https://i.scdn.co/image/ab6761610000e5eb160b6843e8f0b7ae6e25c29f
49,7kSP0XY1UueKCMOGJhIV9N,Unlisted,none,Masakatsu Takagi,https://i.scdn.co/image/ab6761610000e5eb8e4d414953fe6e1fe37cca1e
48,28EyduqESEOVMO6vglvaUZ,Unlisted,none,Joesef,https://i.scdn.co/image/ab6761610000e5eba234089a1a7d7331b37483f2
43,38CPjAAqYV8lTYi6clzbjG,Unlisted,none,Gábor Szabó,https://i.scdn.co/image/ab6761610000e5eb3186c7c4749a84a5071a24bb
58,47izDDvtOxxz3FzHYuUptd,Unlisted,none,McFly,https://i.scdn.co/image/ab6761610000e5eb269b088b81c56f66ec2cfb85
62,30DhU7BDmF4PH0JVhu8ZRg,Unlisted,none,Sabrina Claudio,https://i.scdn.co/image/ab6761610000e5ebf96dc99bcc118fefa5414ee9
44,0QalUUx2C9F1PGbfQVcHAd,Unlisted,none,Kaelin Ellis,https://i.scdn.co/image/ab6761610000e5eb3918f1c5e1d08af8f17f3091
71,59oA5WbbQvomJz2BuRG071,Unlisted,none,Jungle,https://i.scdn.co/image/ab6761610000e5eb21f6e9ccd576bb2ef541a3fe
39,6dZAVi5PugDwlAnH8KMEGl,Unlisted,none,Video Games Live,https://i.scdn.co/image/ab6761610000e5ebb8af898a2ca4cea6952a92b7
28,76j3sOQJRcbEwdyvAxTl3E,Unlisted,none,AF13,https://i.scdn.co/image/ab6761610000e5ebb357bdd82e61d64d43fd0403
14,2tYp7DE60TXJCdsdZVw1ph,Unlisted,none,Vic Mars,https://i.scdn.co/image/ab6761610000e5eb7044224e535939654cfb79f4
63,2RVvqRBon9NgaGXKfywDSs,Unlisted,none,Maisie Peters,https://i.scdn.co/image/ab6761610000e5ebdf349c55b3dce4a9c2da505d
27,5zDUidkda0GoYHu2vMr3G2,Unlisted,none,Anna Meredith,https://i.scdn.co/image/ab6761610000e5ebc406a6dbb32c029cad6c6ff8
4,3eMQfT0YIOZwTtZdxK1tYR,Unlisted,none,Eric Reed,https://i.scdn.co/image/ab6761610000e5ebc4096552f73272d8ce01780d
76,6lcwlkAjBPSKnFBZjjZFJs,Unlisted,none,Alex G,https://i.scdn.co/image/ab6761610000e5ebcfa32469a372188d27bd17b7
32,3PTfq1DY4qdmJaIySsHinw,Unlisted,none,Barcelona Gipsy Klezmer Orchestra,https://i.scdn.co/image/ab6761610000e5eb4c93c5a658f222d1502758fa
0,2ZIVXCxZt1Pjbp42dOgXSA,Unlisted,none,Yelena Eckemoff Quintet,https://i.scdn.co/image/ab6761610000e5ebb05108f48ca5a4b0ec06cb60
48,4lCsf6uYTVnWSKm99eKkdY,Unlisted,none,Seekae,https://i.scdn.co/image/ab6761610000e5eba873e66600c0ed251d3643ab
6,2VUNVm36k2gAXHp8eGWXRi,Unlisted,none,William Soovik Grand Finale,https://i.scdn.co/image/ab6761610000e5eb647f4063afbf02ee0e425778
18,3ZXld6SkmayTEPuJygbwy6,Unlisted,none,Chattanooga Trio,https://i.scdn.co/image/ab67616d0000b2738f0a7bb4e4c9789388272176
60,7vo2Hl0NDiBr6GcyGDSLFZ,Unlisted,none,Jack Jezzro,https://i.scdn.co/image/ab6761610000e5ebda09d5911725968f3151c577
30,79PWBQ4rekAQItLBfqIdzl,Unlisted,none,Gabriel Latchin Trio,https://i.scdn.co/image/ab6761610000e5eb02d01681426f48a5ffe9b2e6
50,4TbtUt49IMXEIMmNdifHb1,Unlisted,musicals,Stephen Sondheim,https://i.scdn.co/image/97b2e7b07036ba437d322b38153078d62b1c7390
0,7uyIXbJA9hxvDK2NSljTrd,Unlisted,none,FlyByNo,
23,04028XCsu1NbFcypg2g559,Unlisted,none,Josh Whelchel,https://i.scdn.co/image/ab6761610000e5ebfe6da85c381a8138a8e59423
67,7x5rK9BClDQ8wmCkYAGsQp,Unlisted,none,Paolo Nutini,https://i.scdn.co/image/ab6761610000e5eb5b30c7c50a4dc96f5d5872d5
69,56oDRnqbIiwx4mymNEv7dS,Unlisted,none,Lizzo,https://i.scdn.co/image/ab6761610000e5eb2f0129f850e50486a7c849b8
67,5T0MSzX9RC5NA6gAI6irSn,Unlisted,none,Estelle,https://i.scdn.co/image/ab6761610000e5eb253991558853fd60bd319a34
66,1yNIb413Bmfs2ZBVuPp9kC,Unlisted,none,Jack Stauber's Micropop,https://i.scdn.co/image/ab67616d0000b273d88cb736e807e83fbe7b2882
71,4dwdTW1Lfiq0cM8nBAqIIz,Unlisted,folk pop,Of Monsters and Men,https://i.scdn.co/image/ab6761610000e5ebe4dd88af4c7ea59464728229
11,4JK0gLRmOFIZ7MbVtdoIxF,Unlisted,none,Otto Mortensen,https://i.scdn.co/image/ab67616d0000b273d48f32399127ba2c7f168cb2
0,25KpJDHxiSkPNLzQnikwzT,Unlisted,none,Tonträger,
60,1vVHevk2PD45epYnDi9CCc,Unlisted,none,Jack Stauber,https://i.scdn.co/image/ab67616d0000b273d2b66d95bccbf64354358612
42,4AksvCnkZaQoTu1nJr62Db,Unlisted,none,The Feeling,https://i.scdn.co/image/ab6761610000e5ebe2e51347a3a0c92b593f482a
30,4oSmVew9F141WbSWJTZZF4,Unlisted,none,Black Dyke Band,https://i.scdn.co/image/77385ca23f4170ca633c7530193c44a522560ddb
31,5D9DTI3Knr64lYa3zDCpB7,Unlisted,none,Trash Panda,https://i.scdn.co/image/ab6761610000e5ebe1f28733f0fc9bea32a0b152
48,65ZGdYSRT3Rmv6P7DN4XCC,Unlisted,lo-fi hip hop,Pandrezz,https://i.scdn.co/image/ab6761610000e5eb1a1eda85c4f9443c91e0f307
34,6rQ91q7SWnpMA337zOEupl,Unlisted,none,Massimo Colombo,https://i.scdn.co/image/ab6761610000e5eb54123a1cc70d88ffc480ef80
43,72rZmJbRFSY6IFJAysfOdr,Unlisted,none,Too Many Zooz,https://i.scdn.co/image/ab6761610000e5eb12719ddd9ce2ad37b0223401
0,4MpC29z5Qh5dAfTGXJ9jb7,Unlisted,none,"Tommy Flanagan, Ron Carter & Tony Williams",
26,1dJK5mJIA9ABSRKgYOXYDv,Unlisted,none,Zequinha De Abreu,https://i.scdn.co/image/ab67616d0000b273a1cd65a50300d6140ce7a1b4
34,5u17bcLy3Geti3XAx7gSr8,Unlisted,none,Emil Brandqvist,https://i.scdn.co/image/ab6761610000e5ebf70ece8ad0fca4235321928f
0,61ABKqhBpwJI7qynjyhbY2,Unlisted,none,Cloudboy,https://i.scdn.co/image/ab6761610000e5eb03b0cdeb5c0c334e02219dda
5,1h1ehhJYPZwZUyLS5By30j,Unlisted,none,Giuseppe Maria Cambini,https://i.scdn.co/image/ab67616d0000b27335422ff6bcab663ddc0ca025
48,4C7NcNb9V6lakzMGHQlm8i,Unlisted,lo-fi hip hop,Tom Doolie,https://i.scdn.co/image/ab6761610000e5eb467b1ce0f5285ae8bfd827f9
48,3chQixmxhv9UmwQc8aBApA,Unlisted,lo-fi hip hop,DLJ,https://i.scdn.co/image/ab6761610000e5ebda2b6db8854cf1af3ac12cc1
15,7020unNKMZwcguGCSxtGTJ,Unlisted,none,Franz Strauss,https://i.scdn.co/image/ab67616d0000b273c45cab1f714166eb69e11ddb
52,0ikgHu560bYMZOOXFQnRLN,Unlisted,lo-fi hip hop,Nokiaa,https://i.scdn.co/image/ab6761610000e5ebd2c6768ed10e787307c19008
33,3EsHwqnc7kaHpK8oF27uNM,Unlisted,none,Frank Ticheli,https://i.scdn.co/image/ab67616d0000b2737e20673b00564a3dad2acc75
0,4chwotV7fxiav6owYfXzcW,Unlisted,none,Brad Warnaar,
40,2BSv9udyrO0Mm0ckZAkQSI,Unlisted,j-r&b,TOSHIKI HAYASHI(%C),https://i.scdn.co/image/ab6761610000e5eb2de0519928a614094e50fae0
75,2mpeljBig2IXLXRAFO9AAs,Unlisted,none,Dido,https://i.scdn.co/image/ab6761610000e5ebf36e7b59cdaa0df8bee8e63f
0,4q1kcXrQQqUXvPkmJqKs6G,Unlisted,none,Giacomo Panizza,
35,4gkhq1EjcLZjP60fbvOyJT,Unlisted,lo-fi hip hop,emune,https://i.scdn.co/image/ab6761610000e5eb9eaea4ef29e29e8a5da1c526
13,4abFxakbctOvcH4kwan0ET,Unlisted,lo-fi hip hop,Lungfulls,https://i.scdn.co/image/ab6761610000e5eb3dae36e0849adb23738f79a4
53,2wpJOPmf1TIOzrB9mzHifd,Unlisted,none,Scouting For Girls,https://i.scdn.co/image/ab6761610000e5eb4a65fb59df4f6b05f924ee13
25,7mFjcuFvOr6TzHj0cqLX3J,Unlisted,lo-fi hip hop,deadxbeat,https://i.scdn.co/image/ab6761610000e5eb30c3d91533271f373e0fc32a
38,3E6Tbv49KoKnCoGqHJHQGx,Unlisted,none,Felix Laband,https://i.scdn.co/image/ab6761610000e5eba9001ed034892fd74655dd3a
60,46CitWgnWrvF9t70C2p1Me,Unlisted,none,Daughter,https://i.scdn.co/image/ab6761610000e5eb0df313bc99b24276ea978437
15,3iUfk0rE0niRdZQlKWijVc,Unlisted,none,Henri Tomasi,https://i.scdn.co/image/ab67616d0000b273268485cea187b04e762330db
87,53XhwfbYqKCa1cC15pYq2q,Unlisted,none,Imagine Dragons,https://i.scdn.co/image/ab6761610000e5ebab47d8dae2b24f5afe7f9d38
86,77SW9BnxLY8rJ0RciFqkHh,Unlisted,none,The Neighbourhood,https://i.scdn.co/image/ab6761610000e5ebdf0b5ac84376a0a4b2166816
1,5q3WbX6QOXHhu9JMVN4Vrh,Unlisted,none,Alexey Gorokholinsky,https://i.scdn.co/image/ab67616d0000b2732d8db73e74f74a2e93d60925
45,3Y7Y2CNmpI13IevU3PuzCa,Unlisted,none,Esbe,https://i.scdn.co/image/ab6761610000e5ebf9e7883a4ed6899cee165765
9,6zi8TxFp3yLOlGfJ8HjUMJ,Unlisted,none,Giulio Briccialdi,https://i.scdn.co/image/ab67616d0000b27353668ef7e0736924349875e7
38,6vXJ4kIg2HlqsSfX3S1RHV,Unlisted,none,Mtbrd,https://i.scdn.co/image/ab6761610000e5ebfaf3420b4188d42c0ba703c9
77,3mIj9lX2MWuHmhNCA7LSCW,Unlisted,none,The 1975,https://i.scdn.co/image/ab6761610000e5eb0c6e752cbb1e6d1416970f5a
48,0vW8z9pZMGCcRtGPGtyqiB,Unlisted,none,The Maccabees,https://i.scdn.co/image/ab6761610000e5eb31a17f61b4376813e495f2ef
58,6VDdCwrBM4qQaGxoAyxyJC,Unlisted,none,Cold War Kids,https://i.scdn.co/image/ab6761610000e5eb27ea8d74714b23fa9e116f91
67,5SbkVQYYzlw1kte75QIabH,Unlisted,none,Gnarls Barkley,https://i.scdn.co/image/03e8855382d21e1cbf8172c03001ab8847889f38
40,1fy3AQc7grjf5LnCd7snSg,Unlisted,none,The View,https://i.scdn.co/image/ab6761610000e5eb2e5af35098af56ec2a6e2747
68,07QEuhtrNmmZ0zEcqE9SF6,Unlisted,none,Owl City,https://i.scdn.co/image/ab6761610000e5ebce3fbd73ae4f8b3ff54a0a5c
50,0aA1GTrIMutjIh4GlPPUVN,Unlisted,none,Crooked Colours,https://i.scdn.co/image/ab6761610000e5ebab12b7d5bbb659d764896e9a
70,4W48hZAnAHVOC2c8WH8pcq,Unlisted,none,The Temper Trap,https://i.scdn.co/image/ab6761610000e5eb6a87f14ae59aa170f7e75c67
16,04weGKj3nAChyEmS9RFF5y,Unlisted,none,The Crookes,https://i.scdn.co/image/ab6761610000e5eb393ed2ba18ca8b7d4850c460
68,0MeLMJJcouYXCymQSHPn8g,Unlisted,none,Sleeping At Last,https://i.scdn.co/image/ab6761610000e5ebef7d865b0415af87357244d0
60,46lnlnlU0dXTDpoAUmH6Qx,Unlisted,none,Lou Bega,https://i.scdn.co/image/ab6761610000e5ebcbe7ddc503fe3f14a2a56ac7
12,3ia6j650xRxCe4qrK1iHc7,Unlisted,none,Danish Concert Band,https://i.scdn.co/image/ab67616d0000b2739748bbf2cbc1af29d0663c44
26,4Y2OXwc53GsYa1MT3R17bR,Unlisted,none,David Maslanka,https://i.scdn.co/image/04c1053bf3bf54f03bdb27f37e4426f4f6711cfd
66,4mYFgEjpQT4IKOrjOUKyXu,Unlisted,none,Wheatus,https://i.scdn.co/image/ab6761610000e5ebe8c1fc6fd187531a90190cc3
0,4Tzurz32tX5O2t2c6DH6q8,Unlisted,none,Hesselager/Tagel/Laub,https://i.scdn.co/image/ab67616d0000b273967f37c5e51ef247ed1f9630
0,1Owa4pZksoHsviEiMl3v72,Unlisted,none,Adrien Barthe,https://i.scdn.co/image/ab67616d0000b2737b894d2d2c8c8d64bce2cc72
66,2iEvnFsWxR0Syqu2JNopAd,Unlisted,none,Smash Mouth,https://i.scdn.co/image/ab6761610000e5ebd58661b3aa9d077580e8aa4e
66,5MmVJVhhYKQ86izuGHzJYA,Unlisted,none,MIKA,https://i.scdn.co/image/ab6761610000e5eb303c632c4354bdf8c79fb0f9
41,3xnfpcM4DC9zeHVuDhYICB,Unlisted,none,Sandi Thom,https://i.scdn.co/image/ab6761610000e5eb9cdd94f268fdbb970b8aa36e
28,3KSFGteIQYY5pgE3veclRk,Unlisted,none,Jacques Ibert,https://i.scdn.co/image/e67ad49e79be386941206a656ca2111dc0645108
57,3Z6IRCo7umuk8K2XQy0ZDj,Unlisted,none,Busted,https://i.scdn.co/image/ab6761610000e5eb1f807c6862ea43ef0f32c6dc
35,6evVLxWyiwmi8gDtHn1Vzx,Unlisted,none,Percy Grainger,https://i.scdn.co/image/b43c570dd3475eb92f417edb7bc9026db11c2179
58,1dPl8axUL09mso0myZqPZW,Unlisted,christian,Matt Maher,https://i.scdn.co/image/ab6761610000e5ebdc34f6881ea7bb98d67b7e02
0,2PWoNv5iCSDLx8kUiiz6PB,Unlisted,none,Barthe,
31,1lnFWpIiCiSMEWjLgLwBpa,Unlisted,none,The Gypsies,https://i.scdn.co/image/ab6761610000e5ebd7ebc759a2632b87c81b13cc
38,6R2JGjQ4DM6iCPUAbhjnKZ,Unlisted,orchestral,Arturo Márquez,https://i.scdn.co/image/ab67616d0000b27372935f98b7dbed3382a14eab
83,1yxSLGMDHlW21z4YXirZDS,Unlisted,none,Black Eyed Peas,https://i.scdn.co/image/ab6761610000e5ebb3037310c07b99cbefbd2c6d
68,26bcq2nyj5GB7uRr558iQg,Unlisted,none,Survivor,https://i.scdn.co/image/da30acd2c9d0f32f5f5a2d69f32c2d30335466b5
62,2yEkZBBjhzKzt6LF5XMaFi,Unlisted,none,Blue,https://i.scdn.co/image/ab6761610000e5ebc64dab450576efdc4f710751
57,1ctkBmvz80MGyi72Ix055S,Unlisted,none,Alex Turner,https://i.scdn.co/image/ab67616d0000b273672951d44a35cb08092f2c1f
31,1jYMGPJD48WOoXpOZFqW2J,Unlisted,none,The Blanks,https://i.scdn.co/image/ab67616d0000b27313458e09a84b70174a87cbb5
44,2U6gqwyl9F33YxawnFrZG7,Unlisted,none,Will Young,https://i.scdn.co/image/ab6761610000e5ebbde70eebceea8bb2c2ddcc76
4,6a85BeEO8C9G7kHBnhqjxa,Unlisted,none,"Arthur Sullian, arr. Philip Lawson",
92,5pKCCKE2ajJHZ9KAiaK11H,Unlisted,none,Rihanna,https://i.scdn.co/image/ab6761610000e5ebcb565a8e684e3be458d329ac
64,2R57sY41L9XvGPiIgHOaYq,Unlisted,none,The Pretty Reckless,https://i.scdn.co/image/ab6761610000e5ebe47281f2be70ada41b934a71
65,5ILrArfIV0tMURcHJN8Q07,Unlisted,none,Vanessa Carlton,https://i.scdn.co/image/ab6761610000e5ebe4522126af4bd78d7d357c7a
41,1WMefLQmpHuCUcDfMcavIo,Unlisted,space music,Sam Hulick,https://i.scdn.co/image/ab6761610000e5eb79de3f6eb23cf88e9346c89c
71,6wPhSqRtPu1UhRCDX5yaDJ,Unlisted,none,The Pussycat Dolls,https://i.scdn.co/image/ab6761610000e5eb292575f7d081016e04dff9ee
74,7EQ0qTo7fWT7DPxmxtSYEc,Unlisted,none,Bastille,https://i.scdn.co/image/ab6761610000e5ebf357b48e4344812b4e3c336f
82,21E3waRsmPlU7jZsS13rcj,Unlisted,none,Ne-Yo,https://i.scdn.co/image/ab6761610000e5ebca118e3822061f7b7f6bc537
66,5P5FTygHyx2G57oszR3Wot,Unlisted,none,Daughtry,https://i.scdn.co/image/ab6761610000e5ebf443a26b22e52c3b3867753d
76,6Xb4ezwoAQC4516kI89nWz,Unlisted,none,Imogen Heap,https://i.scdn.co/image/ab6761610000e5eba3008186ba04a1440151a939
62,6MERXsiRbur2oJZFgYRDKz,Unlisted,orchestral,Vitamin String Quartet,https://i.scdn.co/image/ab6761610000e5ebd98b55075a362aff6356cf01
34,4v4qHupYi7eRJfkniHrp4Z,Unlisted,none,Young Guns,https://i.scdn.co/image/ab6761610000e5eb8af4d225df899c194fb359be
32,4NI9CJ8mj82jBvMLSen16L,Unlisted,none,Innerpartysystem,https://i.scdn.co/image/ab67616d0000b273cfbba16edef5729fd2bd587b
6,7hEKvWEmJAJklJP29u5gNF,Unlisted,none,D-Me,https://i.scdn.co/image/ab67616d0000b273206add64bb8e965da0a90784
19,2Q1FIPavG8WZF33kqIP3sy,Unlisted,none,Bo Bice,https://i.scdn.co/image/90c9b85742f71c9d62b62866022b27476c9636cf
53,4KkHjCe8ouh8C2P9LPoD4F,Unlisted,none,Yolanda Be Cool,https://i.scdn.co/image/ab6761610000e5ebd24473f20f5bc3fe72811019
36,7IZcg74X6CKzf0SfRliRrB,Unlisted,none,The Automatic,https://i.scdn.co/image/ab6761610000e5eb5d7e4829f8fc3cbf4fbe2812
22,0ucpA79hkvtJ2qtPv1yXVm,Unlisted,none,The Holloways,https://i.scdn.co/image/ab6761610000e5eb76881ffa3da26d3cd76f3bc6
38,5zgc8pooHxd4un0F49YaCJ,Unlisted,none,Orson,https://i.scdn.co/image/d7ef83b48812646a395776b4a43272651b8816c3
14,1J8323OTGEkoRXqSnqyhfi,Unlisted,none,Wing,https://i.scdn.co/image/ab67616d0000b2733ccee65bf3d3872e00023f12
32,7HorCYRsMBxPIRFYQE4Ch9,Unlisted,none,Nizlopi,https://i.scdn.co/image/ab67616d0000b273cd575618c46d3acb3f57c137
49,20bAxKr0YrCvceZeLqs37e,Unlisted,none,Nomy,https://i.scdn.co/image/ab6761610000e5eb7b3a90c34bfbf3b539fab10b
45,76PJKS3IQsf4sSayx2taE0,Unlisted,none,The Hit Crew,https://i.scdn.co/image/ab67616d0000b273ae460d0bd6af751d0cfb6808
0,7FNogofJpD769gdAzon4mE,Unlisted,none,Acoustic Sinners,https://i.scdn.co/image/ab67616d0000b2736eec9e495d3f721d4e3ab8a1
0,4RU4PBiVMtMHJje8dm82sY,Unlisted,none,The Righteous Mothers,https://i.scdn.co/image/ab67616d0000b27306b7087f90f5785f0eae0b19
24,5CZ7oUAqi1RHO1hO5AJ6GH,Unlisted,none,Studio Group,https://i.scdn.co/image/ab67616d0000b2737be72cc6141db0d045715d64
40,2Au2mS47rMRkqbU4XJqKMh,Unlisted,none,Bedouin Soundclash,https://i.scdn.co/image/ab6761610000e5ebf77ad5f32c9a84b6a825465d
0,0LyfQWJT6nXafLPZqxe9Of,Unlisted,none,Various Artists,https://i.scdn.co/image/ab6761610000e5eb6b134287e3095d2c84b7932a
1,5ckUpQOA0v2WQNoA9DbyJT,Unlisted,none,Gothicacoustic Ensemble,
19,11aACuN3aQyugieZON4FSA,Unlisted,none,Easy Karaoke Players,https://i.scdn.co/image/ab67616d0000b27306263e31b40b7cfc98be4779
17,2s7R5INBvAebNLGZFOjjfZ,Unlisted,none,Peel,https://i.scdn.co/image/ab6761610000e5eb20a9e9a292fdc02718197d47
49,31SBgHxc8eqZUk9MdveH42,Unlisted,none,PREP,https://i.scdn.co/image/ab6761610000e5ebcabecb25d5ca0431ed55758a
85,33qOK5uJ8AR2xuQQAhHump,Unlisted,none,Teddy Swims,https://i.scdn.co/image/ab6761610000e5ebf9cf783eb03eb66aa43943ba
40,0d4OObbLXdSSO2suAeC4jk,Unlisted,none,Night Cap,https://i.scdn.co/image/ab6761610000e5eb39dd940c32f11cbd44416e64
39,3xc0dLvxU2nAYefEJdDVBw,Unlisted,none,Never Ending Fall,https://i.scdn.co/image/ab6761610000e5eb9cd6e8bfc1ccc2ce904542be
35,2dNInv9DAqXZhseHpSHbV6,Unlisted,none,Creature Canyon,https://i.scdn.co/image/ab6761610000e5eba3de46e917518ab9c17fdfef
38,5PRMHOXRr1ePaWNuA8JJ8p,Unlisted,jazz beats,what is ?,https://i.scdn.co/image/ab6761610000e5eb9d07004f0442df085fd467d7
11,0Z9mBVXA1TwmOpN6AP8wFy,Unlisted,cold wave,Maria Violenza,https://i.scdn.co/image/ab67616d0000b273b97914488791b250bd69498a
62,42FzVuyJH8YbkhzWSR2n8E,Unlisted,none,almost monday,https://i.scdn.co/image/ab6761610000e5eb76229f377eac78b8cfe6ffdf
40,2A8lfnul2PK2wGs1Rgsb95,Unlisted,none,Yom,https://i.scdn.co/image/ab6761610000e5ebdf0266169a781a6e091ffe8d
45,3I1bugBTEN3jESl6XJqQ3d,Unlisted,none,Noshows,https://i.scdn.co/image/ab6761610000e5eb90673ab8dc43104c98bf396b
31,1EoYANOJzjAhHD0ChMfn0G,Unlisted,none,Telula,https://i.scdn.co/image/ab6761610000e5ebf34887a87b16107ce0aa08c2
35,34nBPbcVc9F9eizQC4a5aT,Unlisted,none,Spector,https://i.scdn.co/image/ab6761610000e5eb73184a8238c6c6dabfe62062
44,2g2HWripkxzRZDZJ4KTBSB,Unlisted,none,Rebounder,https://i.scdn.co/image/ab6761610000e5ebbe3846f0eef506400091a3e6
45,1kL35cnfsVSfKJ6xLk0K9f,Unlisted,none,Cardinal Bloom,https://i.scdn.co/image/ab6761610000e5eb11adc50bde76991169a9531e
60,5LvRazQ7EDZLfQU4HYc6XF,Unlisted,none,honestav,https://i.scdn.co/image/ab6761610000e5eba2e6a2b06ef06a29f28dd2f8
44,1FZjz1inMOV25Hbl4scRTN,Unlisted,none,Russell Brower,https://i.scdn.co/image/ab6761610000e5eb9ba6f8bb65202f9709954101
29,7cjb7yHEV4SCYohr9q48Xd,Unlisted,none,Juan Pablo Garcia,https://i.scdn.co/image/ab6761610000e5eb41b47c4591364f7199dfbfb5
35,2ATweaQe83QUQVjM8LMh7J,Unlisted,none,Gengahr,https://i.scdn.co/image/ab6761610000e5ebd5394e4f5dd5f89ef33d0225
34,3t3q007skKvwNaodwZx8W8,Unlisted,none,Hamish Hawk,https://i.scdn.co/image/ab6761610000e5ebe9e7e5a5b16001f79934d749
27,11TpYQQbNIsB5W9dvakmjy,Unlisted,none,DJ Ryow a.k.a. Smooth Current,https://i.scdn.co/image/ab6761610000e5eb1a369b2404a07aa7a2af910e
54,5WJCUSIw2Td5IEfa3LXCo9,Unlisted,none,Ax and the Hatchetmen,https://i.scdn.co/image/ab6761610000e5eb849791b5287ffbb927324e98
48,4us4NMG5wuqdUZvthZrj0Q,Unlisted,none,Militarie Gun,https://i.scdn.co/image/ab6761610000e5ebc27ceb64e5f5c457a6f34a00
60,4XbnhifKeOnyfTsCInrQsX,Unlisted,lo-fi hip hop,No Spirit,https://i.scdn.co/image/ab6761610000e5ebfc1279efe2524dd77279951f
0,4nkwZmFXE2JBh50Oh8SfC5,Unlisted,none,The World Of Brass Ensemble,
49,5nljYdfvafyRYs5soqzJ1U,Unlisted,jazz beats,Monocloud,https://i.scdn.co/image/ab6761610000e5eb134a1803f6dd9b17b04fc2d0
39,6ay740FQIPgTMahZqP9Opx,Unlisted,lo-fi hip hop,TyLuv.,https://i.scdn.co/image/ab6761610000e5eb3417148b0b9b92e7a3e55ff3
5,6lsaI5HJ27Jc1090LL6HFe,Unlisted,none,Ot Azoj Klezmerband,https://i.scdn.co/image/ab67616d0000b273f29e7f197084edc794ac109b
9,1rzvnLU6QzGQZFeCcsR5VE,Unlisted,jazz beats,Quentin Elmi,https://i.scdn.co/image/ab6761610000e5eb7a950228e3b242e6e16322d9
47,58flJQprTkM8cMJwnQ6aIi,Unlisted,jazz beats,Ben Jammin' Beats,https://i.scdn.co/image/ab6761610000e5eb6a88893467805a254ff80a70
55,0Q6S7QIOyuvDYzbhpvM5FO,Unlisted,lo-fi hip hop,Kanisan,https://i.scdn.co/image/ab6761610000e5eb83e02bdcb3c5f03fc6ee8168
38,5irIh5qdcXwDG9p7EWegeN,Unlisted,jazz beats,Slo Five,https://i.scdn.co/image/ab6761610000e5eb5cf6f6135f2720ecd1ab6f80
43,1mOiWC7OH9ANUtt3vd0A10,Unlisted,jazz beats,Shuko,https://i.scdn.co/image/ab6761610000e5eba62f8a3381cc84abf5938d28
49,5jZeLexrrwGNUy6nv7tzdr,Unlisted,lo-fi hip hop,C4C,https://i.scdn.co/image/ab6761610000e5ebf2842873c68cdce2226b4720
50,6H4lieipng8aGu3Hbd1UeJ,Unlisted,none,Shayne Ward,https://i.scdn.co/image/ab6761610000e5ebe4942769b095fa92137c959e
30,0rhvpJA9qFkdTot8R8AdaQ,Unlisted,none,Santino Surfers,https://i.scdn.co/image/ab6761610000e5eb37047f693fb51bbe38d468b1
32,4u8H7IRVIRQTRH5JrAmK2G,Unlisted,jazz beats,SGJAZZ,https://i.scdn.co/image/ab6761610000e5eb85ec73a421f524eab19079c7
44,69FGWeFKaCyCjiDU2afEUl,Unlisted,jazz beats,Paul Grant,https://i.scdn.co/image/ab6761610000e5ebee40edf50c178cd338fba200
34,18xuTjIXDD1Wi4wGgPmapr,Unlisted,jazz beats,Melatone,https://i.scdn.co/image/ab6761610000e5eb2f68ed65e197224617aa9527
50,7BIkk865pwBrSZetA8Izic,Unlisted,alté,Juls,https://i.scdn.co/image/ab6761610000e5eb607ace2267ce89524a4559f1
32,5mP5Rp8gRkB3tdxl2g9Smg,Unlisted,none,Darius,https://i.scdn.co/image/ab67616d0000b2739b2d1dd47c2ca1067d4b56af
27,64tGgvRz1IJm33LksJlsRE,Unlisted,jazz beats,Basile Petite,https://i.scdn.co/image/ab6761610000e5ebd2de1d0bc493ada745ceede9
51,0g3NiCRhEv7M4SEDMrpItN,Unlisted,none,TEED,https://i.scdn.co/image/ab6761610000e5eb3c16b3cde0a297548b98dde0
26,6XlzzwOhKSberPLmwDEmkc,Unlisted,none,Art Feynman,https://i.scdn.co/image/ab6772690000c46c123db8b1a202f817e0036576
11,3yL6b92ynpto5kKpizK9Xc,Unlisted,none,Koichi Matsukaze,https://i.scdn.co/image/ab67616d0000b273befd5b1796dccf115e873745
27,2Sytd0z30yOj3b5IOfOUWj,Unlisted,jazz beats,khoa,https://i.scdn.co/image/ab6761610000e5ebe3115a9b0b1cb4420de28cd4
14,7wr6W82k7PmCoyYgKKxmPv,Unlisted,none,Nodes,https://i.scdn.co/image/ab6761610000e5eb38edb5cdd8c7ec42963806b3
33,5wqMw7XAQ9M9kpO5ImZ6NK,Unlisted,none,Brendan Eder Ensemble,https://i.scdn.co/image/ab6761610000e5eb25d256445fe96ca333964816
55,4GoD5FJCgC0lbzde7ly44M,Unlisted,none,Biig Piig,https://i.scdn.co/image/ab6761610000e5eb4054b47ac843899a2757221c
30,4K6VsMmNzvyjrkVFdncNRH,Unlisted,none,Nacho Maldonado,https://i.scdn.co/image/ab6761610000e5eb46a36b993d41b4d2435ae549
22,4xsalplb45MFK0pMjebACC,Unlisted,none,The Mariachi Brass,https://i.scdn.co/image/ab67616d0000b2734080959b4504889b3299adf0
6,4yWynIhiI5xZ8vwGefHxwa,Unlisted,none,Valerie Coleman,https://i.scdn.co/image/ab67616d0000b2735dfcf11b1dc2589ba451a892
45,5TGFw78FIV0hLV90O8A7an,Unlisted,jazz beats,Myríad,https://i.scdn.co/image/ab6761610000e5eb5ff21ebe6f2b284320b81a7c
5,1gkHALlD8uxvf3HIkI64yF,Unlisted,none,Mountain Echoes,https://i.scdn.co/image/ab6761610000e5eb6583a9b3ae133aff5c750573
21,4e8ExN8iJrXnycI51N1Cxb,Unlisted,none,Thoma,https://i.scdn.co/image/ab6761610000e5ebd31a4c8df11ecbf92ada2b82
61,6hfwwpXqZPRC9CsKI7qtv1,Unlisted,none,Alina Baraz,https://i.scdn.co/image/ab6761610000e5eb04bd5a6bee2cdd5536651e77
14,4Jwfc96P1P3Ha3FRxiU7iy,Unlisted,new orleans bounce,Christchurch Citadel Salvation Army Band,https://i.scdn.co/image/ab67616d0000b273df21fcac71c3572f69066c7f
16,4VC1j6E8YdBgmSGCWYWtVN,Unlisted,none,Scott Gilmore,https://i.scdn.co/image/ab6761610000e5eb535462299e48e2a480a0cd06
63,0NB5HROxc8dDBXpkIi1v3d,Unlisted,none,Remi Wolf,https://i.scdn.co/image/ab6761610000e5ebe8ed9445c95bfe8b20034463
67,4NZvixzsSefsNiIqXn0NDe,Unlisted,none,Maggie Rogers,https://i.scdn.co/image/ab6761610000e5eb42ac28bac739fd27c568cf4b
44,0zJjil03QRbxSliMkw230M,Unlisted,none,Conor Albert,https://i.scdn.co/image/ab6761610000e5eb4dcbb6da4d3d9b51acd16a94
43,5b3ZFm6P1lpZIASMDnBDs9,Unlisted,j-r&b,Kan Sano,https://i.scdn.co/image/ab6761610000e5ebdc49ac6859f798563fba2ac0
68,6TcnmlCSxihzWOQJ8k0rNS,Unlisted,none,Third Eye Blind,https://i.scdn.co/image/ab6761610000e5eb6b1e8135b0741308a3f38ded
9,1QhkInKbE89KGSmit4gxS5,Unlisted,none,John Looke,https://i.scdn.co/image/ab67616d0000b273bdb8dabed2d9e12eed2a3ff9
21,06peo46WBZ3jNymg7Ijvlc,Unlisted,none,Pierre Daven-Keller,https://i.scdn.co/image/ab6761610000e5ebdea7011847c123a064c845ef
32,5TlgMX2qZVaWy2JI12tK2q,Unlisted,latin indie,Weste,https://i.scdn.co/image/ab6761610000e5ebef5ff4fc8e221a1c51d9e4e2
44,5tA28joO5iZ0eCnvyctqRH,Unlisted,uk r&b,Reuben James,https://i.scdn.co/image/ab6761610000e5ebfaed613185a56a53bf6ef1ce
18,4n48lhgTy7X3jjsPKc9ErH,Unlisted,none,Daniel Aged,https://i.scdn.co/image/ab6761610000e5eb7c0567bd00de61d20237ef9f
61,7gRhy3MIPHQo5CXYfWaw9I,Unlisted,ballroom vogue,Azealia Banks,https://i.scdn.co/image/ab6761610000e5eb1b227136246869eb248cafef
23,7qFssj4KoOxd1IOPfv9iT7,Unlisted,none,Somni,https://i.scdn.co/image/ab6761610000e5ebcda0f18b448c4c589085c803
57,5LmYIx9kSWBJOWbP4xAxb1,Unlisted,none,Alexis Jordan,https://i.scdn.co/image/ab6761610000e5eb477ffbcd85d28d304dc2871e
17,6gSjljVm0yuKul0N4fgBbG,Unlisted,none,The Moog Cookbook,https://i.scdn.co/image/e651cab5e2bdbd5c5dcd8d94bd392c8368bfe293
22,0BchEmsNc1BNnt1rzHkGD2,Unlisted,jazz beats,Bear Garden,https://i.scdn.co/image/ab6761610000e5eb1dd4ba2cc417b2e825f4fa5d
1,775dMk0WFTj1IJCH0KwCk3,Unlisted,none,Omer Ashano,https://i.scdn.co/image/ab6761610000e5ebcf3065f40c4b23a673982e0d
47,2aGCFk3Mvhs9Am7JHwoyRr,Unlisted,none,Svaneborg Kardyb,https://i.scdn.co/image/ab6761610000e5eb01f57a6ecd132da18c9ff922
23,1RUOMVHWpkar3lkIFjdPXI,Unlisted,none,Tooth & Nail,https://i.scdn.co/image/ab6761610000e5eb566c73f7ff1cced1dc4f54ea
72,6GI52t8N5F02MxU0g5U69P,Unlisted,none,Santana,https://i.scdn.co/image/ab6761610000e5eb09882b1b7b33732abd60fc38
48,0YAkOkbeAPiS35qyouiM4O,Unlisted,lo-fi hip hop,Oatmello,https://i.scdn.co/image/ab6761610000e5ebd1d0a547303748042faa539c
63,2D4FOOOtWycb3Aw9nY5n3c,Unlisted,none,Declan McKenna,https://i.scdn.co/image/ab6761610000e5eb358e4bc3d74bb8af941aec7a
43,5QBHt7kiJsvbsdJx30kMhl,Unlisted,none,Zander Jazz Trio,https://i.scdn.co/image/ab67616d0000b2731d9957f6e286b08b520841a4
76,3jK9MiCrA42lLAdMGUZpwa,Unlisted,none,Anderson .Paak,https://i.scdn.co/image/ab6761610000e5eb96287bd47570ff13f0c01496
13,1gZIDa7NVFlxjsuCSN2Bpi,Unlisted,none,Piglet Spacey,https://i.scdn.co/image/ab6761610000e5ebf2759315c2494cce1de5be63
25,3wXD5Uzx4J35Wlz36lwruW,Unlisted,none,Roger Doyle,https://i.scdn.co/image/ab67616d0000b273532c6e9cdcc2c876855355b3
11,3ylstqhwSMrXbUB6fMFCUO,Unlisted,none,Dolly Kay,https://i.scdn.co/image/ab67616d0000b2738833938add688d4a6d9420c3
20,1XwRhEHqiCVgiEJQk66fyy,Unlisted,none,D.I.D,https://i.scdn.co/image/ab6761610000e5ebd1171dabe1a493eb06d71e1e
71,0MvSBMGRQJY3mRwIbJsqF1,Unlisted,orchestral,Royal Philharmonic Orchestra,https://i.scdn.co/image/ab6761610000e5ebf9cd4a9062ded7cb2b8a351b
24,1ygXiRxKSfb927vhBH1ruH,Unlisted,classic blues,Ma Rainey,https://i.scdn.co/image/ab67616d0000b273069d98c47892020676f47764
36,64FwB76hSP9VtYtPSBbEY7,Unlisted,lo-fi hip hop,Green Assassin Dollar,https://i.scdn.co/image/ab6761610000e5eb4594fd381752fda3d183a2b6
48,1z5xbcOeFRQXBVDpvRPh8H,Unlisted,none,MEUTE,https://i.scdn.co/image/ab6761610000e5ebdc521608c89535c6d06cdb4b
31,1VyVjE6tvQiM8T8a3WcYQd,Unlisted,none,Jack Peñate,https://i.scdn.co/image/ab6761610000e5ebb9eab280c52cb3e9fa3f6d89
1,3oRp9dTi5uu0MDYVnTKWeh,Unlisted,none,Edward Sizzerhand,https://i.scdn.co/image/ab6761610000e5eb2c2ef2d122412b49c7852036
43,36VGTEPZnpAU5FfivpFaJO,Unlisted,none,Alessandro Marcello,https://i.scdn.co/image/fd7fc045ce213a983cdf5f0e670711ed34d7a041
15,6cnrqEXNTOdahJ83kLCX1I,Unlisted,none,Bob Belden,https://i.scdn.co/image/f857141cc93da24eb5c4f944dca833f0699ddc43
10,5ID2qPzLDLzxkDIRLORGTe,Unlisted,none,William S. Fischer,https://i.scdn.co/image/ab67616d0000b273f3dd2ed33f767b608a69bb2c
32,6QKDcdjtwqu4E7rztEUQu5,Unlisted,folk pop,King Charles,https://i.scdn.co/image/ab6761610000e5eb21c671bbe6f43c6853e5a7d3
56,4gGsx7blPpBj7gKGmDBEfI,Unlisted,lo-fi hip hop,Sleepermane,https://i.scdn.co/image/ab6761610000e5eb38719a11e9940653a5da9350
30,367E3x81QkJ0luGzpk8pqj,Unlisted,jazz beats,Mr Mantega,https://i.scdn.co/image/ab6761610000e5eb3f03b34601f13d67a8745938
21,2MGK5rV3sBiI1UW1hjYDD8,Unlisted,none,Echoes of Swing,https://i.scdn.co/image/ab6761610000e5eb2f52574b8b2ed415ce01c46d
62,5zUSfxfP1NETZiaWt0Ui0a,Unlisted,lo-fi hip hop,Casiio,https://i.scdn.co/image/ab6761610000e5ebc26df793375e8255d93351c0
24,72Q5cOChL72xjupeqzKlWd,Unlisted,none,pettersson,https://i.scdn.co/image/ab6761610000e5eb063a61dd058a03ac3481a424
54,0ExYzTb7raTAfsXPtiI5vq,Unlisted,musicals,Nicole Kidman,https://i.scdn.co/image/2d69d803799b2c16122e85d77dd612ab75cd7bb8
33,2ZoufZYy2FcQQSBZbkO6Bb,Unlisted,none,Brenk Sinatra,https://i.scdn.co/image/ab6761610000e5eba24ae4cc417ea7b4d18f68de
0,2hk218uPzWTD5Tp2x2B27w,Unlisted,none,E. Ahbez,
4,6eNL8EiCnr1E8xQI3WECDf,Unlisted,none,Amuseity,https://i.scdn.co/image/ab6761610000e5ebf4e1023bd5df7433b8272399
81,163tK9Wjr9P9DmM0AVK7lm,Unlisted,none,Lorde,https://i.scdn.co/image/ab6761610000e5ebaa69380a8d5203257611662d
7,02M9KkAos1YDogjajoa7Lb,Unlisted,none,Kerry Turner,https://i.scdn.co/image/ab67616d0000b2730e79ed9a4ce6d11d76842129
15,7MuP7MF52lCdMIi7H9zZfO,Unlisted,none,Guy Buttery,https://i.scdn.co/image/ab6761610000e5ebb3b8caa517271904a691b2e1
74,4uFZsG1vXrPcvnZ4iSQyrx,Unlisted,none,C418,https://i.scdn.co/image/ab6761610000e5eba9b8234e3071836212561d19
2,7BgfTLsT8xDB4HOm89ScMA,Unlisted,none,Pepe Frontera & Friends,https://i.scdn.co/image/ab67616d0000b2737c510e50910a21ddd707b47c
64,6kz53iCdBSqhQCZ21CoLcc,Unlisted,none,Culture Club,https://i.scdn.co/image/ab6761610000e5eb5903965a15551fd12feb8b87
6,3MY1hGKwvr7mjOIpomeMhD,Unlisted,none,Aerialists,https://i.scdn.co/image/ab6761610000e5eb36e10f7b60bed665db344fe3
62,3M4ThdJR28z9eSMcQHAZ5G,Unlisted,none,The Fratellis,https://i.scdn.co/image/ab6761610000e5ebd693efe23dcda7b9595e77ec
73,3FUY2gzHeIiaesXtOAdB7A,Unlisted,soft pop,Train,https://i.scdn.co/image/ab6761610000e5eb648641cd6db3012c9ad042b2
32,5zMJZTfga0uJURmLLymnoh,Unlisted,none,Late June,https://i.scdn.co/image/ab6761610000e5eb17a7dddb63976f532c208751
33,72o2T9aqYR2PFNYpzYrMmw,Unlisted,none,The Tiger Lillies,https://i.scdn.co/image/ab6761610000e5ebb0a268138a58525e9f086e67
0,6smvVK6klamKWwuSnQ7YK9,Unlisted,none,Norman Hallam,
64,5ypxebeHEIXjMtJb17uJlI,Unlisted,none,Jet,https://i.scdn.co/image/ab6761610000e5eb7fee6883cc7e990e5b6de167
26,6VwqpmvzSVYFSpyrmGRxGZ,Unlisted,none,Oscar Rocchi,https://i.scdn.co/image/ab6761610000e5eb68db67db8ba43c4f32cd5f02
71,1hzfo8twXdOegF3xireCYs,Unlisted,none,Milky Chance,https://i.scdn.co/image/ab6761610000e5eb23eb1af2ef13c5db234ff824
0,1kZPEvUF4sV85MknkXXXvP,Unlisted,none,Michael Horvit,https://i.scdn.co/image/f7ae46fb492b1459f4168eed56fe86f14a504c23
72,7gP3bB2nilZXLfPHJhMdvc,Unlisted,none,Foster The People,https://i.scdn.co/image/ab6761610000e5eb22b8e662f0cfdddac8ab22bb
28,3E3NOIlw2s1ZPU9GRB9jaq,Unlisted,none,JAWS,https://i.scdn.co/image/ab6761610000e5ebe30f4b9984a0bc6358a2d856
32,3yR3HP47svRNUefemTZAAc,Unlisted,none,Amarante,https://i.scdn.co/image/ab6761610000e5eb91611dd66d389e78e1b298c3
66,50JJSqHUf2RQ9xsHs0KMHg,Unlisted,none,Jon Bellion,https://i.scdn.co/image/ab6761610000e5ebbdc0709eec4b28557926fab6
65,3Bd1cgCjtCI32PYvDC3ynO,Unlisted,none,London Grammar,https://i.scdn.co/image/ab6761610000e5eb03fca863ba2e1e379ad19998
30,5SuPIkCZe2U5TZCqYX4mcI,Unlisted,lo-fi hip hop,tajima hal,https://i.scdn.co/image/ab6761610000e5eb5c0ac25fd7cb2aa75042042d
50,7bKupnlF7XOfR1En3K8oAL,Unlisted,none,Go West,https://i.scdn.co/image/9ec4919593b340858d86eb8617b712b7e81545af
5,7mJbaGlJyP1Vg3bIeMyHyC,Unlisted,none,Richard Bissill,https://i.scdn.co/image/ab67616d0000b273bafd925495558dd8456e2209
1,33B7k6IKijGsSVqjV1MCIf,Unlisted,none,Robertinho De Paula Jazz Quartet,https://i.scdn.co/image/ab6761610000e5eb7bcb94144fdaddb081438314
2,6s4Eac190mPVVIiwgCygMt,Unlisted,none,Sleep Room,https://i.scdn.co/image/ab6761610000e5eb8ff044b3e88b5dab36034090
44,4uE9TgBW0AaPDHL1qYbtd0,Unlisted,none,Ravi Shankar,https://i.scdn.co/image/ab6761610000e5eb08f0602fd1c3de5761ef9a4d
53,3hozsZ9hqNq7CoBGYNlFTz,Unlisted,none,OK Go,https://i.scdn.co/image/ab6761610000e5ebaaac178e4c105c266f008224
32,4KKEvADkhfVx3BpYJyezZr,Unlisted,none,Mr. C,https://i.scdn.co/image/ab67616d0000b273d6578358b045162e0d544c46
45,72eP0W3rIhkxd0NHGg4w4u,Unlisted,none,B*Witched,https://i.scdn.co/image/ab6761610000e5ebaf22f1ffb0c210b85d7f45ba
10,35KrnyTTuCddF9lqKREMEB,Unlisted,none,Magnolia,https://i.scdn.co/image/ab67616d0000b2738ce492471f360ba72b2cec34
19,5uEap55hXon4eBDyIlYtQg,Unlisted,none,Julia Wolfe,https://i.scdn.co/image/bdb6342615d5338dc4118db6392cb125bbad089b
55,3KEb1kbIZN5jumsjFEWgSW,Unlisted,none,Tal Bachman,https://i.scdn.co/image/ab6761610000e5eb7258aadd1049c257123dc915
58,6O2VM2aM7KwyDIJ4VvAbYx,Unlisted,none,Dagames,https://i.scdn.co/image/ab6761610000e5ebb8bcedeceb6eac65f18e1024
53,5N5RfI8FFXk4WQ8kkjE407,Unlisted,none,Deep Blue Something,https://i.scdn.co/image/ab6761610000e5eb5cee59fb07aa41f126730515
58,22Zqu1yyebVnbve8FxbJ2g,Unlisted,none,Rednex,https://i.scdn.co/image/ab6761610000e5eb7a95a7ae4ac914732cb755b1
34,73I7vbj7hzsw8rW4LUoxtz,Unlisted,orchestral,Carl Nielsen,https://i.scdn.co/image/5abff1eb2f7072ed817750d3474c74e160dece0f
55,2ajhZ7EA6Dec0kaWiKCApF,Unlisted,none,Rizzle Kicks,https://i.scdn.co/image/ab6761610000e5eb676b89ccd29adc0c94285ac5
58,6rEzedK7cKWjeQWdAYvWVG,Unlisted,none,Five,https://i.scdn.co/image/ab6761610000e5eb634461910bffee33cdaca95b
56,355SqtHY4qKt2wIXrWku0c,Unlisted,none,CLOVES,https://i.scdn.co/image/ab6761610000e5ebe1b2fcb302f55c7413281bd4
58,0SdiiPkr02EUdekHZJkt58,Unlisted,none,Hanson,https://i.scdn.co/image/ab6761610000e5eba40c6117e994d680e30e796c
21,2V5Fnwup32wFPAtMi2vmXq,Unlisted,none,Mily Balakirev,https://i.scdn.co/image/977ed99b2158bf80650c017c1d63c34e8b75b21e
59,3utxjLheHaVEd9bPjQRsy8,Unlisted,none,Coheed and Cambria,https://i.scdn.co/image/ab6761610000e5ebbff9d794acaadead8e742f9e
45,5hTigSXgVwn9Mvaz8MBHxv,Unlisted,none,Foxtide,https://i.scdn.co/image/ab6761610000e5eb04b909113688db9b6731a932
41,5C43FNPZAzBXLGWgkYWbs1,Unlisted,traditional music,Mohammad-Reza Shajarian,https://i.scdn.co/image/ab6761610000e5ebabd052d37d7cebadb81f9d16
28,6RnzEFYNyKinHv6r86yeBI,Unlisted,none,RUMTUM,https://i.scdn.co/image/ab6761610000e5eb212b3ddf079bd30ec439e27e
27,4rDuqo6KUHG497fiJX4YYw,Unlisted,none,The Magic Wanderer,https://i.scdn.co/image/ab67616d0000b273a48082803048253bd7cddd49
8,59BQ7tm1rb3WDlkEIVRwAs,Unlisted,none,KZA (Force Of Nature),https://i.scdn.co/image/ab67616d0000b27342bdf83e19aaaf9812d9c069
79,2jw70GZXlAI8QzWeY2bgRc,Unlisted,none,Nelly Furtado,https://i.scdn.co/image/ab6761610000e5ebd2ce0bf5614b54bd44e059d5
14,3Mt7Zv63zztQhheSXTRa1x,Unlisted,none,Les Ambassadeurs,https://i.scdn.co/image/ab67616d0000b27342e7c36552f0b030e633cb01
50,7o1TBmx7Ube5h2Czlam84O,Unlisted,none,Arcy Drive,https://i.scdn.co/image/ab6761610000e5eb418bd5f6796fd40994c8308a
41,5NCKpzuowtihcIrIHFjKbJ,Unlisted,none,Nitin Sawhney,https://i.scdn.co/image/ab6761610000e5ebc04350a7ea0d917779b80dc9
41,21PAJwO0H94xCT4wStKtaE,Unlisted,jazz beats,take your time,https://i.scdn.co/image/ab6761610000e5eb24b41bae980b01a7f834f4b8
29,3TR2eEGzLPwTkCIcMXW01J,Unlisted,none,Ezra Feinberg,https://i.scdn.co/image/ab6761610000e5eba6737f79e490ce3a40a738ef
77,7t0rwkOPGlDPEhaOcVtOt9,Unlisted,none,The Cranberries,https://i.scdn.co/image/143c01f407ed64a4b3bcbc92d24c05ef80981251
39,49WCE2KzOvQu0wHsRcwaah,Unlisted,none,Rik Schaffer,https://i.scdn.co/image/ab67616d0000b273383b9c77f226645bf3a18e6c
54,6TeBxtluBMQixZcKkJ3ZrB,Unlisted,lo-fi hip hop,HM Surf,https://i.scdn.co/image/ab6761610000e5ebc1105b865f1018cfc7df79d7
29,5OjwToGCaI7xwzN5l27VIN,Unlisted,none,PHFAT,https://i.scdn.co/image/ab6761610000e5eb8b6865ab1050e87543b38ac2
91,45dkTj5sMRSjrmBSBeiHym,Unlisted,none,Tate McRae,https://i.scdn.co/image/ab6761610000e5ebbed8016bd64422793ff3bc75
39,6Ssvxfw2kfG1jkfDJDGJoh,Unlisted,none,Coastal Club,https://i.scdn.co/image/ab6761610000e5eb9a3f523b2dd31c6ff02a8fa7
33,2E2W9MFs2OLciSGq8Mp03r,Unlisted,none,Cousin Simple,https://i.scdn.co/image/ab6761610000e5eb4c14ca14453977b444b33e16
22,6qgKR3ZxWD8S5Fk7MJyiRJ,Unlisted,none,Hiro Ama,https://i.scdn.co/image/ab6761610000e5eb1bbf17d8b4487bfa51642319
31,2XcWfmG3wclCLfTJb7mFeg,Unlisted,none,Lo Moon,https://i.scdn.co/image/ab6761610000e5eb3b11d7205e0efc6ec723c5e5
75,6zlR5ttMfMNmwf2lecU9Cc,Unlisted,none,Sam Fender,https://i.scdn.co/image/ab6761610000e5eb4a3dfbf28e00c02d9d9494e8
33,3sB1RV3IE5yCyMbl01FzBN,Unlisted,none,Brigitte Calls Me Baby,https://i.scdn.co/image/ab6761610000e5eb97047b7856c0831587448043
10,7wGFFvXLrtufmUy5WUEER1,Unlisted,none,Christopher Koehn Martínez,https://i.scdn.co/image/ab67616d0000b273c3f956b96d2fe02319d9d36c
64,0Grjlu7ncIuCaSYvCs9fcd,Unlisted,none,New Radicals,https://i.scdn.co/image/181d69eb2191335b136de8993e0c2ef9f381600c
44,7eIqewR3PiwQDItf5G2SyV,Unlisted,italo disco,Donatella Rettore,https://i.scdn.co/image/ab6761610000e5eb57f10d9b017e1e23788d0405
62,7dnB1wSxbYa8CejeVg98hz,Unlisted,none,Meat Loaf,https://i.scdn.co/image/ab6761610000e5ebd80098ab0e9b98ee0bd0795e
19,4oRZdidZ4TjAsaNxKNVX58,Unlisted,italo disco,Bumblebee Unlimited,https://i.scdn.co/image/ab67616d0000b273946ca717ca116b27e94a038f
79,687cZJR45JO7jhk1LHIbgq,Unlisted,afrobeats,Tems,https://i.scdn.co/image/ab6761610000e5eb22d7d6f8981c7a27bf68a382
42,1Qq3CjUcS69tT2vvp1ttpB,Unlisted,jazz beats,aunt,https://i.scdn.co/image/ab6761610000e5eb5bfb6fff0f1443e2fbecf37a
39,7aE9KUqEEWrasYryOkJG7O,Unlisted,none,Maston,https://i.scdn.co/image/ab6761610000e5ebc35e168a6e62998e2f317ce6
39,2DhQz856UBPpfQ1pRS9Nwq,Unlisted,none,h hunt,https://i.scdn.co/image/ab67616d0000b273764b1409a8c3669e4beb03c4
37,5ORspEJvAWz3OgMR8gOqcP,Unlisted,jazz beats,Guidolain beats,https://i.scdn.co/image/ab6761610000e5ebb307c91c7eddc5af7c57e761
31,77b9btQMi3W5bSfRedXSiu,Unlisted,none,Gus Black,https://i.scdn.co/image/dfdfcd8bde4841212e40ae6271864edd5247a54d
83,7GlBOeep6PqTfFi59PTUUN,Unlisted,none,Chappell Roan,https://i.scdn.co/image/ab6761610000e5ebd258ecb0d66244e6300bcf64
39,4ZITuhWAaVoUTge2JwIton,Unlisted,lo-fi hip hop,Rudy Raw,https://i.scdn.co/image/ab6761610000e5eba2453d985af892fa2e30785f
32,1KWvzy2ks6bKSBD3rMj5yk,Unlisted,jazz beats,Lab Progression,https://i.scdn.co/image/ab6761610000e5eb6f82774aef6abaeeb10219a0
40,4Iufg5jdqQELqh9fQukPUE,Unlisted,jazz beats,Gaslamp,https://i.scdn.co/image/ab6761610000e5eba1d728397b1f4c23dbbb3d97
27,20ESscnVMQSejTLASItf47,Unlisted,jazz beats,Jazzberriez,https://i.scdn.co/image/ab6761610000e5eb3b5bfef42e738c9fc2466274
28,256qpjScS1TGBrPpMXQXtD,Unlisted,none,Frankie Reyes,https://i.scdn.co/image/ab6761610000e5eb2d44f7b140f2bb2ed4660e83
44,1WGInLKTtABkRppFt2637E,Unlisted,jazz beats,Just Steezy Things,https://i.scdn.co/image/ab6761610000e5eb7211cc96b9ac69e64d997394
39,5MleFLYHlckQl5jfahStJI,Unlisted,none,OSRSBeatz,https://i.scdn.co/image/ab6761610000e5ebd8af9307e8e4018f0e50e601
33,5B7NeaqVrmXPyF05C9tnZ3,Unlisted,none,Christian Lee Hutson,https://i.scdn.co/image/ab6761610000e5eb90e2e285666769d1e919abd0
55,4kIwETcbpuFgRukE8o7Opx,Unlisted,none,Arlo Parks,https://i.scdn.co/image/ab6761610000e5ebb82b8c25ae691bc791215949
43,6hk187bUA8NzTX9NFGppv9,Unlisted,jazz beats,The Offline,https://i.scdn.co/image/ab6761610000e5ebe28d126e6a987488d1fcca63
22,08Jin8iRNko0j3gewozB0T,Unlisted,none,Ruf Dug,https://i.scdn.co/image/ab6761610000e5ebcb9e24a2955ee683ab84e3e3
39,58ieJio1kM9TQ1DhJyA1Al,Unlisted,none,YNOT,https://i.scdn.co/image/ab67616d0000b273ef767fa5494b627080ef270d
60,2iLMJdaqsQ44X7MPRD7rR5,Unlisted,none,Arc De Soleil,https://i.scdn.co/image/ab6761610000e5eb285d64f2a5d88cf6a1424dc1
31,6oMh7pGcBIgfpdKKUHmJAy,Unlisted,none,Bamily,https://i.scdn.co/image/ab6761610000e5eb812d1a148b8ff436fec4c65a
31,2ol5Xy14VMiqF9KjzW41c4,Unlisted,jazz beats,Webmoms,https://i.scdn.co/image/ab6761610000e5ebb063692cbcfa8aeb19fa46c9
47,42gnrsSSKKNNmfAJ0o3oyN,Unlisted,jazz beats,Soul Food Horns,https://i.scdn.co/image/ab6761610000e5eb23dde88a3268a1fe7f58f8a7
47,6M6LWvHKgBle8SUtSpq6SU,Unlisted,lo-fi hip hop,iamalex,https://i.scdn.co/image/ab6761610000e5eb3a19c043bcd189fa63712f19
42,1f5I28sZb2efjRLXO1jX0h,Unlisted,jazz beats,"Oh, My.",https://i.scdn.co/image/ab6761610000e5ebc8af974cfed54e7ec6b121e3
39,5PvWhPEu0aTeImd5QVTSvW,Unlisted,none,The Cactus Channel,https://i.scdn.co/image/ab6761610000e5ebf68cdba2467ad329286e1edc
54,0nnF48t4C8uqGS5HPnCN3F,Unlisted,none,49th & Main,https://i.scdn.co/image/ab6761610000e5ebab73bd8f11aff7be9c185c0b
24,3S81oM6w9tzFUxEzvdql6I,Unlisted,none,Midnight To Monaco,https://i.scdn.co/image/ab6761610000e5eb21f0bc7baeb32dc260b7755f
28,2IEDOKhzkk1EKk93fZ759r,Unlisted,j-r&b,Snowk,https://i.scdn.co/image/ab6761610000e5ebd2b2a5aba29899087c4350a8
43,6T2NShr7SAArhtegdIpHHN,Unlisted,lo-fi hip hop,Dr. Dundiff,https://i.scdn.co/image/ab6761610000e5ebcf0e25d4e0d4b32f6296a74c
84,2HPaUgqeutzr3jx5a9WyDV,Unlisted,dark r&b,PARTYNEXTDOOR,https://i.scdn.co/image/ab6761610000e5eb957320981e31e862bc2fb844
53,4eQJIXFEujzhTVVS1gIfu5,Unlisted,none,Deee-Lite,https://i.scdn.co/image/ab6761610000e5ebfafa16732755a97993d3f2e4
53,17UkABEasVRlCcIFZ3wHb7,Unlisted,none,Steps,https://i.scdn.co/image/ab6761610000e5ebe80ec8ef32262ffc1ec1714a
48,6otgz5gkB40UnWFwTy0VDh,Unlisted,none,Madison Avenue,https://i.scdn.co/image/ab6761610000e5eb64dcf6d6cb88d68cd124bddf
3,4mL9AZBUAyM2bceCBBmeqg,Unlisted,none,John Golland,
26,59LyBxWin4wuGFtNSqBCLB,Unlisted,none,Joseph Alessi,https://i.scdn.co/image/ab6772690000c46ceae77eeeeaca89e29b1c6394
67,1RHbG28m5gaCOeIgaxEgLb,Unlisted,musicals,James Monroe Iglehart,https://i.scdn.co/image/ab67616d0000b27309bcabcc7ac8954ae245e92b
6,7f9e3OHtFqSbSOF4BzX83i,Unlisted,none,Joanna Duda Trio,https://i.scdn.co/image/ab6761610000e5eb0046cbad5573e52321fff4e9
22,5jQIczzAJzOzwnNLFOwoI6,Unlisted,none,Corimbo,https://i.scdn.co/image/ab67616d0000b2735b22b9bd9d98a89781905d58
34,1GFkwGetxvXluztDxPShGo,Unlisted,none,Rina Mushonga,https://i.scdn.co/image/ab6761610000e5eb4a94f2e22d2c811c7937898d
49,7AbKOHOvn27dK0FOiboAno,Unlisted,none,Black Atlass,https://i.scdn.co/image/ab6761610000e5eb41d13539dd3f3a5a6e9165fd
1,49pKKylHLlWeys8MGIzFdV,Unlisted,none,Benjamin Naud,https://i.scdn.co/image/ab6761610000e5ebb8b29edd638b332a64a3186b
27,5uC5qAuoCUyUduFrVAnYrE,Unlisted,jazz beats,Nobel,https://i.scdn.co/image/ab6761610000e5eb3d0dd7c602e238c33ae48685
39,5vLdHmvJWtkYmWAGNk5nNa,Unlisted,space music,Curtis Schweitzer,https://i.scdn.co/image/ab67616d0000b273c77acddbf2379000b29a3f42
0,2yg7cVYh181pOW46EaOdTg,Unlisted,none,Non commutative ring,
83,3MZsBdqDrRTJihTHQrO6Dq,Unlisted,none,Joji,https://i.scdn.co/image/ab6761610000e5eb6e69601c22184c630a2d5e71
87,5cj0lLjcoR7YOSnhnX0Po5,Unlisted,none,Doja Cat,https://i.scdn.co/image/ab6761610000e5eb8a0644455ebfa7d3976f5101
35,7LP4hiTAVkw3Rtc1hqtLi4,Unlisted,none,Rachel Stevens,https://i.scdn.co/image/e3b78ec4d390081e1855ae3e37cad4ede6e2c260
51,6FlOCziOXI157pvUREAh3E,Unlisted,none,Los Campesinos!,https://i.scdn.co/image/ab6761610000e5ebb3616ce51170c822adf9313b
38,36Hfqd2C0x7oulFJTAuIt0,Unlisted,lo-fi hip hop,Azido 88,https://i.scdn.co/image/ab6761610000e5eb431dac5b7c17e753aec034f3
48,447ceX8wMVdX94yevKZFDe,Unlisted,none,Howard Harper-Barnes,https://i.scdn.co/image/ab6761610000e5eb1031750886b75f6d0489a194
42,3zz8PxJE0tBfUqcZbf3SZS,Unlisted,none,Daniel Herskedal,https://i.scdn.co/image/ab6761610000e5ebcf4e42814ce71b8f25f564e7
17,3S5BMTuEvCSvztcZakELE3,Unlisted,none,Gil Trythall,https://i.scdn.co/image/ab67616d0000b27398911b0b8dcd71e33ee04dd1
69,5GGJosGMs08YEmKTZJe1fL,Unlisted,none,Suki Waterhouse,https://i.scdn.co/image/ab6761610000e5ebc2bb10016e2e142f397f780c
13,6WjwK23EyMwi19waNsrjwz,Unlisted,none,The Zodiac,
53,52Syw7gkGRePCAYvEY2X9D,Unlisted,none,N-Dubz,https://i.scdn.co/image/ab6761610000e5eb54a3ba2a561629077cc505a3
45,1byqtZiN0rWjNg7kXy5j3S,Unlisted,none,Christoffer Moe Ditlevsen,https://i.scdn.co/image/ab6761610000e5eb04daa37a9197454b49949483
33,5jv5Bn43OqH8fxEBTk8lJx,Unlisted,none,Doyle W. Donehoo,https://i.scdn.co/image/ab67616d0000b27357eb99a098a1ebe5588c5976
12,2IX0mWVO2XmeKTFJtSUJMv,Unlisted,none,Oliver Richardson Quartet,https://i.scdn.co/image/ab67616d0000b27350330a0c01033bed1a7c1103
2,5L0c5PQjIilGlEfe8R9VsA,Unlisted,none,Max Keeble,https://i.scdn.co/image/ab6761610000e5eb039370f11a5074f0a31876f2
15,5OBtP3zDHNFdzP9cO0eHSm,Unlisted,none,Alexander Martin Jazz Trio,https://i.scdn.co/image/ab67616d0000b27317c804742e3a509413587890
55,06s35sbFfZJUEwFjAaZfiW,Unlisted,none,Cookin Soul,https://i.scdn.co/image/ab6761610000e5ebcb0e9ec5473d2ccfbae4accb
43,03zMprDSi8xGJbXYayx6ly,Unlisted,italian singer-songwriter,Fred Bongusto,https://i.scdn.co/image/ab67616d0000b273ec41d547579df665e3af1514
11,7y6WsciK3jth1z3fvepbWr,Unlisted,none,Esther Walker,https://i.scdn.co/image/ab67616d0000b2738909961d97ac5f412635f91b
37,1YreDOGr8en691i5jQJJMK,Unlisted,jazz beats,Otis Ubaka,https://i.scdn.co/image/ab6761610000e5eb22a3db2d4dad0b21176b2484
56,7sOR7gk6XUlGnxj3p9F54k,Unlisted,none,half•alive,https://i.scdn.co/image/ab6761610000e5eba4f202963dd12ab6044bdb97
53,68NOjWuVYBRXzYwhel3jAl,Unlisted,none,SIAMES,https://i.scdn.co/image/ab6761610000e5ebb5c5d6f612c1489de4c86caa
48,46NCqFl8vhQZD77y7XkvJs,Unlisted,lo-fi hip hop,goosetaf,https://i.scdn.co/image/ab6761610000e5ebc2bbbeef4db6af7b70dfdc7b
8,6fbkQAxn9Df2sZWwuYQ820,Unlisted,none,Peter Rostov Trio,https://i.scdn.co/image/ab67616d0000b273832bd904edbc9df08863387d
35,1FMXF1g4Fz2MWDTogFj9EC,Unlisted,none,Christopher Young,https://i.scdn.co/image/ab6761610000e5eb48fd60a4a6e1b40fd2498056
10,328yfTrIXt3HUetv2IaiQt,Unlisted,jazz beats,Finesse,https://i.scdn.co/image/ab6761610000e5ebb93af5625cb25c4306047fe6
34,0x3sTIYnP56TnL6bbyMU2i,Unlisted,none,C Duncan,https://i.scdn.co/image/ab6761610000e5eb94ce25261a3495cd35a878fc
3,6IjAKDzsd1ObFdNqwSMvZg,Unlisted,none,Paul Jeanjean,https://i.scdn.co/image/ab67616d0000b273a04b12962eddae203d117e4a
22,78Y9jLWrj4OZhYahQ6otcH,Unlisted,none,André Hossein,https://i.scdn.co/image/ab67616d0000b2733301177341390fd0848cdd25
18,2dPekep1dbMenBmTdICS5r,Unlisted,none,Conrad Tao,https://i.scdn.co/image/ab6761610000e5eb6a6844f0c94f295cbc89d50f
61,2FRXiAz5Uz78LLLSwEUhLt,Unlisted,none,Miracle Musical,https://i.scdn.co/image/ab6761610000e5eb904bf7e11545f9cb5feaf1b2
48,19lQ2rJLlP71FOKESiMNJT,Unlisted,none,Ripe,https://i.scdn.co/image/ab6761610000e5eba3bd098dc373f4ab4988c8d6
24,63Cv3MetKEN8bhsAo4n6nK,Unlisted,jazz beats,Moonspatz,https://i.scdn.co/image/ab6761610000e5eb5bebc48e09b68fcb7f821dfd
1,1qk8fFPpXcejyV7dWxjpvp,Unlisted,none,Rapsport Beats,https://i.scdn.co/image/ab67616d0000b27304ee25023d0557e2d4594d98
33,5BYcwjrQth7em7maAt0yKE,Unlisted,none,Andrew Applepie,https://i.scdn.co/image/ab6761610000e5ebefbbc247976881995daae459
12,29UU6amD7qWwNoYkxyc9Sr,Unlisted,jazz beats,Henace,https://i.scdn.co/image/ab6761610000e5eb26ccb4e262a479d9b547b241
10,3qtxUPSSMCRIu9kINtHgco,Unlisted,none,Jan Koetsier,https://i.scdn.co/image/ab67616d0000b273b2e1c2377d9dccc47e285543
61,6fC2AcsQtd9h4BWELbbire,Unlisted,none,Peach Pit,https://i.scdn.co/image/ab6761610000e5eb0206d13230ade13d3e4255ba
1,2dHtHuD3tCWBLUO7weTXvl,Unlisted,jazz beats,Ill Fokusz Raw,https://i.scdn.co/image/ab6761610000e5eb85add8020f96eeaed4c593f9
12,7aSiCOtwsJ4ZYq8PWCmJQb,Unlisted,jazz beats,Hasan,https://i.scdn.co/image/ab6761610000e5ebc91e41a5f959ef1939e4dcc2
6,3vHAij1z57NgRTTtTDFAoe,Unlisted,none,Gregory Ross,https://i.scdn.co/image/ab6761610000e5ebbfcd41463e7e3d614da90e6c
42,5YfpC2gY9twAVAQJqB8vIi,Unlisted,jazz beats,Gatz2Gatz,https://i.scdn.co/image/ab6761610000e5ebb28b6419ec3c848007d57ac7
52,1ikg4sypcURm8Vy5GP68xb,Unlisted,none,Magic City Hippies,https://i.scdn.co/image/ab6761610000e5ebe11975442e0b25a30c81321c
2,2BLdsgIde6vS1z9GIGRYrm,Unlisted,jazz beats,p1H,https://i.scdn.co/image/ab6761610000e5eb5da6e64e70dca6dc35f86383
76,4yiQZ8tQPux8cPriYMWUFP,Unlisted,none,Gwen Stefani,https://i.scdn.co/image/ab6761610000e5ebcb243eb64e92b61504ea957b
49,213WFYdlgojElnXhDyhwke,Unlisted,none,Little Nell,https://i.scdn.co/image/ab67616d0000b2730677787781e9a660997f2455
28,6HIRyO3O2mbkdwih0Mi4vR,Unlisted,none,JUICEB☮X,https://i.scdn.co/image/ab6761610000e5eb1cc3fba41a5d1857f50f71fb
20,0iIZWQirQDo3QX9A9AdOqC,Unlisted,lo-fi hip hop,Miraa.,https://i.scdn.co/image/ab67616d0000b27363a5b3ca908dcaaff70e79df
58,2M3vnW1p5w4uPRkLYTbvdB,Unlisted,none,Rusted Root,https://i.scdn.co/image/b5b373320c9227139aeff47df393465a8e579351
52,225l1KEprObX8xgl8xo2Gc,Unlisted,lo-fi hip hop,BluntOne,https://i.scdn.co/image/ab6761610000e5eb62c3fe29c434f8dccbcb88ea
66,4aP1lp10BRYZO658B2NwkG,Unlisted,musicals,Andrew Lloyd Webber,https://i.scdn.co/image/ab6761610000e5eb1246c5886ac87c6334cd3a33
35,3tnTlR2MCaYNQqV3v1908x,Unlisted,none,Heather Small,https://i.scdn.co/image/ab6761610000e5eb0e58dd15de1da01f95edce85
33,5DCtsJfyBEzvZ9qN7jSA6j,Unlisted,none,Cloud Control,https://i.scdn.co/image/ab6761610000e5eb5e91b1c7beee26697181ff49
24,1SUrVMfhMMaO87E57Bazob,Unlisted,none,Malcolm Schultze,https://i.scdn.co/image/ab67616d0000b273ed4635254ea8c35f84b85cf9
18,1ocAgcoEmBsET5pMhhaNse,Unlisted,bongo piano,TYLA,https://i.scdn.co/image/ab67616d0000b273a3e04e4aa6899e6f0c899de1
54,4UVlSeEFDPmlkYKaRMRoOz,Unlisted,none,The Garden,https://i.scdn.co/image/ab6761610000e5ebaee6f2a0bf3283635af78f6f
7,6IgEwFQNDP1lkDy2nhJuPU,Unlisted,none,The Ocean Research Forum,https://i.scdn.co/image/ab6761610000e5eb9d5934ff87e1da8b5840ea47
40,2qV7axHq9Jk7QqFcB3f05A,Unlisted,none,The Zutons,https://i.scdn.co/image/ab6761610000e5eb05073efdf289de9b074abc1f
5,6B1EVIaTOPFOLE3jIFTPSE,Unlisted,none,Nikolai Nikolayevich Tcherepnin,
6,4FHxVyShnZBNHnblLJiLx9,Unlisted,none,Ofelia Marsh,https://i.scdn.co/image/ab67616d0000b2735daf0e8364176d72ae09d39d
58,1e8GEl48ktvfDpruMKB6Oe,Unlisted,none,Las Ketchup,https://i.scdn.co/image/ab67616d0000b27354dbaa284c53e085523cfec2
41,4GcpBLY8g8NrmimWbssM26,Unlisted,none,Mndsgn,https://i.scdn.co/image/ab6761610000e5eb6be533248c7e096ab0119387
21,6dWLfq2aQPUQfQTMtDuLVx,Unlisted,lo-fi hip hop,dude26,https://i.scdn.co/image/ab6761610000e5eb2b49eaf08f23ad859efed4ee
33,7Jd8IfE12z0jbepgMaVpXl,Unlisted,none,Davide Ambrosia,https://i.scdn.co/image/ab6761610000e5ebbe78a9a49af11a168f71c4ff
29,0wolj0IKnhhYnBFynfNaQn,Unlisted,lo-fi hip hop,Lester Nowhere,https://i.scdn.co/image/ab6761610000e5eb3c7c8788ceea56a2a83f817d
57,5ZEAzHE2TzAwUcOj6jMIgf,Unlisted,none,Donny Osmond,https://i.scdn.co/image/ab6761610000e5eb6b9f3c46017f630cb024056a
0,1sKCem3MqxDHeM5F5zAKfy,Unlisted,none,Passport Quartet,
12,2EXGuEyEu0YIPbMRZG1vnx,Unlisted,none,Sounds of the Seas Group,https://i.scdn.co/image/ab67616d0000b2730611be402aaa79092ad91811
49,3ph6BKBPsjP7Vhtd1IXhkc,Unlisted,jazz beats,Poldoore,https://i.scdn.co/image/ab6761610000e5eba376c39360fda0b46f35d5a8
1,2wj7lnIXKDFM4QpdY7QwTD,Unlisted,none,Bait Jaffe Klezmer Orchestra,https://i.scdn.co/image/ab67616d0000b27367b79817a1acec9a957945ff
63,7giUHu5pv6YTZgSkxxCcgh,Unlisted,none,Edward Sharpe & The Magnetic Zeros,https://i.scdn.co/image/ab6761610000e5eba9557581d591dcb5dbf174df
11,3iLRpnoRyZtks4MAu3PTqM,Unlisted,none,Fripps & Fripps,https://i.scdn.co/image/ab6761610000e5eb21714152d91824e980e4b85c
66,3iOvXCl6edW5Um0fXEBRXy,Unlisted,none,The xx,https://i.scdn.co/image/ab6761610000e5eb3a96db4736ef035e1fcb2516
3,26hjnIuTcH6GPE6bjO3zD3,Unlisted,none,Mosch,https://i.scdn.co/image/ab6761610000e5eb2e3e379b1988498e9c2de6bd
70,6hk7Yq1DU9QcCCrz9uc0Ti,Unlisted,none,Kimbra,https://i.scdn.co/image/ab6761610000e5eb9578fe81e368c0aa6bd71544
45,7243txmysJ4KbRmH8UAMKO,Unlisted,none,The Amazons,https://i.scdn.co/image/ab6761610000e5eba8ed21f98782ed5a9a40b433
40,0HDxlFsXwyrpufs4YgTNMm,Unlisted,none,Phoria,https://i.scdn.co/image/ab6761610000e5eb300345ad45817dda6a39e6fe
22,0Oib4cPAL4zrGnpEyrXHYi,Unlisted,none,Giovanni Tornambene,https://i.scdn.co/image/ab67616d0000b273b4d3d649440a53cab837cf70
28,5baV8PV4yv8WMlhIXFaGSZ,Unlisted,lo-fi hip hop,ohbliv,https://i.scdn.co/image/ab6761610000e5eba290a8ede4b8c20402c1e593
56,4rGrN4XDYhP6dUAZMvcuHr,Unlisted,none,Caesars,https://i.scdn.co/image/664b64455e32f061ba134defca4b92830e4b2df9
81,69GGBxA162lTqCwzJG5jLp,Unlisted,none,The Chainsmokers,https://i.scdn.co/image/ab6761610000e5eb4567279fac84a0375c3d819b
0,56qgZMEJH11HlI7r8SO30I,Unlisted,none,Simp,
0,5IIUAzsEZ7NDU4WD1PspBt,Unlisted,none,I.F.T.N.,
1,4qiyUsn29S9tvj7wTej0AH,Unlisted,none,Polifame,https://i.scdn.co/image/ab6761610000e5eb03a49f9196e3cdb08928b538
45,0LklyUMMUhpIjMgYHlV0hN,Unlisted,latin indie,Chicano Batman,https://i.scdn.co/image/ab6761610000e5ebd0ed86f75c748411d2150fa0
26,79RmzX8i9w6YwqJjg3O1MY,Unlisted,none,Blaenavon,https://i.scdn.co/image/ab6761610000e5eb40fa7780eef7a18e1b8bd737
52,2bcrMsFlF632EQ6VZERWFu,Unlisted,none,The Bravery,https://i.scdn.co/image/ab6761610000e5ebf8c27bb10b12f42de3cbe41a
51,7jZycSvTyx0W9poD4PjEIG,Unlisted,none,The Hunna,https://i.scdn.co/image/ab6761610000e5eb384e041e35f7e3f62cde2295
3,5ZTjqweF4orfoSpl7kB8au,Unlisted,none,The Unused Word,https://i.scdn.co/image/ab6761610000e5eb330469434e82bb1225772fad
6,4T5oYJeywfyP4neAyNxSwh,Unlisted,none,Zerolex,https://i.scdn.co/image/ab6761610000e5ebcfac74affd4591996946808d
76,3bO19AOone0ubCsfDXDtYt,Unlisted,none,Myles Smith,https://i.scdn.co/image/ab6761610000e5eb96327fa3a2c850b608b8efb3
48,6PbMwLmbus5mZl93tX1lXE,Unlisted,none,Krooked Kings,https://i.scdn.co/image/ab6761610000e5ebcd2172a1ea8e487695161a64
42,5XwjzW8s0SN5OxWYwP8eXj,Unlisted,none,Flight by Nothing,https://i.scdn.co/image/ab6761610000e5ebea7531c986fbeb422b2dee2a
63,2siHvYaxjaW5rKVRiIrMYH,Unlisted,none,Anastacia,https://i.scdn.co/image/ab6761610000e5eb1d479612f500e9fb7bbd9abb
18,1ZRcePqdO2znn0SmLEbB7j,Unlisted,none,Hermanito,https://i.scdn.co/image/ab6761610000e5eb144896aaa3941d2876f8fa71
27,5K9Px0eeCuYatmBGFfhSOA,Unlisted,none,Orlando Weeks,https://i.scdn.co/image/ab6761610000e5eb3a1daacd1ea434b7c2870dce
33,1dYBVjbhVOu9Y4mmxDCPoe,Unlisted,none,Group Listening,https://i.scdn.co/image/ab6761610000e5ebd4e9c88f78b99a33914eb758
87,246dkjvS1zLTtiykXe5h60,Unlisted,none,Post Malone,https://i.scdn.co/image/ab6761610000e5ebe17c0aa1714a03d62b5ce4e0
22,2kYY2P70sG9kRerK0Oa9qT,Unlisted,none,Francesca Heart,https://i.scdn.co/image/ab6761610000e5eb7faa7027dcd1733cde5ee1ec
9,4l1job1otNmcXIkSN3oVNy,Unlisted,none,Colin McSloy,https://i.scdn.co/image/ab67616d0000b27388ad97a4e17478319f2b61b0
38,1JDqWVMetMtVAFvSH1ahzj,Unlisted,none,Coastlinez,https://i.scdn.co/image/ab67616d0000b2736ea36c35e0112e68fd92f84c
45,6ilTnouFQzuDsvGY1jamfF,Unlisted,none,Fai Laci,https://i.scdn.co/image/ab6761610000e5ebe50e727822b9397ff666fd9a
39,4KNxadN8IN1sYO7CWAOjoH,Unlisted,none,Maudlin Strangers,https://i.scdn.co/image/ab6761610000e5eb43cd8986baff726bf4e3d471
39,04JIxSs2P0iteVWtaskfeh,Unlisted,none,Sports Team,https://i.scdn.co/image/ab6761610000e5eb069d845cf98d96f51a62bfde
40,0L8slSjSjkpmY2vCCuXZ2r,Unlisted,jazz beats,eun,https://i.scdn.co/image/ab6761610000e5eb320386af6d7e46ae12ad1c60
25,1ZeGksupgZKMlzvtBjMEEh,Unlisted,none,Rupa,https://i.scdn.co/image/ab6761610000e5ebfcf609e1b9d4959c4e108e79
45,3x9DqcRsBAPD6oFZCnDxf0,Unlisted,jazz beats,Simber,https://i.scdn.co/image/ab6761610000e5ebfb09bf727bdad70646b55458
31,6NMa9jf0w0gIw0vEQyCuqc,Unlisted,jazz beats,Prod. By Outtake,https://i.scdn.co/image/ab6761610000e5ebb27214d67103691c0615ba5c
46,1m24736Bdew1oQVxTePOCo,Unlisted,none,Tom Tom Club,https://i.scdn.co/image/ab6761610000e5ebfc63a938f631632153222c3f
44,63BjHqfGQ2GtEdYdUVbOSR,Unlisted,jazz beats,lightheart,https://i.scdn.co/image/ab6761610000e5ebeff9e3a01b97b5f5c2b12c6c
54,0sLb0ouettR8lDLnEgCSVK,Unlisted,lo-fi hip hop,Living Room,https://i.scdn.co/image/ab6761610000e5eb477760692350c18790091669
38,7toCka0iNs3DkEyWv94JmO,Unlisted,jazz beats,Lowkey,https://i.scdn.co/image/ab6761610000e5ebd10a72f69b9f824443731ee8
24,1ahA9vdjx7aBcfB7XjXT9k,Unlisted,none,UsualSND,https://i.scdn.co/image/ab6761610000e5eb7419d98b7e2450e72f649f71
34,7fQVHvcP2LSpPU3pNU7wKA,Unlisted,jazz beats,Harry Hawaii,https://i.scdn.co/image/ab6761610000e5ebb98264ac2015ad93525ba565
39,2oJeeqyPBtkQJgsZgjFboN,Unlisted,jazz beats,Gas Lab,https://i.scdn.co/image/ab6761610000e5eb4f5ac09ac3d9f400d2ee98ea
36,5QRwZZSW7an5dMJFKQgnge,Unlisted,none,Ronald Langestraat,https://i.scdn.co/image/ab67616d0000b27356907aad5978aeda01d1aa41
43,1bNgeTuV3MlkAq64Ybvcq5,Unlisted,none,Delicate Steve,https://i.scdn.co/image/ab6761610000e5eb1144fcb78e3a06167251fdcc
28,0NXGquUwII6z0ukB4xmvS7,Unlisted,none,r mccarthy,https://i.scdn.co/image/ab6761610000e5ebd82b621364af17d24a068382
20,5AwLKcjkHnybsRwhrwq8Pj,Unlisted,none,Gunild Keetman,https://i.scdn.co/image/ab67616d0000b273aa838dd9f397c684717b0fd2
10,7sdP82BOHQI8W6dT3FSAjc,Unlisted,none,plant milk,https://i.scdn.co/image/ab6761610000e5eb86d32771209c2bb82a4f50eb
15,7Bd76GC9TGpRm9Oh7LH7Kx,Unlisted,none,Moscow New Philharmonic Orchestra,https://i.scdn.co/image/ab67616d0000b273c6cf8274384d9a98302b2d58
75,53A0W3U0s8diEn9RhXQhVz,Unlisted,none,Keane,https://i.scdn.co/image/ab6761610000e5eb92f6dba2793814a1c5aa8d35
46,2mt3wR9B4tg9KXvICFYhqM,Unlisted,lo-fi hip hop,Baen Mow,https://i.scdn.co/image/ab6761610000e5eb7c9fce2ddde360f0a1e49d9a
26,3OtCzBJs5hFZapz4lY6aWa,Unlisted,none,Christopher Stracey,https://i.scdn.co/image/ab6761610000e5eb98577a2d2b2c8a7ea936fe89
64,03eX3RX46RbMeY7FA8xF99,Unlisted,none,NatuREM,https://i.scdn.co/image/ab67616d0000b27328a527aabcac7dc9476a3549
24,6WHCgS2g18qWw45K66DdRZ,Unlisted,none,Seahawks,https://i.scdn.co/image/f11d0f53207faa8b1165dc322fbaeab95f969c32
46,53Ogdlq3YW29r02FV64tYH,Unlisted,none,Zinan,https://i.scdn.co/image/ab6761610000e5ebec26ce527a08ba54d63e9070
64,3LpLGlgRS1IKPPwElnpW35,Unlisted,none,James Morrison,https://i.scdn.co/image/ab6761610000e5eb7793e59a0beb24340f6b0e37
33,7j8hJ3AUvRVQp2J4eFxjVi,Unlisted,jazz beats,Farnell Newton,https://i.scdn.co/image/ab6761610000e5eba1a5b7c04f6a3b83ed7fe413
47,3eUpxakSdjFZ5ROQKgfL2W,Unlisted,none,Tentendo,https://i.scdn.co/image/ab6761610000e5eb95399b4ea71ee9961bddc2eb
42,4gjOdAe1Y6bL7QxD5m3KqP,Unlisted,none,Critical Role,https://i.scdn.co/image/ab6761610000e5ebec14e059862876ef7ab82577
2,61MIC2di2Ky5MtDuxWnulX,Unlisted,none,Miroque A.k.a Cassiopia,https://i.scdn.co/image/ab67616d0000b2737c5c9a5faf6f83980acbd011
65,2FwDTncULUnmANIh7qKa5z,Unlisted,none,FKJ,https://i.scdn.co/image/ab6761610000e5eb6008518ffc2479a241c30754
63,5zzrJD2jXrE9dZ1AklRFcL,Unlisted,none,KT Tunstall,https://i.scdn.co/image/ab6761610000e5ebbef7f98e21d710c12dd4f39d
0,0HSjvEdeEVUChoVAhHAN48,Unlisted,none,The Cracked,https://i.scdn.co/image/ab6761610000e5eb5ec2fa130d96bb6d9f907b0e
52,77J3V0V7sEOf5ifCDBSNaJ,Unlisted,italo disco,Nu Genea,https://i.scdn.co/image/ab6761610000e5eb8db45600764fd4ecf7f9b7cb
57,2FwJwEswyIUAljqgjNSHgP,Unlisted,none,Snakehips,https://i.scdn.co/image/ab6761610000e5ebb72a1f15f8a3c15f726db58a
34,13ktebtZo4NRbX3uThOmP2,Unlisted,jazz beats,young.vishnu,https://i.scdn.co/image/ab6761610000e5ebc06ba79518aadd209ae0c4fc
36,26e6xlrurIqVfo2GzwuSMQ,Unlisted,lo-fi hip hop,Khutko,https://i.scdn.co/image/ab6761610000e5ebbd62b67948132c5023ef6730
51,4vPiZNfnHqzN52FOn38BEv,Unlisted,none,Trevor Kowalski,https://i.scdn.co/image/ab6761610000e5eb4b50af4a5eace9fc0ced1d17
36,4ETeWE9SAfaNU7XQ1RB2wq,Unlisted,none,Nina Cobham,https://i.scdn.co/image/ab6761610000e5eb250dfc502bbf4f035ed714ac
14,0QafFu1D0s1WrS4GpgoEvU,Unlisted,none,Cybe,https://i.scdn.co/image/ab6761610000e5eb9e4b065e1d9dfffabefe455d
15,7bGMJI5extdRfbKjw1NufB,Unlisted,jazz beats,An0,https://i.scdn.co/image/ab6761610000e5ebe91e5e93cba6435ee2eb014e
5,3RAvNSmI0guFG0gSYbhVzi,Unlisted,none,Doreem,https://i.scdn.co/image/ab67616d0000b273791cbfce1368db8c02506b73
39,2OCklJbxEeL54I1EQOlbxW,Unlisted,none,May Erlewine,https://i.scdn.co/image/ab6761610000e5ebd66e1a3e59609bc6685951db
59,42MRYPhQfcEXqb18dl5ERX,Unlisted,none,"Bobby ""Boris"" Pickett",https://i.scdn.co/image/120fb5b93274fd39d1d761e9dacc71deb891eb95
14,6ZMc2pQrQsDCx3KhJ2tuuT,Unlisted,none,James Curnow,https://i.scdn.co/image/ab67616d0000b273df05a06eb8547897d29eb727
54,7xNPROyVfkH4mcIxxCxySm,Unlisted,none,Junior Senior,https://i.scdn.co/image/6bfc727d72f5a8d06bce02b7a2dcdf084bd057f3
1,6RrsYawePSsfyXVC5CL0es,Unlisted,none,Fri Steel,https://i.scdn.co/image/ab6761610000e5eba82d1b9e153b24209b28aeb6
51,5jNGQ7VOU87x5402JjhTtd,Unlisted,none,Deniece Williams,https://i.scdn.co/image/0463291ed74637e96108fef43446c03b309dcad6
40,3P6nMEGXn0hzBlMndKfLQH,Unlisted,none,Simon Webbe,https://i.scdn.co/image/63a69ddfdf7dfe9551c96cbfc211fcb3ccd2308e
17,3fzSa1ee522CjcS8Fdo7dl,Unlisted,none,Rich Ruth,https://i.scdn.co/image/ab6761610000e5eb95effd3086e4f3321630cf6a
60,37NqXwtb6nIEqRt4EJSoIO,Unlisted,none,Duffy,https://i.scdn.co/image/ab6772690000c46c50e750d1aed632c37a450ffb
50,7jOY91ZU7kn86slH3fBbaD,Unlisted,none,Louie Zong,https://i.scdn.co/image/ab6761610000e5ebe58ed665cbaf7af02b69dabd
74,085pc2PYOi8bGKj0PNjekA,Unlisted,none,will.i.am,https://i.scdn.co/image/ab6761610000e5eb7226c1f8cb3827c6dc6ab865
36,6UdAtUl2rb8AxzQ6uQRhzC,Unlisted,none,Johnny Marks,https://i.scdn.co/image/ab67616d0000b273651e84af662d5cc6d9e3578d
0,68HtcKyPyausEJwkW9tOLn,Unlisted,none,Paul Moretti Trio,https://i.scdn.co/image/ab67616d0000b273dbdbf87994bad47c7600f56b
41,32zXZpxwb2bq7oGzAhe1Ii,Unlisted,none,Irving Berlin,https://i.scdn.co/image/ab6761610000e5eb56c9bd64d2d1d7e8011f2d6e
44,6EUPmAvpY341eXZwJVy6dn,Unlisted,none,Berlinist,https://i.scdn.co/image/ab6761610000e5ebbb58bf9492983cb91adc7150
42,5nn0v7ZNnO4cY7TEAjjfSx,Unlisted,none,Edgar Hopp,https://i.scdn.co/image/ab6761610000e5eb47411d39b8f25d214b706c10
3,3LaVSlSGfKu0DqKypDzWs8,Unlisted,jazz beats,Espen Bjarnar,https://i.scdn.co/image/ab6761610000e5eb3514e6c0c7d918ec38b6feb1
49,15qI5w4XJFLRMwOp2VrlD5,Unlisted,none,The Saturdays,https://i.scdn.co/image/ab6761610000e5ebe3682c7e33275c9ce31a2f31
43,1M3REpihyqFCmBRC9sMzp5,Unlisted,none,Hampus Naeselius,https://i.scdn.co/image/ab6761610000e5eb29e56508e3fb2d5c567c0283
53,1yLIaxyVkZnLMXhfRSYEjV,Unlisted,none,Johannes Bornlöf,https://i.scdn.co/image/ab6761610000e5eb25e73d95565aacaf05bd81fa
69,4WN5naL3ofxrVBgFpguzKo,Unlisted,none,Rudimental,https://i.scdn.co/image/ab6761610000e5ebf74070a7e4a3e7743f68b058
26,6otXkyqbgdA8w0xKTw8JLQ,Unlisted,none,Kala Ramnath,https://i.scdn.co/image/ab6761610000e5eb41809ff085efc2b8de3c0b6c
48,0iMWUBpWAGKAenBVePrZFP,Unlisted,lo-fi hip hop,Project AER,https://i.scdn.co/image/ab6761610000e5eba6804d9e4607d940b5903b05
54,7daSp9zXk1dmqNxwKFkL35,Unlisted,lo-fi hip hop,Kupla,https://i.scdn.co/image/ab6761610000e5eb93f7e683ef76643012351b7c
0,1Ip3Kc3dci4G1MKzWJstX9,Unlisted,none,EIF,https://i.scdn.co/image/ab6761610000e5ebf897f2da7ced549fcba02ea8
36,3rYsb4Uy6nZNIl6Tg6TpAq,Unlisted,none,Jukio Kallio,https://i.scdn.co/image/ab6761610000e5eb192905c5e0b84cee565c6300
73,3e7awlrlDSwF3iM0WBjGMp,Unlisted,none,Little Mix,https://i.scdn.co/image/ab6761610000e5eb08cd53940cbf5813ee5fe565
61,5RJFJWYgtgWktosLrUDzff,Unlisted,none,Griff,https://i.scdn.co/image/ab6761610000e5ebd792e541b7b46fe8546c447e
86,0hCNtLu0JehylgoiP8L4Gh,Unlisted,none,Nicki Minaj,https://i.scdn.co/image/ab6761610000e5eb07a50f0a9a8f11e5a1102cbd
47,5DD5GZd4ElmQTy9NleMvKJ,Unlisted,none,Tessa Violet,https://i.scdn.co/image/ab6761610000e5ebe73bbec9dd078c35607eb114
14,1MzNMhcJhkG0pCk2sg3PTR,Unlisted,classic blues,Sippie Wallace,https://i.scdn.co/image/0326a67911c5ef91d8e1ed42ef2aea031de152b5
26,3g1WYQhYOX7vpwJCSo0t7F,Unlisted,none,Paul Pritchard,https://i.scdn.co/image/ab67616d0000b2734ecaeda9982c2665ada519af
39,38noD0A6jhU1r40ICjtajU,Unlisted,none,Andrew Hale,https://i.scdn.co/image/ab67616d0000b2739eb655c371d18d48d5ef1bb4
63,7A8S43ryYdbWpJKeHRZRcq,Unlisted,none,JACKBOYS,https://i.scdn.co/image/ab6761610000e5eb440b705481183f0ddaa521d7
12,6R2xLIEsoJEFSWtFYJJ7uh,Unlisted,none,Bob Sneider,https://i.scdn.co/image/ab67616d0000b2733a320312f85782f27638a28a
36,0kZQLbj8h2SMVZHUJSbfBQ,Unlisted,none,Jason Graves,https://i.scdn.co/image/ab6761610000e5eb89d9a236352823c2d804dfdc
27,4ZdfXQkef0hnTSqmhpGarA,Unlisted,classic blues,Alberta Hunter,https://i.scdn.co/image/eb4c295017a07edb83aca47c7421d9d6caab3f0d
60,13VunSzrVSmJBpUWxUajJF,Unlisted,none,Limbo,https://i.scdn.co/image/ab6761610000e5eb9684926a334692581540625e
56,5dYGaoCO0iaUZKfl9K8Gtd,Unlisted,none,Harmless,https://i.scdn.co/image/ab6761610000e5eb422694da066f051c5c7c76d8
3,2QVDiljzua9rgZHSeqDgKZ,Unlisted,none,Hermann Neuling,
43,2oL7Lp9YZEE3CSxLx8QY8q,Unlisted,none,Andreas Rönnberg,https://i.scdn.co/image/ab6761610000e5eb745d70de1ebdd1e85b73c710
2,6jDd1Y8T44E9k3jFnHyC9H,Unlisted,none,[Post-foetus],https://i.scdn.co/image/ab67616d0000b273a2a11be776d8f131ef848840
36,5GbsEElDfxIjlM3rknGexS,Unlisted,none,Jake Milliner,https://i.scdn.co/image/ab6761610000e5eb9647cca3666a617d4532d243
47,3wKV11EdqfY7lFaUeDUEC1,Unlisted,lo-fi hip hop,Lilac,https://i.scdn.co/image/ab6761610000e5ebf15d1525a39dece8e65f0418
3,3OglhORwydCOlEd2vqwoIe,Unlisted,jazz beats,Georgy Whistler,https://i.scdn.co/image/ab67616d0000b273cf22b95846f48830a03673b9
0,0Yag4ytAigYG9gD1APaXre,Unlisted,none,eevee beats,https://i.scdn.co/image/ab6761610000e5ebdfa4328e5a2e3adea6e54da5
34,1GEuHbNwTRj4QPyoythtBh,Unlisted,none,Mikhail Glinka,https://i.scdn.co/image/abd4832148d5b5197c1aa03138f33748b4ad586d
28,5PA3lsNXbVYa6Zwvf9nXUe,Unlisted,none,Ringmasters,https://i.scdn.co/image/ab6761610000e5eb98d658273b0c397fc4414826
43,73r6cgVUoNL47qnJAF0Ihw,Unlisted,none,Taylor John Williams,https://i.scdn.co/image/ab6761610000e5eb2db7b5967ce4ccbf9c887ac5
1,5nyXxyWzHMzoZRqtpdjnms,Unlisted,none,j.thrive,https://i.scdn.co/image/ab6761610000e5eb650748dd13284c967807f70f
1,6AIMbstX8Kyb4OnANfhl3r,Unlisted,jazz beats,LIVW,https://i.scdn.co/image/ab6761610000e5eb95933b22a47ff2d81c40d580
33,21MZoYDTcbPsC5crOQVqho,Unlisted,none,Private Island,https://i.scdn.co/image/ab6761610000e5eb150ed675a367339dc8b2f4b9
55,00dwwnz3V4kRfu3UFYpJLz,Unlisted,none,Cherub,https://i.scdn.co/image/ab6761610000e5eb498469bc1e0dd35bdf8e9408
49,1jDbZQQs4VNtiC4AerpIg4,Unlisted,lo-fi hip hop,ENRA,https://i.scdn.co/image/ab6761610000e5ebba03b19e0c863949a2d68f26
14,32OuYoQkedAGs4hKig6oUi,Unlisted,none,Anat Fort,https://i.scdn.co/image/ab6761610000e5eb6c45436b12a971a31c5bf7ad
62,3Inrg8cs8oc4q8oPES4a6S,Unlisted,none,The Five Stairsteps,https://i.scdn.co/image/ab67616d0000b273b4b2642b767f641a15c9fef1
59,16QSVsPKl743hu4U5C18R8,Unlisted,christian folk,Josh Garrels,https://i.scdn.co/image/ab6761610000e5eb6b43cacaf41592268ee154db
30,4PwAMeYAleoB1JgIe3ss4Q,Unlisted,none,Blunted Beatz,https://i.scdn.co/image/ab6761610000e5eb77171e4dbb6e620010021183
47,3azKf6nXrUCI1RLZkX4Aj6,Unlisted,lo-fi hip hop,H.1,https://i.scdn.co/image/ab6761610000e5eb94ce0ab5ff2b6611cb3f71a0
3,3slLCBXYLkr6Gj1ogFGxGL,Unlisted,lo-fi hip hop,Marius Schiffer,https://i.scdn.co/image/ab6761610000e5eb9a395162c795ca036cc8d2ef
18,5z1DT2Qv5crikZIIJt5uO9,Unlisted,none,Alexander von Zemlinsky,https://i.scdn.co/image/0309ecc65bf7a08e7d8b1c57c1e5880a2a0d9b00
7,1v8hgBjyWZ6rAzqhICIFrs,Unlisted,none,Yang Nips,https://i.scdn.co/image/ab6761610000e5eb05e02ea2628d82d20f50e38d
15,2UNPSEUPfiVIh2PVIwoUaG,Unlisted,jazz beats,Kayo,https://i.scdn.co/image/ab6761610000e5ebd7c851cfe8acd45899d73395
0,6cpCzY2S9ExtvCQK0HKYHv,Unlisted,none,kolor,https://i.scdn.co/image/ab6761610000e5ebe07edcec1a9bf389d9a81b7b
46,3VLf4DlBTN2ZRwygS3TNti,Unlisted,none,The Academic,https://i.scdn.co/image/ab6761610000e5eb0d6649eedc3c5a423e860bf9
27,0jQlt8C2OuW3ZwHTSvTDI5,Unlisted,japanese indie,Shugo Tokumaru,https://i.scdn.co/image/ab6761610000e5eb4a63425741dd564dae2c10fa
31,52pNByiBWx6SVMMqqcCA74,Unlisted,none,The Magic Gang,https://i.scdn.co/image/ab6761610000e5eb9b29e70dac8afb967eaeb7da
5,6Csd1XtsQbujqZRX6KTI4m,Unlisted,none,Maria Rodrigus,https://i.scdn.co/image/ab67616d0000b273874304bf2177f46e8b9fbf68
13,5s0rjfjcB5bk1bKAE2azc8,Unlisted,none,Danny Blue,https://i.scdn.co/image/ab6761610000e5eb2daf80e8e6243c07875363d3
85,6XkjpgcEsYab502Vr1bBeW,Unlisted,cumbia norteña,Grupo Frontera,https://i.scdn.co/image/ab6761610000e5ebb8bb50dc787d5893156689f6
43,0QmdasntOdQpEwRd40wyp3,Unlisted,lo-fi hip hop,less.people,https://i.scdn.co/image/ab6761610000e5eb12efe368a50b0ea9523b205d
54,0nAVvgfE9yI4DwvMiYwk8a,Unlisted,none,Johnny Nash,https://i.scdn.co/image/ab67616d0000b273702689066bc17ee67203c2bc
31,3VZj4YxaCNGpQGm95P1lVq,Unlisted,none,Coubo,https://i.scdn.co/image/ab6761610000e5eb184e5a85caf04465635ea368
24,649XtoH5WKEFvH8hEANCxv,Unlisted,lo-fi hip hop,Edo Lee,https://i.scdn.co/image/ab6761610000e5eb5f55b951c4d6db741ec2fe27
77,16oZKvXb6WkQlVAjwo2Wbg,Unlisted,folk pop,The Lumineers,https://i.scdn.co/image/ab6761610000e5eb0f882273183345499155d6ed
0,6NX5Cv1MQv5yAsAyQYiCUZ,Unlisted,none,Kreambeat,
2,6Mz44EIJ0SPySHqMCtGgXc,Unlisted,lo-fi hip hop,Jay Alpha,https://i.scdn.co/image/ab6761610000e5eb7e1cbcec08bf9879dd33ed44
19,6JavWK8JRQbZ3oX9nrkSyb,Unlisted,lo-fi hip hop,TiMT,https://i.scdn.co/image/ab6761610000e5eb547a3a9af87cb604b1b57db7
9,2wTGVnmoIgz8S6DfjerKx1,Unlisted,none,Dimitri Stöckl,https://i.scdn.co/image/ab67616d0000b273f6172a9d294cc2c2bd6be9dc
46,50nVKm0xa3p8KYXXssG2ym,Unlisted,lo-fi hip hop,Monma,https://i.scdn.co/image/ab6761610000e5ebeb5241399adbf17be708c93e
19,0COmjEzD3EK62KJ7XYjhQW,Unlisted,none,MadBliss,https://i.scdn.co/image/ab6761610000e5eb610bd781b1f504a371c30dac
31,0bdr6z9DImvrsrs2WoZ8pV,Unlisted,lo-fi hip hop,Saito,https://i.scdn.co/image/ab6761610000e5eb0458297db061ec920683c984
24,3WmFNCPmnVuZbVMeExH8hT,Unlisted,none,Jedward,https://i.scdn.co/image/ab6761610000e5ebfc1c48a1877dc8a156fb386f
41,3xqrRhBSgCer7lokC0Lhk4,Unlisted,lo-fi hip hop,CoryaYo,https://i.scdn.co/image/ab6761610000e5ebd15dcb8992716fa880c8fb76
11,6rSDduPxYvV7YLxGHU2ma7,Unlisted,rally house,spd.,https://i.scdn.co/image/ab6761610000e5eb469ef659a0d066d16a1b316c
10,0nNv0BJnuUvNlIFNlH0Fen,Unlisted,lo-fi hip hop,IOM,https://i.scdn.co/image/ab6761610000e5eb292b8052f843b783beb8c834
43,0HCAzT0cSCpiNje7AcAQaD,Unlisted,lo-fi hip hop,chief.,https://i.scdn.co/image/ab6761610000e5eb74ff3ba5a26ead034c5e173d
72,5R5MLOQbI4lb7GHYioPqoN,Unlisted,none,Mindless Self Indulgence,https://i.scdn.co/image/786910afed9a2c3589d522a062c64fb4197d55ca
29,3U6rNiL0weudbwLofMicVq,Unlisted,lo-fi hip hop,Brenky,https://i.scdn.co/image/ab6761610000e5eb35dab4ff7bdc45ff91421b5b
36,4xwGJE9zR35fPIbbe8uSiH,Unlisted,none,Bruce Douglas,https://i.scdn.co/image/ab67616d0000b273f7077eafc1aab9ef518aae92
1,5ZWeAgrS6ZYY3OCF12o2VT,Unlisted,none,Kenji451,https://i.scdn.co/image/ab6761610000e5eb5a00b9925a36a7b67e9a0511
19,6C6cCRdINVR9zbGmuYaRij,Unlisted,none,Riscas,https://i.scdn.co/image/ab6761610000e5eba07052cbbbe455a929fb471e
4,2GrvpbWgcVKFJy2l6Hck2y,Unlisted,none,Mo Cess,https://i.scdn.co/image/ab6761610000e5ebbc29c8b1009b2058a6b3ca44
65,0RpddSzUHfncUWNJXKOsjy,Unlisted,none,Neon Trees,https://i.scdn.co/image/ab6761610000e5eb2781a8f12aac83aaff949017
52,2PmIyxmEFsNfQJjEifPDZC,Unlisted,none,RAT BOY,https://i.scdn.co/image/ab6761610000e5ebef86e2323ee33efda4ff3cd8
25,5TcPijsr7sstBFVAMNfdIm,Unlisted,none,Yeo,https://i.scdn.co/image/ab6761610000e5eb590eaf449149e9aeca0013ae
23,6ec2joVXjW8GCD7MfIf06y,Unlisted,none,Ryo Natoyama,https://i.scdn.co/image/ab6761610000e5eb23101c482278737771993d0b
42,14GEKKALFIO2oB9IdGXg2e,Unlisted,none,Reverend And The Makers,https://i.scdn.co/image/ab6761610000e5eb3d7f79c8952e0842da7325ae
23,0Qta34kIeeonfyC692s5b8,Unlisted,none,Rothstein,https://i.scdn.co/image/ab6761610000e5eb92784a74f2c886720a9685d6
43,33WEbJHirq23bohapH3pI9,Unlisted,none,Thrupence,https://i.scdn.co/image/ab6761610000e5eb4f1977a32ced060ccb76484e
35,7cfhZmKaLWzNLwHDxzugUH,Unlisted,none,Little Comets,https://i.scdn.co/image/ab6761610000e5eb98d148293fe7d15178b3ceee
40,5YA1c6yVkPnflTLMfOgjzc,Unlisted,none,Vistas,https://i.scdn.co/image/ab6761610000e5eb449aa655c7e9c2b77601dba5
28,4wYzzR0lpEub1gUU8bbBTw,Unlisted,none,BLOXX,https://i.scdn.co/image/ab6761610000e5eb81af74d881f8645cd2ab990c
37,1kF0gYnHLUJvFuPdoowO02,Unlisted,none,Lower Than Atlantis,https://i.scdn.co/image/ab6761610000e5eb1294f09853a2302511841db5
14,4064K2hGMavsOltwUzVRjG,Unlisted,jazz beats,QSTN,https://i.scdn.co/image/ab6761610000e5eb6e7f1854623b855c70bda098
0,5kz3Ki4rvUYsBjFz8epYFy,Unlisted,none,Testa,
7,6j5WIIttUDfhFcDPW43B6L,Unlisted,none,Mirac,https://i.scdn.co/image/ab6761610000e5eba802e1d0bf9552343a9cc743
17,33Jn09X4fcgWLvII6zbWTi,Unlisted,none,Dallas Brass,https://i.scdn.co/image/ab6772690000c46cc4bb1e04f37ce72a7b1553a6
19,1U8stB5JKpJA7atRjrlVtF,Unlisted,none,Aeuria,https://i.scdn.co/image/ab6761610000e5ebfca71657a1f2cc32dccef70d
2,7jrGA1rLw7YUndfjUQhILL,Unlisted,none,Trishes,
36,5gigjnekB1RsPwKKitalWD,Unlisted,lo-fi hip hop,GlobulDub,https://i.scdn.co/image/ab6761610000e5ebe4f87b0f2cae728b6e806864
48,71NBOcJ9lMeXqnbnya1z0x,Unlisted,none,HIMALAYAS,https://i.scdn.co/image/ab6761610000e5eb9c108d95b3905c5a5c7c6e24
0,2qzxXs3BnGPZQEO3IH0cHv,Unlisted,none,TrommelTobi,
1,0zOJv7KtRelNGc506psP5B,Unlisted,none,Tsi,https://i.scdn.co/image/ab67616d0000b27308caa2fdf2228e43c422b1ea
71,7KMqksf0UMdyA0UCf4R3ux,Unlisted,none,James Blunt,https://i.scdn.co/image/ab6761610000e5eb3863fa2fdb07fb4fe1a9607d
71,5bQ3wFgekuIMIcWJuxkqLK,Unlisted,none,Chrystal,https://i.scdn.co/image/ab6761610000e5eb511cfa79f6271fd75295a464
17,56aveFmMjth9yuDxLjUoEb,Unlisted,none,Il Quadro di Troisi,https://i.scdn.co/image/ab6761610000e5ebcc88cd4faa16624420fe2b5d
64,1g1yxsNVPhMUl9GrMjEb2o,Unlisted,none,Plain White T's,https://i.scdn.co/image/ab6761610000e5ebe7307e9f17a33d20de1688ae
28,190s2q06h5ztFSuGHOpmf3,Unlisted,none,Salin,https://i.scdn.co/image/ab6761610000e5ebc59e0b81e18a3d77f4b95237
15,0a5RCK5J5b6GVzHVcEO05o,Unlisted,none,Modern Biology,https://i.scdn.co/image/ab6761610000e5ebea747f359b995336b5a0129d
44,3uT7nEkZwWc2GBiqUZGoOe,Unlisted,none,Aqualung,https://i.scdn.co/image/ab6761610000e5eb5c40f68063f524e6401a3578
63,5PN2aHIvLEM98XIorsPMhE,Unlisted,none,Kim Carnes,https://i.scdn.co/image/ab6761610000e5eb1ba0c0b42be17d19a8d67d15
10,718bMVciNqFHau2FG9Gzcw,Unlisted,jazz beats,Breezy Crust,https://i.scdn.co/image/ab6761610000e5eb80f222caa184468ebdaf14ff
47,7p24SkpCc94fUK8rPK3JHm,Unlisted,none,Black Pontiac,https://i.scdn.co/image/ab6761610000e5ebd797d33f3777416adc02653b
23,3tP0vfdc9dVFQpnylxeQOM,Unlisted,ethiopian jazz,Tlahoun Gessesse,https://i.scdn.co/image/ab67616d0000b27366aca3342fbbfc9a6691cad3
59,6edGSAX5dVpeJVwu1Q0NwJ,Unlisted,none,Lighthouse Family,https://i.scdn.co/image/ab6761610000e5eb0a972998322326f51309ce2d
47,7GsvnIE0bUBu6WZXO3ryJe,Unlisted,lo-fi hip hop,Sebastian Kamae,https://i.scdn.co/image/ab6761610000e5eb8f66ec6808f38b1747c05fd7
26,5NpmsKgHkSEkYa17wmCxgL,Unlisted,none,Deaf Andrews,https://i.scdn.co/image/ab6761610000e5eba0625ab3773705c41e260d7a
31,1RoBZgzvFxLIBCFKe7KvCj,Unlisted,none,Jake Lefkowitz,https://i.scdn.co/image/ab6761610000e5eb59d2a40082821e6cfed3dc76
67,3VHAySZQPlfGlNLslzXYpN,Unlisted,none,NATHY PELUSO,https://i.scdn.co/image/ab6761610000e5eb075721c2893416cd8b851099
34,20ByrOLH0TsRcmZkZ8VrnY,Unlisted,none,Adam Ben Ezra,https://i.scdn.co/image/ab6761610000e5ebc517d1e477d49ef0ed4287c3
33,2wMknlekLTOb4vRWn61NO5,Unlisted,none,The Backfires,https://i.scdn.co/image/ab6761610000e5ebc12e3f4dacc36924b515b6f5
26,3l3OXBVFtuPwDpQTGtXNjj,Unlisted,none,Al Bairre,https://i.scdn.co/image/ab6761610000e5eb7343ff61ebc3b3fcd08bee3f
73,4phGZZrJZRo4ElhRtViYdl,Unlisted,soft pop,Jason Mraz,https://i.scdn.co/image/ab6761610000e5ebc3b370fc26c83312db52af14
7,2YGj6osTwu0Nmq8kOsz6UA,Unlisted,none,Cotton Claw,https://i.scdn.co/image/ab67616d0000b2736d40b22a4fe0db09fb24a264
70,0IEzMvarfVycBJAXjjEZOL,Unlisted,none,La Pantera,https://i.scdn.co/image/ab6761610000e5ebe55383d9bc411692921d4c73
93,1uNFoZAHBGtllmzznpCI3s,Unlisted,none,Justin Bieber,https://i.scdn.co/image/ab6761610000e5ebaf20f7db5288bce9beede034
43,6TWEX2qTj9b0bBsXSVCMKM,Unlisted,none,Maya Delilah,https://i.scdn.co/image/ab6761610000e5eb0c2256528b13da83c2d07605
28,2ZkqHfi77hI8mhB7TymaZX,Unlisted,jazz beats,Spurendieb,https://i.scdn.co/image/ab6761610000e5ebc4d9014c738e86df010353f5
17,7rbiDXzJIkf2MKPh9boQeF,Unlisted,none,Beats by Tobÿ,https://i.scdn.co/image/ab67616d0000b273d0db89250e8b1d36a97feb94
43,2F5B5YgPDinjL9x35lkkke,Unlisted,jazz beats,Søren Søstrom,https://i.scdn.co/image/ab6761610000e5eb7fe3ac28b1abac814162e338
41,6H52XHsK270xEHnxCpVKat,Unlisted,none,TwoChills,https://i.scdn.co/image/ab6761610000e5eb450b1aa62dbc05fd429b739d
40,7iKleRyjLc8sVDN551vyiX,Unlisted,none,L'Eclair,https://i.scdn.co/image/ab6761610000e5eb7526b2c70409d011e726f113
51,4btBTQ1pWqpnDPY4BWMh1S,Unlisted,lo-fi hip hop,Spencer Hunt,https://i.scdn.co/image/ab6761610000e5eb08fed58a169cf85d451d1c29
43,1sBvMbjmvbOs0ckEQpm52v,Unlisted,jazz beats,yosev,https://i.scdn.co/image/ab6761610000e5ebd20a52dbfc154796fac5df4a
38,5otJgZSWycJEtT7hMtx3Oz,Unlisted,none,Elysian Spring,https://i.scdn.co/image/ab67616d0000b273c578e168af2dc41efe62e08d
40,4RY9rfaEmLMXM3RaVC4HLd,Unlisted,jazz beats,Sam Cross,https://i.scdn.co/image/ab6761610000e5eb0575acfe4a2c7b755bf1a7f8
80,0fA0VVWsXO9YnASrzqfmYu,Unlisted,none,Kid Cudi,https://i.scdn.co/image/ab6761610000e5eb5f00bb6dd7a7008d14156630
30,7mbyocfSOEDLUpdGRyDVgx,Unlisted,none,OHMA,https://i.scdn.co/image/ab6761610000e5eb8d72c6949aac11251da68a5d
1,5hUtQIwDoZAvuFqCdNDMgt,Unlisted,none,Júlio Medaglia,https://i.scdn.co/image/3fad4931510d94e41fc31b3432d62e340733a2f2
24,6ngrl52MHztm8MPG6L4Z8h,Unlisted,jazz beats,toby chick,https://i.scdn.co/image/ab6761610000e5ebd931059034747b7baeeb903f
36,25dl7AnPGblWzL4vmQ0qCt,Unlisted,jazz beats,Farhot,https://i.scdn.co/image/ab6761610000e5eb7dadb58b61a4bb6e0dfa0d80
45,19v0Cnq5D4SKom8SVlXhkw,Unlisted,none,Jean-Baptiste Lully,https://i.scdn.co/image/405b9676c994d86e9f72d6098d22f7625f9bb5b0
34,4QQM0xwh18KQeE0CrnSqyj,Unlisted,jazz beats,.multibeat,https://i.scdn.co/image/ab6761610000e5ebf7db8dc7f4310e4f66239f5e
44,2awWBxv11I86fi6z4T0U9o,Unlisted,jazz beats,jüle.,https://i.scdn.co/image/ab6761610000e5ebb747883ca005089ca4dbf2ec
63,0wcen0V8FgQu6xYupnZMbB,Unlisted,lo-fi hip hop,softy,https://i.scdn.co/image/ab6761610000e5eb3ed26cd944be61cf5628f157
27,6QA1jIAC7i52uJi8jbJDWB,Unlisted,none,Will Sessions,https://i.scdn.co/image/ab6761610000e5eb81da5e8865d2e101582b2d25
56,4EUMzs3VfIVjB5yrHv153S,Unlisted,jazz beats,Erwin Do,https://i.scdn.co/image/ab6761610000e5eb90c026de529cd005543c0568
78,1l7ZsJRRS8wlW3WfJfPfNS,Unlisted,none,Christina Aguilera,https://i.scdn.co/image/ab6761610000e5eb3e1a1553086d60940e7037ca
45,6bhgnwSJ85LTzAeWRFXrzF,Unlisted,jazz beats,Noé Mina,https://i.scdn.co/image/ab6761610000e5eb087d0d0545b90980df9bd83b
2,3BQyyXUJs39bwh0o4W2Pvs,Unlisted,none,Studio Barnhus,https://i.scdn.co/image/ab6761610000e5eb38af375410052ab93968a7fd
42,7nSt953jJJr09PrI5Ygpkg,Unlisted,none,Sensitive ASMR,https://i.scdn.co/image/ab6761610000e5ebbcb7f284263b52ccd76a3ddb
2,1XA37ggAvoKbPykQNepMHS,Unlisted,none,Teleskop,https://i.scdn.co/image/ab6761610000e5ebfe06d690451da6aae45e0b89
57,1QfEfvB62EEl4upf2ANKkR,Unlisted,uk r&b,Pip Millett,https://i.scdn.co/image/ab6761610000e5eb4e7068953d0ff3cdaab7eaca
31,062ONXgTenZpWBKsxJKZMf,Unlisted,none,Clark Aboud,https://i.scdn.co/image/ab6761610000e5ebcb45569a909350e585ec8663
48,6QzMY3tnu0m56eKUnr4uCF,Unlisted,none,Alfie Templeman,https://i.scdn.co/image/ab6761610000e5eb7c2b0d0cb000e7f3f41d9c64
50,4m5czFLS2w6j6NdvkAu34J,Unlisted,none,Moonlynx,https://i.scdn.co/image/ab6761610000e5eb72b59052f793e9fd764eac20
1,7k6535rJWtEv2TKhv1T6v7,Unlisted,jazz beats,yud.,https://i.scdn.co/image/ab6761610000e5ebd6b5b542c842d344546271d6
20,5dcAzlNZDfF2K5Rpzl4ZwK,Unlisted,none,Peter Graham,https://i.scdn.co/image/ab67616d0000b273095280fb58c2e886377e4455
14,77C78gzEoZDQ7SKNUqqoZw,Unlisted,none,Mervyn Warren,https://i.scdn.co/image/ab67616d0000b2730f63bc8c012a32da14cdb4be
61,6l7R1jntPahGxwJt7Tky8h,Unlisted,alté,Obongjayar,https://i.scdn.co/image/ab6761610000e5eb4ab5fcccf89128dd98b0b815
61,1km0R7wy712AzLkA1WjKET,Unlisted,none,Biffy Clyro,https://i.scdn.co/image/ab6761610000e5eb440fa32e555b94307d9f2e85
39,0hSgRl2U8kSaJLE2Di325f,Unlisted,none,Bad Sounds,https://i.scdn.co/image/ab6761610000e5eb4be35b3e094bee0c8ed0f25e
31,0Yy8ebHB2Ubh1xVIdddNYF,Unlisted,none,Franz von Suppé,https://i.scdn.co/image/ba5d80e80ce5639756cd0356c3ca10c59a107e7f
39,6DWp3hFGq7c3nyQ3AT7RDF,Unlisted,none,Malaki,https://i.scdn.co/image/ab6761610000e5ebbf75e2f3cb1d65456fbbbc58
54,5d8IWNN5vBsIDVskioGQLw,Unlisted,none,Ogień,https://i.scdn.co/image/ab6761610000e5eb6f183e2f73483c006df06e3b
58,1J6XFH9yaFImOmbaAWAx48,Unlisted,none,R. Guru,https://i.scdn.co/image/ab6761610000e5eb925768884d0d4c3fcccb5a78
30,4MjEXq0X0k1Sn1JZNaz3yM,Unlisted,jazz beats,Second Harbor,https://i.scdn.co/image/ab6761610000e5eb4f4608ea1e8f97560c638726
71,5nLYd9ST4Cnwy6NHaCxbj8,Unlisted,none,CeeLo Green,https://i.scdn.co/image/ab6761610000e5eb8079989370c50963b60ee7bc
6,2nWefmRaZ5x1QNWjbPD7xr,Unlisted,none,Simon Lovermann,https://i.scdn.co/image/ab6761610000e5ebbbc00c5e88ebf522267b62f6
20,0jDd0XW6WCERDtwSwMMZ0P,Unlisted,none,Frank LoCrasto,https://i.scdn.co/image/ab6761610000e5eb935a841ec418beb847096280
16,1XjPHPH071QMNIzRMkC7KA,Unlisted,none,Daniel Ridder,https://i.scdn.co/image/ab6761610000e5eb3910413a7f94dc22de6ac494
59,2VIoWte1HPDbZ2WqHd2La7,Unlisted,none,The Turtles,https://i.scdn.co/image/1065764f6bfae289f03651c9927dbd84eabae766
4,6CmQCngfxRqAKGvobus10v,Unlisted,none,Apollo,https://i.scdn.co/image/ab6761610000e5eb14c2470c27bd1c33eba3b159
31,4Nud0bPKFFBGWHxedLdHOZ,Unlisted,none,Jackson Sisters,https://i.scdn.co/image/ab67616d0000b27374dae4eef620817e26b87685
47,1UUYAQ9LiRsZF0ZukQNWXM,Unlisted,none,The 5th Dimension,https://i.scdn.co/image/ab6761610000e5eb4fc5b136fdcc7e93dec1e24f
65,5GtMEZEeFFsuHY8ad4kOxv,Unlisted,none,Seal,https://i.scdn.co/image/ab6761610000e5ebe29f9c69aad50e33fa61805a
76,2DlGxzQSjYe5N6G9nkYghR,Unlisted,none,Jennifer Lopez,https://i.scdn.co/image/ab6761610000e5eb48e24f77a03f78a00cfda0bb
7,2l470mqKXM31vhpMnf3IGN,Unlisted,none,Phillip Norman Watson,https://i.scdn.co/image/ab67616d0000b273d925c35e5c81c355de2bb841
38,7KdxWrkwsSjIxyHL0HNtiv,Unlisted,none,The Human Beinz,https://i.scdn.co/image/ab67616d0000b2739703c57642398ca531316d3e
23,2SX2FO04EBWWoY5OUYp9AQ,Unlisted,none,Otis Day & The Knights,https://i.scdn.co/image/f57edd9a81b770dc026ef70223cd13886788e797
43,71YfYiTx6KAZFJfKaNYueQ,Unlisted,j-r&b,Friday Night Plans,https://i.scdn.co/image/ab6761610000e5eb7fa7a2d450bd6f4459fbe80a
51,50Fwc6LYQ2aYsWVN10hhTY,Unlisted,dark r&b,PLAZA,https://i.scdn.co/image/ab6761610000e5eb54a05fbd86929fc38f9d879d
17,4ISF1JXAPlRrDtZu9EgIcv,Unlisted,none,Capital Theatre,https://i.scdn.co/image/ab6761610000e5ebec2b5ebe2df268d69cbe82fe
60,7LWdcPFBFcRaamGjIJbPV7,Unlisted,lo-fi hip hop,Laffey,https://i.scdn.co/image/ab6761610000e5ebe4da807625f628569fe57446
14,5wzTGmtiNrS8PsSpkPac9D,Unlisted,none,Ollie Reiss Trio,https://i.scdn.co/image/ab67616d0000b2737b92cf15c67a9d8d0775eabf
52,6bA2OonnJsG1tN9yClu2aC,Unlisted,lo-fi hip hop,mell-ø,https://i.scdn.co/image/ab6761610000e5eb022046cc52cc0b8ccae376b0
29,7uvEwug4pon5M8ktDXyx3q,Unlisted,none,Gerhard Narholz,https://i.scdn.co/image/ab6761610000e5eb681276833b60ea9b8778cf62
30,6RxI3tCP0Olcb9dMar7e9e,Unlisted,none,Arrangement,https://i.scdn.co/image/ab6761610000e5ebd135ae6cda7a6c085823f560
55,7FDlvgcodNfC0IBdWevl4u,Unlisted,none,James Vincent McMorrow,https://i.scdn.co/image/ab6761610000e5ebf0ab6ef3769a75325cc78e70
58,19HiWVd2g0XyJstBsbW2Qm,Unlisted,italian singer-songwriter,Fabrizio De André,https://i.scdn.co/image/ab6761610000e5eb659ae6e44f8b417e77b6c035
23,46jpwHnuLDnmEjcHMggddG,Unlisted,none,Leo Lindberg Trio,https://i.scdn.co/image/ab6761610000e5eb4b2f543cc63e5f6663ca45d9
9,7myp56R3GSTvsA2RKiqHbF,Unlisted,none,Ron Howard,
2,2311nmA4fly89WPASSBUcK,Unlisted,none,7th Street Quartet,https://i.scdn.co/image/ab67616d0000b2735aed57e58368800024b926ba
17,1eq350rdehuYyP5bQCAoEd,Unlisted,none,Francesca Marr,https://i.scdn.co/image/ab67616d0000b273d7e317508f3297e14bbd3fa7
8,5Pod14R8rXwlW13GpvTG6Q,Unlisted,none,Johan Kvandal,https://i.scdn.co/image/ab67616d0000b273e6553052f4f59cbd74ceef6f
0,6jSRzA6h34XsSCHVf9VxGH,Unlisted,none,Girl & the Unicorn,https://i.scdn.co/image/ab67616d0000b2738cbcb262ddbddd72c2b2fe0f
61,1Mh9G47YfuaLdQs44voLrQ,Unlisted,lo-fi hip hop,Hoogway,https://i.scdn.co/image/ab6761610000e5ebc9a4eefba7bc162da4ccd7d4
0,7oDPQCrvQjDimnEi8pt2W6,Unlisted,none,Fodens Courtois Band,
45,2wwMTLM2da1sa2JcJslf8W,Unlisted,none,Heartless Bastards,https://i.scdn.co/image/ab6761610000e5eb5a6c83300276371b4ad4e9c0
45,2OZgYaqlFRoRyycKkIvkSa,Unlisted,italian singer-songwriter,Fred Buscaglione,https://i.scdn.co/image/f60345eca2831f6abaf0769237b7d39fc4b1c5de
38,5gSzpQeKekCGJTR9hcWwKF,Unlisted,none,Concorde,https://i.scdn.co/image/ab6761610000e5ebe94539aaa5a762c4f816790f
3,1KWl2vGZPlDxP8h84r5hND,Unlisted,none,Michael Salter Quartet,https://i.scdn.co/image/ab67616d0000b2734987cb065b36d27c45f9a11e
50,55tif8708yyDQlSjh3Trdu,Unlisted,none,Ben Folds,https://i.scdn.co/image/ab6761610000e5ebd1224064f3e5ecf9533ebfbe
13,13mbePwXckXt3I7My0oypo,Unlisted,none,Yoshiaki Ochi,https://i.scdn.co/image/ab67616d0000b27309a72d03787f2e376e17c5bf
1,62n0E98ES3VIPT4qSpRaRR,Unlisted,none,Peter Berman Band,https://i.scdn.co/image/ab67616d0000b2735784e6961e9cac999129f955
56,526q7RxT5KA1VGeQ5GMSHO,Unlisted,none,Craig Armstrong,https://i.scdn.co/image/ab6761610000e5eb938a2edeb782b3467d00ac9a
51,6RGxLsQUoGk5PLyMVwb3yE,Unlisted,none,Sananda Maitreya,https://i.scdn.co/image/ab6761610000e5eb5b3e839d57fb4b453a171076
15,4l0l6g45HDF4LxnLV0lNzc,Unlisted,none,The Crypt Keeper,
29,0uznEwAun1tXBVJWQASNns,Unlisted,none,Jonah Aardekker,https://i.scdn.co/image/ab67616d0000b273172bd355dc4cbdece98f3dd9
87,20wkVLutqVOYrc0kxFs7rA,Unlisted,none,Daniel Caesar,https://i.scdn.co/image/ab6761610000e5ebe4d94f7cbebb17504c25d419
27,7dG4EQB53UFSvXatTATS45,Unlisted,none,Black Chamber,https://i.scdn.co/image/ab67616d0000b273f248e7f14d9b08379baa7185
83,5Pwc4xIPtQLFEnJriah9YJ,Unlisted,soft pop,OneRepublic,https://i.scdn.co/image/ab6761610000e5eb587687df50a967731901fcc2
82,4kYSro6naA4h99UJvo89HB,Unlisted,none,Cardi B,https://i.scdn.co/image/ab6761610000e5eba23286f24edd4a7dbdc6311d
76,5p9HO3XC5P3BLxJs5Mtrhm,Unlisted,none,Djo,https://i.scdn.co/image/ab6761610000e5eb4113d395582d3667b7978430
69,0gadJ2b9A4SKsB1RFkBb66,Unlisted,folk pop,Passenger,https://i.scdn.co/image/ab6761610000e5eba340be7e0bd2c71a3f2ca9ce
22,460n0z7RWA7eJ8xCar7uzH,Unlisted,none,Graham De Wilde,https://i.scdn.co/image/ab67616d0000b273039cf90a4147d46d45077a95
53,7qjoG7bwhAjSd7nJTcjgAk,Unlisted,latin folk,Kevin Johansen,https://i.scdn.co/image/ab6761610000e5eb4deb3b1f473100c5daa42b26
70,63wjoROpeh5f11Qm93UiJ1,Unlisted,none,Keri Hilson,https://i.scdn.co/image/ab6761610000e5eb846bc13eb69e61cdd53a5946
42,2oqwwcM17wrP9hBD25zKSR,Unlisted,none,Lewis Del Mar,https://i.scdn.co/image/ab6761610000e5ebb171e75745d404f23b5734c1
11,3FDm3lmzIDoZM0gnWTzqvs,Unlisted,jazz beats,kaso,https://i.scdn.co/image/ab6761610000e5ebb032eb389d58a4f8bb67d6ee
46,1zIcfg9uUp5YjS9Bb1sEgc,Unlisted,none,Rikard From,https://i.scdn.co/image/ab6761610000e5eb20a69e392e9eaa0150f83f9c
8,1k8EGYgHPe4xN2OliBpzRH,Unlisted,none,Food For Thought,https://i.scdn.co/image/ab6761610000e5eb1c4d42185697b9c99a76b44f
45,1anAI9P9iSzc9qzLv6AtHZ,Unlisted,none,Sure Sure,https://i.scdn.co/image/ab6761610000e5eb434b8c7c7c281e67692926d9
56,6c9mrV72IOeJ5imCUK281g,Unlisted,none,Franz Gordon,https://i.scdn.co/image/ab6761610000e5eb728a88e2a83b03ee60ab4d0f
32,1WYSFpEEWRZa2U8XV04Nid,Unlisted,none,YAYA,https://i.scdn.co/image/ab6761610000e5eb71892c350935296b2a387dbb
76,2gBjLmx6zQnFGQJCAQpRgw,Unlisted,none,Nelly,https://i.scdn.co/image/3677690af58abb70a5c5fd58d69db4d1ad705d4f
34,6CW4PA1rghGWGSHhmxGrrE,Unlisted,jazz beats,AK420,https://i.scdn.co/image/ab6761610000e5ebb7e5d9526df1c8d9d48fea02
5,6RXTbUQWSUoIDR2GlQRz7d,Unlisted,lo-fi hip hop,miyamigo,https://i.scdn.co/image/ab6761610000e5eb06133149bf197da5819c54d8
65,1kDGbuxWknIKx4FlgWxiSp,Unlisted,none,Nothing But Thieves,https://i.scdn.co/image/ab6761610000e5eb065faf07b0343e97bf3fba57
70,2AsusXITU8P25dlRNhcAbG,Unlisted,none,Gotye,https://i.scdn.co/image/ab6761610000e5eb45c53413a4f0198251481b0e
46,3EBRANWwnViQuBrImN61Z1,Unlisted,none,Pixie Lott,https://i.scdn.co/image/ab6761610000e5eb126f1ecfc08abade5337a9cb
39,6Amqc7UjJa19q4jrfAHA77,Unlisted,lo-fi hip hop,Flavors,https://i.scdn.co/image/ab6761610000e5eb9c87275707d3ccacfc341b10
47,1gUi2utSbJLNPddYENJAp4,Unlisted,none,Abhi The Nomad,https://i.scdn.co/image/ab6761610000e5ebcc91a9edf94c46d8b84f0051
38,3YO2a6i2cfdFbgxk2HDfPe,Unlisted,none,Will Joseph Cook,https://i.scdn.co/image/ab6761610000e5ebc0cf1d4f7d45e366c70d84de
38,7dLkuQHF2ijbK6jiLFyIWM,Unlisted,none,SWMRS,https://i.scdn.co/image/ab6761610000e5eb93bb08e1b1d12204023f0713
64,0xPoVNPnxIIUS1vrxAYV00,Unlisted,none,Del Water Gap,https://i.scdn.co/image/ab6761610000e5eb756c9f2be6294d04107ae215
28,6HGNvZKlT5TO7y4aJbDHql,Unlisted,none,Mosie,https://i.scdn.co/image/ab6761610000e5ebc08f5c7943b164863ac0f89c
41,7uztWv5UVx4hwcJXCtRyDV,Unlisted,uk r&b,Lemar,https://i.scdn.co/image/ab6761610000e5eb25968026bd7220eeac63997a
39,6kG4rnzy0AVEvZb7RGZtoy,Unlisted,lo-fi hip hop,M e a d o w,https://i.scdn.co/image/ab6761610000e5eb473794608d8489a21d0a56ee
48,3g65HWtAf8uyVmpR4sRbrT,Unlisted,none,The Hails,https://i.scdn.co/image/ab6761610000e5eba081e769eda439d8794cd35f
43,1Nv875EklW8XLTduI6I3Js,Unlisted,none,fcj,https://i.scdn.co/image/ab6761610000e5eb6b5be419d4c207b6249f062f
45,2nyEmQWHkN4klNBWnNllLZ,Unlisted,none,your best friend jippy,https://i.scdn.co/image/ab6761610000e5eb6a0c6341b4f947f688d5c8c3
9,3oBTbHZSfINA6wM6pZuxNw,Unlisted,none,Caleb Groh,https://i.scdn.co/image/ab6761610000e5eb8c10859bfdcc48269122966d
38,3RcaUsjj5gt1x2QK3TSNS2,Unlisted,none,Atta Boy,https://i.scdn.co/image/ab6761610000e5eb9ebc15a07cf5054a1c6f96b3
53,4nUBBtLtzqZGpdiynTJbYJ,Unlisted,none,The Voidz,https://i.scdn.co/image/ab6761610000e5ebeaba75f7647db1ab146c9162
45,4as3khXWaPjfkFdCA0JWMo,Unlisted,none,Jesse®,https://i.scdn.co/image/ab6761610000e5ebf8cd19370cdfac5a39c13158
43,5DE7ftfW6Nt36ckDA8VzKj,Unlisted,none,Pro Sound Effects Library,https://i.scdn.co/image/ab6761610000e5ebf650f6eef3041d71ae074674
20,4eoLeg3TmwwZQJf6coCfy1,Unlisted,lo-fi hip hop,Beatboxbandit,https://i.scdn.co/image/ab6761610000e5ebe57af9327fb51dfa8396a5f5
46,68KvrDM8KF36LHUvTgEIS9,Unlisted,none,"Sounds Of Nature : Thunderstorm, Rain",https://i.scdn.co/image/ab6761610000e5ebc4158b0a903ca39e4c388335
28,7jzNtnTGzuVQ8yVDTfHa4G,Unlisted,lo-fi hip hop,Omaure,https://i.scdn.co/image/ab6761610000e5eb02b3ccfe8f5cd0e4ead2a61d
48,3MATPJ9tYbcMhw5VOZrRU6,Unlisted,none,Summer Salt,https://i.scdn.co/image/ab6761610000e5ebfdd161051b4cb136c231110d
30,6DRwKWnvWIApUcEUqbyM5Z,Unlisted,none,Nature Noise,https://i.scdn.co/image/ab6761610000e5eba73a88a2d8b58b3ee0af14e8
22,0pbxg62Wh8n6xzAs96ZSbN,Unlisted,none,Compilation Les Années 50 : la légende américaine,https://i.scdn.co/image/ab67616d0000b27384af8b97efd6590c0be6bffc
27,5r8QIG7EYHw09UZJm7rsZB,Unlisted,none,Foisey,https://i.scdn.co/image/ab6761610000e5eb2cc13284b514c3e9d07f4efe
18,3z5maWY94RqkaIis3Xh3M8,Unlisted,none,Josly Meso,https://i.scdn.co/image/ab6761610000e5eb496ff34d6cd539a1e9ffbcdb
48,7tT5h21rKj9yFfQuqBYLqT,Unlisted,none,Trick Trick,https://i.scdn.co/image/ab6761610000e5eb696b35a4f0e04c1eddf39593
44,5dGqZk0lZFQB6MIus08k8e,Unlisted,lo-fi hip hop,aimless,https://i.scdn.co/image/ab6761610000e5eb589c1f73313e943588b490a7
56,16FJYC4FqKhZXiXIzMI4ul,Unlisted,italian singer-songwriter,Francesco De Gregori,https://i.scdn.co/image/ab6761610000e5ebae75778de4eeff275318902f
22,2JPBDCZC133viR1884BIEi,Unlisted,lo-fi hip hop,Poptartpete,https://i.scdn.co/image/ab67616d0000b27380744d3c52058fd53d363537
7,3En8aAqb2S9jqkhpWMeuUR,Unlisted,none,John Lennon & Paul McCartney,
20,7KhW8KRweN0vEBltNHEflF,Unlisted,lo-fi hip hop,Cowode,https://i.scdn.co/image/ab6761610000e5eb34db747560db427ccc1250c2
59,4NqS7DbPFYwZmniGHCPMpm,Unlisted,none,Nature Sounds,https://i.scdn.co/image/ab6761610000e5ebf51cd3973205e4ec9aa1c63a
50,7iLc4hrjOjQPfg1E3cCHg1,Unlisted,none,Tim Berg,https://i.scdn.co/image/ebae979a746db853d4f8f274719a7ab48f6978d3
56,7gWjOPetXNCBqlVe6axl8K,Unlisted,musicals,Lily James,https://i.scdn.co/image/ab6761610000e5eb075b273b62225a805bc6ec9d
5,2G8pLBTNvFIcMTLqOmaiMX,Unlisted,jazz beats,hurlum,
46,6RaUtVLO8R5TsVdJIxSrq1,Unlisted,lo-fi hip hop,Allem Iversom,https://i.scdn.co/image/ab6761610000e5eb42453b7425dbf2afb39d56f6
4,3ZGTYdJcvwIlnD8IRRGW1e,Unlisted,none,The Wave Recording Program,https://i.scdn.co/image/ab6761610000e5ebd2cd25672a6012839349ba8b
13,3p7FuibwOyQVcQ5jjVV4vK,Unlisted,none,Theme Park,https://i.scdn.co/image/ab6761610000e5ebb9706ce8f77ec7c28b2004de
24,2V0UuIGjvXowEGsi9clJfJ,Unlisted,lo-fi hip hop,Mt. Marcy,https://i.scdn.co/image/ab6761610000e5eb2c94d941c18659c4ab53186d
18,3xJTfsHCkDcyYj5fj3jEC7,Unlisted,lo-fi hip hop,slr,https://i.scdn.co/image/ab6761610000e5ebf421fa84a55ea274240b5aee
52,0gDg7FEsF4Y1jWddJJgcn4,Unlisted,none,The Rembrandts,https://i.scdn.co/image/ab6761610000e5eb203cbc1f8dbeac5b4993581a
24,00IjdWQ46sSBP4gZYObAMx,Unlisted,none,On The Rocks,https://i.scdn.co/image/ab6761610000e5eb6ee54ffcf2060c2540859e9b
5,67nVRSedkX6R6ZEMnWnt0l,Unlisted,none,Water Sound Therapy Scheme,https://i.scdn.co/image/ab6761610000e5eb532d55137bb63cd4e27c2b5c
17,2wkBj4Y4leupvtFbxBe6Br,Unlisted,none,Brandon Ridenour,https://i.scdn.co/image/ab67616d0000b273fbf5761eff0613bd9cfce9f3
59,7vb7VLDqpLTlAy1ctTMR5d,Unlisted,none,Alex Gaudino,https://i.scdn.co/image/ab6761610000e5eb49be31ab6575c91f488e813a
33,2zHAzPVrmoidT7wKGNkifE,Unlisted,none,Sonya O'Malley,https://i.scdn.co/image/ab67616d0000b27371582e3c87e443d5c622fd46
0,4Zvb3zeAPxvw6L2o5KKJ08,Unlisted,none,Kill Emil,
0,2YJ0E7AqtaqoorHIBuG6dR,Unlisted,none,PrWx1o0,
45,3Fdm9TFJQCLmC3AWMuGExi,Unlisted,none,Ugly God,https://i.scdn.co/image/ab6761610000e5eb19a0dba6f32ab6d42cefbe5f
38,4JhjlqgMbd4RlrT81VoTIF,Unlisted,none,The Geek x Vrv,https://i.scdn.co/image/ab6761610000e5ebc8bff14f3f6846860a34ee9a
67,3TNt4aUIxgfy9aoaft5Jj2,Unlisted,none,Yeah Yeah Yeahs,https://i.scdn.co/image/ab6761610000e5eb746654923d25b6bf7c16e899
21,6q5YSTTvSa4T4WxoOpMs0v,Unlisted,none,Ultimate Spa Music,https://i.scdn.co/image/ab67616d0000b273c6268eed3f3ae6ece0af071d
34,0YkjOpIntNmlG1PNF2dqSy,Unlisted,none,Dear Rouge,https://i.scdn.co/image/ab6761610000e5ebc3b643d1a3311655dcca8956
0,393gKxS1YSd4N1BQPwFIv7,Unlisted,none,A:lex,
0,3F0HeuOkyt3S20uVppocfw,Unlisted,none,Waelder,
72,7oPgCQqMMXEXrNau5vxYZP,Unlisted,none,Tracy Chapman,https://i.scdn.co/image/965060777aeacb43659097cddc16b741785a508f
27,3lRQnVbTaaUlgF77Z925vS,Unlisted,none,Brighouse And Rastrick Brass Band,https://i.scdn.co/image/ab67616d0000b27355b0f78e7106923b0521f3ec
27,1tu4S2lWD0bfJTwfKh97j3,Unlisted,none,Sad Fiona,https://i.scdn.co/image/ab67616d0000b2738bec5d51d35951dad9e94fb3
0,26WCL5eJDbWBeI7IHtn9sG,Unlisted,none,MOUNT & Nicolas Haelg,
5,1FQePmeQzZ5CrnZYyoPek6,Unlisted,none,Bay Rays,https://i.scdn.co/image/ab6761610000e5ebcae76cc119ca5b39366930e2
0,2SDOGHBRxNY2dw9idt8Ajx,Unlisted,none,Ctrl-Z,https://i.scdn.co/image/ab6761610000e5ebfdbaa1758c97f96463bace54
33,2vMBszTQ5H66LhDEM3mSvl,Unlisted,none,Amsterdam Klezmer Band,https://i.scdn.co/image/ab6761610000e5eb405b069b6ff69a2c731cb14f
18,0yeVLYOjmMKlKDGDhYPeRa,Unlisted,none,Johann Melchior Molter,https://i.scdn.co/image/ab67616d0000b2735e83a8e20ed0206522a03e81
22,1vLFIIIwNjiO8VSNnh8nLh,Unlisted,none,Noordpool Orchestra,https://i.scdn.co/image/ab6761610000e5eb5034cd4675e7c6b64c22eabd
30,427e5CiqmL4TmWb5Zvax7U,Unlisted,lo-fi hip hop,o k h o,https://i.scdn.co/image/ab6761610000e5ebaef13cb21ebb3ce1e5d573f1
0,24fZLj4Fm0jljxKZ2qsOpR,Unlisted,none,Elodie Jade,https://i.scdn.co/image/ab67616d0000b27361264ed108552ca992e7bbb0
31,2AgVjdnX8TQs4fnd3w0A0h,Unlisted,none,Blue Claw Philharmonic,https://i.scdn.co/image/ab67616d0000b273cc7ce8bf0a64b7a8cc760ada
64,0w7HLMvZOHatWVbAKee1zF,Unlisted,native american music,Redbone,https://i.scdn.co/image/ab6761610000e5ebeb9c771371e6e5d14588963d
29,4Of9KJVw5YAsihGbnRONMH,Unlisted,none,Soothing Music Academy,https://i.scdn.co/image/ab67616d0000b2736f2ec5b225cf37bd6de19189
84,4tuJ0bMpJh08umKkEXKUI5,Unlisted,none,Gracie Abrams,https://i.scdn.co/image/ab6761610000e5ebf6d51e6f5342d2d363220920
29,4YrER0Q2EfYJ3RqHfzlnSi,Unlisted,none,Sleep State,https://i.scdn.co/image/ab6761610000e5eb0661723eae332c0727564edc
36,4jPWi4cSe5zK2dUCLWiBaN,Unlisted,none,junodream,https://i.scdn.co/image/ab6761610000e5ebc53cf8aaf61cbe78e624c888
30,0mjFTaFNZ2G7AxvKZh96WD,Unlisted,none,Moretti,https://i.scdn.co/image/ab6761610000e5eb3ad32f5ef8480735f04f4552
84,4AK6F7OLvEQ5QYCBNiQWHq,Unlisted,none,One Direction,https://i.scdn.co/image/5bb443424a1ad71603c43d67f5af1a04da6bb3c8
29,4WG5037NDBAMyjzClxwmKK,Unlisted,none,Daniel Fridell,https://i.scdn.co/image/ab6761610000e5ebee48b8b8e76012443607f380
83,2wY79sveU1sp5g7SokKOiI,Unlisted,soft pop,Sam Smith,https://i.scdn.co/image/ab6761610000e5eb3262e01b79152c4f8007f3ac
38,4I6RjWltIwwTHshCRvRzGR,Unlisted,none,ME & The Robots,https://i.scdn.co/image/ab6761610000e5eb4821fa6ba2b9c377c0b54fe8
30,4hq1lrK8XlrErNZ3xs3586,Unlisted,none,Soft Launch,https://i.scdn.co/image/ab6761610000e5eb77be94ecec4c9775ab9bd9fa
75,5yOvAmpIR7hVxiS6Ls5DPO,Unlisted,afrobeats,Omah Lay,https://i.scdn.co/image/ab6761610000e5eb212e0b674da993b1a0cacb16
48,4jmyd0dWUUmTO1WpGUmQfJ,Unlisted,none,Modern Alibi,https://i.scdn.co/image/ab6761610000e5eb869214fae25fd19b7a0860b5
36,4Fc4GqcYwYnTePiW3nggrd,Unlisted,none,Mouth Culture,https://i.scdn.co/image/ab6761610000e5ebc8c395ceb9fe98ebcc3d8c40
54,3CwWzT9t3z7DARyhDIzwIG,Unlisted,none,Sawyer Hill,https://i.scdn.co/image/ab6761610000e5eba18a4a3eb63e042cd8e229d5
51,24qqDoA4BBXVnPOdHBjT54,Unlisted,none,Jack Kays,https://i.scdn.co/image/ab6761610000e5eb96ef958c962e0149f46c5147
32,7dQ8sxeaPMgVhWn2R1jd9L,Unlisted,none,The Thing,https://i.scdn.co/image/ab6761610000e5ebf2332c462711a6778cea5e2a
42,0QHPo4EDeIiHCs37RRfhCM,Unlisted,none,Glenn Stafford,https://i.scdn.co/image/ab6761610000e5eb797c023a25b5dd52bc8f5f49
46,5J9s2Y6roGagMAipTa5XqV,Unlisted,none,HONEYMOAN,https://i.scdn.co/image/ab6761610000e5eb5f08c6f971b426cceb0738cc
32,2hvddonG8JzzHuYRbmI72J,Unlisted,none,Mango Groove,https://i.scdn.co/image/ab6761610000e5ebe51d90e2d1df89069f95e1ad
76,3a1tBryiczPAZpgoZN9Rzg,Unlisted,afrobeats,Asake,https://i.scdn.co/image/ab6761610000e5eb118de2c3241db238c807e9b3
50,4m9LpZ5l3CEdEhA8W9f29g,Unlisted,none,Gunter Kallmann Choir,https://i.scdn.co/image/ab6761610000e5eb696eee777cb62f581be2d27f
36,48wLB9JErgk9YvhvAC1KQI,Unlisted,none,Mattstagraham,https://i.scdn.co/image/ab6761610000e5ebe3c0ae8dba554540abc27f19
46,4wPeDqxPKkBN50kr8XhEma,Unlisted,none,The Moss,https://i.scdn.co/image/ab6761610000e5eb4bf998cf1b381a6066c6f9bc
40,4o7rOtAAYgrNOZrnxG8t9g,Unlisted,none,Oli Parker,https://i.scdn.co/image/ab6761610000e5eb83dc4a6003ee5a1e936ed8a8
34,0vAb9OIucxVq3oqPqNCbAf,Unlisted,none,Bnj,https://i.scdn.co/image/ab6761610000e5eba39cd5f78e4e203b0b8f867a
84,22wbnEMDvgVIAGdFeek6ET,Unlisted,none,Benson Boone,https://i.scdn.co/image/ab6761610000e5ebb68234e1a673acc3d873d3e6
34,6b0G9aPXmaLLDWJHhCrv1Q,Unlisted,none,Me Like Bees,https://i.scdn.co/image/ab6761610000e5eb555654600566965d5a8085ba
37,09OgHVPSgCgflZLrGScfE9,Unlisted,none,GODTET,https://i.scdn.co/image/ab6761610000e5eb1e7345cff2ee9ea07503ed40
34,1uFG5Tg7iA7wd56RchxvWw,Unlisted,none,Klaus Nomi,https://i.scdn.co/image/ab6761610000e5ebea8826f21ddee8a039d69159
40,5bD3IY6lj5iEqasOqqnllb,Unlisted,jazz beats,Worldtraveller,https://i.scdn.co/image/ab6761610000e5eb952d27125f0794a4aaf9ed04
17,6meMGWf2GUrmsl3lFvEYQN,Unlisted,jazz beats,Willis.,https://i.scdn.co/image/ab6761610000e5eb18e2e3573b884cf7414bba42
65,2JyWXPbkqI5ZJa3gwqVa0c,Unlisted,none,Craig David,https://i.scdn.co/image/ab6761610000e5eb1e08103af765774d5f2daf83
1,3SSyE3YH7LiqnaYAouwBzc,Unlisted,japanese indie,Strip Joint,https://i.scdn.co/image/ab6761610000e5eb0a808105e4b52480eb9c609e
7,1p9jWKYjBCIfRSlaO7Ogxk,Unlisted,japanese indie,Thiiird Place,https://i.scdn.co/image/ab67616d0000b273f093d7f9a9c696f6dc8f3e90
50,3xGCm4ewXGKJFwrrwummsJ,Unlisted,lo-fi hip hop,TABAL,https://i.scdn.co/image/ab6761610000e5eb485e19edf26dc8c422e3dcb9
52,0Tuudqq2NACRXkvTQGazY2,Unlisted,italian singer-songwriter,Negrita,https://i.scdn.co/image/ab6761610000e5eb11b27057fa1fc1affd4c25a0
40,2rOhOgnBlD4qpnQEsl7sRK,Unlisted,jazz beats,Karmawin,https://i.scdn.co/image/ab6761610000e5eb5376c55402eb41e73f53d06c
47,5g8EUiiIZDqp2xd9eUUHin,Unlisted,lo-fi hip hop,Enluv,https://i.scdn.co/image/ab6761610000e5eb4766e3ea97e57ac17f13889f
34,2OR0M36gpXi2oIOsG5SJ3j,Unlisted,none,Triste Janero,https://i.scdn.co/image/ab67616d0000b2732188977a034539e30dbf9a5a
49,0qF5CbAVNAKVP6maHHNf8G,Unlisted,none,cloudcity,https://i.scdn.co/image/ab67616d0000b273a0f426510dce9b306db3f135
57,2L0WmgzvOHv3xAbc3NY3K6,Unlisted,none,pluvia,https://i.scdn.co/image/ab6761610000e5eb62c4baabb25af236f7022767
56,5jNKsTKXS0Ub5ng4c4XsL1,Unlisted,none,Northerly Nature,https://i.scdn.co/image/ab6761610000e5eb945f90e9894dc31909c48be8
31,6arVgorLsaKvsc3UfABGID,Unlisted,jazz beats,Teau,https://i.scdn.co/image/ab6761610000e5eb7462735e8aa4a900ed614848
24,6TCS4quLkqSnAMbwfkKzAt,Unlisted,jazz beats,BrandonLee Cierley,https://i.scdn.co/image/ab6761610000e5eb21c2a7ab20ee8190572dc4be
55,2KEqzdPS7M5YwGmiuPTdr5,Unlisted,none,Rina Sawayama,https://i.scdn.co/image/ab6761610000e5eb8cb645e0a77bf015feda7fb9
53,6xdRb2GypJ7DqnWAI2mHGn,Unlisted,none,MUNA,https://i.scdn.co/image/ab6761610000e5eb1a15779c2371bcc33acbffa7
50,5xPHGeNecDlCoEezCF2bWn,Unlisted,none,Kosmo Kint,https://i.scdn.co/image/ab6761610000e5eb513bb9eb6f9bd0bba7d70d47
49,43UmVQp9qZILibJ5vHq21k,Unlisted,none,Austin Millz,https://i.scdn.co/image/ab6761610000e5eb9b511aaad3e1abde4294f6f8
31,4dpL6PzaCCpEekHtTHu3CN,Unlisted,none,Shaqdi,https://i.scdn.co/image/ab6761610000e5ebc099067473f6b5aa89a0a188
18,7wHZfDkun9PmNEJuh9wh69,Unlisted,jazz beats,Bezzix,https://i.scdn.co/image/ab6761610000e5eb2e56e19ce67f0932825cc996
16,0FHPAcPoHtExxmF68aEChO,Unlisted,none,King Nun,https://i.scdn.co/image/ab6761610000e5eb3ff726b7bb70781a7a9f0a96
23,4aqECXxlXiQKDaOIJYrwTu,Unlisted,jazz beats,The Golden Eternity,https://i.scdn.co/image/ab6761610000e5eb65044c7a050dd8e172a241d6
13,1NS04rPtsyC8aRGh065pIw,Unlisted,none,Eiji Nakayama,https://i.scdn.co/image/ab67616d0000b273d66060098bdd0dee3a11e4e1
11,1mBlZPMpRL8wT9aHBnBBph,Unlisted,jazz beats,IAMPAUL,https://i.scdn.co/image/ab6761610000e5ebb04869f5013c9946e04695ab
4,3tsfuCKw78MCVfLoKHUn4Z,Unlisted,none,Tiempo Fuera,https://i.scdn.co/image/ab6761610000e5eb58f93a1aa6aab76ea4e94c90
4,5gpHAaJzkaLSv0iT2YumRA,Unlisted,none,Roy Ford,https://i.scdn.co/image/ab6761610000e5ebca5f693b3f691bf2a696b668
19,0CdxxbmCwuQ0dV9LvvyqlO,Unlisted,none,Titeknots,https://i.scdn.co/image/ab6761610000e5ebdb4a7d4cd08add84b47d238b
46,6Ei1ABb1YNXZviQKBE7RI7,Unlisted,jazz beats,Shin-Ski,https://i.scdn.co/image/ab6761610000e5eb53ed65e82cb040177ce47bf9
30,6Gej8kFQeKbjY7dS9HXu1w,Unlisted,none,Ahmed Ben Ali,https://i.scdn.co/image/ab6761610000e5ebc374151e2648e16ce2691413
15,3PcfymOgMHBSp3T5YvSDiS,Unlisted,none,Bantum,https://i.scdn.co/image/ab6761610000e5ebd2d7d1b51ee45d0446613b8d
25,2v04CAaxpr6sSELBPMOkoQ,Unlisted,jazz beats,Danny James,https://i.scdn.co/image/ab6761610000e5ebf0e9d846dab43eff23053ac5
54,4xE3NbWDeC7BEIlzQIjG5H,Unlisted,none,Nature Recordings,https://i.scdn.co/image/ab6761610000e5ebf29d7ea492817dda5eb78976
34,0gCYUYF1zfqZk5pG0e2ojy,Unlisted,none,Jessica Winter,https://i.scdn.co/image/ab6761610000e5eb23c4fa68673d2016174b0af9
33,18ouJo7j7egCFOsRdCTcUk,Unlisted,none,John Cameron,https://i.scdn.co/image/83798675649cce2f1b0911c533f4f5c404535895
53,34yGVl5CKVdhqRost8UeJ1,Unlisted,none,Reality Sound,https://i.scdn.co/image/ab67616d0000b2733838e8e2be1146c852f8e235
16,5t1tBb8ShSZEzTLswotwPN,Unlisted,none,Kurt Deimer,https://i.scdn.co/image/ab6761610000e5eb788b232563c1690a14b69a54
82,3tVQdUvClmAT7URs9V3rsp,Unlisted,afrobeats,Wizkid,https://i.scdn.co/image/ab6761610000e5ebe6ef803356b45ee5a9fa7a8a
17,39kLO9sJGaOhfk9wcsjxzY,Unlisted,none,Steve Nelson,https://i.scdn.co/image/ab67616d0000b2734a2faa6bfb44d0717a0542fa
62,0YrtvWJMgSdVrk3SfNjTbx,Unlisted,none,Death Cab for Cutie,https://i.scdn.co/image/ab6761610000e5eb378adae733fc578108e3f534
24,1JHWVGXM8J7dAaLZpCqFcP,Unlisted,none,Mason Lindahl,https://i.scdn.co/image/ab6761610000e5eb939f1654ad47d13d586252de
62,0jUQSUOcM7lxVn5eVGTkzQ,Unlisted,none,Justine Skye,https://i.scdn.co/image/ab6761610000e5ebb690b6f30c0c6cac2a94e3bb
59,0eRbECAGCLLiTyVXPBRexU,Unlisted,none,Jon Batiste,https://i.scdn.co/image/ab6761610000e5eb32dbd892217b0bde9e29562e
22,4Ky0ZDJDfY7UBbTVYPyVKc,Unlisted,none,Charlie Hickey,https://i.scdn.co/image/ab6761610000e5ebdd7423763c03088011d06084
42,1bSCGVnnijnSf8R9maUeJ9,Unlisted,none,Camille Yarbrough,https://i.scdn.co/image/ab67616d0000b27304f172c4cdedfa6f813b0c57
22,4KC4TcthtL8z9o5PvSvJDL,Unlisted,none,Jorijn Van Hese,https://i.scdn.co/image/ab6761610000e5eba8bcd774b1deb7769a926dcf
65,0ZrpamOxcZybMHGg1AYtHP,Unlisted,none,Robin Thicke,https://i.scdn.co/image/ab6761610000e5eb02582bb3fa9d68f44a247f39
30,3tgxh3cqdCA5UvqwuNYWWl,Unlisted,none,Jester Hairston,https://i.scdn.co/image/ab67616d0000b27301a77f8339567ece0b409ce9
40,6nNkKMkPl1qBCEW3Al9eVV,Unlisted,none,Billy Swan,https://i.scdn.co/image/ab6761610000e5eb98d192a0be89e2877a828fa5
66,07D1Bjaof0NFlU32KXiqUP,Unlisted,none,Lucy Dacus,https://i.scdn.co/image/ab6761610000e5eba5a55fb2f2c129da51b7676e
39,2Oq3sgFa2HSvRY0vL6bDxN,Unlisted,none,Monica Martin,https://i.scdn.co/image/ab6761610000e5eb37bf1a3fe4dd82785dbcd2a4
36,3IuEuLez19teZSN32Pf70j,Unlisted,none,MonoNeon,https://i.scdn.co/image/ab6761610000e5ebb067957a399e284389aa5eae
49,754IxKxKlDAQO5YATUAd6t,Unlisted,none,Kingsley Thomas,https://i.scdn.co/image/ab6761610000e5eb3fb8b4c1c2f955b7917ff082
34,2iZyGXzGD6s9U9QkirdcbF,Unlisted,none,Naturally Recurring,https://i.scdn.co/image/ab6761610000e5eb055e22de4868a11345b84674
60,4ylR3zwA0zaapAu94fktwa,Unlisted,none,Macy Gray,https://i.scdn.co/image/ab6761610000e5eb1f2b77b2426a741478bbbaf6
47,28MEj0HGdwvJYdbMAVpXU6,Unlisted,space music,Dear Gravity,https://i.scdn.co/image/ab6761610000e5ebf0f196fe4522ce609e3857b4
34,4SOjulesys5BeXKPGUCY9F,Unlisted,space music,Ishq,https://i.scdn.co/image/ab6761610000e5eb16ad435655df8e044ec6f418
50,1vkJFCwstOoJO7yQ4lTtLK,Unlisted,none,Paris Hilton,https://i.scdn.co/image/ab6761610000e5ebddce1d9cc83a9ad57d64eb23
0,4KLMzDeBGpRlKJIGmhgGVe,Unlisted,none,Simeone,
27,1wLsQhBKNjZOd8NdXY4kTC,Unlisted,none,Akabu,https://i.scdn.co/image/ab67616d0000b2739c21e40eba2e39ac8f734df6
13,0QywAgoqmactggMU0Vfwf0,Unlisted,none,72-HOUR POST FIGHT,https://i.scdn.co/image/ab6761610000e5ebf55b8c8128c7aa8b71483923
53,3SB6ICG4p7cvBEjSLNSBMw,Unlisted,none,Denzel Sachs,https://i.scdn.co/image/ab6761610000e5ebdf410d9fb95de5338774adbf
53,0liH4Jfiz66Rqjz4DH3JZk,Unlisted,lo-fi hip hop,S N U G,https://i.scdn.co/image/ab6761610000e5eb98f22e7cde5ffd5f7986d6fb
0,3DyqpoeFUD3N7ACL8CctRT,Unlisted,none,Taylor Banks Quartet,https://i.scdn.co/image/ab67616d0000b273d7c45a4d1e2b061c060d8b9d
15,4psWzLHJ7pHepkJn6euY1S,Unlisted,none,The Andy Love Band,https://i.scdn.co/image/ab67616d0000b2732a714acdb763f59a20686124
62,1XFN3VcuKr4tsTtQlRiTgK,Unlisted,lo-fi hip hop,Mondo Loops,https://i.scdn.co/image/ab6761610000e5eb523536831221e9a4c169513b
7,4vV7AcTunEBoBES7VBVic1,Unlisted,none,No Cover Jazz Quartet,https://i.scdn.co/image/ab67616d0000b273ae137790c6d34d51cee62efa
38,2KeSLpd8bmBZmHtcIOdVGL,Unlisted,none,Jo Wandrini,https://i.scdn.co/image/ab6761610000e5eb1fd85c24f5170e6f2c31cf8f
22,1GN9jkn8hysMT7rm7RemxA,Unlisted,none,Tadao Hayashi Harp Trio,https://i.scdn.co/image/ab67616d0000b2736e3eb35b8756d79ff76dd749
43,0djvqMepj2XkHfvWTqkH1N,Unlisted,lo-fi hip hop,G Mills,https://i.scdn.co/image/ab6761610000e5ebf33a33c46cb866266c147541
14,5YALVnyvdEeiMXh49ygjdZ,Unlisted,none,Little Tree Jazz Trio,https://i.scdn.co/image/ab67616d0000b273690c1534ad3ec2d08a4f2b75
31,5bHicu5GncBzOsjUFsooLK,Unlisted,italo disco,Plustwo,https://i.scdn.co/image/ab67616d0000b2734463766d27bbb06e798f54f3
30,4fN32efNcPfJXVJ151noby,Unlisted,latin afrobeats,Jungle Fire,https://i.scdn.co/image/ab6761610000e5ebbc9374025326df2bd02d4b4d
41,1VmIiQ7VHrqHg90igSWrB0,Unlisted,none,Jesse Jo Stark,https://i.scdn.co/image/ab6761610000e5eb29e153313a2dc4f20c29e00a
44,5sKvgmG84C0bIMWeS2SRPr,Unlisted,none,Brasstracks,https://i.scdn.co/image/ab6761610000e5ebc5490b61851982c22b4666f0
32,1kMfh3vEY0iWX9SDVjvdsd,Unlisted,none,Hear'Say,https://i.scdn.co/image/ab67616d0000b27372fad961bc6d45687ff9a4d1
1,1eRiwtdJ3QjuEfFuUoGgRE,Unlisted,none,Niels Munk,https://i.scdn.co/image/ab6761610000e5eb9cd737e73b6b8bdc9364adb1
22,2fHVBtpgSSQX9kQfgsGfWL,Unlisted,none,Paul Misraki,https://i.scdn.co/image/ab67616d0000b2736a744157fb1590da4625a73e
59,4csQIMQm6vI2A2SCVDuM2z,Unlisted,none,Hayden James,https://i.scdn.co/image/ab6761610000e5ebe38aa86841dc064735a5bcaa
19,13XiWTSCn7mJbupzHvZVEZ,Unlisted,none,Slowz,https://i.scdn.co/image/ab6761610000e5ebbe081adb84a882e204e71a14
80,0jnsk9HBra6NMjO2oANoPY,Unlisted,none,Flo Rida,https://i.scdn.co/image/ab6761610000e5eb655ca8f3196953554b479452
15,2tXIjDDrcesRhyQ3nYW9Qp,Unlisted,none,Hope Heights Jazz Band,https://i.scdn.co/image/ab67616d0000b2736773a83d8961dc69159d108a
33,13U2SPs2asOlUuMsPEmkxg,Unlisted,none,Cloudjumper,https://i.scdn.co/image/ab6761610000e5eb258a549d808017bb2429741b
46,57MtJQ6Sc4tIxrXIhrqVJL,Unlisted,none,Generationals,https://i.scdn.co/image/ab6761610000e5eb2bea5e6a89f65aaccd8ecef2
48,0jcaMhfyinUx3Pj8w4nmWZ,Unlisted,folk pop,WILD,https://i.scdn.co/image/ab6761610000e5ebf15be4b483bc75d97a4e31ad
33,2K1Ps7vnKg2AnKsSoVqH4P,Unlisted,none,Laura Platt,https://i.scdn.co/image/ab6761610000e5eb065f7a4f86983dcc3a045559
53,0VeT7hHTJFJZcENGekjCsB,Unlisted,none,London Music Works,https://i.scdn.co/image/ab6761610000e5eb3257a7b1da583eddb1f40fd3
51,5ivCbtrcD5N4rD337xIb2z,Unlisted,none,MisterWives,https://i.scdn.co/image/ab6761610000e5eb6f744edb0d19dc47cc5e5cf9
41,1xVcjJ5YsYOClO2Unt3Rm8,Unlisted,none,Sunflower Bean,https://i.scdn.co/image/ab6761610000e5eb73f893a47be3a2fc3ace2e92
44,5sTzirFL1wjNa3GuSiUHsy,Unlisted,none,Stuck in the Sound,https://i.scdn.co/image/ab6761610000e5eb394c75ef5353b62296897358
44,4UAnAM35NDxEWd5WXKv7jM,Unlisted,none,Everyone You Know,https://i.scdn.co/image/ab6761610000e5ebe2755b5c89a6debbab75d56d
34,715TpfLaAurJfQk8CjhKsm,Unlisted,none,Reese Quartet,https://i.scdn.co/image/ab67616d0000b27365904817936f349ee66432c9
51,3xByNj8XW17oW0wsJhgzYL,Unlisted,none,SOFT PLAY,https://i.scdn.co/image/ab6761610000e5ebafc3c60f289bd778b543b1bf
64,1dWEYMPtNmvSVaDNLgB6NV,Unlisted,none,Saint Motel,https://i.scdn.co/image/ab6761610000e5eb260f7d00949296c2b7660a70
57,6Vh6UDWfu9PUSXSzAaB3CW,Unlisted,none,Example,https://i.scdn.co/image/ab6761610000e5eb3a4109e4eb1f434b49ba8889
5,7EwPtp3HM2j3uiexxubIU8,Unlisted,classic blues,Maggie Jones,https://i.scdn.co/image/ab67616d0000b2738cf294423f30266a23353f30
16,6ky9trvRb2Iv69Qg3aK9fH,Unlisted,none,Franz Berwald,https://i.scdn.co/image/43f3bb2ab343dd272649e2b7138131f5f30685d4
52,7xUZ4069zcyBM4Bn10NQ1c,Unlisted,none,Ásgeir,https://i.scdn.co/image/ab6761610000e5ebe20a5dafaca3e2a50c0f2155
27,1ZajCRAa7VEcTytwxzr20a,Unlisted,none,Dan & Drum,https://i.scdn.co/image/ab6761610000e5ebcbb27467e60e060184ce3ada
17,4mN5kaL1vWKT3J2Od06yuh,Unlisted,none,Little Red Lung,https://i.scdn.co/image/ab67616d0000b27379e7025c92c38dee500760be
59,3x8FbPjh2Qz55XMdE2Yalj,Unlisted,none,Nick Mulvey,https://i.scdn.co/image/ab6761610000e5eb11aad70090ddc5d2d56a9257
21,741UjbFXtCFIBcZowoFHEO,Unlisted,none,Fillo,https://i.scdn.co/image/ab6761610000e5ebbe8286b3d37937e46ca52bed
20,1ieFgrCmKWj5ryTlo8TMWC,Unlisted,none,Leigh Daniels,https://i.scdn.co/image/ab67616d0000b2737e1c54d710962daa01d2bb85
66,6DIS6PRrLS3wbnZsf7vYic,Unlisted,none,WALK THE MOON,https://i.scdn.co/image/ab6761610000e5ebab9610e36fae856c0fd9b46b
76,0c173mlxpT3dSFRgMO8XPh,Unlisted,none,Big Sean,https://i.scdn.co/image/ab6761610000e5eb3d5b14b45d4c3d10d23b03ff
45,4wYk01oPJNfaEssVFL46oQ,Unlisted,none,Coast Modern,https://i.scdn.co/image/ab6761610000e5eb0ea1b10e5b675d3f364927f4
65,3bhu7P5PfngueRHiB9hjcx,Unlisted,none,Elle King,https://i.scdn.co/image/ab6761610000e5eb98f1e053c254d51c7ebb9831
24,2cP7dnZQqfYPoMMdmYQyJl,Unlisted,none,Nobodys Face,https://i.scdn.co/image/ab6761610000e5eb3352f99687ccd438c6074013
67,4rF7c8zpCKzuSXohs2HIpA,Unlisted,none,Steven Universe,https://i.scdn.co/image/ab6761610000e5eb5821a955623f4b2b76efdbaf
20,34tfEi7xK2JuYIgSNZ9Mq1,Unlisted,none,Palomo Wendel,https://i.scdn.co/image/ab6761610000e5eb100bf273e11cb106fa136aa5
17,0qxX21n5NDKPD507EfOlIN,Unlisted,none,Carl Zeller,https://i.scdn.co/image/ab67616d0000b27340e97a3e0084c9971fb0557a
44,6Bllzm0olEwqGwPujaLiuA,Unlisted,none,Arlie,https://i.scdn.co/image/ab6761610000e5eb26030dd4d436c5c402be3b9a
9,1sihjEVGVOkN0sH25F1Kc4,Unlisted,none,_mario,https://i.scdn.co/image/ab6761610000e5ebd0b0f2cba2d440e8fcc99234
40,0vuuI2BxGByuCvnBHC00vX,Unlisted,none,Bryant Oden,https://i.scdn.co/image/ab6772690000c46c8cda392d3642943af0c18da7
20,512xDJNlQ8arI4Jjit6Uj5,Unlisted,none,Philip E Morris,https://i.scdn.co/image/ab67616d0000b273f952f986814a168672792cbb
78,6ltzsmQQbmdoHHbLZ4ZN25,Unlisted,none,Lord Huron,https://i.scdn.co/image/ab6761610000e5eb0d4d3bb72e9375017fd94f71
60,3ICyfoySNDZqtBVmaBT84I,Unlisted,none,War,https://i.scdn.co/image/ab6761610000e5eb16ec6c21fa9d28f9cd95aff2
72,4hz8tIajF2INpgM0qzPJz2,Unlisted,none,Rainbow Kitten Surprise,https://i.scdn.co/image/ab6761610000e5eb6a5725ec47b6d8c613099d74
78,07YZf4WDAMNwqr4jfgOZ8y,Unlisted,none,Jason Derulo,https://i.scdn.co/image/ab6761610000e5eb94cf6c87c82ddb0eade61eb0
25,20nWuvMfCct9xv73hRYO7O,Unlisted,none,Vocal Spectrum,https://i.scdn.co/image/ab67616d0000b273d6102953362672722a8461de
75,3pc0bOVB5whxmD50W79wwO,Unlisted,none,keshi,https://i.scdn.co/image/ab6761610000e5eb3a0f8f319aeef1aa4115f5e8
24,5RvWv9k1KMKFW27Ue9H2dc,Unlisted,lo-fi hip hop,importmedia,https://i.scdn.co/image/ab6761610000e5eb180c911844af5c01ef2325cb
31,27ul3mOdPyXZEtI17EjCWa,Unlisted,none,Louise,https://i.scdn.co/image/ab6761610000e5eba087ad8d26c9a92a71ddd71d
59,3Af6nKYYghPjQMNzRgVXe8,Unlisted,none,Natural Sound Makers,https://i.scdn.co/image/ab6761610000e5eb31c7b934cd6554c50e91dec9
44,6l6NgkV6IWYKlRN7jHCQmt,Unlisted,none,Stanley Myers,https://i.scdn.co/image/ab67616d0000b27332372a85f2aca55c0b683c3b
17,3Ql4mryUk4daXX0vTWvL2p,Unlisted,none,The Black Dyke Mills Band,https://i.scdn.co/image/ab67616d0000b273dcba3759db1df85b4118a3c3
33,4TSP5z4tH2k1UX5tGizj2w,Unlisted,none,Sound Library XL,https://i.scdn.co/image/ab6761610000e5eb26e8b8fe90f6f9ba609ada0d
40,317OsNvmAmolBVu7dLWhhD,Unlisted,none,Chill Bees,https://i.scdn.co/image/ab6761610000e5eb17059210db8c4732219e468a
64,6pdcQa7by8IKuoVXvgknlI,Unlisted,french rap,Rilès,https://i.scdn.co/image/ab6761610000e5eba6faace318b6acab1c12c772
41,4OyEHsIMIJxInFSB8L4qI5,Unlisted,none,Rain Sounds & White Noise,https://i.scdn.co/image/ab6761610000e5eb76f47b9c29b78ffe8a3aa356
62,0jW6R8CVyVohuUJVcuweDI,Unlisted,none,The Piano Guys,https://i.scdn.co/image/ab6761610000e5eb347c3f307c796d4945292d48
4,0ybWuEVD3TWJkxC4FBRsdJ,Unlisted,none,Engel Mayr,https://i.scdn.co/image/ab6761610000e5ebaee49ac9b8d15cd9c8807e2c
2,2orYkXHzvSBhCzky9IRO2I,Unlisted,none,Lowell Shaw,
71,5BcAKTbp20cv7tC5VqPFoC,Unlisted,none,Macklemore & Ryan Lewis,https://i.scdn.co/image/ab6761610000e5eb3c2f1ba4c1a3de141e63d775
0,3HlppbUVAZ7D6DQ214BD8T,Unlisted,none,Harry Wilson,https://i.scdn.co/image/ab6761610000e5ebec0fc7bd250852193e4d27b6
18,4K1gXlN84kfOheFYSkoZg5,Unlisted,none,Deep Water Research Recordings,https://i.scdn.co/image/ab6761610000e5eb88db239696fd495dec2b934c
40,6zDFhpdu4WUVVGTz0JSLMh,Unlisted,none,Susie Suh,https://i.scdn.co/image/ab6761610000e5eb0aaad9aec99a6eb2849eec05
65,4kYGAK2zu9EAomwj3hXkXy,Unlisted,none,JP Cooper,https://i.scdn.co/image/ab6761610000e5eb612fce95c244265fd9c89c83
4,5g4DlcQOiAtATtUtQ1IE2j,Unlisted,none,Richard Blackford,https://i.scdn.co/image/aef430bae61bf75f5daf8a1aef7ae86959271207
62,647D92XNDYTUt5A0idePJ4,Unlisted,none,Fleurie,https://i.scdn.co/image/ab6761610000e5eb4403081d381857939edaec33
0,006QQEllSuT2YgVvpQmw95,Unlisted,none,Squaresville,https://i.scdn.co/image/ab67616d0000b2739a814515143f25c527c0c535
46,5dg3YtsiR8ux6amJv9m9AG,Unlisted,none,Erik Grönwall,https://i.scdn.co/image/ab6761610000e5ebc21fa199e7fcc6ac46baa83d
8,3hZRlah8j4J9TbSIdFJlsY,Unlisted,none,Roberta Cappelletti,https://i.scdn.co/image/ab67616d0000b27340013935c4277118a5ff8146
0,6su61Ik3mAGySkTIiLrD6W,Unlisted,none,Jean François Victor Bellon,https://i.scdn.co/image/ab67616d0000b2738a0bb353f1a26042be513ad2
35,3TWBaLqcB1lbb3LhLwAayN,Unlisted,none,The Sleep Specialist,https://i.scdn.co/image/ab67616d0000b273613e230640f7444cd5d0340c
48,2qdONMCoDngQk0eV4Avs1i,Unlisted,none,Natalie La Rose,https://i.scdn.co/image/ab6761610000e5ebf0a6c607f8c564f660c3a41f
36,3D04EJ7Bvcko5xB2UWolID,Unlisted,none,Decidic FX,https://i.scdn.co/image/ab67616d0000b273c494d17ce093456133836656
15,3u2v7z3Xy36RD9fNkOl5k0,Unlisted,none,Corrado Rossi,https://i.scdn.co/image/ab6761610000e5eb9bd86cc643f20b0f67133407
20,0soEIVj5P9tYNLlv3yrVUf,Unlisted,none,The Outback,
38,1JLSWENZYA41LY8C3RfbnK,Unlisted,none,Big Sounds,https://i.scdn.co/image/ab6761610000e5eb8cae21247cfecbdd641f1fed
1,1TOfGnQa3w5qwcpXfvbKBS,Unlisted,none,Lee Bryan DJ,https://i.scdn.co/image/ab6761610000e5eb57b4c37c0ffb96f0ec8cca22
56,60vX3zLcdKRXvKLITVh5Df,Unlisted,none,Melanie C,https://i.scdn.co/image/ab6761610000e5eb5daca84edb142b89a0376fab
0,1Ku1qtQ90OmRBDdbcXEdIm,Unlisted,none,Finn Mortensen,https://i.scdn.co/image/ab67616d0000b273dbef2d71f05ffa7c7b221d9e
0,1Mq20TKTSGsIPw9HzGH9eS,Unlisted,none,Classic Klezmer Trio,https://i.scdn.co/image/ab67616d0000b27344721b3891ca37678cd2691e
36,0KU55rzxAihPhi27MAuz9O,Unlisted,none,The Big Moon,https://i.scdn.co/image/ab6761610000e5eb070d2b952b6ea0014a2fd11d
49,2i9uaNzfUtuApAjEf1omV8,Unlisted,none,Wet,https://i.scdn.co/image/ab6761610000e5ebb7016deef94cdf024107712e
40,08QwhHz0qhZmyySexOOLZd,Unlisted,none,Zoe Chambers,https://i.scdn.co/image/ab67616d0000b273cdcc0702a011938beb4200c7
26,0dRPyk7hiV4FJxSG1VHf2L,Unlisted,none,Polock,https://i.scdn.co/image/ab6761610000e5eb3779c1a67e90077cf655fcf1
23,6NeOMrLaWmVCoui86aus9Q,Unlisted,none,The Klezmer Lounge Band,https://i.scdn.co/image/ab67616d0000b27348559a3af9331df422f3694a
18,0AUkXuvc92Zd0E9qKbkfsy,Unlisted,none,Pulled Apart By Horses,https://i.scdn.co/image/ab6761610000e5eb6fa6dc0e2ece0c9f8a9203e0
24,1E0NBjrhoOiDesvJ59kaaZ,Unlisted,iskelmä,Sakari Kuosmanen,https://i.scdn.co/image/ab6761610000e5ebb1822e203fb4dde5a853b4e2
12,3YkchTRG1VNMSrJeHNonHq,Unlisted,none,Gary Schocker,https://i.scdn.co/image/ab6772690000c46c1610238e5c69a7fea2aade66
46,1QpDFI4PxPwdv2E3iS6pCp,Unlisted,none,Lavinia Meijer,https://i.scdn.co/image/ab6761610000e5eb2bfdfb4e253681e795d0f987
0,6vyjZCKVlRNFkLxfFjP6bC,Unlisted,none,Sakas,
51,0kqpe0tVo45rneU3mFLheu,Unlisted,none,Peaceful Me,https://i.scdn.co/image/ab67616d0000b273e58c330dfe0608557a728944
81,5Y5TRrQiqgUO4S36tzjIRZ,Unlisted,none,Timbaland,https://i.scdn.co/image/ab6761610000e5ebb713079a55dcf937d241dd2b
20,2BPMHUYOcVGRiaRift00tx,Unlisted,none,Love Noise,https://i.scdn.co/image/ab67616d0000b2738b388e80d6193228dd4f33bf
74,0QHgL1lAIqAw0HtD7YldmP,Unlisted,none,DJ Khaled,https://i.scdn.co/image/ab6761610000e5eb6dc42c750614c1101daef28e
66,6om12Ev5ppgoMy3OYSoech,Unlisted,none,Halestorm,https://i.scdn.co/image/ab6761610000e5ebae3a9674a21b3bcf6d8a06d1
66,2Q3eZMfDQgT8MhPowKFXYO,Unlisted,none,t.A.T.u.,https://i.scdn.co/image/ab6761610000e5ebc8bb15d091287d6ce663d430
46,6RsX7qYw5KVKiOjS8BxjL5,Unlisted,none,William Walton,https://i.scdn.co/image/ee578688f72c9810b54168b5e1bd29aef225f822
55,02A3cEvlLLCbIMVDrK2GHV,Unlisted,none,Starley,https://i.scdn.co/image/ab6761610000e5eb35f7fd848c6ec8218ec904e8
56,0nJaMZM8paoA5HEUTUXPqi,Unlisted,folk pop,Bear's Den,https://i.scdn.co/image/ab6761610000e5eb85509a33687cdd68b9ec36a4
10,5o6RQwaMcvIn1HrFhOtqWU,Unlisted,none,Jing Xian,
28,3GMsAIP1uVCx0yNz2kmXFw,Unlisted,none,Franz Waxman,https://i.scdn.co/image/5986ab49b1eefcc5edf8e5758b851f26c1405e34
51,6VSLsTLt5SnJSaiKVwHSKn,Unlisted,none,Sound Carrie,https://i.scdn.co/image/ab67616d0000b273b8f49088967c58686f102c82
9,7cktfaBNPmmEN71qPbDDj2,Unlisted,none,Paul Taffanel,https://i.scdn.co/image/ab67616d0000b2730cb3d295f588528505a330a9
64,1jfnMuDBl5OaAoU0VwLD8m,Unlisted,none,Granular,https://i.scdn.co/image/ab67616d0000b273bce4fa4688f58b6162a149e9
31,6YJnewrSxxoK4QIRgHp9oz,Unlisted,none,Giora Feidman,https://i.scdn.co/image/ab6761610000e5eb17b463d5b8b985adc50d4e2f
49,6yFbpXlBH8XHVQGjUPUvKU,Unlisted,none,He Is We,https://i.scdn.co/image/ab6761610000e5eb36ced38f769a9ed4b7932666
35,7gRmesSjINzb4xXApfMV5E,Unlisted,none,Holly Valance,https://i.scdn.co/image/ab67616d0000b2737d1cd39fae733ff67c5645d1
67,5p7f24Rk5HkUZsaS3BLG5F,Unlisted,none,Hailee Steinfeld,https://i.scdn.co/image/ab6761610000e5eba961383967f3a3a54e794a15
38,2rmMyZC0sUD1a3jkDxp7iY,Unlisted,none,Balkan Beat Box,https://i.scdn.co/image/ab6761610000e5ebdf31504cf17b7f0641c94ce6
22,3bjJEXLyXKBFUx6MOj3wlF,Unlisted,none,Houis,https://i.scdn.co/image/ab6761610000e5eb9713a39b1861f761cda459ef
46,0zmxCsd8aIJHfNC95gdT2i,Unlisted,none,ALEXSUCKS,https://i.scdn.co/image/ab6761610000e5ebe22c992d3f130f2cc5069be0
18,7dxUKrjbdkaAl1nCCYblq7,Unlisted,none,Make Friends,https://i.scdn.co/image/ab6761610000e5eb96c42a951a13f0e8e767d804
31,63zpgua95FrMeht9L50MZf,Unlisted,none,The Golden Islands,https://i.scdn.co/image/ab67616d0000b2737ec7e12af8a2dfa16cf0ef68
77,3y2cIKLjiOlp1Np37WiUdH,Unlisted,none,Shaboozey,https://i.scdn.co/image/ab6761610000e5eb2361ab73b5a386e2522790e8
2,0nAywBTMD3QyYV59glDLfy,Unlisted,none,Wavehealers,https://i.scdn.co/image/ab6761610000e5eb1ed940245ce01577a64b6e10
20,5c1Ph94byUG9Q6RhHA1ptg,Unlisted,none,Klaz,https://i.scdn.co/image/ab6761610000e5ebcd31938dd559f055f2b28441
77,4E2rKHVDssGJm2SCDOMMJB,Unlisted,none,Doechii,https://i.scdn.co/image/ab6761610000e5ebca2fee52c41d3f58ceb6474b
48,3PplCjTWQ2AbTboXJNCpSa,Unlisted,jazz beats,Lenny B,https://i.scdn.co/image/ab6761610000e5eba7c187d848b5c9c1baaad3eb
48,5Fxk2PHoDVKnPjd5GxwaXe,Unlisted,none,Norman Sann,https://i.scdn.co/image/ab6761610000e5eb2705ebac521bc61a551a97af
62,6zVFRTB0Y1whWyH7ZNmywf,Unlisted,none,Tash Sultana,https://i.scdn.co/image/ab6761610000e5eb39423f1ee5fd80db932ceba4
37,0JYlkNmu76Wu1DgvWNWq7X,Unlisted,none,Everything Is Recorded,https://i.scdn.co/image/ab6761610000e5eb0fc2a706c3f4dd6229fbaec7
56,5RRPSRJpISAWEPOeSfYuhV,Unlisted,italian singer-songwriter,Rino Gaetano,https://i.scdn.co/image/ab6761610000e5eb859f84d00a98878969447347
16,0ud7Vcl9BBEoOVwoWDqXIH,Unlisted,none,Kai Campos,https://i.scdn.co/image/ab6761610000e5eb9f3df04acb9b8ed6fec9589a
26,5GryqMMRfFO3n0eXBEF5oH,Unlisted,none,Fabio Caramuru,https://i.scdn.co/image/ab6761610000e5ebde646d844c27820fc5f64c34
53,47KS10JqzPOZND1Uxr7U1i,Unlisted,jazz beats,Dani Catalá,https://i.scdn.co/image/ab6761610000e5eba717534e9674e0dade0e3993
78,46pWGuE3dSwY3bMMXGBvVS,Unlisted,afrobeats,Rema,https://i.scdn.co/image/ab6761610000e5ebcd9d661b6955241f33ef8a0a
54,2InNZR52CaeutuA8BjbfSh,Unlisted,italian singer-songwriter,Andrea Laszlo De Simone,https://i.scdn.co/image/ab6761610000e5eb7d5304302aeca642e3f834ab
56,2FjkZT851ez950cyPjeYid,Unlisted,none,Bobby McFerrin,https://i.scdn.co/image/ab6772690000c46c38b1b727d47e4f73a38b976b
5,0XDDVrXAZds2CXYLywCfe5,Unlisted,none,Woodwire,https://i.scdn.co/image/ab67616d0000b273bf2063b8530af99085dcb097
60,6lyMYewq2SuTFIXgiv7OxH,Unlisted,none,Inhaler,https://i.scdn.co/image/ab6761610000e5eba51b91e0d60c8b172f82e213
20,5sheFltPCALk1o9MxUnJd4,Unlisted,none,Holiday Inn,https://i.scdn.co/image/ab67616d0000b273b662cbac620338fde46dcbe2
80,4oLeXFyACqeem2VImYeBFe,Unlisted,stutter house,Fred again..,https://i.scdn.co/image/ab6761610000e5eb381c41adc678e4ce864eb274
1,1s5FDoN4EOM0Ru3h57br01,Unlisted,none,太田ひな,https://i.scdn.co/image/ab6761610000e5eb6dd4e96b6c7bed880c0543cd
46,5szdoaeT1yHXbbj6w6z2eD,Unlisted,none,Offthewally,https://i.scdn.co/image/ab6761610000e5eb0ecdef19e7fc189b72c28a45
28,7hrkCWuz4OT9xz4E33wWJO,Unlisted,none,Jets Overhead,https://i.scdn.co/image/ab6761610000e5eb964c790244bc2704ad133b46
37,4wGoZhMN4NyNoZqUgMxUxc,Unlisted,jazz beats,farewell,https://i.scdn.co/image/ab6761610000e5eb9f31052d46998a7fcbd9d6d6
7,7MrgEI0WTL3jjrHkQqpMCW,Unlisted,cold wave,Doris Norton,https://i.scdn.co/image/ab67616d0000b273a3d87c50b8a979eea89e1085
44,2D7akgJBXcsp8Y2FKdPJCh,Unlisted,stutter house,Jasper Tygner,https://i.scdn.co/image/ab6761610000e5ebe57d1f7f4f531e5c768b5052
64,5IFCkqu9J6xdWeYMk5I889,Unlisted,none,Gloria Estefan,https://i.scdn.co/image/ab6761610000e5eb159c89e0521cf7dda57bae9e
47,6hVfhenDWtc36gNLmWIRG5,Unlisted,italian singer-songwriter,Tiromancino,https://i.scdn.co/image/ab6761610000e5eb8f2d2ca2b3b37081a8acafa5
46,77ONEFnCEJnH1qm5dBzDcf,Unlisted,lo-fi hip hop,takeo,https://i.scdn.co/image/ab6761610000e5ebeca31d5d5cd685494292687f
13,5edHfSXSR4a2vHgB5F85wi,Unlisted,new orleans bounce,Thoresby RJB Band,https://i.scdn.co/image/ab67616d0000b2738d2a1371fca627acf3639553
20,6dxwRzHWBjutEenT5gV6L8,Unlisted,none,Swans of London,https://i.scdn.co/image/ab67616d0000b2734a0685ff1948359841b0f674
29,2M3GH9JFk7Z62j2XarUJ1g,Unlisted,none,Sydney Taylor Band,https://i.scdn.co/image/ab6761610000e5eb251526e8fe3eb33f3424361e
46,5v2GEv1pQaCp6oeOQROdKE,Unlisted,none,Gabriella Cilmi,https://i.scdn.co/image/ab6761610000e5ebd40544020343de07f9b61069
46,27CC3tpq7WQR25M03jKTZm,Unlisted,none,Kiltro,https://i.scdn.co/image/ab6761610000e5eb5296ee9a115db7f69d4a97e9
48,0H0rBbf7vHXO3qh50Wap7y,Unlisted,none,Sam Sparro,https://i.scdn.co/image/ab6761610000e5eb2ea334e1c2beacf7695c5fc9
49,0AggcZhPMyJglaaruoxJpN,Unlisted,none,DARGZ,https://i.scdn.co/image/ab6761610000e5eb182d35cfb5d2a0d291a42ddc
25,3dKNvDOPWpPth4n4gg8osF,Unlisted,jazz beats,faff,https://i.scdn.co/image/ab6761610000e5eb9a036d97b504ac90531c25df
7,2GohawNLmXECVv5UOhQYM2,Unlisted,none,Donatas Petreikis,https://i.scdn.co/image/ab6761610000e5ebc946ec5459e279a7181ec8db
49,4lrOh2SR7H3guHky2lAYOk,Unlisted,none,Mother Nature Sound FX,https://i.scdn.co/image/ab6761610000e5ebb35c721765f075435cc85e70
34,216iyhH3TpJJYO9zF1zyxV,Unlisted,none,Memorable,https://i.scdn.co/image/ab67616d0000b2736996911d739f4dfcf2ed42ff
15,7onn3GnrgGHHw4zoFqBMF6,Unlisted,none,イノマタタケシ,
72,1ooV8YZC1KbpEcrmI8WH0F,Unlisted,none,Yebba,https://i.scdn.co/image/ab6761610000e5ebc7c93edb239b99c22a84bdd9
35,6NwzoAF59ghN7JuBvwHVex,Unlisted,none,Elise Magnefold,https://i.scdn.co/image/ab67616d0000b2734a24dc05aeab1c14018f87b4
51,0PbBgZYFayICVW0646NtXG,Unlisted,jazz beats,CMJ,https://i.scdn.co/image/ab6761610000e5ebb5eee7f482792218ce6d0b9c
42,6wa2PiIWrIhhz6lRQEGQpO,Unlisted,none,Pastel,https://i.scdn.co/image/ab6761610000e5eb978ed665e9d38c4bb1be9db1
30,1NdjUWVsLvRmiJmtrynbKF,Unlisted,lo-fi hip hop,niquo,https://i.scdn.co/image/ab6761610000e5eb7ac822308133e6a075be4e97
2,3dUZsndiuWqeatgYQBhkI9,Unlisted,none,Terce S.,https://i.scdn.co/image/ab6761610000e5eb71550eae270662e82ca1128d
57,5xnMjuPp1eDXa8du0SKIHD,Unlisted,none,Barbatuques,https://i.scdn.co/image/ab6761610000e5eb0e80a4ec2dd84b63b52d4f2a
53,39xSFVoeHPX87DYQWe6z3y,Unlisted,none,Rain Inc,https://i.scdn.co/image/ab67616d0000b273da005a56b9c6c7bc393e6fd6
42,6kHG4q4IIYCw3ijwWZs6Zx,Unlisted,jazz beats,9ICK,https://i.scdn.co/image/ab6761610000e5ebdcefb201be196494caec7989
44,7nT0BfoHBOjL5yGLTRLmhm,Unlisted,jazz beats,CrazyJaZz,https://i.scdn.co/image/ab6761610000e5eb1aec137955dfea143dc30383
53,7uwY65fDg3FVJ8MkJ5QuZK,Unlisted,none,hard life,https://i.scdn.co/image/ab6761610000e5ebdbb424cfd3b128a8fafef54f
55,75zbTyxmkNUkQuygPB6fUQ,Unlisted,none,Golden Drops,https://i.scdn.co/image/ab6761610000e5ebe4c8d8d920cffd39e8259425
45,6NzWkEWVUXwO7TTXOEjdP7,Unlisted,none,Isamu,https://i.scdn.co/image/ab6761610000e5eb4d15c075951a47fccf936ef5
34,4rUMZjDiYilkBk8vc5WMZC,Unlisted,none,Debbie Wiseman,https://i.scdn.co/image/bd0732b99cd537ff959216b2a37f9cd11b138d73
22,41j1aNakGQ3v2SAcPHaRIl,Unlisted,none,Kan Wakan,https://i.scdn.co/image/ab6761610000e5eb0b1e724d9022fcac768ab5be
48,4EnymklUyqZwvmHQGlRssl,Unlisted,none,Saya Gray,https://i.scdn.co/image/ab6761610000e5eb6f0edfb968ea1eb5c77d0270
45,09s6bLEw45wioK9ytf3nsA,Unlisted,none,Westerman,https://i.scdn.co/image/ab6761610000e5eb3599e9dea23ddb08654f3713
15,1j2z4kWUO6QrYTqzQVxoZS,Unlisted,none,Kampala Social Club,https://i.scdn.co/image/ab6761610000e5eb01fc1db91d04d60693cdaba3
31,2HdW2ZlTwYhsFnZU0nilCv,Unlisted,none,Paul,https://i.scdn.co/image/ab6761610000e5eb26e962a6e66a536e839c3225
71,2WzaAvm2bBCf4pEhyuDgCY,Unlisted,none,Ruth B.,https://i.scdn.co/image/ab6761610000e5ebfaae1d3eac51a47b9f51c9bd
22,3vAvHFXAMYvfj5AO2CoYyX,Unlisted,lo-fi hip hop,Funcc.,https://i.scdn.co/image/ab6761610000e5eb3d9580231502a9810d651ed3
78,5ZsFI1h6hIdQRw2ti0hz81,Unlisted,none,ZAYN,https://i.scdn.co/image/ab6761610000e5eb7a1fba1bb3618ef71355f82a
24,5xmw30TV4tlHFIOH6HmPnd,Unlisted,none,Barry Snyder Band,https://i.scdn.co/image/ab6761610000e5ebd47da7212064b8fbe2c00629
37,0kqRUwSJCCooeI3hNRsghY,Unlisted,none,Johnny Rain,https://i.scdn.co/image/ab6761610000e5eb1dbcf075582c47ce26a6c513
15,4wPgSU8TFVCmCTyMSDXuGY,Unlisted,none,Westside Gravy,https://i.scdn.co/image/ab6761610000e5eba1a9b8d58a1c029251ab4dd9
15,5ZDXNxBbBlMxJPGs7tppyD,Unlisted,none,Goff Richards,https://i.scdn.co/image/ab67616d0000b273853bffa589c8086a021823af
65,2vGaSKEDFsVPBgcnGxqlBN,Unlisted,none,Alex Newell,https://i.scdn.co/image/ab6761610000e5eb503ed7fda975a8049522692d
65,4Ui2kfOqGujY81UcPrb5KE,Unlisted,none,HAIM,https://i.scdn.co/image/ab6761610000e5eb09f7ea29906a367f0648e0bc
28,50orlMpkTttVLvwrPmhEnN,Unlisted,none,Christopher Elliott,https://i.scdn.co/image/ab6761610000e5eb398770aeb7fee96a5793814e
70,6GMYJwaziB4ekv1Y6wCDWS,Unlisted,none,Soulja Boy,https://i.scdn.co/image/ab6761610000e5eb8a20d3aa1b91cc7bd14bd6b9
59,5YZ5AExR68U3ZblH6HcO6B,Unlisted,none,Leven Kali,https://i.scdn.co/image/ab6761610000e5eb80abe7d481b2b370fc9c90e4
39,3z6OaFpSGrLQmmDtvL0Zyr,Unlisted,none,Pim Miles,https://i.scdn.co/image/ab67616d0000b2733bfdb6f2760e0e1e69281407
60,1tqhsYv8yBBdwANFNzHtcr,Unlisted,none,Lil Dicky,https://i.scdn.co/image/ab6761610000e5ebfd1780645d82ecbc3b5253cb
52,0imE3buPhAowREqCrr4CYe,Unlisted,none,Peach Tree Rascals,https://i.scdn.co/image/ab6761610000e5eb172325dbbb7f06fb137f975b
63,2d3VHzlOEwXvmBdS4pzOPL,Unlisted,none,LeAnn Rimes,https://i.scdn.co/image/ab6761610000e5eb0ee40ceec2d8952bb3804496
62,0Vw76uk7P8yVtTClWyOhac,Unlisted,none,HONNE,https://i.scdn.co/image/ab6761610000e5ebc19adef627892ffdee631d1a
5,7IzAjoycfh06woYfGHEC36,Unlisted,none,The Hardy Tree,https://i.scdn.co/image/ab6761610000e5ebe9a08aa9951a76a3e1544658
11,22x4ObzsgLRlFkoqsZ00Lo,Unlisted,none,Jade Emperor,https://i.scdn.co/image/ab6761610000e5eb3b95194415e3d5e204deb5ab
29,76Fb7JUGndMfrfLCX697Gs,Unlisted,none,NOVUL,https://i.scdn.co/image/ab6761610000e5ebdd5806dfe439ec88724690df
25,5qdAJ2QyXRasXUmyesONEn,Unlisted,none,Facta,https://i.scdn.co/image/ab6761610000e5eb9484e60d585f74bd3c5e2c33
29,0oAXpFPgRUa0zxfMOf21IM,Unlisted,none,Roseblue,https://i.scdn.co/image/ab6761610000e5eb1f516fd1dce34bef00baf14c
47,07lLIhOAtuwjGaZ0goh3iO,Unlisted,none,Rossdale Junction,https://i.scdn.co/image/ab67616d0000b273a55a0f508e37e344c54fa4ac
5,0TroRwfNQM1kKalvySm2n7,Unlisted,none,Midiminuit,https://i.scdn.co/image/ab67616d0000b273c3ab1007d645c0871a1bdd18
18,5bMQvYFq5ic1QxUDaGPyeb,Unlisted,none,Ten Thirty Trio,https://i.scdn.co/image/ab67616d0000b273bdfc6553477dadeb1d207b0e
1,3QKXVKCCtVc0IZ7FMCh6PS,Unlisted,none,CHRONES,https://i.scdn.co/image/ab67616d0000b273539d104a706672c6b264d5a3
51,0LzeyDrlLtuyBqMSBN4z3U,Unlisted,none,Qumu,https://i.scdn.co/image/ab6761610000e5eb13b578c95bdeba723f533b41
53,3f5W9NEwkc1SAIPFuumcaf,Unlisted,none,Jamelia,https://i.scdn.co/image/ab6761610000e5eb8f747b857a7156bc12787ec4
63,1MIVXf74SZHmTIp4V4paH4,Unlisted,none,Mabel,https://i.scdn.co/image/ab6761610000e5ebc5c0e1d109d8a876076187f1
11,21DnYgKnKP7utcXZV8FgdO,Unlisted,none,Heshoo Beshoo Group,https://i.scdn.co/image/ab67616d0000b27384137d98c862bf8a1f1d12e5
47,77aATgrzmuoRjmqxPcEIHU,Unlisted,lo-fi hip hop,brillion.,https://i.scdn.co/image/ab6761610000e5ebdbbbdbf089a2e8a08549537a
35,3wTIZkM67FbgrIjhxGjgpu,Unlisted,none,Gerhard Trede,https://i.scdn.co/image/ab6761610000e5ebe4b14909841a565c8f516b8e
34,1g5PorBgjWrL60NdotRE6Q,Unlisted,none,Mutya Buena,https://i.scdn.co/image/ab6761610000e5eb5bb7295baedd0625379ff770
2,7f88zuewiM7EFt2udvTQy3,Unlisted,none,Laurie Carpenter,https://i.scdn.co/image/ab6761610000e5ebba5f4d87d8843777a35ccd45
80,6LqNN22kT3074XbTVUrhzX,Unlisted,none,Kesha,https://i.scdn.co/image/ab6761610000e5eb1c43cbfb50d7ac393df96ae5
60,1hD3DmoEBRAveULl3BCFGe,Unlisted,none,Benjamin Rhey,https://i.scdn.co/image/ab67616d0000b273f32c77128fad6df7b3a102cd
26,24jNRyMv4IEPuL1qwmZuNW,Unlisted,none,Gregoire Maret,https://i.scdn.co/image/ab6761610000e5ebc3b1c583fe2605a77e103bbb
40,6Ga6q3KSIGpJt2H1vbtTI0,Unlisted,none,Dream Cave,https://i.scdn.co/image/ab6761610000e5eb5180298189944d8ee139e54b
43,0WCCipy2qiobvuygnTMdkC,Unlisted,lo-fi hip hop,tender spring,https://i.scdn.co/image/ab6761610000e5eb931231b3f8c6d2c927614937
42,1SzLvjYm0lQLPi3AneCpDO,Unlisted,lo-fi hip hop,Kurt Stewart,https://i.scdn.co/image/ab6761610000e5eba5c86c436ceb3d229f4c9642
16,1trMtYfiBirVPqc9NASJAC,Unlisted,none,北村英治,https://i.scdn.co/image/ab67616d0000b2734cba8500b2eb63bc446f7505
62,25MkkfEousyfp2eyh38FUl,Unlisted,italian singer-songwriter,Lucio Dalla,https://i.scdn.co/image/ab6761610000e5ebd7d620d99f7c9aa8d54c8b82
44,2VZTNKYLnhbnV3FwGJlp3K,Unlisted,none,Jakob Ahlbom,https://i.scdn.co/image/ab6761610000e5ebdba11ef809d7548076ffc8b8
19,577NHFNqD3EF7ePgJxpCzu,Unlisted,none,Erinrad Viker Sinfonietta,https://i.scdn.co/image/ab67616d0000b273a4d857759ba6dc838e28ce27
41,1F5NAWDKvoYJU3mEZQUFsB,Unlisted,none,Ahmed Malek,https://i.scdn.co/image/ab6761610000e5eb91ccce1b5a43568594ddc533
24,0zCttoLLDEgOzAPWwUUrqi,Unlisted,none,Hollywood Trailer Music Orchestra,https://i.scdn.co/image/ab67616d0000b273eabf3b8a70ebd009dc7ecab3
47,1O10apSOoAPjOu6UhUNmeI,Unlisted,none,SBTRKT,https://i.scdn.co/image/ab6761610000e5eb19664961471f5f59f747b34c
80,1Xylc3o4UrD53lo9CvFvVg,Unlisted,none,Zara Larsson,https://i.scdn.co/image/ab6761610000e5eb11be9310ef4b23734c13b5c8
64,7gAppWoH7pcYmphCVTXkzs,Unlisted,none,The Vamps,https://i.scdn.co/image/ab6761610000e5eb77ef80571a40d9d19cf52208
61,4RB2kk5dmocmMiHFBlmOEt,Unlisted,none,Connie Constance,https://i.scdn.co/image/ab6761610000e5eb46536b4e82ba360bb21b3f49
15,62bRiAqGDOJvcfnr1eWExo,Unlisted,none,Porter Grainger,https://i.scdn.co/image/ab67616d0000b273a047b689232073a9521c8bef
45,2ZDHVJnLtH2KJfBFzShihr,Unlisted,none,Tipling Rock,https://i.scdn.co/image/ab6761610000e5eb63b2f84e6197148838fe7635
59,0Raaw7kr1Vzat4ZvHzjsJR,Unlisted,none,I DONT KNOW HOW BUT THEY FOUND ME,https://i.scdn.co/image/ab6761610000e5eb93a771b8bc5c8b27fde010ff
14,5kGJAOqdAbWQoN33QkJNqU,Unlisted,none,Alan Perlman Band,https://i.scdn.co/image/ab67616d0000b273dd11c488ac614f9817de86a3
10,4hUzAt6msIzmNC8jQE0X28,Unlisted,none,William Carter Band,https://i.scdn.co/image/ab67616d0000b273d3d6c4394abf743daa6b78e1
58,7ctAOUlIAs7yuMODWE2Fyz,Unlisted,none,John Barry,https://i.scdn.co/image/a342b5af4a422d347860dc581714131f16f9c900
1,0o53F8XepZvenQYoNjNV2Y,Unlisted,none,Alamiro Giampieri,https://i.scdn.co/image/ab67616d0000b27379b2cdc12978b6189f6df626
14,598ZOeI9WBrDpz2MtfiZzW,Unlisted,none,Aldous RH,https://i.scdn.co/image/ab6761610000e5eb59fb05e6e0760d025f0df3ff
50,3LVPGE5jPPwtbGslx07YR0,Unlisted,none,Kishi Bashi,https://i.scdn.co/image/ab6761610000e5ebb15728de6054f36c05d2d7b3
37,4wEVY6Zz9STrspLNOmyz50,Unlisted,none,Jim Guthrie,https://i.scdn.co/image/ab6761610000e5ebe1d9183afe7b4808ca82f24d
11,7u9jicjzN1GUyXvX5FROHN,Unlisted,classic blues,Lizzie Miles,https://i.scdn.co/image/ab67616d0000b273b2fef724fd85151d3fcd021c
37,2Dr744zaEbNqmW9jxw4gfq,Unlisted,none,Adam Young,https://i.scdn.co/image/2081968c418007f0e8928e9e9edc9d17381209c6
9,2831RpWZDn4A3wLYA5hi8k,Unlisted,classic blues,Flo Bert,https://i.scdn.co/image/ab67616d0000b273a9d04aa4e7b680a00c23bc95
41,62yK4L5PltHkFUuG3QuTs8,Unlisted,none,Connor Spiotto,https://i.scdn.co/image/ab6761610000e5eb3ef16cf85c242aa571e06cf4
1,2bZ8RjPUlfHzPH3wvoePx3,Unlisted,none,"Whispering Jack Smith, Carrol Gibbons & The New Mayfair Dance Orchestra",
45,1k3zqz5SgrYCE0wpcfJX3g,Unlisted,italian singer-songwriter,Dimartino,https://i.scdn.co/image/ab6761610000e5ebf92f268951d0cdaa53ab89fb
55,17Zu03OgBVxgLxWmRUyNOJ,Unlisted,none,Knxwledge,https://i.scdn.co/image/ab6761610000e5eb8e0147d29ac3c4f161924696
42,6lOCVUQbb9wzuZQbZQV9zn,Unlisted,none,Cool Company,https://i.scdn.co/image/ab6761610000e5ebc339abddc96ddfd9ad4d291e
29,7uRQMpADJ71S1cdPIKZrTJ,Unlisted,none,Scott Hallgren,https://i.scdn.co/image/ab67616d0000b273d8c3ca13e3867ebd896e34ea
79,57vWImR43h4CaDao012Ofp,Unlisted,none,Steve Lacy,https://i.scdn.co/image/ab6761610000e5eb2297f6d794be503fc5fd031f
18,5cSYeS27bdC8UZo83VY7GI,Unlisted,none,Harper Pepe,https://i.scdn.co/image/ab67616d0000b27355180638d1c31cd70807b039
0,4eEuMnsfDZ5YQqQaEfgmwM,Unlisted,none,Jake Five,https://i.scdn.co/image/ab6761610000e5eb07ec97cfbbddce99c4b34c79
41,7bVJIMenC0rlgot8O60qpF,Unlisted,none,Park Bird,https://i.scdn.co/image/ab6761610000e5ebf40ed48b0592d02f2689712b
16,6nI0MtO93pTNhec5pbP43B,Unlisted,none,Aimee Fleur,https://i.scdn.co/image/ab67616d0000b273d1a518ab1a9fd570d8fa87df
4,6wIf7MITOhUOVqlBFIgCOq,Unlisted,none,Daryl Donald,https://i.scdn.co/image/ab67616d0000b273bbddfab1223fa09827911bb8
22,5M2mDWIdN8ENulwh4sJct1,Unlisted,none,João Pernambuco,https://i.scdn.co/image/ab67616d0000b273e296cf26d9dc9cad97276609
22,2YZPTSt35NSvVpG0yqZkOK,Unlisted,lo-fi hip hop,Kreaem,https://i.scdn.co/image/ab6761610000e5ebe056d746fffbb2a01a716d33
42,5EMhnsc8XoFAR7Cpb8TjPv,Unlisted,jazz beats,Korey Wade,https://i.scdn.co/image/ab6761610000e5ebfd5e7ba0968a548664be3604
2,2bIw9rbY6dPnFuIRNCS3Rl,Unlisted,jazz beats,Kid Bunka,https://i.scdn.co/image/ab6761610000e5eb67fd16d6f7a61ee149cda09b
7,43ICbQzjGykDEdLP7uvFC1,Unlisted,none,Sugar Cane Davis,https://i.scdn.co/image/ab6761610000e5eb1d82957a1fc36d704bcdbc49
13,7bsvOZbS47pVQPHPD8f2CO,Unlisted,none,Kara Spiro,https://i.scdn.co/image/ab67616d0000b273b52880a11c6d15a97f7d7831
62,2NM1t8dMvgeu9Lfl06574g,Unlisted,none,Mishaal Tamer,https://i.scdn.co/image/ab6761610000e5ebe48c5848d0a752b3aac23597
29,6wgviqppMkEUf4p2WJ2uVa,Unlisted,none,Charles-Marie Widor,https://i.scdn.co/image/141b962d2c4e3603b642374ef83c5f5fa69282f1
0,4saZnTTXm1TewLK8AOxCK8,Unlisted,none,Zayy,https://i.scdn.co/image/ab6761610000e5ebf59d51440ea30d7801cdbc8a
2,1bFRSc3gNA6k1dOebg9gPL,Unlisted,none,ィhalin,https://i.scdn.co/image/ab67616d0000b2737f873753ef9a08dbf9524f91
0,57wzGIJ3nxcNb6Twpp1Bdr,Unlisted,none,Jesvs Lo5t,https://i.scdn.co/image/ab67616d0000b273e1adc6dbdb362d2664f60c51
74,4XdPbkEAdTU7KDmfOCIakS,Unlisted,none,Edy Boman,https://i.scdn.co/image/ab6761610000e5eb589cff84b48b578c3fd2bfe0
67,4TKTii6gnOnUXQHyuo9JaD,Unlisted,none,Sheryl Crow,https://i.scdn.co/image/ab6761610000e5eb962c94da847bcc4ef21c4ad9
14,3Vu3giA1ZUQY1kWTerqhdD,Unlisted,none,Egokind,https://i.scdn.co/image/ab67616d0000b2736103d19fdc9ca239fb69d22c
29,2pyLfRo9BiHEhGNsS6cMwC,Unlisted,hollands,Eddy Wally,https://i.scdn.co/image/ab6761610000e5eb3d22b021c3fab439327c8466
74,5AZuEF0feCXMkUCwQiQlW7,Unlisted,italian trap,Marracash,https://i.scdn.co/image/ab6761610000e5eb8aa0ff279be0623fce3e6c9d
66,2cBh5lVMg222FFuRU7EfDE,Unlisted,none,Sophie Ellis-Bextor,https://i.scdn.co/image/ab6761610000e5eb180fed4e1e26cba501660afb
19,5iXvuZNqtxyx392mw7KVgm,Unlisted,none,Sleep Sounds Rain,https://i.scdn.co/image/ab67616d0000b273501af3fd3ddd7848fa99c359
69,2KsP6tYLJlTBvSUxnwlVWa,Unlisted,none,Mike Posner,https://i.scdn.co/image/ab6761610000e5eb85e71ac37632766429b0c2cb
75,6MDME20pz9RveH9rEXvrOM,Unlisted,none,Clean Bandit,https://i.scdn.co/image/ab6761610000e5eb70d80b8ab8e193aef64223ec
41,3P9jdZehQvmAoTrWU1p5zt,Unlisted,none,Charlotte Church,https://i.scdn.co/image/ab6761610000e5eb432a12de532268c0f74452c5
62,0kJMPTXq7h3ztpDukSx5iD,Unlisted,none,Pras,https://i.scdn.co/image/ab6761610000e5ebb7c04e289a76164682742935
65,3NRFinRTEqUCfaTTZmk8ek,Unlisted,none,Savage Garden,https://i.scdn.co/image/ab6761610000e5eba218283491135c3c72911719
19,5YBMFTpkOuQk2waZNBofbc,Unlisted,none,The Lights,https://i.scdn.co/image/ab67616d0000b2735a36b0a268dfa1232a480160
63,2NhdGz9EDv2FeUw6udu2g1,Unlisted,none,The Wanted,https://i.scdn.co/image/ab6761610000e5ebd34d138ebcda9fca6716e70c
60,5UdPkKWd8YNR5xGcmqH9QJ,Unlisted,none,Jason Weaver,https://i.scdn.co/image/ab6761610000e5eb8842fd84854c331d60d30d8e
45,65YhYi4Fz5Ibgq7ueev2Rm,Unlisted,none,Frederick Delius,https://i.scdn.co/image/46cb6a428b886ccdbca21cd99b7f4b6f2251c942
71,4kI8Ie27vjvonwaB2ePh8T,Unlisted,none,Portugal. The Man,https://i.scdn.co/image/ab6761610000e5eb86a31e209d56d3331b832d23
76,3AQRLZ9PuTAozP28Skbq8V,Unlisted,none,The Script,https://i.scdn.co/image/ab6761610000e5eb4a0b21cd87d8a8752fd32e94
51,4kDmwaDsfY9hcvz7K0otLJ,Unlisted,none,Syd Matters,https://i.scdn.co/image/ab6761610000e5eb98ffc7f137d73d733cd10ab9
81,2RdwBSPQiwcmiDo9kixcl8,Unlisted,none,Pharrell Williams,https://i.scdn.co/image/ab6761610000e5ebf0789cd783c20985ec3deb4e
55,5WoWlP0ihSFIxnppxjwSgE,Unlisted,none,Low Roar,https://i.scdn.co/image/ab6761610000e5eb076046c880745c7a4a9e489a
61,1L4nOFaQKejFy75REi9BKh,Unlisted,musicals,Christine Baranski,
48,3mPc8WGusz2XF3Tvs3AKCR,Unlisted,none,Carlie Hanson,https://i.scdn.co/image/ab6761610000e5eb5bd09be36e166bdec02c8cd6
68,0Je74SitssvJg1w4Ra2EK7,Unlisted,none,4 Non Blondes,https://i.scdn.co/image/ab6772690000c46cbee2b55099797d5537544010
51,451XuvAUIJfZrPOQt2AReP,Unlisted,none,Colin Firth,https://i.scdn.co/image/86f885b01d5d9f7ee503885dbabce8d7ec939793
22,4pWvD2wQ6paqieVN9bE8yv,Unlisted,none,Jenaux,https://i.scdn.co/image/ab6761610000e5eba690407fc36af1b3b452bd4f
65,0gxyHStUsqpMadRV0Di1Qt,Unlisted,none,Rick Astley,https://i.scdn.co/image/ab6761610000e5eb019782a5d4654e00db2a28a0
57,7qDUWeBzKcDnh15yhYBf2U,Unlisted,musicals,Reeve Carney,https://i.scdn.co/image/ab6761610000e5eb9de6055fe9884bae0652efd8
41,66oKiXdIQP7MwN0gPUY0FD,Unlisted,none,Bruce Adler,https://i.scdn.co/image/ab67616d0000b273e7fec29c8ce38bd57ca100ba
12,4aj0Uc8eSN4NQPhLkFZSGB,Unlisted,none,Jack Grace,https://i.scdn.co/image/ab6761610000e5ebeb5560b464d65f98658e9dfa
28,0VjT9l1JdsBHIUzJ6eMTqS,Unlisted,none,Valeriy Syutkin,https://i.scdn.co/image/ab6761610000e5ebfe5d37dd8d7a0b17ab988cda
49,4cmng99Q3qPQ9KtNI2OxiL,Unlisted,none,Sleep and Dream,https://i.scdn.co/image/ab67616d0000b2735ddf9037d6a879fd2c45e911
39,3Q614JyDSProXXN4wXYYk1,Unlisted,none,The Noise Project,https://i.scdn.co/image/ab6761610000e5ebfc2fed53ea0f8486f2b43c58
60,7xTcuBOIAAIGDOSvwYFPzk,Unlisted,none,Daniel Powter,https://i.scdn.co/image/ab6761610000e5eb1f1ea5c01092257885e0c627
22,65o4tTrFgfFOxe5x2dj9ix,Unlisted,none,The 375,https://i.scdn.co/image/ab67616d0000b273b017bc9486d42846eea0f40c
9,4bVbBIsmaNLMIw4osNPcM4,Unlisted,none,Synth Love,https://i.scdn.co/image/ab67616d0000b273522c41f3135eeac260e6b258
44,4fpbUiU0gUoOO2S3JGRbXA,Unlisted,none,Desmond Cheese,https://i.scdn.co/image/ab6761610000e5eb077b90870cc962453779c4c0
0,5gO8Vp3ZHtvqV4uZ6fDLUW,Unlisted,none,Antonio Signorello,
25,0nrbcHAQjeZ8Acj8wXmJhB,Unlisted,none,Noise Makers,https://i.scdn.co/image/ab67616d0000b2736a061521b7199895d73e7a34
21,4UC5zdtsHAeTWYpDj3QePw,Unlisted,none,Nursu Tuli,https://i.scdn.co/image/ab67616d0000b273df5b0383978cf900a872147f
37,5cu4bEi3Pe9SihrGOgCBLW,Unlisted,none,HI-FI CAMP,https://i.scdn.co/image/ab67616d0000b273050bcc60d238a652bcf96b87
21,3uMrYsI7icaVVHV2DxMJqC,Unlisted,none,Me & Us,https://i.scdn.co/image/ab67616d0000b27317246ce3d5d616618749fd43
14,1cu5HAPl4gk8mzR4vPs5ZY,Unlisted,none,Cotton Eyed Joe,https://i.scdn.co/image/ab67616d0000b2738235aa75c6fa6af5dd469cca
70,3r17AfJCCUqC9Lf0OAc73G,Unlisted,none,Fergie,https://i.scdn.co/image/ab6761610000e5eb1fd1c6d465e03a904d63c9b5
32,79uCun3N91BDTFBVTfxwz6,Unlisted,none,Danny DeVito,https://i.scdn.co/image/ab67616d0000b2738f224752cdce29f01fc6ee7a
30,13w9L9iFVdL5lGM7ZDIrpx,Unlisted,none,Incubations,https://i.scdn.co/image/ab67616d0000b273abfec8be4eca76678b35ddb9
30,00KH6gMTJuNeeU5DCsrjcF,Unlisted,none,Lila Om,https://i.scdn.co/image/ab67616d0000b2733178a8d740bcb33abe8b8d80
18,3WIu5xQd4zr9LDLDLaGExI,Unlisted,devotional,Simla,https://i.scdn.co/image/ab67616d0000b2737dab1c4626a83f1343a999b1
15,1GBmoHuijNCj4PNo43ztl0,Unlisted,none,One Half,
67,5JSgVFubDnbqYDUWPzl4tj,Unlisted,none,Misa Bee,https://i.scdn.co/image/ab67616d0000b27329b92fe30b2d4231988e58d3
42,2tLNY5INS60mwIOdmPuhV2,Unlisted,none,Latium,https://i.scdn.co/image/ab67616d0000b27335a222c920c1dab647b07c60
61,1T8S48bD91THNKBByWBDyn,Unlisted,none,Dwayne Johnson,https://i.scdn.co/image/ab6761610000e5eb23bd2abefa574c356dcb36ef
34,42XvJnFdC4wFTCn1aiMafa,Unlisted,none,Blimba,https://i.scdn.co/image/ab67616d0000b273fc6d96cfab47fb65cfa68b5a
53,3nom2q4wk6XDl2RN6xTs5f,Unlisted,none,BCCF,https://i.scdn.co/image/ab67616d0000b2730376a30da24fd8fdd99dfebc
36,3fFMS4kb2UrWGwqPhoz92R,Unlisted,none,Empty Fields,https://i.scdn.co/image/ab67616d0000b27353a823e0fed92c67a687b468
42,2e5y5Gs5lgnDmiY4TKLsq3,Unlisted,none,Neal Francis,https://i.scdn.co/image/ab6761610000e5eb9bb8aafa818474a8d914ff8c
75,2feDdbD5araYcm6JhFHHw7,Unlisted,none,Labrinth,https://i.scdn.co/image/ab6761610000e5ebe06bc05ace04b055edeeff8d
63,4sD9znwiVFx9cgRPZ42aQ1,Unlisted,none,Sinéad O'Connor,https://i.scdn.co/image/ab6761610000e5eba735ae0a6b7fc008350deba5
18,5I3ccYMk8oCQ6ZCfCgWhMw,Unlisted,none,SAIRU,https://i.scdn.co/image/ab6761610000e5ebd9a586cf3030ee7ece90533b
88,4V8LLVI7PbaPR0K2TGSxFF,Unlisted,none,"Tyler, The Creator",https://i.scdn.co/image/ab6761610000e5ebdf2728294ff77dd11eeb18fb
40,5Zmur9D9gpr6tXyDrpnbOe,Unlisted,newgrass,Béla Fleck and the Flecktones,https://i.scdn.co/image/ab6761610000e5eb6ff01bf69ea7a9bc1bacf9e1
50,7ovXNdlB2DNSC16TbKgros,Unlisted,none,Hannah Cohen,https://i.scdn.co/image/ab6761610000e5ebf5e31014498cff548e6f5627
30,7hfCTHwFBHdujO41a9RPXv,Unlisted,none,Túnn,https://i.scdn.co/image/ab6761610000e5ebedbd101d7687cd7c174fc460
52,3bf7Y2it29DeOjXpIibCOe,Unlisted,none,Zero Assoluto,https://i.scdn.co/image/ab6761610000e5eb8c78150c6a42235b4a7eb84b
12,2UenZFehQbTQiiVlU9Sv35,Unlisted,none,ANTIFAN,https://i.scdn.co/image/ab6761610000e5eb7f92d2e9c5e86dfde56204c5
62,2gUMs9PE8XZVQyzCDqaYmW,Unlisted,none,High School Musical Cast,https://i.scdn.co/image/ab6761610000e5ebd360aa4088626e140ee80147
14,0CiNWo5EYXqsHrRkmEBgSB,Unlisted,none,Belbury Poly,https://i.scdn.co/image/ab6761610000e5ebe611913f4a4f26a9928337f6
31,6NjkTRIh5imScWuozdBpVO,Unlisted,latin folklore,Hector Pavez,https://i.scdn.co/image/ab67616d0000b27351222968c488aa567d956a94
36,2YIZRDs9tFMMSDvFutC4ZK,Unlisted,none,Enrico Intra,https://i.scdn.co/image/ab67616d0000b273af9647dbadfe5c45a552ebf2
35,3sHwzQ71N1kblQD9D2WxDm,Unlisted,none,Fake A Smile,https://i.scdn.co/image/ab6761610000e5eb56644db0bca09ff50b6dff84
36,1ojodT2n3tLClMDaRgIk7Z,Unlisted,none,hallpass,https://i.scdn.co/image/ab6761610000e5eb813e9b8f1382f53b4b08b366
55,7CIW23FQUXPc1zebnO1TDG,Unlisted,none,Matt Corby,https://i.scdn.co/image/ab6761610000e5ebbfdf152b9e28473903af5fab
11,4FlqZhoTqYt8tpct6QwgZR,Unlisted,lo-fi hip hop,Sup Nasa,https://i.scdn.co/image/ab6761610000e5ebf3d8f69fe743d5dc2e110005
23,6CRoep862eeqq2oPwXFY7Q,Unlisted,none,Sam Tabor,https://i.scdn.co/image/ab6761610000e5ebb331ef5c4606eb184b8c5301
35,0xccdX954kn4RxZypGF7KH,Unlisted,none,Black Lab,https://i.scdn.co/image/ab6761610000e5eb462c6678223ecb0645297ba5
26,7xtiaT1jm9ea1LcG9JxmSL,Unlisted,jazz beats,JAMMI,https://i.scdn.co/image/ab6761610000e5eb6e479ebf1daf2441013f64cb
22,4lAk1EpBbxg4jIS0AcerHp,Unlisted,none,Column,https://i.scdn.co/image/ab6761610000e5eb1f293a0c831089b7280e581f
64,4ZgQDCtRqZlhLswVS6MHN4,Unlisted,none,grandson,https://i.scdn.co/image/ab6761610000e5eb1e5c7968999985162cad7042
13,7FsPHlF4pnl8LIP1TDIBaF,Unlisted,none,Heloise Tunstall-Behrens & Auclair,https://i.scdn.co/image/ab6761610000e5eb34b749bd43ae098b79b1b0b3
3,5L4cL58h70X4usTwKuvmQk,Unlisted,japanese indie,Barbara,https://i.scdn.co/image/ab6761610000e5ebbde5f2034a131af94d8b7207
21,5l6BFjj8wHwirWnn63UwEh,Unlisted,none,Michoel Pruzansky,https://i.scdn.co/image/ab67616d0000b2733fe068e7fba590ea01275ecd
62,66uHiAJ1D3MCLQmX9xYJqI,Unlisted,none,Xella Machina,https://i.scdn.co/image/ab6761610000e5ebb70396c4e28ece9f3184fa34
35,1V1TVU82iVw065XEKFS6z4,Unlisted,none,I Am An Instrument,https://i.scdn.co/image/ab6761610000e5ebb9ef1526944ce21ff36df25c
34,7FQiZr787umw7P5dO3zqld,Unlisted,none,John Carroll Kirby,https://i.scdn.co/image/ab6761610000e5eb0cc1c52e8d73789be5d9e955
38,6OKZuKmJCzu8x4FyO8Irhp,Unlisted,none,Cloudfodder,https://i.scdn.co/image/ab6761610000e5eb6714c367c8190d369d91c80d
55,1TaKbrkFRAq5YJoMieIMPR,Unlisted,none,Lavia 6,https://i.scdn.co/image/ab67616d0000b2739d7753b33cf9523703788443
9,47TKNyTXeqEkn6Vf7OShlf,Unlisted,none,Jonathan Keevil,https://i.scdn.co/image/ab6761610000e5ebfc127a4ae8f877c05cddab25
25,7DoRNL58n5KeGL50dxSvlB,Unlisted,japanese indie,soraya,https://i.scdn.co/image/ab6761610000e5eb3c88831bfd74a431bca168b1
65,1ybINI1qPiFbwDXamRtwxD,Unlisted,none,Smino,https://i.scdn.co/image/ab6761610000e5eb4942e4dee1baf077fe6a9e2c
61,2caOYPej26UoQOyFnzXW3G,Unlisted,italian singer-songwriter,Lucio Battisti,https://i.scdn.co/image/ab6761610000e5eb7425dfc43c217bd0ade17f2d
24,4z1tFGABx36ganyB3MZEK0,Unlisted,japanese indie,新東京,https://i.scdn.co/image/ab6761610000e5ebf2b1e689feba4e871e41fc37
47,3viq43YBD53pCyvDOT3rxB,Unlisted,none,GroovyDominoes52,https://i.scdn.co/image/ab6761610000e5ebbe5ca65d6788751ad529084f
22,4GoC6ks1pVomJYIA3JyRCm,Unlisted,none,Bullseye Release,https://i.scdn.co/image/ab67616d0000b273ce3363504606f9a81733e9ac
70,3rWZHrfrsPBxVy692yAIxF,Unlisted,none,WILLOW,https://i.scdn.co/image/ab6761610000e5eb0e6e067240dd48810379dc81
0,2VN2Or7uG4S4gE0BS3sFdE,Unlisted,none,A. Bryan,
60,1X9iZlQXfAAx4Vvmlqeao7,Unlisted,italian singer-songwriter,Negramaro,https://i.scdn.co/image/ab6761610000e5eba04a30affdfc9201e42aafed
6,669koPKDS5yqhf6AL6MRIs,Unlisted,jazz beats,The World,https://i.scdn.co/image/ab6761610000e5eb71c0bf24d1e2959058c0f654
58,7kgwMm8d2igABad4wfEKti,Unlisted,none,Nature Of Sweden,https://i.scdn.co/image/ab67616d0000b273e24e184d4971aba446e12f6b
45,7ncd26zzbpqgZRroBKmReO,Unlisted,lo-fi hip hop,edbl,https://i.scdn.co/image/ab6761610000e5eb4ff982fdbda82a445361f356
4,6oIs2BP8zFntGlTwREr3TI,Unlisted,none,Susi Evans,https://i.scdn.co/image/ab67616d0000b273a048545e6967ceb17f1d09e1
26,3ZwhWiGw3XTJThOjEmuFAT,Unlisted,none,Winona Forever,https://i.scdn.co/image/ab6761610000e5eb4457bcd2012aaddda9db8032
35,11CjITY8hsWlR0zdx7WGOI,Unlisted,jazz beats,77th Man,https://i.scdn.co/image/ab6761610000e5eb14d05500eb40276e8ee9d05e
41,78t7WfwhjZLkDHN5QKwS5u,Unlisted,none,Alexander Glazunov,https://i.scdn.co/image/5f16432e39885cddab89ea13a427905346bf09c5
49,7EkzQPP0cgt2qCnXUg6PHj,Unlisted,none,Ghostly Kisses,https://i.scdn.co/image/ab6761610000e5eb9182fb400dfac09b8b49c2d4
22,3AlVoNtbPZPiNdpI1h8LlY,Unlisted,none,MIDICRONICA 181,https://i.scdn.co/image/ab6761610000e5ebc86218d544a74a4c5896a76c
29,0FMEK1QJjgPFczDNQk8AJu,Unlisted,none,STRABE,https://i.scdn.co/image/ab6761610000e5ebc156ba64a0e498400ed996dd
57,4hiLNlqr4vQdiuo1aQKSXS,Unlisted,none,Niki & The Dove,https://i.scdn.co/image/bec2091e8189f1c64a357c3b36445d83547b74d6
12,3Q2M9TPSdCOUOw0IStqvdI,Unlisted,none,Oils,https://i.scdn.co/image/ab6761610000e5ebbfe39cda7373fcad0e488e0d
11,2e00FQUVdht8bnnwsV8gwS,Unlisted,none,Bird's Eye Batang,https://i.scdn.co/image/ab67616d0000b2735c41b42a4f8706224bdbf030
45,1HvH97rzvCH6lfnLlgyfke,Unlisted,none,Genesis Owusu,https://i.scdn.co/image/ab6761610000e5eb5c917e329abd0f94e757dd04
36,1HVA7XWQZ5OZgJLhSaTDXA,Unlisted,italo disco,Il Mago Del Gelato,https://i.scdn.co/image/ab6761610000e5ebc5df671501cd34cb0e049012
16,7bQIC1auMQPcwd4zPrGeU4,Unlisted,none,Hattie Whitehead,https://i.scdn.co/image/ab6761610000e5ebb9b20b82fd4ebcc3940d92c3
22,41EYcaGVBz9149nNS89YYJ,Unlisted,none,Reikini,https://i.scdn.co/image/ab67616d0000b27373c98a878d9cec1933b7ef74
17,6RFYCKz8MgykjjsvnpLPTf,Unlisted,none,Sivu,https://i.scdn.co/image/ab6761610000e5eba774e10001cf63390472fd5e
21,27axU7fE93Z7h8OhRFrD4r,Unlisted,none,Allgood,https://i.scdn.co/image/ab6761610000e5eb75a7badaee5ef4ef7dc0f034
39,34hmgPKKRJX6fvkosRxDO7,Unlisted,none,August Wilhelmsson,https://i.scdn.co/image/ab6761610000e5ebc96c6372584f7b3a87c59091
52,5qnkHpjyS6CUxH1UUy82B7,Unlisted,none,Tommy Guerrero,https://i.scdn.co/image/ab6772690000c46cf312f225fb9b3ed2720750fc
40,4DfwOelzJtTBZiXZ1tYo8D,Unlisted,space music,Arnaud Roy,https://i.scdn.co/image/ab6761610000e5eba93371789f6bbbd72ee184d9
63,6MUyqmIQ35inLjch0YzIEG,Unlisted,none,Frou Frou,https://i.scdn.co/image/ab6761610000e5eb36e26b5e16a105ddc4e238f6
61,48vDIufGC8ujPuBiTxY8dm,Unlisted,none,Palace,https://i.scdn.co/image/ab6761610000e5eb333ad8d2b39fc55f8980ccf7
31,2mm0psmPDIsQH3XtQGsl25,Unlisted,none,Ruth Malton,https://i.scdn.co/image/ab67616d0000b273beb8d4ca428f1436101085ee
55,5LUMGK9eTmZdJJwmDph01c,Unlisted,none,Christopher Galovan,https://i.scdn.co/image/ab6761610000e5eb014689a33433a2053da68354
0,5s8cC9XRl7dzwTadFWgUCp,Unlisted,none,Jay,
37,1vjeJ712UQutRhn6WJI4sF,Unlisted,none,Dawn,https://i.scdn.co/image/ab67616d0000b273116f8d0127e60a61cde84015
58,6X9aYHnQ75YI8o08aoa0iS,Unlisted,none,Boyzone,https://i.scdn.co/image/588a07548bc91a664fafbaa04c1936a4759f5bcf
29,1zmozsuAfLwrawutG7x9VA,Unlisted,none,Girlhood,https://i.scdn.co/image/ab6761610000e5eb2e261c002dbe4265d49ef059
65,1IueXOQyABrMOprrzwQJWN,Unlisted,none,Sigala,https://i.scdn.co/image/ab6761610000e5eb2287136f17708c9d01fa538c
65,21UPYSRWFKwtqvSAnFnSvS,Unlisted,alté,Amaarae,https://i.scdn.co/image/ab6761610000e5eb82d2f8ad2b13647357e18582
32,3rnRik46TfCZnejgHgnCRQ,Unlisted,none,Andy Feldman,https://i.scdn.co/image/ab6761610000e5ebc848e30ebec2ff8c33990245
46,4nNwfeVaNJlfz8RdCT5MJO,Unlisted,none,Gareth Gates,https://i.scdn.co/image/ab67616d0000b273bcf7a2afdf7d42cb1fcc0636
33,4JQZs5ucypy2rF50IbEz8I,Unlisted,none,Charlie Dée,https://i.scdn.co/image/ab6761610000e5eb74091004647527d69706af7e
56,3qEnCAnX23lvoxZYtBiPgL,Unlisted,uk r&b,ENNY,https://i.scdn.co/image/ab6761610000e5eb70e7dfa93912c83f24ee2770
69,5yG7ZAZafVaAlMTeBybKAL,Unlisted,none,Iggy Azalea,https://i.scdn.co/image/ab6761610000e5eb698a6abf2897a8fc8283cc0c
49,1CRvJnCbPjgx0xmBdoex0c,Unlisted,none,Koji Kondo,https://i.scdn.co/image/ab6761610000e5eb16715f915e72f82b171bb726
51,3wWtfT7S2uVJJ3hGZlOLkZ,Unlisted,folk pop,Judah & the Lion,https://i.scdn.co/image/ab6761610000e5ebe623db0c897f7c323802b8f0
11,1tWm8IRbDev26ifeytyKpq,Unlisted,none,Frank London's Klezmer Brass Allstars,https://i.scdn.co/image/ab67616d0000b2735ea6d7ef1a56763f9e4540fe
53,7JFinw4LobpCUjapyKvsjo,Unlisted,none,Sam Wills,https://i.scdn.co/image/ab6761610000e5ebc14d6c6cf962edef26dd9ebc
62,7o9Nl7K1Al6NNAHX6jn6iG,Unlisted,none,Travie McCoy,https://i.scdn.co/image/ab6761610000e5ebaf115cb8c3abf7629111fabc
9,0TQ49ApWMyBmuQdiqDS7kY,Unlisted,none,Jay Skot,https://i.scdn.co/image/ab6761610000e5ebc5c3e1a9e034c7c3600e6636
60,4LazDzEGshEUn9D2zbm6w2,Unlisted,none,The Citizens of Halloween,
11,3lGdgQWmYWSWAsYb1hSD6U,Unlisted,none,"Love, Lies and Fiction",https://i.scdn.co/image/ab6761610000e5eb40393b44983af5e8ecb5820c
43,4MjCR1UWWJTXBTw344yKr4,Unlisted,dark r&b,Ashlee,https://i.scdn.co/image/ab6761610000e5eb1d7ab6ea38991fafe2ae3a35
62,7xkAwz0bQTGDSbkofyQt3U,Unlisted,none,Belinda Carlisle,https://i.scdn.co/image/ab6761610000e5ebb080a753322b12aa4ee94e6d
0,78800OhPTMKY1zWlldvRj9,Unlisted,none,F. Cootes,
64,4WUGQykLBGFfsl0Qjl6TDM,Unlisted,none,The Magician,https://i.scdn.co/image/ab6761610000e5eb3ef6a6ff6e70187b6f632837
18,2eTD3o9uyy2e71k0hzNjE6,Unlisted,none,Reina del Mar,https://i.scdn.co/image/ab67616d0000b273098dd72716d9b2146fb7ca5b
41,41y1iPh0WqB7tyGdzyeinZ,Unlisted,none,Blue Hawaii,https://i.scdn.co/image/ab6761610000e5eb09cb8e1f50c4ad976d188820
8,5eZs1YL93qStrFtYXW0PpX,Unlisted,none,Fractal Designs,https://i.scdn.co/image/ab67616d0000b2735b5379ba62f0f028315ae621
65,14L5rpGTLVUz1pD8fUeJB1,Unlisted,none,Eliza Doolittle,https://i.scdn.co/image/ab6761610000e5eb41cfb54a7892a47b84dbf313
53,2bqAlaRiT91dCQ7KMGnP8i,Unlisted,none,Gavin Luke,https://i.scdn.co/image/ab6761610000e5ebd6051b9b5e2e417c088f1e49
24,4AMuXW9TMEbxAQOoz0C6sj,Unlisted,none,Whale and the Wolf,https://i.scdn.co/image/ab6761610000e5eb2d872c0f257c5cd3f4b0e7fd
49,1afLjwMvnNhyy6JpewWpeK,Unlisted,none,Kuipers & Winter,https://i.scdn.co/image/ab67616d0000b273cb5ce3861c1441a8d5c90a1e
38,1CLLPNftraxuTDyTd6hn3J,Unlisted,none,SunSquabi,https://i.scdn.co/image/ab6761610000e5eb69147f7d981462a8b48714a0
10,4TqrWqGb9OUbR3ZGx23W4K,Unlisted,none,Adam Ratner,https://i.scdn.co/image/ab6761610000e5eb04cfce488b29970684eda602
1,1jZjtIUVaKsgsmEMc0k6WG,Unlisted,none,Kakafoni,https://i.scdn.co/image/ab67616d0000b2737dcca922889e0b5a91bdf0b4
69,4EPJlUEBy49EX1wuFOvtjK,Unlisted,none,Becky Hill,https://i.scdn.co/image/ab6761610000e5ebd6f6bf343b8bf12f12dc1a25
41,0tquhVod10o2zf1ht2aVoz,Unlisted,lo-fi hip hop,Elior,https://i.scdn.co/image/ab6761610000e5ebbca70c6dc35a250978949390
37,4llgklsgAkSyZodT296smc,Unlisted,none,Ari Pulkkinen,https://i.scdn.co/image/ab67616d0000b2738420636fd67e20dcbcdb1d47
3,5H0RMOWYvKXucgY8pfG3ZI,Unlisted,none,Yuquijiro Yocoh,
49,4i2Ps9G6SHd16reEGA5xva,Unlisted,none,Jeff Laine & Co,https://i.scdn.co/image/ab6761610000e5eb4023211f066d4f5da52cbe8e
38,7twUKMFPV2mFM5Z9w0nZJ4,Unlisted,none,Trigg & Gusset,https://i.scdn.co/image/ab6761610000e5eba98562767afa2ac6648890b0
69,4Q6nIcaBED8qUel8bBx6Cr,Unlisted,none,Jax Jones,https://i.scdn.co/image/ab6761610000e5eba0ff263b8dc91a36467fd9ca
21,5kn8t9YN76msojqGv6hgIz,Unlisted,none,Ataraxia,https://i.scdn.co/image/ab67616d0000b2730a6eae0537155101045fdef6
29,7bcD5oOXcMhEBAFHqL3ljS,Unlisted,none,Mg.,https://i.scdn.co/image/ab6761610000e5eb0f19096baecda6ed6576fe7b
12,3pTucW7td8pXstYpKDlmjd,Unlisted,none,Christian Wallumrød Ensemble,https://i.scdn.co/image/9ae8ea3ef2275784d224d83fc5272a2a08f211fa
80,6TIYQ3jFPwQSRmorSezPxX,Unlisted,none,mgk,https://i.scdn.co/image/ab6761610000e5eb85e7615a199f8b17fabfcd61
52,2jAzx88tHo3KNYauXANisl,Unlisted,none,Yellow House,https://i.scdn.co/image/ab6761610000e5eb52ab6f1526ea532c237e290d
67,586uxXMyD5ObPuzjtrzO1Q,Unlisted,none,Sofi Tukker,https://i.scdn.co/image/ab6761610000e5eb38e929af2f9c9fe10e690395
42,6d81rjlV6r9u8qPMAjavRV,Unlisted,none,Thibault Cauvin,https://i.scdn.co/image/ab6761610000e5eb545a7af1d6a4b4fe24a909f2
76,63yrD80RY3RNEM2YDpUpO8,Unlisted,none,Melanie Martinez,https://i.scdn.co/image/ab6761610000e5eb77ecd63aaebe2225b07c89f0
11,4tgFfLKQrBJhkGXftVBq5k,Unlisted,none,Eddie Waltman,https://i.scdn.co/image/ab67616d0000b2735b63ac2f3c6420a1c3e97fec
10,26dpXNQaUiknQXGV3zQqzQ,Unlisted,none,Qadir Bijoux,https://i.scdn.co/image/ab6761610000e5eba4f813ddfa0f631914ba5b50
34,3ZGFuMnNyyCIAnq5vARz1W,Unlisted,jazz beats,Pigeondust,https://i.scdn.co/image/ab67616d0000b27393b6ac821f41a2b5e14a319a
42,6f3R3mqKR3kHp1KBNMUn80,Unlisted,none,Stealth,https://i.scdn.co/image/ab6761610000e5eb1ca9eea3f216bd46db96ab73
52,3IVrpJxHeUFoYP4H6bxg57,Unlisted,none,Kadebostany,https://i.scdn.co/image/ab6761610000e5eb2e29b08c35b070d22be1c42b
0,0D8PkWwGGsUZq71WYGTr28,Unlisted,classic blues,Demas Dean,
5,0wKHmmrCcrlE3zTbLSL0eU,Unlisted,none,Halfway House Dance Orchestra,https://i.scdn.co/image/ab67616d0000b273270ea0741b0d47894fde7ad4
59,0qraFJK6boYSp4ZMMX4PzG,Unlisted,latin indie,Los Retros,https://i.scdn.co/image/ab6761610000e5ebeee6f231bde846066beda6bd
51,6VYtpsmVgSqOFf3ttfqnVX,Unlisted,none,Woody Jackson,https://i.scdn.co/image/ab6761610000e5ebbb134ee4ad74574b0fd72a1a
32,5fmLdsqNwxIS9Z32uUk9i7,Unlisted,none,Sean Schafianski,https://i.scdn.co/image/ab6761610000e5eb5070d5e88b2b78a7200998fe
14,1qlTDCLkb8uV3TG7I8aLdo,Unlisted,none,Leyze,https://i.scdn.co/image/ab6761610000e5eb9fb94f5066875fa26a3f397a
58,0UpuH5U4nZ3UGGUJi0Zfbp,Unlisted,none,Blue Swede,https://i.scdn.co/image/8128a8fc52288607eb2e4667a4c172432b3e03e1
23,0kTUrt9pT8ejZ4FZHOPra9,Unlisted,none,John Greaves,https://i.scdn.co/image/74e5e2f05835cbf0fd13288f65aff07376f177fb
32,10ifqVmtIIzACRHEZQ73xm,Unlisted,none,Aakaash Rao,https://i.scdn.co/image/ab67616d0000b273a7ffe90ff6c5f436affc6338
54,1CsZ0ihKPWBDUERlQt8ekr,Unlisted,none,Richard Houghten,https://i.scdn.co/image/ab6761610000e5eb5b6c79c6a75fabd108ed907b
17,2HS2wQTJXpA65XWOKlAVxk,Unlisted,classic blues,Mamie Smith,https://i.scdn.co/image/3be562c70b2977580eb024f1e6415340810fa6e0
42,4F9VFl80sWpvTfXwLJZbhK,Unlisted,italian singer-songwriter,Luigi Tenco,https://i.scdn.co/image/ab67616d0000b27392f731bb3861329c2999e640
46,2413I9w4sRbBz4zi5zgwjX,Unlisted,none,Cassia,https://i.scdn.co/image/ab6761610000e5eb3c01092ba8ae85ed36ede7bb
47,4tHZV2ZowPkzOvX4eG1inY,Unlisted,christian folk,The Arcadian Wild,https://i.scdn.co/image/ab6761610000e5eba39c4b22d24f2c7dc1b603a5
59,4FcZfItjVIsfO9TynErl7X,Unlisted,none,Jubël,https://i.scdn.co/image/ab6761610000e5eb99f5fbb6623a88cf8c4a5d8a
59,4gHcu2JoaXJ0mV4aNPCd7N,Unlisted,none,Benny Sings,https://i.scdn.co/image/ab6761610000e5eb930f021f5647364fb4e8692e
67,1VBflYyxBhnDc9uVib98rw,Unlisted,none,Icona Pop,https://i.scdn.co/image/ab6761610000e5ebc66438b1a47f714aa8e24357
51,0lawSNBxNgJFQYJnQzLH8c,Unlisted,none,khai dreams,https://i.scdn.co/image/ab6761610000e5ebb2832f950e436a01999ed58e
35,4WMvqyhx0a3HOL2oPHFM4p,Unlisted,none,lando!,https://i.scdn.co/image/ab6761610000e5ebaa8e419c03be25698a08c6ee
53,4okEmrM2O6CEW6en3fRWUy,Unlisted,musicals,Jessie Mueller,https://i.scdn.co/image/ab67616d0000b27336818e7e29df4944adcff0c2
38,1kqUwrajWvN4tvhIOB9q8p,Unlisted,none,Storm Sounds,https://i.scdn.co/image/ab67616d0000b27345ea03e7369807ea65491dca
3,0bI467jjTafmMdUw9HhTw4,Unlisted,none,Los Klezmer,https://i.scdn.co/image/ab67616d0000b27396a404b7b72811c2e2da14c7
16,0aJgUHSMMS7MxUsRlMpKkR,Unlisted,jazz beats,Bmbu,https://i.scdn.co/image/ab6761610000e5ebfe46df922056ce559dd7931a
48,2ZCG1aukcb5fjBDgizvDbD,Unlisted,none,Aurelio Voltaire,https://i.scdn.co/image/ab6761610000e5eb62365e0a7c90ac7b6cdb49ea
33,2bkf2PmiVyfCqg2uzIFIqJ,Unlisted,none,Jetson,https://i.scdn.co/image/ab6761610000e5eb62072f6078bc376632037c38
43,5GJmQjUNRyNQ2VZ4HOIx1C,Unlisted,none,Bodyrockers,https://i.scdn.co/image/ab6761610000e5eb3b158067abdbea300a4ed97e
55,3OykSjAE6F2Mb51WplFoRk,Unlisted,none,WILLIS,https://i.scdn.co/image/ab6761610000e5eb7e5f002d1863e4612b31dafc
3,3pEsA0eg43AIXUbXb0ETzZ,Unlisted,none,Hyde Park Brass,https://i.scdn.co/image/ab6761610000e5eb09e973427dffff286b12e40e
18,1CAUMxtWfXsgs5N4MJZ6Vg,Unlisted,jazz beats,Madara,https://i.scdn.co/image/ab6761610000e5eb9f9460de8c554db06943f7c9
53,5yaF4LUw7ON1RmE4O8Q03C,Unlisted,none,itssvd,https://i.scdn.co/image/ab6761610000e5eb34db5330352d9da020a23e59
8,5REC7sUWptc8t92liVPr0o,Unlisted,none,MiLch,https://i.scdn.co/image/ab6761610000e5ebcfb2cd53a62bf12e548e6334
19,5rJn0jM1nGVlQO49gW7Xw9,Unlisted,none,Tony Ballantine,https://i.scdn.co/image/ab67616d0000b27308cf68d0467907ea834e0562
32,31qzD4WUZylF2isV5iAxJf,Unlisted,none,"Josef ""J7"" Lord",https://i.scdn.co/image/ab67616d0000b273aa1b9568811088be9dd53f50
0,7MbfqoQ2IdiDl8ArHodJs2,Unlisted,country hip hop,Stillborn,https://i.scdn.co/image/ab67616d0000b273200d1b3e10b03fcf2a200971
0,68VJqoMOInACaxl6onnLTD,Unlisted,none,J. Cage,https://i.scdn.co/image/ab67616d0000b273f5cb2023847a943df817ba98
0,086FnDLSGtqXMQ0kN33Y2W,Unlisted,none,L.v. Beethoven/arr. Marcus Schinkel/Wim de Vries,
47,2dI9IuajQnLR5dLxHjTTqU,Unlisted,none,The Polish Ambassador,https://i.scdn.co/image/ab6761610000e5eb69696e36ed42a5c52777391e
24,7LESHpe5ufdnpZG6IM0xwE,Unlisted,none,Valeria,https://i.scdn.co/image/ab6742d3000053b772f72dc59f32f51b30161629
28,164BnEhIY1Pnctavs4GS91,Unlisted,musicals,Christopher Walken,
1,7oKsI5iRWHTgvtq6ZX6hU2,Unlisted,none,Sad Savior,https://i.scdn.co/image/ab6761610000e5eb0d52329ee977636857f663f0
24,065U816dIiVPXIXCle9k2u,Unlisted,none,Laurence Cottle,https://i.scdn.co/image/ab67616d0000b27352827380eb5ca9a409b56e13
20,0DsYtePcCRWiqDlJhN9nYr,Unlisted,none,Klezmer Juice,https://i.scdn.co/image/ab67616d0000b2734dc0421eb8537d4d728e51dc
61,4njdEjTnLfcGImKZu1iSrz,Unlisted,none,AWOLNATION,https://i.scdn.co/image/ab6761610000e5ebdb9603b5be27043bbf7d7b0d
55,7EGwUS3c5dXduO4sMyLWC5,Unlisted,none,Houndmouth,https://i.scdn.co/image/ab6761610000e5eb9d60565c6405a35d5854b70d
40,2WJmZq6fEmecdQVd3s38jE,Unlisted,newgrass,Mike Marshall,https://i.scdn.co/image/8b84173f3fa2718be552d2679511a5c06c0429b7
26,5CSh3jHl5ivr6NDKwicQyd,Unlisted,jazz beats,Smokedbeat,https://i.scdn.co/image/ab6761610000e5eb3019b079fefa54441328c27b
26,6fUagvATHlmEjTv7CAqgUC,Unlisted,none,Mark Biem,https://i.scdn.co/image/ab67616d0000b2734171402b83b2cd2b13fc204e
31,4SbMfclyPgt4znjDUNcesw,Unlisted,none,Carlton Williams,
27,5xsSdtWHooM9IL5WnDWTdD,Unlisted,none,The Range,https://i.scdn.co/image/ab6761610000e5eb0e079f23730381b05c75c370
60,3HL1CyOnDLFJo1Rr8YBlKy,Unlisted,italian singer-songwriter,Mina,https://i.scdn.co/image/ab6761610000e5eb37c0510fa7ab39b206094dc6
71,1l9d7B8W0IHy3LqWsxP2SH,Unlisted,none,Phantogram,https://i.scdn.co/image/ab6761610000e5eb0fcb5946f9fea8be6ae5e858
65,0id62QV2SZZfvBn9xpmuCl,Unlisted,none,Aloe Blacc,https://i.scdn.co/image/ab6761610000e5eb7a057bf5cea41cb016113f32
46,4OyAwz3jcZcejoUd3bc5Qt,Unlisted,none,The Kilans,https://i.scdn.co/image/ab6761610000e5ebaa57e402a99dbc5bc7a4d676
30,38HHAoD3GTvA78R8KmjMrW,Unlisted,none,Kyle Sparkman,https://i.scdn.co/image/ab6761610000e5eb171b479c00ae92a78cb6697a
50,37x1MqNXlCtuLLYSXYX7jA,Unlisted,italian singer-songwriter,Nada,https://i.scdn.co/image/ab6761610000e5eb2621b9f21bafd4c1a3a30a07
81,2tIP7SsRs7vjIcLrU85W8J,Unlisted,none,The Kid LAROI,https://i.scdn.co/image/ab6761610000e5eb47a63ec071646765439ba93a
1,1nArYf1FQqI1Ph9JDDJiGc,Unlisted,none,galapin dz,
43,2TxDDfPwhWPoKJKhEcnv3h,Unlisted,jazz beats,Kristoffer Eikrem,https://i.scdn.co/image/ab6761610000e5eb04f1f0d76e4030bdd1856048
44,2xBejdNon0VS3Egq8he7sb,Unlisted,none,The Bends,https://i.scdn.co/image/ab6761610000e5eb01d94b5721ca36818fa84265
83,0z4gvV4rjIZ9wHck67ucSV,Unlisted,none,Akon,https://i.scdn.co/image/ab6761610000e5eb8c5984726ddb2c2d90ada28d
40,1FfDs6OihC3kY6Vfs1p0oa,Unlisted,none,Lucas Home,https://i.scdn.co/image/ab6761610000e5ebe0103dde00a186a938fb5737
17,4eGpmrqhS3o2e80Bs1841W,Unlisted,none,Airhead,https://i.scdn.co/image/ab6761610000e5ebb4a2d3967422063190c0b387
47,0Dct2Gu0qEbgGRjfaxew8g,Unlisted,folk pop,Jeremy Loops,https://i.scdn.co/image/ab6761610000e5ebc4d9efee33a9c5b2fc1ec21e
43,6HD2mo0Gz8wd8IbOXYwUfN,Unlisted,none,Daniel Merriweather,https://i.scdn.co/image/ab6761610000e5eb720c1e780c3d4c86a3e66a34
46,1qChcfwij4nN6hsCLTKBJX,Unlisted,none,Kids That Fly,https://i.scdn.co/image/ab6761610000e5eb800ef5fa668ea3eea958aa1b
30,05vyC7M8P5Wr120O1yTv6a,Unlisted,none,Dawn Brothers,https://i.scdn.co/image/ab6761610000e5ebe908f3c6c4d45567bc10b6de
33,4PSlXQjt2u6ua1YxEsHfsQ,Unlisted,none,Rocketman,https://i.scdn.co/image/ab6761610000e5eb3fd09f0aa32cfaf9bf5bf1d5
51,09kXLeOXRyfNQMXRaDO4qA,Unlisted,none,Nilüfer Yanya,https://i.scdn.co/image/ab6761610000e5eb9668739f320bc34bfd0f0e7a
57,0hxQtmgWiPtEsDPeIuKxXq,Unlisted,none,John Carpenter,https://i.scdn.co/image/a41f33ce6f127051d511aef452a4dc87fa0018f3
56,3Ka3k9K2WStR52UJVtbJZW,Unlisted,stutter house,Mild Minds,https://i.scdn.co/image/ab6761610000e5ebf0613f390c38605c657762bc
68,69tiO1fG8VWduDl3ji2qhI,Unlisted,none,Mt. Joy,https://i.scdn.co/image/ab6761610000e5eb7c92602e66076f1b0bf5843b
29,3zD5liDjbqljSRorrrcEjs,Unlisted,none,Guillemots,https://i.scdn.co/image/63f2beed47d87ba85d9a0d9699b6caaf4cfb26ab
22,4llOAdDmG96HtasQlWC6nb,Unlisted,lo-fi hip hop,Palpal,https://i.scdn.co/image/ab6761610000e5eb3a4dd7659a047b0086ed2060
65,4MrQDA45Gd0llLrwFUzimG,Unlisted,none,Flawed Mangoes,https://i.scdn.co/image/ab6761610000e5eb06e11c5b4dbc53557bb3b007
16,0KbsBQ7uuyJaennojL6YWc,Unlisted,none,Edward Pola,
26,1HjpNX0zNXYbHe38hMgDgZ,Unlisted,none,Schwey,https://i.scdn.co/image/ab6761610000e5eb95aac00b79e975fbb6dff459
43,4CMUg0w1aGMdiWjfl3zI8t,Unlisted,jazz beats,Coloured Rocks,https://i.scdn.co/image/ab6761610000e5ebb2259d09522e8b30d055e9a3
42,31Z6mUDFOvTooxYZjumHns,Unlisted,none,Sandro Brugnolini,https://i.scdn.co/image/ab6761610000e5ebcbad7263475feb6598c52a22
14,6XVRxs1WvIk0T0h3pdhCyp,Unlisted,none,ps-www,https://i.scdn.co/image/ab6761610000e5eb5db2a81403f41c9c5ddafebd
0,51yMp2s5xX8tWtCNuoRXwT,Unlisted,none,L. Pollack,
11,0UADN60KWS7lO5isbnePqy,Unlisted,none,OMOZO,https://i.scdn.co/image/ab67616d0000b273d5ad988d94742557f5570a96
3,2JJbutNxVxkAumn7LJfBMm,Unlisted,none,Hypothetics,https://i.scdn.co/image/ab6761610000e5ebcecf896de20ac36d10f9b2a4
0,5GsH566Le9GQwMBmBqgJsJ,Unlisted,none,J Young,https://i.scdn.co/image/ab6761610000e5eb5b63b0e947211691e3de1d09
50,71tUraH5ODniYOmjxfc1za,Unlisted,italian singer-songwriter,Fabio Concato,https://i.scdn.co/image/f0ea163020ebe7d73dbbca230a9514968d795837
35,6y9nVKeE4wRW8bDxoxDqL9,Unlisted,none,j1gggs,https://i.scdn.co/image/ab6761610000e5eb2a48963f45cc8d25c75aa535
31,49h2ZvYkhZts64fbW9xhw7,Unlisted,none,Arawak,https://i.scdn.co/image/ab67616d0000b2738032638193b4a271e4444c08
12,2pUO58kHmslXNtUx7kvh5W,Unlisted,space music,Kurt Stenzel,https://i.scdn.co/image/ab67616d0000b273bdea59bdbaca086ec661cc56
23,7rWXZotdgA8tVHkKrQlNEs,Unlisted,none,Sim Nagai,https://i.scdn.co/image/ab6761610000e5eb1bc22d49b458a747206dcb5e
14,0b90iQpNWuYUH8vr0NyhOA,Unlisted,none,Otoji + Ray,https://i.scdn.co/image/ab6761610000e5eb376d9ea3c5a0378077dbf4ff
46,4hwJwkgsufeilLXS1ZfJqq,Unlisted,none,The Unlikely Candidates,https://i.scdn.co/image/ab6761610000e5ebc628820f662a335a2be62950
31,2pHQOZq131jMXYSTjP3Ncx,Unlisted,none,Akenya,https://i.scdn.co/image/ab6761610000e5eb8e0724b13b7348bb416d6f2e
15,759jaawE6btqp3Wh9GM9S9,Unlisted,none,Pandit Pam Pam,https://i.scdn.co/image/ab6761610000e5eb02ef5e37a598b5b6307ef1df
37,3U58oqsrbpLo0EbARkZrBW,Unlisted,none,Chartreuse,https://i.scdn.co/image/ab6761610000e5eb63007fd5939bcd80880e45f1
30,1xRwYjmKXvMT5LerneSa9T,Unlisted,none,MÒZÂMBÎQÚE,https://i.scdn.co/image/ab6761610000e5ebf4a9113d3f074991f9d56616
52,3pK4EcflBpG1Kpmjk5LK2R,Unlisted,none,Joy Anonymous,https://i.scdn.co/image/ab6761610000e5eb20fba91939d843f863c294b7
68,2EXpthNgSeTDeX8nGwxppp,Unlisted,none,Paris Paloma,https://i.scdn.co/image/ab6761610000e5eb1bd46e4bd2aad08154e36033
52,3MNXmvXsz12M9aeI4w6qqE,Unlisted,none,Four Winds,https://i.scdn.co/image/ab6761610000e5eb8306eae3157615fa260d6578
40,3i1TDsrVS40yt81IHvWkg1,Unlisted,none,Mandala Dreams,https://i.scdn.co/image/ab6761610000e5eb80b2ff87439e918c9ba80660
1,2J2ZFnN3Jud88qHiZ6lODY,Unlisted,none,Gaelynn Lea Tressler,https://i.scdn.co/image/ab67616d0000b27347ad6308cfacc002675b3cf7
54,6mK0vAO13gT8jWYANyoXAl,Unlisted,none,Young Franco,https://i.scdn.co/image/ab6761610000e5eb68b87ec85a7189af8b447ecf
42,3nGR9SAynFBCiRqx1NiU67,Unlisted,none,Pinetree Way,https://i.scdn.co/image/ab67616d0000b2733bd6c1085b15ab9b83de0e88
27,2rQUmy9WBe1uoPy8y3Wsy8,Unlisted,none,imugi 이무기,https://i.scdn.co/image/ab6761610000e5eb2005e3fb837b2c0b20f57ad3
29,38uF92nRI3YmOAeocf4D6J,Unlisted,none,Sam Burton,https://i.scdn.co/image/ab6761610000e5eb7ca0145af58e67364686ee18
59,4C3uGP8vRDzxrhJxZiOjTe,Unlisted,none,Tiffany,https://i.scdn.co/image/ab6761610000e5eb7fff2f4c0b030478e1a9cdba
52,2oWN3OXJUk1mh7CAhkJeqX,Unlisted,none,Thunder In Paradise,https://i.scdn.co/image/ab67616d0000b27306f2a7c00f8d02103cc837f8
50,5r5Va4lVQ1zjEfbJSrmCsS,Unlisted,none,BROODS,https://i.scdn.co/image/ab6761610000e5ebf528c4566d4237721063f237
65,2hwy5DELim1AxB1sHPqn4y,Unlisted,none,Gotts Street Park,https://i.scdn.co/image/ab6761610000e5ebbe1cb95c7d1d2420acfd71fe
49,6xqQc4rYEbyc9YV7cHZY6Y,Unlisted,none,Myrs,https://i.scdn.co/image/ab67616d0000b2732d6ce604161d6914bf36b284
55,2C32BFATM0fyN4FFTl3fHe,Unlisted,none,Royal Rain,https://i.scdn.co/image/ab67616d0000b27332b3bd89b80cae4a6f187edc
51,6UxIoQdnDknYEYsVX61G9z,Unlisted,none,Celestial Noise,https://i.scdn.co/image/ab67616d0000b273fb73a041fe42fc47da470f2a
53,6jTnHxhb6cDCaCu4rdvsQ0,Unlisted,none,Hot Chelle Rae,https://i.scdn.co/image/ab6761610000e5eb522d6815785c5eb08ec9c489
70,0vEsuISMWAKNctLlUAhSZC,Unlisted,none,Counting Crows,https://i.scdn.co/image/ab6761610000e5ebe49e02d94a91ccdb846a62fa
56,5N6EzjkOoyABhNZJggeXi6,Unlisted,none,Mousse T.,https://i.scdn.co/image/ab6761610000e5eb3ec50e3fd7a8515d17bcf0e3
8,7l76D4b9qcmJjIO5Me5tlC,Unlisted,none,Language of Lyrics,https://i.scdn.co/image/ab67616d0000b273f31f33a3f6abf6dd829cc107
40,1wd0PsPr7L269FkA1bVnA8,Unlisted,uk r&b,Mom Tudie,https://i.scdn.co/image/ab6761610000e5eb361fdc45aad107c011bba42a
34,4us59Bx720z6eLFe7FeoEA,Unlisted,none,Felix Bernard,https://i.scdn.co/image/ab67616d0000b2737b73e4cc79382535d329eafe
67,1ZyqnbV7Brg5LgyS4EZCUD,Unlisted,schlagerparty,FiNCH,https://i.scdn.co/image/ab6761610000e5eb12c0a60f9869389150a23f57
39,3cyAuWiMIGwIeimE82NFKb,Unlisted,none,Dylan John Thomas,https://i.scdn.co/image/ab6761610000e5ebcee7ffa57d5df42e6023aa43
86,1McMsnEElThX1knmY4oliG,Unlisted,none,Olivia Rodrigo,https://i.scdn.co/image/ab6761610000e5ebe03a98785f3658f0b6461ec4
21,5v5Z6rjlMk2Kp4wBxxNv80,Unlisted,none,Holly St Jazz Duo,https://i.scdn.co/image/ab67616d0000b2736f984f7f53a2c33e3179d266
44,6lBN3Tzt61u8i9AJoAhKzF,Unlisted,none,Mykola Dmytrovych Leontovych,https://i.scdn.co/image/ab67616d0000b273f43503cd6f3d9221b3b225c5
41,40iJCAOCz6nhRs6CbsAtOg,Unlisted,none,Fanfare Ciocarlia,https://i.scdn.co/image/ab6761610000e5ebe56d8f46b6c841728ae1efd6
37,5dSZ45x1qKuQFU9L6cODmz,Unlisted,none,Saint Joshua,https://i.scdn.co/image/ab6761610000e5eb569c682cc5fbae88aecf6fb7
70,4SCWiQbJCMTHK737aNUqBJ,Unlisted,none,Little Symphony,https://i.scdn.co/image/ab6761610000e5ebf8683c086422099f26d04eab
16,0a0xLcxhKUty49ZzQNYFys,Unlisted,none,Ạoris,https://i.scdn.co/image/ab6761610000e5eb157de4cd2705bda47c36d665
24,4FSVptHzrQg8goD1Evmdgo,Unlisted,none,Katy Healy,https://i.scdn.co/image/ab67616d0000b273655c40c050e8e40faf894844
54,4OSArit7O2Jaj4mgf3YN7A,Unlisted,none,Mallrat,https://i.scdn.co/image/ab6761610000e5ebf0c1479891ace6c2befa648a
27,3hhA8jADA2eOVGi5ABZN8I,Unlisted,none,Philipp Knutzen,https://i.scdn.co/image/ab6761610000e5eba87fdc541e818db304de70a9
66,6cK3NBO6uP7hh0oyuVELFl,Unlisted,none,Saweetie,https://i.scdn.co/image/ab6761610000e5eb0214fabf2d511f3a395f2cde
5,1EVJwreeXo0o7Fg4T4yhwW,Unlisted,none,Swonk,https://i.scdn.co/image/ab6761610000e5eb0ebc048b767875b560eca800
37,4GmataFSHOSQWxuuUX57Bh,Unlisted,none,Jim-E Stack,https://i.scdn.co/image/ab6761610000e5eb0935940e53a07941144b4e8e
24,1ykaeOKDAdwroIpJEeLowI,Unlisted,none,Eduardo Luzquinos,https://i.scdn.co/image/ab6761610000e5ebd0deec056472475c5649d42a
50,2zw8MpGMCASv0YfeAuUUzJ,Unlisted,none,Red Brick Lane,https://i.scdn.co/image/ab67616d0000b273d5435e77d4564e05a3ddf44f
6,3ay6T09fpLYwib1MxOW9G1,Unlisted,none,Ayumi Tanaka Trio,https://i.scdn.co/image/ab67616d0000b27328b566c06a41542e6a47c51a
14,6Qm9vphqbolUkkRINZk5BS,Unlisted,none,Lady Luck Trio,https://i.scdn.co/image/ab67616d0000b273b017f96333473e905ea98c0e
16,25D7V3YvCGzcloWOrAIhJd,Unlisted,none,Dominik Wania,https://i.scdn.co/image/ab6761610000e5ebcced7fb57e1d05a62fa651e9
32,6ZvPawZKckuHlqY8n7CUnl,Unlisted,none,Henry Hall,https://i.scdn.co/image/ab67616d0000b273513930df92cee312acf53970
0,2GnjqptO1JU2amVR6fBXhH,Unlisted,none,Willie Marambio y su Orquesta,
9,6L3ghUZO62j9QIeAFMGDLZ,Unlisted,j-r&b,片岡輝彦,
17,2kJhCBCQeNnvnz8vFd9Kfk,Unlisted,none,Neil Shannon Quartet,https://i.scdn.co/image/ab67616d0000b273736a8fa19ab3ca3e9be87ba7
35,5RTA06B6cts3a6I7iMqKGu,Unlisted,none,Jake Kaufman,https://i.scdn.co/image/ab67616d0000b2733759235f0bba18d3051dca54
27,4trNml03djbsrLqQWCbMnF,Unlisted,none,Handpan Mystic Flow,https://i.scdn.co/image/ab6761610000e5eb4482f768da75ae94d8f8226f
6,3aHivscf5cx5ICWWDiLHxy,Unlisted,none,Leonard Barton Trio,https://i.scdn.co/image/ab67616d0000b273253f1b268f8c8eb73b4bc356
15,7uPA6aEnbQYWtCQcXTgg88,Unlisted,none,Roger O'Donnell,https://i.scdn.co/image/ab6761610000e5ebb55271a46e21d29166a94dbe
29,0sXILwwk9X38em5cacNPUF,Unlisted,lo-fi hip hop,Satoshi Nakamoto,https://i.scdn.co/image/ab67616d0000b2735e4e1c67335f71b6446ade10
33,4EmIrTN6q1uhLRL8hmhuHF,Unlisted,ethiopian jazz,Web Web,https://i.scdn.co/image/ab6761610000e5ebfa616aa5c5a8357d3fdfcc52
21,1mzZZuAmYl9ZyBmrI0beiJ,Unlisted,none,Jim Jensen,https://i.scdn.co/image/ab6761610000e5eb32cb5a697ae549c4db8ef46a
14,4iN0YKrALeShvdfUAF1S83,Unlisted,none,Misc,https://i.scdn.co/image/ab6761610000e5ebd776421f401f680bbc6b3045
19,2VEg5RG7lT8Ej8ZDf63MrO,Unlisted,none,Kendra Collins Band,https://i.scdn.co/image/ab67616d0000b27394ccd9c1f6e6089736217975
19,1F8NZ8jILDmCFgCaWA2FP8,Unlisted,none,Lydia Baskow Trio,https://i.scdn.co/image/ab67616d0000b27318263699c16f97adf819b717
16,62G2r7t9N2Ad9ILHbg4Eqh,Unlisted,classic blues,Ida Cox,https://i.scdn.co/image/ab67616d0000b273b18208430209b2b521fad229
20,3sbiYpD65bPLsU3wGksLOQ,Unlisted,none,Mesmonium,https://i.scdn.co/image/ab6761610000e5eb82c1a3f4f3e9f03dbc4e1a96
53,0b3fYxnG6tlR0zLtBJd8DF,Unlisted,none,DANGERDOOM,https://i.scdn.co/image/135934b2b384817e7727d303c23a22dfe84ace90
0,3TdZze66L3TYfwEcsnsOkn,Unlisted,none,Mølto,https://i.scdn.co/image/ab6761610000e5eb23ac3b8a17c575d8f7dc3415
19,4Y5o0OEWjquf3Npdb8OANS,Unlisted,none,Aubrey Key,https://i.scdn.co/image/ab6761610000e5eb490017475261c232fdd1f962
30,2nLEYDG7mJw4KYMlp4gBhi,Unlisted,none,Dark Fantasy Studio,https://i.scdn.co/image/ab6761610000e5ebbcc7f7c222c0e7283588e96f
34,25ZBunkfzzZnPqVFHRnB74,Unlisted,none,Quartetto Cetra,https://i.scdn.co/image/ab67616d0000b2731d267fad69d815b70a657873
40,1utVivrC7PRXJ65TMt0V4x,Unlisted,none,Sergio Ortiz,https://i.scdn.co/image/ab67616d0000b273e664e8f99fac13fbe885b5bf
66,2vnB6tuQMaQpORiRdvXF9H,Unlisted,none,Beach Bunny,https://i.scdn.co/image/ab6761610000e5ebc76f04ab8987c4fb298abb3c
20,0fIcuRfbGDb1EnYGxIjTJT,Unlisted,none,Flip,https://i.scdn.co/image/ab6761610000e5eb3a50acec25393a6230b2e543
26,0pkecf4XKAVfFHUtgdoSE9,Unlisted,none,Testiculo y Uno,https://i.scdn.co/image/ab67616d0000b2734d6ef0ad884a8bfc74065886
16,6W5OElrV4G52kaVSV0CLXv,Unlisted,none,brokebwoy,https://i.scdn.co/image/ab6761610000e5eb694c9a8da1202514f0fd6b40
57,0QrowybipCKUDnq5y10PD2,Unlisted,none,Amos Lee,https://i.scdn.co/image/ab6761610000e5eb4e61af570630c5a619ae1b28
31,0vxi8y8ALEjqFrDum0Oc4Z,Unlisted,none,Tokio Myers,https://i.scdn.co/image/ab6761610000e5ebe466f7d6c71e057395c26521
69,6TLwD7HPWuiOzvXEa3oCNe,Unlisted,none,Oliver Tree,https://i.scdn.co/image/ab6761610000e5eb4b245e1bf79a109b7a1876d2
44,16eV2TebyEhqaDRFEZJ9h8,Unlisted,none,Audrey Hepburn,https://i.scdn.co/image/ab67616d0000b273c2f4e782ca6f0877acc95253
28,6ENZXZKAJBmuvH7e9HMwkz,Unlisted,none,Lolita Ritmanis,https://i.scdn.co/image/ab6761610000e5ebd3fbe4f7be4690d2bbba619c
0,5cAt2NC3bugto2HMmOSW8d,Unlisted,none,Nathan Pawelek,
42,06gX9DtFjd1muCd2b4qfxq,Unlisted,none,MettaForm,https://i.scdn.co/image/ab6761610000e5eb54e620aedefc640d4da8e933
43,5XBb04uBpKPWPWC2jXgGqb,Unlisted,none,LLusion,https://i.scdn.co/image/ab6761610000e5eb829200896e8e900b3865ebea
13,7FI1fSOallgWmvz383mp6g,Unlisted,none,Paul Gorman,https://i.scdn.co/image/ab67616d0000b2737b7726a987663fe59577e3d5
21,5xgzUVEK9ndCxbJQIoZjlA,Unlisted,jazz beats,Titus Martinu,https://i.scdn.co/image/ab6761610000e5eb760b58523136a3079df9451b
6,16P3Gv8q5PTfHzqyBOvHiC,Unlisted,none,Josef Fiala,https://i.scdn.co/image/ab67616d0000b273fd8ad2757c93e2a7483740dc
67,4gwpcMTbLWtBUlOijbVpuu,Unlisted,none,Capital Cities,https://i.scdn.co/image/ab6761610000e5ebbd88e9240bca1b3dd261b6e3
56,1LsXqDdYVyONhrjAORENbu,Unlisted,none,Kaoma,https://i.scdn.co/image/ab67616d0000b27370a92681f8aff88714cb0296
12,4yMt9JCPBAbrm3il0HOoqf,Unlisted,none,Grantley Marshall,
49,6eKJWEzLZq8jZix8hdYsv4,Unlisted,none,Cartoons,https://i.scdn.co/image/ab6761610000e5ebcf717a9c9a702cd374e9ae4e
43,3YBIrJozn8fop4UYIt7wcV,Unlisted,musicals,Russell Crowe,https://i.scdn.co/image/df24566326393b64a534f865986c77d6358fd728
7,1YaLdLB7HZWMWr872NW2Aw,Unlisted,none,Albicity,https://i.scdn.co/image/ab6761610000e5eb4479e8a26160ba4583bcce18
9,3fHQlsrYqruqSgVdPR40mq,Unlisted,none,Surajit Das,https://i.scdn.co/image/ab67616d0000b2736a2191177a33df00ac6327e8
24,1vzj5MTQhUxFl7ztXNexHZ,Unlisted,none,Susana Allen,https://i.scdn.co/image/ab67616d0000b273ac422ffaa88187ab338d0ac2
47,1HMhQzj2QXxR40zGDdaK6y,Unlisted,alté,Kojey Radical,https://i.scdn.co/image/ab6761610000e5ebbd94c9a9f602c27b75062905
26,5ZsSQKAEppzogR04EeQ60l,Unlisted,none,David Rose & His Orchestra,https://i.scdn.co/image/ab67616d0000b2736113b5a9d5a002a5b3efe901
1,46Le1jJ4LMlIRstjny0y8v,Unlisted,none,Glenn Buhr,https://i.scdn.co/image/ab67616d0000b273cda626315595fbae216b1399
68,6T5tfhQCknKG4UnH90qGnz,Unlisted,none,DNCE,https://i.scdn.co/image/ab6761610000e5ebf516ed43c65fe21e21a7c5bd
20,5jalqI4moemzPYFKEhZrph,Unlisted,none,Tim Thorpe,https://i.scdn.co/image/ab67616d0000b2733351e265f6af561b4268fe74
50,71VUVLmoTKKYfIugkavMeS,Unlisted,none,Adolphe Adam,https://i.scdn.co/image/a177d0b503757e4d2c314222277ea38d92e85650
0,1EVY7gr8Tgd4YBQS0XWly3,Unlisted,acoustic country,The Mar-Tays,https://i.scdn.co/image/ab67616d0000b2730ecdbe1909fb2a8a4c795d9d
53,105Paee9vmV5rfLSG652e1,Unlisted,musicals,Ewan McGregor,https://i.scdn.co/image/4f4b7d3b7f76e3c57d3004ba0d99368cdb7e3276
0,2YbJkb0JYuZnUgIDqpg7Xw,Unlisted,none,Rubeus and the Hagrids,https://i.scdn.co/image/ab6761610000e5eb32b63dce2bfde0b705b4c5a1
40,32pN1An13076I4PTMzn2g7,Unlisted,none,Arve Henriksen,https://i.scdn.co/image/ab6761610000e5ebc731464111ff67afa4fbe0e3
19,3BZBnC18MJDRtneF9r7Qx7,Unlisted,none,Satan Takes A Holiday,https://i.scdn.co/image/ab6761610000e5eb1f274f50e80cd9a50c1c17c9
60,14ZxDAK6ITtZZqPdiWrvSn,Unlisted,none,Everlast,https://i.scdn.co/image/ab6761610000e5eb5e43edaeac4271827453c302
69,0f3EsoviYnRKTkmayI3cux,Unlisted,none,Men At Work,https://i.scdn.co/image/ab6761610000e5ebe856945244d104fcef298237
0,2o47K5YAPaZiiHbppDsDIb,Unlisted,none,Tatum,https://i.scdn.co/image/ab67616d0000b27352995ec265b7724b3e94050b
54,4M6Z1wubeKtwPqbjJygTOc,Unlisted,none,Shontelle,https://i.scdn.co/image/ab6761610000e5ebec9c41070714905a34319341
71,0ZED1XzwlLHW4ZaG4lOT6m,Unlisted,none,Julia Michaels,https://i.scdn.co/image/ab6761610000e5eb1b098899f1cc5be055471b4d
49,3ifxHfYz2pqHku0bwx8H5J,Unlisted,melodic house,Amtrac,https://i.scdn.co/image/ab6761610000e5eb85194d88093071e726cef400
60,11Y54BxlxC3UIAUkU2eadQ,Unlisted,christian folk,Rend Collective,https://i.scdn.co/image/ab6761610000e5ebb701899872da174bb597987e
10,43CjkS6wmx4bmQyAOgsYdU,Unlisted,none,Roy Martina,https://i.scdn.co/image/ab6761610000e5ebd8fb6fb49bb6169747f9fb45
28,6fG2Y4YIB6PG8TyPOqOl2b,Unlisted,none,Cray Barnes,https://i.scdn.co/image/ab67616d0000b273707fc1f875b3a1d54d0f345f
26,2ROf9t2bzHTnVuf8btRd5J,Unlisted,none,Brimheim,https://i.scdn.co/image/ab6761610000e5eb8e631999436a2532af825078
58,2tBWWgGv7H5ymPtJrT1rNu,Unlisted,none,Σtella,https://i.scdn.co/image/ab6761610000e5eba5527f66cb641c280c322191
16,4dBk5KsReHwZVji0IQ2pOG,Unlisted,none,Satin Cali,https://i.scdn.co/image/ab6761610000e5eb0f2b6451d2ff59eed71a12ad
48,43cM1JWUzdfkZCi7rjkPnz,Unlisted,none,Próxima Parada,https://i.scdn.co/image/ab6761610000e5eb829f51343c757c9316aac997
48,0vhJymgsCubfAfFjEGVsoD,Unlisted,none,La Fuente,https://i.scdn.co/image/ab6761610000e5eb53c406e73f1c0fa18040d2cb
66,6O9vGMmTwzihULICPCsNf2,Unlisted,none,Balu Brigada,https://i.scdn.co/image/ab6761610000e5eb871bccd59b468f93c4650066
21,0YAO9P4v43mlSAgZE5oa55,Unlisted,none,Bueno,https://i.scdn.co/image/ab6761610000e5eb123a84162d22ecca1883375a
70,2dBj3prW7gP9bCCOIQeDUf,Unlisted,none,Danger Mouse,https://i.scdn.co/image/ab6761610000e5eb02b986f57904bca3190d8f2b
26,050oABtOYcWMjuoWR7saCa,Unlisted,none,Ben Hackett,https://i.scdn.co/image/ab6761610000e5ebd1d5d5bcb03a1ed6bf953d88
86,4Gso3d4CscCijv0lmajZWs,Unlisted,none,Don Toliver,https://i.scdn.co/image/ab6761610000e5eb52258b97639c24efe49fbf9e
75,1anyVhU62p31KFi8MEzkbf,Unlisted,none,Chance the Rapper,https://i.scdn.co/image/ab6761610000e5ebd4d18d62a36a26fe36b70e2a
42,4meTRfbaVba24HXyBwbKJ0,Unlisted,none,Sycco,https://i.scdn.co/image/ab6761610000e5ebff035912ff208ccd2f033b53
76,6U3ybJ9UHNKEdsH7ktGBZ7,Unlisted,none,JID,https://i.scdn.co/image/ab6761610000e5eb02e4e47e711e07e363ecc6e0
52,7oeuJSyVZTCkm3BurLz8cG,Unlisted,none,Silver,https://i.scdn.co/image/ab67616d0000b27351d98ff76da5ca1f82c8cbc8
77,1iCnM8foFssWlPRLfAbIwo,Unlisted,none,Gigi Perez,https://i.scdn.co/image/ab6761610000e5ebd58f13475be93b37bb63893f
36,6Gl4Q3ePw6HKMfIOix5QpG,Unlisted,none,Bartees Strange,https://i.scdn.co/image/ab6761610000e5eb13697b9513ee368f443a0036
73,7AaGbSgUxJFuZ49VvclNH6,Unlisted,none,Damiano David,https://i.scdn.co/image/ab6761610000e5eb5f4739dad0989bd723b29ff5
57,7vNNmjV14SKQzlQAEg0BXP,Unlisted,none,Jean Dawson,https://i.scdn.co/image/ab6761610000e5eb634b73608767c3626d171fad
24,4bAFS16s5qBFYuOM4gQ5Xv,Unlisted,none,Macie Stewart,https://i.scdn.co/image/ab6761610000e5ebb401c9e25d915d9eef100564
32,0JqrjvfDFrfe2gNY0D10Ze,Unlisted,none,Ocean Child,https://i.scdn.co/image/ab6761610000e5ebeaa1bcc998b00276ec27f345
47,6mpyU2azr3zfZDY9k8w5GP,Unlisted,none,Your Neighbors,https://i.scdn.co/image/ab6761610000e5eb51332b44a1988b5001e18178
43,2iFB1sUnmksG09STRCdEaW,Unlisted,none,lvusm,https://i.scdn.co/image/ab6761610000e5ebd31b4331a8574ee467ce565a
38,07rrEL5B0fN0tTCrYvp7rX,Unlisted,none,G4M1NG,https://i.scdn.co/image/ab67616d0000b2732a7873bb1fae7d251c83c02b
45,5PIMTEvFJS2UzO2D2y8jtH,Unlisted,none,Tír na nÓg,https://i.scdn.co/image/ab67616d0000b2731fd9c1c67fcb6c15749e3616
21,1Jt2d9iEjUfnxK9v5vyWw1,Unlisted,j-r&b,DYM MESSENGERS,https://i.scdn.co/image/ab6761610000e5ebfb2d4932c6b8e4cc5c3442f3
0,2MUIpq5YMm4fUhTWmdxgdJ,Unlisted,none,Shogo,https://i.scdn.co/image/ab67616d0000b2735cb3bb95293a402b21124873
25,1FQhMTazeDe98Cm6o3uMj6,Unlisted,none,Don't,https://i.scdn.co/image/ab6761610000e5ebf62cacda2d34339e04e40cf1
31,6naOJv1tTWVsm48ukkp6sO,Unlisted,none,Kriill,https://i.scdn.co/image/ab6761610000e5eb3cf6af0fe6085897274d8f15
2,1mv1UcziYmAPNiOUwYhU1g,Unlisted,j-r&b,ORIVA,https://i.scdn.co/image/ab6761610000e5eb93ad3dca215d1b2f672827c4
46,3iS3odNdoJU01yRxtMHubs,Unlisted,none,Jesse Marchant,https://i.scdn.co/image/ab6761610000e5ebb68eaba29874f1cffc84c919
26,5mqGcHH4QdeX9PRzzslrXM,Unlisted,none,Steve Hiett,https://i.scdn.co/image/ab6761610000e5eb1128effff23cdcd58d6f5725
51,7r8EHfxHZHU16sUV3BEH1t,Unlisted,none,Macabre Plaza,https://i.scdn.co/image/ab6761610000e5ebf5a587d8a215e5daa5a0548d
1,5cZprevRcFHLMC7aaly7Jo,Unlisted,none,Timothy Jackson,https://i.scdn.co/image/ab67616d0000b273344375c3372608cf92c19905
24,73I1I31qLoHIh2EO65gb7X,Unlisted,none,The Kimba Unit,https://i.scdn.co/image/ab6761610000e5eb8da14edeb42d429ea19177e8
49,58Xze2XUNJqUmL3oCmLPcR,Unlisted,none,Polar Night,https://i.scdn.co/image/ab6761610000e5ebc8b8891bfcda4ebb0a3ba93f
50,6ATLDcObmCv5mMiJoInxsA,Unlisted,none,Regen Man,https://i.scdn.co/image/ab6761610000e5eb94f0307a444d3122b6d15f57
49,4TBU1LUldUubb3RaqmLLN7,Unlisted,none,Tono,https://i.scdn.co/image/ab6761610000e5ebaf741d015a72af834aec70cf
51,4skpcZxulah2mY60iwKaff,Unlisted,none,ANCIENT RAIN,https://i.scdn.co/image/ab67616d0000b2732f53c982f11dbce0301767cd
23,4C5ayULfDjchGDFpclI1bx,Unlisted,none,Bernhard Joachim Hagen,https://i.scdn.co/image/ab67616d0000b27398eb077cb3cebc9a3bc0a610
18,1qJKFe32PZgDug1xq1SVAY,Unlisted,none,Buxton,https://i.scdn.co/image/ab6761610000e5eb1c6d963259dddee4face112b
37,4jRq9On9S1F6JkTebaZHqE,Unlisted,none,Nell Mescal,https://i.scdn.co/image/ab6761610000e5ebe652bb7a5f4b48ec59295d82
33,05bnFEwruBiBgJH8uW4vo6,Unlisted,none,Austin Weber,https://i.scdn.co/image/ab6761610000e5ebcde76e84ed5034ba31f6f5e2
49,1RNXA2cIljrRol5nvV2Eoy,Unlisted,none,Rayne,https://i.scdn.co/image/ab6761610000e5eb2c379754b118238d00ff2e35
37,5nQ9HpkiXvRUN30EJpkj29,Unlisted,none,Oerwoud,https://i.scdn.co/image/ab6761610000e5ebeb3f94b526e48c5b99a3446a
50,1bgpRrszIfYOXgzXcR02jP,Unlisted,none,Pacific Rain,https://i.scdn.co/image/ab67616d0000b273ff0e724e5b7ba44f94309e7d
53,0EUOUMWVFwBTkjzcJrgQJQ,Unlisted,none,Rain Rec.,https://i.scdn.co/image/ab67616d0000b2736adb733edb70d8503fe56ec8
52,4mZVOEyscSE2MEbntY11c3,Unlisted,none,Indra,https://i.scdn.co/image/ab6761610000e5eb10a1fe2c0f1d8e57c9bb0e9e
50,4PHEKFLzjQUNk5zenIMW9n,Unlisted,none,Salvo,https://i.scdn.co/image/ab6761610000e5eba0a3298fd920dab872480b27
50,5fsQWVVg6dLqhbuKcvroor,Unlisted,none,The Mist,https://i.scdn.co/image/ab6761610000e5eb58a8b7eefe547b298f63e0eb
39,3MDGo9gMugtZGrB0oyQ69G,Unlisted,none,Wildazon,https://i.scdn.co/image/ab6761610000e5eb843bb23436d3ebd6d1084302
44,2GFoeeuNSEfp8GcoZ0lV6C,Unlisted,none,Isuru,https://i.scdn.co/image/ab67616d0000b27314a8358e6e1c6c859cc99b7c
44,39JG88X2ortGs8wgP8DIJ2,Unlisted,none,Haya Sounds,https://i.scdn.co/image/ab6761610000e5ebc898389b337defa2ce3af213
50,0UXi91La4FUOmdfH5X4pIG,Unlisted,none,Freyr,https://i.scdn.co/image/ab6761610000e5ebe48c0c878b9e57edec6699dc
49,11662aaOqDYv2EBHSxJPJV,Unlisted,none,Drivotra,https://i.scdn.co/image/ab6761610000e5eb2423223d5c6a6f604aa5f4ab
42,1DWBwafhEN1i2zYG6r05Au,Unlisted,none,Djunjo,https://i.scdn.co/image/ab6761610000e5eb686408e963c3ff1f71dc9eda
54,44rsp35dDfvab8zpuNRdyT,Unlisted,none,Chō,https://i.scdn.co/image/ab6761610000e5eb92e0bab052cdcca55d25ecc4
51,0Mh5A7teUHad8RrOy9TvkH,Unlisted,none,BLITZ,https://i.scdn.co/image/ab6761610000e5eb92f465ddc621654705750aa9
54,2cwPMVEFK3JRfFmbStXoMD,Unlisted,none,April Shower,https://i.scdn.co/image/ab6761610000e5ebeb174f7c1a3c83832ab394eb
18,4H9nlRIz8akpjJurwlFf6i,Unlisted,none,3STRANGE,https://i.scdn.co/image/ab6761610000e5ebe614b2f286be95237cf5ee56
3,1AfdR7N8ClMmksHKhr2IGC,Unlisted,jazz beats,sus9th,https://i.scdn.co/image/ab6761610000e5eb9c23b5bed89f805478d5d845
48,6yZoNdsPrYLviaEOOzbZt8,Unlisted,none,Alexandra Burke,https://i.scdn.co/image/ab6761610000e5eb643b3451452fd35d7b242af4
33,1iQVsRr2JalWIOLQa4T7O6,Unlisted,none,Odette,https://i.scdn.co/image/ab6761610000e5eb19f6d60311a7f6d3737daecc
46,4KDu9uqzqseVCpQXMa8Pvm,Unlisted,none,Oliver Sim,https://i.scdn.co/image/ab6761610000e5ebcd3030f7caa366fecb453fef
34,39HYn2OCDJFkUauHXqwBsG,Unlisted,none,Gretel,https://i.scdn.co/image/ab6761610000e5ebc1d9a845cf760c4938ea1dff
24,3coUJaSHEnYwQT6NAM9BN4,Unlisted,none,MIZUKAMI,https://i.scdn.co/image/ab6761610000e5eb80b6fe08ba96abe8661909b2
33,1UKhC6PpxfnaYOyga7TLZV,Unlisted,none,Sofa Sounds,https://i.scdn.co/image/ab6761610000e5eb31e09fc95207e941080dea8a
34,4odKaNPSbifXARPmQ2fu28,Unlisted,none,Schlafregengeräusche,https://i.scdn.co/image/ab67616d0000b2734a1260c3c390e17c03ddc94c
42,0Grvl7417KS5fGPzZHYBn9,Unlisted,none,Daniel Licht,https://i.scdn.co/image/ab67616d0000b273d43946089226e9e1aac70a83
71,7bPs6jf983f0bjRAt1yxDM,Unlisted,none,Patrick Watson,https://i.scdn.co/image/ab6761610000e5eb99cb259c9e15f82dd933b9c2
77,2kRfqPViCqYdSGhYSM9R0Q,Unlisted,none,Madison Beer,https://i.scdn.co/image/ab6761610000e5ebe49a051508f6c1eeaecff664
42,44hPDOKyTwkFxOL08UzNQE,Unlisted,none,Cabu,https://i.scdn.co/image/ab6761610000e5eb9ade86d6ea99ed56adc78995
37,153PCxQogtNJgjnPv5rzog,Unlisted,none,Luigi Malatesta,https://i.scdn.co/image/ab67616d0000b27338b7358246cafbe5a77e499f
14,6lOIi6aXlHGa49oROgxVY1,Unlisted,none,Russell Stewart,https://i.scdn.co/image/ab6761610000e5ebe1b44e8091a3faabff741e7c
24,44QGQt033sUjbeecDPn791,Unlisted,none,Lyla Lee Band,https://i.scdn.co/image/ab67616d0000b273daeb1c79b1904e988b02cfd7
19,20DtfXEcnCgoWY9b35nPXk,Unlisted,none,Andrew Land,https://i.scdn.co/image/ab6761610000e5eb140c4ef3e80bc7884ccf065a
51,1Q2mS59tFYLm2KGFoCgWN4,Unlisted,none,Samm Henshaw,https://i.scdn.co/image/ab6761610000e5ebe9b7236407d2375eaed38b91
56,39i5B6umzWzkfMe12JrMwW,Unlisted,none,TiaCorine,https://i.scdn.co/image/ab6761610000e5ebfca9e6a435c5638fe1fe3ed9
39,18hiqhddMloGWzY8pNZ8qr,Unlisted,jazz beats,Maple Syrup,https://i.scdn.co/image/ab6761610000e5eb1514eaf74bb02c476067718f
57,7wg1qvie3KqDNQbAkTdbX0,Unlisted,none,Louis The Child,https://i.scdn.co/image/ab6761610000e5eb8331288c7e2fd4a11df7355e
49,5S0AJvE9NB1kGrXRfYh690,Unlisted,none,Daniel Lanois,https://i.scdn.co/image/ab6761610000e5ebb0bd576c60c208687ea0a0d4
41,4jrTNltJtTMUfXybDdsHDn,Unlisted,none,The New Seekers,https://i.scdn.co/image/ab6761610000e5ebe8b34038c8cdcfa086303ccc
21,0rE1VpSZQX2spjSI4o88r4,Unlisted,jazz beats,Zairis Téjion,https://i.scdn.co/image/ab6761610000e5eb7d47760862a7c6cb6a846576
9,3Ao4LdOPmNHIsDq8Y5gTmh,Unlisted,none,Mondbery,https://i.scdn.co/image/ab67616d0000b27313a73d83d05d5e97ca7fb8f9
27,19vmNxwnUie8YSQQWhdx1F,Unlisted,none,Olivier Daviaud,https://i.scdn.co/image/ab67616d0000b273d16ef762ad18c560bee5266a
14,1e9q9D5SODSTajOBo1VQqh,Unlisted,none,Rusty Gear,https://i.scdn.co/image/ab6761610000e5ebbd80a3b44a55c874d529e90f
5,4t3pqfgHEL40o2Q0Yrvy1b,Unlisted,none,Khadijat,https://i.scdn.co/image/ab6761610000e5eb0f53143728e8a059c0c4a387
33,7glMKJlAKPc4VqtQiR1qwt,Unlisted,none,Rebecca Jean Rossi,https://i.scdn.co/image/ab6761610000e5eb801ca9443b116f0d0485cb58
6,3d4Zk20IbGZVhAaFpgIbPs,Unlisted,none,HaHa Sounds Collective,
49,4KPgZSnwlJl4LnUDb09mCw,Unlisted,none,_BY.ALEXANDER,https://i.scdn.co/image/ab6761610000e5ebd9badfa50bc8ff31ac851d90
27,5KXf7KzCn3CFeB3hRvHvqc,Unlisted,none,Carl Antaine,https://i.scdn.co/image/ab67616d0000b273f82623143417ae9716babf9d
18,019crWCRkPjQjBnhKaafTV,Unlisted,none,Cody Dear,https://i.scdn.co/image/ab6761610000e5eb806f86ca24b7d4bc92735f9b
39,2xmzOWZeQCDksIQcLcnRrT,Unlisted,none,Enrique Granados,https://i.scdn.co/image/8f5527ed3e0af7b798a321fba079a6c48d64bbff
3,1GYL97YxtpuZ6V3QCMRxyo,Unlisted,none,Low City Trio,https://i.scdn.co/image/ab67616d0000b273ca88a5ca9ae840ce187d641e
6,1n7cM7GVRThCDuQkCjJqZf,Unlisted,none,Dan Crisci,https://i.scdn.co/image/ab67616d0000b2736436696a80110c86fae5d0b1
29,2jIhiAEbmLrPj69WLM2R3V,Unlisted,none,The Magic Lantern,https://i.scdn.co/image/ab6761610000e5ebfff0ffe7973dd2ae57268f90
15,3hhcMpmqS3t6kDLWb3TMEo,Unlisted,none,Sammy Sanders Band,https://i.scdn.co/image/ab67616d0000b273173c2c178a10c87f78758095
5,0VlWQydFIyBrj5h1i9yp3s,Unlisted,none,Tom Melvoin Trio,https://i.scdn.co/image/ab67616d0000b273495ed39b6b321e8bef419fe7
24,3dspNaAoLsOMLErxSXKP1h,Unlisted,none,Martin Lindholm,https://i.scdn.co/image/ab6761610000e5eb23b473e932f8501c9ace9712
21,2Te2jrf7Kk0rShhNq3Dcyz,Unlisted,none,Simone Bergenson,https://i.scdn.co/image/ab6761610000e5eb80a70821df90ab7bd73f3b5d
15,2iTyqgOU23gOA8FmtoqZhl,Unlisted,none,110th Street Jazz Trio,https://i.scdn.co/image/ab67616d0000b2730f737bcef84aa0821d5482cf
17,6Kc4Zf0t3jYBys33kkknR3,Unlisted,none,Brooks Jazz Band,https://i.scdn.co/image/ab67616d0000b273c9efcb529433ddbf0e1c940e
22,3sWzPqn412qggAJRtI6Bvz,Unlisted,ethiopian jazz,Black Flower,https://i.scdn.co/image/ab6761610000e5ebcf1ce2acd65a9d6fda5cfc2f
16,4zfTyFGyjLJd9vAbxqTuNg,Unlisted,none,The Josh Rogers Band,https://i.scdn.co/image/ab67616d0000b2738b9e752e80a97d4b3ccb9390
60,3Op7D6tFVJCOHW6EAV0ck1,Unlisted,none,Adventure Time,https://i.scdn.co/image/ab6761610000e5ebc94fb92f8143c3637c6f7b80
4,4LBN4Zpw7IzSiB2T3d9TI1,Unlisted,none,Denes Agay,https://i.scdn.co/image/ab67616d0000b273368f0655e30630d8af324137
23,1YuZMruVps9jS4T0WftHP8,Unlisted,none,Garry Schyman,https://i.scdn.co/image/ab67616d0000b2737b7726a987663fe59577e3d5
17,5buTKeJ19EBEcckqTe0XqP,Unlisted,none,Phebe Starr,https://i.scdn.co/image/ab6761610000e5ebc2852c9b75f668df390f1590
0,1gI9dTDKlnj8tkBZNpSciW,Unlisted,none,Sergio Drabkin,
2,7mJJhpjkebDATHKgwYrdRY,Unlisted,none,Frantisek Antonin Rössler-Rosetti,https://i.scdn.co/image/ab67616d0000b273d4e7019f9e766ac47f549b8a
51,2taCySpDIEEa2mvo2k7xkH,Unlisted,italian singer-songwriter,Gino Paoli,https://i.scdn.co/image/9eb5f38c0244a92a36da308a223ab49172f0b890
28,1TYsIU7QKwwZ3IieKIE6oo,Unlisted,jazz beats,Anthony Drawn,https://i.scdn.co/image/ab6761610000e5eb1fef52ecf9cfdf783ced0c87
10,6nzfP8y591BGa4K4ImEtWm,Unlisted,none,Fela Sowande,https://i.scdn.co/image/ab67616d0000b273510c904574feeb841d726976
1,6HT1veYadpCoh14MthmbKS,Unlisted,none,Charlie Poole And The North Carolina Ramblers,
34,4igGvshE0R9UvpobsKOsSK,Unlisted,none,Papi Churro,https://i.scdn.co/image/ab6761610000e5eb7a7f55ec4f068ea7da15c4a4
0,7iR1ppLTl5HW9t85K21o1d,Unlisted,none,European Union Youth Orchestra,https://i.scdn.co/image/ab6761610000e5eb07a9aaaea1903d61153a3eb7
33,5RcJDMYwS4w1XJkNiR4LvM,Unlisted,orchestral,Immediate,https://i.scdn.co/image/ab67616d0000b27381410497349c79a0d2a871a4
22,174ZmUieRkbklRddQmovIQ,Unlisted,traditional music,Gong Gunung Sari,https://i.scdn.co/image/ab67616d0000b27385fc9365d2f88474dcd72172
32,0Nk0Nee79EErNt1I1lCxrF,Unlisted,none,Bobby Cole,https://i.scdn.co/image/ab67616d0000b2733038fd8ad132468ff70c2923
45,1LgVvBvmQm48GExZDH322C,Unlisted,none,Good Knight Productions,https://i.scdn.co/image/ab6761610000e5ebd02fda741cb25bb8b1286079
56,1v4YnufenjE9BLAfP90qvt,Unlisted,none,Arcade Player,https://i.scdn.co/image/ab6761610000e5eb1e9e186f960bcb612434299f
71,6fxyWrfmjcbj5d12gXeiNV,Unlisted,none,Denzel Curry,https://i.scdn.co/image/ab6761610000e5eb8e265da892579da2139b659f
13,3A0KDCVy46KwrkFz5Xivnz,Unlisted,musicals,Lauren Ambrose,
10,2Cmy1GqPRS06VTKCIMBsLW,Unlisted,none,Anton Reicha,https://i.scdn.co/image/ab67616d0000b2736a4c83a2a97e919ae7d6ca0c
72,6Ff53KvcvAj5U7Z1vojB5o,Unlisted,none,*NSYNC,https://i.scdn.co/image/ab6761610000e5eb9414ef07d0ca697726912df1
77,4S9EykWXhStSc15wEx8QFK,Unlisted,variété française,Céline Dion,https://i.scdn.co/image/ab6761610000e5ebc3b380448158e7b6e5863cde
51,0m2Wc2gfNUWaAuBK7URPIJ,Unlisted,none,Bono,https://i.scdn.co/image/ab6761610000e5ebc1ad723d18146d02b4f3ec22
61,2JSjCHK79gdaiPWdKiNUNp,Unlisted,none,Dionne Warwick,https://i.scdn.co/image/ab6761610000e5eb460f728695000dadb44a4e8c
0,2H0sEXehxupsBAHGlIXB4o,Unlisted,none,Mary Ellen Bernard,https://i.scdn.co/image/ab67616d0000b27373ecd7387d8af79b4a8769aa
64,33W1pnW9zScZtYTnAoWnOT,Unlisted,none,Mr. Probz,https://i.scdn.co/image/ab6761610000e5eb4665e17c6cad3616d170dfeb
20,1Op0RzTz1QtmV4jjAVnaZZ,Unlisted,none,New York Staff Band,https://i.scdn.co/image/ab6761610000e5eb5ac5bdaa56a741f54af063ef
63,0awl5piYwO0CDTHEkCjUhn,Unlisted,none,Nico & Vinz,https://i.scdn.co/image/ab6761610000e5eb606d0660ba65b91a1d891154
68,0DxeaLnv6SyYk2DOqkLO8c,Unlisted,none,MAGIC!,https://i.scdn.co/image/ab6761610000e5eb8b68d29a8713b8260aa18e19
41,4F61H4lx1js4wtWfb2Rfnt,Unlisted,none,Party Pupils,https://i.scdn.co/image/ab6761610000e5eb9776cfd60d5336c98d5045bd
72,6S0dmVVn4udvppDhZIWxCr,Unlisted,none,Sean Kingston,https://i.scdn.co/image/ab6761610000e5ebee205e5029a04bd0460e16e4
21,512c7QG5QBhhNAL9QxQrnd,Unlisted,none,Meditation Relaxation Club,https://i.scdn.co/image/ab6761610000e5ebd14b5d6f17a1972909e87f2a
76,5y2Xq6xcjJb2jVM54GHK3t,Unlisted,soft pop,John Legend,https://i.scdn.co/image/ab6761610000e5eb01784e44ffd1a339350f4417
51,25fqWEebq6PoiGQIHIrdtv,Unlisted,edm trap,Baauer,https://i.scdn.co/image/ab6761610000e5eb02bc0b1b00164d31c8ec1e68
30,0AUwa5xmiy57qdGlOksvea,Unlisted,none,Mutual Benefit,https://i.scdn.co/image/ab6761610000e5eb92b33cf89cc089617172a0d6
9,2vGYh0J4ddm2oFcqPffbng,Unlisted,none,Nuages,https://i.scdn.co/image/ab6761610000e5ebb0f58dab2da5fa897c363390
39,4To5l2s8aVmU7p8tD54CKf,Unlisted,none,Hvalfugl,https://i.scdn.co/image/ab6761610000e5eb6ef59dddab7adadda267dae8
40,4EiI7Vls0NB16jLuexzCHC,Unlisted,latin r&b,Paula Cendejas,https://i.scdn.co/image/ab6761610000e5eb5b680dc6b6700fb342a523c4
44,1Zp054Jc86WVKCxKEqZGOA,Unlisted,none,Jack Garratt,https://i.scdn.co/image/ab6761610000e5ebbb57d36404ba3027555d91ce
46,2VnYxiqJFYjBlP3RWRr9Fy,Unlisted,none,wilt,https://i.scdn.co/image/ab6761610000e5eba9896798016b8bd214a59dde
57,4uHsvbEomrfo1KXllQ9K3s,Unlisted,none,The Four Seasons,https://i.scdn.co/image/ab67616d0000b273206e2e76c3a706e4734d18ab
43,7n0i6RECXvCkOElGs6IP97,Unlisted,none,Rec Hall,https://i.scdn.co/image/ab6761610000e5eb4765c93e317ab77395d1a5f2
26,4nfBa9tw0IWAdtirqqmrbY,Unlisted,none,Imogen and the Knife,https://i.scdn.co/image/ab6761610000e5eb1084a6a822581afa0e6a39c6
50,11dABkjSoOjcP9p3TFSNRj,Unlisted,none,Jensen McRae,https://i.scdn.co/image/ab6761610000e5ebf5433a51ba21e1302aad26d8
60,1g0fXhQMHAxlRyIBkCbuE7,Unlisted,none,Matt Simons,https://i.scdn.co/image/ab6761610000e5ebd31bb63b67283c383fe1d030
57,3GMBcFbI21Tbi1POVBmCwb,Unlisted,none,8belial,https://i.scdn.co/image/ab6761610000e5eb9b021893dde69a2eef94a1bf
44,1sd5vbMAYXlLoJNTQfY0HV,Unlisted,none,Capital Soiree,https://i.scdn.co/image/ab6761610000e5ebfa92cc7ec586ab4193a1c578
38,5pxKcg9uA5SYFZZmTj4kUk,Unlisted,none,Lu Colombo,https://i.scdn.co/image/ab67616d0000b273f7c06c26348f9b6c870f666b
53,1nwjHzOUQZsNYX8xoWiGVC,Unlisted,none,Funzo & Baby Loud,https://i.scdn.co/image/ab6761610000e5eb50378524e65b6227a8c9710f
28,4B1ybYYr0jNdpQ8hg3fsn9,Unlisted,none,Edo Guidotti,
53,72sOBVpZpUwHq7i0vb26lT,Unlisted,none,Dexter and The Moonrocks,https://i.scdn.co/image/ab6761610000e5ebc347dd56aa5e89313a7b35da
28,31ovhtZf0B1CTJXPNhchvF,Unlisted,none,Phat Kat,https://i.scdn.co/image/ab6761610000e5eb1f3d569f975a115f83c04a51
86,0fTSzq9jAh4c36UVb4V7CB,Unlisted,none,Alex Warren,https://i.scdn.co/image/ab6761610000e5ebe5547931c7f652c2ece8b76c
57,6ohvzFHYmLd05kyYhLui5K,Unlisted,none,Brenton Wood,https://i.scdn.co/image/3f10996bfd5dd8120da664f786d191d6e9231587
30,5G1xjxkXFx4zouU8Mr9Ua6,Unlisted,none,Le Shiv,https://i.scdn.co/image/ab6761610000e5eb021face256a0b54d355fbb5b
11,2XmZSEHMYBAIASUld5mbAh,Unlisted,none,Atum Rex,https://i.scdn.co/image/ab6761610000e5ebf10cfd5a8b66e3013fc99d0d
19,3V9VR9FmJ8hI0rf3yETrRa,Unlisted,none,Eric Dangerfield,https://i.scdn.co/image/ab6761610000e5eb6094c69503ee20868f531e95
32,1TIM4mSeLlFajoWxR0GDK3,Unlisted,jazz beats,Sandy Mental,https://i.scdn.co/image/ab6761610000e5eb80488d13d47b230f3966f33d
19,1aYvhE4GIScIIafVt47U8E,Unlisted,none,barry straw,https://i.scdn.co/image/ab67616d0000b2738745d05aeda74fab7c0709f4
34,57aTJRDQsVsP8fMuY7URiO,Unlisted,none,Constance Amiot,https://i.scdn.co/image/ab6761610000e5eb98174b74d917584a1ab24403
32,4XVxeuUkJRiCYJYdqRpwab,Unlisted,none,Stewart Copeland,https://i.scdn.co/image/ab6761610000e5eb1ce98e2c61dde18d5dc52190
48,7xFnmid57ZE6iWEXdEXO3b,Unlisted,none,Tracey Thorn,https://i.scdn.co/image/ab6761610000e5eba743d8063d68ce7701d3ad12
69,73mSg0dykFyhvU96tb5xQV,Unlisted,none,Hermanos Gutiérrez,https://i.scdn.co/image/ab6761610000e5eb5211c31290a0d915d4ee2225
70,1WaFQSHVGZQJTbf0BdxdNo,Unlisted,none,Tommy Richman,https://i.scdn.co/image/ab6761610000e5ebdfc519d15a709b8adef14307
52,2RzBTtaoFmXDvt5vP8lPYf,Unlisted,jazz beats,Toti Cisneros,https://i.scdn.co/image/ab6761610000e5ebae31965f91e1df7ebc2d70f4
41,0UirLOZvkWWLoWe93BEFjK,Unlisted,none,СОЮЗ,https://i.scdn.co/image/ab6761610000e5ebc076634cd382414d6c3831ea
60,2WvLeseDGPX1slhmxI59G3,Unlisted,none,Robin S,https://i.scdn.co/image/ab6761610000e5ebfc0c05906b4fd5c697bc741a
0,4gA8it8ZFyjfDlZaEWtYYD,Unlisted,none,Forest Night Sounds,
51,7fnMav7xXJwwjbyWbSjF4C,Unlisted,none,Gia Margaret,https://i.scdn.co/image/ab6761610000e5ebc64d15fcfd446961604beaa6
79,46UMQ0cW8ToR8egkBRwAxZ,Unlisted,musicals,Cynthia Erivo,https://i.scdn.co/image/ab6761610000e5eb65199ed238bc45231cd3cba7
14,2iGQR8gH9aKFtCxOsPGFYx,Unlisted,none,Tummyache,https://i.scdn.co/image/ab6761610000e5eb5730bce635c11d0288ad0b37
0,7lXtwLrXMAvXVsMrzg1Lt6,Unlisted,none,Palomino,https://i.scdn.co/image/ab6761610000e5eb61b8bcc87570502077fc3853
0,5pjOgil4HWreWNETPagvRY,Unlisted,none,The Port Macquarie Philharmonia,https://i.scdn.co/image/ab67616d0000b273834746118077504c67f90e10
37,4nAgZVXR06PW7PXpwT48Nb,Unlisted,none,OttoLab 91',https://i.scdn.co/image/ab6761610000e5ebe8ce12849a1e678387e4ab28
36,5Ph4BCHTBnS7CJctvtUDkp,Unlisted,none,Porij,https://i.scdn.co/image/ab6761610000e5eb5372ef179752b89bb6c61658
51,03MbnQnCTCSiRWUbmEgo2r,Unlisted,none,The Earth Song,https://i.scdn.co/image/ab67616d0000b273c1cab9aa052a40e756e823fa
61,2DnqqkzzDKm3vAoyHtn8So,Unlisted,none,Uncle Kracker,https://i.scdn.co/image/ab6761610000e5ebae45d8ab89ad4aff41dfb021
41,36a3BbcVBJMiBGeHzpAxHb,Unlisted,j-r&b,Michael Kaneko,https://i.scdn.co/image/ab6761610000e5eb125e74cd113327d0b40e2e71
25,3le5O6so782djcAD0TbiAC,Unlisted,none,The Fabulous Three,https://i.scdn.co/image/ab67616d0000b273a488cc4063a7d392f9c2529f
23,3PsfijqSoN8fNyYSJwcni4,Unlisted,soft pop,ULYSSE,https://i.scdn.co/image/ab6761610000e5eba88c869abc814c00bdc1dc77
20,1qRcRMoFWPryJI9o9uBVPN,Unlisted,none,No Hot Ashes,https://i.scdn.co/image/ab6761610000e5eb3c82770e480c8619042f4793
29,5wuYDMU4DPsiqWaB8QBZU5,Unlisted,none,Russell Shaw,https://i.scdn.co/image/ab67616d0000b2736b43de155229a73b5ff87e60
47,60NNvDqsif0u40CXMV6jDQ,Unlisted,none,Ryan Beatty,https://i.scdn.co/image/ab6761610000e5ebcf79cb1ae62e1d3b7f76b1f6
39,0KkJoXozXmbRdmpy7zCmYA,Unlisted,none,William Grant Still,https://i.scdn.co/image/81d7a1c6555fb0aabb3372884a5e1d910c9ec023
59,2aYJ5LAta2ScCdfLhKgZOY,Unlisted,none,Cobra Starship,https://i.scdn.co/image/ab6761610000e5ebc48ae32aff5303453105b2d3
81,4IWBUUAFIplrNtaOHcJPRM,Unlisted,soft pop,James Arthur,https://i.scdn.co/image/ab6761610000e5eb5a55e66595e80fb12dc5f5fa
55,5xi3SZpllRPAkoPVbjB6nc,Unlisted,none,JLS,https://i.scdn.co/image/ab6761610000e5eb0499b198c90e271c90fc20ca
39,772hWD0N94gYjnVhrqE7lx,Unlisted,none,YellowStraps,https://i.scdn.co/image/ab6761610000e5eb3074abb02a4cff1fdb20dedf
45,2JdsJhCSbNc4C9CR56k1ju,Unlisted,none,HD Nature Sound Library,https://i.scdn.co/image/ab67616d0000b2738ca0c7cf61287efdae9599ab
22,0eOlWPcqRSIbrJ1i9ESFhz,Unlisted,none,Hemai,https://i.scdn.co/image/ab6761610000e5eb49392fca2373b2880a296085
14,0hPY5LO0VQyjgop1JBsKfQ,Unlisted,none,Lip Filler,https://i.scdn.co/image/ab6761610000e5eb7d62eaf57f086d871912baf6
35,6NaacjWVEwO2la6AnxH0ZK,Unlisted,none,Tight Fit,https://i.scdn.co/image/ab67616d0000b2739f36d08580282a9d875d4fd5
49,6xQDyC92UEZQCySBNTdkyx,Unlisted,none,Thunderstorm Sound Bank,https://i.scdn.co/image/ab6761610000e5eb6a5e1b583d588e3845658d06
48,64tKbWpanYm2SDHGclvjSj,Unlisted,none,Regnmannen,https://i.scdn.co/image/ab67616d0000b273abd53a045a81b8608803019d
50,0ubGY2CcC0tvR0eE6hJaT8,Unlisted,none,Charlie Burg,https://i.scdn.co/image/ab6761610000e5ebfa1a67d19f843ca5760748d3
51,1uWldAX5DTfh3ok6HvgkJJ,Unlisted,none,The Beautiful World Around,https://i.scdn.co/image/ab67616d0000b273e0d436f07be710122daab363
22,4kK9XiFmS6rlzCFIY5DzI9,Unlisted,none,World Champion,https://i.scdn.co/image/ab6761610000e5ebe7217b1f4a643389a9e45aea
25,5uFYTjy2eo09SfM5Z6m6kS,Unlisted,none,VALERAS,https://i.scdn.co/image/ab6761610000e5ebd31971b5c365d2fc0d6f7bb8
70,0e86yPdC41PGRkLp2Q1Bph,Unlisted,none,Mother Mother,https://i.scdn.co/image/ab6761610000e5ebfdfbc01d2597633aae65f6b7
25,5EY2JdbsNSljXXpomLlWqI,Unlisted,none,Cinnamon Soulettes,https://i.scdn.co/image/ab67616d0000b273d299cf244a2696c8d5cf6824
45,06knYh538h5SI7OAEF8ek3,Unlisted,none,Georgia,https://i.scdn.co/image/ab6761610000e5eb18298bb86668ee9faa8a8ad6
7,7bWtjxmBs2HQH4A4iO8LmA,Unlisted,none,Uriel VIllalobos Alva,https://i.scdn.co/image/ab67616d0000b273958733bf12ef809fe025e32d
46,6fjsKLQve6XDhg870LDNo2,Unlisted,none,Unhappy Campers,https://i.scdn.co/image/ab67616d0000b2736c46a1d64a6e8a6e2013ca9b
28,316rXhFeKF0yLRzn02tz5P,Unlisted,none,S Club Juniors,https://i.scdn.co/image/ab6761610000e5eb05da47be5a59b2c9d4192c24
58,21TinSsF5ytwsfdyz5VSVS,Unlisted,none,dodie,https://i.scdn.co/image/ab6761610000e5ebee8ea9d5ce2f4c396001d721
51,72epe9asXn1RtuXkKrtBcE,Unlisted,none,Irvin Smith,https://i.scdn.co/image/ab6761610000e5eb528d15c148b06c9cab482a4f
23,6OaEACxpxzP2sDxX2nTUYJ,Unlisted,none,Ola Kvernberg,https://i.scdn.co/image/ab6761610000e5ebcc939fded74b4e2c69b16a05
24,5qKvXWZMr3bTKBbmvpL5ef,Unlisted,none,Philip Lane,https://i.scdn.co/image/ab67616d0000b273c8aca6eef33d3761872fe87f
0,7mArzHUgK4wqsPPb8pRyti,Unlisted,none,Erik Leidzèn,
45,5Uzu2l04ozg2ibMyevkKFV,Unlisted,none,Hareton Salvanini,https://i.scdn.co/image/ab67616d0000b2731b3899f12e1bcdd12a77bca5
20,3PLqmSa29zyLdTGINzLqCZ,Unlisted,jazz beats,Jakspin,https://i.scdn.co/image/ab6761610000e5ebaa3128ff8a474e7de2c4d36c
17,3y05GEeNFiG6vojy5PWxgD,Unlisted,none,Alain Bellaïche,
11,4PcJcSL24JeqLoQla78EPA,Unlisted,none,Fuzl,https://i.scdn.co/image/ab6761610000e5eb86f02535c24c71be6f294a05
0,6q43AW1U5GhQeNVAMU16u7,Unlisted,none,Quintette à Vent du Conservatoire du Luxembourg,https://i.scdn.co/image/ab67616d0000b2733346afac66b6ae94055f0812
65,1AhjOkOLkbHUfcHDSErXQs,Unlisted,none,88rising,https://i.scdn.co/image/ab6761610000e5eb9925b25e0ad0d1c661e1e474
50,3J0BpFVUc9LeOIVeN5uNhU,Unlisted,none,Lauren Jauregui,https://i.scdn.co/image/ab6761610000e5ebe13f3bcde8051978c70b4bd8
15,59qb3TJfziD60XYBx0MVAm,Unlisted,none,Heavenly Angelic Light Orchestra,https://i.scdn.co/image/ab67616d0000b2735a640949bf489f7fb941eae2
76,1GmsPCcpKgF9OhlNXjOsbS,Unlisted,none,Lizzy McAlpine,https://i.scdn.co/image/ab6761610000e5eb912df0c93a5dc290d3c8816e
32,0Fb7u2KBJ3anw54Qs7Oh0Y,Unlisted,none,Joseph Kosma,https://i.scdn.co/image/ab67616d0000b273049fed69ad1ff5ff000c34f4
31,3GUvYumHvxngYgB807pOOe,Unlisted,none,Branko Mataja,https://i.scdn.co/image/ab6761610000e5eb80651d86b8db157d21b81298
51,7t8PD6GvlbqByM0g7ysSHH,Unlisted,none,Jef Martens,https://i.scdn.co/image/ab6761610000e5eb44d4ed4e3bc7aa13b510c6d2
0,0ksxgmCRVi8GxzCWRqpXjy,Unlisted,none,18th Century Melody,https://i.scdn.co/image/ab67616d0000b2736542eb71d6ef92ef4c78fd27
29,4MJYe0nbmZr7ty64T1VGoN,Unlisted,none,August D. Valentine,https://i.scdn.co/image/ab6761610000e5eb97b3916425541791a6613a41
21,4Yp7P4A82tNbZmMYRTSW9c,Unlisted,none,David Kuckhermann,https://i.scdn.co/image/ab67616d0000b2736af6de9faa89af3091fd9cce
39,0sDJfnuudhMaEmFPvALK2e,Unlisted,none,Kutiman,https://i.scdn.co/image/ab6761610000e5ebdda578b698b703f9cb310527
69,6oBm8HB0yfrIc9IHbxs6in,Unlisted,none,Lykke Li,https://i.scdn.co/image/ab6761610000e5eb0bf8a86c8e3a34bb4934abb7
26,7GJg4UXlhiqLUNXVQjNOoB,Unlisted,none,Crimson Peak,https://i.scdn.co/image/ab6761610000e5eb7edcdda161a190b984c3474b
0,7Hjeef4qkQQ8ciGRnfez1N,Unlisted,none,scryPher,https://i.scdn.co/image/ab6761610000e5ebe837bfb38bf027bbde996063
15,7Jha5lv1MsoExRH2GMSNLk,Unlisted,none,Mallias,https://i.scdn.co/image/ab67616d0000b273bd4975f9912d26639988c60e
14,7DrYhFJgZejq1tztifxlU6,Unlisted,lo-fi hip hop,Layers,https://i.scdn.co/image/ab6761610000e5eb3f92120df6ff51a1cdb1a395
7,61JGbYJB0nxcUcdy0nex6U,Unlisted,none,George Kano,https://i.scdn.co/image/ab6761610000e5eb0bc82e7108733807b81fb777
5,59wBrEGZ8dlFTu48CxK6AK,Unlisted,none,Grupo Almendra,https://i.scdn.co/image/ab6761610000e5ebcee7987415555494b5909d36
23,1eBBS6WRUF3I0JGkLMHtNt,Unlisted,none,Miles Henley,https://i.scdn.co/image/ab6761610000e5eb9864bffcac52166de26ffe6e
14,4JOEnntRQPqMPOmIOPZUiH,Unlisted,none,Nicky Rubin,https://i.scdn.co/image/ab6761610000e5eb2ca9de84b77fc43ce387166c
42,7GHdxiYiGpD4ZHM3jfyIOr,Unlisted,lo-fi hip hop,Altair Blake,https://i.scdn.co/image/ab6761610000e5eb1780f551e73afb9f09629e23
54,2leLOUpqlp2g65Guf8IqEv,Unlisted,none,Laura Sullivan,https://i.scdn.co/image/ab6761610000e5eb6b30d45e034661a911ec2447
1,1H0KjWfOU9280ZaxzPcXf8,Unlisted,none,Roger Kintopf,https://i.scdn.co/image/ab6761610000e5ebfe966eebd06e47354e71b029
22,7atdKYaPCT9zvJW2OTedhz,Unlisted,none,Tim Garland,https://i.scdn.co/image/ab6761610000e5eb9d9ea5b25fff2cdd73f07ddc
9,10Q2LdV5T7zeV27daL70yq,Unlisted,none,Yard Nule,https://i.scdn.co/image/ab6761610000e5eb02f1e322af5c2963f98c6ffd
1,6NEDpDwNHfds11P15WZu7c,Unlisted,none,Petter Rylén,https://i.scdn.co/image/ab6761610000e5eb8e542f57f7515aff1fb33074
58,13ab1LgQZ3tQOhkDRRYB8Y,Unlisted,none,Mick Gordon,https://i.scdn.co/image/ab6761610000e5eb7751162bd035e28232a2381f
46,1w7df2ogprg1i3iQ9fH7pO,Unlisted,none,FamilyJules,https://i.scdn.co/image/ab6761610000e5ebda416f199be8dcef079cc3cd
42,2WImpqiHxgOKw0sXNOGtWl,Unlisted,none,Bad Lip Reading,https://i.scdn.co/image/ab6761610000e5eb442472fd1cc72765dfb41b23
18,5UUG83KSlqPhrBssrducWV,Unlisted,none,Spotify,https://i.scdn.co/image/ab6761610000e5ebbb458c8a11ba55b1acd968d4
0,1TQHYnd46v2mTq7dKqNqs7,Unlisted,none,Pregadio Roberto,
40,2rUcJCZNHIVPJ5iZUbnUkY,Unlisted,jazz beats,Alcynoos,https://i.scdn.co/image/ab6761610000e5ebe8dad80ee17d0544232207cf
66,6MPCFvOQv5cIGfw3jODMF0,Unlisted,none,Internet Money,https://i.scdn.co/image/ab6761610000e5eb30cc15d302e22803fcb5ad34
53,4yNluGAiPbYXLwlA9KspbG,Unlisted,none,The Red Army Choir,https://i.scdn.co/image/ab6761610000e5eb9eee4cf9c49e742607f7fcb0
70,1l8Fu6IkuTP0U5QetQJ5Xt,Unlisted,none,Fifth Harmony,https://i.scdn.co/image/ab6761610000e5eb5acb3cb0a8b87d3952738b97
50,7EIbKyiLnEJ1Y074UIUyZJ,Unlisted,none,Peter Hollens,https://i.scdn.co/image/ab6761610000e5eb5c2b393e7d8a0a1bdb64b231
59,6VxCmtR7S3yz4vnzsJqhSV,Unlisted,none,Sheppard,https://i.scdn.co/image/ab6761610000e5ebb14521ae0f9021cbcc87c2ad
4,0YKHJtsIcLCRFpf1k06G2L,Unlisted,none,Collegium Musicum Of Prague,https://i.scdn.co/image/ab67616d0000b2739001839f775159ab16f240cd
17,2MDj3VdPVUo2w1A6bRwvAh,Unlisted,none,Faultline,https://i.scdn.co/image/ab6761610000e5ebae838b5a0941c9a149def1e5
52,5ujrA1eZLDHR7yQ6FZa2qA,Unlisted,none,Vera Blue,https://i.scdn.co/image/ab6761610000e5eb0e9d3c088d9f29f67cbe64d8
35,0xbwBKuWBNWfDBFsrRJEJG,Unlisted,none,Vienna Teng,https://i.scdn.co/image/ab6761610000e5eb9c34057fa32ed706fcc08efb
80,7vk5e3vY1uw9plTHJAMwjN,Unlisted,none,Alan Walker,https://i.scdn.co/image/ab6761610000e5eb572a8eae56feae217f618078
35,2Wfljs5yyHRYTYVMO00ZG4,Unlisted,none,Blue Brew Music,https://i.scdn.co/image/ab6761610000e5ebe5689ffdb08dd92907eb9856
6,4ZUNXYwh6gDNwd3IUHdaYw,Unlisted,none,Hawks,https://i.scdn.co/image/ab6761610000e5eb4acd1b09874c6ac5a922e78b
58,4ehtJnVumNf6xzSCDk8aLB,Unlisted,none,Martin Jensen,https://i.scdn.co/image/ab6761610000e5ebbb66aefa6eee7185729d6921
68,3sgFRtyBnxXD5ESfmbK4dl,Unlisted,none,LMFAO,https://i.scdn.co/image/2d75f5222d8a92d5e12419ae3e5238261f943df6
36,6ArhcOX0zzUe8GDzLTgBrK,Unlisted,none,The Criticals,https://i.scdn.co/image/ab6761610000e5ebb546e870c981a2b3b17873fd
33,0p9ozwnqaVgVFSLMJAST4O,Unlisted,none,Neighbour Andy,https://i.scdn.co/image/ab6761610000e5eb6263ea4d5c3863d139c42604
83,5KKpBU5eC2tJDzf0wmlRp2,Unlisted,none,RAYE,https://i.scdn.co/image/ab6761610000e5ebde2e2ac1d53fdf9518354798
24,2zZGr5gNmqEseoUtU8UsoO,Unlisted,none,The Vaniers,https://i.scdn.co/image/ab6761610000e5ebe14c1a2fee21b3ef37e64d0f
67,5tKXB9uuebKE34yowVaU3C,Unlisted,none,Iyaz,https://i.scdn.co/image/07be68a6b678e0307e38303186ddbc6816f250af
84,2RQXRUsr4IW1f3mKyKsy4B,Unlisted,none,Noah Kahan,https://i.scdn.co/image/ab6761610000e5eb8c52b10e110f62fe45761590
72,0YinUQ50QDB7ZxSCLyQ40k,Unlisted,none,Mustard,https://i.scdn.co/image/ab6761610000e5eb54406b7007a449aeaac06c44
62,5tFRohaO5yEsuJxmMnlCO9,Unlisted,none,Barns Courtney,https://i.scdn.co/image/ab6761610000e5eb4bbc056671282e390b4c6b46
29,3h1thCLfJatQji7H4Xw7Vj,Unlisted,none,Kasador,https://i.scdn.co/image/ab6761610000e5ebff6751a32ccc64579b8d9b10
0,67wP2a8hCAJhruVvTrmQSv,Unlisted,none,Kissala,https://i.scdn.co/image/ab67616d0000b2732ad0433c4a8fa29211a6fe86
21,2zm5WsGFYihLD85ZTRcpoc,Unlisted,none,Personal Trainer,https://i.scdn.co/image/ab6761610000e5ebff3cbfb26f1fd0e719e79c93
71,75VKfyoBlkmrJFDqo1o2VY,Unlisted,afrobeats,Fireboy DML,https://i.scdn.co/image/ab6761610000e5ebf0da9bd951adbb3749b40904
47,6maAVJxVTGW1xA3LokpQm8,Unlisted,none,LilyPichu,https://i.scdn.co/image/ab6761610000e5eb3ffc7da28ea26473141f4d56
67,1H6X7yhnXZg73f9bssaj1Q,Unlisted,none,Judeline,https://i.scdn.co/image/ab6761610000e5eb645f4fdadc9ab441f4b6d360
32,52VT62cropnSSiAZXtU8ho,Unlisted,none,Palmer,https://i.scdn.co/image/ab6761610000e5eb9873fadc5088ccdd85cfb6a9
22,0y0DWmvOolJLE7u6VfiPrc,Unlisted,none,Bullet Brak,https://i.scdn.co/image/ab6761610000e5eb7914304c10906705a7f4d890
63,4TvhRzxIL1le2PWCeUqxQw,Unlisted,none,The Blessed Madonna,https://i.scdn.co/image/ab6761610000e5eb3faa8a7110b06f86f04c4923
29,34Kex8JSfMcDFqILq2vX0x,Unlisted,jazz beats,RuiijiKun,https://i.scdn.co/image/ab6761610000e5eb2fd638b9f0a284249b04bd42
12,3sU3TBpPhRyqc3S1gm5vOL,Unlisted,none,Howler Honey,https://i.scdn.co/image/ab6761610000e5eba5cc4c1e1f5e385456710fbe
75,4gvjmrtzydbMpyJaXUtwvP,Unlisted,none,Addison Rae,https://i.scdn.co/image/ab6761610000e5eb8aaca79d5544dc02bea2b6b2
38,0qk8MxMzgnfFECvDO3cc0X,Unlisted,none,Charlene Soraia,https://i.scdn.co/image/ab6761610000e5ebe4a33049bd5ec58415d4768a
48,1QSMqcINjuDyxFbacapl0s,Unlisted,christian folk,Booshle G.,https://i.scdn.co/image/ab6761610000e5eb9c5dc6af8501ef79b0669d5c
55,33QmoCkSqADuQEtMCysYLh,Unlisted,none,The Archies,https://i.scdn.co/image/ab67616d0000b27355ef4cc7e56a02c68c3abc0f
35,1uXaU27zS9qxcm1IiilmN9,Unlisted,none,Tabletop Rpg Music,https://i.scdn.co/image/ab6761610000e5eb8f583c549ce22e0859897b59
58,32r72WOqqRO1DtSznId7Lr,Unlisted,none,James Brown & The Famous Flames,https://i.scdn.co/image/9f18124c9c8b2c4071cdd7baf5ceffd6eed7b839
3,3XCzsWFZXBQ6ihLTDPLHAM,Unlisted,none,Lenny De Luca,https://i.scdn.co/image/ab6761610000e5eb29646923263d8c2955970cd1
62,5xuNBZoM7z1Vv8IQ6uM0p6,Unlisted,none,JoJo,https://i.scdn.co/image/ab6761610000e5eb7f5338888bacde64445c90e8
6,1iXOVJmuFDuWFHcBih2ruj,Unlisted,none,GURLS,https://i.scdn.co/image/ab6761610000e5eba9e58aba9e5f6bcd03cbdaff
57,3Dzj993UEz8Z5ovxuirzFO,Unlisted,none,Lindsey Buckingham,https://i.scdn.co/image/ab6761610000e5eba00ac0d57e56f8215531d2da
19,3l3t0OItoGN8n50I6koo3M,Unlisted,none,FaiTrix,https://i.scdn.co/image/ab67616d0000b273a45ae059432cab7e4b4a390f
28,7aBZYW4TmB4wiJTIj5Lqzz,Unlisted,none,Odgłosy Natury,https://i.scdn.co/image/ab67616d0000b27361f1fb8b27c0988b21d633f2
51,64JnTLWu6BRluLTlgge3FB,Unlisted,none,Uglyburger0,https://i.scdn.co/image/ab6761610000e5eb8da7215cac50da12e61e278c
65,29WzbAQtDnBJF09es0uddn,Unlisted,none,Corinne Bailey Rae,https://i.scdn.co/image/ab6761610000e5ebdcb57d08016c41fca3e221ab
13,5yxzqxQvsg7gV0Art61MSg,Unlisted,none,Louis-Antoine Dornel,https://i.scdn.co/image/ab67616d0000b27386ee0012ad04d156370ef11f
0,0VGhCK8wuBJ69zSVVNM5PP,Unlisted,none,Austen Showers,https://i.scdn.co/image/ab6761610000e5ebecefc0c71579ca740529c7cd
78,2sil8z5kiy4r76CRTXxBCA,Unlisted,none,The Goo Goo Dolls,https://i.scdn.co/image/ab6761610000e5ebe7b66b8c4ba729848574df7a
17,4DeNifehM5D1zRykX8512D,Unlisted,none,Merlin Sheldrake,https://i.scdn.co/image/ab6761610000e5eba2c0bf40aa771a5036e7a9f6
29,5y1jHMp7lrJ35DEPQi9XSu,Unlisted,none,Eloisa Duarte,https://i.scdn.co/image/ab6761610000e5eb0a2a99b124c02ad1287c0bac
0,6U8pF1Fm9ZF84ooZ4GL1Bb,Unlisted,none,The 251s,https://i.scdn.co/image/ab67616d0000b273703da8693b55fa87df66762a
55,2RnGA202UcoKq6KjzQCbNR,Unlisted,none,Laura Shigihara,https://i.scdn.co/image/ab6761610000e5eb996886a7198a5dd69db14086
26,4d2fe6u4HBGX4ZbBbEmM3j,Unlisted,none,Anna Clyne,https://i.scdn.co/image/ab6761610000e5ebd31861fd2d5b32a4741187ef
10,5abBw7CgjR22S31JWg0g84,Unlisted,none,Indoor Pets,https://i.scdn.co/image/ab6761610000e5ebae4cd8eb0930dc6c13d76a65
41,5j5woz2m4ZA9BzME8vcbza,Unlisted,none,John Francis Wade,https://i.scdn.co/image/ab67616d0000b273b37abb59dfd7e3dadfe93241
17,7HOmZaILvkqmWIcw9kWQJm,Unlisted,none,Pierre Rode,https://i.scdn.co/image/646d65b7531aa853a0eb47b868fdeede273b5ed3
73,7jVv8c5Fj3E9VhNjxT4snq,Unlisted,none,Lil Nas X,https://i.scdn.co/image/ab6761610000e5eb3758a33e782b46bd7f174e1d
60,6GjywyZ0Qtsu0f95gL5CDG,Unlisted,none,Dozy Sounds,https://i.scdn.co/image/ab6761610000e5eb734bbdc94b1c43266800d752
27,4suQx12DObcRABlwiuA96a,Unlisted,none,Bien et Toi,https://i.scdn.co/image/ab6761610000e5ebaced27ea97f4c2ddc5549824
41,7Defmv25Kj9knpobhHIghm,Unlisted,dansk pop,Alphabeat,https://i.scdn.co/image/ab6761610000e5eb66663ee9f52f4057bc70c65c
52,2HQWUP9lYec3fWJ6VbSFdG,Unlisted,none,Let It Rain,https://i.scdn.co/image/ab67616d0000b2738e6134e2043eb3064ed94ef9
29,1fsSvgFWoQcgRDGyG6ZY64,Unlisted,none,Natty Reeves,https://i.scdn.co/image/ab6761610000e5ebd2e15b87e83d51d59e3f9b8a
48,3DTgZfug2RpZinxGiFR5FD,Unlisted,none,Nature Field Recordings,https://i.scdn.co/image/ab67616d0000b2733020caca96c641400781c560
44,4NezsL00vYvCDeBNlLYEtV,Unlisted,none,Oluja,https://i.scdn.co/image/ab6761610000e5eb7cf0a5e81018b9c8afb39c18
56,0ytd7vbPhVQGueImkqm76d,Unlisted,none,Relaxatron,https://i.scdn.co/image/ab67616d0000b2731c85e92076fb56aad12a9103
58,5FHwr1FymaS5kutIEK6e2y,Unlisted,none,King Harvest,https://i.scdn.co/image/ab6761610000e5eb3f8d004d076f206020da42de
7,2lBeT2DTx7tg1GqZsbWYvy,Unlisted,none,Weirds,https://i.scdn.co/image/ab6761610000e5eb51ce85c58d9d140ac21bfc2a
54,0iDx4sYtJ0FfXi5tdGGXTA,Unlisted,none,Drip-Drop,https://i.scdn.co/image/ab67616d0000b273fb7794ad1f438ee7d5f4d0e3
45,0q8eApZJs5WDBxayY9769C,Unlisted,none,Jeshi,https://i.scdn.co/image/ab6761610000e5ebc93fc14569eaec793858f229
52,7x0t1q7YipVEBMRHIltHGK,Unlisted,none,Nature Trudge,https://i.scdn.co/image/ab67616d0000b2733fe6e588eef14fd5c3ce699f
18,136WJmw5lkgh37HAthTB1p,Unlisted,none,Tailormade Rain,https://i.scdn.co/image/ab67616d0000b2730b4867023afedfe14869c82c
50,66rDbD3tWR3M1uNuIaDAGx,Unlisted,uk r&b,JGrrey,https://i.scdn.co/image/ab6761610000e5eb3ed206fd5dda43532fad2c3d
22,6p66kIGoRbQ6RMust2p3Ft,Unlisted,none,Vincent Jäger,https://i.scdn.co/image/ab6761610000e5ebd8a59e657ed8298105137dba
45,5CXdWANGwYYRPClH6hhC0P,Unlisted,none,Kid Bloom,https://i.scdn.co/image/ab6761610000e5eb8c0dc06dedb2d284070388a8
53,6jdXzmcf0crcLQOkn58oLQ,Unlisted,none,Liquid Planet Recordings,https://i.scdn.co/image/ab67616d0000b273c00e5ce6d9d6ccc3bffae1aa
27,4N4n2TRyL6exNfazJotLeH,Unlisted,none,Elijah Waters,https://i.scdn.co/image/ab6761610000e5ebfe2fcb84c3d5e853b0d32552
27,289Tm5iO91jl51jxppKjqB,Unlisted,none,Drool,https://i.scdn.co/image/ab6761610000e5ebe0a4003a5207e38a4eb9174e
6,42VMawkZqUxfqGQxmlvIr8,Unlisted,none,Cris Velasco and Sascha Dikiciyan,https://i.scdn.co/image/ab67616d0000b273441dc8bbd97604ca7fde513a
58,2hcGTRaH2FXoKel4UTGWJ0,Unlisted,none,Noise and Nature,https://i.scdn.co/image/ab6761610000e5eb06ca924d43ab95f5a098ed64
22,1MAazf048soVcELWMYehho,Unlisted,none,Flows of Sleep,https://i.scdn.co/image/ab6761610000e5eb8de6f10bb4359a852b00c920
35,52d9m6IXscaaj65IyVecXP,Unlisted,none,Nico Fidenco,https://i.scdn.co/image/ab67616d0000b27339a111bbaff2859ed4e6627f
44,7vf8OYI2mqT5j58B6dK8my,Unlisted,none,KEI NATURE,https://i.scdn.co/image/ab67616d0000b273669274e91a6dacc9f22c879d
22,5NexJkiBjixa6fxYlMBbAQ,Unlisted,none,Brass Band Fröschl Hall,https://i.scdn.co/image/ab67616d0000b273a710f238e0a4a5d7bdbf8f6a
41,1DXZ1YHbVYMnaiBKoqiBqd,Unlisted,none,Brisa Matinal,https://i.scdn.co/image/ab67616d0000b27313120fa2fb7a834e5172664b
27,5ofXjDgcJSkigdj3riR40W,Unlisted,lo-fi hip hop,jarjarjr,https://i.scdn.co/image/ab6761610000e5eb75a07197ba02a4c799d1237a
3,11Rd6BIDPT0CDp9DkUTzhr,Unlisted,none,Jaytee600,https://i.scdn.co/image/ab67616d0000b273b56fabbb9b95a3f79ab25b4e
28,4cavlP5GhgtNXiWSS3wIO7,Unlisted,none,Nate Brazier,https://i.scdn.co/image/ab6761610000e5eb235be5c6abcee8b7245c1938
49,6V13SxJw0847rbZlGn9qrX,Unlisted,none,Sounds Of The Royal Parks,https://i.scdn.co/image/ab67616d0000b27314f956a130adae27aee81833
0,2zsljdjGzHXM7rbJder4H5,Unlisted,none,Æ MAK,
1,19J6eA9aWfYcBsxYl3uQbr,Unlisted,none,Marty O'Donnell,
15,1NfjGsLTuTJrCbCi6Jjm3m,Unlisted,none,Simon Farintosh,https://i.scdn.co/image/ab6761610000e5eb3d5004fc3bf9a5913b8291a6
0,00VExiyuCAak7bR55qS4iZ,Unlisted,none,Jörgen Ijsendorn,https://i.scdn.co/image/ab6761610000e5ebf69db301a444351ae8666b71
40,1SQeTDXO492WB6aFvrntSS,Unlisted,none,Lily Moore,https://i.scdn.co/image/ab6761610000e5ebfcf7e93c47540fbab4c7beb6
35,23OFuPJgFz1jGnHFW4WBiM,Unlisted,none,German Brass,https://i.scdn.co/image/ab6761610000e5eb68a7722d718a1c5edf36697b
81,7cYEt1pqMgXJdq00hAwVpT,Unlisted,none,Chase Atlantic,https://i.scdn.co/image/ab6761610000e5eba4e2d7045cbcca592ba6c7dd
31,6l0yYmbFf7PCGJTe20sc0H,Unlisted,none,Lewis Redner,https://i.scdn.co/image/ab67616d0000b27395d4abe4d1910d399ab25196
23,1Lo6MZvxle35h8Qu6oD0Xn,Unlisted,none,חלב ודבש,https://i.scdn.co/image/ab67616d0000b273fb8c2c8437b3691d831f4ba3
2,2wjcKyjk8M30cXl8mg4Z60,Unlisted,none,Girls Smash Guitars,https://i.scdn.co/image/ab6761610000e5eb02e826d1a7cc383b23f23c9b
40,2H32fphWQj9hhVuCOKkchM,Unlisted,none,The Nolans,https://i.scdn.co/image/ab6761610000e5eb501315660af951ddaf9d627b
19,0fwbXEX62aqK4qx95wTwhS,Unlisted,none,Sapir Naomi Shemer,
41,4ze7HHThfzYo15SuunBKhd,Unlisted,none,aspidistrafly,https://i.scdn.co/image/ab6761610000e5eb2902615a20857269a837e03c
26,3jgKYSu1RdgirlYnF9lTsG,Unlisted,traditional music,The Barry Sisters,https://i.scdn.co/image/ab67616d0000b2730d9080022140a7ee0b3a0c1f
42,6a3Mfrn2XBR1DfPg1QGa1d,Unlisted,k-ballad,Standing Egg,https://i.scdn.co/image/ab6761610000e5eb14594640c19d2a08970479ea
61,07UJz804RJxqNvxFXC3h9H,Unlisted,none,Sam Gellaitry,https://i.scdn.co/image/ab6761610000e5eb4847cccd103ac9260b041689
9,02VdgNhcZSFEJEeti4vAhX,Unlisted,none,Mark Freeh,
63,6V3F8MZrOKdT9fU686ybE9,Unlisted,none,Mark Morrison,https://i.scdn.co/image/ab6761610000e5eb28ce7bddd2d283e8e0f3141f
67,0QJIPDAEDILuo8AIq3pMuU,Unlisted,none,M.I.A.,https://i.scdn.co/image/ab6761610000e5ebd75b03e7f83d62dcd55617ca
57,08rMCq2ek1YjdDBsCPVH2s,Unlisted,none,Amerie,https://i.scdn.co/image/ab6761610000e5eb5559ca5590b05848e4086ae9
51,5VHtlZ44YzNmJY3G7nF944,Unlisted,musicals,Patti LuPone,https://i.scdn.co/image/ab6761610000e5eb36cc4431996d1a77e2a40060
72,33NVpKoXjItPwUJTMZIOiY,Unlisted,none,David Kushner,https://i.scdn.co/image/ab6761610000e5ebfbe8fcc1f77b0eb6761491ed
2,17SesHLoAeJyAv8XE7SBRC,Unlisted,none,Nicole Williamson,
0,5qqAJRq2z4M9IOULr4JtQu,Unlisted,none,Jacober,https://i.scdn.co/image/ab6761610000e5eb39b00b67709597aae8353fbf
15,5mZKLC3FRZvGaM4QxXHnN8,Unlisted,none,John Otway,https://i.scdn.co/image/b3766dd8b2f1fe988856052d8d8ba9f957c0eb71
80,4nDoRrQiYLoBzwC5BhVJzF,Unlisted,none,Camila Cabello,https://i.scdn.co/image/ab6761610000e5eb76470faf6330235edbcb90a9
18,7DRDSl6BZTpidZxh1IVZZO,Unlisted,none,Daniel Rhodes Trio,https://i.scdn.co/image/ab67616d0000b2738b476dc0787bc31e2486e826
15,6IwOxOuT7cPH3iF4jfjf2a,Unlisted,none,Rachel Silver,https://i.scdn.co/image/ab67616d0000b2730a7c7228810f113882b91ae9
52,1bbah9s09626gweOzzLbKG,Unlisted,lo-fi hip hop,Towerz,https://i.scdn.co/image/ab6761610000e5eb6c21c70624087c2b33e2397d
66,49HlOY4gkHqsYG9GCuhkcc,Unlisted,none,Celeste,https://i.scdn.co/image/ab6761610000e5eb2584f0dc7e943908403186b1
35,3M8JKaNdIRChzvxVK1XxKm,Unlisted,none,FLEECE,https://i.scdn.co/image/ab6761610000e5eb6e1625ebc9fa6b16d42c7a79
4,5mMxZyg5bGezGS4WegqcQi,Unlisted,none,Skarbø Skulekorps,https://i.scdn.co/image/ab6761610000e5eb8804a6c790c6c42d93a8d209
10,0sn0tQQs3lIlLSgHgidapX,Unlisted,none,Hector Milo Trio,https://i.scdn.co/image/ab67616d0000b273d56c5f120fbb1cccdbfc58db
55,3LtlJprzuq0Ii8p8YFZXai,Unlisted,none,Peter Sandberg,https://i.scdn.co/image/ab6761610000e5eb178f422f7bb68136ac40fba5
11,2xKLLFEkYJvGtTihlsBLw1,Unlisted,ethiopian jazz,Azmari,https://i.scdn.co/image/ab6761610000e5eb0f10786e60a92b1545b6d904
2,75ROAQf2ztcoLeAJJWcXjF,Unlisted,none,10th Avenue Trio,https://i.scdn.co/image/ab67616d0000b27386bd985a491f16b68f86ea48
6,3XCxhrRdz3GSCP8rg51Pve,Unlisted,none,Richie Beirach Trio,https://i.scdn.co/image/ab67616d0000b2734281c082d5a0f7604de14531
13,2ibBdk29W8yH1KPD6oZdaj,Unlisted,none,Baiyon,https://i.scdn.co/image/ab6761610000e5eb06c0913623bf4c8573bb4dff
59,3Ww8GMbCDMAGwJJ2hd7z7z,Unlisted,none,Lena Raine,https://i.scdn.co/image/ab6761610000e5eb1d57e92e8f3fa62e756f9303
24,4qTigJFPrrmWX5jiACPg7B,Unlisted,none,The Rocky Horror Show Original Cast,https://i.scdn.co/image/ab67616d0000b27332dbb1b7010304aeaeed0dcf
30,5P0unmRK5EI6psA51571i7,Unlisted,none,Woody and Jeremy,https://i.scdn.co/image/ab6761610000e5eb3805775f6a7f615a5d76addf
41,5Z3IWpvwOvoaWodujHw7xh,Unlisted,none,Dan Deacon,https://i.scdn.co/image/ab6761610000e5ebbe862dadd4231c1735bb452a
14,3o3JLHE1KQzNc2wh46UiNI,Unlisted,none,MEGTARO,https://i.scdn.co/image/ab6761610000e5ebb5edc6607a6f5d614f8d343a
32,3R34esIv5e5MxzuuCMde0Q,Unlisted,none,Tomer Yeshayahu,https://i.scdn.co/image/ab6761610000e5eb37423a209324113aa2c2717a
65,5xtqw2B8z8JGfDYi2eAZHI,Unlisted,none,Sonique,https://i.scdn.co/image/ab6761610000e5eb8348d05e1c1427ad43cf9855
8,03bXfVH9PnjzravJ7UJpD4,Unlisted,none,Sholiha,https://i.scdn.co/image/ab67616d0000b2731348693403e65754b4d32d1c
31,3RWqKjvVISJOeAucmATgk9,Unlisted,none,Skip Winters,https://i.scdn.co/image/ab6761610000e5eb784cdf7ff39bc59dfed1a57e
5,6eqfi0IVRzMC82k5Yhmb3P,Unlisted,none,Dr Kaleidoscope,https://i.scdn.co/image/ab6761610000e5eb497ff8c357be7364c4aa0707
42,2aiwPgMCDLC1sukvKh248Y,Unlisted,none,Derek Duke,https://i.scdn.co/image/ab67616d0000b273fc9a3338e060b27a07936400
45,19tdzR0mBQe9NrCyXvzw3p,Unlisted,italian singer-songwriter,Caterina Caselli,https://i.scdn.co/image/ab6761610000e5eb001a4e0fe01875fe3d66e4a1
12,7w9gDceqJGG2K8XBAiDhZu,Unlisted,none,AYG,https://i.scdn.co/image/ab6761610000e5ebbe98d2eaae360481a6b06ac2
22,66aihwzUYfaMjBxcumVf1j,Unlisted,none,Dimlite,https://i.scdn.co/image/ab6761610000e5ebb0f705a23e667dd425d11f39
27,2hyTaOe3E5NyOIuDojQx41,Unlisted,none,sleepless & lorn,https://i.scdn.co/image/ab6761610000e5eba43869f5ddbcc99e4464a028
4,73sW9lXSw2A11dXDFVZZGx,Unlisted,cold wave,Corneil Nies,
12,3EDLCEnPXba2OItpKW1Drx,Unlisted,none,Ismael Pinkler,https://i.scdn.co/image/ab6761610000e5ebc7c0e6fb318ffd2ccc617ad5
38,0qrCon6GmV92JY5vNALLif,Unlisted,none,Francis of Delirium,https://i.scdn.co/image/ab6761610000e5ebe81c9f46a17d01da9470d1ac
47,2BxNY82SWxJkGveOWm2oxH,Unlisted,none,Penelope Road,https://i.scdn.co/image/ab6761610000e5eb39d02487f6eb5565d881870d
46,5et56haDj7EgBmGrXG8uex,Unlisted,none,The Deku Trio,https://i.scdn.co/image/ab6761610000e5eb644402ba02c7a38e29fc8a20
35,1ZOITEwKW2JCm6HDS96hwF,Unlisted,none,The Crystal Casino Band,https://i.scdn.co/image/ab6761610000e5eb644569906f91722c9fe9efe1
66,52N3KGrTWDRhdQJrgBTofE,Unlisted,none,Good Neighbours,https://i.scdn.co/image/ab6761610000e5eb3d471c890df09a15cd8130a5
15,4aaVc2Z7OddLESgkrCQvmx,Unlisted,none,Nine Nugs,https://i.scdn.co/image/ab6761610000e5eb20d5f50c13ac5230ff4938ff
73,55fhWPvDiMpLnE4ZzNXZyW,Unlisted,none,Noah Cyrus,https://i.scdn.co/image/ab6761610000e5eb8dd6d79e9fd4d7a80875b1a3
77,2x7PC78TmgqpEIjaGAZ0Oz,Unlisted,argentine trap,Trueno,https://i.scdn.co/image/ab6761610000e5eb224062e2aca51b1c9f2b43ab
43,5Ljgq0b8I3YkUwp3gtB1wm,Unlisted,none,little image,https://i.scdn.co/image/ab6761610000e5eb7a92775372b8e10f6696d563
63,0yb46jwm7gqbZXVXZQ8Z1e,Unlisted,none,Bishop Briggs,https://i.scdn.co/image/ab6761610000e5eb1acec20fd8054d2a8f0d3812
71,4xPQFgDA5M2xa0ZGo5iIsv,Unlisted,none,¥$,https://i.scdn.co/image/ab6761610000e5eba670555775b5381ac0519658
61,3hOdow4ZPmrby7Q1wfPLEy,Unlisted,none,Aries,https://i.scdn.co/image/ab6761610000e5ebd155fc254c28fdc51756e765
44,0reunFOO4l81BNysaJUCPV,Unlisted,none,Cam Rao,https://i.scdn.co/image/ab6761610000e5ebd916ecf0fe2fa0e89ff23739
70,11p2E654TTU8e0nZWBR4AL,Unlisted,none,Mark Ambor,https://i.scdn.co/image/ab6761610000e5eb90c97091c193e92d82693d4f
60,5qjnPRE33rMgYAxIjGUrI7,Unlisted,none,Ralphie Choo,https://i.scdn.co/image/ab6761610000e5ebcd20a8581bf00a3184548dbe
39,3Sb3oI3Xw7FcgYS262zXPE,Unlisted,lo-fi hip hop,Chris Mazuera,https://i.scdn.co/image/ab6761610000e5eba851f8c2c9fae21c753fae58
31,4SVnhUgBcGgqJbRoRaSPbN,Unlisted,italian singer-songwriter,I Giganti,https://i.scdn.co/image/ab67616d0000b273fd1536474712def325da2588
25,2whltAXPg8ozoiC9U1knhA,Unlisted,none,WOOZE,https://i.scdn.co/image/ab6761610000e5eb9adfe7435e65a9377ca61bff
42,6FmiNnTXQJTmOMAx4kB38R,Unlisted,none,Grady,https://i.scdn.co/image/ab6761610000e5ebd91c39bf5c28f82bedaebb3c
49,42xc9e1Cs3WxkcZ517zNMD,Unlisted,none,Voluntary Dreamers,https://i.scdn.co/image/ab6761610000e5eb615938db0cf958bc1b188d73
49,18BHcaFxDHqgfehv4g6vjC,Unlisted,none,Party Tyme,https://i.scdn.co/image/ab6761610000e5eb3015570fa44c4e8499495b34
67,5SHgclK1ZpTdfdAmXW7J6s,Unlisted,none,The Last Dinner Party,https://i.scdn.co/image/ab6761610000e5ebb9544964337177ad2936c39b
55,1qcU8NabUQ5efQf8UGW6CV,Unlisted,none,The Whitest Boy Alive,https://i.scdn.co/image/ab6761610000e5ebe9d12817d58da1d07f65288c
64,1bT7m67vi78r2oqvxrP3X5,Unlisted,none,Naughty Boy,https://i.scdn.co/image/ab6761610000e5eba19c2ed6473d34ac24bd4093
13,6Skv3nEfu6hjlpvnYTV7Zx,Unlisted,none,Klezmer Conservatory Band,https://i.scdn.co/image/3f5b5f0f9c23559c1101af58ae4cff03af387835
17,1LA9Zn3bgZCPA1VJVEvDa0,Unlisted,none,Joachim Raff,https://i.scdn.co/image/d92b79767903c7c93b792f38ac8f3fd7aea648a6
0,0KEMVVLA5Y3DgPhmUau3w3,Unlisted,none,Jim Sloves,https://i.scdn.co/image/ab67616d0000b27381ea033379e9e0e357adc553
74,4ScCswdRlyA23odg9thgIO,Unlisted,none,Jess Glynne,https://i.scdn.co/image/ab6761610000e5eb954fa7ee5108a613c3f27edc
60,25s9H1JQmTu3iuFzpXWUIg,Unlisted,none,Stephan Moccio,https://i.scdn.co/image/ab6761610000e5ebfa4ca51d01300a07e40e169b
47,440MEFxEmF9othCXbz3Y6a,Unlisted,latin folklore,Victor Jara,https://i.scdn.co/image/ab6761610000e5eb5c46d78aafba6b48a1b95d54
42,3qlU3Nyu3XXO2k9AUnTcy1,Unlisted,italian singer-songwriter,Angelo Branduardi,https://i.scdn.co/image/ab6761610000e5eb5392c958a81f992dd5a778e1
60,0PxzGnCYBpSuaI49OR94cA,Unlisted,none,Big Wild,https://i.scdn.co/image/ab6761610000e5eb989a743a1e2b4dc8e8db7658
45,1o8C2yFA9rciG6M29xiFbw,Unlisted,none,The Magical Drops,https://i.scdn.co/image/ab67616d0000b2732072ef04579f8c58179ee7b8
68,4AKwRarlmsUlLjIwt38NLw,Unlisted,none,Ofenbach,https://i.scdn.co/image/ab6761610000e5eba25eb77edd5cec65362d9ee6
39,2oVmQT6s29pVIKpqJkyxBS,Unlisted,none,Black Honey,https://i.scdn.co/image/ab6761610000e5eb69961d14fa5aab77d6c460a2
39,64nmRMOeL6ct23IGkfBlml,Unlisted,none,David García Díaz,https://i.scdn.co/image/ab6761610000e5eb7581f5d5ae5ba1f31fc507e3
59,16rCzZOMQX7P8Kmn5YKexI,Unlisted,uk r&b,Mahalia,https://i.scdn.co/image/ab6761610000e5ebbffc1b26ed2fd56ae2d569fd
39,6LNyPA7N6f4dCGIqNdYkdK,Unlisted,none,Créateurs De Pluie,https://i.scdn.co/image/ab67616d0000b273bd625fbc47a23e4925fab832
25,2MjkAKmAqlHhYHUISO8lli,Unlisted,none,Streams of Dreams,https://i.scdn.co/image/ab67616d0000b273100d6e99d3842eb64f7f3e1d
29,7D0FwzVKkBBbFTaQuHkBtP,Unlisted,lo-fi hip hop,Stan Lodge,https://i.scdn.co/image/ab6761610000e5eb169e8303b8c0d7d592bf5c4b
54,6xLdhnXNYGeEckWv3Pp8nq,Unlisted,none,Over the Garden Wall,https://i.scdn.co/image/ab67616d0000b273b0730ee8b8ac046e1f5f750d
30,7IlmN5ipzDWqSbLNsjDMU8,Unlisted,none,Himalaya Nature,https://i.scdn.co/image/ab6761610000e5ebe2df4abeb3e5f2fd5ca616d8
49,3KMNkkaZzoo0wfCzVZ3pri,Unlisted,none,Empyrean,https://i.scdn.co/image/ab6761610000e5eb7606237925383f8c063a6103
55,0WfaItAbs4vlgIA1cuqGtJ,Unlisted,none,Daniela Andrade,https://i.scdn.co/image/ab6761610000e5eb9099c2267fdb2e83a6a8198e
37,0voyDYFjpcK7YAEDOmArQj,Unlisted,none,Asháninka Recordings,https://i.scdn.co/image/ab6761610000e5eb7dba63b8f3c91d92d67dbbb5
32,3KCBnJE0Ww7kT7Z7CXlS7h,Unlisted,none,Epic Nature Sounds,https://i.scdn.co/image/ab67616d0000b2733467a95ce6583876bd9f60a8
46,7Az24KnLGP3r8FUttk9uXm,Unlisted,none,Mahesh,https://i.scdn.co/image/ab6761610000e5ebcf8619d4690037ceba36eada
8,5DuJR8HHdOZzZX6HUlc0D7,Unlisted,none,Natur Musikanten,https://i.scdn.co/image/ab67616d0000b2736d61b36b21880586a480ca9a
13,7DkSVWqbEDgCB0EHWUe7FV,Unlisted,none,ord minami,https://i.scdn.co/image/ab6761610000e5eba318204ac9cd79f2cfa327cc
27,4RgayOFOiMm8j5DeeBpXby,Unlisted,none,Eskil Hermes,https://i.scdn.co/image/ab67616d0000b273dc36684b8e315d3e0488195c
33,0jclSzw2eZAu8huZPEcOJ9,Unlisted,none,John A. Nilson,https://i.scdn.co/image/ab6761610000e5eb4df119b3edacba52b12dc426
50,4im5G9baIDRzJa4xpPdDz6,Unlisted,none,Zuni,https://i.scdn.co/image/ab6761610000e5ebd21b33beacbd4e92044c2ccf
44,5EPNlMKDjvTsmvvoCjZcnl,Unlisted,none,High Voltage,https://i.scdn.co/image/ab6761610000e5ebea1b1d49601089491c208c5a
47,2Y7k2YqDWE9s1eSuQlaWNi,Unlisted,none,Accuweather,https://i.scdn.co/image/ab67616d0000b27300d989344759dec307d25287
38,3U9X5kGfb8HedidPV4Vn0L,Unlisted,none,Washy Wonka,https://i.scdn.co/image/ab67616d0000b27366c70ae9664f17f3e1e76347
51,3WiLG8IMyo00LP5Yqb8yUG,Unlisted,none,Electricality,https://i.scdn.co/image/ab67616d0000b273a1e317c5d8d1e48105942f63
27,7jqOx7roPoSzHGnNWBFVqW,Unlisted,jazz beats,Jfab,https://i.scdn.co/image/ab6761610000e5eb7960118ec884412acc73182e
53,1TnTnEuSNAIMiqXv2GdVbh,Unlisted,none,Rain is my Life,https://i.scdn.co/image/ab67616d0000b273ecf5b0e0b914e1fe29affe2f
33,7gW3GsnBSoT6q9YQUstlzA,Unlisted,none,Ray Laurél,https://i.scdn.co/image/ab6761610000e5eba74d669379344dc644e780ab
42,6zA19zdA3bkCzHnAfcwFag,Unlisted,none,Distantic,https://i.scdn.co/image/ab67616d0000b27394d1f4f81fe8f3bb6e5e6d60
34,2qOif0NcXyNAAhriR39lQ8,Unlisted,none,Dropletecal,https://i.scdn.co/image/ab67616d0000b273858eccc121d93a6d4a376d1b
7,77Cp94ZVcZaA2OtWEu5pKY,Unlisted,none,Dropology,https://i.scdn.co/image/ab67616d0000b27365c2b754f7d5b307766a9b51
65,2HB65P72dFRiOKvbLLcil2,Unlisted,musicals,Meryl Streep,https://i.scdn.co/image/bed81fc6e2028fa4c7d01fa2066f4d600b511f03
49,3NXDhMusg4ceknkaxvLxAQ,Unlisted,none,rainstantly,https://i.scdn.co/image/ab67616d0000b273179b715714f5e7b33a5e47f1
56,2JFTRDi5v7JtqoouVe1z5D,Unlisted,none,Slow Pulp,https://i.scdn.co/image/ab6761610000e5ebaf8de1de25f395082edc2251
53,062tCT8GVioC9EMiI9jeOV,Unlisted,none,BLK ODYSSY,https://i.scdn.co/image/ab6761610000e5ebedd3ae584723a7fc304ffcd0
53,6zyjNEfUOGjqpWNy4ZXt5Z,Unlisted,none,Hydrometry,https://i.scdn.co/image/ab67616d0000b2734bec47383611a8ee145aaac8
27,4bTTaQVaf03641We5lnIRI,Unlisted,none,Äl Jawala,https://i.scdn.co/image/ab6761610000e5ebda76bcd0f48616e23c9b3c8f
43,4Hk5ki35mVUanDcS3ZWEsF,Unlisted,none,Video Game Music Box,https://i.scdn.co/image/ab6761610000e5eb737e90e15a4ffb3e2344d072
42,3Nb8N20WChM0swo5qWTvm8,Unlisted,none,Tennyson,https://i.scdn.co/image/ab6761610000e5eb0ddea24917ddb7828809fd06
4,6nLtchFoIHizCiCcVj7laZ,Unlisted,none,DJ Bean Ornish,https://i.scdn.co/image/ab67616d0000b27364d818248c3efad80ced1ff2
8,5aP6nb57FU4o9GkvL5dgLa,Unlisted,none,Georg Friedrich Haas,https://i.scdn.co/image/ab67616d0000b2739e0c0a3d10321afd7e6f4018
43,3jNm5wvIx1eR5NDdXhMkNV,Unlisted,none,Duke & Jones,https://i.scdn.co/image/ab6761610000e5ebf7a9aa4affb52f4659228dcd
53,58R5LHkK3vkmEyGUPOR5kS,Unlisted,none,KONGOS,https://i.scdn.co/image/ab6761610000e5ebe54d734fe364fca10f54a3be
74,5CiGnKThu5ctn9pBxv7DGa,Unlisted,none,benny blanco,https://i.scdn.co/image/ab6761610000e5eb9e339e423b680759b0006a63
48,63bCkf4n15jiKjHhLV7kSZ,Unlisted,none,Niykee Heaton,https://i.scdn.co/image/ab6761610000e5eb9cda431be52293e7b89ca1b2
0,42Mogsqz1SQA2qreSuaXzC,Unlisted,none,Tadeusz Szeligowski,https://i.scdn.co/image/ab67616d0000b273b1d746fb3db26b4c663852ff
68,2cWZOOzeOm4WmBJRnD5R7I,Unlisted,none,Normani,https://i.scdn.co/image/ab6761610000e5ebdc6e85ec0f93f5b2cf475487
62,3oZa8Xs6IjlIUGLAhVyK4G,Unlisted,none,Irene Cara,https://i.scdn.co/image/6f67ead8aa38bba044f98ada0b1643e3a37ac1c0
23,3RORFoyfKdmkIJy8hfFLvo,Unlisted,none,Igor Presnyakov,https://i.scdn.co/image/ab6761610000e5eb24ac6f5a42f2762affd972cb
70,4IJczjB0fJ04gs4uvP0Fli,Unlisted,none,Gym Class Heroes,https://i.scdn.co/image/ab6761610000e5ebaf10fe1f51451ea941b2d798
23,6gfRaesyLupPd0gDQaLwJV,Unlisted,none,Wilhelm Stenhammar,https://i.scdn.co/image/cb47391867961c1104230f3ea6b315de34122de9
51,3RHoFGKe6KE3LLml7ujPKJ,Unlisted,none,The Reytons,https://i.scdn.co/image/ab6761610000e5eb59f48eeab4a9613bfc697ee5
18,1Ja8gq8kybmwpYcCSVNBqY,Unlisted,none,Lizette & Quevin,https://i.scdn.co/image/ab6761610000e5eb8a96b5f9e752b3fd6b8fbf02
53,7qlh1IM1XMeQXA9ukp59au,Unlisted,none,Plan B,https://i.scdn.co/image/ab6761610000e5ebea43cfb5d188db518807bcca
41,37mtx80nMDETlbsq2eFCzc,Unlisted,none,Fleur East,https://i.scdn.co/image/ab6761610000e5eb0097095e441d44a6bfefdb89
14,5yZabwuaVYo86cGVx0BzUX,Unlisted,none,Nora Maddox,https://i.scdn.co/image/ab67616d0000b27300b0fa3a6b4fe943767ac23e
22,5Qj5Wwn5TrlAC3Tdr0AVMT,Unlisted,none,The Zangwills,https://i.scdn.co/image/ab6761610000e5eb856d67a9c1cfba925ba8853b
42,077jd0crcXmExS5nOSDhQw,Unlisted,none,Laurent Bardainne,https://i.scdn.co/image/ab6761610000e5eb409e289ad3f1e4caac5769ed
21,6flqWxNZJfod6yAI8xgaX7,Unlisted,none,Alexandre Lora,https://i.scdn.co/image/ab6761610000e5eb05be92e9c8f6b94750886177
2,3Ty2i0iKkC4utMXNWAJ9O9,Unlisted,none,RAINEE,https://i.scdn.co/image/ab67616d0000b273f9b027edf96aa52ae1e4a213
49,7vX3cMVyW8gtDA4y855ynF,Unlisted,none,Rodrigo y Gabriela,https://i.scdn.co/image/ab6761610000e5ebaf824664934f599fa2601a40
10,4MrD9E3RmznlHm61i4LmKA,Unlisted,none,Danny Rose Trio,https://i.scdn.co/image/ab67616d0000b273691e30798c6f59ae6e683793
8,5gExTiO26dn8bOZ7IwjM87,Unlisted,none,The Happy Moog,https://i.scdn.co/image/ab67616d0000b273c8258ef28b3089dadcec0428
74,4NHQUGzhtTLFvgF5SZesLK,Unlisted,none,Tove Lo,https://i.scdn.co/image/ab6761610000e5eb2360c963315739fc33b01687
38,11PSrxL3fUwegNhxdfP6zE,Unlisted,none,Woody Goss,https://i.scdn.co/image/ab6761610000e5ebee821ec2ec79f16f8763a7bd
12,528SQMfZGZglP0tQHx0Pmj,Unlisted,none,Sonic Stillness,https://i.scdn.co/image/ab67616d0000b273eb5a127391ca0c4af56ca9c8
51,53rCVzFVlyntj7jEjnY2oM,Unlisted,lo-fi hip hop,Yasumu,https://i.scdn.co/image/ab6761610000e5eb2b9dabdc1b6db11af940df01
52,0z9s3P5vCzKcUBSxgBDyLU,Unlisted,none,Jonny Greenwood,https://i.scdn.co/image/ab6761610000e5ebacbb7bcb7ea82f111bb72b8b
39,43aKbycIA40vHixe0yBZJx,Unlisted,none,Mathias Duplessy,https://i.scdn.co/image/ab6761610000e5ebe14cd48392fde764450beb19
48,0CF9CnQbK6uS8u78KVnIPv,Unlisted,lo-fi hip hop,Sweet Medicine,https://i.scdn.co/image/ab6761610000e5ebb057ac4fa73bd2bfd0dd9d3e
21,0sbD1hrij6UUcjQKzHM8fj,Unlisted,none,Christa Lee,https://i.scdn.co/image/ab67616d0000b273868f7b9019b5affa08756f73
44,1CNJPN4ay8t8CNNKxnPJiV,Unlisted,none,Max LL,https://i.scdn.co/image/ab6761610000e5ebdf1fc79c31c007ee899ba9c0
54,3NyNPJaemMYsL14DK2tO01,Unlisted,none,Cheryl,https://i.scdn.co/image/ab6761610000e5eb581bef826c6d454a6a61d453
12,6fYL2pjl3ANfMcr6Xw4wXe,Unlisted,none,Jo Kaiat,https://i.scdn.co/image/ab6761610000e5ebd89c761f11e1982daf49e735
0,7rq4XneM5dE0uYeAoyMGGn,Unlisted,none,The Kecks,https://i.scdn.co/image/ab6761610000e5eb9f650b200ca7bf3031ecf776
53,2NNTIDSDRlsf4lzYW9fpKm,Unlisted,none,Ladji Mouflet,https://i.scdn.co/image/ab6761610000e5eb491a958c0627a244a2bd2ac6
38,3apLA4vM37l7KbHOvpyPIc,Unlisted,none,Antena,https://i.scdn.co/image/ab6761610000e5eb4186bb520fc937c9bbf658e7
22,0QhwCg3BpYWSTjARhxy7bf,Unlisted,none,Ok Otter,https://i.scdn.co/image/ab6761610000e5eb387f635097ba5afa068e8cf6
16,2LCWayrRO11GMlRVqnmHpK,Unlisted,none,Maxime Hervé,https://i.scdn.co/image/ab6761610000e5eb0ceb2058ed363526520713a4
34,0sq3OExudqk1vOkbSuc8KW,Unlisted,none,Jimothy Lacoste,https://i.scdn.co/image/ab6761610000e5eb5427334ce93dd5028d9c86b0
33,4m6jwMpOX8q0eIJY6HdulU,Unlisted,none,Bratislava Symphony Orchestra,https://i.scdn.co/image/ab67616d0000b27329f064711cb0039aa4bc0a21
14,3DjYwfulpj3DJdz1956Gve,Unlisted,jazz beats,Bonsai Beats,https://i.scdn.co/image/ab67616d0000b27382f873b8e8785e4452382cac
67,7I3bkknknQkIiatWiupQgD,Unlisted,none,Beach Weather,https://i.scdn.co/image/ab6761610000e5eb5f316929b9b3b61a5edb8139
25,08HJtN2fPXv7YyluxvdlMA,Unlisted,none,Nostalgia,https://i.scdn.co/image/ab6761610000e5eb932dddde62694275470a76ab
58,1nzgtKYFckznkcVMR3Gg4z,Unlisted,none,KSI,https://i.scdn.co/image/ab6761610000e5ebcb4ae963f0c01900f3e17712
42,1vIJHoYx3WwVEe5wx5IzoT,Unlisted,jazz beats,Loom room,https://i.scdn.co/image/ab6761610000e5ebc4e399916566bfcebe55a49d
35,3vgh7pz5UKxDwCOmjiSwlN,Unlisted,tropical music,SKYNG,https://i.scdn.co/image/ab67616d0000b273bd2fbfb48939f327e90844f5
47,29cPgYFoxExwmptUrlnYmm,Unlisted,none,Jimena Amarillo,https://i.scdn.co/image/ab6761610000e5eb8b55199f2c53df2d9fdad5a4
26,3H4BXDh1utWbNJp32pTqIg,Unlisted,none,Mokezi,https://i.scdn.co/image/ab6761610000e5eb7398120db8404bd7bece034e
44,667RkTKDzJP6Hi3viSrkWI,Unlisted,jazz beats,Lotus Beats,https://i.scdn.co/image/ab6761610000e5eb618c44d5ea05650d3c785cd9
55,3mMogqf2JyBUQZxFZlC79w,Unlisted,none,Arden Jones,https://i.scdn.co/image/ab6761610000e5eb812e475fd9decff661de6ebe
39,6yCelGvbSQCdGHnyjZ26Mx,Unlisted,jazz beats,MrAnthony,https://i.scdn.co/image/ab6761610000e5eb066ca77807102e1259e0d74d
24,3abdd92dF9ZxywaIBWKKcp,Unlisted,jazz beats,Roses,https://i.scdn.co/image/ab6761610000e5eb20824e122a586b8f24a0498d
63,0jPHHnU8GUWEF7rwPE9osY,Unlisted,sexy drill,Jordan Adetunji,https://i.scdn.co/image/ab6761610000e5ebb37f3a71a8cd5f70d64b32cc
31,62YRvb7ykVlnadIYogMInr,Unlisted,none,LilyPon,https://i.scdn.co/image/ab67616d0000b2739ad1844925de5127271c4afa
20,2hTEqNTlADFEsvU0oh5Pe5,Unlisted,none,Yuna,https://i.scdn.co/image/ab6761610000e5eb207fbb4f91dd8ac5ab1a38a9
51,6tY1LHbUi3PpYgQocAF4tS,Unlisted,none,SKARS,https://i.scdn.co/image/ab6761610000e5eb5803aa17b592d5f50da81f28
34,3KYwV2yzftyYsJCKocAhbM,Unlisted,none,Nevi,https://i.scdn.co/image/ab6761610000e5eb9f14fc1fbb6a72f7b6909fe2
25,6kOg93cYVJ8rQile4irBtc,Unlisted,jazz beats,Raven Paradox,https://i.scdn.co/image/ab6761610000e5eb3f6e165ed3523516fca14b87
37,2bRu14RxwtT4Uu9uZI3vdH,Unlisted,none,Cheem,https://i.scdn.co/image/ab6761610000e5ebc13abcd332d083a6d05b0917
39,0ieNGPIGBwKTkc7fPXXigX,Unlisted,none,Conte Prad,https://i.scdn.co/image/ab67616d0000b2732c55921ac7d65ec4eaae92f1
26,21QHkQo5aeTjteXcgraYxs,Unlisted,jazz beats,Macca Beats,https://i.scdn.co/image/ab6761610000e5eb5e3c3ee7e7cdd47e176db12f
27,5GSiEiqF4H8J4yr33wNbM6,Unlisted,none,PeachPuff,https://i.scdn.co/image/ab67616d0000b273e41b160931dda245edb55cef
6,6F4VMNkBNaqVzzYk1urxsb,Unlisted,none,Claire Moreau,https://i.scdn.co/image/ab67616d0000b2737b9c0574e250a2af2ace737e
43,4Euj21Xnjoe3pGCcXPAo4I,Unlisted,jazz beats,Loyae,https://i.scdn.co/image/ab6761610000e5eb72beb55a642c00a8e6489ff9
45,6c2zaxb47VSieJR0wLDLAg,Unlisted,none,Nordic Rain,https://i.scdn.co/image/ab67616d0000b27317f30eb353a7627b15379844
22,0fHeyixPnac66k5oBPclVW,Unlisted,none,Rainded,https://i.scdn.co/image/ab67616d0000b2731bdc397700aad938e9df142c
39,2njHaC9RSwt6ySM3HgGgfB,Unlisted,none,Dark Focus,https://i.scdn.co/image/ab67616d0000b2733cfe9a4ea87c8e9b49d49c0b
19,2QobOeybSvyibNUGIobnlP,Unlisted,none,Leland Whitty,https://i.scdn.co/image/ab6761610000e5eb196de0609685e588c655b412
39,6nwprrB1xrohGrilsErewM,Unlisted,none,Olof Dahlström Recordings,https://i.scdn.co/image/ab6761610000e5eba42aa485e29dcc5d3f84fb29
0,2uliIyMyLnG5zT7gV095uG,Unlisted,none,Skyscration,https://i.scdn.co/image/ab67616d0000b2730d50715d37467bf1670a2862
30,3KI5WbVoQx4UmqKi4dNqtM,Unlisted,none,Kevin Riepl,https://i.scdn.co/image/ab6761610000e5eb7da78a5b858edfd900e4e25e
56,3JzRLQr4GliLDbPaRZ4XPJ,Unlisted,none,Aquagirl,https://i.scdn.co/image/ab67616d0000b273209067ff52a5fb0ed782214c
29,3HkwYBXLxmRKfWOkaknVQ7,Unlisted,none,Sleepy Mood,https://i.scdn.co/image/ab67616d0000b27304d615d31716d590c1483ecb
50,1JspXUvEv3D9ddMeLNqYWj,Unlisted,none,flowerovlove,https://i.scdn.co/image/ab6761610000e5eb825d1ca6f213da1a88e879d3
52,3H8JEgORKc06mYrKIaFMPa,Unlisted,none,Splash n' Dash,https://i.scdn.co/image/ab67616d0000b273e13f4474f62ba07e07825943
52,2rTA4Aq0QblqZJ2AwY7R4n,Unlisted,none,Utmost-@mos,https://i.scdn.co/image/ab67616d0000b2731c5d9a56adc7245284da6a62
6,4BJ8h7BuQ1DYcEYrpTFloW,Unlisted,none,Key Humphrey,https://i.scdn.co/image/ab67616d0000b273f91a2b8433dbbfed868389db
34,47fuoUqgL8n7eSQsSdaCQf,Unlisted,jazz beats,Jerk,https://i.scdn.co/image/ab6761610000e5ebf9f9ba12b9b53277e60b5d75
44,5ZFFHkniv7kkYsPE05xNvD,Unlisted,none,Mountain Man Recordings,https://i.scdn.co/image/ab67616d0000b273b450398286681ac3fb37450d
34,3ejfr3ZL4rEFokdVb33dPa,Unlisted,none,Born At Midnite,https://i.scdn.co/image/ab6761610000e5ebe2fcc1db191a68c40d7af24e
22,52egGkXfWR0PlZgldvrw6X,Unlisted,none,Ο Ήχος της Βροχής,https://i.scdn.co/image/ab67616d0000b273ea64612cbfca14b33c8bc4f4
13,3mboCTSEdeqTFJgRg6a9Fj,Unlisted,none,Drophic,https://i.scdn.co/image/ab67616d0000b27390d85aa3772f8b831d0f76d1
45,7D8LuVnlyu91ndcPe70j7S,Unlisted,folk pop,Jade Bird,https://i.scdn.co/image/ab6761610000e5eb80ba0e9ac8a79e24fe01edac
27,6SRj6cRWRVlDvFB0gHHVkN,Unlisted,lo-fi hip hop,Late Era,https://i.scdn.co/image/ab6761610000e5ebf353ace7f281313a6c89c241
48,76oY04bOzECod3aGVTDtzu,Unlisted,none,Matilda Mann,https://i.scdn.co/image/ab6761610000e5eb55a39e76ed8dd77f8e772ec8
62,7tr9pbgNEKtG0GQTKe08Tz,Unlisted,none,Mk.gee,https://i.scdn.co/image/ab6761610000e5eb2dc02311bf9829215cedd18d
16,1Eu9KcBLm1nefWBdkQETdV,Unlisted,none,Allen Constantine,https://i.scdn.co/image/ab6761610000e5eb506d20f182bab5f6f4417db8
1,4CrbAAgAJYJazPNkb8wjst,Unlisted,lo-fi hip hop,draw.xin,https://i.scdn.co/image/ab67616d0000b273ca4ccb67ac635f75b15f7fc9
48,6WqG9JAQw07tR3BUuwNTHt,Unlisted,none,Alois,https://i.scdn.co/image/ab67616d0000b2736dfcca21eddc2247c807ebc6
49,0ZLtBstrrgOcaDzUkGy9il,Unlisted,none,Earth's Rain,https://i.scdn.co/image/ab6761610000e5ebfccc3e0e8cabed214c1b0a99
47,7LlIWfvgWlDBXfxCvCFbuC,Unlisted,none,Eloise,https://i.scdn.co/image/ab6761610000e5eb1953d92a9819092e4d80b25c
47,7kdG75ISHiPcFrfUIpbszZ,Unlisted,none,Tromentas Naturales,https://i.scdn.co/image/ab67616d0000b273c6b8f1e722a326c7221afde1
1,1j033u02dVCxPIy3yXkAAB,Unlisted,none,Selectrodynamic,https://i.scdn.co/image/ab6761610000e5ebc9e265f9af8f424167e12b4d
41,1tFG73IXT0OVdkSJ5qwTcA,Unlisted,none,Christophe Frédérique,https://i.scdn.co/image/ab67616d0000b2731a9870c24a426a4d479ef9c5
43,78RzbCrbIehBAcQZNyATUb,Unlisted,none,Cumulus,https://i.scdn.co/image/ab67616d0000b273e002544ae5a76ffee91b88df
30,44CkWXtsMCZodXHR6EDFvP,Unlisted,none,Liquidge,https://i.scdn.co/image/ab67616d0000b2732349a6658c70798c38a18579
71,2NdeV5rLm47xAvogXrYhJX,Unlisted,none,Ciara,https://i.scdn.co/image/ab6761610000e5eb5d1fbc6d7d17e7ba6b587eaf
67,1KP6TWI40m7p3QBTU6u2xo,Unlisted,none,BØRNS,https://i.scdn.co/image/ab6761610000e5eb252d35c84fb363ff13fc0026
64,3nuc29fYGlQbIrwh4yrNWd,Unlisted,none,Lake Street Dive,https://i.scdn.co/image/ab6761610000e5eb65db78e2146a5a48a90c6557
61,40xbWSB4JPdOkRyuTDy1oP,Unlisted,none,Nicole Scherzinger,https://i.scdn.co/image/ab6761610000e5eb13bcbecd7d8099a9d16403cc
12,0ecuDdIS1AQoyl0xVnR9hL,Unlisted,none,Xin Feng,https://i.scdn.co/image/ab67616d0000b2736e5b8b8e771b6d92557845b6
20,7lI5xu3g1pfJ3zSkQjPflN,Unlisted,none,Jessica Albert,https://i.scdn.co/image/ab67616d0000b27390c291c0742016b85a357cab
70,3AuMNF8rQAKOzjYppFNAoB,Unlisted,none,Kelly Rowland,https://i.scdn.co/image/ab6761610000e5eb7c614a2b3cedfc53e4679c2e
15,1jSQEHmXkCtYyok58EkWUA,Unlisted,none,Prism Quartet,https://i.scdn.co/image/ab6761610000e5eb8ceb350f9237b0fc00e88e32
5,6QMXa5PNJqncfTThAYNypG,Unlisted,none,Stephen Hall-Jones,https://i.scdn.co/image/ab67616d0000b2736df1eb83fed08389af25e71f
13,7rveoPXoovD0pKUMgVmh0M,Unlisted,none,Richard I of England,
82,0Y6dVaC9DZtPNH4591M42W,Unlisted,none,TV Girl,https://i.scdn.co/image/ab6761610000e5ebd80695211689a9c8c3fee3b0
78,47mIJdHORyRerp4os813jD,Unlisted,none,League of Legends,https://i.scdn.co/image/ab6761610000e5ebe80d1ffb81aa6503ad41c574
18,6b0lhF7LFkswglHvqfBGdM,Unlisted,none,Monkey,https://i.scdn.co/image/ab6761610000e5ebb5f8d40449a693666153af6d
34,36ikBJX6oQWWlgrXCock30,Unlisted,none,Lady Sovereign,https://i.scdn.co/image/ef1ee3d1a36abb41d09a8abf636125be56e4dfc9
43,5FIfzVEYEnXc1k7fPVpNZy,Unlisted,none,Bequem,https://i.scdn.co/image/ab6761610000e5ebe211afc99a60504e1ba149eb
55,01e2lCvLZ4fLUIRy68nptH,Unlisted,none,Wankelmut,https://i.scdn.co/image/ab6761610000e5eb5ef80d79fe67614e9ef3fe95
33,1lVadNivMiSkc2N6irhWdg,Unlisted,none,Laura Stevenson,https://i.scdn.co/image/ab6761610000e5eb9cceff5bbf3d0be48c512368
46,7y3ULlnKKpeZ4JOKMAJQzK,Unlisted,none,London Voices,https://i.scdn.co/image/ab6761610000e5eb2a868050e8ee906fb3d946f3
35,5pKrorYHoVt088MOxEhNLg,Unlisted,none,Sofie Winterson,https://i.scdn.co/image/ab6761610000e5eb53afc1efd66f86c5a3b9ac57
40,0yll2u1E5eqktJyKri1PNm,Unlisted,none,Daniel Pearson,https://i.scdn.co/image/ab6761610000e5ebff4e64571860bec6ec24f33f
51,6xOql32xqR0X46QkNLCzPd,Unlisted,none,Flatland Park,https://i.scdn.co/image/ab67616d0000b27381868e502087b6e90a71c51a
46,3pCoHlohSNQdXBNDxuWd12,Unlisted,none,VGR,https://i.scdn.co/image/ab6761610000e5ebf1707cb7bf7d3aba41ede312
0,5Te5O45s3yq6BrgjB6fM8E,Unlisted,none,Twilight Jazz Trio,https://i.scdn.co/image/ab67616d0000b2731cd6daad89c167279e44db9f
0,1SSMzO5VmOI8hX59DH9deB,Unlisted,none,AuB,https://i.scdn.co/image/ab67616d0000b273c765a42c78808b6bc6532e6d
3,2faIi7aGCIlCspb5R79n7A,Unlisted,none,Red Cat,https://i.scdn.co/image/ab6761610000e5eb3e8c709f04642763c86ce53e
60,5HK6QtizXJzCmoYTkvFRik,Unlisted,none,Ndotz,https://i.scdn.co/image/ab6761610000e5eb087dd3b0e515b72a667443a1
0,0nRK2Dc7dUzhIza3SSScMr,Unlisted,none,Nikita Luno,
11,0tEvUtMIXYorU8gbNZJopZ,Unlisted,none,SirSmokeBeats,https://i.scdn.co/image/ab6761610000e5eb009c24e1005e27a0d33bce46
0,6SRaGSIMSFxdLFDuIn50mQ,Unlisted,none,Antonio Carlos Jobim Quintet,
32,330FPb6pKzidkaSS968Ezm,Unlisted,none,Carinth,https://i.scdn.co/image/ab67616d0000b273d42a3d6e7932ddcf85818909
34,0F1eyiCAvb5qvJqWu2Q8Su,Unlisted,none,Daniel Ran,https://i.scdn.co/image/ab6761610000e5ebe95368da49422b2aae2bd822
44,2zzOTg1SHx5vuqgcexJRxA,Unlisted,none,Jack Parow,https://i.scdn.co/image/ab6761610000e5eb738f84b4c29100c6fa6f5805
44,5pHGZpAY7Pm0EBDnBJtoZQ,Unlisted,none,Felix Hien,https://i.scdn.co/image/ab6761610000e5ebe55dc587c8acb7c6f445cdd7
50,6C1PGrTsXqP3wo8kTRhrqm,Unlisted,italian singer-songwriter,Mannarino,https://i.scdn.co/image/ab6761610000e5eb8f2d79449ef76d4684bc2c25
59,1c3uso4iIeeX3P0bhKaQDq,Unlisted,none,Jaxomy,https://i.scdn.co/image/ab6761610000e5ebe06c4692c6219aedb481e8fc
38,0isDnZYMWbwDz7hzw0XRjt,Unlisted,none,David Cassidy,https://i.scdn.co/image/be259200225baa517f39bd668c97600f2e0d73a4
61,7HOmuShc6sajk74rYV7zR2,Unlisted,none,The Adventures Of Stevie V,https://i.scdn.co/image/ab6761610000e5ebc2ccdd7f34f0f5d8f91a4828
65,2urF8dgLVfDjunO0pcHUEe,Unlisted,none,Alvaro Soler,https://i.scdn.co/image/ab6761610000e5ebd994b5fba5c6928eeaa7ca3c
60,6zTbBugfNc95zo8ClFDhIn,Unlisted,none,Troy,https://i.scdn.co/image/ab6761610000e5eb0b05878441b7112e89e99b0e
39,18cezosJ2J9c3XZ7uVmMf0,Unlisted,italian singer-songwriter,CCCP – Fedeli Alla Linea,https://i.scdn.co/image/ab67616d0000b27313bfe63ec910d4e3d1f667c5
73,5XKFrudbV4IiuE5WuTPRmT,Unlisted,none,Stephen Sanchez,https://i.scdn.co/image/ab6761610000e5eb1e97fce6fa6fc4ebc3ebda25
63,2l35CQqtYRh3d8ZIiBep4v,Unlisted,none,MKTO,https://i.scdn.co/image/ab6761610000e5ebbc861f3d1ba68614d3a301b4
27,0dv2L0lVdA7MCYDxdZwwTn,Unlisted,traditional music,LS Kancana Sari,https://i.scdn.co/image/ab67616d0000b27355d9c61e8bdd0987617ee985
34,3Amq9Iu3n8FEwaDq0sV5BL,Unlisted,none,Teho Teardo,https://i.scdn.co/image/ab6761610000e5eb8cd199129af8f2da5d3e7c05
45,0Nc79lkTxXLSIIHDB8mqJC,Unlisted,none,Tiny Tim,https://i.scdn.co/image/0aeb714ae7cd26cb1a01352daf209943645a0cba
74,0zOcE3mg9nS6l3yxt1Y0bK,Unlisted,none,The Fray,https://i.scdn.co/image/ab6761610000e5ebfbde447822e329707f1c4ea3
57,6kXm2YCtdUOpRYNKeKhfue,Unlisted,none,Ryan Gosling,https://i.scdn.co/image/ab6761610000e5eb2a4a7d2d1e8acd5d95df137e
13,6vlfGjQxZIoVDun1UUX3gv,Unlisted,none,Eva Geist,https://i.scdn.co/image/ab6761610000e5eb662c2fd8293d291e32dc7504
51,5Z5jUyiNvFaqp0EVyLNf0p,Unlisted,none,Futuristic,https://i.scdn.co/image/ab6761610000e5eb0ad60d14e06b3161f7dc2a32
12,5OVnaYwd1JnqSgdIzoSvxa,Unlisted,traditional music,JAVA The Jasmine Isle: Gamelan Music,
49,5VGzMbTA9KIcP8GcG0KTaY,Unlisted,none,Sounds Caused By Lightning,https://i.scdn.co/image/ab67616d0000b27336226e17252781eaf34e5898
38,6VrqstTqqTtV7nG13WRvrx,Unlisted,none,Lauren Whyatt,https://i.scdn.co/image/ab67616d0000b273d526c5012b8abedce26a176b
54,71ep4LtjRagWcfM1rZ6lUr,Unlisted,none,Outdoor Field Recorders,https://i.scdn.co/image/ab67616d0000b273e7ce79d4d7a9716210799800
54,0K4qycWYB7fwNMvrtS9lID,Unlisted,none,Rain Recordings,https://i.scdn.co/image/ab67616d0000b273b415dccef0876fd784203ccd
51,4LiP2v7wfqtd3lLZta08UP,Unlisted,none,Aqualogic,https://i.scdn.co/image/ab67616d0000b273ab50f4c0914472f16aa63cf8
0,6XxZ71Gu9zuYNqHqJ4T6fg,Unlisted,none,Wheatic,
11,0CyQEAbBfOoPQHDNQb2Y7Q,Unlisted,none,โรงงานฝน,https://i.scdn.co/image/ab67616d0000b273302f51d578c8c07983a85bec
48,52PdgUJOjvS6Mpmjy1SAlx,Unlisted,none,hemlocke springs,https://i.scdn.co/image/ab6761610000e5ebc5e5b1f3af48b7cc12719eb6
28,30v2h3jcT6xjq4wl9KTFNN,Unlisted,none,U-LEE,https://i.scdn.co/image/ab67616d0000b273eeed0292e7c5add8fc161fec
52,334v3jkZ2T1J40I0QGT3rZ,Unlisted,none,Harmonious Nature,https://i.scdn.co/image/ab67616d0000b273b4ba81a1a10bd4cadabd06d1
46,46km264wFWt9vtPfr9kls2,Unlisted,none,Precipitação,https://i.scdn.co/image/ab6761610000e5eba1f253d107a64b408d252cfc
10,7rBAEboEJSX7TaS9z62lb8,Unlisted,none,Why Wynne,https://i.scdn.co/image/ab67616d0000b2732eb5886dd34c5f12178bd42d
63,7htQnykNfk2Bu39bSw7owz,Unlisted,none,ame,https://i.scdn.co/image/ab67616d0000b27302ef99f460f639b15f2575c5
54,7zVXfjqG8yM5gVp8WLab5s,Unlisted,none,Epiphonema,https://i.scdn.co/image/ab67616d0000b2737a880721e0fecea8b6599aa5
10,44MlmhbFGLUIUPEqEgcLaL,Unlisted,none,Gendrial,https://i.scdn.co/image/ab67616d0000b273297d6c0f3de083dc0d96e88a
35,2lH1vV1rGOw0ETBmnTAyvZ,Unlisted,none,Ted Fresco,https://i.scdn.co/image/ab6761610000e5eba69832f004c190a54d2ba80c
21,5NN8Oq9Kqjrg37LiWEBk1H,Unlisted,none,Jonas Lefvert,https://i.scdn.co/image/ab67616d0000b2732d814405cd85057ba1c7dba0
9,2AvtPNQ7qZnLcBxC6kPvZ6,Unlisted,none,Milo Who,https://i.scdn.co/image/ab6761610000e5eb207e43681991db2534a42b32
51,4rwOqhIQpWyk3Tx4GbiqMw,Unlisted,none,Literrain,https://i.scdn.co/image/ab67616d0000b2737fb9aca412efe9418ad010ac
41,1TPZvujEmCbb9Yw7QwoTH9,Unlisted,jazz beats,igory,https://i.scdn.co/image/ab6761610000e5eb6b345cf2d00795878322f253
48,1YrzJskaD4814wEI0N3mof,Unlisted,none,Lunacy,https://i.scdn.co/image/ab67616d0000b273d52c3031d7dc349e5466eaef
10,4caJwBnZ75geSKhAhqFXDE,Unlisted,none,Allmos,https://i.scdn.co/image/ab6761610000e5eb200e3f3d2333030e3f9d5f2e
3,1QxXQCVzes3IC2zMLSGOQR,Unlisted,none,Devika Arkes,https://i.scdn.co/image/ab67616d0000b273d8e72638cd65f6d3648fba32
49,1TgJCAaMIcCTM980NCH5xk,Unlisted,none,AEON,https://i.scdn.co/image/ab67616d0000b273f6fa10582f2085deba4ed62c
49,3hrpVisxCnVzRPdXg4K6EL,Unlisted,none,Haruna Fields,https://i.scdn.co/image/ab67616d0000b2734adb29a6df7bd9f032c10c94
51,1u9z4r9MRMjVc4t2bI2z4W,Unlisted,none,Adio,https://i.scdn.co/image/ab67616d0000b273f66e3846fcba7b738617286d
21,6lrsSXFmqs1QlXzV9XjQxL,Unlisted,none,LWD Rain,https://i.scdn.co/image/ab67616d0000b27354f11e3edc7e5c3153879b65
55,37NFZB0swR3yaCGntPM9f9,Unlisted,none,Muggy Forecast,https://i.scdn.co/image/ab67616d0000b2736deaf264a891fd5e4cf6b0e2
6,5btXRFPLxDHay7eed3kHLd,Unlisted,none,Rain ZPE,https://i.scdn.co/image/ab67616d0000b273a6cdc2b77ecc17e2479ae2ae
48,5iayvtoaKjHxf43TODIq4V,Unlisted,none,Regnskur,https://i.scdn.co/image/ab67616d0000b2737383d1dba718e989e1daa2cb
51,02EkiP3hYgkSISBAS0nfjG,Unlisted,none,The Nature Soundscapes,https://i.scdn.co/image/ab67616d0000b27306223126efdfce3fe3655806
13,29d8hIOhdY6Z697cHuCeq1,Unlisted,none,Drenched Trees,https://i.scdn.co/image/ab67616d0000b2732646ac87e562519068905368
21,7EF6zIKi6Qb6Ky3Y9GSsxW,Unlisted,none,Vapourse,https://i.scdn.co/image/ab67616d0000b2738fa9576fbc801a707a725cac
45,2WI0t9L9e4wmhiV7HYp9BU,Unlisted,none,Équipage ambiant,https://i.scdn.co/image/ab67616d0000b2736d1a65b6202e77c0814db8ef
6,1AvC2f22oc1UTvutGBCNS0,Unlisted,none,Congotronics International,https://i.scdn.co/image/ab6772690000c46c5438afa53ea8d66d1ce454fa
22,6Pt0aqNLG6v5g0caOTgcll,Unlisted,none,Weathererse,https://i.scdn.co/image/ab67616d0000b2732841ebfef793a3ab87c37e7a
30,0V0JCoSmbDzy5hwLsGYoQ7,Unlisted,none,Antonio Lauro,https://i.scdn.co/image/d55189657c04284525bdb6d7c67833505b69acf0
32,0pSXa2TK84g7PYeCWzVNSL,Unlisted,none,Alegrini,https://i.scdn.co/image/ab67616d0000b273418b0e4719ee004eda45fd3d
19,7uyKtDpxSERB6cuUM0aIIp,Unlisted,jazz beats,Charlie Calz Beats,https://i.scdn.co/image/ab6761610000e5eb31c471ef2059c94a6fc30cb9
43,5YxesetSDEooEMdNHKKDFk,Unlisted,none,Tiny Stills Quartet,https://i.scdn.co/image/ab67616d0000b273744209dc1ac793ed644f4ebd
43,58bHgbHOExsHSOGlf0uUkL,Unlisted,none,KAWALA,https://i.scdn.co/image/ab6761610000e5ebd2bb3e1b968fe4c39298b2f2
42,6avpsZzjS5Yy9daHLBCYmn,Unlisted,none,Little Beaver,https://i.scdn.co/image/ab67616d0000b2730c32b949eb1e638df9dbf9ea
29,0we9WZowoAxFb0IEVtfjVk,Unlisted,none,Movin,https://i.scdn.co/image/ab6761610000e5ebdf3a0e9080a4aac6898146e6
4,4nRywGWE24LpDjbDFSk1AX,Unlisted,none,Kleztory,https://i.scdn.co/image/ab67616d0000b27345c8410c64bc26ad369e7ba9
43,3Z40kLBFU7C8532e2YLE9t,Unlisted,none,Only The Poets,https://i.scdn.co/image/ab6761610000e5eb20cf86c3ea93f6656a221308
53,4Euia7UzdRshy1DJOSMTcs,Unlisted,none,220 KID,https://i.scdn.co/image/ab6761610000e5ebcc8343e5affc87c4370bb024
21,27EDLqLD3ymWe2mcyMNjhw,Unlisted,none,Gregory Silver,https://i.scdn.co/image/ab67616d0000b2739dcbfa5737a3d7c472f372ea
57,1CcPlAmcnJjC4FnaPVzv2v,Unlisted,none,I Monster,https://i.scdn.co/image/ab6761610000e5eb9e016d614d975b8922a3aa97
68,7keGfmQR4X5w0two1xKZ7d,Unlisted,none,Kungs,https://i.scdn.co/image/ab6761610000e5eb2ccf430b00cf456b12278de1
3,5085jKM5cebb55YrQwVuBf,Unlisted,none,DJ Storm,https://i.scdn.co/image/ab6761610000e5eb0a906fc0b4d1814b7b4b93da
69,4d3yvTptO48nOYTPBcPFZC,Unlisted,none,Eve,https://i.scdn.co/image/ab6761610000e5eb62423f0aa64340b1fe57c0a3
26,4QepILDr1gW2tDbFhWCl3t,Unlisted,none,Franz Becker,https://i.scdn.co/image/ab6761610000e5eb50800081627e3cc096d51aa3
50,4XquDVA8pkg5Lx91No1JxB,Unlisted,none,Brittany Howard,https://i.scdn.co/image/ab6761610000e5eb2465cba30bd03be459cc6584
27,0ej3IwUoiaLNMaWt9LFjRU,Unlisted,none,Larry Klein,
63,1W7FNibLa0O0b572tB2w7t,Unlisted,none,Pink Sweat$,https://i.scdn.co/image/ab6761610000e5eb69bda36cbaa450c1c895b5cc
35,1rzNAiuTXmnncP3ZVXfgV1,Unlisted,none,Honey Gentry,https://i.scdn.co/image/ab6761610000e5eb7d831f60d21eb48d922ae7d4
16,22sut8GkPEtijBsEAiyqMq,Unlisted,none,Silencio,https://i.scdn.co/image/ab67616d0000b273a132dba9c346fb740965dc63
23,0bdL8iLPL5Nj0IRvHn2kIP,Unlisted,none,Brooklyn Smith,https://i.scdn.co/image/ab67616d0000b273050b668d0f243c277e067493
53,2SdOKxC1sSxEyv8JYERaNe,Unlisted,ballroom vogue,RuPaul,https://i.scdn.co/image/ab6761610000e5eb8bba483850d10c20adee3559
0,0OHaDoppjQotlrnaZdwFu3,Unlisted,none,Carlos Malcolm & His Afro-Caribs,
45,6q94KewnCnut4Ta36dCoaB,Unlisted,folk pop,Jake Isaac,https://i.scdn.co/image/ab6761610000e5eb20fc1380fc798ee0b770e04f
