primary_genre,supergenre
21st century classical,Classical/Orchestral
432hz,New Age/Meditation
48g,Pop
5th wave emo,Punk/Hardcore
8-bit,Ambient & Experimental Electronic
8d,Other
A cappella,Pop
Aarhus indie,Alternative/Indie
Aberdeen indie,Alternative/Indie
Aboriginal,World/Traditional
Abstract,Ambient & Experimental Electronic
Abstract beats,Hip Hop/Rap
Abstract hip hop,Hip Hop/Rap
Abstract idm,Ambient & Experimental Electronic
Abstractro,Ambient & Experimental Electronic
Accordeon,Folk/Acoustic
Accordion,Folk/Acoustic
Accordion band,Folk/Acoustic
Acid,House & EDM
Acid house,House & EDM
Acid idm,Ambient & Experimental Electronic
Acid jazz,Jazz
Acid rock,Rock
Acid techno,Techno & Trance
Acid trance,Techno & Trance
Acidcore,Bass Music
Acousmatic,Ambient & Experimental Electronic
Acoustic,Folk/Acoustic
Acoustic blues,Blues
Acoustic chill,Folk/Acoustic
Acoustic cover,Folk/Acoustic
Acoustic guitar cover,Folk/Acoustic
Acoustic opm,Folk/Acoustic
Acoustic pop,Pop
Acoustic punk,Punk/Hardcore
Acoustic rock,Rock
Action rock,Rock
Adelaide indie,Alternative/Indie
Adelaide punk,Punk/Hardcore
Adivasi pop,Pop
Adoracao,R&B/Soul
Adoracion,R&B/Soul
Adoracion pentecostal,R&B/Soul
Adult standards,Pop
Adventista,R&B/Soul
Aesthetic rap,Hip Hop/Rap
Afghan pop,Pop
Afghan rap,Hip Hop/Rap
Afghan traditional,World/Traditional
African,World/Traditional
African electronic,House & EDM
African experimental,Alternative/Indie
African gospel,R&B/Soul
African metal,Metal
African percussion,World/Traditional
African reggae,Reggae/Caribbean
African rock,Rock
African-american classical,Classical/Orchestral
Afrikaans,World/Traditional
Afrikaans folk,Folk/Acoustic
Afrikaans gospel,R&B/Soul
Afrikaans hip hop,Hip Hop/Rap
Afro dancehall,Reggae/Caribbean
Afro drill,Hip Hop/Rap
Afro house,House & EDM
Afro psych,Rock
Afro r&b,R&B/Soul
Afro soul,R&B/Soul
Afro-cuban,Latin
Afro-cuban jazz,Jazz
Afro-cuban percussion,World/Traditional
Afro-cuban traditional,Latin
Afro-funk,Funk/Disco
Afrobeat,World/Traditional
Afrobeat brasileiro,World/Traditional
Afrobeat fusion,World/Traditional
Afrofuturism,Hip Hop/Rap
Afrofuturismo brasileiro,Hip Hop/Rap
Afropop,World/Traditional
Afroswing,Hip Hop/Rap
Aggro chileno,Hip Hop/Rap
Aggrotech,Ambient & Experimental Electronic
Aghani lil-atfal,Novelty/Spoken Word
Aguinaldo,Latin
Ai,Other
Ainu folk,Folk/Acoustic
Alabama indie,Alternative/Indie
Alabama metal,Metal
Alabama rap,Hip Hop/Rap
Alandsk musik,Folk/Acoustic
Alaska hip hop,Hip Hop/Rap
Alaska indie,Alternative/Indie
Albanian alternative,Alternative/Indie
Albanian folk,Folk/Acoustic
Albanian hip hop,Hip Hop/Rap
Albanian iso polyphony,World/Traditional
Albanian pop,Pop
Albanian rock,Rock
Albany ny indie,Alternative/Indie
Alberta country,Country/Americana
Alberta hip hop,Hip Hop/Rap
Album rock,Rock
Albuquerque indie,Alternative/Indie
Aleatoric,Classical/Orchestral
Algerian folk,Folk/Acoustic
Alpenpanorama,Folk/Acoustic
Alphorn,World/Traditional
Alpine yodeling,Folk/Acoustic
Alt z,Pop
Alt-idol,Pop
Alt-pop,Pop
Alte,World/Traditional
Alternative americana,Country/Americana
Alternative ccm,R&B/Soul
Alternative country,Country/Americana
Alternative dance,House & EDM
Alternative emo,Punk/Hardcore
Alternative hardcore,Punk/Hardcore
Alternative hip hop,Hip Hop/Rap
Alternative metal,Metal
Alternative metalcore,Metal
Alternative pop,Pop
Alternative pop rock,Pop
Alternative r&b,R&B/Soul
Alternative rock,Alternative/Indie
Alternative roots rock,Rock
Amapiano,World/Traditional
Ambeat,Hip Hop/Rap
Ambient,Ambient & Experimental Electronic
Ambient black metal,Metal
Ambient dub techno,Ambient & Experimental Electronic
Ambient folk,Folk/Acoustic
Ambient fusion,Ambient & Experimental Electronic
Ambient guitar,Ambient & Experimental Electronic
Ambient house,House & EDM
Ambient idm,Ambient & Experimental Electronic
Ambient industrial,Ambient & Experimental Electronic
Ambient pop,Pop
Ambient post-rock,Alternative/Indie
Ambient psychill,Ambient & Experimental Electronic
Ambient techno,Techno & Trance
Ambient trance,Ambient & Experimental Electronic
Ambient worship,R&B/Soul
American 21st century classical,Classical/Orchestral
American choir,Classical/Orchestral
American classical piano,Classical/Orchestral
American contemporary classical,Classical/Orchestral
American early music,Classical/Orchestral
American folk revival,Folk/Acoustic
American grindcore,Metal
American melodeath,Metal
American metalcore,Metal
American modern classical,Classical/Orchestral
American oi,Punk/Hardcore
American orchestra,Classical/Orchestral
American post-rock,Alternative/Indie
American primitive,Folk/Acoustic
American romanticism,Classical/Orchestral
American shoegaze,Alternative/Indie
Amharic pop,Pop
Anadolu rock,Rock
Anarcho-punk,Punk/Hardcore
Anatolian rock,Rock
Ancient mediterranean,Classical/Orchestral
Andalusian classical,Classical/Orchestral
Andean flute,World/Traditional
Andean music,World/Traditional
Anglican liturgy,Classical/Orchestral
Animal singing,Other
Anime,Soundtrack/Instrumental
Anime cv,Pop
Anime drill,Hip Hop/Rap
Anime game,Soundtrack/Instrumental
Anime latino,Soundtrack/Instrumental
Anime lo-fi,Hip Hop/Rap
Anime piano,Classical/Orchestral
Anime rap,Hip Hop/Rap
Anime rock,Rock
Anime score,Soundtrack/Instrumental
Anison,Soundtrack/Instrumental
Ann arbor indie,Alternative/Indie
Anthem,Pop
Anthem emo,Punk/Hardcore
Anthem worship,R&B/Soul
Anti-folk,Folk/Acoustic
Antideutsche,Punk/Hardcore
Antifolk,Folk/Acoustic
Antilliaanse folklore,World/Traditional
Antilliaanse rap,Hip Hop/Rap
Antiviral pop,Pop
Aor,Rock
Apostolic worship,R&B/Soul
Appalachian folk,Folk/Acoustic
Appalachian music,Folk/Acoustic
Appenzeller folk,Folk/Acoustic
Arab alternative,Alternative/Indie
Arab electronic,World/Traditional
Arab experimental,World/Traditional
Arab folk,World/Traditional
Arab groove,World/Traditional
Arab metal,Metal
Arab pop,Pop
Arab trap,Hip Hop/Rap
Arabesk,World/Traditional
Arabic hip hop,Hip Hop/Rap
Arabic instrumental,World/Traditional
Arabic jazz,Jazz
Arabic pop,Pop
Arena rock,Rock
Argentine alternative rock,Alternative/Indie
Argentine ambient,Ambient & Experimental Electronic
Argentine hardcore,Punk/Hardcore
Argentine heavy metal,Metal
Argentine hip hop,Hip Hop/Rap
Argentine indie,Alternative/Indie
Argentine indie rock,Alternative/Indie
Argentine jazz,Jazz
Argentine metal,Metal
Argentine punk,Punk/Hardcore
Argentine reggae,Reggae/Caribbean
Argentine rock,Rock
Argentine telepop,Pop
Arizona punk,Punk/Hardcore
Arkansas country,Country/Americana
Arkansas hip hop,Hip Hop/Rap
Arkansas indie,Alternative/Indie
Arkansas metal,Metal
Armenian folk,Folk/Acoustic
Armenian hip hop,Hip Hop/Rap
Armenian indie,Alternative/Indie
Armenian pop,Pop
Arpa grande,Latin
Arpa paraguaya,Latin
Arrocha,Latin
Arrochadeira,Latin
Ars subtilior,Classical/Orchestral
Art pop,Pop
Art punk,Punk/Hardcore
Art rock,Alternative/Indie
Art song,Classical/Orchestral
Arunachal indie,Alternative/Indie
Asakaa,World/Traditional
Asbury park indie,Alternative/Indie
Asheville indie,Alternative/Indie
Asian american hip hop,Hip Hop/Rap
Asmr,New Age/Meditation
Assamese hip hop,Hip Hop/Rap
Assamese pop,Pop
Assyrian pop,Pop
Athens indie,Alternative/Indie
Atl hip hop,Hip Hop/Rap
Atl trap,Hip Hop/Rap
Atlanta bass,Bass Music
Atlanta indie,Alternative/Indie
Atlanta metal,Metal
Atlanta punk,Punk/Hardcore
Atlantic canada hip hop,Hip Hop/Rap
Atmosphere,Hip Hop/Rap
Atmospheric black metal,Metal
Atmospheric dnb,Bass Music
Atmospheric doom,Metal
Atmospheric post-metal,Metal
Atmospheric post-rock,Alternative/Indie
Atmospheric sludge,Metal
Atonal,Classical/Orchestral
Auckland indie,Alternative/Indie
Audiobook,Novelty/Spoken Word
Audiophile vocal,Pop
Aussie drill,Hip Hop/Rap
Aussie emo,Punk/Hardcore
Aussietronica,House & EDM
Austin americana,Country/Americana
Austin hip hop,Hip Hop/Rap
Austin rock,Rock
Austin singer-songwriter,Folk/Acoustic
Austindie,Alternative/Indie
Australian alternative pop,Pop
Australian alternative rock,Alternative/Indie
Australian ambient,Ambient & Experimental Electronic
Australian americana,Country/Americana
Australian black metal,Metal
Australian blues,Blues
Australian children's music,Novelty/Spoken Word
Australian choir,Classical/Orchestral
Australian classical,Classical/Orchestral
Australian classical piano,Classical/Orchestral
Australian comedy,Novelty/Spoken Word
Australian country,Country/Americana
Australian dance,House & EDM
Australian death metal,Metal
Australian electropop,Pop
Australian experimental,Alternative/Indie
Australian garage punk,Punk/Hardcore
Australian hardcore,Punk/Hardcore
Australian hip hop,Hip Hop/Rap
Australian house,House & EDM
Australian indie,Alternative/Indie
Australian indie folk,Folk/Acoustic
Australian indie rock,Alternative/Indie
Australian indigenous,World/Traditional
Australian indigenous hip hop,Hip Hop/Rap
Australian jazz,Jazz
Australian metal,Metal
Australian metalcore,Metal
Australian pop,Pop
Australian post-hardcore,Punk/Hardcore
Australian post-punk,Rock
Australian post-rock,Alternative/Indie
Australian psych,Rock
Australian r&b,R&B/Soul
Australian reggae fusion,Reggae/Caribbean
Australian rock,Rock
Australian rockabilly,Rock
Australian shoegaze,Alternative/Indie
Australian singer-songwriter,Folk/Acoustic
Australian ska,Reggae/Caribbean
Australian talent show,Pop
Australian techno,Techno & Trance
Australian thrash metal,Metal
Australian trap,Hip Hop/Rap
Australian underground hip hop,Hip Hop/Rap
Australianlabel,Rock
Austrian black metal,Metal
Austrian choir,Classical/Orchestral
Austrian classical piano,Classical/Orchestral
Austrian contemporary classical,Classical/Orchestral
Austrian dnb,Bass Music
Austrian hip hop,Hip Hop/Rap
Austrian indie,Alternative/Indie
Austrian jazz,Jazz
Austrian metal,Metal
Austrian orchestra,Classical/Orchestral
Austrian pop,Pop
Austrian punk,Punk/Hardcore
Austrian stoner rock,Rock
Austrian techno,Techno & Trance
Austro-german modernism,Classical/Orchestral
Austropop,Pop
Auteur-compositeur-interprete quebecois,Folk/Acoustic
Autoharp,Folk/Acoustic
Autonomous black metal,Metal
Avant-garde,Ambient & Experimental Electronic
Avant-garde black metal,Metal
Avant-garde jazz,Jazz
Avant-garde metal,Metal
Avant-rock,Alternative/Indie
Avantgarde,Ambient & Experimental Electronic
Axe,Latin
Axã©,Latin
Azeri alternative,Alternative/Indie
Azeri pop,Pop
Azeri rap,Hip Hop/Rap
Azeri traditional,World/Traditional
Azonto,World/Traditional
Azontobeats,Hip Hop/Rap
Bachata,Latin
Bachata dominicana,Latin
Bachchon ke geet,Novelty/Spoken Word
Background jazz,Jazz
Background jazz product,Jazz
Background music,Soundtrack/Instrumental
Background piano,Soundtrack/Instrumental
Backing track,Soundtrack/Instrumental
Baglama,World/Traditional
Bagpipe,Folk/Acoustic
Bagpipe marching band,Classical/Orchestral
Bahai,R&B/Soul
Bahamian folk,Folk/Acoustic
Bahamian pop,Pop
Baiao,Latin
Baila,World/Traditional
Baithak gana,World/Traditional
Baiã£o,Latin
Baja indie,Alternative/Indie
Bajan soca,Reggae/Caribbean
Bajki,Novelty/Spoken Word
Bakersfield sound,Country/Americana
Bal-musette,Folk/Acoustic
Balafon,World/Traditional
Balalaika,Folk/Acoustic
Balearic,House & EDM
Balfolk,Folk/Acoustic
Bali indie,Alternative/Indie
Balikpapan indie,Alternative/Indie
Balinese traditional,World/Traditional
Balkan beats,World/Traditional
Balkan brass,World/Traditional
Balkan classical piano,Classical/Orchestral
Balkan drill,Hip Hop/Rap
Balkan folk metal,Metal
Balkan hip hop,Hip Hop/Rap
Balkan post punk,Rock
Balkan punk,Punk/Hardcore
Balkan trap,Hip Hop/Rap
Ballad,Pop
Ballet,Classical/Orchestral
Ballet class,Classical/Orchestral
Ballroom,Pop
Balochi folk,Folk/Acoustic
Balochi pop,Pop
Baltic black metal,Metal
Baltic choir,Classical/Orchestral
Baltic classical,Classical/Orchestral
Baltic classical piano,Classical/Orchestral
Baltic folk,Folk/Acoustic
Baltic post-punk,Rock
Baltimore club,Bass Music
Baltimore hip hop,Hip Hop/Rap
Baltimore indie,Alternative/Indie
Bambuco,Latin
Band organ,Classical/Orchestral
Banda,Latin
Banda carnavalera,Latin
Banda de viento,Latin
Banda guanajuatense,Latin
Banda jalisciense,Latin
Banda militar,Classical/Orchestral
Banda peruana,Latin
Banda sinaloense,Latin
Bandinhas,Latin
Bandolim,Folk/Acoustic
Bandoneon,Latin
Bandung indie,Alternative/Indie
Bandura,World/Traditional
Bangalore indie,Alternative/Indie
Bangla pop,Pop
Bangladeshi classical,World/Traditional
Bangladeshi hip hop,Hip Hop/Rap
Bangladeshi indie,Alternative/Indie
Bangladeshi rock,Rock
Banjo,Country/Americana
Bansuri,World/Traditional
Baoule,World/Traditional
Baps,R&B/Soul
Baptist gospel,R&B/Soul
Barbadian pop,Pop
Barbershop,Pop
Bard,Folk/Acoustic
Bardcore,Folk/Acoustic
Barnalog,Novelty/Spoken Word
Barnasogur,Novelty/Spoken Word
Barnemusikk,Novelty/Spoken Word
Barnmusik,Novelty/Spoken Word
Barnsagor,Novelty/Spoken Word
Barockinterpreten,Classical/Orchestral
Baroque,Classical/Orchestral
Baroque brass,Classical/Orchestral
Baroque cello,Classical/Orchestral
Baroque ensemble,Classical/Orchestral
Baroque pop,Pop
Baroque singing,Classical/Orchestral
Baroque violin,Classical/Orchestral
Baroque woodwind,Classical/Orchestral
Barrelhouse piano,Jazz
Basel indie,Alternative/Indie
Bases de freestyle,Hip Hop/Rap
Basque folk,Folk/Acoustic
Basque music,World/Traditional
Bass house,House & EDM
Bass music,Bass Music
Bass trap,Hip Hop/Rap
Bass trip,Bass Music
Basshall,Bass Music
Bassline,Bass Music
Batak,World/Traditional
Bath indie,Alternative/Indie
Batida,Latin
Batidao romantico,Latin
Baton rouge indie,Alternative/Indie
Baton rouge rap,Hip Hop/Rap
Battle rap,Hip Hop/Rap
Batucada,Latin
Bay area hip hop,Hip Hop/Rap
Bay area indie,Alternative/Indie
Bayerischer rap,Hip Hop/Rap
Bayou funk,Funk/Disco
Bboy,Hip Hop/Rap
Bc underground hip hop,Hip Hop/Rap
Beach house,Pop
Beach music,Pop
Beat,Hip Hop/Rap
Beat italiano,Pop
Beat poetry,Novelty/Spoken Word
Beatbox,Hip Hop/Rap
Beatboxing,Hip Hop/Rap
Beatdown,Metal
Beatlesque,Rock
Beats,Hip Hop/Rap
Bebop,Jazz
Bedroom pop,Pop
Bedroom soul,R&B/Soul
Beguine,Latin
Bel canto,Classical/Orchestral
Belarusian electronic,House & EDM
Belarusian hip hop,Hip Hop/Rap
Belarusian indie,Alternative/Indie
Belarusian metal,Metal
Belarusian pop,Pop
Belarusian punk,Punk/Hardcore
Belarusian rock,Rock
Belfast indie,Alternative/Indie
Belfast metal,Metal
Belgian black metal,Metal
Belgian blues,Blues
Belgian classical piano,Classical/Orchestral
Belgian contemporary classical,Classical/Orchestral
Belgian dance,House & EDM
Belgian death metal,Metal
Belgian dnb,Bass Music
Belgian edm,House & EDM
Belgian electronic,House & EDM
Belgian experimental,Alternative/Indie
Belgian hardcore,Punk/Hardcore
Belgian hip hop,Hip Hop/Rap
Belgian indie,Alternative/Indie
Belgian indie rock,Alternative/Indie
Belgian jazz,Jazz
Belgian metal,Metal
Belgian modern jazz,Jazz
Belgian new wave,Pop
Belgian pop,Pop
Belgian post-rock,Alternative/Indie
Belgian punk,Punk/Hardcore
Belgian rock,Rock
Belgian singer-songwriter,Folk/Acoustic
Belgian stoner rock,Rock
Belgian techno,Techno & Trance
Bells,Classical/Orchestral
Belly dance,World/Traditional
Belo horizonte indie,Alternative/Indie
Bemani,Soundtrack/Instrumental
Benga,World/Traditional
Bengali folk,Folk/Acoustic
Bengali music,World/Traditional
Beninese pop,Pop
Bergamo indie,Alternative/Indie
Bergen indie,Alternative/Indie
Berlin minimal techno,Techno & Trance
Berlin school,Ambient & Experimental Electronic
Berlin-school,Ambient & Experimental Electronic
Bern indie,Alternative/Indie
Bernu dziesmas,Novelty/Spoken Word
Beä‡arac,World/Traditional
Bgm,Soundtrack/Instrumental
Bhajan,World/Traditional
Bhangra,World/Traditional
Bhojpuri folk,Folk/Acoustic
Bhojpuri pop,Pop
Bhutanese pop,Pop
Bible,Novelty/Spoken Word
Big band,Jazz
Big beat,House & EDM
Big room,House & EDM
Bikutsi,World/Traditional
Binaural,New Age/Meditation
Birdsong,New Age/Meditation
Birmingham grime,Hip Hop/Rap
Birmingham hip hop,Hip Hop/Rap
Birmingham indie,Alternative/Indie
Birmingham metal,Metal
Birthday,Pop
Bisaya indie,Alternative/Indie
Bisaya rap,Hip Hop/Rap
Bisaya worship,R&B/Soul
Bisrock,Rock
Bitpop,Pop
Black 'n' roll,Metal
Black americana,Country/Americana
Black comedy,Novelty/Spoken Word
Black death,Metal
Black metal,Metal
Black metal argentino,Metal
Black noise,Ambient & Experimental Electronic
Black punk,Punk/Hardcore
Black sludge,Metal
Black speed metal,Metal
Black thrash,Metal
Blackened crust,Punk/Hardcore
Blackened deathcore,Metal
Blackened hardcore,Punk/Hardcore
Blackened screamo,Punk/Hardcore
Blackgaze,Metal
Blaskapelle,Classical/Orchestral
Blasmusik,Classical/Orchestral
Bleep,Ambient & Experimental Electronic
Bleep techno,Techno & Trance
Bloco,Latin
Bluegrass,Country/Americana
Bluegrass fiddle,Folk/Acoustic
Bluegrass gospel,Country/Americana
Blues,Blues
Blues band,Blues
Blues latinoamericano,Blues
Blues mexicano,Blues
Blues rock,Blues
Blues-rock guitar,Blues
Bmore,Hip Hop/Rap
Bodo pop,Pop
Boeremusiek,World/Traditional
Bogor indie,Alternative/Indie
Bohemian baroque,Classical/Orchestral
Bohol indie,Alternative/Indie
Bolero,Latin
Bolero cubano,Latin
Bolero mexicano,Latin
Bolivian metal,Metal
Bolivian rock,Rock
Bollywood,Soundtrack/Instrumental
Bolobedu house,House & EDM
Bomba,Latin
Bomba y plena,Latin
Bongo flava,World/Traditional
Boogaloo,Latin
Boogie,Funk/Disco
Boogie woogie,Jazz
Boogie-woogie,Jazz
Boom bap,Hip Hop/Rap
Boom bap brasileiro,Hip Hop/Rap
Boom bap espanol,Hip Hop/Rap
Bop,Jazz
Bornehistorier,Novelty/Spoken Word
Borneo traditional,World/Traditional
Bornesange,Novelty/Spoken Word
Bosnian electronic,House & EDM
Bosnian indie,Alternative/Indie
Bosnian pop,Pop
Bossa nova,Latin
Bossa nova cover,Latin
Bossa nova jazz,Jazz
Bossanova,Latin
Bossbeat,Latin
Bosstown sound,Rock
Boston electronic,House & EDM
Boston folk,Folk/Acoustic
Boston hardcore,Punk/Hardcore
Boston hip hop,Hip Hop/Rap
Boston indie,Alternative/Indie
Boston metal,Metal
Boston punk,Punk/Hardcore
Boston rock,Rock
Bothy ballad,Folk/Acoustic
Botswana hip hop,Hip Hop/Rap
Botswana pop,Pop
Botswana traditional,World/Traditional
Bounce,Hip Hop/Rap
Bouncy house,House & EDM
Bouncy techno,Techno & Trance
Bouyon,Reggae/Caribbean
Bouzouki,World/Traditional
Bow pop,Pop
Boy band,Pop
Boy pop,Pop
Boy soprano,Classical/Orchestral
Bozlak,World/Traditional
Brain waves,New Age/Meditation
Braindance,Ambient & Experimental Electronic
Brasilia indie,Alternative/Indie
Brass & military,Classical/Orchestral
Brass band,Jazz
Brass band brasileiro,Latin
Brass ensemble,Classical/Orchestral
Brass instrument,Classical/Orchestral
Brass quintet,Classical/Orchestral
Brazilian bass,Bass Music
Brazilian black metal,Metal
Brazilian blues,Blues
Brazilian boogie,Latin
Brazilian ccm,R&B/Soul
Brazilian classical,Classical/Orchestral
Brazilian classical piano,Classical/Orchestral
Brazilian contemporary classical,Classical/Orchestral
Brazilian death metal,Metal
Brazilian dnb,Bass Music
Brazilian doom metal,Metal
Brazilian edm,House & EDM
Brazilian emo,Punk/Hardcore
Brazilian experimental,Alternative/Indie
Brazilian gospel,R&B/Soul
Brazilian grindcore,Metal
Brazilian groove metal,Metal
Brazilian hardcore,Punk/Hardcore
Brazilian heavy metal,Metal
Brazilian hip hop,Hip Hop/Rap
Brazilian house,House & EDM
Brazilian indie,Alternative/Indie
Brazilian indie rock,Alternative/Indie
Brazilian jazz,Jazz
Brazilian lo-fi rock,Alternative/Indie
Brazilian metal,Metal
Brazilian metalcore,Metal
Brazilian modern jazz,Jazz
Brazilian percussion,World/Traditional
Brazilian post-hardcore,Punk/Hardcore
Brazilian post-rock,Alternative/Indie
Brazilian power metal,Metal
Brazilian progressive metal,Metal
Brazilian punk,Punk/Hardcore
Brazilian punk rock,Punk/Hardcore
Brazilian reggae,Reggae/Caribbean
Brazilian rock,Rock
Brazilian rockabilly,Rock
Brazilian ska,Reggae/Caribbean
Brazilian soul,R&B/Soul
Brazilian stoner rock,Rock
Brazilian surf rock,Rock
Brazilian tech house,House & EDM
Brazilian techno,Techno & Trance
Brazilian thrash metal,Metal
Break-in,Other
Breakbeat,Garage & Breaks
Breakcore,Bass Music
Breaks,Garage & Breaks
Brega,Latin
Brega funk,Latin
Brega paraense,Latin
Brega romantico,Latin
Brega saudade,Latin
Breton folk,Folk/Acoustic
Brighton indie,Alternative/Indie
Brill building pop,Pop
Brisbane indie,Alternative/Indie
Brisbane punk,Punk/Hardcore
Bristol electronic,House & EDM
Bristol indie,Alternative/Indie
Brit funk,Funk/Disco
Brit pop,Rock
Britcore,Punk/Hardcore
British alternative rock,Alternative/Indie
British black metal,Metal
British blues,Blues
British brass band,Classical/Orchestral
British children's music,Novelty/Spoken Word
British choir,Classical/Orchestral
British classical piano,Classical/Orchestral
British comedy,Novelty/Spoken Word
British contemporary classical,Classical/Orchestral
British country,Country/Americana
British dance band,Pop
British death metal,Metal
British electroacoustic,Ambient & Experimental Electronic
British experimental,Alternative/Indie
British folk,Folk/Acoustic
British grindcore,Metal
British indie rock,Alternative/Indie
British industrial,Alternative/Indie
British invasion,Rock
British jazz,Jazz
British math rock,Alternative/Indie
British modern classical,Classical/Orchestral
British orchestra,Classical/Orchestral
British post-rock,Alternative/Indie
British power metal,Metal
British singer-songwriter,Folk/Acoustic
British soul,R&B/Soul
British soundtrack,Soundtrack/Instrumental
Britpop,Rock
Britpop revival,Rock
Brno indie,Alternative/Indie
Broadway,Soundtrack/Instrumental
Brockton hip hop,Hip Hop/Rap
Broken beat,Bass Music
Bronx drill,Hip Hop/Rap
Bronx hip hop,Hip Hop/Rap
Brooklyn drill,Hip Hop/Rap
Brooklyn indie,Alternative/Indie
Brostep,Bass Music
Bruneian pop,Pop
Brutal death metal,Metal
Brutal deathcore,Metal
Bubble trance,Techno & Trance
Bubblegrunge,Alternative/Indie
Bubblegum,Pop
Bubblegum dance,Pop
Bubblegum pop,Pop
Bubbling,Reggae/Caribbean
Buffalo hip hop,Hip Hop/Rap
Buffalo ny indie,Alternative/Indie
Buffalo ny metal,Metal
Bulgarian electronic,House & EDM
Bulgarian experimental,Alternative/Indie
Bulgarian folk,Folk/Acoustic
Bulgarian hip hop,Hip Hop/Rap
Bulgarian indie,Alternative/Indie
Bulgarian metal,Metal
Bulgarian pop,Pop
Bulgarian r&b,R&B/Soul
Bulgarian rock,Rock
Bulgarian trap,Hip Hop/Rap
Bultrã³n,World/Traditional
Burkinabe pop,Pop
Burkinabe traditional,World/Traditional
Burmese pop,Pop
Burmese traditional,World/Traditional
Burundian pop,Pop
Burundian traditional,World/Traditional
Bury st edmunds indie,Alternative/Indie
Bush ballad,Folk/Acoustic
Byzantine,Classical/Orchestral
C-pop,Pop
C64,Ambient & Experimental Electronic
C86,Alternative/Indie
Cabaret,Pop
Caipira,Latin
Cajun,Country/Americana
Calgary indie,Alternative/Indie
Cali rap,Hip Hop/Rap
California hardcore,Punk/Hardcore
Calming instrumental,New Age/Meditation
Calypso,Reggae/Caribbean
Cambodian classical,Classical/Orchestral
Cambodian pop,Pop
Cambodian rock,Rock
Cambodian traditional,World/Traditional
Cambridge choir,Classical/Orchestral
Cambridgeshire indie,Alternative/Indie
Cameroonian hip hop,Hip Hop/Rap
Cameroonian pop,Pop
Campursari,World/Traditional
Canadian americana,Country/Americana
Canadian black metal,Metal
Canadian blues,Blues
Canadian ccm,R&B/Soul
Canadian celtic,Folk/Acoustic
Canadian children's music,Novelty/Spoken Word
Canadian choir,Classical/Orchestral
Canadian classical,Classical/Orchestral
Canadian classical piano,Classical/Orchestral
Canadian comedy,Novelty/Spoken Word
Canadian contemporary country,Country/Americana
Canadian contemporary r&b,R&B/Soul
Canadian country,Country/Americana
Canadian death metal,Metal
Canadian drill,Hip Hop/Rap
Canadian electronic,House & EDM
Canadian electropop,Pop
Canadian experimental,Alternative/Indie
Canadian folk,Folk/Acoustic
Canadian garage rock,Rock
Canadian hardcore,Punk/Hardcore
Canadian hip hop,Hip Hop/Rap
Canadian house,House & EDM
Canadian indie,Alternative/Indie
Canadian indie folk,Folk/Acoustic
Canadian indigenous,World/Traditional
Canadian indigenous hip hop,Hip Hop/Rap
Canadian latin,Latin
Canadian metal,Metal
Canadian metalcore,Metal
Canadian modern jazz,Jazz
Canadian old school hip hop,Hip Hop/Rap
Canadian pop,Pop
Canadian pop punk,Punk/Hardcore
Canadian post-hardcore,Punk/Hardcore
Canadian post-punk,Rock
Canadian post-rock,Alternative/Indie
Canadian psychedelic,Rock
Canadian psychedelic rock,Rock
Canadian punk,Punk/Hardcore
Canadian rock,Rock
Canadian rockabilly,Rock
Canadian shoegaze,Alternative/Indie
Canadian singer-songwriter,Folk/Acoustic
Canadian soundtrack,Soundtrack/Instrumental
Canadian stoner rock,Rock
Canadian trap,Hip Hop/Rap
Canadian underground hip hop,Hip Hop/Rap
Canberra indie,Alternative/Indie
Cancion infantil latinoamericana,Novelty/Spoken Word
Cancion infantil mexicana,Novelty/Spoken Word
Cancion melodica,Latin
Cancoes infantis,Novelty/Spoken Word
Candombe,Latin
Candomble,World/Traditional
Candy pop,Pop
Cantaditas,Latin
Cantata,Classical/Orchestral
Cantautor,Folk/Acoustic
Cantautor catala,Folk/Acoustic
Cantautora argentina,Folk/Acoustic
Cante alentejano,Folk/Acoustic
Cante flamenco,World/Traditional
Canterbury scene,Rock
Canti alpini,Folk/Acoustic
Canto a tenore,World/Traditional
Canto popular uruguayo,Folk/Acoustic
Cantonese opera,Classical/Orchestral
Cantonese traditional,World/Traditional
Cantonese worship,R&B/Soul
Cantopop,Pop
Cantorial,Classical/Orchestral
Canzone d'autore,Pop
Canzone genovese,Pop
Canzone napoletana,World/Traditional
Canzone siciliane,Folk/Acoustic
Cape breton folk,Folk/Acoustic
Cape breton indie,Alternative/Indie
Cape jazz,Jazz
Cape town indie,Alternative/Indie
Cape verdean folk,Folk/Acoustic
Capoeira,Latin
Capriccio,Classical/Orchestral
Caracas indie,Alternative/Indie
Cardiff indie,Alternative/Indie
Caribbean metal,Metal
Carimbo,Latin
Carimbã³,Latin
Carnatic,World/Traditional
Carnatic instrumental,World/Traditional
Carnatic vocal,World/Traditional
Carnaval,Latin
Carnaval cadiz,Pop
Carnaval limburg,Pop
Cartoni animati,Novelty/Spoken Word
Cartoon,Novelty/Spoken Word
Cascadia psych,Rock
Cascadian black metal,Metal
Catalan folk,Folk/Acoustic
Catalan music,World/Traditional
Cathedral choir,Classical/Orchestral
Caucasian classical,Classical/Orchestral
Caucasian classical piano,Classical/Orchestral
Caucasian folk,Folk/Acoustic
Cavernous death metal,Metal
Ccm,R&B/Soul
Cdmx indie,Alternative/Indie
Cdo indie,Alternative/Indie
Cedm,House & EDM
Ceilidh,Folk/Acoustic
Cello,Classical/Orchestral
Celtic,Folk/Acoustic
Celtic harp,Folk/Acoustic
Celtic metal,Metal
Celtic punk,Punk/Hardcore
Celtic rock,Rock
Central american metal,Metal
Central asian folk,Folk/Acoustic
Central asian hip hop,Hip Hop/Rap
Cerkes muzikleri,World/Traditional
Ceske chvaly,R&B/Soul
Cha-cha,Latin
Cha-cha-cha,Latin
Chaabi algerien,World/Traditional
Chaabi marocain,World/Traditional
Chabad niggunim,World/Traditional
Chacarera,Latin
Chain punk,Punk/Hardcore
Chakma pop,Pop
Chakra,New Age/Meditation
Chalga,World/Traditional
Chamame,Latin
Chamame brasilero,Latin
Chamamã©,Latin
Chamber choir,Classical/Orchestral
Chamber ensemble,Classical/Orchestral
Chamber folk,Folk/Acoustic
Chamber music,Classical/Orchestral
Chamber orchestra,Classical/Orchestral
Chamber pop,Pop
Chamber psych,Alternative/Indie
Chamorro pop,Pop
Champeta,Latin
Channel islands indie,Alternative/Indie
Channel pop,Pop
Chanson,Pop
Chanson humoristique,Pop
Chanson paillarde,Pop
Chanson quebecois,Folk/Acoustic
Chanson virale,Pop
Chant basque,Folk/Acoustic
Chant religieux,Classical/Orchestral
Chaotic black metal,Metal
Chaotic hardcore,Punk/Hardcore
Chapman stick,Jazz
Charanga,Latin
Charango,Latin
Charlotte nc indie,Alternative/Indie
Charlottesville indie,Alternative/Indie
Charred death,Metal
Chasidic pop,Pop
Chattanooga indie,Alternative/Indie
Chechen pop,Pop
Chennai indie,Alternative/Indie
Chhattisgarhi pop,Pop
Chicago blues,Blues
Chicago bop,Jazz
Chicago drill,Hip Hop/Rap
Chicago hardcore,Punk/Hardcore
Chicago house,House & EDM
Chicago indie,Alternative/Indie
Chicago mexican,Latin
Chicago pop punk,Punk/Hardcore
Chicago punk,Punk/Hardcore
Chicago rap,Hip Hop/Rap
Chicago soul,R&B/Soul
Chicano punk,Punk/Hardcore
Chicano rap,Hip Hop/Rap
Chicha,Latin
Chihuahua indie,Alternative/Indie
Children's,Novelty/Spoken Word
Children's choir,Classical/Orchestral
Children's folk,Folk/Acoustic
Children's music,Novelty/Spoken Word
Children's story,Novelty/Spoken Word
Chilean black metal,Metal
Chilean hardcore,Punk/Hardcore
Chilean indie,Alternative/Indie
Chilean metal,Metal
Chilean rock,Rock
Chilena,Latin
Chill baile,Latin
Chill beats,Hip Hop/Rap
Chill breakcore,Bass Music
Chill drill,Hip Hop/Rap
Chill groove,Pop
Chill guitar,Folk/Acoustic
Chill lounge,Pop
Chill out,Ambient & Experimental Electronic
Chill pop,Pop
Chill r&b,R&B/Soul
Chill-out trance,Techno & Trance
Chillhop,Hip Hop/Rap
Chillstep,Ambient & Experimental Electronic
Chillsynth,Ambient & Experimental Electronic
Chillwave,Ambient & Experimental Electronic
Chimurenga,World/Traditional
Chinderlieder,Novelty/Spoken Word
Chinese audiophile,Pop
Chinese classical,Classical/Orchestral
Chinese classical performance,Classical/Orchestral
Chinese classical piano,Classical/Orchestral
Chinese drama ost,Soundtrack/Instrumental
Chinese electronic,House & EDM
Chinese electropop,Pop
Chinese experimental,Alternative/Indie
Chinese folk,Folk/Acoustic
Chinese hip hop,Hip Hop/Rap
Chinese idol pop,Pop
Chinese indie,Alternative/Indie
Chinese indie pop,Pop
Chinese indie rock,Alternative/Indie
Chinese instrumental,Soundtrack/Instrumental
Chinese jazz,Jazz
Chinese manyao,World/Traditional
Chinese melodic rap,Hip Hop/Rap
Chinese metal,Metal
Chinese metalcore,Metal
Chinese minyao,World/Traditional
Chinese new year,Pop
Chinese opera,Classical/Orchestral
Chinese post-punk,Rock
Chinese post-rock,Alternative/Indie
Chinese punk,Punk/Hardcore
Chinese r&b,R&B/Soul
Chinese singer-songwriter,Folk/Acoustic
Chinese soundtrack,Soundtrack/Instrumental
Chinese talent show,Pop
Chinese traditional,World/Traditional
Chinese viral pop,Pop
Chinese wind,World/Traditional
Chinese worship,R&B/Soul
Chip hop,Hip Hop/Rap
Chiptune,Ambient & Experimental Electronic
Chopped and screwed,Hip Hop/Rap
Choral,Classical/Orchestral
Choro,Latin
Choro contemporaneo,Latin
Christchurch indie,Alternative/Indie
Christelijk,R&B/Soul
Christian a cappella,R&B/Soul
Christian afrobeat,World/Traditional
Christian alternative rock,Rock
Christian dance,House & EDM
Christian deathcore,Metal
Christian hard rock,Rock
Christian hardcore,Punk/Hardcore
Christian hip hop,Hip Hop/Rap
Christian indie,Alternative/Indie
Christian lo-fi,Hip Hop/Rap
Christian metal,Metal
Christian metalcore,Metal
Christian music,R&B/Soul
Christian pop,Pop
Christian power metal,Metal
Christian punk,Punk/Hardcore
Christian rock,Rock
Christian symphonic metal,Metal
Christian thrash metal,Metal
Christian trap,Hip Hop/Rap
Christian uplift,R&B/Soul
Christlicher rap,Hip Hop/Rap
Christmas instrumental,New Age/Meditation
Christmas product,Pop
Chutney,World/Traditional
Cifteli,World/Traditional
Cimbalom,World/Traditional
Cimbalova muzika,World/Traditional
Cincinnati indie,Alternative/Indie
Cincinnati rap,Hip Hop/Rap
Cinematic dubstep,Bass Music
Cinematic post-rock,Alternative/Indie
Circassian folk,Folk/Acoustic
Circuit,House & EDM
Circus,Novelty/Spoken Word
City pop,Pop
Clap and tap,Pop
Classic afrobeat,World/Traditional
Classic anime,Soundtrack/Instrumental
Classic arab pop,Pop
Classic assamese pop,Pop
Classic australian country,Country/Americana
Classic azeri pop,Pop
Classic bangla pop,Pop
Classic belgian pop,Pop
Classic bhangra,World/Traditional
Classic bollywood,Soundtrack/Instrumental
Classic bulgarian pop,Pop
Classic canadian rock,Rock
Classic cantopop,Pop
Classic city pop,Pop
Classic colombian pop,Pop
Classic country pop,Country/Americana
Classic czech pop,Pop
Classic danish pop,Pop
Classic danish rock,Rock
Classic disco polo,Pop
Classic dubstep,Bass Music
Classic dutch pop,Pop
Classic female blues,Blues
Classic finnish pop,Pop
Classic finnish rock,Rock
Classic french pop,Pop
Classic garage rock,Rock
Classic girl group,Pop
Classic greek pop,Pop
Classic greek rock,Rock
Classic hardstyle,Bass Music
Classic house,House & EDM
Classic hungarian pop,Pop
Classic hungarian rock,Rock
Classic icelandic pop,Pop
Classic indo pop,Pop
Classic indonesian rock,Rock
Classic iskelma,Pop
Classic israeli pop,Pop
Classic italian folk pop,Pop
Classic italian pop,Pop
Classic j-pop,Pop
Classic j-rock,Rock
Classic japanese jazz,Jazz
Classic k-pop,Pop
Classic kollywood,Soundtrack/Instrumental
Classic konkani pop,Pop
Classic korean pop,Pop
Classic latvian pop,Pop
Classic luk thung,World/Traditional
Classic malaysian pop,Pop
Classic mandopop,Pop
Classic moroccan pop,Pop
Classic nepali pop,Pop
Classic norwegian pop,Pop
Classic nz country,Country/Americana
Classic nz pop,Pop
Classic opm,Pop
Classic pakistani pop,Pop
Classic persian pop,Pop
Classic peruvian pop,Pop
Classic polish pop,Pop
Classic portuguese pop,Pop
Classic praise,R&B/Soul
Classic progressive house,House & EDM
Classic psychedelic rock,Rock
Classic punjabi pop,Pop
Classic rock,Rock
Classic romanian pop,Pop
Classic russian pop,Pop
Classic russian rock,Rock
Classic schlager,Pop
Classic sierreno,Latin
Classic sinhala pop,Pop
Classic soul,R&B/Soul
Classic soundtrack,Soundtrack/Instrumental
Classic sudanese pop,Pop
Classic swedish pop,Pop
Classic thai pop,Pop
Classic tollywood,Soundtrack/Instrumental
Classic tunisian pop,Pop
Classic turkish pop,Pop
Classic uk pop,Pop
Classic ukrainian pop,Pop
Classic venezuelan pop,Pop
Classical,Classical/Orchestral
Classical accordion,Classical/Orchestral
Classical baritone,Classical/Orchestral
Classical bass,Classical/Orchestral
Classical bassoon,Classical/Orchestral
Classical cello,Classical/Orchestral
Classical clarinet,Classical/Orchestral
Classical contralto,Classical/Orchestral
Classical countertenor,Classical/Orchestral
Classical era,Classical/Orchestral
Classical flute,Classical/Orchestral
Classical guitar,Classical/Orchestral
Classical guitar duo,Classical/Orchestral
Classical guitar quartet,Classical/Orchestral
Classical harp,Classical/Orchestral
Classical horn,Classical/Orchestral
Classical jazz fusion,Jazz
Classical mandolin,Classical/Orchestral
Classical mezzo-soprano,Classical/Orchestral
Classical oboe,Classical/Orchestral
Classical organ,Classical/Orchestral
Classical percussion,Classical/Orchestral
Classical performance,Classical/Orchestral
Classical piano,Classical/Orchestral
Classical piano duo,Classical/Orchestral
Classical piano trio,Classical/Orchestral
Classical saxophone,Classical/Orchestral
Classical saxophone quartet,Classical/Orchestral
Classical soprano,Classical/Orchestral
Classical string trio,Classical/Orchestral
Classical tenor,Classical/Orchestral
Classical trombone,Classical/Orchestral
Classical trumpet,Classical/Orchestral
Classical tuba,Classical/Orchestral
Classify,Other
Clawhammer banjo,Folk/Acoustic
Clean comedy,Novelty/Spoken Word
Cleveland indie,Alternative/Indie
Cleveland metal,Metal
Cloud rap,Hip Hop/Rap
Cobla,Folk/Acoustic
Coco,Latin
Cocuk masallari,Novelty/Spoken Word
Cocuk sarkilari,Novelty/Spoken Word
Coldwave,Ambient & Experimental Electronic
Collage pop,Pop
College a cappella,Pop
College marching band,Classical/Orchestral
Cologne electronic,House & EDM
Cologne hip hop,Hip Hop/Rap
Cologne indie,Alternative/Indie
Colombian black metal,Metal
Colombian death metal,Metal
Colombian electronic,House & EDM
Colombian hardcore,Punk/Hardcore
Colombian hip hop,Hip Hop/Rap
Colombian indie,Alternative/Indie
Colombian pop,Pop
Colombian rock,Rock
Colorado hardcore,Punk/Hardcore
Columbus ohio indie,Alternative/Indie
Combos nacionales,Latin
Comedia,Novelty/Spoken Word
Comedie musicale,Soundtrack/Instrumental
Comedienne,Novelty/Spoken Word
Comedy,Novelty/Spoken Word
Comedy rap,Hip Hop/Rap
Comedy rock,Rock
Comfy synth,Ambient & Experimental Electronic
Comic,Novelty/Spoken Word
Comic metal,Metal
Commons,Other
Compas,Reggae/Caribbean
Complextro,House & EDM
Compositional ambient,Ambient & Experimental Electronic
Comptine,Novelty/Spoken Word
Comptine africaine,Novelty/Spoken Word
Concepcion indie,Alternative/Indie
Concert band,Classical/Orchestral
Concert film,Soundtrack/Instrumental
Concertina,Folk/Acoustic
Concerto,Classical/Orchestral
Concerto grosso,Classical/Orchestral
Concurso de talentos argentino,Pop
Congolese gospel,R&B/Soul
Conjunto,Latin
Connecticut hardcore,Punk/Hardcore
Connecticut indie,Alternative/Indie
Conscious,Hip Hop/Rap
Conscious hip hop,Hip Hop/Rap
Contemporary,Classical/Orchestral
Contemporary choir,Classical/Orchestral
Contemporary classical,Classical/Orchestral
Contemporary classical piano,Classical/Orchestral
Contemporary country,Country/Americana
Contemporary folk,Folk/Acoustic
Contemporary gospel,R&B/Soul
Contemporary jazz,Jazz
Contemporary post-bop,Jazz
Contemporary r&b,R&B/Soul
Contemporary vocal jazz,Jazz
Contrabass,Classical/Orchestral
Convent,Classical/Orchestral
Cook islands pop,Pop
Cool jazz,Jazz
Copla,World/Traditional
Coptic hymn,Classical/Orchestral
Coral gospel,R&B/Soul
Cork indie,Alternative/Indie
Cornetas y tambores,Classical/Orchestral
Cornish folk,Folk/Acoustic
Cornwall indie,Alternative/Indie
Corrido,Latin
Corridos adictivos,Latin
Corridos alternativos,Latin
Corridos clasicos,Latin
Corridos cristianos,Latin
Corridos tumbados,Latin
Corrosion,Metal
Corsican folk,Folk/Acoustic
Cosmic american,Country/Americana
Cosmic black metal,Metal
Cosmic death metal,Metal
Cosmic post-rock,Alternative/Indie
Cosmic uplifting trance,Techno & Trance
Country,Country/Americana
Country blues,Blues
Country boogie,Country/Americana
Country dawn,Country/Americana
Country gospel,R&B/Soul
Country pop,Country/Americana
Country quebecois,Country/Americana
Country rap,Hip Hop/Rap
Country road,Country/Americana
Country rock,Country/Americana
Coupe-decale,World/Traditional
Coventry indie,Alternative/Indie
Cover acustico,Folk/Acoustic
Coverchill,Ambient & Experimental Electronic
Covertrance,Techno & Trance
Covertronica,Ambient & Experimental Electronic
Cowboy western,Country/Americana
Cowpunk,Punk/Hardcore
Crack rock steady,Punk/Hardcore
Crank wave,Hip Hop/Rap
Cretan,World/Traditional
Croatian electronic,House & EDM
Croatian folk,Folk/Acoustic
Croatian hip hop,Hip Hop/Rap
Croatian indie,Alternative/Indie
Croatian metal,Metal
Croatian pop,Pop
Croatian rock,Rock
Crossover prog,Rock
Crossover thrash,Metal
Cruise,Pop
Crunk,Hip Hop/Rap
Crust,Punk/Hardcore
Crust punk,Punk/Hardcore
Cryptic black metal,Metal
Cuarteto,Latin
Cuatro,Latin
Cuatro puertorriqueno,Latin
Cuatro venezolano,Latin
Cuban alternative,Alternative/Indie
Cuban electronic,House & EDM
Cuban funk,Funk/Disco
Cuban rumba,Latin
Cubano,Latin
Cubaton,Latin
Cueca chilena,Latin
Cuento infantile,Novelty/Spoken Word
Cumbia,Latin
Cumbia 420,Latin
Cumbia amazonica,Latin
Cumbia andina mexicana,Latin
Cumbia boliviana,Latin
Cumbia chilena,Latin
Cumbia colombiana regia,Latin
Cumbia cristiana,Latin
Cumbia del sureste,Latin
Cumbia ecuatoriana,Latin
Cumbia editada,Latin
Cumbia funk,Latin
Cumbia lagunera,Latin
Cumbia paraguaya,Latin
Cumbia peruana,Latin
Cumbia pop,Latin
Cumbia ranchera,Latin
Cumbia salvadorena,Latin
Cumbia santafesina,Latin
Cumbia sonidera,Latin
Cumbia sonorense,Latin
Cumbia surena,Latin
Cumbia uruguaya,Latin
Cumbia villera,Latin
Currulao,Latin
Cut-up/dj,Ambient & Experimental Electronic
Cyber metal,Metal
Cybergrind,Metal
Cyberpunk,Ambient & Experimental Electronic
Cymraeg,Folk/Acoustic
Cypriot hip hop,Hip Hop/Rap
Cypriot metal,Metal
Cypriot pop,Pop
Czech alternative rap,Hip Hop/Rap
Czech classical,Classical/Orchestral
Czech classical piano,Classical/Orchestral
Czech contemporary classical,Classical/Orchestral
Czech country,Country/Americana
Czech drill,Hip Hop/Rap
Czech electronic,House & EDM
Czech experimental,Alternative/Indie
Czech folk,Folk/Acoustic
Czech folk rock,Folk/Acoustic
Czech hardcore,Punk/Hardcore
Czech hip hop,Hip Hop/Rap
Czech indie,Alternative/Indie
Czech jazz,Jazz
Czech metal,Metal
Czech pop,Pop
Czech pop rock,Rock
Czech psychedelic,Rock
Czech punk,Punk/Hardcore
Czech rock,Rock
Czech singer-songwriter,Folk/Acoustic
Czech swing,Jazz
Czsk black metal,Metal
Czsk electropop,Pop
Czsk emo rap,Hip Hop/Rap
Czsk hip hop,Hip Hop/Rap
Czsk hyperpop,Pop
Czsk reggae,Reggae/Caribbean
Czsk viral pop,Pop
D-beat,Punk/Hardcore
Dabke,World/Traditional
Dainuojamoji poezija,Folk/Acoustic
Dakke dak,House & EDM
Dalarna indie,Alternative/Indie
Dallas indie,Alternative/Indie
Dance pop,Pop
Dance rock,Rock
Dance-pop,Pop
Dance-punk,Punk/Hardcore
Dancefloor dnb,Bass Music
Dancehall,Reggae/Caribbean
Dancehall chileno,Reggae/Caribbean
Dancehall colombiano,Reggae/Caribbean
Dancehall guyanaise,Reggae/Caribbean
Dancehall queen,Reggae/Caribbean
Dances,Pop
Dangdut,World/Traditional
Dangdut koplo,World/Traditional
Dangdut remix,World/Traditional
Danish alternative rock,Alternative/Indie
Danish black metal,Metal
Danish choir,Classical/Orchestral
Danish classical,Classical/Orchestral
Danish contemporary classical,Classical/Orchestral
Danish death metal,Metal
Danish electro,House & EDM
Danish electronic,House & EDM
Danish electropop,Pop
Danish experimental,Alternative/Indie
Danish folk,Folk/Acoustic
Danish hardcore,Punk/Hardcore
Danish hip hop,Hip Hop/Rap
Danish indie,Alternative/Indie
Danish indie pop,Pop
Danish jazz,Jazz
Danish metal,Metal
Danish modern jazz,Jazz
Danish pop,Pop
Danish pop rock,Rock
Danish post-punk,Rock
Danish punk,Punk/Hardcore
Danish rock,Rock
Danish singer-songwriter,Folk/Acoustic
Danish techno,Techno & Trance
Dansband,Pop
Danseband,Pop
Dansei seiyu,Pop
Dansk comedy,Novelty/Spoken Word
Dansk lovsang,R&B/Soul
Dansktop,Pop
Danspunk,Punk/Hardcore
Danzon,Latin
Darbuka,World/Traditional
Dark ambient,Ambient & Experimental Electronic
Dark black metal,Metal
Dark cabaret,Pop
Dark clubbing,House & EDM
Dark disco,Funk/Disco
Dark electro,Ambient & Experimental Electronic
Dark electro-industrial,Ambient & Experimental Electronic
Dark folk,Folk/Acoustic
Dark hardcore,Punk/Hardcore
Dark jazz,Jazz
Dark minimal techno,Techno & Trance
Dark plugg,Hip Hop/Rap
Dark pop,Pop
Dark post-punk,Rock
Dark progressive house,House & EDM
Dark psytrance,Techno & Trance
Dark rock,Rock
Dark synthpop,Pop
Dark techno,Techno & Trance
Dark trap,Hip Hop/Rap
Dark wave,Ambient & Experimental Electronic
Darkstep,Bass Music
Darksynth,Ambient & Experimental Electronic
Darkwave,Ambient & Experimental Electronic
Dayton indie,Alternative/Indie
Dc hardcore,Punk/Hardcore
Dc indie,Alternative/Indie
Death 'n' roll,Metal
Death doom,Metal
Death industrial,Ambient & Experimental Electronic
Death metal,Metal
Deathcore,Metal
Deathgrass,Metal
Deathgrind,Metal
Deathrash,Metal
Deathrock,Rock
Deathstep,Bass Music
Deboxe,Hip Hop/Rap
Decije pesme,Novelty/Spoken Word
Deconstructed club,House & EDM
Deep acoustic pop,Pop
Deep active rock,Rock
Deep adult standards,Pop
Deep ambient,Ambient & Experimental Electronic
Deep big room,House & EDM
Deep brazilian pop,Pop
Deep breakcore,Bass Music
Deep ccm,R&B/Soul
Deep chill,Ambient & Experimental Electronic
Deep chill-out,Ambient & Experimental Electronic
Deep christian rock,Rock
Deep classic garage rock,Rock
Deep comedy,Novelty/Spoken Word
Deep contemporary country,Country/Americana
Deep dance pop,Pop
Deep darkpsy,Techno & Trance
Deep deep house,House & EDM
Deep deep tech house,House & EDM
Deep delta blues,Blues
Deep disco,Funk/Disco
Deep disco house,House & EDM
Deep discofox,Pop
Deep dnb,Bass Music
Deep downtempo fusion,Ambient & Experimental Electronic
Deep dubstep,Bass Music
Deep east coast hip hop,Hip Hop/Rap
Deep euro house,House & EDM
Deep eurodance,House & EDM
Deep filthstep,Bass Music
Deep flow,Hip Hop/Rap
Deep folk metal,Metal
Deep free jazz,Jazz
Deep freestyle,Hip Hop/Rap
Deep full on,Techno & Trance
Deep funk,Funk/Disco
Deep funk house,House & EDM
Deep funk ostentacao,Funk/Disco
Deep g funk,Hip Hop/Rap
Deep german hip hop,Hip Hop/Rap
Deep german indie,Alternative/Indie
Deep german punk,Punk/Hardcore
Deep gothic post-punk,Rock
Deep groove house,House & EDM
Deep happy hardcore,Garage & Breaks
Deep hardcore,Punk/Hardcore
Deep hardcore punk,Punk/Hardcore
Deep hardtechno,Techno & Trance
Deep house,House & EDM
Deep idm,Ambient & Experimental Electronic
Deep indie pop,Pop
Deep indie rock,Alternative/Indie
Deep indie singer-songwriter,Folk/Acoustic
Deep italo disco,Funk/Disco
Deep jazz fusion,Jazz
Deep latin alternative,Latin
Deep latin christian,R&B/Soul
Deep latin jazz,Jazz
Deep liquid,Bass Music
Deep liquid bass,Bass Music
Deep melodic death metal,Metal
Deep melodic hard rock,Rock
Deep melodic metalcore,Metal
Deep metalcore,Metal
Deep minimal techno,Techno & Trance
Deep motown,R&B/Soul
Deep neo-synthpop,Pop
Deep neofolk,Folk/Acoustic
Deep new americana,Country/Americana
Deep new wave,Pop
Deep norteno,Latin
Deep northern soul,R&B/Soul
Deep orgcore,Punk/Hardcore
Deep pop edm,Pop
Deep pop emo,Pop
Deep power-pop punk,Punk/Hardcore
Deep progressive house,House & EDM
Deep progressive rock,Rock
Deep progressive trance,Techno & Trance
Deep psychobilly,Rock
Deep psytrance,Techno & Trance
Deep punk rock,Punk/Hardcore
Deep r&b,R&B/Soul
Deep ragga,Reggae/Caribbean
Deep rai,World/Traditional
Deep smooth jazz,Jazz
Deep smooth r&b,R&B/Soul
Deep soft rock,Rock
Deep soul house,House & EDM
Deep soundtrack,Soundtrack/Instrumental
Deep southern soul,R&B/Soul
Deep southern trap,Hip Hop/Rap
Deep space rock,Rock
Deep sunset lounge,Pop
Deep surf music,Rock
Deep swedish rock,Rock
Deep symphonic black metal,Metal
Deep talent show,Pop
Deep tech house,House & EDM
Deep techno,Techno & Trance
Deep tropical house,House & EDM
Deep turkish pop,Pop
Deep underground hip hop,Hip Hop/Rap
Deep uplifting trance,Techno & Trance
Deep vocal house,House & EDM
Deep vocal jazz,Jazz
Delaware indie,Alternative/Indie
Delta blues,Blues
Dembow,Latin
Demoscene,Ambient & Experimental Electronic
Dennery segment,Reggae/Caribbean
Denpa-kei,Pop
Denton tx indie,Alternative/Indie
Denver indie,Alternative/Indie
Denver metal,Metal
Denver rap,Hip Hop/Rap
Depressive black metal,Metal
Derby indie,Alternative/Indie
Derry indie,Alternative/Indie
Descarga,Latin
Desert blues,Blues
Desi hip hop,Hip Hop/Rap
Desi pop,Pop
Desi trap,Hip Hop/Rap
Dessin anime,Novelty/Spoken Word
Destroy techno,Techno & Trance
Detroit hip hop,Hip Hop/Rap
Detroit house,House & EDM
Detroit indie,Alternative/Indie
Detroit rock,Rock
Detroit techno,Techno & Trance
Detroit trap,Hip Hop/Rap
Detske pesnicky,Novelty/Spoken Word
Detske pisnicky,Novelty/Spoken Word
Detski pesnichki,Novelty/Spoken Word
Detskie pesni,Novelty/Spoken Word
Detskie rasskazy,Novelty/Spoken Word
Deutschrock,Rock
Devon indie,Alternative/Indie
Dfw rap,Hip Hop/Rap
Dhrupad,World/Traditional
Dialogue,Novelty/Spoken Word
Dicsoites,Classical/Orchestral
Didgeridoo,World/Traditional
Digital hardcore,Punk/Hardcore
Dinner jazz,Jazz
Dirty south rap,Hip Hop/Rap
Dirty texas rap,Hip Hop/Rap
Disco,Funk/Disco
Disco house,House & EDM
Disco polo,Pop
Discofox,Pop
Dissonant death metal,Metal
Diva house,House & EDM
Divertimento,Classical/Orchestral
Dixieland,Jazz
Diy emo,Punk/Hardcore
Diy pop punk,Punk/Hardcore
Dizi,World/Traditional
Dj battle tool,Hip Hop/Rap
Djecje pjesme,Novelty/Spoken Word
Djembe,World/Traditional
Djent,Metal
Dmv rap,Hip Hop/Rap
Dogri pop,Pop
Dombra,World/Traditional
Dominican indie,Alternative/Indie
Dominican pop,Pop
Dong-yo,World/Traditional
Donk,House & EDM
Doo wop,R&B/Soul
Doo-wop,R&B/Soul
Doom metal,Metal
Doomcore,Metal
Doomgaze,Metal
Dortmund indie,Alternative/Indie
Double drumming,Other
Doujin,Pop
Downtempo,Ambient & Experimental Electronic
Downtempo bass,Bass Music
Downtempo deathcore,Metal
Downtempo fusion,Ambient & Experimental Electronic
Draaiorgel,Folk/Acoustic
Draga,World/Traditional
Dragspel,Folk/Acoustic
Drain,Hip Hop/Rap
Drama,Novelty/Spoken Word
Dream pop,Alternative/Indie
Dream trance,Techno & Trance
Dreamgaze,Alternative/Indie
Dreamo,Pop
Dreampunk,Ambient & Experimental Electronic
Dresden indie,Alternative/Indie
Drift,Hip Hop/Rap
Drift phonk,Hip Hop/Rap
Drikkelek,Pop
Drill,Hip Hop/Rap
Drill and bass,Bass Music
Drill beats,Hip Hop/Rap
Drill brasileiro,Hip Hop/Rap
Drill chileno,Hip Hop/Rap
Drill dominicano,Hip Hop/Rap
Drill espanol,Hip Hop/Rap
Drill francais,Hip Hop/Rap
Drill italiana,Hip Hop/Rap
Drill tuga,Hip Hop/Rap
Drone,Ambient & Experimental Electronic
Drone ambient,Ambient & Experimental Electronic
Drone folk,Folk/Acoustic
Drone metal,Metal
Drone psych,Rock
Drone rock,Rock
Dronescape,Ambient & Experimental Electronic
Drum and bass,Bass Music
Drum n bass,Bass Music
Drumfunk,Bass Music
Dub,Reggae/Caribbean
Dub brasileiro,Reggae/Caribbean
Dub metal,Metal
Dub poetry,Reggae/Caribbean
Dub product,Reggae/Caribbean
Dub punk,Punk/Hardcore
Dub reggae,Reggae/Caribbean
Dub techno,Techno & Trance
Dublin indie,Alternative/Indie
Dubstep,Bass Music
Dubstep product,Bass Music
Dubsteppe,Bass Music
Duduk,World/Traditional
Duhovne pjesme,Classical/Orchestral
Duluth indie,Alternative/Indie
Dundee indie,Alternative/Indie
Dunedin indie,Alternative/Indie
Dunedin sound,Alternative/Indie
Dungeon synth,Ambient & Experimental Electronic
Duranguense,Latin
Dusseldorf electronic,House & EDM
Dusseldorf indie,Alternative/Indie
Dutch americana,Country/Americana
Dutch black metal,Metal
Dutch blues,Blues
Dutch cabaret,Pop
Dutch classical piano,Classical/Orchestral
Dutch contemporary classical,Classical/Orchestral
Dutch death metal,Metal
Dutch dnb,Bass Music
Dutch drill,Hip Hop/Rap
Dutch edm,House & EDM
Dutch experimental,Alternative/Indie
Dutch experimental electronic,Ambient & Experimental Electronic
Dutch folk,Folk/Acoustic
Dutch hip hop,Hip Hop/Rap
Dutch house,House & EDM
Dutch idol pop,Pop
Dutch indie,Alternative/Indie
Dutch indie rock,Alternative/Indie
Dutch jazz,Jazz
Dutch metal,Metal
Dutch moombahton,Bass Music
Dutch musical,Soundtrack/Instrumental
Dutch pop,Pop
Dutch prog,Rock
Dutch punk,Punk/Hardcore
Dutch punk rock,Punk/Hardcore
Dutch r&b,R&B/Soul
Dutch rap pop,Hip Hop/Rap
Dutch rock,Rock
Dutch singer-songwriter,Folk/Acoustic
Dutch stoner rock,Rock
Dutch tech house,House & EDM
Dutch trance,Techno & Trance
Dutch trap,Hip Hop/Rap
Dutch underground hip hop,Hip Hop/Rap
Dweilorkest,Pop
Dytyachi pisni,Novelty/Spoken Word
Early,Classical/Orchestral
Early american folk,Folk/Acoustic
Early avant garde,Ambient & Experimental Electronic
Early french punk,Punk/Hardcore
Early modern classical,Classical/Orchestral
Early music,Classical/Orchestral
Early music choir,Classical/Orchestral
Early music ensemble,Classical/Orchestral
Early reggae,Reggae/Caribbean
Early romantic era,Classical/Orchestral
Early synthpop,Pop
Early us punk,Punk/Hardcore
East anglia indie,Alternative/Indie
East coast blues,Blues
East coast hip hop,Hip Hop/Rap
East coast reggae,Reggae/Caribbean
Eastern bloc groove,Pop
Easy listening,Pop
Easycore,Punk/Hardcore
Eau claire indie,Alternative/Indie
Ebm,Ambient & Experimental Electronic
Ecm-style jazz,Jazz
Ectofolk,Folk/Acoustic
Ecuadorian alternative rock,Alternative/Indie
Ecuadorian indie,Alternative/Indie
Ecuadorian pop,Pop
Edinburgh indie,Alternative/Indie
Edinburgh metal,Metal
Edm,House & EDM
Edmonton indie,Alternative/Indie
Education,Novelty/Spoken Word
Educational,Novelty/Spoken Word
Egg punk,Punk/Hardcore
Egyptian alternative,Alternative/Indie
Egyptian hip hop,Hip Hop/Rap
Egyptian pop,Pop
Egyptian traditional,World/Traditional
Egyptian trap,Hip Hop/Rap
El paso indie,Alternative/Indie
Electra,Pop
Electric bass,Jazz
Electric blues,Blues
Electro,House & EDM
Electro bailando,House & EDM
Electro dub,House & EDM
Electro house,House & EDM
Electro jazz,Jazz
Electro latino,Latin
Electro swing,Funk/Disco
Electro trash,House & EDM
Electro-industrial,Ambient & Experimental Electronic
Electro-pop francais,Pop
Electroacoustic,Ambient & Experimental Electronic
Electroacoustic composition,Ambient & Experimental Electronic
Electroacoustic improvisation,Ambient & Experimental Electronic
Electroclash,House & EDM
Electrofox,House & EDM
Electronic,House & EDM
Electronic djent,Metal
Electronic rock,Rock
Electronic trap,Hip Hop/Rap
Electronica,Ambient & Experimental Electronic
Electronica argentina,House & EDM
Electronica chilena,House & EDM
Electronica cristiana,House & EDM
Electronica peruana,House & EDM
Electronica venezuela,House & EDM
Electronicore,Metal
Electropop,Pop
Electropowerpop,Pop
Elektropunk,Punk/Hardcore
Elephant 6,Alternative/Indie
Eletronica underground brasileira,House & EDM
Emo,Punk/Hardcore
Emo mexicano,Punk/Hardcore
Emo punk,Punk/Hardcore
Emo rap,Hip Hop/Rap
Emo rap italiano,Hip Hop/Rap
Emo trap en espanol,Hip Hop/Rap
Emo trap italiana,Hip Hop/Rap
Emocore,Punk/Hardcore
Emoplugg,Hip Hop/Rap
Emoviolence,Punk/Hardcore
English baroque,Classical/Orchestral
English indie rock,Alternative/Indie
English renaissance,Classical/Orchestral
Enka,Pop
Entehno,World/Traditional
Environmental,New Age/Meditation
Epa dunk,Country/Americana
Epic black metal,Metal
Epic doom,Metal
Epicore,Metal
Epunk,Punk/Hardcore
Er ge,World/Traditional
Erhu,World/Traditional
Eritrean pop,Pop
Erotic,Other
Erotic product,Other
Erotica,Other
Escape room,Other
Esperanto,Other
Essex indie,Alternative/Indie
Estonian electronic,House & EDM
Estonian folk,Folk/Acoustic
Estonian hip hop,Hip Hop/Rap
Estonian indie,Alternative/Indie
Estonian jazz,Jazz
Estonian metal,Metal
Estonian pop,Pop
Estonian rock,Rock
Ethereal,Ambient & Experimental Electronic
Ethereal gothic,Alternative/Indie
Ethereal wave,Ambient & Experimental Electronic
Etherpop,Pop
Ethio-jazz,Jazz
Ethiopian pop,Pop
Ethiopian traditional,World/Traditional
Ethno-pop,Pop
Ethnomusicology,World/Traditional
Ethnotronica,World/Traditional
Etude,Classical/Orchestral
Eugene indie,Alternative/Indie
Euphonium,Classical/Orchestral
Euphoric hardstyle,Bass Music
Euro hi-nrg,House & EDM
Euro house,House & EDM
Euro trance,Techno & Trance
Euro-disco,Funk/Disco
Eurobeat,Pop
Eurodance,House & EDM
Europop,Pop
Euroska,Reggae/Caribbean
Euskal indie,Alternative/Indie
Euskal metal,Metal
Euskal musica,World/Traditional
Euskal rock,Rock
Eventyr,Novelty/Spoken Word
Exotica,Pop
Experimental,Ambient & Experimental Electronic
Experimental ambient,Ambient & Experimental Electronic
Experimental bass,Bass Music
Experimental big band,Jazz
Experimental black metal,Metal
Experimental classical,Classical/Orchestral
Experimental club,House & EDM
Experimental dub,Reggae/Caribbean
Experimental dubstep,Bass Music
Experimental electronic,Ambient & Experimental Electronic
Experimental folk,Folk/Acoustic
Experimental guitar,Alternative/Indie
Experimental hip hop,Hip Hop/Rap
Experimental house,House & EDM
Experimental indie,Alternative/Indie
Experimental indie rock,Alternative/Indie
Experimental jazz,Jazz
Experimental percussion,Classical/Orchestral
Experimental poetry,Alternative/Indie
Experimental pop,Pop
Experimental psych,Rock
Experimental r&b,R&B/Soul
Experimental rock,Alternative/Indie
Experimental synth,Ambient & Experimental Electronic
Experimental techno,Techno & Trance
Experimental vocal,Classical/Orchestral
Expressionist,Classical/Orchestral
Fado,World/Traditional
Fado antigo,World/Traditional
Fado de coimbra,World/Traditional
Fado instrumental,World/Traditional
Fake,Other
Fallen angel,Alternative/Indie
Family gospel,R&B/Soul
Fan chant,Pop
Fantasia,Classical/Orchestral
Fantasy,Soundtrack/Instrumental
Faroese folk,Folk/Acoustic
Faroese indie,Alternative/Indie
Faroese jazz,Jazz
Faroese pop,Pop
Faroese rock,Rock
Fast melodic punk,Punk/Hardcore
Favela funk,Funk/Disco
Festigal,Pop
Fictitious orchestra,Soundtrack/Instrumental
Fidget house,House & EDM
Field recording,New Age/Meditation
Fife and drum,Classical/Orchestral
Fijian pop,Pop
Filk,Other
Filmi,Soundtrack/Instrumental
Filter house,House & EDM
Filthstep,Bass Music
Fingerstyle,Folk/Acoustic
Finlandssvenska musik,Pop
Finnish alternative rock,Alternative/Indie
Finnish black metal,Metal
Finnish blues,Blues
Finnish choir,Classical/Orchestral
Finnish classical,Classical/Orchestral
Finnish contemporary classical,Classical/Orchestral
Finnish dance pop,Pop
Finnish death metal,Metal
Finnish doom metal,Metal
Finnish drill,Hip Hop/Rap
Finnish edm,House & EDM
Finnish electro,House & EDM
Finnish electronic,House & EDM
Finnish experimental,Alternative/Indie
Finnish folk,Folk/Acoustic
Finnish hard rock,Rock
Finnish hardcore,Punk/Hardcore
Finnish heavy metal,Metal
Finnish hip hop,Hip Hop/Rap
Finnish idol pop,Pop
Finnish indie,Alternative/Indie
Finnish jazz,Jazz
Finnish melodeath,Metal
Finnish metal,Metal
Finnish metalcore,Metal
Finnish modern jazz,Jazz
Finnish new wave,Pop
Finnish pop,Pop
Finnish pop punk,Punk/Hardcore
Finnish post-punk,Rock
Finnish power metal,Metal
Finnish progressive metal,Metal
Finnish progressive rock,Rock
Finnish psychedelic rock,Rock
Finnish punk,Punk/Hardcore
Finnish reggae,Reggae/Caribbean
Finnish rockabilly,Rock
Finnish soul,R&B/Soul
Finnish tango,Latin
Finnish techno,Techno & Trance
Finnish trap,Hip Hop/Rap
Finnish worship,R&B/Soul
Firenze indie,Alternative/Indie
Fisarmonica,Folk/Acoustic
Flamenco,World/Traditional
Flamenco fusion,World/Traditional
Flamenco guitar,World/Traditional
Flamenco urbano,World/Traditional
Flemish folk,Folk/Acoustic
Flick hop,Hip Hop/Rap
Flint hip hop,Hip Hop/Rap
Float house,House & EDM
Florida death metal,Metal
Florida drill,Hip Hop/Rap
Florida hardcore,Punk/Hardcore
Florida rap,Hip Hop/Rap
Flute rock,Rock
Fluxwork,Ambient & Experimental Electronic
Fo jing,World/Traditional
Focus,New Age/Meditation
Focus beats,Hip Hop/Rap
Focus trance,Techno & Trance
Fogo pentecostal,R&B/Soul
Folclor afrocolombiano,World/Traditional
Folclor colombiano,Folk/Acoustic
Folclore castilla y leon,Folk/Acoustic
Folclore extremeno,Folk/Acoustic
Folclore jujeno,Folk/Acoustic
Folclore navarra,Folk/Acoustic
Folclore portugues,Folk/Acoustic
Folclore salteno,Folk/Acoustic
Folclore santiagueno,Folk/Acoustic
Folclore tucumano,Folk/Acoustic
Folk,Folk/Acoustic
Folk black metal,Metal
Folk brasileiro,Folk/Acoustic
Folk cantabria,Folk/Acoustic
Folk metal,Metal
Folk metal latinoamericano,Metal
Folk punk,Punk/Hardcore
Folk rock,Folk/Acoustic
Folk rock italiano,Rock
Folk siciliana,Folk/Acoustic
Folk-pop,Folk/Acoustic
Folklore argentino,Folk/Acoustic
Folklore boliviano,Folk/Acoustic
Folklore chileno,Folk/Acoustic
Folklore cuyano,Folk/Acoustic
Folklore ecuatoriano,Folk/Acoustic
Folklore nuevo argentino,Folk/Acoustic
Folklore panameno,Folk/Acoustic
Folklore paraguayo,Folk/Acoustic
Folklore peruano,Folk/Acoustic
Folklore quebecois,Folk/Acoustic
Folklore surero,Folk/Acoustic
Folklore uruguayo,Folk/Acoustic
Folklore venezolano,Folk/Acoustic
Folklore veracruzano,Folk/Acoustic
Folkmusik,Folk/Acoustic
Folktronica,Folk/Acoustic
Football,Other
Footwork,Bass Music
Forest black metal,Metal
Forest psy,Techno & Trance
Formes fixes,Classical/Orchestral
Forro,Latin
Forro de favela,Latin
Forro gospel,Latin
Forro instrumental,Latin
Forro manauara,Latin
Forro tradicional,Latin
Forrã³,Latin
Fort wayne indie,Alternative/Indie
Fort worth indie,Alternative/Indie
Fotbollslatar,Pop
Fourth world,World/Traditional
Franco-flemish school,Classical/Orchestral
Francoton,Pop
Frankfurt electronic,House & EDM
Frankfurt indie,Alternative/Indie
Frauenrap,Hip Hop/Rap
Freak folk,Folk/Acoustic
Freakbeat,Rock
Free folk,Folk/Acoustic
Free funk,Funk/Disco
Free improvisation,Jazz
Free jazz,Jazz
Freeform hardcore,Garage & Breaks
Freestyle,Hip Hop/Rap
Freetekno,Techno & Trance
Fremantle indie,Alternative/Indie
French baroque,Classical/Orchestral
French black metal,Metal
French classical piano,Classical/Orchestral
French contemporary classical,Classical/Orchestral
French death metal,Metal
French dnb,Bass Music
French dub,Reggae/Caribbean
French experimental rock,Alternative/Indie
French folk,Folk/Acoustic
French folk pop,Folk/Acoustic
French garage rock,Rock
French hardcore,Punk/Hardcore
French hip hop,Hip Hop/Rap
French house,House & EDM
French indie folk,Folk/Acoustic
French indie pop,Pop
French indietronica,Alternative/Indie
French jazz,Jazz
French metal,Metal
French movie tunes,Soundtrack/Instrumental
French oi,Punk/Hardcore
French opera,Classical/Orchestral
French orchestra,Classical/Orchestral
French pop,Pop
French post-punk,Rock
French post-rock,Alternative/Indie
French psychedelic,Rock
French punk,Punk/Hardcore
French reggae,Reggae/Caribbean
French renaissance,Classical/Orchestral
French rock,Rock
French rock-and-roll,Rock
French rockabilly,Rock
French romanticism,Classical/Orchestral
French shoegaze,Alternative/Indie
French soundtrack,Soundtrack/Instrumental
French stoner rock,Rock
French synthpop,Pop
French tech house,House & EDM
French techno,Techno & Trance
French worship,R&B/Soul
Frenchcore,Garage & Breaks
Frevo,Latin
Friese muziek,Folk/Acoustic
Fuji,World/Traditional
Full on,Techno & Trance
Funana,World/Traditional
Funanã¡,World/Traditional
Funeral doom,Metal
Funeral doom metal,Metal
Funk,Funk/Disco
Funk / soul,Funk/Disco
Funk 150 bpm,Funk/Disco
Funk bh,Funk/Disco
Funk capixaba,Funk/Disco
Funk carioca,Funk/Disco
Funk consciente,Funk/Disco
Funk das antigas,Funk/Disco
Funk evangelico,Funk/Disco
Funk mandelao,Funk/Disco
Funk melody,Funk/Disco
Funk metal,Metal
Funk mexicano,Funk/Disco
Funk mtg,Funk/Disco
Funk ostentacao,Funk/Disco
Funk paulista,Funk/Disco
Funk pop,Funk/Disco
Funk rj,Funk/Disco
Funk rock,Rock
Funk viral,Funk/Disco
Funkot,House & EDM
Funky breaks,Garage & Breaks
Funky house,House & EDM
Funky tech house,House & EDM
Fusion,Jazz
Fussball,Other
Future ambient,Ambient & Experimental Electronic
Future bass,Bass Music
Future funk,Funk/Disco
Future garage,House & EDM
Future house,House & EDM
Future jazz,Jazz
Future pop,Pop
Future rock,Rock
Futurepop,Pop
Futurism,Classical/Orchestral
Futuristic swag,Hip Hop/Rap
G funk,Hip Hop/Rap
G-funk,Hip Hop/Rap
G-house,House & EDM
Gabba,Garage & Breaks
Gabber,Garage & Breaks
Gabonese pop,Pop
Gaddiyali pop,Pop
Gagaku,World/Traditional
Gaian doom,Metal
Gainesville indie,Alternative/Indie
Gaita,Latin
Gaita zuliana,Latin
Galante era,Classical/Orchestral
Galego,Folk/Acoustic
Galician folk,Folk/Acoustic
Galician indie,Alternative/Indie
Galician jazz,Jazz
Galician rock,Rock
Galician traditional,Folk/Acoustic
Galway indie,Alternative/Indie
Gambian hip hop,Hip Hop/Rap
Gambian pop,Pop
Game mood,Soundtrack/Instrumental
Gamecore,Soundtrack/Instrumental
Gamelan,World/Traditional
Gaming dubstep,Bass Music
Gaming edm,House & EDM
Gangsta,Hip Hop/Rap
Gangster rap,Hip Hop/Rap
Garage house,House & EDM
Garage pop,Pop
Garage psych,Rock
Garage punk,Punk/Hardcore
Garage punk blues,Rock
Garage rock,Rock
Garage rock mexicano,Rock
Garage rock revival,Rock
Garhwali pop,Pop
Garifuna folk,Folk/Acoustic
Garo pop,Pop
Gauze pop,Pop
Gay chorus,Classical/Orchestral
Gayageum,World/Traditional
Gbvfi,Other
Geek folk,Folk/Acoustic
Geek rock,Alternative/Indie
Geet,World/Traditional
Geinin song,Pop
Gen z singer-songwriter,Folk/Acoustic
Gengetone,World/Traditional
Georgian alternative,Alternative/Indie
Georgian electronic,House & EDM
Georgian folk,Folk/Acoustic
Georgian hip hop,Hip Hop/Rap
Georgian polyphony,World/Traditional
Georgian pop,Pop
German alternative rap,Hip Hop/Rap
German alternative rock,Alternative/Indie
German baroque,Classical/Orchestral
German black metal,Metal
German blues,Blues
German boom bap,Hip Hop/Rap
German ccm,R&B/Soul
German choir,Classical/Orchestral
German classical piano,Classical/Orchestral
German cloud rap,Hip Hop/Rap
German contemporary classical,Classical/Orchestral
German country,Country/Americana
German dance,House & EDM
German dark minimal techno,Techno & Trance
German death metal,Metal
German dnb,Bass Music
German drill,Hip Hop/Rap
German electronica,House & EDM
German grindcore,Metal
German hard rock,Rock
German hardcore,Punk/Hardcore
German heavy metal,Metal
German hip hop,Hip Hop/Rap
German house,House & EDM
German hyperpop,Pop
German indie,Alternative/Indie
German indie folk,Folk/Acoustic
German indie pop,Pop
German indie rock,Alternative/Indie
German jazz,Jazz
German jazz rap,Hip Hop/Rap
German literature,Novelty/Spoken Word
German melodeath,Metal
German metal,Metal
German metalcore,Metal
German oi,Punk/Hardcore
German opera,Classical/Orchestral
German orchestra,Classical/Orchestral
German pagan metal,Metal
German pop,Pop
German pop rock,Rock
German post-hardcore,Punk/Hardcore
German post-punk,Rock
German post-rock,Alternative/Indie
German power metal,Metal
German prog,Rock
German punk,Punk/Hardcore
German punk rock,Punk/Hardcore
German r&b,R&B/Soul
German reggae,Reggae/Caribbean
German renaissance,Classical/Orchestral
German rock,Rock
German rockabilly,Rock
German romanticism,Classical/Orchestral
German shoegaze,Alternative/Indie
German show tunes,Soundtrack/Instrumental
German singer-songwriter,Folk/Acoustic
German ska,Reggae/Caribbean
German soundtrack,Soundtrack/Instrumental
German stoner rock,Rock
German street punk,Punk/Hardcore
German tech house,House & EDM
German techno,Techno & Trance
German thrash metal,Metal
German trance,Techno & Trance
German trap,Hip Hop/Rap
German underground rap,Hip Hop/Rap
German viral rap,Hip Hop/Rap
German worship,R&B/Soul
Ghanaian alternative,Alternative/Indie
Ghanaian gospel,R&B/Soul
Ghanaian hip hop,Hip Hop/Rap
Ghanaian pop,Pop
Ghanaian traditional,World/Traditional
Ghazal,World/Traditional
Ghent indie,Alternative/Indie
Ghetto,Hip Hop/Rap
Ghetto house,House & EDM
Ghettotech,House & EDM
Ghoststep,Bass Music
Girl group,Pop
Glam,Rock
Glam metal,Metal
Glam punk,Punk/Hardcore
Glam rock,Rock
Glasgow indie,Alternative/Indie
Glass,Ambient & Experimental Electronic
Glee club,Pop
Glitch,Ambient & Experimental Electronic
Glitch beats,Ambient & Experimental Electronic
Glitch hop,Ambient & Experimental Electronic
Glitch pop,Pop
Glitchbreak,Ambient & Experimental Electronic
Glitchcore,Ambient & Experimental Electronic
Glitter trance,Techno & Trance
Gnawa,World/Traditional
Go-go,Funk/Disco
Goa psytrance,Techno & Trance
Goa trance,Techno & Trance
Gogo,Funk/Disco
Golden age hip hop,Hip Hop/Rap
Gong,World/Traditional
Goralski,World/Traditional
Goregrind,Metal
Gospel,R&B/Soul
Gospel antigas,R&B/Soul
Gospel blues,Blues
Gospel drill,Hip Hop/Rap
Gospel italiano,R&B/Soul
Gospel papiamento,R&B/Soul
Gospel r&b,R&B/Soul
Gospel rap,Hip Hop/Rap
Gospel reggae,Reggae/Caribbean
Gospel singers,R&B/Soul
Gospel soul,R&B/Soul
Goth rock,Rock
Gothabilly,Rock
Gothenburg hip hop,Hip Hop/Rap
Gothenburg indie,Alternative/Indie
Gothenburg metal,Metal
Gothic alternative,Alternative/Indie
Gothic americana,Country/Americana
Gothic black metal,Metal
Gothic doom,Metal
Gothic metal,Metal
Gothic post-punk,Rock
Gothic rock,Rock
Gothic symphonic metal,Metal
Gotico brasileiro,Alternative/Indie
Gotlandsk musik,Folk/Acoustic
Gqom,World/Traditional
Granada indie,Alternative/Indie
Grand opera,Classical/Orchestral
Grand rapids indie,Alternative/Indie
Grave wave,Ambient & Experimental Electronic
Graz indie,Alternative/Indie
Grebo,Rock
Greek black metal,Metal
Greek clarinet,World/Traditional
Greek contemporary classical,Classical/Orchestral
Greek downtempo,Ambient & Experimental Electronic
Greek drill,Hip Hop/Rap
Greek folk,Folk/Acoustic
Greek guitar,Folk/Acoustic
Greek hip hop,Hip Hop/Rap
Greek house,House & EDM
Greek indie,Alternative/Indie
Greek indie rock,Alternative/Indie
Greek jazz,Jazz
Greek metal,Metal
Greek pop,Pop
Greek psychedelic rock,Rock
Greek punk,Punk/Hardcore
Greek rock,Rock
Greek swing,Jazz
Greek techno,Techno & Trance
Greek trap,Hip Hop/Rap
Greek underground rap,Hip Hop/Rap
Greenlandic pop,Pop
Gregorian chant,Classical/Orchestral
Grenada soca,Reggae/Caribbean
Grim death metal,Metal
Grime,Bass Music
Grime brasileiro,Hip Hop/Rap
Grimewave,Hip Hop/Rap
Grindcore,Metal
Griot,World/Traditional
Grisly death metal,Metal
Groove gospel,R&B/Soul
Groove metal,Metal
Groove room,Hip Hop/Rap
Group sounds,Pop
Grunge,Rock
Grunge argentina,Rock
Grunge brasileiro,Rock
Grunge pop,Rock
Grunge revival,Rock
Grungegaze,Alternative/Indie
Grunneger muziek,Folk/Acoustic
Grupera,Latin
Gruperas inmortales,Latin
Grupero romantico,Latin
Guadalajara indie,Alternative/Indie
Guaguancã³,Latin
Guajira,Latin
Guam indie,Alternative/Indie
Guaracha,Latin
Guarania,Latin
Guatemalan indie,Alternative/Indie
Guatemalan metal,Metal
Guatemalan pop,Pop
Guggenmusik,Pop
Guidance,New Age/Meditation
Guided meditation,New Age/Meditation
Guinean pop,Pop
Guitar case,Folk/Acoustic
Guitarra andina,Latin
Guitarra argentina,Latin
Guitarra clasica,Classical/Orchestral
Guitarra mexicana,Latin
Guitarra portuguesa,Folk/Acoustic
Gujarati garba,World/Traditional
Gujarati pop,Pop
Gulf hip hop,Hip Hop/Rap
Gumbe,World/Traditional
Guqin,World/Traditional
Gusle,World/Traditional
Guyanese pop,Pop
Guzheng,World/Traditional
Gwo ka,Reggae/Caribbean
Gwoka,Reggae/Caribbean
Gyerekdalok,Novelty/Spoken Word
Gym hardstyle,Bass Music
Gymcore,Hip Hop/Rap
Gypsy,World/Traditional
Gypsy fusion,World/Traditional
Gypsy jazz,Jazz
Gypsy punk,Punk/Hardcore
Gä§ana,World/Traditional
H8000,Metal
Haitian dance,Reggae/Caribbean
Haitian gospel,R&B/Soul
Haitian traditional,World/Traditional
Hakkapop,Pop
Halftime,Bass Music
Halftime dnb,Bass Music
Halifax indie,Alternative/Indie
Halloween,Pop
Hamburg electronic,House & EDM
Hamburg hip hop,Hip Hop/Rap
Hamburg indie,Alternative/Indie
Hamburger schule,Rock
Hamilton on indie,Alternative/Indie
Hammered dulcimer,Folk/Acoustic
Hammond organ,Jazz
Hampton roads indie,Alternative/Indie
Handbells,Classical/Orchestral
Handpan,World/Traditional
Hands up,House & EDM
Hangoskonyvek,Novelty/Spoken Word
Happy hardcore,Garage & Breaks
Hard alternative,Rock
Hard bass,Bass Music
Hard beat,House & EDM
Hard bop,Jazz
Hard chime,Ambient & Experimental Electronic
Hard dance,House & EDM
Hard glam,Rock
Hard house,House & EDM
Hard minimal techno,Techno & Trance
Hard motivation,Hip Hop/Rap
Hard rock,Rock
Hard rock brasileiro,Rock
Hard rock mexicano,Rock
Hard stoner rock,Rock
Hard techno,Techno & Trance
Hard trance,Techno & Trance
Hardcore,Punk/Hardcore
Hardcore breaks,Garage & Breaks
Hardcore hip hop,Hip Hop/Rap
Hardcore hip-hop,Hip Hop/Rap
Hardcore punk,Punk/Hardcore
Hardcore punk espanol,Punk/Hardcore
Hardcore techno,Techno & Trance
Hardingfele,Folk/Acoustic
Hardstyle,Bass Music
Hardtekk,Techno & Trance
Hardvapour,Ambient & Experimental Electronic
Hardwave,House & EDM
Hare krishna,R&B/Soul
Harlem hip hop,Hip Hop/Rap
Harlem renaissance,Jazz
Harmonica blues,Blues
Harmonica jazz,Jazz
Harmonikka,Folk/Acoustic
Harp,Classical/Orchestral
Harpsichord,Classical/Orchestral
Harsh noise wall,Ambient & Experimental Electronic
Haryanvi hip hop,Hip Hop/Rap
Haryanvi pop,Pop
Hauntology,Ambient & Experimental Electronic
Haur kantak,Novelty/Spoken Word
Hausa pop,Pop
Hawaiian,World/Traditional
Hawaiian hip hop,Hip Hop/Rap
Hawaiian indie,Alternative/Indie
Hawaiian punk,Punk/Hardcore
Hazaragi pop,Pop
Healing,New Age/Meditation
Health-fitness,Other
Heartland rock,Rock
Heavy alternative,Rock
Heavy gothic rock,Rock
Heavy metal,Metal
Heavy psych,Rock
Heligonka,Folk/Acoustic
Hengelliset laulut,R&B/Soul
Hi nrg,House & EDM
Hi-nrg,House & EDM
Hi-tech,Techno & Trance
High vibe,New Age/Meditation
High-tech minimal,Techno & Trance
Highlife,World/Traditional
Hill country blues,Blues
Hillbilly,Country/Americana
Himachali pop,Pop
Himalayan folk,Folk/Acoustic
Himene tarava,World/Traditional
Hindi hip hop,Hip Hop/Rap
Hindi indie,Alternative/Indie
Hindi worship,R&B/Soul
Hindustani,World/Traditional
Hindustani classical,World/Traditional
Hindustani instrumental,World/Traditional
Hindustani vocal,World/Traditional
Hinos ccb,R&B/Soul
Hip hop,Hip Hop/Rap
Hip hop boliviano,Hip Hop/Rap
Hip hop cubano,Hip Hop/Rap
Hip hop galsen,Hip Hop/Rap
Hip hop quebecois,Hip Hop/Rap
Hip hop tuga,Hip Hop/Rap
Hip house,House & EDM
Hip pop,Hip Hop/Rap
Hip-hop experimental,Hip Hop/Rap
Hip-house,House & EDM
Hipco,World/Traditional
Hiplife,World/Traditional
Histoire pour enfants,Novelty/Spoken Word
Historic classical performance,Classical/Orchestral
Historic orchestral performance,Classical/Orchestral
Historic piano performance,Classical/Orchestral
Historic string quartet,Classical/Orchestral
Historical keyboard,Classical/Orchestral
Historically informed performance,Classical/Orchestral
Hjemmesnekk,Pop
Hk-pop,Pop
Hmong pop,Pop
Ho munda,World/Traditional
Hoerspiel,Novelty/Spoken Word
Hokkaido indie,Alternative/Indie
Hokkien pop,Pop
Holiday,Novelty/Spoken Word
Hollywood,Soundtrack/Instrumental
Hong kong hip hop,Hip Hop/Rap
Hong kong indie,Alternative/Indie
Hong kong rock,Rock
Hong kong tv drama,Soundtrack/Instrumental
Honky tonk,Country/Americana
Honky-tonk piano,Country/Americana
Honkyoku,World/Traditional
Hopebeat,Pop
Horo,World/Traditional
Horror punk,Punk/Hardcore
Horror punk brasileiro,Punk/Hardcore
Horror rock,Rock
Horror synth,Ambient & Experimental Electronic
Horrorcore,Hip Hop/Rap
Hot jazz,Jazz
House,House & EDM
House argentino,House & EDM
Houston indie,Alternative/Indie
Houston rap,Hip Hop/Rap
Huapango,Latin
Huayno,Latin
Huayno peruano,Latin
Huayno popular,Latin
Hula,World/Traditional
Hull indie,Alternative/Indie
Humour francais,Novelty/Spoken Word
Humppa,Pop
Hungarian black metal,Metal
Hungarian choir,Classical/Orchestral
Hungarian classical performance,Classical/Orchestral
Hungarian classical piano,Classical/Orchestral
Hungarian contemporary classical,Classical/Orchestral
Hungarian edm,House & EDM
Hungarian folk,Folk/Acoustic
Hungarian hip hop,Hip Hop/Rap
Hungarian indie,Alternative/Indie
Hungarian metal,Metal
Hungarian pop,Pop
Hungarian punk,Punk/Hardcore
Hungarian rock,Rock
Hungarian techno,Techno & Trance
Hungarian underground rap,Hip Hop/Rap
Huqin,World/Traditional
Hurdy-gurdy,Folk/Acoustic
Huzunlu sarkilar,Pop
Hyper techno,Techno & Trance
Hyperpop,Pop
Hyperpop brasileiro,Pop
Hyperpop en espanol,Pop
Hyperpop francais,Pop
Hyperpop italiano,Pop
Hypertrance,Techno & Trance
Hyphy,Hip Hop/Rap
Hypnagogic pop,Pop
Hypnosis,New Age/Meditation
Icelandic black metal,Metal
Icelandic choir,Classical/Orchestral
Icelandic classical,Classical/Orchestral
Icelandic electronic,House & EDM
Icelandic experimental,Alternative/Indie
Icelandic folk,Folk/Acoustic
Icelandic hip hop,Hip Hop/Rap
Icelandic indie,Alternative/Indie
Icelandic jazz,Jazz
Icelandic metal,Metal
Icelandic pop,Pop
Icelandic post-punk,Rock
Icelandic punk,Punk/Hardcore
Icelandic rock,Rock
Icelandic singer-songwriter,Folk/Acoustic
Icelandic traditional,World/Traditional
Idaho hip hop,Hip Hop/Rap
Idaho indie,Alternative/Indie
Idm,Ambient & Experimental Electronic
Idol,Pop
Idol game,Pop
Idol kayo,Pop
Idol rock,Pop
Igbo pop,Pop
Igbo rap,Hip Hop/Rap
Igbo traditional,World/Traditional
Igbo worship,R&B/Soul
Ilahiler,World/Traditional
Illbient,Ambient & Experimental Electronic
Ilocano pop,Pop
Impressionism,Classical/Orchestral
Impressionist,Classical/Orchestral
Incidental music,Soundtrack/Instrumental
Indian ambient,Ambient & Experimental Electronic
Indian classical,World/Traditional
Indian edm,House & EDM
Indian electronic,House & EDM
Indian folk,Folk/Acoustic
Indian fusion,World/Traditional
Indian indie,Alternative/Indie
Indian instrumental,Soundtrack/Instrumental
Indian instrumental rock,Rock
Indian jazz,Jazz
Indian lo-fi,Hip Hop/Rap
Indian metal,Metal
Indian percussion,World/Traditional
Indian rock,Rock
Indian singer-songwriter,Folk/Acoustic
Indian techno,Techno & Trance
Indian underground rap,Hip Hop/Rap
Indian violin,World/Traditional
Indiana hip hop,Hip Hop/Rap
Indiana indie,Alternative/Indie
Indie,Alternative/Indie
Americana,Country/Americana
Proto-punk,Punk/Hardcore
Classic country,Country/Americana
Neoclassical,Classical/Orchestral
"folk, world, & country",Folk/Acoustic
swing music,Jazz
Alt country,Country/Americana
Christmas,Jazz
Surf rock,Rock
southern gothic,Country/Americana
j-dance,Bass Music
psytrance,Techno & Trance
electrocumbia,House & EDM
Indie anthem-folk,Folk/Acoustic
Indie arequipeno,Alternative/Indie
Indie boliviano,Alternative/Indie
Indie campechano,Alternative/Indie
Indie canario,Alternative/Indie
Indie cantabria,Alternative/Indie
Indie catala,Alternative/Indie
Indie catracho,Alternative/Indie
Indie cordoba,Alternative/Indie
Indie cristao,Alternative/Indie
Indie curitibano,Alternative/Indie
Indie dream pop,Pop
Indie electronica,Alternative/Indie
Indie electropop,Pop
Indie emo,Punk/Hardcore
Indie emo rock,Punk/Hardcore
Indie extremena,Alternative/Indie
Indie folk,Folk/Acoustic
Indie folk argentino,Folk/Acoustic
Indie folk italiano,Folk/Acoustic
Indie fuzzpop,Alternative/Indie
Indie game soundtrack,Soundtrack/Instrumental
Indie garage rock,Alternative/Indie
Indie hidalguense,Alternative/Indie
Indie hidrocalido,Alternative/Indie
Indie hip hop,Hip Hop/Rap
Indie jazz,Jazz
Indie liguria,Alternative/Indie
Indie michoacano,Alternative/Indie
Indie napoletano,Alternative/Indie
Indie nica,Alternative/Indie
Indie nordeste argentino,Alternative/Indie
Indie paraense,Alternative/Indie
Indie platense,Alternative/Indie
Indie poblano,Alternative/Indie
Indie pop,Alternative/Indie
Indie pop rap,Pop
Indie pop rock,Pop
Indie poptimism,Alternative/Indie
Indie psych-pop,Pop
Indie psychedelic rock,Rock
Indie punk,Punk/Hardcore
Indie quebecois,Alternative/Indie
Indie queretano,Alternative/Indie
Indie r&b,R&B/Soul
Indie rock,Alternative/Indie
Indie rock colombiano,Rock
Indie rock italiano,Rock
Indie rock mexicano,Rock
Indie rock peruano,Rock
Indie rockism,Alternative/Indie
Indie salvadoreno,Alternative/Indie
Indie shoegaze,Alternative/Indie
Indie siciliano,Alternative/Indie
Indie singer-songwriter,Folk/Acoustic
Indie soul,R&B/Soul
Indie sudcaliforniano,Alternative/Indie
Indie surf,Alternative/Indie
Indie tabasqueno,Alternative/Indie
Indie tico,Alternative/Indie
Indie triste,Alternative/Indie
Indie trujillano,Alternative/Indie
Indie tucumano,Alternative/Indie
Indie valenciana,Alternative/Indie
Indie veneto,Alternative/Indie
Indie viet,Alternative/Indie
Indiecoustica,Folk/Acoustic
Indietronica,Alternative/Indie
Indo-pop,Pop
Indonesian alternative rock,Alternative/Indie
Indonesian bamboo,World/Traditional
Indonesian black metal,Metal
Indonesian blues,Blues
Indonesian city pop,Pop
Indonesian death metal,Metal
Indonesian deathcore,Metal
Indonesian edm,House & EDM
Indonesian electronic,House & EDM
Indonesian emo,Punk/Hardcore
Indonesian emo rap,Hip Hop/Rap
Indonesian experimental,Alternative/Indie
Indonesian folk,Folk/Acoustic
Indonesian folk pop,Folk/Acoustic
Indonesian hardcore,Punk/Hardcore
Indonesian hip hop,Hip Hop/Rap
Indonesian idol pop,Pop
Indonesian indie,Alternative/Indie
Indonesian indie pop,Pop
Indonesian indie rock,Alternative/Indie
Indonesian indigenous,World/Traditional
Indonesian jazz,Jazz
Indonesian lo-fi pop,Pop
Indonesian metal,Metal
Indonesian neo-psychedelia,Rock
Indonesian pop,Pop
Indonesian pop punk,Punk/Hardcore
Indonesian pop rock,Rock
Indonesian post-hardcore,Punk/Hardcore
Indonesian psychedelia,Rock
Indonesian punk,Punk/Hardcore
Indonesian r&b,R&B/Soul
Indonesian reggae,Reggae/Caribbean
Indonesian rock,Rock
Indonesian shoegaze,Alternative/Indie
Indonesian singer-songwriter,Folk/Acoustic
Indonesian ska,Reggae/Caribbean
Indonesian thrash metal,Metal
Indonesian underground hip hop,Hip Hop/Rap
Indonesian viral pop,Pop
Indonesian worship,R&B/Soul
Indorock,Rock
Industrial,Alternative/Indie
Industrial black metal,Metal
Industrial hardcore,Punk/Hardcore
Industrial hip hop,Hip Hop/Rap
Industrial metal,Metal
Industrial noise,Ambient & Experimental Electronic
Industrial pop,Pop
Industrial rock,Rock
Industrial techno,Techno & Trance
Indy indie,Alternative/Indie
Instrumental,Soundtrack/Instrumental
Instrumental acoustic guitar,Folk/Acoustic
Instrumental black metal,Metal
Instrumental bluegrass,Country/Americana
Instrumental death metal,Metal
Instrumental djent,Metal
Instrumental funk,Funk/Disco
Instrumental grime,Hip Hop/Rap
Instrumental lullaby,Soundtrack/Instrumental
Instrumental math rock,Alternative/Indie
Instrumental post-rock,Alternative/Indie
Instrumental progressive metal,Metal
Instrumental rock,Soundtrack/Instrumental
Instrumental soul,R&B/Soul
Instrumental stoner rock,Rock
Instrumental surf,Rock
Instrumental worship,Soundtrack/Instrumental
Intelligent dance music,Ambient & Experimental Electronic
Interview,Novelty/Spoken Word
Inuit pop,Pop
Inuit traditional,World/Traditional
Iowa hip hop,Hip Hop/Rap
Iowa indie,Alternative/Indie
Iranian experimental,Alternative/Indie
Iranian metal,Metal
Iraqi hip hop,Hip Hop/Rap
Irish accordion,Folk/Acoustic
Irish ballad,Folk/Acoustic
Irish banjo,Folk/Acoustic
Irish black metal,Metal
Irish classical,Classical/Orchestral
Irish contemporary classical,Classical/Orchestral
Irish country,Country/Americana
Irish dance,Folk/Acoustic
Irish death metal,Metal
Irish drill,Hip Hop/Rap
Irish electronic,House & EDM
Irish experimental,Alternative/Indie
Irish experimental electronic,Ambient & Experimental Electronic
Irish fiddle,Folk/Acoustic
Irish flute,Folk/Acoustic
Irish folk,Folk/Acoustic
Irish gaelic folk,Folk/Acoustic
Irish hip hop,Hip Hop/Rap
Irish indie,Alternative/Indie
Irish indie rock,Alternative/Indie
Irish metal,Metal
Irish modern jazz,Jazz
Irish neo-traditional,Folk/Acoustic
Irish pop,Pop
Irish pub song,Folk/Acoustic
Irish rebel song,Folk/Acoustic
Irish rock,Rock
Irish singer-songwriter,Folk/Acoustic
Irish techno,Techno & Trance
Irish trap,Hip Hop/Rap
Irish underground rap,Hip Hop/Rap
Iskelma,Pop
Islamic recitation,World/Traditional
Isle of man indie,Alternative/Indie
Isle of wight indie,Alternative/Indie
Israeli classical,Classical/Orchestral
Israeli classical piano,Classical/Orchestral
Israeli folk,Folk/Acoustic
Israeli hip hop,Hip Hop/Rap
Israeli indie,Alternative/Indie
Israeli jazz,Jazz
Israeli mediterranean,World/Traditional
Israeli metal,Metal
Israeli pop,Pop
Israeli punk,Punk/Hardcore
Israeli rock,Rock
Israeli singer-songwriter,Folk/Acoustic
Israeli techno,Techno & Trance
Israeli traditional,World/Traditional
Israeli trap,Hip Hop/Rap
Israelite hip hop,Hip Hop/Rap
Italian adult pop,Pop
Italian alternative,Alternative/Indie
Italian baritone,Classical/Orchestral
Italian baroque,Classical/Orchestral
Italian baroque ensemble,Classical/Orchestral
Italian bass,Bass Music
Italian black metal,Metal
Italian blues,Blues
Italian choir,Classical/Orchestral
Italian classical guitar,Classical/Orchestral
Italian classical piano,Classical/Orchestral
Italian contemporary classical,Classical/Orchestral
Italian contemporary jazz,Jazz
Italian death metal,Metal
Italian disco,Funk/Disco
Italian doom metal,Metal
Italian electronica,House & EDM
Italian emo,Punk/Hardcore
Italian experimental,Alternative/Indie
Italian folk,Folk/Acoustic
Italian folk metal,Metal
Italian gothic,Alternative/Indie
Italian gothic metal,Metal
Italian hardcore,Punk/Hardcore
Italian heavy metal,Metal
Italian hip hop,Hip Hop/Rap
Italian indie pop,Pop
Italian industrial,Alternative/Indie
Italian jazz,Jazz
Italian jazz fusion,Jazz
Italian library music,Soundtrack/Instrumental
Italian lounge,Pop
Italian mandolin,Classical/Orchestral
Italian metal,Metal
Italian metalcore,Metal
Italian mezzo-soprano,Classical/Orchestral
Italian modern prog,Rock
Italian new wave,Pop
Italian occult psychedelia,Rock
Italian opera,Classical/Orchestral
Italian orchestra,Classical/Orchestral
Italian pop,Pop
Italian pop punk,Punk/Hardcore
Italian pop rock,Rock
Italian post punk,Rock
Italian post-hardcore,Punk/Hardcore
Italian post-rock,Alternative/Indie
Italian power metal,Metal
Italian progressive metal,Metal
Italian progressive rock,Rock
Italian punk,Punk/Hardcore
Italian reggae,Reggae/Caribbean
Italian renaissance,Classical/Orchestral
Italian rockabilly,Rock
Italian romanticism,Classical/Orchestral
Italian ska,Reggae/Caribbean
Italian soprano,Classical/Orchestral
Italian soundtrack,Soundtrack/Instrumental
Italian stoner rock,Rock
Italian tech house,House & EDM
Italian techno,Techno & Trance
Italian tenor,Classical/Orchestral
Italian trance,Techno & Trance
Italian underground hip hop,Hip Hop/Rap
Italian violin,Classical/Orchestral
Italo beats,House & EDM
Italo dance,House & EDM
Italo house,House & EDM
Italo-disco,Funk/Disco
Italodance,House & EDM
Italogaze,Alternative/Indie
Izvorna,Folk/Acoustic
Izvorna muzika,Folk/Acoustic
J-acoustic,Folk/Acoustic
J-ambient,Ambient & Experimental Electronic
J-core,House & EDM
J-division,Pop
J-idol,Pop
J-indie,Alternative/Indie
J-metal,Metal
J-pixie,Pop
J-pop,Pop
J-pop boy group,Pop
J-pop girl group,Pop
J-poprock,Pop
J-punk,Punk/Hardcore
J-rap,Hip Hop/Rap
J-reggae,Reggae/Caribbean
J-rock,Rock
Jackin' house,House & EDM
Jacksonville indie,Alternative/Indie
Jain bhajan,World/Traditional
Jalsat,World/Traditional
Jam band,Rock
Jamaican dancehall,Reggae/Caribbean
Jamaican hip hop,Hip Hop/Rap
Jamaican ska,Reggae/Caribbean
Jamgrass,Country/Americana
Jamtronica,House & EDM
Jangle pop,Pop
Jangle rock,Rock
Japanese alternative pop,Pop
Japanese alternative rock,Alternative/Indie
Japanese beats,Hip Hop/Rap
Japanese bedroom pop,Pop
Japanese black metal,Metal
Japanese blues,Blues
Japanese boom bap,Hip Hop/Rap
Japanese buddhist chant,World/Traditional
Japanese celtic,Folk/Acoustic
Japanese chill rap,Hip Hop/Rap
Japanese chillhop,Hip Hop/Rap
Japanese choir,Classical/Orchestral
Japanese classical,Classical/Orchestral
Japanese classical performance,Classical/Orchestral
Japanese classical piano,Classical/Orchestral
Japanese concert band,Classical/Orchestral
Japanese contemporary classical,Classical/Orchestral
Japanese dance pop,Pop
Japanese death metal,Metal
Japanese dream pop,Pop
Japanese drill,Hip Hop/Rap
Japanese dub,Reggae/Caribbean
Japanese edm,House & EDM
Japanese electronic,House & EDM
Japanese electropop,Pop
Japanese emo,Punk/Hardcore
Japanese experimental,Alternative/Indie
Japanese folk,Folk/Acoustic
Japanese garage rock,Rock
Japanese girl punk,Punk/Hardcore
Japanese guitar,Folk/Acoustic
Japanese hardcore,Punk/Hardcore
Japanese heavy metal,Metal
Japanese house,House & EDM
Japanese hyperpop,Pop
Japanese idm,Ambient & Experimental Electronic
Japanese indie folk,Folk/Acoustic
Japanese indie pop,Pop
Japanese indie rock,Alternative/Indie
Japanese instrumental,Soundtrack/Instrumental
Japanese jazz,Jazz
Japanese jazz fusion,Jazz
Japanese jazztronica,Jazz
Japanese math rock,Alternative/Indie
Japanese melodic hardcore,Punk/Hardcore
Japanese melodic punk,Punk/Hardcore
Japanese metalcore,Metal
Japanese new wave,Pop
Japanese old school hip hop,Hip Hop/Rap
Japanese orchestra,Classical/Orchestral
Japanese piano,Classical/Orchestral
Japanese pop punk,Punk/Hardcore
Japanese pop rap,Hip Hop/Rap
Japanese post-hardcore,Punk/Hardcore
Japanese post-punk,Rock
Japanese post-rock,Alternative/Indie
Japanese power metal,Metal
Japanese prog,Rock
Japanese progressive house,House & EDM
Japanese psychedelic,Rock
Japanese psychedelic rock,Rock
Japanese punk rock,Punk/Hardcore
Japanese r&b,R&B/Soul
Japanese rockabilly,Rock
Japanese screamo,Punk/Hardcore
Japanese shoegaze,Alternative/Indie
Japanese singer-songwriter,Folk/Acoustic
Japanese ska,Reggae/Caribbean
Japanese soul,R&B/Soul
Japanese soundtrack,Soundtrack/Instrumental
Japanese techno,Techno & Trance
Japanese teen pop,Pop
Japanese traditional,World/Traditional
Japanese trap,Hip Hop/Rap
Japanese underground rap,Hip Hop/Rap
Japanese vgm,Soundtrack/Instrumental
Japanese viral pop,Pop
Japanese vocal jazz,Jazz
Japanese vtuber,Pop
Japanese worship,R&B/Soul
Japanoise,Ambient & Experimental Electronic
Javanese dangdut,World/Traditional
Javanese gamelan,World/Traditional
Jaw harp,World/Traditional
Jawaiian,World/Traditional
Jazz,Jazz
Jazz accordion,Jazz
Jazz blues,Jazz
Jazz boom bap,Hip Hop/Rap
Jazz brass,Jazz
Jazz caraibes,Jazz
Jazz catala,Jazz
Jazz chileno,Jazz
Jazz clarinet,Jazz
Jazz colombiano,Jazz
Jazz composition,Jazz
Jazz cover,Jazz
Jazz cubano,Jazz
Jazz dominicano,Jazz
Jazz double bass,Jazz
Jazz drums,Jazz
Jazz flute,Jazz
Jazz funk,Jazz
Jazz fusion,Jazz
Jazz guitar,Jazz
Jazz guitar trio,Jazz
Jazz harp,Jazz
Jazz house,House & EDM
Jazz metal,Metal
Jazz mexicano,Jazz
Jazz orchestra,Jazz
Jazz organ,Jazz
Jazz piano,Jazz
Jazz pop,Jazz
Jazz puertorriqueno,Jazz
Jazz quartet,Jazz
Jazz rap,Hip Hop/Rap
Jazz rock,Jazz
Jazz saxophone,Jazz
Jazz tico,Jazz
Jazz trio,Jazz
Jazz trombone,Jazz
Jazz trumpet,Jazz
Jazz tuba,Jazz
Jazz venezolano,Jazz
Jazz vibraphone,Jazz
Jazz violin,Jazz
Jazz worship,Jazz
Jazz-funk,Jazz
Jazz-rock,Jazz
Jazzcore,Jazz
Jazzdance,Jazz
Jazztronica,Jazz
Jazzy dnb,Bass Music
Jazzy hip-hop,Hip Hop/Rap
Jersey club,Bass Music
Jewish a capella,R&B/Soul
Jewish cantorial,Classical/Orchestral
Jewish hip hop,Hip Hop/Rap
Jewish pop,Pop
Jibaro,Latin
Jig and reel,Folk/Acoustic
Jirai kei,Pop
Jiuta,World/Traditional
Jordanian pop,Pop
Joropo,Latin
Josei rap,Hip Hop/Rap
Joseon pop,Pop
Jota,World/Traditional
Jota aragonesa,Folk/Acoustic
Jovem guarda,Latin
Judaica,World/Traditional
Jug band,Folk/Acoustic
Jugendchor,Classical/Orchestral
Juju,World/Traditional
Juke,Bass Music
Jump blues,Blues
Jump up,Bass Music
Jumpstyle,House & EDM
Jumptek,House & EDM
Jungle,Bass Music
Junior songfestival,Pop
Junkanoo,Reggae/Caribbean
K-indie,Alternative/Indie
K-pop,Pop
K-pop boy group,Pop
K-pop girl group,Pop
K-pop reality show,Pop
K-rap,Hip Hop/Rap
K-rock,Rock
Kaba gaida,World/Traditional
Kabarett,Pop
Kabyle,World/Traditional
Kabyle moderne,World/Traditional
Kadongo kamu,World/Traditional
Kalmar indie,Alternative/Indie
Kamba pop,Pop
Kaneka,World/Traditional
Kannada bhava geethe,World/Traditional
Kannada hip hop,Hip Hop/Rap
Kannada indie,Alternative/Indie
Kannada pop,Pop
Kansai indie,Alternative/Indie
Kansas city hip hop,Hip Hop/Rap
Kansas hip hop,Hip Hop/Rap
Kansas indie,Alternative/Indie
Kantele,World/Traditional
Kapa haka,World/Traditional
Karadeniz pop,Pop
Karadeniz turkuleri,World/Traditional
Karaoke,Pop
Karbi pop,Pop
Karelian folk,Folk/Acoustic
Karen pop,Pop
Karneval,Pop
Karntner volksmusik,Folk/Acoustic
Kaseko,Reggae/Caribbean
Kashmiri pop,Pop
Kasi rap,Hip Hop/Rap
Kaskawi,World/Traditional
Kavkaz,World/Traditional
Kawaii edm,House & EDM
Kawaii future bass,Bass Music
Kawaii metal,Metal
Kayokyoku,Pop
Kayåkyoku,Pop
Kazakh hip hop,Hip Hop/Rap
Kazakh indie,Alternative/Indie
Kazakh pop,Pop
Kazakh traditional,World/Traditional
Kc indie,Alternative/Indie
Kelowna bc indie,Alternative/Indie
Kent indie,Alternative/Indie
Kentucky hip hop,Hip Hop/Rap
Kentucky indie,Alternative/Indie
Kentucky metal,Metal
Kentucky mountain folk,Folk/Acoustic
Kentucky punk,Punk/Hardcore
Kentucky roots,Country/Americana
Kenyan alternative,Alternative/Indie
Kenyan drill,Hip Hop/Rap
Kenyan hip hop,Hip Hop/Rap
Kenyan pop,Pop
Kenyan traditional,World/Traditional
Kerkkoor,Classical/Orchestral
Kermis,Pop
Keroncong,World/Traditional
Keyboard,Ambient & Experimental Electronic
Khaleeji iraqi,World/Traditional
Khaliji,World/Traditional
Khandeshi pop,Pop
Khasi pop,Pop
Khayal,World/Traditional
Khmer,World/Traditional
Khmer hip hop,Hip Hop/Rap
Kids dance party,Pop
Kids hip hop,Hip Hop/Rap
Kikuyu gospel,R&B/Soul
Kikuyu pop,Pop
Kinderchor,Classical/Orchestral
Kinderliedjies,Novelty/Spoken Word
Kindermusik,Novelty/Spoken Word
Kindie rock,Novelty/Spoken Word
Kingston on indie,Alternative/Indie
Kinnauri pop,Pop
Kirtan,World/Traditional
Kiwi rock,Rock
Kizomba,World/Traditional
Kizomba antigas,World/Traditional
Kizomba cabo-verdiana,World/Traditional
Klapa,Folk/Acoustic
Klasik,Classical/Orchestral
Kleine hoerspiel,Novelty/Spoken Word
Kleinkunst,Pop
Klezmer,World/Traditional
Klubowe,House & EDM
Knoxville indie,Alternative/Indie
Kodomo no ongaku,Novelty/Spoken Word
Kokborok pop,Pop
Koledy,Classical/Orchestral
Koligeet,World/Traditional
Kolkata indie,Alternative/Indie
Kollywood,Soundtrack/Instrumental
Kolo,World/Traditional
Kolsche karneval,Pop
Komedi,Novelty/Spoken Word
Kompa,Reggae/Caribbean
Kompa chretien,R&B/Soul
Kompa gouyad,Reggae/Caribbean
Konkani pop,Pop
Kora,World/Traditional
Korean city pop,Pop
Korean classical performance,Classical/Orchestral
Korean classical piano,Classical/Orchestral
Korean contemporary classical,Classical/Orchestral
Korean court music,World/Traditional
Korean dream pop,Pop
Korean electronic,House & EDM
Korean electropop,Pop
Korean experimental,Alternative/Indie
Korean hardcore,Punk/Hardcore
Korean hyperpop,Pop
Korean indie folk,Folk/Acoustic
Korean indie rock,Alternative/Indie
Korean instrumental,Soundtrack/Instrumental
Korean jazz,Jazz
Korean metal,Metal
Korean minyo,World/Traditional
Korean old school hip hop,Hip Hop/Rap
Korean ost,Soundtrack/Instrumental
Korean pop,Pop
Korean punk,Punk/Hardcore
Korean r&b,R&B/Soul
Korean shoegaze,Alternative/Indie
Korean singer-songwriter,Folk/Acoustic
Korean soundtrack,Soundtrack/Instrumental
Korean superband,Pop
Korean talent show,Pop
Korean traditional,World/Traditional
Korean trap,Hip Hop/Rap
Korean underground rap,Hip Hop/Rap
Korean worship,R&B/Soul
Kosovan folk,Folk/Acoustic
Kosovan indie,Alternative/Indie
Kosovan pop,Pop
Koto,World/Traditional
Krajiska muzika,World/Traditional
Krautrock,Alternative/Indie
Kritika,World/Traditional
Kuduro,World/Traditional
Kuduro antigo,World/Traditional
Kumauni pop,Pop
Kundalini,New Age/Meditation
Kundiman,World/Traditional
Kurdish folk,Folk/Acoustic
Kurdish hip hop,Hip Hop/Rap
Kurdish pop,Pop
Kurdish rock,Rock
Kwaito,World/Traditional
Kyrgyz hip hop,Hip Hop/Rap
Kyrgyz pop,Pop
Kyrgyz traditional,World/Traditional
Kyushu indie,Alternative/Indie
La indie,Alternative/Indie
La pop,Pop
Laboratorio,Ambient & Experimental Electronic
Ladakhi pop,Pop
Lafayette indie,Alternative/Indie
Lagu aceh,World/Traditional
Lagu bali,World/Traditional
Lagu betawi,World/Traditional
Lagu bugis,World/Traditional
Lagu iban,World/Traditional
Lagu jambi,World/Traditional
Lagu jawa,World/Traditional
Lagu karo,World/Traditional
Lagu lampung,World/Traditional
Lagu madura,World/Traditional
Lagu maluku,World/Traditional
Lagu manado,World/Traditional
Lagu melayu,World/Traditional
Lagu sabahan,World/Traditional
Lagu sasak,World/Traditional
Lagu sunda,World/Traditional
Lagu tarling,World/Traditional
Lagu timur,World/Traditional
Lai hla,World/Traditional
Laiko,World/Traditional
Lambada,Latin
Lampung indie,Alternative/Indie
Lancashire indie,Alternative/Indie
Lancaster pa indie,Alternative/Indie
Landler,Folk/Acoustic
Language,Novelty/Spoken Word
Lao hip hop,Hip Hop/Rap
Lao music,World/Traditional
Lao pop,Pop
Lao traditional,World/Traditional
Lapland hip hop,Hip Hop/Rap
Lapland metal,Metal
Lastelaulud,Novelty/Spoken Word
Lasten satuja,Novelty/Spoken Word
Lata,World/Traditional
Late romantic,Classical/Orchestral
Late romantic era,Classical/Orchestral
Latin,Latin
Latin afrobeat,World/Traditional
Latin alternative,Latin
Latin american baroque,Classical/Orchestral
Latin american classical piano,Classical/Orchestral
Latin american heavy psych,Rock
Latin arena pop,Pop
Latin christian,R&B/Soul
Latin classical,Classical/Orchestral
Latin funk,Funk/Disco
Latin hip hop,Hip Hop/Rap
Latin house,House & EDM
Latin jazz,Jazz
Latin metal,Metal
Latin pop,Latin
Latin rock,Rock
Latin shoegaze,Alternative/Indie
Latin ska,Reggae/Caribbean
Latin soundtrack,Soundtrack/Instrumental
Latin surf rock,Rock
Latin talent show,Pop
Latin tech house,House & EDM
Latin viral pop,Pop
Latin viral rap,Hip Hop/Rap
Latin worship,R&B/Soul
Latincore,Metal
Latino comedy,Novelty/Spoken Word
Latintronica,Latin
Latinx alternative,Latin
Latvian electronic,House & EDM
Latvian folk,Folk/Acoustic
Latvian hip hop,Hip Hop/Rap
Latvian indie,Alternative/Indie
Latvian metal,Metal
Latvian pop,Pop
Latvian rock,Rock
Laulaja-lauluntekija,Folk/Acoustic
Lawrence ks indie,Alternative/Indie
Laã¯kã³,World/Traditional
Lds,R&B/Soul
Lds youth,R&B/Soul
Lebanese indie,Alternative/Indie
Lebanese pop,Pop
Leeds indie,Alternative/Indie
Leftfield,Alternative/Indie
Leicester indie,Alternative/Indie
Leipzig electronic,House & EDM
Leipzig indie,Alternative/Indie
Lento violento,House & EDM
Leon gto indie,Alternative/Indie
Lesen,Novelty/Spoken Word
Lesotho traditional,World/Traditional
Levenslied,Pop
Lexington ky indie,Alternative/Indie
Lezginka,World/Traditional
Lgbtq+ hip hop,Hip Hop/Rap
Liberian pop,Pop
Library music,Soundtrack/Instrumental
Libyan hip hop,Hip Hop/Rap
Libyan pop,Pop
Liechtenstein,Pop
Lied,Classical/Orchestral
Liedermacher,Folk/Acoustic
Light music,Pop
Lilith,Folk/Acoustic
Limerick indie,Alternative/Indie
Lincoln ne indie,Alternative/Indie
Lion city hardcore,Punk/Hardcore
Liquid funk,Bass Music
Liscio,Pop
Lithuanian edm,House & EDM
Lithuanian electronic,House & EDM
Lithuanian folk,Folk/Acoustic
Lithuanian hip hop,Hip Hop/Rap
Lithuanian indie,Alternative/Indie
Lithuanian jazz,Jazz
Lithuanian metal,Metal
Lithuanian pop,Pop
Lithuanian rock,Rock
Lithuanian trap,Hip Hop/Rap
Little rock indie,Alternative/Indie
Liverpool indie,Alternative/Indie
Livetronica,House & EDM
Lldm,R&B/Soul
Lo star,Pop
Lo-fi,Hip Hop/Rap
Lo-fi beats,Hip Hop/Rap
Lo-fi brasileiro,Hip Hop/Rap
Lo-fi chill,Hip Hop/Rap
Lo-fi cover,Hip Hop/Rap
Lo-fi emo,Hip Hop/Rap
Lo-fi house,House & EDM
Lo-fi indie,Alternative/Indie
Lo-fi jazzhop,Hip Hop/Rap
Lo-fi latino,Hip Hop/Rap
Lo-fi product,Hip Hop/Rap
Lo-fi rap,Hip Hop/Rap
Lo-fi vgm,Hip Hop/Rap
Lok dohori,World/Traditional
Lombok indie,Alternative/Indie
London indie,Alternative/Indie
London on indie,Alternative/Indie
London rap,Hip Hop/Rap
Long island punk,Punk/Hardcore
Louange,R&B/Soul
Louisiana blues,Blues
Louisiana metal,Metal
Louisville indie,Alternative/Indie
Louisville underground,Alternative/Indie
Lounge,Pop
Lounge house,House & EDM
Louvor,R&B/Soul
Louvor icm,R&B/Soul
Lovecraftian metal,Metal
Lovers rock,Reggae/Caribbean
Low bap,Hip Hop/Rap
Lowercase,Ambient & Experimental Electronic
Lowlands hardcore,Punk/Hardcore
Luk krung,World/Traditional
Luk thung,World/Traditional
Lullaby,Novelty/Spoken Word
Lund indie,Alternative/Indie
Lustrum,Pop
Lute,Classical/Orchestral
Luxembourgian electronic,House & EDM
Luxembourgian hip hop,Hip Hop/Rap
Luxembourgian indie,Alternative/Indie
Luxembourgian metal,Metal
Luxembourgian pop,Pop
Macedonian electronic,House & EDM
Macedonian folk,Folk/Acoustic
Macedonian hip hop,Hip Hop/Rap
Macedonian indie,Alternative/Indie
Macedonian metal,Metal
Macedonian pop,Pop
Macedonian rock,Rock
Madchester,Rock
Madrigal,Classical/Orchestral
Maga rap,Hip Hop/Rap
Maghreb,World/Traditional
Magnificat,Classical/Orchestral
Magyar alternative,Alternative/Indie
Magyar kabare,Pop
Magyar mulatos,Pop
Magyar musicalek,Soundtrack/Instrumental
Magyar retro dance,Pop
Magyar trap,Hip Hop/Rap
Mahraganat,World/Traditional
Maine hip hop,Hip Hop/Rap
Maine indie,Alternative/Indie
Mainland chinese pop,Pop
Mainland se asia metal,Metal
Maithili,World/Traditional
Makina,House & EDM
Makossa,World/Traditional
Malagasy folk,Folk/Acoustic
Malagasy pop,Pop
Malang indie,Alternative/Indie
Malang punk,Punk/Hardcore
Malawian folk,Folk/Acoustic
Malawian hip hop,Hip Hop/Rap
Malawian pop,Pop
Malay rap,Hip Hop/Rap
Malayalam cover,Pop
Malayalam hip hop,Hip Hop/Rap
Malayalam indie,Alternative/Indie
Malayalam pop,Pop
Malayalam worship,R&B/Soul
Malaysian hip hop,Hip Hop/Rap
Malaysian indie,Alternative/Indie
Malaysian mandopop,Pop
Malaysian metal,Metal
Malaysian pop,Pop
Malaysian punk,Punk/Hardcore
Malaysian tamil pop,Pop
Malaysian tamil rap,Hip Hop/Rap
Malaysian traditional,World/Traditional
Maldivian pop,Pop
Malian blues,Blues
Malian traditional,World/Traditional
Mallet,Classical/Orchestral
Mallsoft,Ambient & Experimental Electronic
Malmo indie,Alternative/Indie
Maloya,World/Traditional
Maltese hip hop,Hip Hop/Rap
Maltese metal,Metal
Maltese pop,Pop
Maluku pop,Pop
Mambo,Latin
Mambo chileno,Latin
Man's orchestra,Classical/Orchestral
Manchester hip hop,Hip Hop/Rap
Manchester indie,Alternative/Indie
Mande pop,Pop
Mandible,Other
Mandolin,Folk/Acoustic
Mandopop,Pop
Manele,World/Traditional
Manguebeat,Rock
Manila sound,Pop
Manipuri pop,Pop
Manitoba country,Country/Americana
Manitoba indie,Alternative/Indie
Manso indie,Alternative/Indie
Mantra,World/Traditional
Mapouka,World/Traditional
Maracatu,Latin
Marathi balgeet,Novelty/Spoken Word
Marathi devotional,World/Traditional
Marathi hip hop,Hip Hop/Rap
Marathi pop,Pop
Marathi remix,Pop
Marathi traditional,World/Traditional
Marcha carnavalesca,Latin
Marcha funebre,Classical/Orchestral
Marches,Classical/Orchestral
Marching band,Classical/Orchestral
Marci brijuzi,World/Traditional
Mariachi,Latin
Mariachi cristiano,Latin
Marimba,World/Traditional
Marimba de guatemala,Latin
Marimba mexicana,Latin
Marimba orquesta,Latin
Marinera,Latin
Marrabenta,World/Traditional
Marsmuziek,Classical/Orchestral
Martial industrial,Alternative/Indie
Marwadi pop,Pop
Mashup,Pop
Maskandi,World/Traditional
Mass,Classical/Orchestral
Massage,New Age/Meditation
Math pop,Pop
Math rock,Alternative/Indie
Math rock latinoamericano,Alternative/Indie
Mathcore,Metal
Mathgrind,Metal
Mazandarani folk,Folk/Acoustic
Mbalax,World/Traditional
Mbira,World/Traditional
Mecha,Soundtrack/Instrumental
Medical,Other
Medieval,Classical/Orchestral
Medieval ensemble,Classical/Orchestral
Medieval folk,Folk/Acoustic
Medieval rock,Rock
Medimeisterschaften,Pop
Meditation,New Age/Meditation
Medway sound,Rock
Meenawati,World/Traditional
Mega funk,Funk/Disco
Melancholia,Pop
Melanesian pop,Pop
Melbourne bounce,House & EDM
Melbourne bounce international,House & EDM
Melbourne indie,Alternative/Indie
Mellow gold,Pop
Melodic black metal,Metal
Melodic death metal,Metal
Melodic deathcore,Metal
Melodic doom,Metal
Melodic drill,Hip Hop/Rap
Melodic dubstep,Bass Music
Melodic groove metal,Metal
Melodic hard rock,Rock
Melodic hardcore,Punk/Hardcore
Melodic metal,Metal
Melodic metalcore,Metal
Melodic power metal,Metal
Melodic progressive metal,Metal
Melodic rap,Hip Hop/Rap
Melodic techno,Techno & Trance
Melodic thrash,Metal
Melodipop,Pop
Meme rap,Hip Hop/Rap
Memphis americana,Country/Americana
Memphis blues,Blues
Memphis hip hop,Hip Hop/Rap
Memphis indie,Alternative/Indie
Memphis rap,Hip Hop/Rap
Memphis soul,R&B/Soul
Men chika,Other
Men's choir,Classical/Orchestral
Mento,Reggae/Caribbean
Merengue,Latin
Merengue tipico,Latin
Merida indie,Alternative/Indie
Merseybeat,Rock
Messianic praise,R&B/Soul
Mestissatge,World/Traditional
Metal,Metal
Metal baiano,Metal
Metal balear,Metal
Metal catala,Metal
Metal catarinense,Metal
Metal cearense,Metal
Metal colombiano,Metal
Metal cover,Metal
Metal cristao,Metal
Metal ecuatoriano,Metal
Metal galego,Metal
Metal gaucho,Metal
Metal gotico,Metal
Metal guitar,Metal
Metal mineiro,Metal
Metal noir quebecois,Metal
Metal nortista,Metal
Metal paraguayo,Metal
Metal paranaense,Metal
Metal pernambucano,Metal
Metal piauiense,Metal
Metal salvadoreno,Metal
Metal tico,Metal
Metal uruguayo,Metal
Metalcore,Metal
Metalcore espanol,Metal
Metallic hardcore,Metal
Metis fiddle,Folk/Acoustic
Metropopolis,Pop
Mevlevi sufi,World/Traditional
Mexican black metal,Metal
Mexican classic rock,Rock
Mexican classical,Classical/Orchestral
Mexican death metal,Metal
Mexican edm,House & EDM
Mexican electronic,House & EDM
Mexican experimental,Alternative/Indie
Mexican hardcore,Punk/Hardcore
Mexican hip hop,Hip Hop/Rap
Mexican indie,Alternative/Indie
Mexican metal,Metal
Mexican pop,Pop
Mexican pop punk,Punk/Hardcore
Mexican post-rock,Alternative/Indie
Mexican power metal,Metal
Mexican rock,Rock
Mexican rock-and-roll,Rock
Mexican son,Latin
Mexican tech house,House & EDM
Mexican techno,Techno & Trance
Mexican thrash metal,Metal
Mexican traditional,World/Traditional
Meyxana,World/Traditional
Mezmur,R&B/Soul
Mgp,Pop
Mgpjr,Pop
Miami bass,Hip Hop/Rap
Miami hip hop,Hip Hop/Rap
Miami indie,Alternative/Indie
Miami metal,Metal
Michigan folk,Folk/Acoustic
Michigan indie,Alternative/Indie
Microhouse,House & EDM
Microtonal,Classical/Orchestral
Middle earth,Soundtrack/Instrumental
Middle east hip hop,Hip Hop/Rap
Middle eastern traditional,World/Traditional
Midwest americana,Country/Americana
Midwest emo,Punk/Hardcore
Milan indie,Alternative/Indie
Military,Classical/Orchestral
Military band,Classical/Orchestral
Military cadence,Classical/Orchestral
Military rap,Hip Hop/Rap
Milonga,Latin
Milwaukee hip hop,Hip Hop/Rap
Milwaukee indie,Alternative/Indie
Min'yo,World/Traditional
Min'yå,World/Traditional
Mindfulness,New Age/Meditation
Minimal,Ambient & Experimental Electronic
Minimal dnb,Bass Music
Minimal dub,Reggae/Caribbean
Minimal dubstep,Bass Music
Minimal melodic techno,Techno & Trance
Minimal synth,Ambient & Experimental Electronic
Minimal tech house,House & EDM
Minimal techno,Techno & Trance
Minimal wave,Ambient & Experimental Electronic
Minimalism,Classical/Orchestral
Minneapolis indie,Alternative/Indie
Minneapolis metal,Metal
Minneapolis punk,Punk/Hardcore
Minneapolis sound,R&B/Soul
Minnesang,Classical/Orchestral
Minnesota hip hop,Hip Hop/Rap
Mising pop,Pop
Mississippi hip hop,Hip Hop/Rap
Mississippi indie,Alternative/Indie
Missouri indie,Alternative/Indie
Mizo gospel,R&B/Soul
Mizo pop,Pop
Mizrahi,World/Traditional
Mluvene slovo,Novelty/Spoken Word
Mo lam,World/Traditional
Mod,Rock
Mod revival,Rock
Modal,Jazz
Modern,Classical/Orchestral
Modern alternative pop,Pop
Modern alternative rock,Alternative/Indie
Modern big band,Jazz
Modern blues,Blues
Modern blues rock,Blues
Modern bollywood,Soundtrack/Instrumental
Modern cello,Classical/Orchestral
Modern chamber music,Classical/Orchestral
Modern classical,Classical/Orchestral
Modern country rock,Country/Americana
Modern darkwave,Ambient & Experimental Electronic
Modern downshift,Alternative/Indie
Modern dream pop,Pop
Modern electric blues,Blues
Modern electroacoustic,Ambient & Experimental Electronic
Modern enka,Pop
Modern folk rock,Folk/Acoustic
Modern free jazz,Jazz
Modern funk,Funk/Disco
Modern goth,Alternative/Indie
Modern hard rock,Rock
Modern hardcore,Punk/Hardcore
Modern indie folk,Folk/Acoustic
Modern indie pop,Pop
Modern jangle pop,Pop
Modern jazz piano,Jazz
Modern jazz trio,Jazz
Modern melodic hardcore,Punk/Hardcore
Modern mod,Rock
Modern old-time,Folk/Acoustic
Modern performance,Classical/Orchestral
Modern power pop,Rock
Modern progressive rock,Rock
Modern psychedelic folk,Folk/Acoustic
Modern reggae,Reggae/Caribbean
Modern rock,Rock
Modern salsa,Latin
Modern ska punk,Punk/Hardcore
Modern southern rock,Rock
Modern string quartet,Classical/Orchestral
Modern swing,Jazz
Modern uplift,R&B/Soul
Moderne ludovky,Pop
Modular synth,Ambient & Experimental Electronic
Modular techno,Techno & Trance
Molam,World/Traditional
Moldovan pop,Pop
Mollywood,Soundtrack/Instrumental
Mongolian alternative,Alternative/Indie
Mongolian folk,Folk/Acoustic
Mongolian hip hop,Hip Hop/Rap
Mongolian pop,Pop
Monolog,Novelty/Spoken Word
Montana indie,Alternative/Indie
Montana metal,Metal
Montana roots,Country/Americana
Montenegrin pop,Pop
Monterrey indie,Alternative/Indie
Montreal indie,Alternative/Indie
Moog,Ambient & Experimental Electronic
Moombahton,Bass Music
Moorish traditional,World/Traditional
Moravian folk,Folk/Acoustic
Morelos indie,Alternative/Indie
Morna,World/Traditional
Moroccan pop,Pop
Moroccan traditional,World/Traditional
Motet,Classical/Orchestral
Motivation,Hip Hop/Rap
Motown,R&B/Soul
Motswako,Hip Hop/Rap
Mountain dulcimer,Folk/Acoustic
Mouth music,World/Traditional
Movie effects,Other
Movie tunes,Soundtrack/Instrumental
Mpb,Latin
Mpb gospel,Latin
Mugham,World/Traditional
Multidisciplinary,Other
Mumbai indie,Alternative/Indie
Mundart,Folk/Acoustic
Munich electronic,House & EDM
Munich indie,Alternative/Indie
Murcia indie,Alternative/Indie
Murga,Latin
Musette,Folk/Acoustic
Music box,Novelty/Spoken Word
Music hall,Pop
Music video,Soundtrack/Instrumental
Musica acoriana,Folk/Acoustic
Musica afroperuana,Latin
Musica aguascalentense,Latin
Musica alagoana,Latin
Musica amapaense,Latin
Musica andina,Latin
Musica andina chilena,Latin
Musica andina colombiana,Latin
Musica andorra,Folk/Acoustic
Musica angolana,World/Traditional
Musica antigua,Classical/Orchestral
Musica aragonesa,Folk/Acoustic
Musica ayacuchana,Latin
Musica baiana,Latin
Musica bajacaliforniana,Latin
Musica blumenauense,Latin
Musica brasiliense,Latin
Musica cabo-verdiana,World/Traditional
Musica calabrese,Folk/Acoustic
Musica campechana,Latin
Musica campineira,Latin
Musica campista,Latin
Musica canaria,Folk/Acoustic
Musica capixaba,Latin
Musica caririense,Latin
Musica catalana,Folk/Acoustic
Musica catarinense,Latin
Musica cearense,Latin
Musica chiapaneca,Latin
Musica chihuahuense,Latin
Musica coahuilense,Latin
Musica colimense,Latin
Musica colombiana instrumental,Soundtrack/Instrumental
Musica costarricense,Latin
Musica costena,Latin
Musica criolla,Latin
Musica crista reformada,R&B/Soul
Musica cristiana guatemalteca,R&B/Soul
Musica de fondo,Soundtrack/Instrumental
Musica de intervencao,Folk/Acoustic
Musica duranguense,Latin
Musica ecuatoguineana,World/Traditional
Musica eletronica brasileira,House & EDM
Musica eletronica gospel,House & EDM
Musica etnica,World/Traditional
Musica evangelica instrumental,Soundtrack/Instrumental
Musica feirense,Latin
Musica folk asturiana,Folk/Acoustic
Musica gaucha,Folk/Acoustic
Musica gaucha tradicionalista,Folk/Acoustic
Musica goiana,Latin
Musica guerrerense,Latin
Musica guineense,World/Traditional
Musica hondurena,Latin
Musica indigena brasileira,World/Traditional
Musica indigena latinoamericana,World/Traditional
Musica indigena mexicana,World/Traditional
Musica infantil,Novelty/Spoken Word
Musica infantil catala,Novelty/Spoken Word
Musica istmena,Latin
Musica jalisciense,Latin
Musica jibara,Latin
Musica juiz-forana,Latin
Musica llanera,Latin
Musica lombarda,Folk/Acoustic
Musica londrinense,Latin
Musica madeirense,Folk/Acoustic
Musica mallorquina,Folk/Acoustic
Musica mapuche,World/Traditional
Musica maranhense,Latin
Musica maringaense,Latin
Musica mato-grossense,Latin
Musica menorquina,Folk/Acoustic
Musica mexicana,Latin
Musica mexiquense,Latin
Musica michoacana,Latin
Musica mixteca,Latin
Musica mocambicana,World/Traditional
Musica mogiana,Latin
Musica morelense,Latin
Musica nayarita,Latin
Musica neoleonesa,Latin
Musica nicaraguense,Latin
Musica nortena chilena,Latin
Musica nublensina,Latin
Musica oaxaquena,Latin
Musica occitana,Folk/Acoustic
Musica otavalena,Latin
Musica para criancas,Novelty/Spoken Word
Musica para ninos,Novelty/Spoken Word
Musica paraibana,Latin
Musica paranaense,Latin
Musica per bambini,Novelty/Spoken Word
Musica pernambucana,Latin
Musica piauiense,Latin
Musica piemonteisa,Folk/Acoustic
Musica pitiusa,Folk/Acoustic
Musica poblana,Latin
Musica ponta-grossense,Latin
Musica popular amazonense,Latin
Musica popular colombiana,Latin
Musica popular mineira,Latin
Musica popular paraense,Latin
Musica popular uruguaya,Folk/Acoustic
Musica portuguesa contemporanea,Pop
Musica potiguar,Latin
Musica potosina,Latin
Musica prehispanica,World/Traditional
Musica puntana,Latin
Musica purepecha,World/Traditional
Musica queretana,Latin
Musica quintanarroense,Latin
Musica rapa nui,World/Traditional
Musica rondoniense,Latin
Musica roraimense,Latin
Musica santomense,World/Traditional
Musica sarda,Folk/Acoustic
Musica sergipana,Latin
Musica sinaloense,Latin
Musica sinfonica,Classical/Orchestral
Musica sonorense,Latin
Musica sudcaliforniana,Latin
Musica sul-mato-grossense,Latin
Musica tabasquena,Latin
Musica tamaulipeca,Latin
Musica timor-leste,World/Traditional
Musica tlaxcalteca,Latin
Musica tradicional cubana,Latin
Musica tradicional dominicana,Latin
Musica triste brasileira,Pop
Musica tropical guatemalteca,Latin
Musica urbana oaxaquena,Latin
Musica valenciana,Folk/Acoustic
Musica wixarika,World/Traditional
Musica yucateca,Latin
Musical,Soundtrack/Instrumental
Musical advocacy,Folk/Acoustic
Musicas espiritas,World/Traditional
Musiikkia lapista,Folk/Acoustic
Musiikkia lapsille,Novelty/Spoken Word
Musik anak-anak,Novelty/Spoken Word
Musikkorps,Classical/Orchestral
Musique acadienne,Folk/Acoustic
Musique alsacienne,Folk/Acoustic
Musique ancienne,Classical/Orchestral
Musique centrafricaine,World/Traditional
Musique comorienne,World/Traditional
Musique concrete,Ambient & Experimental Electronic
Musique concrã¨te,Ambient & Experimental Electronic
Musique guadeloupe,Reggae/Caribbean
Musique mahoraise,World/Traditional
Musique mandingue,World/Traditional
Musique mariage algerien,World/Traditional
Musique mauritanienne,World/Traditional
Musique militaire,Classical/Orchestral
Musique nigerienne,World/Traditional
Musique peule,World/Traditional
Musique pour enfant quebecois,Novelty/Spoken Word
Musique pour enfants,Novelty/Spoken Word
Musique soninke,World/Traditional
Musique tahitienne,World/Traditional
Musique tchadienne,World/Traditional
Musique touareg,World/Traditional
Musique traditionnelle comorienne,World/Traditional
Musique traditionnelle congolaise,World/Traditional
Musique urbaine brazzaville,World/Traditional
Musique urbaine kinshasa,World/Traditional
Muzica ardeleneasca,Folk/Acoustic
Muzica banateana,Folk/Acoustic
Muzica bisericeasca,Classical/Orchestral
Muzica copii,Novelty/Spoken Word
Muzica crestina,R&B/Soul
Muzica etno,World/Traditional
Muzica maramureseana,Folk/Acoustic
Muzica moldoveneasca,Folk/Acoustic
Muzica populara,Folk/Acoustic
Muzica usoara,Pop
Muziek voor kinderen,Novelty/Spoken Word
Muzika l'yeladim,Novelty/Spoken Word
Myanmar gospel,R&B/Soul
Myanmar hip hop,Hip Hop/Rap
Myanmar indie,Alternative/Indie
Mãºsica criolla,Latin
Naat,World/Traditional
Nadaswaram,World/Traditional
Nagaland indie,Alternative/Indie
Nagauta,World/Traditional
Nagpuri pop,Pop
Naija old school,World/Traditional
Naija worship,R&B/Soul
Namibian pop,Pop
Nantes indie,Alternative/Indie
Narco rap,Hip Hop/Rap
Narodna muzika,Folk/Acoustic
Narodnozabavna,Folk/Acoustic
Nasheed,World/Traditional
Nashville americana,Country/Americana
Nashville hip hop,Hip Hop/Rap
Nashville indie,Alternative/Indie
Nashville singer-songwriter,Folk/Acoustic
Nashville sound,Country/Americana
Nasyid,World/Traditional
Native american,World/Traditional
Native american contemporary,World/Traditional
Native american flute,World/Traditional
Native american hip hop,Hip Hop/Rap
Native american spiritual,World/Traditional
Navajo,World/Traditional
Ndombolo,World/Traditional
Ndw,Pop
Neapolitan funk,Funk/Disco
Necrogrind,Metal
Nederlandse hardstyle,Bass Music
Nederpop,Pop
Nederreggae,Reggae/Caribbean
Neo classical metal,Metal
Neo grime,Hip Hop/Rap
Neo honky tonk,Country/Americana
Neo kyma,Pop
Neo mellow,Pop
Neo metal,Metal
Neo r&b,R&B/Soul
Neo soul,R&B/Soul
Neo soul-jazz,Jazz
Neo trance,Techno & Trance
Neo-classical,Classical/Orchestral
Neo-classical metal,Metal
Neo-crust,Punk/Hardcore
Neo-industrial rock,Rock
Neo-kraut,Rock
Neo-manele,World/Traditional
Neo-pagan,World/Traditional
Neo-progressive,Rock
Neo-proto,Alternative/Indie
Neo-psicodelia brasileira,Rock
Neo-psychedelic,Rock
Neo-rockabilly,Rock
Neo-romantic,Classical/Orchestral
Neo-singer-songwriter,Folk/Acoustic
Neo-synthpop,Pop
Neo-trad doom metal,Metal
Neo-trad metal,Metal
Neo-trad prog,Rock
Neo-traditional bluegrass,Country/Americana
Neo-traditional country,Country/Americana
Neoclassical darkwave,Classical/Orchestral
Neoclassicism,Classical/Orchestral
Neofolk,Folk/Acoustic
Neomelodici,Pop
Neon pop punk,Punk/Hardcore
Neopagan,World/Traditional
Neoperreo,Latin
Neotango,Latin
Nepali indie,Alternative/Indie
Nepali pop,Pop
Nephop,Hip Hop/Rap
Nerdcore,Hip Hop/Rap
Nerdcore brasileiro,Hip Hop/Rap
Nerdcore techno,Techno & Trance
Neru,Pop
Neue deutsche harte,Metal
Neue deutsche todeskunst,Metal
Neue deutsche welle,Pop
Neue neue deutsche welle,Pop
Neue volksmusik,Folk/Acoustic
Neurofunk,Bass Music
Neurostep,Bass Music
New age,New Age/Meditation
New age piano,New Age/Meditation
New americana,Country/Americana
New beat,House & EDM
New brunswick indie,Alternative/Indie
New comedy,Novelty/Spoken Word
New delhi indie,Alternative/Indie
New england americana,Country/Americana
New england emo,Punk/Hardcore
New england experimental,Alternative/Indie
New england hardcore,Punk/Hardcore
New england metal,Metal
New french touch,House & EDM
New hampshire indie,Alternative/Indie
New isolationism,Ambient & Experimental Electronic
New italo disco,Funk/Disco
New jack smooth,R&B/Soul
New jack swing,R&B/Soul
New jersey hardcore,Punk/Hardcore
New jersey indie,Alternative/Indie
New jersey punk,Punk/Hardcore
New jersey rap,Hip Hop/Rap
New jersey underground rap,Hip Hop/Rap
New mexico music,Country/Americana
New orleans americana,Country/Americana
New orleans blues,Blues
New orleans funk,Funk/Disco
New orleans indie,Alternative/Indie
New orleans jazz,Jazz
New orleans rap,Hip Hop/Rap
New orleans soul,R&B/Soul
New rave,House & EDM
New romantic,Pop
New school turkce rap,Hip Hop/Rap
New tribe,World/Traditional
New wave,Pop
New wave of glam metal,Metal
New wave of osdm,Metal
New wave of speed metal,Metal
New wave of thrash metal,Metal
New wave pop,Pop
New weird america,Folk/Acoustic
New weird finland,Alternative/Indie
New york death metal,Metal
New york drill,Hip Hop/Rap
New zealand classical,Classical/Orchestral
Newcastle indie,Alternative/Indie
Newcastle nsw indie,Alternative/Indie
Newfoundland indie,Alternative/Indie
Ney,World/Traditional
Ngoni,World/Traditional
Nhac thieu nhi,Novelty/Spoken Word
Nháº¡c vã ng,World/Traditional
Nice indie,Alternative/Indie
Nigerian hip hop,Hip Hop/Rap
Nigerian pop,Pop
Nightcore,Pop
Nightrun,Ambient & Experimental Electronic
Nijisanji,Pop
Nintendocore,Metal
Nisiotika,World/Traditional
Nitzhonot,Techno & Trance
Nl folk,Folk/Acoustic
No wave,Alternative/Indie
Nocturne,Classical/Orchestral
Noel quebecois,Pop
Nohay,World/Traditional
Noise,Ambient & Experimental Electronic
Noise pop,Alternative/Indie
Noise punk,Punk/Hardcore
Noise rock,Alternative/Indie
Noisecore,Metal
Non-music,Novelty/Spoken Word
Nordic,World/Traditional
Nordic ambient,Ambient & Experimental Electronic
Nordic classical piano,Classical/Orchestral
Nordic contemporary classical,Classical/Orchestral
Nordic folk,Folk/Acoustic
Nordic folk metal,Metal
Nordic house,House & EDM
Nordic orchestra,Classical/Orchestral
Nordic post-rock,Alternative/Indie
Nordic shoegaze,Alternative/Indie
Nordic soundtrack,Soundtrack/Instrumental
Nordnorsk musikk,Folk/Acoustic
Nordnorsk ponk,Punk/Hardcore
Nordnorsk rap,Hip Hop/Rap
Normal indie,Alternative/Indie
Norman ok indie,Alternative/Indie
Norrbotten indie,Alternative/Indie
Norrlandsk hip hop,Hip Hop/Rap
Norsk lovsang,R&B/Soul
Norske viser,Folk/Acoustic
Norteno,Latin
Norteno-sax,Latin
Norteã±o,Latin
North carolina emo,Punk/Hardcore
North carolina hip hop,Hip Hop/Rap
North carolina indie,Alternative/Indie
North carolina metal,Metal
North carolina roots,Country/Americana
North dakota indie,Alternative/Indie
North east england indie,Alternative/Indie
North moroccan rap,Hip Hop/Rap
Northamptonshire indie,Alternative/Indie
Northeast indian hip hop,Hip Hop/Rap
Northeast indian indie,Alternative/Indie
Northern irish indie,Alternative/Indie
Northern irish punk,Punk/Hardcore
Northern soul,R&B/Soul
Northumbrian folk,Folk/Acoustic
Northwest china indie,Alternative/Indie
Norwegian,Pop
Norwegian alternative rock,Alternative/Indie
Norwegian americana,Country/Americana
Norwegian black metal,Metal
Norwegian blues,Blues
Norwegian choir,Classical/Orchestral
Norwegian classical,Classical/Orchestral
Norwegian contemporary jazz,Jazz
Norwegian country,Country/Americana
Norwegian death metal,Metal
Norwegian doom metal,Metal
Norwegian experimental,Alternative/Indie
Norwegian folk,Folk/Acoustic
Norwegian folk rock,Folk/Acoustic
Norwegian gospel,R&B/Soul
Norwegian hardcore,Punk/Hardcore
Norwegian hip hop,Hip Hop/Rap
Norwegian house,House & EDM
Norwegian indie,Alternative/Indie
Norwegian jazz,Jazz
Norwegian metal,Metal
Norwegian pop,Pop
Norwegian pop rap,Hip Hop/Rap
Norwegian prog,Rock
Norwegian psychedelic,Rock
Norwegian punk,Punk/Hardcore
Norwegian punk rock,Punk/Hardcore
Norwegian rock,Rock
Norwegian singer-songwriter,Folk/Acoustic
Norwegian space disco,House & EDM
Norwegian techno,Techno & Trance
Norwegian trap,Hip Hop/Rap
Nottingham hip hop,Hip Hop/Rap
Nottingham indie,Alternative/Indie
Nouvelle chanson francaise,Pop
Nova canco,Folk/Acoustic
Nova mpb,Latin
Nova musica amazonense,Latin
Nova musica carioca,Latin
Nova musica maranhense,Latin
Nova musica paulista,Latin
Nova musica pernambucana,Latin
Novelty,Novelty/Spoken Word
Novo rock gaucho,Rock
Novos talentos brasileiros,Pop
Nu age,New Age/Meditation
Nu disco,Funk/Disco
Nu electro,House & EDM
Nu gaze,Alternative/Indie
Nu jazz,Jazz
Nu metal,Metal
Nu skool breaks,Garage & Breaks
Nu-cumbia,Latin
Nu-disco,Funk/Disco
Nu-metalcore,Metal
Nubian traditional,World/Traditional
Nueva cancion,Folk/Acoustic
Nueva musica mexicana,Latin
Nueva ola chilena,Rock
Nueva ola peruana,Pop
Nueva trova,Folk/Acoustic
Nueva trova chilena,Folk/Acoustic
Nuevo flamenco,World/Traditional
Nuevo folklore argentino,Folk/Acoustic
Nuevo folklore mexicano,Folk/Acoustic
Nuevo tango,Latin
Nursery,Novelty/Spoken Word
Nursery rhymes,Novelty/Spoken Word
Nwobhm,Metal
Nwocr,Metal
Nwothm,Metal
Ny roots,Hip Hop/Rap
Nyahbinghi,World/Traditional
Nyc metal,Metal
Nyc pop,Pop
Nyc rap,Hip Hop/Rap
Nyckelharpa,Folk/Acoustic
Nyhc,Punk/Hardcore
Nz alternative rock,Alternative/Indie
Nz children's music,Novelty/Spoken Word
Nz christian,R&B/Soul
Nz dnb,Bass Music
Nz electronic,House & EDM
Nz folk,Folk/Acoustic
Nz gangsta rap,Hip Hop/Rap
Nz hardcore,Punk/Hardcore
Nz hip hop,Hip Hop/Rap
Nz indie,Alternative/Indie
Nz jazz,Jazz
Nz metal,Metal
Nz pop,Pop
Nz punk,Punk/Hardcore
Nz reggae,Reggae/Caribbean
Nz singer-songwriter,Folk/Acoustic
Nã©o kyma,Pop
Nã©pzene,World/Traditional
Oakland hip hop,Hip Hop/Rap
Oakland indie,Alternative/Indie
Oaxaca indie,Alternative/Indie
Oberkrainer,Folk/Acoustic
Oc indie,Alternative/Indie
Oc rap,Hip Hop/Rap
Occitan,World/Traditional
Occult,Alternative/Indie
Occult black metal,Metal
Ocean,New Age/Meditation
Oceania soundtrack,Soundtrack/Instrumental
Odia bhajan,World/Traditional
Odia pop,Pop
Oeteldonk,Pop
Ohangla,World/Traditional
Ohio hardcore,Punk/Hardcore
Ohio hip hop,Hip Hop/Rap
Ohio indie,Alternative/Indie
Oi,Punk/Hardcore
Ojkaäa,World/Traditional
Ok indie,Alternative/Indie
Okc indie,Alternative/Indie
Okinawan folk,Folk/Acoustic
Okinawan pop,Pop
Oklahoma country,Country/Americana
Oktoberfest,Pop
Old school atlanta hip hop,Hip Hop/Rap
Old school dancehall,Reggae/Caribbean
Old school ebm,Ambient & Experimental Electronic
Old school hard trance,Techno & Trance
Old school highlife,World/Traditional
Old school hip hop,Hip Hop/Rap
Old school nederhop,Hip Hop/Rap
Old school rap francais,Hip Hop/Rap
Old school thrash,Metal
Old school uk hip hop,Hip Hop/Rap
Old west,Country/Americana
Old-time,Folk/Acoustic
Old-time fiddle,Folk/Acoustic
Oldschool deutschrap,Hip Hop/Rap
Olympia wa indie,Alternative/Indie
Omaha indie,Alternative/Indie
One-person band,Folk/Acoustic
Ontario indie,Alternative/Indie
Opera,Classical/Orchestral
Opera chorus,Classical/Orchestral
Opera metal,Metal
Operatic pop,Pop
Operetta,Classical/Orchestral
Opm,Pop
Oratorio,Classical/Orchestral
Oratory,Classical/Orchestral
Orchestra,Classical/Orchestral
Orchestral performance,Classical/Orchestral
Orchestral soundtrack,Soundtrack/Instrumental
Orebro indie,Alternative/Indie
Organ,Classical/Orchestral
Organetto,Folk/Acoustic
Organic ambient,Ambient & Experimental Electronic
Organic electronic,House & EDM
Organic house,House & EDM
Orgcore,Punk/Hardcore
Oriental classical,Classical/Orchestral
Oriental metal,Metal
Orkiestra symfoniczna,Classical/Orchestral
Orkney and shetland folk,Folk/Acoustic
Orlando indie,Alternative/Indie
Oromo pop,Pop
Orquesta cubana,Latin
Orquesta tipica,Latin
Orquesta tropical,Latin
Orquestas de galicia,Classical/Orchestral
Orthodox chant,Classical/Orchestral
Oshare kei,Rock
Oslo indie,Alternative/Indie
Ostrock,Rock
Ostschlager,Pop
Otacore,Pop
Oth indie,Alternative/Indie
Otroske pesmice,Novelty/Spoken Word
Ottawa indie,Alternative/Indie
Ottawa rap,Hip Hop/Rap
Ottoman classical,Classical/Orchestral
Oud,World/Traditional
Oulu indie,Alternative/Indie
Oulu metal,Metal
Outer hip hop,Hip Hop/Rap
Outlaw country,Country/Americana
Outsider,Alternative/Indie
Outsider house,House & EDM
Overtone singing,World/Traditional
Overture,Classical/Orchestral
Oxford choir,Classical/Orchestral
Oxford indie,Alternative/Indie
Oyun havasi,World/Traditional
P funk,Funk/Disco
P-pop,Pop
P.funk,Funk/Disco
Pachanga,Latin
Pacific,World/Traditional
Pacific islands gospel,R&B/Soul
Pacific islands pop,Pop
Pagan black metal,Metal
Pagode,Latin
Pagode baiano,Latin
Pagode novo,Latin
Pahadi pop,Pop
Paidika tragoudia,Novelty/Spoken Word
Paisley underground,Rock
Pakistani electronic,House & EDM
Pakistani folk,Folk/Acoustic
Pakistani hip hop,Hip Hop/Rap
Pakistani indie,Alternative/Indie
Pakistani pop,Pop
Pakistani rock,Rock
Palestinian alternative,Alternative/Indie
Palestinian hip hop,Hip Hop/Rap
Palestinian pop,Pop
Palestinian traditional,World/Traditional
Palm desert scene,Rock
Palm wine guitar,World/Traditional
Panamanian indie,Alternative/Indie
Panamanian pop,Pop
Panamanian rock,Rock
Panpipe,World/Traditional
Pansori,World/Traditional
Papuan traditional,World/Traditional
Papuri,R&B/Soul
Paracana,Latin
Paraguayan indie,Alternative/Indie
Paraguayan rock,Rock
Parody,Novelty/Spoken Word
Partido alto,Latin
Partyschlager,Pop
Pashto pop,Pop
Pasodoble,Latin
Pasodobles,Latin
Passion,Classical/Orchestral
Pastoral,Classical/Orchestral
Pei indie,Alternative/Indie
Pennsylvania hardcore,Punk/Hardcore
Percussion ensemble,Classical/Orchestral
Permanent wave,Pop
Perreo,Latin
Persian alternative,Alternative/Indie
Persian classical,Classical/Orchestral
Persian electronic,House & EDM
Persian hip hop,Hip Hop/Rap
Persian neo-traditional,World/Traditional
Persian pop,Pop
Persian rock,Rock
Persian traditional,World/Traditional
Perth indie,Alternative/Indie
Peruvian death metal,Metal
Peruvian experimental,Alternative/Indie
Peruvian hip hop,Hip Hop/Rap
Peruvian indie,Alternative/Indie
Peruvian metal,Metal
Peruvian punk,Punk/Hardcore
Peruvian rock,Rock
Pet calming,New Age/Meditation
Philippine classical,Classical/Orchestral
Philly drill,Hip Hop/Rap
Philly indie,Alternative/Indie
Philly rap,Hip Hop/Rap
Philly soul,R&B/Soul
Phleng phuea chiwit,World/Traditional
Phoenix indie,Alternative/Indie
Phonk,Hip Hop/Rap
Piada,Novelty/Spoken Word
Pianissimo,Classical/Orchestral
Piano,Classical/Orchestral
Piano blues,Blues
Piano cover,Soundtrack/Instrumental
Piano house,House & EDM
Piano mpb,Latin
Piano rock,Rock
Piano worship,R&B/Soul
Pibroch,Folk/Acoustic
Piedmont blues,Blues
Pilates,New Age/Meditation
Pink noise,New Age/Meditation
Pinoy alternative rap,Hip Hop/Rap
Pinoy alternative rock,Alternative/Indie
Pinoy city pop,Pop
Pinoy drill,Hip Hop/Rap
Pinoy edm,House & EDM
Pinoy hip hop,Hip Hop/Rap
Pinoy idol pop,Pop
Pinoy indie,Alternative/Indie
Pinoy indie rock,Alternative/Indie
Pinoy metal,Metal
Pinoy pop punk,Punk/Hardcore
Pinoy praise,R&B/Soul
Pinoy r&b,R&B/Soul
Pinoy reggae,Reggae/Caribbean
Pinoy rock,Rock
Pinoy shoegaze,Alternative/Indie
Pinoy singer-songwriter,Folk/Acoustic
Pinoy traditional,World/Traditional
Pinoy trap,Hip Hop/Rap
Piobaireachd,Folk/Acoustic
Pipa,World/Traditional
Pipe & drum,Classical/Orchestral
Pirate,Folk/Acoustic
Piratenmuziek,Folk/Acoustic
Piseiro,Latin
Pittsburgh indie,Alternative/Indie
Pittsburgh indie rock,Alternative/Indie
Pittsburgh metal,Metal
Pittsburgh rap,Hip Hop/Rap
Pittsburgh rock,Rock
Pixel,Ambient & Experimental Electronic
Pixie,Pop
Plainchant,Classical/Orchestral
Plena,Latin
Plena uruguaya,Latin
Plug brasileiro,Hip Hop/Rap
Plugg,Hip Hop/Rap
Plugg francais,Hip Hop/Rap
Pluggnb,Hip Hop/Rap
Plunderphonics,Ambient & Experimental Electronic
Png pop,Pop
Poetry,Novelty/Spoken Word
Poezja spiewana,Folk/Acoustic
Pohadky,Novelty/Spoken Word
Polca paraguaya,Latin
Police band,Classical/Orchestral
Polish alternative,Alternative/Indie
Polish alternative rap,Hip Hop/Rap
Polish alternative rock,Alternative/Indie
Polish ambient,Ambient & Experimental Electronic
Polish black metal,Metal
Polish blues,Blues
Polish choir,Classical/Orchestral
Polish classical,Classical/Orchestral
Polish classical piano,Classical/Orchestral
Polish contemporary classical,Classical/Orchestral
Polish death metal,Metal
Polish early music,Classical/Orchestral
Polish electronica,House & EDM
Polish experimental,Alternative/Indie
Polish experimental electronic,Ambient & Experimental Electronic
Polish folk,Folk/Acoustic
Polish folk metal,Metal
Polish free jazz,Jazz
Polish hardcore,Punk/Hardcore
Polish hip hop,Hip Hop/Rap
Polish indie,Alternative/Indie
Polish indie rock,Alternative/Indie
Polish jazz,Jazz
Polish metal,Metal
Polish metalcore,Metal
Polish modern jazz,Jazz
Polish noise rock,Alternative/Indie
Polish old school hip hop,Hip Hop/Rap
Polish pop,Pop
Polish post-punk,Rock
Polish post-rock,Alternative/Indie
Polish prog,Rock
Polish psychedelia,Rock
Polish punk,Punk/Hardcore
Polish reggae,Reggae/Caribbean
Polish rock,Rock
Polish synthpop,Pop
Polish techno,Techno & Trance
Polish thrash metal,Metal
Polish trap,Hip Hop/Rap
Polish viral rap,Hip Hop/Rap
Political,Novelty/Spoken Word
Political hip hop,Hip Hop/Rap
Polka,Folk/Acoustic
Polka nortena,Latin
Polynesian hip hop,Hip Hop/Rap
Polynesian traditional,World/Traditional
Polyphonies corses,Folk/Acoustic
Polyphony,Classical/Orchestral
Pontian folk,Folk/Acoustic
Pontianak indie,Alternative/Indie
Pop,Pop
Pop ambient,Ambient & Experimental Electronic
Pop argentino,Pop
Pop catracho,Pop
Pop chileno,Pop
Pop costarricense,Pop
Pop dance,Pop
Pop edm,Pop
Pop electronico,Pop
Pop emo,Pop
Pop flamenco,Pop
Pop folk,Folk/Acoustic
Pop house,Pop
Pop lgbtq+ brasileira,Pop
Pop minang,Pop
Pop nacional,Pop
Pop nacional antigas,Pop
Pop paraguayo,Pop
Pop peruano,Pop
Pop punk,Punk/Hardcore
Pop quebecois,Pop
Pop r&b,Pop
Pop rap,Hip Hop/Rap
Pop rap brasileiro,Hip Hop/Rap
Pop reggaeton,Pop
Pop rock,Rock
Pop rock brasileiro,Rock
Pop romantico,Pop
Pop soul,Pop
Pop teen brasileiro,Pop
Pop urbaine,Pop
Pop venezolano,Pop
Pop violin,Pop
Pop virale italiano,Pop
Pop worship,Pop
Popgaze,Pop
Popping,Hip Hop/Rap
Pops orchestra,Classical/Orchestral
Popullore jugu,Folk/Acoustic
Popwave,Pop
Pornogrind,Metal
Porro,Latin
Portland hip hop,Hip Hop/Rap
Portland indie,Alternative/Indie
Portland metal,Metal
Portland punk,Punk/Hardcore
Portsmouth indie,Alternative/Indie
Portuguese black metal,Metal
Portuguese contemporary classical,Classical/Orchestral
Portuguese death metal,Metal
Portuguese early music,Classical/Orchestral
Portuguese experimental,Alternative/Indie
Portuguese folk,Folk/Acoustic
Portuguese hardcore,Punk/Hardcore
Portuguese indie,Alternative/Indie
Portuguese indie rock,Alternative/Indie
Portuguese jazz,Jazz
Portuguese metal,Metal
Portuguese pop,Pop
Portuguese post-rock,Alternative/Indie
Portuguese rock,Rock
Portuguese techno,Techno & Trance
Post bop,Jazz
Post rock,Alternative/Indie
Post-black metal,Metal
Post-disco,Funk/Disco
Post-disco soul,R&B/Soul
Post-doom metal,Metal
Post-grunge,Rock
Post-hardcore,Punk/Hardcore
Post-metal,Metal
Post-minimalism,Classical/Orchestral
Post-modern,Classical/Orchestral
Post-post-hardcore,Punk/Hardcore
Post-punk,Rock
Post-punk argentina,Rock
Post-punk brasileiro,Rock
Post-punk colombiano,Rock
Post-punk latinoamericano,Rock
Post-punk mexicano,Rock
Post-rock,Alternative/Indie
Post-rock latinoamericano,Alternative/Indie
Post-romantic era,Classical/Orchestral
Post-screamo,Punk/Hardcore
Post-teen pop,Pop
Power blues-rock,Blues
Power electronics,Ambient & Experimental Electronic
Power metal,Metal
Power noise,Ambient & Experimental Electronic
Power pop,Rock
Power thrash,Metal
Power violence,Punk/Hardcore
Power-pop punk,Punk/Hardcore
Powerviolence,Punk/Hardcore
Powwow,World/Traditional
Poznan indie,Alternative/Indie
Prague indie,Alternative/Indie
Praise,R&B/Soul
Prank,Novelty/Spoken Word
Pre-war blues,Blues
Prelude,Classical/Orchestral
Prepared piano,Classical/Orchestral
Preschool children's music,Novelty/Spoken Word
Previa,Latin
Prog metal,Metal
Prog quebec,Rock
Prog rock,Rock
Program music,Classical/Orchestral
Progressive alternative,Alternative/Indie
Progressive black metal,Metal
Progressive bluegrass,Country/Americana
Progressive breaks,Garage & Breaks
Progressive death metal,Metal
Progressive deathcore,Metal
Progressive doom,Metal
Progressive electro house,House & EDM
Progressive groove metal,Metal
Progressive house,House & EDM
Progressive jazz fusion,Jazz
Progressive metal,Metal
Progressive metalcore,Metal
Progressive post-hardcore,Punk/Hardcore
Progressive power metal,Metal
Progressive psytrance,Techno & Trance
Progressive rock,Rock
Progressive sludge,Metal
Progressive technical death metal,Metal
Progressive thrash,Metal
Progressive trance,Techno & Trance
Progressive trance house,House & EDM
Progressive uplifting trance,Techno & Trance
Promotional,Other
Protest folk,Folk/Acoustic
Proto-hyperpop,Pop
Proto-metal,Metal
Proto-rap,Hip Hop/Rap
Proto-techno,Techno & Trance
Protopunk,Punk/Hardcore
Psalmen,R&B/Soul
Psicodelia brasileira,Rock
Psicodelia chilena,Rock
Psicodelia mexicana,Rock
Psy-trance,Techno & Trance
Psybass,Bass Music
Psybreaks,Bass Music
Psych gaze,Rock
Psychedelic,Rock
Psychedelic blues-rock,Blues
Psychedelic doom,Rock
Psychedelic folk,Folk/Acoustic
Psychedelic folk rock,Rock
Psychedelic hip hop,Hip Hop/Rap
Psychedelic jazz fusion,Jazz
Psychedelic pop,Pop
Psychedelic punk,Punk/Hardcore
Psychedelic rock,Rock
Psychedelic soul,R&B/Soul
Psychedelic space rock,Rock
Psychedelic trance,Techno & Trance
Psychill,Ambient & Experimental Electronic
Psychobilly,Rock
Psychokore,Hip Hop/Rap
Psydub,Ambient & Experimental Electronic
Psytech,Techno & Trance
Pub rock,Rock
Public broadcast,Novelty/Spoken Word
Public service announcement,Novelty/Spoken Word
Puerto rican folk,Folk/Acoustic
Puerto rican indie,Alternative/Indie
Puerto rican metal,Metal
Puerto rican pop,Pop
Puerto rican rock,Rock
Puglia indie,Alternative/Indie
Puirt-a-beul,Folk/Acoustic
Pune indie,Alternative/Indie
Punjabi folk,Folk/Acoustic
Punjabi hip hop,Hip Hop/Rap
Punjabi pop,Pop
Punk,Punk/Hardcore
Punk 'n' roll,Punk/Hardcore
Punk blues,Punk/Hardcore
Punk catala,Punk/Hardcore
Punk chileno,Punk/Hardcore
Punk colombiano,Punk/Hardcore
Punk cover,Punk/Hardcore
Punk ecuatoriano,Punk/Hardcore
Punk euskera,Punk/Hardcore
Punk galego,Punk/Hardcore
Punk melodico chileno,Punk/Hardcore
Punk mexicano,Punk/Hardcore
Punk rock italiano,Punk/Hardcore
Punk rock mexicano,Punk/Hardcore
Punk ska,Punk/Hardcore
Punk tico,Punk/Hardcore
Punk tuga,Punk/Hardcore
Punk urbano,Punk/Hardcore
Punta,Latin
Punta rock,Latin
Purple sound,Pop
Pygmy music,World/Traditional
Qanun,World/Traditional
Qawwali,World/Traditional
Quartetto d'archi,Classical/Orchestral
Quatuor a cordes,Classical/Orchestral
Quebec death metal,Metal
Quebec indie,Alternative/Indie
Quebec punk,Punk/Hardcore
Quechua,World/Traditional
Queens hip hop,Hip Hop/Rap
Queer country,Country/Americana
Queercore,Punk/Hardcore
Quiet storm,R&B/Soul
Quran,World/Traditional
R&b,R&B/Soul
R&b argentino,R&B/Soul
R&b brasileiro,R&B/Soul
R&b en espanol,R&B/Soul
R&b italiano,R&B/Soul
Rabindra sangeet,World/Traditional
Raboday,Reggae/Caribbean
Radio symphony,Classical/Orchestral
Radioplay,Novelty/Spoken Word
Raga rock,Rock
Ragga,Reggae/Caribbean
Ragga hiphop,Hip Hop/Rap
Ragga jungle,Bass Music
Raggatek,Techno & Trance
Ragtime,Jazz
Rai,World/Traditional
Rai algerien,World/Traditional
Rain,New Age/Meditation
Rajasthani folk,Folk/Acoustic
Rajasthani pop,Pop
Rakugo,Pop
Ramonescore,Punk/Hardcore
Ranchera,Latin
Rap,Hip Hop/Rap
Rap abc paulista,Hip Hop/Rap
Rap alagoano,Hip Hop/Rap
Rap algerien,Hip Hop/Rap
Rap angolano,Hip Hop/Rap
Rap anime,Hip Hop/Rap
Rap antillais,Hip Hop/Rap
Rap baiano,Hip Hop/Rap
Rap baixada fluminense,Hip Hop/Rap
Rap belge,Hip Hop/Rap
Rap boricua,Hip Hop/Rap
Rap calme,Hip Hop/Rap
Rap canario,Hip Hop/Rap
Rap capixaba,Hip Hop/Rap
Rap catala,Hip Hop/Rap
Rap catarinense,Hip Hop/Rap
Rap cearense,Hip Hop/Rap
Rap chileno,Hip Hop/Rap
Rap chretien,Hip Hop/Rap
Rap conciencia,Hip Hop/Rap
Rap congolais,Hip Hop/Rap
Rap conscient,Hip Hop/Rap
Rap criolo,Hip Hop/Rap
Rap cristao,Hip Hop/Rap
Rap cristiano,Hip Hop/Rap
Rap df,Hip Hop/Rap
Rap dominicano,Hip Hop/Rap
Rap ecuatoguineano,Hip Hop/Rap
Rap ecuatoriano,Hip Hop/Rap
Rap espanol,Hip Hop/Rap
Rap euskera,Hip Hop/Rap
Rap femenino mexicano,Hip Hop/Rap
Rap feminino chileno,Hip Hop/Rap
Rap feminino nacional,Hip Hop/Rap
Rap francais,Hip Hop/Rap
Rap francais nouvelle vague,Hip Hop/Rap
Rap gabonais,Hip Hop/Rap
Rap galego,Hip Hop/Rap
Rap gasy,Hip Hop/Rap
Rap gaucho,Hip Hop/Rap
Rap geek,Hip Hop/Rap
Rap genovese,Hip Hop/Rap
Rap guarulhense,Hip Hop/Rap
Rap guineen,Hip Hop/Rap
Rap inde,Hip Hop/Rap
Rap italiano old school,Hip Hop/Rap
Rap ivoire,Hip Hop/Rap
Rap kreyol,Hip Hop/Rap
Rap latina,Hip Hop/Rap
Rap liegeois,Hip Hop/Rap
Rap lyonnais,Hip Hop/Rap
Rap malien,Hip Hop/Rap
Rap maroc,Hip Hop/Rap
Rap maromba,Hip Hop/Rap
Rap marseille,Hip Hop/Rap
Rap metal,Metal
Rap metal espanol,Metal
Rap metalcore,Metal
Rap mineiro,Hip Hop/Rap
Rap mocambicana,Hip Hop/Rap
Rap moldovenesc,Hip Hop/Rap
Rap montrealais,Hip Hop/Rap
Rap motywacja,Hip Hop/Rap
Rap nacional antigo,Hip Hop/Rap
Rap napoletano,Hip Hop/Rap
Rap norteno chileno,Hip Hop/Rap
Rap nortista,Hip Hop/Rap
Rap paraense,Hip Hop/Rap
Rap paraguayo,Hip Hop/Rap
Rap paranaense,Hip Hop/Rap
Rap pernambucano,Hip Hop/Rap
Rap politico,Hip Hop/Rap
Rap portuense,Hip Hop/Rap
Rap potiguar,Hip Hop/Rap
Rap regio,Hip Hop/Rap
Rap rock,Rock
Rap romantico,Hip Hop/Rap
Rap salvadoreno,Hip Hop/Rap
Rap sardegna,Hip Hop/Rap
Rap sergipano,Hip Hop/Rap
Rap siciliano,Hip Hop/Rap
Rap sureno chileno,Hip Hop/Rap
Rap tico,Hip Hop/Rap
Rap toscana,Hip Hop/Rap
Rap tuga underground,Hip Hop/Rap
Rap tunisien,Hip Hop/Rap
Rap uliczny,Hip Hop/Rap
Rap underground argentino,Hip Hop/Rap
Rap underground colombiano,Hip Hop/Rap
Rap underground espanol,Hip Hop/Rap
Rap underground mexicano,Hip Hop/Rap
Rap uruguayo,Hip Hop/Rap
Rapso,Reggae/Caribbean
Rara,World/Traditional
Rare groove,R&B/Soul
Rasiya,World/Traditional
Raspe,World/Traditional
Rautalanka,Pop
Rave,House & EDM
Rave funk,Funk/Disco
Raw black metal,Metal
Raw techno,Techno & Trance
Rawstyle,Bass Music
Raã¯,World/Traditional
Re:techno,Techno & Trance
Reading,Novelty/Spoken Word
Reading indie,Alternative/Indie
Rebel blues,Blues
Rebetiko,World/Traditional
Recorder,Classical/Orchestral
Red dirt,Country/Americana
Redneck,Country/Americana
Reggae,Reggae/Caribbean
Reggae catala,Reggae/Caribbean
Reggae cover,Reggae/Caribbean
Reggae cristao,Reggae/Caribbean
Reggae en espanol,Reggae/Caribbean
Reggae fusion,Reggae/Caribbean
Reggae gaucho,Reggae/Caribbean
Reggae gospel,Reggae/Caribbean
Reggae maghreb,Reggae/Caribbean
Reggae mexicano,Reggae/Caribbean
Reggae peruano,Reggae/Caribbean
Reggae rock,Rock
Reggae tico,Reggae/Caribbean
Reggae tuga,Reggae/Caribbean
Reggae uruguayo,Reggae/Caribbean
Reggae-pop,Reggae/Caribbean
Reggaeton,Latin
Reggaeton chileno,Latin
Reggaeton colombiano,Latin
Reggaeton cristiano,Latin
Reggaeton flow,Latin
Reggaeton mexicano,Latin
Regional mexicano femenil,Latin
Reiki,New Age/Meditation
Relaxative,New Age/Meditation
Religious,R&B/Soul
Remix product,Pop
Renaissance,Classical/Orchestral
Rennes indie,Alternative/Indie
Requiem,Classical/Orchestral
Retro metal,Metal
Retro soul,R&B/Soul
Reunion pop,Pop
Rez country,Country/Americana
Rhapsody,Classical/Orchestral
Rhode island indie,Alternative/Indie
Rhode island rap,Hip Hop/Rap
Rhythm & blues,R&B/Soul
Rhythm and blues,R&B/Soul
Rhythm and boogie,R&B/Soul
Rhythm game,Soundtrack/Instrumental
Rhythm rock,Rock
Rhythmic noise,Ambient & Experimental Electronic
Riddim,Bass Music
Riddim dubstep,Bass Music
Rif,World/Traditional
Ringtone,Pop
Rio grande do sul indie,Alternative/Indie
Riot grrrl,Punk/Hardcore
Ritmo kombina,Latin
Ritual ambient,Ambient & Experimental Electronic
Rkt,Hip Hop/Rap
Rnb/swing,R&B/Soul
Rochester mn indie,Alternative/Indie
Rochester ny indie,Alternative/Indie
Rock,Rock
Rock & roll,Rock
Rock abc paulista,Rock
Rock alagoano,Rock
Rock alternatif francais,Rock
Rock alternativo brasileiro,Rock
Rock alternativo espanol,Rock
Rock andaluz,Rock
Rock baiano,Rock
Rock brasiliense,Rock
Rock caipira,Rock
Rock campineiro,Rock
Rock catala,Rock
Rock catarinense,Rock
Rock catracho,Rock
Rock cearense,Rock
Rock chapin,Rock
Rock cristao fluminense,Rock
Rock cristiano,Rock
Rock curitibano,Rock
Rock dominicano,Rock
Rock drums,Rock
Rock en asturiano,Rock
Rock en espanol,Rock
Rock gaucho,Rock
Rock goiano,Rock
Rock gospel brasileiro,Rock
Rock gotico,Rock
Rock in opposition,Alternative/Indie
Rock independant francais,Rock
Rock kapak,Rock
Rock keyboard,Rock
Rock mineiro,Rock
Rock nacional,Rock
Rock nacional brasileiro,Rock
Rock nacional feminino,Rock
Rock nica,Rock
Rock noise,Rock
Rock of gibraltar,Rock
Rock opera,Rock
Rock paraense,Rock
Rock paraibano,Rock
Rock pernambucano,Rock
Rock piauiense,Rock
Rock potiguar,Rock
Rock progresivo mexicano,Rock
Rock progressif francais,Rock
Rock quebecois,Rock
Rock sergipano,Rock
Rock sul-mato-grossense,Rock
Rock tico,Rock
Rock urbano mexicano,Rock
Rock uruguayo,Rock
Rock viet,Rock
Rock-and-roll,Rock
Rockabilly,Rock
Rockabilly en espanol,Rock
Rocksteady,Reggae/Caribbean
Roda de samba,Latin
Rogaland indie,Alternative/Indie
Rogaland musikk,Folk/Acoustic
Romani,World/Traditional
Romanian black metal,Metal
Romanian classical piano,Classical/Orchestral
Romanian contemporary classical,Classical/Orchestral
Romanian electronic,House & EDM
Romanian folk,Folk/Acoustic
Romanian house,House & EDM
Romanian indie,Alternative/Indie
Romanian metal,Metal
Romanian pop,Pop
Romanian rap,Hip Hop/Rap
Romanian rock,Rock
Romanian trap,Hip Hop/Rap
Romantic,Classical/Orchestral
Romantico,Latin
Rome indie,Alternative/Indie
Rominimal,House & EDM
Rongmei pop,Pop
Roots americana,Country/Americana
Roots reggae,Reggae/Caribbean
Roots rock,Rock
Roots worship,R&B/Soul
Rosario indie,Alternative/Indie
Rosary,World/Traditional
Rotterdam indie,Alternative/Indie
Rozpravky,Novelty/Spoken Word
Rumba,Latin
Rumba catalana,World/Traditional
Rumba congolaise,World/Traditional
Rumeli turkuleri,World/Traditional
Rune folk,Folk/Acoustic
Rune singing,World/Traditional
Russelater,Pop
Russian alt pop,Pop
Russian alternative rock,Alternative/Indie
Russian black metal,Metal
Russian ccm,R&B/Soul
Russian chanson,Pop
Russian choir,Classical/Orchestral
Russian classical piano,Classical/Orchestral
Russian contemporary classical,Classical/Orchestral
Russian dance,House & EDM
Russian dance pop,Pop
Russian death metal,Metal
Russian dnb,Bass Music
Russian drain,Hip Hop/Rap
Russian drill,Hip Hop/Rap
Russian edm,House & EDM
Russian electronic,House & EDM
Russian emo,Punk/Hardcore
Russian emo rap,Hip Hop/Rap
Russian experimental electronic,Ambient & Experimental Electronic
Russian folk,Folk/Acoustic
Russian folk metal,Metal
Russian folk rock,Rock
Russian gangster rap,Hip Hop/Rap
Russian grime,Hip Hop/Rap
Russian hardcore,Punk/Hardcore
Russian heavy metal,Metal
Russian hip hop,Hip Hop/Rap
Russian hyperpop,Pop
Russian indie,Alternative/Indie
Russian indie rock,Alternative/Indie
Russian jazz,Jazz
Russian metal,Metal
Russian metalcore,Metal
Russian modern classical,Classical/Orchestral
Russian modern jazz,Jazz
Russian nu metal,Metal
Russian oi,Punk/Hardcore
Russian old school hip hop,Hip Hop/Rap
Russian orchestra,Classical/Orchestral
Russian pixel,Ambient & Experimental Electronic
Russian plugg,Hip Hop/Rap
Russian pop,Pop
Russian pop punk,Punk/Hardcore
Russian post-punk,Rock
Russian post-rock,Alternative/Indie
Russian power metal,Metal
Russian punk,Punk/Hardcore
Russian punk rock,Punk/Hardcore
Russian rave,House & EDM
Russian reggae,Reggae/Caribbean
Russian rock,Rock
Russian romance,Pop
Russian romanticism,Classical/Orchestral
Russian screamo,Punk/Hardcore
Russian shoegaze,Alternative/Indie
Russian ska,Reggae/Caribbean
Russian synthpop,Pop
Russian techno,Techno & Trance
Russian thrash metal,Metal
Russian trance,Techno & Trance
Russian trap,Hip Hop/Rap
Russian trap metal,Hip Hop/Rap
Russian underground rap,Hip Hop/Rap
Russian viral pop,Pop
Russian viral rap,Hip Hop/Rap
Russian witch house,Ambient & Experimental Electronic
Rusyn folk,Folk/Acoustic
Ruta destroy,Hip Hop/Rap
Rva indie,Alternative/Indie
Rwandan gospel,R&B/Soul
Rwandan hip hop,Hip Hop/Rap
Rwandan pop,Pop
Rwandan traditional,World/Traditional
Ryukoka,Pop
Ryukyu ongaku,World/Traditional
Ryå«kåka,Pop
Råkyoku,Pop
Sacramento hip hop,Hip Hop/Rap
Sacramento indie,Alternative/Indie
Sacred harp,R&B/Soul
Sacred steel,Country/Americana
Sad lo-fi,Hip Hop/Rap
Sad rap,Hip Hop/Rap
Sad sierreno,Latin
Salay,World/Traditional
Salegy,World/Traditional
Salon music,Pop
Salsa,Latin
Salsa choke,Latin
Salsa colombiana,Latin
Salsa cristiana,Latin
Salsa cubana,Latin
Salsa international,Latin
Salsa peruana,Latin
Salsa puertorriquena,Latin
Salsa urbana,Latin
Salsa venezolana,Latin
Salzburg indie,Alternative/Indie
Samba,Latin
Samba de roda,Latin
Samba gospel,Latin
Samba moderno,Latin
Samba paulista,Latin
Samba reggae,Latin
Samba-canã§ã£o,Latin
Samba-enredo,Latin
Samba-jazz,Jazz
Samba-rock,Latin
Sambalpuri pop,Pop
Sambass,Latin
Sami,World/Traditional
Samoan pop,Pop
Samurai trap,Hip Hop/Rap
San antonio indie,Alternative/Indie
San antonio rap,Hip Hop/Rap
San diego indie,Alternative/Indie
San diego rap,Hip Hop/Rap
San marcos tx indie,Alternative/Indie
Sandalwood,Soundtrack/Instrumental
Sanfona,Latin
Sankyoku,World/Traditional
Santa fe indie,Alternative/Indie
Santali pop,Pop
Santur,World/Traditional
Saraiki pop,Pop
Sarangi,World/Traditional
Sardinia indie,Alternative/Indie
Sarod,World/Traditional
Saskatchewan indie,Alternative/Indie
Sasscore,Alternative/Indie
Saxony metal,Metal
Saxophone trio,Jazz
Scam rap,Hip Hop/Rap
Scandinavian r&b,R&B/Soul
Scandipop,Pop
Scenecore,Metal
Schlager,Pop
School choir,Classical/Orchestral
School ensemble,Classical/Orchestral
Schrammelmusik,Folk/Acoustic
Schranz,Techno & Trance
Schweizer rap,Hip Hop/Rap
Schwyzerorgeli,Folk/Acoustic
Sci-fi metal,Metal
Score,Soundtrack/Instrumental
Scorecore,Soundtrack/Instrumental
Scottish americana,Country/Americana
Scottish drill,Hip Hop/Rap
Scottish electronic,House & EDM
Scottish fiddle,Folk/Acoustic
Scottish folk,Folk/Acoustic
Scottish gaelic folk,Folk/Acoustic
Scottish hip hop,Hip Hop/Rap
Scottish indie,Alternative/Indie
Scottish indie folk,Folk/Acoustic
Scottish indie rock,Alternative/Indie
Scottish jazz,Jazz
Scottish metal,Metal
Scottish new wave,Rock
Scottish rock,Rock
Scottish singer-songwriter,Folk/Acoustic
Scottish smallpipe,Folk/Acoustic
Scottish techno,Techno & Trance
Scouse rap,Hip Hop/Rap
Scratch,Hip Hop/Rap
Scream rap,Hip Hop/Rap
Screamo,Punk/Hardcore
Screamocore,Punk/Hardcore
Screw,Hip Hop/Rap
Sda choir,Classical/Orchestral
Sea shanties,Folk/Acoustic
Sean-nos singing,Folk/Acoustic
Sean-nã³s,Folk/Acoustic
Seattle hip hop,Hip Hop/Rap
Seattle indie,Alternative/Indie
Seattle metal,Metal
Sebene,World/Traditional
Second line,Jazz
Seemannslieder,Folk/Acoustic
Sefardi,World/Traditional
Sega,Reggae/Caribbean
Sega mauricien,Reggae/Caribbean
Seinen,Pop
Seiyu,Pop
Semarang indie,Alternative/Indie
Semba,World/Traditional
Senegalese traditional,World/Traditional
Sephardic,World/Traditional
Serbian alternative rock,Alternative/Indie
Serbian electronic,House & EDM
Serbian folk,Folk/Acoustic
Serbian hip hop,Hip Hop/Rap
Serbian indie,Alternative/Indie
Serbian metal,Metal
Serenade,Classical/Orchestral
Seresta,Latin
Serial,Classical/Orchestral
Serialism,Classical/Orchestral
Sermon,Novelty/Spoken Word
Sertanejo,Latin
Sertanejo gospel,Latin
Sertanejo pop,Latin
Sertanejo tradicional,Latin
Sertanejo universitario,Latin
Sesotho hip hop,Hip Hop/Rap
Sesotho pop,Pop
Sevdah,World/Traditional
Sevilla indie,Alternative/Indie
Sevillanas,World/Traditional
Seychelles pop,Pop
Shaabi,World/Traditional
Shabad,World/Traditional
Shakuhachi,World/Traditional
Shamanic,New Age/Meditation
Shamisen,World/Traditional
Shanghai indie,Alternative/Indie
Shanty,Folk/Acoustic
Shantykoren,Folk/Acoustic
Shatta,World/Traditional
Sheffield indie,Alternative/Indie
Shehnai,World/Traditional
Sheilat,World/Traditional
Shib,Other
Shibuya-kei,Pop
Shidaiqu,Pop
Shimmer pop,Pop
Shimmer psych,Rock
Shinkyoku,World/Traditional
Shiver pop,Pop
Shoegaze,Alternative/Indie
Shoegaze brasileiro,Alternative/Indie
Shoegaze chileno,Alternative/Indie
Shoegazer,Alternative/Indie
Shojo,Pop
Sholawat,World/Traditional
Shomyo,World/Traditional
Shonen,Pop
Show tunes,Soundtrack/Instrumental
Shred,Metal
Shush,Other
Siberian folk,Folk/Acoustic
Sierra leonean pop,Pop
Sierreno,Latin
Sigilkore,Hip Hop/Rap
Sinaloa indie,Alternative/Indie
Sindhi,World/Traditional
Singaporean electronic,House & EDM
Singaporean hip hop,Hip Hop/Rap
Singaporean indie,Alternative/Indie
Singaporean mandopop,Pop
Singaporean metal,Metal
Singaporean pop,Pop
Singaporean punk,Punk/Hardcore
Singaporean singer-songwriter,Folk/Acoustic
Singeli,World/Traditional
Singer-songwriter,Folk/Acoustic
Singing bowl,New Age/Meditation
Singspiel,Classical/Orchestral
Sinhala edm,House & EDM
Sinhala indie,Alternative/Indie
Sinhala pop,Pop
Sinhala rap,Hip Hop/Rap
Sinogaze,Alternative/Indie
Sitar,World/Traditional
Ska,Reggae/Caribbean
Ska argentino,Reggae/Caribbean
Ska catala,Reggae/Caribbean
Ska chileno,Reggae/Caribbean
Ska espanol,Reggae/Caribbean
Ska jazz,Jazz
Ska mexicano,Reggae/Caribbean
Ska punk,Punk/Hardcore
Ska revival,Reggae/Caribbean
Skansk musik,Folk/Acoustic
Skate punk,Punk/Hardcore
Skiffle,Folk/Acoustic
Skinhead oi,Punk/Hardcore
Skramz,Metal
Skweee,Ambient & Experimental Electronic
Sky room,Ambient & Experimental Electronic
Slack-key guitar,World/Traditional
Slam death metal,Metal
Slam poetry,Novelty/Spoken Word
Slamming deathcore,Metal
Slap house,House & EDM
Slash punk,Punk/Hardcore
Slavic folk metal,Metal
Slavic metal,Metal
Slayer,Metal
Slc hardcore,Punk/Hardcore
Slc indie,Alternative/Indie
Sleaze rock,Rock
Sleep,New Age/Meditation
Slovak electronic,House & EDM
Slovak folk,Folk/Acoustic
Slovak hip hop,Hip Hop/Rap
Slovak indie,Alternative/Indie
Slovak metal,Metal
Slovak pop,Pop
Slovak punk,Punk/Hardcore
Slovak rock,Rock
Slovak trap,Hip Hop/Rap
Slovenian electronic,House & EDM
Slovenian folk,Folk/Acoustic
Slovenian hip hop,Hip Hop/Rap
Slovenian indie,Alternative/Indie
Slovenian metal,Metal
Slovenian pop,Pop
Slovenian rock,Rock
Slovenske chvaly,R&B/Soul
Slow game,Ambient & Experimental Electronic
Slowcore,Alternative/Indie
Slowed and reverb,Hip Hop/Rap
Sludge metal,Metal
Sludgecore,Metal
Slushwave,Ambient & Experimental Electronic
Small room,Alternative/Indie
Smooth jazz,Jazz
Smooth saxophone,Jazz
Smooth soul,R&B/Soul
Smutny rap,Hip Hop/Rap
Snap,Hip Hop/Rap
Soca,Reggae/Caribbean
Socal indie,Alternative/Indie
Socal pop punk,Punk/Hardcore
Social media pop,Pop
Soda pop,Pop
Soft rock,Rock
Sokyoku,World/Traditional
Solipsynthm,Ambient & Experimental Electronic
Solo,Classical/Orchestral
Solo wave,Pop
Solomon islands pop,Pop
Somali pop,Pop
Somatik techno,Techno & Trance
Son,Latin
Son cubano,Latin
Son cubano clasico,Latin
Son jarocho,Latin
Son montuno,Latin
Sonata,Classical/Orchestral
Sonero,Latin
Song poem,Pop
Sonora indie,Alternative/Indie
Sophisti-pop,Pop
Sorani pop,Pop
Sotalaulut,Folk/Acoustic
Soukous,World/Traditional
Soul,R&B/Soul
Soul blues,Blues
Soul flow,R&B/Soul
Soul jazz,Jazz
Soul-jazz,Jazz
Souldies,R&B/Soul
Soulful house,House & EDM
Sound,New Age/Meditation
Sound art,Ambient & Experimental Electronic
Sound collage,Ambient & Experimental Electronic
Sound effects,Other
Sound poetry,Novelty/Spoken Word
Sound team,Soundtrack/Instrumental
Soundtrack,Soundtrack/Instrumental
South african alternative,Alternative/Indie
South african choral,Classical/Orchestral
South african country,Country/Americana
South african deep house,House & EDM
South african electronic,House & EDM
South african gospel,R&B/Soul
South african hip hop,Hip Hop/Rap
South african house,House & EDM
South african jazz,Jazz
South african metal,Metal
South african modern jazz,Jazz
South african pop,Pop
South african pop dance,Pop
South african punk,Punk/Hardcore
South african r&b,R&B/Soul
South african rock,Rock
South african trap,Hip Hop/Rap
South african underground rap,Hip Hop/Rap
South asian metal,Metal
South carolina hip hop,Hip Hop/Rap
South carolina indie,Alternative/Indie
South carolina metal,Metal
South dakota indie,Alternative/Indie
South sudanese pop,Pop
Southampton indie,Alternative/Indie
Southeast asian post-rock,Alternative/Indie
Southern americana,Country/Americana
Southern china indie,Alternative/Indie
Southern gospel,R&B/Soul
Southern hip hop,Hip Hop/Rap
Southern metal,Metal
Southern rock,Rock
Southern soul,R&B/Soul
Southern soul blues,R&B/Soul
Soviet synthpop,Pop
Sovietwave,Ambient & Experimental Electronic
Spa,New Age/Meditation
Space age pop,Pop
Space ambient,Ambient & Experimental Electronic
Space rock,Rock
Space-age,Ambient & Experimental Electronic
Spacegrunge,Rock
Spacesynth,Ambient & Experimental Electronic
Spacewave,Ambient & Experimental Electronic
Spanish baroque,Classical/Orchestral
Spanish black metal,Metal
Spanish blues,Blues
Spanish classical,Classical/Orchestral
Spanish classical piano,Classical/Orchestral
Spanish contemporary classical,Classical/Orchestral
Spanish death metal,Metal
Spanish electronic,House & EDM
Spanish electropop,Pop
Spanish experimental,Alternative/Indie
Spanish folk,Folk/Acoustic
Spanish folk metal,Metal
Spanish folk rock,Rock
Spanish hip hop,Hip Hop/Rap
Spanish indie folk,Folk/Acoustic
Spanish indie pop,Pop
Spanish indie rock,Alternative/Indie
Spanish invasion,Pop
Spanish jazz,Jazz
Spanish metal,Metal
Spanish modern rock,Rock
Spanish new wave,Rock
Spanish noise pop,Pop
Spanish pop,Pop
Spanish pop rock,Rock
Spanish post-punk,Rock
Spanish post-rock,Alternative/Indie
Spanish prog,Rock
Spanish progressive rock,Rock
Spanish psychedelic rock,Rock
Spanish punk,Punk/Hardcore
Spanish reggae,Reggae/Caribbean
Spanish renaissance,Classical/Orchestral
Spanish rock,Rock
Spanish rockabilly,Rock
Spanish stoner rock,Rock
Spanish synthpop,Pop
Spanish techno,Techno & Trance
Spaza,World/Traditional
Special effects,Other
Spectra,Ambient & Experimental Electronic
Spectralism,Classical/Orchestral
Sped up,Other
Speech,Novelty/Spoken Word
Speed garage,Garage & Breaks
Speed metal,Metal
Speed up turkce,Pop
Speedcore,Garage & Breaks
Speedrun,Other
Spiritual hip hop,Hip Hop/Rap
Spiritual jazz,Jazz
Spirituals,R&B/Soul
Spoken word,Novelty/Spoken Word
Sport,Other
Springfield mo indie,Alternative/Indie
Spytrack,Soundtrack/Instrumental
St louis drill,Hip Hop/Rap
St louis rap,Hip Hop/Rap
St petersburg fl indie,Alternative/Indie
Staff band,Classical/Orchestral
Stage & screen,Soundtrack/Instrumental
Starogradska,World/Traditional
Stateside dnb,Bass Music
Steampunk,Ambient & Experimental Electronic
Steel band,Reggae/Caribbean
Steel guitar,Country/Americana
Steelpan,Reggae/Caribbean
Stl indie,Alternative/Indie
Stockholm indie,Alternative/Indie
Stomp and flutter,Folk/Acoustic
Stomp and holler,Folk/Acoustic
Stomp and whittle,Folk/Acoustic
Stomp pop,Pop
Stoner metal,Metal
Stoner rock,Rock
Story,Novelty/Spoken Word
Straight edge,Punk/Hardcore
Straight-ahead jazz,Jazz
Streektaal,Pop
Street band,Pop
Street punk,Punk/Hardcore
Street punk espanol,Punk/Hardcore
Streichquartett,Classical/Orchestral
Stride,Jazz
String band,Folk/Acoustic
String ensemble,Classical/Orchestral
String folk,Folk/Acoustic
String instrument,Classical/Orchestral
String orchestra,Classical/Orchestral
String quartet,Classical/Orchestral
Strut,Hip Hop/Rap
Stubenmusik,Folk/Acoustic
Study beats,Hip Hop/Rap
Stuttgart indie,Alternative/Indie
Style galant,Classical/Orchestral
Substep,Bass Music
Sudanese hip hop,Hip Hop/Rap
Sudanese pop,Pop
Sufi,World/Traditional
Sufi chant,World/Traditional
Suite,Classical/Orchestral
Sulawesi indie,Alternative/Indie
Sundanese traditional,World/Traditional
Sung poetry,Folk/Acoustic
Sungura,World/Traditional
Sunnlensk tonlist,Pop
Sunset lounge,Pop
Sunshine pop,Pop
Suomi rock,Rock
Suomirap,Hip Hop/Rap
Suomisaundi,Ambient & Experimental Electronic
Super eurobeat,Pop
Supergroup,Rock
Surabaya indie,Alternative/Indie
Surf,Rock
Surf music,Rock
Surf punk,Punk/Hardcore
Surinamese hip hop,Hip Hop/Rap
Surinamese pop,Pop
Svensk indie,Alternative/Indie
Svensk lovsang,R&B/Soul
Svensk progg,Rock
Swahili gospel,R&B/Soul
Swamp blues,Blues
Swamp pop,Country/Americana
Swamp rock,Rock
Swancore,Metal
Swansea indie,Alternative/Indie
Swazi pop,Pop
Swazi traditional,World/Traditional
Swedish alternative rock,Alternative/Indie
Swedish americana,Country/Americana
Swedish black metal,Metal
Swedish blues,Blues
Swedish choir,Classical/Orchestral
Swedish classical,Classical/Orchestral
Swedish contemporary classical,Classical/Orchestral
Swedish country,Country/Americana
Swedish dancehall,Reggae/Caribbean
Swedish death metal,Metal
Swedish doom metal,Metal
Swedish drill,Hip Hop/Rap
Swedish ebm,Ambient & Experimental Electronic
Swedish electronic,House & EDM
Swedish electropop,Pop
Swedish emo,Punk/Hardcore
Swedish eurodance,House & EDM
Swedish experimental,Alternative/Indie
Swedish fiddle,Folk/Acoustic
Swedish folk pop,Folk/Acoustic
Swedish gangsta rap,Hip Hop/Rap
Swedish garage rock,Rock
Swedish grindcore,Metal
Swedish hard rock,Rock
Swedish hardcore,Punk/Hardcore
Swedish heavy metal,Metal
Swedish hip hop,Hip Hop/Rap
Swedish house,House & EDM
Swedish idol pop,Pop
Swedish indie folk,Folk/Acoustic
Swedish indie pop,Pop
Swedish indie rock,Alternative/Indie
Swedish jazz,Jazz
Swedish jazz orkester,Jazz
Swedish melodeath,Metal
Swedish melodic rock,Rock
Swedish metal,Metal
Swedish metalcore,Metal
Swedish pop,Pop
Swedish pop punk,Punk/Hardcore
Swedish pop rap,Hip Hop/Rap
Swedish post-hardcore,Punk/Hardcore
Swedish post-punk,Rock
Swedish power metal,Metal
Swedish prog,Rock
Swedish progressive metal,Metal
Swedish psychedelic rock,Rock
Swedish punk,Punk/Hardcore
Swedish reggae,Reggae/Caribbean
Swedish rock-and-roll,Rock
Swedish rockabilly,Rock
Swedish singer-songwriter,Folk/Acoustic
Swedish soul,R&B/Soul
Swedish stoner rock,Rock
Swedish synth,Pop
Swedish synthpop,Pop
Swedish techno,Techno & Trance
Swedish trap,Hip Hop/Rap
Swedish trap pop,Pop
Swedish tropical house,House & EDM
Swedish underground rap,Hip Hop/Rap
Swing,Jazz
Swing italiano,Jazz
Swing revival,Jazz
Swingbeat,R&B/Soul
Swiss alternative rock,Alternative/Indie
Swiss black metal,Metal
Swiss classical piano,Classical/Orchestral
Swiss contemporary classical,Classical/Orchestral
Swiss country,Country/Americana
Swiss experimental,Alternative/Indie
Swiss folk,Folk/Acoustic
Swiss hip hop,Hip Hop/Rap
Swiss house,House & EDM
Swiss indie,Alternative/Indie
Swiss indie folk,Folk/Acoustic
Swiss jazz,Jazz
Swiss metal,Metal
Swiss pop,Pop
Swiss punk,Punk/Hardcore
Swiss reggae,Reggae/Caribbean
Swiss rock,Rock
Swiss singer-songwriter,Folk/Acoustic
Swiss techno,Techno & Trance
Swiss trap,Hip Hop/Rap
Swiss worship,R&B/Soul
Sydney indie,Alternative/Indie
Symfonicky orchestr,Classical/Orchestral
Symphonic black metal,Metal
Symphonic death metal,Metal
Symphonic deathcore,Metal
Symphonic melodic death metal,Metal
Symphonic metal,Metal
Symphonic power metal,Metal
Symphonic rock,Rock
Symphony,Classical/Orchestral
Synth funk,Funk/Disco
Synth punk,Punk/Hardcore
Synth-pop,Pop
Synthesizer,Ambient & Experimental Electronic
Synthetic classical,Classical/Orchestral
Synthpop,Pop
Synthpunk,Punk/Hardcore
Synthwave,Pop
Synthwave brasileiro,Pop
Syrian hip hop,Hip Hop/Rap
Syrian pop,Pop
Syro-aramaic chant,Classical/Orchestral
Szanty,Folk/Acoustic
Sã¡mi music,World/Traditional
Sã©ga,Reggae/Caribbean
T-pop girl group,Pop
Taarab,World/Traditional
Tabla,World/Traditional
Tagalog rap,Hip Hop/Rap
Tagalog worship,R&B/Soul
Tahitian traditional,World/Traditional
Taiko,World/Traditional
Taiwan campus folk,Folk/Acoustic
Taiwan classical performance,Classical/Orchestral
Taiwan electronic,House & EDM
Taiwan experimental,Alternative/Indie
Taiwan graduation song,Pop
Taiwan hip hop,Hip Hop/Rap
Taiwan idol pop,Pop
Taiwan indie,Alternative/Indie
Taiwan instrumental,Soundtrack/Instrumental
Taiwan metal,Metal
Taiwan pop,Pop
Taiwan post-rock,Alternative/Indie
Taiwan punk,Punk/Hardcore
Taiwan rock,Rock
Taiwan singer-songwriter,Folk/Acoustic
Taiwanese indie,Alternative/Indie
Taiwanese indigenous,World/Traditional
Taiwanese pop,Pop
Tajik pop,Pop
Tajik traditional,World/Traditional
Talent show,Pop
Talentkonkurranse,Pop
Talentos brasileiros,Pop
Talentschau,Pop
Tallava,World/Traditional
Tamaulipas indie,Alternative/Indie
Tamaulipas rap,Hip Hop/Rap
Tamazight,World/Traditional
Tamborazo,Latin
Tamburica,World/Traditional
Tamburitza,World/Traditional
Tamil devotional,World/Traditional
Tamil film music,Soundtrack/Instrumental
Tamil hip hop,Hip Hop/Rap
Tamil indie,Alternative/Indie
Tamil pop,Pop
Tamil worship,R&B/Soul
Tampa indie,Alternative/Indie
Tanci,World/Traditional
Tango,Latin
Tango cancion,Latin
Tanzanian hip hop,Hip Hop/Rap
Tanzanian pop,Pop
Tanzanian traditional,World/Traditional
Tanzlmusi,Folk/Acoustic
Tanzorchester,Pop
Tape club,Ambient & Experimental Electronic
Tar,World/Traditional
Taraneem,World/Traditional
Tarantella,Folk/Acoustic
Tassie indie,Alternative/Indie
Tatar folk,Folk/Acoustic
Tatar pop,Pop
Tavern,Folk/Acoustic
Te deum,Classical/Orchestral
Tech house,House & EDM
Tech trance,Techno & Trance
Technical,Metal
Technical black metal,Metal
Technical brutal death metal,Metal
Technical death metal,Metal
Technical deathcore,Metal
Technical grindcore,Metal
Technical groove metal,Metal
Technical melodic death metal,Metal
Technical thrash,Metal
Techno,Techno & Trance
Techno argentina,Techno & Trance
Techno kayo,Techno & Trance
Techno rave,Techno & Trance
Tecnobanda,Latin
Tecnobrega,Latin
Teen pop,Pop
Tejano,Latin
Tekk,Techno & Trance
Tekno,Techno & Trance
Telugu devotional,World/Traditional
Telugu folk,Folk/Acoustic
Telugu hip hop,Hip Hop/Rap
Telugu indie,Alternative/Indie
Telugu remix,Pop
Telugu worship,R&B/Soul
Tempe indie,Alternative/Indie
Tennessee experimental,Alternative/Indie
Tennessee hip hop,Hip Hop/Rap
Tennessee metal,Metal
Terrorcore,Metal
Tex-mex,Latin
Texas blues,Blues
Texas country,Country/Americana
Texas hardcore,Punk/Hardcore
Texas latin rap,Hip Hop/Rap
Texas metal,Metal
Texas pop punk,Punk/Hardcore
Texas punk,Punk/Hardcore
Thai classical,Classical/Orchestral
Thai folk,Folk/Acoustic
Thai folk pop,Pop
Thai folk rock,Rock
Thai hip hop,Hip Hop/Rap
Thai idol,Pop
Thai indie,Alternative/Indie
Thai indie pop,Pop
Thai indie rock,Alternative/Indie
Thai instrumental,Soundtrack/Instrumental
Thai metal,Metal
Thai pop,Pop
Thai pop rap,Hip Hop/Rap
Thai psychedelic,Rock
Thai rock,Rock
Thai teen pop,Pop
Thai traditional,World/Traditional
Thai trap,Hip Hop/Rap
Thai viral pop,Pop
Thai worship,R&B/Soul
Thall,Metal
Theme,Soundtrack/Instrumental
Theme with variations,Classical/Orchestral
Therapy,New Age/Meditation
Theremin,Ambient & Experimental Electronic
Thrash,Metal
Thrash core,Metal
Thrash metal,Metal
Thrash-groove metal,Metal
Throat singing,World/Traditional
Thug rap,Hip Hop/Rap
Tibetan folk pop,World/Traditional
Tibetan hip hop,Hip Hop/Rap
Tibetan mantra,World/Traditional
Tibetan pop,Pop
Tibetan traditional,World/Traditional
Tierra caliente,Latin
Tigrigna pop,Pop
Tijuana electronic,House & EDM
Tijuana indie,Alternative/Indie
Timba,Latin
Tin pan alley,Pop
Tipico,Latin
Toasting,Reggae/Caribbean
Togolese pop,Pop
Tolkien metal,Metal
Tollywood,Soundtrack/Instrumental
Tololoche,Latin
Tone,Ambient & Experimental Electronic
Tone poem,Classical/Orchestral
Tongan pop,Pop
Torch song,Pop
Toronto indie,Alternative/Indie
Toronto rap,Hip Hop/Rap
Touhou,Soundtrack/Instrumental
Trad jazz catala,Jazz
Trad quebecois,Folk/Acoustic
Traditional bluegrass,Country/Americana
Traditional blues,Blues
Traditional british folk,Folk/Acoustic
Traditional country,Country/Americana
Traditional english folk,Folk/Acoustic
Traditional folk,Folk/Acoustic
Traditional funk,Funk/Disco
Traditional irish singing,Folk/Acoustic
Traditional reggae,Reggae/Caribbean
Traditional rockabilly,Rock
Traditional scottish folk,Folk/Acoustic
Traditional ska,Reggae/Caribbean
Traditional soul,R&B/Soul
Traditional southern folk,Folk/Acoustic
Trallalero,World/Traditional
Trance,Techno & Trance
Trance brasileiro,Techno & Trance
Trance mexicano,Techno & Trance
Trancecore,Techno & Trance
Transpop,Pop
Trap,Hip Hop/Rap
Trap angolano,Hip Hop/Rap
Trap antillais,Hip Hop/Rap
Trap argentino,Hip Hop/Rap
Trap baiano,Hip Hop/Rap
Trap beats,Hip Hop/Rap
Trap boricua,Hip Hop/Rap
Trap brasileiro,Hip Hop/Rap
Trap carioca,Hip Hop/Rap
Trap catala,Hip Hop/Rap
Trap chileno,Hip Hop/Rap
Trap colombiano,Hip Hop/Rap
Trap cristao,Hip Hop/Rap
Trap cristiano,Hip Hop/Rap
Trap dominicano,Hip Hop/Rap
Trap funk,Hip Hop/Rap
Trap italiana,Hip Hop/Rap
Trap kreyol,Hip Hop/Rap
Trap latino,Latin
Trap maroc,Hip Hop/Rap
Trap metal italiana,Hip Hop/Rap
Trap mexicano,Hip Hop/Rap
Trap peruano,Hip Hop/Rap
Trap pesado,Hip Hop/Rap
Trap queen,Hip Hop/Rap
Trap soul,Hip Hop/Rap
Trap triste,Hip Hop/Rap
Trap tuga,Hip Hop/Rap
Trap venezolano,Hip Hop/Rap
Traphall,Hip Hop/Rap
Traprun,Hip Hop/Rap
Trash rock,Rock
Trecento,Classical/Orchestral
Trekkspill,Folk/Acoustic
Triangle indie,Alternative/Indie
Tribal,World/Traditional
Tribal house,House & EDM
Tribute,Pop
Trikiti,Folk/Acoustic
Trinibad,Hip Hop/Rap
Trinidadian reggae,Reggae/Caribbean
Trio batak,World/Traditional
Trio cubano,Latin
Trio huasteco,Latin
Trip hop,Ambient & Experimental Electronic
Trival,Other
Trombone brasileiro,Latin
Trondersk musikk,Folk/Acoustic
Trondheim indie,Alternative/Indie
Tropical,Latin
Tropical alternativo,Latin
Tropical house,House & EDM
Tropical tecladista,Latin
Tropicalia,Latin
Trot,Pop
Troubadour,Folk/Acoustic
Trouvere,Classical/Orchestral
Trova,Latin
Trova mexicana,Latin
Truck-driving country,Country/Americana
Tuareg guitar,World/Traditional
Tucson indie,Alternative/Indie
Tulsa indie,Alternative/Indie
Tulum,World/Traditional
Tuna,Pop
Tuna estudiantil,Pop
Tunantada,Latin
Tunisian pop,Pop
Turbo folk,Folk/Acoustic
Turin indie,Alternative/Indie
Turk sanat muzigi,World/Traditional
Turkce drill,Hip Hop/Rap
Turkce kadin rap,Hip Hop/Rap
Turkce remix,Pop
Turkce slow sarkilar,Pop
Turkce trap metal,Hip Hop/Rap
Turkish alt pop,Pop
Turkish alternative,Alternative/Indie
Turkish alternative rock,Alternative/Indie
Turkish black metal,Metal
Turkish classical,Classical/Orchestral
Turkish classical performance,Classical/Orchestral
Turkish death metal,Metal
Turkish deep house,House & EDM
Turkish edm,House & EDM
Turkish electronic,House & EDM
Turkish experimental,Alternative/Indie
Turkish folk,Folk/Acoustic
Turkish hardcore,Punk/Hardcore
Turkish hip hop,Hip Hop/Rap
Turkish instrumental,Soundtrack/Instrumental
Turkish jazz,Jazz
Turkish metal,Metal
Turkish modern jazz,Jazz
Turkish pop,Pop
Turkish post-punk,Rock
Turkish psych,Rock
Turkish punk,Punk/Hardcore
Turkish reggae,Reggae/Caribbean
Turkish rock,Rock
Turkish singer-songwriter,Folk/Acoustic
Turkish soundtrack,Soundtrack/Instrumental
Turkish trap,Hip Hop/Rap
Turkish trap pop,Pop
Turkmen hip hop,Hip Hop/Rap
Turkmen pop,Pop
Turntablism,Hip Hop/Rap
Tuvan folk,Folk/Acoustic
Twee indie pop,Pop
Twee pop,Pop
Twelve-tone,Classical/Orchestral
Twin cities indie,Alternative/Indie
Twist,Pop
Twoubadou,Reggae/Caribbean
Tzadik,World/Traditional
Ua trap,Hip Hop/Rap
Uae indie,Alternative/Indie
Ugandan gospel,R&B/Soul
Ugandan hip hop,Hip Hop/Rap
Ugandan pop,Pop
Ugandan traditional,World/Traditional
Uilleann pipes,Folk/Acoustic
Uk alternative hip hop,Hip Hop/Rap
Uk alternative pop,Pop
Uk americana,Country/Americana
Uk bass,Bass Music
Uk beatdown,Punk/Hardcore
Uk christian rap,Hip Hop/Rap
Uk contemporary jazz,Jazz
Uk contemporary r&b,R&B/Soul
Uk dance,House & EDM
Uk dancehall,Reggae/Caribbean
Uk diy punk,Punk/Hardcore
Uk dnb,Bass Music
Uk doom metal,Metal
Uk drill,Hip Hop/Rap
Uk dub,Reggae/Caribbean
Uk experimental electronic,Ambient & Experimental Electronic
Uk funky,Bass Music
Uk garage,Garage & Breaks
Uk hip hop,Hip Hop/Rap
Uk house,House & EDM
Uk melodic rap,Hip Hop/Rap
Uk metalcore,Metal
Uk noise rock,Alternative/Indie
Uk pop,Pop
Uk pop punk,Punk/Hardcore
Uk post-hardcore,Punk/Hardcore
Uk post-metal,Metal
Uk post-punk,Rock
Uk post-punk revival,Rock
Uk reggae,Reggae/Caribbean
Uk rockabilly,Rock
Uk stoner rock,Rock
Uk street soul,R&B/Soul
Uk tech house,House & EDM
Uk worship,R&B/Soul
Uk82,Punk/Hardcore
Ukg revival,Garage & Breaks
Ukhc,Punk/Hardcore
Ukrainian alternative rock,Alternative/Indie
Ukrainian black metal,Metal
Ukrainian ccm,R&B/Soul
Ukrainian choir,Classical/Orchestral
Ukrainian classical,Classical/Orchestral
Ukrainian classical piano,Classical/Orchestral
Ukrainian edm,House & EDM
Ukrainian electronic,House & EDM
Ukrainian experimental,Alternative/Indie
Ukrainian folk,Folk/Acoustic
Ukrainian folk pop,Folk/Acoustic
Ukrainian folk rock,Folk/Acoustic
Ukrainian hip hop,Hip Hop/Rap
Ukrainian indie,Alternative/Indie
Ukrainian metal,Metal
Ukrainian metalcore,Metal
Ukrainian pop,Pop
Ukrainian post-punk,Rock
Ukrainian rock,Rock
Ukrainian viral pop,Pop
Ukulele,Folk/Acoustic
Ukulele cover,Folk/Acoustic
Ulkucu sarkilar,World/Traditional
Umbanda,World/Traditional
Umea hardcore,Punk/Hardcore
Umea indie,Alternative/Indie
Unblack metal,Metal
Underground amapiano,World/Traditional
Underground boom bap,Hip Hop/Rap
Underground hip hop,Hip Hop/Rap
Underground power pop,Rock
Underground rap,Hip Hop/Rap
University choir,Classical/Orchestral
Uplifting trance,Techno & Trance
Uppsala indie,Alternative/Indie
Upstate ny rap,Hip Hop/Rap
Uptempo hardcore,Garage & Breaks
Urban contemporary,R&B/Soul
Urbano chileno,Latin
Urbano espanol,Latin
Urbano latino,Latin
Urbano mexicano,Latin
Uruguayan indie,Alternative/Indie
Us power metal,Metal
Usbm,Metal
Utah indie,Alternative/Indie
Utah metal,Metal
Uwielbienie,R&B/Soul
Uyghur folk,Folk/Acoustic
Uzbek pop,Pop
Uzbek traditional,World/Traditional
V-pop,Pop
Vaikiskos dainos,Novelty/Spoken Word
Vallenato,Latin
Vallenato moderno,Latin
Vancouver indie,Alternative/Indie
Vancouver metal,Metal
Vancouver punk,Punk/Hardcore
Vanuatu music,World/Traditional
Vapor house,House & EDM
Vapor pop,Pop
Vapor soul,R&B/Soul
Vapor trap,Hip Hop/Rap
Vapor twitch,Ambient & Experimental Electronic
Vaporwave,Ambient & Experimental Electronic
Vaqueiro,Latin
Variete francaise,Pop
Varmland rock,Rock
Vaudeville,Pop
Vbs,Novelty/Spoken Word
Veena,World/Traditional
Vegan straight edge,Punk/Hardcore
Vegas indie,Alternative/Indie
Velha guarda,Latin
Venda pop,Pop
Venda rap,Hip Hop/Rap
Venezuelan hip hop,Hip Hop/Rap
Venezuelan indie,Alternative/Indie
Venezuelan metal,Metal
Venezuelan rock,Rock
Veracruz indie,Alternative/Indie
Verismo,Classical/Orchestral
Vermont indie,Alternative/Indie
Vgm instrumental,Soundtrack/Instrumental
Vgm remix,Soundtrack/Instrumental
Via,Other
Victoria bc indie,Alternative/Indie
Victorian britain,Classical/Orchestral
Video game music,Soundtrack/Instrumental
Vienna indie,Alternative/Indie
Viet edm,House & EDM
Viet instrumental,Soundtrack/Instrumental
Viet lo-fi,Hip Hop/Rap
Viet remix,Pop
Vietnamese bolero,Pop
Vietnamese electronic,House & EDM
Vietnamese hip hop,Hip Hop/Rap
Vietnamese melodic rap,Hip Hop/Rap
Vietnamese pop,Pop
Vietnamese singer-songwriter,Folk/Acoustic
Vietnamese traditional,World/Traditional
Vietnamese trap,Hip Hop/Rap
Viking black metal,Metal
Viking folk,Folk/Acoustic
Viking metal,Metal
Villancicos,Classical/Orchestral
Vinahouse,House & EDM
Vincy soca,Reggae/Caribbean
Vintage broadway,Soundtrack/Instrumental
Vintage cantonese pop,Pop
Vintage chanson,Pop
Vintage chinese pop,Pop
Vintage classical singing,Classical/Orchestral
Vintage country folk,Folk/Acoustic
Vintage dutch pop,Pop
Vintage finnish jazz,Jazz
Vintage french electronic,House & EDM
Vintage french psychedelic,Rock
Vintage gospel,R&B/Soul
Vintage hawaiian,World/Traditional
Vintage hollywood,Soundtrack/Instrumental
Vintage italian pop,Pop
Vintage italian soundtrack,Soundtrack/Instrumental
Vintage jazz,Jazz
Vintage norwegian pop,Pop
Vintage old-time,Folk/Acoustic
Vintage radio show,Novelty/Spoken Word
Vintage reggae,Reggae/Caribbean
Vintage rockabilly,Rock
Vintage schlager,Pop
Vintage spanish pop,Pop
Vintage swedish pop,Pop
Vintage swing,Jazz
Vintage swoon,Pop
Vintage taiwan pop,Pop
Vintage tango,Latin
Vintage tollywood,Soundtrack/Instrumental
Vintage western,Country/Americana
Viola,Classical/Orchestral
Viola caipira,Folk/Acoustic
Viola da gamba,Classical/Orchestral
Violao,Folk/Acoustic
Violao classico,Classical/Orchestral
Violin,Classical/Orchestral
Viral pop,Pop
Viral pop brasileiro,Pop
Viral rap,Hip Hop/Rap
Viral trap,Hip Hop/Rap
Virgin islands reggae,Reggae/Caribbean
Virginia hip hop,Hip Hop/Rap
Virginia indie,Alternative/Indie
Virginia metal,Metal
Virginia punk,Punk/Hardcore
Visor,Folk/Acoustic
Vispop,Pop
Visual kei,Rock
Vlaamse cabaret,Pop
Vlaamse kinderliedje,Novelty/Spoken Word
Vlaamse rap,Hip Hop/Rap
Vocal,Pop
Vocal ensemble,Classical/Orchestral
Vocal harmony group,Pop
Vocal house,House & EDM
Vocal jazz,Jazz
Vocal trance,Techno & Trance
Vocaloid,Pop
Vocaloid metal,Metal
Voetbal,Other
Vogue,Hip Hop/Rap
Voidgaze,Alternative/Indie
Voidgrind,Metal
Volksmusik,Folk/Acoustic
Volkspop,Pop
Volkstumliche musik,Folk/Acoustic
Wagnerian singing,Classical/Orchestral
Waiata,World/Traditional
Waiata maori,World/Traditional
Waiata mo tamariki,Novelty/Spoken Word
Wandelweiser,Classical/Orchestral
War metal,Metal
Warm drone,Ambient & Experimental Electronic
Warrington indie,Alternative/Indie
Washboard,Folk/Acoustic
Washington indie,Alternative/Indie
Wassoulou,World/Traditional
Water,New Age/Meditation
Wave,Pop
Weightless,New Age/Meditation
Weirdcore,Ambient & Experimental Electronic
Wellington indie,Alternative/Indie
Welsh choir,Classical/Orchestral
Welsh folk,Folk/Acoustic
Welsh hip hop,Hip Hop/Rap
Welsh indie,Alternative/Indie
Welsh metal,Metal
Welsh rock,Rock
West african jazz,Jazz
West australian hip hop,Hip Hop/Rap
West bengali pop,Pop
West coast rap,Hip Hop/Rap
West coast reggae,Reggae/Caribbean
West coast trap,Hip Hop/Rap
West coast hip hop,Hip Hop/Rap
West end,Soundtrack/Instrumental
West virginia indie,Alternative/Indie
West virginia metal,Metal
West yorkshire indie,Alternative/Indie
West-vlaamse hip hop,Hip Hop/Rap
Westcoast flow,Hip Hop/Rap
Western americana,Country/Americana
Western mass indie,Alternative/Indie
Western ny metal,Metal
Western saharan folk,Folk/Acoustic
Western swing,Country/Americana
Whale song,New Age/Meditation
White noise,New Age/Meditation
Wind ensemble,Classical/Orchestral
Wind quintet,Classical/Orchestral
Wind symphony,Classical/Orchestral
Windsor on indie,Alternative/Indie
Winnipeg hip hop,Hip Hop/Rap
Wisconsin indie,Alternative/Indie
Wisconsin metal,Metal
Witch house,Ambient & Experimental Electronic
Women's choir,Classical/Orchestral
Women's music,Folk/Acoustic
Wonky,Ambient & Experimental Electronic
Woodwind instrument,Classical/Orchestral
Worcester ma indie,Alternative/Indie
Workout product,Other
World,World/Traditional
World chill,New Age/Meditation
World devotional,World/Traditional
World fusion,World/Traditional
World meditation,New Age/Meditation
World worship,R&B/Soul
Worship,R&B/Soul
Wrestling,Other
Writing,Novelty/Spoken Word
Wrock,Rock
Wu fam,Hip Hop/Rap
Wuhan indie,Alternative/Indie
Wyoming indie,Alternative/Indie
Wyoming roots,Country/Americana
Xenharmonic,Classical/Orchestral
Xhosa,World/Traditional
Xhosa hip hop,Hip Hop/Rap
Xinyao,Pop
Xitsonga pop,Pop
Xtra raw,Hip Hop/Rap
Yacht rock,Rock
Yakut pop,Pop
Yaoi,Pop
Ye ye,Pop
Yemeni pop,Pop
Yemeni traditional,World/Traditional
Yemenite jewish,World/Traditional
Yiddish folk,Folk/Acoustic
Yodeling,Folk/Acoustic
Yoga,New Age/Meditation
Yogyakarta indie,Alternative/Indie
Yoik,World/Traditional
York indie,Alternative/Indie
Yorkshire folk,Folk/Acoustic
Yoruba,World/Traditional
Yoruba worship,R&B/Soul
Youth orchestra,Classical/Orchestral
Yu-mex,Latin
Yugoslav new wave,Pop
Yugoslav rock,Rock
Yunnan traditional,World/Traditional
Yuri,Pop
Yã©-yã©,Pop
Zamba,Latin
Zambian gospel,R&B/Soul
Zambian hip hop,Hip Hop/Rap
Zambian pop,Pop
Zampogna,World/Traditional
Zarzuela,Classical/Orchestral
Zcc,R&B/Soul
Zemer ivri,World/Traditional
Zen,New Age/Meditation
Zenonesque,Techno & Trance
Zespol dzieciecy,Novelty/Spoken Word
Zeuhl,Rock
Zhenskiy rep,Hip Hop/Rap
Zhongguo feng,Pop
Zikir,World/Traditional
Zilizopendwa,World/Traditional
Zillertal,Folk/Acoustic
Zim gospel,R&B/Soul
Zim hip hop,Hip Hop/Rap
Zim urban groove,World/Traditional
Zimdancehall,Reggae/Caribbean
Zither,World/Traditional
Zohioliin duu,World/Traditional
Zolo,Alternative/Indie
Zomi pop,Pop
Zouglou,World/Traditional
Zouk,Reggae/Caribbean
Zouk riddim,Reggae/Caribbean
Zurich indie,Alternative/Indie
Zxc,Hip Hop/Rap
Zydeco,Country/Americana
acoustic country,Other
afro-fusion,Other
afrobeats,Other
alté,Other
Ambient Electronic,Other
argentine trap,Other
ballroom vogue,Other
blue-eyed soul,Other
bongo piano,Other
cha cha cha,Other
chanson québécoise,Other
chinese rock,Other
christian,Other
christian country,Other
christian folk,Other
classic blues,Other
cold wave,Other
country hip hop,Other
cumbia norteña,Other
dansk pop,Other
dark r&b,Other
devotional,Other
drumstep,Other
edm trap,Other
egyptian shaabi,Other
ethiopian jazz,Other
film score,Other
flamenco rock,Other
folk pop,Other
french rap,Other
hollands,Other
Indie Dance,Other
indie electronic,Other
iskelmä,Other
italian singer-songwriter,Other
italian trap,Other
italo disco,Other
j-r&b,Other
japanese indie,Other
jazz beats,Other
k-ballad,Other
latin afrobeats,Other
latin folk,Other
latin folklore,Other
latin indie,Other
latin r&b,Other
laïko,Other
lo-fi hip hop,Other
melodic bass,Other
melodic house,Other
Musical Theatre,Other
musicals,Other
música mexicana,Other
native american music,Other
new orleans bounce,Other
newgrass,Other
noise music,Other
norsk rock,Other
orchestral,Other
Post-Dubstep,Other
punk rock,Other
rage rap,Other
rally house,Other
raï,Other
rock and roll,Other
schlagerparty,Other
Scrumpy and Western,Other
sexy drill,Other
soft pop,Other
space music,Other
stutter house,Other
traditional music,Other
Traditional Pop,Other
tropical music,Other
uk r&b,Other
variété française,Other
Electronic Pop,Pop
UK techno,Techno & Trance
Live Looping,Other
afro-electronic,House & EDM
changüí,Latin
Comedy Hip Hop,Hip Hop/Rap
country guitar,Country/Americana
Electro-Rock,Rock
Electronic Soul,R&B/Soul
afro-house,House & EDM
Alt-Country,Country/Americana
big band jazz,Jazz
euro-pop,Pop
Neo-Soul,R&B/Soul
50s pop,Pop
60s pop,Pop
80s Pop,Pop
90s pop,Pop
acoustic instrumental,Folk/Acoustic
Acoustic World Fusion,World/Traditional
Adult Contemporary,Pop
African Folk,World/Traditional
Afro-Brazilian,World/Traditional
afro-jazz,Jazz
Algerian classical,Classical/Orchestral
Alt-R&B,R&B/Soul
ambient classical,Classical/Orchestral
Ambient Drone,Ambient & Experimental Electronic
Ambient Jazz,Jazz
ambient nature,New Age/Meditation
ambient piano,Ambient & Experimental Electronic
american primitive guitar,Folk/Acoustic
Asian Underground,Ambient & Experimental Electronic
audio drama,Novelty/Spoken Word
azerbaijani pop,Pop
Balkan fusion,World/Traditional
Baroque Classical,Classical/Orchestral
beat music,Rock
brass band music,Classical/Orchestral
Brasshouse,House & EDM
brazilian psychedelic,Rock
British Beat,Rock
british rhythm and blues,R&B/Soul
Chill Electronic,Ambient & Experimental Electronic
chill house,House & EDM
Chill-out,Ambient & Experimental Electronic
Choral Classical,Classical/Orchestral
christian worship,Other
Christmas Music,Other
Cinematic Ambient,Soundtrack/Instrumental
Cinematic Instrumental,Soundtrack/Instrumental
classic vocal jazz,Jazz
classical brass,Classical/Orchestral
classical chamber music,Classical/Orchestral
classical crossover,Classical/Orchestral
Classical Sacred,Classical/Orchestral
Classical Violin,Classical/Orchestral
comedy music,Novelty/Spoken Word
Compilation,Other
Congotronics,World/Traditional
contemporary christian,Other
Cosmic Americana,Country/Americana
Cosmic Jazz,Jazz
Country folk,Folk/Acoustic
country soul,R&B/Soul
country trap,Hip Hop/Rap
Cowboy Music,Country/Americana
Dance Band,Jazz
dark electronic,Ambient & Experimental Electronic
Disney Soundtrack,Soundtrack/Instrumental
dutch classical,Classical/Orchestral
early jazz,Jazz
easy listening orchestra,Soundtrack/Instrumental
EDM Pop,Pop
Educational Classical,Classical/Orchestral
Electro Pop,Pop
Electro-Indie,Alternative/Indie
Electro-pop,Pop
Electronic Ambient,Ambient & Experimental Electronic
electronic classical,Classical/Orchestral
electronic dance music,House & EDM
Electronic Hip Hop,Hip Hop/Rap
electronic instrumental,Ambient & Experimental Electronic
Electronic Music,Ambient & Experimental Electronic
Electronic Spoken Word,Novelty/Spoken Word
Emo Pop,Pop
English Classical,Classical/Orchestral
Experimental Punk,Punk/Hardcore
Fantasy Soundtrack,Soundtrack/Instrumental
Filipino Folk,World/Traditional
Filipino Indie,Alternative/Indie
Filipino Pop,Pop
Flamenco Pop,Latin
Folk Blues,Blues
French electronic,Ambient & Experimental Electronic
future beats,Hip Hop/Rap
Future R&B,R&B/Soul
Glam Pop,Pop
glitch-hop,Bass Music
global bass,Bass Music
Gothic Acoustic,Alternative/Indie
gullah folk,World/Traditional
Handpan Ambient,New Age/Meditation
hawaiian folk,World/Traditional
Horror Game Soundtrack,Soundtrack/Instrumental
Horror Spoken Word,Novelty/Spoken Word
house music,House & EDM
Indian Disco,Funk/Disco
Indie Funk,Alternative/Indie
Indigenous Music,World/Traditional
Industrial Electronic,Ambient & Experimental Electronic
Instrumental Hip Hop,Hip Hop/Rap
Instrumental Hip-Hop,Hip Hop/Rap
instrumental jazz,Jazz
Instrumental Pop,Pop
instrumental surf rock,Rock
Italian Electronic,Ambient & Experimental Electronic
Italian film score,Soundtrack/Instrumental
Italian Vocal Jazz,Jazz
J-Hip Hop,Hip Hop/Rap
japanese ambient,Ambient & Experimental Electronic
jazz hop,Hip Hop/Rap
jazz vocal,Jazz
K-house,House & EDM
K-R&B,R&B/Soul
korean psychedelic rock,Rock
Latin Electronic,Latin
latin trap,Hip Hop/Rap
Latin Urban,Latin
libyan folk electronic,World/Traditional
light orchestral,Classical/Orchestral
Liquid Drum & Bass,Bass Music
lo-fi ambient,Ambient & Experimental Electronic
lo-fi electronic,Ambient & Experimental Electronic
lo-fi pop,Pop
Lo-fi R&B,R&B/Soul
Lo-fi soul,R&B/Soul
lounge music,Jazz
lounge pop,Pop
malian folk,Folk/Acoustic
Malian Wassoulou,World/Traditional
Medieval Music,Classical/Orchestral
Meditation Music,New Age/Meditation
minimal house,House & EDM
minimalist classical,Classical/Orchestral
Modern jazz,Jazz
Moog lounge,Ambient & Experimental Electronic
Musical Comedy,Novelty/Spoken Word
nature ambient,Ambient & Experimental Electronic
Nature Sounds,New Age/Meditation
neoclassical ambient,Ambient & Experimental Electronic
Neoclassical Piano,Classical/Orchestral
New Orleans R&B,R&B/Soul
New Wave Revival,Alternative/Indie
nordic jazz,Jazz
Novelty Music,Novelty/Spoken Word
novelty pop,Novelty/Spoken Word
Novelty Rock,Novelty/Spoken Word
novelty song,Novelty/Spoken Word
nu-jazz,Jazz
nu-soul,R&B/Soul
orchestral pop,Pop
Orchestral Video Game Music,Soundtrack/Instrumental
outsider folk,Folk/Acoustic
Outsider music,Other
Piano Pop,Pop
Post-Punk Revival,Alternative/Indie
Production Music,Soundtrack/Instrumental
Progressive Folk,Folk/Acoustic
Proto-Trance,Techno & Trance
Psych Funk,Funk/Disco
Psychedelic Funk,Funk/Disco
Rain Sounds,New Age/Meditation
rap-rave,Hip Hop/Rap
Reggae Pop,Reggae/Caribbean
relaxation,New Age/Meditation
Relaxation Music,New Age/Meditation
Relaxing Music,New Age/Meditation
romantic classical,Classical/Orchestral
romantic era,Classical/Orchestral
Sacred Music,World/Traditional
Sleep Music,New Age/Meditation
Soul Pop,R&B/Soul
soul rock,R&B/Soul
soul-folk,R&B/Soul
Soul-pop,R&B/Soul
Spa Music,New Age/Meditation
Swing Jazz,Jazz
synth-punk,Punk/Hardcore
Techno brass,Techno & Trance
trad jazz,Jazz
traditional Chinese music,World/Traditional
traditional Italian folk,World/Traditional
Traditional Jazz,Jazz
Trailer music,Soundtrack/Instrumental
Tropical Pop,Pop
Tunisian folk,World/Traditional
Tuvan throat singing,World/Traditional
TV Score,Soundtrack/Instrumental
UK Hardcore,House & EDM
video game score,Soundtrack/Instrumental
Video Game Soundtrack,Soundtrack/Instrumental
Vintage pop,Pop
Weather Sounds,New Age/Meditation
wizard rock,Alternative/Indie
World Music,World/Traditional
world percussion,World/Traditional
Zamrock,Rock
