album_id,album_name,artist_name,release_date,album_artwork
5AgsHUKFxr5DApRCmulIqJ,The Hamilton Mixtape,Lin-Manuel Miranda,2016-12-02,https://i.scdn.co/image/ab67616d0000b2731025ac991316d6cbac978373
6SisHkIpxo4JN5kRcBEv9Z,Come From Away (Original Broadway Cast Recording),‘Come From Away’ Original Broadway Cast,2017-03-10,https://i.scdn.co/image/ab67616d0000b27381d6b22bcf4d55fea85a2b59
1CuCITWTEr6lE2q3MraOSG,No Wahala (Remix),1da Banton,2022-03-02,https://i.scdn.co/image/ab67616d0000b2731855dea03418a6c0c623b229
66PA49HFV9YsfQjUYv3xML,Based On A T.R.U. Story (Deluxe),2 Chainz,2012-01-01,https://i.scdn.co/image/ab67616d0000b2732a0e6aff34e828392e1df7d0
3in5Gg4EZAMEfllRSrtcCC,The Hate U Give (Original Motion Picture Soundtrack),Various Artists,2018-10-12,https://i.scdn.co/image/ab67616d0000b2730bffddcd4c83baab8303c44d
2D0Hi3Jj6RFnpWDcSa0Otu,Youngblood (Deluxe),5 Seconds of Summer,2018-06-15,https://i.scdn.co/image/ab67616d0000b27341aa6776dc15fbd71a2b4557
31QCnHMnS7Cb4UdJkubgrr,"The Music of Grand Theft Auto V, Vol. 1: Original Music",Various Artists,2013-09-24,https://i.scdn.co/image/ab67616d0000b273707fe4c159f0384c613dc4d2
4v0IxMbMN975IfxFHzgK9d,Artist 2.0 (Deluxe),A Boogie Wit da Hoodie,2020-06-19,https://i.scdn.co/image/ab67616d0000b2734ec868f10b6379bcb83e855a
5fPCpGOBFSbLnOlApkzJcn,Latest Trends (feat. Aitch) [Remix],A1 x J1,2021-03-11,https://i.scdn.co/image/ab67616d0000b273c419250e2757242405fbbf66
1ZVourNSOich8buZk5ILdZ,Gracias Por La Musica (Deluxe Edition),ABBA,,https://i.scdn.co/image/ab67616d0000b27331a7db5370134479f43b43e8
6YMSXPIHkA2jPIlFHuejXW,All My Demons Greeting Me As A Friend (Deluxe),AURORA,2016-03-11,https://i.scdn.co/image/ab67616d0000b273c379325088c2845fe85cd70a
1pVtxVKXwhU2nsvrTI1WqT,Ring Ring (Deluxe Edition),ABBA,,https://i.scdn.co/image/ab67616d0000b2735ca4eeb638139fd840250b9e
5GByGaws7Cw0t28kjvAOzV,The Visitors (Deluxe Edition),ABBA,,https://i.scdn.co/image/ab67616d0000b27342678f54dfd1d5afb3eea19a
2nZmJPlEBwQYyVqN46GoHP,I Went Too Far (MK Remix),AURORA,2016-07-15,https://i.scdn.co/image/ab67616d0000b273b8e42f8099485a0bc0c61993
464vAu1FKEfnZMnixyf8IF,TikTok Classics - memes & viral hits,Various Artists,2022-08-12,https://i.scdn.co/image/ab67616d0000b273514661fa84a18b7afd92acdc
5lExQTV6ELzqRgwsqahZoh,Kabhi Khushi Kabhie Gham (Original Motion Picture Soundtrack),Jatin-Lalit,2001-11-28,https://i.scdn.co/image/ab67616d0000b273941eb533e845e5c2299570b9
6XVCLtMjubQa0VHm9UHsXN,WolfWalkers (Original Motion Picture Soundtrack),Bruno Coulais,2020-12-14,https://i.scdn.co/image/ab67616d0000b2733072806c7800b81643d39255
20exLke5P8o4D1Bj4iRcPf,Les Misérables: The Motion Picture Soundtrack Deluxe (Deluxe Edition),Les Misérables Cast,2013-01-01,https://i.scdn.co/image/ab67616d0000b273170e79548d280867ef12742b
1nr8LxzUvc6iQsG2bFK8Rd,On Deck,Abracadabra,2020-07-16,https://i.scdn.co/image/ab67616d0000b273c0271177bb4e93fe1f16d58e
50XlvF8lx8QuSHY2T41s0J,Slow Dancing (Acoustic),Adam French,2019-07-12,https://i.scdn.co/image/ab67616d0000b273657279017faa5b078c770ee3
5JQDk8mkZLab7RUCe2x0Qv,Joanna (Drogba) [Remix],Afro B,2019-06-25,https://i.scdn.co/image/ab67616d0000b2735f9e867f1cb29492024c50aa
5AbETCauXczRy4uQlhZpxH,اغانی الافلام,Various Artists,2019-03-01,https://i.scdn.co/image/ab67616d0000b273974adf6b12e26b12071bc358
5x2eTJrbEvmOTEcWWWubLy,Ra-One,Vishal-Shekhar,2011-09-16,https://i.scdn.co/image/ab67616d0000b27344aa56e23e3a89802e6c6347
1l0aFrH24oPrQSqGtfeFyE,Tangled,Various Artists,2010-01-01,https://i.scdn.co/image/ab67616d0000b273597905f8f46dfc60f5a6d11f
1rxMCeSrBGC5qf9di9gOJ6,The Pirate's Gospel (Deluxe Edition),Alela Diane,2018-10-26,https://i.scdn.co/image/ab67616d0000b273dbc9a5d6cbf3be41dbf6393d
31UTQAB8bn1Dnh5neePui8,Break Up Songs,Various Artists,2021-02-05,https://i.scdn.co/image/ab67616d0000b2733ee7a4de543e3575dd58d4b4
3Nkueud4hqLWhSzOepKi7p,Beetlejuice (Original Broadway Cast Recording),Eddie Perfect,2019-06-07,https://i.scdn.co/image/ab67616d0000b273bfd1c78f2f4e462e5048491a
2MV7PrKdCcislKUAPMyEA2,IDK You Yet (Live on Piano),Alexander 23,2020-06-23,https://i.scdn.co/image/ab67616d0000b273fe03064db12346c962cd0c56
47U0dkAKLqJ1Y13cTpiznw,Khoone Khorshid,Bahram,2024-11-11,https://i.scdn.co/image/ab67616d0000b27341532070d320877402072160
0mOR1HD66Abbau9K0xGLuw,Istanbul Junction (Chahar Rahe Istanbul),Alireza Ghorbani,2018-02-02,https://i.scdn.co/image/ab67616d0000b2737ce048c70a737d925c98a888
7Mm6K3bRp3vSfZgTV1rBQm,Ziadesh Khoobe (Arian Goleh Remix),Alireza Jj,2016-12-31,https://i.scdn.co/image/ab67616d0000b2733af649540e36585238a4f576
3eSysZ5EvnyWZ2naPABIdd,Body Music (Deluxe),AlunaGeorge,2013-01-01,https://i.scdn.co/image/ab67616d0000b273e83e6c50431b7cbc6e762b51
6QtnCAFmqOwR75jOOmU7k9,Mamma Mia! The Movie Soundtrack,Cast of Mamma Mia! The Movie,2008-01-01,https://i.scdn.co/image/ab67616d0000b273ddc54feece71dda4290d0579
7afIucKWHD9JmJsXR0DqIR,BLACKJACK (Remix),Aminé,2019-02-08,https://i.scdn.co/image/ab67616d0000b273d9667ec7c4b9a693d42d0db4
327656SVgNKiEmafip6DfK,Narahat Nabash (Freestyle Version),Amir Khalvat,2021-07-23,https://i.scdn.co/image/ab67616d0000b273bb0e7beb1378e53edf50a363
3l7sFYjz6RcnHEA9Le4gBs,Barf (Remix),Amir Mro,2020-10-20,https://i.scdn.co/image/ab67616d0000b27356a85b73d207966cb03dec75
1rhwjore04STMhDGzVvIeE,Oriental Rainbow,Various Artists,2018-06-08,https://i.scdn.co/image/ab67616d0000b2737e6e6d8ffdd9597a96ab019e
5DaToG3KvHnUgTPqY4cEbq,This Is The Life (eDeluxe),Amy Macdonald,2007-01-01,https://i.scdn.co/image/ab67616d0000b273aa2d1f1ecc9aa8f82fd56f7c
0E4xv5gPjykrwBgBZzI8XG,Back To Black (Deluxe Edition),Amy Winehouse,,https://i.scdn.co/image/ab67616d0000b27376ffb5b5ab045d22c81235c1
3uARqNN4bYqts3Ltg5Jku3,Bocelli (Remastered),Andrea Bocelli,1995-01-01,https://i.scdn.co/image/ab67616d0000b2737e69f0cf9685328522e66e14
4d1XaejoQ5r4jdkV8k5SNJ,"tick, tick... BOOM! (Soundtrack from the Netflix Film)","The Cast of Netflix's Film tick, tick... BOOM!",2021-11-12,https://i.scdn.co/image/ab67616d0000b27321b999d57c62a5f362633a48
5yauUuXppqUj2ulor38hvI,The Book Of Mormon (Original Broadway Cast Recording),Trey Parker,2011-05-17,https://i.scdn.co/image/ab67616d0000b273d9cd8917de31257e2ac920a9
5016dF1FF2mrEtD38l4QiN,The Prom (Music from the Netflix Film),The Cast of Netflix's Film The Prom,2020-12-04,https://i.scdn.co/image/ab67616d0000b273e744e5282632737114a74e51
1J1yxODbNlqKbwRqJxYJUP,Hadestown (Original Broadway Cast Recording),Original Broadway Cast of Hadestown,2019-07-26,https://i.scdn.co/image/ab67616d0000b273b62a5129d9efa26386143622
2eRteetnj4Qs53G8KUiEIT,Leyla (Remixes),ANGEL!,2015-08-14,https://i.scdn.co/image/ab67616d0000b2739db3363f9b18b536fd588cf6
6YvdsRy3lNHkjwK7L4ojMi,Blessings,ANGEL!,2019-07-19,https://i.scdn.co/image/ab67616d0000b273a8e34efd4aaf204c1b9a5f6b
5mZgyfa7rkogNoxxqHpbOg,The Princess and the Frog: Tiana and Her Princess Friends,Various Artists,2009-01-01,https://i.scdn.co/image/ab67616d0000b273c555d7da37ecd2dcf30bad9b
7os43c6BUhMJkDUaEtDufk,Legally Blonde The Musical (Original Broadway Cast Recording),Nell Benjamin,2007-07-16,https://i.scdn.co/image/ab67616d0000b2731828473d593f22288c795e5c
12xXd3NM97X0a6PMgAiwKQ,Soul Stories 2 (Emotional Orchestral Drama Tracks),Anne Sophie Versnaeyen,2019-12-16,https://i.scdn.co/image/ab67616d0000b273cd12022afac8068c93a70743
7lPoGKpCGgdKFAxpudhAH5,Speak Your Mind (Deluxe),Anne-Marie,2018-04-27,https://i.scdn.co/image/ab67616d0000b2731192ae62dfe52262a3cc3fed
7nMexBA71PdwPnfqS5Yji5,Coco (Original Motion Picture Soundtrack),Various Artists,2017-11-10,https://i.scdn.co/image/ab67616d0000b2731f062b7159e8f230120512bf
7tOUgcKglzk78d8hOIMWyr,UNHEALTHY (Deluxe),Anne-Marie,2023-07-28,https://i.scdn.co/image/ab67616d0000b273c251fe563280736ad5bface9
2px7kpIPq7CtmEuUuvquTq,Relationship (Acoustic),Anthony Ramos,2020-02-17,https://i.scdn.co/image/ab67616d0000b273e2c981724f277a02f0672519
4p8NCMVfjHF7UmoVf0gy8x,ANTONIO: Lotti - Caldara - Vivaldi,Alex Potter,2023-06-02,https://i.scdn.co/image/ab67616d0000b2737629461518d0c23945e0bb7c
36eVEeDGGTRLsab8AzI2Yj,Vivaldi's Cello (Remastered),Antonio Vivaldi,,https://i.scdn.co/image/ab67616d0000b273cae082649e89713915f075af
4uRmnA7JUnFVe6JEwNl7XD,First Burn,Various Artists,2018-04-30,https://i.scdn.co/image/ab67616d0000b27399ca4934c07dd1f4e0e64204
5mJUEg7X66N27nkv2MRlJr,Giuliani & Vivaldi: Guitar Concertos,Eduardo Fernandez,1987-01-01,https://i.scdn.co/image/ab67616d0000b273449e9558a67bec1b28e80fda
7kSa9AwcDQ6ZUScaXxp8zP,Creed II: The Album,Mike WiLL Made-It,2018-11-16,https://i.scdn.co/image/ab67616d0000b273e8230123dfe625c953eabae2
1kCHru7uhxBUdzkm4gzRQc,Hamilton (Original Broadway Cast Recording),Lin-Manuel Miranda,2015-09-25,https://i.scdn.co/image/ab67616d0000b273d72fb5571087bca0a2fed008
123gDnj9pBl8GNRLyOViC9,"This Wish (From ""Wish"")",Ariana DeBose,2023-10-18,https://i.scdn.co/image/ab67616d0000b273a40e82a624fd71db16151256
11X2d5C6rFBFZZUOCJLPt9,34+35 (Remix),Ariana Grande,2021-01-15,https://i.scdn.co/image/ab67616d0000b27343d04ae192008a5113862faf
6EVYTRG1drKdO8OnIQBeEj,My Everything (Deluxe),Ariana Grande,2014-08-22,https://i.scdn.co/image/ab67616d0000b273deec12a28d1e336c5052e9aa
4NBuascXb3uK0mFUYuJ63f,Charlie's Angels (Original Motion Picture Soundtrack),Various Artists,2019-11-01,https://i.scdn.co/image/ab67616d0000b273c891137d2513ecd496e9152e
3JUrJP460nFIqwjxM19slT,Wicked: The Soundtrack,Wicked Movie Cast,2024-11-22,https://i.scdn.co/image/ab67616d0000b27341ded89391c5350f6b8f991c
0gmRRrFSd6GrjOCJchnCtE,The Hamilton Mixtape,Lin-Manuel Miranda,2016-12-02,https://i.scdn.co/image/ab67616d0000b273540fd3369c574e2ce651cbcd
3AhP76AusdcJ9sZ4XgUcEc,Beauty and the Beast (Original Motion Picture Soundtrack/Deluxe Edition),Various Artists,2017-03-10,https://i.scdn.co/image/ab67616d0000b273fac61ec6ab51254a1a4ee6b1
5Q0qbSqqQGoHuG3SHR8Nv8,Top Boy (feat. P Money),Ashley Walters,2019-10-22,https://i.scdn.co/image/ab67616d0000b273a3a4f13a692b599325a09aa8
6fzxrq4vexEOJZfWdRz5yu,Beresoonamet,Alishmas,2010-01-01,https://i.scdn.co/image/ab67616d0000b27351094b7fb58487edec60901a
2q6jDZSKCp6O47UY3d0qV8,Party's Over (Acoustic),Astrid S,2017-07-14,https://i.scdn.co/image/ab67616d0000b273cb2074a11da155f5b0ed8320
4itbCNf9eFdN2eKl6cFqAY,Tango,Atilio Stampone,2000-07-15,https://i.scdn.co/image/ab67616d0000b273d64e31d317078963072cfd7a
6qykGE5x584duyLVYcnojE,Disney Summer Songs,Disney,2021-05-28,https://i.scdn.co/image/ab67616d0000b2737b1489e71cadf8a1c0382d7d
4AORimNOUL0YaMx9jYx2G8,"Disney Summer Songs , Vol. 2",Disney,2023-09-25,https://i.scdn.co/image/ab67616d0000b2738cf3b1220ffa8d9986483481
7ayBZIe1FHkNv0T5xFCX6F,The Greatest Showman (Original Motion Picture Soundtrack),Various Artists,2017-12-08,https://i.scdn.co/image/ab67616d0000b273128057b40732c042c86de1dd
6pZj4nvx6lV3ulIK3BSjvs,Moana (Original Motion Picture Soundtrack/Deluxe Edition),Lin-Manuel Miranda,2016-11-18,https://i.scdn.co/image/ab67616d0000b273b30f2e44ae6fa43305bd00bf
5DvpdpEArD8yUCaohP8kvt,Freaking Me Out (Bingo Players Remix),Ava Max,2019-11-15,https://i.scdn.co/image/ab67616d0000b273c99d33eece089594d82f92b1
2I7zD7nw8TXw7XNhZxiTuF,Torn (Hook N Sling Remix),Ava Max,2019-09-12,https://i.scdn.co/image/ab67616d0000b2737994ce138ae06acea310809e
119qG6QCSXSmSV5jTVncMS,Djadja (feat. Afro B) [Remix],Aya Nakamura,2018-04-07,https://i.scdn.co/image/ab67616d0000b273346b6e1cfc9c690c64f905c0
6RAWH9n20mxQ1ILH2kPQm9,Jumanji (Shift K3Y Remix),B Young,2018-02-16,https://i.scdn.co/image/ab67616d0000b273c1e3ee71325bf6740e4a9f3f
0hUQJNECak9L5Baf75HfeV,Djadja (feat. Maluma) [Remix],Aya Nakamura,2020-06-12,https://i.scdn.co/image/ab67616d0000b2734ec452efed595a418b746ce8
1gquVtfIDwZKamEZtJL8qe,High School Musical Original Soundtrack,Various Artists,2006-01-01,https://i.scdn.co/image/ab67616d0000b273bb00d0513a2a9ffd19eff93b
5ffRDoCEAqC33kW1p79QVh,Stop Crying Your Heart Out (BBC Radio 2 Allstars),BBC Children In Need,2020-11-13,https://i.scdn.co/image/ab67616d0000b2733682d317c856a5d22261a9b5
7CaoMilK1vM4KvbbvRVggD,Throat Baby (Go Baby) (with DaBaby & City Girls) [Remix],BRS Kash,2021-01-21,https://i.scdn.co/image/ab67616d0000b273e0411706937b154259b9e90d
3E59vqAvQwK1KtoMaJqcfT,10 from 6 (2009 Remaster),Bad Company,1985-06-01,https://i.scdn.co/image/ab67616d0000b2735188ad8383453a2384fdebca
5abCMGtyHwpOr9cEbwfP1P,Hell: The Sequel (Deluxe),Bad Meets Evil,2011-01-01,https://i.scdn.co/image/ab67616d0000b27359a1132f3cab22f80b2d2777
3y3f6Wm25pZbnIyV2xry0U,Le Malamour (Acoustic),Barbara Pravi,2019-03-08,https://i.scdn.co/image/ab67616d0000b2737a9b00d19e32fd81a8cb82ad
6EIxlDI9fMtooJ1H3toRFO,Heathers: The Musical (World Premiere Cast Recording),Various Artists,2014-06-10,https://i.scdn.co/image/ab67616d0000b273d2d0e13579ab33ae8d3d05e4
6m7n9JuAOMcy8X3ntO0Ktf,Mean Girls (Original Broadway Cast Recording),Various Artists,2018-05-18,https://i.scdn.co/image/ab67616d0000b273bd180d5a0f9d0a4d205c89b4
7hNuGnybf1ZvvjZJVYlAQP,"brand new eyes (From ""Wonder"")",Bea Miller,2017-08-04,https://i.scdn.co/image/ab67616d0000b2737ae91b0c853712cd341b1a86
6iqFb4EhmlHHjJGFcRgJmQ,Staying Alive (Original Motion Picture Soundtrack),Various Artists,1977-12-13,https://i.scdn.co/image/ab67616d0000b27355fb38fda5321a8923911ff9
7mobsmc3f0QRDiuUnVfq6T,Javooni,Various Artists,2019-03-13,https://i.scdn.co/image/ab67616d0000b273098d7c1a62c821adb3957c41
7G8KkN7KV6Xe60eGlw0H2L,Les femmes idéales (Réédition),Ben Mazué,2018-11-09,https://i.scdn.co/image/ab67616d0000b2734eb9be6afe309824a798ec14
19Qa6UYUsqdEv1D5cttxJC,Ziadesh Khoobe (Arian Goleh Remix),Behzad Leito,,https://i.scdn.co/image/ab67616d0000b27349b9b607ba91eef6f646161e
0LhDyJXelg31FKLW5GDcKi,Dear Evan Hansen (Original Broadway Cast Recording),Various Artists,2017-02-03,https://i.scdn.co/image/ab67616d0000b273eefa3ed06dec22db89d0e793
61PmcCYa4hA34roDjvTgbk,Waving Through A Window (from Dear Evan Hansen [Original Broadway Cast Recording]),Ben Platt,2016-12-02,https://i.scdn.co/image/ab67616d0000b2737c5f686d8d79cd85e9d9638d
5yauUuXppqUj2ulor38hvI,The Book Of Mormon (Original Broadway Cast Recording),Trey Parker,2011-05-17,https://i.scdn.co/image/ab67616d0000b273d9cd8917de31257e2ac920a9
5KZ5cuVY1oLvHI1ecqoUJP,Beautiful Things (Alternate Versions),Benson Boone,2024-02-23,https://i.scdn.co/image/ab67616d0000b273207eff257681334642a5dd92
3VelGGa5ZgDXNhwsVCh9BL,Bestie (feat. Kodak Black) [Spenda C Nola Bounce Remix],Bhad Bhabie,2019-01-28,https://i.scdn.co/image/ab67616d0000b273708f4a0cebb75577c1254e8c
49yiYOnz2UyaNl72xvDERt,Renegade (Pop Version),Big Red Machine,2021-08-17,https://i.scdn.co/image/ab67616d0000b273f0b56f34301a37d015cbb678
2DnyCaBFPD1ZsZKEMVvn7E,101 Dalmatians Original Soundtrack,Various Artists,1998-01-01,https://i.scdn.co/image/ab67616d0000b27395c23bde9f94ee53663481c0
5YCdlD3eREt72lTZxNL7id,dont smile at me (Expanded Edition),Billie Eilish,2017-08-11,https://i.scdn.co/image/ab67616d0000b2739c05fec02bd9b81ee1246b2f
2xgi7tCocjnULdraqmheR1,No Time To Die (Original Motion Picture Soundtrack),Hans Zimmer,2021-10-01,https://i.scdn.co/image/ab67616d0000b2736783e68449c6a325f122bc8f
6TwlLNU5Zd9qGuNgSLeWPt,Don't Say No (Remastered 2010),Billy Squier,,https://i.scdn.co/image/ab67616d0000b273f4822f8034e697410a14a297
6ig2k0oiH2AXm8MugikskB,Fire Within (Deluxe),Birdy,2013-09-16,https://i.scdn.co/image/ab67616d0000b2736cf816391f4d0c49d481ee1b
1dgbFU08pXJXZhGPlybdMX,THE E.N.D. (THE ENERGY NEVER DIES) [Deluxe Version],Black Eyed Peas,2009-01-01,https://i.scdn.co/image/ab67616d0000b2730bd44f5ff9ecc99f7770acc5
132qAo1cDiEJdA3fv4xyNK,Paranoid (2009 Remastered Version),Black Sabbath,1970-09-18,https://i.scdn.co/image/ab67616d0000b2739683e5d7361bb80bfb00f46d
552zi1M53PQAX5OH4FIdTx,The Lion King: The Gift,Beyoncé,2019-07-19,https://i.scdn.co/image/ab67616d0000b2734ccc03169b086af698178a99
18K5xK91s36fWgIcfzkcEt,Love Generation (Radio Edit),Bob Sinclar,2005-06-20,https://i.scdn.co/image/ab67616d0000b27382feaca18c25474ce8de175f
0Irhq0vH0TR4TodaAIXG5N,The Twilight Saga: New Moon (Original Motion Picture Soundtrack),Various Artists,2009-10-16,https://i.scdn.co/image/ab67616d0000b27381cb7e6da15c478dc2632009
7bt2aty3lUo6Q1Ud8pthRz,Aladdin Special Edition,Alan Menken,2004-01-01,https://i.scdn.co/image/ab67616d0000b2734a4b92dcf7a5c51cc4f7424c
2k9FuG5GyW61y2a0j4R3vP,Walt Disney Records The Legacy Collection: Aladdin,Alan Menken,2022-09-16,https://i.scdn.co/image/ab67616d0000b27391e50512155a55cc0a46775a
3KPOdANPLDWwF0U4TOzjrK,Descendants: The Rise of Red (Original Soundtrack),Descendants – Cast,2024-07-12,https://i.scdn.co/image/ab67616d0000b27325d195784363d062a5dcfc0f
1NoegGXKwW97ZQB9ctl2Tw,Can You Feel My Heart (Remix),Bring Me The Horizon,2021-03-05,https://i.scdn.co/image/ab67616d0000b2737e06c7e5489ffe0fd0e86d03
6K6yEQC1fPySi8lwn5TRIW,Mala Mujer (feat. Farruko & French Montana) [Remix],C. Tangana,2017-09-22,https://i.scdn.co/image/ab67616d0000b273e4990090e6a7eb2d770de3b3
04Xde0FJSo4LVQ1GE36t49,High School Musical 2 (Original Soundtrack),High School Musical Cast,2007-01-01,https://i.scdn.co/image/ab67616d0000b273342a94d40e41ecd14874be4c
1mgYvDEkZoWqoNjnMU6QhI,One More Shot (One Take Version),Cil,2023-03-03,https://i.scdn.co/image/ab67616d0000b273ec184797373f8d726ea63f8c
4oeifIN990oyvL0uMBDNVi,Infiltrate-Destroy-Rebuild,CKY,2002-09-24,https://i.scdn.co/image/ab67616d0000b2739b411060886751d82e84bb5f
6Gyni4addCtIY57Cxulegg,love nwantiti (feat. ElGrande Toto) [North African Remix],CKay,2020-08-21,https://i.scdn.co/image/ab67616d0000b273fc57994e3890a5246cce7685
2rCCUNn3PUaTsKRAKBIzh4,Frozen: The Broadway Musical (Original Broadway Cast Recording),Various Artists,2018-05-11,https://i.scdn.co/image/ab67616d0000b273f4e3baae72a1257af0135592
2EeSecVK1JVbirWHqgWoq6,The Prom: A New Musical (Original Broadway Cast Recording),Original Broadway Cast of The Prom: A New Musical,2018-12-14,https://i.scdn.co/image/ab67616d0000b2739c7f6a3b539b46c02184af37
2EWhs88DmxypBdArP5DDSp,"Headache & Migraine Natural Relief: Calming Sounds of Nature, Piano Music for Reduce Tension, Tinnitus Relief, Sounds Hypnosis and Relaxing Therapy",Various Artists,2017-10-09,https://i.scdn.co/image/ab67616d0000b27380c25b8262beaece0d835fe2
6Vip5A5NmEazvKuxj6GLYf,Only Human (Deluxe),Calum Scott,2018-03-09,https://i.scdn.co/image/ab67616d0000b273f2d671c22b70e01b78a618a8
2ZZiI4Jg5SYg7suQwGSv4z,R&B Classics Collection,Various Artists,2008-08-04,https://i.scdn.co/image/ab67616d0000b273990688ceac54688ad188ee47
6SHWGGZJPmwfOLInPMEUFW,Annie (Original Motion Picture Soundtrack),Various Artists,2014-11-17,https://i.scdn.co/image/ab67616d0000b27358640378b83dfbe8c956ee2e
0T9YCy8TruLD6Z4qiCGSn6,French Festival,Slovak Radio Symphony Orchestra,1988-11-25,https://i.scdn.co/image/ab67616d0000b27327fddb8f282c6010bb1c1740
3WiDh9qthUHAXK6RNM2Ctb,Frequency,Various Artists,2019-08-18,https://i.scdn.co/image/ab67616d0000b2733cb566bd76baaefe4b3f0b7a
0rzeLcOeysr7JOstIMeV8H,AMEB Piano For Leisure Series 1 Grade 4,Rebecca Chambers,2002-11-15,https://i.scdn.co/image/ab67616d0000b273efafe12034d49e405c6093ca
1ltVI90usp38HOd7QmSSD2,Frozen 2 (Banda Sonora Original en Español/Edición Deluxe),Various Artists,2019-11-14,https://i.scdn.co/image/ab67616d0000b273c8ec86817863761ceed1dfd3
25L8ck3KGcmCo3901ztPzR,Encanto (Original Motion Picture Soundtrack),Lin-Manuel Miranda,2021-11-19,https://i.scdn.co/image/ab67616d0000b273e1ac646ed6f25125e2a77229
5jDiPnxWrg9Pwu0wrrf1fn,Inception,Maksym Rzemiński,,https://i.scdn.co/image/ab67616d0000b2737504ee710566d200dfee77b0
2unbJ7dUr9mITQiMwWFqQD,Everytime We Touch (Premium Edition),Cascada,2010-02-12,https://i.scdn.co/image/ab67616d0000b273e0c8b75abb6704283aa645aa
0j1qzjaJmsF1FkcICf3hRu,Cassie (U.S. Version),Cassie,2006-08-07,https://i.scdn.co/image/ab67616d0000b273f4c4ee507c2558262869f415
7lZs5r4oQV2nutddffLrg0,Frozen (Original Motion Picture Soundtrack / Deluxe Edition),Various Artists,2013-01-01,https://i.scdn.co/image/ab67616d0000b273a985e1e7c6b095da213eaa7c
3MnOoZGbCDAjLf8jOImSbg,The Lady Killer (The Platinum Edition),CeeLo Green,2010-11-09,https://i.scdn.co/image/ab67616d0000b273e0e33df58a7b008049dbefde
3bqEvlGHE4amqPGZtdMnep,Not Your Muse (Deluxe),Celeste,2021-01-29,https://i.scdn.co/image/ab67616d0000b273a724f0a2c23fdc0ef98201b8
6SisHkIpxo4JN5kRcBEv9Z,Come From Away (Original Broadway Cast Recording),‘Come From Away’ Original Broadway Cast,2017-03-10,https://i.scdn.co/image/ab67616d0000b27381d6b22bcf4d55fea85a2b59
1YO76vUS5WbkMfw4143Ewg,Ridin' (UK Radio Edit),Chamillionaire,2006-01-01,https://i.scdn.co/image/ab67616d0000b273e8bfb223bc976d20a2cf6439
5AgsHUKFxr5DApRCmulIqJ,The Hamilton Mixtape,Lin-Manuel Miranda,2016-12-02,https://i.scdn.co/image/ab67616d0000b2731025ac991316d6cbac978373
1wbY6VUchNsZLaDi22eD3J,Hercules (Original Motion Picture Soundtrack),Alan Menken,1997-01-01,https://i.scdn.co/image/ab67616d0000b273f6a713be4f418307ab7ffaf4
1hLsMn21FEUQoPoc05hXw8,LET THE WORLD BURN (with G-Eazy & Ari Abdul) [Remix],Chris Grey,2024-11-08,https://i.scdn.co/image/ab67616d0000b273206beee2738fb31c31264741
4Nott58lylIBXVbaUD37Cl,"The Road to Hell (Deluxe Edition, 2019 Remaster)",Chris Rea,1989-04-02,https://i.scdn.co/image/ab67616d0000b273649e2c0c6baeae5b212262ed
7uuzR6IeZUaKzeExKYkk2Y,"Reflection (2020) [From ""Mulan""]",Christina Aguilera,2020-08-27,https://i.scdn.co/image/ab67616d0000b2735bf3b99ff64196dd0fdd9856
2lkbTVYUYHXoXt17WXIAVc,The Twilight Saga: Breaking Dawn - Part 1 (Original Motion Picture Soundtrack),Various Artists,2011-11-04,https://i.scdn.co/image/4aaa9fae84be9e79c1a58845784441d65327bcba
6lJrqUXdCpEINx1fi5EqMa,The Twilight Saga: Breaking Dawn - Part 2 (Original Motion Picture Soundtrack),Various Artists,2012-11-09,https://i.scdn.co/image/ab67616d0000b27333d6ad1275ae8ebe156686f5
1E1tdqqLmyi03P0TJhGuw8,Waitress (Original Broadway Cast Recording),Various Artists,2016-06-03,https://i.scdn.co/image/ab67616d0000b27338e8cc49f1303647204dec7e
1kCHru7uhxBUdzkm4gzRQc,Hamilton (Original Broadway Cast Recording),Lin-Manuel Miranda,2015-09-25,https://i.scdn.co/image/ab67616d0000b273d72fb5571087bca0a2fed008
6pZj4nvx6lV3ulIK3BSjvs,Moana (Original Motion Picture Soundtrack/Deluxe Edition),Lin-Manuel Miranda,2016-11-18,https://i.scdn.co/image/ab67616d0000b273b30f2e44ae6fa43305bd00bf
3FmqQtzrqovhBNjJfqTjsx,StarStruck,Various Artists,2010-01-01,https://i.scdn.co/image/ab67616d0000b27334b2fc0be1e82d6c5b774786
4KR0G4TOElOb5JEgKeyrKI,Anastasia (Original Broadway Cast Recording),Lynn Ahrens,2017-06-09,https://i.scdn.co/image/ab67616d0000b273809df148e57f6c4f15849a1d
5yauUuXppqUj2ulor38hvI,The Book Of Mormon (Original Broadway Cast Recording),Trey Parker,2011-05-17,https://i.scdn.co/image/ab67616d0000b273d9cd8917de31257e2ac920a9
2ytXs8CezH3sgHPrf5sSjc,Träumerei - Liebestraum - Für Elise - Clair de lune - Gymnopédie - Sony Classical Masters,Various Artists,2010-10-08,https://i.scdn.co/image/ab67616d0000b273800351cf8cd00b326135acad
1MvF4ulZKH7SaDQs9rE5nc,What Is Love? (Deluxe Edition),Clean Bandit,2018-11-30,https://i.scdn.co/image/ab67616d0000b2735c66e925d8fe4c92ebfb49ed
4oVuagXHRZZZIvhocptEaU,I Miss You (feat. Julia Michaels) [Acoustic],Clean Bandit,2017-12-08,https://i.scdn.co/image/ab67616d0000b2731d15b57172b96f91de1e30b2
6QtnCAFmqOwR75jOOmU7k9,Mamma Mia! The Movie Soundtrack,Cast of Mamma Mia! The Movie,2008-01-01,https://i.scdn.co/image/ab67616d0000b273ddc54feece71dda4290d0579
2gbaEKe5rqHNmatEWPoDUu,00s Anthems,Various Artists,2019-03-15,https://i.scdn.co/image/ab67616d0000b2736b7821512397334feb8dad12
0i9mOB6mPGqwVvtJEXiwPG,Green River (Expanded Edition),Creedence Clearwater Revival,1969-08-03,https://i.scdn.co/image/ab67616d0000b2733efcd243aaa5638f55318f91
0o4VMvldl1H3JpGLN8zobG,Creeping in My Soul (Classical Version),Cryoshell,2019-12-25,https://i.scdn.co/image/ab67616d0000b273d80ff5d72bb9b680e1856451
74VvVuVRnxvDkexriShSDg,Jour J (Version acoustique),DJ Kayz,2019-03-01,https://i.scdn.co/image/ab67616d0000b27336f2929f8ba5bc0bbf00c54f
56c2Q07YTudOhUKTcl340a,Big Wave More Fire (Remixes),DJDS,2018-09-21,https://i.scdn.co/image/ab67616d0000b273d9aff3716c01c8622dece419
7lmiEEoJlec3e4mE2WYxGU,Younger (GATTÜSO Remix),DLMT,2019-10-23,https://i.scdn.co/image/ab67616d0000b27325d907517da7b7ce71a30140
3AhP76AusdcJ9sZ4XgUcEc,Beauty and the Beast (Original Motion Picture Soundtrack/Deluxe Edition),Various Artists,2017-03-10,https://i.scdn.co/image/ab67616d0000b273fac61ec6ab51254a1a4ee6b1
0NjYBocqA4tGPxVaF6fXgO,Jane maryam,Sara Naeini,2021-08-23,https://i.scdn.co/image/ab67616d0000b273e4b28dc7950826f730af64e8
07oupZyy8xBQq0RQmXmg5z,Easy (Remix),DaniLeigh,2019-05-31,https://i.scdn.co/image/ab67616d0000b2731b94534863867700c8967cff
40lmT37SIpOSLTmqiE88ff,Dobare Tavalodam (Freestyle),Daniyal,2021-05-14,https://i.scdn.co/image/ab67616d0000b2730f3a61ae8714ef47359caa91
2EOqRNsJiNb7IFLktJBZpq,Hazbin Hotel (Original Soundtrack),Hazbin Hotel,2024-02-02,https://i.scdn.co/image/ab67616d0000b273058d85d25752a6701564ba06
6VIs0blDrLm34freNjpviV,Chorégraphies de l'ordinaire (Instrumentals),Daprinski,2017-07-12,https://i.scdn.co/image/ab67616d0000b273dec160f99620a3e3552764d3
3fS7lzVW6uISgYnvroy4xD,Gangsta (Remix),Darkoo,2019-12-27,https://i.scdn.co/image/ab67616d0000b2734412f42aba25cf025acc7595
0Md8b6G1twcfABRG2EpoQO,Karma 3 (Deluxe),Dave East,2020-10-23,https://i.scdn.co/image/ab67616d0000b273cc2d90ab12ecc2794b4543b0
2uwVT3EKTVmI3ik9yqsyMl,Corazón Latino,David Bisbal,2002-10-15,https://i.scdn.co/image/ab67616d0000b27349a2562013810352fc8feb6e
3HGXJ3VnxgW0KEEzQy5GCZ,Daylight (Reimagined),David Kushner,2023-08-18,https://i.scdn.co/image/ab67616d0000b2733d4b0b2c50c89d7c433f6b96
6Lq1m3AHNcKhla9Lv9JFeC,Hooloo,Various Artists,2022-04-25,https://i.scdn.co/image/ab67616d0000b273679e023e5cc14391afb21948
2fRoDLzmOZbs29IuHZ5eTA,I Hate That It's True (Acoustic),Dean Lewis,2025-05-08,https://i.scdn.co/image/ab67616d0000b2733284e6322f6fa9bba59915c0
2rkXrveU1TmKur2l8e6w1d,Lose My Mind (Acoustic),Dean Lewis,2017-10-20,https://i.scdn.co/image/ab67616d0000b27308942c6154d567c6996e897a
6qpZvIqLVMoqwp1z67VVJD,Need You Now (Acoustic),Dean Lewis,2017-06-30,https://i.scdn.co/image/ab67616d0000b2738e4b1bf3629b488bfcb48fa5
5BYoZ57Q8kvu7WhL00jZJ5,Waves (Acoustic),Dean Lewis,2017-02-03,https://i.scdn.co/image/ab67616d0000b2736840a3a484aa237999952725
3XsdVkuj3zMVHPRvodOgeE,Dancing With The Devil…The Art of Starting Over (Expanded Edition),Demi Lovato,2021-04-01,https://i.scdn.co/image/ab67616d0000b2736593537e6a1510219779f1a5
3HV3ecmJJ2GmHM93vVVKXF,Confident (Deluxe Edition),Demi Lovato,2015-10-16,https://i.scdn.co/image/ab67616d0000b2734e4f7c7ec167ec30c1c66e69
5AgsHUKFxr5DApRCmulIqJ,The Hamilton Mixtape,Lin-Manuel Miranda,2016-12-02,https://i.scdn.co/image/ab67616d0000b2731025ac991316d6cbac978373
4OGaOZUHLhSeiicZB909aL,No Way Out,Puff Daddy & The Family,,https://i.scdn.co/image/ab67616d0000b2736af4bd99c9a95bbc008c53c4
5Bp5PZqYJ9tiz0Hf6lOD5Q,R&B Hits,Various Artists,2005-10-04,https://i.scdn.co/image/ab67616d0000b2737ecfb05160a4e09bb3194137
659HHNEhpkkMd96Klbdrl4,Made In The Pyrex (Bonus Track),Digga D,2021-02-26,https://i.scdn.co/image/ab67616d0000b2735ed32888ccae062c01d4b0e6
7rEE5D5xsKP4yGpwXXF7Bl,"Rapman Presents: Blue Story, Music Inspired By The Original Motion Picture",Rapman,2019-11-15,https://i.scdn.co/image/ab67616d0000b273a3858ef6eea51627dfd3a4dc
6TBYNA0ISnbcwyn7gGoFk4,Caracal (Deluxe),Disclosure,2015-09-25,https://i.scdn.co/image/ab67616d0000b273e7baa54efe7bddbc6fc010d2
0BaIaHcyBXuOWeM4Aas4EW,Barbie The Album,Various Artists,2023-07-21,https://i.scdn.co/image/ab67616d0000b273d16ac0ec27653182d719ab36
1l0aFrH24oPrQSqGtfeFyE,Tangled,Various Artists,2010-01-01,https://i.scdn.co/image/ab67616d0000b273597905f8f46dfc60f5a6d11f
67WBZwhfjfOQ5gnH8iXsQ8,"Elliot's Song (From ""Euphoria"" An HBO Original Series)",Dominic Fike,2022-03-04,https://i.scdn.co/image/ab67616d0000b2735fa0cac2c4228c335c01dbe5
3Ohs7Jo6GM6mydUOL0m5aC,Mulan (Original Soundtrack),Mulan - Cast,1998-01-01,https://i.scdn.co/image/ab67616d0000b27388781d268ea3b5a35518eecc
6notdj85QIGeqR1zKqT3Oh,Descendants (Original TV Movie Soundtrack),Descendants – Cast,2015-01-01,https://i.scdn.co/image/ab67616d0000b273f2cf4cf5b74718a5922fa17d
4Rk63Jz61wwbmQru0PdltI,Descendants 2 (Original TV Movie Soundtrack),Descendants 2 – Cast,2017-07-21,https://i.scdn.co/image/ab67616d0000b2735c71897588f185bcbdb4dcb6
0YfNZx0s2EdfINsSoxqDe8,B-Room (Deluxe Edition),Dr. Dog,2013-10-01,https://i.scdn.co/image/ab67616d0000b2731a3b42ed1308bdd42492c031
16XswZ18xhMs8qUTN51mRl,"Shame, Shame (Deluxe Edition)",Dr. Dog,2010-11-02,https://i.scdn.co/image/ab67616d0000b2730478062bc04df0947d232fcb
6X1x82kppWZmDzlXXK3y3q,Take Care (Deluxe),Drake,2011-11-15,https://i.scdn.co/image/ab67616d0000b273c7ea04a9b455e3f68ef82550
7MZzYkbHL9Tk3O6WeD4Z0Z,Relapse: Refill,Eminem,2009-05-15,https://i.scdn.co/image/ab67616d0000b273506c4cc93e5a6234164125e1
334X6XoNKUzpAQbm5FPsMh,Top Boy (A Selection of Music Inspired by the Series),Various Artists,2019-09-13,https://i.scdn.co/image/ab67616d0000b27306d32ec41bd05c2afe4d8ec8
7MmECBpd38TlKC3fqG88GD,The Night We Met (Violin),Dramatic Violin,2023-08-09,https://i.scdn.co/image/ab67616d0000b27399b8cb4722761394b6ca3cf3
2ZUFSbIkmFkGag000RWOpA,Nothing Was The Same (Deluxe),Drake,2013-01-01,https://i.scdn.co/image/ab67616d0000b273adfb5909ec66db5fbb4d06c8
6agmeioaDOBupymziJihgB,Thank Me Later (Int'l Version),Drake,2010-01-01,https://i.scdn.co/image/ab67616d0000b27372babba16ea5e3afe690b4f1
1LnuKlNdU3aBWTME1STNG4,BUSSIT,Ari Lennox,2020-04-08,https://i.scdn.co/image/ab67616d0000b2736e514a0e83ef2b47eb31863a
4btGe14gIJmTxbcPAQBtqb,Dua Lipa (Deluxe),Dua Lipa,2017-06-02,https://i.scdn.co/image/ab67616d0000b2735576b115926aa2069bcf0c7f
0XY0qeZ7czMgtb340QJRxK,Radical Optimism (Extended Versions),Dua Lipa,2024-06-28,https://i.scdn.co/image/ab67616d0000b2735f530395ba026f49363c6d11
4fEgAL4ge9hHhxVDCUZbeF,Small Town Boy (Track By Track),Duncan Laurence,2020-11-12,https://i.scdn.co/image/ab67616d0000b27359ce61a220822995a3ccd27f
6pZj4nvx6lV3ulIK3BSjvs,Moana (Original Motion Picture Soundtrack/Deluxe Edition),Lin-Manuel Miranda,2016-11-18,https://i.scdn.co/image/ab67616d0000b273b30f2e44ae6fa43305bd00bf
2WFFcvzM0CgLaSq4MSkyZk,- (Deluxe),Ed Sheeran,2023-05-05,https://i.scdn.co/image/ab67616d0000b273a0aea3805ed6a87aa394c796
3T4tUhGYeRNVUGevb0wThu,÷ (Deluxe),Ed Sheeran,2017-03-03,https://i.scdn.co/image/ab67616d0000b273ba5db46f4b838ef6027e6f96
20exLke5P8o4D1Bj4iRcPf,Les Misérables: The Motion Picture Soundtrack Deluxe (Deluxe Edition),Les Misérables Cast,2013-01-01,https://i.scdn.co/image/ab67616d0000b273170e79548d280867ef12742b
1xn54DMo2qIqBuMqHtUsFd,x (Deluxe Edition),Ed Sheeran,2014-06-21,https://i.scdn.co/image/ab67616d0000b27313b3e37318a0c247b550bccd
347MuMFEcBuN1iuKtAGPn5,The Fault In Our Stars: Music From The Motion Picture,Various Artists,2014-05-19,https://i.scdn.co/image/ab67616d0000b2738a0c5fd1202ecab3179bfdfa
6y6RDTPqAox4sTHfy1piVX,Shape of You (Yxng Bane Remix),Ed Sheeran,2017-08-11,https://i.scdn.co/image/ab67616d0000b273821c7d10ad64f3960576623c
7qVcy8uCMFwQskXX6vg3lo,Home (Slowed),Edith Whiskers,2021-09-13,https://i.scdn.co/image/ab67616d0000b273a99f1d4dff84aa7ce7995a08
1sjKHrK5J9tVQi512c0Vrj,It's Ok (Slowed),Edith Whiskers,2021-05-12,https://i.scdn.co/image/ab67616d0000b273869836dd80e93c654a750faf
46y0YX85YAsHpS8pu6G4Io,Dard (Piano Version),Ehaam,2020-09-15,https://i.scdn.co/image/ab67616d0000b27348df9d01a2746a5a46b637dd
6k1xOgh9kZird5j4VNkPBd,Lights Are On (Instrumental),Edith Whiskers,2021-11-05,https://i.scdn.co/image/ab67616d0000b27349f70a853013632d07743d9f
1LjPCzR9wcidTfU5hQrA4W,Law (Law TV Series),Elissa,2014-01-01,https://i.scdn.co/image/ab67616d0000b273d46af10419af6af296dc32b3
3LfVVimEZr5YefjHZvlDzP,Feline (Deluxe),Ella Eyre,2015-08-14,https://i.scdn.co/image/ab67616d0000b2735fe7ef6f2a7ac1c43d00d13d
6EIxlDI9fMtooJ1H3toRFO,Heathers: The Musical (World Premiere Cast Recording),Various Artists,2014-06-10,https://i.scdn.co/image/ab67616d0000b273d2d0e13579ab33ae8d3d05e4
6YIaqFvhOWma5gbjcB18Nu,"Still Falling For You (From ""Bridget Jones's Baby"" Original Motion Picture Soundtrack)",Ellie Goulding,2016-08-19,https://i.scdn.co/image/ab67616d0000b273dc12b2bd6884bd1de21b6bae
1Dn2s7K0vTc55MtRTBN9sx,The Lion King: Special Edition Original Soundtrack (Swedish Version),Various Artists,2003-01-01,https://i.scdn.co/image/ab67616d0000b2739423685920c67284f08a220b
7rgsIN7k2wLNkBBU88ou3i,"The Place Where Lost Things Go (From ""Mary Poppins Returns"")",Emily Blunt,2018-11-26,https://i.scdn.co/image/ab67616d0000b2737946322637527b7bc49626ad
3teDhRsApsuvhdTeWB49cg,Cradle 2 The Grave,Various Artists,2003-01-01,https://i.scdn.co/image/ab67616d0000b27376241306672f0caa282458f2
0H1ASykMKIX8PYfqxbxBar,Killer (feat. Jack Harlow & Cordae) [Remix],Eminem,2021-05-28,https://i.scdn.co/image/ab67616d0000b2736b62c541105dbc157b9ab7bf
25zSh5FAL8kUh8z7ivwBH6,Venom (Music From The Motion Picture),Eminem,2018-09-21,https://i.scdn.co/image/ab67616d0000b2731b95097dd6e47dfb02b315c8
1kTlYbs28MXw7hwO0NLYif,Encore (Deluxe Version),Eminem,2004-11-12,https://i.scdn.co/image/ab67616d0000b273726d48d93d02e1271774f023
0TNxy50fxWMAZYt8aEAeun,DUELE EL CORAZON (feat. Arcángel & Javada) [Remix],Enrique Iglesias,2016-06-17,https://i.scdn.co/image/ab67616d0000b273e496b2fcd87ca6d5f3c53c9c
3MKvhQoFSrR2PrxXXBHe9B,Music To Be Murdered By - Side B (Deluxe Edition),Eminem,2020-12-18,https://i.scdn.co/image/ab67616d0000b273b84b0516d901f95461bb5165
7mobsmc3f0QRDiuUnVfq6T,Javooni,Various Artists,2019-03-13,https://i.scdn.co/image/ab67616d0000b273098d7c1a62c821adb3957c41
0Tjtg0HRAovRk40NzgIwsv,12:45 (Stripped),Etham,2018-10-26,https://i.scdn.co/image/ab67616d0000b273595205ecbbe6de2982aaad10
1J1yxODbNlqKbwRqJxYJUP,Hadestown (Original Broadway Cast Recording),Original Broadway Cast of Hadestown,2019-07-26,https://i.scdn.co/image/ab67616d0000b273b62a5129d9efa26386143622
4M07HWIlZr7zoXoxDHR5mz,Frozen 2 (Original Motion Picture Soundtrack/Deluxe Edition),Various Artists,2019-11-15,https://i.scdn.co/image/ab67616d0000b2735929af1edd645142df679910
3Lo9qvzzzCzU4iOyvlCQmU,Epic Pop 3,Various Artists,2016-03-17,https://i.scdn.co/image/ab67616d0000b27308e9941f9463e3ef36225edc
6hhMIHEN6xFMs8Ylj5Bvkj,THE S(EX) TAPES [Extended],FLETCHER,2020-09-09,https://i.scdn.co/image/ab67616d0000b273fc7a4716843bf6768776a537
6t5g3iBwXlDWXhSZbDonrJ,From Nothin' To Somethin' (Bonus Track Version),Fabolous,2007-01-01,https://i.scdn.co/image/ab67616d0000b2730257cdc367bb5b3f41eb949f
46tIBaFs0Ov0HJsCDrq1Kl,Street Dreams (Bonus Track),Fabolous,2003-02-01,https://i.scdn.co/image/ab67616d0000b273037fdf3967f20c4191ed0a39
6KyX7ORexJ6oabGpNVEM9P,Bad Dreams (Stripped),Faouzia,2018-09-07,https://i.scdn.co/image/ab67616d0000b273f3300c845ea498cd0e236590
3ney9yvE6G6kVMTtIQ6XoA,Last Resort (Reimagined),Falling In Reverse,2023-06-26,https://i.scdn.co/image/ab67616d0000b2730e767936418b9ed65f2c5ebd
3Gn3t7lUOwRuoFC2sLvIO6,Exothermic (Piano Version),Faouzia,2019-02-07,https://i.scdn.co/image/ab67616d0000b27395c64347ad2ed12b0b306968
43Ira7Q8Jgwg3vz3olYZPN,Fur Elise (Live Performance),Faouzia,2024-03-08,https://i.scdn.co/image/ab67616d0000b273d77bab8d76066a0c980099ae
2pJtoJ3DITJDEOoPwZ1fGA,Havaye To (Remix),Farzad Farrokh,2018-01-09,https://i.scdn.co/image/ab67616d0000b273d08ce6cc1767fc7884e571a3
6ej0r4voYMyFr77RWL9kGZ,Blind (feat. Emmi) [Radio Edit],Feder,2015-11-20,https://i.scdn.co/image/ab67616d0000b273b3e7c22cb885cb6cb36b7049
4ipzTV3BaGRRdpGNDGzdCP,Goodbye (feat. Lyse) [Slow Version],Feder,2020-10-02,https://i.scdn.co/image/ab67616d0000b273038be723bfb274d0b7cdddfd
2UGPPuVJHDKLYd9Z2G7zS4,Goodbye (feat. Lyse) [Radio Edit],Feder,2015-01-02,https://i.scdn.co/image/ab67616d0000b273944f09035ef3ddf623261ad1
24L75CzM3lqg3yAm4oTIVR,7/27 (Deluxe),Fifth Harmony,2016-05-27,https://i.scdn.co/image/ab67616d0000b273f1bb8f747ca5103731afd77e
0zAsh6hObeNmFgFPrUiFcP,Reflection (Deluxe),Fifth Harmony,2015-01-30,https://i.scdn.co/image/ab67616d0000b2735bdd9e580fdda5e676a25e6a
0BwWUstDMUbgq2NYONRqlu,Rumours (Super Deluxe),Fleetwood Mac,1977-02-04,https://i.scdn.co/image/ab67616d0000b273e52a59a28efa4773dd2bfe1b
1rLLyY5p6HXNl2lKzINWp5,Lungs (Deluxe Version),Florence + The Machine,,https://i.scdn.co/image/ab67616d0000b273003f81b1f4246362638e682d
2jn2n5OkuHliOLKCqHnjXV,"How Big, How Blue, How Beautiful (Deluxe)",Florence + The Machine,2015-05-29,https://i.scdn.co/image/ab67616d0000b2737f89eb18e64f268561d81c42
19J2iqK89BCrNG4El2FRi5,Ceremonials (Original Deluxe Version),Florence + The Machine,2011-01-01,https://i.scdn.co/image/ab67616d0000b2736a8c1075f751a78e0b7799c7
1ZfNh6Oab2ZIvUseSIdjtq,Cruella (Original Score),Nicholas Britell,2021-05-21,https://i.scdn.co/image/ab67616d0000b2733bba35a2e17dcd6518cb1b80
1uqahF2HRLrjnU1VE2D0r6,Wish That You Were Here (From “Miss Peregrine’s Home For Peculiar Children” Original Motion Picture Soundtrack),Florence + The Machine,2016-08-26,https://i.scdn.co/image/ab67616d0000b2733eba8088501778fbfa0abcc0
2w667CqWz0JWkhxP7IfijA,Revamp: The Songs Of Elton John & Bernie Taupin,Various Artists,2018-04-06,https://i.scdn.co/image/ab67616d0000b27370c8de84ff4783f90e1ebb04
2g9A59r1lqhUp29wxLY3Nk,Just A Girl (From The Original Series “Yellowjackets”),Florence + The Machine,2023-03-09,https://i.scdn.co/image/ab67616d0000b273cf0b0985f881c5c035e726e2
6JCgdZOAX8K6SgBw3Oanwd,Music From Baz Luhrmann's Film The Great Gatsby,Various Artists,2013-01-01,https://i.scdn.co/image/ab67616d0000b273b89bdebac86601522cd807c2
2x9KxA4G0o6qePmduWIoWh,Morning Elvis (Live At Denver Ball Arena),Florence + The Machine,2022-12-09,https://i.scdn.co/image/ab67616d0000b273daf3b22d2d71bc7e8e717a15
3uoi0WSv99nejC8O0PYoB2,EDM Party,Various Artists,2022-07-13,https://i.scdn.co/image/ab67616d0000b273a0e08be8a3f842c87994ab12
5eHZZDVSgFtZdjXkwW8sdQ,Indie Covers,Various Artists,2019-09-13,https://i.scdn.co/image/ab67616d0000b273e73c1c24c2f0660695ee4d17
5LZOlK8ktgEVoX2DlKsm4S,My Best Dress (Demo),Florence + The Machine,2019-07-03,https://i.scdn.co/image/ab67616d0000b273af4134c751a7c7748540c943
6NOeQJF0ODssJ54oC1Iaiv,Tattoo (Piano Version),Flying Fingers,2023-05-23,https://i.scdn.co/image/ab67616d0000b2733e545862919d0b2d02b69399
7slw7aKrIIGL3OmybjmWbq,Black Balloons Reprise (Instrumental),Flying Lotus,2020-04-27,https://i.scdn.co/image/ab67616d0000b273d1b3552743ae7bece86dda7f
1M3sdhEai2NCrUNPSu9Wvv,Sniper,Saint Virtue,2018-04-20,https://i.scdn.co/image/ab67616d0000b273871e772f255919be501a002c
1OU7zJvUfgxxPHgkTClt1M,Foreigner (Expanded),Foreigner,1977-03-08,https://i.scdn.co/image/ab67616d0000b2730ef24611a73e7be48f6c2802
6lu6DYE0eHHp1gd3QGUYhu,Double Vision (Expanded),Foreigner,,https://i.scdn.co/image/ab67616d0000b2735627aa0842d6287bbb223cbf
0tVXnZUuNYAoVJSM5dzDDb,Put Your Hands Up (Acoustic),Forest Blakk,2019-11-08,https://i.scdn.co/image/ab67616d0000b2737953f51a09d4d009fee3af08
6fpZzsdzd04nqiDPWnF2iw,All I Need (Deluxe Version),Foxes,2016-02-05,https://i.scdn.co/image/ab67616d0000b2730f564f7d21533c31587ee85f
4pOOojcVWBE8iEsS1kbXJM,Monsieur (Mood Edition),Franglish,2020-06-12,https://i.scdn.co/image/ab67616d0000b273f97f6c3d581cb763cdd86e40
4kca7vXd1Wo5GE2DMafvMc,Songs For Swingin' Lovers! (Remastered),Frank Sinatra,,https://i.scdn.co/image/ab67616d0000b273d7720a6a8b713b833313f396
3IdNQBn7De23AVyv2V67wn,My Way (Expanded Edition),Frank Sinatra,,https://i.scdn.co/image/ab67616d0000b27380aa6a82fce614eea8357253
3DdN3GRJj8YS0V0fiyXtbt,September Of My Years (Expanded Edition),Frank Sinatra,,https://i.scdn.co/image/ab67616d0000b27371c86926f93afe990f1b00e3
5Jxf3eOoGvWDGg957iXEkj,A Swingin' Affair! (Remastered / Expanded Edition),Frank Sinatra,,https://i.scdn.co/image/ab67616d0000b273c7f0ec699936033ee1cb2c8d
66v9QmjAj0Wwhh2OpbU4BE,Come Fly With Me (Expanded Edition),Frank Sinatra,,https://i.scdn.co/image/ab67616d0000b273068a5559744d17bd5e871740
1kyb5tomEXcA106V57puFW,Strangers In The Night (Expanded Edition),Frank Sinatra,,https://i.scdn.co/image/ab67616d0000b27350bb7ca1fe7e98df87ce41d9
5FfDjZOCUOH4viaDqB6ZPF,Mr Bad Guy (Special Edition),Freddie Mercury,2019-10-10,https://i.scdn.co/image/ab67616d0000b273eb9b9159e1ecb0614c2fc945
0EGmMYUaNirXETfwP5KrzH,Nm Janitsjar 2012 - 5 Divisjon,Various Artists,2012-04-10,https://i.scdn.co/image/ab67616d0000b273693b0516d466579ea1c8af9b
43oHwavcBFRB6eOusU4dwd,All I Ever Wanted (feat. Dave) [Edit],Fredo,2019-01-31,https://i.scdn.co/image/ab67616d0000b273b4042ecc939039c9f443f70b
334X6XoNKUzpAQbm5FPsMh,Top Boy (A Selection of Music Inspired by the Series),Various Artists,2019-09-13,https://i.scdn.co/image/ab67616d0000b27306d32ec41bd05c2afe4d8ec8
2x6LWti2bjYS6AllSomoV7,Arcane League of Legends: Season 2 (Soundtrack from the Animated Series),Arcane,2024-11-23,https://i.scdn.co/image/ab67616d0000b2734aaf2413384c1efcc38353c6
0HO6tgtGKAZTGGC7nk8dYQ,Mask Off (feat. Kendrick Lamar) [Remix],Future,2017-05-23,https://i.scdn.co/image/ab67616d0000b2730cf32251bdb54d0131f2eade
0fUy6IdLHDpGNwavIlhEsl,DS2 (Deluxe),Future,2015-07-17,https://i.scdn.co/image/ab67616d0000b273b2592bea12d840fd096ef965
16Uyz5I49YfqN7qornPpq1,English Rain (Deluxe Edition),Gabrielle Aplin,2013-05-13,https://i.scdn.co/image/ab67616d0000b273fd75f2ed2a698816ec9dd994
5glcHbwAIUAJyJ2RxlTcUr,Waking up Slow (Piano Version),Gabrielle Aplin,2017-09-01,https://i.scdn.co/image/ab67616d0000b273ae5089c36431bfb40d9c8d0d
1WA44V7P0nv1spaWdsrxD2,Angels & Queens (Deluxe),Gabriels,2023-07-07,https://i.scdn.co/image/ab67616d0000b2731b6cc5b2af4ccdfa9402eddc
1MDXXd7ea47KCYOfHww6En,Urban Flora,Alina Baraz,2015-05-19,https://i.scdn.co/image/ab67616d0000b2731299248e7bc2eda8f3dc277c
1zMVQsor2FNTEMdEhsQ48S,Garbage (20th Anniversary Super Deluxe Edition),Garbage,1995-08-15,https://i.scdn.co/image/ab67616d0000b2732434a49ee6ab7a094f316f5f
4MhYmImJG6tKPgzRHxFfUm,Back On The Streets (Expanded Edition),Gary Moore,,https://i.scdn.co/image/ab67616d0000b27315334b45984cf101d73254fd
0ikr5axLYmyjc5mqJC6Cem,She Sets The City On Fire (Acoustic),Gavin DeGraw,2016-10-28,https://i.scdn.co/image/ab67616d0000b27305e2c27e21fcfcce9abb36ee
2Y7Lrba4cc7WY2HuX3uAeg,New Money (Geko x French Montana x Ay Em),Geko,2019-04-11,https://i.scdn.co/image/ab67616d0000b2735bab1d04bd2969e3ac8b1c16
0M696kjDtdAb8gsU3B9kWh,Habits (Demo),Genevieve Stokes,2022-09-16,https://i.scdn.co/image/ab67616d0000b2735b0abdb28f7253dd4d259499
6mcMKGEgukjyiR5IKElQ2E,Wanted on Voyage (Expanded Edition),George Ezra,2014-06-30,https://i.scdn.co/image/ab67616d0000b273d6df3bccf3ec41ea2f76debc
6emT6Wf0qivQ0Hyx0gruyr,Be More Chill (Original Cast Recording),Joe Iconis,2015-10-30,https://i.scdn.co/image/ab67616d0000b273d8717c8609d269ad457daa2b
7rEE5D5xsKP4yGpwXXF7Bl,"Rapman Presents: Blue Story, Music Inspired By The Original Motion Picture",Rapman,2019-11-15,https://i.scdn.co/image/ab67616d0000b273a3858ef6eea51627dfd3a4dc
4he7R24eqd1EbF9kegiAK8,R&B: From Doo-Wop To Hip-Hop,Various Artists,1999-10-08,https://i.scdn.co/image/ab67616d0000b273980caf4dd525a15f08f8cb87
1zHR48K6XtWYm6bhrw4J6C,TAKE TIME,GIVĒON,2020-03-27,https://i.scdn.co/image/ab67616d0000b2733317fc12f8b9a9a0b8459766
7nGyUIXooyVwUoAd565MN2,Heartbreak Anniversary,GIVĒON,2020-02-21,https://i.scdn.co/image/ab67616d0000b273b0d2119e477ebbb543f19ed7
64LkgCfNbLqjclQYCTid8L,Give Or Take,GIVĒON,2022-06-24,https://i.scdn.co/image/ab67616d0000b2732739e569d6b6d0e0abc8cd9b
1otOJAtgvO5VCBL4Gykrrd,When It's All Said And Done... Take Time,GIVĒON,2021-03-12,https://i.scdn.co/image/ab67616d0000b27395b3744a4e137e68051cf809
3zeONbdGC0gbV36JoxmHIC,Dance Mix 1,Various Artists,2008-12-17,https://i.scdn.co/image/ab67616d0000b273e49e4d9b08494b78a8595367
78YYcghEDz2dHRx0EcDGXZ,Good Riddance (Deluxe),Gracie Abrams,2023-06-16,https://i.scdn.co/image/ab67616d0000b2730500294bb235c45c0a964d69
0oYAtqsEaHuICtq1vwe8QZ,The Buccaneers: Season 1 (Apple TV+ Original Series Soundtrack),Gracie Abrams,2023-11-08,https://i.scdn.co/image/ab67616d0000b2734a46268112218d562609af92
7kpidB12UsPPt9zUM7lBpt,Plan B (Deluxe),Grand Corps Malade,2018-02-16,https://i.scdn.co/image/ab67616d0000b273e1b160f97f2da380d9bad029
5lQ3Ub1Uez0Qelrk5GTup0,City of Angels (Original Broadway Cast Recording),Original Broadway Cast of City of Angels,1990-03-13,https://i.scdn.co/image/ab67616d0000b273bf9f9dd7dc4361b8563a9b82
62dvhzEC1RtHI7tIpE4EmL,In A Time Lapse (Deluxe Edition),Ludovico Einaudi,2013-01-01,https://i.scdn.co/image/ab67616d0000b273b3bda04d2e34cc88118b1948
5xtAAHr59ozJ2PQ67utEmi,Drip Season 3 (Deluxe),Gunna,2018-02-02,https://i.scdn.co/image/ab67616d0000b2736294b16315a3372c3464a006
04g654gY6TmfogGWQLxR4a,Love. Angel. Music. Baby.,Gwen Stefani,2004-11-12,https://i.scdn.co/image/ab67616d0000b27334eef2e2aeb7f1c206295913
0BaIaHcyBXuOWeM4Aas4EW,Barbie The Album,Various Artists,2023-07-21,https://i.scdn.co/image/ab67616d0000b273d16ac0ec27653182d719ab36
5kRla1xPI51kTotmC4nW6j,I Adore You (ARTBAT Remix),HUGEL,2024-12-27,https://i.scdn.co/image/ab67616d0000b27385b76b74f98039fa7ea7022b
1J1yxODbNlqKbwRqJxYJUP,Hadestown (Original Broadway Cast Recording),Original Broadway Cast of Hadestown,2019-07-26,https://i.scdn.co/image/ab67616d0000b273b62a5129d9efa26386143622
2ZeHAc9olOJ70wqPjHXhZE,Pitch Perfect 2 - Special Edition (Original Motion Picture Soundtrack),Various Artists,2015-05-12,https://i.scdn.co/image/ab67616d0000b2733ac4621f6c7ab9914bcbfaa0
5OZJflQcQCdZLQjtUudCin,BADLANDS (Deluxe),Halsey,2015-08-28,https://i.scdn.co/image/ab67616d0000b27374fefed78db6d6cf4d963fdc
5ZvnIKEq0HAwDHNR8f2yIx,hopeless fountain kingdom (Deluxe Plus),Halsey,2017-06-02,https://i.scdn.co/image/ab67616d0000b27307fdb7827a09741192c6242e
3WCLzYOlSmLD2cy1RXdwUd,Sing 2 (Original Motion Picture Soundtrack),Various Artists,2021-12-17,https://i.scdn.co/image/ab67616d0000b2735551adb75cf7c4737f93ed1d
3wITH77YIxYdtVv1W4W1SI,Birds of Prey: The Album,Various Artists,2020-02-07,https://i.scdn.co/image/ab67616d0000b273b3bf69edf9add28fa892243f
5VML6S956h4YfoYPooqLEi,Fifty Shades Darker (Original Motion Picture Soundtrack),Various Artists,2017-02-10,https://i.scdn.co/image/ab67616d0000b2735997605214d568d73fd365c2
1fc8tPf36cZhNYpNFrWh7o,Hannah Montana The Movie,Various Artists,2009-01-01,https://i.scdn.co/image/ab67616d0000b2730e8ba185f3e9f15630a7b5fb
2qvA7HmSg1iM6XMiFF76dp,Inception (Music from the Motion Picture),Hans Zimmer,2010-07-09,https://i.scdn.co/image/ab67616d0000b273a883e26f90ab617c91b90e56
4KkII36tTfopBWuElxzaQt,The Frozen Planet (From Frozen Planet II),Hans Zimmer,2022-09-11,https://i.scdn.co/image/ab67616d0000b2732127486e4bf36aca7eed05e7
3YA5DdB3wSz4pdfEXoMyRd,The Lion King,Various Artists,1994-01-01,https://i.scdn.co/image/ab67616d0000b273660aadbda2da6b1c2dd3d1a5
3u1k0CIc2zQdXxlhrBbPCV,Chillhop Essentials Winter 2018,Various Artists,2018-12-12,https://i.scdn.co/image/cd71afef978e61e739d9efbdb5ba7fc0c5ab293f
6kyJx4M098AY5sau2WQuJb,La Belle Époque,Audiomachine,2018-05-11,https://i.scdn.co/image/ab67616d0000b273ee0e088949bc9134492bae7a
0jSbNqikHLnmP5vqZMvzw6,The Soul of Bellydance,Various Artists,2011-04-19,https://i.scdn.co/image/ab67616d0000b273f2b7fa1be206707036c496d2
0HExOi4eGlOnV36kY0aqJq,Shik Shak Shok (Remastered),Hassan Abou Seoud,2020-08-13,https://i.scdn.co/image/ab67616d0000b273b253d2e4bcd98f8078a5a3dd
2EWhs88DmxypBdArP5DDSp,"Headache & Migraine Natural Relief: Calming Sounds of Nature, Piano Music for Reduce Tension, Tinnitus Relief, Sounds Hypnosis and Relaxing Therapy",Various Artists,2017-10-09,https://i.scdn.co/image/ab67616d0000b27380c25b8262beaece0d835fe2
334X6XoNKUzpAQbm5FPsMh,Top Boy (A Selection of Music Inspired by the Series),Various Artists,2019-09-13,https://i.scdn.co/image/ab67616d0000b27306d32ec41bd05c2afe4d8ec8
4BeGfMpQnugUZTo6oGOQkU,The Tour of Duty - EP,Various Artists,2011-03-08,https://i.scdn.co/image/ab67616d0000b273be226740055d92d558bc314a
04Xde0FJSo4LVQ1GE36t49,High School Musical 2 (Original Soundtrack),High School Musical Cast,2007-01-01,https://i.scdn.co/image/ab67616d0000b273342a94d40e41ecd14874be4c
1gquVtfIDwZKamEZtJL8qe,High School Musical Original Soundtrack,Various Artists,2006-01-01,https://i.scdn.co/image/ab67616d0000b273bb00d0513a2a9ffd19eff93b
56jbA35AwPYRD8bY0po6VH,Youm Wara Youm (Remix 2022),Hijazi,2022-07-18,https://i.scdn.co/image/ab67616d0000b273413f1859788f38d444653b8b
4hS57FdBitt7TqkLuHlc1T,Oriental Raï Party,Various Artists,2013-10-14,https://i.scdn.co/image/ab67616d0000b27315a7e8ee745cef66a9c9d627
6QHwqWMcRmzRhCeQeMSO5D,Overdose 2,Various Artists,2018-03-09,https://i.scdn.co/image/ab67616d0000b273dde38194c8581c9b9f41086c
3WiDh9qthUHAXK6RNM2Ctb,Frequency,Various Artists,2019-08-18,https://i.scdn.co/image/ab67616d0000b2733cb566bd76baaefe4b3f0b7a
1CMTNoQMuJhpl13fbmT9AC,Gorg,Amir Tataloo,2011-01-01,https://i.scdn.co/image/ab67616d0000b2738b1f98a5fc18419f776925a5
6a2bN7yM2AvgReuhGYtmEd,Overdose,Various Artists,2014-09-29,https://i.scdn.co/image/ab67616d0000b27386f33e38667e98cc9ab33be7
4rK5CV0LgqtlD2oPwHKxar,,Various Artists,,
2zE1YKY7Okj10Tjl09jjth,The Reason (15th Anniversary Deluxe),Hoobastank,2003-12-09,https://i.scdn.co/image/ab67616d0000b27376cc6eedca8eb381afcd1e46
3exYaNDjha1sFreVSqlWGW,Étoile flippante (Version deluxe),Hoshi,2022-02-11,https://i.scdn.co/image/ab67616d0000b27364ecddf58700adb1ac6c99d2
1lp1w4gPRZEj6thS20BBOE,Mellow Grooves 005,Various Artists,2021-02-12,https://i.scdn.co/image/ab67616d0000b27307dc6648ad3ab7a613a31b3a
7LmeRZOi905AochW9J9FAA,God of War Ragnarök (Original Soundtrack),Bear McCreary,2022-11-09,https://i.scdn.co/image/ab67616d0000b2736c4f3ce9e20910138b533079
7z50fkoKTjnNyChNiJQx6q,"Spotify Sessions (Live From Spotify, London)",Hozier,2014-07-28,https://i.scdn.co/image/ab67616d0000b273e7dc6b927ee892837e73fd0e
7ayBZIe1FHkNv0T5xFCX6F,The Greatest Showman (Original Motion Picture Soundtrack),Various Artists,2017-12-08,https://i.scdn.co/image/ab67616d0000b273128057b40732c042c86de1dd
09w7mJRYa15Uk7rtM26QfZ,The Greatest Show,Various Artists,2017-10-27,https://i.scdn.co/image/ab67616d0000b273a1a7f0b95a16de24a870ea5e
1tEgP2rstZJ07qPsZdWpvd,Lets Talk About Sex,Various Artists,2016-04-25,https://i.scdn.co/image/ab67616d0000b273e10aaa0abbab2203476f1336
3WUe1HRgE7qoUQ3oejofGf,The New Classic (Deluxe Version),Iggy Azalea,2014-01-01,https://i.scdn.co/image/ab67616d0000b273a67377dbc9afa69daf2a7ad8
4M07HWIlZr7zoXoxDHR5mz,Frozen 2 (Original Motion Picture Soundtrack/Deluxe Edition),Various Artists,2019-11-15,https://i.scdn.co/image/ab67616d0000b2735929af1edd645142df679910
7lZs5r4oQV2nutddffLrg0,Frozen (Original Motion Picture Soundtrack / Deluxe Edition),Various Artists,2013-01-01,https://i.scdn.co/image/ab67616d0000b273a985e1e7c6b095da213eaa7c
3JfSxDfmwS5OeHPwLSkrfr,Origins (Deluxe),Imagine Dragons,2018-11-09,https://i.scdn.co/image/ab67616d0000b273da6f73a25f4c79d0e6b4a8bd
0sQ2hDPOvRDi71FSWB73JD,Dream Girl (Global Remix),Ir Sais,2020-10-09,https://i.scdn.co/image/ab67616d0000b273b706e1c4eeee10f914eb9420
7u4f7MPwOVKtk0lN8pXUZZ,Every Song for You (Live in Studio Brun),Isak Danielson,2019-05-31,https://i.scdn.co/image/ab67616d0000b273f266ed40fbfd94b6b84c3ba0
0XmKdoMNtmqDp5oYJrXhMm,Say That Everything Will Be Alright (Music from ''Thin Blue Line''),Isak Danielson,2022-09-23,https://i.scdn.co/image/ab67616d0000b2733f6ce36f03f8be50342e7e48
7d99aX9376MYQSgofzr7jQ,Hundida - Broken (Spanish Version),Isak Danielson,2018-11-30,https://i.scdn.co/image/ab67616d0000b273ed586a8ed2931c45d64f6010
4QNu8Ii1S6vsfUO4XmHNFb,Silence (Acoustic),Isak Danielson,2019-10-25,https://i.scdn.co/image/ab67616d0000b27382f9d7b7e5d7d48f5051c01c
2qzaSxhTdMnBaMLFw4Zl0f,King of a Tragedy (Deluxe version),Isak Danielson,2022-06-10,https://i.scdn.co/image/ab67616d0000b273fd524d44157ac601fdf694d0
0mToRFAGZMuEgx7Tg0M5Dh,BrOTHERHOOD (Original Soundtrack),Various Artists,2016-09-08,https://i.scdn.co/image/ab67616d0000b273f1f0d292de2adaf7e192ac53
2uL4yvjeT0c3Wv8CF9lQcN,Album of the Year (Freestyle),J. Cole,2018-08-07,https://i.scdn.co/image/ab67616d0000b273baefbd5492e514b2b30e0d9a
5AgsHUKFxr5DApRCmulIqJ,The Hamilton Mixtape,Lin-Manuel Miranda,2016-12-02,https://i.scdn.co/image/ab67616d0000b2731025ac991316d6cbac978373
5FP9keIJnlSCKnkdVOf623,Born Sinner (Deluxe Version),J. Cole,2013-06-18,https://i.scdn.co/image/ab67616d0000b273c1bb124f993488cf21b269fc
5qENHeCSlwWpEzb25peRmQ,Curtain Call: The Hits (Deluxe Edition),Eminem,2005-12-06,https://i.scdn.co/image/ab67616d0000b273eab40fc794b88b9d1e012578
4rJDCELWL0fjdmN9Gn4f4g,The Forever Story (Extended Version),JID,2022-10-31,https://i.scdn.co/image/ab67616d0000b273cae6e44dcc84e2035c3ad092
4K9bYGj2scz6i0rgBbO9ZS,Worry (Remixes),Jack Garratt,2016-03-25,https://i.scdn.co/image/ab67616d0000b273f878f8d877efe0510049d464
36jrqYRpGVpJqztuqCii22,"WHATS POPPIN (feat. DaBaby, Tory Lanez & Lil Wayne) [Remix]",Jack Harlow,2020-06-24,https://i.scdn.co/image/ab67616d0000b273b5f0a8d46cef9647548c64dc
2koUTJvJTFzOs8mresqtle,Days Gone (Original Soundtrack),Nathan Whitehead,2019-04-19,https://i.scdn.co/image/ab67616d0000b2735ba5108caf38e768a4e04e5d
03AdJ15pTDdmxry6qkKwlO,4275 (Bonus Version),Jacquees,2018-09-07,https://i.scdn.co/image/ab67616d0000b273276ce856b01e1590c0991850
6cKBoHXh7dKn2gVsGniZ58,ERYS (Deluxe),Jaden,2019-07-05,https://i.scdn.co/image/ab67616d0000b27360ec4df52c2d724bc53ffec5
4pzds0SNX5jca4o8CwGjkz,Lord of the Mics VIII,Various Artists,2019-08-09,https://i.scdn.co/image/ab67616d0000b273be6132aac0596aaba4603e76
2aOYprwJcCTSVk3ARMlOMO,Naked (Acoustic Version),James Arthur,2017-12-15,https://i.scdn.co/image/ab67616d0000b273550aeb4b40ba8d2caa98e3dc
3yMhNXvtRBdXiG4tfKqge0,Safe Inside (Acoustic),James Arthur,2020-05-18,https://i.scdn.co/image/ab67616d0000b2735f163cadd3a0ce71433ff3bc
6SHWGGZJPmwfOLInPMEUFW,Annie (Original Motion Picture Soundtrack),Various Artists,2014-11-17,https://i.scdn.co/image/ab67616d0000b27358640378b83dfbe8c956ee2e
6r3jhI1kXM7NkEDowpkxOU,Heathers the Musical (Original West End Cast Recording),Laurence O'Keefe,2019-03-01,https://i.scdn.co/image/ab67616d0000b273fc13160fc9e797cb7612b5a2
1kCHru7uhxBUdzkm4gzRQc,Hamilton (Original Broadway Cast Recording),Lin-Manuel Miranda,2015-09-25,https://i.scdn.co/image/ab67616d0000b273d72fb5571087bca0a2fed008
0DEsmIQ5ir7tz52Nkf4i1K,Jason Derulo (International),Jason Derulo,2010-02-26,https://i.scdn.co/image/ab67616d0000b273293e8055dd8814fcdf4742f7
64SChsjQBiEe3aVTFYnW1b,Love Is a Four Letter Word (Deluxe Edition),Jason Mraz,2012-04-13,https://i.scdn.co/image/ab67616d0000b27346e379c721504777a62bd9b8
3YA5DdB3wSz4pdfEXoMyRd,The Lion King,Various Artists,1994-01-01,https://i.scdn.co/image/ab67616d0000b273660aadbda2da6b1c2dd3d1a5
45XbLsIQro3h2Es6SDggBF,Cinderella Snapped (Sped Up Version),Jax,2023-03-02,https://i.scdn.co/image/ab67616d0000b273ff073eb1f757d8a04d895715
0ZJt4dCoI19u71k37E1nQu,A Written Testimony,J A Y E L E C T R O N I C A,2020-03-13,https://i.scdn.co/image/ab67616d0000b273dc25254953d3e29508b27363
3pLdWdkj83EYfDN6H2N8MR,Black Panther The Album Music From And Inspired By,Kendrick Lamar,2018-02-09,https://i.scdn.co/image/ab67616d0000b273c027ad28821777b00dcaa888
1fW6W8nVQfANOx8flAiPUP,Billboard (Acoustic),Jaylon Ashaun,2022-04-28,https://i.scdn.co/image/ab67616d0000b273ac7de95fd34581457544d9f3
3GMazm10tVy9tkrH2U2wvu,Pretty Girls (Acoustic),Jaylon Ashaun,2023-01-18,https://i.scdn.co/image/ab67616d0000b2734f5d87573c5bc390df6066b8
4GvDHEW1goHkqJbLJHzUUf,TM:103 Hustlerz Ambition (Deluxe),Jeezy,2011-01-01,https://i.scdn.co/image/ab67616d0000b27343c17e4cf83437c7892db001
66B4mCNOfFb3fDCevpzRDB,Strawberries and Wine (Acoustic),Jaylon Ashaun,2020-02-13,https://i.scdn.co/image/ab67616d0000b2734d62251047f4c665e891df2d
6SisHkIpxo4JN5kRcBEv9Z,Come From Away (Original Broadway Cast Recording),‘Come From Away’ Original Broadway Cast,2017-03-10,https://i.scdn.co/image/ab67616d0000b27381d6b22bcf4d55fea85a2b59
16rRmI5wxWWO5dnRWUKCPA,MIH-TY,MihTy,2018-10-26,https://i.scdn.co/image/ab67616d0000b2732b268f810de2de5a9c6ed6cc
7GCY1J01hcEpdgeY0vtSsN,Always in Between (Deluxe),Jess Glynne,2018-10-12,https://i.scdn.co/image/ab67616d0000b273a87cab21419f86b78c338e97
5IQviZiPOcXLBAd9eGo2sA,"Surface Pressure (From ""Encanto"")",Lin-Manuel Miranda,2022-01-27,https://i.scdn.co/image/ab67616d0000b27312527889d76240e874a40093
6EIxlDI9fMtooJ1H3toRFO,Heathers: The Musical (World Premiere Cast Recording),Various Artists,2014-06-10,https://i.scdn.co/image/ab67616d0000b273d2d0e13579ab33ae8d3d05e4
0BZbTNqpXFg6lxNv78X7Lp,Who You Are (Platinum Edition),Jessie J,2011-01-01,https://i.scdn.co/image/ab67616d0000b2737805aebd5a39023d553ada3a
0TxFwlZJVv6jZnKkUiwGwj,Centaurworld: S1 (Music from the Netflix Original Series),The Centaurworld Cast,2021-07-30,https://i.scdn.co/image/ab67616d0000b2733b31da83e03ad926666b6633
1E1tdqqLmyi03P0TJhGuw8,Waitress (Original Broadway Cast Recording),Various Artists,2016-06-03,https://i.scdn.co/image/ab67616d0000b27338e8cc49f1303647204dec7e
0gmRRrFSd6GrjOCJchnCtE,The Hamilton Mixtape,Lin-Manuel Miranda,2016-12-02,https://i.scdn.co/image/ab67616d0000b273540fd3369c574e2ce651cbcd
6dzrflcR1bei9MJRuxWto0,Cataleya (Spirello Remix),Jireel,2017-05-12,https://i.scdn.co/image/ab67616d0000b2734ac4dc1d0979e17534c8993e
03B7yRw8C4i7Vuxxjy8RJw,Mad Love. (Deluxe),JoJo,2016-10-14,https://i.scdn.co/image/ab67616d0000b2736f22f9db8574f06adc23ec4e
2MnwQkHKyM1LhR31ej2USs,RnB So Classics,Various Artists,1997-06-11,https://i.scdn.co/image/ab67616d0000b273c50cf1a461567f1fd6f817ba
2U7Vdbcizw7WqeMAnNbX8P,The High Road (2018),JoJo,2018-12-20,https://i.scdn.co/image/ab67616d0000b2730bae167515dbfff97a1f8ecc
4aAwvCRNJIqiUGVEjieWv6,The Little Mermaid Special Edition,Alan Menken,2006-01-01,https://i.scdn.co/image/ab67616d0000b27396029fe9e2624ccf9ff08ba8
6SisHkIpxo4JN5kRcBEv9Z,Come From Away (Original Broadway Cast Recording),‘Come From Away’ Original Broadway Cast,2017-03-10,https://i.scdn.co/image/ab67616d0000b27381d6b22bcf4d55fea85a2b59
68eCLrmTo4kplm2mMASwW2,Brahms: Waltzes / Cadenzas / Die Schöne Magelone,Johannes Brahms,1995-12-31,https://i.scdn.co/image/ab67616d0000b2738965fca922f8a91e87fab640
5OyvksBR6x3qUDKPKxA5sk,All Too Well (Jake's Version),John Elliott,2021-11-22,https://i.scdn.co/image/ab67616d0000b273bb8ee72abf8d1a3be82e5ab2
5AgsHUKFxr5DApRCmulIqJ,The Hamilton Mixtape,Lin-Manuel Miranda,2016-12-02,https://i.scdn.co/image/ab67616d0000b2731025ac991316d6cbac978373
5n47Dui0H3pGpZSOxITmoq,Grease (The Original Motion Picture Soundtrack),Various Artists,1978-04-04,https://i.scdn.co/image/ab67616d0000b273b68df485f3304211904548a8
6EIxlDI9fMtooJ1H3toRFO,Heathers: The Musical (World Premiere Cast Recording),Various Artists,2014-06-10,https://i.scdn.co/image/ab67616d0000b273d2d0e13579ab33ae8d3d05e4
1kCHru7uhxBUdzkm4gzRQc,Hamilton (Original Broadway Cast Recording),Lin-Manuel Miranda,2015-09-25,https://i.scdn.co/image/ab67616d0000b273d72fb5571087bca0a2fed008
3kL8E8BhaivWmyOjnms0gl,Frozen 2 (Originele Nederlandstalige Soundtrack/Deluxe Edition),Various Artists,2019-11-15,https://i.scdn.co/image/ab67616d0000b2738da1f098847431749d7034c0
3pLdWdkj83EYfDN6H2N8MR,Black Panther The Album Music From And Inspired By,Kendrick Lamar,2018-02-09,https://i.scdn.co/image/ab67616d0000b273c027ad28821777b00dcaa888
5yauUuXppqUj2ulor38hvI,The Book Of Mormon (Original Broadway Cast Recording),Trey Parker,2011-05-17,https://i.scdn.co/image/ab67616d0000b273d9cd8917de31257e2ac920a9
7GWow8Uxx2X9Moop7GD3KR,Don't Let Me Down (Demo),Joy Crookes,2018-11-29,https://i.scdn.co/image/ab67616d0000b27308fa7eea3466782a534990d2
7Mz7zqY2K51W7tyKl2G7rv,Since I Left You (Demo),Joy Crookes,2019-03-22,https://i.scdn.co/image/ab67616d0000b2730de09b1bf8f239931ea0e222
6Ys13vgiUDDJ7Rw8g9h0Yw,Yah / Element (Medley),Joy Crookes,2019-09-13,https://i.scdn.co/image/ab67616d0000b273204fc6351729b917b5ddc82f
5YF2AUIWq3NcRg3vLefRLs,Mother May I Sleep With Danger? (A COLORS SHOW),Joy Crookes,2019-09-06,https://i.scdn.co/image/ab67616d0000b27338ffc9ec047200fd6f485910
376qFRUbcROL5XR8jdFzg4,in defense of my own happiness (the beginnings),Joy Oladokun,2020-07-17,https://i.scdn.co/image/ab67616d0000b273783762db2e4c746e24408651
6uCMCobTioiSEnMgUle7uj,Songs and Story: Pocahontas,Various Artists,2012-08-07,https://i.scdn.co/image/ab67616d0000b273572a80545c0b383ddecfd464
4w0N1CaZwQ5RPIuawqlYyy,Fifty Shades Freed (Original Motion Picture Soundtrack),Various Artists,2018-02-09,https://i.scdn.co/image/ab67616d0000b2736cd9798b6ace10ff98d1abdd
6Fr2rQkZ383FcMqFyT7yPr,Purpose (Deluxe),Justin Bieber,2015-11-13,https://i.scdn.co/image/ab67616d0000b273f46b9d202509a8f7384b90de
63MKT9hwmiMFFdFp5SdB1p,Under The Mistletoe (Deluxe Edition),Justin Bieber,2011-01-01,https://i.scdn.co/image/ab67616d0000b273af0aff7f601df9ed6d2d531d
28GWVLkctSuSWQ1EUIxZ8m,Mirrors (Radio Edit),Justin Timberlake,2013-02-11,https://i.scdn.co/image/ab67616d0000b273187d11964b2d17c5227bbcef
65ayND23IInUPHJKsaAqe7,TROLLS (Original Motion Picture Soundtrack),Trolls,2016-09-23,https://i.scdn.co/image/ab67616d0000b273d965d29d7dcf46ade5a8a7e4
28Orm6S3LezppbfYdgA3aI,TROLLS World Tour (Original Motion Picture Soundtrack),TROLLS World Tour,2020-03-13,https://i.scdn.co/image/ab67616d0000b273efa58e65fc9003282883ac51
3GkyRKyYzpB4v0fjFBkUdr,High Enough (RAC Remix),K.Flay,2017-08-04,https://i.scdn.co/image/ab67616d0000b273402ea363d05cf3af7db2ef45
5jK7ZZGXUBfttfclUNUmnS,Creatures Of The Night (40th Anniversary / Super Deluxe),KISS,,https://i.scdn.co/image/ab67616d0000b273e55a99210860aea79318677d
2QyR1r0XwtvljXEZs9I3ge,Main Hoon Na,Anu Malik,2004-02-27,https://i.scdn.co/image/ab67616d0000b273e7fa423de639247fed12be4a
7MKfE4IRGdrH5bMkqaZ2Tp,Be Like That (feat. Swae Lee & Khalid),Kane Brown,2020-07-10,https://i.scdn.co/image/ab67616d0000b273b670be86ddfa9d49caa56971
7MejfRSNnrpcLZIxkeZDqR,Leftoverture (Expanded Edition),Kansas,,https://i.scdn.co/image/ab67616d0000b2731be40e44db112e123e5e8b51
0bcOGgwJpwBjfFBTApoqSn,Kanye West Presents Good Music Cruel Summer,Various Artists,2012-01-01,https://i.scdn.co/image/ab67616d0000b2733a2d2b9621ef645380c63c16
0Fpe40q4duP2847fSLr43F,Nah Nah Nah (feat. DaBaby & 2 Chainz) [Remix],Kanye West,2020-11-13,https://i.scdn.co/image/ab67616d0000b2734c9f0f8f1fcab0471a4c66c0
0LbuntgBDRW7SG5HaFQfKB,Amélie (Original London Cast Recording),Various Artists,2020-06-05,https://i.scdn.co/image/ab67616d0000b2732ee816b63f6f2c88ec91a29e
6m7n9JuAOMcy8X3ntO0Ktf,Mean Girls (Original Broadway Cast Recording),Various Artists,2018-05-18,https://i.scdn.co/image/ab67616d0000b273bd180d5a0f9d0a4d205c89b4
5rOHrnrRomvSJhQLGVtfJ8,Suicide Squad: The Album,Various Artists,2016-08-05,https://i.scdn.co/image/ab67616d0000b273cb4ec52c48a6b071ed2ab6bc
4B4in9QlrlYWSHlYSRebdC,SweetSexySavage (Deluxe),Kehlani,2017-01-27,https://i.scdn.co/image/ab67616d0000b27343515daa8b28e0978efe9543
4E2qErSKAkvn3yJc4LBXAH,Divas,Sticky,2010-08-30,https://i.scdn.co/image/ab67616d0000b2739560ac1a9cca8f0bbd5fd20b
4GJ242OHkZijR8CSkvc4K9,MTV Base Garage Anthems,Various Artists,2017-08-11,https://i.scdn.co/image/ab67616d0000b2732bc910b1d6c3a086c916f403
7ItZhfTaQQYFEQmygZTtHV,"Santa, Can’t You Hear Me (Live)",Kelly Clarkson,2022-12-02,https://i.scdn.co/image/ab67616d0000b273768a1623172cda80987ed370
7Go7DClK2p9NIbdzRCYr1j,Count On Me (Acoustic),Kevin Simm,2018-05-28,https://i.scdn.co/image/ab67616d0000b273464b0180c700d16bd9059df2
3XqhAngtsMWkr4ffCDy8Vd,ديانا 2006,Diana Haddad,2006-03-12,https://i.scdn.co/image/ab67616d0000b273bf7dfd793cacba988fddde9e
3btwOPeJPBNgwrKoZpkcoy,Et maintenant on va où ? (Original Motion Picture Soundtrack),Khaled Mouzanar,2011-09-12,https://i.scdn.co/image/ab67616d0000b273626d7856b8219f78d6eafd6b
6Ov912Oi57dJUpfYNL3P4b,Location (feat. Lil Wayne & Kehlani) [Remix],Khalid,2017-03-17,https://i.scdn.co/image/ab67616d0000b27323aff77f2fd9e75718545c57
4CEAev7neETRdqBFtzA8B9,Love Lies,Khalid,2018-02-14,https://i.scdn.co/image/ab67616d0000b2730b28544dd1fbe4c6e13d0a73
6oPPKtAwNNlkW4wwHfQDfM,Man On The Moon: The End Of Day (Int'l Version),Kid Cudi,2009-01-01,https://i.scdn.co/image/ab67616d0000b273713f297a7bdc1d48971062b2
3bfmiUsXdErmCz71FjZqnW,This Way (From SUPERFLY - Original Soundtrack),Khalid,2018-06-06,https://i.scdn.co/image/ab67616d0000b273b731aae501d2355ee128da9a
6iJEtgHTEbVlSS5isIS71z,As Daylight Dies (Special Edition),Killswitch Engage,2007-02-06,https://i.scdn.co/image/ab67616d0000b273cc5bb1a3f809896baf67dba4
1E1tdqqLmyi03P0TJhGuw8,Waitress (Original Broadway Cast Recording),Various Artists,2016-06-03,https://i.scdn.co/image/ab67616d0000b27338e8cc49f1303647204dec7e
2wMz3oVNS1bMXaEWY6QWmA,Crazy Rich Asians (Original Motion Picture Soundtrack),Various Artists,2018-08-10,https://i.scdn.co/image/ab67616d0000b273bb3df70b7531c9a5fb5d9974
5ve0VEf8kwct5jeg1IqSFM,Wurld (Instrumental),Kirby Forest,2018-11-23,https://i.scdn.co/image/ab67616d0000b273765dbca0c7ff370a19961dfa
0mN9E0N4bRBD7GKktlaRI0,Gladiator - Music From The Motion Picture,The Lyndhurst Orchestra,2000-04-25,https://i.scdn.co/image/ab67616d0000b273f3a2d7f692fcad25284c5f1e
1ttGpGzOEi6JDDOHO4qD1y,In A Perfect World (Expanded Edition),Kodaline,2013-06-17,https://i.scdn.co/image/ab67616d0000b2733e42854096da9a3b1ca901c9
4CGh0wfCdEh3xZVHx8uJK5,W (feat. Gunna),Original Koffee,2019-11-26,https://i.scdn.co/image/ab67616d0000b27381459ae332fe629e46a4f182
0tJs3Wig9YBdDG8jGKeLq6,Lockdown,Original Koffee,2020-07-17,https://i.scdn.co/image/ab67616d0000b273cdbcabc170ce557ae4919753
4Ch605EjDQIZowlcaArlLP,Gifted,Original Koffee,2022-03-25,https://i.scdn.co/image/ab67616d0000b273de019bcfdb802e652ea310bb
0v1VLjgwVun46wA13DWUJI,Rapture EP,Original Koffee,2019-03-14,https://i.scdn.co/image/ab67616d0000b273dca1f17bc5ae38d946571386
7x06Vxyp1DMHk4QhN9dv7C,Mariah (Remix),Koomz,2018-05-25,https://i.scdn.co/image/ab67616d0000b273aa03646a9206f3951068a054
0XdITah62OgIpwzHUPSQdS,Hayahoo (Acoustic),Koorosh,2020-10-10,https://i.scdn.co/image/ab67616d0000b273bdf40db3744e93e5a66e32e1
5zdSoEL5yn9hXs7bJQdnqe,Bridgerton (Covers from the Netflix Original Series),Vitamin String Quartet,2020-12-25,https://i.scdn.co/image/ab67616d0000b273a40f30c4800e43a7df2aa1a7
1jhHQPn3EjtdCuKgVTg6Bb,Bridgerton Season Two (Soundtrack from the Netflix Series),Kris Bowers,2022-03-25,https://i.scdn.co/image/ab67616d0000b2738a1d7ec53e040a0aa876b488
6qykGE5x584duyLVYcnojE,Disney Summer Songs,Disney,2021-05-28,https://i.scdn.co/image/ab67616d0000b2737b1489e71cadf8a1c0382d7d
7lZs5r4oQV2nutddffLrg0,Frozen (Original Motion Picture Soundtrack / Deluxe Edition),Various Artists,2013-01-01,https://i.scdn.co/image/ab67616d0000b273a985e1e7c6b095da213eaa7c
5FJwogR1gzKOzep43UO0LR,The Mad Ones (Studio Cast Recording),Kait Kerrigan,2020-01-31,https://i.scdn.co/image/ab67616d0000b27390dc7480227f3423bc9ddf25
1AzygWqaEO4UtdOEwOZ4BE,Torn (feat. Austin Percario & Victoria Canal) [Natalie Imbruglia Cover],Kurt Hugo Schneider,2018-07-18,https://i.scdn.co/image/ab67616d0000b2735232ada19c67596259dc6833
2vXERVitZkqH0B3YIjlhtJ,HAUSAPIANO (Remix),Kvng Vinci,2024-11-01,https://i.scdn.co/image/ab67616d0000b2732e666a1b00d7ee77ea75a2af
0i8D6axM9VFpS6A6Pu4M7Z,Not Ok (Frank Walker Remix),Kygo,2019-07-05,https://i.scdn.co/image/ab67616d0000b2733d1f39c806b7586db7578e54
4YDvsE6KrooMkCUwID2YuT,"New Moons, Vol. 1",Various Artists,2014-01-01,https://i.scdn.co/image/ab67616d0000b273fe45b7a144285dde17b51dc0
6x4UQQ7TVOja89iXV047Zo,All For Us (from the HBO Original Series Euphoria),Labrinth,2019-08-04,https://i.scdn.co/image/ab67616d0000b27325c4bac75a46caa3e645896a
6LY3AerY6KNGOPsNPL63Kk,Born This Way (International Special Edition Version),Lady Gaga,2011-05-23,https://i.scdn.co/image/ab67616d0000b273a5d31644260279be8d0c46c0
2ZUwFxlWo0gwTsvZ6L4Meh,Joanne (Deluxe),Lady Gaga,2016-10-21,https://i.scdn.co/image/ab67616d0000b2738093238ec0c71ef7c95c8fb1
6rePArBMb5nLWEaY9aQqL4,The Fame Monster (Deluxe Edition),Lady Gaga,2009-11-05,https://i.scdn.co/image/ab67616d0000b2735c9890c0456a3719eeecd8aa
14uj0wJtd2M1570p6cXwn4,Music From Baz Luhrmann's Film The Great Gatsby (International Streaming Version),Various Artists,2013-01-01,https://i.scdn.co/image/ab67616d0000b27374160d1c9ec851f7c4acaef1
1ORxRsK3MrSLvh7VQTF01F,Ultraviolence (Deluxe),Lana Del Rey,2014-01-01,https://i.scdn.co/image/ab67616d0000b2731624590458126fc8b8c64c2f
293ydefC5qpqZ65JYZTbUi,"Once Upon a Dream (from ""Maleficent"") [Original Motion Picture Soundtrack]",Lana Del Rey,2014-01-01,https://i.scdn.co/image/ab67616d0000b273fa644aeb3f0226b4f81f45e6
6hDxdAyBmHZO0ClRUI5wQs,Requiem [from Dear Evan Hansen (Original Broadway Cast Recording)],Laura Dreyfuss,2017-01-27,https://i.scdn.co/image/ab67616d0000b273c06c0516604387df548a32c7
0LhDyJXelg31FKLW5GDcKi,Dear Evan Hansen (Original Broadway Cast Recording),Various Artists,2017-02-03,https://i.scdn.co/image/ab67616d0000b273eefa3ed06dec22db89d0e793
7lqieLm717j9Z8JrG7POkS,I met you when I was 18. (the playlist),Lauv,2018-05-31,https://i.scdn.co/image/ab67616d0000b2735355919e31efac9b14c45c49
1100gj9w4d2w49dcbJ5n9p,Dear Ex Bestfriend (Live Version),Lea Aurelie,2019-11-25,https://i.scdn.co/image/ab67616d0000b273905b2d2f80cce5db4e2aee6b
7bt2aty3lUo6Q1Ud8pthRz,Aladdin Special Edition,Alan Menken,2004-01-01,https://i.scdn.co/image/ab67616d0000b2734a4b92dcf7a5c51cc4f7424c
6SisHkIpxo4JN5kRcBEv9Z,Come From Away (Original Broadway Cast Recording),‘Come From Away’ Original Broadway Cast,2017-03-10,https://i.scdn.co/image/ab67616d0000b27381d6b22bcf4d55fea85a2b59
2rzR4ZIIJl8vewMB4NV8NY,Indie Soul 2,Various Artists,2019-06-25,https://i.scdn.co/image/ab67616d0000b27357818c282956c4a18d98ab68
6VFEI4CPJOqE6bMRlMaEIo,Tribal Pop,Various Artists,2018-08-14,https://i.scdn.co/image/ab67616d0000b27340ce0625454ba5de7e1ba651
0usdDFkfTwgtgdFKUjeuS8,Like Everybody Else (Acoustic),Lennon Stella,2018-08-07,https://i.scdn.co/image/ab67616d0000b273e009349e3867a2c0312c3f6a
21KIagsx1ZvYcv0sVkEAWv,Coming Home (Deluxe),Leon Bridges,2015-06-23,https://i.scdn.co/image/ab67616d0000b273a8df0c930a741d6f49cc3f8d
1kCHru7uhxBUdzkm4gzRQc,Hamilton (Original Broadway Cast Recording),Lin-Manuel Miranda,2015-09-25,https://i.scdn.co/image/ab67616d0000b273d72fb5571087bca0a2fed008
5yauUuXppqUj2ulor38hvI,The Book Of Mormon (Original Broadway Cast Recording),Trey Parker,2011-05-17,https://i.scdn.co/image/ab67616d0000b273d9cd8917de31257e2ac920a9
5Jl4hcqhlCyJWj0MEDCQoZ,Bedroom Floor (NSG Remix),Liam Payne,2017-11-24,https://i.scdn.co/image/ab67616d0000b27393dff30f54f61c3dac8c2cc6
6zqOLPAQagrbNJCd10MiST,Bittersweet (Radio Edit),Lianne La Havas,2020-02-25,https://i.scdn.co/image/ab67616d0000b27362e9366a8240ae89d5fe4345
4IRiXE5NROxknUSAUSjMoO,7,Lil Nas X,2019-06-21,https://i.scdn.co/image/ab67616d0000b2736239187793c9e492e687db01
7oc6i8xUILaWwQ5BJMZS3c,Tha Carter IV (Deluxe),Lil Wayne,2011-01-01,https://i.scdn.co/image/ab67616d0000b273007a6a23bf7e0d42cdd3bc2d
5ySBiY0v4b03yw98oRDKtS,"Alright, Still (Deluxe)",Lily Allen,2006-07-14,https://i.scdn.co/image/ab67616d0000b27327ff5787bb1d875c3199ba62
4MaXQAzgpi1UGNNia9r7fx,Cinderella (Original Motion Picture Soundtrack),Various Artists,2015-01-01,https://i.scdn.co/image/ab67616d0000b27365c6c451e1ed0d70f0774b24
5RGnJGlUaM6ef8CWq1NRyO,21 Chump Street - The Musical,Original Radio Cast,2014-06-19,https://i.scdn.co/image/ab67616d0000b273dc6523e3126b5fb3f2683964
6pZj4nvx6lV3ulIK3BSjvs,Moana (Original Motion Picture Soundtrack/Deluxe Edition),Lin-Manuel Miranda,2016-11-18,https://i.scdn.co/image/ab67616d0000b273b30f2e44ae6fa43305bd00bf
3hMM7LRCwIFgXSjs5BGJl1,"Choral / Vocal, Vol. 1",Appleby College,2019-01-30,https://i.scdn.co/image/ab67616d0000b2739ae349a14bf43ba01461198b
4g5nnHgHRg5VTFKUncTJLu,35MM: A Musical Exhibition (Original Cast Recording),Ryan Scott Oliver,2012-08-14,https://i.scdn.co/image/ab67616d0000b273c38a229e27dd1c6013a2cb73
6hPkbAV3ZXpGZBGUvL6jVM,Hybrid Theory (Bonus Edition),Linkin Park,2000-10-24,https://i.scdn.co/image/ab67616d0000b273e2f039481babe23658fc719a
2FnfZiFMv7bmXAIATOJDHs,Get Weird (Expanded Edition),Little Mix,2015-11-06,https://i.scdn.co/image/ab67616d0000b273995994477ea1ae8097978bf8
4w49hcqZt66HZX0MJHfW0m,Glory Days (Expanded Edition),Little Mix,2016-11-18,https://i.scdn.co/image/ab67616d0000b2733042c53026e29faf3a21c9f9
4cH9WxyfNWlfR257RitWBt,Salute (Expanded Edition),Little Mix,2013-11-11,https://i.scdn.co/image/ab67616d0000b273b3d3d1ba43e085f5ab80e56a
74gSdSHe71q7urGWMMn3qB,Cuz I Love You (Deluxe),Lizzo,2019-05-03,https://i.scdn.co/image/ab67616d0000b2734d51081892dbe3f1ddf28914
1k1HuvFs562Z3CCiSYhtc1,Good as Hell (feat. Ariana Grande) [Remix],Lizzo,,https://i.scdn.co/image/ab67616d0000b27383689afe01c228ceeef579c5
1OhlGc0ktAKbD1GqlfvpcK,Boys (Remixes),Lizzo,2019-01-01,https://i.scdn.co/image/ab67616d0000b2734ff1186d123c83ac46758d88
3aAONJf7r1uJXF9ErDaJBx,King Of Hearts (Deluxe),Lloyd,,https://i.scdn.co/image/ab67616d0000b273ecfc4356b1d9b44c1f21b490
4RpgjxgSxcRwGNuWnImneN,13 Reasons Why (Season 2),Selena Gomez,2018-05-18,https://i.scdn.co/image/ab67616d0000b273acc995be2b5bdc62d622ccd3
7sg5iqMiDrM2aJqLAmv83V,Yellow Flicker Beat (From The Hunger Games: Mockingjay Part 1),Lorde,2014-09-30,https://i.scdn.co/image/ab67616d0000b27374b226f1b53ca4902dedce2a
0SEBE7BfXHY4o9VQICoZOC,The Hunger Games: Catching Fire (Original Motion Picture Soundtrack / Deluxe Version),Various Artists,2013-01-01,https://i.scdn.co/image/ab67616d0000b2735dbef303a70a810f2e946e61
112eEMM7VwHVEknE4hHjjY,Flicker (Kanye West Rework) [From The Hunger Games: Mockingjay Part 1],Lorde,2014-11-11,https://i.scdn.co/image/ab67616d0000b273dfe4fe3d28a00618b67e3c41
2vORXjfFzyQeExBayLpX1U,Tennis Court (Flume Remix),Lorde,2014-04-24,https://i.scdn.co/image/ab67616d0000b273705b7a96fe557beb0256fc08
7ayBZIe1FHkNv0T5xFCX6F,The Greatest Showman (Original Motion Picture Soundtrack),Various Artists,2017-12-08,https://i.scdn.co/image/ab67616d0000b273128057b40732c042c86de1dd
2aKRgqvnqmAJ0NxZ6VD9Jc,Broken (Lost Frequencies Cut),Lost Frequencies,2023-04-21,https://i.scdn.co/image/ab67616d0000b273b26f57cdfa8cac4eae9a1a0d
1mFBBKRgRpHYJHHlr6wGMj,Faith In The Future (Deluxe),Louis Tomlinson,2022-11-11,https://i.scdn.co/image/ab67616d0000b273a4227b7f8b532ded84e7c76a
4tOljQq0yQqk6KaWRmAwua,Painted (Deluxe Edition),Lucky Daye,2020-05-29,https://i.scdn.co/image/ab67616d0000b273e3f8e03df6d33b57c4704044
5jzohQ50TA36qTumAG1rEA,Elements (Deluxe),Ludovico Einaudi,2015-10-16,https://i.scdn.co/image/ab67616d0000b273494e91bfd7692054715ba845
2w1GSTM5Yr61X7PpeDWl6h,Pathos (Theme),Ludovico Einaudi,2024-11-22,https://i.scdn.co/image/ab67616d0000b2738a52da49e224c77bc3608816
1m4GKm4lVNZdA4dHwcr8of,Seven Days Walking (Day 1),Ludovico Einaudi,2019-03-15,https://i.scdn.co/image/ab67616d0000b2731abc551339f54b9d30b058b9
3Z7ioqwupmWCZx5hzWzbom,Experience (Solo Piano),Ludovico Einaudi,2023-02-03,https://i.scdn.co/image/ab67616d0000b273ee7cb5e86c91dbd64f0d8127
62dvhzEC1RtHI7tIpE4EmL,In A Time Lapse (Deluxe Edition),Ludovico Einaudi,2013-01-01,https://i.scdn.co/image/ab67616d0000b273b3bda04d2e34cc88118b1948
0d1C87g4AQMLF3igNwqgMa,Nightbook (Exclusive),Ludovico Einaudi,2009-01-01,https://i.scdn.co/image/ab67616d0000b27356eb80181e507c1cd109dd50
6LP5EQg0qt84kl1sVqNtP9,Fox Tracks (Day 3),Ludovico Einaudi,2019-05-10,https://i.scdn.co/image/ab67616d0000b27363159df63290a1fcc0419abc
0Evwg6qRqIUgGDTs82Gbea,Islands - Essential Einaudi (Deluxe Version),Ludovico Einaudi,2011-01-01,https://i.scdn.co/image/ab67616d0000b273bf7254d4f118eda7361fc28f
5c1K1sSWa4E0dJ8Xap6EQL,Waterways (Reimagined),Ludovico Einaudi,2024-05-17,https://i.scdn.co/image/ab67616d0000b2736f36b1795447cc6a68727c48
2ov20d6dBMUtq8QlwLCiaD,Sotto Falso Nome (Original Motion Picture Soundtrack),Ludovico Einaudi,2004-02-20,https://i.scdn.co/image/ab67616d0000b273ecfaf4be00dff8f7e66e5b59
4bNwPPpk01D8pVV9IFSBde,"Beethoven: Piano Sonatas, Vol. 3",Ludwig van Beethoven,,https://i.scdn.co/image/ab67616d0000b2735fbde95caaf1018f9af50f71
1G2P1EAM8bZLm4ZrI7qY6E,Peaceful Moments (One Hour of Relaxing Instrumentals),Various Artists,2017-08-04,https://i.scdn.co/image/ab67616d0000b273851e3e8de337daca3fe60296
1z1zoBT74ap8RtuyBD8oTb,Luiz Bonfá Plays And Sings Bossa Nova,Luiz Bonfá,1963-01-01,https://i.scdn.co/image/ab67616d0000b27362788f33ac20c29ae802cefa
3THuBNp86ScbTXwpTmAbdw,Pronounced 'Leh-'Nérd 'Skin-'Nérd (Expanded Edition),Lynyrd Skynyrd,,https://i.scdn.co/image/ab67616d0000b273ed9531fd3add18804cd6d7c1
7qnjeVXx1wGA4oWqRXfSrL,Leader Of The Tribe (Freestyle),M Huncho,2019-10-10,https://i.scdn.co/image/ab67616d0000b273716775a1995359ab7a0ff50b
334X6XoNKUzpAQbm5FPsMh,Top Boy (A Selection of Music Inspired by the Series),Various Artists,2019-09-13,https://i.scdn.co/image/ab67616d0000b27306d32ec41bd05c2afe4d8ec8
3UqotmoFHhdvwBHbP70amM,About Love (From The Netflix Film “To All The Boys: P.S. I Still Love You”),MARINA,2020-02-07,https://i.scdn.co/image/ab67616d0000b2735dbbd164b01733430731a4b7
49kf7gWWtReFwPcCNsvyUf,Electra Heart (Deluxe),MARINA,2012-04-27,https://i.scdn.co/image/ab67616d0000b273203e4c6a048df02a21cdd813
0TjCz9r0utiRP53o3JsRj0,Lights Down Low (Not Your Dope Remix),MAX,2016-08-05,https://i.scdn.co/image/ab67616d0000b273f956e568402a8f7867615a7a
2PST0pLzyM7AMcqmMyTlVA,Ddaeng (Traditional Mix),MDP,2022-11-11,https://i.scdn.co/image/ab67616d0000b2733850540858a67dad8528e463
0syM7OUAhV7S6XmOa4nLUZ,Ivy To Roses (Mixtape),Mabel,2019-01-18,https://i.scdn.co/image/ab67616d0000b273fb4278cf3d557dc89ca80ad5
5CGGhWKMDZUIt1lnmFbozw,Don't Call Me Up (Remixes),Mabel,2019-02-22,https://i.scdn.co/image/ab67616d0000b273b566c8c88d51b804c2fad090
1h4PSV91iTVUoo9ZLgpt3x,Call Me Yours (Acoustic Version),Mackenzy Mackay,2024-11-29,https://i.scdn.co/image/ab67616d0000b273af0bfb11615071631acc9214
2amS2W46IbhQKAxUZs0L4Z,Don't Worry (feat. Ray Dalton) [Radio Verison],Madcon,2015-07-10,https://i.scdn.co/image/ab67616d0000b2737a8ec87dd5a53f82e88e7f3d
43lok9zd7BW5CoYkXZs7S0,Celebration (double disc version),Madonna,2009-09-18,https://i.scdn.co/image/ab67616d0000b2736b44fa8f5415cc4c945117be
3PlsMrdnaTLWaDU7V18Zav,so annoying (Acoustic),Mae Muller,2020-09-23,https://i.scdn.co/image/ab67616d0000b2730c8ce6013570d8205c1b172b
1XYA8eDvomdYTbQBzk0jT1,Pretty Girl (Cheat Codes X CADE Remix),Maggie Lindemann,2017-03-02,https://i.scdn.co/image/ab67616d0000b2737c7436e1b6273be0e7bc1a84
4SQpUUsXMIqUri9dCE6Vgp,What You Did (feat. Ella Mai) [Toddla T Remix],Mahalia,2019-11-08,https://i.scdn.co/image/ab67616d0000b273ce3eb4fd38ea160df67020cd
6j55i7gOBDyxa9j7Kejbak,هتان,Majid Almohandis,2020-11-24,https://i.scdn.co/image/ab67616d0000b273acf56a82318926020355d993
7kKZkcSw2NppqwRj7wqHbl,Manam (Piano Version),Majid Razavi,2022-06-06,https://i.scdn.co/image/ab67616d0000b2732fde30afe72349207fd3a62f
2Vuq0IsELmGGmdoBqvgaYC,Mala Mía (Remix),Maluma,2018-12-21,https://i.scdn.co/image/ab67616d0000b2735b8a0652947f2af0247af19e
5pCfjopxazLdvmLae6My9w,The Gold (Phoebe Bridgers Version),Manchester Orchestra,2018-07-13,https://i.scdn.co/image/ab67616d0000b2738b54cdfa703cc0162b76dfb1
4sG2hlPHNnVAKcBabJ5FS2,Tangled,Various Artists,2010-01-01,https://i.scdn.co/image/ab67616d0000b273e90df328fbb273c4b5c047af
6HzebUNgGlzC1AMBwHGIkH,The Bones (with Hozier),Maren Morris,2019-10-04,https://i.scdn.co/image/ab67616d0000b27323a1cd02bc99c6e8ad9ed0df
3lK5eZQWlfELBEdP8LP1dI,Kingdom of One [from For The Throne (Music Inspired by the HBO Series Game of Thrones)],Maren Morris,2019-04-12,https://i.scdn.co/image/ab67616d0000b2733a3748e83be9721c584fec37
0an7K6LfvYERpVviYMUFp0,Memoirs of an imperfect Angel (International Version),Mariah Carey,2009-09-29,https://i.scdn.co/image/ab67616d0000b2736ff3f8fd7540eb7447dae564
52TqKxbJkOBsbjKxlKgLwu,Bad Boy 20th Anniversary Box Set Edition,Various Artists,2016-08-12,https://i.scdn.co/image/ab67616d0000b2733478b3ee9ec84b07c18a6ea5
0tNLpUZfJKyxMS0nKlnyXP,Lilo & Stitch,Various Artists,2002-01-01,https://i.scdn.co/image/ab67616d0000b2737c362acdd44ef0b3c0ec275f
3ji3xaoO6tTlu6mTX5AaIh,Family Affair (Remixes),Mary J. Blige,2001-01-01,https://i.scdn.co/image/ab67616d0000b273a68ebb419e3aef7c06cd3f3b
5VHGyriwqrt9pLGF9L85OA,River Flows in You (Piano Stories),Massimo Viazzo,,https://i.scdn.co/image/ab67616d0000b273dd30eb438de1095280e58faf
17cfODLR0VOcFdPBE4JL7l,How Deep Is Your Love (Acoustic),Matt Johnson,2019-09-06,https://i.scdn.co/image/ab67616d0000b273f71d1e1b12af92386beb048d
6gKUoqTPjoIZNWdBffcn5d,Riverbed (Main Version),Matt Ryder,2022-08-05,https://i.scdn.co/image/ab67616d0000b2734cd37341a16ebb280183d0df
1kfr9ANbTIxXD5pALwKd0U,Secret in Their Eyes (Original Motion Picture Soundtrack),Emilio Kauderer,2015-11-06,https://i.scdn.co/image/ab67616d0000b27346e5945c6cc9c54b57e27344
08eweM0IZoZPCCxODbrMoL,Thank You (Deluxe Version),Meghan Trainor,2017-05-12,https://i.scdn.co/image/ab67616d0000b27362edffdb4d8b52cf89f39db6
5W98Ab4VvQEuFEE4TIe5fE,Title (Deluxe),Meghan Trainor,2015-01-12,https://i.scdn.co/image/ab67616d0000b2733b11178cccd78ec77fc12dbc
3Tc9tsOEotcIxR8SPW1dxC,"Badass Woman (From The Motion Picture ""The Hustle"")",Meghan Trainor,2019-05-10,https://i.scdn.co/image/ab67616d0000b273592434688f7d2590cb5ef01c
3WiDh9qthUHAXK6RNM2Ctb,Frequency,Various Artists,2019-08-18,https://i.scdn.co/image/ab67616d0000b2733cb566bd76baaefe4b3f0b7a
5JpH5T1sCYnUyZD6TM0QaY,Cry Baby (Deluxe Edition),Melanie Martinez,2015-08-14,https://i.scdn.co/image/ab67616d0000b2733899712512f50a8d9e01e951
4WGcPCflN9FNccSu7tE9iS,Aladdin (Original Motion Picture Soundtrack),Various Artists,2019-05-22,https://i.scdn.co/image/ab67616d0000b2739986d69836eac008a927b032
4qExaxqNTBE83Y2sSgTKNJ,I Just Want You (From 'Castle'),Mercuzio Pianist,2016-07-24,https://i.scdn.co/image/ab67616d0000b27342a57ee1e488b384161c526e
6QtnCAFmqOwR75jOOmU7k9,Mamma Mia! The Movie Soundtrack,Cast of Mamma Mia! The Movie,2008-01-01,https://i.scdn.co/image/ab67616d0000b273ddc54feece71dda4290d0579
6QHwqWMcRmzRhCeQeMSO5D,Overdose 2,Various Artists,2018-03-09,https://i.scdn.co/image/ab67616d0000b273dde38194c8581c9b9f41086c
3IO8IPjwXuzPJnoaqkwYrj,NOT ALL HEROES WEAR CAPES (Deluxe),Metro Boomin,2018-11-06,https://i.scdn.co/image/ab67616d0000b2732887f8c05b5a9f1cb105be29
53fJVD9LpBKEMqdAF7PW5K,Christmas (Deluxe Special Edition),Michael Bublé,2011-10-24,https://i.scdn.co/image/ab67616d0000b2732ead7786631d8dd3b59be4f0
55A6d8TOuiAs6zDiKj2c3A,Cold Little Heart (Radio Edit),Michael Kiwanuka,2017-02-24,https://i.scdn.co/image/ab67616d0000b273d38e121683bc208a4530fb22
5yauUuXppqUj2ulor38hvI,The Book Of Mormon (Original Broadway Cast Recording),Trey Parker,2011-05-17,https://i.scdn.co/image/ab67616d0000b273d9cd8917de31257e2ac920a9
7ayBZIe1FHkNv0T5xFCX6F,The Greatest Showman (Original Motion Picture Soundtrack),Various Artists,2017-12-08,https://i.scdn.co/image/ab67616d0000b273128057b40732c042c86de1dd
7tcgmOTYwO0KH7NiFlGLJl,This Is The Life (The Sunnefield Remix),Micky,2022-07-15,https://i.scdn.co/image/ab67616d0000b27314d60e696be8da84d777174b
0IrjdFRneYtHj0CwmAphDT,Sure Thing (Sped Up),Miguel,2023-01-27,https://i.scdn.co/image/ab67616d0000b273f2a39a7b2f9b4eb6256d3787
0LhDyJXelg31FKLW5GDcKi,Dear Evan Hansen (Original Broadway Cast Recording),Various Artists,2017-02-03,https://i.scdn.co/image/ab67616d0000b273eefa3ed06dec22db89d0e793
16oKZSg3msLgn69IK1puzi,West Side Story (Original Motion Picture Soundtrack),West Side Story – Cast 2021,2021-12-03,https://i.scdn.co/image/ab67616d0000b273ddc11deab41dba5060184334
6raEoLfzOskhSksjJIHjA3,Post Traumatic (Deluxe Remastered Version),Mike Shinoda,,https://i.scdn.co/image/ab67616d0000b2734edb1e08db001bbdc8ff7e5f
56DZXOW0VsoY4hpKobbt5i,Harf Bezan (Remix),Milad Derakhshani,2017-06-23,https://i.scdn.co/image/ab67616d0000b273f25d924596970c02041ade05
0IuHVgAvbNDJnJepuSZ8Oz,The Time Of Our Lives (International Version),Miley Cyrus,2009-01-01,https://i.scdn.co/image/ab67616d0000b2734ea6653890e297d53e93e3e0
1fc8tPf36cZhNYpNFrWh7o,Hannah Montana The Movie,Various Artists,2009-01-01,https://i.scdn.co/image/ab67616d0000b2730e8ba185f3e9f15630a7b5fb
4LxtqUEjjoA3LvGEnyc7JN,The Last Song,Various Artists,2010-01-01,https://i.scdn.co/image/ab67616d0000b2737ad9ef1daff1af1da2a077ab
17aVuO6MUHFqKyoC46GEsR,Best for Hamaki and Amr Diab,Various Artists,2016-08-02,https://i.scdn.co/image/ab67616d0000b273ab36966b45d8fd889819ab08
6XYJcGLcLNuppc2PEyUTm2,Arabiac Studio,Various Artists,2013-03-24,https://i.scdn.co/image/ab67616d0000b273b3b7786deb2db245c66bfc61
66mOsRgB46JVXuLwMjlNq2,"Electronica Selections, Vol. 09",Various Artists,2023-03-10,https://i.scdn.co/image/ab67616d0000b273b3e9fb4ecf1eeb7cfce91402
3GdQbEouy6OU3OqYPvY8NS,"Essential Electronica, Vol. 08",Various Artists,2021-08-06,https://i.scdn.co/image/ab67616d0000b2732eb67cc736371dcdad91219a
2yoQE2XBnwdUyoOkoprTfT,Love Aaj Kal (Original Motion Picture Soundtrack),Pritam,2009-07-31,https://i.scdn.co/image/ab67616d0000b273b47eb88571640ed71dd2fd47
3tOjPN401QVVN6LBW2Pay1,Best Persian Songs Collection (4 Shanbe Soori 1396),Various Artists,2018-03-05,https://i.scdn.co/image/ab67616d0000b273e1aab78626bbafd4e236af24
2yHTMVFGHODKJOjVL1hLgk,The Hunger Games: The Ballad of Songbirds & Snakes (Music From & Inspired By),Olivia Rodrigo,2023-11-17,https://i.scdn.co/image/ab67616d0000b27322ad9f1afdbeeceaf0c91686
3ASomU3vEiJkQDJEtIKTlD,Said Sum (feat. City Girls & DaBaby) [Remix],Moneybagg Yo,2020-09-17,https://i.scdn.co/image/ab67616d0000b2738650b463e204d4061236453e
2iqUIgf0HIlILA4wONTEKl,Please Please Please (Epic Version),Morgan Clae,2024-08-30,https://i.scdn.co/image/ab67616d0000b273e35c5222c65db4ded9b09abc
1AUGHS0Eh5xeXTyPpx3YPt,Yeki Hast (5 Years Past),Morteza Pashaei,2017-10-05,https://i.scdn.co/image/ab67616d0000b273fd89726ca1d71ca114b39a18
5NMJ15ca5okDlWWDcetEmG,Skin Tight (UK Remix),Mr Eazi,2017-01-20,https://i.scdn.co/image/ab67616d0000b273363bda08046b22fd45d0863d
0fUqJBQwJTr5whQMexIcic,Nice To Meet You (Mistletoe Version),Myles Smith,2024-12-13,https://i.scdn.co/image/ab67616d0000b273ddc27435014111f4f59aaf75
5995013HazvYze8wmylSzw,Stargazing (Moonlight Version),Myles Smith,2024-06-28,https://i.scdn.co/image/ab67616d0000b27336212371e3b4322c27e855b8
2KT9tWALjIRjnaGYDYPg3k,"Girls, Girls, Girls (Deluxe Version)",Mötley Crüe,1987-05-15,https://i.scdn.co/image/ab67616d0000b2735c324a28cdf77defbe68a20d
31lHUoHC3P6BRFzKYLyRJO,Bad Habits (Deluxe),NAV,2019-03-26,https://i.scdn.co/image/ab67616d0000b273a4aaecb02b51550635d7c1b1
07cARcxd2ZMyo5oNgtq758,The Search (Edit),NF,2019-06-07,https://i.scdn.co/image/ab67616d0000b273263d105a521bc3b6fb9fad98
6wtWN91NhgFUUx0jpzLKZ8,V.A. HOW MANY BEATZ 2,Various Artists,2019-10-12,https://i.scdn.co/image/ab67616d0000b27399c61be27c9672efc6f74ef5
3autmjN6zdFFdvaigqSoln,MOVES: The Sound of UK Afrobeats (Drop 1),Afro B,2017-03-24,https://i.scdn.co/image/ab67616d0000b2736d4f2253f4e0d0ba670138c5
1ft2vLkQoagt2a9NOWW4Bp,MOVES: The Sound of UK Afrobeats (Drop 2),Various Artists,2017-04-07,https://i.scdn.co/image/ab67616d0000b273d8d574ebb6db468c297ebc72
334X6XoNKUzpAQbm5FPsMh,Top Boy (A Selection of Music Inspired by the Series),Various Artists,2019-09-13,https://i.scdn.co/image/ab67616d0000b27306d32ec41bd05c2afe4d8ec8
3ZzJduvd3tDXhfQKcKxXyz,Nancy 9 (Hassa Beek),Nancy Ajram,2017-04-21,https://i.scdn.co/image/ab67616d0000b27321b860385b6951b952da0747
6Vsml6sziVKBHxbMEp5wgQ,Lemonade Mouth,Lemonade Mouth,2011-01-01,https://i.scdn.co/image/ab67616d0000b273d9a239d0a67fc31a9b9fff59
4WGcPCflN9FNccSu7tE9iS,Aladdin (Original Motion Picture Soundtrack),Various Artists,2019-05-22,https://i.scdn.co/image/ab67616d0000b2739986d69836eac008a927b032
0j3qt7GWJQCjja3tH8lttP,Asif Habibi,Taoufik Yatabaslam,2021-09-25,https://i.scdn.co/image/ab67616d0000b2735306ad432d550ab255894fdc
0gmRRrFSd6GrjOCJchnCtE,The Hamilton Mixtape,Lin-Manuel Miranda,2016-12-02,https://i.scdn.co/image/ab67616d0000b273540fd3369c574e2ce651cbcd
78g8wcu2TMb4HhME1G50eq,Pir Shodim Vali Bozorg Na Vol 2,Sijal,2016-01-01,https://i.scdn.co/image/ab67616d0000b273f1608e4a83c07a6b51f68b83
1Ud8OuHGHAQncOCWqOPhs8,"I Need You (From the Netflix original series ""Blood & Water"")",Nasty C,2020-05-22,https://i.scdn.co/image/ab67616d0000b273d0ff7ea8b271d81138658532
6a1FfpoDc3bk6lmanavufE,In Cities in Tongues (Study Mix),Nathan Kawanishi,2021-06-18,https://i.scdn.co/image/ab67616d0000b273f28a54c02fcb7dad24372c3f
3YA5DdB3wSz4pdfEXoMyRd,The Lion King,Various Artists,1994-01-01,https://i.scdn.co/image/ab67616d0000b273660aadbda2da6b1c2dd3d1a5
5PBlVx5hyd91saZxHRROrz,Non-Fiction (Deluxe),Ne-Yo,2015-02-13,https://i.scdn.co/image/ab67616d0000b27334943b91e47f5061c465793f
4HPdvrPf9RGfJ2hNYrODpC,R.E.D. (Deluxe Edition),Ne-Yo,2012-01-01,https://i.scdn.co/image/ab67616d0000b27314f5c10de370e6d48d142629
0CcL28OkH89kjgKpNZC8sW,The Princess and the Frog (Original Motion Picture Soundtrack),Various Artists,2009-11-23,https://i.scdn.co/image/ab67616d0000b273d5758ffb1632e086776cf14d
3HE3e3QqmuhAsxcJGtxyEr,Some Say (Felix Jaehn Remix),Nea,2020-01-10,https://i.scdn.co/image/ab67616d0000b27321ab644b278ea98399ae17c5
5FLRz3yaK09OCqUIlspaET,SOS (Chapitre 1),Nej,2021-06-18,https://i.scdn.co/image/ab67616d0000b2735326901473006ed693bb69bc
114sobgv1Nm082hj7Tdlur,SOS IV (Paranormal),Nej,2025-01-31,https://i.scdn.co/image/ab67616d0000b273fbdfcd7c2177cfe867804fc3
3Wrj1ika3KdChgr8UZFN09,Ma colombe (Moroccan Remix),Nej,2021-11-23,https://i.scdn.co/image/ab67616d0000b2735eb72a75fc433fc159017f24
52TqKxbJkOBsbjKxlKgLwu,Bad Boy 20th Anniversary Box Set Edition,Various Artists,2016-08-12,https://i.scdn.co/image/ab67616d0000b2733478b3ee9ec84b07c18a6ea5
56HlvDFONO6eprIdh1H12c,Ludacris vs. Nelly,Various Artists,2020-05-15,https://i.scdn.co/image/ab67616d0000b273a8ac0af9a908e2a6acd16bc1
3glPtRhYpFTllOhMxaCq79,Alive,N3WPORT,2020-10-06,https://i.scdn.co/image/ab67616d0000b273c9e22829475390a35e7ce645
7ahctQBwcSxDdP0fRAPo2p,Flicker (Deluxe),Niall Horan,2017-10-20,https://i.scdn.co/image/ab67616d0000b2735bac234d5511248b248caf36
6KfTFTEXHhUvMqYoosDMR4,Camp Rock 2: The Final Jam,Cast Of 'Camp Rock 2',2010-01-01,https://i.scdn.co/image/ab67616d0000b273385018d40238114c15219f45
1TVpHhBK3pSTqizgLLh16s,Archangel,Two Steps from Hell,2011-09-20,https://i.scdn.co/image/ab67616d0000b2739a2b587110f6c9e8d3967dcb
0OA68qcpAIWY96mp1yVA4J,X (Spanglish Version),Nicky Jam,2018-04-27,https://i.scdn.co/image/ab67616d0000b273d7820b37412e179189cd35de
40XGTQ7FN6Y3dZXJhKBe96,The Pinkprint (International Deluxe Explicit),Nicki Minaj,2014-12-12,https://i.scdn.co/image/ab67616d0000b27305d647d0e976e7fb2460492e
5qs8T6ZHSrnllnOuUk6muC,The Pinkprint (Deluxe Edition),Nicki Minaj,2014-12-15,https://i.scdn.co/image/ab67616d0000b2731e0a93db928b32f1992fd3e8
5yauUuXppqUj2ulor38hvI,The Book Of Mormon (Original Broadway Cast Recording),Trey Parker,2011-05-17,https://i.scdn.co/image/ab67616d0000b273d9cd8917de31257e2ac920a9
3bm8jq96m8I1FZc8BsfG8g,Here Comes The Sun (Expanded Edition),Nina Simone,,https://i.scdn.co/image/ab67616d0000b273e61aa18bbda3f9c5dbb499b7
2miVfa78vOd0o8Vbsgd7g3,Silk & Soul (Expanded Edition),Nina Simone,,https://i.scdn.co/image/ab67616d0000b2730cf2e3d1e85c5bd6d7bedee0
58gOQaPc4RCw8eWdTDRes7,Little Girl Blue (2013 Remastered Version),Nina Simone,1958-06-24,https://i.scdn.co/image/ab67616d0000b273d7cd1d8168aaca9041daad61
5I7lLu8xXJfGRdFUqHaLQU,The Downward Spiral (Deluxe Edition),Nine Inch Nails,1994-03-08,https://i.scdn.co/image/ab67616d0000b2734078c255069c0e7a2553fa4a
0L0OJ06NMwvP1ElxicoOCU,Songs For When You're Sad,Various Artists,2024-09-17,https://i.scdn.co/image/ab67616d0000b2731622348c65063f5b75ca84b4
5Oau1mbhTC2Dj6QvxNAJE4,My Lover (Radio Edit),Not3s,2017-12-08,https://i.scdn.co/image/ab67616d0000b27379fdbb131954986d00353c83
7pj6CNbnhms1H5uVTIlXj4,Songs of Iraq,Various Artists,2015-08-21,https://i.scdn.co/image/ab67616d0000b273ccb75964dbfe875f5168005b
1SZ6C4o7aon6OcGnnfOMiS,I Wanna Be Yours (Violin),NovaX,2020-11-04,https://i.scdn.co/image/ab67616d0000b273befb315625b1fb663de6db14
3WiDh9qthUHAXK6RNM2Ctb,Frequency,Various Artists,2019-08-18,https://i.scdn.co/image/ab67616d0000b2733cb566bd76baaefe4b3f0b7a
0MV1yCXcNNQBfwApqAVkH0,Without Warning,21 Savage,2017-10-30,https://i.scdn.co/image/ab67616d0000b2730db43130a9aaa7bae56967ed
2PERPMWWY1pchfPKeNUJx8,No One Else Can Wear Your Crown (Deluxe),Oh Wonder,2020-02-07,https://i.scdn.co/image/ab67616d0000b2732e534b8cc80fb7612392b069
1kCHru7uhxBUdzkm4gzRQc,Hamilton (Original Broadway Cast Recording),Lin-Manuel Miranda,2015-09-25,https://i.scdn.co/image/ab67616d0000b273d72fb5571087bca0a2fed008
6uLT89rq13eKHE6oJubIqk,Phantoms & Friends (10th Anniversary Edition),Old Man Canyon,2023-05-19,https://i.scdn.co/image/ab67616d0000b273073da07ef5b663b6e135a5a0
20wWZqWjbVd95bvPzQXVij,Daddy Cool,Various Artists,2006-01-01,https://i.scdn.co/image/ab67616d0000b273d2f81e79e4ed0319197816d7
5n47Dui0H3pGpZSOxITmoq,Grease (The Original Motion Picture Soundtrack),Various Artists,1978-04-04,https://i.scdn.co/image/ab67616d0000b273b68df485f3304211904548a8
5p3gSxNiXeYlPlztVAUjB2,"All I Want (From ""High School Musical: The Musical: The Series"")",Olivia Rodrigo,2019-11-27,https://i.scdn.co/image/ab67616d0000b2736d38bbfd2631c232763e3ddf
2yHTMVFGHODKJOjVL1hLgk,The Hunger Games: The Ballad of Songbirds & Snakes (Music From & Inspired By),Olivia Rodrigo,2023-11-17,https://i.scdn.co/image/ab67616d0000b27322ad9f1afdbeeceaf0c91686
2YLKW3LB4P1cEersm5YpAL,"Even When/The Best Part [From ""High School Musical: The Musical: The Series (Season 2)""]",Olivia Rodrigo,2021-04-30,https://i.scdn.co/image/ab67616d0000b273dbdb05bb6acfa1f389d888f7
07J7Q3Z7V00LvCxqzVqj9s,Can’t Catch Me Now (from The Hunger Games: The Ballad of Songbirds & Snakes),Olivia Rodrigo,2023-11-03,https://i.scdn.co/image/ab67616d0000b27303048c76bec2bdfa92703a5a
4GgojLZOPRu8MdUVmjNRSI,High School Musical: The Musical: The Series (Original Soundtrack),Cast of High School Musical: The Musical: The Series,2020-01-10,https://i.scdn.co/image/ab67616d0000b273103b7e52b6a1b74035385876
6TeOuy8VtjfYy52ntsnu1m,"The Rose Song [From ""High School Musical: The Musical: The Series (Season 2)""]",Olivia Rodrigo,2021-06-18,https://i.scdn.co/image/ab67616d0000b2737af5db634c578059a292cec0
14fMbn20pipBmmHWtKWInz,"Wondering (From ""High School Musical: The Musical: The Series"")",Olivia Rodrigo,2019-11-12,https://i.scdn.co/image/ab67616d0000b2730bf49fafbe98b7a14a978168
1OUGPngAngAxjliRlrAc6v,Palo Santo (Deluxe),Olly Alexander (Years & Years),2019-02-14,https://i.scdn.co/image/ab67616d0000b2739f1764fbbd2ddd22efbf1e8c
1gMxiQQSg5zeu4htBosASY,Made In The A.M. (Deluxe Edition),One Direction,2015-11-13,https://i.scdn.co/image/ab67616d0000b273241e4fe75732c9c4b49b94c3
4gCNyS7pidfK3rKWhB3JOY,FOUR (Deluxe),One Direction,2014-11-17,https://i.scdn.co/image/ab67616d0000b273d304ba2d71de306812eebaf4
2sWX3HYnZjPZ9MrH6MFsBt,Take Me Home (Expanded Edition),One Direction,2012-11-12,https://i.scdn.co/image/ab67616d0000b2734e31e0d38b89b8fb239d4fbf
0SrskI3mHcu5MzKeZNv2f6,Human (Deluxe),OneRepublic,2021-08-27,https://i.scdn.co/image/ab67616d0000b2732e2889865b7b05955c1d3bcf
04PEOM6kIEeq9lRp1asNP2,"I Ain’t Worried (Music From The Motion Picture ""Top Gun: Maverick"")",OneRepublic,2022-05-13,https://i.scdn.co/image/ab67616d0000b273ec96e006b8bdfc582610ec13
01EtVyzLftxkMkAC7yCuHB,Dreaming Out Loud (UK Nokia Exclusive Version),OneRepublic,,https://i.scdn.co/image/ab67616d0000b273b40ba6894917eec8453356d8
4yHDaLGrPSwUfJNVUIvFgg,Artificial Paradise (Deluxe),OneRepublic,2024-07-12,https://i.scdn.co/image/ab67616d0000b273d9b914089ee1525387783989
6K0vZ5AXQByvR5qseCja7V,"We Know The Way (From ""Moana"")",Opetaia Foa'i,2016-11-11,https://i.scdn.co/image/ab67616d0000b27358a45f97225f60780627a895
1kCHru7uhxBUdzkm4gzRQc,Hamilton (Original Broadway Cast Recording),Lin-Manuel Miranda,2015-09-25,https://i.scdn.co/image/ab67616d0000b273d72fb5571087bca0a2fed008
03HMOcANauhLD0WNrMkmLU,The Dock of the Bay (Mono),Otis Redding,,https://i.scdn.co/image/ab67616d0000b2730acddc8ccf8d14858fbeddf5
68BCjMsHX4Gf11BJSkjwGz,Otis Blue: Otis Redding Sings Soul (Collector's Edition),Otis Redding,1965-09-15,https://i.scdn.co/image/ab67616d0000b2738ce699251f50e7bc401523cc
0GZcPzBpkwhAEsLrhxtRtt,"Just Like Fire (From the Original Motion Picture ""Alice Through The Looking Glass"") [Wideboys Remix]",P!nk,2016-07-22,https://i.scdn.co/image/ab67616d0000b27301aa9a967c1c06dd18be1d38
1UNuojXYCvRMjOxSS5c5O0,F**kin' Perfect (Radio Edit),P!nk,2010-12-15,https://i.scdn.co/image/ab67616d0000b273c94b80ee6fa38d75665ffd4b
4eUmncMYQRg0Ot29KKqbuk,Satellite (U.S. Version),P.O.D.,2001-09-11,https://i.scdn.co/image/ab67616d0000b27395741aa186187b05e0653245
4pzds0SNX5jca4o8CwGjkz,Lord of the Mics VIII,Various Artists,2019-08-09,https://i.scdn.co/image/ab67616d0000b273be6132aac0596aaba4603e76
68kO84eoAPgWxQB1mJ2P1w,White Noise (Deluxe Version),PVRIS,2016-04-22,https://i.scdn.co/image/ab67616d0000b273cbeb097164189911ccaaea89
3N9J3rnfoDQmYLHTcRm1VB,Boom Boom Room (Side A),Palaye Royale,2016-06-24,https://i.scdn.co/image/ab67616d0000b2738acce00561408624b101ba40
2jAnutEJgLvYaO73RBRKiJ,Only Love Can Hurt Like This (feat. Teddy Swims) [Remix],Paloma Faith,2022-09-23,https://i.scdn.co/image/ab67616d0000b273fec43de9c17629f37bd082d0
3kWgBxtkD8ZJ9Xu84xrhWj,Fall to Grace (Expanded Edition),Paloma Faith,2012-05-28,https://i.scdn.co/image/ab67616d0000b273e32d6c3e1e37668a24ce5ae5
6Fv4th1zIsXMvXDR5nvoox,Jennifer's Body Music From The Original Motion Picture Soundtrack,Various Artists,2009-08-21,https://i.scdn.co/image/ab67616d0000b273d536799e5d59ff3f42874aec
2pIHw0PImgl70xwCIDmODU,An Album To Benefit Preservation Hall & The Preservation Hall Music Outreach Program,Preservation Hall Jazz Band,2010-02-16,https://i.scdn.co/image/ab67616d0000b27340da22284a4aee3657c678b8
1uGlSJrPTIQSbUAA9P9Pjo,HUNTER (the cacophony),Paris Paloma,2025-01-17,https://i.scdn.co/image/ab67616d0000b273a13a60028d8467872c0fea08
4uHTVLllbIEqtP6re6jAxn,Ode to Vivian (Rework),Patrick Watson,2022-10-25,https://i.scdn.co/image/ab67616d0000b2739193f0bfb5e9d140bbe14c60
6t7956yu5zYf5A829XRiHC,The Marshall Mathers LP,Eminem,2000-05-23,https://i.scdn.co/image/ab67616d0000b273dbb3dd82da45b7d7f31b1b42
0IzpAGRpjLqIQLt4FvmW7m,Black Out Days (Future Islands Remix),Phantogram,2017-09-01,https://i.scdn.co/image/ab67616d0000b2735590ae4417d7af76c76edc7a
0AO5ibcO686oWXf96D83pM,The Neptunes Present... Clones,The Neptunes,2003-08-19,https://i.scdn.co/image/ab67616d0000b27331a1d15842b0e8a4e53dd3b0
1zszC1x9HYKxUCKVa62p7C,Tarzan (Original Motion Picture Soundtrack),Various Artists,1999-05-18,https://i.scdn.co/image/ab67616d0000b273ba44f1ff74c2c7c2da6e4c3f
7yZHLfxqiGPbSQLrVJljah,The Singles (Expanded),Phil Collins,2016-10-14,https://i.scdn.co/image/ab67616d0000b2736731eabe4c268971eeed3c06
6qykGE5x584duyLVYcnojE,Disney Summer Songs,Disney,2021-05-28,https://i.scdn.co/image/ab67616d0000b2737b1489e71cadf8a1c0382d7d
7eRPAP9ygMNB0B3X6ZQBQ8,Teen Wolf (Original Television Soundtrack),Various Artists,2017-09-15,https://i.scdn.co/image/ab67616d0000b2739e6afbff094dd614ec425845
629uN6KYcLNMSOwbeg72aG,Need You Now (Deluxe Edition),Plumb,,https://i.scdn.co/image/ab67616d0000b2730005dc50e6e00300ba98a524
1k7QAPJW7lrgpKJVK3HyRG,My Story,Popcaan,2017-05-26,https://i.scdn.co/image/ab67616d0000b273d34045682bf61d0d66be7946
54m2Pe3Khdiarwv2PCS8DY,Carita de Inocente (feat. Myke Towers) [Remix],Prince Royce,2020-06-01,https://i.scdn.co/image/ab67616d0000b2730ff4283736306e4d63308926
5s0rmjP8XOPhP6HhqOhuyC,Stoney (Deluxe),Post Malone,2016-12-09,https://i.scdn.co/image/ab67616d0000b27355404f712deb84d0650a4b41
35s58BRTGAEWztPo9WqCIs,Spider-Man: Into the Spider-Verse (Soundtrack From & Inspired by the Motion Picture),Various Artists,2018-12-14,https://i.scdn.co/image/ab67616d0000b273e2e352d89826aef6dbd5ff8f
6SisHkIpxo4JN5kRcBEv9Z,Come From Away (Original Broadway Cast Recording),‘Come From Away’ Original Broadway Cast,2017-03-10,https://i.scdn.co/image/ab67616d0000b27381d6b22bcf4d55fea85a2b59
2iTpTfHG5yui5JVtfRNOdK,Double Vision (Deluxe Edition),Prince Royce,2015-07-24,https://i.scdn.co/image/ab67616d0000b273b31c41520cffc67eb2ada827
2HJClOfhggFQYWDIeBQenb,Something From Nothing: The Art of Rap,Various Artists,2012-07-13,https://i.scdn.co/image/ab67616d0000b2732c4a15f150c0e51494183e1e
4KZGe18wZJbXL6JLW4KyLc,A Day At The Races (Deluxe Edition 2011 Remaster),Queen,1976-12-10,https://i.scdn.co/image/ab67616d0000b27367bc29c251c777361b17a190
6i6folBtxKV28WX3msQ4FE,Bohemian Rhapsody (The Original Soundtrack),Queen,2018-10-19,https://i.scdn.co/image/ab67616d0000b273e8b066f70c206551210d902b
1Gnrd76EubInPV4KjOJ1Zr,Sheer Heart Attack (Deluxe Edition 2011 Remaster),Queen,1974-11-08,https://i.scdn.co/image/ab67616d0000b27309e2ec500166cf2d5ac21050
2yuTRGIackbcReLUXOYBqU,Jazz (2011 Remaster),Queen,1978-11-10,https://i.scdn.co/image/ab67616d0000b2737c39dd133836c2c1c87e34d6
1GbtB4zTqAsyfZEsm1RZfx,A Night At The Opera (2011 Remaster),Queen,1975-11-21,https://i.scdn.co/image/ab67616d0000b273e319baafd16e84f0408af2a0
1JG0F1lN0d4lN6lj6nVgxD,Flip A Switch. (Sped Up),RAYE,2023-04-07,https://i.scdn.co/image/ab67616d0000b273d5f902838138ca69e852ac53
0B6dFAM0oX8T2QVVnlHsvS,يا لالالي (Remix),RKOV,2024-03-03,https://i.scdn.co/image/ab67616d0000b27372606181ecd229a277bc3490
2BK9Fz46nZzZVcQyUokEdd,The Bog Bodies (Dorm Demo),Rabbitology,2024-03-08,https://i.scdn.co/image/ab67616d0000b273d6090e6e1200d794f6ded661
0LhDyJXelg31FKLW5GDcKi,Dear Evan Hansen (Original Broadway Cast Recording),Various Artists,2017-02-03,https://i.scdn.co/image/ab67616d0000b273eefa3ed06dec22db89d0e793
2yHTMVFGHODKJOjVL1hLgk,The Hunger Games: The Ballad of Songbirds & Snakes (Music From & Inspired By),Olivia Rodrigo,2023-11-17,https://i.scdn.co/image/ab67616d0000b27322ad9f1afdbeeceaf0c91686
0tkdGuAFwXKyGsNmsEbaCn,The Hanging Tree (from The Hunger Games: The Ballad of Songbirds & Snakes),Rachel Zegler,2023-10-20,https://i.scdn.co/image/ab67616d0000b273ce47af93814a43d80e2a0a6b
16oKZSg3msLgn69IK1puzi,West Side Story (Original Motion Picture Soundtrack),West Side Story – Cast 2021,2021-12-03,https://i.scdn.co/image/ab67616d0000b273ddc11deab41dba5060184334
3Coy8qgtYG47SX9hLJBa0l,Bodyguard,Himesh Reshammiya,2011-07-27,https://i.scdn.co/image/ab67616d0000b2736a2e7f7613210a6397e854f5
5l7lj9nJbbTs0vCHhV0hVA,The Prince Of Egypt (Music From The Original Motion Picture Soundtrack),Various Artists,1998-02-11,https://i.scdn.co/image/ab67616d0000b273764a4388c86970c86e06b628
2rzR4ZIIJl8vewMB4NV8NY,Indie Soul 2,Various Artists,2019-06-25,https://i.scdn.co/image/ab67616d0000b27357818c282956c4a18d98ab68
2A9353p2TeAkc5PwX900gz,Hannah Montana The Movie,Various Artists,2009-01-01,https://i.scdn.co/image/ab67616d0000b273bfb4e995c47b9fc47d1b8311
1J1yxODbNlqKbwRqJxYJUP,Hadestown (Original Broadway Cast Recording),Original Broadway Cast of Hadestown,2019-07-26,https://i.scdn.co/image/ab67616d0000b273b62a5129d9efa26386143622
5AgsHUKFxr5DApRCmulIqJ,The Hamilton Mixtape,Lin-Manuel Miranda,2016-12-02,https://i.scdn.co/image/ab67616d0000b2731025ac991316d6cbac978373
5yauUuXppqUj2ulor38hvI,The Book Of Mormon (Original Broadway Cast Recording),Trey Parker,2011-05-17,https://i.scdn.co/image/ab67616d0000b273d9cd8917de31257e2ac920a9
1LJWyyP756YVEeIRa6DU74,Mean Girls (Music From The Motion Picture),Reneé Rapp,2024-01-12,https://i.scdn.co/image/ab67616d0000b27312de80f22edaa7bf1a6f24f5
1kCHru7uhxBUdzkm4gzRQc,Hamilton (Original Broadway Cast Recording),Lin-Manuel Miranda,2015-09-25,https://i.scdn.co/image/ab67616d0000b273d72fb5571087bca0a2fed008
3WiDh9qthUHAXK6RNM2Ctb,Frequency,Various Artists,2019-08-18,https://i.scdn.co/image/ab67616d0000b2733cb566bd76baaefe4b3f0b7a
3SPziiKZoC9OFvWw7ALbiA,Yani Dard (Pain Means),Reza Sadeghi,2017-06-01,https://i.scdn.co/image/ab67616d0000b2737ff5c48fb25526701a28277e
30csxUzrzcgwuOT5QVmFmg,Ricky Sings Again (Expanded Edition / Remastered),Ricky Nelson,1959-01-01,https://i.scdn.co/image/ab67616d0000b2731643ddadb5ae034cdab6ea90
4UlGauD7ROb3YbVOFMgW5u,ANTI (Deluxe),Rihanna,2016-01-28,https://i.scdn.co/image/ab67616d0000b2736be9bac15995f089579074de
5pLlGJrxuQO3jMoQe1XxZY,Unapologetic (Deluxe),Rihanna,2012-12-11,https://i.scdn.co/image/ab67616d0000b2736dee21d6cd1823e4d6231d37
5UDXzVwWnn3mDy3mTpQPYb,Unapologetic (Edited Version),Rihanna,2012-12-10,https://i.scdn.co/image/ab67616d0000b273ab54aadb2320f1c687735d1e
4n36X2GMJ84BKh9D9zMRVI,More Adventurous (U.S. Release),Rilo Kiley,2004-07-27,https://i.scdn.co/image/ab67616d0000b2737da94a1beda4172d30b74735
6Vn8F3hERVHYYz5RfKmsAN,Phoenix (Deluxe Edition),Rita Ora,2018-11-23,https://i.scdn.co/image/ab67616d0000b273f1b136eb0388414a8225a348
7c7bumOW4WLKRhK78536Bk,Defected In The House Radio Show Episode 031 (hosted by Sam Divine) [Mixed],Defected Radio,2016-12-30,https://i.scdn.co/image/ab67616d0000b273888e0b7da7e4ccccb589c838
1xoC74ySN2wlcOishb1gvT,Somebody’s Watching Me (Sped Up),Rockwell,2023-09-22,https://i.scdn.co/image/ab67616d0000b2733b6773d6e0df6eedefb20190
6DxSrvqVwXO3SmFDSGuLAi,Pray 4 Love (Deluxe),Rod Wave,2020-08-07,https://i.scdn.co/image/ab67616d0000b27322ff91d8f39712b1c63bb0d4
5ANe5AfOnYydm3lXELfiHF,Teen Beach Movie,Various Artists,2013-01-01,https://i.scdn.co/image/ab67616d0000b2738f9a38eaef72352da716ccdb
2THNAoibV6yyuZcvaU9U5x,Linger / Heading For The Door (Sirius XM Session),Royel Otis,2024-05-31,https://i.scdn.co/image/ab67616d0000b273ccaa2ab01efad107f3952454
1TNPKEmo5TSj8NpXpDgMsf,All I Know (with Khalid),Rudimental,2025-04-04,https://i.scdn.co/image/ab67616d0000b273b49c06ad21eb3676299728b6
108vaI7ptHNeK3YjGRU0zp,Monsters (Acoustic Version),Ruelle,2017-06-16,https://i.scdn.co/image/ab67616d0000b273df844e64615cb5a79622213d
7cm0BPEASHHElGnjyjPfwK,CIVIL WAR (Bonus),Russ,2019-05-08,https://i.scdn.co/image/ab67616d0000b273b742953d3f26c70dd0309663
7dG6Dl0UbiN7UpbPNSYh5T,Keisha & Becky (Russ splash x Tion Wayne),Russ Millions,2019-03-21,https://i.scdn.co/image/ab67616d0000b273a35a3cce419d5a7b1f7f3803
0BaIaHcyBXuOWeM4Aas4EW,Barbie The Album,Various Artists,2023-07-21,https://i.scdn.co/image/ab67616d0000b273d16ac0ec27653182d719ab36
6EIxlDI9fMtooJ1H3toRFO,Heathers: The Musical (World Premiere Cast Recording),Various Artists,2014-06-10,https://i.scdn.co/image/ab67616d0000b273d2d0e13579ab33ae8d3d05e4
7K0x1O9gqMQlDwbMkyCCIM,Call Me By Your Name (Original Motion Picture Soundtrack),Various Artists,2017-11-03,https://i.scdn.co/image/ab67616d0000b2730db3901606954f424070ff01
3GqSdhWjmMypMwPLtzoFYs,Roses (Imanbek Remix),SAINt JHN,2019-10-09,https://i.scdn.co/image/ab67616d0000b273b340b496cb7c38d727ff40be
0Y4FbkMfPQVSlF4GAeiLtE,Mad About Africa,Mixtape Madness,2019-12-25,https://i.scdn.co/image/ab67616d0000b2739a6073bb9c2c3ca2cc7b788e
334X6XoNKUzpAQbm5FPsMh,Top Boy (A Selection of Music Inspired by the Series),Various Artists,2019-09-13,https://i.scdn.co/image/ab67616d0000b27306d32ec41bd05c2afe4d8ec8
6S7b3klRES1CF1Ldmplfam,sore loser (Acoustic),SOLOMON,2023-04-28,https://i.scdn.co/image/ab67616d0000b2737a9f5749a566962afd810bd5
5enEsi887wD3qGoMCK4jLr,The Weekend (Funk Wav Remix),SZA,2017-12-15,https://i.scdn.co/image/ab67616d0000b273b19d1cc6a00ae1d4ddcbfd37
00xUnMv4KFgxTBvNMsUy3T,For The Throne (Music Inspired by the HBO Series Game of Thrones),Game of Thrones,2019-04-26,https://i.scdn.co/image/ab67616d0000b273d4024fdf2c5056be8a08d09c
0xfkU5Pja7FSa8ZRHbG1fs,EXILE / معاكي,Saint Levant,2025-01-14,https://i.scdn.co/image/ab67616d0000b273d9c5ae2979f101ab2556d69d
2idnYaYkAG2xDus7xk1yNZ,Post Malone (feat. RANI) [VIZE Remix],Sam Feldt,2019-09-12,https://i.scdn.co/image/ab67616d0000b2736944eb357ca4307cfe6b4a9a
4FKOLaEGqA7ZFYYW5r4X9z,Seventeen Going Under (Deluxe),Sam Fender,2021-10-08,https://i.scdn.co/image/ab67616d0000b2735918af42c697829fd84de59f
0YGPl5B65WFrxm3pTrCOxh,Walk Em Down (Acoustic),Sam James,2021-02-05,https://i.scdn.co/image/ab67616d0000b2735ec426e9202d954665341c39
3TJz2UBNYJtlEly0sPeNrQ,The Thrill Of It All (Special Edition),Sam Smith,2017-11-03,https://i.scdn.co/image/ab67616d0000b273005cd7d0ae87b081601f6cca
4aAwvCRNJIqiUGVEjieWv6,The Little Mermaid Special Edition,Alan Menken,2006-01-01,https://i.scdn.co/image/ab67616d0000b27396029fe9e2624ccf9ff08ba8
5lExQTV6ELzqRgwsqahZoh,Kabhi Khushi Kabhie Gham (Original Motion Picture Soundtrack),Jatin-Lalit,2001-11-28,https://i.scdn.co/image/ab67616d0000b273941eb533e845e5c2299570b9
10aiDpdFGyfCFEcqpx6XTq,Supernatural (Remastered),Santana,1999-06-15,https://i.scdn.co/image/ab67616d0000b27347eb3ea5a92904c19e102e54
3zeONbdGC0gbV36JoxmHIC,Dance Mix 1,Various Artists,2008-12-17,https://i.scdn.co/image/ab67616d0000b273e49e4d9b08494b78a8595367
5SP4W5OAmQoewWBXtAyov5,My Type (feat. City Girls & Jhené Aiko) [Remix],Saweetie,2019-08-23,https://i.scdn.co/image/ab67616d0000b27321c1aebad0ac103da1e37060
7Et3bSTLLqdABO1qCxUplS,Oxymoron (Deluxe),ScHoolboy Q,2014-01-01,https://i.scdn.co/image/ab67616d0000b27336977e237a8f70ec6c990636
14kTyafNZvlbn586zryGww,Love At First Sting (Deluxe Edition),Scorpions,1984-03-27,https://i.scdn.co/image/ab67616d0000b27311c2cc2ef9cada4f6bd84690
5yauUuXppqUj2ulor38hvI,The Book Of Mormon (Original Broadway Cast Recording),Trey Parker,2011-05-17,https://i.scdn.co/image/ab67616d0000b273d9cd8917de31257e2ac920a9
4m8XN9CKqve1ExYBnNu5kt,Tell Me It's Real (Expanded Edition),Seafret,2016-01-29,https://i.scdn.co/image/ab67616d0000b2738c33272a7c77042f5eb39d75
1aYcfMrpGIuPNZhDWMJcnV,Dutty Rock (20th Anniversary),Sean Paul,2022-11-11,https://i.scdn.co/image/ab67616d0000b273b85a43ff52cecb0ab0a49677
3CG6jLjg64BZswmFZSkF96,Pfitzner: Symphony in C major - Schumann: Koncertstück for Four Horns,Gerard Schwarz,2012-09-04,https://i.scdn.co/image/ab67616d0000b273e7b0049790088d1115f1984b
3VBLDGUbIVAEEvgEd9FNyM,Sad in Scandinavia (Part 1),Seeb,2020-07-24,https://i.scdn.co/image/ab67616d0000b2733d0bc82dc4c22b53d4199cd8
59Tni3gA1OczshFWTMxmbo,Finding Beauty In Negative Spaces (Bonus Track Version),Seether,2007-01-01,https://i.scdn.co/image/ab67616d0000b273c418220159462cdd7cfeb9a1
3Kbuu2tHsIbplFUkB7a5oE,Revival (Deluxe),Selena Gomez,2015-10-09,https://i.scdn.co/image/ab67616d0000b2736bc7473df6c9d1fd90972e84
6Jv7Yo0ihit4JyxvjQLUhb,Another Cinderella Story (Original Motion Picture Soundtrack),Various Artists,2008-08-26,https://i.scdn.co/image/ab67616d0000b2732d1d317504dc9045bba69ba3
3cGKAHAUhAaTTezK4GbBhQ,Stars Dance (Bonus Track Version),Selena Gomez,2013-01-01,https://i.scdn.co/image/ab67616d0000b2730e36690135fa1a30d048e604
3rA5CgccCbmCnJEzwGnDea,Rare (Deluxe),Selena Gomez,2020-04-09,https://i.scdn.co/image/ab67616d0000b2735183fe2502a176f8017da25f
3N7eWDCvfWv34xWNohdHjO,Back To You (From 13 Reasons Why – Season 2 Soundtrack),Selena Gomez,2018-05-10,https://i.scdn.co/image/ab67616d0000b27330885dcb2b5f38512fbcbc59
78GeZ5IA1KSbI0MiR4bAhH,For You,Selena Gomez,2014-11-21,https://i.scdn.co/image/ab67616d0000b2735d9126f72b4a06c9b9abe2e5
2OAg6yUqeTP078mh1BLIDL,Mas Que Nada,Sérgio Mendes,2006-01-01,https://i.scdn.co/image/ab67616d0000b273c254684df985ad9813283364
2cUzlmLfL5LUTSEk7qG09k,Om Shanti Om,Vishal-Shekhar,2007-09-18,https://i.scdn.co/image/ab67616d0000b273675b3f7dea80153c73581e5e
6SisHkIpxo4JN5kRcBEv9Z,Come From Away (Original Broadway Cast Recording),‘Come From Away’ Original Broadway Cast,2017-03-10,https://i.scdn.co/image/ab67616d0000b27381d6b22bcf4d55fea85a2b59
04Xde0FJSo4LVQ1GE36t49,High School Musical 2 (Original Soundtrack),High School Musical Cast,2007-01-01,https://i.scdn.co/image/ab67616d0000b273342a94d40e41ecd14874be4c
3wBabo4pmzsYjALMSKY7Iq,Illuminate (Deluxe),Shawn Mendes,2017-04-20,https://i.scdn.co/image/ab67616d0000b273ea3ef7697cfd5705b8f47521
4w8NcW31q7tBsLc42zQev6,Festa di Capodanno 2020,Various Artists,2020-12-25,https://i.scdn.co/image/ab67616d0000b273cf27210efd4e7fb867cf6a88
5Jov5724Nz13A302HM2eKG,Handwritten (Deluxe),Shawn Mendes,2015-04-14,https://i.scdn.co/image/ab67616d0000b2732d6a4125a1d62dc6185f74ea
3WiDh9qthUHAXK6RNM2Ctb,Frequency,Various Artists,2019-08-18,https://i.scdn.co/image/ab67616d0000b2733cb566bd76baaefe4b3f0b7a
5PD9sFoONWCYXRnEFHPQpL,Overdose 3,Various Artists,2019-02-03,
6QHwqWMcRmzRhCeQeMSO5D,Overdose 2,Various Artists,2018-03-09,https://i.scdn.co/image/ab67616d0000b273dde38194c8581c9b9f41086c
1DeExeJUt9ZIo4KpL3hSRC,Sunrise / Radiance,Noflik,2024-04-18,https://i.scdn.co/image/ab67616d0000b2739f6b72f4e322db465d3feeac
7mZB5aUcjoHfDKSQtDRXrf,Padmaavat,Sanjay Leela Bhansali,2018-01-21,https://i.scdn.co/image/ab67616d0000b273b07fa198edaf969b74dd160a
0gmRRrFSd6GrjOCJchnCtE,The Hamilton Mixtape,Lin-Manuel Miranda,2016-12-02,https://i.scdn.co/image/ab67616d0000b273540fd3369c574e2ce651cbcd
5PYU16itHJWh7q7AoI5xv4,Lasting Lover (Acoustic),Sigala,2020-10-09,https://i.scdn.co/image/ab67616d0000b273eda2895b82121c7a56362291
4YimfceN1R0nOS9CefIFhm,Once Upon A Time (Super Deluxe),Simple Minds,,https://i.scdn.co/image/ab67616d0000b2735695a657aef0e81bde0c6001
1pbuYU1dTZrJBIb2ndzwDy,Man Delam Tange (Live In Tehran 2022),Sirvan Khosravi,2023-03-24,https://i.scdn.co/image/ab67616d0000b273f55520e35167aaa51bb10029
2eC1B4fXw2BSM1WtNdC038,Black Box (Live),Sirvan Khosravi,2024-02-10,https://i.scdn.co/image/ab67616d0000b273afa220cf3a1865da99ff68a4
6POrFPaZZ6zmaRbz8KdTNG,Lord of the Mics VI,Lord of the Mics,2015-06-21,https://i.scdn.co/image/ab67616d0000b273fec40a904b5a32268e60fd9b
2pTyjuQ1d1d79Chhknoa2h,You Will Regret (Reloaded),Ski Mask The Slump God,2018-02-02,https://i.scdn.co/image/ab67616d0000b27313831fd1727486857a80f2be
2ZaFqYD9a3U6qJhyS2LDRf,"Last One Standing (feat. Polo G, Mozzy & Eminem) [From Venom: Let There Be Carnage]",Skylar Grey,2021-09-30,https://i.scdn.co/image/ab67616d0000b27318b2c39fa740e2822d40d65b
019piy3yyLujIF1IMtaCo2,Away with the Fairies,Philanthrope,2018-12-10,https://i.scdn.co/image/ab67616d0000b273c014b97d9306bc967a704bec
4ZDBQSIDIZRUBOG2OHcN3T,Vol. 3: The Subliminal Verses (Special Edition),Slipknot,,https://i.scdn.co/image/ab67616d0000b2736b3463e7160d333ada4b175a
0ApKaazNHf0gzjAYZauexq,.5: The Gray Chapter (Special Edition),Slipknot,2014-10-15,https://i.scdn.co/image/ab67616d0000b273eed722040c6810f7a7da93ea
5Zs0mNCTs73CqPKbZPWFX9,Iowa (10th Anniversary Edition),Slipknot,,https://i.scdn.co/image/ab67616d0000b273a62eefef8ee83d5e09aa8331
5lsHOl5P5mWLHeslZCLSaQ,All Star (Breathe Carolina Remix),Smash Mouth,2019-08-23,https://i.scdn.co/image/ab67616d0000b273331ce1f374688beaf637cc9f
1CsztoJYGwGURMCppulrOt,Fush Yu Mang (20th Anniversary Edition),Smash Mouth,1997-07-08,https://i.scdn.co/image/ab67616d0000b27366ec7d795b727cd90bd09690
0lRlbYQMtETkabg9fNSqAl,Mac and Devin Go To High School (Music From and Inspired By The Movie),Various Artists,2011-12-09,https://i.scdn.co/image/ab67616d0000b273c303b2aec2d884a775045391
7mobsmc3f0QRDiuUnVfq6T,Javooni,Various Artists,2019-03-13,https://i.scdn.co/image/ab67616d0000b273098d7c1a62c821adb3957c41
5EdcDGuwC6OtjPxwoE6sxs,Rage Khaab,Homayoun Shajarian,2017-03-15,https://i.scdn.co/image/ab67616d0000b273473a7c427f1877198316d1b4
0uWYghjpGDOUZ5kw9jUIZN,Soledad natural (Ambient version),Sonhos de Solidão,2021-04-07,https://i.scdn.co/image/ab67616d0000b27380b0c172011b366db9ab5cea
2EWhs88DmxypBdArP5DDSp,"Headache & Migraine Natural Relief: Calming Sounds of Nature, Piano Music for Reduce Tension, Tinnitus Relief, Sounds Hypnosis and Relaxing Therapy",Various Artists,2017-10-09,https://i.scdn.co/image/ab67616d0000b27380c25b8262beaece0d835fe2
3Nkueud4hqLWhSzOepKi7p,Beetlejuice (Original Broadway Cast Recording),Eddie Perfect,2019-06-07,https://i.scdn.co/image/ab67616d0000b273bfd1c78f2f4e462e5048491a
73108DdEBO7QdJoIkLNs2R,7 Years (feat. Lukas Graham) [Sped Up Version],sped up nightcore,,https://i.scdn.co/image/ab67616d0000b273039a5f78de9cb111fa05d1af
4tIeCjzkmadSVHjm9HoukF,Senseless (Remix),Stefflon Don,2018-11-12,https://i.scdn.co/image/ab67616d0000b27322b8c5f1e453364f3713fb5c
25L8ck3KGcmCo3901ztPzR,Encanto (Original Motion Picture Soundtrack),Lin-Manuel Miranda,2021-11-19,https://i.scdn.co/image/ab67616d0000b273e1ac646ed6f25125e2a77229
7ARtQpvnPN2ucbmVHngLOs,Until I Found You (Em Beihold Version),Stephen Sanchez,2022-04-22,https://i.scdn.co/image/ab67616d0000b2732bf0876d42b90a8852ad6244
4D1oAjj0nxeAlsAJWAJn8g,The Best Years of Our Lives (Deluxe Version),Steve Harley,1975-03-22,https://i.scdn.co/image/ab67616d0000b273f3613926b1b8bbd69c49a3e2
0IomjU2bXFng4LQBYn7Het,Bella Donna (2016 Remastered),Stevie Nicks,1981-07-27,https://i.scdn.co/image/ab67616d0000b273af14d74d5e308ce2f3ec22f8
0jV32pIk8l3vTaU3thTaW2,Arcane League of Legends (Soundtrack from the Animated Series),Arcane,2021-11-20,https://i.scdn.co/image/ab67616d0000b27390d1dd89316f336262258965
0QXUQiwAzEr5mlyqTq8AqW,MARADONA (Remix),Stormy,2024-08-16,https://i.scdn.co/image/ab67616d0000b27353e6cbfabd998ea3102361ec
1hOCJ4eNjtYKIH9ZmNGc8p,Alors On Danse (DubDogz Remix),Stromae,2019-05-03,https://i.scdn.co/image/ab67616d0000b2735327653f3d3215a4e3fae684
4YVkiXnSYessmpTSeS0CpJ,Défiler (Bande originale de la capsule No. 5 Mosaert),Stromae,2018-04-27,https://i.scdn.co/image/ab67616d0000b2737b2bd1b75e360ff3b5f4bd13
56bAWM3HFElgEjdnraBqvQ,The Hunger Games: Mockingjay Pt. 1 (Original Motion Picture Soundtrack),Various Artists,2014-12-01,https://i.scdn.co/image/ab67616d0000b273801f086d4f808a91b801a628
7K0x1O9gqMQlDwbMkyCCIM,Call Me By Your Name (Original Motion Picture Soundtrack),Various Artists,2017-11-03,https://i.scdn.co/image/ab67616d0000b2730db3901606954f424070ff01
1rnxUEAVhuI7K5W7lD0XlD,This Bird Has Flown (A 40th Anniversary Tribute To The Beatles' Rubber Soul),Various Artists,2005-10-25,https://i.scdn.co/image/ab67616d0000b2734476314283f949c86731d4f0
5wUJ0hK8HJMpf5WEotPihO,Hindi Medium,Various Artists,2017-04-21,https://i.scdn.co/image/ab67616d0000b273a71488f39620ba195aede1c3
3yOEp2swptKdwMv53za2QC,Mother Earth (Beat Edit),Summers Sons,2024-05-23,https://i.scdn.co/image/ab67616d0000b273737a91895be8e652bb9d47e9
08hhqmG2yI7741tXn2Zs4g,Chennai Express,Vishal-Shekhar,2013-07-03,https://i.scdn.co/image/ab67616d0000b273dfd1ddf5b8431d6fc5210d6c
0fLp8N5bQ1wDOc4iCFUOX8,Tees Maar Khan,Shirish Kunder,2010-11-15,https://i.scdn.co/image/ab67616d0000b273e161b7d9548d5cb40af46639
1wbY6VUchNsZLaDi22eD3J,Hercules (Original Motion Picture Soundtrack),Alan Menken,1997-01-01,https://i.scdn.co/image/ab67616d0000b273f6a713be4f418307ab7ffaf4
4QviryaneolcRmDB57SLco,The Rocky Horror Picture Show - Original Soundtrack,Various Artists,1975-01-10,https://i.scdn.co/image/ab67616d0000b2737bcc78f88610d99eaa8c9b50
21dqbZplVbX1gMMdqOLvWI,Rappa Ternt Sanga (Expanded Edition),T-Pain,2005-12-06,https://i.scdn.co/image/ab67616d0000b273dbaa4ff0c40e19d9c19ed760
2pFtQ4nD1Dq1ESF4w7wk3Q,TINI (Martina Stoessel) [Deluxe Edition],TINI,2016-04-29,https://i.scdn.co/image/ab67616d0000b2733a8f52ff59c6f8db0470d225
1l3ftDvTxNDXJ9be2WKZBn,Mix 2016,Various Artists,2015-12-24,https://i.scdn.co/image/ab67616d0000b273d52f3003efb3acddd4ba68bb
1K2Dd9iqt3uU2iOcJchGu5,Sing (Original Motion Picture Soundtrack Deluxe),Various Artists,2016-12-09,https://i.scdn.co/image/ab67616d0000b27370120e0cfe4add0fb2eba28b
43aLJDPZkmmORYGxwnuvVr,Housefull,Shankar-Ehsaan-Loy,2010-03-17,https://i.scdn.co/image/ab67616d0000b2731111adc2ded1cffe91281507
1wfBteislDojq5pAYJufME,Fleur froide (Donum Novae),Tayc,2021-02-26,https://i.scdn.co/image/ab67616d0000b27398f437b0f6ea15f5c3d8bd23
6m7n9JuAOMcy8X3ntO0Ktf,Mean Girls (Original Broadway Cast Recording),Various Artists,2018-05-18,https://i.scdn.co/image/ab67616d0000b273bd180d5a0f9d0a4d205c89b4
3VaaZ7OIbGLi60NVsnueoo,folklore: the long pond studio sessions (from the Disney+ special) [deluxe edition],Taylor Swift,2020-11-25,https://i.scdn.co/image/ab67616d0000b2734e265291f29fd8686d3dc3b4
5LGsh3kexUfi3qkIIxb8vK,Only The Young (Featured in Miss Americana),Taylor Swift,2020-01-31,https://i.scdn.co/image/ab67616d0000b2734aa13f6de271d8403a82e4a8
1yGbNOtRIgdIiGHOEBaZWf,1989 (Deluxe),Taylor Swift,2014-01-01,https://i.scdn.co/image/ab67616d0000b27352b2a3824413eefe9e33817a
5eyZZoQEFQWRHkV2xgAeBw,Taylor Swift (Deluxe Edition),Taylor Swift,2006-10-24,https://i.scdn.co/image/ab67616d0000b273c909d4e47de2ab0636f46d64
1pzvBxYgT6OVwJLtHkrdQK,folklore (deluxe version),Taylor Swift,2020-08-18,https://i.scdn.co/image/ab67616d0000b273c288028c2592f400dd0b9233
2gP2LMVcIFgVczSJqn340t,Fearless (Platinum Edition),Taylor Swift,2008-11-11,https://i.scdn.co/image/ab67616d0000b27373b565ab9d713e8d5586aac2
23u5rTisTUAWuQxaDft11P,willow [dancing witch version (Elvira remix)],Taylor Swift,2020-12-13,https://i.scdn.co/image/ab67616d0000b273e141efa4999ddb4b52512a7c
5h060Rb0cfAGuny0L51zqV,Lavender Haze (Felix Jaehn Remix),Taylor Swift,2023-02-10,https://i.scdn.co/image/ab67616d0000b27390212229c9230e320fe0ecd3
4jTYApZPMapg56gRycOn0D,Red (Big Machine Radio Release Special),Taylor Swift,2012-10-22,https://i.scdn.co/image/ab67616d0000b2731c248e90c3e569f90aef9dec
0PZ7lAru5FDFHuirTkWe9Z,folklore: the long pond studio sessions (from the Disney+ special) [deluxe edition],Taylor Swift,2020-11-25,https://i.scdn.co/image/ab67616d0000b273045514e3ed4e1767a7c3ece5
5Bwg2XxrjTlrNy6BC7KQZf,Carolina (From The Motion Picture “Where The Crawdads Sing”),Taylor Swift,2022-06-24,https://i.scdn.co/image/ab67616d0000b2732c683c1b9fa1b711499408f7
1jIp7CChnwdj9zUCvPxzQ7,ME! (Live From Paris),Taylor Swift,2020-05-17,https://i.scdn.co/image/ab67616d0000b273d8f29c3584e77996dd2f9950
5vgWXUueeEU2labRz6TlNv,Anti-Hero (Acoustic Version),Taylor Swift,2022-11-25,https://i.scdn.co/image/ab67616d0000b2730fc559ebbed8b0b100ad206c
3myPwaMYjdwhtq0nFgeG6W,Songs From The Big Chair (Super Deluxe Edition),Tears For Fears,1985-02-25,https://i.scdn.co/image/ab67616d0000b27322463d6939fec9e17b2a6235
3EzFY9Rg0PpbADMth746zi,Fearless (Big Machine Radio Release Special),Taylor Swift,2008-11-11,https://i.scdn.co/image/ab67616d0000b27360cb9332e8c8c7d8e50854b3
3x4gaf5IPyFQNrxZY07CXA,Love Story (Taylor's Version) [Elvira Remix],Taylor Swift,2021-03-23,https://i.scdn.co/image/ab67616d0000b273f2d3584898505ffee9cacfde
1fnJ7k0bllNfL1kVdNVW1A,Midnights (The Til Dawn Edition),Taylor Swift,2023-05-26,https://i.scdn.co/image/ab67616d0000b273fa747621a53c8e2cc436dee0
40cMfQDrBCDmOaWZuNEmKq,the lakes (original version),Taylor Swift,2021-07-24,https://i.scdn.co/image/ab67616d0000b2737d60bda8f85d66599c3fe851
45fMDoh9dhhQicddIZzhKM,...Ready For It? (BloodPop® Remix),Taylor Swift,2017-12-01,https://i.scdn.co/image/ab67616d0000b273d41ccf8f43721c045a969300
7EjIKCV3OsHJqXObEbdGbz,Simple Things (Piano Version),Teddy Swims,2021-10-01,https://i.scdn.co/image/ab67616d0000b273b8fa20a3606db7418d35c258
0lFoxDrwrNWwtfw1KohwAN,The Door (CYRIL Remix),Teddy Swims,2024-07-26,https://i.scdn.co/image/ab67616d0000b27347163103d59f1cd529b1c1c7
0GFqFY8fZonWLoX6O6tPNX,The Lego Movie (Original Motion Picture Soundtrack),Various Artists,2013-02-04,https://i.scdn.co/image/ab67616d0000b273ce81324a9c8ef5b7b17cda8b
1kCHru7uhxBUdzkm4gzRQc,Hamilton (Original Broadway Cast Recording),Lin-Manuel Miranda,2015-09-25,https://i.scdn.co/image/ab67616d0000b273d72fb5571087bca0a2fed008
2yMvCefOPIxIXnv33nOa4N,Torey's Distraction (Original Motion Picture Soundtrack),The Album Leaf,2012-08-08,https://i.scdn.co/image/ab67616d0000b273c2a8c56721f4972646a76bb6
0PT5m6hwPRrpBwIHVnvbFX,Help! (Remastered),The Beatles,1965-08-06,https://i.scdn.co/image/ab67616d0000b273e3e3b64cea45265469d4cafa
0ETFjACtuP2ADo6LFhL6HN,Abbey Road (Remastered),The Beatles,1969-09-26,https://i.scdn.co/image/ab67616d0000b273dc30583ba717007b00cceb25
3PRoXYsngSwjEQWR5PsHWR,Revolver (Remastered),The Beatles,1966-08-05,https://i.scdn.co/image/ab67616d0000b27328b8b9b46428896e6491e97a
7vEJAtP3KgKSpOHVgwm3Eh,1 (Remastered),The Beatles,2000-11-13,https://i.scdn.co/image/ab67616d0000b273582d56ce20fe0146ffa0e5cf
6QaVfG1pHYl1z15ZxkvVDW,Sgt. Pepper's Lonely Hearts Club Band (Remastered),The Beatles,1967-06-01,https://i.scdn.co/image/ab67616d0000b27334ef8f7d06cf2fc2146f420a
0jTGHV5xqHPvEcwL8f6YU5,Let It Be (Remastered),The Beatles,1970-05-08,https://i.scdn.co/image/ab67616d0000b27384243a01af3c77b56fe01ab1
18APowO2TyprdjVvH9NDtM,Tomorrow Never Knows (Take 1),The Beatles,2022-09-30,https://i.scdn.co/image/ab67616d0000b273fc9c5eaf786fb4f982fc7f4c
1ntNLgaYCFCkeW4flGYlY2,Sgt. Pepper's Lonely Hearts Club Band (Super Deluxe Edition),The Beatles,1967-05-26,https://i.scdn.co/image/ab67616d0000b273c92b57b8307e5999ec2fed69
50o7kf2wLwVmOTVYJOTplm,Rubber Soul (Remastered 2009),The Beatles,1965-12-03,https://i.scdn.co/image/ab67616d0000b273ed801e58a9ababdea6ac7ce4
6CVqKOQkHlK1lRWlOnLkXs,Taxman (2022 Mix),The Beatles,2022-09-07,https://i.scdn.co/image/ab67616d0000b27323a32bfabac1b06bf65e5b8a
1klALx0u4AavZNEvC4LrTL,The Beatles (Remastered),The Beatles,1968-11-22,https://i.scdn.co/image/ab67616d0000b2734ce8b4e42588bf18182a1ad2
3KzAvEXcqJKBF97HrXwlgf,Please Please Me (Remastered),The Beatles,1963-03-22,https://i.scdn.co/image/ab67616d0000b273dbeec63ad914c973e75c24df
2yHTMVFGHODKJOjVL1hLgk,The Hunger Games: The Ballad of Songbirds & Snakes (Music From & Inspired By),Olivia Rodrigo,2023-11-17,https://i.scdn.co/image/ab67616d0000b27322ad9f1afdbeeceaf0c91686
4IMJWEfkidwtzLanLMAtLP,Turtleneck & Chain (Explicit Version),The Lonely Island,2011-01-01,https://i.scdn.co/image/ab67616d0000b27351adf6c40da8c3e2635893e9
50zHjIiTOZM232gnWvOydX,More of The Monkees (Deluxe Edition),The Monkees,1967-01-09,https://i.scdn.co/image/ab67616d0000b273360a1ae790aa71a0aac4983e
2LNJ2lWkb4SiY0ZxVo0LjF,Midsomer Murders (Original Television Soundtrack),Various Artists,2015-03-30,https://i.scdn.co/image/ab67616d0000b273cdad2d891a310066583dbb04
7dRdaGSxgcBdJnrOviQRuB,Life After Death (2014 Remastered Edition),The Notorious B.I.G.,1997-03-04,https://i.scdn.co/image/ab67616d0000b273fde79b88e2a659c394c5ae30
2HTbQ0RHwukKVXAlTmCZP2,Ready to Die (The Remaster),The Notorious B.I.G.,1994-09-13,https://i.scdn.co/image/ab67616d0000b2730f51e29700232d57fe8a0830
7C7cxBnlGHNZCUW2xXiMyJ,Gangsters & Strippers,Too $hort,2006-08-01,https://i.scdn.co/image/ab67616d0000b273cf51a84f0bdabae16b3e68bd
1pBBIxK5yURfbv8Xd5lta1,Anthology 1,The Beatles,1995-11-20,https://i.scdn.co/image/ab67616d0000b2730783cc5a58376729af0c9812
7C6AK6TZkfh9g7ndjOIA8a,The Red Clay Strays Live AF Session (Live AF Version),The Red Clay Strays,2023-08-29,https://i.scdn.co/image/ab67616d0000b273bf397c40ced44b0ca9f2cf66
0gmRRrFSd6GrjOCJchnCtE,The Hamilton Mixtape,Lin-Manuel Miranda,2016-12-02,https://i.scdn.co/image/ab67616d0000b273540fd3369c574e2ce651cbcd
5fpOmAuZaVyEXPlQ4oOqJ6,The Supremes A' Go-Go (Expanded Edition),The Supremes,1966-08-25,https://i.scdn.co/image/ab67616d0000b273a16ea5e673cc4c6e8f91d5ca
0InZWdtVogi4ukM1N2o6ZF,Scent Of A Woman,Various Artists,1993-01-01,https://i.scdn.co/image/ab67616d0000b273a1323ea6379f938a9186757f
69Pj3ce9XFZUi3XuQylLKf,Night & Day (Night Edition),The Vamps,2017-07-14,https://i.scdn.co/image/ab67616d0000b273f36a4e2e1687e678f29328cb
4kOQZmvSBepp9AUhc65Tgf,Word Of Mouth (Deluxe),The Wanted,2013-01-01,https://i.scdn.co/image/ab67616d0000b273296c89a14667b01a90c09a71
6Exo0MYoL3XammoTDeihFy,Die For You (Remix),The Weeknd,2023-02-24,https://i.scdn.co/image/ab67616d0000b2738de12a274f6e1df6634f57ec
3pLdWdkj83EYfDN6H2N8MR,Black Panther The Album Music From And Inspired By,Kendrick Lamar,2018-02-09,https://i.scdn.co/image/ab67616d0000b273c027ad28821777b00dcaa888
61Ba3txRZWfiX6ZTEZlFCV,"Earned It (Fifty Shades Of Grey) [From The ""Fifty Shades Of Grey"" Soundtrack]",The Weeknd,2014-12-23,https://i.scdn.co/image/ab67616d0000b27364bd23d64f90b1910ead95a1
7tzVd1fwkxsorytCBjEJkU,The Idol Episode 4 (Music from the HBO Original Series),The Weeknd,2023-06-23,https://i.scdn.co/image/ab67616d0000b273b0dd6a5cd1dec96c4119c262
18sR8zHx4zsVJUI4bHWuPC,The Highlights (Deluxe),The Weeknd,2024-02-09,https://i.scdn.co/image/ab67616d0000b273c87bfeef81a210ddb7f717b5
0Jh3A8NAbc9eFpdUfhDedt,In Your Eyes (Remix),The Weeknd,2020-05-21,https://i.scdn.co/image/ab67616d0000b27359612a59ef333109d15faa8d
3LDQk8fS6P9E2lJVO0vUY4,Think About You (Notion Mix),Tiana Major9,2020-04-17,https://i.scdn.co/image/ab67616d0000b2733f38d289496a3c162652f708
5MqyhhHbT13zsloD3uHhlQ,Who's Next (Deluxe Edition),The Who,1971-08-14,https://i.scdn.co/image/ab67616d0000b273fe24dcd263c08c6dd84b6e8c
3WiDh9qthUHAXK6RNM2Ctb,Frequency,Various Artists,2019-08-18,https://i.scdn.co/image/ab67616d0000b2733cb566bd76baaefe4b3f0b7a
5PD9sFoONWCYXRnEFHPQpL,Overdose 3,Various Artists,2019-02-03,
3qwTA3EGfCspA9dlBLppcg,"This is UK Grime, Vol. 2",Various Artists,2011-10-30,https://i.scdn.co/image/ab67616d0000b273c83a2fab50e9742f4cd43a02
5gCptfTCvRbWxTp10t1Yt0,Your Body (Cat Dealers Remix),Tom Novy,2017-07-28,https://i.scdn.co/image/ab67616d0000b2731f8ff1a61723c9cfab0e0f22
6BMSE9d6xOGoTjwy7pUZux,Worries (2021),Tom Rosenthal,2021-01-15,https://i.scdn.co/image/ab67616d0000b27361ec5523a24879435d0618d1
7znmn0YJcMnRpcS004BDlw,Leave a Light On (Acoustic),Tom Walker,2017-10-12,https://i.scdn.co/image/ab67616d0000b273eec5ce7b6ad9f4508fd2fbd4
3m4jEsg6lxhjaYXJSkvfaG,Cinematic Songs (Vol. 2),Tommee Profitt,2017-04-14,https://i.scdn.co/image/ab67616d0000b2730af5d1e09363a4f3f5680197
3SxDqwIDZusXnAdybQD3mP,Covers (Vol. 1),Tommee Profitt,2020-05-01,https://i.scdn.co/image/ab67616d0000b2738c83afc0e9e64bd054be03cb
7oVHtPdIA5kcxLLiCu2t7N,Never Seen The Rain (Alternate Version),Tones And I,2020-02-21,https://i.scdn.co/image/ab67616d0000b273dafe000538564830c3218614
4f7MbVewxBC2kMIj9nM7lU,EMOTIONS (Deluxe),Tony Ann,2024-10-11,https://i.scdn.co/image/ab67616d0000b273f7b3492e380752375780157b
7hvINzZ3iT0iBtqCwhpOyg,ICARUS (Orchestral Version),Tony Ann,2024-06-07,https://i.scdn.co/image/ab67616d0000b2730aba3489ee4576d3fd5e33ed
0gvxDPLEzcwKjeAvG3sSNh,Unbreakable Smile (Deluxe),Tori Kelly,2016-01-29,https://i.scdn.co/image/ab67616d0000b2732f3d1fd03bb1ee9242deadd0
0RK6vpJWuCZpNWNdRJ8rpY,LoVE me NOw (ReLoAdeD),Tory Lanez,2018-10-26,https://i.scdn.co/image/ab67616d0000b273e425ce7f784550e60e6045fe
6jggnLM3SdDnjQ3GWmIZ4L,BLUE LIPS (lady wood phase II),Tove Lo,2017-11-17,https://i.scdn.co/image/ab67616d0000b2735a032c46b63b202e76ebaffe
5VML6S956h4YfoYPooqLEi,Fifty Shades Darker (Original Motion Picture Soundtrack),Various Artists,2017-02-10,https://i.scdn.co/image/ab67616d0000b2735997605214d568d73fd365c2
0pKJAvZe9BYhubLv5apF29,Taranta Project,Ludovico Einaudi,2015-04-21,https://i.scdn.co/image/ab67616d0000b273eba077bf2d712098626f626a
1CXhDNhbXTyCDlcMlhHFQJ,Trap Still Boomin' 1,Various Artists,2014-03-04,https://i.scdn.co/image/ab67616d0000b273aa2e0fc8c6e931fc0c53087e
1Sf8GsXG32t0jNrX11xqWx,JACKBOYS,JACKBOYS,2019-12-27,https://i.scdn.co/image/ab67616d0000b273dfc2f59568272de50a257f2f
3SdFuYwyWoq7kuaHdTDcyD,Goosebumps (Remix),Travis Scott,2021-01-15,https://i.scdn.co/image/ab67616d0000b2739109b0425fb5b36284a24891
3S4AQxtnqGJOtw1k6ZT111,"The Plan (From the Motion Picture ""TENET"")",Travis Scott,2020-08-22,https://i.scdn.co/image/ab67616d0000b273e986304881623287fde9a048
04Xde0FJSo4LVQ1GE36t49,High School Musical 2 (Original Soundtrack),High School Musical Cast,2007-01-01,https://i.scdn.co/image/ab67616d0000b273342a94d40e41ecd14874be4c
1gquVtfIDwZKamEZtJL8qe,High School Musical Original Soundtrack,Various Artists,2006-01-01,https://i.scdn.co/image/ab67616d0000b273bb00d0513a2a9ffd19eff93b
2mRBvhDWqm8Fj2U0F6mMY4,Blue Neighbourhood (Deluxe),Troye Sivan,2015-12-09,https://i.scdn.co/image/ab67616d0000b273cc2504583eeb105a99b54cc8
1Bpk6tZBLbgouOaYryoKyH,could cry just thinkin about you (Full Version),Troye Sivan,2021-07-09,https://i.scdn.co/image/ab67616d0000b273fe27857e49e994ad7f4b8b8e
0MXtHFQIGDtW7AjLKbPh5C,Out of Your Mind (feat. Victoria Beckham) [Radio Edit],True Steppers,2000-06-01,https://i.scdn.co/image/ab67616d0000b273971cb417d1c2e0f214c86f6b
5smHQ1uTrerU8DyRaqTyxh,Free TC (Deluxe Edition),Ty Dolla $ign,2016-03-25,https://i.scdn.co/image/ab67616d0000b273a0ed40c8776ad708e5c688fe
5y6wlw1LnqFnQFruMeiwGU,The Joshua Tree (Super Deluxe),U2,1987-03-03,https://i.scdn.co/image/ab67616d0000b273b7bea3d01f04e6d0408d2afe
5AgsHUKFxr5DApRCmulIqJ,The Hamilton Mixtape,Lin-Manuel Miranda,2016-12-02,https://i.scdn.co/image/ab67616d0000b2731025ac991316d6cbac978373
7KPRB8KERypJQurpX1xUpm,Mujhse Shaadi Karogi,Sajid-Wajid,2004-05-31,https://i.scdn.co/image/ab67616d0000b2731627c9b73fb3ccc0f8b89187
5R6zdpQ4MYdVKnxpeR3YxJ,growing up is getting old (Eurovision Version),VICTORIA,2021-03-19,https://i.scdn.co/image/ab67616d0000b2731b06ff20cc7e1900e7a8b80d
7K0x1O9gqMQlDwbMkyCCIM,Call Me By Your Name (Original Motion Picture Soundtrack),Various Artists,2017-11-03,https://i.scdn.co/image/ab67616d0000b2730db3901606954f424070ff01
3REUXdj5OPKhuDTrTtCBU0,1984 (Remastered),Van Halen,1984-01-04,https://i.scdn.co/image/ab67616d0000b273b414c63fb435b622238c15ed
1mN1oXwwt5QGEnwqqgyNwV,Jump (Armin van Buuren Remix),Van Halen,2019-05-17,https://i.scdn.co/image/ab67616d0000b27379941f663f0e971a899747ae
2biVG6BYnVVSwLYd1OjbPT,Dream Your Life Away (Deluxe Edition),Vance Joy,2014-08-05,https://i.scdn.co/image/ab67616d0000b2737cffb8896928039a0a10e4e7
5S9b8euumqMhQbMk0zzQdH,Dream Your Life Away (Special Edition),Vance Joy,2014-09-08,https://i.scdn.co/image/ab67616d0000b273a9929deb093a6617d2493b03
75XzZa3fEJ8XeVMiL8YyNx,Tangled: The Series (Music from the TV Series),Various Artists,2018-01-19,https://i.scdn.co/image/ab67616d0000b2735daba57e28d4adfb4f2424f7
3zeONbdGC0gbV36JoxmHIC,Dance Mix 1,Various Artists,2008-12-17,https://i.scdn.co/image/ab67616d0000b273e49e4d9b08494b78a8595367
09VyQ2zwUx0EBKTJNBUZv1,"Yo Love (From ""Queen & Slim: The Soundtrack"")",Vince Staples,2019-11-11,https://i.scdn.co/image/ab67616d0000b273aac370232c213219c3c9d47c
2zOqNJBZAqp57WXXhE4zpn,My Head Is A Jungle (MK Remix / Radio Edit),Wankelmut,2014-07-28,https://i.scdn.co/image/ab67616d0000b27351f72be4ca4f2eeb383e1af3
2BGQYSi3KaIcwwZJ0gqmX0,Ampoule,Various Artists,2015-10-03,https://i.scdn.co/image/ab67616d0000b2737cbbeef7d3a80b79986cccd0
6Pe8tJC3LO0SZMZXe0Lynv,Javooni,Various Artists,2023-03-22,https://i.scdn.co/image/ab67616d0000b273e3b0c79e1d0bc2d85713eaa0
7eXV1e30GKjzEOFSttyn0D,Asafa Powell: Train For Speed,Various Artists,2008-07-01,https://i.scdn.co/image/ab67616d0000b273d72aa473756a16ed75b33db9
6QXjfMJEbLRkywoDZ4xRRO,Africa (RAC Remix),Weezer,2018-09-28,https://i.scdn.co/image/ab67616d0000b2737ba0ec19015c0e25d74e8724
6eOssATUR7GN4dmDzUsExA,Lord of the Mics IV,Lord of the Mics,,https://i.scdn.co/image/ab67616d0000b273afaaa045a7b352f03ae47f61
4pzds0SNX5jca4o8CwGjkz,Lord of the Mics VIII,Various Artists,2019-08-09,https://i.scdn.co/image/ab67616d0000b273be6132aac0596aaba4603e76
4WGcPCflN9FNccSu7tE9iS,Aladdin (Original Motion Picture Soundtrack),Various Artists,2019-05-22,https://i.scdn.co/image/ab67616d0000b2739986d69836eac008a927b032
0H23pgN8K7r5tqen9kt0ck,Light: On the South Side,Various Artists,2009-11-03,https://i.scdn.co/image/ab67616d0000b273fe000693e37040178676c28e
4F6GGyqtJoF4EOxDgsKzsB,My Krazy Life (Deluxe),YG,2014-01-01,https://i.scdn.co/image/ab67616d0000b273285717d8be1761dc136572b6
0UwpSCPnNPksM1meQJnBAF,Rise Of An Empire (Deluxe Edition),Young Money,2014-01-01,https://i.scdn.co/image/ab67616d0000b273842e732b778998eef17b405f
2ww7MYrkExsljnKhcINDse,Young The Giant (Special Edition),Young the Giant,,https://i.scdn.co/image/ab67616d0000b27351729fae66d02122c4951153
4hynGWtmIAaKmaOm8snH71,Chapters (Deluxe),Yuna,2016-05-20,https://i.scdn.co/image/ab67616d0000b27343af1e35eb5caee319858e51
0eKc0UxILYVHaz2UXokKEL,across the room,Beautiful Beats,2023-02-10,https://i.scdn.co/image/ab67616d0000b273f4572607cd62f1b669ab9e27
447HOYdbu6WTJcrwK3vghn,Project Black & Red (Deluxe),Yungen,2014-09-21,https://i.scdn.co/image/ab67616d0000b2731bcca58008b1086095f5d4a3
797ZZpUPBiTGrGBMIijxW6,C'est si bon + 49 succès de Yves Montand (Chanson française),Yves Montand,,https://i.scdn.co/image/ab67616d0000b27348e53f4073be771be0016224
64H9lnh8rUSj4rjCQ8v2nb,Fine Wine (feat. WSTRN) [Remix],Yxng Bane,2017-01-27,https://i.scdn.co/image/ab67616d0000b273ff4aaf0e28e76546187d8cda
1MPAXuTVL2Ej5x0JHiSPq8,reputation Stadium Tour Surprise Song Playlist,Taylor Swift,2017-11-09,https://i.scdn.co/image/ab67616d0000b27363d77f99117b28af9f656918
5l5gR4rh26QI3fijGFTDrp,Dusk Till Dawn (feat. Sia) [Radio Edit],ZAYN,2017-09-07,https://i.scdn.co/image/ab67616d0000b27323852b7ef0ecfe29d38d97ee
3Vt6hss8kt8s0JoXnzXE8z,can't let go (demo),ZUBIN,2023-12-11,https://i.scdn.co/image/ab67616d0000b273fca3368fe12c275b9c57937c
01K49LryuXVxdy52dD3zd1,Hairspray (Soundtrack To The Motion Picture),Marc Shaiman,2007-07-10,https://i.scdn.co/image/ab67616d0000b2738bee1e4f85723131407227d2
7094we3M30fGknUwYLiT5f,Don't Worry Bout Me (Rudimental Remix),Zara Larsson,2019-04-24,https://i.scdn.co/image/ab67616d0000b27326d7adcb0ba853bf2ca8b324
31UTQAB8bn1Dnh5neePui8,Break Up Songs,Various Artists,2021-02-05,https://i.scdn.co/image/ab67616d0000b2733ee7a4de543e3575dd58d4b4
0wuUCdkQxQOKiPabswFCrN,goodnight moon (demos),Zeph,2020-11-13,https://i.scdn.co/image/ab67616d0000b273ad735a2a276d8295ff95c3b1
7ayBZIe1FHkNv0T5xFCX6F,The Greatest Showman (Original Motion Picture Soundtrack),Various Artists,2017-12-08,https://i.scdn.co/image/ab67616d0000b273128057b40732c042c86de1dd
7qU5t60ZTzmvuDpfRb8STN,Winnie the Pooh,Various Artists,2011-01-01,https://i.scdn.co/image/ab67616d0000b2732ad8d16ceb24a551482c51bc
0Cd2OqJMnUvUd59qoDrxeO,idfc (Tarro Remix),blackbear,2016-10-17,https://i.scdn.co/image/ab67616d0000b2739256a09a8085ca1d4fe2d338
0GHlPN101r1WcuQCwINbI2,Feel It (From “Invincible”),d4vd,2024-03-28,https://i.scdn.co/image/ab67616d0000b273a9da992c2ef398245027d654
7cQKpgjqgMfDDiSu3WYkg2,NOW 100 Hits Party,Various Artists,2019-11-29,https://i.scdn.co/image/ab67616d0000b273c400ff462b79bb512f5984cd
5XYWVvkn3aTdeljW2DilaS,Tidal Wave (just a little reference),kiLL edward,2018-04-18,https://i.scdn.co/image/ab67616d0000b273f486f4fb9bc73494968746b7
6YD4MtzSYRUZbLSWlUJwjU,broken (Cash Cash Remix),lovelytheband,2018-12-14,https://i.scdn.co/image/ab67616d0000b2737d70b6dadf3b20c6f79dca23
5mO5aaqUVM1Sto1gLlqOSi,Royalty x Shameless (sped up + reverb),moon.,2024-08-09,https://i.scdn.co/image/ab67616d0000b27318aa2a8c0f4b79343b82069a
1SzkujJSPA9xAysgFXxa1U,It's Called: Freefall (Sped Up),noturgf,2023-01-31,https://i.scdn.co/image/ab67616d0000b2732512fff47a2124ef7fc7c4c5
4oOD6c9VShvtB5iMUwaTPE,Do Better Blues (Marvins Room),noturgf,2024-07-15,https://i.scdn.co/image/ab67616d0000b27359b0702093163f49d2f250cf
1ptUeL6f0GOdkaLQlagFIz,Aurola (Inf & Rainn Remix),rocomoco,2024-02-12,https://i.scdn.co/image/ab67616d0000b27309f4e360512b729ae7b55e56
2GNVjCk4KMcWhYwqNpnPqX,It's Ok To Be Sad (Instrumental),sloh rou,2022-10-21,https://i.scdn.co/image/ab67616d0000b2738bea11917ef8fc2f67b4a518
73108DdEBO7QdJoIkLNs2R,7 Years (feat. Lukas Graham) [Sped Up Version],sped up nightcore,,https://i.scdn.co/image/ab67616d0000b273039a5f78de9cb111fa05d1af
0VWYRbEcvJcPrqMGJirO6q,#willpower (Deluxe),will.i.am,2013-01-01,https://i.scdn.co/image/ab67616d0000b273642efc0b3f045f34316d2cf3
3tLT20mlYFqI8FJoJsmV4m,خالة ويا خالة (Live),ساجدة عبيد,2014-07-12,https://i.scdn.co/image/ab67616d0000b273000f1e6c504b45712e5ff3d1
41wGZLOe4uhn6VS40VjG9A,حبك علمني,Fadel Chaker,2006-01-01,https://i.scdn.co/image/ab67616d0000b273f2914a96f44f3cf4ffffab8b
7jOXl2dYWSCRo2Ih7jqOsl,幻昼 (钢琴版),文武贝,2020-09-15,https://i.scdn.co/image/ab67616d0000b2739140b7b186f87f9f53c26379
